player_id,player_name,entry_course,starts,win_rate,second_rate,third_rate,top3_rate,avg_st,min_st,max_st,top_st_rate,course_avg_top3_rate,top3_vs_course_avg,entry_shift_count,entry_shift_rate,course_strength,reliability
4497,桑原悠,1,60,83.33,8.33,6.67,98.33,0.12,0.01,0.24,56.67,86.47,11.86,0,0.0,得意,A
4374,永田義紘,2,5,20.0,20.0,60.0,100.0,0.096,0.02,0.19,20.0,57.97,42.03,0,0.0,得意,C
4603,谷川将太,3,26,7.69,42.31,38.46,88.46,0.127,0.04,0.21,26.92,54.51,33.95,1,3.85,得意,A
4416,三宅健太,4,8,0.0,12.5,62.5,75.0,0.19,0.11,0.25,0.0,45.78,29.22,0,0.0,得意,C
4148,枝尾賢,1,20,70.0,30.0,0.0,100.0,0.124,0.03,0.22,45.0,86.47,13.53,0,0.0,得意,A
4251,川崎誠志,3,4,25.0,50.0,0.0,75.0,0.205,0.11,0.34,0.0,54.51,20.49,0,0.0,少数参考,参考
4757,山田祐也,5,7,14.29,42.86,0.0,57.14,0.157,0.06,0.42,42.86,34.22,22.92,3,42.86,得意,C
3843,上之晃弘,4,26,19.23,23.08,30.77,73.08,0.175,0.09,0.36,19.23,45.78,27.3,5,19.23,得意,A
3566,川添英正,1,10,30.0,40.0,20.0,90.0,0.197,0.14,0.35,20.0,86.47,3.53,0,0.0,標準,B
4171,榎幸司,3,36,22.22,41.67,19.44,83.33,0.182,0.08,0.38,2.78,54.51,28.82,2,5.56,得意,A
4498,宮本夏樹,5,19,21.05,15.79,26.32,63.16,0.169,0.01,0.38,15.79,34.22,28.94,1,5.26,得意,B
4820,上野励,6,3,0.0,0.0,33.33,33.33,0.127,0.09,0.18,100.0,21.0,12.33,0,0.0,少数参考,参考
3936,三瀬譲,1,4,25.0,25.0,25.0,75.0,0.318,0.12,0.76,25.0,86.47,-11.47,0,0.0,少数参考,参考
3379,打越晶,2,4,0.0,75.0,25.0,100.0,0.238,0.11,0.46,0.0,57.97,42.03,1,25.0,少数参考,参考
4102,益田啓司,3,12,16.67,16.67,41.67,75.0,0.158,0.07,0.23,16.67,54.51,20.49,0,0.0,得意,B
4063,市橋卓士,1,19,89.47,5.26,0.0,94.74,0.122,0.04,0.22,52.63,86.47,8.27,0,0.0,得意,B
3614,谷勝幸,2,5,0.0,20.0,40.0,60.0,0.148,0.08,0.2,0.0,57.97,2.03,0,0.0,標準,C
4339,平瀬城啓,4,5,0.0,20.0,60.0,80.0,0.134,0.09,0.18,40.0,45.78,34.22,0,0.0,得意,C
4299,中島浩哉,5,19,5.26,10.53,31.58,47.37,0.131,0.02,0.28,47.37,34.22,13.15,4,21.05,得意,B
3662,大庭元明,1,10,70.0,20.0,10.0,100.0,0.154,0.09,0.21,20.0,86.47,13.53,0,0.0,得意,B
4348,宮崎奨,3,8,25.0,12.5,50.0,87.5,0.17,0.08,0.28,12.5,54.51,32.99,1,12.5,得意,C
4248,岡本大,5,18,0.0,11.11,33.33,44.44,0.199,0.05,0.32,5.56,34.22,10.22,5,27.78,得意,B
3151,落合敬一,2,19,21.05,26.32,31.58,78.95,0.14,0.02,0.3,21.05,57.97,20.98,6,31.58,得意,B
4520,高倉孝太,2,4,75.0,0.0,0.0,75.0,0.17,0.11,0.26,25.0,57.97,17.03,0,0.0,少数参考,参考
3349,吉田一郎,3,25,4.0,24.0,36.0,64.0,0.138,0.05,0.27,36.0,54.51,9.49,8,32.0,得意,A
4154,森安弘雅,1,6,66.67,16.67,16.67,100.0,0.122,0.01,0.2,50.0,86.47,13.53,0,0.0,得意,C
4369,丹下将,4,4,25.0,25.0,25.0,75.0,0.125,0.07,0.18,50.0,45.78,29.22,0,0.0,少数参考,参考
4352,下條雄太郎,5,23,21.74,26.09,26.09,73.91,0.132,0.01,0.2,56.52,34.22,39.69,5,21.74,得意,A
3541,三嶌誠司,1,10,90.0,0.0,10.0,100.0,0.132,0.08,0.19,50.0,86.47,13.53,0,0.0,得意,B
4402,乙藤智史,2,7,14.29,57.14,14.29,85.71,0.157,0.09,0.25,28.57,57.97,27.74,0,0.0,得意,C
3834,細川明人,4,6,16.67,50.0,0.0,66.67,0.17,0.06,0.23,0.0,45.78,20.89,1,16.67,得意,C
4239,竹田辰也,5,11,0.0,18.18,54.55,72.73,0.171,0.09,0.25,0.0,34.22,38.51,2,18.18,得意,B
4248,岡本大,1,20,50.0,20.0,20.0,90.0,0.162,0.06,0.43,45.0,86.47,3.53,0,0.0,得意,A
4348,宮崎奨,4,11,0.0,54.55,27.27,81.82,0.198,0.11,0.26,0.0,45.78,36.04,2,18.18,得意,B
4315,山崎昂介,6,10,10.0,20.0,30.0,60.0,0.196,0.14,0.24,10.0,21.0,39.0,0,0.0,得意,B
3614,谷勝幸,1,3,66.67,0.0,0.0,66.67,0.1,0.04,0.15,66.67,86.47,-19.8,0,0.0,少数参考,参考
4043,桐本康臣,3,11,18.18,27.27,36.36,81.82,0.162,0.04,0.27,18.18,54.51,27.31,0,0.0,得意,B
4434,田中辰彦,5,4,0.0,75.0,25.0,100.0,0.13,0.04,0.3,50.0,34.22,65.78,1,25.0,少数参考,参考
3627,井上恵一,1,4,75.0,25.0,0.0,100.0,0.175,0.15,0.21,25.0,86.47,13.53,0,0.0,少数参考,参考
4063,市橋卓士,2,11,9.09,45.45,27.27,81.82,0.118,0.04,0.26,45.45,57.97,23.85,0,0.0,得意,B
3158,島川光男,4,6,50.0,16.67,0.0,66.67,0.182,0.13,0.21,33.33,45.78,20.89,0,0.0,得意,C
4302,西野翔太,5,12,8.33,16.67,50.0,75.0,0.148,0.02,0.29,41.67,34.22,40.78,1,8.33,得意,B
3834,細川明人,1,5,20.0,40.0,20.0,80.0,0.22,0.14,0.36,40.0,86.47,-6.47,0,0.0,標準,C
4292,麻生慎介,2,9,11.11,55.56,22.22,88.89,0.17,0.07,0.31,22.22,57.97,30.92,0,0.0,得意,C
3662,大庭元明,3,6,0.0,33.33,33.33,66.67,0.157,0.11,0.21,33.33,54.51,12.16,0,0.0,得意,C
4402,乙藤智史,1,9,88.89,11.11,0.0,100.0,0.172,0.13,0.25,55.56,86.47,13.53,0,0.0,得意,C
4352,下條雄太郎,3,33,21.21,60.61,6.06,87.88,0.121,0.01,0.27,21.21,54.51,33.37,1,3.03,得意,A
4043,桐本康臣,1,19,78.95,5.26,15.79,100.0,0.148,0.01,0.46,47.37,86.47,13.53,0,0.0,得意,B
3541,三嶌誠司,3,7,14.29,42.86,14.29,71.43,0.167,0.08,0.26,28.57,54.51,16.92,2,28.57,得意,C
3349,吉田一郎,1,49,75.51,10.2,12.24,97.96,0.143,0.03,0.27,48.98,86.47,11.49,3,6.12,得意,A
4210,松村康太,3,4,25.0,50.0,25.0,100.0,0.145,0.09,0.21,0.0,54.51,45.49,0,0.0,少数参考,参考
4292,麻生慎介,4,7,14.29,28.57,42.86,85.71,0.106,0.06,0.17,57.14,45.78,39.93,1,14.29,得意,C
4153,佐々木巌,4,4,0.0,0.0,75.0,75.0,0.223,0.18,0.27,25.0,45.78,29.22,1,25.0,少数参考,参考
4210,松村康太,1,5,60.0,20.0,0.0,80.0,0.204,0.08,0.26,20.0,86.47,-6.47,0,0.0,標準,C
4299,中島浩哉,3,21,4.76,42.86,33.33,80.95,0.139,0.05,0.27,19.05,54.51,26.44,1,4.76,得意,A
3627,井上恵一,4,18,5.56,27.78,33.33,66.67,0.158,0.06,0.28,22.22,45.78,20.89,3,16.67,得意,B
3151,落合敬一,1,23,69.57,13.04,13.04,95.65,0.144,0.04,0.31,34.78,86.47,9.18,1,4.35,得意,A
4292,麻生慎介,3,8,0.0,37.5,50.0,87.5,0.114,0.06,0.18,37.5,54.51,32.99,1,12.5,得意,C
4402,乙藤智史,4,5,0.0,40.0,40.0,80.0,0.194,0.11,0.28,0.0,45.78,34.22,1,20.0,得意,C
4348,宮崎奨,1,11,81.82,0.0,18.18,100.0,0.156,0.06,0.25,63.64,86.47,13.53,0,0.0,得意,B
3349,吉田一郎,2,29,3.45,44.83,27.59,75.86,0.159,0.1,0.31,24.14,57.97,17.89,7,24.14,得意,A
4352,下條雄太郎,1,57,84.21,8.77,3.51,96.49,0.12,0.02,0.27,47.37,86.47,10.02,0,0.0,得意,A
4250,藤川利文,2,4,0.0,0.0,25.0,25.0,0.182,0.11,0.25,25.0,57.97,-32.97,1,25.0,少数参考,参考
3158,島川光男,3,4,0.0,50.0,25.0,75.0,0.11,0.05,0.15,25.0,54.51,20.49,0,0.0,少数参考,参考
3614,谷勝幸,5,3,0.0,33.33,33.33,66.67,0.143,0.11,0.18,0.0,34.22,32.45,0,0.0,少数参考,参考
4434,田中辰彦,1,4,100.0,0.0,0.0,100.0,0.138,0.09,0.17,0.0,86.47,13.53,0,0.0,少数参考,参考
4081,樋口範政,2,5,0.0,40.0,40.0,80.0,0.154,0.13,0.18,0.0,57.97,22.03,0,0.0,得意,C
4315,山崎昂介,4,28,3.57,39.29,28.57,71.43,0.143,0.06,0.23,25.0,45.78,25.65,3,10.71,得意,A
4339,平瀬城啓,1,5,20.0,40.0,40.0,100.0,0.13,0.06,0.22,40.0,86.47,13.53,0,0.0,得意,C
4154,森安弘雅,5,4,25.0,0.0,50.0,75.0,0.135,0.06,0.29,75.0,34.22,40.78,0,0.0,少数参考,参考
4302,西野翔太,2,17,11.76,58.82,17.65,88.24,0.165,0.06,0.26,11.76,57.97,30.27,3,17.65,得意,B
4252,松下哲也,3,4,0.0,50.0,50.0,100.0,0.177,0.15,0.19,0.0,54.51,45.49,2,50.0,少数参考,参考
3414,加瀬智宏,1,5,80.0,0.0,20.0,100.0,0.122,0.07,0.16,60.0,86.47,13.53,0,0.0,得意,C
3834,細川明人,2,3,0.0,100.0,0.0,100.0,0.17,0.07,0.25,33.33,57.97,42.03,0,0.0,少数参考,参考
3448,高山秀雄,3,4,25.0,25.0,25.0,75.0,0.138,0.09,0.24,25.0,54.51,20.49,1,25.0,少数参考,参考
4043,桐本康臣,2,9,33.33,22.22,22.22,77.78,0.173,0.06,0.24,22.22,57.97,19.81,0,0.0,得意,C
3151,落合敬一,5,9,11.11,11.11,33.33,55.56,0.139,0.07,0.22,44.44,34.22,21.34,0,0.0,得意,C
4210,松村康太,2,3,33.33,0.0,0.0,33.33,0.357,0.24,0.57,0.0,57.97,-24.64,0,0.0,少数参考,参考
4402,乙藤智史,3,8,12.5,25.0,25.0,62.5,0.189,0.01,0.31,25.0,54.51,7.99,1,12.5,やや得意,C
4063,市橋卓士,5,12,25.0,16.67,50.0,91.67,0.136,0.05,0.22,16.67,34.22,57.45,3,25.0,得意,B
3414,加瀬智宏,2,3,0.0,0.0,100.0,100.0,0.18,0.12,0.23,0.0,57.97,42.03,0,0.0,少数参考,参考
4302,西野翔太,6,3,0.0,0.0,0.0,0.0,0.14,0.13,0.15,33.33,21.0,-21.0,0,0.0,少数参考,参考
4252,松下哲也,2,6,16.67,33.33,33.33,83.33,0.165,0.08,0.31,16.67,57.97,25.36,0,0.0,得意,C
4248,岡本大,3,19,10.53,21.05,26.32,57.89,0.125,0.01,0.27,36.84,54.51,3.38,0,0.0,標準,B
4390,松本弓雄,5,5,0.0,20.0,0.0,20.0,0.112,0.02,0.21,0.0,34.22,-14.22,2,40.0,苦手,C
4348,宮崎奨,5,7,0.0,57.14,14.29,71.43,0.164,0.11,0.2,28.57,34.22,37.21,2,28.57,得意,C
4369,丹下将,2,6,66.67,33.33,0.0,100.0,0.102,0.01,0.16,33.33,57.97,42.03,0,0.0,得意,C
3614,谷勝幸,4,7,14.29,14.29,14.29,42.86,0.129,0.01,0.21,42.86,45.78,-2.92,2,28.57,標準,C
4434,田中辰彦,4,3,0.0,33.33,66.67,100.0,0.15,0.08,0.24,33.33,45.78,54.22,0,0.0,少数参考,参考
3508,久富政弘,5,5,0.0,20.0,40.0,60.0,0.2,0.12,0.29,0.0,34.22,25.78,2,40.0,得意,C
4292,麻生慎介,1,12,91.67,0.0,8.33,100.0,0.141,0.01,0.23,33.33,86.47,13.53,0,0.0,得意,B
4315,山崎昂介,1,34,55.88,26.47,5.88,88.24,0.163,0.04,0.3,20.59,86.47,1.77,1,2.94,得意,A
3858,織田猛,1,4,75.0,25.0,0.0,100.0,0.165,0.11,0.26,25.0,86.47,13.53,0,0.0,少数参考,参考
3627,井上恵一,2,13,7.69,38.46,15.38,61.54,0.175,0.12,0.32,23.08,57.97,3.57,4,30.77,標準,B
4520,高倉孝太,3,6,16.67,50.0,16.67,83.33,0.205,0.15,0.28,0.0,54.51,28.82,1,16.67,得意,C
4302,西野翔太,1,24,83.33,16.67,0.0,100.0,0.121,0.01,0.24,33.33,86.47,13.53,0,0.0,得意,A
4153,佐々木巌,2,3,0.0,0.0,33.33,33.33,0.15,0.03,0.29,0.0,57.97,-24.64,1,33.33,少数参考,参考
4154,森安弘雅,3,6,0.0,66.67,16.67,83.33,0.178,0.08,0.31,0.0,54.51,28.82,0,0.0,得意,C
3508,久富政弘,4,7,28.57,0.0,57.14,85.71,0.253,0.18,0.42,14.29,45.78,39.93,0,0.0,得意,C
3448,高山秀雄,5,4,0.0,25.0,50.0,75.0,0.198,0.09,0.33,0.0,34.22,40.78,0,0.0,少数参考,参考
3858,織田猛,3,3,0.0,66.67,33.33,100.0,0.193,0.13,0.26,0.0,54.51,45.49,0,0.0,少数参考,参考
3662,大庭元明,5,4,0.0,25.0,25.0,50.0,0.155,0.08,0.25,50.0,34.22,15.78,1,25.0,少数参考,参考
3414,加瀬智宏,3,4,0.0,50.0,50.0,100.0,0.143,0.11,0.17,50.0,54.51,45.49,0,0.0,少数参考,参考
3158,島川光男,6,3,0.0,0.0,66.67,66.67,0.12,0.07,0.17,66.67,21.0,45.67,0,0.0,少数参考,参考
4140,梶野学志,1,9,66.67,33.33,0.0,100.0,0.109,0.06,0.19,66.67,86.47,13.53,0,0.0,得意,C
3964,宮地博士,2,21,14.29,33.33,28.57,76.19,0.172,0.05,0.34,4.76,57.97,18.22,0,0.0,得意,A
4213,重富伸也,3,17,17.65,47.06,11.76,76.47,0.123,0.05,0.18,29.41,54.51,21.96,1,5.88,得意,B
3773,津留浩一郎,3,16,18.75,43.75,31.25,93.75,0.159,0.06,0.34,25.0,54.51,39.24,2,12.5,得意,B
3631,田添康介,4,3,66.67,0.0,0.0,66.67,0.18,0.13,0.24,66.67,45.78,20.89,0,0.0,少数参考,参考
4485,楠原正剛,5,6,16.67,33.33,33.33,83.33,0.175,0.06,0.34,33.33,34.22,49.11,0,0.0,得意,C
4640,山ノ内雅人,2,7,0.0,42.86,28.57,71.43,0.157,0.06,0.24,28.57,57.97,13.46,0,0.0,得意,C
4047,吉永浩則,3,11,27.27,27.27,9.09,63.64,0.155,0.06,0.23,36.36,54.51,9.13,2,18.18,得意,B
4351,里岡右貴,4,7,0.0,28.57,42.86,71.43,0.144,0.03,0.29,28.57,45.78,25.65,2,28.57,得意,C
3577,向所浩二,2,4,0.0,50.0,25.0,75.0,0.165,0.14,0.18,0.0,57.97,17.03,0,0.0,少数参考,参考
4528,黒井達矢,4,8,25.0,12.5,62.5,100.0,0.121,0.07,0.18,37.5,45.78,54.22,1,12.5,得意,C
4375,照屋厚仁,5,6,33.33,33.33,33.33,100.0,0.162,0.11,0.21,16.67,34.22,65.78,1,16.67,得意,C
3777,樋口亮,1,49,79.59,8.16,6.12,93.88,0.147,0.01,0.29,36.73,86.47,7.41,0,0.0,得意,A
3950,石川哲秀,2,5,20.0,40.0,20.0,80.0,0.162,0.07,0.31,20.0,57.97,22.03,0,0.0,得意,C
4848,仲谷颯仁,6,9,0.0,22.22,22.22,44.44,0.149,0.08,0.26,33.33,21.0,23.44,2,22.22,得意,C
3773,津留浩一郎,1,29,65.52,13.79,17.24,96.55,0.142,0.06,0.24,51.72,86.47,10.08,0,0.0,得意,A
4138,中井俊祐,2,4,0.0,50.0,0.0,50.0,0.213,0.1,0.39,25.0,57.97,-7.97,0,0.0,少数参考,参考
4743,木村仁紀,3,7,0.0,42.86,57.14,100.0,0.133,0.06,0.18,28.57,54.51,45.49,0,0.0,得意,C
4213,重富伸也,6,11,9.09,9.09,27.27,45.45,0.167,0.06,0.34,27.27,21.0,24.45,1,9.09,得意,B
4200,早川尚人,3,11,9.09,18.18,27.27,54.55,0.159,0.08,0.3,18.18,54.51,0.04,0,0.0,標準,B
4051,清水敦揮,5,8,0.0,12.5,62.5,75.0,0.244,0.16,0.34,0.0,34.22,40.78,0,0.0,得意,C
4496,内堀学,6,5,0.0,20.0,60.0,80.0,0.136,0.06,0.33,40.0,21.0,59.0,0,0.0,得意,C
4686,丸野一樹,4,6,0.0,33.33,16.67,50.0,0.152,0.08,0.23,0.0,45.78,4.22,1,16.67,やや得意,C
4096,石橋道友,2,25,36.0,24.0,24.0,84.0,0.14,0.02,0.27,36.0,57.97,26.03,2,8.0,得意,A
3631,田添康介,1,5,80.0,20.0,0.0,100.0,0.128,0.01,0.19,40.0,86.47,13.53,0,0.0,得意,C
4330,奈須啓太,3,8,0.0,50.0,25.0,75.0,0.122,0.01,0.19,37.5,54.51,20.49,0,0.0,得意,C
4351,里岡右貴,6,11,9.09,27.27,18.18,54.55,0.124,0.01,0.3,54.55,21.0,33.55,0,0.0,得意,B
4051,清水敦揮,4,11,18.18,36.36,27.27,81.82,0.155,0.06,0.22,9.09,45.78,36.04,0,0.0,得意,B
4114,深澤達徳,5,5,0.0,0.0,20.0,20.0,0.194,0.13,0.31,0.0,34.22,-14.22,1,20.0,苦手,C
3577,向所浩二,1,5,80.0,0.0,20.0,100.0,0.174,0.14,0.21,0.0,86.47,13.53,0,0.0,得意,C
4505,島田賢人,5,4,0.0,50.0,25.0,75.0,0.115,0.09,0.15,25.0,34.22,40.78,0,0.0,少数参考,参考
3909,佐々木康幸,1,5,100.0,0.0,0.0,100.0,0.07,0.03,0.13,80.0,86.47,13.53,0,0.0,得意,C
4096,石橋道友,3,36,22.22,38.89,11.11,72.22,0.135,0.02,0.28,19.44,54.51,17.71,5,13.89,得意,A
3777,樋口亮,4,33,21.21,33.33,27.27,81.82,0.16,0.06,0.29,24.24,45.78,36.04,6,18.18,得意,A
4330,奈須啓太,1,8,75.0,12.5,0.0,87.5,0.113,0.04,0.19,37.5,86.47,1.03,0,0.0,得意,C
4485,楠原正剛,2,10,10.0,50.0,20.0,80.0,0.169,0.04,0.31,0.0,57.97,22.03,0,0.0,得意,B
4640,山ノ内雅人,4,6,0.0,66.67,0.0,66.67,0.092,0.01,0.17,50.0,45.78,20.89,1,16.67,得意,C
4743,木村仁紀,5,4,0.0,50.0,25.0,75.0,0.105,0.06,0.16,50.0,34.22,40.78,1,25.0,少数参考,参考
4351,里岡右貴,1,10,40.0,50.0,0.0,90.0,0.128,0.04,0.25,60.0,86.47,3.53,0,0.0,得意,B
4114,深澤達徳,2,4,0.0,50.0,25.0,75.0,0.19,0.14,0.26,0.0,57.97,17.03,0,0.0,少数参考,参考
3950,石川哲秀,4,4,0.0,0.0,50.0,50.0,0.153,0.03,0.28,50.0,45.78,4.22,0,0.0,少数参考,参考
3964,宮地博士,5,21,4.76,4.76,38.1,47.62,0.217,0.13,0.32,4.76,34.22,13.4,3,14.29,得意,A
4496,内堀学,1,6,83.33,16.67,0.0,100.0,0.123,0.05,0.22,66.67,86.47,13.53,0,0.0,得意,C
4110,小澤和也,2,4,0.0,75.0,25.0,100.0,0.138,0.08,0.19,25.0,57.97,42.03,0,0.0,少数参考,参考
4051,清水敦揮,3,7,28.57,28.57,42.86,100.0,0.146,0.08,0.29,28.57,54.51,45.49,0,0.0,得意,C
3773,津留浩一郎,4,23,34.78,26.09,21.74,82.61,0.137,0.03,0.46,56.52,45.78,36.83,4,17.39,得意,A
4505,島田賢人,1,5,80.0,0.0,20.0,100.0,0.158,0.1,0.22,40.0,86.47,13.53,0,0.0,得意,C
3577,向所浩二,3,3,33.33,0.0,33.33,66.67,0.113,0.02,0.17,33.33,54.51,12.16,0,0.0,少数参考,参考
4096,石橋道友,1,62,87.1,9.68,1.61,98.39,0.133,0.02,0.24,54.84,86.47,11.92,0,0.0,得意,A
4382,高山智至,2,3,0.0,33.33,33.33,66.67,0.213,0.12,0.26,0.0,57.97,8.7,0,0.0,少数参考,参考
3631,田添康介,3,4,25.0,0.0,25.0,50.0,0.168,0.09,0.27,50.0,54.51,-4.51,0,0.0,少数参考,参考
4812,西野雄貴,6,8,12.5,0.0,50.0,62.5,0.166,0.12,0.31,25.0,21.0,41.5,1,12.5,得意,C
3346,宮本裕之,2,3,33.33,33.33,33.33,100.0,0.203,0.16,0.26,0.0,57.97,42.03,1,33.33,少数参考,参考
3964,宮地博士,3,14,7.14,21.43,0.0,28.57,0.168,0.04,0.32,7.14,54.51,-25.94,0,0.0,苦手,B
4336,松田竜馬,1,10,90.0,10.0,0.0,100.0,0.141,0.07,0.21,50.0,86.47,13.53,0,0.0,得意,B
4110,小澤和也,3,8,0.0,12.5,25.0,37.5,0.13,0.08,0.19,0.0,54.51,-17.01,1,12.5,苦手,C
4213,重富伸也,1,16,62.5,31.25,6.25,100.0,0.156,0.02,0.33,50.0,86.47,13.53,0,0.0,得意,B
4528,黒井達矢,2,5,60.0,20.0,20.0,100.0,0.162,0.12,0.3,20.0,57.97,42.03,0,0.0,得意,C
4571,菅章哉,3,3,0.0,33.33,33.33,66.67,0.177,0.17,0.18,0.0,54.51,12.16,0,0.0,少数参考,参考
4381,田路朋史,1,3,66.67,33.33,0.0,100.0,0.13,0.11,0.16,100.0,86.47,13.53,0,0.0,少数参考,参考
4047,吉永浩則,1,10,50.0,20.0,30.0,100.0,0.149,0.09,0.26,50.0,86.47,13.53,0,0.0,得意,B
4140,梶野学志,3,4,0.0,50.0,25.0,75.0,0.165,0.07,0.29,0.0,54.51,20.49,0,0.0,少数参考,参考
3577,向所浩二,5,3,33.33,0.0,33.33,66.67,0.18,0.13,0.24,0.0,34.22,32.45,0,0.0,少数参考,参考
3773,津留浩一郎,6,7,0.0,28.57,42.86,71.43,0.166,0.03,0.59,71.43,21.0,50.43,0,0.0,得意,C
4051,清水敦揮,1,12,83.33,8.33,8.33,100.0,0.137,0.04,0.21,50.0,86.47,13.53,0,0.0,得意,B
3909,佐々木康幸,3,4,75.0,25.0,0.0,100.0,0.077,0.03,0.13,50.0,54.51,45.49,1,25.0,少数参考,参考
4505,島田賢人,4,4,0.0,25.0,25.0,50.0,0.12,0.08,0.19,50.0,45.78,4.22,0,0.0,少数参考,参考
3631,田添康介,5,3,0.0,0.0,0.0,0.0,0.17,0.12,0.24,33.33,34.22,-34.22,0,0.0,少数参考,参考
4528,黒井達矢,1,14,85.71,14.29,0.0,100.0,0.141,0.09,0.23,42.86,86.47,13.53,0,0.0,得意,B
4351,里岡右貴,2,3,33.33,66.67,0.0,100.0,0.12,0.08,0.15,33.33,57.97,42.03,0,0.0,少数参考,参考
3777,樋口亮,3,32,21.88,40.62,15.62,78.12,0.166,0.07,0.29,18.75,54.51,23.61,3,9.38,得意,A
3527,中嶋誠一郎,1,51,70.59,27.45,1.96,100.0,0.13,0.01,0.24,56.86,86.47,13.53,0,0.0,得意,A
4394,永嶋裕一,2,5,20.0,20.0,20.0,60.0,0.12,0.05,0.19,60.0,57.97,2.03,0,0.0,標準,C
2912,尾崎鉄也,3,6,16.67,33.33,16.67,66.67,0.12,0.07,0.21,33.33,54.51,12.16,0,0.0,得意,C
4041,小林基樹,5,5,0.0,0.0,20.0,20.0,0.194,0.09,0.32,0.0,34.22,-14.22,0,0.0,苦手,C
4259,真庭明志,1,51,70.59,17.65,1.96,90.2,0.131,0.01,0.24,39.22,86.47,3.73,0,0.0,得意,A
3818,山崎康弘,2,7,14.29,28.57,28.57,71.43,0.159,0.04,0.29,14.29,57.97,13.46,0,0.0,得意,C
4416,三宅健太,3,8,12.5,50.0,12.5,75.0,0.171,0.05,0.35,37.5,54.51,20.49,0,0.0,得意,C
4241,大串重幸,4,27,7.41,37.04,29.63,74.07,0.164,0.03,0.31,22.22,45.78,28.29,2,7.41,得意,A
3906,飯山晃三,1,29,65.52,27.59,6.9,100.0,0.13,0.05,0.22,41.38,86.47,13.53,0,0.0,得意,A
4498,宮本夏樹,2,25,28.0,40.0,16.0,84.0,0.157,0.02,0.28,16.0,57.97,26.03,0,0.0,得意,A
3944,山口裕二,3,31,35.48,19.35,29.03,83.87,0.16,0.05,0.37,3.23,54.51,29.36,7,22.58,得意,A
3153,前川竜次,4,6,0.0,33.33,16.67,50.0,0.192,0.09,0.36,16.67,45.78,4.22,2,33.33,やや得意,C
3501,川上昇平,1,39,82.05,12.82,5.13,100.0,0.142,0.04,0.24,51.28,86.47,13.53,0,0.0,得意,A
3360,原田富士男,1,7,85.71,14.29,0.0,100.0,0.174,0.11,0.24,14.29,86.47,13.53,0,0.0,得意,C
3843,上之晃弘,2,27,7.41,33.33,44.44,85.19,0.156,0.03,0.28,14.81,57.97,27.22,0,0.0,得意,A
3936,三瀬譲,3,4,0.0,25.0,75.0,100.0,0.3,0.27,0.34,0.0,54.51,45.49,0,0.0,少数参考,参考
4603,谷川将太,5,25,8.0,20.0,40.0,68.0,0.146,0.07,0.28,28.0,34.22,33.78,3,12.0,得意,A
4174,赤坂俊輔,3,49,24.49,18.37,32.65,75.51,0.151,0.03,0.31,32.65,54.51,21.0,11,22.45,得意,A
3680,森林太,4,11,9.09,18.18,45.45,72.73,0.177,0.12,0.25,9.09,45.78,26.95,2,18.18,得意,B
3752,宇土泰就,5,7,14.29,0.0,42.86,57.14,0.121,0.04,0.22,42.86,34.22,22.92,1,14.29,得意,C
2958,井川正人,1,6,50.0,0.0,16.67,66.67,0.255,0.11,0.38,0.0,86.47,-19.8,0,0.0,苦手,C
4259,真庭明志,2,29,10.34,55.17,17.24,82.76,0.139,0.05,0.28,17.24,57.97,24.79,0,0.0,得意,A
4523,中村辰也,4,14,7.14,0.0,42.86,50.0,0.144,0.06,0.28,50.0,45.78,4.22,1,7.14,やや得意,B
4148,枝尾賢,3,15,6.67,53.33,33.33,93.33,0.143,0.04,0.45,13.33,54.51,38.82,2,13.33,得意,B
2912,尾崎鉄也,1,9,55.56,22.22,11.11,88.89,0.179,0.08,0.27,33.33,86.47,2.42,1,11.11,得意,C
4102,益田啓司,5,5,40.0,20.0,40.0,100.0,0.118,0.05,0.16,60.0,34.22,65.78,2,40.0,得意,C
4498,宮本夏樹,1,39,64.1,23.08,2.56,89.74,0.168,0.02,0.32,25.64,86.47,3.27,0,0.0,得意,A
3501,川上昇平,2,21,9.52,23.81,19.05,52.38,0.162,0.07,0.31,38.1,57.97,-5.59,0,0.0,標準,A
4394,永嶋裕一,3,4,0.0,25.0,75.0,100.0,0.155,0.09,0.23,25.0,54.51,45.49,0,0.0,少数参考,参考
4171,榎幸司,5,25,8.0,20.0,32.0,60.0,0.177,0.07,0.32,12.0,34.22,25.78,4,16.0,得意,A
3752,宇土泰就,4,8,25.0,12.5,50.0,87.5,0.104,0.02,0.17,37.5,45.78,41.72,0,0.0,得意,C
4241,大串重幸,5,23,4.35,26.09,34.78,65.22,0.132,0.01,0.25,21.74,34.22,31.0,1,4.35,得意,A
4523,中村辰也,6,8,0.0,25.0,50.0,75.0,0.133,0.04,0.23,12.5,21.0,54.0,1,12.5,得意,C
3379,打越晶,1,7,71.43,14.29,0.0,85.71,0.181,0.11,0.29,14.29,86.47,-0.76,0,0.0,標準,C
3360,原田富士男,2,3,0.0,33.33,66.67,100.0,0.2,0.09,0.28,0.0,57.97,42.03,0,0.0,少数参考,参考
3680,森林太,5,5,0.0,40.0,20.0,60.0,0.192,0.14,0.32,20.0,34.22,25.78,1,20.0,得意,C
4174,赤坂俊輔,1,72,77.78,11.11,5.56,94.44,0.125,0.01,0.25,55.56,86.47,7.97,1,1.39,得意,A
3906,飯山晃三,2,23,8.7,21.74,39.13,69.57,0.153,0.08,0.23,8.7,57.97,11.6,0,0.0,得意,A
3527,中嶋誠一郎,4,25,4.0,28.0,36.0,68.0,0.156,0.06,0.33,32.0,45.78,22.22,1,4.0,得意,A
4636,赤池修平,2,4,0.0,25.0,25.0,50.0,0.113,0.03,0.19,25.0,57.97,-7.97,0,0.0,少数参考,参考
2816,陶山秀徳,4,3,0.0,66.67,33.33,100.0,0.227,0.14,0.29,0.0,45.78,54.22,1,33.33,少数参考,参考
4213,重富伸也,2,18,5.56,27.78,44.44,77.78,0.152,0.05,0.25,22.22,57.97,19.81,0,0.0,得意,B
4571,菅章哉,1,6,83.33,16.67,0.0,100.0,0.148,0.06,0.25,50.0,86.47,13.53,0,0.0,得意,C
4330,奈須啓太,2,8,25.0,50.0,0.0,75.0,0.129,0.05,0.21,50.0,57.97,17.03,0,0.0,得意,C
4505,島田賢人,3,4,0.0,25.0,25.0,50.0,0.15,0.12,0.21,0.0,54.51,-4.51,0,0.0,少数参考,参考
4535,北山康介,6,5,20.0,0.0,60.0,80.0,0.138,0.07,0.22,40.0,21.0,59.0,0,0.0,得意,C
4686,丸野一樹,1,7,100.0,0.0,0.0,100.0,0.137,0.1,0.21,28.57,86.47,13.53,0,0.0,得意,C
3631,田添康介,2,5,20.0,40.0,0.0,60.0,0.15,0.11,0.22,40.0,57.97,2.03,0,0.0,標準,C
4110,小澤和也,5,3,0.0,0.0,33.33,33.33,0.177,0.07,0.24,33.33,34.22,-0.89,1,33.33,少数参考,参考
4382,高山智至,1,4,75.0,0.0,0.0,75.0,0.142,0.08,0.24,50.0,86.47,-11.47,0,0.0,少数参考,参考
4743,木村仁紀,2,8,50.0,25.0,12.5,87.5,0.139,0.06,0.24,12.5,57.97,29.53,0,0.0,得意,C
3964,宮地博士,4,10,0.0,20.0,30.0,50.0,0.199,0.09,0.36,0.0,45.78,4.22,1,10.0,やや得意,B
3950,石川哲秀,1,5,20.0,60.0,0.0,80.0,0.152,0.09,0.23,20.0,86.47,-6.47,0,0.0,得意,C
3777,樋口亮,2,30,40.0,33.33,20.0,93.33,0.155,0.06,0.26,23.33,57.97,35.36,2,6.67,得意,A
2816,陶山秀徳,2,6,16.67,16.67,33.33,66.67,0.147,0.02,0.25,16.67,57.97,8.7,1,16.67,得意,C
4336,松田竜馬,4,10,10.0,40.0,30.0,80.0,0.13,0.08,0.19,30.0,45.78,34.22,1,10.0,得意,B
4138,中井俊祐,5,4,0.0,0.0,25.0,25.0,0.165,0.08,0.26,50.0,34.22,-9.22,1,25.0,少数参考,参考
4382,高山智至,3,6,0.0,0.0,33.33,33.33,0.198,0.09,0.31,16.67,54.51,-21.18,0,0.0,苦手,C
4140,梶野学志,4,5,40.0,0.0,60.0,100.0,0.162,0.03,0.33,40.0,45.78,54.22,0,0.0,得意,C
3964,宮地博士,6,7,14.29,0.0,28.57,42.86,0.204,0.13,0.32,14.29,21.0,21.86,1,14.29,得意,C
4047,吉永浩則,2,9,22.22,22.22,22.22,66.67,0.168,0.06,0.26,22.22,57.97,8.7,0,0.0,得意,C
4351,里岡右貴,5,3,0.0,33.33,0.0,33.33,0.153,0.09,0.21,66.67,34.22,-0.89,1,33.33,少数参考,参考
4640,山ノ内雅人,3,7,0.0,28.57,42.86,71.43,0.146,0.08,0.22,0.0,54.51,16.92,0,0.0,得意,C
4485,楠原正剛,4,8,0.0,25.0,25.0,50.0,0.169,0.11,0.24,12.5,45.78,4.22,0,0.0,やや得意,C
3950,石川哲秀,5,3,33.33,0.0,0.0,33.33,0.137,0.08,0.19,0.0,34.22,-0.89,1,33.33,少数参考,参考
4535,北山康介,2,4,25.0,50.0,25.0,100.0,0.095,0.07,0.11,25.0,57.97,42.03,0,0.0,少数参考,参考
4114,深澤達徳,3,4,25.0,0.0,50.0,75.0,0.09,0.05,0.13,25.0,54.51,20.49,0,0.0,少数参考,参考
4096,石橋道友,4,33,21.21,27.27,33.33,81.82,0.142,0.02,0.31,30.3,45.78,36.04,8,24.24,得意,A
4496,内堀学,2,3,0.0,33.33,66.67,100.0,0.17,0.14,0.19,0.0,57.97,42.03,0,0.0,少数参考,参考
4528,黒井達矢,3,9,0.0,44.44,55.56,100.0,0.143,0.06,0.2,33.33,54.51,45.49,1,11.11,得意,C
4200,早川尚人,4,5,0.0,20.0,20.0,40.0,0.2,0.14,0.32,0.0,45.78,-5.78,0,0.0,標準,C
4336,松田竜馬,5,10,10.0,20.0,20.0,50.0,0.137,0.06,0.2,10.0,34.22,15.78,2,20.0,得意,B
4138,中井俊祐,3,5,0.0,60.0,40.0,100.0,0.154,0.04,0.21,20.0,54.51,45.49,0,0.0,得意,C
4382,高山智至,5,3,0.0,33.33,0.0,33.33,0.14,0.06,0.24,0.0,34.22,-0.89,0,0.0,少数参考,参考
2816,陶山秀徳,5,4,0.0,50.0,25.0,75.0,0.285,0.21,0.39,0.0,34.22,40.78,0,0.0,少数参考,参考
4496,内堀学,3,6,16.67,33.33,50.0,100.0,0.148,0.07,0.26,16.67,54.51,45.49,1,16.67,得意,C
4110,小澤和也,4,5,0.0,0.0,20.0,20.0,0.176,0.11,0.23,0.0,45.78,-25.78,0,0.0,苦手,C
4571,菅章哉,4,4,0.0,25.0,50.0,75.0,0.18,0.15,0.22,25.0,45.78,29.22,0,0.0,少数参考,参考
4535,北山康介,4,3,0.0,66.67,33.33,100.0,0.13,0.09,0.18,66.67,45.78,54.22,0,0.0,少数参考,参考
3346,宮本裕之,5,3,0.0,33.33,33.33,66.67,0.157,0.13,0.17,33.33,34.22,32.45,1,33.33,少数参考,参考
4140,梶野学志,6,3,0.0,0.0,66.67,66.67,0.147,0.09,0.19,33.33,21.0,45.67,0,0.0,少数参考,参考
4047,吉永浩則,4,9,11.11,22.22,55.56,88.89,0.164,0.11,0.21,33.33,45.78,43.11,1,11.11,得意,C
4330,奈須啓太,6,4,0.0,25.0,25.0,50.0,0.122,0.09,0.17,0.0,21.0,29.0,0,0.0,少数参考,参考
3052,原田正己,1,3,33.33,0.0,0.0,33.33,0.153,0.1,0.22,0.0,86.47,-53.14,1,33.33,少数参考,参考
4365,盛本真輔,3,5,20.0,20.0,20.0,60.0,0.158,0.11,0.22,20.0,54.51,5.49,1,20.0,やや得意,C
3066,田中定雄,4,3,0.0,0.0,100.0,100.0,0.363,0.29,0.47,0.0,45.78,54.22,3,100.0,少数参考,参考
3010,大嶋一也,2,8,25.0,25.0,37.5,87.5,0.129,0.02,0.22,50.0,57.97,29.53,6,75.0,得意,C
2997,池上正浩,1,4,0.0,0.0,25.0,25.0,0.158,0.09,0.34,25.0,86.47,-61.47,1,25.0,少数参考,参考
3585,井川真人,3,4,25.0,25.0,25.0,75.0,0.172,0.06,0.31,25.0,54.51,20.49,2,50.0,少数参考,参考
3571,寺本武司,4,8,12.5,25.0,25.0,62.5,0.134,0.02,0.21,25.0,45.78,16.72,4,50.0,得意,C
4111,奥田誠,5,8,0.0,25.0,37.5,62.5,0.14,0.11,0.18,12.5,34.22,28.28,0,0.0,得意,C
2930,新良一規,1,6,50.0,16.67,33.33,100.0,0.165,0.04,0.25,16.67,86.47,13.53,0,0.0,得意,C
4180,上野秀和,5,5,0.0,20.0,60.0,80.0,0.21,0.15,0.27,20.0,34.22,45.78,2,40.0,得意,C
3024,西島義則,2,33,30.3,30.3,9.09,69.7,0.154,0.06,0.41,36.36,57.97,11.73,24,72.73,得意,A
3915,繁野谷圭介,3,5,0.0,80.0,20.0,100.0,0.186,0.1,0.26,40.0,54.51,45.49,1,20.0,得意,C
4109,谷津幸宏,2,3,33.33,66.67,0.0,100.0,0.147,0.13,0.18,0.0,57.97,42.03,0,0.0,少数参考,参考
3857,阿波勝哉,6,13,15.38,7.69,30.77,53.85,0.177,0.08,0.32,30.77,21.0,32.85,1,7.69,得意,B
3905,天野友和,2,6,0.0,50.0,0.0,50.0,0.167,0.11,0.23,33.33,57.97,-7.97,0,0.0,標準,C
4822,百武翔,5,8,0.0,25.0,12.5,37.5,0.165,0.09,0.23,12.5,34.22,3.28,2,25.0,標準,C
3066,田中定雄,2,3,33.33,0.0,33.33,66.67,0.207,0.18,0.25,0.0,57.97,8.7,0,0.0,少数参考,参考
3585,井川真人,5,3,0.0,0.0,66.67,66.67,0.23,0.17,0.31,0.0,34.22,32.45,1,33.33,少数参考,参考
2585,原由樹夫,2,3,0.0,0.0,33.33,33.33,0.197,0.19,0.2,0.0,57.97,-24.64,2,66.67,少数参考,参考
3571,寺本武司,3,5,20.0,40.0,0.0,60.0,0.172,0.11,0.26,20.0,54.51,5.49,1,20.0,やや得意,C
3915,繁野谷圭介,4,5,20.0,20.0,20.0,60.0,0.172,0.09,0.24,40.0,45.78,14.22,1,20.0,得意,C
3052,原田正己,3,3,33.33,33.33,33.33,100.0,0.2,0.1,0.26,0.0,54.51,45.49,0,0.0,少数参考,参考
3297,藤丸光一,1,18,50.0,16.67,16.67,83.33,0.184,0.11,0.27,22.22,86.47,-3.14,0,0.0,標準,B
4180,上野秀和,3,3,0.0,0.0,66.67,66.67,0.083,0.06,0.11,66.67,54.51,12.16,2,66.67,少数参考,参考
3881,浦上拓也,4,8,0.0,12.5,50.0,62.5,0.149,0.03,0.2,25.0,45.78,16.72,2,25.0,得意,C
3352,小川晃司,6,36,0.0,11.11,55.56,66.67,0.145,0.02,0.29,41.67,21.0,45.67,0,0.0,得意,A
3024,西島義則,1,20,60.0,25.0,5.0,90.0,0.16,0.06,0.28,25.0,86.47,3.53,5,25.0,得意,A
3587,武田信一,3,5,0.0,40.0,20.0,60.0,0.154,0.09,0.25,40.0,54.51,5.49,1,20.0,やや得意,C
3187,篠原俊夫,5,3,0.0,33.33,0.0,33.33,0.193,0.15,0.26,0.0,34.22,-0.89,2,66.67,少数参考,参考
4109,谷津幸宏,1,9,66.67,22.22,0.0,88.89,0.127,0.07,0.23,77.78,86.47,2.42,0,0.0,得意,C
2930,新良一規,2,6,0.0,33.33,66.67,100.0,0.2,0.11,0.27,0.0,57.97,42.03,1,16.67,得意,C
4308,河村了,3,6,0.0,50.0,33.33,83.33,0.153,0.08,0.29,16.67,54.51,28.82,3,50.0,得意,C
2992,今村豊,1,5,60.0,40.0,0.0,100.0,0.108,0.08,0.18,40.0,86.47,13.53,0,0.0,得意,C
4174,赤坂俊輔,4,36,25.0,16.67,44.44,86.11,0.158,0.01,0.31,25.0,45.78,40.33,9,25.0,得意,A
3072,西田靖,3,4,0.0,0.0,75.0,75.0,0.2,0.17,0.27,0.0,54.51,20.49,2,50.0,少数参考,参考
2992,今村豊,3,3,33.33,33.33,0.0,66.67,0.15,0.11,0.18,0.0,54.51,12.16,1,33.33,少数参考,参考
3186,沖悟,1,3,33.33,0.0,33.33,66.67,0.24,0.19,0.27,33.33,86.47,-19.8,0,0.0,少数参考,参考
3024,西島義則,3,4,0.0,75.0,0.0,75.0,0.147,0.06,0.29,25.0,54.51,20.49,2,50.0,少数参考,参考
2930,新良一規,4,6,0.0,50.0,50.0,100.0,0.255,0.09,0.44,16.67,45.78,54.22,3,50.0,得意,C
4308,河村了,1,10,90.0,10.0,0.0,100.0,0.126,0.05,0.2,30.0,86.47,13.53,0,0.0,得意,B
3637,齋藤和政,3,3,0.0,66.67,0.0,66.67,0.16,0.06,0.23,0.0,54.51,12.16,1,33.33,少数参考,参考
3297,藤丸光一,2,22,18.18,36.36,18.18,72.73,0.215,0.11,0.35,0.0,57.97,14.76,7,31.82,得意,A
3265,今村暢孝,1,16,68.75,25.0,0.0,93.75,0.131,0.04,0.21,43.75,86.47,7.28,1,6.25,得意,B
4111,奥田誠,1,11,81.82,18.18,0.0,100.0,0.141,0.07,0.26,18.18,86.47,13.53,0,0.0,得意,B
3587,武田信一,2,3,33.33,0.0,33.33,66.67,0.117,0.07,0.17,66.67,57.97,8.7,0,0.0,少数参考,参考
3905,天野友和,5,3,33.33,0.0,33.33,66.67,0.21,0.11,0.33,33.33,34.22,32.45,1,33.33,少数参考,参考
3881,浦上拓也,1,6,50.0,33.33,0.0,83.33,0.11,0.0,0.16,66.67,86.47,-3.14,0,0.0,得意,C
3901,松田憲幸,4,9,0.0,22.22,44.44,66.67,0.173,0.04,0.29,22.22,45.78,20.89,4,44.44,得意,C
2907,土井内大助,2,4,0.0,50.0,25.0,75.0,0.225,0.15,0.29,25.0,57.97,17.03,1,25.0,少数参考,参考
2992,今村豊,4,3,66.67,33.33,0.0,100.0,0.113,0.08,0.14,100.0,45.78,54.22,1,33.33,少数参考,参考
4365,盛本真輔,5,6,0.0,50.0,50.0,100.0,0.167,0.12,0.21,0.0,34.22,65.78,1,16.67,得意,C
3072,西田靖,1,4,25.0,25.0,25.0,75.0,0.17,0.13,0.21,25.0,86.47,-11.47,0,0.0,少数参考,参考
3571,寺本武司,5,4,25.0,25.0,50.0,100.0,0.145,0.09,0.24,50.0,34.22,65.78,1,25.0,少数参考,参考
3905,天野友和,6,4,0.0,0.0,25.0,25.0,0.198,0.15,0.27,0.0,21.0,4.0,1,25.0,少数参考,参考
3915,繁野谷圭介,1,11,63.64,27.27,9.09,100.0,0.207,0.07,0.32,36.36,86.47,13.53,0,0.0,得意,B
4174,赤坂俊輔,5,24,8.33,29.17,29.17,66.67,0.132,0.06,0.28,20.83,34.22,32.45,7,29.17,得意,A
3297,藤丸光一,3,15,26.67,40.0,26.67,93.33,0.201,0.13,0.29,6.67,54.51,38.82,6,40.0,得意,B
3010,大嶋一也,1,7,42.86,28.57,0.0,71.43,0.143,0.05,0.25,28.57,86.47,-15.04,1,14.29,得意,C
3265,今村暢孝,2,34,23.53,41.18,17.65,82.35,0.135,0.03,0.28,41.18,57.97,24.38,26,76.47,得意,A
4180,上野秀和,6,3,0.0,0.0,0.0,0.0,0.157,0.11,0.18,0.0,21.0,-21.0,1,33.33,少数参考,参考
3637,齋藤和政,4,6,16.67,33.33,33.33,83.33,0.158,0.07,0.26,0.0,45.78,37.55,2,33.33,得意,C
3587,武田信一,5,5,0.0,60.0,20.0,80.0,0.21,0.09,0.34,0.0,34.22,45.78,2,40.0,得意,C
3588,新藤哲三,3,3,0.0,0.0,66.67,66.67,0.177,0.15,0.21,0.0,54.51,12.16,2,66.67,少数参考,参考
3905,天野友和,1,8,37.5,37.5,25.0,100.0,0.203,0.02,0.35,12.5,86.47,13.53,0,0.0,得意,C
3297,藤丸光一,4,11,0.0,18.18,18.18,36.36,0.172,0.08,0.27,9.09,45.78,-9.42,6,54.55,標準,B
3571,寺本武司,1,9,44.44,11.11,22.22,77.78,0.177,0.1,0.25,33.33,86.47,-8.69,0,0.0,得意,C
3637,齋藤和政,1,5,40.0,20.0,20.0,80.0,0.174,0.07,0.23,40.0,86.47,-6.47,0,0.0,得意,C
4111,奥田誠,3,10,30.0,20.0,20.0,70.0,0.148,0.04,0.26,10.0,54.51,15.49,2,20.0,得意,B
3052,原田正己,4,3,33.33,0.0,33.33,66.67,0.16,0.07,0.27,33.33,45.78,20.89,1,33.33,少数参考,参考
4778,堤啓輔,5,7,0.0,14.29,42.86,57.14,0.173,0.12,0.25,0.0,34.22,22.92,0,0.0,得意,C
2930,新良一規,5,4,0.0,0.0,25.0,25.0,0.275,0.19,0.34,0.0,34.22,-9.22,1,25.0,少数参考,参考
4308,河村了,5,6,16.67,50.0,16.67,83.33,0.18,0.14,0.23,16.67,34.22,49.11,2,33.33,得意,C
4111,奥田誠,6,3,0.0,33.33,0.0,33.33,0.18,0.09,0.32,33.33,21.0,12.33,0,0.0,少数参考,参考
4705,吉川勇作,4,15,13.33,20.0,26.67,60.0,0.136,0.03,0.37,33.33,45.78,14.22,4,26.67,得意,B
4180,上野秀和,2,4,50.0,0.0,0.0,50.0,0.202,0.09,0.36,25.0,57.97,-7.97,1,25.0,少数参考,参考
3901,松田憲幸,1,7,57.14,14.29,14.29,85.71,0.156,0.11,0.26,28.57,86.47,-0.76,0,0.0,得意,C
3915,繁野谷圭介,2,4,25.0,25.0,25.0,75.0,0.285,0.1,0.71,0.0,57.97,17.03,0,0.0,少数参考,参考
3881,浦上拓也,5,3,0.0,0.0,0.0,0.0,0.113,0.11,0.12,0.0,34.22,-34.22,1,33.33,少数参考,参考
3905,天野友和,3,5,0.0,20.0,20.0,40.0,0.174,0.13,0.23,20.0,54.51,-14.51,1,20.0,苦手,C
3585,井川真人,6,3,0.0,33.33,66.67,100.0,0.307,0.26,0.34,0.0,21.0,79.0,1,33.33,少数参考,参考
3265,今村暢孝,3,5,20.0,60.0,20.0,100.0,0.124,0.03,0.19,40.0,54.51,45.49,2,40.0,得意,C
4171,榎幸司,1,63,77.78,9.52,7.94,95.24,0.146,0.06,0.27,26.98,86.47,8.77,1,1.59,得意,A
3936,三瀬譲,2,9,22.22,44.44,33.33,100.0,0.153,0.02,0.21,11.11,57.97,42.03,0,0.0,得意,C
4374,永田義紘,3,5,0.0,60.0,20.0,80.0,0.132,0.06,0.21,20.0,54.51,25.49,1,20.0,得意,C
3108,松本真吾,4,4,0.0,0.0,50.0,50.0,0.125,0.08,0.16,25.0,45.78,4.22,0,0.0,少数参考,参考
4241,大串重幸,1,44,63.64,22.73,13.64,100.0,0.135,0.01,0.26,36.36,86.47,13.53,0,0.0,得意,A
4523,中村辰也,3,19,21.05,47.37,10.53,78.95,0.121,0.02,0.25,36.84,54.51,24.44,0,0.0,得意,B
3752,宇土泰就,1,6,83.33,16.67,0.0,100.0,0.115,0.08,0.15,33.33,86.47,13.53,0,0.0,得意,C
4251,川崎誠志,2,7,14.29,42.86,28.57,85.71,0.199,0.08,0.32,0.0,57.97,27.74,0,0.0,得意,C
3593,横井光弘,4,5,20.0,0.0,20.0,40.0,0.184,0.12,0.34,40.0,45.78,-5.78,1,20.0,標準,C
3680,森林太,1,12,66.67,25.0,8.33,100.0,0.189,0.09,0.36,25.0,86.47,13.53,0,0.0,得意,B
4553,坪口竜也,2,32,15.62,37.5,18.75,71.88,0.138,0.04,0.39,25.0,57.97,13.91,0,0.0,得意,A
2912,尾崎鉄也,4,11,9.09,18.18,36.36,63.64,0.183,0.11,0.27,27.27,45.78,17.86,1,9.09,得意,B
3906,飯山晃三,5,12,8.33,16.67,33.33,58.33,0.159,0.08,0.25,16.67,34.22,24.11,2,16.67,得意,B
3818,山崎康弘,3,10,10.0,30.0,20.0,60.0,0.133,0.01,0.26,40.0,54.51,5.49,0,0.0,やや得意,B
4087,吉田敦志,4,4,25.0,0.0,50.0,75.0,0.203,0.15,0.25,0.0,45.78,29.22,1,25.0,少数参考,参考
4393,田中孝明,1,4,75.0,0.0,0.0,75.0,0.155,0.11,0.19,25.0,86.47,-11.47,0,0.0,少数参考,参考
2958,井川正人,3,4,0.0,50.0,0.0,50.0,0.188,0.15,0.26,25.0,54.51,-4.51,0,0.0,少数参考,参考
4251,川崎誠志,5,7,14.29,28.57,42.86,85.71,0.219,0.16,0.39,0.0,34.22,51.49,2,28.57,得意,C
4757,山田祐也,2,4,100.0,0.0,0.0,100.0,0.128,0.11,0.16,0.0,57.97,42.03,0,0.0,少数参考,参考
3527,中嶋誠一郎,3,34,8.82,38.24,32.35,79.41,0.157,0.03,0.33,29.41,54.51,24.9,2,5.88,得意,A
3566,川添英正,4,12,0.0,50.0,25.0,75.0,0.191,0.08,0.29,8.33,45.78,29.22,2,16.67,得意,B
4394,永嶋裕一,5,6,16.67,0.0,33.33,50.0,0.118,0.03,0.23,16.67,34.22,15.78,2,33.33,得意,C
4553,坪口竜也,4,30,10.0,40.0,33.33,83.33,0.165,0.11,0.37,6.67,45.78,37.55,4,13.33,得意,A
3843,上之晃弘,5,19,0.0,15.79,31.58,47.37,0.171,0.03,0.35,15.79,34.22,13.15,5,26.32,得意,B
4497,桑原悠,2,32,21.88,53.12,21.88,96.88,0.132,0.05,0.25,28.12,57.97,38.91,0,0.0,得意,A
4774,丸山龍太郎,6,3,0.0,66.67,0.0,66.67,0.193,0.09,0.29,33.33,21.0,45.67,1,33.33,少数参考,参考
3944,山口裕二,5,29,0.0,34.48,34.48,68.97,0.19,0.11,0.34,10.34,34.22,34.75,5,17.24,得意,A
4102,益田啓司,1,19,78.95,21.05,0.0,100.0,0.104,0.02,0.21,73.68,86.47,13.53,0,0.0,得意,B
3680,森林太,3,4,0.0,50.0,25.0,75.0,0.203,0.16,0.24,0.0,54.51,20.49,0,0.0,少数参考,参考
4394,永嶋裕一,4,4,25.0,0.0,50.0,75.0,0.168,0.05,0.27,25.0,45.78,29.22,2,50.0,少数参考,参考
4416,三宅健太,5,6,33.33,0.0,50.0,83.33,0.122,0.06,0.17,33.33,34.22,49.11,1,16.67,得意,C
3906,飯山晃三,3,22,4.55,22.73,45.45,72.73,0.143,0.07,0.21,13.64,54.51,18.22,2,9.09,得意,A
4148,枝尾賢,2,11,18.18,54.55,9.09,81.82,0.147,0.05,0.26,9.09,57.97,23.85,0,0.0,得意,B
4259,真庭明志,4,31,3.23,29.03,32.26,64.52,0.15,0.07,0.27,22.58,45.78,18.74,4,12.9,得意,A
3566,川添英正,6,4,0.0,0.0,75.0,75.0,0.188,0.16,0.24,25.0,21.0,54.0,0,0.0,少数参考,参考
3302,谷川里江,1,13,84.62,15.38,0.0,100.0,0.172,0.06,0.41,38.46,86.47,13.53,0,0.0,得意,B
4408,仁科さやか,3,7,42.86,42.86,14.29,100.0,0.183,0.03,0.46,14.29,54.51,45.49,0,0.0,得意,C
4605,森世里,5,3,0.0,33.33,33.33,66.67,0.34,0.17,0.45,33.33,34.22,32.45,1,33.33,少数参考,参考
4536,喜井つかさ,1,7,85.71,14.29,0.0,100.0,0.129,0.03,0.18,85.71,86.47,13.53,0,0.0,得意,C
4098,赤澤文香,2,4,0.0,25.0,50.0,75.0,0.177,0.13,0.29,25.0,57.97,17.03,0,0.0,少数参考,参考
3142,西茂登子,2,3,66.67,0.0,0.0,66.67,0.263,0.18,0.39,0.0,57.97,8.7,0,0.0,少数参考,参考
4286,平田さやか,3,11,0.0,36.36,27.27,63.64,0.132,0.0,0.2,27.27,54.51,9.13,0,0.0,得意,B
3871,池田紫乃,4,10,10.0,10.0,30.0,50.0,0.166,0.07,0.25,0.0,45.78,4.22,1,10.0,やや得意,B
4823,中村桃佳,6,5,0.0,40.0,0.0,40.0,0.188,0.11,0.34,20.0,21.0,19.0,1,20.0,得意,C
4399,松本晶恵,3,4,0.0,50.0,0.0,50.0,0.133,0.07,0.18,0.0,54.51,-4.51,1,25.0,少数参考,参考
2983,鵜飼菜穂子,2,4,25.0,25.0,50.0,100.0,0.15,0.06,0.2,25.0,57.97,42.03,1,25.0,少数参考,参考
3900,香川素子,1,10,80.0,20.0,0.0,100.0,0.185,0.04,0.36,50.0,86.47,13.53,0,0.0,得意,B
4479,矢野真梨菜,3,3,0.0,33.33,66.67,100.0,0.167,0.01,0.26,33.33,54.51,45.49,0,0.0,少数参考,参考
4289,落合直子,2,7,57.14,28.57,14.29,100.0,0.109,0.03,0.19,42.86,57.97,42.03,0,0.0,得意,C
4611,今井美亜,3,5,40.0,0.0,60.0,100.0,0.144,0.03,0.37,20.0,54.51,45.49,0,0.0,得意,C
4190,長嶋万記,2,4,0.0,50.0,0.0,50.0,0.107,0.06,0.16,25.0,57.97,-7.97,0,0.0,少数参考,参考
4433,川野芽唯,4,8,25.0,37.5,25.0,87.5,0.165,0.07,0.23,25.0,45.78,41.72,1,12.5,得意,C
3943,三松直美,5,5,0.0,0.0,60.0,60.0,0.25,0.18,0.39,20.0,34.22,25.78,0,0.0,得意,C
3232,山川美由紀,2,7,28.57,42.86,14.29,85.71,0.13,0.01,0.25,57.14,57.97,27.74,1,14.29,得意,C
3999,大瀧明日香,4,8,12.5,37.5,25.0,75.0,0.171,0.04,0.33,25.0,45.78,29.22,1,12.5,得意,C
4240,今井裕梨,5,3,33.33,33.33,33.33,100.0,0.137,0.12,0.17,66.67,34.22,65.78,0,0.0,少数参考,参考
4399,松本晶恵,1,7,57.14,28.57,14.29,100.0,0.143,0.06,0.21,71.43,86.47,13.53,0,0.0,得意,C
4286,平田さやか,2,9,11.11,44.44,22.22,77.78,0.151,0.07,0.2,44.44,57.97,19.81,0,0.0,得意,C
4289,落合直子,3,7,28.57,14.29,57.14,100.0,0.121,0.09,0.18,71.43,54.51,45.49,0,0.0,得意,C
4071,古賀千晶,4,5,0.0,20.0,20.0,40.0,0.222,0.14,0.38,0.0,45.78,-5.78,0,0.0,標準,C
3232,山川美由紀,1,14,64.29,28.57,7.14,100.0,0.136,0.05,0.28,64.29,86.47,13.53,0,0.0,得意,B
4183,宇野弥生,3,6,0.0,66.67,0.0,66.67,0.168,0.11,0.31,50.0,54.51,12.16,2,33.33,得意,C
4536,喜井つかさ,4,5,0.0,20.0,80.0,100.0,0.124,0.05,0.17,20.0,45.78,54.22,0,0.0,得意,C
4433,川野芽唯,6,8,25.0,12.5,12.5,50.0,0.193,0.11,0.41,0.0,21.0,29.0,0,0.0,得意,C
4190,長嶋万記,1,3,33.33,33.33,33.33,100.0,0.17,0.15,0.21,33.33,86.47,13.53,0,0.0,少数参考,参考
3900,香川素子,2,4,0.0,50.0,25.0,75.0,0.138,0.04,0.29,25.0,57.97,17.03,0,0.0,少数参考,参考
3999,大瀧明日香,3,6,16.67,66.67,0.0,83.33,0.18,0.11,0.21,33.33,54.51,28.82,0,0.0,得意,C
3302,谷川里江,4,6,16.67,33.33,33.33,83.33,0.165,0.06,0.24,33.33,45.78,37.55,1,16.67,得意,C
2958,井川正人,2,8,12.5,75.0,12.5,100.0,0.152,0.08,0.19,25.0,57.97,42.03,0,0.0,得意,C
3153,前川竜次,3,4,0.0,25.0,25.0,50.0,0.285,0.23,0.35,0.0,54.51,-4.51,0,0.0,少数参考,参考
4553,坪口竜也,3,30,10.0,46.67,36.67,93.33,0.151,0.04,0.31,16.67,54.51,38.82,3,10.0,得意,A
4498,宮本夏樹,4,25,16.0,36.0,32.0,84.0,0.138,0.04,0.34,36.0,45.78,38.22,1,4.0,得意,A
3379,打越晶,5,3,0.0,0.0,66.67,66.67,0.18,0.17,0.19,33.33,34.22,32.45,1,33.33,少数参考,参考
3153,前川竜次,2,6,16.67,33.33,33.33,83.33,0.188,0.14,0.23,16.67,57.97,25.36,0,0.0,得意,C
4394,永嶋裕一,1,4,50.0,25.0,25.0,100.0,0.138,0.06,0.24,50.0,86.47,13.53,0,0.0,少数参考,参考
4041,小林基樹,4,4,50.0,0.0,0.0,50.0,0.208,0.05,0.34,25.0,45.78,4.22,0,0.0,少数参考,参考
4259,真庭明志,5,19,0.0,36.84,26.32,63.16,0.145,0.08,0.26,21.05,34.22,28.94,3,15.79,得意,B
4553,坪口竜也,1,39,82.05,7.69,7.69,97.44,0.136,0.03,0.36,48.72,86.47,10.97,0,0.0,得意,A
4603,谷川将太,4,25,0.0,20.0,48.0,68.0,0.17,0.07,0.27,24.0,45.78,22.22,3,12.0,得意,A
4251,川崎誠志,1,6,50.0,16.67,16.67,83.33,0.192,0.16,0.26,16.67,86.47,-3.14,0,0.0,標準,C
4393,田中孝明,3,9,0.0,22.22,11.11,33.33,0.162,0.07,0.23,11.11,54.51,-21.18,3,33.33,苦手,C
4757,山田祐也,6,4,0.0,25.0,50.0,75.0,0.145,0.09,0.21,75.0,21.0,54.0,1,25.0,少数参考,参考
4174,赤坂俊輔,2,36,13.89,44.44,25.0,83.33,0.128,0.03,0.26,27.78,57.97,25.36,9,25.0,得意,A
4102,益田啓司,2,9,11.11,22.22,33.33,66.67,0.151,0.06,0.29,0.0,57.97,8.7,0,0.0,得意,C
4523,中村辰也,5,13,0.0,23.08,53.85,76.92,0.124,0.04,0.19,38.46,34.22,42.7,5,38.46,得意,B
3527,中嶋誠一郎,2,23,8.7,43.48,26.09,78.26,0.144,0.01,0.3,26.09,57.97,20.29,0,0.0,得意,A
4171,榎幸司,2,44,18.18,34.09,38.64,90.91,0.149,0.06,0.32,15.91,57.97,32.94,1,2.27,得意,A
4241,大串重幸,3,40,12.5,45.0,27.5,85.0,0.14,0.05,0.41,35.0,54.51,30.49,2,5.0,得意,A
3501,川上昇平,4,16,25.0,25.0,31.25,81.25,0.121,0.06,0.25,56.25,45.78,35.47,2,12.5,得意,B
4374,永田義紘,4,4,25.0,0.0,0.0,25.0,0.105,0.05,0.13,25.0,45.78,-20.78,1,25.0,少数参考,参考
4087,吉田敦志,3,5,0.0,40.0,20.0,60.0,0.22,0.15,0.29,40.0,54.51,5.49,0,0.0,やや得意,C
3875,廣中良一,4,3,0.0,0.0,33.33,33.33,0.177,0.05,0.29,0.0,45.78,-12.45,0,0.0,少数参考,参考
4041,小林基樹,3,4,0.0,25.0,0.0,25.0,0.182,0.08,0.27,25.0,54.51,-29.51,0,0.0,少数参考,参考
3906,飯山晃三,4,11,0.0,27.27,45.45,72.73,0.13,0.07,0.24,27.27,45.78,26.95,1,9.09,得意,B
4259,真庭明志,3,34,8.82,38.24,32.35,79.41,0.147,0.06,0.22,26.47,54.51,24.9,3,8.82,得意,A
4553,坪口竜也,6,16,0.0,25.0,31.25,56.25,0.143,0.08,0.26,12.5,21.0,35.25,2,12.5,得意,B
3818,山崎康弘,1,4,0.0,25.0,50.0,75.0,0.138,0.09,0.21,50.0,86.47,-11.47,0,0.0,少数参考,参考
4755,山田貴愛,5,3,0.0,0.0,0.0,0.0,0.153,0.14,0.17,0.0,34.22,-34.22,0,0.0,少数参考,参考
4087,吉田敦志,1,3,0.0,33.33,33.33,66.67,0.267,0.19,0.36,33.33,86.47,-19.8,0,0.0,少数参考,参考
3944,山口裕二,6,17,0.0,17.65,35.29,52.94,0.204,0.02,0.33,5.88,21.0,31.94,2,11.76,得意,B
3566,川添英正,2,15,20.0,13.33,53.33,86.67,0.167,0.09,0.26,13.33,57.97,28.7,1,6.67,得意,B
3501,川上昇平,3,20,10.0,35.0,35.0,80.0,0.126,0.04,0.33,50.0,54.51,25.49,0,0.0,得意,A
4497,桑原悠,5,26,11.54,15.38,50.0,76.92,0.121,0.03,0.23,38.46,34.22,42.7,3,11.54,得意,A
4603,谷川将太,2,25,12.0,36.0,16.0,64.0,0.148,0.01,0.28,32.0,57.97,6.03,0,0.0,やや得意,A
3752,宇土泰就,3,4,0.0,25.0,25.0,50.0,0.158,0.08,0.23,50.0,54.51,-4.51,0,0.0,少数参考,参考
4251,川崎誠志,4,3,0.0,33.33,33.33,66.67,0.137,0.11,0.16,0.0,45.78,20.89,0,0.0,少数参考,参考
3875,廣中良一,1,4,25.0,0.0,50.0,75.0,0.145,0.09,0.21,0.0,86.47,-11.47,0,0.0,少数参考,参考
2958,井川正人,4,3,33.33,33.33,0.0,66.67,0.18,0.05,0.4,33.33,45.78,20.89,0,0.0,少数参考,参考
4523,中村辰也,1,20,85.0,10.0,5.0,100.0,0.104,0.03,0.19,50.0,86.47,13.53,0,0.0,得意,A
3593,横井光弘,2,3,0.0,66.67,33.33,100.0,0.14,0.09,0.17,0.0,57.97,42.03,0,0.0,少数参考,参考
4553,坪口竜也,5,21,4.76,28.57,52.38,85.71,0.183,0.09,0.37,14.29,34.22,51.49,2,9.52,得意,A
3944,山口裕二,4,34,20.59,44.12,11.76,76.47,0.153,0.02,0.38,23.53,45.78,30.69,3,8.82,得意,A
3360,原田富士男,4,4,0.0,75.0,0.0,75.0,0.28,0.22,0.34,0.0,45.78,29.22,2,50.0,少数参考,参考
4171,榎幸司,4,35,20.0,17.14,31.43,68.57,0.164,0.08,0.3,20.0,45.78,22.79,3,8.57,得意,A
4241,大串重幸,6,17,0.0,17.65,29.41,47.06,0.191,0.08,0.31,5.88,21.0,26.06,0,0.0,得意,B
4148,枝尾賢,5,6,0.0,0.0,66.67,66.67,0.148,0.06,0.27,50.0,34.22,32.45,0,0.0,得意,C
4299,中島浩哉,6,10,0.0,10.0,50.0,60.0,0.101,0.01,0.19,50.0,21.0,39.0,1,10.0,得意,B
4239,竹田辰也,4,11,9.09,36.36,54.55,100.0,0.135,0.04,0.31,54.55,45.78,54.22,1,9.09,得意,B
4348,宮崎奨,6,4,0.0,25.0,0.0,25.0,0.22,0.17,0.31,0.0,21.0,4.0,0,0.0,少数参考,参考
3448,高山秀雄,1,3,33.33,0.0,66.67,100.0,0.183,0.16,0.22,0.0,86.47,13.53,0,0.0,少数参考,参考
4369,丹下将,5,10,0.0,30.0,0.0,30.0,0.143,0.06,0.24,0.0,34.22,-4.22,1,10.0,標準,B
3662,大庭元明,2,6,33.33,16.67,16.67,66.67,0.168,0.07,0.29,50.0,57.97,8.7,0,0.0,得意,C
3056,松野京吾,3,3,33.33,33.33,33.33,100.0,0.1,0.04,0.15,100.0,54.51,45.49,0,0.0,少数参考,参考
4081,樋口範政,5,4,0.0,0.0,25.0,25.0,0.208,0.14,0.26,0.0,34.22,-9.22,0,0.0,少数参考,参考
4248,岡本大,6,8,0.0,25.0,25.0,50.0,0.171,0.03,0.26,0.0,21.0,29.0,0,0.0,得意,C
3541,三嶌誠司,2,3,100.0,0.0,0.0,100.0,0.153,0.13,0.17,66.67,57.97,42.03,0,0.0,少数参考,参考
4434,田中辰彦,3,6,16.67,0.0,66.67,83.33,0.187,0.11,0.26,33.33,54.51,28.82,0,0.0,得意,C
4248,岡本大,4,13,7.69,46.15,30.77,84.62,0.158,0.02,0.26,23.08,45.78,38.84,2,15.38,得意,B
3056,松野京吾,1,4,50.0,25.0,0.0,75.0,0.115,0.08,0.13,75.0,86.47,-11.47,0,0.0,少数参考,参考
3349,吉田一郎,4,21,4.76,23.81,28.57,57.14,0.15,0.02,0.37,38.1,45.78,11.36,5,23.81,得意,A
3834,細川明人,5,6,0.0,0.0,66.67,66.67,0.185,0.11,0.26,16.67,34.22,32.45,2,33.33,得意,C
4402,乙藤智史,6,8,0.0,37.5,0.0,37.5,0.219,0.14,0.28,12.5,21.0,16.5,2,25.0,得意,C
4369,丹下将,6,7,0.0,14.29,42.86,57.14,0.131,0.06,0.2,28.57,21.0,36.14,0,0.0,得意,C
4352,下條雄太郎,2,29,27.59,44.83,24.14,96.55,0.127,0.05,0.26,34.48,57.97,38.58,0,0.0,得意,A
4063,市橋卓士,3,6,0.0,66.67,0.0,66.67,0.12,0.05,0.15,16.67,54.51,12.16,1,16.67,得意,C
4210,松村康太,5,5,0.0,0.0,20.0,20.0,0.172,0.12,0.21,0.0,34.22,-14.22,1,20.0,苦手,C
4315,山崎昂介,2,29,20.69,34.48,31.03,86.21,0.169,0.06,0.31,6.9,57.97,28.24,1,3.45,得意,A
4252,松下哲也,4,8,37.5,12.5,25.0,75.0,0.175,0.05,0.3,50.0,45.78,29.22,0,0.0,得意,C
3158,島川光男,1,7,85.71,14.29,0.0,100.0,0.171,0.08,0.2,42.86,86.47,13.53,0,0.0,得意,C
4081,樋口範政,4,5,20.0,0.0,60.0,80.0,0.164,0.14,0.21,0.0,45.78,34.22,1,20.0,得意,C
3508,久富政弘,1,8,75.0,0.0,12.5,87.5,0.15,0.03,0.24,0.0,86.47,1.03,0,0.0,得意,C
4299,中島浩哉,1,26,50.0,26.92,7.69,84.62,0.13,0.01,0.34,46.15,86.47,-1.85,0,0.0,得意,A
4248,岡本大,2,16,6.25,43.75,18.75,68.75,0.168,0.07,0.28,12.5,57.97,10.78,0,0.0,得意,B
4390,松本弓雄,3,4,25.0,0.0,50.0,75.0,0.203,0.18,0.23,0.0,54.51,20.49,0,0.0,少数参考,参考
4081,樋口範政,1,4,75.0,0.0,25.0,100.0,0.18,0.11,0.31,75.0,86.47,13.53,0,0.0,少数参考,参考
3541,三嶌誠司,4,3,0.0,33.33,33.33,66.67,0.127,0.09,0.2,0.0,45.78,20.89,1,33.33,少数参考,参考
3662,大庭元明,6,3,0.0,0.0,100.0,100.0,0.157,0.13,0.19,66.67,21.0,79.0,0,0.0,少数参考,参考
4239,竹田辰也,1,12,91.67,8.33,0.0,100.0,0.135,0.04,0.26,66.67,86.47,13.53,0,0.0,得意,B
4352,下條雄太郎,4,25,20.0,20.0,28.0,68.0,0.138,0.02,0.29,32.0,45.78,22.22,2,8.0,得意,A
3151,落合敬一,4,11,0.0,18.18,45.45,63.64,0.162,0.09,0.27,9.09,45.78,17.86,4,36.36,得意,B
3541,三嶌誠司,5,5,40.0,0.0,20.0,60.0,0.162,0.05,0.24,40.0,34.22,25.78,1,20.0,得意,C
4302,西野翔太,4,15,13.33,40.0,13.33,66.67,0.14,0.06,0.24,20.0,45.78,20.89,4,26.67,得意,B
4121,富永修一,4,4,0.0,50.0,25.0,75.0,0.177,0.13,0.23,25.0,45.78,29.22,0,0.0,少数参考,参考
4396,大田直弥,1,9,100.0,0.0,0.0,100.0,0.18,0.06,0.28,33.33,86.47,13.53,0,0.0,得意,C
3843,上之晃弘,3,31,19.35,16.13,32.26,67.74,0.169,0.04,0.24,6.45,54.51,13.23,1,3.23,得意,A
3796,長野道臣,5,3,0.0,0.0,66.67,66.67,0.18,0.15,0.2,33.33,34.22,32.45,1,33.33,少数参考,参考
3713,伊藤誠二,2,6,16.67,33.33,33.33,83.33,0.18,0.16,0.21,0.0,57.97,25.36,1,16.67,得意,C
3443,森秋光,4,3,0.0,33.33,66.67,100.0,0.223,0.17,0.28,0.0,45.78,54.22,1,33.33,少数参考,参考
4231,鈴木裕隆,1,3,66.67,0.0,33.33,100.0,0.153,0.02,0.27,66.67,86.47,13.53,0,0.0,少数参考,参考
3995,重野哲之,4,3,33.33,66.67,0.0,100.0,0.15,0.06,0.23,33.33,45.78,54.22,1,33.33,少数参考,参考
4506,稗田聖也,5,3,0.0,33.33,33.33,66.67,0.117,0.05,0.23,33.33,34.22,32.45,2,66.67,少数参考,参考
3679,飯島昌弘,1,6,50.0,16.67,16.67,83.33,0.162,0.08,0.27,33.33,86.47,-3.14,0,0.0,得意,C
4511,中岡健人,5,5,0.0,0.0,80.0,80.0,0.188,0.12,0.23,20.0,34.22,45.78,1,20.0,得意,C
3434,松尾宣邦,2,6,0.0,50.0,33.33,83.33,0.135,0.07,0.17,16.67,57.97,25.36,0,0.0,得意,C
4158,木場雄二郎,3,6,16.67,50.0,16.67,83.33,0.175,0.11,0.22,33.33,54.51,28.82,0,0.0,得意,C
3755,吉村和也,2,5,20.0,40.0,0.0,60.0,0.176,0.06,0.36,40.0,57.97,2.03,0,0.0,標準,C
4366,前沢丈史,4,12,33.33,50.0,8.33,91.67,0.122,0.03,0.21,41.67,45.78,45.89,2,16.67,得意,B
3105,内山文典,1,4,25.0,0.0,50.0,75.0,0.152,0.13,0.19,0.0,86.47,-11.47,0,0.0,少数参考,参考
3796,長野道臣,3,5,20.0,40.0,20.0,80.0,0.132,0.08,0.19,40.0,54.51,25.49,1,20.0,得意,C
3873,別府昌樹,6,3,0.0,33.33,33.33,66.67,0.167,0.13,0.19,0.0,21.0,45.67,0,0.0,少数参考,参考
4366,前沢丈史,1,16,87.5,6.25,6.25,100.0,0.121,0.04,0.18,56.25,86.47,13.53,0,0.0,得意,B
4158,木場雄二郎,4,5,20.0,20.0,60.0,100.0,0.142,0.08,0.19,60.0,45.78,54.22,0,0.0,得意,C
4231,鈴木裕隆,6,3,0.0,0.0,33.33,33.33,0.143,0.11,0.17,0.0,21.0,12.33,0,0.0,少数参考,参考
3995,重野哲之,1,9,88.89,0.0,11.11,100.0,0.11,0.04,0.22,44.44,86.47,13.53,0,0.0,得意,C
3679,飯島昌弘,3,6,16.67,50.0,0.0,66.67,0.143,0.05,0.21,16.67,54.51,12.16,2,33.33,得意,C
3713,伊藤誠二,1,11,81.82,18.18,0.0,100.0,0.139,0.06,0.21,27.27,86.47,13.53,0,0.0,得意,B
4485,楠原正剛,6,5,0.0,0.0,20.0,20.0,0.1,0.03,0.18,60.0,21.0,-1.0,0,0.0,標準,C
3488,柳田英明,1,4,50.0,25.0,25.0,100.0,0.195,0.13,0.31,25.0,86.47,13.53,0,0.0,少数参考,参考
4004,山本浩輔,2,24,4.17,29.17,20.83,54.17,0.174,0.09,0.36,16.67,57.97,-3.8,1,4.17,標準,A
4506,稗田聖也,3,6,0.0,33.33,50.0,83.33,0.147,0.1,0.22,16.67,54.51,28.82,0,0.0,得意,C
4231,鈴木裕隆,2,4,25.0,25.0,25.0,75.0,0.207,0.14,0.29,25.0,57.97,17.03,0,0.0,少数参考,参考
4511,中岡健人,3,5,0.0,60.0,40.0,100.0,0.204,0.09,0.28,60.0,54.51,45.49,0,0.0,得意,C
4143,浦田晃嗣,1,7,42.86,28.57,0.0,71.43,0.159,0.06,0.28,42.86,86.47,-15.04,0,0.0,得意,C
3434,松尾宣邦,1,5,40.0,60.0,0.0,100.0,0.192,0.12,0.27,20.0,86.47,13.53,0,0.0,得意,C
3831,安藤裕貴,4,4,25.0,25.0,0.0,50.0,0.113,0.01,0.17,25.0,45.78,4.22,1,25.0,少数参考,参考
4748,渡邉雄朗,5,3,0.0,0.0,33.33,33.33,0.123,0.01,0.21,66.67,34.22,-0.89,0,0.0,少数参考,参考
3105,内山文典,3,4,0.0,0.0,50.0,50.0,0.175,0.11,0.23,25.0,54.51,-4.51,0,0.0,少数参考,参考
4488,小山勉,4,3,0.0,33.33,0.0,33.33,0.14,0.09,0.21,33.33,45.78,-12.45,0,0.0,少数参考,参考
3873,別府昌樹,1,8,75.0,0.0,12.5,87.5,0.135,0.08,0.18,37.5,86.47,1.03,0,0.0,得意,C
4060,島田一生,2,8,25.0,0.0,50.0,75.0,0.147,0.08,0.24,25.0,57.97,17.03,0,0.0,得意,C
4748,渡邉雄朗,3,6,16.67,33.33,33.33,83.33,0.127,0.06,0.24,50.0,54.51,28.82,1,16.67,得意,C
3443,森秋光,1,5,100.0,0.0,0.0,100.0,0.164,0.11,0.27,20.0,86.47,13.53,0,0.0,得意,C
3995,重野哲之,3,7,42.86,28.57,28.57,100.0,0.109,0.05,0.21,71.43,54.51,45.49,2,28.57,得意,C
4004,山本浩輔,4,16,18.75,37.5,37.5,93.75,0.162,0.01,0.3,18.75,45.78,47.97,1,6.25,得意,B
3443,森秋光,3,4,0.0,25.0,25.0,50.0,0.223,0.16,0.31,0.0,54.51,-4.51,1,25.0,少数参考,参考
3434,松尾宣邦,4,6,0.0,33.33,16.67,50.0,0.205,0.13,0.25,33.33,45.78,4.22,0,0.0,やや得意,C
4143,浦田晃嗣,5,5,0.0,20.0,60.0,80.0,0.148,0.09,0.2,40.0,34.22,45.78,1,20.0,得意,C
4366,前沢丈史,2,12,16.67,41.67,41.67,100.0,0.122,0.06,0.24,25.0,57.97,42.03,1,8.33,得意,B
3845,中谷朋子,1,15,86.67,6.67,6.67,100.0,0.18,0.06,0.28,33.33,86.47,13.53,0,0.0,得意,B
4088,野田祥子,2,6,33.33,33.33,16.67,83.33,0.21,0.09,0.32,0.0,57.97,25.36,0,0.0,得意,C
3486,渋田治代,5,3,0.0,0.0,66.67,66.67,0.277,0.17,0.41,0.0,34.22,32.45,1,33.33,少数参考,参考
3871,池田紫乃,1,22,63.64,36.36,0.0,100.0,0.132,0.03,0.26,54.55,86.47,13.53,0,0.0,得意,A
3175,渡辺千草,2,7,14.29,28.57,28.57,71.43,0.124,0.06,0.21,28.57,57.97,13.46,0,0.0,得意,C
3128,鳥居智恵,5,4,25.0,0.0,50.0,75.0,0.098,0.03,0.15,75.0,34.22,40.78,1,25.0,少数参考,参考
3604,武藤綾子,6,5,0.0,0.0,20.0,20.0,0.186,0.06,0.27,0.0,21.0,-1.0,1,20.0,標準,C
4208,三浦永理,2,8,50.0,25.0,12.5,87.5,0.18,0.12,0.23,25.0,57.97,29.53,0,0.0,得意,C
3225,松村昌子,3,3,0.0,0.0,33.33,33.33,0.27,0.18,0.34,0.0,54.51,-21.18,0,0.0,少数参考,参考
3289,高橋淳美,4,4,0.0,50.0,25.0,75.0,0.15,0.12,0.21,0.0,45.78,29.22,0,0.0,少数参考,参考
3518,倉田郁美,2,5,0.0,60.0,40.0,100.0,0.198,0.14,0.25,20.0,57.97,42.03,0,0.0,得意,C
3232,山川美由紀,4,9,44.44,33.33,11.11,88.89,0.126,0.05,0.22,66.67,45.78,43.11,1,11.11,得意,C
3993,永井聖美,1,5,80.0,20.0,0.0,100.0,0.212,0.14,0.33,40.0,86.47,13.53,0,0.0,得意,C
3932,池田浩美,2,5,40.0,60.0,0.0,100.0,0.18,0.11,0.27,20.0,57.97,42.03,0,0.0,得意,C
4605,森世里,2,3,0.0,66.67,0.0,66.67,0.207,0.13,0.29,0.0,57.97,8.7,0,0.0,少数参考,参考
4499,滝川真由子,2,13,15.38,23.08,30.77,69.23,0.165,0.08,0.31,15.38,57.97,11.26,0,0.0,得意,B
4399,松本晶恵,4,6,0.0,33.33,50.0,83.33,0.152,0.11,0.22,50.0,45.78,37.55,0,0.0,得意,C
3551,藤田美代,1,4,25.0,50.0,25.0,100.0,0.215,0.19,0.24,0.0,86.47,13.53,0,0.0,少数参考,参考
3611,岩崎芳美,3,3,66.67,33.33,0.0,100.0,0.14,0.07,0.2,33.33,54.51,45.49,0,0.0,少数参考,参考
3302,谷川里江,5,5,0.0,40.0,40.0,80.0,0.182,0.11,0.27,40.0,34.22,45.78,1,20.0,得意,C
3289,高橋淳美,2,6,50.0,0.0,33.33,83.33,0.23,0.08,0.38,50.0,57.97,25.36,1,16.67,得意,C
3618,海野ゆかり,3,8,50.0,50.0,0.0,100.0,0.131,0.06,0.27,50.0,54.51,45.49,1,12.5,得意,C
3932,池田浩美,4,3,0.0,33.33,0.0,33.33,0.143,0.11,0.16,0.0,45.78,-12.45,0,0.0,少数参考,参考
3802,森岡真希,2,5,20.0,60.0,0.0,80.0,0.13,0.04,0.21,20.0,57.97,22.03,0,0.0,得意,C
3175,渡辺千草,4,4,25.0,0.0,25.0,50.0,0.105,0.06,0.16,0.0,45.78,4.22,0,0.0,少数参考,参考
3470,新田芳美,6,3,0.0,33.33,33.33,66.67,0.12,0.01,0.2,33.33,21.0,45.67,0,0.0,少数参考,参考
4208,三浦永理,1,15,66.67,13.33,6.67,86.67,0.167,0.07,0.23,40.0,86.47,0.2,0,0.0,得意,B
3871,池田紫乃,2,14,14.29,57.14,14.29,85.71,0.174,0.06,0.29,7.14,57.97,27.74,0,0.0,得意,B
3518,倉田郁美,4,7,28.57,42.86,28.57,100.0,0.173,0.03,0.31,28.57,45.78,54.22,1,14.29,得意,C
3611,岩崎芳美,6,3,0.0,0.0,66.67,66.67,0.203,0.18,0.24,33.33,21.0,45.67,0,0.0,少数参考,参考
4499,滝川真由子,1,34,67.65,17.65,8.82,94.12,0.138,0.02,0.29,41.18,86.47,7.65,0,0.0,得意,A
3188,日高逸子,3,3,33.33,0.0,33.33,66.67,0.16,0.12,0.19,33.33,54.51,12.16,1,33.33,少数参考,参考
3470,新田芳美,1,12,58.33,25.0,8.33,91.67,0.173,0.11,0.23,33.33,86.47,5.2,0,0.0,得意,B
4730,土屋実沙希,2,4,0.0,75.0,25.0,100.0,0.26,0.23,0.29,0.0,57.97,42.03,0,0.0,少数参考,参考
4499,滝川真由子,5,13,23.08,7.69,46.15,76.92,0.147,0.06,0.27,30.77,34.22,42.7,4,30.77,得意,B
4611,今井美亜,1,5,80.0,20.0,0.0,100.0,0.13,0.01,0.19,60.0,86.47,13.53,0,0.0,得意,C
3486,渋田治代,4,3,0.0,66.67,0.0,66.67,0.21,0.15,0.25,33.33,45.78,20.89,0,0.0,少数参考,参考
3175,渡辺千草,1,4,0.0,0.0,50.0,50.0,0.207,0.04,0.44,0.0,86.47,-36.47,0,0.0,少数参考,参考
3704,本部めぐみ,5,4,0.0,50.0,25.0,75.0,0.165,0.14,0.19,75.0,34.22,40.78,1,25.0,少数参考,参考
3618,海野ゆかり,1,12,58.33,16.67,16.67,91.67,0.174,0.08,0.29,41.67,86.47,5.2,0,0.0,得意,B
4244,鈴木成美,4,5,60.0,0.0,0.0,60.0,0.166,0.11,0.2,60.0,45.78,14.22,0,0.0,得意,C
3551,藤田美代,5,4,0.0,0.0,25.0,25.0,0.167,0.12,0.22,25.0,34.22,-9.22,0,0.0,少数参考,参考
4347,魚谷香織,6,6,0.0,16.67,66.67,83.33,0.173,0.05,0.29,16.67,21.0,62.33,0,0.0,得意,C
4605,森世里,6,3,0.0,0.0,66.67,66.67,0.203,0.07,0.35,0.0,21.0,45.67,0,0.0,少数参考,参考
3611,岩崎芳美,2,4,25.0,50.0,0.0,75.0,0.115,0.08,0.17,25.0,57.97,17.03,0,0.0,少数参考,参考
3932,池田浩美,3,3,0.0,33.33,33.33,66.67,0.103,0.01,0.22,33.33,54.51,12.16,0,0.0,少数参考,参考
4275,菅野はやか,4,4,0.0,25.0,75.0,100.0,0.195,0.11,0.26,25.0,45.78,54.22,1,25.0,少数参考,参考
4208,三浦永理,6,3,33.33,33.33,0.0,66.67,0.143,0.1,0.19,33.33,21.0,45.67,0,0.0,少数参考,参考
4244,鈴木成美,1,4,75.0,0.0,25.0,100.0,0.165,0.08,0.24,25.0,86.47,13.53,0,0.0,少数参考,参考
3232,山川美由紀,3,7,28.57,28.57,28.57,85.71,0.161,0.09,0.26,28.57,54.51,31.2,0,0.0,得意,C
3845,中谷朋子,5,4,0.0,0.0,75.0,75.0,0.215,0.16,0.25,0.0,34.22,40.78,0,0.0,少数参考,参考
3618,海野ゆかり,2,7,42.86,28.57,0.0,71.43,0.161,0.07,0.28,28.57,57.97,13.46,0,0.0,得意,C
3518,倉田郁美,1,6,16.67,33.33,16.67,66.67,0.19,0.11,0.26,16.67,86.47,-19.8,0,0.0,苦手,C
4499,滝川真由子,3,20,25.0,40.0,15.0,80.0,0.157,0.01,0.3,25.0,54.51,25.49,1,5.0,得意,A
3611,岩崎芳美,1,5,60.0,40.0,0.0,100.0,0.162,0.07,0.23,20.0,86.47,13.53,0,0.0,得意,C
3188,日高逸子,1,4,75.0,25.0,0.0,100.0,0.085,0.03,0.13,75.0,86.47,13.53,0,0.0,少数参考,参考
3302,谷川里江,3,6,16.67,16.67,33.33,66.67,0.17,0.15,0.2,50.0,54.51,12.16,2,33.33,得意,C
3871,池田紫乃,3,23,13.04,30.43,34.78,78.26,0.163,0.02,0.26,21.74,54.51,23.75,1,4.35,得意,A
4275,菅野はやか,2,4,0.0,0.0,25.0,25.0,0.26,0.2,0.34,0.0,57.97,-32.97,0,0.0,少数参考,参考
4744,伊藤玲奈,5,5,0.0,40.0,20.0,60.0,0.142,0.11,0.17,20.0,34.22,25.78,1,20.0,得意,C
3486,渋田治代,2,3,0.0,100.0,0.0,100.0,0.233,0.22,0.26,0.0,57.97,42.03,0,0.0,少数参考,参考
4499,滝川真由子,4,21,23.81,38.1,23.81,85.71,0.16,0.05,0.25,33.33,45.78,39.93,2,9.52,得意,A
3932,池田浩美,5,4,0.0,25.0,25.0,50.0,0.193,0.13,0.32,0.0,34.22,15.78,0,0.0,少数参考,参考
3845,中谷朋子,3,8,0.0,12.5,62.5,75.0,0.182,0.1,0.25,12.5,54.51,20.49,2,25.0,得意,C
3551,藤田美代,2,4,25.0,50.0,25.0,100.0,0.2,0.06,0.31,25.0,57.97,42.03,0,0.0,少数参考,参考
3693,栢場優子,2,4,0.0,25.0,25.0,50.0,0.178,0.07,0.28,25.0,57.97,-7.97,0,0.0,少数参考,参考
4088,野田祥子,4,7,0.0,42.86,14.29,57.14,0.203,0.17,0.27,0.0,45.78,11.36,0,0.0,得意,C
4730,土屋実沙希,6,3,0.0,0.0,33.33,33.33,0.193,0.15,0.22,33.33,21.0,12.33,0,0.0,少数参考,参考
3470,新田芳美,3,6,16.67,16.67,33.33,66.67,0.175,0.06,0.29,16.67,54.51,12.16,1,16.67,得意,C
4347,魚谷香織,4,6,16.67,16.67,50.0,83.33,0.192,0.12,0.25,16.67,45.78,37.55,0,0.0,得意,C
4244,鈴木成美,5,4,0.0,25.0,50.0,75.0,0.198,0.15,0.26,50.0,34.22,40.78,1,25.0,少数参考,参考
4208,三浦永理,4,8,25.0,12.5,25.0,62.5,0.17,0.12,0.23,37.5,45.78,16.72,0,0.0,得意,C
3604,武藤綾子,5,4,0.0,50.0,25.0,75.0,0.203,0.18,0.22,0.0,34.22,40.78,0,0.0,少数参考,参考
3611,岩崎芳美,5,4,0.0,25.0,50.0,75.0,0.133,0.05,0.19,0.0,34.22,40.78,0,0.0,少数参考,参考
3845,中谷朋子,2,12,16.67,41.67,16.67,75.0,0.199,0.08,0.31,0.0,57.97,17.03,2,16.67,得意,B
3518,倉田郁美,5,4,0.0,0.0,50.0,50.0,0.13,0.05,0.26,0.0,34.22,15.78,2,50.0,少数参考,参考
4347,魚谷香織,1,13,69.23,15.38,0.0,84.62,0.149,0.06,0.29,30.77,86.47,-1.85,0,0.0,得意,B
3943,三松直美,1,3,33.33,0.0,0.0,33.33,0.233,0.14,0.28,0.0,86.47,-53.14,0,0.0,少数参考,参考
4317,木村沙友希,2,3,100.0,0.0,0.0,100.0,0.177,0.1,0.22,66.67,57.97,42.03,0,0.0,少数参考,参考
3618,海野ゆかり,4,6,0.0,33.33,50.0,83.33,0.218,0.11,0.32,33.33,45.78,37.55,0,0.0,得意,C
4088,野田祥子,3,6,16.67,66.67,16.67,100.0,0.19,0.06,0.28,16.67,54.51,45.49,0,0.0,得意,C
4347,魚谷香織,3,6,16.67,33.33,33.33,83.33,0.205,0.07,0.31,16.67,54.51,28.82,0,0.0,得意,C
4730,土屋実沙希,5,3,33.33,0.0,33.33,66.67,0.193,0.18,0.21,33.33,34.22,32.45,0,0.0,少数参考,参考
4738,清埜翔子,4,3,0.0,0.0,33.33,33.33,0.143,0.09,0.22,33.33,45.78,-12.45,0,0.0,少数参考,参考
3486,渋田治代,3,5,0.0,20.0,0.0,20.0,0.254,0.15,0.46,0.0,54.51,-34.51,0,0.0,苦手,C
3470,新田芳美,5,8,12.5,62.5,12.5,87.5,0.145,0.01,0.26,25.0,34.22,53.28,0,0.0,得意,C
3845,中谷朋子,4,5,40.0,0.0,20.0,60.0,0.2,0.08,0.31,40.0,45.78,14.22,0,0.0,得意,C
3604,武藤綾子,3,5,20.0,20.0,20.0,60.0,0.178,0.09,0.31,0.0,54.51,5.49,0,0.0,やや得意,C
3693,栢場優子,5,4,0.0,25.0,0.0,25.0,0.12,0.06,0.15,0.0,34.22,-9.22,0,0.0,少数参考,参考
4088,野田祥子,1,5,40.0,40.0,0.0,80.0,0.27,0.23,0.33,0.0,86.47,-6.47,0,0.0,標準,C
4347,魚谷香織,2,7,42.86,14.29,28.57,85.71,0.201,0.18,0.23,14.29,57.97,27.74,0,0.0,得意,C
3518,倉田郁美,3,6,0.0,0.0,66.67,66.67,0.158,0.11,0.21,0.0,54.51,12.16,0,0.0,得意,C
3470,新田芳美,4,5,0.0,0.0,60.0,60.0,0.156,0.08,0.28,0.0,45.78,14.22,0,0.0,得意,C
4208,三浦永理,5,4,0.0,25.0,50.0,75.0,0.188,0.12,0.22,25.0,34.22,40.78,0,0.0,少数参考,参考
3302,谷川里江,2,4,25.0,50.0,25.0,100.0,0.193,0.1,0.26,25.0,57.97,42.03,0,0.0,少数参考,参考
4765,野田部宏子,6,4,25.0,0.0,25.0,50.0,0.125,0.07,0.17,25.0,21.0,29.0,1,25.0,少数参考,参考
3704,本部めぐみ,3,3,0.0,0.0,0.0,0.0,0.247,0.13,0.37,33.33,54.51,-54.51,0,0.0,少数参考,参考
3551,藤田美代,3,4,25.0,0.0,75.0,100.0,0.158,0.09,0.22,25.0,54.51,45.49,0,0.0,少数参考,参考
4765,野田部宏子,5,3,33.33,0.0,33.33,66.67,0.087,0.02,0.13,33.33,34.22,32.45,0,0.0,少数参考,参考
3551,藤田美代,4,4,0.0,0.0,75.0,75.0,0.2,0.17,0.23,25.0,45.78,29.22,1,25.0,少数参考,参考
3227,長岡茂一,1,4,25.0,75.0,0.0,100.0,0.172,0.09,0.27,50.0,86.47,13.53,0,0.0,少数参考,参考
2568,中村義雄,2,3,33.33,0.0,33.33,66.67,0.153,0.11,0.2,66.67,57.97,8.7,1,33.33,少数参考,参考
3339,泉具巳,4,7,42.86,42.86,14.29,100.0,0.12,0.06,0.19,71.43,45.78,54.22,1,14.29,得意,C
3629,浅見昌克,5,5,20.0,0.0,40.0,60.0,0.104,0.03,0.14,40.0,34.22,25.78,1,20.0,得意,C
3295,濱村芳宏,1,3,100.0,0.0,0.0,100.0,0.19,0.14,0.26,0.0,86.47,13.53,0,0.0,少数参考,参考
3458,東健介,3,6,0.0,33.33,50.0,83.33,0.12,0.06,0.18,16.67,54.51,28.82,1,16.67,得意,C
2776,三谷征伸,4,3,0.0,0.0,0.0,0.0,0.17,0.13,0.24,0.0,45.78,-45.78,0,0.0,少数参考,参考
3463,乙津康志,1,11,45.45,9.09,9.09,63.64,0.235,0.17,0.31,0.0,86.47,-22.83,0,0.0,苦手,B
3477,近藤稔也,2,7,0.0,28.57,42.86,71.43,0.209,0.06,0.32,0.0,57.97,13.46,0,0.0,得意,C
3226,浦田信義,3,10,10.0,40.0,20.0,70.0,0.164,0.05,0.26,10.0,54.51,15.49,1,10.0,得意,B
3690,河合三弘,6,3,0.0,0.0,33.33,33.33,0.2,0.16,0.27,33.33,21.0,12.33,0,0.0,少数参考,参考
3432,宮迫暢彦,1,9,66.67,22.22,0.0,88.89,0.131,0.07,0.19,22.22,86.47,2.42,0,0.0,得意,C
3156,金子良昭,2,6,16.67,33.33,16.67,66.67,0.098,0.01,0.2,33.33,57.97,8.7,2,33.33,得意,C
3282,池本輝明,4,9,0.0,11.11,44.44,55.56,0.186,0.08,0.26,11.11,45.78,9.78,0,0.0,得意,C
3563,堤昇,5,4,0.0,25.0,0.0,25.0,0.11,0.04,0.15,25.0,34.22,-9.22,1,25.0,少数参考,参考
2878,富山弘幸,2,9,22.22,44.44,33.33,100.0,0.172,0.09,0.25,22.22,57.97,42.03,1,11.11,得意,C
3161,古場輝義,3,13,15.38,53.85,30.77,100.0,0.162,0.07,0.22,15.38,54.51,45.49,1,7.69,得意,B
3300,川崎智幸,6,4,25.0,25.0,25.0,75.0,0.193,0.13,0.27,25.0,21.0,54.0,0,0.0,少数参考,参考
3171,田川忠志,6,3,0.0,0.0,33.33,33.33,0.18,0.12,0.21,33.33,21.0,12.33,0,0.0,少数参考,参考
3156,金子良昭,3,6,33.33,16.67,16.67,66.67,0.163,0.11,0.23,16.67,54.51,12.16,2,33.33,得意,C
3339,泉具巳,5,3,33.33,33.33,0.0,66.67,0.15,0.08,0.22,0.0,34.22,32.45,0,0.0,少数参考,参考
3502,渡邉英児,1,5,40.0,20.0,40.0,100.0,0.226,0.15,0.31,0.0,86.47,13.53,0,0.0,得意,C
3233,小畑実成,2,3,0.0,100.0,0.0,100.0,0.163,0.11,0.21,0.0,57.97,42.03,0,0.0,少数参考,参考
3458,東健介,1,6,16.67,50.0,16.67,83.33,0.145,0.03,0.34,16.67,86.47,-3.14,0,0.0,標準,C
3282,池本輝明,2,9,22.22,44.44,11.11,77.78,0.173,0.1,0.24,0.0,57.97,19.81,0,0.0,得意,C
3629,浅見昌克,3,9,22.22,33.33,33.33,88.89,0.09,0.01,0.18,66.67,54.51,34.38,0,0.0,得意,C
3463,乙津康志,4,4,0.0,25.0,25.0,50.0,0.155,0.11,0.19,0.0,45.78,4.22,0,0.0,少数参考,参考
3499,市川哲也,5,5,0.0,20.0,60.0,80.0,0.146,0.11,0.17,20.0,34.22,45.78,1,20.0,得意,C
3563,堤昇,6,3,0.0,33.33,33.33,66.67,0.223,0.19,0.27,0.0,21.0,45.67,0,0.0,少数参考,参考
3563,堤昇,1,6,66.67,33.33,0.0,100.0,0.125,0.08,0.21,33.33,86.47,13.53,0,0.0,得意,C
2912,尾崎鉄也,5,6,0.0,33.33,16.67,50.0,0.165,0.02,0.29,16.67,34.22,15.78,1,16.67,得意,C
3282,池本輝明,1,11,63.64,9.09,0.0,72.73,0.145,0.07,0.21,45.45,86.47,-13.74,0,0.0,得意,B
2505,小泉秀人,2,4,0.0,25.0,25.0,50.0,0.268,0.25,0.29,0.0,57.97,-7.97,0,0.0,少数参考,参考
3477,近藤稔也,4,7,0.0,28.57,42.86,71.43,0.16,0.07,0.25,14.29,45.78,25.65,0,0.0,得意,C
3501,川上昇平,6,9,0.0,33.33,33.33,66.67,0.133,0.07,0.26,55.56,21.0,45.67,1,11.11,得意,C
3233,小畑実成,1,6,83.33,16.67,0.0,100.0,0.185,0.07,0.32,50.0,86.47,13.53,0,0.0,得意,C
3156,金子良昭,4,6,16.67,33.33,33.33,83.33,0.167,0.12,0.23,0.0,45.78,37.55,1,16.67,得意,C
3300,川崎智幸,1,20,80.0,15.0,0.0,95.0,0.143,0.04,0.23,65.0,86.47,8.53,0,0.0,得意,A
3460,堤健一,4,3,0.0,0.0,66.67,66.67,0.18,0.14,0.24,0.0,45.78,20.89,0,0.0,少数参考,参考
2568,中村義雄,1,3,0.0,66.67,0.0,66.67,0.167,0.12,0.22,33.33,86.47,-19.8,0,0.0,少数参考,参考
3499,市川哲也,2,4,25.0,50.0,25.0,100.0,0.17,0.11,0.28,0.0,57.97,42.03,0,0.0,少数参考,参考
3432,宮迫暢彦,4,7,14.29,28.57,14.29,57.14,0.144,0.04,0.22,57.14,45.78,11.36,3,42.86,得意,C
3227,長岡茂一,5,3,33.33,0.0,66.67,100.0,0.177,0.12,0.25,66.67,34.22,65.78,1,33.33,少数参考,参考
3629,浅見昌克,2,4,25.0,50.0,25.0,100.0,0.123,0.01,0.17,25.0,57.97,42.03,0,0.0,少数参考,参考
3463,乙津康志,5,4,0.0,25.0,50.0,75.0,0.242,0.13,0.32,0.0,34.22,40.78,1,25.0,少数参考,参考
3226,浦田信義,1,5,40.0,20.0,40.0,100.0,0.174,0.07,0.31,0.0,86.47,13.53,0,0.0,得意,C
3156,金子良昭,1,5,40.0,40.0,20.0,100.0,0.122,0.05,0.17,40.0,86.47,13.53,0,0.0,得意,C
3261,大川茂実,5,4,0.0,0.0,75.0,75.0,0.203,0.14,0.25,0.0,34.22,40.78,2,50.0,少数参考,参考
3284,渡邊伸太郎,1,15,73.33,6.67,13.33,93.33,0.139,0.01,0.31,46.67,86.47,6.86,0,0.0,得意,B
3563,堤昇,2,8,25.0,50.0,25.0,100.0,0.191,0.1,0.31,12.5,57.97,42.03,1,12.5,得意,C
3300,川崎智幸,3,11,18.18,45.45,18.18,81.82,0.144,0.07,0.21,27.27,54.51,27.31,0,0.0,得意,B
3501,川上昇平,5,15,6.67,0.0,60.0,66.67,0.128,0.04,0.27,46.67,34.22,32.45,2,13.33,得意,B
3499,市川哲也,1,13,84.62,7.69,7.69,100.0,0.138,0.03,0.23,38.46,86.47,13.53,1,7.69,得意,B
3502,渡邉英児,2,3,0.0,66.67,33.33,100.0,0.183,0.14,0.25,0.0,57.97,42.03,0,0.0,少数参考,参考
3282,池本輝明,3,7,14.29,28.57,14.29,57.14,0.16,0.07,0.26,14.29,54.51,2.63,1,14.29,標準,C
3463,乙津康志,6,5,20.0,20.0,40.0,80.0,0.226,0.09,0.33,40.0,21.0,59.0,0,0.0,得意,C
3629,浅見昌克,1,11,54.55,36.36,0.0,90.91,0.145,0.06,0.24,45.45,86.47,4.44,0,0.0,得意,B
3171,田川忠志,2,8,0.0,25.0,50.0,75.0,0.214,0.08,0.32,25.0,57.97,17.03,0,0.0,得意,C
3161,古場輝義,1,13,61.54,15.38,15.38,92.31,0.144,0.03,0.29,23.08,86.47,5.84,1,7.69,得意,B
3227,長岡茂一,3,4,50.0,0.0,25.0,75.0,0.13,0.09,0.21,50.0,54.51,20.49,0,0.0,少数参考,参考
3284,渡邊伸太郎,4,12,8.33,8.33,33.33,50.0,0.178,0.09,0.25,8.33,45.78,4.22,0,0.0,やや得意,B
3502,渡邉英児,4,5,20.0,20.0,20.0,60.0,0.174,0.09,0.24,40.0,45.78,14.22,3,60.0,得意,C
2887,大井崇夫,3,3,0.0,33.33,33.33,66.67,0.18,0.09,0.28,0.0,54.51,12.16,0,0.0,少数参考,参考
3463,乙津康志,2,5,20.0,20.0,40.0,80.0,0.162,0.14,0.19,20.0,57.97,22.03,0,0.0,得意,C
3563,堤昇,4,5,20.0,20.0,40.0,80.0,0.146,0.11,0.18,40.0,45.78,34.22,1,20.0,得意,C
3171,田川忠志,1,3,33.33,66.67,0.0,100.0,0.153,0.11,0.23,66.67,86.47,13.53,0,0.0,少数参考,参考
3226,浦田信義,4,5,20.0,20.0,20.0,60.0,0.174,0.12,0.29,40.0,45.78,14.22,0,0.0,得意,C
3224,栗山繁洋,1,8,62.5,25.0,12.5,100.0,0.129,0.0,0.24,62.5,86.47,13.53,0,0.0,得意,C
3499,市川哲也,3,10,10.0,30.0,30.0,70.0,0.157,0.04,0.31,20.0,54.51,15.49,1,10.0,得意,B
3284,渡邊伸太郎,5,13,0.0,7.69,53.85,61.54,0.158,0.07,0.27,23.08,34.22,27.32,2,15.38,得意,B
2878,富山弘幸,1,8,25.0,37.5,25.0,87.5,0.16,0.11,0.25,25.0,86.47,1.03,0,0.0,得意,C
3295,濱村芳宏,2,3,0.0,66.67,33.33,100.0,0.157,0.08,0.21,33.33,57.97,42.03,0,0.0,少数参考,参考
3227,長岡茂一,4,3,0.0,0.0,33.33,33.33,0.18,0.14,0.24,33.33,45.78,-12.45,1,33.33,少数参考,参考
3463,乙津康志,3,4,0.0,50.0,50.0,100.0,0.172,0.05,0.31,50.0,54.51,45.49,1,25.0,少数参考,参考
3300,川崎智幸,4,6,16.67,50.0,16.67,83.33,0.108,0.07,0.15,66.67,45.78,37.55,1,16.67,得意,C
3460,堤健一,2,3,0.0,0.0,100.0,100.0,0.203,0.13,0.24,0.0,57.97,42.03,0,0.0,少数参考,参考
3339,泉具巳,1,4,50.0,50.0,0.0,100.0,0.16,0.14,0.21,50.0,86.47,13.53,0,0.0,少数参考,参考
3432,宮迫暢彦,2,6,0.0,33.33,50.0,83.33,0.133,0.07,0.21,50.0,57.97,25.36,0,0.0,得意,C
3284,渡邊伸太郎,2,14,14.29,28.57,28.57,71.43,0.168,0.07,0.32,7.14,57.97,13.46,2,14.29,得意,B
3458,東健介,2,9,0.0,22.22,22.22,44.44,0.142,0.08,0.25,0.0,57.97,-13.53,0,0.0,苦手,C
3477,近藤稔也,1,9,44.44,11.11,11.11,66.67,0.207,0.15,0.31,11.11,86.47,-19.8,0,0.0,苦手,C
2878,富山弘幸,5,6,0.0,0.0,33.33,33.33,0.153,0.07,0.28,16.67,34.22,-0.89,1,16.67,標準,C
3339,泉具巳,3,5,0.0,40.0,0.0,40.0,0.132,0.07,0.19,40.0,54.51,-14.51,0,0.0,苦手,C
3284,渡邊伸太郎,6,4,0.0,50.0,50.0,100.0,0.207,0.02,0.42,25.0,21.0,79.0,0,0.0,少数参考,参考
3226,浦田信義,5,3,0.0,33.33,33.33,66.67,0.127,0.06,0.17,0.0,34.22,32.45,1,33.33,少数参考,参考
3458,東健介,6,4,0.0,0.0,0.0,0.0,0.182,0.09,0.23,25.0,21.0,-21.0,0,0.0,少数参考,参考
3224,栗山繁洋,2,5,20.0,20.0,40.0,80.0,0.132,0.02,0.18,40.0,57.97,22.03,0,0.0,得意,C
3477,近藤稔也,6,3,0.0,33.33,33.33,66.67,0.217,0.18,0.26,0.0,21.0,45.67,1,33.33,少数参考,参考
2878,富山弘幸,4,7,14.29,28.57,28.57,71.43,0.191,0.08,0.34,14.29,45.78,25.65,2,28.57,得意,C
3224,栗山繁洋,4,10,30.0,40.0,20.0,90.0,0.134,0.01,0.25,20.0,45.78,44.22,2,20.0,得意,B
3629,浅見昌克,6,5,0.0,20.0,60.0,80.0,0.098,0.05,0.16,80.0,21.0,59.0,0,0.0,得意,C
2912,尾崎鉄也,2,8,0.0,62.5,37.5,100.0,0.115,0.04,0.16,37.5,57.97,42.03,0,0.0,得意,C
3224,栗山繁洋,3,9,11.11,66.67,11.11,88.89,0.11,0.04,0.16,55.56,54.51,34.38,1,11.11,得意,C
3458,東健介,5,4,0.0,0.0,75.0,75.0,0.158,0.13,0.19,0.0,34.22,40.78,0,0.0,少数参考,参考
3171,田川忠志,3,4,0.0,25.0,50.0,75.0,0.195,0.05,0.31,0.0,54.51,20.49,2,50.0,少数参考,参考
3432,宮迫暢彦,5,6,16.67,16.67,33.33,66.67,0.18,0.12,0.23,0.0,34.22,32.45,2,33.33,得意,C
3477,近藤稔也,3,10,10.0,0.0,40.0,50.0,0.162,0.07,0.24,0.0,54.51,-4.51,1,10.0,標準,B
3432,宮迫暢彦,3,6,0.0,16.67,16.67,33.33,0.17,0.11,0.21,16.67,54.51,-21.18,0,0.0,苦手,C
3434,松尾宣邦,3,4,0.0,25.0,50.0,75.0,0.143,0.06,0.23,0.0,54.51,20.49,1,25.0,少数参考,参考
3458,東健介,4,5,0.0,40.0,20.0,60.0,0.154,0.07,0.25,20.0,45.78,14.22,0,0.0,得意,C
3233,小畑実成,4,3,0.0,33.33,66.67,100.0,0.18,0.12,0.21,33.33,45.78,54.22,1,33.33,少数参考,参考
3282,池本輝明,5,9,0.0,33.33,22.22,55.56,0.214,0.13,0.29,0.0,34.22,21.34,4,44.44,得意,C
3339,泉具巳,2,4,0.0,25.0,50.0,75.0,0.128,0.07,0.22,0.0,57.97,17.03,0,0.0,少数参考,参考
4158,木場雄二郎,5,3,0.0,66.67,33.33,100.0,0.157,0.12,0.18,66.67,34.22,65.78,0,0.0,少数参考,参考
4747,山戸信二,6,12,0.0,25.0,8.33,33.33,0.152,0.05,0.45,75.0,21.0,12.33,2,16.67,得意,B
4506,稗田聖也,4,5,60.0,0.0,20.0,80.0,0.124,0.07,0.18,60.0,45.78,34.22,1,20.0,得意,C
3713,伊藤誠二,3,7,0.0,42.86,28.57,71.43,0.159,0.11,0.27,28.57,54.51,16.92,1,14.29,得意,C
3995,重野哲之,2,4,50.0,50.0,0.0,100.0,0.195,0.1,0.29,0.0,57.97,42.03,0,0.0,少数参考,参考
4060,島田一生,3,6,0.0,0.0,16.67,16.67,0.138,0.01,0.21,33.33,54.51,-37.84,0,0.0,苦手,C
4396,大田直弥,3,7,28.57,28.57,28.57,85.71,0.181,0.12,0.23,28.57,54.51,31.2,2,28.57,得意,C
3627,井上恵一,5,8,0.0,0.0,50.0,50.0,0.176,0.12,0.24,12.5,34.22,15.78,1,12.5,得意,C
4004,山本浩輔,1,27,48.15,29.63,0.0,77.78,0.15,0.02,0.28,48.15,86.47,-8.69,1,3.7,得意,A
3755,吉村和也,3,7,14.29,57.14,14.29,85.71,0.177,0.12,0.26,42.86,54.51,31.2,0,0.0,得意,C
3105,内山文典,2,3,33.33,0.0,33.33,66.67,0.167,0.09,0.21,0.0,57.97,8.7,0,0.0,少数参考,参考
4060,島田一生,1,6,50.0,16.67,0.0,66.67,0.14,0.07,0.22,83.33,86.47,-19.8,0,0.0,得意,C
3713,伊藤誠二,4,6,33.33,33.33,0.0,66.67,0.15,0.06,0.27,16.67,45.78,20.89,1,16.67,得意,C
4121,富永修一,3,5,0.0,20.0,80.0,100.0,0.188,0.1,0.31,60.0,54.51,45.49,0,0.0,得意,C
3796,長野道臣,2,5,20.0,60.0,20.0,100.0,0.172,0.14,0.21,0.0,57.97,42.03,0,0.0,得意,C
3527,中嶋誠一郎,5,24,4.17,16.67,41.67,62.5,0.165,0.07,0.31,12.5,34.22,28.28,2,8.33,得意,A
4511,中岡健人,2,5,20.0,20.0,40.0,80.0,0.168,0.11,0.25,20.0,57.97,22.03,0,0.0,得意,C
4747,山戸信二,5,13,7.69,23.08,30.77,61.54,0.142,0.04,0.24,38.46,34.22,27.32,5,38.46,得意,B
4158,木場雄二郎,2,3,33.33,33.33,0.0,66.67,0.183,0.12,0.29,0.0,57.97,8.7,0,0.0,少数参考,参考
4752,西尾亮輔,6,3,0.0,0.0,0.0,0.0,0.197,0.11,0.25,33.33,21.0,-21.0,0,0.0,少数参考,参考
4366,前沢丈史,3,11,27.27,36.36,36.36,100.0,0.156,0.09,0.32,36.36,54.51,45.49,0,0.0,得意,B
3755,吉村和也,1,7,71.43,28.57,0.0,100.0,0.223,0.12,0.41,28.57,86.47,13.53,0,0.0,得意,C
4748,渡邉雄朗,2,3,0.0,66.67,33.33,100.0,0.18,0.14,0.22,33.33,57.97,42.03,0,0.0,少数参考,参考
3105,内山文典,5,3,0.0,0.0,0.0,0.0,0.163,0.06,0.26,0.0,34.22,-34.22,2,66.67,少数参考,参考
3679,飯島昌弘,2,3,0.0,66.67,33.33,100.0,0.12,0.08,0.16,66.67,57.97,42.03,0,0.0,少数参考,参考
3873,別府昌樹,3,4,0.0,25.0,50.0,75.0,0.18,0.13,0.22,25.0,54.51,20.49,0,0.0,少数参考,参考
3843,上之晃弘,1,39,61.54,20.51,15.38,97.44,0.147,0.0,0.28,46.15,86.47,10.97,0,0.0,得意,A
4004,山本浩輔,5,18,5.56,11.11,55.56,72.22,0.154,0.0,0.3,22.22,34.22,38.0,3,16.67,得意,B
4143,浦田晃嗣,4,4,0.0,25.0,50.0,75.0,0.16,0.08,0.22,50.0,45.78,29.22,2,50.0,少数参考,参考
3873,別府昌樹,5,5,0.0,60.0,40.0,100.0,0.134,0.06,0.21,20.0,34.22,65.78,0,0.0,得意,C
4366,前沢丈史,6,5,0.0,20.0,40.0,60.0,0.15,0.09,0.19,60.0,21.0,39.0,1,20.0,得意,C
3713,伊藤誠二,5,3,33.33,0.0,0.0,33.33,0.167,0.12,0.2,33.33,34.22,-0.89,1,33.33,少数参考,参考
3986,沖島広和,1,9,100.0,0.0,0.0,100.0,0.126,0.04,0.21,66.67,86.47,13.53,0,0.0,得意,C
2505,小泉秀人,4,8,25.0,12.5,25.0,62.5,0.21,0.08,0.41,12.5,45.78,16.72,1,12.5,得意,C
3951,石川吉鎬,1,10,60.0,10.0,30.0,100.0,0.164,0.09,0.25,20.0,86.47,13.53,0,0.0,得意,B
4684,楠原翔太,2,8,0.0,50.0,12.5,62.5,0.164,0.07,0.26,25.0,57.97,4.53,0,0.0,やや得意,C
4151,下河誉史,3,13,7.69,38.46,23.08,69.23,0.172,0.05,0.28,7.69,54.51,14.72,2,15.38,得意,B
4274,長畑友輔,5,4,0.0,25.0,25.0,50.0,0.23,0.19,0.32,0.0,34.22,15.78,0,0.0,少数参考,参考
4087,吉田敦志,2,5,0.0,40.0,20.0,60.0,0.14,0.06,0.22,20.0,57.97,2.03,1,20.0,標準,C
3953,志道吉和,5,5,0.0,20.0,20.0,40.0,0.178,0.14,0.22,20.0,34.22,5.78,1,20.0,やや得意,C
3919,村上純,1,11,54.55,27.27,0.0,81.82,0.156,0.04,0.27,45.45,86.47,-4.65,3,27.27,得意,B
4345,西舘健,2,3,33.33,0.0,33.33,66.67,0.153,0.07,0.21,33.33,57.97,8.7,0,0.0,少数参考,参考
3518,倉田郁美,6,3,33.33,33.33,0.0,66.67,0.157,0.14,0.17,66.67,21.0,45.67,1,33.33,少数参考,参考
3123,中西宏文,4,5,20.0,20.0,20.0,60.0,0.19,0.07,0.36,40.0,45.78,14.22,2,40.0,得意,C
4134,杉山貴博,1,12,75.0,8.33,8.33,91.67,0.142,0.03,0.22,33.33,86.47,5.2,0,0.0,得意,B
4011,堀之内紀代子,3,4,25.0,75.0,0.0,100.0,0.115,0.06,0.21,75.0,54.51,45.49,0,0.0,少数参考,参考
4151,下河誉史,5,7,0.0,0.0,42.86,42.86,0.239,0.12,0.34,14.29,34.22,8.64,3,42.86,得意,C
4105,松下直也,4,6,0.0,66.67,33.33,100.0,0.157,0.07,0.27,16.67,45.78,54.22,0,0.0,得意,C
4278,藤岡俊介,5,7,14.29,28.57,28.57,71.43,0.123,0.04,0.17,42.86,34.22,37.21,1,14.29,得意,C
3997,北村征嗣,3,5,0.0,60.0,20.0,80.0,0.144,0.06,0.23,60.0,54.51,25.49,0,0.0,得意,C
4290,稲田浩二,6,4,0.0,0.0,50.0,50.0,0.117,0.1,0.13,75.0,21.0,29.0,0,0.0,少数参考,参考
3592,橋本健造,5,3,0.0,33.33,0.0,33.33,0.107,0.06,0.16,66.67,34.22,-0.89,2,66.67,少数参考,参考
4560,庄司樹良々,2,7,0.0,0.0,42.86,42.86,0.169,0.11,0.35,14.29,57.97,-15.11,0,0.0,苦手,C
3908,重成一人,3,4,25.0,75.0,0.0,100.0,0.147,0.04,0.3,50.0,54.51,45.49,2,50.0,少数参考,参考
3997,北村征嗣,1,10,70.0,10.0,20.0,100.0,0.135,0.04,0.18,50.0,86.47,13.53,0,0.0,得意,B
4536,喜井つかさ,2,8,25.0,25.0,25.0,75.0,0.144,0.06,0.19,12.5,57.97,17.03,0,0.0,得意,C
4105,松下直也,6,6,0.0,0.0,66.67,66.67,0.172,0.06,0.26,16.67,21.0,45.67,0,0.0,得意,C
3951,石川吉鎬,4,9,11.11,22.22,11.11,44.44,0.172,0.11,0.26,22.22,45.78,-1.34,1,11.11,標準,C
4011,堀之内紀代子,5,6,16.67,33.33,33.33,83.33,0.11,0.04,0.17,33.33,34.22,49.11,0,0.0,得意,C
4134,杉山貴博,3,7,14.29,14.29,28.57,57.14,0.17,0.08,0.28,14.29,54.51,2.63,0,0.0,標準,C
4290,稲田浩二,4,5,0.0,80.0,20.0,100.0,0.106,0.08,0.13,40.0,45.78,54.22,1,20.0,得意,C
4278,藤岡俊介,6,3,0.0,0.0,100.0,100.0,0.163,0.12,0.21,33.33,21.0,79.0,0,0.0,少数参考,参考
3966,作間章,1,6,50.0,16.67,33.33,100.0,0.148,0.11,0.31,33.33,86.47,13.53,0,0.0,得意,C
3942,寺田祥,2,9,22.22,22.22,33.33,77.78,0.15,0.07,0.28,11.11,57.97,19.81,0,0.0,得意,C
4624,高田明,3,8,25.0,25.0,0.0,50.0,0.175,0.09,0.3,25.0,54.51,-4.51,0,0.0,標準,C
4362,土屋智則,5,7,0.0,42.86,57.14,100.0,0.157,0.09,0.29,42.86,34.22,65.78,0,0.0,得意,C
4424,松尾昂明,2,4,0.0,50.0,0.0,50.0,0.14,0.04,0.27,0.0,57.97,-7.97,0,0.0,少数参考,参考
3959,坪井康晴,3,7,42.86,28.57,14.29,85.71,0.126,0.06,0.24,28.57,54.51,31.2,1,14.29,得意,C
3212,亀本勇樹,4,4,0.0,0.0,0.0,0.0,0.115,0.07,0.16,25.0,45.78,-45.78,0,0.0,少数参考,参考
4503,上野真之介,6,7,0.0,42.86,28.57,71.43,0.143,0.07,0.24,42.86,21.0,50.43,1,14.29,得意,C
4659,木下翔太,1,8,75.0,25.0,0.0,100.0,0.146,0.09,0.19,50.0,86.47,13.53,0,0.0,得意,C
3783,瓜生正義,4,7,28.57,0.0,28.57,57.14,0.141,0.01,0.28,28.57,45.78,11.36,0,0.0,得意,C
4264,長尾章平,1,10,80.0,0.0,20.0,100.0,0.127,0.05,0.22,60.0,86.47,13.53,0,0.0,得意,B
3719,辻栄蔵,4,8,12.5,62.5,12.5,87.5,0.146,0.08,0.2,0.0,45.78,41.72,1,12.5,得意,C
4497,桑原悠,6,25,0.0,12.0,40.0,52.0,0.135,0.02,0.33,48.0,21.0,31.0,2,8.0,得意,A
4614,石倉洋行,2,5,20.0,60.0,0.0,80.0,0.112,0.06,0.16,60.0,57.97,22.03,0,0.0,得意,C
4287,今井貴士,3,3,0.0,66.67,0.0,66.67,0.14,0.11,0.18,33.33,54.51,12.16,0,0.0,少数参考,参考
4337,平本真之,4,8,0.0,25.0,50.0,75.0,0.113,0.04,0.17,12.5,45.78,29.22,0,0.0,得意,C
4424,松尾昂明,3,3,33.33,0.0,33.33,66.67,0.12,0.03,0.23,33.33,54.51,12.16,0,0.0,少数参考,参考
3422,服部幸男,4,9,33.33,22.22,33.33,88.89,0.103,0.02,0.19,44.44,45.78,43.11,1,11.11,得意,C
4584,村岡賢人,5,5,0.0,20.0,40.0,60.0,0.138,0.08,0.25,0.0,34.22,25.78,1,20.0,得意,C
4352,下條雄太郎,6,20,5.0,45.0,25.0,75.0,0.143,0.03,0.27,30.0,21.0,54.0,0,0.0,得意,A
4002,古結宏,2,4,25.0,0.0,50.0,75.0,0.165,0.1,0.21,25.0,57.97,17.03,0,0.0,少数参考,参考
3779,原田幸哉,3,25,32.0,20.0,28.0,80.0,0.09,0.02,0.19,48.0,54.51,25.49,7,28.0,得意,A
4371,西山貴浩,6,5,0.0,40.0,0.0,40.0,0.168,0.11,0.23,0.0,21.0,19.0,1,20.0,得意,C
3783,瓜生正義,2,7,28.57,28.57,28.57,85.71,0.116,0.04,0.19,0.0,57.97,27.74,0,0.0,得意,C
4539,金子賢志,3,5,20.0,20.0,20.0,60.0,0.118,0.08,0.21,40.0,54.51,5.49,1,20.0,やや得意,C
4364,池永太,4,7,0.0,28.57,57.14,85.71,0.164,0.11,0.21,42.86,45.78,39.93,2,28.57,得意,C
4099,吉永則雄,5,5,20.0,20.0,40.0,80.0,0.122,0.07,0.17,60.0,34.22,45.78,3,60.0,得意,C
4256,渡辺浩司,1,9,55.56,11.11,22.22,88.89,0.121,0.04,0.17,22.22,86.47,2.42,0,0.0,得意,C
4659,木下翔太,2,7,42.86,28.57,14.29,85.71,0.154,0.11,0.26,28.57,57.97,27.74,0,0.0,得意,C
3719,辻栄蔵,3,5,20.0,40.0,40.0,100.0,0.158,0.12,0.19,0.0,54.51,45.49,0,0.0,得意,C
3966,作間章,4,6,0.0,33.33,50.0,83.33,0.172,0.16,0.19,0.0,45.78,37.55,0,0.0,得意,C
4042,丸岡正典,1,4,75.0,25.0,0.0,100.0,0.17,0.08,0.22,25.0,86.47,13.53,0,0.0,少数参考,参考
4427,秦英悟,2,6,0.0,66.67,0.0,66.67,0.143,0.11,0.23,16.67,57.97,8.7,0,0.0,得意,C
4287,今井貴士,5,8,25.0,75.0,0.0,100.0,0.145,0.05,0.21,25.0,34.22,65.78,1,12.5,得意,C
4337,平本真之,1,13,76.92,7.69,15.38,100.0,0.128,0.01,0.19,46.15,86.47,13.53,0,0.0,得意,B
4264,長尾章平,2,8,0.0,62.5,0.0,62.5,0.124,0.03,0.31,37.5,57.97,4.53,0,0.0,やや得意,C
4371,西山貴浩,4,6,16.67,50.0,33.33,100.0,0.11,0.05,0.18,33.33,45.78,54.22,2,33.33,得意,C
3959,坪井康晴,6,4,0.0,0.0,0.0,0.0,0.11,0.04,0.19,50.0,21.0,-21.0,0,0.0,少数参考,参考
3779,原田幸哉,1,39,82.05,15.38,2.56,100.0,0.096,0.01,0.27,58.97,86.47,13.53,1,2.56,得意,A
3422,服部幸男,2,5,20.0,0.0,40.0,60.0,0.15,0.06,0.26,0.0,57.97,2.03,0,0.0,標準,C
4344,新田雄史,5,9,11.11,33.33,22.22,66.67,0.156,0.09,0.31,0.0,34.22,32.45,2,22.22,得意,C
4477,篠崎仁志,6,4,0.0,25.0,50.0,75.0,0.148,0.09,0.2,25.0,21.0,54.0,0,0.0,少数参考,参考
4715,村上遼,2,29,31.03,37.93,24.14,93.1,0.127,0.03,0.28,41.38,57.97,35.13,2,6.9,得意,A
4311,岡村仁,4,7,14.29,28.57,28.57,71.43,0.147,0.07,0.26,14.29,45.78,25.65,1,14.29,得意,C
4364,池永太,2,12,25.0,33.33,25.0,83.33,0.138,0.06,0.28,25.0,57.97,25.36,0,0.0,得意,B
3319,山崎義明,4,3,33.33,0.0,33.33,66.67,0.21,0.15,0.3,33.33,45.78,20.89,0,0.0,少数参考,参考
3422,服部幸男,5,8,37.5,12.5,25.0,75.0,0.124,0.06,0.21,62.5,34.22,40.78,2,25.0,得意,C
4287,今井貴士,1,14,78.57,14.29,0.0,92.86,0.119,0.04,0.22,78.57,86.47,6.39,0,0.0,得意,B
4030,森高一真,2,10,0.0,60.0,30.0,90.0,0.114,0.08,0.16,30.0,57.97,32.03,0,0.0,得意,B
4260,中越博紀,5,4,25.0,25.0,50.0,100.0,0.095,0.06,0.13,50.0,34.22,65.78,0,0.0,少数参考,参考
3685,荒井輝年,3,6,16.67,50.0,16.67,83.33,0.157,0.09,0.21,50.0,54.51,28.82,0,0.0,得意,C
4266,長田頼宗,4,6,0.0,33.33,33.33,66.67,0.17,0.11,0.23,0.0,45.78,20.89,0,0.0,得意,C
4503,上野真之介,4,11,27.27,9.09,36.36,72.73,0.136,0.06,0.24,36.36,45.78,26.95,3,27.27,得意,B
4477,篠崎仁志,5,7,28.57,14.29,42.86,85.71,0.123,0.06,0.17,14.29,34.22,51.49,2,28.57,得意,C
4311,岡村仁,6,8,12.5,0.0,37.5,50.0,0.203,0.07,0.49,25.0,21.0,29.0,1,12.5,得意,C
4608,荒井翔伍,1,5,60.0,20.0,20.0,100.0,0.128,0.11,0.16,60.0,86.47,13.53,0,0.0,得意,C
4264,長尾章平,4,6,16.67,16.67,33.33,66.67,0.14,0.09,0.26,33.33,45.78,20.89,1,16.67,得意,C
3779,原田幸哉,2,26,50.0,19.23,19.23,88.46,0.115,0.02,0.32,30.77,57.97,30.49,6,23.08,得意,A
3319,山崎義明,6,4,0.0,25.0,25.0,50.0,0.205,0.19,0.22,0.0,21.0,29.0,1,25.0,少数参考,参考
3959,坪井康晴,2,7,42.86,28.57,28.57,100.0,0.161,0.1,0.27,28.57,57.97,42.03,1,14.29,得意,C
4099,吉永則雄,4,8,0.0,37.5,25.0,62.5,0.151,0.07,0.26,50.0,45.78,16.72,2,25.0,得意,C
4002,古結宏,5,4,0.0,25.0,50.0,75.0,0.138,0.11,0.18,0.0,34.22,40.78,1,25.0,少数参考,参考
4424,松尾昂明,1,5,100.0,0.0,0.0,100.0,0.138,0.03,0.21,40.0,86.47,13.53,0,0.0,得意,C
4266,長田頼宗,3,7,0.0,57.14,0.0,57.14,0.166,0.09,0.24,0.0,54.51,2.63,0,0.0,標準,C
3783,瓜生正義,5,7,0.0,42.86,28.57,71.43,0.116,0.07,0.16,14.29,34.22,37.21,0,0.0,得意,C
4446,和田兼輔,1,3,33.33,33.33,0.0,66.67,0.177,0.12,0.24,0.0,86.47,-19.8,0,0.0,少数参考,参考
3952,中澤和志,2,8,50.0,12.5,25.0,87.5,0.145,0.06,0.28,37.5,57.97,29.53,0,0.0,得意,C
4256,渡辺浩司,4,7,0.0,14.29,42.86,57.14,0.13,0.06,0.25,42.86,45.78,11.36,1,14.29,得意,C
4337,平本真之,6,6,0.0,0.0,66.67,66.67,0.153,0.11,0.21,0.0,21.0,45.67,0,0.0,得意,C
3942,寺田祥,1,11,54.55,18.18,18.18,90.91,0.145,0.11,0.19,0.0,86.47,4.44,0,0.0,得意,B
4364,池永太,3,7,14.29,42.86,28.57,85.71,0.129,0.07,0.16,14.29,54.51,31.2,1,14.29,得意,C
4042,丸岡正典,4,5,0.0,40.0,40.0,80.0,0.154,0.11,0.19,60.0,45.78,34.22,0,0.0,得意,C
3966,作間章,5,4,25.0,0.0,0.0,25.0,0.143,0.08,0.23,0.0,34.22,-9.22,1,25.0,少数参考,参考
3719,辻栄蔵,1,6,66.67,0.0,33.33,100.0,0.115,0.03,0.19,33.33,86.47,13.53,0,0.0,得意,C
4099,吉永則雄,3,10,0.0,40.0,50.0,90.0,0.166,0.08,0.28,40.0,54.51,35.49,0,0.0,得意,B
4030,森高一真,4,9,11.11,33.33,11.11,55.56,0.103,0.01,0.14,44.44,45.78,9.78,2,22.22,得意,C
4371,西山貴浩,5,6,16.67,16.67,50.0,83.33,0.15,0.09,0.21,16.67,34.22,49.11,1,16.67,得意,C
4427,秦英悟,1,8,62.5,25.0,0.0,87.5,0.152,0.05,0.25,50.0,86.47,1.03,0,0.0,得意,C
4256,渡辺浩司,2,6,0.0,33.33,50.0,83.33,0.138,0.1,0.18,0.0,57.97,25.36,0,0.0,得意,C
4715,村上遼,5,19,15.79,36.84,21.05,73.68,0.122,0.02,0.26,42.11,34.22,39.46,6,31.58,得意,B
4586,磯部誠,1,6,83.33,16.67,0.0,100.0,0.13,0.07,0.2,33.33,86.47,13.53,0,0.0,得意,C
4287,今井貴士,4,9,33.33,33.33,33.33,100.0,0.11,0.04,0.18,33.33,45.78,54.22,2,22.22,得意,C
3685,荒井輝年,5,5,0.0,0.0,80.0,80.0,0.182,0.08,0.29,0.0,34.22,45.78,1,20.0,得意,C
3719,辻栄蔵,6,6,0.0,0.0,33.33,33.33,0.173,0.01,0.27,16.67,21.0,12.33,0,0.0,得意,C
4002,古結宏,3,6,16.67,16.67,50.0,83.33,0.145,0.06,0.26,16.67,54.51,28.82,2,33.33,得意,C
4659,木下翔太,4,6,0.0,0.0,66.67,66.67,0.16,0.08,0.21,16.67,45.78,20.89,0,0.0,得意,C
3959,坪井康晴,5,6,33.33,0.0,50.0,83.33,0.187,0.08,0.26,16.67,34.22,49.11,0,0.0,得意,C
4311,岡村仁,1,10,80.0,10.0,0.0,90.0,0.127,0.07,0.2,40.0,86.47,3.53,0,0.0,得意,B
3212,亀本勇樹,2,3,0.0,33.33,33.33,66.67,0.143,0.04,0.2,0.0,57.97,8.7,2,66.67,少数参考,参考
4424,松尾昂明,6,6,0.0,16.67,16.67,33.33,0.2,0.03,0.61,16.67,21.0,12.33,1,16.67,得意,C
3422,服部幸男,1,14,85.71,14.29,0.0,100.0,0.121,0.06,0.18,57.14,86.47,13.53,0,0.0,得意,B
4264,長尾章平,6,4,0.0,0.0,50.0,50.0,0.208,0.17,0.23,0.0,21.0,29.0,0,0.0,少数参考,参考
3783,瓜生正義,3,7,14.29,14.29,57.14,85.71,0.139,0.08,0.17,0.0,54.51,31.2,0,0.0,得意,C
4539,金子賢志,1,6,83.33,0.0,16.67,100.0,0.105,0.06,0.15,66.67,86.47,13.53,0,0.0,得意,C
3719,辻栄蔵,2,7,28.57,57.14,14.29,100.0,0.126,0.03,0.19,0.0,57.97,42.03,0,0.0,得意,C
4503,上野真之介,1,17,88.24,5.88,5.88,100.0,0.109,0.01,0.22,35.29,86.47,13.53,0,0.0,得意,B
4344,新田雄史,2,5,0.0,80.0,0.0,80.0,0.14,0.07,0.2,0.0,57.97,22.03,0,0.0,得意,C
4614,石倉洋行,4,6,16.67,16.67,66.67,100.0,0.095,0.04,0.15,50.0,45.78,54.22,0,0.0,得意,C
4702,三浦敬太,6,5,20.0,0.0,20.0,40.0,0.074,0.05,0.11,40.0,21.0,19.0,2,40.0,得意,C
4002,古結宏,1,5,60.0,20.0,20.0,100.0,0.122,0.06,0.18,60.0,86.47,13.53,0,0.0,得意,C
4497,桑原悠,3,30,36.67,36.67,13.33,86.67,0.134,0.02,0.26,26.67,54.51,32.16,0,0.0,得意,A
4030,森高一真,1,14,64.29,14.29,14.29,92.86,0.116,0.05,0.21,64.29,86.47,6.39,0,0.0,得意,B
3959,坪井康晴,4,6,16.67,66.67,0.0,83.33,0.122,0.07,0.19,16.67,45.78,37.55,1,16.67,得意,C
3942,寺田祥,5,4,0.0,0.0,25.0,25.0,0.172,0.11,0.24,0.0,34.22,-9.22,0,0.0,少数参考,参考
4362,土屋智則,6,4,0.0,25.0,25.0,50.0,0.195,0.13,0.27,25.0,21.0,29.0,0,0.0,少数参考,参考
4364,池永太,1,12,91.67,0.0,8.33,100.0,0.122,0.09,0.21,58.33,86.47,13.53,0,0.0,得意,B
3783,瓜生正義,1,13,84.62,15.38,0.0,100.0,0.109,0.05,0.21,30.77,86.47,13.53,0,0.0,得意,B
4371,西山貴浩,2,7,14.29,71.43,14.29,100.0,0.174,0.12,0.3,0.0,57.97,42.03,1,14.29,得意,C
4344,新田雄史,4,7,0.0,28.57,71.43,100.0,0.166,0.07,0.27,14.29,45.78,54.22,1,14.29,得意,C
4659,木下翔太,5,5,40.0,0.0,40.0,80.0,0.14,0.08,0.25,40.0,34.22,45.78,0,0.0,得意,C
4362,土屋智則,1,10,100.0,0.0,0.0,100.0,0.103,0.04,0.26,50.0,86.47,13.53,0,0.0,得意,B
3685,荒井輝年,2,8,12.5,50.0,37.5,100.0,0.131,0.08,0.19,37.5,57.97,42.03,0,0.0,得意,C
4477,篠崎仁志,3,7,14.29,42.86,0.0,57.14,0.123,0.04,0.22,42.86,54.51,2.63,0,0.0,標準,C
4337,平本真之,2,5,0.0,40.0,40.0,80.0,0.11,0.07,0.17,20.0,57.97,22.03,0,0.0,得意,C
4260,中越博紀,3,5,20.0,20.0,40.0,80.0,0.126,0.06,0.18,40.0,54.51,25.49,0,0.0,得意,C
4266,長田頼宗,1,9,66.67,33.33,0.0,100.0,0.086,0.01,0.14,55.56,86.47,13.53,0,0.0,得意,C
4608,荒井翔伍,4,3,0.0,66.67,0.0,66.67,0.147,0.11,0.21,33.33,45.78,20.89,1,33.33,少数参考,参考
3975,小野寺智洋,2,6,0.0,33.33,50.0,83.33,0.152,0.09,0.21,16.67,57.97,25.36,0,0.0,得意,C
4659,木下翔太,3,8,25.0,25.0,37.5,87.5,0.138,0.01,0.2,25.0,54.51,32.99,0,0.0,得意,C
3952,中澤和志,5,6,33.33,33.33,16.67,83.33,0.123,0.08,0.18,50.0,34.22,49.11,1,16.67,得意,C
4586,磯部誠,5,4,25.0,25.0,25.0,75.0,0.135,0.1,0.19,0.0,34.22,40.78,1,25.0,少数参考,参考
4584,村岡賢人,6,4,0.0,25.0,25.0,50.0,0.12,0.03,0.16,25.0,21.0,29.0,0,0.0,少数参考,参考
3966,作間章,3,6,16.67,50.0,0.0,66.67,0.187,0.12,0.26,16.67,54.51,12.16,0,0.0,得意,C
3685,荒井輝年,4,8,0.0,12.5,50.0,62.5,0.121,0.01,0.21,37.5,45.78,16.72,0,0.0,得意,C
3975,小野寺智洋,4,7,0.0,14.29,28.57,42.86,0.179,0.06,0.29,28.57,45.78,-2.92,0,0.0,標準,C
3959,坪井康晴,1,11,72.73,18.18,9.09,100.0,0.092,0.02,0.15,36.36,86.47,13.53,0,0.0,得意,B
4446,和田兼輔,4,3,33.33,0.0,0.0,33.33,0.107,0.09,0.13,0.0,45.78,-12.45,1,33.33,少数参考,参考
4424,松尾昂明,5,4,0.0,25.0,25.0,50.0,0.13,0.05,0.19,25.0,34.22,15.78,0,0.0,少数参考,参考
4614,石倉洋行,1,10,90.0,0.0,10.0,100.0,0.089,0.02,0.14,60.0,86.47,13.53,1,10.0,得意,B
4584,村岡賢人,1,5,60.0,20.0,20.0,100.0,0.192,0.14,0.28,60.0,86.47,13.53,0,0.0,得意,C
4702,三浦敬太,3,8,50.0,25.0,25.0,100.0,0.152,0.08,0.27,12.5,54.51,45.49,1,12.5,得意,C
4266,長田頼宗,6,4,0.0,0.0,25.0,25.0,0.15,0.11,0.22,0.0,21.0,4.0,0,0.0,少数参考,参考
4099,吉永則雄,1,11,90.91,0.0,9.09,100.0,0.169,0.11,0.27,27.27,86.47,13.53,1,9.09,得意,B
4586,磯部誠,3,3,33.33,0.0,33.33,66.67,0.16,0.07,0.27,0.0,54.51,12.16,0,0.0,少数参考,参考
3942,寺田祥,6,7,0.0,14.29,28.57,42.86,0.104,0.01,0.17,42.86,21.0,21.86,0,0.0,得意,C
4715,村上遼,4,30,33.33,26.67,23.33,83.33,0.112,0.02,0.23,50.0,45.78,37.55,3,10.0,得意,A
4371,西山貴浩,1,13,100.0,0.0,0.0,100.0,0.127,0.05,0.17,46.15,86.47,13.53,0,0.0,得意,B
4702,三浦敬太,4,13,0.0,38.46,38.46,76.92,0.13,0.04,0.25,53.85,45.78,31.14,3,23.08,得意,B
4477,篠崎仁志,1,14,85.71,7.14,0.0,92.86,0.104,0.04,0.22,42.86,86.47,6.39,0,0.0,得意,B
4260,中越博紀,2,4,0.0,25.0,75.0,100.0,0.168,0.14,0.22,25.0,57.97,42.03,0,0.0,少数参考,参考
3952,中澤和志,3,11,18.18,45.45,9.09,72.73,0.138,0.09,0.21,36.36,54.51,18.22,0,0.0,得意,B
4344,新田雄史,1,9,77.78,11.11,11.11,100.0,0.106,0.0,0.17,33.33,86.47,13.53,0,0.0,得意,C
4371,西山貴浩,3,10,10.0,30.0,20.0,60.0,0.133,0.06,0.18,10.0,54.51,5.49,1,10.0,やや得意,B
4042,丸岡正典,3,5,20.0,40.0,40.0,100.0,0.17,0.12,0.2,0.0,54.51,45.49,1,20.0,得意,C
3746,岡瀬正人,1,14,71.43,7.14,14.29,92.86,0.162,0.03,0.25,14.29,86.47,6.39,0,0.0,得意,B
3135,山口博司,3,4,25.0,50.0,0.0,75.0,0.193,0.12,0.25,25.0,54.51,20.49,2,50.0,少数参考,参考
3186,沖悟,3,4,25.0,0.0,50.0,75.0,0.2,0.11,0.29,0.0,54.51,20.49,2,50.0,少数参考,参考
3741,松尾基成,4,14,7.14,14.29,0.0,21.43,0.158,0.03,0.32,28.57,45.78,-24.35,1,7.14,苦手,B
3726,桂林寛,5,7,14.29,0.0,57.14,71.43,0.173,0.06,0.34,28.57,34.22,37.21,3,42.86,得意,C
3643,米田隆弘,4,3,33.33,0.0,33.33,66.67,0.187,0.11,0.3,33.33,45.78,20.89,0,0.0,少数参考,参考
3441,土屋太朗,1,3,33.33,33.33,33.33,100.0,0.147,0.08,0.22,33.33,86.47,13.53,0,0.0,少数参考,参考
4645,上村純一,4,9,0.0,44.44,33.33,77.78,0.109,0.06,0.26,55.56,45.78,32.0,1,11.11,得意,C
4803,飯田庄吾,6,5,0.0,0.0,40.0,40.0,0.216,0.12,0.35,0.0,21.0,19.0,0,0.0,得意,C
4040,廣瀬将亨,1,12,75.0,8.33,0.0,83.33,0.142,0.06,0.26,50.0,86.47,-3.14,0,0.0,得意,B
3475,橋本久和,3,5,20.0,40.0,20.0,80.0,0.248,0.17,0.48,20.0,54.51,25.49,2,40.0,得意,C
3742,宮地秀祈,2,5,0.0,40.0,0.0,40.0,0.18,0.05,0.24,0.0,57.97,-17.97,0,0.0,苦手,C
4468,大池佑来,3,5,0.0,80.0,20.0,100.0,0.12,0.06,0.16,40.0,54.51,45.49,0,0.0,得意,C
3741,松尾基成,5,8,0.0,0.0,50.0,50.0,0.13,0.05,0.17,0.0,34.22,15.78,3,37.5,得意,C
3475,橋本久和,1,6,50.0,33.33,0.0,83.33,0.163,0.07,0.39,50.0,86.47,-3.14,0,0.0,得意,C
3882,新田智彰,3,5,0.0,20.0,60.0,80.0,0.174,0.03,0.38,60.0,54.51,25.49,0,0.0,得意,C
4093,吉田宗弘,4,6,0.0,0.0,33.33,33.33,0.24,0.19,0.34,0.0,45.78,-12.45,1,16.67,苦手,C
4128,川口貴久,6,5,20.0,0.0,0.0,20.0,0.178,0.09,0.31,60.0,21.0,-1.0,2,40.0,標準,C
3454,井川大作,4,8,0.0,0.0,62.5,62.5,0.096,0.02,0.18,37.5,45.78,16.72,1,12.5,得意,C
3742,宮地秀祈,1,5,40.0,20.0,40.0,100.0,0.166,0.1,0.26,40.0,86.47,13.53,0,0.0,得意,C
4549,小林文彦,2,5,20.0,60.0,20.0,100.0,0.188,0.08,0.35,0.0,57.97,42.03,0,0.0,得意,C
3643,米田隆弘,5,3,0.0,0.0,66.67,66.67,0.157,0.07,0.27,0.0,34.22,32.45,0,0.0,少数参考,参考
4072,森永淳,1,27,92.59,7.41,0.0,100.0,0.119,0.05,0.24,81.48,86.47,13.53,0,0.0,得意,A
3746,岡瀬正人,2,7,14.29,0.0,57.14,71.43,0.214,0.14,0.29,0.0,57.97,13.46,1,14.29,得意,C
4128,川口貴久,5,4,0.0,25.0,25.0,50.0,0.135,0.08,0.18,50.0,34.22,15.78,1,25.0,少数参考,参考
4468,大池佑来,1,6,83.33,16.67,0.0,100.0,0.115,0.08,0.15,50.0,86.47,13.53,0,0.0,得意,C
3911,鈴木猛,2,3,0.0,33.33,0.0,33.33,0.123,0.11,0.14,0.0,57.97,-24.64,0,0.0,少数参考,参考
3884,豊田聡,5,3,0.0,0.0,100.0,100.0,0.173,0.14,0.21,0.0,34.22,65.78,1,33.33,少数参考,参考
4407,鹿島敏弘,3,4,0.0,25.0,75.0,100.0,0.142,0.08,0.18,25.0,54.51,45.49,0,0.0,少数参考,参考
4734,安河内将,5,5,0.0,60.0,0.0,60.0,0.17,0.11,0.24,40.0,34.22,25.78,0,0.0,得意,C
3742,宮地秀祈,4,6,0.0,16.67,33.33,50.0,0.18,0.15,0.21,16.67,45.78,4.22,2,33.33,やや得意,C
4072,森永淳,4,18,38.89,5.56,27.78,72.22,0.117,0.07,0.22,27.78,45.78,26.44,2,11.11,得意,B
3726,桂林寛,1,13,61.54,15.38,15.38,92.31,0.129,0.03,0.19,30.77,86.47,5.84,0,0.0,得意,B
3454,井川大作,2,6,0.0,16.67,33.33,50.0,0.147,0.06,0.24,16.67,57.97,-7.97,0,0.0,標準,C
4517,平野恭兵,4,3,33.33,66.67,0.0,100.0,0.11,0.07,0.17,33.33,45.78,54.22,1,33.33,少数参考,参考
3475,橋本久和,6,3,0.0,33.33,33.33,66.67,0.137,0.06,0.26,33.33,21.0,45.67,0,0.0,少数参考,参考
4128,川口貴久,1,5,80.0,20.0,0.0,100.0,0.082,0.06,0.12,80.0,86.47,13.53,0,0.0,得意,C
3643,米田隆弘,2,5,20.0,40.0,0.0,60.0,0.212,0.19,0.28,40.0,57.97,2.03,0,0.0,標準,C
3741,松尾基成,1,12,50.0,41.67,8.33,100.0,0.133,0.03,0.28,50.0,86.47,13.53,0,0.0,得意,B
4734,安河内将,4,9,0.0,44.44,33.33,77.78,0.139,0.06,0.24,11.11,45.78,32.0,0,0.0,得意,C
4093,吉田宗弘,5,5,20.0,20.0,40.0,80.0,0.1,0.06,0.16,40.0,34.22,45.78,1,20.0,得意,C
3135,山口博司,1,5,60.0,40.0,0.0,100.0,0.114,0.02,0.19,40.0,86.47,13.53,0,0.0,得意,C
4040,廣瀬将亨,3,8,25.0,12.5,37.5,75.0,0.115,0.04,0.22,0.0,54.51,20.49,0,0.0,得意,C
4549,小林文彦,4,4,25.0,25.0,25.0,75.0,0.11,0.02,0.15,25.0,45.78,29.22,1,25.0,少数参考,参考
3643,米田隆弘,1,6,50.0,50.0,0.0,100.0,0.162,0.05,0.33,50.0,86.47,13.53,0,0.0,得意,C
4072,森永淳,3,11,27.27,45.45,18.18,90.91,0.124,0.04,0.38,54.55,54.51,36.4,1,9.09,得意,B
3602,奥平拓也,1,4,75.0,0.0,0.0,75.0,0.148,0.12,0.19,0.0,86.47,-11.47,0,0.0,少数参考,参考
4645,上村純一,3,10,0.0,30.0,20.0,50.0,0.134,0.09,0.19,40.0,54.51,-4.51,2,20.0,標準,B
3882,新田智彰,1,7,85.71,0.0,14.29,100.0,0.139,0.02,0.25,57.14,86.47,13.53,0,0.0,得意,C
3454,井川大作,1,10,40.0,20.0,10.0,70.0,0.15,0.04,0.24,40.0,86.47,-16.47,0,0.0,得意,B
4498,宮本夏樹,3,27,29.63,37.04,18.52,85.19,0.146,0.06,0.26,18.52,54.51,30.68,2,7.41,得意,A
4070,中村亮太,6,3,0.0,33.33,66.67,100.0,0.173,0.08,0.25,33.33,21.0,79.0,0,0.0,少数参考,参考
3441,土屋太朗,3,4,25.0,25.0,25.0,75.0,0.177,0.15,0.22,25.0,54.51,20.49,0,0.0,少数参考,参考
3726,桂林寛,4,10,0.0,10.0,50.0,60.0,0.135,0.06,0.25,40.0,45.78,14.22,2,20.0,得意,B
3742,宮地秀祈,5,5,0.0,20.0,20.0,40.0,0.206,0.15,0.24,40.0,34.22,5.78,2,40.0,やや得意,C
4198,沼田克彦,3,3,0.0,33.33,66.67,100.0,0.21,0.18,0.26,0.0,54.51,45.49,0,0.0,少数参考,参考
4549,小林文彦,1,8,75.0,12.5,0.0,87.5,0.131,0.07,0.18,37.5,86.47,1.03,0,0.0,得意,C
3741,松尾基成,2,12,0.0,33.33,25.0,58.33,0.175,0.09,0.31,8.33,57.97,0.36,0,0.0,標準,B
3643,米田隆弘,6,4,0.0,25.0,50.0,75.0,0.188,0.11,0.23,0.0,21.0,54.0,0,0.0,少数参考,参考
3601,田村勇一,3,3,0.0,66.67,33.33,100.0,0.143,0.07,0.19,0.0,54.51,45.49,0,0.0,少数参考,参考
3602,奥平拓也,4,4,0.0,25.0,50.0,75.0,0.208,0.15,0.26,0.0,45.78,29.22,0,0.0,少数参考,参考
3882,新田智彰,2,3,0.0,66.67,33.33,100.0,0.167,0.13,0.21,0.0,57.97,42.03,0,0.0,少数参考,参考
3454,井川大作,3,8,12.5,25.0,12.5,50.0,0.163,0.11,0.24,25.0,54.51,-4.51,0,0.0,標準,C
4734,安河内将,3,10,30.0,30.0,20.0,80.0,0.148,0.04,0.41,30.0,54.51,25.49,0,0.0,得意,B
3441,土屋太朗,4,3,0.0,33.33,0.0,33.33,0.21,0.13,0.33,33.33,45.78,-12.45,1,33.33,少数参考,参考
4070,中村亮太,5,3,66.67,0.0,0.0,66.67,0.103,0.09,0.11,33.33,34.22,32.45,1,33.33,少数参考,参考
4040,廣瀬将亨,2,12,25.0,16.67,33.33,75.0,0.134,0.05,0.27,58.33,57.97,17.03,0,0.0,得意,B
4128,川口貴久,2,4,0.0,50.0,25.0,75.0,0.087,0.05,0.12,25.0,57.97,17.03,0,0.0,少数参考,参考
3726,桂林寛,3,8,12.5,50.0,25.0,87.5,0.13,0.08,0.21,12.5,54.51,32.99,2,25.0,得意,C
3746,岡瀬正人,6,6,0.0,16.67,33.33,50.0,0.148,0.05,0.22,0.0,21.0,29.0,0,0.0,得意,C
4461,安田吉宏,2,4,0.0,75.0,0.0,75.0,0.155,0.05,0.28,0.0,57.97,17.03,0,0.0,少数参考,参考
4274,長畑友輔,3,4,0.0,25.0,50.0,75.0,0.195,0.11,0.31,0.0,54.51,20.49,0,0.0,少数参考,参考
3773,津留浩一郎,5,12,16.67,16.67,8.33,41.67,0.114,0.02,0.2,41.67,34.22,7.45,0,0.0,やや得意,B
4345,西舘健,3,4,50.0,0.0,25.0,75.0,0.098,0.02,0.14,50.0,54.51,20.49,1,25.0,少数参考,参考
4043,桐本康臣,4,9,22.22,11.11,55.56,88.89,0.153,0.02,0.27,22.22,45.78,43.11,3,33.33,得意,C
3953,志道吉和,4,7,14.29,42.86,42.86,100.0,0.213,0.05,0.31,0.0,45.78,54.22,0,0.0,得意,C
4278,藤岡俊介,4,7,14.29,42.86,14.29,71.43,0.179,0.08,0.28,28.57,45.78,25.65,1,14.29,得意,C
4022,待鳥雄紀,5,3,0.0,33.33,0.0,33.33,0.15,0.07,0.22,33.33,34.22,-0.89,0,0.0,少数参考,参考
4012,中村有裕,1,4,50.0,0.0,50.0,100.0,0.165,0.11,0.27,25.0,86.47,13.53,0,0.0,少数参考,参考
4274,長畑友輔,4,3,0.0,33.33,0.0,33.33,0.26,0.25,0.27,0.0,45.78,-12.45,0,0.0,少数参考,参考
3908,重成一人,2,5,40.0,20.0,40.0,100.0,0.156,0.04,0.39,40.0,57.97,42.03,0,0.0,得意,C
4011,堀之内紀代子,1,6,66.67,16.67,0.0,83.33,0.155,0.02,0.23,33.33,86.47,-3.14,0,0.0,得意,C
4278,藤岡俊介,3,7,28.57,42.86,0.0,71.43,0.143,0.02,0.33,28.57,54.51,16.92,1,14.29,得意,C
4105,松下直也,1,9,22.22,44.44,33.33,100.0,0.138,0.07,0.18,22.22,86.47,13.53,0,0.0,得意,C
4012,中村有裕,3,4,50.0,25.0,25.0,100.0,0.103,0.04,0.14,75.0,54.51,45.49,1,25.0,少数参考,参考
4536,喜井つかさ,5,4,0.0,25.0,25.0,50.0,0.188,0.17,0.2,25.0,34.22,15.78,0,0.0,少数参考,参考
4734,安河内将,2,9,22.22,55.56,11.11,88.89,0.122,0.06,0.19,22.22,57.97,30.92,0,0.0,得意,C
3884,豊田聡,4,3,0.0,33.33,0.0,33.33,0.127,0.09,0.18,33.33,45.78,-12.45,0,0.0,少数参考,参考
3602,奥平拓也,2,4,25.0,0.0,25.0,50.0,0.167,0.12,0.21,25.0,57.97,-7.97,0,0.0,少数参考,参考
4724,吉田祐貴,3,5,0.0,40.0,40.0,80.0,0.172,0.08,0.27,40.0,54.51,25.49,1,20.0,得意,C
4645,上村純一,2,6,0.0,50.0,50.0,100.0,0.125,0.02,0.25,50.0,57.97,42.03,0,0.0,得意,C
3454,井川大作,5,5,20.0,20.0,20.0,60.0,0.134,0.11,0.17,20.0,34.22,25.78,3,60.0,得意,C
3911,鈴木猛,3,4,25.0,0.0,25.0,50.0,0.217,0.14,0.35,0.0,54.51,-4.51,0,0.0,少数参考,参考
4072,森永淳,2,13,7.69,38.46,23.08,69.23,0.133,0.04,0.28,23.08,57.97,11.26,0,0.0,得意,B
3746,岡瀬正人,5,7,0.0,0.0,85.71,85.71,0.189,0.13,0.28,14.29,34.22,51.49,0,0.0,得意,C
4128,川口貴久,4,4,25.0,0.0,50.0,75.0,0.12,0.09,0.16,50.0,45.78,29.22,0,0.0,少数参考,参考
4679,植田太一,4,7,28.57,14.29,14.29,57.14,0.183,0.11,0.27,0.0,45.78,11.36,1,14.29,得意,C
4709,岡村将也,2,9,11.11,0.0,55.56,66.67,0.149,0.07,0.32,22.22,57.97,8.7,0,0.0,得意,C
4023,柴田友和,4,4,0.0,25.0,25.0,50.0,0.143,0.06,0.19,25.0,45.78,4.22,1,25.0,少数参考,参考
4173,岡谷健吾,1,5,80.0,20.0,0.0,100.0,0.128,0.07,0.18,20.0,86.47,13.53,0,0.0,得意,C
4346,前田健太郎,2,8,0.0,62.5,25.0,87.5,0.216,0.1,0.34,12.5,57.97,29.53,0,0.0,得意,C
3584,佐々木英樹,5,5,0.0,40.0,20.0,60.0,0.152,0.09,0.21,20.0,34.22,25.78,0,0.0,得意,C
3436,柏野幸二,1,12,50.0,41.67,8.33,100.0,0.125,0.03,0.28,50.0,86.47,13.53,0,0.0,得意,B
2844,田中伸二,2,5,0.0,40.0,60.0,100.0,0.19,0.11,0.31,20.0,57.97,42.03,1,20.0,得意,C
4195,前川守嗣,5,8,12.5,37.5,50.0,100.0,0.141,0.06,0.24,37.5,34.22,65.78,2,25.0,得意,C
3473,石川真二,2,44,13.64,25.0,47.73,86.36,0.119,0.04,0.26,29.55,57.97,28.39,34,77.27,得意,A
3491,富永茂,1,5,0.0,60.0,0.0,60.0,0.142,0.09,0.22,60.0,86.47,-26.47,0,0.0,苦手,C
4367,山口修路,6,9,0.0,0.0,33.33,33.33,0.197,0.07,0.29,11.11,21.0,12.33,2,22.22,得意,C
4691,水原慎,4,6,0.0,16.67,33.33,50.0,0.15,0.09,0.24,0.0,45.78,4.22,1,16.67,やや得意,C
3566,川添英正,3,5,0.0,40.0,20.0,60.0,0.162,0.1,0.22,40.0,54.51,5.49,0,0.0,やや得意,C
3584,佐々木英樹,4,6,16.67,16.67,33.33,66.67,0.178,0.13,0.22,0.0,45.78,20.89,0,0.0,得意,C
3436,柏野幸二,2,9,22.22,44.44,22.22,88.89,0.109,0.04,0.16,33.33,57.97,30.92,0,0.0,得意,C
3473,石川真二,3,3,33.33,0.0,66.67,100.0,0.1,0.01,0.15,33.33,54.51,45.49,0,0.0,少数参考,参考
4773,中川りな,5,5,0.0,40.0,0.0,40.0,0.188,0.08,0.28,20.0,34.22,5.78,1,20.0,やや得意,C
3584,佐々木英樹,1,7,57.14,42.86,0.0,100.0,0.137,0.08,0.22,14.29,86.47,13.53,0,0.0,得意,C
4510,坂本奈央,2,3,0.0,0.0,66.67,66.67,0.28,0.11,0.38,0.0,57.97,8.7,0,0.0,少数参考,参考
3755,吉村和也,6,3,0.0,0.0,33.33,33.33,0.177,0.08,0.26,0.0,21.0,12.33,0,0.0,少数参考,参考
2844,田中伸二,1,3,66.67,33.33,0.0,100.0,0.183,0.14,0.21,33.33,86.47,13.53,0,0.0,少数参考,参考
2997,池上正浩,2,4,0.0,25.0,25.0,50.0,0.225,0.18,0.25,25.0,57.97,-7.97,3,75.0,少数参考,参考
4638,小林遼太,3,4,0.0,75.0,25.0,100.0,0.18,0.09,0.28,0.0,54.51,45.49,0,0.0,少数参考,参考
3566,川添英正,5,7,0.0,14.29,14.29,28.57,0.181,0.09,0.26,14.29,34.22,-5.65,0,0.0,標準,C
3853,岩崎正哉,1,19,73.68,21.05,5.26,100.0,0.179,0.09,0.27,15.79,86.47,13.53,0,0.0,得意,B
3491,富永茂,2,5,20.0,0.0,40.0,60.0,0.18,0.06,0.27,40.0,57.97,2.03,0,0.0,標準,C
4346,前田健太郎,3,8,0.0,25.0,37.5,62.5,0.159,0.11,0.23,12.5,54.51,7.99,1,12.5,やや得意,C
4195,前川守嗣,1,10,50.0,20.0,30.0,100.0,0.182,0.05,0.36,50.0,86.47,13.53,0,0.0,得意,B
3755,吉村和也,5,3,0.0,0.0,66.67,66.67,0.103,0.05,0.19,66.67,34.22,32.45,1,33.33,少数参考,参考
3462,竹上真司,4,3,0.0,66.67,0.0,66.67,0.12,0.08,0.14,33.33,45.78,20.89,1,33.33,少数参考,参考
3853,岩崎正哉,3,14,7.14,28.57,21.43,57.14,0.211,0.07,0.42,0.0,54.51,2.63,3,21.43,標準,B
4521,小池公生,5,4,25.0,25.0,0.0,50.0,0.21,0.13,0.33,0.0,34.22,15.78,1,25.0,少数参考,参考
3944,山口裕二,1,53,62.26,24.53,11.32,98.11,0.149,0.03,0.34,26.42,86.47,11.64,0,0.0,得意,A
4638,小林遼太,2,6,0.0,16.67,16.67,33.33,0.197,0.14,0.33,16.67,57.97,-24.64,0,0.0,苦手,C
4536,喜井つかさ,3,6,16.67,0.0,50.0,66.67,0.163,0.05,0.29,33.33,54.51,12.16,1,16.67,得意,C
3662,大庭元明,4,3,33.33,0.0,33.33,66.67,0.203,0.11,0.33,33.33,45.78,20.89,1,33.33,少数参考,参考
4195,前川守嗣,2,8,25.0,37.5,12.5,75.0,0.15,0.11,0.24,0.0,57.97,17.03,1,12.5,得意,C
4346,前田健太郎,4,5,20.0,0.0,40.0,60.0,0.108,0.01,0.21,20.0,45.78,14.22,0,0.0,得意,C
3584,佐々木英樹,2,5,0.0,60.0,0.0,60.0,0.142,0.09,0.22,40.0,57.97,2.03,0,0.0,標準,C
4180,上野秀和,4,3,0.0,66.67,33.33,100.0,0.17,0.16,0.18,0.0,45.78,54.22,0,0.0,少数参考,参考
3473,石川真二,1,23,73.91,8.7,13.04,95.65,0.108,0.04,0.22,52.17,86.47,9.18,3,13.04,得意,A
4173,岡谷健吾,3,3,0.0,66.67,33.33,100.0,0.13,0.1,0.18,0.0,54.51,45.49,0,0.0,少数参考,参考
3436,柏野幸二,4,7,14.29,14.29,28.57,57.14,0.071,0.01,0.21,85.71,45.78,11.36,0,0.0,得意,C
4691,水原慎,5,6,0.0,0.0,50.0,50.0,0.207,0.15,0.32,0.0,34.22,15.78,1,16.67,得意,C
4506,稗田聖也,2,5,20.0,80.0,0.0,100.0,0.102,0.08,0.16,40.0,57.97,42.03,0,0.0,得意,C
4367,山口修路,1,8,62.5,25.0,0.0,87.5,0.201,0.09,0.55,50.0,86.47,1.03,0,0.0,標準,C
3317,大山博美,4,3,33.33,0.0,33.33,66.67,0.14,0.09,0.21,0.0,45.78,20.89,1,33.33,少数参考,参考
3436,柏野幸二,3,5,0.0,20.0,20.0,40.0,0.086,0.08,0.09,80.0,54.51,-14.51,1,20.0,苦手,C
3462,竹上真司,2,3,0.0,66.67,0.0,66.67,0.147,0.14,0.15,0.0,57.97,8.7,0,0.0,少数参考,参考
4709,岡村将也,6,6,0.0,0.0,33.33,33.33,0.17,0.05,0.26,16.67,21.0,12.33,0,0.0,得意,C
4506,稗田聖也,1,3,33.33,33.33,0.0,66.67,0.143,0.04,0.2,66.67,86.47,-19.8,0,0.0,少数参考,参考
4525,真子奈津実,6,4,0.0,0.0,75.0,75.0,0.125,0.05,0.19,75.0,21.0,54.0,2,50.0,少数参考,参考
4367,山口修路,3,7,0.0,42.86,28.57,71.43,0.161,0.09,0.31,28.57,54.51,16.92,2,28.57,得意,C
4521,小池公生,1,6,100.0,0.0,0.0,100.0,0.117,0.06,0.2,50.0,86.47,13.53,0,0.0,得意,C
4346,前田健太郎,6,4,25.0,0.0,25.0,50.0,0.085,0.03,0.21,100.0,21.0,29.0,2,50.0,少数参考,参考
4173,岡谷健吾,4,6,0.0,50.0,16.67,66.67,0.173,0.12,0.23,0.0,45.78,20.89,2,33.33,得意,C
4195,前川守嗣,6,4,50.0,25.0,0.0,75.0,0.103,0.07,0.12,50.0,21.0,54.0,0,0.0,少数参考,参考
3462,竹上真司,1,7,42.86,28.57,14.29,85.71,0.151,0.01,0.31,28.57,86.47,-0.76,0,0.0,得意,C
3436,柏野幸二,5,6,16.67,16.67,33.33,66.67,0.117,0.04,0.2,66.67,34.22,32.45,1,16.67,得意,C
3491,富永茂,4,4,0.0,25.0,0.0,25.0,0.168,0.09,0.26,0.0,45.78,-20.78,2,50.0,少数参考,参考
4521,小池公生,3,5,20.0,40.0,20.0,80.0,0.198,0.13,0.29,0.0,54.51,25.49,2,40.0,得意,C
2844,田中伸二,4,5,0.0,60.0,0.0,60.0,0.202,0.17,0.22,0.0,45.78,14.22,1,20.0,得意,C
3462,竹上真司,5,6,0.0,33.33,0.0,33.33,0.155,0.09,0.19,33.33,34.22,-0.89,0,0.0,標準,C
4023,柴田友和,6,3,0.0,0.0,66.67,66.67,0.2,0.11,0.31,0.0,21.0,45.67,1,33.33,少数参考,参考
4525,真子奈津実,1,5,20.0,80.0,0.0,100.0,0.118,0.08,0.21,40.0,86.47,13.53,0,0.0,得意,C
3944,山口裕二,2,27,14.81,55.56,18.52,88.89,0.14,0.06,0.26,18.52,57.97,30.92,0,0.0,得意,A
4709,岡村将也,4,3,0.0,33.33,33.33,66.67,0.103,0.05,0.16,33.33,45.78,20.89,1,33.33,少数参考,参考
4638,小林遼太,6,3,0.0,33.33,0.0,33.33,0.13,0.09,0.17,0.0,21.0,12.33,2,66.67,少数参考,参考
4679,植田太一,5,5,0.0,40.0,60.0,100.0,0.194,0.11,0.27,0.0,34.22,65.78,1,20.0,得意,C
4195,前川守嗣,3,8,12.5,50.0,12.5,75.0,0.189,0.11,0.35,12.5,54.51,20.49,0,0.0,得意,C
4679,植田太一,2,5,20.0,20.0,40.0,80.0,0.13,0.07,0.23,20.0,57.97,22.03,0,0.0,得意,C
3462,竹上真司,3,6,16.67,33.33,50.0,100.0,0.158,0.09,0.23,33.33,54.51,45.49,1,16.67,得意,C
2844,田中伸二,5,3,0.0,0.0,0.0,0.0,0.193,0.17,0.22,33.33,34.22,-34.22,0,0.0,少数参考,参考
4510,坂本奈央,4,3,0.0,0.0,33.33,33.33,0.223,0.16,0.29,0.0,45.78,-12.45,0,0.0,少数参考,参考
4709,岡村将也,5,6,0.0,16.67,16.67,33.33,0.123,0.03,0.17,33.33,34.22,-0.89,1,16.67,標準,C
4023,柴田友和,2,7,0.0,71.43,14.29,85.71,0.167,0.07,0.23,28.57,57.97,27.74,0,0.0,得意,C
4151,下河誉史,6,6,0.0,33.33,33.33,66.67,0.23,0.19,0.33,16.67,21.0,45.67,1,16.67,得意,C
4022,待鳥雄紀,2,6,0.0,33.33,50.0,83.33,0.127,0.06,0.21,0.0,57.97,25.36,0,0.0,得意,C
4684,楠原翔太,3,4,0.0,25.0,50.0,75.0,0.163,0.11,0.21,0.0,54.51,20.49,1,25.0,少数参考,参考
3919,村上純,4,3,0.0,33.33,66.67,100.0,0.167,0.12,0.22,0.0,45.78,54.22,1,33.33,少数参考,参考
3951,石川吉鎬,5,8,12.5,12.5,25.0,50.0,0.19,0.14,0.25,12.5,34.22,15.78,3,37.5,得意,C
4534,坂咲友理,4,3,0.0,0.0,66.67,66.67,0.177,0.12,0.22,0.0,45.78,20.89,0,0.0,少数参考,参考
4278,藤岡俊介,1,11,100.0,0.0,0.0,100.0,0.102,0.04,0.17,81.82,86.47,13.53,0,0.0,得意,B
4560,庄司樹良々,3,6,0.0,66.67,33.33,100.0,0.132,0.06,0.32,33.33,54.51,45.49,0,0.0,得意,C
4345,西舘健,5,4,0.0,50.0,25.0,75.0,0.142,0.06,0.21,25.0,34.22,40.78,1,25.0,少数参考,参考
4105,松下直也,5,5,0.0,40.0,40.0,80.0,0.166,0.02,0.34,40.0,34.22,45.78,2,40.0,得意,C
3953,志道吉和,1,6,50.0,16.67,33.33,100.0,0.167,0.11,0.24,16.67,86.47,13.53,0,0.0,得意,C
3919,村上純,2,19,31.58,31.58,21.05,84.21,0.162,0.07,0.32,21.05,57.97,26.24,12,63.16,得意,B
4534,坂咲友理,5,4,25.0,25.0,25.0,75.0,0.177,0.12,0.22,0.0,34.22,40.78,1,25.0,少数参考,参考
4278,藤岡俊介,2,7,0.0,28.57,28.57,57.14,0.123,0.04,0.24,28.57,57.97,-0.83,0,0.0,標準,C
4105,松下直也,2,6,16.67,50.0,16.67,83.33,0.157,0.05,0.37,33.33,57.97,25.36,0,0.0,得意,C
3986,沖島広和,3,5,0.0,20.0,60.0,80.0,0.222,0.14,0.46,20.0,54.51,25.49,1,20.0,得意,C
4043,桐本康臣,6,4,0.0,0.0,50.0,50.0,0.25,0.11,0.45,0.0,21.0,29.0,0,0.0,少数参考,参考
4012,中村有裕,2,4,0.0,50.0,50.0,100.0,0.175,0.09,0.34,0.0,57.97,42.03,2,50.0,少数参考,参考
4134,杉山貴博,5,6,0.0,16.67,16.67,33.33,0.188,0.15,0.26,0.0,34.22,-0.89,0,0.0,標準,C
4100,松田隆司,6,7,0.0,0.0,42.86,42.86,0.219,0.07,0.37,0.0,21.0,21.86,1,14.29,得意,C
3757,畑和宏,2,7,28.57,14.29,0.0,42.86,0.133,0.01,0.27,28.57,57.97,-15.11,0,0.0,苦手,C
3788,一宮稔弘,4,7,14.29,28.57,57.14,100.0,0.144,0.06,0.22,28.57,45.78,54.22,1,14.29,得意,C
3818,山崎康弘,5,5,0.0,20.0,20.0,40.0,0.13,0.04,0.17,60.0,34.22,5.78,2,40.0,やや得意,C
3998,冨成謙児,2,9,0.0,22.22,33.33,55.56,0.146,0.09,0.21,11.11,57.97,-2.41,0,0.0,標準,C
3708,岡部貴司,4,8,0.0,25.0,50.0,75.0,0.16,0.01,0.29,0.0,45.78,29.22,2,25.0,得意,C
4434,田中辰彦,6,4,0.0,25.0,50.0,75.0,0.128,0.04,0.18,25.0,21.0,54.0,1,25.0,少数参考,参考
4164,岩永節也,6,11,0.0,9.09,36.36,45.45,0.187,0.11,0.34,9.09,21.0,24.45,0,0.0,得意,B
4705,吉川勇作,1,23,65.22,13.04,8.7,86.96,0.126,0.05,0.36,43.48,86.47,0.49,0,0.0,得意,A
3757,畑和宏,3,8,0.0,12.5,62.5,75.0,0.18,0.1,0.24,12.5,54.51,20.49,1,12.5,得意,C
3998,冨成謙児,6,5,0.0,0.0,40.0,40.0,0.228,0.18,0.31,20.0,21.0,19.0,1,20.0,得意,C
3788,一宮稔弘,5,7,28.57,14.29,14.29,57.14,0.106,0.04,0.15,57.14,34.22,22.92,2,28.57,得意,C
3070,山室展弘,2,8,0.0,12.5,50.0,62.5,0.149,0.08,0.22,25.0,57.97,4.53,4,50.0,やや得意,C
3892,草場康幸,1,12,41.67,50.0,8.33,100.0,0.14,0.08,0.22,25.0,86.47,13.53,0,0.0,得意,B
3151,落合敬一,3,17,5.88,17.65,35.29,58.82,0.113,0.06,0.19,29.41,54.51,4.31,6,35.29,やや得意,B
3708,岡部貴司,5,6,0.0,33.33,33.33,66.67,0.165,0.0,0.24,16.67,34.22,32.45,2,33.33,得意,C
3319,山崎義明,2,3,0.0,66.67,33.33,100.0,0.22,0.11,0.29,33.33,57.97,42.03,0,0.0,少数参考,参考
4096,石橋道友,6,21,9.52,23.81,28.57,61.9,0.126,0.01,0.22,33.33,21.0,40.9,0,0.0,得意,A
4311,岡村仁,3,7,28.57,14.29,42.86,85.71,0.143,0.07,0.26,14.29,54.51,31.2,0,0.0,得意,C
4260,中越博紀,1,7,85.71,14.29,0.0,100.0,0.123,0.04,0.21,28.57,86.47,13.53,0,0.0,得意,C
3966,作間章,2,4,0.0,25.0,50.0,75.0,0.143,0.08,0.2,0.0,57.97,17.03,0,0.0,少数参考,参考
4503,上野真之介,2,10,20.0,20.0,50.0,90.0,0.138,0.06,0.25,40.0,57.97,32.03,0,0.0,得意,B
4256,渡辺浩司,5,3,0.0,33.33,0.0,33.33,0.11,0.08,0.13,0.0,34.22,-0.89,0,0.0,少数参考,参考
4364,池永太,6,4,0.0,0.0,75.0,75.0,0.152,0.12,0.19,0.0,21.0,54.0,0,0.0,少数参考,参考
4287,今井貴士,6,4,25.0,0.0,50.0,75.0,0.105,0.07,0.12,25.0,21.0,54.0,0,0.0,少数参考,参考
4344,新田雄史,3,7,28.57,57.14,14.29,100.0,0.154,0.08,0.19,42.86,54.51,45.49,0,0.0,得意,C
4427,秦英悟,3,8,37.5,12.5,25.0,75.0,0.14,0.03,0.26,12.5,54.51,20.49,0,0.0,得意,C
3779,原田幸哉,4,15,20.0,33.33,20.0,73.33,0.093,0.04,0.17,53.33,45.78,27.55,5,33.33,得意,B
3319,山崎義明,1,4,50.0,0.0,50.0,100.0,0.118,0.08,0.17,25.0,86.47,13.53,0,0.0,少数参考,参考
4266,長田頼宗,2,8,25.0,12.5,62.5,100.0,0.11,0.06,0.17,25.0,57.97,42.03,0,0.0,得意,C
4030,森高一真,5,8,0.0,25.0,37.5,62.5,0.115,0.07,0.16,62.5,34.22,28.28,0,0.0,得意,C
4171,榎幸司,6,16,0.0,18.75,18.75,37.5,0.184,0.03,0.3,0.0,21.0,16.5,0,0.0,得意,B
4096,石橋道友,5,19,21.05,21.05,15.79,57.89,0.114,0.01,0.21,52.63,34.22,23.67,0,0.0,得意,B
4311,岡村仁,2,6,16.67,66.67,0.0,83.33,0.18,0.07,0.29,16.67,57.97,25.36,0,0.0,得意,C
4256,渡辺浩司,3,7,14.29,57.14,28.57,100.0,0.116,0.07,0.16,14.29,54.51,45.49,1,14.29,得意,C
4099,吉永則雄,2,4,25.0,0.0,25.0,50.0,0.155,0.14,0.19,0.0,57.97,-7.97,0,0.0,少数参考,参考
4042,丸岡正典,2,5,40.0,0.0,60.0,100.0,0.13,0.07,0.19,40.0,57.97,42.03,0,0.0,得意,C
4433,川野芽唯,1,18,88.89,5.56,0.0,94.44,0.149,0.07,0.26,38.89,86.47,7.97,0,0.0,得意,B
4484,稲生夏季,2,4,25.0,0.0,75.0,100.0,0.18,0.1,0.24,0.0,57.97,42.03,0,0.0,少数参考,参考
4464,山下友貴,1,4,75.0,25.0,0.0,100.0,0.135,0.13,0.14,100.0,86.47,13.53,0,0.0,少数参考,参考
4244,鈴木成美,3,3,0.0,66.67,0.0,66.67,0.273,0.19,0.39,0.0,54.51,12.16,0,0.0,少数参考,参考
4479,矢野真梨菜,5,4,0.0,0.0,0.0,0.0,0.212,0.16,0.27,0.0,34.22,-34.22,1,25.0,少数参考,参考
4014,片岡恵里,1,10,80.0,0.0,20.0,100.0,0.134,0.07,0.24,40.0,86.47,13.53,0,0.0,得意,B
4408,仁科さやか,6,3,0.0,33.33,33.33,66.67,0.273,0.21,0.37,0.0,21.0,45.67,0,0.0,少数参考,参考
4071,古賀千晶,1,3,33.33,33.33,0.0,66.67,0.13,0.08,0.22,66.67,86.47,-19.8,0,0.0,少数参考,参考
4190,長嶋万記,3,3,66.67,33.33,0.0,100.0,0.133,0.13,0.14,33.33,54.51,45.49,0,0.0,少数参考,参考
4098,赤澤文香,3,5,0.0,40.0,40.0,80.0,0.178,0.13,0.28,20.0,54.51,25.49,0,0.0,得意,C
4484,稲生夏季,4,5,0.0,40.0,0.0,40.0,0.2,0.11,0.36,20.0,45.78,-5.78,0,0.0,標準,C
4642,松尾夏海,5,4,0.0,75.0,25.0,100.0,0.177,0.09,0.23,75.0,34.22,65.78,0,0.0,少数参考,参考
3232,山川美由紀,5,4,0.0,25.0,25.0,50.0,0.18,0.1,0.24,0.0,34.22,15.78,1,25.0,少数参考,参考
4286,平田さやか,5,7,0.0,0.0,42.86,42.86,0.134,0.07,0.18,14.29,34.22,8.64,0,0.0,得意,C
4183,宇野弥生,2,3,33.33,66.67,0.0,100.0,0.217,0.14,0.26,0.0,57.97,42.03,0,0.0,少数参考,参考
4088,野田祥子,5,4,0.0,0.0,25.0,25.0,0.237,0.21,0.28,0.0,34.22,-9.22,3,75.0,少数参考,参考
3900,香川素子,6,3,0.0,0.0,66.67,66.67,0.263,0.25,0.29,0.0,21.0,45.67,0,0.0,少数参考,参考
4289,落合直子,1,10,60.0,10.0,20.0,90.0,0.145,0.1,0.29,40.0,86.47,3.53,0,0.0,得意,B
3943,三松直美,2,3,0.0,0.0,0.0,0.0,0.183,0.16,0.21,0.0,57.97,-57.97,0,0.0,少数参考,参考
3999,大瀧明日香,1,10,90.0,0.0,10.0,100.0,0.134,0.02,0.26,30.0,86.47,13.53,0,0.0,得意,B
4098,赤澤文香,4,3,0.0,66.67,33.33,100.0,0.207,0.15,0.3,0.0,45.78,54.22,0,0.0,少数参考,参考
4183,宇野弥生,1,7,85.71,14.29,0.0,100.0,0.076,0.01,0.11,85.71,86.47,13.53,0,0.0,得意,C
3579,中里優子,3,4,0.0,0.0,50.0,50.0,0.203,0.15,0.26,0.0,54.51,-4.51,0,0.0,少数参考,参考
4464,山下友貴,2,7,28.57,28.57,14.29,71.43,0.103,0.04,0.18,42.86,57.97,13.46,0,0.0,得意,C
3900,香川素子,4,5,0.0,0.0,60.0,60.0,0.124,0.07,0.17,0.0,45.78,14.22,0,0.0,得意,C
4286,平田さやか,1,15,73.33,13.33,0.0,86.67,0.147,0.08,0.31,60.0,86.47,0.2,0,0.0,得意,B
4014,片岡恵里,3,7,14.29,28.57,14.29,57.14,0.214,0.15,0.34,14.29,54.51,2.63,1,14.29,標準,C
3579,中里優子,5,6,0.0,50.0,16.67,66.67,0.16,0.08,0.28,16.67,34.22,32.45,1,16.67,得意,C
4733,赤井睦,6,3,0.0,0.0,33.33,33.33,0.093,0.0,0.16,33.33,21.0,12.33,1,33.33,少数参考,参考
4098,赤澤文香,5,3,0.0,0.0,33.33,33.33,0.223,0.21,0.24,0.0,34.22,-0.89,0,0.0,少数参考,参考
4289,落合直子,6,5,0.0,40.0,20.0,60.0,0.106,0.04,0.18,80.0,21.0,39.0,0,0.0,得意,C
4479,矢野真梨菜,1,3,0.0,33.33,33.33,66.67,0.197,0.16,0.23,0.0,86.47,-19.8,0,0.0,少数参考,参考
4240,今井裕梨,2,5,20.0,40.0,20.0,80.0,0.126,0.07,0.17,40.0,57.97,22.03,0,0.0,得意,C
4244,鈴木成美,2,4,25.0,25.0,0.0,50.0,0.107,0.04,0.16,50.0,57.97,-7.97,0,0.0,少数参考,参考
4464,山下友貴,5,4,0.0,25.0,50.0,75.0,0.152,0.04,0.24,25.0,34.22,40.78,0,0.0,少数参考,参考
4014,片岡恵里,2,10,30.0,10.0,50.0,90.0,0.164,0.06,0.32,10.0,57.97,32.03,0,0.0,得意,B
3999,大瀧明日香,2,10,30.0,40.0,20.0,90.0,0.171,0.08,0.24,0.0,57.97,32.03,0,0.0,得意,B
4433,川野芽唯,3,10,10.0,50.0,40.0,100.0,0.162,0.08,0.42,10.0,54.51,45.49,0,0.0,得意,B
4642,松尾夏海,4,3,0.0,66.67,0.0,66.67,0.173,0.09,0.22,0.0,45.78,20.89,0,0.0,少数参考,参考
4823,中村桃佳,5,4,25.0,0.0,50.0,75.0,0.118,0.1,0.14,25.0,34.22,40.78,1,25.0,少数参考,参考
3611,岩崎芳美,4,6,0.0,50.0,16.67,66.67,0.168,0.07,0.29,33.33,45.78,20.89,2,33.33,得意,C
4240,今井裕梨,1,5,60.0,40.0,0.0,100.0,0.166,0.13,0.21,40.0,86.47,13.53,0,0.0,得意,C
4098,赤澤文香,1,4,0.0,50.0,50.0,100.0,0.128,0.04,0.22,50.0,86.47,13.53,0,0.0,少数参考,参考
4071,古賀千晶,3,5,0.0,40.0,20.0,60.0,0.11,0.07,0.19,20.0,54.51,5.49,1,20.0,やや得意,C
4464,山下友貴,4,3,0.0,66.67,0.0,66.67,0.13,0.07,0.21,0.0,45.78,20.89,0,0.0,少数参考,参考
3871,池田紫乃,5,9,0.0,11.11,44.44,55.56,0.15,0.09,0.23,0.0,34.22,21.34,0,0.0,得意,C
4530,小野生奈,1,9,66.67,22.22,11.11,100.0,0.156,0.03,0.31,66.67,86.47,13.53,0,0.0,得意,C
4286,平田さやか,4,7,14.29,0.0,28.57,42.86,0.126,0.07,0.24,0.0,45.78,-2.92,0,0.0,標準,C
4642,松尾夏海,2,3,0.0,33.33,33.33,66.67,0.12,0.07,0.19,0.0,57.97,8.7,0,0.0,少数参考,参考
4530,小野生奈,4,8,37.5,12.5,25.0,75.0,0.152,0.12,0.19,12.5,45.78,29.22,0,0.0,得意,C
4289,落合直子,4,8,25.0,12.5,37.5,75.0,0.109,0.02,0.22,37.5,45.78,29.22,1,12.5,得意,C
3900,香川素子,3,6,16.67,33.33,16.67,66.67,0.165,0.01,0.24,16.67,54.51,12.16,1,16.67,得意,C
4014,片岡恵里,6,5,0.0,20.0,40.0,60.0,0.176,0.01,0.35,20.0,21.0,39.0,0,0.0,得意,C
3579,中里優子,2,3,0.0,33.33,66.67,100.0,0.19,0.08,0.25,33.33,57.97,42.03,0,0.0,少数参考,参考
3943,三松直美,4,4,0.0,25.0,50.0,75.0,0.168,0.14,0.19,50.0,45.78,29.22,0,0.0,少数参考,参考
3999,大瀧明日香,5,4,0.0,50.0,50.0,100.0,0.143,0.07,0.18,75.0,34.22,65.78,0,0.0,少数参考,参考
4530,小野生奈,2,8,0.0,50.0,25.0,75.0,0.145,0.03,0.22,25.0,57.97,17.03,0,0.0,得意,C
4433,川野芽唯,2,10,40.0,10.0,20.0,70.0,0.172,0.08,0.24,20.0,57.97,12.03,0,0.0,得意,B
4183,宇野弥生,5,3,0.0,0.0,33.33,33.33,0.147,0.1,0.21,33.33,34.22,-0.89,1,33.33,少数参考,参考
4164,岩永節也,3,21,0.0,23.81,19.05,42.86,0.187,0.08,0.32,4.76,54.51,-11.65,2,9.52,苦手,A
4019,笠原亮,1,10,100.0,0.0,0.0,100.0,0.121,0.08,0.16,40.0,86.47,13.53,0,0.0,得意,B
3989,熊本英一,4,6,0.0,33.33,16.67,50.0,0.212,0.14,0.33,16.67,45.78,4.22,0,0.0,やや得意,C
4596,葛原大陽,5,6,0.0,16.67,66.67,83.33,0.128,0.07,0.21,50.0,34.22,49.11,0,0.0,得意,C
4133,高橋正男,1,7,71.43,28.57,0.0,100.0,0.084,0.01,0.18,28.57,86.47,13.53,0,0.0,得意,C
4089,妹尾忠幸,2,9,0.0,66.67,22.22,88.89,0.132,0.04,0.22,44.44,57.97,30.92,0,0.0,得意,C
3757,畑和宏,6,3,0.0,0.0,33.33,33.33,0.127,0.09,0.16,0.0,21.0,12.33,0,0.0,少数参考,参考
3848,川上聡介,1,4,75.0,25.0,0.0,100.0,0.13,0.08,0.21,25.0,86.47,13.53,0,0.0,少数参考,参考
3926,大古場貴,4,5,0.0,60.0,40.0,100.0,0.12,0.05,0.27,80.0,45.78,54.22,1,20.0,得意,C
3517,高橋勲,1,3,66.67,33.33,0.0,100.0,0.143,0.09,0.25,0.0,86.47,13.53,0,0.0,少数参考,参考
4045,佐々木裕美,2,6,50.0,16.67,16.67,83.33,0.15,0.06,0.26,33.33,57.97,25.36,0,0.0,得意,C
3989,熊本英一,5,7,0.0,0.0,28.57,28.57,0.244,0.21,0.28,0.0,34.22,-5.65,3,42.86,標準,C
3788,一宮稔弘,3,4,50.0,25.0,0.0,75.0,0.163,0.13,0.21,25.0,54.51,20.49,1,25.0,少数参考,参考
4167,片岡秀樹,2,6,16.67,16.67,16.67,50.0,0.123,0.04,0.29,16.67,57.97,-7.97,0,0.0,標準,C
4164,岩永節也,4,12,0.0,8.33,50.0,58.33,0.2,0.08,0.39,8.33,45.78,12.55,1,8.33,得意,B
3926,大古場貴,5,3,0.0,0.0,66.67,66.67,0.293,0.16,0.49,0.0,34.22,32.45,1,33.33,少数参考,参考
4320,峰竜太,3,9,44.44,0.0,11.11,55.56,0.147,0.03,0.26,22.22,54.51,1.05,0,0.0,標準,C
4451,松崎祐太郎,4,15,6.67,20.0,40.0,66.67,0.151,0.07,0.24,26.67,45.78,20.89,3,20.0,得意,B
4222,山口高志,1,8,37.5,37.5,0.0,75.0,0.198,0.09,0.4,12.5,86.47,-11.47,0,0.0,苦手,C
3919,村上純,3,6,33.33,16.67,16.67,66.67,0.19,0.11,0.27,16.67,54.51,12.16,1,16.67,得意,C
3848,川上聡介,4,4,0.0,25.0,25.0,50.0,0.188,0.11,0.26,0.0,45.78,4.22,1,25.0,少数参考,参考
4450,平高奈菜,1,9,88.89,0.0,0.0,88.89,0.136,0.02,0.27,22.22,86.47,2.42,0,0.0,得意,C
4589,塩崎桐加,2,3,0.0,66.67,0.0,66.67,0.2,0.18,0.22,66.67,57.97,8.7,0,0.0,少数参考,参考
4045,佐々木裕美,4,5,20.0,0.0,80.0,100.0,0.168,0.06,0.26,40.0,45.78,54.22,0,0.0,得意,C
4347,魚谷香織,5,5,0.0,20.0,80.0,100.0,0.158,0.07,0.31,0.0,34.22,65.78,0,0.0,得意,C
4089,妹尾忠幸,1,19,84.21,15.79,0.0,100.0,0.145,0.01,0.23,52.63,86.47,13.53,0,0.0,得意,B
3740,大澤普司,2,4,0.0,100.0,0.0,100.0,0.21,0.11,0.29,50.0,57.97,42.03,0,0.0,少数参考,参考
4019,笠原亮,3,4,25.0,25.0,50.0,100.0,0.185,0.12,0.26,0.0,54.51,45.49,0,0.0,少数参考,参考
4320,峰竜太,1,16,87.5,6.25,0.0,93.75,0.125,0.09,0.15,18.75,86.47,7.28,0,0.0,得意,B
4072,森永淳,6,8,12.5,12.5,50.0,75.0,0.115,0.05,0.23,50.0,21.0,54.0,0,0.0,得意,C
3740,大澤普司,1,8,62.5,12.5,25.0,100.0,0.12,0.03,0.15,37.5,86.47,13.53,0,0.0,得意,C
4589,塩崎桐加,5,4,0.0,50.0,0.0,50.0,0.133,0.05,0.19,25.0,34.22,15.78,1,25.0,少数参考,参考
3788,一宮稔弘,1,7,71.43,14.29,14.29,100.0,0.107,0.07,0.22,71.43,86.47,13.53,0,0.0,得意,C
3811,石田章央,1,6,83.33,16.67,0.0,100.0,0.115,0.09,0.14,50.0,86.47,13.53,0,0.0,得意,C
4164,岩永節也,2,19,5.26,15.79,26.32,47.37,0.157,0.04,0.26,10.53,57.97,-10.6,0,0.0,苦手,B
4222,山口高志,5,7,0.0,28.57,28.57,57.14,0.167,0.07,0.29,14.29,34.22,22.92,0,0.0,得意,C
3964,宮地博士,1,19,52.63,21.05,21.05,94.74,0.161,0.12,0.27,21.05,86.47,8.27,0,0.0,得意,B
4199,北川潤二,4,7,0.0,57.14,28.57,85.71,0.143,0.06,0.19,14.29,45.78,39.93,1,14.29,得意,C
4133,高橋正男,6,3,0.0,0.0,33.33,33.33,0.153,0.08,0.29,66.67,21.0,12.33,1,33.33,少数参考,参考
4450,平高奈菜,4,6,16.67,33.33,50.0,100.0,0.133,0.05,0.21,16.67,45.78,54.22,0,0.0,得意,C
3989,熊本英一,1,8,25.0,50.0,25.0,100.0,0.169,0.11,0.25,37.5,86.47,13.53,0,0.0,得意,C
4596,葛原大陽,1,10,40.0,40.0,20.0,100.0,0.14,0.03,0.31,20.0,86.47,13.53,0,0.0,得意,B
4199,北川潤二,2,4,25.0,25.0,25.0,75.0,0.13,0.09,0.18,25.0,57.97,17.03,1,25.0,少数参考,参考
3740,大澤普司,3,4,25.0,25.0,25.0,75.0,0.193,0.15,0.22,25.0,54.51,20.49,0,0.0,少数参考,参考
4019,笠原亮,4,3,66.67,0.0,33.33,100.0,0.18,0.17,0.19,0.0,45.78,54.22,0,0.0,少数参考,参考
4164,岩永節也,1,25,44.0,28.0,20.0,92.0,0.135,0.01,0.31,48.0,86.47,5.53,0,0.0,得意,A
4268,和合俊介,3,5,0.0,20.0,20.0,40.0,0.122,0.04,0.18,40.0,54.51,-14.51,0,0.0,苦手,C
4320,峰竜太,4,10,10.0,60.0,10.0,80.0,0.119,0.06,0.19,10.0,45.78,34.22,2,20.0,得意,B
3811,石田章央,3,4,0.0,50.0,0.0,50.0,0.175,0.15,0.2,0.0,54.51,-4.51,0,0.0,少数参考,参考
4257,古川健,4,4,25.0,0.0,25.0,50.0,0.2,0.11,0.29,25.0,45.78,4.22,1,25.0,少数参考,参考
4596,葛原大陽,2,8,0.0,37.5,37.5,75.0,0.176,0.08,0.31,25.0,57.97,17.03,0,0.0,得意,C
4450,平高奈菜,5,7,14.29,14.29,28.57,57.14,0.153,0.1,0.27,42.86,34.22,22.92,1,14.29,得意,C
3903,白石健,1,3,100.0,0.0,0.0,100.0,0.12,0.07,0.15,66.67,86.47,13.53,0,0.0,少数参考,参考
4089,妹尾忠幸,3,19,5.26,31.58,36.84,73.68,0.141,0.02,0.24,31.58,54.51,19.17,2,10.53,得意,B
3757,畑和宏,1,7,85.71,14.29,0.0,100.0,0.103,0.0,0.19,71.43,86.47,13.53,0,0.0,得意,C
4773,中川りな,6,4,0.0,25.0,25.0,50.0,0.158,0.11,0.23,0.0,21.0,29.0,1,25.0,少数参考,参考
4133,高橋正男,2,3,33.33,66.67,0.0,100.0,0.127,0.02,0.24,0.0,57.97,42.03,0,0.0,少数参考,参考
4222,山口高志,4,6,16.67,16.67,16.67,50.0,0.132,0.06,0.29,33.33,45.78,4.22,0,0.0,やや得意,C
4451,松崎祐太郎,1,20,75.0,15.0,10.0,100.0,0.132,0.06,0.26,35.0,86.47,13.53,0,0.0,得意,A
4450,平高奈菜,2,6,16.67,16.67,16.67,50.0,0.132,0.08,0.18,50.0,57.97,-7.97,0,0.0,標準,C
3788,一宮稔弘,2,8,12.5,62.5,25.0,100.0,0.092,0.04,0.14,50.0,57.97,42.03,0,0.0,得意,C
4596,葛原大陽,4,5,20.0,40.0,40.0,100.0,0.154,0.09,0.23,40.0,45.78,54.22,0,0.0,得意,C
3848,川上聡介,6,3,0.0,0.0,33.33,33.33,0.16,0.12,0.19,0.0,21.0,12.33,1,33.33,少数参考,参考
4045,佐々木裕美,1,9,66.67,22.22,11.11,100.0,0.161,0.09,0.32,44.44,86.47,13.53,0,0.0,得意,C
4019,笠原亮,2,3,33.33,33.33,0.0,66.67,0.187,0.17,0.21,0.0,57.97,8.7,0,0.0,少数参考,参考
4320,峰竜太,2,12,33.33,41.67,25.0,100.0,0.12,0.03,0.21,16.67,57.97,42.03,1,8.33,得意,B
4199,北川潤二,3,9,11.11,33.33,22.22,66.67,0.152,0.02,0.19,22.22,54.51,12.16,4,44.44,得意,C
4451,松崎祐太郎,2,10,20.0,30.0,30.0,80.0,0.123,0.03,0.21,20.0,57.97,22.03,0,0.0,得意,B
4222,山口高志,2,8,12.5,37.5,25.0,75.0,0.165,0.07,0.28,50.0,57.97,17.03,0,0.0,得意,C
3757,畑和宏,4,9,0.0,22.22,22.22,44.44,0.167,0.0,0.31,22.22,45.78,-1.34,1,11.11,標準,C
3926,大古場貴,2,3,0.0,33.33,66.67,100.0,0.143,0.09,0.19,33.33,57.97,42.03,0,0.0,少数参考,参考
4257,古川健,3,5,0.0,80.0,0.0,80.0,0.178,0.16,0.21,0.0,54.51,25.49,0,0.0,得意,C
4167,片岡秀樹,1,5,80.0,20.0,0.0,100.0,0.124,0.08,0.18,60.0,86.47,13.53,0,0.0,得意,C
4268,和合俊介,4,3,0.0,66.67,33.33,100.0,0.17,0.15,0.2,0.0,45.78,54.22,0,0.0,少数参考,参考
4678,水野望美,3,3,0.0,33.33,33.33,66.67,0.14,0.09,0.22,33.33,54.51,12.16,1,33.33,少数参考,参考
4257,古川健,1,5,60.0,20.0,0.0,80.0,0.132,0.07,0.17,20.0,86.47,-6.47,0,0.0,得意,C
3757,畑和宏,5,6,0.0,0.0,16.67,16.67,0.203,0.06,0.31,16.67,34.22,-17.55,1,16.67,苦手,C
3990,芹澤克彦,6,4,0.0,0.0,50.0,50.0,0.152,0.11,0.19,50.0,21.0,29.0,1,25.0,少数参考,参考
4167,片岡秀樹,4,3,33.33,33.33,33.33,100.0,0.103,0.07,0.17,100.0,45.78,54.22,0,0.0,少数参考,参考
3349,吉田一郎,5,9,0.0,33.33,0.0,33.33,0.157,0.07,0.33,22.22,34.22,-0.89,1,11.11,標準,C
4222,山口高志,6,5,0.0,20.0,40.0,60.0,0.146,0.06,0.19,20.0,21.0,39.0,0,0.0,得意,C
3740,大澤普司,6,5,0.0,0.0,40.0,40.0,0.162,0.08,0.22,20.0,21.0,19.0,1,20.0,得意,C
3990,芹澤克彦,2,5,60.0,20.0,0.0,80.0,0.142,0.08,0.18,20.0,57.97,22.03,0,0.0,得意,C
4596,葛原大陽,3,6,16.67,0.0,66.67,83.33,0.197,0.06,0.54,16.67,54.51,28.82,0,0.0,得意,C
4167,片岡秀樹,6,7,0.0,42.86,0.0,42.86,0.14,0.05,0.23,14.29,21.0,21.86,1,14.29,得意,C
3989,熊本英一,3,8,0.0,50.0,37.5,87.5,0.208,0.12,0.3,12.5,54.51,32.99,0,0.0,得意,C
4072,森永淳,5,13,30.77,38.46,15.38,84.62,0.137,0.04,0.23,46.15,34.22,50.4,1,7.69,得意,B
3740,大澤普司,4,4,0.0,50.0,0.0,50.0,0.177,0.11,0.29,25.0,45.78,4.22,0,0.0,少数参考,参考
4089,妹尾忠幸,6,4,0.0,0.0,50.0,50.0,0.145,0.05,0.23,25.0,21.0,29.0,0,0.0,少数参考,参考
4019,笠原亮,5,3,66.67,0.0,0.0,66.67,0.127,0.04,0.19,33.33,34.22,32.45,1,33.33,少数参考,参考
3304,烏野賢太,1,19,89.47,5.26,0.0,94.74,0.139,0.04,0.22,36.84,86.47,8.27,0,0.0,得意,B
3748,小黒竜吾,2,3,0.0,66.67,0.0,66.67,0.193,0.17,0.23,0.0,57.97,8.7,0,0.0,少数参考,参考
4682,大上卓人,3,6,50.0,0.0,0.0,50.0,0.158,0.11,0.21,16.67,54.51,-4.51,1,16.67,標準,C
4700,金子和之,4,12,8.33,33.33,25.0,66.67,0.143,0.06,0.26,25.0,45.78,20.89,1,8.33,得意,B
4299,中島浩哉,2,26,7.69,26.92,50.0,84.62,0.137,0.05,0.28,23.08,57.97,26.65,2,7.69,得意,A
3478,嶋田貴支,5,5,20.0,20.0,20.0,60.0,0.226,0.16,0.28,20.0,34.22,25.78,2,40.0,得意,C
4776,竹田和哉,6,4,25.0,25.0,50.0,100.0,0.19,0.15,0.25,0.0,21.0,79.0,1,25.0,少数参考,参考
3606,川北浩貴,1,6,100.0,0.0,0.0,100.0,0.115,0.06,0.16,66.67,86.47,13.53,0,0.0,得意,C
3584,佐々木英樹,3,7,14.29,57.14,0.0,71.43,0.136,0.07,0.18,28.57,54.51,16.92,2,28.57,得意,C
4325,新出浩司,4,3,0.0,0.0,66.67,66.67,0.133,0.11,0.15,33.33,45.78,20.89,0,0.0,少数参考,参考
4543,重木輝彦,5,3,0.0,33.33,33.33,66.67,0.187,0.14,0.22,0.0,34.22,32.45,0,0.0,少数参考,参考
4682,大上卓人,2,4,0.0,50.0,50.0,100.0,0.133,0.1,0.19,75.0,57.97,42.03,0,0.0,少数参考,参考
4074,柳沢一,4,6,16.67,16.67,66.67,100.0,0.122,0.01,0.2,33.33,45.78,54.22,1,16.67,得意,C
4116,川田正人,3,3,0.0,100.0,0.0,100.0,0.167,0.13,0.21,33.33,54.51,45.49,1,33.33,少数参考,参考
3721,守田俊介,2,5,80.0,0.0,20.0,100.0,0.112,0.03,0.17,60.0,57.97,42.03,3,60.0,得意,C
4082,濱崎誠,2,5,0.0,40.0,40.0,80.0,0.142,0.11,0.17,60.0,57.97,22.03,0,0.0,得意,C
4264,長尾章平,3,5,20.0,60.0,20.0,100.0,0.166,0.06,0.21,20.0,54.51,45.49,0,0.0,得意,C
4337,平本真之,3,11,9.09,36.36,27.27,72.73,0.106,0.04,0.21,27.27,54.51,18.22,0,0.0,得意,B
4116,川田正人,1,5,20.0,40.0,40.0,100.0,0.218,0.17,0.28,0.0,86.47,13.53,0,0.0,得意,C
3809,吉田光,5,9,0.0,11.11,66.67,77.78,0.174,0.09,0.29,22.22,34.22,43.56,1,11.11,得意,C
4361,柳生泰二,1,5,100.0,0.0,0.0,100.0,0.144,0.13,0.17,20.0,86.47,13.53,0,0.0,得意,C
3680,森林太,2,7,0.0,71.43,14.29,85.71,0.23,0.15,0.36,0.0,57.97,27.74,0,0.0,得意,C
3519,冨田秀幸,3,6,0.0,66.67,0.0,66.67,0.163,0.13,0.21,0.0,54.51,12.16,0,0.0,得意,C
4142,平野和明,6,4,0.0,0.0,75.0,75.0,0.233,0.14,0.32,0.0,21.0,54.0,0,0.0,少数参考,参考
3606,川北浩貴,4,4,0.0,50.0,50.0,100.0,0.145,0.1,0.19,25.0,45.78,54.22,1,25.0,少数参考,参考
4325,新出浩司,2,4,0.0,25.0,75.0,100.0,0.195,0.11,0.38,0.0,57.97,42.03,0,0.0,少数参考,参考
4776,竹田和哉,5,6,0.0,16.67,66.67,83.33,0.132,0.02,0.21,33.33,34.22,49.11,0,0.0,得意,C
3809,吉田光,1,7,57.14,28.57,14.29,100.0,0.139,0.06,0.21,71.43,86.47,13.53,0,0.0,得意,C
3477,近藤稔也,5,11,0.0,9.09,27.27,36.36,0.198,0.1,0.29,9.09,34.22,2.14,2,18.18,標準,B
3478,嶋田貴支,1,9,77.78,11.11,11.11,100.0,0.166,0.08,0.24,55.56,86.47,13.53,0,0.0,得意,C
4682,大上卓人,5,7,28.57,28.57,0.0,57.14,0.087,0.06,0.13,42.86,34.22,22.92,3,42.86,得意,C
3304,烏野賢太,4,12,8.33,33.33,25.0,66.67,0.135,0.08,0.2,16.67,45.78,20.89,1,8.33,得意,B
4543,重木輝彦,2,4,0.0,50.0,25.0,75.0,0.165,0.12,0.23,0.0,57.97,17.03,0,0.0,少数参考,参考
4116,川田正人,5,4,0.0,25.0,50.0,75.0,0.13,0.09,0.23,25.0,34.22,40.78,1,25.0,少数参考,参考
4163,山崎裕司,1,7,71.43,14.29,0.0,85.71,0.143,0.09,0.18,14.29,86.47,-0.76,0,0.0,得意,C
3519,冨田秀幸,2,5,0.0,40.0,20.0,60.0,0.142,0.12,0.16,20.0,57.97,2.03,0,0.0,標準,C
4082,濱崎誠,4,3,0.0,0.0,33.33,33.33,0.13,0.04,0.21,0.0,45.78,-12.45,0,0.0,少数参考,参考
4074,柳沢一,2,7,28.57,28.57,28.57,85.71,0.147,0.09,0.25,28.57,57.97,27.74,0,0.0,得意,C
4142,平野和明,1,5,40.0,20.0,0.0,60.0,0.148,0.08,0.21,0.0,86.47,-26.47,0,0.0,苦手,C
4543,重木輝彦,6,4,0.0,50.0,25.0,75.0,0.205,0.13,0.25,0.0,21.0,54.0,1,25.0,少数参考,参考
4393,田中孝明,2,9,22.22,33.33,11.11,66.67,0.16,0.11,0.23,0.0,57.97,8.7,0,0.0,得意,C
3519,冨田秀幸,1,6,50.0,16.67,16.67,83.33,0.115,0.04,0.16,100.0,86.47,-3.14,0,0.0,得意,C
4116,川田正人,6,4,0.0,0.0,50.0,50.0,0.22,0.2,0.25,0.0,21.0,29.0,1,25.0,少数参考,参考
4074,柳沢一,1,9,88.89,11.11,0.0,100.0,0.117,0.01,0.27,55.56,86.47,13.53,0,0.0,得意,C
3809,吉田光,2,10,10.0,40.0,20.0,70.0,0.144,0.04,0.26,20.0,57.97,12.03,2,20.0,得意,B
4393,田中孝明,5,4,0.0,0.0,25.0,25.0,0.165,0.09,0.23,25.0,34.22,-9.22,1,25.0,少数参考,参考
3721,守田俊介,1,11,90.91,0.0,9.09,100.0,0.112,0.02,0.21,54.55,86.47,13.53,0,0.0,得意,B
4163,山崎裕司,2,6,0.0,83.33,0.0,83.33,0.14,0.07,0.18,0.0,57.97,25.36,0,0.0,得意,C
3748,小黒竜吾,4,4,0.0,0.0,0.0,0.0,0.168,0.11,0.27,50.0,45.78,-45.78,0,0.0,少数参考,参考
3773,津留浩一郎,2,23,13.04,47.83,21.74,82.61,0.153,0.06,0.22,8.7,57.97,24.64,1,4.35,得意,A
4748,渡邉雄朗,4,3,0.0,0.0,33.33,33.33,0.117,0.04,0.21,33.33,45.78,-12.45,0,0.0,少数参考,参考
4325,新出浩司,6,3,0.0,33.33,0.0,33.33,0.14,0.11,0.17,0.0,21.0,12.33,1,33.33,少数参考,参考
3721,守田俊介,3,5,60.0,20.0,0.0,80.0,0.14,0.12,0.17,40.0,54.51,25.49,2,40.0,得意,C
4142,平野和明,4,9,0.0,22.22,33.33,55.56,0.134,0.08,0.17,0.0,45.78,9.78,0,0.0,得意,C
4163,山崎裕司,5,8,0.0,12.5,75.0,87.5,0.158,0.08,0.23,12.5,34.22,53.28,2,25.0,得意,C
4074,柳沢一,3,6,0.0,33.33,33.33,66.67,0.105,0.06,0.22,0.0,54.51,12.16,0,0.0,得意,C
4299,中島浩哉,4,22,9.09,27.27,45.45,81.82,0.149,0.04,0.33,31.82,45.78,36.04,1,4.55,得意,A
4700,金子和之,2,7,14.29,57.14,14.29,85.71,0.154,0.07,0.22,0.0,57.97,27.74,0,0.0,得意,C
3748,小黒竜吾,3,5,0.0,20.0,20.0,40.0,0.17,0.14,0.2,0.0,54.51,-14.51,0,0.0,苦手,C
4325,新出浩司,5,4,0.0,25.0,25.0,50.0,0.2,0.09,0.35,25.0,34.22,15.78,1,25.0,少数参考,参考
4163,山崎裕司,4,4,25.0,50.0,25.0,100.0,0.208,0.12,0.28,0.0,45.78,54.22,1,25.0,少数参考,参考
3304,烏野賢太,3,13,23.08,15.38,23.08,61.54,0.175,0.1,0.24,7.69,54.51,7.03,1,7.69,やや得意,B
3606,川北浩貴,3,4,25.0,50.0,0.0,75.0,0.145,0.12,0.16,100.0,54.51,20.49,0,0.0,少数参考,参考
3519,冨田秀幸,5,4,0.0,0.0,75.0,75.0,0.195,0.09,0.34,0.0,34.22,40.78,1,25.0,少数参考,参考
4700,金子和之,3,11,9.09,63.64,18.18,90.91,0.143,0.03,0.26,27.27,54.51,36.4,0,0.0,得意,B
4393,田中孝明,4,8,0.0,25.0,37.5,62.5,0.238,0.17,0.34,12.5,45.78,16.72,1,12.5,得意,C
3478,嶋田貴支,2,9,0.0,44.44,55.56,100.0,0.164,0.11,0.25,11.11,57.97,42.03,0,0.0,得意,C
4142,平野和明,2,5,20.0,0.0,80.0,100.0,0.182,0.16,0.23,0.0,57.97,42.03,0,0.0,得意,C
4241,大串重幸,2,29,20.69,31.03,20.69,72.41,0.174,0.06,0.27,13.79,57.97,14.44,0,0.0,得意,A
3478,嶋田貴支,3,10,0.0,20.0,60.0,80.0,0.174,0.08,0.27,30.0,54.51,25.49,1,10.0,得意,B
4700,金子和之,5,10,10.0,30.0,10.0,50.0,0.122,0.06,0.19,30.0,34.22,15.78,0,0.0,得意,B
3606,川北浩貴,2,4,50.0,25.0,25.0,100.0,0.155,0.12,0.21,50.0,57.97,42.03,0,0.0,少数参考,参考
3809,吉田光,6,4,0.0,0.0,25.0,25.0,0.155,0.03,0.28,25.0,21.0,4.0,1,25.0,少数参考,参考
3888,山本英志,1,7,85.71,14.29,0.0,100.0,0.119,0.06,0.21,42.86,86.47,13.53,0,0.0,得意,C
4787,椎名豊,4,5,60.0,20.0,20.0,100.0,0.108,0.07,0.17,40.0,45.78,54.22,1,20.0,得意,C
4637,中田友也,2,4,0.0,75.0,25.0,100.0,0.143,0.1,0.16,0.0,57.97,42.03,0,0.0,少数参考,参考
3553,平池仁志,4,3,0.0,0.0,66.67,66.67,0.147,0.09,0.19,33.33,45.78,20.89,0,0.0,少数参考,参考
4376,藤田靖弘,1,7,100.0,0.0,0.0,100.0,0.127,0.06,0.19,42.86,86.47,13.53,0,0.0,得意,C
3918,深井利寿,2,7,0.0,28.57,57.14,85.71,0.167,0.09,0.32,14.29,57.97,27.74,1,14.29,得意,C
4754,松尾充,3,3,33.33,0.0,66.67,100.0,0.107,0.08,0.16,0.0,54.51,45.49,0,0.0,少数参考,参考
4002,古結宏,6,3,0.0,0.0,33.33,33.33,0.14,0.13,0.15,100.0,21.0,12.33,0,0.0,少数参考,参考
4000,松本博昭,1,9,66.67,22.22,11.11,100.0,0.143,0.03,0.22,44.44,86.47,13.53,0,0.0,得意,C
4633,森智也,2,5,20.0,60.0,20.0,100.0,0.116,0.01,0.16,60.0,57.97,42.03,0,0.0,得意,C
4600,井内将太郎,1,15,86.67,13.33,0.0,100.0,0.095,0.04,0.18,73.33,86.47,13.53,0,0.0,得意,B
4177,萬正嗣,3,3,33.33,66.67,0.0,100.0,0.177,0.12,0.21,100.0,54.51,45.49,0,0.0,少数参考,参考
3813,佐藤大介,4,4,0.0,0.0,25.0,25.0,0.135,0.07,0.18,0.0,45.78,-20.78,0,0.0,少数参考,参考
3497,後藤浩,5,3,0.0,0.0,33.33,33.33,0.127,0.11,0.14,0.0,34.22,-0.89,1,33.33,少数参考,参考
4397,西村拓也,3,5,60.0,40.0,0.0,100.0,0.144,0.11,0.18,60.0,54.51,45.49,1,20.0,得意,C
4686,丸野一樹,3,6,0.0,16.67,16.67,33.33,0.157,0.09,0.34,16.67,54.51,-21.18,1,16.67,苦手,C
4706,三浦洋次朗,5,10,0.0,50.0,20.0,70.0,0.169,0.09,0.26,10.0,34.22,35.78,2,20.0,得意,B
3996,秋山直之,2,8,12.5,12.5,62.5,87.5,0.14,0.05,0.26,12.5,57.97,29.53,0,0.0,得意,C
4000,松本博昭,3,6,0.0,0.0,50.0,50.0,0.213,0.16,0.31,0.0,54.51,-4.51,1,16.67,標準,C
4637,中田友也,4,7,14.29,0.0,28.57,42.86,0.169,0.07,0.22,14.29,45.78,-2.92,3,42.86,標準,C
4177,萬正嗣,1,3,66.67,33.33,0.0,100.0,0.117,0.1,0.13,66.67,86.47,13.53,0,0.0,少数参考,参考
4376,藤田靖弘,2,5,0.0,80.0,0.0,80.0,0.118,0.08,0.17,20.0,57.97,22.03,0,0.0,得意,C
4653,小野達哉,3,7,42.86,42.86,14.29,100.0,0.124,0.08,0.18,42.86,54.51,45.49,1,14.29,得意,C
4618,乃村康友,4,6,0.0,33.33,16.67,50.0,0.215,0.14,0.3,0.0,45.78,4.22,1,16.67,やや得意,C
3918,深井利寿,1,10,80.0,10.0,0.0,90.0,0.145,0.02,0.25,30.0,86.47,3.53,0,0.0,得意,B
3996,秋山直之,1,9,66.67,0.0,33.33,100.0,0.164,0.1,0.23,22.22,86.47,13.53,0,0.0,得意,C
4397,西村拓也,6,5,0.0,20.0,40.0,60.0,0.142,0.08,0.17,20.0,21.0,39.0,0,0.0,得意,C
4772,石丸海渡,2,4,0.0,100.0,0.0,100.0,0.1,0.03,0.21,50.0,57.97,42.03,0,0.0,少数参考,参考
4688,永井彪也,3,3,0.0,0.0,66.67,66.67,0.123,0.01,0.19,33.33,54.51,12.16,0,0.0,少数参考,参考
4651,佐藤大騎,4,3,0.0,0.0,33.33,33.33,0.097,0.05,0.14,66.67,45.78,-12.45,0,0.0,少数参考,参考
3813,佐藤大介,1,5,40.0,40.0,20.0,100.0,0.082,0.02,0.16,60.0,86.47,13.53,0,0.0,得意,C
4706,三浦洋次朗,2,5,20.0,40.0,20.0,80.0,0.12,0.07,0.15,40.0,57.97,22.03,0,0.0,得意,C
4633,森智也,4,11,0.0,0.0,54.55,54.55,0.176,0.09,0.25,18.18,45.78,8.77,2,18.18,得意,B
4653,小野達哉,1,10,70.0,20.0,10.0,100.0,0.156,0.08,0.28,40.0,86.47,13.53,0,0.0,得意,B
3497,後藤浩,2,3,33.33,33.33,33.33,100.0,0.21,0.16,0.31,0.0,57.97,42.03,0,0.0,少数参考,参考
3888,山本英志,3,6,16.67,33.33,0.0,50.0,0.147,0.05,0.34,33.33,54.51,-4.51,0,0.0,標準,C
4376,藤田靖弘,4,4,50.0,25.0,0.0,75.0,0.147,0.08,0.21,25.0,45.78,29.22,1,25.0,少数参考,参考
4600,井内将太郎,3,12,0.0,16.67,41.67,58.33,0.137,0.06,0.36,66.67,54.51,3.82,3,25.0,標準,B
4754,松尾充,5,5,0.0,40.0,40.0,80.0,0.106,0.03,0.19,40.0,34.22,45.78,2,40.0,得意,C
3996,秋山直之,4,5,20.0,0.0,80.0,100.0,0.204,0.16,0.25,0.0,45.78,54.22,2,40.0,得意,C
4397,西村拓也,2,4,25.0,25.0,50.0,100.0,0.117,0.09,0.14,0.0,57.97,42.03,0,0.0,少数参考,参考
4637,中田友也,3,11,18.18,36.36,9.09,63.64,0.181,0.06,0.38,9.09,54.51,9.13,3,27.27,得意,B
3918,深井利寿,5,4,0.0,75.0,25.0,100.0,0.188,0.11,0.24,25.0,34.22,65.78,0,0.0,少数参考,参考
4618,乃村康友,2,4,25.0,50.0,0.0,75.0,0.18,0.13,0.24,25.0,57.97,17.03,0,0.0,少数参考,参考
3996,秋山直之,3,4,25.0,50.0,0.0,75.0,0.177,0.11,0.27,25.0,54.51,20.49,0,0.0,少数参考,参考
4000,松本博昭,5,4,0.0,0.0,50.0,50.0,0.188,0.12,0.27,25.0,34.22,15.78,0,0.0,少数参考,参考
3497,後藤浩,1,3,100.0,0.0,0.0,100.0,0.107,0.03,0.15,33.33,86.47,13.53,0,0.0,少数参考,参考
4787,椎名豊,2,7,28.57,42.86,14.29,85.71,0.124,0.08,0.22,28.57,57.97,27.74,0,0.0,得意,C
4633,森智也,3,6,16.67,33.33,33.33,83.33,0.11,0.03,0.15,50.0,54.51,28.82,1,16.67,得意,C
4637,中田友也,5,5,0.0,40.0,20.0,60.0,0.136,0.11,0.19,20.0,34.22,25.78,2,40.0,得意,C
4397,西村拓也,1,12,100.0,0.0,0.0,100.0,0.16,0.07,0.3,33.33,86.47,13.53,0,0.0,得意,B
4686,丸野一樹,5,4,0.0,25.0,25.0,50.0,0.12,0.09,0.15,25.0,34.22,15.78,1,25.0,少数参考,参考
3888,山本英志,6,3,0.0,0.0,66.67,66.67,0.163,0.14,0.18,33.33,21.0,45.67,0,0.0,少数参考,参考
4362,土屋智則,2,5,40.0,20.0,20.0,80.0,0.13,0.06,0.17,60.0,57.97,22.03,0,0.0,得意,C
4000,松本博昭,4,6,0.0,33.33,50.0,83.33,0.125,0.1,0.17,33.33,45.78,37.55,0,0.0,得意,C
4600,井内将太郎,5,8,0.0,25.0,37.5,62.5,0.11,0.04,0.23,62.5,34.22,28.28,0,0.0,得意,C
4376,藤田靖弘,6,3,0.0,0.0,100.0,100.0,0.253,0.21,0.33,0.0,21.0,79.0,0,0.0,少数参考,参考
4787,椎名豊,3,6,16.67,50.0,33.33,100.0,0.133,0.06,0.23,16.67,54.51,45.49,1,16.67,得意,C
4706,三浦洋次朗,4,10,20.0,10.0,20.0,50.0,0.123,0.07,0.21,30.0,45.78,4.22,1,10.0,やや得意,B
4177,萬正嗣,2,3,33.33,66.67,0.0,100.0,0.14,0.13,0.16,100.0,57.97,42.03,0,0.0,少数参考,参考
4600,井内将太郎,2,12,0.0,58.33,16.67,75.0,0.126,0.05,0.17,16.67,57.97,17.03,0,0.0,得意,B
4253,西川真人,4,3,0.0,33.33,66.67,100.0,0.183,0.17,0.2,0.0,45.78,54.22,0,0.0,少数参考,参考
4633,森智也,5,7,14.29,0.0,42.86,57.14,0.181,0.08,0.27,42.86,34.22,22.92,0,0.0,得意,C
3276,鈴木貴司,3,3,0.0,33.33,0.0,33.33,0.207,0.11,0.27,0.0,54.51,-21.18,0,0.0,少数参考,参考
4772,石丸海渡,5,5,0.0,20.0,40.0,60.0,0.118,0.06,0.14,40.0,34.22,25.78,2,40.0,得意,C
4023,柴田友和,1,4,25.0,25.0,25.0,75.0,0.145,0.11,0.18,0.0,86.47,-11.47,0,0.0,少数参考,参考
4787,椎名豊,5,6,16.67,16.67,50.0,83.33,0.115,0.07,0.14,66.67,34.22,49.11,1,16.67,得意,C
4637,中田友也,1,5,80.0,0.0,0.0,80.0,0.208,0.15,0.27,20.0,86.47,-6.47,0,0.0,標準,C
3813,佐藤大介,2,3,33.33,66.67,0.0,100.0,0.157,0.09,0.19,0.0,57.97,42.03,0,0.0,少数参考,参考
3918,深井利寿,4,3,0.0,0.0,100.0,100.0,0.14,0.13,0.16,33.33,45.78,54.22,0,0.0,少数参考,参考
4177,萬正嗣,5,3,0.0,0.0,66.67,66.67,0.207,0.19,0.24,0.0,34.22,32.45,0,0.0,少数参考,参考
4772,石丸海渡,3,4,0.0,25.0,50.0,75.0,0.125,0.11,0.17,50.0,54.51,20.49,0,0.0,少数参考,参考
4637,中田友也,6,4,0.0,0.0,75.0,75.0,0.163,0.11,0.27,25.0,21.0,54.0,1,25.0,少数参考,参考
4253,西川真人,2,4,0.0,50.0,25.0,75.0,0.198,0.11,0.26,25.0,57.97,17.03,0,0.0,少数参考,参考
4002,古結宏,4,4,0.0,50.0,0.0,50.0,0.203,0.14,0.29,0.0,45.78,4.22,2,50.0,少数参考,参考
4686,丸野一樹,2,4,25.0,25.0,25.0,75.0,0.077,0.01,0.16,25.0,57.97,17.03,0,0.0,少数参考,参考
4782,浜崎準也,5,4,0.0,25.0,0.0,25.0,0.155,0.02,0.29,50.0,34.22,-9.22,0,0.0,少数参考,参考
4702,三浦敬太,1,9,77.78,22.22,0.0,100.0,0.143,0.06,0.21,44.44,86.47,13.53,0,0.0,得意,C
4618,乃村康友,1,3,66.67,0.0,33.33,100.0,0.2,0.08,0.38,66.67,86.47,13.53,0,0.0,少数参考,参考
4688,永井彪也,2,5,20.0,80.0,0.0,100.0,0.156,0.07,0.34,0.0,57.97,42.03,0,0.0,得意,C
4754,松尾充,4,3,33.33,33.33,0.0,66.67,0.107,0.08,0.15,33.33,45.78,20.89,0,0.0,少数参考,参考
4023,柴田友和,5,5,0.0,20.0,0.0,20.0,0.19,0.09,0.26,20.0,34.22,-14.22,0,0.0,苦手,C
4653,小野達哉,2,5,80.0,0.0,20.0,100.0,0.116,0.04,0.22,20.0,57.97,42.03,0,0.0,得意,C
3888,山本英志,2,3,33.33,0.0,66.67,100.0,0.193,0.18,0.21,33.33,57.97,42.03,0,0.0,少数参考,参考
4757,山田祐也,3,8,12.5,25.0,50.0,87.5,0.155,0.08,0.2,25.0,54.51,32.99,0,0.0,得意,C
3825,宮嵜隆太郎,5,8,12.5,25.0,12.5,50.0,0.115,0.05,0.17,62.5,34.22,15.78,1,12.5,得意,C
3674,岸恵子,2,6,50.0,16.67,0.0,66.67,0.173,0.11,0.33,33.33,57.97,8.7,0,0.0,得意,C
4195,前川守嗣,4,4,0.0,50.0,0.0,50.0,0.19,0.1,0.25,25.0,45.78,4.22,0,0.0,少数参考,参考
4158,木場雄二郎,6,4,25.0,25.0,50.0,100.0,0.223,0.19,0.25,25.0,21.0,79.0,1,25.0,少数参考,参考
3787,天野誠,1,4,75.0,0.0,25.0,100.0,0.165,0.09,0.26,50.0,86.47,13.53,0,0.0,少数参考,参考
4272,大場広孝,6,3,33.33,0.0,66.67,100.0,0.163,0.09,0.21,66.67,21.0,79.0,2,66.67,少数参考,参考
3797,岩井繁,4,3,0.0,0.0,33.33,33.33,0.223,0.18,0.25,0.0,45.78,-12.45,1,33.33,少数参考,参考
3747,國崎良春,2,4,0.0,50.0,25.0,75.0,0.133,0.07,0.2,25.0,57.97,17.03,0,0.0,少数参考,参考
3580,水口由紀,3,5,20.0,0.0,20.0,40.0,0.132,0.03,0.25,20.0,54.51,-14.51,0,0.0,苦手,C
3853,岩崎正哉,4,8,12.5,12.5,37.5,62.5,0.176,0.1,0.23,12.5,45.78,16.72,1,12.5,得意,C
3825,宮嵜隆太郎,1,7,85.71,0.0,0.0,85.71,0.156,0.09,0.22,28.57,86.47,-0.76,0,0.0,得意,C
4674,池田剛規,4,10,0.0,30.0,30.0,60.0,0.157,0.12,0.21,40.0,45.78,14.22,1,10.0,得意,B
3787,天野誠,3,4,0.0,25.0,50.0,75.0,0.163,0.04,0.26,25.0,54.51,20.49,1,25.0,少数参考,参考
4060,島田一生,5,6,0.0,16.67,33.33,50.0,0.163,0.11,0.26,0.0,34.22,15.78,2,33.33,得意,C
3898,平田忠則,3,12,25.0,41.67,25.0,91.67,0.152,0.02,0.34,25.0,54.51,37.16,0,0.0,得意,B
4584,村岡賢人,4,4,0.0,50.0,50.0,100.0,0.15,0.01,0.29,75.0,45.78,54.22,0,0.0,少数参考,参考
3674,岸恵子,1,5,80.0,0.0,0.0,80.0,0.144,0.1,0.21,20.0,86.47,-6.47,0,0.0,得意,C
3580,水口由紀,5,4,0.0,25.0,50.0,75.0,0.18,0.12,0.23,50.0,34.22,40.78,0,0.0,少数参考,参考
3853,岩崎正哉,5,7,0.0,14.29,57.14,71.43,0.207,0.17,0.31,28.57,34.22,37.21,0,0.0,得意,C
3797,岩井繁,3,7,14.29,42.86,14.29,71.43,0.19,0.11,0.31,0.0,54.51,16.92,1,14.29,得意,C
3434,松尾宣邦,5,6,0.0,33.33,16.67,50.0,0.143,0.09,0.21,0.0,34.22,15.78,0,0.0,得意,C
3580,水口由紀,6,3,33.33,33.33,0.0,66.67,0.25,0.22,0.29,0.0,21.0,45.67,0,0.0,少数参考,参考
4239,竹田辰也,2,8,50.0,12.5,25.0,87.5,0.131,0.04,0.25,25.0,57.97,29.53,0,0.0,得意,C
4474,渡辺崇,3,3,0.0,0.0,100.0,100.0,0.193,0.14,0.28,0.0,54.51,45.49,0,0.0,少数参考,参考
3898,平田忠則,4,10,20.0,60.0,10.0,90.0,0.18,0.11,0.35,20.0,45.78,44.22,5,50.0,得意,B
3523,寳田亮治,1,7,85.71,0.0,0.0,85.71,0.141,0.03,0.27,42.86,86.47,-0.76,0,0.0,得意,C
3668,市川猛,3,3,0.0,66.67,33.33,100.0,0.237,0.22,0.26,0.0,54.51,45.49,0,0.0,少数参考,参考
3674,岸恵子,6,6,0.0,33.33,33.33,66.67,0.163,0.13,0.2,66.67,21.0,45.67,0,0.0,得意,C
4683,向井田直弥,5,3,0.0,0.0,33.33,33.33,0.19,0.12,0.26,66.67,34.22,-0.89,1,33.33,少数参考,参考
4088,野田祥子,6,3,0.0,33.33,33.33,66.67,0.183,0.13,0.29,0.0,21.0,45.67,2,66.67,少数参考,参考
2844,田中伸二,3,4,50.0,0.0,25.0,75.0,0.2,0.1,0.31,0.0,54.51,20.49,1,25.0,少数参考,参考
3853,岩崎正哉,2,10,10.0,30.0,30.0,70.0,0.18,0.09,0.32,20.0,57.97,12.03,1,10.0,得意,B
3668,市川猛,4,4,0.0,25.0,25.0,50.0,0.227,0.18,0.29,0.0,45.78,4.22,1,25.0,少数参考,参考
3434,松尾宣邦,6,3,0.0,33.33,66.67,100.0,0.23,0.16,0.28,0.0,21.0,79.0,0,0.0,少数参考,参考
4272,大場広孝,4,7,0.0,0.0,42.86,42.86,0.203,0.1,0.34,14.29,45.78,-2.92,0,0.0,標準,C
4122,安東幸治,6,7,0.0,14.29,57.14,71.43,0.134,0.04,0.19,28.57,21.0,50.43,1,14.29,得意,C
3747,國崎良春,3,6,0.0,16.67,66.67,83.33,0.132,0.07,0.23,33.33,54.51,28.82,0,0.0,得意,C
3674,岸恵子,5,3,0.0,0.0,33.33,33.33,0.16,0.12,0.19,33.33,34.22,-0.89,1,33.33,少数参考,参考
3898,平田忠則,1,21,100.0,0.0,0.0,100.0,0.13,0.04,0.27,61.9,86.47,13.53,0,0.0,得意,A
4584,村岡賢人,2,3,33.33,33.33,33.33,100.0,0.13,0.06,0.17,33.33,57.97,42.03,0,0.0,少数参考,参考
4674,池田剛規,3,9,11.11,22.22,33.33,66.67,0.111,0.02,0.19,33.33,54.51,12.16,0,0.0,得意,C
4513,河野真也,1,8,25.0,25.0,12.5,62.5,0.199,0.11,0.26,25.0,86.47,-23.97,0,0.0,苦手,C
4122,安東幸治,4,5,60.0,0.0,40.0,100.0,0.162,0.13,0.24,40.0,45.78,54.22,1,20.0,得意,C
3936,三瀬譲,6,3,0.0,66.67,0.0,66.67,0.167,0.06,0.22,33.33,21.0,45.67,1,33.33,少数参考,参考
4158,木場雄二郎,1,4,50.0,50.0,0.0,100.0,0.175,0.11,0.28,50.0,86.47,13.53,0,0.0,少数参考,参考
3797,岩井繁,2,7,28.57,14.29,42.86,85.71,0.214,0.09,0.33,0.0,57.97,27.74,0,0.0,得意,C
4014,片岡恵里,4,7,0.0,0.0,28.57,28.57,0.219,0.06,0.37,28.57,45.78,-17.21,0,0.0,苦手,C
4151,下河誉史,2,11,0.0,36.36,54.55,90.91,0.166,0.1,0.28,9.09,57.97,32.94,2,18.18,得意,B
3580,水口由紀,4,8,0.0,25.0,62.5,87.5,0.156,0.06,0.2,25.0,45.78,41.72,0,0.0,得意,C
4272,大場広孝,2,8,25.0,37.5,37.5,100.0,0.169,0.03,0.26,12.5,57.97,42.03,0,0.0,得意,C
4122,安東幸治,2,8,12.5,37.5,50.0,100.0,0.15,0.03,0.28,37.5,57.97,42.03,0,0.0,得意,C
3797,岩井繁,1,5,0.0,60.0,40.0,100.0,0.146,0.12,0.18,20.0,86.47,13.53,0,0.0,得意,C
4674,池田剛規,2,7,0.0,42.86,14.29,57.14,0.17,0.06,0.31,14.29,57.97,-0.83,0,0.0,標準,C
4558,宮野仁,5,3,0.0,0.0,33.33,33.33,0.187,0.14,0.21,0.0,34.22,-0.89,0,0.0,少数参考,参考
3580,水口由紀,1,5,40.0,20.0,40.0,100.0,0.26,0.19,0.31,0.0,86.47,13.53,0,0.0,得意,C
3508,久富政弘,2,6,0.0,33.33,33.33,66.67,0.195,0.14,0.27,0.0,57.97,8.7,0,0.0,得意,C
3747,國崎良春,6,4,0.0,0.0,50.0,50.0,0.138,0.11,0.17,0.0,21.0,29.0,0,0.0,少数参考,参考
3898,平田忠則,2,13,30.77,61.54,7.69,100.0,0.152,0.04,0.25,15.38,57.97,42.03,0,0.0,得意,B
4474,渡辺崇,2,3,0.0,66.67,33.33,100.0,0.18,0.12,0.26,0.0,57.97,42.03,0,0.0,少数参考,参考
4558,宮野仁,3,4,0.0,0.0,0.0,0.0,0.205,0.13,0.31,0.0,54.51,-54.51,0,0.0,少数参考,参考
3747,國崎良春,1,5,60.0,20.0,20.0,100.0,0.17,0.12,0.22,40.0,86.47,13.53,0,0.0,得意,C
4151,下河誉史,4,18,0.0,27.78,27.78,55.56,0.192,0.09,0.33,11.11,45.78,9.78,8,44.44,得意,B
3668,市川猛,2,3,0.0,33.33,0.0,33.33,0.177,0.09,0.22,0.0,57.97,-24.64,0,0.0,少数参考,参考
4584,村岡賢人,3,4,0.0,50.0,50.0,100.0,0.095,0.05,0.16,25.0,54.51,45.49,0,0.0,少数参考,参考
4122,安東幸治,3,10,0.0,60.0,40.0,100.0,0.151,0.12,0.22,50.0,54.51,45.49,1,10.0,得意,B
4014,片岡恵里,5,5,0.0,40.0,40.0,80.0,0.186,0.11,0.28,20.0,34.22,45.78,0,0.0,得意,C
4272,大場広孝,1,7,42.86,57.14,0.0,100.0,0.126,0.03,0.21,71.43,86.47,13.53,0,0.0,得意,C
3523,寳田亮治,2,7,0.0,14.29,42.86,57.14,0.201,0.12,0.27,0.0,57.97,-0.83,0,0.0,標準,C
3787,天野誠,4,4,0.0,0.0,25.0,25.0,0.172,0.07,0.24,25.0,45.78,-20.78,0,0.0,少数参考,参考
3825,宮嵜隆太郎,2,7,14.29,14.29,57.14,85.71,0.147,0.09,0.21,28.57,57.97,27.74,0,0.0,得意,C
3726,桂林寛,2,4,25.0,25.0,25.0,75.0,0.198,0.14,0.25,0.0,57.97,17.03,0,0.0,少数参考,参考
4239,竹田辰也,6,4,0.0,0.0,50.0,50.0,0.158,0.08,0.23,0.0,21.0,29.0,1,25.0,少数参考,参考
4272,大場広孝,5,7,0.0,28.57,42.86,71.43,0.167,0.11,0.27,14.29,34.22,37.21,0,0.0,得意,C
4674,池田剛規,5,10,0.0,40.0,20.0,60.0,0.147,0.1,0.21,20.0,34.22,25.78,5,50.0,得意,B
3523,寳田亮治,4,5,0.0,60.0,40.0,100.0,0.122,0.06,0.16,40.0,45.78,54.22,0,0.0,得意,C
3787,天野誠,5,3,0.0,0.0,0.0,0.0,0.183,0.14,0.27,0.0,34.22,-34.22,0,0.0,少数参考,参考
4513,河野真也,2,8,0.0,50.0,37.5,87.5,0.165,0.08,0.26,12.5,57.97,29.53,0,0.0,得意,C
3668,市川猛,6,3,0.0,33.33,33.33,66.67,0.2,0.13,0.26,0.0,21.0,45.67,1,33.33,少数参考,参考
4474,渡辺崇,1,4,0.0,50.0,50.0,100.0,0.14,0.09,0.19,50.0,86.47,13.53,0,0.0,少数参考,参考
4513,河野真也,3,9,0.0,22.22,44.44,66.67,0.19,0.11,0.36,0.0,54.51,12.16,0,0.0,得意,C
3508,久富政弘,6,3,0.0,0.0,66.67,66.67,0.213,0.13,0.29,0.0,21.0,45.67,0,0.0,少数参考,参考
4122,安東幸治,5,8,12.5,12.5,37.5,62.5,0.15,0.07,0.24,12.5,34.22,28.28,0,0.0,得意,C
4683,向井田直弥,6,4,25.0,0.0,0.0,25.0,0.133,0.07,0.21,50.0,21.0,4.0,1,25.0,少数参考,参考
4558,宮野仁,1,4,75.0,25.0,0.0,100.0,0.147,0.06,0.21,50.0,86.47,13.53,0,0.0,少数参考,参考
3747,國崎良春,4,3,66.67,33.33,0.0,100.0,0.13,0.07,0.25,33.33,45.78,54.22,0,0.0,少数参考,参考
3837,秋山広一,1,13,84.62,15.38,0.0,100.0,0.115,0.07,0.19,76.92,86.47,13.53,0,0.0,得意,B
4118,宇佐見淳,2,3,0.0,66.67,0.0,66.67,0.15,0.11,0.22,33.33,57.97,8.7,0,0.0,少数参考,参考
4500,山田康二,4,5,40.0,20.0,20.0,80.0,0.142,0.05,0.2,20.0,45.78,34.22,0,0.0,得意,C
4061,萩原秀人,5,4,0.0,25.0,75.0,100.0,0.147,0.09,0.24,50.0,34.22,65.78,0,0.0,少数参考,参考
4064,原田篤志,3,12,16.67,58.33,25.0,100.0,0.138,0.05,0.26,8.33,54.51,45.49,1,8.33,得意,B
4112,大久保信一郎,5,9,0.0,22.22,55.56,77.78,0.176,0.1,0.27,0.0,34.22,43.56,3,33.33,得意,C
4388,是澤孝宏,2,5,20.0,20.0,40.0,80.0,0.148,0.1,0.21,0.0,57.97,22.03,0,0.0,得意,C
3779,原田幸哉,6,3,33.33,0.0,0.0,33.33,0.06,0.02,0.11,100.0,21.0,12.33,0,0.0,少数参考,参考
4391,松田祐季,1,3,33.33,66.67,0.0,100.0,0.093,0.02,0.22,66.67,86.47,13.53,0,0.0,少数参考,参考
4500,山田康二,2,9,22.22,44.44,22.22,88.89,0.141,0.08,0.22,11.11,57.97,30.92,0,0.0,得意,C
4112,大久保信一郎,3,4,25.0,25.0,25.0,75.0,0.18,0.12,0.21,0.0,54.51,20.49,0,0.0,少数参考,参考
4350,篠崎元志,6,7,0.0,0.0,28.57,28.57,0.149,0.08,0.26,0.0,21.0,7.57,1,14.29,やや得意,C
4418,茅原悠紀,3,4,0.0,75.0,25.0,100.0,0.115,0.09,0.17,25.0,54.51,45.49,0,0.0,少数参考,参考
3941,池田浩二,3,5,20.0,60.0,0.0,80.0,0.104,0.07,0.13,0.0,54.51,25.49,0,0.0,得意,C
4335,若林将,5,9,11.11,22.22,11.11,44.44,0.06,0.01,0.11,55.56,34.22,10.22,3,33.33,得意,C
4064,原田篤志,6,5,0.0,20.0,40.0,60.0,0.14,0.06,0.22,0.0,21.0,39.0,0,0.0,得意,C
4075,中野次郎,1,14,85.71,7.14,7.14,100.0,0.114,0.04,0.19,85.71,86.47,13.53,0,0.0,得意,B
4061,萩原秀人,6,3,0.0,0.0,33.33,33.33,0.123,0.05,0.2,66.67,21.0,12.33,0,0.0,少数参考,参考
4044,湯川浩司,1,5,60.0,20.0,0.0,80.0,0.106,0.05,0.17,60.0,86.47,-6.47,0,0.0,得意,C
4342,谷野錬志,2,5,20.0,40.0,40.0,100.0,0.118,0.01,0.21,40.0,57.97,42.03,0,0.0,得意,C
4055,吉田俊彦,5,7,14.29,0.0,14.29,28.57,0.114,0.07,0.17,57.14,34.22,-5.65,2,28.57,標準,C
3960,菊地孝平,4,5,60.0,20.0,20.0,100.0,0.06,0.04,0.11,60.0,45.78,54.22,1,20.0,得意,C
4504,前田将太,3,7,0.0,57.14,0.0,57.14,0.124,0.1,0.16,14.29,54.51,2.63,1,14.29,標準,C
3837,秋山広一,4,7,0.0,14.29,42.86,57.14,0.153,0.09,0.25,28.57,45.78,11.36,0,0.0,得意,C
4112,大久保信一郎,1,7,71.43,14.29,14.29,100.0,0.147,0.09,0.26,42.86,86.47,13.53,0,0.0,得意,C
3942,寺田祥,3,5,20.0,20.0,20.0,60.0,0.146,0.1,0.18,0.0,54.51,5.49,0,0.0,やや得意,C
4188,久田敏之,1,3,33.33,33.33,33.33,100.0,0.143,0.1,0.21,66.67,86.47,13.53,0,0.0,少数参考,参考
4254,川島圭司,3,5,0.0,40.0,40.0,80.0,0.14,0.09,0.17,20.0,54.51,25.49,0,0.0,得意,C
4075,中野次郎,4,11,9.09,18.18,36.36,63.64,0.129,0.04,0.19,27.27,45.78,17.86,1,9.09,得意,B
3251,平石和男,1,7,85.71,14.29,0.0,100.0,0.176,0.12,0.19,0.0,86.47,13.53,0,0.0,得意,C
4537,渡邉和将,3,5,20.0,20.0,40.0,80.0,0.154,0.07,0.19,40.0,54.51,25.49,0,0.0,得意,C
3941,池田浩二,4,4,25.0,25.0,25.0,75.0,0.147,0.09,0.21,0.0,45.78,29.22,0,0.0,少数参考,参考
4388,是澤孝宏,1,6,66.67,16.67,16.67,100.0,0.148,0.03,0.24,33.33,86.47,13.53,0,0.0,得意,C
4460,後藤翔之,5,4,0.0,25.0,25.0,50.0,0.185,0.16,0.22,25.0,34.22,15.78,0,0.0,少数参考,参考
4500,山田康二,1,12,83.33,16.67,0.0,100.0,0.128,0.02,0.19,16.67,86.47,13.53,1,8.33,得意,B
4055,吉田俊彦,2,9,22.22,11.11,44.44,77.78,0.131,0.07,0.22,33.33,57.97,19.81,0,0.0,得意,C
4350,篠崎元志,3,9,22.22,22.22,33.33,77.78,0.148,0.09,0.27,11.11,54.51,23.27,1,11.11,得意,C
3388,今垣光太郎,6,3,0.0,0.0,0.0,0.0,0.237,0.22,0.25,0.0,21.0,-21.0,0,0.0,少数参考,参考
4061,萩原秀人,1,6,100.0,0.0,0.0,100.0,0.13,0.06,0.19,50.0,86.47,13.53,0,0.0,得意,C
4044,湯川浩司,3,4,0.0,25.0,25.0,50.0,0.138,0.08,0.19,25.0,54.51,-4.51,0,0.0,少数参考,参考
4064,原田篤志,4,7,0.0,28.57,42.86,71.43,0.167,0.1,0.21,0.0,45.78,25.65,3,42.86,得意,C
4075,中野次郎,5,7,0.0,28.57,57.14,85.71,0.163,0.12,0.22,14.29,34.22,51.49,1,14.29,得意,C
4444,桐生順平,1,3,100.0,0.0,0.0,100.0,0.15,0.09,0.19,33.33,86.47,13.53,0,0.0,少数参考,参考
4391,松田祐季,2,6,16.67,50.0,16.67,83.33,0.135,0.07,0.18,16.67,57.97,25.36,0,0.0,得意,C
4418,茅原悠紀,6,3,0.0,33.33,66.67,100.0,0.18,0.14,0.24,0.0,21.0,79.0,0,0.0,少数参考,参考
3415,松井繁,3,7,0.0,28.57,42.86,71.43,0.161,0.06,0.26,42.86,54.51,16.92,2,28.57,得意,C
3388,今垣光太郎,4,6,33.33,0.0,50.0,83.33,0.072,0.03,0.14,66.67,45.78,37.55,0,0.0,得意,C
4370,山口達也,5,7,0.0,57.14,14.29,71.43,0.126,0.08,0.26,0.0,34.22,37.21,1,14.29,得意,C
3941,池田浩二,1,6,83.33,0.0,0.0,83.33,0.145,0.07,0.23,66.67,86.47,-3.14,0,0.0,得意,C
4350,篠崎元志,2,7,28.57,28.57,28.57,85.71,0.119,0.04,0.21,42.86,57.97,27.74,0,0.0,得意,C
3960,菊地孝平,3,9,11.11,11.11,55.56,77.78,0.096,0.05,0.16,33.33,54.51,23.27,0,0.0,得意,C
4044,湯川浩司,5,3,0.0,0.0,0.0,0.0,0.067,0.01,0.13,33.33,34.22,-34.22,0,0.0,少数参考,参考
4188,久田敏之,5,3,0.0,33.33,66.67,100.0,0.117,0.08,0.14,66.67,34.22,65.78,2,66.67,少数参考,参考
4342,谷野錬志,1,7,85.71,0.0,14.29,100.0,0.101,0.05,0.18,42.86,86.47,13.53,0,0.0,得意,C
3159,江口晃生,2,8,37.5,37.5,12.5,87.5,0.138,0.1,0.19,37.5,57.97,29.53,7,87.5,得意,C
4292,麻生慎介,5,9,44.44,11.11,11.11,66.67,0.117,0.0,0.29,44.44,34.22,32.45,3,33.33,得意,C
4118,宇佐見淳,1,4,100.0,0.0,0.0,100.0,0.098,0.03,0.16,25.0,86.47,13.53,0,0.0,少数参考,参考
4044,湯川浩司,2,3,0.0,0.0,33.33,33.33,0.113,0.1,0.12,0.0,57.97,-24.64,1,33.33,少数参考,参考
4049,高沖健太,3,5,60.0,0.0,40.0,100.0,0.146,0.12,0.21,20.0,54.51,45.49,1,20.0,得意,C
3837,秋山広一,2,5,20.0,40.0,0.0,60.0,0.16,0.08,0.24,40.0,57.97,2.03,0,0.0,標準,C
4350,篠崎元志,5,6,0.0,16.67,33.33,50.0,0.117,0.08,0.16,16.67,34.22,15.78,2,33.33,得意,C
4064,原田篤志,1,13,69.23,30.77,0.0,100.0,0.127,0.03,0.23,76.92,86.47,13.53,0,0.0,得意,B
3388,今垣光太郎,2,5,0.0,20.0,40.0,60.0,0.188,0.12,0.32,0.0,57.97,2.03,0,0.0,標準,C
4061,萩原秀人,3,4,0.0,50.0,50.0,100.0,0.18,0.13,0.27,0.0,54.51,45.49,0,0.0,少数参考,参考
4504,前田将太,1,9,66.67,11.11,22.22,100.0,0.128,0.06,0.27,22.22,86.47,13.53,0,0.0,得意,C
4055,吉田俊彦,4,10,0.0,30.0,30.0,60.0,0.136,0.07,0.2,20.0,45.78,14.22,2,20.0,得意,B
4418,茅原悠紀,1,3,100.0,0.0,0.0,100.0,0.177,0.15,0.22,0.0,86.47,13.53,0,0.0,少数参考,参考
4254,川島圭司,5,3,0.0,66.67,33.33,100.0,0.167,0.15,0.19,33.33,34.22,65.78,0,0.0,少数参考,参考
3941,池田浩二,6,4,0.0,0.0,0.0,0.0,0.113,0.09,0.14,25.0,21.0,-21.0,0,0.0,少数参考,参考
4064,原田篤志,2,9,22.22,44.44,33.33,100.0,0.144,0.05,0.25,33.33,57.97,42.03,0,0.0,得意,C
3388,今垣光太郎,1,8,75.0,25.0,0.0,100.0,0.064,0.03,0.14,87.5,86.47,13.53,0,0.0,得意,C
4055,吉田俊彦,3,10,0.0,50.0,10.0,60.0,0.123,0.08,0.19,0.0,54.51,5.49,1,10.0,やや得意,B
4388,是澤孝宏,5,3,33.33,0.0,33.33,66.67,0.14,0.07,0.23,0.0,34.22,32.45,1,33.33,少数参考,参考
4207,松下一也,2,5,60.0,20.0,20.0,100.0,0.09,0.04,0.16,60.0,57.97,42.03,0,0.0,得意,C
3415,松井繁,4,5,20.0,20.0,40.0,80.0,0.14,0.11,0.17,0.0,45.78,34.22,1,20.0,得意,C
3837,秋山広一,5,4,0.0,25.0,0.0,25.0,0.195,0.11,0.28,25.0,34.22,-9.22,1,25.0,少数参考,参考
3251,平石和男,4,5,0.0,20.0,40.0,60.0,0.21,0.07,0.33,0.0,45.78,14.22,1,20.0,得意,C
4504,前田将太,5,8,12.5,25.0,37.5,75.0,0.11,0.02,0.25,25.0,34.22,40.78,1,12.5,得意,C
4335,若林将,1,15,73.33,26.67,0.0,100.0,0.115,0.03,0.27,40.0,86.47,13.53,0,0.0,得意,B
4391,松田祐季,3,6,16.67,0.0,33.33,50.0,0.145,0.06,0.19,33.33,54.51,-4.51,0,0.0,標準,C
4370,山口達也,1,6,83.33,0.0,16.67,100.0,0.108,0.06,0.14,16.67,86.47,13.53,0,0.0,得意,C
3941,池田浩二,2,4,0.0,50.0,0.0,50.0,0.145,0.04,0.21,25.0,57.97,-7.97,0,0.0,少数参考,参考
4064,原田篤志,5,4,0.0,75.0,25.0,100.0,0.168,0.08,0.26,0.0,34.22,65.78,0,0.0,少数参考,参考
4049,高沖健太,1,4,50.0,25.0,25.0,100.0,0.225,0.07,0.36,0.0,86.47,13.53,0,0.0,少数参考,参考
3388,今垣光太郎,5,5,60.0,0.0,20.0,80.0,0.13,0.07,0.21,80.0,34.22,45.78,0,0.0,得意,C
4207,松下一也,1,6,66.67,16.67,0.0,83.33,0.098,0.02,0.16,50.0,86.47,-3.14,0,0.0,得意,C
4044,湯川浩司,4,4,0.0,0.0,50.0,50.0,0.142,0.0,0.29,25.0,45.78,4.22,1,25.0,少数参考,参考
3415,松井繁,1,10,70.0,20.0,0.0,90.0,0.124,0.06,0.18,30.0,86.47,3.53,0,0.0,得意,B
4335,若林将,3,9,22.22,11.11,44.44,77.78,0.107,0.04,0.16,33.33,54.51,23.27,0,0.0,得意,C
4504,前田将太,4,7,0.0,57.14,14.29,71.43,0.124,0.09,0.18,14.29,45.78,25.65,0,0.0,得意,C
4500,山田康二,3,8,25.0,37.5,37.5,100.0,0.13,0.02,0.22,25.0,54.51,45.49,1,12.5,得意,C
4055,吉田俊彦,1,11,90.91,0.0,0.0,90.91,0.139,0.07,0.24,72.73,86.47,4.44,0,0.0,得意,B
4118,宇佐見淳,4,3,33.33,33.33,0.0,66.67,0.147,0.08,0.21,66.67,45.78,20.89,0,0.0,少数参考,参考
4418,茅原悠紀,5,4,0.0,25.0,25.0,50.0,0.168,0.12,0.25,25.0,34.22,15.78,0,0.0,少数参考,参考
4342,谷野錬志,6,5,0.0,0.0,40.0,40.0,0.194,0.08,0.28,0.0,21.0,19.0,0,0.0,得意,C
4350,篠崎元志,1,12,75.0,25.0,0.0,100.0,0.107,0.07,0.15,66.67,86.47,13.53,0,0.0,得意,B
4061,萩原秀人,2,6,50.0,16.67,16.67,83.33,0.143,0.1,0.25,33.33,57.97,25.36,0,0.0,得意,C
3960,菊地孝平,1,12,66.67,16.67,8.33,91.67,0.117,0.06,0.16,41.67,86.47,5.2,0,0.0,得意,B
4500,山田康二,5,11,18.18,18.18,36.36,72.73,0.156,0.12,0.25,0.0,34.22,38.51,4,36.36,得意,B
4305,金子拓矢,1,4,50.0,50.0,0.0,100.0,0.148,0.1,0.18,100.0,86.47,13.53,0,0.0,少数参考,参考
4460,後藤翔之,3,9,55.56,33.33,0.0,88.89,0.144,0.06,0.27,33.33,54.51,34.38,0,0.0,得意,C
4370,山口達也,4,4,25.0,50.0,0.0,75.0,0.165,0.04,0.31,50.0,45.78,29.22,0,0.0,少数参考,参考
4254,川島圭司,1,4,75.0,0.0,25.0,100.0,0.088,0.04,0.16,100.0,86.47,13.53,0,0.0,少数参考,参考
4504,前田将太,2,9,11.11,55.56,11.11,77.78,0.181,0.08,0.22,0.0,57.97,19.81,0,0.0,得意,C
3251,平石和男,5,3,0.0,0.0,33.33,33.33,0.17,0.14,0.21,0.0,34.22,-0.89,0,0.0,少数参考,参考
4075,中野次郎,2,6,0.0,66.67,16.67,83.33,0.138,0.1,0.18,16.67,57.97,25.36,0,0.0,得意,C
3777,樋口亮,5,23,4.35,21.74,34.78,60.87,0.176,0.09,0.26,17.39,34.22,26.65,5,21.74,得意,A
4537,渡邉和将,4,4,50.0,25.0,0.0,75.0,0.085,0.05,0.13,50.0,45.78,29.22,0,0.0,少数参考,参考
4305,金子拓矢,3,3,66.67,33.33,0.0,100.0,0.11,0.04,0.15,33.33,54.51,45.49,0,0.0,少数参考,参考
3960,菊地孝平,2,7,28.57,42.86,0.0,71.43,0.097,0.04,0.14,28.57,57.97,13.46,0,0.0,得意,C
3941,池田浩二,5,4,25.0,0.0,0.0,25.0,0.13,0.06,0.19,25.0,34.22,-9.22,0,0.0,少数参考,参考
4370,山口達也,3,4,25.0,25.0,25.0,75.0,0.11,0.06,0.16,25.0,54.51,20.49,1,25.0,少数参考,参考
4207,松下一也,4,3,0.0,0.0,33.33,33.33,0.187,0.15,0.22,0.0,45.78,-12.45,0,0.0,少数参考,参考
3251,平石和男,3,4,25.0,50.0,0.0,75.0,0.168,0.16,0.18,50.0,54.51,20.49,0,0.0,少数参考,参考
4485,楠原正剛,3,7,0.0,14.29,71.43,85.71,0.139,0.04,0.34,28.57,54.51,31.2,0,0.0,得意,C
4705,吉川勇作,5,10,10.0,10.0,30.0,50.0,0.151,0.09,0.23,30.0,34.22,15.78,1,10.0,得意,B
4136,江夏満,4,10,0.0,10.0,50.0,60.0,0.169,0.13,0.26,10.0,45.78,14.22,2,20.0,得意,B
4100,松田隆司,5,8,0.0,50.0,37.5,87.5,0.188,0.11,0.27,25.0,34.22,53.28,1,12.5,得意,C
3876,中辻崇人,2,12,33.33,25.0,25.0,83.33,0.149,0.04,0.25,0.0,57.97,25.36,0,0.0,得意,B
4094,中島真二,4,5,0.0,40.0,20.0,60.0,0.204,0.15,0.25,0.0,45.78,14.22,1,20.0,得意,C
4531,武富智亮,5,10,30.0,40.0,0.0,70.0,0.168,0.07,0.22,40.0,34.22,35.78,3,30.0,得意,B
4715,村上遼,6,12,8.33,0.0,33.33,41.67,0.095,0.03,0.22,58.33,21.0,20.67,0,0.0,得意,B
4100,松田隆司,1,8,75.0,25.0,0.0,100.0,0.17,0.07,0.27,50.0,86.47,13.53,0,0.0,得意,C
4403,木下大將,5,5,0.0,20.0,20.0,40.0,0.152,0.06,0.23,0.0,34.22,5.78,2,40.0,やや得意,C
4136,江夏満,1,12,75.0,16.67,8.33,100.0,0.132,0.05,0.25,33.33,86.47,13.53,0,0.0,得意,B
4503,上野真之介,3,5,20.0,60.0,0.0,80.0,0.158,0.04,0.26,20.0,54.51,25.49,0,0.0,得意,C
3876,中辻崇人,1,22,100.0,0.0,0.0,100.0,0.148,0.07,0.23,27.27,86.47,13.53,0,0.0,得意,A
3442,宮武英司,1,7,0.0,57.14,42.86,100.0,0.15,0.05,0.19,42.86,86.47,13.53,0,0.0,得意,C
4652,酒見峻介,2,7,14.29,28.57,28.57,71.43,0.174,0.11,0.26,14.29,57.97,13.46,2,28.57,得意,C
4457,神田達也,3,4,25.0,50.0,25.0,100.0,0.135,0.06,0.18,0.0,54.51,45.49,0,0.0,少数参考,参考
3904,森貴洋,5,4,0.0,0.0,75.0,75.0,0.155,0.13,0.17,25.0,34.22,40.78,2,50.0,少数参考,参考
4080,山崎哲司,1,8,100.0,0.0,0.0,100.0,0.121,0.03,0.23,50.0,86.47,13.53,0,0.0,得意,C
4006,小野勇作,5,5,0.0,60.0,20.0,80.0,0.216,0.21,0.23,0.0,34.22,45.78,1,20.0,得意,C
3792,田中豪,6,3,0.0,33.33,33.33,66.67,0.167,0.11,0.21,66.67,21.0,45.67,0,0.0,少数参考,参考
4465,大西賢,2,5,20.0,20.0,20.0,60.0,0.254,0.07,0.52,20.0,57.97,2.03,0,0.0,標準,C
3613,角谷健吾,3,11,36.36,18.18,36.36,90.91,0.17,0.05,0.37,9.09,54.51,36.4,1,9.09,得意,B
3135,山口博司,4,3,0.0,0.0,66.67,66.67,0.307,0.16,0.44,33.33,45.78,20.89,0,0.0,少数参考,参考
3951,石川吉鎬,3,5,0.0,0.0,60.0,60.0,0.168,0.05,0.24,20.0,54.51,5.49,0,0.0,やや得意,C
3430,角浜修,4,4,0.0,25.0,0.0,25.0,0.175,0.13,0.25,0.0,45.78,-20.78,0,0.0,少数参考,参考
3957,大谷直弘,1,5,60.0,40.0,0.0,100.0,0.168,0.01,0.25,60.0,86.47,13.53,0,0.0,得意,C
3333,丸尾義孝,4,9,22.22,22.22,22.22,66.67,0.152,0.07,0.27,22.22,45.78,20.89,1,11.11,得意,C
4196,田中太一郎,1,12,58.33,16.67,25.0,100.0,0.147,0.04,0.26,41.67,86.47,13.53,0,0.0,得意,B
4291,山崎紳弘,4,4,0.0,25.0,25.0,50.0,0.235,0.17,0.29,0.0,45.78,4.22,0,0.0,少数参考,参考
3546,中里昌志,1,7,71.43,28.57,0.0,100.0,0.169,0.05,0.27,28.57,86.47,13.53,0,0.0,得意,C
3792,田中豪,3,4,0.0,50.0,25.0,75.0,0.223,0.18,0.25,0.0,54.51,20.49,1,25.0,少数参考,参考
3333,丸尾義孝,2,4,25.0,25.0,25.0,75.0,0.145,0.08,0.17,0.0,57.97,17.03,0,0.0,少数参考,参考
3081,岡本慎治,3,5,0.0,0.0,60.0,60.0,0.17,0.05,0.29,40.0,54.51,5.49,0,0.0,やや得意,C
3904,森貴洋,4,3,66.67,33.33,0.0,100.0,0.123,0.07,0.19,33.33,45.78,54.22,0,0.0,少数参考,参考
3546,中里昌志,3,6,16.67,33.33,33.33,83.33,0.14,0.07,0.26,33.33,54.51,28.82,0,0.0,得意,C
3282,池本輝明,6,6,0.0,0.0,0.0,0.0,0.255,0.15,0.33,0.0,21.0,-21.0,2,33.33,苦手,C
4592,小林孝弘,2,6,0.0,16.67,66.67,83.33,0.163,0.08,0.22,16.67,57.97,25.36,0,0.0,得意,C
4213,重富伸也,4,18,16.67,16.67,11.11,44.44,0.123,0.02,0.24,33.33,45.78,-1.34,3,16.67,標準,B
4085,荻野裕介,1,4,75.0,25.0,0.0,100.0,0.15,0.11,0.21,25.0,86.47,13.53,0,0.0,少数参考,参考
3904,森貴洋,2,4,50.0,50.0,0.0,100.0,0.128,0.08,0.18,0.0,57.97,42.03,0,0.0,少数参考,参考
4652,酒見峻介,3,4,0.0,25.0,75.0,100.0,0.165,0.01,0.29,50.0,54.51,45.49,0,0.0,少数参考,参考
3730,塩崎優司,3,5,20.0,40.0,40.0,100.0,0.154,0.04,0.26,40.0,54.51,45.49,1,20.0,得意,C
3081,岡本慎治,4,4,25.0,25.0,0.0,50.0,0.158,0.04,0.23,50.0,45.78,4.22,2,50.0,少数参考,参考
4080,山崎哲司,5,3,0.0,0.0,33.33,33.33,0.11,0.08,0.14,33.33,34.22,-0.89,0,0.0,少数参考,参考
3546,中里昌志,6,4,0.0,0.0,50.0,50.0,0.158,0.13,0.18,25.0,21.0,29.0,0,0.0,少数参考,参考
4006,小野勇作,2,9,44.44,11.11,22.22,77.78,0.16,0.11,0.21,11.11,57.97,19.81,0,0.0,得意,C
4666,日笠勝弘,4,4,0.0,0.0,50.0,50.0,0.16,0.12,0.24,50.0,45.78,4.22,0,0.0,少数参考,参考
3333,丸尾義孝,5,5,0.0,20.0,20.0,40.0,0.184,0.12,0.24,0.0,34.22,5.78,0,0.0,やや得意,C
3613,角谷健吾,4,6,16.67,50.0,16.67,83.33,0.132,0.06,0.23,66.67,45.78,37.55,0,0.0,得意,C
3904,森貴洋,1,7,71.43,14.29,14.29,100.0,0.174,0.09,0.25,57.14,86.47,13.53,0,0.0,得意,C
3730,塩崎優司,2,6,16.67,16.67,66.67,100.0,0.23,0.18,0.3,16.67,57.97,42.03,0,0.0,得意,C
3277,齋藤勇,5,3,0.0,0.0,0.0,0.0,0.153,0.12,0.21,0.0,34.22,-34.22,0,0.0,少数参考,参考
4196,田中太一郎,6,4,0.0,0.0,0.0,0.0,0.13,0.07,0.16,25.0,21.0,-21.0,1,25.0,少数参考,参考
3957,大谷直弘,4,4,25.0,0.0,25.0,50.0,0.228,0.17,0.28,0.0,45.78,4.22,1,25.0,少数参考,参考
3792,田中豪,1,5,100.0,0.0,0.0,100.0,0.176,0.11,0.24,20.0,86.47,13.53,0,0.0,得意,C
4085,荻野裕介,2,3,0.0,33.33,33.33,66.67,0.183,0.12,0.24,33.33,57.97,8.7,0,0.0,少数参考,参考
4080,山崎哲司,6,6,0.0,50.0,33.33,83.33,0.158,0.09,0.31,33.33,21.0,62.33,0,0.0,得意,C
4006,小野勇作,1,7,57.14,14.29,14.29,85.71,0.153,0.09,0.21,28.57,86.47,-0.76,0,0.0,得意,C
3613,角谷健吾,1,12,75.0,16.67,0.0,91.67,0.132,0.02,0.22,58.33,86.47,5.2,0,0.0,得意,B
4652,酒見峻介,4,5,40.0,20.0,0.0,60.0,0.144,0.07,0.22,60.0,45.78,14.22,0,0.0,得意,C
4592,小林孝弘,5,4,0.0,0.0,25.0,25.0,0.215,0.14,0.29,25.0,34.22,-9.22,1,25.0,少数参考,参考
3951,石川吉鎬,2,4,50.0,25.0,25.0,100.0,0.17,0.11,0.2,0.0,57.97,42.03,0,0.0,少数参考,参考
3313,本吉正樹,5,3,0.0,0.0,0.0,0.0,0.107,0.08,0.13,33.33,34.22,-34.22,0,0.0,少数参考,参考
4213,重富伸也,5,13,7.69,15.38,23.08,46.15,0.112,0.02,0.2,38.46,34.22,11.93,3,23.08,得意,B
3613,角谷健吾,2,6,66.67,16.67,16.67,100.0,0.142,0.04,0.18,50.0,57.97,42.03,0,0.0,得意,C
4666,日笠勝弘,5,4,25.0,25.0,50.0,100.0,0.113,0.05,0.15,25.0,34.22,65.78,1,25.0,少数参考,参考
3333,丸尾義孝,1,14,78.57,14.29,7.14,100.0,0.134,0.04,0.25,64.29,86.47,13.53,0,0.0,得意,B
3904,森貴洋,3,3,0.0,0.0,66.67,66.67,0.207,0.19,0.23,0.0,54.51,12.16,0,0.0,少数参考,参考
4080,山崎哲司,3,6,16.67,50.0,16.67,83.33,0.133,0.05,0.21,66.67,54.51,28.82,0,0.0,得意,C
3081,岡本慎治,1,10,80.0,20.0,0.0,100.0,0.182,0.11,0.28,40.0,86.47,13.53,0,0.0,得意,B
4666,日笠勝弘,3,8,0.0,0.0,87.5,87.5,0.133,0.02,0.25,37.5,54.51,32.99,1,12.5,得意,C
3730,塩崎優司,5,6,0.0,33.33,16.67,50.0,0.177,0.13,0.27,33.33,34.22,15.78,0,0.0,得意,C
3957,大谷直弘,3,9,0.0,22.22,55.56,77.78,0.153,0.01,0.31,33.33,54.51,23.27,1,11.11,得意,C
3546,中里昌志,2,7,28.57,28.57,0.0,57.14,0.183,0.12,0.23,14.29,57.97,-0.83,0,0.0,標準,C
4523,中村辰也,2,13,23.08,53.85,7.69,84.62,0.116,0.03,0.24,46.15,57.97,26.65,0,0.0,得意,B
4196,田中太一郎,5,8,12.5,0.0,37.5,50.0,0.188,0.05,0.38,25.0,34.22,15.78,2,25.0,得意,C
4778,堤啓輔,6,4,25.0,0.0,50.0,75.0,0.155,0.07,0.26,0.0,21.0,54.0,2,50.0,少数参考,参考
3081,岡本慎治,5,4,0.0,25.0,50.0,75.0,0.09,0.05,0.17,50.0,34.22,40.78,1,25.0,少数参考,参考
4465,大西賢,3,4,0.0,25.0,50.0,75.0,0.19,0.16,0.24,0.0,54.51,20.49,0,0.0,少数参考,参考
3957,大谷直弘,5,6,0.0,33.33,16.67,50.0,0.203,0.07,0.29,16.67,34.22,15.78,0,0.0,得意,C
4080,山崎哲司,4,5,40.0,20.0,20.0,80.0,0.114,0.06,0.22,80.0,45.78,34.22,0,0.0,得意,C
3730,塩崎優司,4,5,40.0,40.0,20.0,100.0,0.142,0.09,0.19,20.0,45.78,54.22,1,20.0,得意,C
3957,大谷直弘,2,7,14.29,57.14,14.29,85.71,0.187,0.14,0.29,0.0,57.97,27.74,0,0.0,得意,C
4006,小野勇作,4,9,33.33,33.33,11.11,77.78,0.148,0.08,0.19,11.11,45.78,32.0,1,11.11,得意,C
3571,寺本武司,2,6,0.0,33.33,16.67,50.0,0.163,0.11,0.28,16.67,57.97,-7.97,0,0.0,標準,C
3868,尾形栄治,1,5,60.0,40.0,0.0,100.0,0.174,0.11,0.32,40.0,86.47,13.53,0,0.0,得意,C
4410,井上大輔,3,11,27.27,54.55,9.09,90.91,0.174,0.07,0.29,9.09,54.51,36.4,1,9.09,得意,B
4229,市川美宏,5,6,16.67,16.67,16.67,50.0,0.215,0.13,0.31,16.67,34.22,15.78,2,33.33,得意,C
3574,大神康司,3,21,14.29,23.81,23.81,61.9,0.157,0.03,0.23,28.57,54.51,7.39,8,38.1,やや得意,A
4363,大野芳顕,4,9,0.0,0.0,22.22,22.22,0.151,0.11,0.19,33.33,45.78,-23.56,0,0.0,苦手,C
4739,中村晃朋,2,7,42.86,14.29,28.57,85.71,0.16,0.07,0.21,14.29,57.97,27.74,0,0.0,得意,C
4003,表憲一,1,7,57.14,14.29,28.57,100.0,0.16,0.09,0.22,42.86,86.47,13.53,0,0.0,得意,C
4092,岡部大輔,3,5,20.0,20.0,60.0,100.0,0.142,0.02,0.31,60.0,54.51,45.49,0,0.0,得意,C
4120,柘植政浩,3,3,0.0,0.0,33.33,33.33,0.163,0.15,0.17,0.0,54.51,-21.18,0,0.0,少数参考,参考
4753,森照夫,6,6,0.0,0.0,50.0,50.0,0.192,0.09,0.36,50.0,21.0,29.0,1,16.67,得意,C
4413,水摩敦,1,9,66.67,11.11,22.22,100.0,0.136,0.06,0.22,33.33,86.47,13.53,0,0.0,得意,C
4003,表憲一,2,4,0.0,75.0,0.0,75.0,0.13,0.07,0.24,0.0,57.97,17.03,0,0.0,少数参考,参考
4229,市川美宏,4,3,0.0,33.33,33.33,66.67,0.243,0.21,0.29,33.33,45.78,20.89,0,0.0,少数参考,参考
4073,大橋純一郎,1,9,55.56,44.44,0.0,100.0,0.127,0.02,0.19,77.78,86.47,13.53,0,0.0,得意,C
4314,青木幸太郎,5,7,14.29,28.57,28.57,71.43,0.126,0.02,0.17,28.57,34.22,37.21,0,0.0,得意,C
3635,石田政吾,1,4,100.0,0.0,0.0,100.0,0.1,0.04,0.17,75.0,86.47,13.53,0,0.0,少数参考,参考
3716,石渡鉄兵,3,7,14.29,28.57,57.14,100.0,0.147,0.06,0.24,42.86,54.51,45.49,0,0.0,得意,C
3574,大神康司,4,6,0.0,0.0,50.0,50.0,0.138,0.07,0.21,16.67,45.78,4.22,3,50.0,やや得意,C
4311,岡村仁,5,4,0.0,50.0,25.0,75.0,0.11,0.07,0.16,25.0,34.22,40.78,2,50.0,少数参考,参考
3574,大神康司,1,25,64.0,20.0,0.0,84.0,0.144,0.02,0.25,8.0,86.47,-2.47,1,4.0,得意,A
3445,加藤高史,1,4,50.0,50.0,0.0,100.0,0.13,0.04,0.18,25.0,86.47,13.53,0,0.0,少数参考,参考
4363,大野芳顕,5,7,0.0,28.57,42.86,71.43,0.147,0.08,0.19,14.29,34.22,37.21,1,14.29,得意,C
4314,青木幸太郎,6,4,0.0,0.0,0.0,0.0,0.145,0.09,0.19,25.0,21.0,-21.0,0,0.0,少数参考,参考
4410,井上大輔,1,14,57.14,21.43,21.43,100.0,0.144,0.03,0.29,21.43,86.47,13.53,0,0.0,得意,B
4413,水摩敦,2,10,10.0,40.0,10.0,60.0,0.139,0.03,0.23,20.0,57.97,2.03,0,0.0,標準,B
3268,森竜也,1,3,66.67,33.33,0.0,100.0,0.14,0.07,0.24,66.67,86.47,13.53,0,0.0,少数参考,参考
4004,山本浩輔,3,22,13.64,22.73,36.36,72.73,0.141,0.07,0.27,18.18,54.51,18.22,0,0.0,得意,A
3839,川合理司,4,3,0.0,0.0,33.33,33.33,0.157,0.12,0.22,33.33,45.78,-12.45,0,0.0,少数参考,参考
4693,松下誉士,5,5,0.0,40.0,60.0,100.0,0.194,0.12,0.3,20.0,34.22,65.78,2,40.0,得意,C
4229,市川美宏,3,3,0.0,33.33,33.33,66.67,0.2,0.16,0.25,0.0,54.51,12.16,0,0.0,少数参考,参考
4532,秋元哲,4,5,0.0,60.0,20.0,80.0,0.126,0.06,0.22,0.0,45.78,34.22,0,0.0,得意,C
3527,中嶋誠一郎,6,20,10.0,5.0,25.0,40.0,0.139,0.03,0.26,20.0,21.0,19.0,1,5.0,得意,A
3716,石渡鉄兵,2,5,20.0,40.0,20.0,80.0,0.186,0.12,0.28,20.0,57.97,22.03,0,0.0,得意,C
4003,表憲一,3,7,0.0,14.29,57.14,71.43,0.184,0.1,0.26,14.29,54.51,16.92,0,0.0,得意,C
3868,尾形栄治,6,3,0.0,0.0,66.67,66.67,0.237,0.2,0.26,33.33,21.0,45.67,1,33.33,少数参考,参考
4057,松井賢治,1,11,90.91,0.0,9.09,100.0,0.117,0.07,0.16,36.36,86.47,13.53,0,0.0,得意,B
4532,秋元哲,2,7,28.57,42.86,14.29,85.71,0.133,0.06,0.27,42.86,57.97,27.74,0,0.0,得意,C
4314,青木幸太郎,3,6,0.0,50.0,50.0,100.0,0.122,0.08,0.18,16.67,54.51,45.49,1,16.67,得意,C
4230,濱崎直矢,1,9,100.0,0.0,0.0,100.0,0.112,0.0,0.23,66.67,86.47,13.53,0,0.0,得意,C
3574,大神康司,2,32,28.12,31.25,18.75,78.12,0.17,0.07,0.39,18.75,57.97,20.15,18,56.25,得意,A
4410,井上大輔,5,10,20.0,30.0,20.0,70.0,0.17,0.09,0.23,10.0,34.22,35.78,1,10.0,得意,B
4003,表憲一,6,3,0.0,0.0,33.33,33.33,0.17,0.12,0.26,33.33,21.0,12.33,1,33.33,少数参考,参考
4120,柘植政浩,2,4,0.0,25.0,50.0,75.0,0.16,0.13,0.19,0.0,57.97,17.03,0,0.0,少数参考,参考
3716,石渡鉄兵,1,7,57.14,14.29,0.0,71.43,0.144,0.08,0.24,42.86,86.47,-15.04,0,0.0,得意,C
4057,松井賢治,2,5,20.0,20.0,40.0,80.0,0.152,0.11,0.17,20.0,57.97,22.03,0,0.0,得意,C
4340,土性雅也,3,4,0.0,25.0,25.0,50.0,0.152,0.11,0.18,25.0,54.51,-4.51,1,25.0,少数参考,参考
4739,中村晃朋,4,5,0.0,0.0,80.0,80.0,0.156,0.11,0.24,40.0,45.78,34.22,0,0.0,得意,C
4092,岡部大輔,1,7,42.86,57.14,0.0,100.0,0.073,0.04,0.12,85.71,86.47,13.53,0,0.0,得意,C
3716,石渡鉄兵,4,7,57.14,28.57,0.0,85.71,0.127,0.08,0.2,42.86,45.78,39.93,0,0.0,得意,C
3224,栗山繁洋,6,4,0.0,0.0,50.0,50.0,0.113,0.06,0.18,50.0,21.0,29.0,0,0.0,少数参考,参考
4532,秋元哲,1,8,87.5,12.5,0.0,100.0,0.145,0.07,0.18,62.5,86.47,13.53,0,0.0,得意,C
3268,森竜也,4,3,0.0,0.0,0.0,0.0,0.227,0.18,0.29,0.0,45.78,-45.78,3,100.0,少数参考,参考
4363,大野芳顕,1,8,75.0,12.5,12.5,100.0,0.122,0.03,0.25,62.5,86.47,13.53,0,0.0,得意,C
4057,松井賢治,5,8,0.0,0.0,50.0,50.0,0.14,0.07,0.18,12.5,34.22,15.78,1,12.5,得意,C
4314,青木幸太郎,1,10,90.0,10.0,0.0,100.0,0.108,0.01,0.19,70.0,86.47,13.53,0,0.0,得意,B
4230,濱崎直矢,5,7,28.57,14.29,0.0,42.86,0.129,0.04,0.33,42.86,34.22,8.64,1,14.29,得意,C
4340,土性雅也,6,3,0.0,33.33,33.33,66.67,0.17,0.11,0.21,0.0,21.0,45.67,2,66.67,少数参考,参考
4229,市川美宏,2,4,0.0,75.0,0.0,75.0,0.145,0.11,0.18,25.0,57.97,17.03,0,0.0,少数参考,参考
4073,大橋純一郎,5,7,14.29,57.14,0.0,71.43,0.164,0.11,0.22,28.57,34.22,37.21,0,0.0,得意,C
4363,大野芳顕,2,5,0.0,20.0,60.0,80.0,0.182,0.12,0.25,0.0,57.97,22.03,0,0.0,得意,C
4230,濱崎直矢,6,3,0.0,33.33,66.67,100.0,0.097,0.06,0.12,100.0,21.0,79.0,1,33.33,少数参考,参考
4314,青木幸太郎,2,5,0.0,60.0,40.0,100.0,0.126,0.08,0.17,40.0,57.97,42.03,0,0.0,得意,C
4004,山本浩輔,6,6,0.0,0.0,16.67,16.67,0.197,0.14,0.3,16.67,21.0,-4.33,0,0.0,標準,C
3868,尾形栄治,2,3,0.0,66.67,33.33,100.0,0.217,0.19,0.24,0.0,57.97,42.03,0,0.0,少数参考,参考
4057,松井賢治,3,7,0.0,14.29,42.86,57.14,0.159,0.09,0.24,0.0,54.51,2.63,1,14.29,標準,C
3445,加藤高史,5,3,33.33,0.0,33.33,66.67,0.173,0.11,0.25,0.0,34.22,32.45,0,0.0,少数参考,参考
4329,小松卓司,3,5,20.0,20.0,20.0,60.0,0.15,0.13,0.17,0.0,54.51,5.49,1,20.0,やや得意,C
4403,木下大將,1,6,83.33,16.67,0.0,100.0,0.135,0.05,0.23,33.33,86.47,13.53,0,0.0,得意,C
3876,中辻崇人,5,13,30.77,23.08,23.08,76.92,0.145,0.01,0.31,30.77,34.22,42.7,3,23.08,得意,B
4136,江夏満,6,5,0.0,20.0,40.0,60.0,0.178,0.14,0.21,20.0,21.0,39.0,1,20.0,得意,C
4329,小松卓司,4,6,0.0,16.67,33.33,50.0,0.197,0.1,0.33,16.67,45.78,4.22,0,0.0,やや得意,C
4403,木下大將,2,8,12.5,62.5,25.0,100.0,0.211,0.17,0.27,0.0,57.97,42.03,1,12.5,得意,C
4705,吉川勇作,6,6,0.0,33.33,0.0,33.33,0.158,0.11,0.25,33.33,21.0,12.33,1,16.67,得意,C
4715,村上遼,1,45,86.67,8.89,0.0,95.56,0.116,0.01,0.23,55.56,86.47,9.09,0,0.0,得意,A
4718,北川太一,2,10,40.0,20.0,20.0,80.0,0.163,0.09,0.25,0.0,57.97,22.03,0,0.0,得意,B
4094,中島真二,2,7,0.0,57.14,42.86,100.0,0.191,0.13,0.26,0.0,57.97,42.03,0,0.0,得意,C
4136,江夏満,5,6,33.33,33.33,0.0,66.67,0.21,0.1,0.32,0.0,34.22,32.45,2,33.33,得意,C
4739,中村晃朋,3,5,0.0,100.0,0.0,100.0,0.136,0.05,0.18,20.0,54.51,45.49,0,0.0,得意,C
4363,大野芳顕,3,7,0.0,71.43,14.29,85.71,0.176,0.11,0.38,14.29,54.51,31.2,0,0.0,得意,C
3868,尾形栄治,3,4,0.0,25.0,50.0,75.0,0.19,0.16,0.21,25.0,54.51,20.49,0,0.0,少数参考,参考
4073,大橋純一郎,6,4,0.0,25.0,50.0,75.0,0.17,0.16,0.18,25.0,21.0,54.0,0,0.0,少数参考,参考
4314,青木幸太郎,4,5,0.0,40.0,40.0,80.0,0.16,0.07,0.24,40.0,45.78,34.22,1,20.0,得意,C
4410,井上大輔,6,7,14.29,0.0,42.86,57.14,0.157,0.07,0.41,57.14,21.0,36.14,0,0.0,得意,C
4120,柘植政浩,5,3,0.0,33.33,33.33,66.67,0.19,0.15,0.24,0.0,34.22,32.45,1,33.33,少数参考,参考
4532,秋元哲,5,4,25.0,25.0,50.0,100.0,0.158,0.11,0.21,25.0,34.22,65.78,0,0.0,少数参考,参考
4057,松井賢治,4,4,0.0,0.0,25.0,25.0,0.16,0.11,0.24,0.0,45.78,-20.78,0,0.0,少数参考,参考
4229,市川美宏,1,3,100.0,0.0,0.0,100.0,0.17,0.14,0.21,33.33,86.47,13.53,0,0.0,少数参考,参考
3268,森竜也,3,3,0.0,33.33,66.67,100.0,0.18,0.14,0.23,33.33,54.51,45.49,0,0.0,少数参考,参考
3445,加藤高史,3,3,0.0,33.33,33.33,66.67,0.23,0.16,0.28,0.0,54.51,12.16,0,0.0,少数参考,参考
4003,表憲一,5,4,25.0,0.0,75.0,100.0,0.245,0.21,0.28,0.0,34.22,65.78,0,0.0,少数参考,参考
4718,北川太一,6,6,0.0,33.33,33.33,66.67,0.12,0.09,0.18,33.33,21.0,45.67,2,33.33,得意,C
3998,冨成謙児,1,5,60.0,20.0,20.0,100.0,0.104,0.03,0.14,100.0,86.47,13.53,0,0.0,得意,C
3708,岡部貴司,2,8,12.5,37.5,12.5,62.5,0.113,0.07,0.14,62.5,57.97,4.53,0,0.0,やや得意,C
4531,武富智亮,3,6,0.0,66.67,16.67,83.33,0.155,0.11,0.22,0.0,54.51,28.82,0,0.0,得意,C
4715,村上遼,3,25,16.0,28.0,40.0,84.0,0.124,0.04,0.26,28.0,54.51,29.49,1,4.0,得意,A
4329,小松卓司,2,7,0.0,57.14,28.57,85.71,0.186,0.09,0.29,14.29,57.97,27.74,0,0.0,得意,C
3876,中辻崇人,3,8,12.5,62.5,25.0,100.0,0.198,0.07,0.32,0.0,54.51,45.49,0,0.0,得意,C
4136,江夏満,3,4,50.0,50.0,0.0,100.0,0.115,0.08,0.15,0.0,54.51,45.49,0,0.0,少数参考,参考
4100,松田隆司,2,9,0.0,22.22,55.56,77.78,0.153,0.06,0.24,11.11,57.97,19.81,0,0.0,得意,C
4497,桑原悠,4,21,14.29,42.86,23.81,80.95,0.138,0.05,0.25,38.1,45.78,35.17,1,4.76,得意,A
4136,江夏満,2,10,10.0,50.0,20.0,80.0,0.127,0.05,0.19,10.0,57.97,22.03,0,0.0,得意,B
3998,冨成謙児,3,6,16.67,16.67,16.67,50.0,0.158,0.11,0.23,33.33,54.51,-4.51,2,33.33,標準,C
4531,武富智亮,1,12,91.67,0.0,0.0,91.67,0.102,0.01,0.27,75.0,86.47,5.2,0,0.0,得意,B
3876,中辻崇人,4,6,16.67,33.33,0.0,50.0,0.145,0.08,0.21,33.33,45.78,4.22,0,0.0,やや得意,C
4329,小松卓司,1,4,75.0,0.0,0.0,75.0,0.095,0.04,0.13,50.0,86.47,-11.47,0,0.0,少数参考,参考
4705,吉川勇作,2,20,5.0,35.0,30.0,70.0,0.135,0.03,0.27,30.0,57.97,12.03,0,0.0,得意,A
4094,中島真二,1,5,60.0,40.0,0.0,100.0,0.154,0.08,0.25,40.0,86.47,13.53,0,0.0,得意,C
4315,山崎昂介,3,19,0.0,47.37,36.84,84.21,0.147,0.06,0.22,26.32,54.51,29.7,1,5.26,得意,B
4100,松田隆司,4,16,6.25,31.25,25.0,62.5,0.141,0.03,0.29,31.25,45.78,16.72,2,12.5,得意,B
3741,松尾基成,3,7,0.0,14.29,57.14,71.43,0.22,0.14,0.32,28.57,54.51,16.92,1,14.29,得意,C
4403,木下大將,4,7,28.57,28.57,42.86,100.0,0.16,0.09,0.21,42.86,45.78,54.22,0,0.0,得意,C
4718,北川太一,5,12,8.33,41.67,33.33,83.33,0.118,0.06,0.19,41.67,34.22,49.11,2,16.67,得意,B
3349,吉田一郎,6,3,0.0,0.0,33.33,33.33,0.083,0.01,0.13,100.0,21.0,12.33,0,0.0,少数参考,参考
4531,武富智亮,6,5,20.0,0.0,60.0,80.0,0.134,0.06,0.23,60.0,21.0,59.0,0,0.0,得意,C
3998,冨成謙児,4,3,33.33,0.0,0.0,33.33,0.167,0.14,0.22,33.33,45.78,-12.45,0,0.0,少数参考,参考
4718,北川太一,3,9,11.11,44.44,22.22,77.78,0.159,0.07,0.27,11.11,54.51,23.27,1,11.11,得意,C
4094,中島真二,5,7,14.29,28.57,28.57,71.43,0.179,0.13,0.22,14.29,34.22,37.21,0,0.0,得意,C
4531,武富智亮,2,7,14.29,71.43,14.29,100.0,0.119,0.05,0.21,14.29,57.97,42.03,1,14.29,得意,C
4640,山ノ内雅人,5,3,0.0,33.33,0.0,33.33,0.14,0.08,0.22,66.67,34.22,-0.89,0,0.0,少数参考,参考
3708,岡部貴司,3,5,0.0,80.0,20.0,100.0,0.188,0.15,0.28,0.0,54.51,45.49,0,0.0,得意,C
4100,松田隆司,3,9,11.11,44.44,22.22,77.78,0.154,0.09,0.22,22.22,54.51,23.27,0,0.0,得意,C
4503,上野真之介,5,8,25.0,12.5,50.0,87.5,0.145,0.09,0.19,37.5,34.22,53.28,3,37.5,得意,C
3277,齋藤勇,1,3,33.33,66.67,0.0,100.0,0.097,0.04,0.14,66.67,86.47,13.53,0,0.0,少数参考,参考
4652,酒見峻介,5,4,0.0,0.0,50.0,50.0,0.147,0.04,0.25,25.0,34.22,15.78,0,0.0,少数参考,参考
4080,山崎哲司,2,7,14.29,71.43,14.29,100.0,0.096,0.02,0.12,71.43,57.97,42.03,1,14.29,得意,C
4666,日笠勝弘,2,6,0.0,33.33,16.67,50.0,0.115,0.02,0.26,16.67,57.97,-7.97,0,0.0,標準,C
4592,小林孝弘,6,3,0.0,0.0,33.33,33.33,0.17,0.13,0.21,0.0,21.0,12.33,1,33.33,少数参考,参考
3081,岡本慎治,2,6,0.0,66.67,33.33,100.0,0.155,0.07,0.23,33.33,57.97,42.03,0,0.0,得意,C
3442,宮武英司,5,4,0.0,0.0,50.0,50.0,0.17,0.13,0.21,50.0,34.22,15.78,1,25.0,少数参考,参考
4079,出畑孝典,1,17,88.24,5.88,5.88,100.0,0.145,0.04,0.24,41.18,86.47,13.53,0,0.0,得意,B
4035,杉江浩明,4,6,0.0,16.67,50.0,66.67,0.163,0.09,0.27,0.0,45.78,20.89,0,0.0,得意,C
4164,岩永節也,5,13,0.0,23.08,30.77,53.85,0.179,0.08,0.36,23.08,34.22,19.63,4,30.77,得意,B
4167,片岡秀樹,3,9,0.0,33.33,22.22,55.56,0.162,0.09,0.22,0.0,54.51,1.05,0,0.0,標準,C
4211,村田敦,5,7,0.0,28.57,14.29,42.86,0.18,0.12,0.3,0.0,34.22,8.64,1,14.29,得意,C
4395,下河雅史,1,9,55.56,33.33,0.0,88.89,0.157,0.05,0.27,55.56,86.47,2.42,0,0.0,得意,C
3892,草場康幸,2,11,27.27,9.09,36.36,72.73,0.152,0.09,0.24,18.18,57.97,14.76,0,0.0,得意,B
4111,奥田誠,4,8,37.5,12.5,25.0,75.0,0.17,0.05,0.26,0.0,45.78,29.22,1,12.5,得意,C
3583,齋藤智裕,3,3,0.0,33.33,33.33,66.67,0.19,0.11,0.27,33.33,54.51,12.16,1,33.33,少数参考,参考
4685,島村隆幸,4,5,20.0,20.0,20.0,60.0,0.122,0.04,0.19,20.0,45.78,14.22,1,20.0,得意,C
4086,寺本重宣,1,9,88.89,0.0,11.11,100.0,0.108,0.04,0.19,55.56,86.47,13.53,0,0.0,得意,C
3705,濱田隆浩,2,3,0.0,100.0,0.0,100.0,0.18,0.16,0.22,33.33,57.97,42.03,2,66.67,少数参考,参考
4119,泥谷一毅,3,3,0.0,33.33,0.0,33.33,0.147,0.09,0.21,33.33,54.51,-21.18,0,0.0,少数参考,参考
4139,丹下健,4,4,25.0,50.0,25.0,100.0,0.138,0.11,0.18,50.0,45.78,54.22,1,25.0,少数参考,参考
3412,鈴木博,2,5,20.0,20.0,20.0,60.0,0.154,0.09,0.21,0.0,57.97,2.03,0,0.0,標準,C
4398,船岡洋一郎,3,4,25.0,25.0,25.0,75.0,0.103,0.05,0.18,50.0,54.51,20.49,0,0.0,少数参考,参考
4635,峰重力也,5,5,0.0,0.0,20.0,20.0,0.128,0.09,0.2,20.0,34.22,-14.22,1,20.0,苦手,C
3583,齋藤智裕,1,3,0.0,100.0,0.0,100.0,0.123,0.06,0.19,0.0,86.47,13.53,0,0.0,少数参考,参考
3300,川崎智幸,2,9,33.33,55.56,11.11,100.0,0.111,0.05,0.21,22.22,57.97,42.03,0,0.0,得意,C
4676,後藤隼之,4,4,0.0,0.0,0.0,0.0,0.16,0.16,0.16,25.0,45.78,-45.78,0,0.0,少数参考,参考
4144,石塚久也,1,4,100.0,0.0,0.0,100.0,0.117,0.03,0.19,75.0,86.47,13.53,0,0.0,少数参考,参考
3484,芝田浩治,3,7,14.29,28.57,28.57,71.43,0.123,0.05,0.19,28.57,54.51,16.92,0,0.0,得意,C
3892,草場康幸,4,15,6.67,6.67,33.33,46.67,0.152,0.1,0.22,33.33,45.78,0.89,1,6.67,標準,B
3362,間嶋仁志,1,7,85.71,0.0,0.0,85.71,0.126,0.08,0.16,57.14,86.47,-0.76,0,0.0,得意,C
4398,船岡洋一郎,2,5,20.0,40.0,40.0,100.0,0.164,0.08,0.28,20.0,57.97,42.03,1,20.0,得意,C
4211,村田敦,4,8,12.5,25.0,12.5,50.0,0.158,0.07,0.24,25.0,45.78,4.22,2,25.0,やや得意,C
4703,森永隆,6,4,0.0,50.0,25.0,75.0,0.147,0.09,0.2,0.0,21.0,54.0,2,50.0,少数参考,参考
3412,鈴木博,1,10,70.0,20.0,0.0,90.0,0.152,0.02,0.35,50.0,86.47,3.53,0,0.0,得意,B
4086,寺本重宣,4,7,14.29,42.86,42.86,100.0,0.116,0.03,0.21,28.57,45.78,54.22,1,14.29,得意,C
4685,島村隆幸,5,4,0.0,0.0,0.0,0.0,0.122,0.07,0.18,25.0,34.22,-34.22,0,0.0,少数参考,参考
3022,西山昇一,4,3,33.33,0.0,0.0,33.33,0.183,0.16,0.21,0.0,45.78,-12.45,0,0.0,少数参考,参考
4367,山口修路,2,9,11.11,22.22,33.33,66.67,0.16,0.11,0.23,0.0,57.97,8.7,0,0.0,得意,C
4035,杉江浩明,3,3,0.0,33.33,66.67,100.0,0.13,0.09,0.15,0.0,54.51,45.49,0,0.0,少数参考,参考
4685,島村隆幸,1,7,85.71,14.29,0.0,100.0,0.111,0.03,0.21,14.29,86.47,13.53,0,0.0,得意,C
3583,齋藤智裕,5,4,0.0,0.0,50.0,50.0,0.14,0.11,0.16,50.0,34.22,15.78,0,0.0,少数参考,参考
4111,奥田誠,2,10,10.0,40.0,30.0,80.0,0.143,0.07,0.23,10.0,57.97,22.03,1,10.0,得意,B
4396,大田直弥,4,6,0.0,50.0,16.67,66.67,0.223,0.17,0.28,0.0,45.78,20.89,1,16.67,得意,C
3362,間嶋仁志,3,8,25.0,25.0,50.0,100.0,0.179,0.01,0.27,12.5,54.51,45.49,3,37.5,得意,C
3484,芝田浩治,2,6,16.67,16.67,50.0,83.33,0.202,0.08,0.36,16.67,57.97,25.36,1,16.67,得意,C
4635,峰重力也,3,6,50.0,16.67,16.67,83.33,0.07,0.02,0.12,100.0,54.51,28.82,2,33.33,得意,C
4697,國弘翔平,5,6,0.0,16.67,33.33,50.0,0.175,0.11,0.24,0.0,34.22,15.78,1,16.67,得意,C
4211,村田敦,2,7,0.0,57.14,28.57,85.71,0.14,0.08,0.19,28.57,57.97,27.74,0,0.0,得意,C
4090,中村尊,3,7,0.0,42.86,57.14,100.0,0.089,0.02,0.19,71.43,54.51,45.49,0,0.0,得意,C
4703,森永隆,5,10,10.0,20.0,40.0,70.0,0.154,0.09,0.21,20.0,34.22,35.78,2,20.0,得意,B
3705,濱田隆浩,1,3,66.67,33.33,0.0,100.0,0.107,0.05,0.14,66.67,86.47,13.53,1,33.33,少数参考,参考
3022,西山昇一,2,5,20.0,80.0,0.0,100.0,0.124,0.09,0.14,60.0,57.97,42.03,0,0.0,得意,C
3412,鈴木博,6,3,0.0,33.33,33.33,66.67,0.193,0.09,0.28,0.0,21.0,45.67,1,33.33,少数参考,参考
4086,寺本重宣,2,7,42.86,0.0,57.14,100.0,0.134,0.02,0.22,14.29,57.97,42.03,0,0.0,得意,C
4079,出畑孝典,4,7,14.29,0.0,85.71,100.0,0.124,0.06,0.18,14.29,45.78,54.22,2,28.57,得意,C
4396,大田直弥,5,6,16.67,33.33,33.33,83.33,0.177,0.09,0.36,33.33,34.22,49.11,0,0.0,得意,C
4881,檀将太,6,4,0.0,0.0,25.0,25.0,0.138,0.11,0.19,50.0,21.0,4.0,1,25.0,少数参考,参考
4154,森安弘雅,2,6,33.33,0.0,50.0,83.33,0.187,0.08,0.27,16.67,57.97,25.36,0,0.0,得意,C
4703,森永隆,3,11,36.36,18.18,27.27,81.82,0.099,0.02,0.23,54.55,54.51,27.31,0,0.0,得意,B
4398,船岡洋一郎,5,6,0.0,50.0,0.0,50.0,0.15,0.07,0.24,33.33,34.22,15.78,0,0.0,得意,C
3484,芝田浩治,1,10,100.0,0.0,0.0,100.0,0.151,0.01,0.29,20.0,86.47,13.53,0,0.0,得意,B
4395,下河雅史,4,8,37.5,12.5,25.0,75.0,0.128,0.05,0.21,37.5,45.78,29.22,1,12.5,得意,C
4090,中村尊,6,5,0.0,0.0,40.0,40.0,0.17,0.15,0.19,80.0,21.0,19.0,1,20.0,得意,C
3022,西山昇一,1,6,100.0,0.0,0.0,100.0,0.125,0.06,0.23,66.67,86.47,13.53,0,0.0,得意,C
4685,島村隆幸,2,4,25.0,50.0,25.0,100.0,0.128,0.09,0.16,25.0,57.97,42.03,0,0.0,少数参考,参考
3362,間嶋仁志,4,6,0.0,33.33,16.67,50.0,0.162,0.07,0.28,16.67,45.78,4.22,2,33.33,やや得意,C
4144,石塚久也,5,4,0.0,25.0,50.0,75.0,0.203,0.16,0.25,25.0,34.22,40.78,1,25.0,少数参考,参考
4367,山口修路,5,5,0.0,20.0,20.0,40.0,0.152,0.08,0.21,20.0,34.22,5.78,0,0.0,やや得意,C
4398,船岡洋一郎,1,4,50.0,25.0,25.0,100.0,0.135,0.11,0.16,75.0,86.47,13.53,0,0.0,少数参考,参考
4035,杉江浩明,2,3,0.0,33.33,0.0,33.33,0.157,0.08,0.22,33.33,57.97,-24.64,0,0.0,少数参考,参考
4090,中村尊,1,10,100.0,0.0,0.0,100.0,0.101,0.03,0.2,90.0,86.47,13.53,0,0.0,得意,B
4396,大田直弥,2,7,0.0,28.57,42.86,71.43,0.191,0.15,0.24,14.29,57.97,13.46,1,14.29,得意,C
4119,泥谷一毅,1,3,66.67,0.0,0.0,66.67,0.183,0.08,0.31,33.33,86.47,-19.8,0,0.0,少数参考,参考
4703,森永隆,4,3,0.0,0.0,33.33,33.33,0.197,0.13,0.27,33.33,45.78,-12.45,1,33.33,少数参考,参考
4635,峰重力也,2,5,40.0,20.0,20.0,80.0,0.128,0.06,0.18,20.0,57.97,22.03,0,0.0,得意,C
4139,丹下健,2,3,33.33,33.33,0.0,66.67,0.147,0.07,0.26,33.33,57.97,8.7,0,0.0,少数参考,参考
3022,西山昇一,3,3,66.67,33.33,0.0,100.0,0.157,0.11,0.21,33.33,54.51,45.49,0,0.0,少数参考,参考
4211,村田敦,3,8,0.0,25.0,50.0,75.0,0.165,0.09,0.35,62.5,54.51,20.49,1,12.5,得意,C
4167,片岡秀樹,5,5,0.0,40.0,20.0,60.0,0.132,0.07,0.22,20.0,34.22,25.78,1,20.0,得意,C
3362,間嶋仁志,2,8,12.5,50.0,25.0,87.5,0.126,0.05,0.24,37.5,57.97,29.53,4,50.0,得意,C
4119,泥谷一毅,2,3,0.0,33.33,33.33,66.67,0.203,0.18,0.24,0.0,57.97,8.7,0,0.0,少数参考,参考
3892,草場康幸,5,8,0.0,12.5,12.5,25.0,0.181,0.12,0.37,0.0,34.22,-9.22,0,0.0,標準,C
4090,中村尊,2,6,16.67,50.0,16.67,83.33,0.14,0.06,0.25,50.0,57.97,25.36,0,0.0,得意,C
4079,出畑孝典,3,13,15.38,38.46,30.77,84.62,0.132,0.07,0.22,15.38,54.51,30.11,1,7.69,得意,B
4685,島村隆幸,6,3,33.33,33.33,0.0,66.67,0.143,0.06,0.2,0.0,21.0,45.67,0,0.0,少数参考,参考
4703,森永隆,2,6,33.33,33.33,16.67,83.33,0.103,0.01,0.15,66.67,57.97,25.36,0,0.0,得意,C
4697,國弘翔平,3,3,0.0,0.0,66.67,66.67,0.127,0.11,0.14,0.0,54.51,12.16,1,33.33,少数参考,参考
4090,中村尊,5,4,0.0,25.0,75.0,100.0,0.11,0.06,0.14,50.0,34.22,65.78,0,0.0,少数参考,参考
4676,後藤隼之,5,5,0.0,20.0,60.0,80.0,0.142,0.1,0.18,40.0,34.22,45.78,2,40.0,得意,C
4139,丹下健,1,3,66.67,33.33,0.0,100.0,0.12,0.1,0.14,66.67,86.47,13.53,0,0.0,少数参考,参考
4119,泥谷一毅,5,4,0.0,75.0,0.0,75.0,0.175,0.13,0.22,50.0,34.22,40.78,0,0.0,少数参考,参考
4086,寺本重宣,5,8,12.5,25.0,37.5,75.0,0.126,0.06,0.25,37.5,34.22,40.78,2,25.0,得意,C
4398,船岡洋一郎,6,3,0.0,0.0,66.67,66.67,0.093,0.08,0.11,33.33,21.0,45.67,0,0.0,少数参考,参考
4079,出畑孝典,5,8,25.0,37.5,12.5,75.0,0.124,0.03,0.21,0.0,34.22,40.78,3,37.5,得意,C
3892,草場康幸,3,10,20.0,10.0,40.0,70.0,0.142,0.07,0.21,10.0,54.51,15.49,0,0.0,得意,B
4139,丹下健,6,3,0.0,0.0,66.67,66.67,0.163,0.13,0.21,33.33,21.0,45.67,0,0.0,少数参考,参考
4211,村田敦,1,8,50.0,25.0,25.0,100.0,0.131,0.07,0.22,25.0,86.47,13.53,0,0.0,得意,C
4302,西野翔太,3,11,0.0,54.55,27.27,81.82,0.114,0.04,0.21,36.36,54.51,27.31,2,18.18,得意,B
4139,丹下健,3,3,0.0,0.0,33.33,33.33,0.15,0.09,0.19,0.0,54.51,-21.18,1,33.33,少数参考,参考
4395,下河雅史,2,7,0.0,57.14,28.57,85.71,0.159,0.12,0.23,14.29,57.97,27.74,0,0.0,得意,C
4703,森永隆,1,7,71.43,28.57,0.0,100.0,0.107,0.03,0.17,42.86,86.47,13.53,0,0.0,得意,C
3484,芝田浩治,6,3,0.0,0.0,66.67,66.67,0.18,0.11,0.22,0.0,21.0,45.67,0,0.0,少数参考,参考
3412,鈴木博,4,7,0.0,14.29,42.86,57.14,0.176,0.12,0.23,0.0,45.78,11.36,0,0.0,得意,C
4395,下河雅史,3,11,9.09,18.18,54.55,81.82,0.165,0.11,0.26,27.27,54.51,27.31,2,18.18,得意,B
3823,本部真吾,5,3,0.0,0.0,33.33,33.33,0.157,0.12,0.18,33.33,34.22,-0.89,1,33.33,少数参考,参考
4139,丹下健,5,3,0.0,33.33,33.33,66.67,0.107,0.1,0.11,0.0,34.22,32.45,1,33.33,少数参考,参考
4395,下河雅史,5,9,11.11,11.11,11.11,33.33,0.126,0.05,0.23,11.11,34.22,-0.89,1,11.11,標準,C
4685,島村隆幸,3,3,0.0,100.0,0.0,100.0,0.107,0.08,0.14,66.67,54.51,45.49,0,0.0,少数参考,参考
4681,太田潮,3,5,20.0,0.0,80.0,100.0,0.124,0.04,0.26,60.0,54.51,45.49,1,20.0,得意,C
4203,小倉康典,2,3,33.33,0.0,33.33,66.67,0.137,0.08,0.21,33.33,57.97,8.7,0,0.0,少数参考,参考
4630,岩永雅人,2,9,33.33,44.44,11.11,88.89,0.133,0.05,0.24,44.44,57.97,30.92,0,0.0,得意,C
4063,市橋卓士,4,14,21.43,14.29,42.86,78.57,0.115,0.05,0.24,42.86,45.78,32.79,1,7.14,得意,B
3536,一色雅昭,5,6,0.0,33.33,33.33,66.67,0.17,0.08,0.31,0.0,34.22,32.45,1,16.67,得意,C
3849,中岡正彦,1,9,100.0,0.0,0.0,100.0,0.106,0.04,0.18,44.44,86.47,13.53,0,0.0,得意,C
3507,藤井徹,3,3,0.0,33.33,0.0,33.33,0.207,0.12,0.29,33.33,54.51,-21.18,0,0.0,少数参考,参考
4106,坂井康嗣,3,7,0.0,42.86,0.0,42.86,0.176,0.08,0.26,0.0,54.51,-11.65,0,0.0,苦手,C
4189,川上剛,5,3,0.0,33.33,33.33,66.67,0.183,0.14,0.24,33.33,34.22,32.45,1,33.33,少数参考,参考
4603,谷川将太,1,34,73.53,20.59,5.88,100.0,0.127,0.01,0.24,61.76,86.47,13.53,0,0.0,得意,A
4644,山田亮太,2,3,66.67,0.0,0.0,66.67,0.11,0.08,0.13,33.33,57.97,8.7,0,0.0,少数参考,参考
3411,池上隆行,5,8,0.0,37.5,12.5,50.0,0.136,0.11,0.16,12.5,34.22,15.78,1,12.5,得意,C
3550,都築正治,4,10,10.0,60.0,20.0,90.0,0.132,0.06,0.24,40.0,45.78,44.22,1,10.0,得意,B
4189,川上剛,1,13,100.0,0.0,0.0,100.0,0.146,0.07,0.26,38.46,86.47,13.53,0,0.0,得意,B
3408,大貫英治,3,3,0.0,0.0,66.67,66.67,0.227,0.12,0.29,0.0,54.51,12.16,1,33.33,少数参考,参考
3701,大西隆洋,4,4,0.0,50.0,25.0,75.0,0.155,0.01,0.27,25.0,45.78,29.22,0,0.0,少数参考,参考
4514,上條嘉嗣,5,5,20.0,20.0,20.0,60.0,0.206,0.11,0.3,20.0,34.22,25.78,0,0.0,得意,C
2596,館野友良,2,3,0.0,33.33,33.33,66.67,0.187,0.12,0.23,0.0,57.97,8.7,0,0.0,少数参考,参考
3664,鈴木賢一,3,6,16.67,50.0,33.33,100.0,0.143,0.09,0.2,16.67,54.51,45.49,0,0.0,得意,C
3411,池上隆行,4,6,0.0,33.33,16.67,50.0,0.177,0.06,0.27,33.33,45.78,4.22,0,0.0,やや得意,C
3812,山崎聖司,3,3,0.0,33.33,66.67,100.0,0.133,0.08,0.24,33.33,54.51,45.49,0,0.0,少数参考,参考
4644,山田亮太,4,4,50.0,0.0,25.0,75.0,0.143,0.08,0.23,25.0,45.78,29.22,0,0.0,少数参考,参考
4514,上條嘉嗣,2,7,0.0,42.86,57.14,100.0,0.187,0.09,0.37,28.57,57.97,42.03,0,0.0,得意,C
3507,藤井徹,6,3,0.0,33.33,33.33,66.67,0.19,0.15,0.25,33.33,21.0,45.67,1,33.33,少数参考,参考
4681,太田潮,2,4,0.0,25.0,25.0,50.0,0.17,0.13,0.22,25.0,57.97,-7.97,0,0.0,少数参考,参考
4089,妹尾忠幸,4,15,26.67,26.67,33.33,86.67,0.159,0.09,0.24,26.67,45.78,40.89,0,0.0,得意,B
4218,吉川喜継,1,12,83.33,16.67,0.0,100.0,0.148,0.07,0.27,58.33,86.47,13.53,0,0.0,得意,B
4106,坂井康嗣,4,6,0.0,33.33,16.67,50.0,0.213,0.09,0.41,0.0,45.78,4.22,0,0.0,やや得意,C
4630,岩永雅人,5,9,0.0,44.44,44.44,88.89,0.142,0.08,0.21,33.33,34.22,54.67,1,11.11,得意,C
3849,中岡正彦,4,8,50.0,25.0,25.0,100.0,0.13,0.1,0.16,62.5,45.78,54.22,2,25.0,得意,C
3812,山崎聖司,2,5,0.0,20.0,40.0,60.0,0.182,0.15,0.21,20.0,57.97,2.03,0,0.0,標準,C
4189,川上剛,4,8,25.0,25.0,37.5,87.5,0.126,0.06,0.23,25.0,45.78,41.72,3,37.5,得意,C
4315,山崎昂介,5,22,18.18,18.18,36.36,72.73,0.18,0.03,0.32,18.18,34.22,38.51,4,18.18,得意,A
4811,向井田佑紀,6,4,0.0,0.0,25.0,25.0,0.172,0.09,0.27,50.0,21.0,4.0,0,0.0,少数参考,参考
4218,吉川喜継,3,9,22.22,22.22,33.33,77.78,0.163,0.08,0.3,11.11,54.51,23.27,4,44.44,得意,C
3507,藤井徹,4,5,0.0,20.0,20.0,40.0,0.226,0.15,0.34,20.0,45.78,-5.78,4,80.0,標準,C
3550,都築正治,1,11,72.73,18.18,9.09,100.0,0.139,0.09,0.19,18.18,86.47,13.53,0,0.0,得意,B
3536,一色雅昭,3,5,20.0,20.0,20.0,60.0,0.134,0.08,0.23,40.0,54.51,5.49,0,0.0,やや得意,C
4644,山田亮太,3,5,0.0,60.0,20.0,80.0,0.156,0.12,0.18,0.0,54.51,25.49,0,0.0,得意,C
4200,早川尚人,5,8,12.5,12.5,25.0,50.0,0.171,0.11,0.25,25.0,34.22,15.78,1,12.5,得意,C
4514,上條嘉嗣,4,7,0.0,28.57,14.29,42.86,0.233,0.14,0.38,0.0,45.78,-2.92,0,0.0,標準,C
4839,四宮与寛,6,8,0.0,12.5,25.0,37.5,0.111,0.04,0.21,12.5,21.0,16.5,1,12.5,得意,C
3664,鈴木賢一,1,9,66.67,33.33,0.0,100.0,0.121,0.05,0.23,44.44,86.47,13.53,0,0.0,得意,C
3536,一色雅昭,2,5,20.0,40.0,20.0,80.0,0.178,0.01,0.3,20.0,57.97,22.03,1,20.0,得意,C
3507,藤井徹,1,6,33.33,66.67,0.0,100.0,0.132,0.04,0.21,50.0,86.47,13.53,0,0.0,得意,C
4644,山田亮太,5,5,20.0,40.0,20.0,80.0,0.17,0.1,0.24,20.0,34.22,45.78,0,0.0,得意,C
3536,一色雅昭,1,6,16.67,50.0,16.67,83.33,0.143,0.09,0.25,33.33,86.47,-3.14,0,0.0,標準,C
4106,坂井康嗣,5,4,0.0,0.0,50.0,50.0,0.152,0.14,0.18,0.0,34.22,15.78,1,25.0,少数参考,参考
4811,向井田佑紀,5,9,0.0,11.11,33.33,44.44,0.139,0.06,0.19,22.22,34.22,10.22,1,11.11,得意,C
4200,早川尚人,2,5,0.0,20.0,40.0,60.0,0.2,0.13,0.29,0.0,57.97,2.03,0,0.0,標準,C
3812,山崎聖司,5,4,0.0,50.0,25.0,75.0,0.15,0.09,0.2,50.0,34.22,40.78,2,50.0,少数参考,参考
3701,大西隆洋,6,4,0.0,25.0,0.0,25.0,0.122,0.04,0.21,25.0,21.0,4.0,1,25.0,少数参考,参考
4514,上條嘉嗣,3,9,22.22,33.33,44.44,100.0,0.184,0.14,0.29,11.11,54.51,45.49,0,0.0,得意,C
3664,鈴木賢一,4,7,14.29,0.0,42.86,57.14,0.127,0.04,0.19,28.57,45.78,11.36,2,28.57,得意,C
3411,池上隆行,2,3,0.0,33.33,33.33,66.67,0.2,0.18,0.24,33.33,57.97,8.7,0,0.0,少数参考,参考
4681,太田潮,5,4,0.0,0.0,75.0,75.0,0.177,0.13,0.24,25.0,34.22,40.78,0,0.0,少数参考,参考
4747,山戸信二,4,10,10.0,10.0,40.0,60.0,0.176,0.06,0.27,30.0,45.78,14.22,1,10.0,得意,B
4821,妻鳥晋也,5,6,0.0,33.33,50.0,83.33,0.148,0.13,0.2,33.33,34.22,49.11,3,50.0,得意,C
4822,百武翔,6,12,0.0,8.33,41.67,50.0,0.158,0.06,0.28,33.33,21.0,29.0,1,8.33,得意,B
3507,藤井徹,2,4,25.0,50.0,0.0,75.0,0.158,0.02,0.26,25.0,57.97,17.03,0,0.0,少数参考,参考
4630,岩永雅人,3,9,11.11,22.22,22.22,55.56,0.111,0.07,0.19,33.33,54.51,1.05,0,0.0,標準,C
3411,池上隆行,1,7,42.86,42.86,0.0,85.71,0.15,0.03,0.25,0.0,86.47,-0.76,0,0.0,得意,C
4106,坂井康嗣,1,6,50.0,33.33,16.67,100.0,0.225,0.18,0.26,0.0,86.47,13.53,0,0.0,得意,C
3812,山崎聖司,1,6,50.0,50.0,0.0,100.0,0.085,0.02,0.14,50.0,86.47,13.53,0,0.0,得意,C
4218,吉川喜継,4,7,28.57,28.57,14.29,71.43,0.14,0.08,0.2,14.29,45.78,25.65,3,42.86,得意,C
4821,妻鳥晋也,6,3,0.0,33.33,0.0,33.33,0.107,0.04,0.14,33.33,21.0,12.33,0,0.0,少数参考,参考
4114,深澤達徳,1,5,40.0,40.0,20.0,100.0,0.108,0.03,0.19,60.0,86.47,13.53,0,0.0,得意,C
4630,岩永雅人,6,5,0.0,20.0,40.0,60.0,0.15,0.08,0.22,20.0,21.0,39.0,0,0.0,得意,C
3536,一色雅昭,4,3,33.33,0.0,33.33,66.67,0.163,0.12,0.22,0.0,45.78,20.89,2,66.67,少数参考,参考
3812,山崎聖司,4,6,16.67,0.0,16.67,33.33,0.193,0.13,0.23,0.0,45.78,-12.45,0,0.0,苦手,C
3550,都築正治,2,9,0.0,44.44,22.22,66.67,0.157,0.01,0.26,22.22,57.97,8.7,0,0.0,得意,C
4514,上條嘉嗣,1,8,75.0,0.0,12.5,87.5,0.147,0.05,0.22,12.5,86.47,1.03,0,0.0,得意,C
3701,大西隆洋,5,3,0.0,33.33,33.33,66.67,0.16,0.03,0.28,33.33,34.22,32.45,1,33.33,少数参考,参考
4200,早川尚人,1,6,50.0,16.67,0.0,66.67,0.152,0.09,0.27,33.33,86.47,-19.8,0,0.0,得意,C
4681,太田潮,4,4,0.0,25.0,50.0,75.0,0.175,0.16,0.19,25.0,45.78,29.22,1,25.0,少数参考,参考
3701,大西隆洋,3,3,0.0,33.33,33.33,66.67,0.12,0.06,0.17,33.33,54.51,12.16,0,0.0,少数参考,参考
4114,深澤達徳,4,4,0.0,75.0,0.0,75.0,0.225,0.13,0.31,25.0,45.78,29.22,0,0.0,少数参考,参考
3664,鈴木賢一,5,4,0.0,0.0,50.0,50.0,0.163,0.14,0.2,0.0,34.22,15.78,2,50.0,少数参考,参考
4644,山田亮太,6,3,0.0,33.33,33.33,66.67,0.127,0.11,0.14,0.0,21.0,45.67,1,33.33,少数参考,参考
4218,吉川喜継,5,3,33.33,0.0,33.33,66.67,0.113,0.1,0.13,0.0,34.22,32.45,1,33.33,少数参考,参考
4630,岩永雅人,4,5,0.0,0.0,100.0,100.0,0.176,0.11,0.25,0.0,45.78,54.22,0,0.0,得意,C
4106,坂井康嗣,2,5,20.0,40.0,20.0,80.0,0.238,0.16,0.33,0.0,57.97,22.03,0,0.0,得意,C
4630,岩永雅人,1,14,35.71,35.71,21.43,92.86,0.139,0.06,0.21,7.14,86.47,6.39,0,0.0,得意,B
4514,上條嘉嗣,6,7,0.0,14.29,57.14,71.43,0.164,0.13,0.26,14.29,21.0,50.43,0,0.0,得意,C
4276,鈴木勝博,1,12,91.67,8.33,0.0,100.0,0.142,0.05,0.33,41.67,86.47,13.53,0,0.0,得意,B
4257,古川健,2,5,0.0,40.0,20.0,60.0,0.112,0.1,0.14,20.0,57.97,2.03,0,0.0,標準,C
4138,中井俊祐,4,3,33.33,0.0,66.67,100.0,0.147,0.08,0.21,0.0,45.78,54.22,0,0.0,少数参考,参考
3211,北川敏弘,5,6,0.0,33.33,16.67,50.0,0.145,0.12,0.21,33.33,34.22,15.78,1,16.67,得意,C
3974,深山祐二,1,4,50.0,25.0,0.0,75.0,0.117,0.09,0.14,100.0,86.47,-11.47,0,0.0,少数参考,参考
4247,齊藤優,4,8,25.0,25.0,37.5,87.5,0.135,0.05,0.26,50.0,45.78,41.72,1,12.5,得意,C
4357,田中和也,5,6,33.33,33.33,16.67,83.33,0.137,0.04,0.22,50.0,34.22,49.11,0,0.0,得意,C
3831,安藤裕貴,2,4,25.0,25.0,0.0,50.0,0.148,0.13,0.19,50.0,57.97,-7.97,0,0.0,少数参考,参考
3731,高濱芳久,1,5,100.0,0.0,0.0,100.0,0.186,0.11,0.25,0.0,86.47,13.53,0,0.0,得意,C
4062,後藤陽介,2,3,0.0,33.33,66.67,100.0,0.133,0.08,0.18,0.0,57.97,42.03,0,0.0,少数参考,参考
4031,飯島誠,3,5,40.0,20.0,20.0,80.0,0.168,0.09,0.28,0.0,54.51,25.49,0,0.0,得意,C
4328,貞本拓哉,3,3,0.0,0.0,33.33,33.33,0.163,0.12,0.22,0.0,54.51,-21.18,0,0.0,少数参考,参考
3974,深山祐二,4,4,25.0,50.0,0.0,75.0,0.145,0.09,0.2,25.0,45.78,29.22,1,25.0,少数参考,参考
4631,新井英孝,2,3,0.0,0.0,66.67,66.67,0.147,0.13,0.16,33.33,57.97,8.7,0,0.0,少数参考,参考
4276,鈴木勝博,2,8,25.0,0.0,37.5,62.5,0.145,0.08,0.21,62.5,57.97,4.53,0,0.0,得意,C
4150,山田雄太,3,7,14.29,42.86,0.0,57.14,0.1,0.02,0.16,57.14,54.51,2.63,0,0.0,標準,C
4357,田中和也,6,3,33.33,33.33,0.0,66.67,0.187,0.14,0.22,33.33,21.0,45.67,0,0.0,少数参考,参考
3922,菅沼佳昭,2,4,0.0,25.0,50.0,75.0,0.193,0.18,0.22,0.0,57.97,17.03,0,0.0,少数参考,参考
4357,田中和也,2,8,25.0,12.5,50.0,87.5,0.147,0.03,0.27,50.0,57.97,29.53,0,0.0,得意,C
4422,永井亮次,3,4,0.0,25.0,50.0,75.0,0.165,0.09,0.23,0.0,54.51,20.49,0,0.0,少数参考,参考
4451,松崎祐太郎,3,14,7.14,50.0,28.57,85.71,0.132,0.07,0.21,35.71,54.51,31.2,1,7.14,得意,B
2914,岡孝,1,4,75.0,25.0,0.0,100.0,0.118,0.02,0.18,75.0,86.47,13.53,0,0.0,少数参考,参考
3211,北川敏弘,1,8,25.0,25.0,37.5,87.5,0.19,0.11,0.34,12.5,86.47,1.03,0,0.0,標準,C
4150,山田雄太,2,8,25.0,37.5,12.5,75.0,0.109,0.01,0.22,75.0,57.97,17.03,0,0.0,得意,C
3619,長谷川充,4,3,0.0,33.33,66.67,100.0,0.183,0.09,0.28,0.0,45.78,54.22,0,0.0,少数参考,参考
4422,永井亮次,2,4,0.0,0.0,25.0,25.0,0.135,0.1,0.16,50.0,57.97,-32.97,0,0.0,少数参考,参考
4159,向後龍一,4,6,0.0,66.67,33.33,100.0,0.16,0.09,0.22,0.0,45.78,54.22,1,16.67,得意,C
4062,後藤陽介,1,3,100.0,0.0,0.0,100.0,0.103,0.01,0.16,66.67,86.47,13.53,0,0.0,少数参考,参考
3687,花田和明,4,3,0.0,33.33,33.33,66.67,0.21,0.11,0.28,0.0,45.78,20.89,2,66.67,少数参考,参考
3211,北川敏弘,3,5,0.0,20.0,40.0,60.0,0.126,0.04,0.23,40.0,54.51,5.49,1,20.0,やや得意,C
4357,田中和也,1,15,80.0,13.33,6.67,100.0,0.143,0.03,0.25,40.0,86.47,13.53,0,0.0,得意,B
4159,向後龍一,5,6,16.67,33.33,33.33,83.33,0.175,0.12,0.24,0.0,34.22,49.11,2,33.33,得意,C
4150,山田雄太,1,9,88.89,0.0,11.11,100.0,0.064,0.01,0.12,77.78,86.47,13.53,0,0.0,得意,C
4276,鈴木勝博,4,10,30.0,30.0,20.0,80.0,0.112,0.01,0.21,50.0,45.78,34.22,1,10.0,得意,B
3952,中澤和志,1,13,61.54,15.38,7.69,84.62,0.138,0.03,0.23,46.15,86.47,-1.85,0,0.0,得意,B
3731,高濱芳久,2,5,40.0,40.0,20.0,100.0,0.172,0.14,0.22,20.0,57.97,42.03,1,20.0,得意,C
3974,深山祐二,3,5,20.0,40.0,20.0,80.0,0.108,0.05,0.18,40.0,54.51,25.49,0,0.0,得意,C
4216,星栄爾,1,5,60.0,40.0,0.0,100.0,0.114,0.08,0.15,60.0,86.47,13.53,0,0.0,得意,C
3629,浅見昌克,4,8,12.5,50.0,12.5,75.0,0.134,0.01,0.21,62.5,45.78,29.22,2,25.0,得意,C
4150,山田雄太,4,6,16.67,16.67,50.0,83.33,0.12,0.05,0.19,66.67,45.78,37.55,0,0.0,得意,C
3686,鳥居塚孝博,1,3,33.33,33.33,33.33,100.0,0.083,0.02,0.15,33.33,86.47,13.53,0,0.0,少数参考,参考
4276,鈴木勝博,3,7,42.86,0.0,0.0,42.86,0.15,0.11,0.32,57.14,54.51,-11.65,1,14.29,苦手,C
3922,菅沼佳昭,5,4,0.0,25.0,0.0,25.0,0.142,0.09,0.22,0.0,34.22,-9.22,0,0.0,少数参考,参考
4159,向後龍一,1,8,37.5,50.0,0.0,87.5,0.147,0.05,0.21,0.0,86.47,1.03,0,0.0,得意,C
3731,高濱芳久,4,5,0.0,0.0,40.0,40.0,0.17,0.11,0.24,0.0,45.78,-5.78,2,40.0,標準,C
3831,安藤裕貴,1,3,33.33,33.33,33.33,100.0,0.143,0.12,0.17,33.33,86.47,13.53,0,0.0,少数参考,参考
4216,星栄爾,2,5,20.0,40.0,40.0,100.0,0.1,0.06,0.15,60.0,57.97,42.03,0,0.0,得意,C
4357,田中和也,4,6,16.67,50.0,16.67,83.33,0.16,0.07,0.22,16.67,45.78,37.55,0,0.0,得意,C
3686,鳥居塚孝博,2,3,0.0,0.0,66.67,66.67,0.097,0.04,0.18,0.0,57.97,8.7,0,0.0,少数参考,参考
4257,古川健,6,3,0.0,0.0,0.0,0.0,0.163,0.11,0.22,33.33,21.0,-21.0,2,66.67,少数参考,参考
4451,松崎祐太郎,6,6,0.0,16.67,33.33,50.0,0.173,0.01,0.24,16.67,21.0,29.0,0,0.0,得意,C
4031,飯島誠,4,4,25.0,25.0,25.0,75.0,0.103,0.06,0.15,75.0,45.78,29.22,0,0.0,少数参考,参考
4269,杉山裕也,1,9,100.0,0.0,0.0,100.0,0.13,0.07,0.23,55.56,86.47,13.53,0,0.0,得意,C
4487,三原司,3,13,23.08,38.46,7.69,69.23,0.148,0.07,0.24,0.0,54.51,14.72,1,7.69,得意,B
4129,宇野博之,5,4,0.0,25.0,75.0,100.0,0.117,0.01,0.22,50.0,34.22,65.78,0,0.0,少数参考,参考
3467,森弘行,4,3,0.0,0.0,100.0,100.0,0.197,0.09,0.26,0.0,45.78,54.22,1,33.33,少数参考,参考
3975,小野寺智洋,1,10,50.0,30.0,20.0,100.0,0.108,0.06,0.17,70.0,86.47,13.53,1,10.0,得意,B
4737,竹井貴史,2,13,7.69,38.46,38.46,84.62,0.156,0.06,0.22,30.77,57.97,26.65,0,0.0,得意,B
4236,松村敏,3,11,45.45,27.27,18.18,90.91,0.127,0.04,0.21,45.45,54.51,36.4,0,0.0,得意,B
4270,岸本雄貴,1,4,75.0,0.0,0.0,75.0,0.14,0.02,0.22,25.0,86.47,-11.47,0,0.0,少数参考,参考
3392,小森信雄,5,4,0.0,0.0,75.0,75.0,0.213,0.14,0.28,25.0,34.22,40.78,0,0.0,少数参考,参考
3928,林恵祐,2,6,0.0,33.33,33.33,66.67,0.172,0.12,0.26,16.67,57.97,8.7,0,0.0,得意,C
4184,渡邊雄一郎,3,8,50.0,50.0,0.0,100.0,0.14,0.07,0.23,37.5,54.51,45.49,1,12.5,得意,C
4478,櫻本あゆみ,1,6,100.0,0.0,0.0,100.0,0.162,0.11,0.27,50.0,86.47,13.53,0,0.0,得意,C
4297,山田哲也,2,3,66.67,0.0,0.0,66.67,0.093,0.06,0.13,33.33,57.97,8.7,0,0.0,少数参考,参考
4737,竹井貴史,4,7,14.29,42.86,28.57,85.71,0.156,0.03,0.35,14.29,45.78,39.93,0,0.0,得意,C
4270,岸本雄貴,4,4,25.0,25.0,50.0,100.0,0.168,0.12,0.28,25.0,45.78,54.22,0,0.0,少数参考,参考
4551,三川昂暁,5,8,12.5,12.5,50.0,75.0,0.214,0.08,0.36,12.5,34.22,40.78,1,12.5,得意,C
4184,渡邊雄一郎,1,16,56.25,31.25,6.25,93.75,0.152,0.06,0.27,37.5,86.47,7.28,0,0.0,得意,B
4297,山田哲也,1,5,100.0,0.0,0.0,100.0,0.114,0.04,0.17,60.0,86.47,13.53,0,0.0,得意,C
4269,杉山裕也,4,8,12.5,37.5,37.5,87.5,0.141,0.06,0.22,50.0,45.78,41.72,5,62.5,得意,C
4460,後藤翔之,6,4,0.0,0.0,50.0,50.0,0.185,0.09,0.24,0.0,21.0,29.0,0,0.0,少数参考,参考
4129,宇野博之,2,7,0.0,28.57,14.29,42.86,0.144,0.05,0.26,28.57,57.97,-15.11,0,0.0,苦手,C
4567,上村慎太郎,5,3,0.0,0.0,33.33,33.33,0.137,0.03,0.21,0.0,34.22,-0.89,0,0.0,少数参考,参考
3604,武藤綾子,2,5,0.0,0.0,40.0,40.0,0.198,0.16,0.22,0.0,57.97,-17.97,0,0.0,苦手,C
4551,三川昂暁,2,7,28.57,28.57,28.57,85.71,0.163,0.11,0.22,28.57,57.97,27.74,0,0.0,得意,C
4487,三原司,2,10,10.0,10.0,10.0,30.0,0.186,0.15,0.26,10.0,57.97,-27.97,1,10.0,苦手,B
4460,後藤翔之,4,7,14.29,28.57,28.57,71.43,0.151,0.09,0.19,28.57,45.78,25.65,1,14.29,得意,C
3967,鈴木茂高,5,3,0.0,33.33,33.33,66.67,0.207,0.12,0.35,33.33,34.22,32.45,1,33.33,少数参考,参考
3392,小森信雄,3,3,0.0,0.0,0.0,0.0,0.253,0.17,0.41,0.0,54.51,-54.51,0,0.0,少数参考,参考
3555,野添貴裕,4,3,33.33,33.33,33.33,100.0,0.153,0.11,0.21,66.67,45.78,54.22,2,66.67,少数参考,参考
3967,鈴木茂高,1,3,33.33,33.33,33.33,100.0,0.21,0.19,0.22,0.0,86.47,13.53,0,0.0,少数参考,参考
4184,渡邊雄一郎,6,5,20.0,40.0,20.0,80.0,0.17,0.01,0.36,40.0,21.0,59.0,1,20.0,得意,C
4420,津久井拓也,1,3,66.67,0.0,0.0,66.67,0.183,0.15,0.21,66.67,86.47,-19.8,0,0.0,少数参考,参考
4297,山田哲也,3,4,50.0,25.0,0.0,75.0,0.095,0.07,0.11,75.0,54.51,20.49,0,0.0,少数参考,参考
3975,小野寺智洋,6,6,0.0,0.0,50.0,50.0,0.133,0.06,0.24,50.0,21.0,29.0,0,0.0,得意,C
4460,後藤翔之,1,9,66.67,33.33,0.0,100.0,0.128,0.06,0.22,88.89,86.47,13.53,0,0.0,得意,C
4269,杉山裕也,3,7,14.29,42.86,42.86,100.0,0.117,0.08,0.21,0.0,54.51,45.49,0,0.0,得意,C
4236,松村敏,1,22,95.45,4.55,0.0,100.0,0.1,0.03,0.21,54.55,86.47,13.53,0,0.0,得意,A
4737,竹井貴史,6,6,0.0,16.67,16.67,33.33,0.122,0.05,0.22,50.0,21.0,12.33,0,0.0,得意,C
4478,櫻本あゆみ,3,5,40.0,0.0,40.0,80.0,0.17,0.03,0.24,40.0,54.51,25.49,1,20.0,得意,C
3392,小森信雄,1,4,25.0,50.0,0.0,75.0,0.155,0.04,0.26,25.0,86.47,-11.47,0,0.0,少数参考,参考
3604,武藤綾子,1,6,50.0,16.67,16.67,83.33,0.155,0.09,0.26,16.67,86.47,-3.14,0,0.0,得意,C
3555,野添貴裕,3,4,50.0,50.0,0.0,100.0,0.195,0.07,0.25,25.0,54.51,45.49,0,0.0,少数参考,参考
4486,野村誠,1,3,66.67,0.0,0.0,66.67,0.113,0.01,0.19,33.33,86.47,-19.8,0,0.0,少数参考,参考
4487,三原司,4,5,0.0,0.0,60.0,60.0,0.128,0.11,0.17,40.0,45.78,14.22,1,20.0,得意,C
4420,津久井拓也,3,3,0.0,66.67,0.0,66.67,0.167,0.16,0.18,0.0,54.51,12.16,0,0.0,少数参考,参考
4269,杉山裕也,2,8,0.0,75.0,12.5,87.5,0.119,0.06,0.16,12.5,57.97,29.53,0,0.0,得意,C
4184,渡邊雄一郎,2,9,33.33,55.56,11.11,100.0,0.18,0.15,0.22,11.11,57.97,42.03,0,0.0,得意,C
3975,小野寺智洋,3,11,18.18,45.45,27.27,90.91,0.16,0.11,0.22,27.27,54.51,36.4,1,9.09,得意,B
4551,三川昂暁,4,6,50.0,33.33,16.67,100.0,0.142,0.06,0.24,16.67,45.78,54.22,1,16.67,得意,C
3660,長谷川親王,5,3,0.0,0.0,66.67,66.67,0.173,0.11,0.27,33.33,34.22,32.45,1,33.33,少数参考,参考
3467,森弘行,1,4,25.0,25.0,50.0,100.0,0.138,0.11,0.16,0.0,86.47,13.53,0,0.0,少数参考,参考
4402,乙藤智史,5,4,0.0,0.0,100.0,100.0,0.193,0.11,0.36,25.0,34.22,65.78,0,0.0,少数参考,参考
4478,櫻本あゆみ,2,4,0.0,75.0,25.0,100.0,0.145,0.08,0.18,50.0,57.97,42.03,0,0.0,少数参考,参考
3555,野添貴裕,1,5,80.0,20.0,0.0,100.0,0.16,0.07,0.23,60.0,86.47,13.53,0,0.0,得意,C
3967,鈴木茂高,2,3,0.0,33.33,66.67,100.0,0.217,0.16,0.27,0.0,57.97,42.03,0,0.0,少数参考,参考
4236,松村敏,5,9,22.22,22.22,22.22,66.67,0.123,0.09,0.19,44.44,34.22,32.45,4,44.44,得意,C
3922,菅沼佳昭,3,5,40.0,40.0,0.0,80.0,0.144,0.09,0.17,0.0,54.51,25.49,0,0.0,得意,C
4031,飯島誠,2,4,0.0,50.0,25.0,75.0,0.148,0.11,0.17,0.0,57.97,17.03,0,0.0,少数参考,参考
3831,安藤裕貴,3,3,0.0,0.0,33.33,33.33,0.1,0.09,0.12,33.33,54.51,-21.18,0,0.0,少数参考,参考
3950,石川哲秀,3,3,0.0,0.0,66.67,66.67,0.177,0.05,0.31,0.0,54.51,12.16,0,0.0,少数参考,参考
3945,橋口真樹,2,3,33.33,66.67,0.0,100.0,0.22,0.2,0.25,0.0,57.97,42.03,0,0.0,少数参考,参考
4074,柳沢一,6,4,25.0,0.0,25.0,50.0,0.17,0.12,0.22,0.0,21.0,29.0,0,0.0,少数参考,参考
3904,森貴洋,6,3,0.0,0.0,33.33,33.33,0.163,0.15,0.17,0.0,21.0,12.33,0,0.0,少数参考,参考
4258,関根彰人,4,3,0.0,66.67,33.33,100.0,0.21,0.17,0.27,0.0,45.78,54.22,0,0.0,少数参考,参考
4028,田村隆信,1,11,90.91,9.09,0.0,100.0,0.094,0.01,0.22,72.73,86.47,13.53,0,0.0,得意,B
3573,前本泰和,2,3,33.33,66.67,0.0,100.0,0.153,0.1,0.22,0.0,57.97,42.03,0,0.0,少数参考,参考
3870,寺嶋雄,5,3,0.0,0.0,33.33,33.33,0.193,0.11,0.3,0.0,34.22,-0.89,0,0.0,少数参考,参考
3854,吉川元浩,3,6,0.0,50.0,16.67,66.67,0.15,0.08,0.21,0.0,54.51,12.16,0,0.0,得意,C
3843,上之晃弘,6,11,0.0,0.0,54.55,54.55,0.165,0.08,0.25,18.18,21.0,33.55,0,0.0,得意,B
4361,柳生泰二,6,4,0.0,50.0,50.0,100.0,0.12,0.09,0.18,25.0,21.0,79.0,0,0.0,少数参考,参考
3442,宮武英司,2,3,33.33,33.33,0.0,66.67,0.18,0.13,0.25,33.33,57.97,8.7,0,0.0,少数参考,参考
3573,前本泰和,3,3,0.0,33.33,66.67,100.0,0.207,0.14,0.27,0.0,54.51,45.49,0,0.0,少数参考,参考
4405,南野利騰,5,3,33.33,33.33,0.0,66.67,0.16,0.09,0.2,33.33,34.22,32.45,0,0.0,少数参考,参考
3854,吉川元浩,1,13,92.31,0.0,7.69,100.0,0.155,0.06,0.26,46.15,86.47,13.53,0,0.0,得意,B
4028,田村隆信,3,6,16.67,33.33,16.67,66.67,0.14,0.08,0.19,16.67,54.51,12.16,0,0.0,得意,C
3870,寺嶋雄,4,3,0.0,0.0,66.67,66.67,0.137,0.13,0.15,0.0,45.78,20.89,0,0.0,少数参考,参考
4175,川尻泰輔,3,3,0.0,66.67,0.0,66.67,0.123,0.11,0.14,33.33,54.51,12.16,0,0.0,少数参考,参考
3442,宮武英司,4,6,16.67,50.0,16.67,83.33,0.197,0.11,0.29,16.67,45.78,37.55,1,16.67,得意,C
3981,今坂晃広,2,3,33.33,0.0,33.33,66.67,0.16,0.11,0.21,33.33,57.97,8.7,0,0.0,少数参考,参考
3702,貞兼淳二,2,6,33.33,50.0,16.67,100.0,0.123,0.03,0.24,33.33,57.97,42.03,1,16.67,得意,C
4034,西原明生,2,4,0.0,25.0,0.0,25.0,0.17,0.14,0.2,50.0,57.97,-32.97,0,0.0,少数参考,参考
4258,関根彰人,1,3,66.67,33.33,0.0,100.0,0.113,0.09,0.15,100.0,86.47,13.53,0,0.0,少数参考,参考
3945,橋口真樹,5,3,0.0,33.33,0.0,33.33,0.2,0.12,0.29,0.0,34.22,-0.89,0,0.0,少数参考,参考
4259,真庭明志,6,17,11.76,17.65,35.29,64.71,0.158,0.04,0.26,29.41,21.0,43.71,0,0.0,得意,B
4513,河野真也,4,8,12.5,37.5,25.0,75.0,0.138,0.06,0.21,0.0,45.78,29.22,1,12.5,得意,C
3573,前本泰和,1,3,66.67,0.0,33.33,100.0,0.203,0.1,0.32,33.33,86.47,13.53,0,0.0,少数参考,参考
3854,吉川元浩,2,8,37.5,37.5,25.0,100.0,0.138,0.06,0.24,25.0,57.97,42.03,0,0.0,得意,C
3902,蜷川哲平,2,4,0.0,50.0,50.0,100.0,0.173,0.11,0.22,0.0,57.97,42.03,0,0.0,少数参考,参考
4361,柳生泰二,3,4,25.0,25.0,25.0,75.0,0.113,0.11,0.12,50.0,54.51,20.49,0,0.0,少数参考,参考
4245,高橋直哉,3,4,0.0,0.0,25.0,25.0,0.145,0.08,0.24,0.0,54.51,-29.51,0,0.0,少数参考,参考
4513,河野真也,5,8,0.0,12.5,25.0,37.5,0.212,0.1,0.39,12.5,34.22,3.28,2,25.0,標準,C
4121,富永修一,1,6,100.0,0.0,0.0,100.0,0.132,0.06,0.22,50.0,86.47,13.53,0,0.0,得意,C
3902,蜷川哲平,1,3,66.67,33.33,0.0,100.0,0.1,0.06,0.12,66.67,86.47,13.53,0,0.0,少数参考,参考
4028,田村隆信,2,6,33.33,33.33,33.33,100.0,0.148,0.07,0.23,0.0,57.97,42.03,0,0.0,得意,C
3870,寺嶋雄,3,3,0.0,0.0,66.67,66.67,0.167,0.12,0.25,0.0,54.51,12.16,0,0.0,少数参考,参考
4034,西原明生,4,8,0.0,12.5,12.5,25.0,0.182,0.11,0.29,12.5,45.78,-20.78,0,0.0,苦手,C
3945,橋口真樹,4,3,0.0,33.33,0.0,33.33,0.14,0.13,0.15,33.33,45.78,-12.45,1,33.33,少数参考,参考
4258,関根彰人,2,5,60.0,0.0,20.0,80.0,0.142,0.01,0.23,20.0,57.97,22.03,0,0.0,得意,C
3516,吉原聖人,2,4,25.0,25.0,25.0,75.0,0.167,0.06,0.31,25.0,57.97,17.03,0,0.0,少数参考,参考
3787,天野誠,2,7,0.0,42.86,42.86,85.71,0.131,0.07,0.19,14.29,57.97,27.74,0,0.0,得意,C
4034,西原明生,3,5,0.0,40.0,40.0,80.0,0.148,0.08,0.19,20.0,54.51,25.49,0,0.0,得意,C
3516,吉原聖人,4,3,0.0,0.0,0.0,0.0,0.253,0.17,0.38,0.0,45.78,-45.78,0,0.0,少数参考,参考
4174,赤坂俊輔,6,3,0.0,33.33,33.33,66.67,0.197,0.16,0.26,0.0,21.0,45.67,0,0.0,少数参考,参考
3854,吉川元浩,4,9,44.44,0.0,22.22,66.67,0.133,0.04,0.29,44.44,45.78,20.89,3,33.33,得意,C
4181,花本夏樹,2,7,0.0,28.57,14.29,42.86,0.201,0.14,0.29,14.29,57.97,-15.11,0,0.0,苦手,C
3772,一柳和孝,1,7,100.0,0.0,0.0,100.0,0.136,0.04,0.24,71.43,86.47,13.53,0,0.0,得意,C
4027,松江秀徳,2,14,28.57,21.43,42.86,92.86,0.156,0.05,0.3,28.57,57.97,34.89,4,28.57,得意,B
3838,伊藤啓三,3,5,20.0,40.0,0.0,60.0,0.138,0.09,0.19,20.0,54.51,5.49,1,20.0,やや得意,C
4356,長岡良也,2,8,0.0,50.0,37.5,87.5,0.166,0.05,0.26,25.0,57.97,29.53,0,0.0,得意,C
3505,山田竜一,4,4,25.0,0.0,75.0,100.0,0.15,0.07,0.21,0.0,45.78,54.22,2,50.0,少数参考,参考
4181,花本夏樹,3,3,33.33,0.0,33.33,66.67,0.123,0.07,0.16,66.67,54.51,12.16,0,0.0,少数参考,参考
4027,松江秀徳,1,19,84.21,15.79,0.0,100.0,0.134,0.03,0.28,42.11,86.47,13.53,0,0.0,得意,B
3772,一柳和孝,4,7,14.29,14.29,14.29,42.86,0.171,0.06,0.28,14.29,45.78,-2.92,0,0.0,標準,C
3838,伊藤啓三,5,6,16.67,16.67,33.33,66.67,0.11,0.09,0.13,16.67,34.22,32.45,1,16.67,得意,C
3505,山田竜一,3,5,0.0,20.0,40.0,60.0,0.124,0.01,0.17,60.0,54.51,5.49,1,20.0,やや得意,C
3775,泉啓文,5,6,16.67,0.0,50.0,66.67,0.177,0.14,0.21,50.0,34.22,32.45,0,0.0,得意,C
4336,松田竜馬,6,3,66.67,0.0,33.33,100.0,0.117,0.08,0.16,33.33,21.0,79.0,1,33.33,少数参考,参考
3478,嶋田貴支,4,5,0.0,20.0,20.0,40.0,0.18,0.14,0.23,20.0,45.78,-5.78,2,40.0,標準,C
4039,村上功祐,2,6,0.0,66.67,16.67,83.33,0.132,0.06,0.18,0.0,57.97,25.36,0,0.0,得意,C
3772,一柳和孝,5,3,0.0,0.0,100.0,100.0,0.17,0.11,0.26,66.67,34.22,65.78,1,33.33,少数参考,参考
3505,山田竜一,2,5,20.0,40.0,20.0,80.0,0.108,0.08,0.19,20.0,57.97,22.03,0,0.0,得意,C
4661,中島昂章,3,11,0.0,18.18,45.45,63.64,0.158,0.04,0.41,0.0,54.51,9.13,1,9.09,得意,B
4356,長岡良也,1,6,100.0,0.0,0.0,100.0,0.125,0.06,0.22,0.0,86.47,13.53,0,0.0,得意,C
4713,白神優,3,5,20.0,40.0,40.0,100.0,0.142,0.09,0.19,40.0,54.51,45.49,0,0.0,得意,C
4039,村上功祐,4,3,33.33,66.67,0.0,100.0,0.067,0.02,0.14,33.33,45.78,54.22,1,33.33,少数参考,参考
3505,山田竜一,1,7,57.14,14.29,28.57,100.0,0.141,0.08,0.23,28.57,86.47,13.53,0,0.0,得意,C
3838,伊藤啓三,1,11,72.73,9.09,9.09,90.91,0.102,0.0,0.18,72.73,86.47,4.44,0,0.0,得意,B
4356,長岡良也,6,3,0.0,33.33,0.0,33.33,0.18,0.16,0.19,0.0,21.0,12.33,0,0.0,少数参考,参考
3587,武田信一,1,3,66.67,0.0,33.33,100.0,0.077,0.04,0.12,100.0,86.47,13.53,0,0.0,少数参考,参考
3772,一柳和孝,2,5,0.0,20.0,40.0,60.0,0.156,0.09,0.23,20.0,57.97,2.03,0,0.0,標準,C
4713,白神優,2,5,40.0,0.0,20.0,60.0,0.168,0.11,0.24,40.0,57.97,2.03,0,0.0,標準,C
4040,廣瀬将亨,5,7,14.29,28.57,28.57,71.43,0.141,0.09,0.21,14.29,34.22,37.21,1,14.29,得意,C
4181,花本夏樹,5,4,0.0,25.0,0.0,25.0,0.182,0.13,0.25,0.0,34.22,-9.22,0,0.0,少数参考,参考
4039,村上功祐,5,6,0.0,50.0,33.33,83.33,0.137,0.03,0.19,16.67,34.22,49.11,0,0.0,得意,C
4498,宮本夏樹,6,16,6.25,6.25,31.25,43.75,0.131,0.03,0.21,43.75,21.0,22.75,2,12.5,得意,B
3838,伊藤啓三,2,6,0.0,50.0,33.33,83.33,0.203,0.13,0.33,16.67,57.97,25.36,0,0.0,得意,C
4027,松江秀徳,3,5,0.0,40.0,60.0,100.0,0.146,0.04,0.31,40.0,54.51,45.49,0,0.0,得意,C
4039,村上功祐,1,4,75.0,25.0,0.0,100.0,0.125,0.08,0.16,75.0,86.47,13.53,0,0.0,少数参考,参考
3775,泉啓文,4,6,0.0,16.67,33.33,50.0,0.195,0.13,0.26,16.67,45.78,4.22,1,16.67,やや得意,C
3838,伊藤啓三,4,5,20.0,20.0,40.0,80.0,0.102,0.07,0.15,100.0,45.78,34.22,0,0.0,得意,C
4661,中島昂章,5,7,0.0,42.86,28.57,71.43,0.19,0.11,0.24,14.29,34.22,37.21,0,0.0,得意,C
4356,長岡良也,3,4,25.0,75.0,0.0,100.0,0.138,0.05,0.22,25.0,54.51,45.49,0,0.0,少数参考,参考
4713,白神優,5,4,0.0,0.0,25.0,25.0,0.21,0.18,0.27,0.0,34.22,-9.22,0,0.0,少数参考,参考
4661,中島昂章,4,7,0.0,71.43,0.0,71.43,0.217,0.13,0.29,0.0,45.78,25.65,2,28.57,得意,C
4625,渡邊裕貴,3,3,0.0,33.33,33.33,66.67,0.217,0.19,0.23,0.0,54.51,12.16,0,0.0,少数参考,参考
3211,北川敏弘,4,6,0.0,0.0,33.33,33.33,0.148,0.07,0.27,33.33,45.78,-12.45,0,0.0,苦手,C
4366,前沢丈史,5,10,0.0,20.0,40.0,60.0,0.13,0.06,0.28,40.0,34.22,25.78,2,20.0,得意,B
3687,花田和明,3,3,0.0,33.33,33.33,66.67,0.187,0.18,0.19,33.33,54.51,12.16,1,33.33,少数参考,参考
4422,永井亮次,1,3,66.67,0.0,33.33,100.0,0.16,0.05,0.24,33.33,86.47,13.53,0,0.0,少数参考,参考
4216,星栄爾,6,3,0.0,33.33,33.33,66.67,0.143,0.09,0.19,0.0,21.0,45.67,0,0.0,少数参考,参考
4159,向後龍一,2,5,20.0,40.0,40.0,100.0,0.184,0.11,0.32,40.0,57.97,42.03,0,0.0,得意,C
4422,永井亮次,4,6,0.0,50.0,16.67,66.67,0.177,0.13,0.25,0.0,45.78,20.89,0,0.0,得意,C
3686,鳥居塚孝博,5,3,0.0,0.0,33.33,33.33,0.187,0.17,0.21,0.0,34.22,-0.89,0,0.0,少数参考,参考
3974,深山祐二,6,3,0.0,0.0,0.0,0.0,0.13,0.0,0.25,33.33,21.0,-21.0,0,0.0,少数参考,参考
4661,中島昂章,2,8,0.0,37.5,37.5,75.0,0.151,0.06,0.28,0.0,57.97,17.03,0,0.0,得意,C
4356,長岡良也,4,5,20.0,20.0,0.0,40.0,0.17,0.09,0.29,40.0,45.78,-5.78,1,20.0,標準,C
3714,梶原正,4,5,20.0,40.0,20.0,80.0,0.12,0.05,0.19,60.0,45.78,34.22,1,20.0,得意,C
3841,佐々木和伸,4,6,16.67,33.33,33.33,83.33,0.128,0.09,0.19,50.0,45.78,37.55,0,0.0,得意,C
4318,桑原将光,1,6,83.33,0.0,16.67,100.0,0.152,0.12,0.22,33.33,86.47,13.53,0,0.0,得意,C
2942,瀬尾達也,4,3,0.0,66.67,33.33,100.0,0.107,0.06,0.19,66.67,45.78,54.22,2,66.67,少数参考,参考
3808,秋田健太郎,2,3,0.0,33.33,33.33,66.67,0.16,0.09,0.26,33.33,57.97,8.7,0,0.0,少数参考,参考
3793,高橋真吾,1,4,50.0,50.0,0.0,100.0,0.152,0.09,0.21,50.0,86.47,13.53,0,0.0,少数参考,参考
4109,谷津幸宏,4,6,16.67,50.0,0.0,66.67,0.115,0.09,0.16,33.33,45.78,20.89,1,16.67,得意,C
3615,横田茂,5,7,0.0,14.29,42.86,57.14,0.137,0.08,0.24,14.29,34.22,22.92,1,14.29,得意,C
4731,間野兼礼,4,6,0.0,0.0,83.33,83.33,0.133,0.04,0.28,33.33,45.78,37.55,1,16.67,得意,C
3612,馬袋義則,3,8,37.5,12.5,25.0,75.0,0.142,0.09,0.26,12.5,54.51,20.49,3,37.5,得意,C
4133,高橋正男,3,4,25.0,25.0,25.0,75.0,0.168,0.07,0.26,0.0,54.51,20.49,0,0.0,少数参考,参考
3714,梶原正,5,6,0.0,0.0,16.67,16.67,0.122,0.07,0.19,66.67,34.22,-17.55,1,16.67,苦手,C
3681,山谷央,1,4,0.0,50.0,25.0,75.0,0.17,0.12,0.23,25.0,86.47,-11.47,0,0.0,少数参考,参考
4318,桑原将光,3,4,0.0,50.0,25.0,75.0,0.17,0.14,0.19,25.0,54.51,20.49,0,0.0,少数参考,参考
3841,佐々木和伸,1,8,75.0,25.0,0.0,100.0,0.075,0.01,0.14,87.5,86.47,13.53,0,0.0,得意,C
3934,鋤柄貴俊,5,5,0.0,0.0,60.0,60.0,0.1,0.05,0.16,20.0,34.22,25.78,0,0.0,得意,C
4290,稲田浩二,1,6,83.33,0.0,16.67,100.0,0.113,0.06,0.17,50.0,86.47,13.53,0,0.0,得意,C
4401,小林泰,4,3,33.33,33.33,33.33,100.0,0.15,0.08,0.22,33.33,45.78,54.22,0,0.0,少数参考,参考
4226,村田浩司,5,7,0.0,42.86,42.86,85.71,0.13,0.04,0.24,57.14,34.22,51.49,1,14.29,得意,C
3615,横田茂,1,6,50.0,50.0,0.0,100.0,0.107,0.08,0.16,66.67,86.47,13.53,0,0.0,得意,C
2942,瀬尾達也,3,3,33.33,0.0,33.33,66.67,0.107,0.09,0.12,33.33,54.51,12.16,0,0.0,少数参考,参考
3681,山谷央,5,3,0.0,33.33,33.33,66.67,0.203,0.17,0.22,0.0,34.22,32.45,0,0.0,少数参考,参考
4290,稲田浩二,3,4,25.0,0.0,75.0,100.0,0.198,0.09,0.44,25.0,54.51,45.49,0,0.0,少数参考,参考
3934,鋤柄貴俊,4,12,16.67,41.67,33.33,91.67,0.101,0.05,0.14,33.33,45.78,45.89,2,16.67,得意,B
3841,佐々木和伸,6,7,0.0,14.29,14.29,28.57,0.2,0.07,0.34,14.29,21.0,7.57,0,0.0,やや得意,C
3714,梶原正,2,5,0.0,60.0,40.0,100.0,0.126,0.09,0.15,20.0,57.97,42.03,0,0.0,得意,C
4059,入澤友治,3,6,0.0,66.67,33.33,100.0,0.118,0.05,0.16,16.67,54.51,45.49,0,0.0,得意,C
3626,中林秀人,4,3,0.0,0.0,33.33,33.33,0.14,0.12,0.16,33.33,45.78,-12.45,1,33.33,少数参考,参考
3615,横田茂,3,4,50.0,25.0,0.0,75.0,0.07,0.02,0.13,25.0,54.51,20.49,0,0.0,少数参考,参考
3793,高橋真吾,5,3,0.0,0.0,0.0,0.0,0.13,0.01,0.21,33.33,34.22,-34.22,0,0.0,少数参考,参考
4172,森定晃史,6,5,20.0,40.0,0.0,60.0,0.17,0.06,0.3,20.0,21.0,39.0,0,0.0,得意,C
3685,荒井輝年,1,7,71.43,28.57,0.0,100.0,0.156,0.11,0.22,28.57,86.47,13.53,0,0.0,得意,C
4226,村田浩司,4,8,12.5,37.5,25.0,75.0,0.135,0.04,0.23,50.0,45.78,29.22,1,12.5,得意,C
4290,稲田浩二,5,4,0.0,75.0,25.0,100.0,0.098,0.05,0.17,50.0,34.22,65.78,1,25.0,少数参考,参考
4731,間野兼礼,5,4,25.0,0.0,50.0,75.0,0.118,0.07,0.16,0.0,34.22,40.78,2,50.0,少数参考,参考
3934,鋤柄貴俊,2,7,0.0,57.14,28.57,85.71,0.153,0.09,0.2,14.29,57.97,27.74,0,0.0,得意,C
3333,丸尾義孝,3,9,11.11,22.22,44.44,77.78,0.147,0.11,0.22,22.22,54.51,23.27,0,0.0,得意,C
3612,馬袋義則,1,9,66.67,11.11,0.0,77.78,0.133,0.05,0.2,44.44,86.47,-8.69,0,0.0,得意,C
4318,桑原将光,2,5,20.0,40.0,40.0,100.0,0.128,0.09,0.17,0.0,57.97,42.03,0,0.0,得意,C
3841,佐々木和伸,3,4,25.0,25.0,25.0,75.0,0.138,0.07,0.19,25.0,54.51,20.49,1,25.0,少数参考,参考
3934,鋤柄貴俊,1,11,36.36,63.64,0.0,100.0,0.129,0.05,0.27,45.45,86.47,13.53,0,0.0,得意,B
3808,秋田健太郎,5,3,0.0,0.0,33.33,33.33,0.177,0.11,0.31,33.33,34.22,-0.89,0,0.0,少数参考,参考
4059,入澤友治,2,5,0.0,60.0,20.0,80.0,0.14,0.06,0.24,20.0,57.97,22.03,0,0.0,得意,C
3685,荒井輝年,6,5,0.0,40.0,40.0,80.0,0.15,0.07,0.24,20.0,21.0,59.0,1,20.0,得意,C
4172,森定晃史,1,9,77.78,22.22,0.0,100.0,0.111,0.01,0.21,55.56,86.47,13.53,0,0.0,得意,C
3841,佐々木和伸,2,5,20.0,40.0,40.0,100.0,0.166,0.06,0.25,20.0,57.97,42.03,0,0.0,得意,C
3612,馬袋義則,4,5,40.0,20.0,0.0,60.0,0.114,0.08,0.14,60.0,45.78,14.22,1,20.0,得意,C
3615,横田茂,2,8,12.5,0.0,37.5,50.0,0.146,0.04,0.25,12.5,57.97,-7.97,0,0.0,標準,C
4318,桑原将光,6,4,0.0,25.0,0.0,25.0,0.125,0.03,0.25,50.0,21.0,4.0,0,0.0,少数参考,参考
3333,丸尾義孝,6,6,0.0,0.0,50.0,50.0,0.16,0.13,0.22,33.33,21.0,29.0,0,0.0,得意,C
3793,高橋真吾,2,4,0.0,25.0,0.0,25.0,0.168,0.07,0.31,0.0,57.97,-32.97,0,0.0,少数参考,参考
4059,入澤友治,4,6,50.0,50.0,0.0,100.0,0.102,0.09,0.12,66.67,45.78,54.22,0,0.0,得意,C
4172,森定晃史,3,8,12.5,62.5,25.0,100.0,0.142,0.04,0.19,25.0,54.51,45.49,0,0.0,得意,C
4109,谷津幸宏,5,3,0.0,33.33,33.33,66.67,0.147,0.14,0.15,0.0,34.22,32.45,0,0.0,少数参考,参考
4401,小林泰,1,3,33.33,66.67,0.0,100.0,0.12,0.06,0.18,33.33,86.47,13.53,0,0.0,少数参考,参考
4731,間野兼礼,3,6,0.0,33.33,33.33,66.67,0.15,0.08,0.29,66.67,54.51,12.16,0,0.0,得意,C
4835,橋本明,6,8,12.5,0.0,25.0,37.5,0.141,0.04,0.26,25.0,21.0,16.5,1,12.5,得意,C
3793,高橋真吾,4,5,40.0,20.0,0.0,60.0,0.142,0.03,0.31,40.0,45.78,14.22,0,0.0,得意,C
3934,鋤柄貴俊,6,3,0.0,0.0,66.67,66.67,0.16,0.06,0.31,0.0,21.0,45.67,0,0.0,少数参考,参考
4226,村田浩司,1,8,37.5,37.5,0.0,75.0,0.175,0.1,0.23,12.5,86.47,-11.47,0,0.0,得意,C
3934,鋤柄貴俊,3,8,0.0,12.5,37.5,50.0,0.13,0.02,0.22,25.0,54.51,-4.51,1,12.5,標準,C
4695,尾崎雄二,4,16,18.75,31.25,37.5,87.5,0.133,0.0,0.29,37.5,45.78,41.72,1,6.25,得意,B
4172,森定晃史,4,5,20.0,0.0,40.0,60.0,0.148,0.14,0.16,0.0,45.78,14.22,0,0.0,得意,C
4731,間野兼礼,2,4,50.0,25.0,25.0,100.0,0.14,0.08,0.22,25.0,57.97,42.03,0,0.0,少数参考,参考
3793,高橋真吾,3,3,0.0,33.33,33.33,66.67,0.167,0.11,0.27,33.33,54.51,12.16,0,0.0,少数参考,参考
3841,佐々木和伸,5,4,0.0,0.0,25.0,25.0,0.15,0.1,0.2,25.0,34.22,-9.22,1,25.0,少数参考,参考
4257,古川健,5,3,0.0,100.0,0.0,100.0,0.113,0.11,0.12,66.67,34.22,65.78,0,0.0,少数参考,参考
3945,橋口真樹,6,3,0.0,0.0,33.33,33.33,0.12,0.04,0.18,66.67,21.0,12.33,1,33.33,少数参考,参考
3981,今坂晃広,4,4,0.0,50.0,50.0,100.0,0.212,0.18,0.24,50.0,45.78,54.22,0,0.0,少数参考,参考
4596,葛原大陽,6,6,16.67,16.67,33.33,66.67,0.142,0.05,0.2,50.0,21.0,45.67,0,0.0,得意,C
4034,西原明生,1,6,50.0,33.33,0.0,83.33,0.177,0.11,0.28,16.67,86.47,-3.14,0,0.0,得意,C
4028,田村隆信,5,5,0.0,40.0,20.0,60.0,0.156,0.07,0.25,0.0,34.22,25.78,2,40.0,得意,C
3870,寺嶋雄,1,3,66.67,33.33,0.0,100.0,0.16,0.15,0.17,0.0,86.47,13.53,0,0.0,少数参考,参考
4405,南野利騰,4,4,0.0,25.0,0.0,25.0,0.125,0.09,0.17,25.0,45.78,-20.78,1,25.0,少数参考,参考
3702,貞兼淳二,5,6,0.0,16.67,16.67,33.33,0.158,0.08,0.27,33.33,34.22,-0.89,0,0.0,標準,C
3702,貞兼淳二,1,9,66.67,11.11,11.11,88.89,0.128,0.08,0.21,66.67,86.47,2.42,0,0.0,得意,C
3981,今坂晃広,1,5,60.0,20.0,20.0,100.0,0.166,0.1,0.25,40.0,86.47,13.53,0,0.0,得意,C
3902,蜷川哲平,3,3,0.0,0.0,66.67,66.67,0.18,0.12,0.27,0.0,54.51,12.16,0,0.0,少数参考,参考
3945,橋口真樹,1,3,66.67,33.33,0.0,100.0,0.22,0.17,0.26,0.0,86.47,13.53,0,0.0,少数参考,参考
3854,吉川元浩,5,3,33.33,0.0,33.33,66.67,0.147,0.13,0.17,0.0,34.22,32.45,0,0.0,少数参考,参考
3722,西村秀樹,3,5,0.0,40.0,40.0,80.0,0.196,0.14,0.27,0.0,54.51,25.49,0,0.0,得意,C
4359,横川聖志,4,5,0.0,60.0,20.0,80.0,0.13,0.09,0.17,20.0,45.78,34.22,1,20.0,得意,C
4771,下寺秀和,2,3,66.67,0.0,0.0,66.67,0.183,0.14,0.23,0.0,57.97,8.7,0,0.0,少数参考,参考
4343,村岡賢,5,8,0.0,0.0,50.0,50.0,0.164,0.1,0.25,12.5,34.22,15.78,3,37.5,得意,C
3641,一瀬明,3,14,14.29,21.43,42.86,78.57,0.141,0.04,0.29,21.43,54.51,24.06,2,14.29,得意,B
3930,岸本隆,4,5,20.0,20.0,20.0,60.0,0.142,0.06,0.26,60.0,45.78,14.22,1,20.0,得意,C
3910,松下知幸,4,5,0.0,40.0,40.0,80.0,0.128,0.04,0.18,40.0,45.78,34.22,0,0.0,得意,C
3381,滝沢芳行,4,3,0.0,0.0,66.67,66.67,0.177,0.16,0.21,66.67,45.78,20.89,1,33.33,少数参考,参考
3805,高橋英之,1,11,81.82,18.18,0.0,100.0,0.121,0.04,0.16,54.55,86.47,13.53,0,0.0,得意,B
4082,濱崎誠,1,3,33.33,33.33,33.33,100.0,0.187,0.0,0.32,33.33,86.47,13.53,0,0.0,少数参考,参考
3641,一瀬明,1,17,52.94,23.53,5.88,82.35,0.152,0.07,0.28,35.29,86.47,-4.12,0,0.0,得意,B
4452,松尾祭,2,5,0.0,40.0,0.0,40.0,0.212,0.12,0.38,20.0,57.97,-17.97,0,0.0,苦手,C
3722,西村秀樹,4,6,0.0,16.67,16.67,33.33,0.147,0.07,0.28,16.67,45.78,-12.45,0,0.0,苦手,C
3930,岸本隆,3,5,0.0,60.0,40.0,100.0,0.158,0.09,0.3,20.0,54.51,45.49,0,0.0,得意,C
3381,滝沢芳行,5,6,0.0,33.33,16.67,50.0,0.142,0.07,0.31,16.67,34.22,15.78,0,0.0,得意,C
3805,高橋英之,4,6,16.67,0.0,33.33,50.0,0.138,0.1,0.16,33.33,45.78,4.22,1,16.67,やや得意,C
3381,滝沢芳行,1,6,83.33,16.67,0.0,100.0,0.127,0.11,0.16,33.33,86.47,13.53,0,0.0,得意,C
4359,横川聖志,3,4,0.0,25.0,0.0,25.0,0.117,0.01,0.21,50.0,54.51,-29.51,1,25.0,少数参考,参考
4771,下寺秀和,5,4,0.0,75.0,0.0,75.0,0.13,0.09,0.16,25.0,34.22,40.78,0,0.0,少数参考,参考
3930,岸本隆,1,5,60.0,40.0,0.0,100.0,0.136,0.02,0.21,60.0,86.47,13.53,0,0.0,得意,C
4343,村岡賢,3,7,14.29,14.29,57.14,85.71,0.154,0.05,0.21,28.57,54.51,31.2,0,0.0,得意,C
4228,吉田慎二郎,5,5,20.0,20.0,20.0,60.0,0.16,0.1,0.24,40.0,34.22,25.78,1,20.0,得意,C
4452,松尾祭,3,4,0.0,75.0,25.0,100.0,0.168,0.11,0.23,0.0,54.51,45.49,0,0.0,少数参考,参考
4020,川上清人,4,4,0.0,50.0,25.0,75.0,0.253,0.2,0.34,0.0,45.78,29.22,0,0.0,少数参考,参考
4384,鶴本崇文,5,3,0.0,0.0,66.67,66.67,0.187,0.15,0.22,33.33,34.22,32.45,0,0.0,少数参考,参考
4452,松尾祭,1,4,75.0,25.0,0.0,100.0,0.18,0.16,0.22,25.0,86.47,13.53,0,0.0,少数参考,参考
3953,志道吉和,2,6,0.0,33.33,16.67,50.0,0.187,0.11,0.3,0.0,57.97,-7.97,0,0.0,標準,C
4359,横川聖志,5,3,0.0,0.0,66.67,66.67,0.107,0.09,0.14,100.0,34.22,32.45,0,0.0,少数参考,参考
4384,鶴本崇文,3,5,40.0,0.0,40.0,80.0,0.152,0.08,0.28,20.0,54.51,25.49,0,0.0,得意,C
3641,一瀬明,6,5,0.0,40.0,0.0,40.0,0.15,0.11,0.22,20.0,21.0,19.0,0,0.0,得意,C
4384,鶴本崇文,1,5,60.0,20.0,20.0,100.0,0.166,0.12,0.2,0.0,86.47,13.53,0,0.0,得意,C
3381,滝沢芳行,2,5,0.0,0.0,60.0,60.0,0.116,0.04,0.15,40.0,57.97,2.03,0,0.0,標準,C
3930,岸本隆,6,3,0.0,33.33,0.0,33.33,0.183,0.09,0.25,0.0,21.0,12.33,0,0.0,少数参考,参考
3746,岡瀬正人,4,7,0.0,28.57,42.86,71.43,0.141,0.06,0.21,14.29,45.78,25.65,0,0.0,得意,C
4771,下寺秀和,3,7,14.29,42.86,42.86,100.0,0.116,0.07,0.17,42.86,54.51,45.49,0,0.0,得意,C
4359,横川聖志,2,4,0.0,25.0,50.0,75.0,0.09,0.07,0.12,75.0,57.97,17.03,0,0.0,少数参考,参考
4252,松下哲也,1,6,33.33,50.0,16.67,100.0,0.143,0.08,0.23,33.33,86.47,13.53,0,0.0,得意,C
3805,高橋英之,3,6,16.67,66.67,0.0,83.33,0.14,0.09,0.2,16.67,54.51,28.82,0,0.0,得意,C
4252,松下哲也,6,4,0.0,0.0,50.0,50.0,0.128,0.02,0.21,25.0,21.0,29.0,0,0.0,少数参考,参考
3722,西村秀樹,5,5,0.0,0.0,20.0,20.0,0.17,0.04,0.27,20.0,34.22,-14.22,2,40.0,苦手,C
4020,川上清人,1,3,33.33,33.33,33.33,100.0,0.163,0.08,0.27,33.33,86.47,13.53,0,0.0,少数参考,参考
4853,前原哉,5,5,0.0,20.0,20.0,40.0,0.154,0.07,0.21,40.0,34.22,5.78,1,20.0,やや得意,C
3523,寳田亮治,3,8,0.0,50.0,12.5,62.5,0.152,0.13,0.18,0.0,54.51,7.99,0,0.0,やや得意,C
4693,松下誉士,3,6,0.0,33.33,50.0,83.33,0.153,0.07,0.26,50.0,54.51,28.82,0,0.0,得意,C
3853,岩崎正哉,6,5,20.0,20.0,20.0,60.0,0.276,0.24,0.33,0.0,21.0,39.0,0,0.0,得意,C
4709,岡村将也,3,7,0.0,42.86,28.57,71.43,0.187,0.08,0.37,14.29,54.51,16.92,1,14.29,得意,C
4789,古賀智之,6,4,0.0,0.0,25.0,25.0,0.2,0.1,0.27,25.0,21.0,4.0,0,0.0,少数参考,参考
3876,中辻崇人,6,7,0.0,28.57,14.29,42.86,0.184,0.11,0.33,57.14,21.0,21.86,0,0.0,得意,C
3523,寳田亮治,6,5,20.0,20.0,40.0,80.0,0.11,0.06,0.18,40.0,21.0,59.0,2,40.0,得意,C
4803,飯田庄吾,5,5,0.0,20.0,40.0,60.0,0.11,0.07,0.18,20.0,34.22,25.78,0,0.0,得意,C
4204,柴田大輔,3,3,0.0,33.33,33.33,66.67,0.173,0.13,0.26,0.0,54.51,12.16,1,33.33,少数参考,参考
4330,奈須啓太,4,5,0.0,20.0,20.0,40.0,0.124,0.08,0.23,20.0,45.78,-5.78,0,0.0,標準,C
4148,枝尾賢,6,9,11.11,11.11,11.11,33.33,0.147,0.03,0.3,22.22,21.0,12.33,2,22.22,得意,C
4222,山口高志,3,7,28.57,57.14,0.0,85.71,0.16,0.1,0.24,14.29,54.51,31.2,3,42.86,得意,C
3523,寳田亮治,5,6,0.0,16.67,50.0,66.67,0.178,0.0,0.41,16.67,34.22,32.45,0,0.0,得意,C
3653,品川賢次,2,3,0.0,66.67,0.0,66.67,0.17,0.09,0.21,0.0,57.97,8.7,0,0.0,少数参考,参考
3419,栗原謙治,4,5,20.0,20.0,0.0,40.0,0.208,0.12,0.25,0.0,45.78,-5.78,0,0.0,標準,C
4303,牧原崇,3,4,25.0,25.0,0.0,50.0,0.235,0.15,0.29,0.0,54.51,-4.51,1,25.0,少数参考,参考
3290,倉谷和信,2,3,66.67,0.0,0.0,66.67,0.193,0.12,0.31,33.33,57.97,8.7,1,33.33,少数参考,参考
4462,夏山亮平,4,4,0.0,0.0,75.0,75.0,0.228,0.08,0.28,0.0,45.78,29.22,1,25.0,少数参考,参考
4036,金田諭,1,11,90.91,9.09,0.0,100.0,0.153,0.02,0.34,54.55,86.47,13.53,0,0.0,得意,B
4191,赤羽克也,3,8,12.5,12.5,50.0,75.0,0.135,0.05,0.25,0.0,54.51,20.49,1,12.5,得意,C
3869,井芹大志,5,9,0.0,22.22,11.11,33.33,0.153,0.07,0.24,11.11,34.22,-0.89,1,11.11,標準,C
4573,佐藤翼,6,3,0.0,0.0,33.33,33.33,0.22,0.15,0.27,0.0,21.0,12.33,0,0.0,少数参考,参考
3833,中辻博訓,1,11,90.91,9.09,0.0,100.0,0.13,0.08,0.17,81.82,86.47,13.53,0,0.0,得意,B
4460,後藤翔之,2,6,33.33,33.33,16.67,83.33,0.118,0.06,0.17,50.0,57.97,25.36,0,0.0,得意,C
4036,金田諭,3,9,22.22,33.33,44.44,100.0,0.174,0.07,0.24,11.11,54.51,45.49,1,11.11,得意,C
4204,柴田大輔,2,3,0.0,33.33,66.67,100.0,0.12,0.04,0.26,33.33,57.97,42.03,0,0.0,少数参考,参考
4693,松下誉士,2,8,12.5,12.5,25.0,50.0,0.195,0.12,0.27,0.0,57.97,-7.97,0,0.0,標準,C
4148,枝尾賢,4,6,33.33,0.0,66.67,100.0,0.123,0.06,0.21,16.67,45.78,54.22,1,16.67,得意,C
4204,柴田大輔,5,4,25.0,25.0,0.0,50.0,0.203,0.11,0.31,25.0,34.22,15.78,0,0.0,少数参考,参考
4272,大場広孝,3,4,25.0,25.0,25.0,75.0,0.113,0.07,0.19,75.0,54.51,20.49,0,0.0,少数参考,参考
4812,西野雄貴,5,7,42.86,28.57,14.29,85.71,0.11,0.05,0.19,71.43,34.22,51.49,2,28.57,得意,C
3976,内田圭,2,5,20.0,0.0,80.0,100.0,0.198,0.1,0.28,40.0,57.97,42.03,0,0.0,得意,C
4408,仁科さやか,4,5,20.0,20.0,0.0,40.0,0.194,0.12,0.25,0.0,45.78,-5.78,2,40.0,標準,C
4294,古賀繁輝,3,5,20.0,20.0,0.0,40.0,0.162,0.09,0.38,20.0,54.51,-14.51,3,60.0,苦手,C
4108,吉村正明,4,11,27.27,18.18,27.27,72.73,0.106,0.04,0.17,45.45,45.78,26.95,5,45.45,得意,B
2380,関忠志,1,3,66.67,33.33,0.0,100.0,0.133,0.09,0.17,100.0,86.47,13.53,1,33.33,少数参考,参考
3976,内田圭,1,5,20.0,20.0,20.0,60.0,0.204,0.16,0.28,0.0,86.47,-26.47,0,0.0,苦手,C
4288,永田啓二,3,16,25.0,31.25,18.75,75.0,0.184,0.08,0.29,18.75,54.51,20.49,4,25.0,得意,B
4590,渡邉優美,6,8,0.0,25.0,50.0,75.0,0.147,0.07,0.31,12.5,21.0,54.0,1,12.5,得意,C
4636,赤池修平,5,3,0.0,0.0,33.33,33.33,0.117,0.05,0.21,0.0,34.22,-0.89,1,33.33,少数参考,参考
3054,北川幸典,2,3,0.0,100.0,0.0,100.0,0.113,0.08,0.14,33.33,57.97,42.03,0,0.0,少数参考,参考
4288,永田啓二,1,16,75.0,25.0,0.0,100.0,0.105,0.02,0.23,50.0,86.47,13.53,0,0.0,得意,B
3860,松本浩貴,5,3,0.0,66.67,0.0,66.67,0.167,0.07,0.24,33.33,34.22,32.45,1,33.33,少数参考,参考
4108,吉村正明,3,6,33.33,33.33,33.33,100.0,0.157,0.01,0.29,50.0,54.51,45.49,2,33.33,得意,C
4590,渡邉優美,4,9,11.11,22.22,55.56,88.89,0.141,0.06,0.22,33.33,45.78,43.11,1,11.11,得意,C
4819,蜂須瑞生,6,3,0.0,33.33,33.33,66.67,0.15,0.12,0.19,33.33,21.0,45.67,1,33.33,少数参考,参考
3561,池田真治,5,3,0.0,33.33,66.67,100.0,0.257,0.14,0.34,0.0,34.22,65.78,2,66.67,少数参考,参考
3860,松本浩貴,1,8,12.5,12.5,37.5,62.5,0.164,0.12,0.26,0.0,86.47,-23.97,0,0.0,苦手,C
4456,鎌倉涼,3,4,50.0,25.0,25.0,100.0,0.16,0.15,0.17,0.0,54.51,45.49,0,0.0,少数参考,参考
4636,赤池修平,4,3,0.0,0.0,33.33,33.33,0.107,0.07,0.17,33.33,45.78,-12.45,0,0.0,少数参考,参考
4574,東潤樹,2,7,14.29,14.29,14.29,42.86,0.181,0.12,0.25,0.0,57.97,-15.11,0,0.0,苦手,C
4568,廣瀬真也,5,3,0.0,0.0,100.0,100.0,0.153,0.09,0.21,0.0,34.22,65.78,1,33.33,少数参考,参考
4288,永田啓二,5,7,14.29,14.29,57.14,85.71,0.109,0.07,0.22,71.43,34.22,51.49,2,28.57,得意,C
3326,生方厚成,4,3,0.0,66.67,0.0,66.67,0.197,0.07,0.36,66.67,45.78,20.89,2,66.67,少数参考,参考
4294,古賀繁輝,2,6,16.67,33.33,33.33,83.33,0.175,0.1,0.38,16.67,57.97,25.36,1,16.67,得意,C
4406,幸野史明,3,5,0.0,40.0,40.0,80.0,0.14,0.04,0.25,20.0,54.51,25.49,0,0.0,得意,C
3286,坂東満,4,4,25.0,0.0,50.0,75.0,0.16,0.09,0.25,25.0,45.78,29.22,3,75.0,少数参考,参考
3054,北川幸典,1,5,80.0,20.0,0.0,100.0,0.204,0.11,0.31,40.0,86.47,13.53,0,0.0,得意,C
4456,鎌倉涼,1,5,100.0,0.0,0.0,100.0,0.09,0.01,0.23,80.0,86.47,13.53,0,0.0,得意,C
4408,仁科さやか,2,7,0.0,28.57,28.57,57.14,0.129,0.01,0.25,28.57,57.97,-0.83,0,0.0,標準,C
4294,古賀繁輝,1,6,50.0,33.33,0.0,83.33,0.153,0.07,0.27,16.67,86.47,-3.14,0,0.0,得意,C
4108,吉村正明,1,16,81.25,18.75,0.0,100.0,0.107,0.01,0.18,62.5,86.47,13.53,0,0.0,得意,B
4288,永田啓二,6,6,0.0,0.0,33.33,33.33,0.165,0.06,0.27,0.0,21.0,12.33,0,0.0,得意,C
4406,幸野史明,4,8,12.5,37.5,25.0,75.0,0.175,0.14,0.21,0.0,45.78,29.22,3,37.5,得意,C
4574,東潤樹,4,4,25.0,50.0,0.0,75.0,0.163,0.11,0.24,0.0,45.78,29.22,1,25.0,少数参考,参考
4568,廣瀬真也,1,4,50.0,0.0,0.0,50.0,0.12,0.04,0.21,50.0,86.47,-36.47,0,0.0,少数参考,参考
4590,渡邉優美,2,10,10.0,50.0,30.0,90.0,0.122,0.04,0.22,10.0,57.97,32.03,0,0.0,得意,B
3054,北川幸典,4,5,20.0,0.0,60.0,80.0,0.138,0.03,0.23,40.0,45.78,34.22,3,60.0,得意,C
4113,木村浩士,1,6,83.33,0.0,16.67,100.0,0.162,0.06,0.29,16.67,86.47,13.53,0,0.0,得意,C
4288,永田啓二,2,10,40.0,30.0,20.0,90.0,0.139,0.04,0.28,30.0,57.97,32.03,1,10.0,得意,B
3860,松本浩貴,3,7,0.0,14.29,28.57,42.86,0.193,0.05,0.36,28.57,54.51,-11.65,0,0.0,苦手,C
4525,真子奈津実,4,3,0.0,33.33,0.0,33.33,0.187,0.14,0.24,33.33,45.78,-12.45,0,0.0,少数参考,参考
4406,幸野史明,5,8,0.0,0.0,37.5,37.5,0.191,0.14,0.24,25.0,34.22,3.28,4,50.0,標準,C
4408,仁科さやか,5,5,0.0,0.0,100.0,100.0,0.206,0.12,0.32,40.0,34.22,65.78,2,40.0,得意,C
4568,廣瀬真也,2,3,33.33,33.33,33.33,100.0,0.127,0.08,0.2,66.67,57.97,42.03,0,0.0,少数参考,参考
4489,岩川仁士,3,3,33.33,33.33,0.0,66.67,0.123,0.09,0.14,66.67,54.51,12.16,0,0.0,少数参考,参考
3860,松本浩貴,6,4,0.0,0.0,25.0,25.0,0.255,0.16,0.31,0.0,21.0,4.0,0,0.0,少数参考,参考
4590,渡邉優美,1,8,87.5,0.0,12.5,100.0,0.169,0.11,0.27,37.5,86.47,13.53,0,0.0,得意,C
4574,東潤樹,1,5,20.0,20.0,20.0,60.0,0.206,0.09,0.32,60.0,86.47,-26.47,0,0.0,苦手,C
4113,木村浩士,2,4,25.0,0.0,25.0,50.0,0.215,0.16,0.34,0.0,57.97,-7.97,0,0.0,少数参考,参考
3507,藤井徹,5,3,0.0,0.0,33.33,33.33,0.117,0.05,0.16,33.33,34.22,-0.89,1,33.33,少数参考,参考
4108,吉村正明,2,6,33.33,33.33,16.67,83.33,0.105,0.06,0.14,0.0,57.97,25.36,0,0.0,得意,C
4574,東潤樹,5,4,25.0,0.0,50.0,75.0,0.158,0.08,0.22,0.0,34.22,40.78,1,25.0,少数参考,参考
3976,内田圭,4,4,50.0,0.0,0.0,50.0,0.143,0.06,0.28,25.0,45.78,4.22,1,25.0,少数参考,参考
4590,渡邉優美,5,6,0.0,16.67,50.0,66.67,0.098,0.06,0.15,50.0,34.22,32.45,0,0.0,得意,C
4636,赤池修平,3,3,0.0,33.33,0.0,33.33,0.183,0.15,0.22,0.0,54.51,-21.18,0,0.0,少数参考,参考
4574,東潤樹,6,3,0.0,33.33,0.0,33.33,0.17,0.16,0.18,0.0,21.0,12.33,2,66.67,少数参考,参考
4406,幸野史明,2,6,0.0,66.67,16.67,83.33,0.172,0.12,0.24,16.67,57.97,25.36,0,0.0,得意,C
4812,西野雄貴,3,8,12.5,12.5,12.5,37.5,0.126,0.05,0.18,25.0,54.51,-17.01,1,12.5,苦手,C
4113,木村浩士,5,4,0.0,50.0,0.0,50.0,0.185,0.13,0.23,0.0,34.22,15.78,0,0.0,少数参考,参考
4499,滝川真由子,6,11,0.0,45.45,9.09,54.55,0.176,0.11,0.28,18.18,21.0,33.55,0,0.0,得意,B
4762,藤原啓史朗,5,9,22.22,33.33,22.22,77.78,0.12,0.02,0.19,33.33,34.22,43.56,2,22.22,得意,C
4199,北川潤二,1,5,100.0,0.0,0.0,100.0,0.13,0.02,0.18,60.0,86.47,13.53,0,0.0,得意,C
3833,中辻博訓,3,7,14.29,42.86,42.86,100.0,0.109,0.01,0.21,28.57,54.51,45.49,0,0.0,得意,C
4303,牧原崇,1,8,100.0,0.0,0.0,100.0,0.115,0.03,0.19,62.5,86.47,13.53,0,0.0,得意,C
4196,田中太一郎,2,13,15.38,30.77,38.46,84.62,0.196,0.09,0.28,23.08,57.97,26.65,1,7.69,得意,B
4342,谷野錬志,3,3,0.0,66.67,33.33,100.0,0.17,0.17,0.17,0.0,54.51,45.49,0,0.0,少数参考,参考
4649,和田操拓,5,3,0.0,0.0,66.67,66.67,0.107,0.07,0.13,33.33,34.22,32.45,1,33.33,少数参考,参考
3869,井芹大志,1,7,28.57,57.14,14.29,100.0,0.113,0.02,0.29,71.43,86.47,13.53,0,0.0,得意,C
3850,小川知行,3,4,0.0,0.0,75.0,75.0,0.145,0.06,0.22,0.0,54.51,20.49,0,0.0,少数参考,参考
4191,赤羽克也,5,7,0.0,0.0,14.29,14.29,0.151,0.02,0.29,14.29,34.22,-19.93,3,42.86,苦手,C
3656,伯母芳恒,1,4,25.0,0.0,75.0,100.0,0.2,0.15,0.29,25.0,86.47,13.53,0,0.0,少数参考,参考
4196,田中太一郎,4,8,37.5,25.0,0.0,62.5,0.19,0.02,0.39,37.5,45.78,16.72,0,0.0,得意,C
4462,夏山亮平,5,5,20.0,0.0,40.0,60.0,0.122,0.04,0.2,40.0,34.22,25.78,1,20.0,得意,C
4573,佐藤翼,1,7,85.71,14.29,0.0,100.0,0.123,0.05,0.21,14.29,86.47,13.53,0,0.0,得意,C
4036,金田諭,2,3,0.0,33.33,33.33,66.67,0.177,0.15,0.19,0.0,57.97,8.7,0,0.0,少数参考,参考
4762,藤原啓史朗,4,9,0.0,33.33,44.44,77.78,0.143,0.08,0.21,11.11,45.78,32.0,0,0.0,得意,C
3656,伯母芳恒,2,4,50.0,25.0,25.0,100.0,0.182,0.12,0.29,25.0,57.97,42.03,0,0.0,少数参考,参考
3833,中辻博訓,6,5,0.0,20.0,40.0,60.0,0.154,0.11,0.19,40.0,21.0,39.0,0,0.0,得意,C
3290,倉谷和信,1,5,40.0,60.0,0.0,100.0,0.118,0.03,0.18,40.0,86.47,13.53,0,0.0,得意,C
4134,杉山貴博,2,4,25.0,25.0,50.0,100.0,0.135,0.06,0.16,0.0,57.97,42.03,0,0.0,少数参考,参考
4573,佐藤翼,3,4,25.0,25.0,25.0,75.0,0.147,0.08,0.21,0.0,54.51,20.49,0,0.0,少数参考,参考
4592,小林孝弘,4,4,0.0,75.0,0.0,75.0,0.142,0.08,0.19,25.0,45.78,29.22,0,0.0,少数参考,参考
4831,羽野直也,6,10,0.0,10.0,20.0,30.0,0.15,0.06,0.24,0.0,21.0,9.0,1,10.0,得意,B
3872,岡田憲行,1,13,69.23,15.38,0.0,84.62,0.174,0.08,0.28,30.77,86.47,-1.85,0,0.0,得意,B
4202,浮田圭浩,2,7,0.0,57.14,14.29,71.43,0.204,0.11,0.38,0.0,57.97,13.46,0,0.0,得意,C
3931,黒崎竜也,1,3,0.0,66.67,0.0,66.67,0.183,0.05,0.26,0.0,86.47,-19.8,0,0.0,少数参考,参考
4053,芦澤望,3,8,12.5,62.5,12.5,87.5,0.163,0.07,0.31,25.0,54.51,32.99,0,0.0,得意,C
3730,塩崎優司,1,6,66.67,0.0,33.33,100.0,0.11,0.04,0.19,50.0,86.47,13.53,0,0.0,得意,C
4475,末永祐輝,3,3,0.0,0.0,33.33,33.33,0.163,0.11,0.21,33.33,54.51,-21.18,0,0.0,少数参考,参考
4430,永田秀二,1,3,100.0,0.0,0.0,100.0,0.123,0.05,0.17,0.0,86.47,13.53,0,0.0,少数参考,参考
4066,東本勝利,4,4,0.0,25.0,75.0,100.0,0.158,0.13,0.23,50.0,45.78,54.22,0,0.0,少数参考,参考
4442,松竹大輔,1,8,62.5,25.0,12.5,100.0,0.118,0.04,0.22,50.0,86.47,13.53,0,0.0,得意,C
3711,江本真治,3,7,14.29,0.0,14.29,28.57,0.176,0.12,0.32,42.86,54.51,-25.94,0,0.0,苦手,C
4069,山本修一,5,4,0.0,25.0,50.0,75.0,0.208,0.15,0.32,0.0,34.22,40.78,1,25.0,少数参考,参考
3965,北中元樹,1,6,50.0,33.33,16.67,100.0,0.13,0.08,0.2,66.67,86.47,13.53,0,0.0,得意,C
4369,丹下将,3,6,0.0,16.67,16.67,33.33,0.175,0.13,0.33,0.0,54.51,-21.18,0,0.0,苦手,C
4053,芦澤望,5,4,0.0,25.0,50.0,75.0,0.223,0.17,0.31,25.0,34.22,40.78,0,0.0,少数参考,参考
4475,末永祐輝,4,4,25.0,25.0,50.0,100.0,0.133,0.06,0.22,0.0,45.78,54.22,0,0.0,少数参考,参考
4831,羽野直也,5,9,11.11,22.22,44.44,77.78,0.118,0.01,0.21,22.22,34.22,43.56,0,0.0,得意,C
3872,岡田憲行,2,6,16.67,16.67,66.67,100.0,0.147,0.09,0.24,16.67,57.97,42.03,0,0.0,得意,C
3327,野長瀬正孝,4,4,0.0,75.0,0.0,75.0,0.16,0.11,0.22,25.0,45.78,29.22,1,25.0,少数参考,参考
4397,西村拓也,4,4,0.0,50.0,0.0,50.0,0.152,0.11,0.23,0.0,45.78,4.22,0,0.0,少数参考,参考
4066,東本勝利,6,3,0.0,0.0,100.0,100.0,0.19,0.17,0.23,33.33,21.0,79.0,0,0.0,少数参考,参考
4066,東本勝利,1,8,87.5,0.0,12.5,100.0,0.121,0.02,0.19,62.5,86.47,13.53,0,0.0,得意,C
4737,竹井貴史,5,6,33.33,33.33,33.33,100.0,0.138,0.04,0.29,16.67,34.22,65.78,0,0.0,得意,C
4053,芦澤望,2,8,12.5,50.0,25.0,87.5,0.107,0.01,0.21,50.0,57.97,29.53,0,0.0,得意,C
4069,山本修一,6,3,0.0,66.67,0.0,66.67,0.26,0.22,0.29,0.0,21.0,45.67,0,0.0,少数参考,参考
4202,浮田圭浩,4,5,0.0,40.0,20.0,60.0,0.136,0.09,0.17,0.0,45.78,14.22,1,20.0,得意,C
3965,北中元樹,3,3,0.0,66.67,0.0,66.67,0.107,0.07,0.17,0.0,54.51,12.16,0,0.0,少数参考,参考
4430,永田秀二,3,5,20.0,40.0,20.0,80.0,0.174,0.12,0.22,0.0,54.51,25.49,0,0.0,得意,C
3872,岡田憲行,6,7,0.0,0.0,57.14,57.14,0.13,0.03,0.24,28.57,21.0,36.14,0,0.0,得意,C
4592,小林孝弘,3,7,0.0,14.29,42.86,57.14,0.154,0.08,0.29,14.29,54.51,2.63,1,14.29,標準,C
4066,東本勝利,2,4,25.0,75.0,0.0,100.0,0.125,0.04,0.19,25.0,57.97,42.03,0,0.0,少数参考,参考
4442,松竹大輔,5,3,0.0,33.33,0.0,33.33,0.15,0.11,0.21,0.0,34.22,-0.89,0,0.0,少数参考,参考
4053,芦澤望,1,7,85.71,14.29,0.0,100.0,0.184,0.15,0.23,28.57,86.47,13.53,0,0.0,得意,C
3872,岡田憲行,4,10,10.0,20.0,20.0,50.0,0.176,0.09,0.26,30.0,45.78,4.22,1,10.0,やや得意,B
4202,浮田圭浩,5,6,0.0,0.0,50.0,50.0,0.207,0.13,0.27,16.67,34.22,15.78,2,33.33,得意,C
3869,井芹大志,4,8,0.0,25.0,37.5,62.5,0.168,0.11,0.3,37.5,45.78,16.72,0,0.0,得意,C
4191,赤羽克也,1,10,40.0,30.0,10.0,80.0,0.16,0.03,0.26,30.0,86.47,-6.47,0,0.0,得意,B
4036,金田諭,5,4,50.0,25.0,25.0,100.0,0.233,0.19,0.28,0.0,34.22,65.78,0,0.0,少数参考,参考
3970,亀山高雅,3,3,0.0,66.67,33.33,100.0,0.16,0.09,0.21,33.33,54.51,45.49,0,0.0,少数参考,参考
3833,中辻博訓,4,4,25.0,50.0,25.0,100.0,0.15,0.02,0.24,25.0,45.78,54.22,0,0.0,少数参考,参考
4573,佐藤翼,2,4,25.0,25.0,25.0,75.0,0.128,0.07,0.16,50.0,57.97,17.03,1,25.0,少数参考,参考
4462,夏山亮平,3,5,40.0,20.0,0.0,60.0,0.15,0.11,0.22,60.0,54.51,5.49,0,0.0,やや得意,C
3973,崎利仁,5,3,0.0,0.0,33.33,33.33,0.21,0.18,0.24,0.0,34.22,-0.89,0,0.0,少数参考,参考
3850,小川知行,1,3,66.67,0.0,33.33,100.0,0.137,0.12,0.16,33.33,86.47,13.53,0,0.0,少数参考,参考
4094,中島真二,3,5,0.0,0.0,60.0,60.0,0.16,0.14,0.21,20.0,54.51,5.49,0,0.0,やや得意,C
3171,田川忠志,5,3,0.0,0.0,66.67,66.67,0.127,0.09,0.16,33.33,34.22,32.45,0,0.0,少数参考,参考
3653,品川賢次,1,3,66.67,33.33,0.0,100.0,0.123,0.07,0.15,66.67,86.47,13.53,0,0.0,少数参考,参考
3869,井芹大志,2,7,0.0,42.86,0.0,42.86,0.18,0.12,0.28,14.29,57.97,-15.11,0,0.0,苦手,C
4762,藤原啓史朗,2,11,18.18,36.36,36.36,90.91,0.126,0.05,0.25,45.45,57.97,32.94,1,9.09,得意,B
3881,浦上拓也,3,5,0.0,20.0,40.0,60.0,0.196,0.15,0.25,20.0,54.51,5.49,0,0.0,やや得意,C
4303,牧原崇,5,7,0.0,14.29,42.86,57.14,0.203,0.13,0.29,0.0,34.22,22.92,0,0.0,得意,C
4191,赤羽克也,2,10,0.0,90.0,10.0,100.0,0.117,0.06,0.23,40.0,57.97,42.03,0,0.0,得意,B
3833,中辻博訓,2,6,16.67,33.33,33.33,83.33,0.112,0.06,0.18,16.67,57.97,25.36,0,0.0,得意,C
4196,田中太一郎,3,8,12.5,50.0,37.5,100.0,0.121,0.07,0.21,12.5,54.51,45.49,0,0.0,得意,C
4403,木下大將,3,5,0.0,60.0,20.0,80.0,0.096,0.01,0.15,20.0,54.51,25.49,0,0.0,得意,C
3656,伯母芳恒,4,4,0.0,50.0,25.0,75.0,0.175,0.14,0.21,25.0,45.78,29.22,0,0.0,少数参考,参考
3656,伯母芳恒,3,4,0.0,50.0,25.0,75.0,0.143,0.08,0.19,50.0,54.51,20.49,0,0.0,少数参考,参考
4762,藤原啓史朗,6,7,14.29,0.0,14.29,28.57,0.123,0.02,0.19,42.86,21.0,7.57,1,14.29,やや得意,C
4303,牧原崇,4,5,40.0,0.0,20.0,60.0,0.178,0.12,0.26,40.0,45.78,14.22,1,20.0,得意,C
4462,夏山亮平,1,4,50.0,25.0,25.0,100.0,0.113,0.07,0.15,75.0,86.47,13.53,0,0.0,少数参考,参考
3910,松下知幸,3,5,20.0,0.0,80.0,100.0,0.132,0.04,0.22,40.0,54.51,45.49,0,0.0,得意,C
3746,岡瀬正人,3,7,28.57,14.29,28.57,71.43,0.163,0.09,0.26,0.0,54.51,16.92,0,0.0,得意,C
3915,繁野谷圭介,5,3,0.0,0.0,66.67,66.67,0.197,0.18,0.21,33.33,34.22,32.45,1,33.33,少数参考,参考
3910,松下知幸,1,4,50.0,25.0,0.0,75.0,0.215,0.13,0.28,0.0,86.47,-11.47,0,0.0,少数参考,参考
4252,松下哲也,5,5,0.0,40.0,40.0,80.0,0.164,0.08,0.25,40.0,34.22,45.78,1,20.0,得意,C
4764,小池礼乃,4,3,0.0,100.0,0.0,100.0,0.09,0.08,0.1,66.67,45.78,54.22,0,0.0,少数参考,参考
3930,岸本隆,5,4,0.0,25.0,25.0,50.0,0.19,0.14,0.24,25.0,34.22,15.78,0,0.0,少数参考,参考
3641,一瀬明,2,8,12.5,50.0,25.0,87.5,0.151,0.09,0.21,25.0,57.97,29.53,0,0.0,得意,C
4069,山本修一,1,11,54.55,18.18,9.09,81.82,0.132,0.05,0.2,36.36,86.47,-4.65,0,0.0,得意,B
4442,松竹大輔,2,5,40.0,0.0,40.0,80.0,0.12,0.05,0.17,0.0,57.97,22.03,0,0.0,得意,C
3986,沖島広和,2,6,0.0,66.67,16.67,83.33,0.118,0.04,0.23,33.33,57.97,25.36,2,33.33,得意,C
4369,丹下将,1,8,75.0,25.0,0.0,100.0,0.084,0.01,0.19,50.0,86.47,13.53,0,0.0,得意,C
3327,野長瀬正孝,1,4,75.0,0.0,0.0,75.0,0.128,0.06,0.19,75.0,86.47,-11.47,0,0.0,少数参考,参考
3931,黒崎竜也,2,4,0.0,75.0,25.0,100.0,0.145,0.1,0.19,75.0,57.97,42.03,0,0.0,少数参考,参考
4737,竹井貴史,3,9,22.22,44.44,11.11,77.78,0.153,0.04,0.29,22.22,54.51,23.27,1,11.11,得意,C
4069,山本修一,2,5,40.0,0.0,60.0,100.0,0.118,0.08,0.19,40.0,57.97,42.03,0,0.0,得意,C
4066,東本勝利,3,6,16.67,33.33,50.0,100.0,0.14,0.07,0.2,33.33,54.51,45.49,0,0.0,得意,C
4483,北野輝季,3,3,0.0,33.33,0.0,33.33,0.12,0.09,0.15,0.0,54.51,-21.18,0,0.0,少数参考,参考
3872,岡田憲行,3,8,12.5,37.5,37.5,87.5,0.139,0.02,0.25,37.5,54.51,32.99,0,0.0,得意,C
3965,北中元樹,5,4,0.0,50.0,50.0,100.0,0.17,0.12,0.25,0.0,34.22,65.78,1,25.0,少数参考,参考
3331,新美恵一,1,3,100.0,0.0,0.0,100.0,0.15,0.14,0.16,0.0,86.47,13.53,0,0.0,少数参考,参考
4705,吉川勇作,3,21,0.0,23.81,38.1,61.9,0.134,0.02,0.23,28.57,54.51,7.39,1,4.76,やや得意,A
3895,堀本裕也,1,6,66.67,16.67,0.0,83.33,0.167,0.12,0.26,16.67,86.47,-3.14,0,0.0,得意,C
4614,石倉洋行,3,6,16.67,66.67,16.67,100.0,0.14,0.07,0.21,50.0,54.51,45.49,1,16.67,得意,C
4565,西村豪洋,4,3,33.33,33.33,33.33,100.0,0.157,0.14,0.19,66.67,45.78,54.22,0,0.0,少数参考,参考
3743,林美憲,6,3,0.0,0.0,33.33,33.33,0.147,0.09,0.22,66.67,21.0,12.33,0,0.0,少数参考,参考
3761,山本光雄,3,6,16.67,16.67,50.0,83.33,0.147,0.04,0.25,33.33,54.51,28.82,1,16.67,得意,C
3956,横澤剛治,4,4,25.0,25.0,25.0,75.0,0.193,0.14,0.24,50.0,45.78,29.22,1,25.0,少数参考,参考
4104,木下陽介,4,6,0.0,50.0,33.33,83.33,0.157,0.0,0.3,33.33,45.78,37.55,0,0.0,得意,C
4861,田中宏樹,6,4,0.0,0.0,0.0,0.0,0.13,0.11,0.16,25.0,21.0,-21.0,0,0.0,少数参考,参考
4091,荒田泰明,3,3,0.0,33.33,66.67,100.0,0.173,0.15,0.19,66.67,54.51,45.49,0,0.0,少数参考,参考
3895,堀本裕也,2,3,0.0,66.67,0.0,66.67,0.2,0.19,0.21,0.0,57.97,8.7,0,0.0,少数参考,参考
3782,伊藤宏,3,3,0.0,0.0,66.67,66.67,0.153,0.1,0.24,0.0,54.51,12.16,0,0.0,少数参考,参考
3761,山本光雄,6,3,0.0,0.0,33.33,33.33,0.167,0.09,0.22,33.33,21.0,12.33,0,0.0,少数参考,参考
3743,林美憲,5,4,0.0,25.0,50.0,75.0,0.188,0.14,0.25,0.0,34.22,40.78,3,75.0,少数参考,参考
4104,木下陽介,1,5,80.0,20.0,0.0,100.0,0.098,0.02,0.15,80.0,86.47,13.53,0,0.0,得意,C
3718,伊達正利,1,7,28.57,28.57,28.57,85.71,0.139,0.03,0.24,57.14,86.47,-0.76,0,0.0,得意,C
4030,森高一真,3,11,45.45,36.36,9.09,90.91,0.126,0.02,0.24,45.45,54.51,36.4,1,9.09,得意,B
4091,荒田泰明,2,3,66.67,0.0,33.33,100.0,0.177,0.15,0.21,0.0,57.97,42.03,0,0.0,少数参考,参考
4104,木下陽介,3,6,0.0,33.33,33.33,66.67,0.147,0.06,0.35,66.67,54.51,12.16,0,0.0,得意,C
3761,山本光雄,1,6,33.33,33.33,33.33,100.0,0.182,0.11,0.27,0.0,86.47,13.53,0,0.0,得意,C
3743,林美憲,2,13,15.38,46.15,30.77,92.31,0.13,0.05,0.23,30.77,57.97,34.34,5,38.46,得意,B
3743,林美憲,1,17,64.71,29.41,0.0,94.12,0.137,0.06,0.31,52.94,86.47,7.65,0,0.0,得意,B
4116,川田正人,4,3,0.0,66.67,33.33,100.0,0.113,0.07,0.14,33.33,45.78,54.22,0,0.0,少数参考,参考
4614,石倉洋行,5,5,20.0,0.0,40.0,60.0,0.168,0.08,0.31,20.0,34.22,25.78,2,40.0,得意,C
3956,横澤剛治,1,4,50.0,25.0,25.0,100.0,0.14,0.11,0.19,25.0,86.47,13.53,0,0.0,少数参考,参考
4526,池田雄祐,4,5,40.0,0.0,20.0,60.0,0.098,0.03,0.13,60.0,45.78,14.22,1,20.0,得意,C
4442,松竹大輔,3,8,12.5,37.5,12.5,62.5,0.124,0.06,0.21,37.5,54.51,7.99,1,12.5,やや得意,C
4069,山本修一,4,6,0.0,16.67,50.0,66.67,0.193,0.17,0.24,16.67,45.78,20.89,0,0.0,得意,C
4526,池田雄祐,1,5,60.0,20.0,20.0,100.0,0.132,0.09,0.17,20.0,86.47,13.53,0,0.0,得意,C
3965,北中元樹,4,4,25.0,0.0,25.0,50.0,0.148,0.08,0.26,50.0,45.78,4.22,0,0.0,少数参考,参考
4848,仲谷颯仁,4,7,14.29,14.29,0.0,28.57,0.091,0.03,0.17,71.43,45.78,-17.21,0,0.0,苦手,C
4007,榮田将彦,3,4,25.0,25.0,25.0,75.0,0.125,0.07,0.18,100.0,54.51,20.49,0,0.0,少数参考,参考
3718,伊達正利,2,5,20.0,40.0,20.0,80.0,0.188,0.11,0.24,20.0,57.97,22.03,0,0.0,得意,C
3743,林美憲,3,13,30.77,15.38,46.15,92.31,0.13,0.07,0.21,30.77,54.51,37.8,5,38.46,得意,B
4156,浜野孝志,5,5,20.0,20.0,20.0,60.0,0.118,0.05,0.21,20.0,34.22,25.78,0,0.0,得意,C
4411,沢田昭宏,1,3,100.0,0.0,0.0,100.0,0.17,0.12,0.25,66.67,86.47,13.53,0,0.0,少数参考,参考
4565,西村豪洋,5,3,0.0,0.0,66.67,66.67,0.193,0.06,0.32,33.33,34.22,32.45,1,33.33,少数参考,参考
3761,山本光雄,2,7,14.29,57.14,14.29,85.71,0.14,0.09,0.19,14.29,57.97,27.74,0,0.0,得意,C
3718,伊達正利,4,4,0.0,25.0,50.0,75.0,0.18,0.13,0.23,0.0,45.78,29.22,1,25.0,少数参考,参考
4156,浜野孝志,2,5,20.0,20.0,60.0,100.0,0.202,0.16,0.24,0.0,57.97,42.03,0,0.0,得意,C
3701,大西隆洋,2,3,0.0,33.33,33.33,66.67,0.137,0.09,0.19,33.33,57.97,8.7,0,0.0,少数参考,参考
3895,堀本裕也,4,3,0.0,0.0,33.33,33.33,0.193,0.15,0.24,33.33,45.78,-12.45,1,33.33,少数参考,参考
3718,伊達正利,5,3,0.0,33.33,0.0,33.33,0.207,0.09,0.31,33.33,34.22,-0.89,1,33.33,少数参考,参考
4565,西村豪洋,2,5,0.0,40.0,40.0,80.0,0.124,0.08,0.17,40.0,57.97,22.03,0,0.0,得意,C
4411,沢田昭宏,4,5,0.0,40.0,20.0,60.0,0.206,0.14,0.27,20.0,45.78,14.22,1,20.0,得意,C
3761,山本光雄,4,6,0.0,33.33,33.33,66.67,0.172,0.14,0.22,33.33,45.78,20.89,0,0.0,得意,C
4104,木下陽介,5,3,0.0,33.33,33.33,66.67,0.18,0.16,0.2,66.67,34.22,32.45,0,0.0,少数参考,参考
3293,宮内由紀英,3,4,0.0,50.0,50.0,100.0,0.228,0.16,0.32,0.0,54.51,45.49,1,25.0,少数参考,参考
4193,郷原章平,4,3,100.0,0.0,0.0,100.0,0.137,0.08,0.21,66.67,45.78,54.22,0,0.0,少数参考,参考
3878,胡本悟志,5,4,0.0,0.0,50.0,50.0,0.228,0.15,0.33,50.0,34.22,15.78,2,50.0,少数参考,参考
3558,山本浩次,4,5,0.0,40.0,40.0,80.0,0.196,0.08,0.34,20.0,45.78,34.22,2,40.0,得意,C
3569,増田進,3,4,0.0,0.0,75.0,75.0,0.147,0.11,0.18,0.0,54.51,20.49,0,0.0,少数参考,参考
3809,吉田光,3,11,9.09,54.55,18.18,81.82,0.1,0.0,0.19,54.55,54.51,27.31,1,9.09,得意,B
3303,渡辺豊,5,4,0.0,0.0,25.0,25.0,0.217,0.11,0.28,0.0,34.22,-9.22,1,25.0,少数参考,参考
4508,野間大樹,6,5,0.0,40.0,40.0,80.0,0.144,0.06,0.24,0.0,21.0,59.0,2,40.0,得意,C
4024,井口佳典,2,6,16.67,50.0,0.0,66.67,0.153,0.06,0.21,0.0,57.97,8.7,1,16.67,得意,C
4436,渋谷明憲,5,3,0.0,33.33,66.67,100.0,0.157,0.06,0.22,66.67,34.22,65.78,0,0.0,少数参考,参考
3878,胡本悟志,4,5,0.0,20.0,60.0,80.0,0.196,0.12,0.29,40.0,45.78,34.22,1,20.0,得意,C
3736,岡本猛,5,3,0.0,33.33,0.0,33.33,0.127,0.07,0.18,0.0,34.22,-0.89,1,33.33,少数参考,参考
4024,井口佳典,1,8,62.5,12.5,25.0,100.0,0.129,0.07,0.22,0.0,86.47,13.53,0,0.0,得意,C
3736,岡本猛,1,3,66.67,33.33,0.0,100.0,0.12,0.08,0.2,33.33,86.47,13.53,0,0.0,少数参考,参考
4508,野間大樹,2,5,20.0,60.0,20.0,100.0,0.166,0.08,0.28,20.0,57.97,42.03,0,0.0,得意,C
3569,増田進,1,4,25.0,50.0,25.0,100.0,0.158,0.09,0.2,25.0,86.47,13.53,0,0.0,少数参考,参考
3558,山本浩次,3,3,33.33,33.33,33.33,100.0,0.17,0.16,0.18,33.33,54.51,45.49,1,33.33,少数参考,参考
4193,郷原章平,1,8,87.5,12.5,0.0,100.0,0.144,0.06,0.23,37.5,86.47,13.53,0,0.0,得意,C
4343,村岡賢,2,4,0.0,0.0,50.0,50.0,0.18,0.11,0.23,0.0,57.97,-7.97,0,0.0,少数参考,参考
4436,渋谷明憲,2,4,50.0,25.0,25.0,100.0,0.128,0.04,0.18,0.0,57.97,42.03,0,0.0,少数参考,参考
3918,深井利寿,6,3,0.0,33.33,33.33,66.67,0.223,0.14,0.34,0.0,21.0,45.67,0,0.0,少数参考,参考
3303,渡辺豊,1,5,80.0,0.0,20.0,100.0,0.15,0.11,0.17,20.0,86.47,13.53,0,0.0,得意,C
4495,森晋太郎,2,6,50.0,33.33,16.67,100.0,0.138,0.1,0.23,33.33,57.97,42.03,0,0.0,得意,C
4508,野間大樹,3,3,0.0,33.33,0.0,33.33,0.173,0.15,0.22,0.0,54.51,-21.18,0,0.0,少数参考,参考
3293,宮内由紀英,1,4,25.0,75.0,0.0,100.0,0.11,0.07,0.14,50.0,86.47,13.53,0,0.0,少数参考,参考
3880,浅見宗孝,2,6,0.0,33.33,66.67,100.0,0.135,0.1,0.19,16.67,57.97,42.03,0,0.0,得意,C
4024,井口佳典,4,3,66.67,33.33,0.0,100.0,0.13,0.12,0.14,0.0,45.78,54.22,0,0.0,少数参考,参考
3558,山本浩次,1,5,80.0,0.0,20.0,100.0,0.154,0.06,0.21,40.0,86.47,13.53,0,0.0,得意,C
3878,胡本悟志,2,6,0.0,50.0,16.67,66.67,0.195,0.1,0.28,16.67,57.97,8.7,0,0.0,得意,C
4193,郷原章平,2,6,0.0,33.33,33.33,66.67,0.175,0.14,0.22,0.0,57.97,8.7,0,0.0,得意,C
3736,岡本猛,3,4,0.0,0.0,50.0,50.0,0.198,0.15,0.26,0.0,54.51,-4.51,0,0.0,少数参考,参考
4436,渋谷明憲,4,4,25.0,75.0,0.0,100.0,0.147,0.11,0.17,25.0,45.78,54.22,1,25.0,少数参考,参考
4374,永田義紘,6,3,0.0,0.0,33.33,33.33,0.147,0.14,0.16,33.33,21.0,12.33,1,33.33,少数参考,参考
3880,浅見宗孝,1,5,40.0,40.0,20.0,100.0,0.09,0.08,0.1,80.0,86.47,13.53,0,0.0,得意,C
4463,三苫晃幸,2,5,20.0,40.0,20.0,80.0,0.13,0.09,0.19,20.0,57.97,22.03,0,0.0,得意,C
4024,井口佳典,3,5,40.0,20.0,0.0,60.0,0.122,0.08,0.16,0.0,54.51,5.49,0,0.0,やや得意,C
4027,松江秀徳,4,10,20.0,20.0,30.0,70.0,0.136,0.07,0.19,30.0,45.78,24.22,4,40.0,得意,B
4495,森晋太郎,4,4,25.0,25.0,25.0,75.0,0.143,0.11,0.2,25.0,45.78,29.22,0,0.0,少数参考,参考
3647,伊藤雄二,5,3,0.0,0.0,33.33,33.33,0.13,0.11,0.15,0.0,34.22,-0.89,0,0.0,少数参考,参考
3558,山本浩次,2,4,25.0,25.0,25.0,75.0,0.133,0.09,0.19,25.0,57.97,17.03,0,0.0,少数参考,参考
4090,中村尊,4,3,33.33,33.33,33.33,100.0,0.14,0.11,0.16,0.0,45.78,54.22,0,0.0,少数参考,参考
3918,深井利寿,3,5,0.0,0.0,80.0,80.0,0.14,0.07,0.24,0.0,54.51,25.49,0,0.0,得意,C
4442,松竹大輔,4,3,0.0,66.67,33.33,100.0,0.153,0.07,0.26,0.0,45.78,54.22,0,0.0,少数参考,参考
3965,北中元樹,2,5,20.0,40.0,0.0,60.0,0.152,0.04,0.22,20.0,57.97,2.03,0,0.0,標準,C
3327,野長瀬正孝,3,3,0.0,0.0,66.67,66.67,0.193,0.16,0.22,0.0,54.51,12.16,0,0.0,少数参考,参考
4737,竹井貴史,1,10,90.0,10.0,0.0,100.0,0.182,0.06,0.28,20.0,86.47,13.53,0,0.0,得意,B
4526,池田雄祐,5,3,0.0,33.33,0.0,33.33,0.133,0.07,0.18,33.33,34.22,-0.89,0,0.0,少数参考,参考
4430,永田秀二,2,3,0.0,66.67,0.0,66.67,0.17,0.14,0.22,66.67,57.97,8.7,0,0.0,少数参考,参考
4069,山本修一,3,9,22.22,55.56,22.22,100.0,0.141,0.07,0.21,33.33,54.51,45.49,0,0.0,得意,C
3986,沖島広和,4,4,25.0,0.0,25.0,50.0,0.207,0.18,0.23,0.0,45.78,4.22,0,0.0,少数参考,参考
4436,渋谷明憲,3,4,0.0,0.0,75.0,75.0,0.107,0.08,0.14,25.0,54.51,20.49,0,0.0,少数参考,参考
3303,渡辺豊,3,4,0.0,75.0,0.0,75.0,0.14,0.08,0.24,0.0,54.51,20.49,0,0.0,少数参考,参考
4102,益田啓司,4,8,0.0,12.5,25.0,37.5,0.155,0.09,0.23,12.5,45.78,-8.28,0,0.0,標準,C
4436,渋谷明憲,6,3,0.0,0.0,33.33,33.33,0.13,0.04,0.23,0.0,21.0,12.33,1,33.33,少数参考,参考
4193,郷原章平,3,6,0.0,50.0,33.33,83.33,0.142,0.11,0.19,16.67,54.51,28.82,1,16.67,得意,C
4463,三苫晃幸,5,8,0.0,37.5,12.5,50.0,0.149,0.07,0.27,0.0,34.22,15.78,1,12.5,得意,C
3303,渡辺豊,2,3,33.33,66.67,0.0,100.0,0.16,0.12,0.19,0.0,57.97,42.03,0,0.0,少数参考,参考
4495,森晋太郎,5,3,0.0,0.0,66.67,66.67,0.123,0.08,0.2,33.33,34.22,32.45,0,0.0,少数参考,参考
4508,野間大樹,4,3,66.67,0.0,33.33,100.0,0.1,0.05,0.19,33.33,45.78,54.22,0,0.0,少数参考,参考
3809,吉田光,4,13,0.0,15.38,38.46,53.85,0.18,0.08,0.32,15.38,45.78,8.07,3,23.08,得意,B
5219,森口和紀,4,4,0.0,0.0,25.0,25.0,0.18,0.11,0.29,25.0,45.78,-20.78,0,0.0,少数参考,参考
4874,池田奈津美,5,4,0.0,25.0,25.0,50.0,0.148,0.1,0.23,0.0,34.22,15.78,1,25.0,少数参考,参考
5012,加倉侑征,1,5,100.0,0.0,0.0,100.0,0.166,0.09,0.27,60.0,86.47,13.53,0,0.0,得意,C
4368,山口隆史,2,3,0.0,33.33,66.67,100.0,0.11,0.04,0.16,33.33,57.97,42.03,0,0.0,少数参考,参考
5170,佐藤太亮,5,7,0.0,28.57,71.43,100.0,0.097,0.04,0.14,57.14,34.22,65.78,3,42.86,得意,C
4924,中北涼,3,15,6.67,20.0,40.0,66.67,0.127,0.03,0.19,46.67,54.51,12.16,2,13.33,得意,B
4866,橋本英一,4,4,0.0,25.0,50.0,75.0,0.21,0.17,0.27,0.0,45.78,29.22,1,25.0,少数参考,参考
5192,中尾優香,5,5,0.0,20.0,40.0,60.0,0.184,0.07,0.33,20.0,34.22,25.78,1,20.0,得意,C
5081,篠原飛翔,1,3,33.33,0.0,33.33,66.67,0.167,0.05,0.28,33.33,86.47,-19.8,0,0.0,少数参考,参考
4555,富永大一,2,9,22.22,22.22,11.11,55.56,0.184,0.11,0.35,11.11,57.97,-2.41,1,11.11,標準,C
5205,刑部亜里紗,5,6,0.0,33.33,16.67,50.0,0.203,0.11,0.32,33.33,34.22,15.78,1,16.67,得意,C
3444,香月大介,4,3,33.33,0.0,33.33,66.67,0.11,0.1,0.12,100.0,45.78,20.89,0,0.0,少数参考,参考
5170,佐藤太亮,1,5,60.0,0.0,40.0,100.0,0.098,0.04,0.21,80.0,86.47,13.53,0,0.0,得意,C
5219,森口和紀,6,4,0.0,0.0,50.0,50.0,0.145,0.06,0.21,25.0,21.0,29.0,0,0.0,少数参考,参考
5029,中亮太,1,3,100.0,0.0,0.0,100.0,0.117,0.08,0.16,66.67,86.47,13.53,0,0.0,少数参考,参考
5012,加倉侑征,3,5,0.0,60.0,20.0,80.0,0.104,0.03,0.17,20.0,54.51,25.49,0,0.0,得意,C
4919,吉田翔悟,1,20,75.0,20.0,0.0,95.0,0.133,0.06,0.21,55.0,86.47,8.53,0,0.0,得意,A
4874,池田奈津美,2,16,6.25,50.0,31.25,87.5,0.113,0.05,0.23,43.75,57.97,29.53,6,37.5,得意,B
4866,橋本英一,6,3,0.0,0.0,33.33,33.33,0.09,0.01,0.16,66.67,21.0,12.33,2,66.67,少数参考,参考
3444,香月大介,2,3,0.0,66.67,0.0,66.67,0.123,0.11,0.13,33.33,57.97,8.7,0,0.0,少数参考,参考
5029,中亮太,3,3,33.33,33.33,33.33,100.0,0.107,0.04,0.16,0.0,54.51,45.49,0,0.0,少数参考,参考
4736,高倉和士,1,4,100.0,0.0,0.0,100.0,0.113,0.07,0.14,50.0,86.47,13.53,0,0.0,少数参考,参考
4855,江頭賢太,1,5,80.0,0.0,20.0,100.0,0.112,0.06,0.17,40.0,86.47,13.53,0,0.0,得意,C
4778,堤啓輔,2,3,0.0,0.0,66.67,66.67,0.173,0.14,0.2,33.33,57.97,8.7,1,33.33,少数参考,参考
5261,岡暢祐,6,9,11.11,11.11,22.22,44.44,0.11,0.03,0.19,33.33,21.0,23.44,3,33.33,得意,C
4896,花本剛,3,7,0.0,14.29,14.29,28.57,0.157,0.08,0.34,14.29,54.51,-25.94,0,0.0,苦手,C
4124,池田雄一,4,9,0.0,22.22,66.67,88.89,0.173,0.11,0.22,11.11,45.78,43.11,1,11.11,得意,C
4552,杉山勝匡,1,11,72.73,18.18,0.0,90.91,0.153,0.08,0.25,36.36,86.47,4.44,0,0.0,得意,B
4581,吉村誠,3,8,12.5,25.0,12.5,50.0,0.147,0.11,0.19,25.0,54.51,-4.51,1,12.5,標準,C
3933,山地正樹,2,13,46.15,0.0,23.08,69.23,0.16,0.04,0.23,15.38,57.97,11.26,8,61.54,得意,B
4985,井本昌也,4,8,12.5,50.0,25.0,87.5,0.136,0.1,0.19,37.5,45.78,41.72,1,12.5,得意,C
5104,山田丈,2,5,60.0,40.0,0.0,100.0,0.114,0.09,0.14,20.0,57.97,42.03,0,0.0,得意,C
3562,山下和彦,5,8,12.5,12.5,12.5,37.5,0.149,0.07,0.21,50.0,34.22,3.28,1,12.5,標準,C
5177,松井貫太,3,5,0.0,0.0,60.0,60.0,0.174,0.07,0.28,0.0,54.51,5.49,1,20.0,やや得意,C
5092,篠原晟弥,3,9,11.11,66.67,11.11,88.89,0.119,0.06,0.24,33.33,54.51,34.38,1,11.11,得意,C
3933,山地正樹,3,12,0.0,25.0,25.0,50.0,0.142,0.06,0.25,0.0,54.51,-4.51,6,50.0,標準,B
4441,末永由楽,1,6,66.67,16.67,16.67,100.0,0.15,0.06,0.31,66.67,86.47,13.53,0,0.0,得意,C
4816,村松修二,3,4,25.0,0.0,50.0,75.0,0.19,0.13,0.27,25.0,54.51,20.49,1,25.0,少数参考,参考
4458,抹香雄三,4,4,0.0,25.0,25.0,50.0,0.188,0.12,0.29,50.0,45.78,4.22,1,25.0,少数参考,参考
4734,安河内将,1,10,100.0,0.0,0.0,100.0,0.155,0.07,0.28,50.0,86.47,13.53,0,0.0,得意,B
4124,池田雄一,6,3,0.0,33.33,33.33,66.67,0.167,0.08,0.28,0.0,21.0,45.67,1,33.33,少数参考,参考
3562,山下和彦,2,9,44.44,11.11,33.33,88.89,0.18,0.1,0.32,11.11,57.97,30.92,0,0.0,得意,C
4985,井本昌也,5,7,14.29,28.57,42.86,85.71,0.157,0.06,0.29,28.57,34.22,51.49,1,14.29,得意,C
4778,堤啓輔,1,4,0.0,75.0,25.0,100.0,0.118,0.07,0.16,0.0,86.47,13.53,0,0.0,少数参考,参考
4458,抹香雄三,2,5,40.0,20.0,20.0,80.0,0.126,0.09,0.16,40.0,57.97,22.03,0,0.0,得意,C
3982,福田理,4,4,25.0,25.0,50.0,100.0,0.11,0.04,0.15,50.0,45.78,54.22,0,0.0,少数参考,参考
5092,篠原晟弥,2,6,0.0,33.33,50.0,83.33,0.135,0.05,0.24,16.67,57.97,25.36,0,0.0,得意,C
3489,大場敏,2,5,20.0,20.0,40.0,80.0,0.158,0.08,0.19,20.0,57.97,22.03,0,0.0,得意,C
5181,森智哉,3,4,0.0,0.0,25.0,25.0,0.128,0.06,0.18,25.0,54.51,-29.51,0,0.0,少数参考,参考
4370,山口達也,2,3,33.33,66.67,0.0,100.0,0.133,0.03,0.21,66.67,57.97,42.03,0,0.0,少数参考,参考
5104,山田丈,3,5,20.0,20.0,20.0,60.0,0.14,0.07,0.22,40.0,54.51,5.49,0,0.0,やや得意,C
4896,花本剛,4,5,0.0,20.0,40.0,60.0,0.176,0.13,0.21,0.0,45.78,14.22,0,0.0,得意,C
3933,山地正樹,1,9,44.44,33.33,22.22,100.0,0.141,0.07,0.21,33.33,86.47,13.53,0,0.0,得意,C
3562,山下和彦,3,7,0.0,14.29,71.43,85.71,0.183,0.09,0.27,0.0,54.51,31.2,0,0.0,得意,C
4581,吉村誠,1,11,72.73,18.18,9.09,100.0,0.11,0.04,0.18,63.64,86.47,13.53,0,0.0,得意,B
4985,井本昌也,2,9,0.0,55.56,11.11,66.67,0.138,0.04,0.22,11.11,57.97,8.7,0,0.0,得意,C
4816,村松修二,1,7,57.14,42.86,0.0,100.0,0.129,0.03,0.21,57.14,86.47,13.53,0,0.0,得意,C
4005,瀬川公則,2,4,0.0,0.0,50.0,50.0,0.115,0.05,0.19,0.0,57.97,-7.97,0,0.0,少数参考,参考
4441,末永由楽,2,5,0.0,40.0,60.0,100.0,0.106,0.01,0.17,40.0,57.97,42.03,0,0.0,得意,C
4124,池田雄一,3,4,50.0,0.0,50.0,100.0,0.188,0.13,0.24,25.0,54.51,45.49,0,0.0,少数参考,参考
3489,大場敏,3,7,14.29,42.86,42.86,100.0,0.127,0.09,0.16,42.86,54.51,45.49,0,0.0,得意,C
3562,山下和彦,4,7,0.0,28.57,28.57,57.14,0.117,0.03,0.16,28.57,45.78,11.36,2,28.57,得意,C
4985,井本昌也,1,12,100.0,0.0,0.0,100.0,0.16,0.07,0.27,50.0,86.47,13.53,0,0.0,得意,B
4682,大上卓人,1,9,100.0,0.0,0.0,100.0,0.114,0.06,0.19,66.67,86.47,13.53,0,0.0,得意,C
4574,東潤樹,3,4,25.0,50.0,25.0,100.0,0.128,0.08,0.19,50.0,54.51,45.49,0,0.0,少数参考,参考
5104,山田丈,4,3,0.0,33.33,33.33,66.67,0.13,0.08,0.21,33.33,45.78,20.89,0,0.0,少数参考,参考
5124,上瀧絢也,1,5,40.0,0.0,20.0,60.0,0.126,0.06,0.17,40.0,86.47,-26.47,0,0.0,苦手,C
5177,松井貫太,1,6,16.67,66.67,16.67,100.0,0.143,0.08,0.19,0.0,86.47,13.53,0,0.0,得意,C
5270,小玉啓太,6,8,0.0,0.0,37.5,37.5,0.155,0.07,0.32,37.5,21.0,16.5,2,25.0,得意,C
4816,村松修二,5,4,0.0,25.0,50.0,75.0,0.185,0.1,0.26,0.0,34.22,40.78,1,25.0,少数参考,参考
4855,江頭賢太,3,3,33.33,0.0,66.67,100.0,0.183,0.14,0.21,0.0,54.51,45.49,0,0.0,少数参考,参考
5092,篠原晟弥,6,5,0.0,0.0,60.0,60.0,0.108,0.02,0.25,60.0,21.0,39.0,0,0.0,得意,C
4581,吉村誠,4,8,12.5,12.5,50.0,75.0,0.113,0.03,0.17,37.5,45.78,29.22,0,0.0,得意,C
3489,大場敏,5,6,16.67,0.0,33.33,50.0,0.14,0.12,0.16,33.33,34.22,15.78,0,0.0,得意,C
4985,井本昌也,3,11,27.27,54.55,9.09,90.91,0.13,0.07,0.23,18.18,54.51,36.4,0,0.0,得意,B
4441,末永由楽,6,3,0.0,0.0,33.33,33.33,0.14,0.06,0.19,0.0,21.0,12.33,1,33.33,少数参考,参考
4552,杉山勝匡,4,7,28.57,42.86,0.0,71.43,0.103,0.02,0.17,42.86,45.78,25.65,1,14.29,得意,C
3491,富永茂,3,3,0.0,0.0,33.33,33.33,0.18,0.09,0.26,0.0,54.51,-21.18,0,0.0,少数参考,参考
3982,福田理,2,3,0.0,33.33,66.67,100.0,0.11,0.1,0.12,100.0,57.97,42.03,1,33.33,少数参考,参考
4778,堤啓輔,3,3,0.0,0.0,33.33,33.33,0.177,0.14,0.21,0.0,54.51,-21.18,0,0.0,少数参考,参考
5104,山田丈,1,4,75.0,25.0,0.0,100.0,0.175,0.13,0.23,50.0,86.47,13.53,0,0.0,少数参考,参考
4005,瀬川公則,5,3,0.0,0.0,33.33,33.33,0.16,0.08,0.26,33.33,34.22,-0.89,1,33.33,少数参考,参考
4124,池田雄一,5,3,0.0,0.0,66.67,66.67,0.19,0.08,0.3,33.33,34.22,32.45,0,0.0,少数参考,参考
5124,上瀧絢也,3,3,0.0,66.67,0.0,66.67,0.247,0.12,0.36,0.0,54.51,12.16,0,0.0,少数参考,参考
3851,森田昭彦,4,3,0.0,0.0,33.33,33.33,0.22,0.09,0.29,0.0,45.78,-12.45,1,33.33,少数参考,参考
4425,大井清貴,5,3,66.67,0.0,0.0,66.67,0.127,0.06,0.16,66.67,34.22,32.45,0,0.0,少数参考,参考
4581,吉村誠,6,4,0.0,0.0,50.0,50.0,0.122,0.05,0.19,50.0,21.0,29.0,0,0.0,少数参考,参考
3489,大場敏,1,10,60.0,30.0,10.0,100.0,0.159,0.09,0.25,30.0,86.47,13.53,0,0.0,得意,B
4441,末永由楽,3,3,33.33,33.33,33.33,100.0,0.117,0.08,0.18,33.33,54.51,45.49,0,0.0,少数参考,参考
4552,杉山勝匡,6,5,0.0,60.0,20.0,80.0,0.144,0.11,0.21,40.0,21.0,59.0,1,20.0,得意,C
4600,井内将太郎,6,8,12.5,0.0,37.5,50.0,0.156,0.1,0.19,25.0,21.0,29.0,0,0.0,得意,C
4555,富永大一,4,6,16.67,0.0,50.0,66.67,0.153,0.07,0.32,33.33,45.78,20.89,0,0.0,得意,C
4603,谷川将太,6,10,10.0,20.0,30.0,60.0,0.157,0.09,0.27,30.0,21.0,39.0,0,0.0,得意,B
4720,西澤日花里,3,8,12.5,50.0,12.5,75.0,0.176,0.11,0.24,12.5,54.51,20.49,0,0.0,得意,C
5048,眞鳥康太,5,16,0.0,18.75,56.25,75.0,0.177,0.08,0.35,0.0,34.22,40.78,8,50.0,得意,B
4324,海野康志郎,4,3,0.0,33.33,33.33,66.67,0.093,0.06,0.13,0.0,45.78,20.89,1,33.33,少数参考,参考
4677,片橋幸貴,1,4,100.0,0.0,0.0,100.0,0.125,0.07,0.17,50.0,86.47,13.53,0,0.0,少数参考,参考
3470,新田芳美,2,6,33.33,33.33,16.67,83.33,0.137,0.07,0.21,16.67,57.97,25.36,0,0.0,得意,C
4624,高田明,1,9,66.67,22.22,11.11,100.0,0.144,0.04,0.21,22.22,86.47,13.53,0,0.0,得意,C
4555,富永大一,5,5,0.0,20.0,40.0,60.0,0.222,0.15,0.32,0.0,34.22,25.78,1,20.0,得意,C
3800,牧宏次,3,4,25.0,0.0,25.0,50.0,0.105,0.06,0.19,50.0,54.51,-4.51,1,25.0,少数参考,参考
4256,渡辺浩司,6,5,0.0,40.0,40.0,80.0,0.166,0.12,0.24,0.0,21.0,59.0,0,0.0,得意,C
4022,待鳥雄紀,1,11,45.45,45.45,9.09,100.0,0.146,0.08,0.23,45.45,86.47,13.53,0,0.0,得意,B
3805,高橋英之,2,5,20.0,40.0,20.0,80.0,0.096,0.02,0.17,40.0,57.97,22.03,0,0.0,得意,C
5086,本村大,1,33,66.67,15.15,12.12,93.94,0.169,0.08,0.27,12.12,86.47,7.47,0,0.0,得意,A
4747,山戸信二,3,9,22.22,0.0,11.11,33.33,0.16,0.07,0.26,11.11,54.51,-21.18,0,0.0,苦手,C
4385,鈴木祐美子,2,3,33.33,0.0,0.0,33.33,0.203,0.17,0.24,0.0,57.97,-24.64,0,0.0,少数参考,参考
4884,勝浦真帆,4,5,0.0,40.0,20.0,60.0,0.108,0.08,0.14,80.0,45.78,14.22,0,0.0,得意,C
4549,小林文彦,5,3,0.0,0.0,33.33,33.33,0.207,0.14,0.31,0.0,34.22,-0.89,0,0.0,少数参考,参考
4022,待鳥雄紀,3,11,9.09,18.18,36.36,63.64,0.152,0.07,0.34,36.36,54.51,9.13,2,18.18,得意,B
4677,片橋幸貴,4,5,40.0,0.0,20.0,60.0,0.188,0.04,0.31,40.0,45.78,14.22,1,20.0,得意,C
4324,海野康志郎,3,5,40.0,20.0,20.0,80.0,0.142,0.06,0.18,20.0,54.51,25.49,1,20.0,得意,C
5032,谷口知優,2,5,20.0,60.0,0.0,80.0,0.13,0.05,0.2,40.0,57.97,22.03,0,0.0,得意,C
4735,角山雄哉,4,4,0.0,25.0,50.0,75.0,0.168,0.14,0.19,0.0,45.78,29.22,1,25.0,少数参考,参考
3578,塩田雄一,1,4,25.0,50.0,25.0,100.0,0.2,0.14,0.26,0.0,86.47,13.53,0,0.0,少数参考,参考
5106,山崎祥,3,6,16.67,50.0,0.0,66.67,0.167,0.08,0.25,16.67,54.51,12.16,0,0.0,得意,C
4884,勝浦真帆,5,5,0.0,0.0,0.0,0.0,0.158,0.14,0.17,40.0,34.22,-34.22,0,0.0,苦手,C
4725,佐竹太一,1,3,33.33,0.0,66.67,100.0,0.207,0.16,0.24,33.33,86.47,13.53,0,0.0,少数参考,参考
4555,富永大一,1,5,60.0,20.0,0.0,80.0,0.15,0.06,0.22,40.0,86.47,-6.47,0,0.0,得意,C
4761,山田晃大,2,3,33.33,0.0,33.33,66.67,0.187,0.11,0.24,33.33,57.97,8.7,0,0.0,少数参考,参考
4624,高田明,2,8,50.0,37.5,0.0,87.5,0.161,0.06,0.31,62.5,57.97,29.53,0,0.0,得意,C
4022,待鳥雄紀,6,3,0.0,0.0,66.67,66.67,0.207,0.11,0.3,0.0,21.0,45.67,0,0.0,少数参考,参考
5086,本村大,3,26,26.92,23.08,23.08,73.08,0.131,0.05,0.28,30.77,54.51,18.57,2,7.69,得意,A
3800,牧宏次,1,6,50.0,16.67,33.33,100.0,0.143,0.02,0.28,33.33,86.47,13.53,0,0.0,得意,C
4720,西澤日花里,1,15,46.67,13.33,26.67,86.67,0.166,0.04,0.32,20.0,86.47,0.2,0,0.0,得意,B
4884,勝浦真帆,3,4,50.0,25.0,0.0,75.0,0.115,0.01,0.21,100.0,54.51,20.49,0,0.0,少数参考,参考
4324,海野康志郎,2,7,28.57,42.86,14.29,85.71,0.156,0.07,0.28,28.57,57.97,27.74,1,14.29,得意,C
4624,高田明,5,7,0.0,14.29,57.14,71.43,0.129,0.11,0.17,42.86,34.22,37.21,0,0.0,得意,C
4739,中村晃朋,1,5,80.0,20.0,0.0,100.0,0.164,0.11,0.27,60.0,86.47,13.53,0,0.0,得意,C
3805,高橋英之,6,4,0.0,25.0,0.0,25.0,0.117,0.09,0.18,50.0,21.0,4.0,0,0.0,少数参考,参考
4747,山戸信二,1,11,45.45,18.18,27.27,90.91,0.149,0.1,0.22,36.36,86.47,4.44,0,0.0,得意,B
3578,塩田雄一,3,3,0.0,66.67,33.33,100.0,0.167,0.13,0.21,33.33,54.51,45.49,0,0.0,少数参考,参考
4761,山田晃大,5,3,0.0,66.67,0.0,66.67,0.133,0.09,0.17,0.0,34.22,32.45,0,0.0,少数参考,参考
4720,西澤日花里,4,9,11.11,33.33,44.44,88.89,0.164,0.09,0.23,44.44,45.78,43.11,3,33.33,得意,C
5048,眞鳥康太,6,15,0.0,20.0,53.33,73.33,0.179,0.07,0.29,13.33,21.0,52.33,6,40.0,得意,B
4677,片橋幸貴,2,4,50.0,0.0,50.0,100.0,0.113,0.09,0.14,75.0,57.97,42.03,1,25.0,少数参考,参考
4884,勝浦真帆,2,6,50.0,33.33,16.67,100.0,0.11,0.08,0.14,100.0,57.97,42.03,0,0.0,得意,C
4485,楠原正剛,1,8,37.5,50.0,12.5,100.0,0.131,0.09,0.2,50.0,86.47,13.53,0,0.0,得意,C
4433,川野芽唯,5,8,25.0,0.0,50.0,75.0,0.258,0.14,0.34,12.5,34.22,40.78,2,25.0,得意,C
5086,本村大,6,10,0.0,10.0,50.0,60.0,0.154,0.05,0.24,30.0,21.0,39.0,1,10.0,得意,B
5106,山崎祥,6,5,0.0,20.0,60.0,80.0,0.102,0.04,0.17,60.0,21.0,59.0,2,40.0,得意,C
4747,山戸信二,2,8,0.0,25.0,37.5,62.5,0.11,0.01,0.26,75.0,57.97,4.53,0,0.0,やや得意,C
4324,海野康志郎,5,5,20.0,40.0,40.0,100.0,0.18,0.09,0.24,20.0,34.22,65.78,1,20.0,得意,C
3800,牧宏次,2,4,0.0,50.0,25.0,75.0,0.168,0.11,0.23,0.0,57.97,17.03,0,0.0,少数参考,参考
4725,佐竹太一,3,4,25.0,0.0,25.0,50.0,0.23,0.17,0.29,0.0,54.51,-4.51,0,0.0,少数参考,参考
4451,松崎祐太郎,5,6,0.0,16.67,0.0,16.67,0.195,0.1,0.28,0.0,34.22,-17.55,1,16.67,苦手,C
4385,鈴木祐美子,4,3,0.0,0.0,66.67,66.67,0.233,0.21,0.28,0.0,45.78,20.89,0,0.0,少数参考,参考
4324,海野康志郎,1,7,85.71,14.29,0.0,100.0,0.1,0.02,0.17,28.57,86.47,13.53,0,0.0,得意,C
5086,本村大,2,22,27.27,18.18,27.27,72.73,0.143,0.01,0.26,27.27,57.97,14.76,1,4.55,得意,A
4549,小林文彦,6,3,0.0,66.67,33.33,100.0,0.18,0.16,0.21,0.0,21.0,79.0,0,0.0,少数参考,参考
5048,眞鳥康太,1,15,86.67,13.33,0.0,100.0,0.153,0.03,0.43,33.33,86.47,13.53,0,0.0,得意,B
5032,谷口知優,1,4,50.0,25.0,0.0,75.0,0.147,0.06,0.21,25.0,86.47,-11.47,0,0.0,少数参考,参考
3800,牧宏次,4,7,28.57,0.0,28.57,57.14,0.113,0.05,0.17,42.86,45.78,11.36,1,14.29,得意,C
4761,山田晃大,1,3,66.67,0.0,0.0,66.67,0.15,0.04,0.27,0.0,86.47,-19.8,0,0.0,少数参考,参考
4624,高田明,4,5,20.0,20.0,40.0,80.0,0.122,0.03,0.24,60.0,45.78,34.22,1,20.0,得意,C
4725,佐竹太一,2,4,0.0,25.0,0.0,25.0,0.203,0.11,0.38,0.0,57.97,-32.97,0,0.0,少数参考,参考
4134,杉山貴博,4,4,0.0,75.0,25.0,100.0,0.258,0.15,0.43,0.0,45.78,54.22,2,50.0,少数参考,参考
4884,勝浦真帆,1,6,66.67,16.67,0.0,83.33,0.202,0.06,0.39,16.67,86.47,-3.14,0,0.0,標準,C
4385,鈴木祐美子,3,3,33.33,33.33,33.33,100.0,0.213,0.11,0.3,33.33,54.51,45.49,0,0.0,少数参考,参考
5198,奥村明日香,5,3,0.0,0.0,33.33,33.33,0.233,0.19,0.29,0.0,34.22,-0.89,1,33.33,少数参考,参考
4720,西澤日花里,6,3,0.0,0.0,66.67,66.67,0.177,0.08,0.34,66.67,21.0,45.67,0,0.0,少数参考,参考
4677,片橋幸貴,3,4,50.0,25.0,0.0,75.0,0.113,0.09,0.13,25.0,54.51,20.49,1,25.0,少数参考,参考
4884,勝浦真帆,6,3,0.0,0.0,100.0,100.0,0.17,0.12,0.24,33.33,21.0,79.0,0,0.0,少数参考,参考
5106,山崎祥,1,5,80.0,20.0,0.0,100.0,0.2,0.15,0.26,0.0,86.47,13.53,0,0.0,得意,C
3578,塩田雄一,2,4,0.0,0.0,50.0,50.0,0.133,0.02,0.26,50.0,57.97,-7.97,0,0.0,少数参考,参考
5198,奥村明日香,6,3,0.0,33.33,33.33,66.67,0.21,0.16,0.28,0.0,21.0,45.67,0,0.0,少数参考,参考
5032,谷口知優,4,4,0.0,75.0,0.0,75.0,0.14,0.11,0.22,25.0,45.78,29.22,0,0.0,少数参考,参考
4385,鈴木祐美子,5,3,0.0,0.0,33.33,33.33,0.21,0.06,0.33,0.0,34.22,-0.89,2,66.67,少数参考,参考
4735,角山雄哉,3,3,0.0,100.0,0.0,100.0,0.113,0.06,0.16,0.0,54.51,45.49,0,0.0,少数参考,参考
5032,谷口知優,6,4,0.0,0.0,50.0,50.0,0.15,0.09,0.2,25.0,21.0,29.0,0,0.0,少数参考,参考
4624,高田明,6,3,0.0,0.0,66.67,66.67,0.18,0.16,0.21,33.33,21.0,45.67,0,0.0,少数参考,参考
4355,小川広大,3,6,0.0,16.67,33.33,50.0,0.188,0.13,0.26,16.67,54.51,-4.51,0,0.0,標準,C
5037,田頭虎親,4,3,33.33,0.0,33.33,66.67,0.187,0.14,0.22,33.33,45.78,20.89,0,0.0,少数参考,参考
3832,下田哲也,1,4,75.0,0.0,0.0,75.0,0.177,0.12,0.22,50.0,86.47,-11.47,0,0.0,少数参考,参考
4515,藤田浩人,3,8,37.5,25.0,12.5,75.0,0.182,0.12,0.24,25.0,54.51,20.49,1,12.5,得意,C
4839,四宮与寛,2,4,50.0,25.0,25.0,100.0,0.138,0.06,0.19,25.0,57.97,42.03,0,0.0,少数参考,参考
3908,重成一人,6,3,0.0,33.33,33.33,66.67,0.17,0.11,0.22,0.0,21.0,45.67,0,0.0,少数参考,参考
4822,百武翔,1,14,64.29,28.57,7.14,100.0,0.125,0.02,0.22,28.57,86.47,13.53,0,0.0,得意,B
3814,金子貴志,1,4,75.0,25.0,0.0,100.0,0.128,0.06,0.18,50.0,86.47,13.53,0,0.0,少数参考,参考
4583,古田祐貴,4,7,0.0,42.86,28.57,71.43,0.149,0.07,0.22,57.14,45.78,25.65,1,14.29,得意,C
3304,烏野賢太,2,11,18.18,27.27,27.27,72.73,0.155,0.07,0.26,18.18,57.97,14.76,0,0.0,得意,B
4331,三好勇人,2,6,0.0,50.0,0.0,50.0,0.117,0.09,0.16,33.33,57.97,-7.97,0,0.0,標準,C
4515,藤田浩人,4,9,0.0,44.44,44.44,88.89,0.144,0.04,0.2,11.11,45.78,43.11,1,11.11,得意,C
4839,四宮与寛,5,5,20.0,20.0,40.0,80.0,0.118,0.08,0.16,40.0,34.22,45.78,2,40.0,得意,C
4452,松尾祭,4,3,0.0,33.33,66.67,100.0,0.203,0.17,0.26,33.33,45.78,54.22,0,0.0,少数参考,参考
4919,吉田翔悟,2,11,9.09,45.45,18.18,72.73,0.136,0.01,0.2,27.27,57.97,14.76,0,0.0,得意,B
4053,芦澤望,4,5,20.0,20.0,40.0,80.0,0.12,0.06,0.21,20.0,45.78,34.22,0,0.0,得意,C
4067,永井源,1,4,75.0,25.0,0.0,100.0,0.148,0.07,0.27,50.0,86.47,13.53,0,0.0,少数参考,参考
4583,古田祐貴,2,5,0.0,0.0,40.0,40.0,0.138,0.09,0.21,0.0,57.97,-17.97,0,0.0,苦手,C
4388,是澤孝宏,3,3,33.33,66.67,0.0,100.0,0.11,0.06,0.18,0.0,54.51,45.49,0,0.0,少数参考,参考
4931,木谷賢太,4,6,0.0,33.33,50.0,83.33,0.16,0.09,0.24,16.67,45.78,37.55,0,0.0,得意,C
4695,尾崎雄二,1,19,68.42,15.79,15.79,100.0,0.145,0.06,0.32,21.05,86.47,13.53,0,0.0,得意,B
4969,町田洸希,3,10,0.0,30.0,30.0,60.0,0.146,0.01,0.25,20.0,54.51,5.49,0,0.0,やや得意,B
4931,木谷賢太,3,4,50.0,25.0,0.0,75.0,0.125,0.04,0.23,0.0,54.51,20.49,0,0.0,少数参考,参考
4515,藤田浩人,2,7,14.29,57.14,28.57,100.0,0.167,0.07,0.23,14.29,57.97,42.03,0,0.0,得意,C
4822,百武翔,3,11,9.09,54.55,9.09,72.73,0.126,0.01,0.28,27.27,54.51,18.22,0,0.0,得意,B
4331,三好勇人,1,5,100.0,0.0,0.0,100.0,0.086,0.06,0.12,100.0,86.47,13.53,0,0.0,得意,C
4251,川崎誠志,6,5,0.0,20.0,40.0,60.0,0.186,0.08,0.36,0.0,21.0,39.0,1,20.0,得意,C
4236,松村敏,2,10,50.0,40.0,0.0,90.0,0.084,0.02,0.16,40.0,57.97,32.03,0,0.0,得意,B
4839,四宮与寛,4,4,0.0,50.0,50.0,100.0,0.18,0.17,0.19,25.0,45.78,54.22,0,0.0,少数参考,参考
3637,齋藤和政,6,3,0.0,0.0,33.33,33.33,0.177,0.13,0.21,33.33,21.0,12.33,0,0.0,少数参考,参考
5037,田頭虎親,2,4,50.0,0.0,25.0,75.0,0.188,0.13,0.25,25.0,57.97,17.03,0,0.0,少数参考,参考
3637,齋藤和政,2,3,33.33,0.0,66.67,100.0,0.167,0.15,0.19,0.0,57.97,42.03,0,0.0,少数参考,参考
4583,古田祐貴,3,8,0.0,37.5,25.0,62.5,0.113,0.04,0.17,62.5,54.51,7.99,1,12.5,やや得意,C
3304,烏野賢太,5,7,28.57,14.29,14.29,57.14,0.167,0.13,0.21,28.57,34.22,22.92,0,0.0,得意,C
4487,三原司,1,6,50.0,16.67,16.67,83.33,0.122,0.05,0.18,50.0,86.47,-3.14,0,0.0,得意,C
4930,佐藤悠,5,3,33.33,0.0,0.0,33.33,0.117,0.11,0.13,100.0,34.22,-0.89,0,0.0,少数参考,参考
4053,芦澤望,6,3,0.0,0.0,33.33,33.33,0.173,0.15,0.19,0.0,21.0,12.33,0,0.0,少数参考,参考
4079,出畑孝典,2,8,12.5,37.5,37.5,87.5,0.14,0.11,0.18,12.5,57.97,29.53,0,0.0,得意,C
4695,尾崎雄二,3,14,7.14,35.71,42.86,85.71,0.148,0.05,0.25,28.57,54.51,31.2,2,14.29,得意,B
4293,鈴木智啓,1,8,37.5,50.0,0.0,87.5,0.152,0.05,0.24,25.0,86.47,1.03,0,0.0,得意,C
4822,百武翔,2,10,0.0,20.0,40.0,60.0,0.166,0.13,0.23,0.0,57.97,2.03,0,0.0,標準,B
4931,木谷賢太,1,6,83.33,16.67,0.0,100.0,0.153,0.09,0.21,16.67,86.47,13.53,0,0.0,得意,C
4348,宮崎奨,2,4,25.0,50.0,0.0,75.0,0.168,0.13,0.19,0.0,57.97,17.03,0,0.0,少数参考,参考
4839,四宮与寛,1,9,77.78,22.22,0.0,100.0,0.132,0.03,0.27,66.67,86.47,13.53,0,0.0,得意,C
4515,藤田浩人,6,6,16.67,0.0,0.0,16.67,0.232,0.14,0.32,0.0,21.0,-4.33,1,16.67,標準,C
3832,下田哲也,2,5,20.0,0.0,60.0,80.0,0.14,0.11,0.19,20.0,57.97,22.03,0,0.0,得意,C
4415,下出卓矢,1,4,100.0,0.0,0.0,100.0,0.108,0.07,0.14,75.0,86.47,13.53,0,0.0,少数参考,参考
3814,金子貴志,2,3,0.0,0.0,33.33,33.33,0.09,0.03,0.14,0.0,57.97,-24.64,0,0.0,少数参考,参考
4919,吉田翔悟,4,13,0.0,30.77,46.15,76.92,0.119,0.02,0.28,30.77,45.78,31.14,0,0.0,得意,B
4583,古田祐貴,6,5,0.0,0.0,60.0,60.0,0.118,0.08,0.19,0.0,21.0,39.0,0,0.0,得意,C
3908,重成一人,1,6,83.33,0.0,16.67,100.0,0.132,0.06,0.21,16.67,86.47,13.53,0,0.0,得意,C
4822,百武翔,4,12,8.33,16.67,41.67,66.67,0.16,0.08,0.27,0.0,45.78,20.89,0,0.0,得意,B
4293,鈴木智啓,4,7,0.0,14.29,28.57,42.86,0.161,0.04,0.26,14.29,45.78,-2.92,2,28.57,標準,C
4583,古田祐貴,5,5,0.0,0.0,20.0,20.0,0.154,0.11,0.21,0.0,34.22,-14.22,0,0.0,苦手,C
3714,梶原正,1,6,66.67,33.33,0.0,100.0,0.155,0.09,0.21,66.67,86.47,13.53,0,0.0,得意,C
4515,藤田浩人,1,12,75.0,16.67,0.0,91.67,0.142,0.08,0.24,41.67,86.47,5.2,0,0.0,得意,B
4331,三好勇人,6,4,0.0,50.0,25.0,75.0,0.152,0.08,0.21,25.0,21.0,54.0,0,0.0,少数参考,参考
4182,吉田和仁,3,4,0.0,50.0,25.0,75.0,0.09,0.03,0.15,75.0,54.51,20.49,0,0.0,少数参考,参考
5177,松井貫太,2,4,0.0,25.0,75.0,100.0,0.168,0.1,0.27,0.0,57.97,42.03,1,25.0,少数参考,参考
4583,古田祐貴,1,8,37.5,62.5,0.0,100.0,0.111,0.03,0.2,50.0,86.47,13.53,0,0.0,得意,C
4919,吉田翔悟,3,11,9.09,9.09,18.18,36.36,0.173,0.11,0.24,0.0,54.51,-18.15,0,0.0,苦手,B
4515,藤田浩人,5,5,0.0,0.0,80.0,80.0,0.172,0.08,0.24,20.0,34.22,45.78,1,20.0,得意,C
4931,木谷賢太,2,5,20.0,60.0,0.0,80.0,0.152,0.11,0.2,0.0,57.97,22.03,0,0.0,得意,C
3814,金子貴志,4,4,0.0,0.0,25.0,25.0,0.22,0.17,0.28,25.0,45.78,-20.78,1,25.0,少数参考,参考
4839,四宮与寛,3,8,12.5,50.0,12.5,75.0,0.116,0.03,0.18,62.5,54.51,20.49,1,12.5,得意,C
3832,下田哲也,5,7,14.29,28.57,42.86,85.71,0.17,0.09,0.34,14.29,34.22,51.49,3,42.86,得意,C
4331,三好勇人,5,3,0.0,0.0,66.67,66.67,0.147,0.08,0.19,33.33,34.22,32.45,0,0.0,少数参考,参考
4969,町田洸希,1,16,25.0,56.25,12.5,93.75,0.165,0.01,0.34,37.5,86.47,7.28,0,0.0,得意,B
5037,田頭虎親,3,3,0.0,66.67,0.0,66.67,0.157,0.13,0.18,0.0,54.51,12.16,0,0.0,少数参考,参考
4079,出畑孝典,6,5,0.0,20.0,40.0,60.0,0.146,0.09,0.21,40.0,21.0,39.0,0,0.0,得意,C
4067,永井源,5,5,0.0,20.0,60.0,80.0,0.172,0.11,0.21,0.0,34.22,45.78,2,40.0,得意,C
4293,鈴木智啓,2,5,20.0,40.0,0.0,60.0,0.152,0.08,0.2,20.0,57.97,2.03,0,0.0,標準,C
4331,三好勇人,3,4,50.0,25.0,0.0,75.0,0.13,0.08,0.17,0.0,54.51,20.49,1,25.0,少数参考,参考
4355,小川広大,4,6,0.0,16.67,33.33,50.0,0.137,0.07,0.21,16.67,45.78,4.22,1,16.67,やや得意,C
4969,町田洸希,4,7,0.0,28.57,42.86,71.43,0.139,0.01,0.38,42.86,45.78,25.65,1,14.29,得意,C
5011,高木圭大,3,11,0.0,0.0,54.55,54.55,0.148,0.09,0.23,27.27,54.51,0.04,0,0.0,標準,B
4897,深見亜由美,2,3,0.0,33.33,66.67,100.0,0.087,0.01,0.16,66.67,57.97,42.03,0,0.0,少数参考,参考
4948,木場悠介,3,26,15.38,50.0,23.08,88.46,0.146,0.05,0.33,15.38,54.51,33.95,3,11.54,得意,A
3435,寺田千恵,2,5,20.0,60.0,0.0,80.0,0.124,0.06,0.21,20.0,57.97,22.03,0,0.0,得意,C
5102,原田雄次,3,3,33.33,66.67,0.0,100.0,0.227,0.08,0.36,0.0,54.51,45.49,0,0.0,少数参考,参考
4924,中北涼,5,15,0.0,20.0,20.0,40.0,0.137,0.01,0.23,46.67,34.22,5.78,0,0.0,やや得意,B
3559,水長照雄,1,4,25.0,50.0,0.0,75.0,0.133,0.1,0.17,25.0,86.47,-11.47,0,0.0,少数参考,参考
4991,宗行治哉,2,6,33.33,50.0,16.67,100.0,0.135,0.05,0.23,16.67,57.97,42.03,1,16.67,得意,C
5208,屋良龍紀,6,5,0.0,20.0,40.0,60.0,0.116,0.06,0.24,60.0,21.0,39.0,0,0.0,得意,C
5102,原田雄次,5,5,20.0,0.0,60.0,80.0,0.182,0.13,0.29,0.0,34.22,45.78,0,0.0,得意,C
4948,木場悠介,1,31,77.42,16.13,0.0,93.55,0.13,0.03,0.23,54.84,86.47,7.08,0,0.0,得意,A
5160,藤森陸斗,5,5,0.0,40.0,40.0,80.0,0.102,0.06,0.16,40.0,34.22,45.78,2,40.0,得意,C
4375,照屋厚仁,2,6,0.0,50.0,50.0,100.0,0.143,0.08,0.18,33.33,57.97,42.03,0,0.0,得意,C
5092,篠原晟弥,5,4,0.0,50.0,25.0,75.0,0.133,0.06,0.23,50.0,34.22,40.78,0,0.0,少数参考,参考
4123,細川裕子,1,8,87.5,12.5,0.0,100.0,0.159,0.06,0.23,25.0,86.47,13.53,0,0.0,得意,C
4893,渡邉真奈美,4,3,0.0,33.33,33.33,66.67,0.183,0.08,0.34,33.33,45.78,20.89,0,0.0,少数参考,参考
3315,広瀬聖仁,1,4,50.0,50.0,0.0,100.0,0.147,0.09,0.23,25.0,86.47,13.53,0,0.0,少数参考,参考
4924,中北涼,2,17,0.0,23.53,29.41,52.94,0.149,0.02,0.25,35.29,57.97,-5.03,0,0.0,標準,B
4301,関裕也,3,11,36.36,45.45,0.0,81.82,0.151,0.07,0.29,18.18,54.51,27.31,1,9.09,得意,B
5011,高木圭大,5,5,0.0,20.0,40.0,60.0,0.142,0.09,0.21,20.0,34.22,25.78,2,40.0,得意,C
4948,木場悠介,4,17,17.65,23.53,23.53,64.71,0.153,0.06,0.26,23.53,45.78,18.93,1,5.88,得意,B
4752,西尾亮輔,5,4,0.0,25.0,25.0,50.0,0.155,0.08,0.26,25.0,34.22,15.78,1,25.0,少数参考,参考
4861,田中宏樹,2,3,33.33,66.67,0.0,100.0,0.15,0.12,0.19,66.67,57.97,42.03,0,0.0,少数参考,参考
3828,明石正之,3,6,33.33,16.67,33.33,83.33,0.152,0.09,0.21,0.0,54.51,28.82,0,0.0,得意,C
4533,峰重侑治,4,5,20.0,20.0,20.0,60.0,0.144,0.07,0.21,40.0,45.78,14.22,1,20.0,得意,C
5160,藤森陸斗,3,6,16.67,33.33,33.33,83.33,0.14,0.08,0.26,33.33,54.51,28.82,0,0.0,得意,C
4375,照屋厚仁,3,7,14.29,28.57,42.86,85.71,0.134,0.06,0.19,14.29,54.51,31.2,0,0.0,得意,C
4123,細川裕子,6,5,0.0,0.0,40.0,40.0,0.196,0.09,0.33,40.0,21.0,19.0,0,0.0,得意,C
4752,西尾亮輔,2,3,0.0,33.33,66.67,100.0,0.133,0.11,0.17,0.0,57.97,42.03,0,0.0,少数参考,参考
5219,森口和紀,5,5,0.0,40.0,0.0,40.0,0.172,0.11,0.26,20.0,34.22,5.78,2,40.0,やや得意,C
3828,明石正之,1,4,75.0,0.0,25.0,100.0,0.115,0.03,0.16,75.0,86.47,13.53,0,0.0,少数参考,参考
4957,竹之内極,5,6,16.67,0.0,33.33,50.0,0.137,0.07,0.21,50.0,34.22,15.78,0,0.0,得意,C
3435,寺田千恵,1,8,62.5,25.0,0.0,87.5,0.186,0.11,0.25,12.5,86.47,1.03,0,0.0,標準,C
5160,藤森陸斗,2,8,25.0,25.0,25.0,75.0,0.104,0.02,0.14,25.0,57.97,17.03,0,0.0,得意,C
4991,宗行治哉,5,7,0.0,14.29,71.43,85.71,0.15,0.1,0.19,14.29,34.22,51.49,4,57.14,得意,C
4533,峰重侑治,1,6,83.33,0.0,0.0,83.33,0.162,0.11,0.28,50.0,86.47,-3.14,0,0.0,得意,C
3315,広瀬聖仁,3,4,25.0,0.0,0.0,25.0,0.15,0.13,0.17,0.0,54.51,-29.51,0,0.0,少数参考,参考
4356,長岡良也,5,5,0.0,20.0,40.0,60.0,0.172,0.14,0.22,20.0,34.22,25.78,2,40.0,得意,C
4743,木村仁紀,1,4,50.0,50.0,0.0,100.0,0.098,0.01,0.14,25.0,86.47,13.53,0,0.0,少数参考,参考
4861,田中宏樹,3,5,20.0,20.0,40.0,80.0,0.184,0.13,0.29,40.0,54.51,25.49,0,0.0,得意,C
4189,川上剛,2,8,37.5,37.5,0.0,75.0,0.138,0.07,0.22,37.5,57.97,17.03,3,37.5,得意,C
3682,切田潤二,4,4,0.0,0.0,50.0,50.0,0.168,0.12,0.23,0.0,45.78,4.22,0,0.0,少数参考,参考
4948,木場悠介,6,17,0.0,17.65,35.29,52.94,0.161,0.07,0.3,35.29,21.0,31.94,1,5.88,得意,B
4924,中北涼,1,17,17.65,35.29,35.29,88.24,0.146,0.06,0.24,29.41,86.47,1.77,0,0.0,標準,B
4123,細川裕子,2,4,0.0,25.0,50.0,75.0,0.217,0.14,0.29,0.0,57.97,17.03,0,0.0,少数参考,参考
3435,寺田千恵,3,3,33.33,33.33,33.33,100.0,0.2,0.12,0.34,0.0,54.51,45.49,0,0.0,少数参考,参考
5011,高木圭大,1,14,64.29,7.14,21.43,92.86,0.094,0.02,0.21,57.14,86.47,6.39,0,0.0,得意,B
5153,佐藤ほのか,5,4,25.0,0.0,50.0,75.0,0.11,0.06,0.21,0.0,34.22,40.78,1,25.0,少数参考,参考
4893,渡邉真奈美,1,3,0.0,0.0,100.0,100.0,0.14,0.11,0.18,0.0,86.47,13.53,0,0.0,少数参考,参考
4651,佐藤大騎,1,3,33.33,66.67,0.0,100.0,0.187,0.09,0.29,33.33,86.47,13.53,0,0.0,少数参考,参考
4957,竹之内極,3,7,42.86,14.29,28.57,85.71,0.179,0.09,0.27,28.57,54.51,31.2,0,0.0,得意,C
4743,木村仁紀,4,3,0.0,0.0,0.0,0.0,0.103,0.06,0.16,0.0,45.78,-45.78,0,0.0,少数参考,参考
4752,西尾亮輔,1,5,40.0,0.0,20.0,60.0,0.156,0.03,0.22,40.0,86.47,-26.47,0,0.0,苦手,C
4301,関裕也,1,10,70.0,20.0,10.0,100.0,0.155,0.07,0.27,50.0,86.47,13.53,0,0.0,得意,B
4357,田中和也,3,5,40.0,40.0,20.0,100.0,0.18,0.11,0.26,0.0,54.51,45.49,2,40.0,得意,C
4948,木場悠介,2,27,11.11,51.85,29.63,92.59,0.142,0.07,0.21,22.22,57.97,34.62,0,0.0,得意,A
3315,広瀬聖仁,4,5,0.0,0.0,40.0,40.0,0.126,0.03,0.29,60.0,45.78,-5.78,1,20.0,標準,C
4533,峰重侑治,2,4,0.0,75.0,0.0,75.0,0.15,0.09,0.21,50.0,57.97,17.03,0,0.0,少数参考,参考
4893,渡邉真奈美,3,3,0.0,33.33,33.33,66.67,0.183,0.16,0.21,33.33,54.51,12.16,0,0.0,少数参考,参考
5011,高木圭大,4,6,0.0,66.67,0.0,66.67,0.157,0.06,0.36,16.67,45.78,20.89,0,0.0,得意,C
4991,宗行治哉,1,9,66.67,33.33,0.0,100.0,0.17,0.08,0.28,44.44,86.47,13.53,0,0.0,得意,C
4301,関裕也,2,7,28.57,28.57,14.29,71.43,0.144,0.06,0.27,14.29,57.97,13.46,1,14.29,得意,C
4533,峰重侑治,5,5,0.0,40.0,40.0,80.0,0.164,0.1,0.21,40.0,34.22,45.78,1,20.0,得意,C
4957,竹之内極,4,6,16.67,33.33,33.33,83.33,0.137,0.08,0.21,33.33,45.78,37.55,0,0.0,得意,C
5102,原田雄次,1,3,100.0,0.0,0.0,100.0,0.193,0.08,0.32,0.0,86.47,13.53,0,0.0,少数参考,参考
4301,関裕也,4,9,11.11,11.11,55.56,77.78,0.152,0.06,0.27,11.11,45.78,32.0,2,22.22,得意,C
3682,切田潤二,2,3,0.0,0.0,33.33,33.33,0.21,0.11,0.31,0.0,57.97,-24.64,0,0.0,少数参考,参考
5158,宮脇遼太,1,4,75.0,25.0,0.0,100.0,0.115,0.03,0.22,50.0,86.47,13.53,0,0.0,少数参考,参考
4991,宗行治哉,3,12,25.0,33.33,33.33,91.67,0.176,0.09,0.46,25.0,54.51,37.16,1,8.33,得意,B
4957,竹之内極,1,6,66.67,33.33,0.0,100.0,0.14,0.08,0.2,50.0,86.47,13.53,0,0.0,得意,C
4375,照屋厚仁,1,7,71.43,14.29,0.0,85.71,0.144,0.08,0.23,14.29,86.47,-0.76,0,0.0,得意,C
4897,深見亜由美,3,3,0.0,66.67,0.0,66.67,0.133,0.08,0.21,66.67,54.51,12.16,0,0.0,少数参考,参考
4752,西尾亮輔,4,10,0.0,10.0,60.0,70.0,0.123,0.06,0.21,20.0,45.78,24.22,3,30.0,得意,B
4855,江頭賢太,2,5,0.0,40.0,40.0,80.0,0.202,0.16,0.23,20.0,57.97,22.03,0,0.0,得意,C
4552,杉山勝匡,2,13,23.08,15.38,30.77,69.23,0.162,0.06,0.26,30.77,57.97,11.26,0,0.0,得意,B
4682,大上卓人,4,4,25.0,50.0,0.0,75.0,0.125,0.05,0.18,25.0,45.78,29.22,0,0.0,少数参考,参考
4005,瀬川公則,1,4,0.0,50.0,25.0,75.0,0.065,0.03,0.14,75.0,86.47,-11.47,0,0.0,少数参考,参考
5104,山田丈,5,6,0.0,33.33,50.0,83.33,0.168,0.06,0.23,16.67,34.22,49.11,2,33.33,得意,C
5092,篠原晟弥,4,4,25.0,50.0,0.0,75.0,0.138,0.07,0.19,50.0,45.78,29.22,0,0.0,少数参考,参考
4124,池田雄一,1,6,50.0,16.67,0.0,66.67,0.157,0.12,0.19,33.33,86.47,-19.8,0,0.0,得意,C
4896,花本剛,2,6,16.67,0.0,33.33,50.0,0.145,0.06,0.23,50.0,57.97,-7.97,0,0.0,標準,C
4552,杉山勝匡,5,8,12.5,25.0,37.5,75.0,0.184,0.07,0.25,12.5,34.22,40.78,1,12.5,得意,C
4005,瀬川公則,3,4,25.0,25.0,25.0,75.0,0.098,0.02,0.13,25.0,54.51,20.49,0,0.0,少数参考,参考
4734,安河内将,6,9,11.11,11.11,22.22,44.44,0.197,0.16,0.26,11.11,21.0,23.44,1,11.11,得意,C
3562,山下和彦,1,12,16.67,50.0,16.67,83.33,0.189,0.12,0.27,16.67,86.47,-3.14,0,0.0,標準,B
4902,山川雄大,3,4,0.0,50.0,0.0,50.0,0.163,0.13,0.21,0.0,54.51,-4.51,0,0.0,少数参考,参考
4007,榮田将彦,1,4,100.0,0.0,0.0,100.0,0.17,0.11,0.26,50.0,86.47,13.53,0,0.0,少数参考,参考
4417,服部剛,4,3,0.0,33.33,33.33,66.67,0.153,0.14,0.17,66.67,45.78,20.89,1,33.33,少数参考,参考
4076,杉田篤光,1,6,83.33,16.67,0.0,100.0,0.192,0.14,0.26,33.33,86.47,13.53,0,0.0,得意,C
4365,盛本真輔,2,6,33.33,0.0,33.33,66.67,0.212,0.11,0.35,0.0,57.97,8.7,0,0.0,得意,C
4601,森野正弘,5,11,9.09,18.18,45.45,72.73,0.111,0.05,0.22,45.45,34.22,38.51,2,18.18,得意,B
5208,屋良龍紀,2,10,0.0,30.0,20.0,50.0,0.146,0.08,0.23,20.0,57.97,-7.97,0,0.0,標準,B
4945,上村宏太,6,3,0.0,0.0,66.67,66.67,0.1,0.06,0.14,66.67,21.0,45.67,0,0.0,少数参考,参考
3300,川崎智幸,5,5,0.0,0.0,60.0,60.0,0.166,0.12,0.21,0.0,34.22,25.78,0,0.0,得意,C
4440,萩原知哉,1,4,50.0,25.0,0.0,75.0,0.215,0.11,0.33,25.0,86.47,-11.47,0,0.0,少数参考,参考
4076,杉田篤光,3,3,33.33,33.33,0.0,66.67,0.21,0.19,0.24,0.0,54.51,12.16,0,0.0,少数参考,参考
4969,町田洸希,6,8,0.0,12.5,37.5,50.0,0.163,0.08,0.26,12.5,21.0,29.0,0,0.0,得意,C
4900,中田夕貴,2,5,0.0,60.0,20.0,80.0,0.184,0.12,0.27,20.0,57.97,22.03,0,0.0,得意,C
4974,安井瑞紀,3,3,0.0,0.0,33.33,33.33,0.197,0.12,0.25,33.33,54.51,-21.18,0,0.0,少数参考,参考
4765,野田部宏子,3,8,25.0,50.0,12.5,87.5,0.166,0.07,0.39,62.5,54.51,32.99,1,12.5,得意,C
4987,島倉都,5,4,0.0,25.0,25.0,50.0,0.198,0.17,0.23,25.0,34.22,15.78,0,0.0,少数参考,参考
4501,樋口由加里,3,10,10.0,40.0,30.0,80.0,0.145,0.05,0.23,20.0,54.51,25.49,0,0.0,得意,B
5146,野田彩加,4,5,20.0,0.0,80.0,100.0,0.182,0.17,0.21,0.0,45.78,54.22,0,0.0,得意,C
4744,伊藤玲奈,1,3,66.67,0.0,33.33,100.0,0.17,0.1,0.24,66.67,86.47,13.53,0,0.0,少数参考,参考
5218,山田理央,3,7,57.14,14.29,14.29,85.71,0.147,0.01,0.23,28.57,54.51,31.2,0,0.0,得意,C
4443,津田裕絵,4,3,0.0,66.67,33.33,100.0,0.23,0.21,0.25,0.0,45.78,54.22,0,0.0,少数参考,参考
4050,田口節子,6,5,0.0,0.0,20.0,20.0,0.248,0.17,0.45,20.0,21.0,-1.0,0,0.0,標準,C
5165,小林愛実,2,6,16.67,33.33,33.33,83.33,0.188,0.08,0.26,0.0,57.97,25.36,0,0.0,得意,C
5088,高憧四季,4,4,25.0,25.0,50.0,100.0,0.152,0.07,0.24,25.0,45.78,54.22,0,0.0,少数参考,参考
5162,松尾怜実,5,4,0.0,0.0,25.0,25.0,0.193,0.08,0.28,25.0,34.22,-9.22,0,0.0,少数参考,参考
4987,島倉都,2,4,0.0,50.0,0.0,50.0,0.2,0.14,0.27,25.0,57.97,-7.97,0,0.0,少数参考,参考
5148,松本怜,4,3,0.0,0.0,100.0,100.0,0.187,0.15,0.24,33.33,45.78,54.22,0,0.0,少数参考,参考
4878,西岡育未,3,4,25.0,25.0,50.0,100.0,0.138,0.01,0.27,75.0,54.51,45.49,0,0.0,少数参考,参考
4941,孫崎百世,5,4,0.0,50.0,25.0,75.0,0.2,0.12,0.33,0.0,34.22,40.78,0,0.0,少数参考,参考
4447,深川麻奈美,1,3,33.33,66.67,0.0,100.0,0.123,0.04,0.17,66.67,86.47,13.53,0,0.0,少数参考,参考
4927,関野文,3,8,0.0,62.5,12.5,75.0,0.164,0.05,0.33,37.5,54.51,20.49,0,0.0,得意,C
5129,山口真喜子,4,19,31.58,21.05,31.58,84.21,0.139,0.06,0.26,21.05,45.78,38.43,2,10.53,得意,B
5173,谷口佳蓮,5,6,33.33,16.67,33.33,83.33,0.145,0.1,0.17,83.33,34.22,49.11,1,16.67,得意,C
5088,高憧四季,1,4,75.0,25.0,0.0,100.0,0.11,0.06,0.15,25.0,86.47,13.53,0,0.0,少数参考,参考
4443,津田裕絵,3,5,20.0,0.0,40.0,60.0,0.178,0.11,0.24,0.0,54.51,5.49,0,0.0,やや得意,C
4501,樋口由加里,4,3,0.0,0.0,33.33,33.33,0.127,0.06,0.16,66.67,45.78,-12.45,0,0.0,少数参考,参考
4050,田口節子,2,4,50.0,25.0,0.0,75.0,0.148,0.13,0.16,25.0,57.97,17.03,0,0.0,少数参考,参考
5195,北村寧々,2,23,8.7,34.78,26.09,69.57,0.133,0.02,0.23,30.43,57.97,11.6,0,0.0,得意,A
5231,寺田空詩,3,4,0.0,50.0,0.0,50.0,0.177,0.11,0.25,0.0,54.51,-4.51,0,0.0,少数参考,参考
4974,安井瑞紀,2,3,33.33,0.0,33.33,66.67,0.2,0.18,0.24,0.0,57.97,8.7,0,0.0,少数参考,参考
5162,松尾怜実,3,5,20.0,40.0,20.0,80.0,0.126,0.08,0.16,40.0,54.51,25.49,0,0.0,得意,C
5250,嶋田有里,6,7,14.29,0.0,14.29,28.57,0.221,0.12,0.41,0.0,21.0,7.57,4,57.14,やや得意,C
5146,野田彩加,1,4,50.0,25.0,25.0,100.0,0.158,0.04,0.28,75.0,86.47,13.53,0,0.0,少数参考,参考
5148,松本怜,1,5,60.0,20.0,0.0,80.0,0.158,0.06,0.27,20.0,86.47,-6.47,0,0.0,得意,C
4501,樋口由加里,6,3,0.0,0.0,0.0,0.0,0.17,0.12,0.21,33.33,21.0,-21.0,0,0.0,少数参考,参考
4447,深川麻奈美,3,4,25.0,50.0,0.0,75.0,0.1,0.04,0.16,0.0,54.51,20.49,0,0.0,少数参考,参考
5231,寺田空詩,4,6,16.67,16.67,0.0,33.33,0.235,0.14,0.36,33.33,45.78,-12.45,1,16.67,苦手,C
4765,野田部宏子,1,5,40.0,20.0,20.0,80.0,0.122,0.1,0.15,0.0,86.47,-6.47,0,0.0,得意,C
4050,田口節子,5,5,20.0,20.0,60.0,100.0,0.148,0.08,0.21,20.0,34.22,65.78,1,20.0,得意,C
4987,島倉都,1,3,0.0,66.67,0.0,66.67,0.1,0.07,0.12,0.0,86.47,-19.8,0,0.0,少数参考,参考
4927,関野文,4,7,14.29,14.29,14.29,42.86,0.167,0.07,0.28,42.86,45.78,-2.92,1,14.29,標準,C
4443,津田裕絵,1,7,100.0,0.0,0.0,100.0,0.157,0.08,0.23,71.43,86.47,13.53,0,0.0,得意,C
4730,土屋実沙希,3,3,0.0,33.33,0.0,33.33,0.19,0.15,0.24,33.33,54.51,-21.18,0,0.0,少数参考,参考
4450,平高奈菜,6,6,0.0,16.67,50.0,66.67,0.182,0.11,0.25,0.0,21.0,45.67,0,0.0,得意,C
4941,孫崎百世,2,4,0.0,50.0,25.0,75.0,0.203,0.12,0.28,0.0,57.97,17.03,0,0.0,少数参考,参考
5129,山口真喜子,6,25,0.0,24.0,32.0,56.0,0.158,0.03,0.29,24.0,21.0,35.0,2,8.0,得意,A
4720,西澤日花里,2,11,0.0,36.36,45.45,81.82,0.154,0.01,0.24,9.09,57.97,23.85,0,0.0,得意,B
4900,中田夕貴,3,3,33.33,33.33,33.33,100.0,0.23,0.18,0.26,0.0,54.51,45.49,0,0.0,少数参考,参考
5069,山崎小葉音,4,3,66.67,0.0,0.0,66.67,0.063,0.01,0.1,66.67,45.78,20.89,0,0.0,少数参考,参考
5088,高憧四季,6,3,0.0,0.0,33.33,33.33,0.127,0.1,0.15,33.33,21.0,12.33,0,0.0,少数参考,参考
4050,田口節子,1,10,100.0,0.0,0.0,100.0,0.138,0.06,0.21,20.0,86.47,13.53,0,0.0,得意,B
5195,北村寧々,5,14,14.29,7.14,42.86,64.29,0.118,0.04,0.22,28.57,34.22,30.07,4,28.57,得意,B
4994,山本梨菜,2,9,22.22,11.11,44.44,77.78,0.137,0.07,0.21,22.22,57.97,19.81,0,0.0,得意,C
4447,深川麻奈美,5,5,0.0,40.0,20.0,60.0,0.188,0.14,0.22,0.0,34.22,25.78,0,0.0,得意,C
4744,伊藤玲奈,2,8,25.0,12.5,37.5,75.0,0.193,0.09,0.43,0.0,57.97,17.03,0,0.0,得意,C
4275,菅野はやか,5,3,0.0,0.0,33.33,33.33,0.22,0.12,0.3,33.33,34.22,-0.89,1,33.33,少数参考,参考
5165,小林愛実,1,3,33.33,33.33,0.0,66.67,0.11,0.06,0.18,66.67,86.47,-19.8,0,0.0,少数参考,参考
5151,山下奈緒,2,4,0.0,25.0,25.0,50.0,0.23,0.19,0.28,0.0,57.97,-7.97,0,0.0,少数参考,参考
4501,樋口由加里,1,10,80.0,20.0,0.0,100.0,0.161,0.07,0.26,60.0,86.47,13.53,0,0.0,得意,B
5129,山口真喜子,2,20,35.0,25.0,30.0,90.0,0.191,0.11,0.34,25.0,57.97,32.03,1,5.0,得意,A
5173,谷口佳蓮,3,3,33.33,66.67,0.0,100.0,0.163,0.14,0.19,33.33,54.51,45.49,0,0.0,少数参考,参考
4447,深川麻奈美,4,3,0.0,33.33,66.67,100.0,0.133,0.06,0.2,0.0,45.78,54.22,0,0.0,少数参考,参考
4443,津田裕絵,2,7,14.29,28.57,42.86,85.71,0.19,0.09,0.28,0.0,57.97,27.74,0,0.0,得意,C
4994,山本梨菜,1,6,50.0,33.33,16.67,100.0,0.138,0.02,0.34,50.0,86.47,13.53,0,0.0,得意,C
4765,野田部宏子,2,7,14.29,28.57,28.57,71.43,0.126,0.02,0.23,42.86,57.97,13.46,0,0.0,得意,C
4450,平高奈菜,3,3,0.0,33.33,33.33,66.67,0.11,0.04,0.15,0.0,54.51,12.16,0,0.0,少数参考,参考
4050,田口節子,3,8,37.5,50.0,12.5,100.0,0.139,0.09,0.2,25.0,54.51,45.49,0,0.0,得意,C
5148,松本怜,5,5,0.0,0.0,40.0,40.0,0.192,0.12,0.29,20.0,34.22,5.78,0,0.0,やや得意,C
5151,山下奈緒,6,3,0.0,0.0,33.33,33.33,0.213,0.18,0.25,0.0,21.0,12.33,0,0.0,少数参考,参考
4927,関野文,1,11,54.55,0.0,18.18,72.73,0.193,0.1,0.28,27.27,86.47,-13.74,0,0.0,苦手,B
4878,西岡育未,2,7,0.0,57.14,28.57,85.71,0.159,0.1,0.26,14.29,57.97,27.74,0,0.0,得意,C
5202,宮崎つぐみ,3,4,0.0,50.0,25.0,75.0,0.135,0.04,0.29,50.0,54.51,20.49,1,25.0,少数参考,参考
4501,樋口由加里,2,6,0.0,66.67,16.67,83.33,0.127,0.04,0.18,33.33,57.97,25.36,0,0.0,得意,C
4927,関野文,2,5,0.0,20.0,20.0,40.0,0.182,0.12,0.22,0.0,57.97,-17.97,0,0.0,苦手,C
5195,北村寧々,1,21,66.67,9.52,19.05,95.24,0.127,0.03,0.22,38.1,86.47,8.77,0,0.0,得意,A
5182,宮崎安奈,3,4,0.0,0.0,75.0,75.0,0.142,0.08,0.21,50.0,54.51,20.49,0,0.0,少数参考,参考
4900,中田夕貴,1,4,50.0,0.0,50.0,100.0,0.165,0.11,0.24,50.0,86.47,13.53,0,0.0,少数参考,参考
4744,伊藤玲奈,3,5,0.0,40.0,20.0,60.0,0.234,0.13,0.31,0.0,54.51,5.49,1,20.0,やや得意,C
5218,山田理央,4,7,0.0,14.29,42.86,57.14,0.121,0.02,0.21,57.14,45.78,11.36,0,0.0,得意,C
4941,孫崎百世,1,5,40.0,20.0,20.0,80.0,0.214,0.09,0.39,20.0,86.47,-6.47,0,0.0,標準,C
4050,田口節子,4,5,20.0,60.0,20.0,100.0,0.102,0.06,0.16,40.0,45.78,54.22,0,0.0,得意,C
4927,関野文,5,8,25.0,37.5,0.0,62.5,0.105,0.02,0.16,37.5,34.22,28.28,1,12.5,得意,C
4878,西岡育未,1,7,28.57,57.14,0.0,85.71,0.131,0.07,0.19,42.86,86.47,-0.76,0,0.0,得意,C
5129,山口真喜子,3,19,10.53,36.84,47.37,94.74,0.134,0.03,0.29,15.79,54.51,40.23,1,5.26,得意,B
5173,谷口佳蓮,1,6,66.67,16.67,16.67,100.0,0.17,0.11,0.26,66.67,86.47,13.53,0,0.0,得意,C
5088,高憧四季,2,3,33.33,33.33,33.33,100.0,0.083,0.03,0.17,100.0,57.97,42.03,0,0.0,少数参考,参考
4994,山本梨菜,5,5,0.0,40.0,40.0,80.0,0.106,0.02,0.21,40.0,34.22,45.78,0,0.0,得意,C
4765,野田部宏子,4,7,0.0,42.86,28.57,71.43,0.096,0.01,0.21,42.86,45.78,25.65,0,0.0,得意,C
4447,深川麻奈美,2,5,0.0,80.0,20.0,100.0,0.192,0.1,0.28,20.0,57.97,42.03,0,0.0,得意,C
5165,小林愛実,5,5,0.0,40.0,40.0,80.0,0.2,0.12,0.27,0.0,34.22,45.78,0,0.0,得意,C
4924,中北涼,6,3,0.0,0.0,0.0,0.0,0.263,0.19,0.32,0.0,21.0,-21.0,0,0.0,少数参考,参考
4501,樋口由加里,5,5,0.0,0.0,20.0,20.0,0.17,0.11,0.24,20.0,34.22,-14.22,0,0.0,苦手,C
5088,高憧四季,3,3,0.0,33.33,66.67,100.0,0.137,0.13,0.14,66.67,54.51,45.49,0,0.0,少数参考,参考
4994,山本梨菜,3,8,0.0,62.5,25.0,87.5,0.131,0.05,0.17,50.0,54.51,32.99,1,12.5,得意,C
5162,松尾怜実,2,3,0.0,33.33,0.0,33.33,0.227,0.15,0.34,0.0,57.97,-24.64,0,0.0,少数参考,参考
5231,寺田空詩,1,3,66.67,0.0,0.0,66.67,0.11,0.06,0.17,66.67,86.47,-19.8,0,0.0,少数参考,参考
5195,北村寧々,3,19,10.53,31.58,36.84,78.95,0.132,0.02,0.26,52.63,54.51,24.44,0,0.0,得意,B
5146,野田彩加,3,7,28.57,14.29,42.86,85.71,0.127,0.04,0.24,42.86,54.51,31.2,0,0.0,得意,C
4900,中田夕貴,5,4,25.0,0.0,50.0,75.0,0.165,0.11,0.26,25.0,34.22,40.78,0,0.0,少数参考,参考
4941,孫崎百世,3,3,0.0,33.33,33.33,66.67,0.177,0.14,0.25,33.33,54.51,12.16,0,0.0,少数参考,参考
5218,山田理央,1,6,100.0,0.0,0.0,100.0,0.14,0.08,0.19,33.33,86.47,13.53,0,0.0,得意,C
5195,北村寧々,6,10,0.0,0.0,10.0,10.0,0.143,0.08,0.26,40.0,21.0,-11.0,0,0.0,苦手,B
5129,山口真喜子,1,21,66.67,19.05,4.76,90.48,0.175,0.07,0.36,19.05,86.47,4.01,0,0.0,得意,A
4994,山本梨菜,4,6,0.0,66.67,16.67,83.33,0.16,0.07,0.25,50.0,45.78,37.55,1,16.67,得意,C
5165,小林愛実,3,3,0.0,0.0,100.0,100.0,0.163,0.12,0.19,33.33,54.51,45.49,0,0.0,少数参考,参考
4443,津田裕絵,5,4,0.0,0.0,25.0,25.0,0.193,0.11,0.27,25.0,34.22,-9.22,0,0.0,少数参考,参考
4744,伊藤玲奈,6,4,0.0,0.0,50.0,50.0,0.21,0.19,0.24,25.0,21.0,29.0,0,0.0,少数参考,参考
5193,米丸乃絵,2,6,33.33,16.67,16.67,66.67,0.117,0.04,0.22,33.33,57.97,8.7,0,0.0,得意,C
4864,小川日紀太,5,3,0.0,0.0,33.33,33.33,0.13,0.09,0.19,33.33,34.22,-0.89,0,0.0,少数参考,参考
3334,角ひとみ,1,4,25.0,50.0,25.0,100.0,0.19,0.1,0.36,25.0,86.47,13.53,0,0.0,少数参考,参考
3780,魚谷智之,5,4,50.0,0.0,0.0,50.0,0.167,0.09,0.29,50.0,34.22,15.78,1,25.0,少数参考,参考
4522,古澤光紀,3,6,16.67,16.67,50.0,83.33,0.092,0.06,0.12,16.67,54.51,28.82,0,0.0,得意,C
4654,篠田優也,5,6,0.0,0.0,66.67,66.67,0.17,0.1,0.28,16.67,34.22,32.45,0,0.0,得意,C
5051,松本純平,1,7,71.43,28.57,0.0,100.0,0.163,0.09,0.21,28.57,86.47,13.53,0,0.0,得意,C
5038,金田智博,5,5,20.0,20.0,20.0,60.0,0.208,0.13,0.33,40.0,34.22,25.78,1,20.0,得意,C
4874,池田奈津美,3,10,0.0,20.0,40.0,60.0,0.143,0.0,0.19,10.0,54.51,5.49,2,20.0,やや得意,B
5193,米丸乃絵,3,7,28.57,28.57,28.57,85.71,0.176,0.1,0.29,0.0,54.51,31.2,0,0.0,得意,C
3780,魚谷智之,2,3,0.0,66.67,33.33,100.0,0.187,0.13,0.25,0.0,57.97,42.03,0,0.0,少数参考,参考
4308,河村了,4,6,50.0,16.67,33.33,100.0,0.115,0.01,0.21,50.0,45.78,54.22,1,16.67,得意,C
5051,松本純平,5,4,0.0,0.0,75.0,75.0,0.16,0.12,0.22,25.0,34.22,40.78,1,25.0,少数参考,参考
4522,古澤光紀,6,6,0.0,50.0,16.67,66.67,0.183,0.11,0.27,16.67,21.0,45.67,1,16.67,得意,C
5193,米丸乃絵,5,5,0.0,40.0,20.0,60.0,0.158,0.11,0.19,20.0,34.22,25.78,1,20.0,得意,C
4654,篠田優也,4,10,20.0,20.0,50.0,90.0,0.125,0.06,0.18,40.0,45.78,44.22,2,20.0,得意,B
3920,正木聖賢,2,8,25.0,37.5,12.5,75.0,0.119,0.06,0.23,50.0,57.97,17.03,5,62.5,得意,C
4336,松田竜馬,2,7,14.29,57.14,14.29,85.71,0.127,0.09,0.19,57.14,57.97,27.74,0,0.0,得意,C
5122,相馬翔,3,4,0.0,0.0,50.0,50.0,0.095,0.06,0.13,25.0,54.51,-4.51,0,0.0,少数参考,参考
4522,古澤光紀,1,12,83.33,8.33,8.33,100.0,0.122,0.01,0.26,58.33,86.47,13.53,0,0.0,得意,B
4579,中嶋健一郎,5,3,0.0,66.67,0.0,66.67,0.11,0.02,0.25,33.33,34.22,32.45,0,0.0,少数参考,参考
3618,海野ゆかり,6,4,25.0,25.0,25.0,75.0,0.215,0.15,0.29,0.0,21.0,54.0,0,0.0,少数参考,参考
4654,篠田優也,2,4,0.0,50.0,0.0,50.0,0.087,0.07,0.1,25.0,57.97,-7.97,0,0.0,少数参考,参考
5193,米丸乃絵,4,6,16.67,16.67,50.0,83.33,0.17,0.08,0.27,16.67,45.78,37.55,0,0.0,得意,C
3920,正木聖賢,1,6,33.33,33.33,16.67,83.33,0.167,0.07,0.23,50.0,86.47,-3.14,1,16.67,得意,C
4413,水摩敦,3,5,20.0,60.0,0.0,80.0,0.144,0.07,0.21,20.0,54.51,25.49,0,0.0,得意,C
3780,魚谷智之,1,6,83.33,16.67,0.0,100.0,0.122,0.05,0.18,50.0,86.47,13.53,0,0.0,得意,C
5038,金田智博,2,5,20.0,80.0,0.0,100.0,0.15,0.01,0.23,20.0,57.97,42.03,0,0.0,得意,C
4874,池田奈津美,1,8,37.5,25.0,12.5,75.0,0.13,0.07,0.2,37.5,86.47,-11.47,2,25.0,得意,C
3334,角ひとみ,3,4,0.0,75.0,0.0,75.0,0.182,0.12,0.29,0.0,54.51,20.49,0,0.0,少数参考,参考
3618,海野ゆかり,5,6,0.0,33.33,50.0,83.33,0.192,0.11,0.26,16.67,34.22,49.11,0,0.0,得意,C
4864,小川日紀太,2,5,0.0,80.0,0.0,80.0,0.114,0.02,0.21,40.0,57.97,22.03,0,0.0,得意,C
3772,一柳和孝,3,7,0.0,57.14,28.57,85.71,0.143,0.02,0.22,28.57,54.51,31.2,2,28.57,得意,C
3577,向所浩二,4,3,0.0,66.67,33.33,100.0,0.107,0.03,0.23,33.33,45.78,54.22,0,0.0,少数参考,参考
5122,相馬翔,2,4,0.0,50.0,0.0,50.0,0.107,0.04,0.22,50.0,57.97,-7.97,0,0.0,少数参考,参考
5193,米丸乃絵,6,5,0.0,0.0,80.0,80.0,0.196,0.11,0.29,0.0,21.0,59.0,0,0.0,得意,C
3780,魚谷智之,3,3,0.0,0.0,33.33,33.33,0.127,0.06,0.16,0.0,54.51,-21.18,0,0.0,少数参考,参考
4579,中嶋健一郎,4,3,33.33,0.0,0.0,33.33,0.123,0.05,0.19,33.33,45.78,-12.45,0,0.0,少数参考,参考
4654,篠田優也,1,10,60.0,30.0,10.0,100.0,0.149,0.09,0.26,30.0,86.47,13.53,0,0.0,得意,B
3859,多羅尾達之,3,3,0.0,33.33,33.33,66.67,0.17,0.14,0.19,0.0,54.51,12.16,1,33.33,少数参考,参考
5038,金田智博,1,4,75.0,25.0,0.0,100.0,0.182,0.09,0.23,0.0,86.47,13.53,0,0.0,少数参考,参考
4522,古澤光紀,2,6,16.67,50.0,16.67,83.33,0.132,0.06,0.21,50.0,57.97,25.36,0,0.0,得意,C
5051,松本純平,4,3,0.0,33.33,66.67,100.0,0.163,0.11,0.22,0.0,45.78,54.22,0,0.0,少数参考,参考
4579,中嶋健一郎,1,3,100.0,0.0,0.0,100.0,0.083,0.07,0.09,66.67,86.47,13.53,0,0.0,少数参考,参考
3935,岩津徹郎,1,4,100.0,0.0,0.0,100.0,0.168,0.11,0.22,50.0,86.47,13.53,0,0.0,少数参考,参考
4022,待鳥雄紀,4,11,9.09,18.18,54.55,81.82,0.15,0.08,0.21,45.45,45.78,36.04,3,27.27,得意,B
4288,永田啓二,4,6,16.67,50.0,33.33,100.0,0.11,0.08,0.14,33.33,45.78,54.22,0,0.0,得意,C
4413,水摩敦,5,4,0.0,0.0,75.0,75.0,0.18,0.16,0.22,0.0,34.22,40.78,0,0.0,少数参考,参考
4522,古澤光紀,4,5,40.0,20.0,20.0,80.0,0.102,0.07,0.16,20.0,45.78,34.22,0,0.0,得意,C
3482,金子猛志,2,5,0.0,20.0,40.0,60.0,0.146,0.12,0.18,20.0,57.97,2.03,0,0.0,標準,C
4978,山田和佐,2,9,0.0,11.11,44.44,55.56,0.154,0.08,0.29,22.22,57.97,-2.41,0,0.0,標準,C
4966,田川大貴,3,25,32.0,32.0,24.0,88.0,0.124,0.02,0.23,36.0,54.51,33.49,2,8.0,得意,A
4467,渡邉俊介,4,4,0.0,50.0,0.0,50.0,0.103,0.06,0.13,50.0,45.78,4.22,0,0.0,少数参考,参考
4463,三苫晃幸,4,6,16.67,16.67,50.0,83.33,0.168,0.11,0.26,50.0,45.78,37.55,0,0.0,得意,C
4645,上村純一,5,4,0.0,50.0,25.0,75.0,0.198,0.09,0.39,0.0,34.22,40.78,1,25.0,少数参考,参考
4879,山崎鉄平,1,7,57.14,0.0,14.29,71.43,0.131,0.09,0.17,28.57,86.47,-15.04,0,0.0,得意,C
4084,杉山正樹,4,10,20.0,10.0,40.0,70.0,0.148,0.03,0.2,20.0,45.78,24.22,2,20.0,得意,B
4848,仲谷颯仁,3,6,50.0,33.33,0.0,83.33,0.103,0.03,0.14,16.67,54.51,28.82,1,16.67,得意,C
4978,山田和佐,5,5,0.0,20.0,40.0,60.0,0.156,0.11,0.29,40.0,34.22,25.78,0,0.0,得意,C
3790,佐口達也,2,5,0.0,60.0,20.0,80.0,0.166,0.1,0.23,0.0,57.97,22.03,0,0.0,得意,C
4467,渡邉俊介,3,6,16.67,33.33,16.67,66.67,0.097,0.04,0.14,50.0,54.51,12.16,0,0.0,得意,C
4463,三苫晃幸,1,12,58.33,33.33,8.33,100.0,0.153,0.02,0.24,25.0,86.47,13.53,0,0.0,得意,B
4905,土井祥伍,3,5,0.0,40.0,40.0,80.0,0.132,0.06,0.21,40.0,54.51,25.49,0,0.0,得意,C
3161,古場輝義,4,5,0.0,20.0,20.0,40.0,0.236,0.15,0.41,0.0,45.78,-5.78,2,40.0,標準,C
4215,吉島祥之,2,5,40.0,0.0,20.0,60.0,0.146,0.13,0.18,40.0,57.97,2.03,0,0.0,標準,C
3576,白水勝也,1,12,83.33,16.67,0.0,100.0,0.133,0.04,0.33,41.67,86.47,13.53,0,0.0,得意,B
4228,吉田慎二郎,4,5,20.0,20.0,60.0,100.0,0.094,0.03,0.24,20.0,45.78,54.22,3,60.0,得意,C
4966,田川大貴,6,16,0.0,18.75,12.5,31.25,0.103,0.03,0.22,31.25,21.0,10.25,1,6.25,得意,B
4084,杉山正樹,5,8,12.5,37.5,25.0,75.0,0.143,0.09,0.19,0.0,34.22,40.78,1,12.5,得意,C
4084,杉山正樹,2,9,44.44,44.44,11.11,100.0,0.127,0.08,0.19,11.11,57.97,42.03,1,11.11,得意,C
3790,佐口達也,1,4,75.0,25.0,0.0,100.0,0.037,0.0,0.1,75.0,86.47,13.53,0,0.0,少数参考,参考
4966,田川大貴,2,18,5.56,44.44,22.22,72.22,0.131,0.01,0.24,16.67,57.97,14.25,0,0.0,得意,B
4215,吉島祥之,1,12,75.0,8.33,16.67,100.0,0.134,0.02,0.27,58.33,86.47,13.53,0,0.0,得意,B
3226,浦田信義,6,3,0.0,33.33,33.33,66.67,0.153,0.12,0.18,0.0,21.0,45.67,1,33.33,少数参考,参考
3848,川上聡介,5,3,66.67,0.0,0.0,66.67,0.077,0.04,0.12,0.0,34.22,32.45,1,33.33,少数参考,参考
4228,吉田慎二郎,1,8,87.5,0.0,12.5,100.0,0.156,0.02,0.33,25.0,86.47,13.53,0,0.0,得意,C
4084,杉山正樹,1,12,91.67,8.33,0.0,100.0,0.152,0.08,0.21,50.0,86.47,13.53,0,0.0,得意,B
4848,仲谷颯仁,1,7,85.71,0.0,14.29,100.0,0.171,0.13,0.28,42.86,86.47,13.53,0,0.0,得意,C
5048,眞鳥康太,3,10,40.0,30.0,10.0,80.0,0.143,0.05,0.24,20.0,54.51,25.49,1,10.0,得意,B
4731,間野兼礼,1,3,33.33,66.67,0.0,100.0,0.107,0.07,0.13,33.33,86.47,13.53,0,0.0,少数参考,参考
5008,羽野諒,4,7,14.29,0.0,42.86,57.14,0.103,0.01,0.16,14.29,45.78,11.36,0,0.0,得意,C
4875,大塚康雅,1,4,75.0,25.0,0.0,100.0,0.095,0.07,0.15,50.0,86.47,13.53,0,0.0,少数参考,参考
5015,高橋竜矢,2,5,0.0,60.0,20.0,80.0,0.124,0.11,0.13,20.0,57.97,22.03,0,0.0,得意,C
4432,黄金井力良,2,7,28.57,42.86,28.57,100.0,0.136,0.05,0.19,42.86,57.97,42.03,0,0.0,得意,C
4575,戸塚邦好,3,5,0.0,40.0,20.0,60.0,0.14,0.09,0.2,60.0,54.51,5.49,0,0.0,やや得意,C
4544,松田大志郎,5,5,20.0,60.0,0.0,80.0,0.146,0.12,0.19,40.0,34.22,45.78,1,20.0,得意,C
4261,岡祐臣,1,5,100.0,0.0,0.0,100.0,0.114,0.04,0.16,80.0,86.47,13.53,0,0.0,得意,C
5008,羽野諒,2,3,0.0,33.33,0.0,33.33,0.127,0.12,0.14,0.0,57.97,-24.64,0,0.0,少数参考,参考
3554,仲口博崇,1,7,85.71,14.29,0.0,100.0,0.144,0.02,0.23,57.14,86.47,13.53,0,0.0,得意,C
4875,大塚康雅,5,8,12.5,0.0,25.0,37.5,0.173,0.05,0.36,0.0,34.22,3.28,1,12.5,標準,C
4966,田川大貴,5,15,0.0,40.0,20.0,60.0,0.151,0.04,0.27,46.67,34.22,25.78,3,20.0,得意,B
4544,松田大志郎,1,11,90.91,0.0,0.0,90.91,0.119,0.08,0.16,36.36,86.47,4.44,0,0.0,得意,B
4905,土井祥伍,4,4,0.0,75.0,25.0,100.0,0.138,0.1,0.18,0.0,45.78,54.22,0,0.0,少数参考,参考
4879,山崎鉄平,2,9,0.0,55.56,22.22,77.78,0.144,0.11,0.19,0.0,57.97,19.81,0,0.0,得意,C
4668,楠本晃嗣,1,3,33.33,0.0,0.0,33.33,0.157,0.04,0.23,33.33,86.47,-53.14,0,0.0,少数参考,参考
3848,川上聡介,2,3,33.33,33.33,0.0,66.67,0.143,0.09,0.2,33.33,57.97,8.7,0,0.0,少数参考,参考
4463,三苫晃幸,3,8,50.0,0.0,37.5,87.5,0.133,0.04,0.2,25.0,54.51,32.99,1,12.5,得意,C
4359,横川聖志,1,4,50.0,50.0,0.0,100.0,0.095,0.07,0.13,75.0,86.47,13.53,0,0.0,少数参考,参考
4978,山田和佐,4,5,0.0,20.0,40.0,60.0,0.118,0.05,0.18,40.0,45.78,14.22,0,0.0,得意,C
4645,上村純一,6,4,0.0,0.0,25.0,25.0,0.095,0.06,0.14,25.0,21.0,4.0,0,0.0,少数参考,参考
4879,山崎鉄平,3,11,0.0,54.55,18.18,72.73,0.131,0.03,0.27,36.36,54.51,18.22,0,0.0,得意,B
4215,吉島祥之,5,10,0.0,10.0,40.0,50.0,0.173,0.08,0.34,10.0,34.22,15.78,1,10.0,得意,B
3790,佐口達也,3,5,0.0,20.0,60.0,80.0,0.108,0.02,0.22,60.0,54.51,25.49,0,0.0,得意,C
3161,古場輝義,5,4,0.0,0.0,75.0,75.0,0.152,0.09,0.21,25.0,34.22,40.78,0,0.0,少数参考,参考
4467,渡邉俊介,1,5,60.0,40.0,0.0,100.0,0.1,0.07,0.14,40.0,86.47,13.53,0,0.0,得意,C
4966,田川大貴,1,27,62.96,29.63,3.7,96.3,0.122,0.02,0.28,33.33,86.47,9.83,0,0.0,得意,A
3482,金子猛志,3,3,0.0,66.67,0.0,66.67,0.08,0.03,0.13,33.33,54.51,12.16,0,0.0,少数参考,参考
4474,渡辺崇,5,5,0.0,20.0,20.0,40.0,0.176,0.14,0.23,0.0,34.22,5.78,1,20.0,やや得意,C
3226,浦田信義,2,8,0.0,12.5,62.5,75.0,0.161,0.12,0.21,0.0,57.97,17.03,0,0.0,得意,C
4978,山田和佐,1,6,66.67,16.67,0.0,83.33,0.145,0.06,0.23,50.0,86.47,-3.14,0,0.0,得意,C
4905,土井祥伍,1,4,50.0,50.0,0.0,100.0,0.17,0.13,0.29,25.0,86.47,13.53,0,0.0,少数参考,参考
4467,渡邉俊介,5,3,0.0,0.0,0.0,0.0,0.063,0.03,0.09,66.67,34.22,-34.22,0,0.0,少数参考,参考
4645,上村純一,1,7,85.71,14.29,0.0,100.0,0.131,0.05,0.22,71.43,86.47,13.53,0,0.0,得意,C
4151,下河誉史,1,11,36.36,18.18,36.36,90.91,0.184,0.1,0.37,9.09,86.47,4.44,0,0.0,やや得意,B
4215,吉島祥之,3,4,25.0,0.0,50.0,75.0,0.145,0.04,0.22,0.0,54.51,20.49,0,0.0,少数参考,参考
4228,吉田慎二郎,3,5,20.0,60.0,20.0,100.0,0.154,0.1,0.18,0.0,54.51,45.49,0,0.0,得意,C
4084,杉山正樹,6,4,0.0,25.0,0.0,25.0,0.215,0.18,0.24,0.0,21.0,4.0,0,0.0,少数参考,参考
3670,古澤信二,4,4,0.0,0.0,75.0,75.0,0.138,0.09,0.17,25.0,45.78,29.22,1,25.0,少数参考,参考
3692,竹腰正樹,1,5,60.0,40.0,0.0,100.0,0.162,0.11,0.26,60.0,86.47,13.53,0,0.0,得意,C
5223,森清友翔,5,3,0.0,0.0,66.67,66.67,0.187,0.16,0.23,33.33,34.22,32.45,1,33.33,少数参考,参考
4875,大塚康雅,2,10,20.0,40.0,30.0,90.0,0.171,0.09,0.24,20.0,57.97,32.03,2,20.0,得意,B
4575,戸塚邦好,2,3,33.33,66.67,0.0,100.0,0.1,0.08,0.11,66.67,57.97,42.03,0,0.0,少数参考,参考
4156,浜野孝志,3,6,0.0,33.33,66.67,100.0,0.142,0.09,0.22,0.0,54.51,45.49,1,16.67,得意,C
4551,三川昂暁,1,4,75.0,25.0,0.0,100.0,0.143,0.06,0.26,75.0,86.47,13.53,0,0.0,少数参考,参考
5015,高橋竜矢,5,3,33.33,33.33,0.0,66.67,0.127,0.06,0.18,0.0,34.22,32.45,0,0.0,少数参考,参考
3692,竹腰正樹,4,5,0.0,40.0,40.0,80.0,0.164,0.07,0.22,40.0,45.78,34.22,0,0.0,得意,C
4544,松田大志郎,6,3,0.0,0.0,66.67,66.67,0.163,0.11,0.24,33.33,21.0,45.67,0,0.0,少数参考,参考
4432,黄金井力良,4,4,0.0,0.0,50.0,50.0,0.128,0.01,0.21,25.0,45.78,4.22,0,0.0,少数参考,参考
5015,高橋竜矢,1,9,100.0,0.0,0.0,100.0,0.086,0.01,0.14,55.56,86.47,13.53,0,0.0,得意,C
3613,角谷健吾,5,3,0.0,0.0,33.33,33.33,0.157,0.11,0.22,33.33,34.22,-0.89,1,33.33,少数参考,参考
4104,木下陽介,2,7,28.57,28.57,14.29,71.43,0.143,0.08,0.26,28.57,57.97,13.46,0,0.0,得意,C
4551,三川昂暁,3,6,33.33,50.0,16.67,100.0,0.137,0.06,0.25,16.67,54.51,45.49,0,0.0,得意,C
3670,古澤信二,2,4,0.0,25.0,50.0,75.0,0.158,0.05,0.24,75.0,57.97,17.03,0,0.0,少数参考,参考
5110,杉山喜一,1,3,66.67,0.0,0.0,66.67,0.16,0.11,0.23,33.33,86.47,-19.8,0,0.0,少数参考,参考
3554,仲口博崇,2,6,16.67,33.33,16.67,66.67,0.2,0.14,0.3,16.67,57.97,8.7,2,33.33,得意,C
4432,黄金井力良,3,7,14.29,42.86,14.29,71.43,0.13,0.06,0.21,71.43,54.51,16.92,0,0.0,得意,C
4505,島田賢人,6,3,0.0,0.0,33.33,33.33,0.19,0.09,0.27,33.33,21.0,12.33,0,0.0,少数参考,参考
3851,森田昭彦,3,3,0.0,0.0,0.0,0.0,0.127,0.09,0.16,0.0,54.51,-54.51,0,0.0,少数参考,参考
5015,高橋竜矢,4,5,20.0,0.0,40.0,60.0,0.11,0.05,0.19,40.0,45.78,14.22,0,0.0,得意,C
4581,吉村誠,5,7,28.57,28.57,28.57,85.71,0.129,0.07,0.21,57.14,34.22,51.49,2,28.57,得意,C
4544,松田大志郎,4,6,0.0,50.0,50.0,100.0,0.168,0.08,0.23,0.0,45.78,54.22,1,16.67,得意,C
4706,三浦洋次朗,1,9,77.78,0.0,11.11,88.89,0.149,0.08,0.22,66.67,86.47,2.42,0,0.0,得意,C
4575,戸塚邦好,1,4,75.0,0.0,25.0,100.0,0.105,0.06,0.14,25.0,86.47,13.53,0,0.0,少数参考,参考
5015,高橋竜矢,3,5,20.0,60.0,0.0,80.0,0.126,0.1,0.16,40.0,54.51,25.49,0,0.0,得意,C
5008,羽野諒,3,4,25.0,25.0,50.0,100.0,0.133,0.07,0.2,75.0,54.51,45.49,0,0.0,少数参考,参考
4505,島田賢人,2,3,0.0,66.67,0.0,66.67,0.14,0.09,0.21,33.33,57.97,8.7,0,0.0,少数参考,参考
4261,岡祐臣,2,4,0.0,25.0,25.0,50.0,0.198,0.15,0.24,25.0,57.97,-7.97,1,25.0,少数参考,参考
3554,仲口博崇,3,8,12.5,75.0,0.0,87.5,0.165,0.12,0.27,0.0,54.51,32.99,1,12.5,得意,C
3692,竹腰正樹,3,4,0.0,50.0,25.0,75.0,0.147,0.04,0.21,0.0,54.51,20.49,0,0.0,少数参考,参考
4875,大塚康雅,4,3,0.0,0.0,33.33,33.33,0.123,0.11,0.15,0.0,45.78,-12.45,0,0.0,少数参考,参考
3833,中辻博訓,5,3,33.33,0.0,33.33,66.67,0.117,0.09,0.15,33.33,34.22,32.45,0,0.0,少数参考,参考
3554,仲口博崇,4,5,0.0,40.0,60.0,100.0,0.168,0.09,0.27,0.0,45.78,54.22,1,20.0,得意,C
5008,羽野諒,5,4,0.0,25.0,25.0,50.0,0.182,0.11,0.27,0.0,34.22,15.78,1,25.0,少数参考,参考
3692,竹腰正樹,2,4,0.0,50.0,50.0,100.0,0.163,0.15,0.18,0.0,57.97,42.03,0,0.0,少数参考,参考
4156,浜野孝志,1,3,66.67,0.0,0.0,66.67,0.143,0.07,0.23,33.33,86.47,-19.8,0,0.0,少数参考,参考
4544,松田大志郎,2,6,33.33,33.33,33.33,100.0,0.19,0.13,0.32,0.0,57.97,42.03,1,16.67,得意,C
5048,眞鳥康太,2,14,0.0,35.71,35.71,71.43,0.146,0.04,0.28,14.29,57.97,13.46,1,7.14,得意,B
4261,岡祐臣,4,4,25.0,25.0,50.0,100.0,0.145,0.08,0.28,25.0,45.78,54.22,0,0.0,少数参考,参考
3692,竹腰正樹,6,3,0.0,0.0,0.0,0.0,0.163,0.11,0.23,0.0,21.0,-21.0,1,33.33,少数参考,参考
4966,田川大貴,4,13,23.08,30.77,23.08,76.92,0.097,0.04,0.23,61.54,45.78,31.14,0,0.0,得意,B
4073,大橋純一郎,3,6,0.0,50.0,16.67,66.67,0.17,0.09,0.25,16.67,54.51,12.16,0,0.0,得意,C
4261,岡祐臣,3,3,0.0,33.33,66.67,100.0,0.123,0.08,0.15,0.0,54.51,45.49,0,0.0,少数参考,参考
4432,黄金井力良,5,5,0.0,20.0,20.0,40.0,0.092,0.05,0.12,20.0,34.22,5.78,1,20.0,やや得意,C
4575,戸塚邦好,6,3,0.0,33.33,0.0,33.33,0.09,0.04,0.14,66.67,21.0,12.33,0,0.0,少数参考,参考
4875,大塚康雅,3,5,0.0,20.0,20.0,40.0,0.178,0.13,0.28,20.0,54.51,-14.51,0,0.0,苦手,C
4978,山田和佐,3,5,0.0,20.0,40.0,60.0,0.182,0.14,0.24,40.0,54.51,5.49,1,20.0,やや得意,C
3996,秋山直之,5,4,25.0,0.0,75.0,100.0,0.168,0.13,0.21,25.0,34.22,65.78,0,0.0,少数参考,参考
4848,仲谷颯仁,2,7,14.29,71.43,0.0,85.71,0.147,0.06,0.2,28.57,57.97,27.74,0,0.0,得意,C
4601,森野正弘,6,5,0.0,0.0,60.0,60.0,0.108,0.05,0.16,40.0,21.0,39.0,0,0.0,得意,C
4928,栗城匠,3,5,60.0,0.0,20.0,80.0,0.166,0.12,0.19,20.0,54.51,25.49,1,20.0,得意,C
4227,安達裕樹,4,5,20.0,0.0,0.0,20.0,0.198,0.13,0.27,20.0,45.78,-25.78,0,0.0,苦手,C
4522,古澤光紀,5,7,0.0,28.57,14.29,42.86,0.117,0.05,0.22,14.29,34.22,8.64,0,0.0,得意,C
4547,中田竜太,6,8,0.0,37.5,37.5,75.0,0.175,0.11,0.33,25.0,21.0,54.0,0,0.0,得意,C
4798,浜先真範,5,4,25.0,0.0,25.0,50.0,0.08,0.05,0.09,100.0,34.22,15.78,1,25.0,少数参考,参考
4886,入海馨,1,4,50.0,0.0,25.0,75.0,0.163,0.06,0.25,25.0,86.47,-11.47,0,0.0,少数参考,参考
5141,大澤風葵,6,4,0.0,0.0,50.0,50.0,0.15,0.07,0.21,25.0,21.0,29.0,1,25.0,少数参考,参考
4028,田村隆信,4,6,0.0,16.67,33.33,50.0,0.128,0.03,0.28,33.33,45.78,4.22,2,33.33,やや得意,C
4907,小池修平,1,10,80.0,20.0,0.0,100.0,0.133,0.02,0.27,30.0,86.47,13.53,0,0.0,得意,B
4428,有賀達也,2,3,33.33,0.0,0.0,33.33,0.16,0.06,0.29,33.33,57.97,-24.64,0,0.0,少数参考,参考
3854,吉川元浩,6,3,0.0,0.0,33.33,33.33,0.167,0.04,0.28,0.0,21.0,12.33,1,33.33,少数参考,参考
4547,中田竜太,2,9,44.44,33.33,11.11,88.89,0.139,0.02,0.2,11.11,57.97,30.92,0,0.0,得意,C
4335,若林将,4,7,42.86,14.29,14.29,71.43,0.083,0.01,0.16,57.14,45.78,25.65,0,0.0,得意,C
4168,石野貴之,5,7,0.0,28.57,42.86,71.43,0.123,0.04,0.21,14.29,34.22,37.21,1,14.29,得意,C
5141,大澤風葵,2,3,0.0,33.33,33.33,66.67,0.12,0.08,0.19,0.0,57.97,8.7,0,0.0,少数参考,参考
4828,松山将吾,6,3,0.0,0.0,66.67,66.67,0.17,0.13,0.19,33.33,21.0,45.67,1,33.33,少数参考,参考
4928,栗城匠,5,3,33.33,0.0,33.33,66.67,0.127,0.04,0.22,33.33,34.22,32.45,0,0.0,少数参考,参考
4601,森野正弘,3,8,12.5,50.0,25.0,87.5,0.109,0.01,0.16,37.5,54.51,32.99,0,0.0,得意,C
4428,有賀達也,6,3,0.0,0.0,33.33,33.33,0.14,0.09,0.22,33.33,21.0,12.33,0,0.0,少数参考,参考
3415,松井繁,2,3,0.0,0.0,66.67,66.67,0.14,0.11,0.16,0.0,57.97,8.7,0,0.0,少数参考,参考
4445,宮地元輝,3,5,20.0,40.0,0.0,60.0,0.122,0.01,0.21,40.0,54.51,5.49,0,0.0,やや得意,C
4238,毒島誠,4,4,0.0,75.0,0.0,75.0,0.115,0.06,0.15,50.0,45.78,29.22,1,25.0,少数参考,参考
4482,守屋美穂,6,4,25.0,0.0,25.0,50.0,0.125,0.03,0.17,25.0,21.0,29.0,0,0.0,少数参考,参考
4482,守屋美穂,3,5,0.0,20.0,80.0,100.0,0.086,0.03,0.27,60.0,54.51,45.49,0,0.0,得意,C
4762,藤原啓史朗,3,8,25.0,50.0,25.0,100.0,0.115,0.04,0.19,12.5,54.51,45.49,1,12.5,得意,C
4907,小池修平,4,6,16.67,33.33,16.67,66.67,0.135,0.09,0.17,16.67,45.78,20.89,1,16.67,得意,C
4468,大池佑来,6,5,0.0,20.0,20.0,40.0,0.16,0.06,0.25,0.0,21.0,19.0,1,20.0,得意,C
4227,安達裕樹,2,3,0.0,33.33,33.33,66.67,0.193,0.14,0.3,0.0,57.97,8.7,0,0.0,少数参考,参考
3415,松井繁,5,4,0.0,25.0,25.0,50.0,0.23,0.18,0.31,0.0,34.22,15.78,1,25.0,少数参考,参考
4828,松山将吾,1,3,100.0,0.0,0.0,100.0,0.087,0.05,0.12,66.67,86.47,13.53,0,0.0,少数参考,参考
4238,毒島誠,5,8,0.0,37.5,25.0,62.5,0.13,0.07,0.16,12.5,34.22,28.28,0,0.0,得意,C
4928,栗城匠,1,6,66.67,33.33,0.0,100.0,0.117,0.06,0.18,16.67,86.47,13.53,0,0.0,得意,C
4013,中島孝平,2,4,0.0,0.0,0.0,0.0,0.122,0.04,0.26,25.0,57.97,-57.97,0,0.0,少数参考,参考
4468,大池佑来,2,4,0.0,25.0,50.0,75.0,0.09,0.01,0.12,50.0,57.97,17.03,0,0.0,少数参考,参考
4230,濱崎直矢,3,5,20.0,0.0,60.0,80.0,0.134,0.06,0.17,40.0,54.51,25.49,1,20.0,得意,C
4445,宮地元輝,6,5,0.0,20.0,0.0,20.0,0.14,0.06,0.21,20.0,21.0,-1.0,0,0.0,標準,C
4798,浜先真範,2,5,0.0,40.0,0.0,40.0,0.14,0.09,0.19,40.0,57.97,-17.97,0,0.0,苦手,C
4547,中田竜太,3,11,27.27,27.27,27.27,81.82,0.117,0.07,0.22,45.45,54.51,27.31,1,9.09,得意,B
4601,森野正弘,4,13,0.0,15.38,30.77,46.15,0.095,0.01,0.18,53.85,45.78,0.37,1,7.69,標準,B
4482,守屋美穂,1,10,100.0,0.0,0.0,100.0,0.078,0.01,0.14,80.0,86.47,13.53,0,0.0,得意,B
3422,服部幸男,3,8,12.5,25.0,0.0,37.5,0.145,0.04,0.23,25.0,54.51,-17.01,1,12.5,苦手,C
4828,松山将吾,4,3,33.33,33.33,0.0,66.67,0.093,0.06,0.15,33.33,45.78,20.89,1,33.33,少数参考,参考
4276,鈴木勝博,5,7,14.29,0.0,28.57,42.86,0.124,0.06,0.24,14.29,34.22,8.64,1,14.29,得意,C
4238,毒島誠,1,9,66.67,33.33,0.0,100.0,0.082,0.0,0.17,55.56,86.47,13.53,0,0.0,得意,C
4227,安達裕樹,5,4,25.0,0.0,75.0,100.0,0.203,0.12,0.26,0.0,34.22,65.78,1,25.0,少数参考,参考
4907,小池修平,6,9,11.11,11.11,44.44,66.67,0.126,0.07,0.19,22.22,21.0,45.67,1,11.11,得意,C
4168,石野貴之,1,11,100.0,0.0,0.0,100.0,0.101,0.02,0.22,45.45,86.47,13.53,0,0.0,得意,B
4601,森野正弘,2,15,26.67,33.33,6.67,66.67,0.111,0.01,0.22,33.33,57.97,8.7,0,0.0,得意,B
4335,若林将,2,10,10.0,70.0,10.0,90.0,0.133,0.06,0.21,40.0,57.97,32.03,0,0.0,得意,B
4798,浜先真範,3,5,20.0,0.0,20.0,40.0,0.114,0.05,0.21,60.0,54.51,-14.51,0,0.0,苦手,C
4445,宮地元輝,4,4,0.0,75.0,25.0,100.0,0.085,0.0,0.16,100.0,45.78,54.22,0,0.0,少数参考,参考
4547,中田竜太,5,6,16.67,16.67,33.33,66.67,0.15,0.06,0.24,16.67,34.22,32.45,0,0.0,得意,C
4428,有賀達也,1,3,66.67,33.33,0.0,100.0,0.1,0.05,0.16,66.67,86.47,13.53,0,0.0,少数参考,参考
4928,栗城匠,2,7,0.0,57.14,42.86,100.0,0.1,0.05,0.2,14.29,57.97,42.03,0,0.0,得意,C
4482,守屋美穂,5,3,0.0,0.0,66.67,66.67,0.157,0.11,0.19,0.0,34.22,32.45,0,0.0,少数参考,参考
4168,石野貴之,6,3,0.0,0.0,66.67,66.67,0.21,0.18,0.24,0.0,21.0,45.67,0,0.0,少数参考,参考
3779,原田幸哉,5,9,22.22,22.22,33.33,77.78,0.087,0.06,0.11,55.56,34.22,43.56,2,22.22,得意,C
4828,松山将吾,2,3,0.0,66.67,0.0,66.67,0.107,0.08,0.12,33.33,57.97,8.7,0,0.0,少数参考,参考
3960,菊地孝平,6,8,0.0,25.0,37.5,62.5,0.087,0.02,0.13,50.0,21.0,41.5,0,0.0,得意,C
4227,安達裕樹,1,7,100.0,0.0,0.0,100.0,0.129,0.04,0.19,71.43,86.47,13.53,0,0.0,得意,C
4886,入海馨,2,5,20.0,20.0,40.0,80.0,0.166,0.11,0.21,0.0,57.97,22.03,0,0.0,得意,C
4320,峰竜太,5,7,28.57,57.14,0.0,85.71,0.1,0.06,0.13,28.57,34.22,51.49,1,14.29,得意,C
4013,中島孝平,6,3,0.0,0.0,33.33,33.33,0.11,0.03,0.18,33.33,21.0,12.33,1,33.33,少数参考,参考
4907,小池修平,2,6,0.0,33.33,16.67,50.0,0.115,0.0,0.21,33.33,57.97,-7.97,0,0.0,標準,C
4238,毒島誠,6,3,0.0,0.0,66.67,66.67,0.097,0.07,0.14,0.0,21.0,45.67,0,0.0,少数参考,参考
4547,中田竜太,4,9,0.0,33.33,33.33,66.67,0.14,0.07,0.23,33.33,45.78,20.89,0,0.0,得意,C
4500,山田康二,6,3,0.0,33.33,0.0,33.33,0.14,0.09,0.19,33.33,21.0,12.33,0,0.0,少数参考,参考
4445,宮地元輝,1,8,100.0,0.0,0.0,100.0,0.121,0.04,0.21,37.5,86.47,13.53,0,0.0,得意,C
4168,石野貴之,3,5,20.0,40.0,40.0,100.0,0.082,0.01,0.18,40.0,54.51,45.49,0,0.0,得意,C
3942,寺田祥,4,3,0.0,0.0,66.67,66.67,0.12,0.09,0.14,0.0,45.78,20.89,0,0.0,少数参考,参考
4266,長田頼宗,5,5,0.0,20.0,20.0,40.0,0.168,0.13,0.19,0.0,34.22,5.78,0,0.0,やや得意,C
4798,浜先真範,4,5,40.0,20.0,20.0,80.0,0.134,0.02,0.26,40.0,45.78,34.22,1,20.0,得意,C
4238,毒島誠,2,6,33.33,0.0,33.33,66.67,0.11,0.05,0.19,0.0,57.97,8.7,0,0.0,得意,C
4601,森野正弘,1,14,64.29,28.57,7.14,100.0,0.139,0.04,0.23,35.71,86.47,13.53,0,0.0,得意,B
4230,濱崎直矢,2,4,0.0,50.0,25.0,75.0,0.113,0.1,0.13,0.0,57.97,17.03,0,0.0,少数参考,参考
4013,中島孝平,4,5,0.0,0.0,0.0,0.0,0.114,0.06,0.19,40.0,45.78,-45.78,1,20.0,苦手,C
3562,山下和彦,6,8,25.0,0.0,12.5,37.5,0.156,0.09,0.27,25.0,21.0,16.5,0,0.0,得意,C
4547,中田竜太,1,15,60.0,13.33,20.0,93.33,0.145,0.04,0.27,26.67,86.47,6.86,0,0.0,得意,B
4168,石野貴之,2,5,20.0,60.0,0.0,80.0,0.114,0.08,0.16,0.0,57.97,22.03,0,0.0,得意,C
4928,栗城匠,4,6,16.67,0.0,33.33,50.0,0.155,0.09,0.23,16.67,45.78,4.22,0,0.0,やや得意,C
4907,小池修平,5,7,14.29,14.29,42.86,71.43,0.184,0.11,0.28,14.29,34.22,37.21,1,14.29,得意,C
4482,守屋美穂,2,5,20.0,20.0,20.0,60.0,0.152,0.09,0.21,0.0,57.97,2.03,0,0.0,標準,C
3960,菊地孝平,5,9,11.11,44.44,11.11,66.67,0.088,0.01,0.17,66.67,34.22,32.45,0,0.0,得意,C
4013,中島孝平,1,4,50.0,25.0,25.0,100.0,0.08,0.05,0.11,50.0,86.47,13.53,0,0.0,少数参考,参考
4238,毒島誠,3,3,33.33,33.33,33.33,100.0,0.093,0.06,0.11,33.33,54.51,45.49,0,0.0,少数参考,参考
4828,松山将吾,3,3,0.0,0.0,33.33,33.33,0.113,0.11,0.12,33.33,54.51,-21.18,0,0.0,少数参考,参考
4269,杉山裕也,5,4,25.0,0.0,75.0,100.0,0.148,0.07,0.23,25.0,34.22,65.78,0,0.0,少数参考,参考
4798,浜先真範,6,4,0.0,0.0,50.0,50.0,0.185,0.14,0.23,0.0,21.0,29.0,0,0.0,少数参考,参考
4482,守屋美穂,4,3,0.0,0.0,100.0,100.0,0.19,0.11,0.26,0.0,45.78,54.22,0,0.0,少数参考,参考
4798,浜先真範,1,8,62.5,25.0,12.5,100.0,0.121,0.02,0.21,37.5,86.47,13.53,0,0.0,得意,C
4762,藤原啓史朗,1,14,78.57,7.14,14.29,100.0,0.103,0.02,0.19,35.71,86.47,13.53,0,0.0,得意,B
4335,若林将,6,5,0.0,20.0,20.0,40.0,0.138,0.06,0.25,40.0,21.0,19.0,0,0.0,得意,C
4907,小池修平,3,6,16.67,33.33,33.33,83.33,0.133,0.08,0.19,33.33,54.51,28.82,0,0.0,得意,C
4320,峰竜太,6,5,20.0,0.0,40.0,60.0,0.102,0.05,0.18,0.0,21.0,39.0,1,20.0,得意,C
3992,関口智久,3,7,0.0,14.29,71.43,85.71,0.154,0.06,0.23,28.57,54.51,31.2,0,0.0,得意,C
4303,牧原崇,6,4,0.0,25.0,25.0,50.0,0.198,0.16,0.22,0.0,21.0,29.0,0,0.0,少数参考,参考
4512,高野哲史,2,8,25.0,37.5,25.0,87.5,0.144,0.12,0.17,50.0,57.97,29.53,0,0.0,得意,C
5086,本村大,4,24,20.83,25.0,20.83,66.67,0.116,0.02,0.23,33.33,45.78,20.89,2,8.33,得意,A
5055,眞鳥章太,5,13,0.0,15.38,46.15,61.54,0.154,0.11,0.21,15.38,34.22,27.32,3,23.08,得意,B
4632,長尾京志郎,3,4,0.0,25.0,25.0,50.0,0.148,0.12,0.19,25.0,54.51,-4.51,1,25.0,少数参考,参考
3801,五反田忍,4,3,33.33,33.33,33.33,100.0,0.16,0.14,0.19,0.0,45.78,54.22,1,33.33,少数参考,参考
4540,相原利章,2,5,20.0,40.0,20.0,80.0,0.15,0.09,0.27,20.0,57.97,22.03,0,0.0,得意,C
3743,林美憲,4,8,37.5,12.5,25.0,75.0,0.106,0.04,0.16,50.0,45.78,29.22,0,0.0,得意,C
4052,興津藍,3,7,14.29,42.86,28.57,85.71,0.15,0.09,0.2,14.29,54.51,31.2,0,0.0,得意,C
4036,金田諭,4,7,0.0,42.86,14.29,57.14,0.167,0.08,0.23,28.57,45.78,11.36,2,28.57,得意,C
3702,貞兼淳二,3,6,50.0,0.0,16.67,66.67,0.092,0.05,0.15,50.0,54.51,12.16,3,50.0,得意,C
4908,上田龍星,4,3,66.67,33.33,0.0,100.0,0.087,0.02,0.17,66.67,45.78,54.22,1,33.33,少数参考,参考
4817,渡邉翼,6,6,0.0,0.0,33.33,33.33,0.123,0.07,0.19,33.33,21.0,12.33,1,16.67,得意,C
3801,五反田忍,1,3,100.0,0.0,0.0,100.0,0.147,0.01,0.25,33.33,86.47,13.53,0,0.0,少数参考,参考
3474,松瀬弘美,2,5,40.0,40.0,20.0,100.0,0.178,0.09,0.23,20.0,57.97,42.03,0,0.0,得意,C
4317,木村紗友希,6,3,0.0,33.33,0.0,33.33,0.207,0.16,0.27,33.33,21.0,12.33,1,33.33,少数参考,参考
4109,谷津幸宏,3,3,33.33,66.67,0.0,100.0,0.103,0.05,0.14,33.33,54.51,45.49,1,33.33,少数参考,参考
4052,興津藍,4,7,14.29,14.29,42.86,71.43,0.123,0.01,0.24,42.86,45.78,25.65,2,28.57,得意,C
4668,楠本晃嗣,5,3,0.0,33.33,33.33,66.67,0.12,0.06,0.16,66.67,34.22,32.45,1,33.33,少数参考,参考
4879,山崎鉄平,6,6,0.0,16.67,0.0,16.67,0.123,0.05,0.19,33.33,21.0,-4.33,1,16.67,標準,C
3482,金子猛志,4,3,0.0,0.0,100.0,100.0,0.127,0.1,0.16,33.33,45.78,54.22,0,0.0,少数参考,参考
4905,土井祥伍,6,4,0.0,0.0,0.0,0.0,0.225,0.15,0.31,0.0,21.0,-21.0,1,25.0,少数参考,参考
4978,山田和佐,6,4,0.0,0.0,50.0,50.0,0.173,0.13,0.25,25.0,21.0,29.0,0,0.0,少数参考,参考
5303,土井歩夢,6,3,0.0,0.0,33.33,33.33,0.14,0.09,0.21,66.67,21.0,12.33,0,0.0,少数参考,参考
4467,渡邉俊介,6,3,0.0,0.0,33.33,33.33,0.123,0.03,0.22,33.33,21.0,12.33,0,0.0,少数参考,参考
4084,杉山正樹,3,8,12.5,37.5,25.0,75.0,0.129,0.05,0.23,25.0,54.51,20.49,0,0.0,得意,C
4619,伏田裕隆,2,3,0.0,66.67,0.0,66.67,0.157,0.14,0.19,33.33,57.97,8.7,0,0.0,少数参考,参考
3357,福島陽子,4,4,25.0,25.0,25.0,75.0,0.178,0.08,0.28,0.0,45.78,29.22,0,0.0,少数参考,参考
4632,長尾京志郎,4,9,11.11,11.11,55.56,77.78,0.188,0.08,0.24,33.33,45.78,32.0,1,11.11,得意,C
4817,渡邉翼,3,10,10.0,40.0,30.0,80.0,0.104,0.04,0.2,40.0,54.51,25.49,1,10.0,得意,B
5208,屋良龍紀,4,11,0.0,36.36,36.36,72.73,0.115,0.03,0.19,45.45,45.78,26.95,1,9.09,得意,B
4919,吉田翔悟,6,9,0.0,11.11,11.11,22.22,0.16,0.08,0.22,0.0,21.0,1.22,0,0.0,標準,C
4052,興津藍,2,3,0.0,66.67,33.33,100.0,0.19,0.15,0.21,0.0,57.97,42.03,0,0.0,少数参考,参考
3357,福島陽子,1,5,0.0,40.0,60.0,100.0,0.168,0.04,0.26,40.0,86.47,13.53,0,0.0,得意,C
4113,木村浩士,3,3,0.0,66.67,0.0,66.67,0.207,0.17,0.26,0.0,54.51,12.16,0,0.0,少数参考,参考
3702,貞兼淳二,4,4,50.0,25.0,0.0,75.0,0.145,0.06,0.26,75.0,45.78,29.22,1,25.0,少数参考,参考
3992,関口智久,1,7,57.14,0.0,14.29,71.43,0.123,0.06,0.23,14.29,86.47,-15.04,0,0.0,得意,C
4317,木村紗友希,2,8,25.0,0.0,62.5,87.5,0.168,0.06,0.33,37.5,57.97,29.53,0,0.0,得意,C
4908,上田龍星,3,3,0.0,100.0,0.0,100.0,0.043,0.01,0.09,33.33,54.51,45.49,1,33.33,少数参考,参考
4540,相原利章,1,8,62.5,12.5,25.0,100.0,0.101,0.05,0.17,75.0,86.47,13.53,0,0.0,得意,C
4512,高野哲史,3,9,33.33,44.44,22.22,100.0,0.151,0.07,0.23,33.33,54.51,45.49,0,0.0,得意,C
4632,長尾京志郎,5,6,0.0,0.0,33.33,33.33,0.16,0.04,0.31,16.67,34.22,-0.89,2,33.33,標準,C
4908,上田龍星,1,7,100.0,0.0,0.0,100.0,0.074,0.03,0.11,85.71,86.47,13.53,0,0.0,得意,C
4108,吉村正明,5,5,0.0,60.0,20.0,80.0,0.138,0.08,0.22,60.0,34.22,45.78,0,0.0,得意,C
5208,屋良龍紀,1,12,66.67,16.67,8.33,91.67,0.106,0.06,0.18,75.0,86.47,5.2,0,0.0,得意,B
5055,眞鳥章太,6,12,0.0,25.0,25.0,50.0,0.134,0.06,0.23,41.67,21.0,29.0,1,8.33,得意,B
4317,木村紗友希,1,6,16.67,33.33,33.33,83.33,0.132,0.07,0.28,50.0,86.47,-3.14,0,0.0,標準,C
4105,松下直也,3,7,14.29,14.29,42.86,71.43,0.16,0.11,0.25,14.29,54.51,16.92,0,0.0,得意,C
4540,相原利章,4,6,33.33,16.67,0.0,50.0,0.11,0.03,0.17,83.33,45.78,4.22,3,50.0,やや得意,C
4632,長尾京志郎,1,7,42.86,28.57,0.0,71.43,0.137,0.04,0.18,28.57,86.47,-15.04,0,0.0,得意,C
4512,高野哲史,5,8,25.0,12.5,37.5,75.0,0.122,0.07,0.19,25.0,34.22,40.78,3,37.5,得意,C
4532,秋元哲,3,4,0.0,50.0,50.0,100.0,0.135,0.03,0.18,25.0,54.51,45.49,1,25.0,少数参考,参考
5055,眞鳥章太,4,21,14.29,23.81,14.29,52.38,0.143,0.04,0.31,23.81,45.78,6.6,1,4.76,やや得意,A
4817,渡邉翼,5,7,0.0,14.29,42.86,57.14,0.129,0.07,0.23,28.57,34.22,22.92,2,28.57,得意,C
4512,高野哲史,1,14,78.57,0.0,14.29,92.86,0.129,0.02,0.24,42.86,86.47,6.39,0,0.0,得意,B
4376,藤田靖弘,5,4,0.0,50.0,0.0,50.0,0.168,0.13,0.2,0.0,34.22,15.78,0,0.0,少数参考,参考
4540,相原利章,5,6,0.0,33.33,33.33,66.67,0.127,0.07,0.17,50.0,34.22,32.45,1,16.67,得意,C
5055,眞鳥章太,1,34,67.65,11.76,20.59,100.0,0.132,0.01,0.26,26.47,86.47,13.53,0,0.0,得意,A
3474,松瀬弘美,5,4,50.0,0.0,25.0,75.0,0.07,0.07,0.07,50.0,34.22,40.78,0,0.0,少数参考,参考
4817,渡邉翼,4,3,33.33,66.67,0.0,100.0,0.15,0.1,0.24,66.67,45.78,54.22,0,0.0,少数参考,参考
4821,妻鳥晋也,3,4,0.0,75.0,0.0,75.0,0.18,0.12,0.22,0.0,54.51,20.49,2,50.0,少数参考,参考
4317,木村紗友希,3,5,40.0,40.0,0.0,80.0,0.138,0.11,0.18,60.0,54.51,25.49,1,20.0,得意,C
4619,伏田裕隆,1,3,0.0,66.67,0.0,66.67,0.183,0.11,0.29,0.0,86.47,-19.8,0,0.0,少数参考,参考
4834,浜本裕己,1,5,60.0,40.0,0.0,100.0,0.136,0.08,0.23,40.0,86.47,13.53,0,0.0,得意,C
4540,相原利章,3,3,33.33,33.33,33.33,100.0,0.107,0.07,0.16,66.67,54.51,45.49,1,33.33,少数参考,参考
4817,渡邉翼,1,11,63.64,18.18,18.18,100.0,0.11,0.07,0.17,63.64,86.47,13.53,0,0.0,得意,B
4303,牧原崇,2,7,28.57,0.0,42.86,71.43,0.159,0.09,0.26,14.29,57.97,13.46,1,14.29,得意,C
4317,木村紗友希,5,3,0.0,33.33,33.33,66.67,0.127,0.11,0.16,66.67,34.22,32.45,1,33.33,少数参考,参考
4052,興津藍,1,7,85.71,14.29,0.0,100.0,0.129,0.06,0.23,14.29,86.47,13.53,0,0.0,得意,C
4619,伏田裕隆,5,3,0.0,33.33,0.0,33.33,0.27,0.15,0.47,0.0,34.22,-0.89,1,33.33,少数参考,参考
3474,松瀬弘美,3,3,0.0,0.0,0.0,0.0,0.147,0.13,0.17,33.33,54.51,-54.51,0,0.0,少数参考,参考
4948,木場悠介,5,15,20.0,13.33,33.33,66.67,0.136,0.05,0.22,26.67,34.22,32.45,1,6.67,得意,B
4108,吉村正明,6,3,0.0,66.67,0.0,66.67,0.197,0.15,0.23,33.33,21.0,45.67,0,0.0,少数参考,参考
4036,金田諭,6,5,0.0,0.0,40.0,40.0,0.138,0.07,0.19,20.0,21.0,19.0,0,0.0,得意,C
5086,本村大,5,22,13.64,22.73,31.82,68.18,0.176,0.07,0.35,31.82,34.22,33.96,3,13.64,得意,A
4052,興津藍,6,5,0.0,0.0,0.0,0.0,0.182,0.09,0.27,0.0,21.0,-21.0,0,0.0,苦手,C
5208,屋良龍紀,3,11,36.36,18.18,9.09,63.64,0.111,0.07,0.24,54.55,54.51,9.13,1,9.09,得意,B
3702,貞兼淳二,6,4,0.0,0.0,50.0,50.0,0.23,0.18,0.29,0.0,21.0,29.0,0,0.0,少数参考,参考
4632,長尾京志郎,2,5,20.0,40.0,40.0,100.0,0.2,0.05,0.33,40.0,57.97,42.03,1,20.0,得意,C
3992,関口智久,5,3,0.0,0.0,33.33,33.33,0.173,0.14,0.19,33.33,34.22,-0.89,1,33.33,少数参考,参考
4834,浜本裕己,3,4,25.0,0.0,25.0,50.0,0.147,0.06,0.31,50.0,54.51,-4.51,0,0.0,少数参考,参考
5129,山口真喜子,5,8,12.5,62.5,0.0,75.0,0.149,0.05,0.23,25.0,34.22,40.78,1,12.5,得意,C
4924,中北涼,4,11,0.0,9.09,27.27,36.36,0.177,0.09,0.3,0.0,45.78,-9.42,2,18.18,標準,B
5055,眞鳥章太,3,19,15.79,26.32,36.84,78.95,0.127,0.02,0.25,57.89,54.51,24.44,0,0.0,得意,B
3992,関口智久,2,7,28.57,14.29,28.57,71.43,0.126,0.07,0.22,14.29,57.97,13.46,0,0.0,得意,C
4919,吉田翔悟,5,11,0.0,18.18,54.55,72.73,0.096,0.06,0.17,36.36,34.22,38.51,0,0.0,得意,B
3474,松瀬弘美,4,3,0.0,0.0,66.67,66.67,0.117,0.11,0.13,33.33,45.78,20.89,0,0.0,少数参考,参考
5208,屋良龍紀,5,5,0.0,0.0,20.0,20.0,0.124,0.05,0.26,40.0,34.22,-14.22,0,0.0,苦手,C
3992,関口智久,6,5,0.0,20.0,20.0,40.0,0.092,0.03,0.16,80.0,21.0,19.0,1,20.0,得意,C
3906,飯山晃三,6,4,0.0,0.0,50.0,50.0,0.212,0.18,0.23,0.0,21.0,29.0,0,0.0,少数参考,参考
3539,金子順一,1,6,16.67,50.0,33.33,100.0,0.165,0.08,0.24,16.67,86.47,13.53,0,0.0,得意,C
3703,鳥飼眞,3,6,0.0,33.33,0.0,33.33,0.26,0.18,0.49,0.0,54.51,-21.18,0,0.0,苦手,C
3621,天野晶夫,3,4,25.0,25.0,50.0,100.0,0.168,0.03,0.3,50.0,54.51,45.49,0,0.0,少数参考,参考
3293,宮内由紀英,4,4,0.0,0.0,75.0,75.0,0.165,0.09,0.19,0.0,45.78,29.22,0,0.0,少数参考,参考
3582,吉川昭男,3,6,0.0,33.33,33.33,66.67,0.125,0.1,0.17,50.0,54.51,12.16,4,66.67,得意,C
3641,一瀬明,5,9,11.11,44.44,11.11,66.67,0.119,0.06,0.21,44.44,34.22,32.45,2,22.22,得意,C
3737,上平真二,6,3,0.0,0.0,66.67,66.67,0.193,0.06,0.31,0.0,21.0,45.67,0,0.0,少数参考,参考
3514,山一鉄也,1,12,66.67,16.67,0.0,83.33,0.133,0.08,0.23,33.33,86.47,-3.14,0,0.0,得意,B
3284,渡邊伸太郎,3,7,14.29,28.57,42.86,85.71,0.151,0.1,0.19,0.0,54.51,31.2,0,0.0,得意,C
3484,芝田浩治,4,4,0.0,75.0,0.0,75.0,0.16,0.14,0.17,0.0,45.78,29.22,0,0.0,少数参考,参考
3582,吉川昭男,1,4,75.0,25.0,0.0,100.0,0.095,0.08,0.13,75.0,86.47,13.53,0,0.0,少数参考,参考
3569,増田進,6,3,0.0,0.0,0.0,0.0,0.223,0.18,0.29,0.0,21.0,-21.0,1,33.33,少数参考,参考
3558,山本浩次,5,3,0.0,0.0,66.67,66.67,0.143,0.07,0.2,33.33,34.22,32.45,1,33.33,少数参考,参考
3568,木村光宏,2,7,14.29,57.14,14.29,85.71,0.151,0.08,0.21,28.57,57.97,27.74,0,0.0,得意,C
3539,金子順一,3,6,0.0,16.67,16.67,33.33,0.157,0.12,0.23,0.0,54.51,-21.18,0,0.0,苦手,C
3514,山一鉄也,4,9,11.11,44.44,33.33,88.89,0.159,0.11,0.27,33.33,45.78,43.11,1,11.11,得意,C
3489,大場敏,4,6,16.67,16.67,33.33,66.67,0.135,0.1,0.18,16.67,45.78,20.89,1,16.67,得意,C
3471,赤峰和也,2,3,0.0,0.0,66.67,66.67,0.227,0.16,0.33,0.0,57.97,8.7,0,0.0,少数参考,参考
3621,天野晶夫,4,5,0.0,20.0,60.0,80.0,0.138,0.08,0.21,20.0,45.78,34.22,0,0.0,得意,C
3703,鳥飼眞,2,4,0.0,25.0,0.0,25.0,0.17,0.12,0.22,0.0,57.97,-32.97,0,0.0,少数参考,参考
3664,鈴木賢一,2,7,14.29,57.14,28.57,100.0,0.164,0.09,0.25,14.29,57.97,42.03,0,0.0,得意,C
3514,山一鉄也,5,9,11.11,11.11,44.44,66.67,0.156,0.09,0.24,33.33,34.22,32.45,1,11.11,得意,C
3478,嶋田貴支,6,5,0.0,0.0,40.0,40.0,0.21,0.11,0.31,0.0,21.0,19.0,0,0.0,得意,C
3737,上平真二,1,9,88.89,11.11,0.0,100.0,0.121,0.09,0.18,55.56,86.47,13.53,0,0.0,得意,C
3459,中野和裕,5,3,0.0,0.0,0.0,0.0,0.087,0.03,0.12,0.0,34.22,-34.22,0,0.0,少数参考,参考
3539,金子順一,4,3,0.0,0.0,0.0,0.0,0.16,0.06,0.21,33.33,45.78,-45.78,0,0.0,少数参考,参考
3568,木村光宏,1,6,66.67,0.0,16.67,83.33,0.113,0.06,0.19,50.0,86.47,-3.14,0,0.0,得意,C
3737,上平真二,5,3,0.0,33.33,33.33,66.67,0.133,0.07,0.19,0.0,34.22,32.45,0,0.0,少数参考,参考
3514,山一鉄也,2,6,0.0,50.0,33.33,83.33,0.153,0.09,0.21,0.0,57.97,25.36,0,0.0,得意,C
3606,川北浩貴,6,3,0.0,0.0,0.0,0.0,0.197,0.18,0.22,33.33,21.0,-21.0,0,0.0,少数参考,参考
3703,鳥飼眞,4,4,50.0,25.0,25.0,100.0,0.135,0.11,0.17,50.0,45.78,54.22,0,0.0,少数参考,参考
3621,天野晶夫,2,4,0.0,25.0,50.0,75.0,0.117,0.06,0.19,50.0,57.97,17.03,0,0.0,少数参考,参考
3641,一瀬明,4,9,0.0,33.33,55.56,88.89,0.18,0.06,0.34,0.0,45.78,43.11,0,0.0,得意,C
4865,立具敬司,3,5,0.0,20.0,0.0,20.0,0.198,0.14,0.28,0.0,54.51,-34.51,0,0.0,苦手,C
4727,安部慎一,4,4,0.0,50.0,25.0,75.0,0.168,0.04,0.36,75.0,45.78,29.22,0,0.0,少数参考,参考
4202,浮田圭浩,1,3,66.67,33.33,0.0,100.0,0.113,0.09,0.14,100.0,86.47,13.53,0,0.0,少数参考,参考
5216,長谷川晴哉,3,3,0.0,66.67,33.33,100.0,0.17,0.14,0.21,0.0,54.51,45.49,0,0.0,少数参考,参考
4017,向井美鈴,5,4,0.0,0.0,75.0,75.0,0.195,0.18,0.21,25.0,34.22,40.78,1,25.0,少数参考,参考
4736,高倉和士,2,4,0.0,75.0,25.0,100.0,0.13,0.04,0.16,25.0,57.97,42.03,0,0.0,少数参考,参考
4427,秦英悟,4,6,16.67,33.33,50.0,100.0,0.102,0.02,0.14,16.67,45.78,54.22,0,0.0,得意,C
3881,浦上拓也,2,6,0.0,66.67,16.67,83.33,0.14,0.06,0.22,16.67,57.97,25.36,0,0.0,得意,C
4727,安部慎一,3,4,0.0,0.0,75.0,75.0,0.152,0.07,0.24,50.0,54.51,20.49,0,0.0,少数参考,参考
4313,西村美智子,4,3,33.33,0.0,66.67,100.0,0.16,0.13,0.18,33.33,45.78,54.22,1,33.33,少数参考,参考
4017,向井美鈴,1,10,80.0,0.0,0.0,80.0,0.132,0.04,0.3,40.0,86.47,-6.47,1,10.0,得意,B
4224,大橋栄里佳,3,5,40.0,20.0,20.0,80.0,0.194,0.11,0.25,40.0,54.51,25.49,1,20.0,得意,C
5012,加倉侑征,4,5,0.0,20.0,40.0,60.0,0.124,0.02,0.23,40.0,45.78,14.22,0,0.0,得意,C
4172,森定晃史,5,3,0.0,66.67,33.33,100.0,0.217,0.14,0.3,33.33,34.22,65.78,0,0.0,少数参考,参考
4398,船岡洋一郎,4,3,0.0,0.0,33.33,33.33,0.1,0.07,0.16,100.0,45.78,-12.45,0,0.0,少数参考,参考
5216,長谷川晴哉,4,3,33.33,33.33,0.0,66.67,0.107,0.06,0.14,33.33,45.78,20.89,0,0.0,少数参考,参考
4234,野相弘司,3,7,0.0,57.14,28.57,85.71,0.134,0.08,0.19,28.57,54.51,31.2,1,14.29,得意,C
5012,加倉侑征,2,3,33.33,33.33,33.33,100.0,0.117,0.08,0.16,66.67,57.97,42.03,0,0.0,少数参考,参考
3715,倉尾大介,1,5,40.0,0.0,40.0,80.0,0.182,0.12,0.27,20.0,86.47,-6.47,0,0.0,標準,C
4313,西村美智子,1,3,33.33,66.67,0.0,100.0,0.153,0.13,0.18,66.67,86.47,13.53,0,0.0,少数参考,参考
5216,長谷川晴哉,5,3,0.0,33.33,33.33,66.67,0.21,0.18,0.24,33.33,34.22,32.45,0,0.0,少数参考,参考
4234,野相弘司,4,4,0.0,25.0,50.0,75.0,0.165,0.08,0.23,0.0,45.78,29.22,0,0.0,少数参考,参考
4427,秦英悟,6,4,0.0,0.0,75.0,75.0,0.177,0.13,0.23,0.0,21.0,54.0,0,0.0,少数参考,参考
3232,山川美由紀,6,3,0.0,0.0,66.67,66.67,0.167,0.11,0.22,33.33,21.0,45.67,0,0.0,少数参考,参考
4172,森定晃史,2,3,0.0,33.33,66.67,100.0,0.127,0.08,0.16,33.33,57.97,42.03,0,0.0,少数参考,参考
4224,大橋栄里佳,1,4,100.0,0.0,0.0,100.0,0.125,0.03,0.24,75.0,86.47,13.53,0,0.0,少数参考,参考
3715,倉尾大介,3,4,0.0,25.0,50.0,75.0,0.128,0.07,0.16,0.0,54.51,20.49,1,25.0,少数参考,参考
5277,井上未都,5,5,0.0,0.0,0.0,0.0,0.11,0.03,0.2,40.0,34.22,-34.22,2,40.0,苦手,C
4234,野相弘司,1,5,60.0,40.0,0.0,100.0,0.126,0.09,0.18,80.0,86.47,13.53,0,0.0,得意,C
5216,長谷川晴哉,2,3,0.0,33.33,66.67,100.0,0.257,0.23,0.29,0.0,57.97,42.03,0,0.0,少数参考,参考
4865,立具敬司,2,5,0.0,0.0,80.0,80.0,0.192,0.11,0.32,20.0,57.97,22.03,0,0.0,得意,C
4017,向井美鈴,6,5,0.0,20.0,60.0,80.0,0.19,0.11,0.27,20.0,21.0,59.0,0,0.0,得意,C
4785,木幡純也,5,3,0.0,0.0,66.67,66.67,0.207,0.14,0.32,33.33,34.22,32.45,1,33.33,少数参考,参考
4736,高倉和士,3,3,0.0,33.33,0.0,33.33,0.13,0.07,0.21,0.0,54.51,-21.18,0,0.0,少数参考,参考
5012,加倉侑征,6,3,0.0,33.33,33.33,66.67,0.113,0.06,0.15,33.33,21.0,45.67,1,33.33,少数参考,参考
4865,立具敬司,4,4,0.0,0.0,25.0,25.0,0.15,0.1,0.18,0.0,45.78,-20.78,1,25.0,少数参考,参考
4382,高山智至,4,4,0.0,25.0,50.0,75.0,0.18,0.14,0.2,25.0,45.78,29.22,1,25.0,少数参考,参考
5216,長谷川晴哉,1,3,33.33,0.0,33.33,66.67,0.193,0.14,0.25,0.0,86.47,-19.8,0,0.0,少数参考,参考
5199,垂水悠,2,3,33.33,33.33,0.0,66.67,0.147,0.09,0.19,66.67,57.97,8.7,0,0.0,少数参考,参考
3967,鈴木茂高,3,3,0.0,66.67,0.0,66.67,0.287,0.16,0.51,33.33,54.51,12.16,0,0.0,少数参考,参考
5152,丸山祐也,2,6,16.67,33.33,16.67,66.67,0.205,0.05,0.32,16.67,57.97,8.7,0,0.0,得意,C
4427,秦英悟,5,4,0.0,0.0,50.0,50.0,0.15,0.01,0.23,50.0,34.22,15.78,0,0.0,少数参考,参考
3471,赤峰和也,1,3,66.67,33.33,0.0,100.0,0.157,0.11,0.22,33.33,86.47,13.53,0,0.0,少数参考,参考
3448,高山秀雄,4,4,0.0,0.0,50.0,50.0,0.208,0.14,0.26,0.0,45.78,4.22,0,0.0,少数参考,参考
3462,竹上真司,6,3,0.0,0.0,0.0,0.0,0.2,0.16,0.26,0.0,21.0,-21.0,0,0.0,少数参考,参考
3211,北川敏弘,6,3,0.0,0.0,33.33,33.33,0.16,0.12,0.22,0.0,21.0,12.33,0,0.0,少数参考,参考
3514,山一鉄也,6,5,0.0,0.0,20.0,20.0,0.224,0.09,0.3,20.0,21.0,-1.0,0,0.0,標準,C
3539,金子順一,2,6,16.67,16.67,33.33,66.67,0.22,0.11,0.33,16.67,57.97,8.7,1,16.67,得意,C
3484,芝田浩治,5,3,0.0,0.0,66.67,66.67,0.217,0.21,0.23,33.33,34.22,32.45,0,0.0,少数参考,参考
3703,鳥飼眞,1,7,85.71,14.29,0.0,100.0,0.164,0.13,0.21,57.14,86.47,13.53,0,0.0,得意,C
3737,上平真二,2,4,25.0,25.0,50.0,100.0,0.135,0.07,0.17,25.0,57.97,42.03,0,0.0,少数参考,参考
3514,山一鉄也,3,6,16.67,33.33,33.33,83.33,0.173,0.13,0.27,0.0,54.51,28.82,1,16.67,得意,C
3559,水長照雄,5,3,0.0,0.0,0.0,0.0,0.143,0.11,0.21,66.67,34.22,-34.22,1,33.33,少数参考,参考
3621,天野晶夫,1,5,80.0,20.0,0.0,100.0,0.188,0.06,0.41,60.0,86.47,13.53,0,0.0,得意,C
5152,丸山祐也,4,3,0.0,33.33,0.0,33.33,0.2,0.07,0.33,0.0,45.78,-12.45,0,0.0,少数参考,参考
4017,向井美鈴,3,4,25.0,0.0,25.0,50.0,0.182,0.13,0.25,0.0,54.51,-4.51,0,0.0,少数参考,参考
4878,西岡育未,5,3,0.0,0.0,33.33,33.33,0.13,0.06,0.22,66.67,34.22,-0.89,0,0.0,少数参考,参考
4727,安部慎一,5,3,33.33,0.0,0.0,33.33,0.103,0.09,0.11,66.67,34.22,-0.89,1,33.33,少数参考,参考
5152,丸山祐也,6,4,0.0,0.0,0.0,0.0,0.225,0.17,0.36,0.0,21.0,-21.0,0,0.0,少数参考,参考
4202,浮田圭浩,3,5,0.0,60.0,40.0,100.0,0.16,0.1,0.21,20.0,54.51,45.49,0,0.0,得意,C
4813,宮内直哉,4,3,0.0,33.33,0.0,33.33,0.13,0.05,0.28,33.33,45.78,-12.45,0,0.0,少数参考,参考
3963,原田秀弥,5,5,20.0,20.0,40.0,80.0,0.188,0.12,0.29,0.0,34.22,45.78,2,40.0,得意,C
5023,久永祥平,1,3,66.67,0.0,33.33,100.0,0.24,0.16,0.36,0.0,86.47,13.53,0,0.0,少数参考,参考
4813,宮内直哉,1,3,33.33,0.0,33.33,66.67,0.2,0.11,0.33,33.33,86.47,-19.8,0,0.0,少数参考,参考
4336,松田竜馬,3,7,14.29,42.86,14.29,71.43,0.141,0.05,0.28,57.14,54.51,16.92,1,14.29,得意,C
5066,鈴木孝明,6,5,0.0,0.0,80.0,80.0,0.184,0.04,0.39,40.0,21.0,59.0,0,0.0,得意,C
4892,柴田直哉,2,5,0.0,60.0,20.0,80.0,0.146,0.09,0.22,0.0,57.97,22.03,0,0.0,得意,C
4128,川口貴久,3,5,0.0,80.0,0.0,80.0,0.094,0.06,0.13,60.0,54.51,25.49,2,40.0,得意,C
5023,久永祥平,3,4,0.0,0.0,75.0,75.0,0.188,0.15,0.23,0.0,54.51,20.49,0,0.0,少数参考,参考
4861,田中宏樹,4,4,0.0,75.0,0.0,75.0,0.13,0.11,0.16,25.0,45.78,29.22,0,0.0,少数参考,参考
4410,井上大輔,2,7,57.14,14.29,28.57,100.0,0.17,0.11,0.27,14.29,57.97,42.03,0,0.0,得意,C
4615,板倉敦史,3,4,25.0,0.0,50.0,75.0,0.2,0.15,0.27,0.0,54.51,20.49,1,25.0,少数参考,参考
3826,村田修次,1,4,75.0,25.0,0.0,100.0,0.133,0.08,0.19,100.0,86.47,13.53,0,0.0,少数参考,参考
5066,鈴木孝明,2,7,14.29,42.86,14.29,71.43,0.161,0.06,0.35,14.29,57.97,13.46,1,14.29,得意,C
3963,原田秀弥,4,3,33.33,33.33,0.0,66.67,0.117,0.04,0.23,33.33,45.78,20.89,2,66.67,少数参考,参考
4728,山口亮,2,5,20.0,40.0,20.0,80.0,0.166,0.14,0.21,0.0,57.97,22.03,0,0.0,得意,C
5109,川崎智稔,4,6,16.67,16.67,0.0,33.33,0.118,0.03,0.21,33.33,45.78,-12.45,0,0.0,苦手,C
5298,水谷理人,6,9,0.0,11.11,22.22,33.33,0.096,0.01,0.23,33.33,21.0,12.33,1,11.11,得意,C
3546,中里昌志,4,7,0.0,42.86,28.57,71.43,0.151,0.09,0.21,42.86,45.78,25.65,1,14.29,得意,C
3963,原田秀弥,2,5,20.0,20.0,60.0,100.0,0.172,0.12,0.21,20.0,57.97,42.03,0,0.0,得意,C
4615,板倉敦史,5,6,0.0,0.0,16.67,16.67,0.225,0.09,0.36,0.0,34.22,-17.55,1,16.67,苦手,C
5066,鈴木孝明,3,9,44.44,33.33,11.11,88.89,0.138,0.04,0.23,44.44,54.51,34.38,1,11.11,得意,C
4892,柴田直哉,4,3,0.0,100.0,0.0,100.0,0.163,0.11,0.19,66.67,45.78,54.22,0,0.0,少数参考,参考
3748,小黒竜吾,1,4,0.0,50.0,0.0,50.0,0.205,0.11,0.38,25.0,86.47,-36.47,0,0.0,少数参考,参考
4555,富永大一,3,7,14.29,28.57,57.14,100.0,0.157,0.11,0.21,28.57,54.51,45.49,0,0.0,得意,C
4410,井上大輔,4,11,27.27,27.27,36.36,90.91,0.122,0.04,0.23,54.55,45.78,45.13,1,9.09,得意,B
4809,外崎悟,1,3,100.0,0.0,0.0,100.0,0.1,0.04,0.14,66.67,86.47,13.53,0,0.0,少数参考,参考
4813,宮内直哉,5,3,0.0,0.0,33.33,33.33,0.14,0.09,0.17,0.0,34.22,-0.89,0,0.0,少数参考,参考
5066,鈴木孝明,4,4,0.0,25.0,75.0,100.0,0.122,0.08,0.16,50.0,45.78,54.22,0,0.0,少数参考,参考
3826,村田修次,3,3,0.0,33.33,66.67,100.0,0.123,0.07,0.16,33.33,54.51,45.49,0,0.0,少数参考,参考
3602,奥平拓也,3,4,0.0,25.0,75.0,100.0,0.155,0.07,0.21,0.0,54.51,45.49,0,0.0,少数参考,参考
4077,品田直樹,1,4,25.0,50.0,0.0,75.0,0.125,0.09,0.16,25.0,86.47,-11.47,0,0.0,少数参考,参考
4892,柴田直哉,3,3,0.0,0.0,66.67,66.67,0.147,0.14,0.16,0.0,54.51,12.16,0,0.0,少数参考,参考
4813,宮内直哉,2,3,0.0,0.0,33.33,33.33,0.183,0.09,0.25,0.0,57.97,-24.64,0,0.0,少数参考,参考
5298,水谷理人,5,6,33.33,16.67,16.67,66.67,0.163,0.07,0.31,33.33,34.22,32.45,2,33.33,得意,C
4693,松下誉士,1,5,40.0,20.0,20.0,80.0,0.158,0.1,0.25,20.0,86.47,-6.47,0,0.0,得意,C
4477,篠崎仁志,2,4,0.0,75.0,25.0,100.0,0.182,0.09,0.31,25.0,57.97,42.03,0,0.0,少数参考,参考
4615,板倉敦史,4,3,33.33,0.0,0.0,33.33,0.177,0.1,0.25,0.0,45.78,-12.45,1,33.33,少数参考,参考
3963,原田秀弥,1,5,80.0,20.0,0.0,100.0,0.126,0.05,0.19,40.0,86.47,13.53,0,0.0,得意,C
5109,川崎智稔,2,8,12.5,50.0,25.0,87.5,0.169,0.11,0.25,12.5,57.97,29.53,0,0.0,得意,C
5177,松井貫太,5,3,0.0,0.0,33.33,33.33,0.17,0.11,0.23,0.0,34.22,-0.89,0,0.0,少数参考,参考
5066,鈴木孝明,1,5,100.0,0.0,0.0,100.0,0.148,0.04,0.25,40.0,86.47,13.53,0,0.0,得意,C
4555,富永大一,6,4,0.0,25.0,75.0,100.0,0.14,0.08,0.26,25.0,21.0,79.0,0,0.0,少数参考,参考
3161,古場輝義,2,6,0.0,50.0,33.33,83.33,0.173,0.07,0.24,0.0,57.97,25.36,3,50.0,得意,C
5023,久永祥平,5,3,33.33,33.33,0.0,66.67,0.173,0.14,0.21,66.67,34.22,32.45,0,0.0,少数参考,参考
3963,原田秀弥,3,7,0.0,57.14,0.0,57.14,0.173,0.08,0.27,28.57,54.51,2.63,1,14.29,標準,C
3826,村田修次,4,3,0.0,33.33,66.67,100.0,0.187,0.16,0.21,33.33,45.78,54.22,0,0.0,少数参考,参考
4728,山口亮,1,3,33.33,66.67,0.0,100.0,0.15,0.03,0.24,33.33,86.47,13.53,0,0.0,少数参考,参考
5055,眞鳥章太,2,25,24.0,36.0,16.0,76.0,0.15,0.04,0.29,12.0,57.97,18.03,0,0.0,得意,A
4809,外崎悟,3,4,0.0,100.0,0.0,100.0,0.17,0.14,0.18,0.0,54.51,45.49,2,50.0,少数参考,参考
4528,黒井達矢,5,6,0.0,66.67,0.0,66.67,0.148,0.08,0.27,0.0,34.22,32.45,2,33.33,得意,C
4861,田中宏樹,5,3,0.0,33.33,33.33,66.67,0.163,0.14,0.18,66.67,34.22,32.45,0,0.0,少数参考,参考
5109,川崎智稔,1,4,50.0,50.0,0.0,100.0,0.163,0.11,0.23,75.0,86.47,13.53,0,0.0,少数参考,参考
4615,板倉敦史,2,3,0.0,0.0,33.33,33.33,0.227,0.18,0.29,0.0,57.97,-24.64,0,0.0,少数参考,参考
4477,篠崎仁志,4,7,0.0,28.57,28.57,57.14,0.149,0.05,0.28,28.57,45.78,11.36,0,0.0,得意,C
4809,外崎悟,5,3,0.0,66.67,33.33,100.0,0.133,0.09,0.18,33.33,34.22,65.78,0,0.0,少数参考,参考
3568,木村光宏,3,5,20.0,20.0,60.0,100.0,0.204,0.17,0.26,0.0,54.51,45.49,0,0.0,得意,C
3489,大場敏,6,5,0.0,0.0,40.0,40.0,0.224,0.17,0.34,20.0,21.0,19.0,1,20.0,得意,C
3703,鳥飼眞,5,3,0.0,33.33,0.0,33.33,0.2,0.14,0.24,0.0,34.22,-0.89,1,33.33,少数参考,参考
3621,天野晶夫,6,3,0.0,0.0,33.33,33.33,0.197,0.11,0.27,0.0,21.0,12.33,0,0.0,少数参考,参考
5177,松井貫太,4,3,0.0,0.0,0.0,0.0,0.217,0.18,0.27,0.0,45.78,-45.78,0,0.0,少数参考,参考
4077,品田直樹,3,3,0.0,0.0,100.0,100.0,0.15,0.06,0.21,0.0,54.51,45.49,0,0.0,少数参考,参考
4728,山口亮,3,3,33.33,33.33,0.0,66.67,0.137,0.07,0.17,33.33,54.51,12.16,0,0.0,少数参考,参考
5237,永松良教,5,3,0.0,0.0,0.0,0.0,0.193,0.11,0.25,33.33,34.22,-34.22,2,66.67,少数参考,参考
4077,品田直樹,2,4,50.0,25.0,25.0,100.0,0.143,0.13,0.16,25.0,57.97,42.03,0,0.0,少数参考,参考
3471,赤峰和也,4,4,25.0,50.0,0.0,75.0,0.122,0.05,0.18,50.0,45.78,29.22,1,25.0,少数参考,参考
5096,上原崚,5,3,0.0,0.0,66.67,66.67,0.063,0.05,0.07,0.0,34.22,32.45,1,33.33,少数参考,参考
4704,河野大,3,8,25.0,37.5,25.0,87.5,0.113,0.05,0.19,37.5,54.51,32.99,1,12.5,得意,C
4835,橋本明,5,10,0.0,10.0,40.0,50.0,0.128,0.09,0.17,20.0,34.22,15.78,3,30.0,得意,B
3307,上瀧和則,2,26,15.38,11.54,23.08,50.0,0.141,0.06,0.26,11.54,57.97,-7.97,23,88.46,標準,A
4179,広次修,1,6,50.0,50.0,0.0,100.0,0.135,0.11,0.15,16.67,86.47,13.53,0,0.0,得意,C
5337,出畑孝成,6,3,0.0,0.0,0.0,0.0,0.17,0.12,0.21,0.0,21.0,-21.0,2,66.67,少数参考,参考
4835,橋本明,2,8,0.0,62.5,37.5,100.0,0.131,0.04,0.17,25.0,57.97,42.03,0,0.0,得意,C
4179,広次修,4,4,0.0,25.0,50.0,75.0,0.113,0.07,0.18,0.0,45.78,29.22,0,0.0,少数参考,参考
3307,上瀧和則,1,11,63.64,18.18,9.09,90.91,0.138,0.06,0.23,18.18,86.47,4.44,0,0.0,得意,B
4704,河野大,6,6,0.0,0.0,50.0,50.0,0.11,0.03,0.14,83.33,21.0,29.0,0,0.0,得意,C
5063,大塚雅治,3,4,0.0,25.0,50.0,75.0,0.103,0.09,0.11,50.0,54.51,20.49,0,0.0,少数参考,参考
4835,橋本明,4,7,0.0,28.57,57.14,85.71,0.143,0.11,0.21,28.57,45.78,39.93,3,42.86,得意,C
5330,安河内鈴之介,6,6,16.67,0.0,0.0,16.67,0.138,0.03,0.21,16.67,21.0,-4.33,3,50.0,標準,C
4704,河野大,5,6,0.0,16.67,50.0,66.67,0.187,0.11,0.31,50.0,34.22,32.45,0,0.0,得意,C
4704,河野大,1,11,90.91,9.09,0.0,100.0,0.091,0.04,0.12,45.45,86.47,13.53,0,0.0,得意,B
4950,高岡竜也,3,6,16.67,16.67,33.33,66.67,0.1,0.07,0.18,33.33,54.51,12.16,0,0.0,得意,C
4218,吉川喜継,2,5,40.0,60.0,0.0,100.0,0.144,0.08,0.21,20.0,57.97,42.03,0,0.0,得意,C
4635,峰重力也,1,3,66.67,0.0,33.33,100.0,0.077,0.03,0.15,66.67,86.47,13.53,0,0.0,少数参考,参考
3627,井上恵一,3,4,0.0,100.0,0.0,100.0,0.2,0.14,0.31,0.0,54.51,45.49,0,0.0,少数参考,参考
3800,牧宏次,5,4,0.0,0.0,75.0,75.0,0.175,0.09,0.24,25.0,34.22,40.78,0,0.0,少数参考,参考
4835,橋本明,1,5,80.0,20.0,0.0,100.0,0.134,0.02,0.22,40.0,86.47,13.53,0,0.0,得意,C
5210,藤井公人,3,6,16.67,16.67,33.33,66.67,0.158,0.09,0.27,0.0,54.51,12.16,1,16.67,得意,C
4179,広次修,3,8,0.0,37.5,12.5,50.0,0.119,0.06,0.21,37.5,54.51,-4.51,2,25.0,標準,C
4950,高岡竜也,1,5,40.0,20.0,20.0,80.0,0.156,0.09,0.22,0.0,86.47,-6.47,0,0.0,得意,C
4179,広次修,5,4,0.0,0.0,25.0,25.0,0.1,0.01,0.14,50.0,34.22,-9.22,1,25.0,少数参考,参考
4950,高岡竜也,4,4,25.0,25.0,0.0,50.0,0.138,0.07,0.22,25.0,45.78,4.22,0,0.0,少数参考,参考
5160,藤森陸斗,4,4,0.0,50.0,25.0,75.0,0.107,0.03,0.22,75.0,45.78,29.22,1,25.0,少数参考,参考
4950,高岡竜也,6,3,0.0,0.0,66.67,66.67,0.16,0.1,0.23,0.0,21.0,45.67,0,0.0,少数参考,参考
5133,堀越雄貴,5,3,0.0,33.33,33.33,66.67,0.17,0.14,0.21,0.0,34.22,32.45,2,66.67,少数参考,参考
5135,仲航太,2,4,0.0,75.0,25.0,100.0,0.128,0.07,0.18,0.0,57.97,42.03,0,0.0,少数参考,参考
3615,横田茂,4,4,0.0,0.0,25.0,25.0,0.143,0.08,0.23,0.0,45.78,-20.78,1,25.0,少数参考,参考
3212,亀本勇樹,1,4,0.0,100.0,0.0,100.0,0.1,0.06,0.13,25.0,86.47,13.53,0,0.0,少数参考,参考
5142,常住蓮,5,8,0.0,50.0,50.0,100.0,0.111,0.03,0.21,37.5,34.22,65.78,1,12.5,得意,C
4416,三宅健太,2,8,12.5,12.5,37.5,62.5,0.147,0.03,0.27,12.5,57.97,4.53,0,0.0,やや得意,C
5043,中村日向,3,6,16.67,16.67,16.67,50.0,0.16,0.09,0.24,16.67,54.51,-4.51,1,16.67,標準,C
4790,柳内敬太,5,5,0.0,40.0,40.0,80.0,0.142,0.06,0.19,40.0,34.22,45.78,0,0.0,得意,C
5017,澤田尚也,2,5,20.0,40.0,0.0,60.0,0.164,0.13,0.21,0.0,57.97,2.03,0,0.0,標準,C
4706,三浦洋次朗,3,8,12.5,50.0,0.0,62.5,0.161,0.11,0.24,0.0,54.51,7.99,1,12.5,やや得意,C
4887,富澤祐作,2,5,20.0,0.0,40.0,60.0,0.18,0.15,0.22,20.0,57.97,2.03,0,0.0,標準,C
4137,君島秀三,1,6,50.0,33.33,16.67,100.0,0.17,0.11,0.21,16.67,86.47,13.53,0,0.0,得意,C
4790,柳内敬太,2,6,16.67,50.0,16.67,83.33,0.143,0.11,0.19,16.67,57.97,25.36,0,0.0,得意,C
5017,澤田尚也,6,3,0.0,33.33,66.67,100.0,0.157,0.06,0.28,0.0,21.0,79.0,0,0.0,少数参考,参考
5135,仲航太,3,3,33.33,0.0,33.33,66.67,0.133,0.09,0.18,33.33,54.51,12.16,2,66.67,少数参考,参考
4137,君島秀三,5,3,0.0,33.33,66.67,100.0,0.1,0.07,0.12,0.0,34.22,65.78,1,33.33,少数参考,参考
4790,柳内敬太,3,7,42.86,28.57,14.29,85.71,0.119,0.08,0.18,28.57,54.51,31.2,0,0.0,得意,C
5017,澤田尚也,1,8,87.5,0.0,12.5,100.0,0.126,0.07,0.19,37.5,86.47,13.53,0,0.0,得意,C
4143,浦田晃嗣,2,3,33.33,0.0,66.67,100.0,0.18,0.16,0.21,66.67,57.97,42.03,0,0.0,少数参考,参考
5142,常住蓮,3,5,20.0,80.0,0.0,100.0,0.168,0.12,0.21,40.0,54.51,45.49,1,20.0,得意,C
4887,富澤祐作,3,5,0.0,40.0,40.0,80.0,0.12,0.03,0.21,60.0,54.51,25.49,0,0.0,得意,C
5043,中村日向,1,6,66.67,33.33,0.0,100.0,0.143,0.11,0.19,66.67,86.47,13.53,0,0.0,得意,C
4137,君島秀三,4,3,0.0,66.67,0.0,66.67,0.137,0.12,0.15,0.0,45.78,20.89,1,33.33,少数参考,参考
5212,西川拓利,4,5,20.0,40.0,0.0,60.0,0.176,0.08,0.24,20.0,45.78,14.22,1,20.0,得意,C
5017,澤田尚也,4,4,0.0,75.0,25.0,100.0,0.102,0.06,0.18,100.0,45.78,54.22,0,0.0,少数参考,参考
4887,富澤祐作,1,4,50.0,25.0,0.0,75.0,0.1,0.04,0.16,25.0,86.47,-11.47,0,0.0,少数参考,参考
4790,柳内敬太,1,8,62.5,12.5,12.5,87.5,0.114,0.07,0.19,62.5,86.47,1.03,0,0.0,得意,C
5043,中村日向,2,4,75.0,0.0,0.0,75.0,0.145,0.11,0.18,50.0,57.97,17.03,0,0.0,少数参考,参考
4137,君島秀三,2,4,0.0,50.0,25.0,75.0,0.147,0.08,0.21,25.0,57.97,17.03,0,0.0,少数参考,参考
5043,中村日向,6,5,0.0,20.0,60.0,80.0,0.112,0.05,0.23,40.0,21.0,59.0,0,0.0,得意,C
4034,西原明生,5,3,0.0,0.0,33.33,33.33,0.107,0.09,0.14,0.0,34.22,-0.89,0,0.0,少数参考,参考
5014,梶山涼斗,3,5,0.0,0.0,60.0,60.0,0.15,0.12,0.27,20.0,54.51,5.49,0,0.0,やや得意,C
4416,三宅健太,1,7,14.29,28.57,28.57,71.43,0.151,0.09,0.25,28.57,86.47,-15.04,0,0.0,苦手,C
4887,富澤祐作,5,3,0.0,33.33,33.33,66.67,0.123,0.1,0.14,33.33,34.22,32.45,1,33.33,少数参考,参考
4650,中山雄太,5,3,0.0,33.33,33.33,66.67,0.223,0.19,0.24,0.0,34.22,32.45,1,33.33,少数参考,参考
5014,梶山涼斗,4,5,40.0,0.0,20.0,60.0,0.1,0.06,0.15,60.0,45.78,14.22,0,0.0,得意,C
4844,村上奈穂,3,8,0.0,25.0,37.5,62.5,0.188,0.04,0.27,25.0,54.51,7.99,0,0.0,やや得意,C
3775,泉啓文,1,5,60.0,20.0,0.0,80.0,0.112,0.01,0.22,60.0,86.47,-6.47,0,0.0,得意,C
5000,岡本翔太郎,4,5,0.0,20.0,40.0,60.0,0.092,0.01,0.14,60.0,45.78,14.22,2,40.0,得意,C
5126,山下大輝,3,7,14.29,57.14,28.57,100.0,0.127,0.02,0.17,57.14,54.51,45.49,0,0.0,得意,C
5067,山田真聖,3,3,0.0,33.33,33.33,66.67,0.117,0.07,0.15,33.33,54.51,12.16,0,0.0,少数参考,参考
4811,向井田佑紀,2,6,16.67,33.33,50.0,100.0,0.132,0.04,0.25,16.67,57.97,42.03,0,0.0,得意,C
4808,松尾拓,3,5,40.0,20.0,20.0,80.0,0.124,0.08,0.19,40.0,54.51,25.49,0,0.0,得意,C
4949,横田貴満,3,12,0.0,33.33,33.33,66.67,0.149,0.09,0.22,16.67,54.51,12.16,1,8.33,得意,B
5155,内山七海,4,6,16.67,16.67,0.0,33.33,0.127,0.08,0.19,66.67,45.78,-12.45,0,0.0,苦手,C
4788,小池哲也,1,7,100.0,0.0,0.0,100.0,0.141,0.1,0.17,57.14,86.47,13.53,0,0.0,得意,C
4389,伊藤喜智,2,3,0.0,66.67,0.0,66.67,0.177,0.13,0.26,0.0,57.97,8.7,0,0.0,少数参考,参考
4949,横田貴満,2,8,0.0,37.5,12.5,50.0,0.171,0.09,0.28,12.5,57.97,-7.97,0,0.0,標準,C
4808,松尾拓,5,6,16.67,66.67,0.0,83.33,0.165,0.14,0.22,16.67,34.22,49.11,2,33.33,得意,C
4794,和田拓也,3,5,0.0,20.0,80.0,100.0,0.144,0.06,0.25,40.0,54.51,45.49,1,20.0,得意,C
4323,山田佑樹,2,3,66.67,0.0,33.33,100.0,0.127,0.06,0.18,33.33,57.97,42.03,0,0.0,少数参考,参考
4389,伊藤喜智,5,3,0.0,66.67,33.33,100.0,0.193,0.18,0.21,0.0,34.22,65.78,0,0.0,少数参考,参考
5067,山田真聖,2,4,25.0,25.0,25.0,75.0,0.147,0.11,0.18,25.0,57.97,17.03,0,0.0,少数参考,参考
5192,中尾優香,3,6,16.67,16.67,16.67,50.0,0.177,0.05,0.39,33.33,54.51,-4.51,1,16.67,標準,C
4179,広次修,2,5,20.0,0.0,20.0,40.0,0.162,0.11,0.26,0.0,57.97,-17.97,0,0.0,苦手,C
4788,小池哲也,4,3,33.33,66.67,0.0,100.0,0.173,0.12,0.24,33.33,45.78,54.22,1,33.33,少数参考,参考
5000,岡本翔太郎,5,5,0.0,0.0,60.0,60.0,0.132,0.07,0.23,40.0,34.22,25.78,1,20.0,得意,C
4516,野口勝弘,1,8,75.0,0.0,25.0,100.0,0.107,0.06,0.18,50.0,86.47,13.53,0,0.0,得意,C
5155,内山七海,2,5,20.0,40.0,20.0,80.0,0.126,0.07,0.23,40.0,57.97,22.03,0,0.0,得意,C
4808,松尾拓,1,7,100.0,0.0,0.0,100.0,0.139,0.07,0.22,42.86,86.47,13.53,0,0.0,得意,C
4567,上村慎太郎,3,4,0.0,0.0,25.0,25.0,0.182,0.08,0.28,0.0,54.51,-29.51,0,0.0,少数参考,参考
4788,小池哲也,6,5,0.0,20.0,40.0,60.0,0.16,0.1,0.28,20.0,21.0,39.0,1,20.0,得意,C
4794,和田拓也,1,4,75.0,25.0,0.0,100.0,0.14,0.1,0.17,75.0,86.47,13.53,0,0.0,少数参考,参考
5000,岡本翔太郎,3,3,33.33,0.0,66.67,100.0,0.137,0.07,0.21,0.0,54.51,45.49,0,0.0,少数参考,参考
4516,野口勝弘,3,6,16.67,16.67,0.0,33.33,0.148,0.06,0.22,16.67,54.51,-21.18,0,0.0,苦手,C
5126,山下大輝,4,6,16.67,66.67,0.0,83.33,0.132,0.09,0.18,16.67,45.78,37.55,0,0.0,得意,C
4927,関野文,6,3,0.0,33.33,33.33,66.67,0.187,0.11,0.23,0.0,21.0,45.67,0,0.0,少数参考,参考
4389,伊藤喜智,1,4,75.0,25.0,0.0,100.0,0.133,0.06,0.21,0.0,86.47,13.53,0,0.0,少数参考,参考
3643,米田隆弘,3,5,0.0,40.0,40.0,80.0,0.116,0.06,0.16,20.0,54.51,25.49,0,0.0,得意,C
5126,山下大輝,1,10,100.0,0.0,0.0,100.0,0.147,0.04,0.27,70.0,86.47,13.53,0,0.0,得意,B
3775,泉啓文,3,9,11.11,33.33,22.22,66.67,0.171,0.14,0.22,22.22,54.51,12.16,1,11.11,得意,C
4323,山田佑樹,1,3,100.0,0.0,0.0,100.0,0.147,0.06,0.21,33.33,86.47,13.53,0,0.0,少数参考,参考
5155,内山七海,5,5,40.0,0.0,20.0,60.0,0.222,0.04,0.41,20.0,34.22,25.78,0,0.0,得意,C
4949,横田貴満,1,13,76.92,15.38,7.69,100.0,0.137,0.06,0.23,53.85,86.47,13.53,0,0.0,得意,B
4633,森智也,1,6,66.67,33.33,0.0,100.0,0.137,0.08,0.18,83.33,86.47,13.53,0,0.0,得意,C
3444,香月大介,5,3,33.33,33.33,0.0,66.67,0.113,0.03,0.17,66.67,34.22,32.45,0,0.0,少数参考,参考
3797,岩井繁,5,3,0.0,33.33,33.33,66.67,0.133,0.11,0.18,66.67,34.22,32.45,0,0.0,少数参考,参考
4516,野口勝弘,2,7,14.29,57.14,28.57,100.0,0.154,0.11,0.21,14.29,57.97,42.03,0,0.0,得意,C
4389,伊藤喜智,3,4,0.0,25.0,25.0,50.0,0.188,0.14,0.23,0.0,54.51,-4.51,1,25.0,少数参考,参考
3444,香月大介,3,5,0.0,40.0,20.0,60.0,0.13,0.04,0.25,60.0,54.51,5.49,0,0.0,やや得意,C
4323,山田佑樹,3,3,0.0,0.0,66.67,66.67,0.113,0.07,0.16,33.33,54.51,12.16,0,0.0,少数参考,参考
4516,野口勝弘,5,5,20.0,20.0,40.0,80.0,0.162,0.09,0.25,20.0,34.22,45.78,1,20.0,得意,C
4808,松尾拓,4,5,0.0,60.0,40.0,100.0,0.206,0.12,0.32,20.0,45.78,54.22,0,0.0,得意,C
3897,白井英治,3,5,40.0,0.0,40.0,80.0,0.118,0.05,0.19,20.0,54.51,25.49,1,20.0,得意,C
4879,山崎鉄平,4,7,28.57,42.86,28.57,100.0,0.157,0.04,0.26,28.57,45.78,54.22,0,0.0,得意,C
4545,岡村慶太,1,8,87.5,12.5,0.0,100.0,0.163,0.07,0.26,25.0,86.47,13.53,0,0.0,得意,C
4949,横田貴満,4,4,25.0,25.0,50.0,100.0,0.158,0.06,0.21,50.0,45.78,54.22,0,0.0,少数参考,参考
3897,白井英治,1,10,80.0,0.0,20.0,100.0,0.112,0.06,0.21,60.0,86.47,13.53,0,0.0,得意,B
4545,岡村慶太,4,6,50.0,0.0,50.0,100.0,0.11,0.05,0.18,66.67,45.78,54.22,2,33.33,得意,C
4332,村上彰一,3,8,0.0,25.0,37.5,62.5,0.169,0.11,0.24,12.5,54.51,7.99,2,25.0,やや得意,C
3567,吉岡誠,1,3,66.67,33.33,0.0,100.0,0.133,0.1,0.18,66.67,86.47,13.53,0,0.0,少数参考,参考
4949,横田貴満,5,9,22.22,11.11,33.33,66.67,0.138,0.06,0.18,22.22,34.22,32.45,1,11.11,得意,C
4545,岡村慶太,6,6,0.0,33.33,50.0,83.33,0.135,0.09,0.21,50.0,21.0,62.33,0,0.0,得意,C
4952,吉武真也,3,4,0.0,0.0,50.0,50.0,0.13,0.1,0.18,25.0,54.51,-4.51,2,50.0,少数参考,参考
3898,平田忠則,5,11,18.18,27.27,27.27,72.73,0.147,0.07,0.24,9.09,34.22,38.51,3,27.27,得意,B
4043,桐本康臣,5,8,12.5,25.0,37.5,75.0,0.128,0.07,0.2,37.5,34.22,40.78,1,12.5,得意,C
4015,前野竜一,3,8,25.0,25.0,12.5,62.5,0.129,0.08,0.18,62.5,54.51,7.99,0,0.0,得意,C
3897,白井英治,2,8,25.0,62.5,12.5,100.0,0.126,0.08,0.17,12.5,57.97,42.03,2,25.0,得意,C
4545,岡村慶太,2,8,12.5,62.5,25.0,100.0,0.149,0.11,0.24,25.0,57.97,42.03,0,0.0,得意,C
4952,吉武真也,5,5,20.0,40.0,0.0,60.0,0.128,0.01,0.23,60.0,34.22,25.78,3,60.0,得意,C
4952,吉武真也,4,5,20.0,40.0,20.0,80.0,0.152,0.08,0.28,40.0,45.78,34.22,2,40.0,得意,C
4632,長尾京志郎,6,4,0.0,0.0,0.0,0.0,0.163,0.13,0.19,25.0,21.0,-21.0,1,25.0,少数参考,参考
4015,前野竜一,1,9,66.67,22.22,11.11,100.0,0.124,0.04,0.25,33.33,86.47,13.53,0,0.0,得意,C
4949,横田貴満,6,5,0.0,20.0,40.0,60.0,0.144,0.08,0.22,20.0,21.0,39.0,0,0.0,得意,C
4015,前野竜一,4,7,14.29,42.86,0.0,57.14,0.161,0.06,0.35,42.86,45.78,11.36,1,14.29,得意,C
5143,常盤海心,2,11,27.27,27.27,27.27,81.82,0.216,0.09,0.33,9.09,57.97,23.85,2,18.18,得意,B
4015,前野竜一,6,5,0.0,20.0,60.0,80.0,0.15,0.12,0.21,0.0,21.0,59.0,0,0.0,得意,C
4332,村上彰一,5,4,25.0,25.0,50.0,100.0,0.168,0.08,0.26,25.0,34.22,65.78,0,0.0,少数参考,参考
4006,小野勇作,6,6,0.0,0.0,66.67,66.67,0.178,0.16,0.23,16.67,21.0,45.67,1,16.67,得意,C
5143,常盤海心,1,3,33.33,33.33,33.33,100.0,0.203,0.11,0.27,0.0,86.47,13.53,0,0.0,少数参考,参考
4332,村上彰一,4,5,0.0,40.0,20.0,60.0,0.196,0.11,0.29,40.0,45.78,14.22,1,20.0,得意,C
4952,吉武真也,1,5,20.0,60.0,20.0,100.0,0.146,0.08,0.26,40.0,86.47,13.53,0,0.0,得意,C
4545,岡村慶太,5,6,33.33,16.67,50.0,100.0,0.152,0.07,0.23,33.33,34.22,65.78,1,16.67,得意,C
3897,白井英治,4,4,50.0,25.0,25.0,100.0,0.088,0.04,0.13,0.0,45.78,54.22,0,0.0,少数参考,参考
4015,前野竜一,2,6,0.0,50.0,33.33,83.33,0.158,0.09,0.2,33.33,57.97,25.36,0,0.0,得意,C
5276,大島隆乃介,6,10,0.0,0.0,50.0,50.0,0.125,0.03,0.2,20.0,21.0,29.0,2,20.0,得意,B
4332,村上彰一,2,5,0.0,40.0,60.0,100.0,0.124,0.09,0.16,0.0,57.97,42.03,0,0.0,得意,C
5143,常盤海心,6,3,0.0,0.0,0.0,0.0,0.213,0.16,0.29,0.0,21.0,-21.0,1,33.33,少数参考,参考
5276,大島隆乃介,5,3,0.0,0.0,0.0,0.0,0.177,0.11,0.29,0.0,34.22,-34.22,0,0.0,少数参考,参考
5143,常盤海心,4,4,0.0,25.0,25.0,50.0,0.177,0.08,0.25,0.0,45.78,4.22,1,25.0,少数参考,参考
5011,高木圭大,2,13,23.08,38.46,15.38,76.92,0.121,0.03,0.19,15.38,57.97,18.95,0,0.0,得意,B
4015,前野竜一,5,6,0.0,33.33,16.67,50.0,0.132,0.08,0.18,50.0,34.22,15.78,1,16.67,得意,C
4287,今井貴士,2,6,16.67,33.33,33.33,83.33,0.143,0.07,0.22,50.0,57.97,25.36,0,0.0,得意,C
4374,永田義紘,5,3,0.0,0.0,66.67,66.67,0.147,0.1,0.23,33.33,34.22,32.45,1,33.33,少数参考,参考
3442,宮武英司,3,7,14.29,14.29,57.14,85.71,0.129,0.09,0.19,42.86,54.51,31.2,2,28.57,得意,C
4423,坂口貴彦,5,3,0.0,33.33,33.33,66.67,0.113,0.07,0.16,66.67,34.22,32.45,1,33.33,少数参考,参考
5203,神里琴音,6,5,0.0,0.0,40.0,40.0,0.12,0.09,0.15,40.0,21.0,19.0,1,20.0,得意,C
4835,橋本明,3,7,0.0,0.0,42.86,42.86,0.164,0.06,0.27,28.57,54.51,-11.65,0,0.0,苦手,C
4588,田中京介,1,9,77.78,0.0,22.22,100.0,0.138,0.07,0.24,44.44,86.47,13.53,0,0.0,得意,C
4317,木村紗友希,4,5,0.0,0.0,80.0,80.0,0.174,0.04,0.26,40.0,45.78,34.22,1,20.0,得意,C
4669,井上茂,2,4,0.0,0.0,100.0,100.0,0.158,0.12,0.19,25.0,57.97,42.03,0,0.0,少数参考,参考
4406,幸野史明,1,4,75.0,0.0,25.0,100.0,0.2,0.04,0.31,25.0,86.47,13.53,0,0.0,少数参考,参考
4423,坂口貴彦,1,11,72.73,27.27,0.0,100.0,0.129,0.0,0.27,72.73,86.47,13.53,0,0.0,得意,B
3499,市川哲也,4,7,14.29,14.29,42.86,71.43,0.13,0.07,0.24,28.57,45.78,25.65,0,0.0,得意,C
5203,神里琴音,4,5,40.0,20.0,20.0,80.0,0.114,0.07,0.14,60.0,45.78,34.22,0,0.0,得意,C
3550,都築正治,3,7,28.57,42.86,14.29,85.71,0.17,0.09,0.24,14.29,54.51,31.2,2,28.57,得意,C
4423,坂口貴彦,6,3,0.0,33.33,33.33,66.67,0.143,0.09,0.21,33.33,21.0,45.67,1,33.33,少数参考,参考
4588,田中京介,2,6,33.33,33.33,33.33,100.0,0.117,0.07,0.24,50.0,57.97,42.03,0,0.0,得意,C
4590,渡邉優美,3,5,0.0,40.0,20.0,60.0,0.136,0.06,0.21,0.0,54.51,5.49,0,0.0,やや得意,C
5192,中尾優香,4,7,14.29,42.86,14.29,71.43,0.131,0.07,0.19,28.57,45.78,25.65,0,0.0,得意,C
4189,川上剛,3,3,33.33,33.33,0.0,66.67,0.137,0.11,0.16,0.0,54.51,12.16,0,0.0,少数参考,参考
3949,今出晋二,4,3,0.0,33.33,0.0,33.33,0.127,0.08,0.21,33.33,45.78,-12.45,0,0.0,少数参考,参考
4423,坂口貴彦,3,12,16.67,25.0,25.0,66.67,0.157,0.06,0.31,25.0,54.51,12.16,1,8.33,得意,B
5203,神里琴音,3,4,0.0,0.0,75.0,75.0,0.113,0.07,0.15,75.0,54.51,20.49,0,0.0,少数参考,参考
4654,篠田優也,6,5,0.0,0.0,20.0,20.0,0.14,0.04,0.22,40.0,21.0,-1.0,0,0.0,標準,C
4669,井上茂,3,4,0.0,50.0,25.0,75.0,0.098,0.07,0.12,25.0,54.51,20.49,0,0.0,少数参考,参考
3722,西村秀樹,1,3,33.33,33.33,33.33,100.0,0.153,0.13,0.2,0.0,86.47,13.53,0,0.0,少数参考,参考
4588,田中京介,5,6,33.33,0.0,50.0,83.33,0.165,0.07,0.25,50.0,34.22,49.11,1,16.67,得意,C
4674,池田剛規,1,8,62.5,25.0,12.5,100.0,0.124,0.08,0.17,75.0,86.47,13.53,0,0.0,得意,C
4588,田中京介,3,6,33.33,0.0,50.0,83.33,0.105,0.04,0.16,33.33,54.51,28.82,0,0.0,得意,C
3949,今出晋二,2,5,20.0,20.0,40.0,80.0,0.1,0.03,0.16,80.0,57.97,22.03,0,0.0,得意,C
3986,沖島広和,5,4,0.0,25.0,50.0,75.0,0.152,0.12,0.22,0.0,34.22,40.78,0,0.0,少数参考,参考
5203,神里琴音,5,3,0.0,33.33,33.33,66.67,0.19,0.11,0.26,33.33,34.22,32.45,0,0.0,少数参考,参考
3600,玄馬徹,5,3,0.0,66.67,0.0,66.67,0.2,0.14,0.27,0.0,34.22,32.45,2,66.67,少数参考,参考
5192,中尾優香,1,4,75.0,0.0,0.0,75.0,0.138,0.09,0.18,25.0,86.47,-11.47,0,0.0,少数参考,参考
4654,篠田優也,3,6,0.0,50.0,50.0,100.0,0.145,0.06,0.25,33.33,54.51,45.49,1,16.67,得意,C
4423,坂口貴彦,4,9,22.22,33.33,22.22,77.78,0.104,0.03,0.14,33.33,45.78,32.0,2,22.22,得意,C
4027,松江秀徳,5,6,16.67,16.67,33.33,66.67,0.092,0.04,0.13,50.0,34.22,32.45,3,50.0,得意,C
4588,田中京介,4,6,0.0,33.33,33.33,66.67,0.128,0.06,0.18,33.33,45.78,20.89,0,0.0,得意,C
4025,山本隆幸,2,3,0.0,33.33,33.33,66.67,0.16,0.13,0.19,0.0,57.97,8.7,0,0.0,少数参考,参考
3961,谷村一哉,1,8,100.0,0.0,0.0,100.0,0.152,0.03,0.25,37.5,86.47,13.53,0,0.0,得意,C
4914,吉田裕平,4,4,0.0,25.0,50.0,75.0,0.128,0.11,0.15,25.0,45.78,29.22,0,0.0,少数参考,参考
4471,新田泰章,1,8,87.5,12.5,0.0,100.0,0.134,0.11,0.19,62.5,86.47,13.53,0,0.0,得意,C
3983,須藤博倫,3,4,25.0,50.0,25.0,100.0,0.08,0.04,0.12,50.0,54.51,45.49,0,0.0,少数参考,参考
4262,馬場貴也,5,4,0.0,25.0,0.0,25.0,0.133,0.08,0.19,0.0,34.22,-9.22,0,0.0,少数参考,参考
4914,吉田裕平,1,7,100.0,0.0,0.0,100.0,0.1,0.01,0.15,71.43,86.47,13.53,0,0.0,得意,C
4719,上條暢嵩,2,9,22.22,33.33,22.22,77.78,0.117,0.08,0.17,0.0,57.97,19.81,0,0.0,得意,C
4262,馬場貴也,3,5,0.0,40.0,40.0,80.0,0.12,0.03,0.22,20.0,54.51,25.49,0,0.0,得意,C
5084,末永和也,6,4,0.0,25.0,25.0,50.0,0.133,0.06,0.18,25.0,21.0,29.0,0,0.0,少数参考,参考
4296,岡崎恭裕,2,5,0.0,80.0,20.0,100.0,0.094,0.06,0.13,60.0,57.97,42.03,0,0.0,得意,C
4939,宮之原輝紀,6,3,0.0,33.33,66.67,100.0,0.163,0.12,0.23,33.33,21.0,79.0,0,0.0,少数参考,参考
3719,辻栄蔵,5,4,0.0,0.0,25.0,25.0,0.182,0.08,0.33,25.0,34.22,-9.22,1,25.0,少数参考,参考
4932,新開航,2,8,37.5,25.0,25.0,87.5,0.16,0.09,0.2,12.5,57.97,29.53,0,0.0,得意,C
4831,羽野直也,4,5,20.0,0.0,40.0,60.0,0.162,0.12,0.23,20.0,45.78,14.22,0,0.0,得意,C
4688,永井彪也,5,4,0.0,25.0,50.0,75.0,0.11,0.07,0.17,25.0,34.22,40.78,0,0.0,少数参考,参考
5084,末永和也,3,4,25.0,50.0,25.0,100.0,0.113,0.08,0.16,50.0,54.51,45.49,0,0.0,少数参考,参考
4471,新田泰章,2,5,0.0,40.0,60.0,100.0,0.146,0.09,0.23,0.0,57.97,42.03,0,0.0,得意,C
4719,上條暢嵩,3,7,14.29,28.57,28.57,71.43,0.114,0.04,0.2,14.29,54.51,16.92,0,0.0,得意,C
4025,山本隆幸,4,6,16.67,16.67,66.67,100.0,0.177,0.12,0.21,16.67,45.78,54.22,1,16.67,得意,C
3983,須藤博倫,2,3,0.0,0.0,0.0,0.0,0.18,0.12,0.22,0.0,57.97,-57.97,0,0.0,少数参考,参考
4296,岡崎恭裕,5,4,25.0,25.0,25.0,75.0,0.125,0.11,0.15,75.0,34.22,40.78,1,25.0,少数参考,参考
4939,宮之原輝紀,1,5,100.0,0.0,0.0,100.0,0.1,0.07,0.14,40.0,86.47,13.53,0,0.0,得意,C
4932,新開航,4,7,0.0,28.57,42.86,71.43,0.177,0.07,0.3,14.29,45.78,25.65,0,0.0,得意,C
3822,平尾崇典,1,5,80.0,20.0,0.0,100.0,0.15,0.03,0.27,60.0,86.47,13.53,0,0.0,得意,C
4831,羽野直也,3,11,36.36,9.09,9.09,54.55,0.116,0.02,0.21,36.36,54.51,0.04,1,9.09,標準,B
3984,坂口周,4,5,20.0,0.0,60.0,80.0,0.14,0.07,0.21,20.0,45.78,34.22,0,0.0,得意,C
4025,山本隆幸,5,3,0.0,0.0,66.67,66.67,0.183,0.15,0.22,0.0,34.22,32.45,1,33.33,少数参考,参考
4719,上條暢嵩,6,6,0.0,0.0,50.0,50.0,0.153,0.11,0.27,50.0,21.0,29.0,0,0.0,得意,C
4296,岡崎恭裕,4,6,0.0,66.67,33.33,100.0,0.122,0.05,0.17,33.33,45.78,54.22,2,33.33,得意,C
4262,馬場貴也,1,9,88.89,0.0,0.0,88.89,0.096,0.06,0.14,66.67,86.47,2.42,0,0.0,得意,C
4914,吉田裕平,6,5,0.0,0.0,40.0,40.0,0.132,0.1,0.18,40.0,21.0,19.0,1,20.0,得意,C
4024,井口佳典,6,3,33.33,0.0,0.0,33.33,0.097,0.06,0.12,33.33,21.0,12.33,0,0.0,少数参考,参考
4939,宮之原輝紀,2,3,66.67,33.33,0.0,100.0,0.123,0.11,0.13,33.33,57.97,42.03,0,0.0,少数参考,参考
3984,坂口周,1,9,88.89,0.0,11.11,100.0,0.133,0.06,0.18,66.67,86.47,13.53,0,0.0,得意,C
4262,馬場貴也,4,6,0.0,16.67,50.0,66.67,0.167,0.09,0.27,0.0,45.78,20.89,1,16.67,得意,C
4227,安達裕樹,3,3,66.67,33.33,0.0,100.0,0.1,0.09,0.11,33.33,54.51,45.49,0,0.0,少数参考,参考
3961,谷村一哉,2,6,16.67,50.0,0.0,66.67,0.152,0.07,0.21,16.67,57.97,8.7,0,0.0,得意,C
4296,岡崎恭裕,1,7,100.0,0.0,0.0,100.0,0.113,0.06,0.2,71.43,86.47,13.53,0,0.0,得意,C
4688,永井彪也,4,5,20.0,40.0,20.0,80.0,0.09,0.06,0.13,80.0,45.78,34.22,1,20.0,得意,C
4262,馬場貴也,2,5,20.0,40.0,40.0,100.0,0.116,0.06,0.17,40.0,57.97,42.03,0,0.0,得意,C
4831,羽野直也,1,15,80.0,20.0,0.0,100.0,0.113,0.03,0.18,46.67,86.47,13.53,0,0.0,得意,B
4719,上條暢嵩,5,9,22.22,0.0,55.56,77.78,0.124,0.07,0.19,44.44,34.22,43.56,1,11.11,得意,C
5084,末永和也,1,7,100.0,0.0,0.0,100.0,0.131,0.09,0.17,57.14,86.47,13.53,0,0.0,得意,C
4831,羽野直也,2,5,0.0,40.0,20.0,60.0,0.178,0.07,0.25,20.0,57.97,2.03,0,0.0,標準,C
3984,坂口周,5,4,25.0,50.0,0.0,75.0,0.155,0.13,0.17,0.0,34.22,40.78,1,25.0,少数参考,参考
4719,上條暢嵩,1,13,84.62,7.69,7.69,100.0,0.12,0.06,0.18,23.08,86.47,13.53,0,0.0,得意,B
3961,谷村一哉,6,4,0.0,0.0,0.0,0.0,0.13,0.07,0.21,25.0,21.0,-21.0,0,0.0,少数参考,参考
4939,宮之原輝紀,5,4,0.0,0.0,75.0,75.0,0.125,0.02,0.19,75.0,34.22,40.78,0,0.0,少数参考,参考
4030,森高一真,6,5,0.0,0.0,40.0,40.0,0.148,0.1,0.19,20.0,21.0,19.0,1,20.0,得意,C
4397,西村拓也,5,3,0.0,0.0,66.67,66.67,0.147,0.12,0.17,0.0,34.22,32.45,0,0.0,少数参考,参考
4688,永井彪也,1,6,66.67,33.33,0.0,100.0,0.133,0.06,0.2,50.0,86.47,13.53,0,0.0,得意,C
3940,飯山泰,2,3,0.0,66.67,33.33,100.0,0.163,0.13,0.18,33.33,57.97,42.03,0,0.0,少数参考,参考
4932,新開航,3,6,0.0,66.67,33.33,100.0,0.127,0.07,0.19,16.67,54.51,45.49,0,0.0,得意,C
5084,末永和也,4,4,0.0,75.0,0.0,75.0,0.143,0.09,0.19,25.0,45.78,29.22,0,0.0,少数参考,参考
3940,飯山泰,5,3,0.0,33.33,33.33,66.67,0.167,0.12,0.22,0.0,34.22,32.45,0,0.0,少数参考,参考
3983,須藤博倫,1,7,85.71,0.0,14.29,100.0,0.104,0.02,0.16,57.14,86.47,13.53,0,0.0,得意,C
4025,山本隆幸,3,3,33.33,33.33,33.33,100.0,0.17,0.15,0.19,0.0,54.51,45.49,0,0.0,少数参考,参考
4688,永井彪也,6,3,0.0,0.0,0.0,0.0,0.15,0.09,0.19,0.0,21.0,-21.0,0,0.0,少数参考,参考
3984,坂口周,3,3,0.0,33.33,66.67,100.0,0.153,0.12,0.21,0.0,54.51,45.49,0,0.0,少数参考,参考
4471,新田泰章,5,3,0.0,33.33,0.0,33.33,0.097,0.07,0.13,33.33,34.22,-0.89,0,0.0,少数参考,参考
4704,河野大,2,4,25.0,0.0,25.0,50.0,0.195,0.14,0.25,50.0,57.97,-7.97,0,0.0,少数参考,参考
4914,吉田裕平,2,7,14.29,28.57,28.57,71.43,0.119,0.06,0.19,14.29,57.97,13.46,0,0.0,得意,C
4350,篠崎元志,4,4,25.0,50.0,25.0,100.0,0.092,0.05,0.12,50.0,45.78,54.22,0,0.0,少数参考,参考
3983,須藤博倫,4,3,0.0,66.67,0.0,66.67,0.137,0.08,0.21,0.0,45.78,20.89,0,0.0,少数参考,参考
4939,宮之原輝紀,3,4,50.0,25.0,0.0,75.0,0.115,0.07,0.16,0.0,54.51,20.49,0,0.0,少数参考,参考
4661,中島昂章,6,3,0.0,33.33,33.33,66.67,0.18,0.07,0.28,33.33,21.0,45.67,0,0.0,少数参考,参考
4607,鶴田勇雄,4,6,33.33,16.67,50.0,100.0,0.202,0.08,0.29,0.0,45.78,54.22,0,0.0,得意,C
3304,烏野賢太,6,8,0.0,37.5,25.0,62.5,0.133,0.08,0.19,37.5,21.0,41.5,1,12.5,得意,C
4759,今泉友吾,4,6,16.67,33.33,16.67,66.67,0.172,0.07,0.26,0.0,45.78,20.89,0,0.0,得意,C
4075,中野次郎,3,6,0.0,33.33,33.33,66.67,0.132,0.09,0.19,16.67,54.51,12.16,0,0.0,得意,C
4437,中田元泰,3,4,0.0,75.0,25.0,100.0,0.14,0.09,0.18,0.0,54.51,45.49,0,0.0,少数参考,参考
4823,中村桃佳,3,4,25.0,50.0,0.0,75.0,0.113,0.08,0.16,50.0,54.51,20.49,0,0.0,少数参考,参考
4437,中田元泰,1,5,40.0,20.0,20.0,80.0,0.188,0.15,0.23,20.0,86.47,-6.47,0,0.0,標準,C
4607,鶴田勇雄,1,10,50.0,30.0,10.0,90.0,0.131,0.04,0.31,50.0,86.47,3.53,0,0.0,得意,B
4445,宮地元輝,5,3,33.33,0.0,33.33,66.67,0.113,0.04,0.18,33.33,34.22,32.45,0,0.0,少数参考,参考
4134,杉山貴博,6,5,0.0,20.0,60.0,80.0,0.174,0.12,0.23,0.0,21.0,59.0,0,0.0,得意,C
4759,今泉友吾,3,7,57.14,28.57,0.0,85.71,0.137,0.06,0.21,14.29,54.51,31.2,0,0.0,得意,C
4607,鶴田勇雄,5,9,11.11,11.11,33.33,55.56,0.157,0.08,0.24,11.11,34.22,21.34,2,22.22,得意,C
4437,中田元泰,6,3,0.0,0.0,66.67,66.67,0.173,0.08,0.23,0.0,21.0,45.67,1,33.33,少数参考,参考
4661,中島昂章,1,7,57.14,28.57,14.29,100.0,0.13,0.08,0.21,42.86,86.47,13.53,0,0.0,得意,C
4759,今泉友吾,5,5,0.0,20.0,20.0,40.0,0.148,0.09,0.23,0.0,34.22,5.78,0,0.0,やや得意,C
4437,中田元泰,2,3,66.67,0.0,0.0,66.67,0.17,0.14,0.19,0.0,57.97,8.7,0,0.0,少数参考,参考
4704,河野大,4,7,0.0,42.86,0.0,42.86,0.109,0.05,0.16,28.57,45.78,-2.92,1,14.29,標準,C
4759,今泉友吾,1,7,71.43,14.29,14.29,100.0,0.143,0.07,0.19,14.29,86.47,13.53,0,0.0,得意,C
4445,宮地元輝,2,6,16.67,33.33,33.33,83.33,0.112,0.06,0.16,16.67,57.97,25.36,0,0.0,得意,C
4787,椎名豊,6,7,14.29,14.29,42.86,71.43,0.15,0.11,0.2,0.0,21.0,50.43,1,14.29,得意,C
4512,高野哲史,6,3,0.0,33.33,66.67,100.0,0.11,0.07,0.14,33.33,21.0,79.0,0,0.0,少数参考,参考
4719,上條暢嵩,4,5,40.0,0.0,60.0,100.0,0.116,0.11,0.14,100.0,45.78,54.22,0,0.0,得意,C
4787,椎名豊,1,12,83.33,0.0,16.67,100.0,0.094,0.01,0.14,50.0,86.47,13.53,0,0.0,得意,B
4759,今泉友吾,2,6,50.0,16.67,16.67,83.33,0.175,0.12,0.22,16.67,57.97,25.36,0,0.0,得意,C
4607,鶴田勇雄,2,11,9.09,27.27,54.55,90.91,0.132,0.03,0.22,27.27,57.97,32.94,1,9.09,得意,B
4759,今泉友吾,6,3,0.0,66.67,0.0,66.67,0.187,0.11,0.27,0.0,21.0,45.67,0,0.0,少数参考,参考
4727,安部慎一,2,3,0.0,33.33,33.33,66.67,0.22,0.16,0.26,0.0,57.97,8.7,0,0.0,少数参考,参考
4607,鶴田勇雄,6,4,25.0,0.0,50.0,75.0,0.175,0.14,0.21,0.0,21.0,54.0,0,0.0,少数参考,参考
3928,林恵祐,1,3,33.33,33.33,0.0,66.67,0.153,0.12,0.18,0.0,86.47,-19.8,0,0.0,少数参考,参考
4258,関根彰人,5,3,0.0,0.0,100.0,100.0,0.183,0.13,0.26,0.0,34.22,65.78,1,33.33,少数参考,参考
5167,小川竜太朗,5,3,0.0,33.33,33.33,66.67,0.137,0.1,0.16,0.0,34.22,32.45,0,0.0,少数参考,参考
4890,石川諒,6,3,0.0,0.0,66.67,66.67,0.093,0.02,0.13,33.33,21.0,45.67,0,0.0,少数参考,参考
4560,庄司樹良々,1,6,66.67,16.67,0.0,83.33,0.127,0.02,0.18,66.67,86.47,-3.14,1,16.67,得意,C
3623,深川真二,2,34,29.41,35.29,29.41,94.12,0.132,0.04,0.26,32.35,57.97,36.15,24,70.59,得意,A
4879,山崎鉄平,5,5,40.0,20.0,0.0,60.0,0.122,0.09,0.19,60.0,34.22,25.78,1,20.0,得意,C
4961,西橋奈未,1,5,100.0,0.0,0.0,100.0,0.102,0.01,0.16,40.0,86.47,13.53,0,0.0,得意,C
5018,竹下大樹,2,4,0.0,50.0,25.0,75.0,0.138,0.11,0.17,0.0,57.97,17.03,0,0.0,少数参考,参考
4560,庄司樹良々,5,6,0.0,16.67,33.33,50.0,0.092,0.04,0.15,33.33,34.22,15.78,1,16.67,得意,C
3623,深川真二,1,23,86.96,13.04,0.0,100.0,0.114,0.02,0.22,47.83,86.47,13.53,1,4.35,得意,A
4530,小野生奈,6,6,0.0,33.33,33.33,66.67,0.155,0.11,0.21,0.0,21.0,45.67,0,0.0,得意,C
5222,津田陸翔,4,9,0.0,22.22,44.44,66.67,0.168,0.09,0.32,22.22,45.78,20.89,1,11.11,得意,C
4890,石川諒,3,12,8.33,33.33,33.33,75.0,0.136,0.04,0.25,33.33,54.51,20.49,3,25.0,得意,B
5122,相馬翔,1,3,100.0,0.0,0.0,100.0,0.11,0.06,0.18,66.67,86.47,13.53,0,0.0,少数参考,参考
5018,竹下大樹,5,6,0.0,16.67,66.67,83.33,0.175,0.09,0.27,0.0,34.22,49.11,1,16.67,得意,C
5222,津田陸翔,6,5,0.0,0.0,40.0,40.0,0.142,0.08,0.23,20.0,21.0,19.0,0,0.0,得意,C
5167,小川竜太朗,2,3,33.33,33.33,33.33,100.0,0.15,0.1,0.21,33.33,57.97,42.03,0,0.0,少数参考,参考
4885,大山千広,3,3,33.33,66.67,0.0,100.0,0.107,0.08,0.12,33.33,54.51,45.49,0,0.0,少数参考,参考
5018,竹下大樹,1,7,71.43,14.29,14.29,100.0,0.146,0.07,0.22,0.0,86.47,13.53,0,0.0,得意,C
4961,西橋奈未,5,3,0.0,33.33,33.33,66.67,0.16,0.13,0.21,33.33,34.22,32.45,1,33.33,少数参考,参考
4885,大山千広,1,7,100.0,0.0,0.0,100.0,0.093,0.05,0.14,71.43,86.47,13.53,0,0.0,得意,C
4263,武重雄介,2,6,33.33,33.33,16.67,83.33,0.148,0.08,0.23,0.0,57.97,25.36,1,16.67,得意,C
4367,山口修路,4,4,0.0,25.0,25.0,50.0,0.193,0.13,0.27,0.0,45.78,4.22,1,25.0,少数参考,参考
5066,鈴木孝明,5,3,0.0,0.0,66.67,66.67,0.17,0.13,0.21,0.0,34.22,32.45,0,0.0,少数参考,参考
5167,小川竜太朗,3,3,33.33,0.0,66.67,100.0,0.07,0.05,0.08,66.67,54.51,45.49,1,33.33,少数参考,参考
4890,石川諒,1,9,88.89,11.11,0.0,100.0,0.137,0.06,0.25,55.56,86.47,13.53,0,0.0,得意,C
4355,小川広大,1,3,33.33,33.33,33.33,100.0,0.08,0.07,0.09,66.67,86.47,13.53,0,0.0,少数参考,参考
3869,井芹大志,3,6,0.0,33.33,33.33,66.67,0.19,0.13,0.32,16.67,54.51,12.16,0,0.0,得意,C
3708,岡部貴司,1,6,50.0,33.33,16.67,100.0,0.145,0.07,0.24,33.33,86.47,13.53,0,0.0,得意,C
4263,武重雄介,5,3,0.0,33.33,0.0,33.33,0.147,0.08,0.21,33.33,34.22,-0.89,1,33.33,少数参考,参考
5018,竹下大樹,3,5,40.0,60.0,0.0,100.0,0.12,0.05,0.21,20.0,54.51,45.49,0,0.0,得意,C
4961,西橋奈未,2,5,20.0,40.0,0.0,60.0,0.156,0.11,0.2,0.0,57.97,2.03,0,0.0,標準,C
4560,庄司樹良々,4,4,50.0,25.0,0.0,75.0,0.128,0.08,0.18,75.0,45.78,29.22,0,0.0,少数参考,参考
4530,小野生奈,3,6,33.33,16.67,33.33,83.33,0.112,0.08,0.16,33.33,54.51,28.82,0,0.0,得意,C
4885,大山千広,4,4,0.0,0.0,25.0,25.0,0.068,0.04,0.11,50.0,45.78,-20.78,0,0.0,少数参考,参考
3928,林恵祐,3,3,33.33,66.67,0.0,100.0,0.14,0.09,0.21,100.0,54.51,45.49,1,33.33,少数参考,参考
4552,杉山勝匡,3,5,0.0,20.0,40.0,60.0,0.118,0.05,0.24,20.0,54.51,5.49,1,20.0,やや得意,C
5122,相馬翔,4,3,33.33,0.0,33.33,66.67,0.127,0.1,0.14,0.0,45.78,20.89,1,33.33,少数参考,参考
4991,宗行治哉,6,4,0.0,0.0,50.0,50.0,0.213,0.13,0.26,0.0,21.0,29.0,0,0.0,少数参考,参考
5018,竹下大樹,4,4,0.0,25.0,50.0,75.0,0.167,0.12,0.21,0.0,45.78,29.22,0,0.0,少数参考,参考
5155,内山七海,1,5,60.0,20.0,20.0,100.0,0.166,0.09,0.28,20.0,86.47,13.53,0,0.0,得意,C
4423,坂口貴彦,2,7,14.29,14.29,71.43,100.0,0.151,0.11,0.21,14.29,57.97,42.03,0,0.0,得意,C
5167,小川竜太朗,4,3,33.33,0.0,33.33,66.67,0.133,0.09,0.19,33.33,45.78,20.89,1,33.33,少数参考,参考
4693,松下誉士,4,3,0.0,66.67,0.0,66.67,0.153,0.13,0.2,0.0,45.78,20.89,1,33.33,少数参考,参考
4885,大山千広,5,3,66.67,0.0,33.33,100.0,0.143,0.06,0.26,66.67,34.22,65.78,0,0.0,少数参考,参考
4890,石川諒,5,7,0.0,42.86,28.57,71.43,0.113,0.07,0.14,28.57,34.22,37.21,1,14.29,得意,C
4263,武重雄介,1,9,55.56,33.33,11.11,100.0,0.144,0.1,0.21,44.44,86.47,13.53,0,0.0,得意,C
4961,西橋奈未,4,4,0.0,25.0,50.0,75.0,0.19,0.12,0.32,0.0,45.78,29.22,1,25.0,少数参考,参考
5167,小川竜太朗,1,3,100.0,0.0,0.0,100.0,0.157,0.11,0.19,0.0,86.47,13.53,0,0.0,少数参考,参考
4890,石川諒,2,10,20.0,60.0,10.0,90.0,0.111,0.02,0.18,40.0,57.97,32.03,0,0.0,得意,B
5155,内山七海,3,3,0.0,33.33,66.67,100.0,0.167,0.14,0.19,33.33,54.51,45.49,0,0.0,少数参考,参考
4600,井内将太郎,4,6,0.0,16.67,83.33,100.0,0.102,0.06,0.16,66.67,45.78,54.22,0,0.0,得意,C
4263,武重雄介,3,7,14.29,28.57,57.14,100.0,0.201,0.07,0.28,28.57,54.51,45.49,0,0.0,得意,C
5158,宮脇遼太,4,3,66.67,0.0,33.33,100.0,0.14,0.11,0.18,66.67,45.78,54.22,1,33.33,少数参考,参考
4890,石川諒,4,3,0.0,66.67,33.33,100.0,0.113,0.06,0.2,100.0,45.78,54.22,0,0.0,少数参考,参考
5277,井上未都,6,4,0.0,0.0,25.0,25.0,0.103,0.06,0.13,25.0,21.0,4.0,0,0.0,少数参考,参考
5274,城間盛渚,6,4,0.0,25.0,25.0,50.0,0.19,0.11,0.29,0.0,21.0,29.0,2,50.0,少数参考,参考
3623,深川真二,3,9,11.11,55.56,11.11,77.78,0.129,0.03,0.29,33.33,54.51,23.27,1,11.11,得意,C
4394,永嶋裕一,6,5,0.0,20.0,40.0,60.0,0.13,0.06,0.23,40.0,21.0,39.0,1,20.0,得意,C
4695,尾崎雄二,6,15,0.0,6.67,46.67,53.33,0.175,0.05,0.31,20.0,21.0,32.33,2,13.33,得意,B
4991,宗行治哉,4,8,0.0,12.5,62.5,75.0,0.16,0.09,0.24,0.0,45.78,29.22,1,12.5,得意,C
4695,尾崎雄二,5,9,11.11,0.0,22.22,33.33,0.177,0.13,0.22,11.11,34.22,-0.89,2,22.22,標準,C
4518,大須賀友,4,6,50.0,50.0,0.0,100.0,0.135,0.1,0.18,33.33,45.78,54.22,1,16.67,得意,C
4351,里岡右貴,3,3,66.67,33.33,0.0,100.0,0.12,0.08,0.17,0.0,54.51,45.49,0,0.0,少数参考,参考
4786,佐藤博亮,3,6,0.0,66.67,33.33,100.0,0.102,0.03,0.15,66.67,54.51,45.49,1,16.67,得意,C
4205,山口剛,4,7,14.29,42.86,14.29,71.43,0.139,0.07,0.23,28.57,45.78,25.65,1,14.29,得意,C
4518,大須賀友,1,10,90.0,10.0,0.0,100.0,0.15,0.08,0.21,30.0,86.47,13.53,0,0.0,得意,B
4786,佐藤博亮,1,9,66.67,33.33,0.0,100.0,0.147,0.08,0.27,55.56,86.47,13.53,0,0.0,得意,C
4564,山本景士郎,4,3,0.0,0.0,33.33,33.33,0.187,0.18,0.19,0.0,45.78,-12.45,1,33.33,少数参考,参考
4205,山口剛,1,9,77.78,22.22,0.0,100.0,0.071,0.01,0.13,66.67,86.47,13.53,0,0.0,得意,C
3837,秋山広一,3,6,16.67,50.0,16.67,83.33,0.12,0.06,0.18,33.33,54.51,28.82,1,16.67,得意,C
4761,山田晃大,3,3,0.0,33.33,33.33,66.67,0.157,0.07,0.22,33.33,54.51,12.16,1,33.33,少数参考,参考
4786,佐藤博亮,5,5,20.0,20.0,20.0,60.0,0.114,0.03,0.21,20.0,34.22,25.78,1,20.0,得意,C
4518,大須賀友,5,6,33.33,0.0,16.67,50.0,0.158,0.04,0.27,16.67,34.22,15.78,0,0.0,得意,C
4969,町田洸希,2,13,0.0,69.23,15.38,84.62,0.186,0.09,0.29,23.08,57.97,26.65,0,0.0,得意,B
4236,松村敏,4,11,36.36,27.27,18.18,81.82,0.096,0.04,0.17,45.45,45.78,36.04,0,0.0,得意,B
4518,大須賀友,2,8,50.0,25.0,25.0,100.0,0.107,0.05,0.16,37.5,57.97,42.03,0,0.0,得意,C
4205,山口剛,3,6,0.0,83.33,16.67,100.0,0.103,0.02,0.2,66.67,54.51,45.49,1,16.67,得意,C
4154,森安弘雅,4,4,0.0,25.0,25.0,50.0,0.152,0.11,0.2,25.0,45.78,4.22,0,0.0,少数参考,参考
5048,眞鳥康太,4,9,11.11,11.11,33.33,55.56,0.124,0.05,0.21,33.33,45.78,9.78,0,0.0,得意,C
4564,山本景士郎,1,3,66.67,0.0,33.33,100.0,0.18,0.16,0.19,0.0,86.47,13.53,0,0.0,少数参考,参考
4143,浦田晃嗣,3,5,0.0,40.0,20.0,60.0,0.19,0.11,0.28,0.0,54.51,5.49,0,0.0,やや得意,C
4112,大久保信一郎,4,5,0.0,0.0,80.0,80.0,0.138,0.11,0.22,0.0,45.78,34.22,1,20.0,得意,C
4205,山口剛,2,8,25.0,62.5,12.5,100.0,0.083,0.03,0.13,37.5,57.97,42.03,2,25.0,得意,C
2878,富山弘幸,3,7,0.0,28.57,28.57,57.14,0.193,0.12,0.29,0.0,54.51,2.63,2,28.57,標準,C
5237,永松良教,6,3,0.0,0.0,66.67,66.67,0.167,0.12,0.22,0.0,21.0,45.67,0,0.0,少数参考,参考
3837,秋山広一,6,4,0.0,0.0,25.0,25.0,0.175,0.13,0.21,0.0,21.0,4.0,0,0.0,少数参考,参考
4112,大久保信一郎,2,8,0.0,50.0,25.0,75.0,0.13,0.06,0.19,25.0,57.97,17.03,0,0.0,得意,C
4786,佐藤博亮,2,5,40.0,60.0,0.0,100.0,0.168,0.14,0.19,40.0,57.97,42.03,0,0.0,得意,C
4329,小松卓司,5,3,0.0,0.0,33.33,33.33,0.213,0.11,0.31,33.33,34.22,-0.89,1,33.33,少数参考,参考
4786,佐藤博亮,4,5,0.0,40.0,40.0,80.0,0.126,0.12,0.14,40.0,45.78,34.22,0,0.0,得意,C
5117,冨名腰桃奈,4,3,33.33,33.33,33.33,100.0,0.163,0.13,0.19,0.0,45.78,54.22,0,0.0,少数参考,参考
5173,谷口佳蓮,4,4,25.0,25.0,0.0,50.0,0.115,0.08,0.17,50.0,45.78,4.22,0,0.0,少数参考,参考
5117,冨名腰桃奈,3,5,60.0,20.0,20.0,100.0,0.096,0.04,0.17,40.0,54.51,45.49,0,0.0,得意,C
5173,谷口佳蓮,2,4,25.0,50.0,0.0,75.0,0.143,0.08,0.26,25.0,57.97,17.03,0,0.0,少数参考,参考
5195,北村寧々,4,9,0.0,22.22,55.56,77.78,0.098,0.04,0.26,44.44,45.78,32.0,0,0.0,得意,C
5164,森田梨湖,5,3,0.0,0.0,33.33,33.33,0.127,0.07,0.2,0.0,34.22,-0.89,0,0.0,少数参考,参考
5117,冨名腰桃奈,1,3,66.67,33.33,0.0,100.0,0.113,0.07,0.18,33.33,86.47,13.53,0,0.0,少数参考,参考
3151,落合敬一,6,3,0.0,0.0,33.33,33.33,0.12,0.04,0.19,0.0,21.0,12.33,0,0.0,少数参考,参考
4243,西村歩,4,4,25.0,50.0,25.0,100.0,0.147,0.04,0.19,50.0,45.78,54.22,0,0.0,少数参考,参考
4724,吉田祐貴,5,4,0.0,0.0,0.0,0.0,0.212,0.17,0.25,0.0,34.22,-34.22,1,25.0,少数参考,参考
4989,石原翼,2,3,100.0,0.0,0.0,100.0,0.15,0.13,0.19,0.0,57.97,42.03,0,0.0,少数参考,参考
3347,矢後剛,5,3,0.0,0.0,33.33,33.33,0.147,0.12,0.16,0.0,34.22,-0.89,1,33.33,少数参考,参考
4017,向井美鈴,4,4,25.0,0.0,50.0,75.0,0.17,0.12,0.22,0.0,45.78,29.22,0,0.0,少数参考,参考
3303,渡辺豊,6,5,0.0,0.0,40.0,40.0,0.162,0.03,0.27,20.0,21.0,19.0,1,20.0,得意,C
4932,新開航,1,12,91.67,0.0,8.33,100.0,0.124,0.01,0.19,50.0,86.47,13.53,1,8.33,得意,B
4243,西村歩,2,3,33.33,0.0,33.33,66.67,0.223,0.11,0.38,66.67,57.97,8.7,0,0.0,少数参考,参考
4842,山下昂大,3,6,0.0,83.33,0.0,83.33,0.135,0.11,0.16,50.0,54.51,28.82,0,0.0,得意,C
4918,川島拓郎,3,3,0.0,100.0,0.0,100.0,0.087,0.05,0.12,33.33,54.51,45.49,0,0.0,少数参考,参考
4932,新開航,6,6,16.67,33.33,16.67,66.67,0.14,0.04,0.27,33.33,21.0,45.67,0,0.0,得意,C
3932,池田浩美,1,3,33.33,33.33,33.33,100.0,0.16,0.06,0.21,33.33,86.47,13.53,0,0.0,少数参考,参考
4989,石原翼,5,4,25.0,0.0,0.0,25.0,0.073,0.04,0.13,75.0,34.22,-9.22,0,0.0,少数参考,参考
4129,宇野博之,3,3,0.0,33.33,33.33,66.67,0.137,0.11,0.18,33.33,54.51,12.16,0,0.0,少数参考,参考
4873,蒲原健太,5,6,0.0,16.67,50.0,66.67,0.17,0.09,0.29,16.67,34.22,32.45,0,0.0,得意,C
4842,山下昂大,2,3,0.0,66.67,0.0,66.67,0.13,0.11,0.14,0.0,57.97,8.7,0,0.0,少数参考,参考
4017,向井美鈴,2,4,0.0,50.0,0.0,50.0,0.188,0.13,0.23,50.0,57.97,-7.97,0,0.0,少数参考,参考
5174,川井萌,4,3,33.33,0.0,33.33,66.67,0.14,0.11,0.18,0.0,45.78,20.89,0,0.0,少数参考,参考
4989,石原翼,3,4,25.0,50.0,25.0,100.0,0.125,0.08,0.22,50.0,54.51,45.49,0,0.0,少数参考,参考
4240,今井裕梨,4,5,20.0,60.0,20.0,100.0,0.126,0.07,0.18,20.0,45.78,54.22,0,0.0,得意,C
4842,山下昂大,4,4,25.0,25.0,0.0,50.0,0.11,0.01,0.3,25.0,45.78,4.22,0,0.0,少数参考,参考
4918,川島拓郎,5,3,0.0,0.0,0.0,0.0,0.077,0.06,0.11,66.67,34.22,-34.22,0,0.0,少数参考,参考
4989,石原翼,1,6,83.33,0.0,16.67,100.0,0.108,0.01,0.19,66.67,86.47,13.53,0,0.0,得意,C
5174,川井萌,3,4,50.0,25.0,25.0,100.0,0.143,0.09,0.19,0.0,54.51,45.49,0,0.0,少数参考,参考
4562,阪本勇介,2,4,25.0,25.0,25.0,75.0,0.155,0.11,0.24,25.0,57.97,17.03,0,0.0,少数参考,参考
4325,新出浩司,3,5,0.0,40.0,40.0,80.0,0.154,0.12,0.19,20.0,54.51,25.49,0,0.0,得意,C
4842,山下昂大,1,5,20.0,40.0,20.0,80.0,0.138,0.08,0.21,20.0,86.47,-6.47,0,0.0,得意,C
4319,三宅潤,4,7,14.29,14.29,57.14,85.71,0.19,0.1,0.26,14.29,45.78,39.93,2,28.57,得意,C
4748,渡邉雄朗,1,3,66.67,33.33,0.0,100.0,0.143,0.09,0.19,0.0,86.47,13.53,0,0.0,少数参考,参考
4570,前田聖文,2,11,18.18,54.55,18.18,90.91,0.144,0.08,0.21,18.18,57.97,32.94,0,0.0,得意,B
5125,高井雄基,5,3,0.0,0.0,33.33,33.33,0.177,0.09,0.25,0.0,34.22,-0.89,0,0.0,少数参考,参考
4319,三宅潤,2,8,25.0,37.5,25.0,87.5,0.144,0.07,0.22,0.0,57.97,29.53,0,0.0,得意,C
3874,山本寛久,1,6,83.33,0.0,0.0,83.33,0.093,0.06,0.14,33.33,86.47,-3.14,0,0.0,得意,C
4570,前田聖文,4,10,20.0,40.0,30.0,90.0,0.126,0.05,0.21,60.0,45.78,44.22,1,10.0,得意,B
5125,高井雄基,2,6,16.67,33.33,33.33,83.33,0.172,0.12,0.26,16.67,57.97,25.36,0,0.0,得意,C
4570,前田聖文,5,8,12.5,25.0,50.0,87.5,0.115,0.06,0.17,0.0,34.22,53.28,4,50.0,得意,C
3411,池上隆行,3,3,0.0,33.33,33.33,66.67,0.067,0.03,0.11,100.0,54.51,12.16,0,0.0,少数参考,参考
5278,田中駿兵,4,3,0.0,33.33,33.33,66.67,0.257,0.19,0.34,0.0,45.78,20.89,0,0.0,少数参考,参考
4184,渡邊雄一郎,4,8,25.0,25.0,12.5,62.5,0.154,0.11,0.18,0.0,45.78,16.72,1,12.5,得意,C
4389,伊藤喜智,4,3,66.67,33.33,0.0,100.0,0.177,0.11,0.24,33.33,45.78,54.22,2,66.67,少数参考,参考
5125,高井雄基,3,6,16.67,33.33,16.67,66.67,0.102,0.04,0.14,50.0,54.51,12.16,1,16.67,得意,C
3874,山本寛久,4,3,0.0,66.67,33.33,100.0,0.183,0.12,0.26,33.33,45.78,54.22,0,0.0,少数参考,参考
3874,山本寛久,3,7,28.57,42.86,0.0,71.43,0.127,0.07,0.22,57.14,54.51,16.92,1,14.29,得意,C
5125,高井雄基,1,4,75.0,0.0,25.0,100.0,0.11,0.02,0.15,50.0,86.47,13.53,0,0.0,少数参考,参考
3863,海老澤泰行,2,4,0.0,0.0,25.0,25.0,0.133,0.12,0.16,0.0,57.97,-32.97,0,0.0,少数参考,参考
5278,田中駿兵,6,5,0.0,40.0,0.0,40.0,0.11,0.03,0.23,40.0,21.0,19.0,0,0.0,得意,C
5054,佐々木大河,3,3,33.33,33.33,0.0,66.67,0.133,0.07,0.17,33.33,54.51,12.16,0,0.0,少数参考,参考
4389,伊藤喜智,6,3,0.0,0.0,66.67,66.67,0.207,0.11,0.28,33.33,21.0,45.67,0,0.0,少数参考,参考
3776,横井健太,3,3,0.0,0.0,33.33,33.33,0.117,0.07,0.16,33.33,54.51,-21.18,1,33.33,少数参考,参考
4570,前田聖文,1,10,50.0,30.0,0.0,80.0,0.135,0.02,0.23,20.0,86.47,-6.47,0,0.0,得意,B
4184,渡邊雄一郎,5,8,0.0,37.5,25.0,62.5,0.149,0.07,0.19,37.5,34.22,28.28,1,12.5,得意,C
4406,幸野史明,6,4,25.0,0.0,0.0,25.0,0.19,0.13,0.27,25.0,21.0,4.0,1,25.0,少数参考,参考
4319,三宅潤,1,5,60.0,20.0,0.0,80.0,0.192,0.12,0.31,20.0,86.47,-6.47,0,0.0,標準,C
5011,高木圭大,6,4,0.0,0.0,50.0,50.0,0.165,0.13,0.19,0.0,21.0,29.0,1,25.0,少数参考,参考
5038,金田智博,4,3,33.33,0.0,33.33,66.67,0.13,0.03,0.25,33.33,45.78,20.89,0,0.0,少数参考,参考
5145,島川海輝,1,6,66.67,33.33,0.0,100.0,0.108,0.03,0.23,16.67,86.47,13.53,0,0.0,得意,C
4826,井上一輝,2,9,22.22,33.33,33.33,88.89,0.106,0.03,0.17,22.22,57.97,30.92,0,0.0,得意,C
5105,富田恕生,1,4,25.0,0.0,25.0,50.0,0.247,0.23,0.26,0.0,86.47,-36.47,0,0.0,少数参考,参考
4977,馬野耀,1,4,75.0,0.0,25.0,100.0,0.122,0.08,0.15,75.0,86.47,13.53,0,0.0,少数参考,参考
5154,村松栄太,2,3,0.0,66.67,0.0,66.67,0.16,0.13,0.18,0.0,57.97,8.7,0,0.0,少数参考,参考
4824,松井洪弥,1,9,100.0,0.0,0.0,100.0,0.107,0.0,0.17,44.44,86.47,13.53,0,0.0,得意,C
4914,吉田裕平,3,7,28.57,42.86,28.57,100.0,0.147,0.06,0.29,0.0,54.51,45.49,1,14.29,得意,C
5005,石田貴洋,4,7,14.29,28.57,28.57,71.43,0.114,0.05,0.21,28.57,45.78,25.65,0,0.0,得意,C
5042,畑田汰一,3,3,66.67,33.33,0.0,100.0,0.1,0.05,0.13,0.0,54.51,45.49,0,0.0,少数参考,参考
5145,島川海輝,5,6,0.0,33.33,50.0,83.33,0.102,0.06,0.17,50.0,34.22,49.11,1,16.67,得意,C
4983,前田篤哉,1,6,83.33,0.0,16.67,100.0,0.14,0.06,0.2,33.33,86.47,13.53,0,0.0,得意,C
5002,上田健太,2,3,0.0,66.67,0.0,66.67,0.157,0.12,0.19,0.0,57.97,8.7,0,0.0,少数参考,参考
4714,喜多須杏奈,4,3,0.0,33.33,66.67,100.0,0.153,0.11,0.21,0.0,45.78,54.22,0,0.0,少数参考,参考
3435,寺田千恵,5,3,0.0,100.0,0.0,100.0,0.103,0.03,0.19,33.33,34.22,65.78,1,33.33,少数参考,参考
5218,山田理央,6,4,0.0,50.0,25.0,75.0,0.22,0.14,0.33,50.0,21.0,54.0,1,25.0,少数参考,参考
4546,浜田亜理沙,1,7,100.0,0.0,0.0,100.0,0.107,0.02,0.22,42.86,86.47,13.53,0,0.0,得意,C
4519,清水沙樹,4,3,0.0,0.0,0.0,0.0,0.103,0.08,0.14,0.0,45.78,-45.78,0,0.0,少数参考,参考
4714,喜多須杏奈,3,3,33.33,33.33,0.0,66.67,0.183,0.15,0.21,0.0,54.51,12.16,0,0.0,少数参考,参考
4065,金田幸子,1,7,85.71,0.0,14.29,100.0,0.189,0.11,0.28,14.29,86.47,13.53,0,0.0,得意,C
4627,藤原菜希,2,3,33.33,66.67,0.0,100.0,0.113,0.07,0.14,66.67,57.97,42.03,0,0.0,少数参考,参考
5148,松本怜,3,5,0.0,40.0,0.0,40.0,0.204,0.08,0.29,20.0,54.51,-14.51,1,20.0,苦手,C
5144,中尾彩香,4,4,0.0,25.0,50.0,75.0,0.168,0.13,0.22,50.0,45.78,29.22,0,0.0,少数参考,参考
3474,松瀬弘美,1,3,33.33,0.0,66.67,100.0,0.153,0.14,0.17,0.0,86.47,13.53,0,0.0,少数参考,参考
5227,川原愛未,6,3,0.0,33.33,33.33,66.67,0.133,0.11,0.15,33.33,21.0,45.67,0,0.0,少数参考,参考
4627,藤原菜希,4,3,33.33,0.0,66.67,100.0,0.15,0.06,0.21,33.33,45.78,54.22,0,0.0,少数参考,参考
5118,野田なづき,2,3,0.0,33.33,66.67,100.0,0.16,0.12,0.24,0.0,57.97,42.03,0,0.0,少数参考,参考
4123,細川裕子,4,3,33.33,33.33,0.0,66.67,0.17,0.12,0.24,0.0,45.78,20.89,0,0.0,少数参考,参考
4556,竹井奈美,3,3,33.33,33.33,33.33,100.0,0.15,0.13,0.19,33.33,54.51,45.49,0,0.0,少数参考,参考
5144,中尾彩香,3,3,0.0,0.0,100.0,100.0,0.133,0.11,0.18,0.0,54.51,45.49,0,0.0,少数参考,参考
4546,浜田亜理沙,4,3,33.33,33.33,33.33,100.0,0.157,0.09,0.19,0.0,45.78,54.22,0,0.0,少数参考,参考
4627,藤原菜希,1,5,80.0,20.0,0.0,100.0,0.138,0.1,0.19,40.0,86.47,13.53,0,0.0,得意,C
4714,喜多須杏奈,2,4,50.0,50.0,0.0,100.0,0.138,0.07,0.18,25.0,57.97,42.03,0,0.0,少数参考,参考
4947,間庭菜摘,4,4,0.0,0.0,25.0,25.0,0.158,0.06,0.28,25.0,45.78,-20.78,1,25.0,少数参考,参考
4556,竹井奈美,2,5,20.0,40.0,20.0,80.0,0.196,0.17,0.26,20.0,57.97,22.03,0,0.0,得意,C
4065,金田幸子,3,3,0.0,66.67,33.33,100.0,0.203,0.14,0.26,0.0,54.51,45.49,0,0.0,少数参考,参考
4714,喜多須杏奈,1,6,83.33,0.0,16.67,100.0,0.148,0.06,0.25,66.67,86.47,13.53,0,0.0,得意,C
5281,井上遥妃,5,5,0.0,20.0,20.0,40.0,0.11,0.06,0.16,40.0,34.22,5.78,1,20.0,やや得意,C
4045,佐々木裕美,3,7,28.57,42.86,0.0,71.43,0.151,0.08,0.26,14.29,54.51,16.92,2,28.57,得意,C
5118,野田なづき,4,4,0.0,50.0,25.0,75.0,0.152,0.07,0.24,0.0,45.78,29.22,0,0.0,少数参考,参考
4065,金田幸子,5,3,33.33,0.0,33.33,66.67,0.13,0.09,0.19,33.33,34.22,32.45,0,0.0,少数参考,参考
4556,竹井奈美,1,4,100.0,0.0,0.0,100.0,0.152,0.07,0.22,75.0,86.47,13.53,0,0.0,少数参考,参考
4546,浜田亜理沙,3,3,66.67,33.33,0.0,100.0,0.15,0.08,0.22,66.67,54.51,45.49,0,0.0,少数参考,参考
5144,中尾彩香,2,4,0.0,50.0,25.0,75.0,0.158,0.08,0.22,25.0,57.97,17.03,0,0.0,少数参考,参考
4947,間庭菜摘,2,6,0.0,33.33,16.67,50.0,0.22,0.06,0.34,0.0,57.97,-7.97,0,0.0,標準,C
4714,喜多須杏奈,5,5,0.0,0.0,40.0,40.0,0.18,0.11,0.27,20.0,34.22,5.78,0,0.0,やや得意,C
4286,平田さやか,6,8,0.0,12.5,37.5,50.0,0.152,0.11,0.2,25.0,21.0,29.0,0,0.0,得意,C
4940,白石有美,1,3,33.33,33.33,0.0,66.67,0.16,0.14,0.18,0.0,86.47,-19.8,0,0.0,少数参考,参考
4224,大橋栄里佳,2,5,0.0,0.0,60.0,60.0,0.208,0.15,0.31,0.0,57.97,2.03,0,0.0,標準,C
4208,三浦永理,3,7,28.57,0.0,57.14,85.71,0.177,0.13,0.24,28.57,54.51,31.2,0,0.0,得意,C
4556,竹井奈美,5,3,33.33,33.33,33.33,100.0,0.127,0.09,0.16,66.67,34.22,65.78,0,0.0,少数参考,参考
4065,金田幸子,2,4,50.0,25.0,25.0,100.0,0.182,0.15,0.23,0.0,57.97,42.03,0,0.0,少数参考,参考
4546,浜田亜理沙,2,3,0.0,66.67,33.33,100.0,0.203,0.16,0.26,33.33,57.97,42.03,0,0.0,少数参考,参考
4627,藤原菜希,5,3,33.33,33.33,0.0,66.67,0.133,0.04,0.2,33.33,34.22,32.45,0,0.0,少数参考,参考
4224,大橋栄里佳,5,3,33.33,0.0,33.33,66.67,0.16,0.12,0.18,66.67,34.22,32.45,1,33.33,少数参考,参考
4947,間庭菜摘,3,4,25.0,50.0,25.0,100.0,0.177,0.1,0.26,25.0,54.51,45.49,0,0.0,少数参考,参考
5218,山田理央,2,3,0.0,33.33,66.67,100.0,0.187,0.14,0.24,66.67,57.97,42.03,0,0.0,少数参考,参考
3580,水口由紀,2,3,0.0,33.33,0.0,33.33,0.157,0.15,0.16,33.33,57.97,-24.64,0,0.0,少数参考,参考
5144,中尾彩香,6,4,0.0,0.0,50.0,50.0,0.165,0.03,0.27,25.0,21.0,29.0,1,25.0,少数参考,参考
4065,金田幸子,4,6,16.67,33.33,33.33,83.33,0.165,0.03,0.31,16.67,45.78,37.55,0,0.0,得意,C
3860,松本浩貴,2,3,0.0,0.0,33.33,33.33,0.277,0.18,0.41,0.0,57.97,-24.64,0,0.0,少数参考,参考
4390,松本弓雄,4,3,0.0,33.33,0.0,33.33,0.157,0.15,0.16,0.0,45.78,-12.45,1,33.33,少数参考,参考
3771,折下寛法,1,5,40.0,0.0,20.0,60.0,0.154,0.07,0.27,40.0,86.47,-26.47,0,0.0,苦手,C
3784,中島友和,2,5,0.0,0.0,20.0,20.0,0.2,0.12,0.27,0.0,57.97,-37.97,0,0.0,苦手,C
4640,山ノ内雅人,6,4,0.0,25.0,75.0,100.0,0.14,0.06,0.22,75.0,21.0,79.0,0,0.0,少数参考,参考
4067,永井源,2,3,0.0,66.67,33.33,100.0,0.167,0.16,0.18,0.0,57.97,42.03,0,0.0,少数参考,参考
3978,齊藤仁,1,5,80.0,20.0,0.0,100.0,0.102,0.03,0.16,40.0,86.47,13.53,0,0.0,得意,C
5107,松本真広,2,6,0.0,50.0,33.33,83.33,0.13,0.1,0.18,33.33,57.97,25.36,0,0.0,得意,C
5172,田村慶,3,4,25.0,25.0,50.0,100.0,0.212,0.14,0.36,25.0,54.51,45.49,0,0.0,少数参考,参考
5038,金田智博,3,5,0.0,40.0,40.0,80.0,0.17,0.13,0.21,40.0,54.51,25.49,0,0.0,得意,C
5166,仲道大輔,5,3,0.0,0.0,66.67,66.67,0.113,0.08,0.14,100.0,34.22,32.45,0,0.0,少数参考,参考
5196,鰐部太空海,2,4,25.0,25.0,25.0,75.0,0.14,0.09,0.17,25.0,57.97,17.03,0,0.0,少数参考,参考
5005,石田貴洋,3,7,14.29,42.86,42.86,100.0,0.12,0.06,0.17,28.57,54.51,45.49,0,0.0,得意,C
5002,上田健太,3,5,40.0,20.0,40.0,100.0,0.188,0.11,0.27,0.0,54.51,45.49,0,0.0,得意,C
5275,松田淳平,6,4,0.0,25.0,0.0,25.0,0.125,0.1,0.16,50.0,21.0,4.0,0,0.0,少数参考,参考
5060,数原魁,2,3,0.0,33.33,33.33,66.67,0.147,0.12,0.19,33.33,57.97,8.7,0,0.0,少数参考,参考
4983,前田篤哉,4,3,0.0,0.0,100.0,100.0,0.177,0.15,0.21,0.0,45.78,54.22,0,0.0,少数参考,参考
5092,篠原晟弥,1,5,80.0,0.0,0.0,80.0,0.07,0.04,0.09,100.0,86.47,-6.47,0,0.0,得意,C
4824,松井洪弥,2,11,27.27,27.27,18.18,72.73,0.102,0.05,0.21,36.36,57.97,14.76,0,0.0,得意,B
5042,畑田汰一,1,6,83.33,16.67,0.0,100.0,0.138,0.09,0.22,50.0,86.47,13.53,0,0.0,得意,C
5172,田村慶,4,4,0.0,25.0,50.0,75.0,0.113,0.08,0.16,50.0,45.78,29.22,0,0.0,少数参考,参考
5275,松田淳平,4,7,0.0,57.14,14.29,71.43,0.196,0.06,0.37,28.57,45.78,25.65,0,0.0,得意,C
5060,数原魁,4,3,33.33,0.0,33.33,66.67,0.12,0.06,0.21,33.33,45.78,20.89,0,0.0,少数参考,参考
4826,井上一輝,1,13,92.31,7.69,0.0,100.0,0.125,0.03,0.25,38.46,86.47,13.53,0,0.0,得意,B
5126,山下大輝,2,3,0.0,66.67,0.0,66.67,0.137,0.07,0.21,66.67,57.97,8.7,0,0.0,少数参考,参考
5196,鰐部太空海,3,7,28.57,42.86,28.57,100.0,0.117,0.02,0.29,42.86,54.51,45.49,0,0.0,得意,C
4985,井本昌也,6,3,0.0,0.0,66.67,66.67,0.157,0.14,0.19,33.33,21.0,45.67,0,0.0,少数参考,参考
5005,石田貴洋,2,9,0.0,33.33,44.44,77.78,0.126,0.04,0.26,33.33,57.97,19.81,0,0.0,得意,C
4977,馬野耀,2,3,33.33,33.33,33.33,100.0,0.107,0.05,0.14,0.0,57.97,42.03,0,0.0,少数参考,参考
4824,松井洪弥,4,7,0.0,28.57,42.86,71.43,0.113,0.02,0.15,42.86,45.78,25.65,0,0.0,得意,C
5170,佐藤太亮,4,5,20.0,0.0,60.0,80.0,0.13,0.06,0.24,60.0,45.78,34.22,1,20.0,得意,C
4110,小澤和也,1,3,33.33,66.67,0.0,100.0,0.133,0.09,0.18,66.67,86.47,13.53,0,0.0,少数参考,参考
3784,中島友和,3,7,14.29,57.14,14.29,85.71,0.137,0.11,0.18,42.86,54.51,31.2,0,0.0,得意,C
3505,山田竜一,6,3,0.0,33.33,0.0,33.33,0.163,0.11,0.21,33.33,21.0,12.33,0,0.0,少数参考,参考
4471,新田泰章,6,5,0.0,20.0,20.0,40.0,0.138,0.11,0.19,60.0,21.0,19.0,0,0.0,得意,C
5150,坂本雄紀,2,3,33.33,33.33,0.0,66.67,0.193,0.11,0.31,33.33,57.97,8.7,0,0.0,少数参考,参考
3978,齊藤仁,4,6,16.67,50.0,16.67,83.33,0.155,0.07,0.23,0.0,45.78,37.55,1,16.67,得意,C
3771,折下寛法,2,3,0.0,33.33,66.67,100.0,0.133,0.11,0.16,33.33,57.97,42.03,0,0.0,少数参考,参考
4471,新田泰章,3,4,0.0,25.0,50.0,75.0,0.14,0.11,0.19,0.0,54.51,20.49,1,25.0,少数参考,参考
4511,中岡健人,4,4,0.0,25.0,25.0,50.0,0.177,0.12,0.22,0.0,45.78,4.22,0,0.0,少数参考,参考
3784,中島友和,1,9,77.78,11.11,11.11,100.0,0.121,0.02,0.22,55.56,86.47,13.53,0,0.0,得意,C
3771,折下寛法,6,5,0.0,0.0,60.0,60.0,0.162,0.09,0.26,20.0,21.0,39.0,0,0.0,得意,C
4432,黄金井力良,1,7,85.71,0.0,14.29,100.0,0.13,0.07,0.21,42.86,86.47,13.53,0,0.0,得意,C
4308,河村了,2,6,33.33,16.67,50.0,100.0,0.147,0.07,0.21,33.33,57.97,42.03,0,0.0,得意,C
4640,山ノ内雅人,1,6,100.0,0.0,0.0,100.0,0.113,0.07,0.16,66.67,86.47,13.53,0,0.0,得意,C
3784,中島友和,4,7,14.29,14.29,28.57,57.14,0.124,0.1,0.15,57.14,45.78,11.36,3,42.86,得意,C
3860,松本浩貴,4,3,0.0,33.33,0.0,33.33,0.143,0.07,0.2,0.0,45.78,-12.45,1,33.33,少数参考,参考
4390,松本弓雄,1,3,66.67,33.33,0.0,100.0,0.233,0.16,0.28,33.33,86.47,13.53,0,0.0,少数参考,参考
4471,新田泰章,4,6,0.0,66.67,16.67,83.33,0.15,0.07,0.24,33.33,45.78,37.55,0,0.0,得意,C
4511,中岡健人,1,4,25.0,50.0,0.0,75.0,0.103,0.06,0.13,100.0,86.47,-11.47,0,0.0,少数参考,参考
4668,楠本晃嗣,4,3,0.0,33.33,33.33,66.67,0.113,0.04,0.16,0.0,45.78,20.89,0,0.0,少数参考,参考
4432,黄金井力良,6,4,0.0,0.0,25.0,25.0,0.198,0.11,0.3,25.0,21.0,4.0,0,0.0,少数参考,参考
3784,中島友和,5,5,20.0,40.0,20.0,80.0,0.142,0.1,0.18,20.0,34.22,45.78,2,40.0,得意,C
4943,八木治樹,4,3,0.0,0.0,33.33,33.33,0.133,0.12,0.15,0.0,45.78,-12.45,1,33.33,少数参考,参考
4220,深川和仁,1,3,33.33,0.0,66.67,100.0,0.13,0.03,0.26,66.67,86.47,13.53,0,0.0,少数参考,参考
3961,谷村一哉,4,4,0.0,25.0,25.0,50.0,0.105,0.05,0.14,50.0,45.78,4.22,1,25.0,少数参考,参考
4586,磯部誠,4,4,25.0,25.0,50.0,100.0,0.1,0.02,0.15,50.0,45.78,54.22,0,0.0,少数参考,参考
4220,深川和仁,3,5,20.0,40.0,20.0,80.0,0.126,0.08,0.16,0.0,54.51,25.49,0,0.0,得意,C
4525,真子奈津実,3,5,20.0,40.0,40.0,100.0,0.118,0.06,0.22,40.0,54.51,45.49,0,0.0,得意,C
3753,河上哲也,4,3,33.33,0.0,33.33,66.67,0.117,0.08,0.16,0.0,45.78,20.89,1,33.33,少数参考,参考
5252,荒木颯斗,4,8,37.5,12.5,12.5,62.5,0.139,0.06,0.23,12.5,45.78,16.72,2,25.0,得意,C
4436,渋谷明憲,1,3,100.0,0.0,0.0,100.0,0.113,0.04,0.17,66.67,86.47,13.53,0,0.0,少数参考,参考
4586,磯部誠,6,3,0.0,0.0,66.67,66.67,0.103,0.1,0.11,33.33,21.0,45.67,0,0.0,少数参考,参考
3961,谷村一哉,5,4,0.0,25.0,50.0,75.0,0.125,0.07,0.16,25.0,34.22,40.78,1,25.0,少数参考,参考
3872,岡田憲行,5,8,37.5,0.0,12.5,50.0,0.18,0.11,0.25,12.5,34.22,15.78,2,25.0,得意,C
4724,吉田祐貴,4,3,0.0,33.33,0.0,33.33,0.137,0.11,0.18,33.33,45.78,-12.45,0,0.0,少数参考,参考
5198,奥村明日香,3,5,0.0,20.0,40.0,60.0,0.222,0.16,0.3,0.0,54.51,5.49,0,0.0,やや得意,C
5196,鰐部太空海,6,5,0.0,0.0,60.0,60.0,0.146,0.05,0.31,20.0,21.0,39.0,0,0.0,得意,C
5278,田中駿兵,5,4,25.0,25.0,0.0,50.0,0.152,0.09,0.2,25.0,34.22,15.78,0,0.0,少数参考,参考
4983,前田篤哉,3,4,50.0,0.0,50.0,100.0,0.09,0.03,0.16,0.0,54.51,45.49,0,0.0,少数参考,参考
5166,仲道大輔,1,3,100.0,0.0,0.0,100.0,0.15,0.09,0.24,0.0,86.47,13.53,0,0.0,少数参考,参考
5105,富田恕生,2,6,16.67,33.33,16.67,66.67,0.143,0.08,0.23,33.33,57.97,8.7,0,0.0,得意,C
5042,畑田汰一,5,3,0.0,33.33,66.67,100.0,0.077,0.07,0.09,66.67,34.22,65.78,0,0.0,少数参考,参考
4824,松井洪弥,3,9,0.0,44.44,33.33,77.78,0.134,0.05,0.19,44.44,54.51,23.27,0,0.0,得意,C
5002,上田健太,1,6,50.0,0.0,33.33,83.33,0.202,0.11,0.28,16.67,86.47,-3.14,0,0.0,標準,C
4826,井上一輝,3,5,0.0,20.0,20.0,40.0,0.162,0.07,0.29,20.0,54.51,-14.51,0,0.0,苦手,C
5060,数原魁,1,4,50.0,25.0,0.0,75.0,0.2,0.15,0.28,0.0,86.47,-11.47,0,0.0,少数参考,参考
4718,北川太一,4,5,0.0,60.0,40.0,100.0,0.102,0.04,0.18,40.0,45.78,54.22,0,0.0,得意,C
4977,馬野耀,3,4,25.0,25.0,25.0,75.0,0.135,0.08,0.22,25.0,54.51,20.49,1,25.0,少数参考,参考
5042,畑田汰一,2,4,25.0,25.0,25.0,75.0,0.122,0.05,0.18,50.0,57.97,17.03,0,0.0,少数参考,参考
5082,一色凌雅,3,3,0.0,66.67,33.33,100.0,0.13,0.06,0.19,0.0,54.51,45.49,0,0.0,少数参考,参考
5005,石田貴洋,6,4,0.0,0.0,25.0,25.0,0.095,0.08,0.13,0.0,21.0,4.0,0,0.0,少数参考,参考
5145,島川海輝,3,4,0.0,75.0,25.0,100.0,0.115,0.06,0.18,75.0,54.51,45.49,0,0.0,少数参考,参考
4824,松井洪弥,5,7,0.0,28.57,42.86,71.43,0.131,0.07,0.21,42.86,34.22,37.21,1,14.29,得意,C
4724,吉田祐貴,1,3,0.0,66.67,0.0,66.67,0.177,0.11,0.24,0.0,86.47,-19.8,0,0.0,少数参考,参考
5198,奥村明日香,2,4,0.0,25.0,25.0,50.0,0.125,0.05,0.18,50.0,57.97,-7.97,0,0.0,少数参考,参考
4463,三苫晃幸,6,6,16.67,16.67,16.67,50.0,0.21,0.16,0.27,33.33,21.0,29.0,0,0.0,得意,C
5198,奥村明日香,1,3,0.0,0.0,100.0,100.0,0.163,0.13,0.18,0.0,86.47,13.53,0,0.0,少数参考,参考
5252,荒木颯斗,5,7,0.0,42.86,28.57,71.43,0.136,0.04,0.21,14.29,34.22,37.21,2,28.57,得意,C
4220,深川和仁,2,3,33.33,33.33,33.33,100.0,0.17,0.07,0.27,66.67,57.97,42.03,0,0.0,少数参考,参考
5107,松本真広,3,4,50.0,0.0,0.0,50.0,0.143,0.11,0.2,25.0,54.51,-4.51,0,0.0,少数参考,参考
5105,富田恕生,4,5,20.0,20.0,40.0,80.0,0.136,0.08,0.18,20.0,45.78,34.22,0,0.0,得意,C
5172,田村慶,1,4,75.0,0.0,0.0,75.0,0.138,0.09,0.18,50.0,86.47,-11.47,0,0.0,少数参考,参考
5005,石田貴洋,1,9,33.33,44.44,22.22,100.0,0.138,0.05,0.2,11.11,86.47,13.53,0,0.0,得意,C
5145,島川海輝,4,4,50.0,25.0,0.0,75.0,0.113,0.05,0.17,75.0,45.78,29.22,0,0.0,少数参考,参考
5018,竹下大樹,6,4,0.0,0.0,75.0,75.0,0.21,0.13,0.26,0.0,21.0,54.0,0,0.0,少数参考,参考
4983,前田篤哉,5,3,33.33,33.33,33.33,100.0,0.133,0.07,0.21,0.0,34.22,65.78,0,0.0,少数参考,参考
5196,鰐部太空海,4,9,11.11,44.44,22.22,77.78,0.134,0.06,0.21,22.22,45.78,32.0,0,0.0,得意,C
5172,田村慶,6,4,0.0,25.0,50.0,75.0,0.175,0.12,0.23,25.0,21.0,54.0,0,0.0,少数参考,参考
4824,松井洪弥,6,3,0.0,0.0,33.33,33.33,0.127,0.08,0.16,33.33,21.0,12.33,0,0.0,少数参考,参考
5240,高橋龍治,5,4,0.0,75.0,25.0,100.0,0.098,0.06,0.13,25.0,34.22,65.78,0,0.0,少数参考,参考
4826,井上一輝,4,10,20.0,30.0,20.0,70.0,0.118,0.03,0.23,30.0,45.78,24.22,0,0.0,得意,B
5005,石田貴洋,5,8,12.5,25.0,12.5,50.0,0.114,0.06,0.16,50.0,34.22,15.78,1,12.5,得意,C
4826,井上一輝,5,3,0.0,0.0,66.67,66.67,0.123,0.07,0.15,0.0,34.22,32.45,0,0.0,少数参考,参考
5154,村松栄太,3,3,33.33,33.33,33.33,100.0,0.057,0.04,0.07,66.67,54.51,45.49,0,0.0,少数参考,参考
5261,岡暢祐,5,4,0.0,0.0,50.0,50.0,0.19,0.16,0.26,0.0,34.22,15.78,0,0.0,少数参考,参考
5126,山下大輝,5,4,50.0,25.0,0.0,75.0,0.168,0.08,0.24,50.0,34.22,40.78,0,0.0,少数参考,参考
4718,北川太一,1,10,70.0,20.0,10.0,100.0,0.159,0.07,0.26,40.0,86.47,13.53,0,0.0,得意,B
5172,田村慶,2,4,25.0,25.0,25.0,75.0,0.16,0.14,0.18,0.0,57.97,17.03,0,0.0,少数参考,参考
5002,上田健太,4,3,0.0,33.33,33.33,66.67,0.187,0.12,0.23,0.0,45.78,20.89,0,0.0,少数参考,参考
4679,植田太一,3,4,25.0,25.0,50.0,100.0,0.158,0.09,0.21,25.0,54.51,45.49,1,25.0,少数参考,参考
3825,宮嵜隆太郎,3,4,25.0,50.0,25.0,100.0,0.107,0.02,0.23,50.0,54.51,45.49,0,0.0,少数参考,参考
4679,植田太一,1,3,66.67,0.0,33.33,100.0,0.07,0.02,0.15,100.0,86.47,13.53,0,0.0,少数参考,参考
5073,上原健次郎,1,3,33.33,33.33,0.0,66.67,0.13,0.09,0.16,33.33,86.47,-19.8,0,0.0,少数参考,参考
3742,宮地秀祈,3,3,0.0,33.33,33.33,66.67,0.15,0.13,0.17,0.0,54.51,12.16,1,33.33,少数参考,参考
5073,上原健次郎,5,6,16.67,0.0,16.67,33.33,0.165,0.0,0.29,33.33,34.22,-0.89,1,16.67,標準,C
3998,冨成謙児,5,3,0.0,33.33,0.0,33.33,0.16,0.11,0.21,66.67,34.22,-0.89,0,0.0,少数参考,参考
3715,倉尾大介,5,3,0.0,0.0,0.0,0.0,0.127,0.12,0.13,0.0,34.22,-34.22,0,0.0,少数参考,参考
5050,木下雄介,3,4,50.0,25.0,25.0,100.0,0.1,0.08,0.12,50.0,54.51,45.49,1,25.0,少数参考,参考
4710,福田宗平,2,4,75.0,0.0,0.0,75.0,0.115,0.07,0.16,0.0,57.97,17.03,0,0.0,少数参考,参考
4332,村上彰一,1,4,25.0,25.0,25.0,75.0,0.205,0.08,0.29,25.0,86.47,-11.47,0,0.0,少数参考,参考
5178,成貞琳平,2,3,66.67,0.0,0.0,66.67,0.127,0.03,0.18,33.33,57.97,8.7,0,0.0,少数参考,参考
4012,中村有裕,4,6,16.67,33.33,33.33,83.33,0.08,0.01,0.17,66.67,45.78,37.55,1,16.67,得意,C
4339,平瀬城啓,3,3,0.0,0.0,100.0,100.0,0.147,0.07,0.24,0.0,54.51,45.49,0,0.0,少数参考,参考
4561,藤山翔大,1,7,57.14,28.57,0.0,85.71,0.189,0.06,0.26,14.29,86.47,-0.76,0,0.0,標準,C
4988,牟田奨太,3,4,25.0,50.0,0.0,75.0,0.165,0.13,0.19,0.0,54.51,20.49,1,25.0,少数参考,参考
5120,山本稔太朗,5,4,25.0,75.0,0.0,100.0,0.098,0.03,0.14,50.0,34.22,65.78,0,0.0,少数参考,参考
4710,福田宗平,6,4,0.0,25.0,25.0,50.0,0.13,0.09,0.17,75.0,21.0,29.0,1,25.0,少数参考,参考
4988,牟田奨太,4,4,0.0,25.0,25.0,50.0,0.115,0.05,0.17,25.0,45.78,4.22,1,25.0,少数参考,参考
5075,中島秀治,5,4,0.0,0.0,50.0,50.0,0.188,0.15,0.24,25.0,34.22,15.78,1,25.0,少数参考,参考
4561,藤山翔大,5,3,33.33,33.33,33.33,100.0,0.103,0.08,0.14,33.33,34.22,65.78,2,66.67,少数参考,参考
4594,谷川祐一,4,3,33.33,33.33,0.0,66.67,0.073,0.01,0.17,66.67,45.78,20.89,0,0.0,少数参考,参考
5050,木下雄介,2,4,50.0,25.0,25.0,100.0,0.128,0.07,0.16,25.0,57.97,42.03,0,0.0,少数参考,参考
4980,佐々木完太,1,5,60.0,20.0,20.0,100.0,0.132,0.02,0.23,20.0,86.47,13.53,0,0.0,得意,C
5120,山本稔太朗,3,3,0.0,66.67,0.0,66.67,0.137,0.12,0.15,0.0,54.51,12.16,0,0.0,少数参考,参考
5075,中島秀治,2,6,50.0,16.67,0.0,66.67,0.138,0.04,0.28,16.67,57.97,8.7,0,0.0,得意,C
4561,藤山翔大,3,6,100.0,0.0,0.0,100.0,0.135,0.11,0.19,16.67,54.51,45.49,1,16.67,得意,C
5050,木下雄介,1,5,60.0,40.0,0.0,100.0,0.082,0.05,0.13,60.0,86.47,13.53,0,0.0,得意,C
4293,鈴木智啓,3,6,0.0,0.0,33.33,33.33,0.15,0.12,0.18,0.0,54.51,-21.18,0,0.0,苦手,C
4988,牟田奨太,1,3,66.67,0.0,33.33,100.0,0.127,0.07,0.16,33.33,86.47,13.53,0,0.0,少数参考,参考
4710,福田宗平,1,6,66.67,0.0,16.67,83.33,0.122,0.09,0.15,16.67,86.47,-3.14,0,0.0,得意,C
5075,中島秀治,3,3,33.33,0.0,66.67,100.0,0.167,0.1,0.26,33.33,54.51,45.49,0,0.0,少数参考,参考
5017,澤田尚也,3,4,25.0,25.0,0.0,50.0,0.115,0.07,0.22,75.0,54.51,-4.51,0,0.0,少数参考,参考
4594,谷川祐一,5,5,40.0,0.0,60.0,100.0,0.126,0.08,0.17,20.0,34.22,65.78,0,0.0,得意,C
4561,藤山翔大,2,3,33.33,33.33,33.33,100.0,0.07,0.02,0.11,66.67,57.97,42.03,1,33.33,少数参考,参考
4980,佐々木完太,5,3,0.0,33.33,33.33,66.67,0.197,0.14,0.26,0.0,34.22,32.45,2,66.67,少数参考,参考
5120,山本稔太朗,4,6,16.67,16.67,33.33,66.67,0.13,0.09,0.17,16.67,45.78,20.89,1,16.67,得意,C
5178,成貞琳平,3,3,0.0,0.0,33.33,33.33,0.12,0.06,0.17,33.33,54.51,-21.18,0,0.0,少数参考,参考
4988,牟田奨太,5,3,33.33,33.33,0.0,66.67,0.11,0.07,0.17,66.67,34.22,32.45,0,0.0,少数参考,参考
5027,重冨勇哉,1,4,50.0,0.0,25.0,75.0,0.152,0.12,0.22,0.0,86.47,-11.47,0,0.0,少数参考,参考
4339,平瀬城啓,2,4,25.0,0.0,25.0,50.0,0.147,0.1,0.18,0.0,57.97,-7.97,0,0.0,少数参考,参考
5120,山本稔太朗,2,6,16.67,50.0,16.67,83.33,0.162,0.12,0.23,0.0,57.97,25.36,0,0.0,得意,C
5075,中島秀治,1,6,50.0,33.33,16.67,100.0,0.138,0.03,0.21,50.0,86.47,13.53,0,0.0,得意,C
4709,岡村将也,1,7,28.57,28.57,14.29,71.43,0.147,0.06,0.29,28.57,86.47,-15.04,0,0.0,得意,C
5083,柳瀬幹太,5,4,25.0,0.0,25.0,50.0,0.098,0.03,0.22,50.0,34.22,15.78,1,25.0,少数参考,参考
5075,中島秀治,4,3,0.0,33.33,33.33,66.67,0.213,0.09,0.29,0.0,45.78,20.89,0,0.0,少数参考,参考
4988,牟田奨太,2,4,0.0,50.0,0.0,50.0,0.145,0.06,0.21,0.0,57.97,-7.97,0,0.0,少数参考,参考
5050,木下雄介,5,3,0.0,66.67,33.33,100.0,0.163,0.11,0.25,0.0,34.22,65.78,0,0.0,少数参考,参考
5183,中野孝二,6,3,0.0,0.0,33.33,33.33,0.1,0.07,0.16,66.67,21.0,12.33,0,0.0,少数参考,参考
5299,西丸敦基,6,4,0.0,0.0,25.0,25.0,0.103,0.06,0.13,0.0,21.0,4.0,2,50.0,少数参考,参考
5183,中野孝二,3,3,33.33,0.0,0.0,33.33,0.153,0.11,0.21,33.33,54.51,-21.18,0,0.0,少数参考,参考
4969,町田洸希,5,4,0.0,25.0,25.0,50.0,0.212,0.17,0.3,0.0,34.22,15.78,0,0.0,少数参考,参考
4710,福田宗平,4,3,0.0,66.67,33.33,100.0,0.137,0.11,0.16,0.0,45.78,54.22,0,0.0,少数参考,参考
5268,山本幸也,4,3,0.0,0.0,33.33,33.33,0.087,0.04,0.14,33.33,45.78,-12.45,0,0.0,少数参考,参考
5178,成貞琳平,4,3,0.0,0.0,66.67,66.67,0.137,0.06,0.21,66.67,45.78,20.89,0,0.0,少数参考,参考
4895,門間雄大,3,5,20.0,0.0,0.0,20.0,0.146,0.09,0.21,20.0,54.51,-34.51,0,0.0,苦手,C
3721,守田俊介,4,3,100.0,0.0,0.0,100.0,0.117,0.11,0.13,100.0,45.78,54.22,1,33.33,少数参考,参考
4757,山田祐也,1,4,100.0,0.0,0.0,100.0,0.11,0.05,0.21,25.0,86.47,13.53,0,0.0,少数参考,参考
5132,中野希一,2,4,50.0,25.0,25.0,100.0,0.175,0.15,0.21,0.0,57.97,42.03,0,0.0,少数参考,参考
4292,麻生慎介,6,4,0.0,25.0,0.0,25.0,0.098,0.06,0.13,0.0,21.0,4.0,1,25.0,少数参考,参考
5039,倉田茂将,3,4,0.0,50.0,25.0,75.0,0.13,0.07,0.2,50.0,54.51,20.49,0,0.0,少数参考,参考
5125,高井雄基,6,4,0.0,0.0,50.0,50.0,0.133,0.06,0.26,0.0,21.0,29.0,0,0.0,少数参考,参考
4723,寺島吉彦,4,3,0.0,0.0,33.33,33.33,0.093,0.08,0.11,0.0,45.78,-12.45,0,0.0,少数参考,参考
4379,桑島和宏,5,3,0.0,33.33,0.0,33.33,0.1,0.09,0.11,33.33,34.22,-0.89,1,33.33,少数参考,参考
4895,門間雄大,1,4,50.0,0.0,0.0,50.0,0.098,0.04,0.17,75.0,86.47,-36.47,0,0.0,少数参考,参考
5132,中野希一,1,3,0.0,100.0,0.0,100.0,0.18,0.14,0.23,0.0,86.47,13.53,0,0.0,少数参考,参考
4379,桑島和宏,1,5,80.0,0.0,20.0,100.0,0.17,0.08,0.25,20.0,86.47,13.53,0,0.0,得意,C
4723,寺島吉彦,5,3,0.0,66.67,33.33,100.0,0.103,0.04,0.15,100.0,34.22,65.78,0,0.0,少数参考,参考
4516,野口勝弘,6,3,0.0,0.0,66.67,66.67,0.18,0.14,0.24,0.0,21.0,45.67,0,0.0,少数参考,参考
4723,寺島吉彦,6,3,0.0,33.33,0.0,33.33,0.2,0.13,0.27,0.0,21.0,12.33,0,0.0,少数参考,参考
4364,池永太,5,4,25.0,0.0,50.0,75.0,0.165,0.09,0.21,0.0,34.22,40.78,2,50.0,少数参考,参考
5132,中野希一,4,4,0.0,25.0,25.0,50.0,0.125,0.05,0.17,0.0,45.78,4.22,1,25.0,少数参考,参考
4895,門間雄大,2,5,20.0,0.0,60.0,80.0,0.16,0.11,0.21,40.0,57.97,22.03,0,0.0,得意,C
4379,桑島和宏,3,5,20.0,40.0,40.0,100.0,0.1,0.06,0.14,20.0,54.51,45.49,0,0.0,得意,C
4695,尾崎雄二,2,16,12.5,37.5,18.75,68.75,0.133,0.02,0.23,18.75,57.97,10.78,0,0.0,得意,B
5073,上原健次郎,4,5,0.0,80.0,0.0,80.0,0.144,0.08,0.27,0.0,45.78,34.22,0,0.0,得意,C
3777,樋口亮,6,11,9.09,18.18,27.27,54.55,0.175,0.02,0.31,0.0,21.0,33.55,0,0.0,得意,B
3825,宮嵜隆太郎,4,5,80.0,0.0,0.0,80.0,0.112,0.08,0.14,60.0,45.78,34.22,0,0.0,得意,C
3714,梶原正,6,6,0.0,0.0,16.67,16.67,0.202,0.13,0.33,0.0,21.0,-4.33,2,33.33,標準,C
4697,國弘翔平,4,3,0.0,33.33,0.0,33.33,0.197,0.15,0.28,0.0,45.78,-12.45,0,0.0,少数参考,参考
5132,中野希一,3,3,33.33,0.0,0.0,33.33,0.12,0.03,0.26,66.67,54.51,-21.18,0,0.0,少数参考,参考
3761,山本光雄,5,3,0.0,33.33,0.0,33.33,0.163,0.06,0.26,33.33,34.22,-0.89,0,0.0,少数参考,参考
4086,寺本重宣,3,4,25.0,50.0,25.0,100.0,0.118,0.06,0.16,25.0,54.51,45.49,0,0.0,少数参考,参考
4516,野口勝弘,4,4,0.0,100.0,0.0,100.0,0.115,0.04,0.16,50.0,45.78,54.22,0,0.0,少数参考,参考
4097,貫地谷直人,5,3,0.0,33.33,33.33,66.67,0.157,0.13,0.18,33.33,34.22,32.45,1,33.33,少数参考,参考
4843,深尾巴恵,3,3,0.0,66.67,33.33,100.0,0.233,0.13,0.31,0.0,54.51,45.49,1,33.33,少数参考,参考
3576,白水勝也,2,6,33.33,33.33,0.0,66.67,0.115,0.04,0.21,16.67,57.97,8.7,0,0.0,得意,C
4938,小芦るり華,1,6,66.67,16.67,16.67,100.0,0.108,0.04,0.21,50.0,86.47,13.53,0,0.0,得意,C
4161,黒柳浩孝,3,4,0.0,50.0,25.0,75.0,0.135,0.11,0.18,0.0,54.51,20.49,0,0.0,少数参考,参考
3548,室田泰史,4,3,33.33,33.33,0.0,66.67,0.15,0.1,0.21,33.33,45.78,20.89,0,0.0,少数参考,参考
3576,白水勝也,5,7,0.0,0.0,57.14,57.14,0.179,0.08,0.26,14.29,34.22,22.92,3,42.86,得意,C
4938,小芦るり華,5,5,0.0,0.0,60.0,60.0,0.124,0.08,0.18,0.0,34.22,25.78,0,0.0,得意,C
4792,杉村賢也,3,6,33.33,16.67,16.67,66.67,0.175,0.1,0.31,33.33,54.51,12.16,3,50.0,得意,C
3044,三宅爾士,3,3,0.0,0.0,0.0,0.0,0.163,0.1,0.25,33.33,54.51,-54.51,0,0.0,少数参考,参考
4938,小芦るり華,4,3,0.0,33.33,33.33,66.67,0.113,0.05,0.19,0.0,45.78,20.89,1,33.33,少数参考,参考
4850,野中一平,1,9,77.78,11.11,0.0,88.89,0.09,0.04,0.16,33.33,86.47,2.42,0,0.0,得意,C
4877,鈴谷一平,1,5,60.0,40.0,0.0,100.0,0.102,0.02,0.14,20.0,86.47,13.53,0,0.0,得意,C
4938,小芦るり華,2,6,16.67,33.33,16.67,66.67,0.095,0.0,0.17,50.0,57.97,8.7,0,0.0,得意,C
3044,三宅爾士,1,4,25.0,25.0,25.0,75.0,0.182,0.14,0.22,0.0,86.47,-11.47,0,0.0,少数参考,参考
4161,黒柳浩孝,5,5,60.0,20.0,0.0,80.0,0.062,0.02,0.13,100.0,34.22,45.78,2,40.0,得意,C
4520,高倉孝太,4,3,0.0,0.0,0.0,0.0,0.11,0.04,0.15,33.33,45.78,-45.78,0,0.0,少数参考,参考
4161,黒柳浩孝,2,3,0.0,33.33,33.33,66.67,0.16,0.07,0.22,0.0,57.97,8.7,0,0.0,少数参考,参考
5257,西丸侑太朗,4,6,16.67,16.67,33.33,66.67,0.173,0.09,0.42,16.67,45.78,20.89,0,0.0,得意,C
5032,谷口知優,3,5,0.0,40.0,40.0,80.0,0.194,0.14,0.34,0.0,54.51,25.49,0,0.0,得意,C
5035,櫻井優,5,6,33.33,0.0,50.0,83.33,0.202,0.16,0.26,0.0,34.22,49.11,1,16.67,得意,C
5246,楠将太郎,6,3,0.0,0.0,66.67,66.67,0.117,0.11,0.12,66.67,21.0,45.67,0,0.0,少数参考,参考
5139,大場恒季,3,3,66.67,0.0,0.0,66.67,0.123,0.05,0.21,66.67,54.51,12.16,0,0.0,少数参考,参考
4211,村田敦,6,3,0.0,0.0,33.33,33.33,0.173,0.09,0.23,0.0,21.0,12.33,0,0.0,少数参考,参考
5261,岡暢祐,4,4,0.0,50.0,0.0,50.0,0.165,0.12,0.2,50.0,45.78,4.22,0,0.0,少数参考,参考
5035,櫻井優,4,4,0.0,0.0,50.0,50.0,0.165,0.12,0.22,50.0,45.78,4.22,1,25.0,少数参考,参考
4191,赤羽克也,4,3,0.0,66.67,33.33,100.0,0.147,0.09,0.18,0.0,45.78,54.22,0,0.0,少数参考,参考
4684,楠原翔太,1,4,75.0,0.0,0.0,75.0,0.117,0.09,0.15,50.0,86.47,-11.47,0,0.0,少数参考,参考
4518,大須賀友,3,12,16.67,50.0,16.67,83.33,0.118,0.05,0.24,16.67,54.51,28.82,3,25.0,得意,B
4568,廣瀬真也,4,3,0.0,0.0,100.0,100.0,0.14,0.1,0.19,0.0,45.78,54.22,0,0.0,少数参考,参考
4570,前田聖文,3,5,60.0,20.0,0.0,80.0,0.148,0.08,0.2,40.0,54.51,25.49,0,0.0,得意,C
4684,楠原翔太,5,5,20.0,20.0,40.0,80.0,0.13,0.09,0.24,40.0,34.22,45.78,1,20.0,得意,C
4318,桑原将光,4,3,0.0,0.0,33.33,33.33,0.17,0.13,0.23,0.0,45.78,-12.45,0,0.0,少数参考,参考
5139,大場恒季,6,3,33.33,0.0,0.0,33.33,0.177,0.09,0.23,33.33,21.0,12.33,0,0.0,少数参考,参考
4729,佐藤謙史朗,2,3,0.0,0.0,66.67,66.67,0.21,0.16,0.28,0.0,57.97,8.7,0,0.0,少数参考,参考
4895,門間雄大,6,3,33.33,66.67,0.0,100.0,0.087,0.0,0.15,100.0,21.0,79.0,1,33.33,少数参考,参考
4319,三宅潤,3,4,0.0,0.0,75.0,75.0,0.128,0.09,0.16,0.0,54.51,20.49,1,25.0,少数参考,参考
4723,寺島吉彦,3,3,33.33,33.33,0.0,66.67,0.14,0.09,0.17,33.33,54.51,12.16,0,0.0,少数参考,参考
5125,高井雄基,4,6,0.0,50.0,0.0,50.0,0.162,0.11,0.22,16.67,45.78,4.22,1,16.67,やや得意,C
5257,西丸侑太朗,5,4,25.0,0.0,50.0,75.0,0.138,0.08,0.18,75.0,34.22,40.78,0,0.0,少数参考,参考
4396,大田直弥,6,3,0.0,33.33,66.67,100.0,0.16,0.13,0.22,0.0,21.0,79.0,0,0.0,少数参考,参考
5032,谷口知優,5,3,0.0,0.0,66.67,66.67,0.087,0.06,0.11,0.0,34.22,32.45,0,0.0,少数参考,参考
3901,松田憲幸,5,4,0.0,0.0,25.0,25.0,0.232,0.13,0.32,25.0,34.22,-9.22,0,0.0,少数参考,参考
5035,櫻井優,2,4,25.0,0.0,0.0,25.0,0.198,0.1,0.3,25.0,57.97,-32.97,0,0.0,少数参考,参考
5257,西丸侑太朗,6,3,0.0,66.67,0.0,66.67,0.15,0.05,0.24,33.33,21.0,45.67,0,0.0,少数参考,参考
4684,楠原翔太,4,4,0.0,0.0,100.0,100.0,0.185,0.12,0.22,0.0,45.78,54.22,0,0.0,少数参考,参考
5035,櫻井優,3,6,0.0,50.0,50.0,100.0,0.127,0.07,0.18,16.67,54.51,45.49,0,0.0,得意,C
3901,松田憲幸,3,4,25.0,25.0,25.0,75.0,0.14,0.08,0.17,0.0,54.51,20.49,0,0.0,少数参考,参考
5170,佐藤太亮,2,8,12.5,25.0,25.0,62.5,0.128,0.02,0.26,37.5,57.97,4.53,0,0.0,やや得意,C
4076,杉田篤光,2,6,33.33,16.67,50.0,100.0,0.173,0.14,0.2,0.0,57.97,42.03,0,0.0,得意,C
4417,服部剛,2,5,20.0,20.0,0.0,40.0,0.206,0.11,0.26,0.0,57.97,-17.97,0,0.0,苦手,C
4122,安東幸治,1,13,46.15,15.38,30.77,92.31,0.141,0.06,0.22,30.77,86.47,5.84,0,0.0,得意,B
4638,小林遼太,5,4,0.0,0.0,0.0,0.0,0.185,0.11,0.24,25.0,34.22,-34.22,1,25.0,少数参考,参考
4440,萩原知哉,4,3,0.0,0.0,100.0,100.0,0.167,0.12,0.21,33.33,45.78,54.22,0,0.0,少数参考,参考
4902,山川雄大,5,5,0.0,60.0,20.0,80.0,0.166,0.07,0.24,20.0,34.22,45.78,1,20.0,得意,C
4417,服部剛,5,3,0.0,33.33,0.0,33.33,0.173,0.15,0.21,0.0,34.22,-0.89,0,0.0,少数参考,参考
4076,杉田篤光,5,5,20.0,0.0,40.0,60.0,0.204,0.08,0.26,20.0,34.22,25.78,0,0.0,得意,C
4811,向井田佑紀,1,5,40.0,40.0,20.0,100.0,0.096,0.04,0.13,100.0,86.47,13.53,0,0.0,得意,C
4902,山川雄大,2,5,20.0,0.0,40.0,60.0,0.172,0.14,0.24,0.0,57.97,2.03,0,0.0,標準,C
4076,杉田篤光,4,6,0.0,16.67,66.67,83.33,0.193,0.1,0.36,16.67,45.78,37.55,0,0.0,得意,C
4142,平野和明,3,4,0.0,75.0,25.0,100.0,0.13,0.04,0.22,25.0,54.51,45.49,0,0.0,少数参考,参考
4638,小林遼太,1,4,75.0,0.0,25.0,100.0,0.208,0.17,0.27,25.0,86.47,13.53,0,0.0,少数参考,参考
4495,森晋太郎,1,4,100.0,0.0,0.0,100.0,0.12,0.06,0.24,50.0,86.47,13.53,0,0.0,少数参考,参考
4902,山川雄大,1,3,66.67,33.33,0.0,100.0,0.157,0.08,0.26,0.0,86.47,13.53,0,0.0,少数参考,参考
5170,佐藤太亮,6,5,0.0,20.0,40.0,60.0,0.134,0.07,0.21,20.0,21.0,39.0,0,0.0,得意,C
4811,向井田佑紀,3,8,25.0,37.5,0.0,62.5,0.135,0.06,0.22,0.0,54.51,7.99,0,0.0,得意,C
4124,池田雄一,2,5,0.0,60.0,0.0,60.0,0.126,0.07,0.15,0.0,57.97,2.03,0,0.0,標準,C
5240,高橋龍治,6,3,0.0,0.0,33.33,33.33,0.073,0.07,0.08,0.0,21.0,12.33,0,0.0,少数参考,参考
4440,萩原知哉,2,3,0.0,0.0,0.0,0.0,0.147,0.07,0.26,33.33,57.97,-57.97,0,0.0,少数参考,参考
4236,松村敏,6,4,25.0,0.0,75.0,100.0,0.11,0.04,0.16,25.0,21.0,79.0,0,0.0,少数参考,参考
4811,向井田佑紀,4,4,0.0,50.0,50.0,100.0,0.128,0.02,0.24,50.0,45.78,54.22,0,0.0,少数参考,参考
4365,盛本真輔,4,5,60.0,0.0,0.0,60.0,0.152,0.09,0.19,20.0,45.78,14.22,2,40.0,得意,C
4902,山川雄大,4,3,0.0,33.33,33.33,66.67,0.17,0.11,0.21,0.0,45.78,20.89,0,0.0,少数参考,参考
4725,佐竹太一,4,3,0.0,33.33,66.67,100.0,0.163,0.12,0.24,0.0,45.78,54.22,0,0.0,少数参考,参考
4850,野中一平,2,8,25.0,37.5,25.0,87.5,0.079,0.02,0.11,62.5,57.97,29.53,1,12.5,得意,C
4340,土性雅也,1,3,66.67,33.33,0.0,100.0,0.22,0.17,0.32,0.0,86.47,13.53,0,0.0,少数参考,参考
4744,伊藤玲奈,4,6,16.67,16.67,33.33,66.67,0.208,0.17,0.28,16.67,45.78,20.89,1,16.67,得意,C
4850,野中一平,5,6,0.0,50.0,33.33,83.33,0.073,0.05,0.11,66.67,34.22,49.11,0,0.0,得意,C
4161,黒柳浩孝,1,3,100.0,0.0,0.0,100.0,0.147,0.06,0.25,33.33,86.47,13.53,0,0.0,少数参考,参考
4938,小芦るり華,6,3,0.0,0.0,33.33,33.33,0.153,0.08,0.23,66.67,21.0,12.33,0,0.0,少数参考,参考
4877,鈴谷一平,2,3,0.0,33.33,33.33,66.67,0.12,0.09,0.17,33.33,57.97,8.7,0,0.0,少数参考,参考
3044,三宅爾士,5,3,0.0,33.33,0.0,33.33,0.187,0.16,0.22,0.0,34.22,-0.89,2,66.67,少数参考,参考
4850,野中一平,3,5,20.0,40.0,20.0,80.0,0.09,0.06,0.12,40.0,54.51,25.49,1,20.0,得意,C
4459,片岡雅裕,5,4,0.0,25.0,75.0,100.0,0.098,0.05,0.13,25.0,34.22,65.78,1,25.0,少数参考,参考
4502,遠藤エミ,6,3,0.0,33.33,0.0,33.33,0.157,0.14,0.17,0.0,21.0,12.33,0,0.0,少数参考,参考
3590,濱野谷憲吾,1,6,100.0,0.0,0.0,100.0,0.092,0.04,0.12,83.33,86.47,13.53,0,0.0,得意,C
4856,豊田健士郎,3,3,0.0,33.33,66.67,100.0,0.153,0.13,0.17,0.0,54.51,45.49,0,0.0,少数参考,参考
4524,深谷知博,1,3,100.0,0.0,0.0,100.0,0.103,0.07,0.16,66.67,86.47,13.53,0,0.0,少数参考,参考
3556,田中信一郎,4,6,0.0,50.0,16.67,66.67,0.112,0.07,0.15,33.33,45.78,20.89,1,16.67,得意,C
4459,片岡雅裕,1,6,66.67,33.33,0.0,100.0,0.11,0.07,0.18,33.33,86.47,13.53,0,0.0,得意,C
3822,平尾崇典,2,3,33.33,0.0,66.67,100.0,0.16,0.08,0.21,0.0,57.97,42.03,1,33.33,少数参考,参考
4932,新開航,5,5,0.0,20.0,20.0,40.0,0.122,0.09,0.18,40.0,34.22,5.78,1,20.0,やや得意,C
4502,遠藤エミ,2,4,25.0,25.0,25.0,75.0,0.125,0.07,0.19,50.0,57.97,17.03,0,0.0,少数参考,参考
4851,関浩哉,6,4,0.0,25.0,50.0,75.0,0.173,0.1,0.26,0.0,21.0,54.0,0,0.0,少数参考,参考
4362,土屋智則,3,4,50.0,50.0,0.0,100.0,0.1,0.08,0.12,50.0,54.51,45.49,2,50.0,少数参考,参考
5121,定松勇樹,3,6,16.67,66.67,16.67,100.0,0.118,0.06,0.21,16.67,54.51,45.49,1,16.67,得意,C
4418,茅原悠紀,4,4,25.0,25.0,50.0,100.0,0.095,0.07,0.12,0.0,45.78,54.22,0,0.0,少数参考,参考
3556,田中信一郎,2,5,0.0,20.0,40.0,60.0,0.174,0.1,0.28,0.0,57.97,2.03,0,0.0,標準,C
5121,定松勇樹,4,5,20.0,20.0,40.0,80.0,0.138,0.11,0.17,40.0,45.78,34.22,0,0.0,得意,C
3744,徳増秀樹,4,3,0.0,33.33,33.33,66.67,0.16,0.13,0.18,0.0,45.78,20.89,0,0.0,少数参考,参考
3822,平尾崇典,5,3,0.0,33.33,33.33,66.67,0.107,0.1,0.11,66.67,34.22,32.45,0,0.0,少数参考,参考
4524,深谷知博,2,3,0.0,0.0,66.67,66.67,0.127,0.06,0.19,0.0,57.97,8.7,0,0.0,少数参考,参考
3590,濱野谷憲吾,4,3,0.0,0.0,33.33,33.33,0.097,0.03,0.17,33.33,45.78,-12.45,1,33.33,少数参考,参考
4337,平本真之,5,3,0.0,33.33,0.0,33.33,0.153,0.11,0.19,0.0,34.22,-0.89,0,0.0,少数参考,参考
4502,遠藤エミ,1,6,83.33,16.67,0.0,100.0,0.105,0.02,0.16,50.0,86.47,13.53,0,0.0,得意,C
3556,田中信一郎,1,6,83.33,16.67,0.0,100.0,0.108,0.05,0.19,66.67,86.47,13.53,0,0.0,得意,C
4848,仲谷颯仁,5,5,0.0,20.0,20.0,40.0,0.13,0.07,0.17,40.0,34.22,5.78,0,0.0,やや得意,C
4502,遠藤エミ,5,4,25.0,0.0,0.0,25.0,0.138,0.08,0.23,50.0,34.22,-9.22,0,0.0,少数参考,参考
4856,豊田健士郎,5,4,0.0,50.0,50.0,100.0,0.085,0.01,0.14,50.0,34.22,65.78,0,0.0,少数参考,参考
4502,遠藤エミ,4,5,0.0,20.0,60.0,80.0,0.114,0.07,0.16,20.0,45.78,34.22,0,0.0,得意,C
4459,片岡雅裕,6,3,0.0,0.0,0.0,0.0,0.12,0.08,0.18,0.0,21.0,-21.0,0,0.0,少数参考,参考
4190,長嶋万記,4,3,0.0,33.33,33.33,66.67,0.093,0.05,0.12,0.0,45.78,20.89,0,0.0,少数参考,参考
5121,定松勇樹,1,6,66.67,33.33,0.0,100.0,0.13,0.04,0.23,16.67,86.47,13.53,0,0.0,得意,C
3556,田中信一郎,5,4,0.0,0.0,75.0,75.0,0.163,0.11,0.18,0.0,34.22,40.78,0,0.0,少数参考,参考
4362,土屋智則,4,4,25.0,25.0,25.0,75.0,0.075,0.06,0.12,50.0,45.78,29.22,0,0.0,少数参考,参考
4981,牧山敦也,4,3,33.33,0.0,33.33,66.67,0.17,0.12,0.23,33.33,45.78,20.89,0,0.0,少数参考,参考
4889,後藤盛也,3,5,0.0,80.0,0.0,80.0,0.104,0.08,0.13,20.0,54.51,25.49,0,0.0,得意,C
4226,村田浩司,2,4,0.0,25.0,50.0,75.0,0.115,0.07,0.17,50.0,57.97,17.03,0,0.0,少数参考,参考
4580,長谷川雅和,1,3,66.67,0.0,33.33,100.0,0.15,0.13,0.17,0.0,86.47,13.53,0,0.0,少数参考,参考
4958,溝口海義也,4,8,12.5,37.5,37.5,87.5,0.104,0.04,0.19,37.5,45.78,41.72,1,12.5,得意,C
4656,大崎翔,5,4,0.0,25.0,50.0,75.0,0.122,0.07,0.18,0.0,34.22,40.78,0,0.0,少数参考,参考
4889,後藤盛也,6,3,0.0,66.67,0.0,66.67,0.137,0.11,0.16,66.67,21.0,45.67,0,0.0,少数参考,参考
4656,大崎翔,2,4,0.0,25.0,25.0,50.0,0.165,0.1,0.26,0.0,57.97,-7.97,0,0.0,少数参考,参考
4226,村田浩司,6,6,0.0,0.0,50.0,50.0,0.15,0.09,0.24,50.0,21.0,29.0,1,16.67,得意,C
4435,服部達哉,2,5,0.0,60.0,20.0,80.0,0.146,0.06,0.18,20.0,57.97,22.03,0,0.0,得意,C
4958,溝口海義也,2,5,0.0,20.0,40.0,60.0,0.138,0.08,0.19,20.0,57.97,2.03,0,0.0,標準,C
4274,長畑友輔,1,3,66.67,0.0,0.0,66.67,0.073,0.04,0.11,100.0,86.47,-19.8,0,0.0,少数参考,参考
4509,平見真彦,2,3,33.33,66.67,0.0,100.0,0.13,0.09,0.18,0.0,57.97,42.03,0,0.0,少数参考,参考
4009,小林一樹,1,7,100.0,0.0,0.0,100.0,0.121,0.09,0.16,42.86,86.47,13.53,1,14.29,得意,C
4889,後藤盛也,2,6,0.0,16.67,16.67,33.33,0.142,0.08,0.21,50.0,57.97,-24.64,0,0.0,苦手,C
4656,大崎翔,3,3,0.0,66.67,0.0,66.67,0.073,0.04,0.11,66.67,54.51,12.16,0,0.0,少数参考,参考
4073,大橋純一郎,4,4,0.0,0.0,50.0,50.0,0.155,0.13,0.18,0.0,45.78,4.22,1,25.0,少数参考,参考
4509,平見真彦,4,4,0.0,25.0,50.0,75.0,0.125,0.06,0.19,25.0,45.78,29.22,0,0.0,少数参考,参考
4435,服部達哉,5,3,0.0,33.33,0.0,33.33,0.15,0.11,0.19,0.0,34.22,-0.89,0,0.0,少数参考,参考
4889,後藤盛也,4,3,0.0,33.33,33.33,66.67,0.057,0.03,0.08,100.0,45.78,20.89,0,0.0,少数参考,参考
4817,渡邉翼,2,4,0.0,50.0,50.0,100.0,0.143,0.1,0.17,50.0,57.97,42.03,0,0.0,少数参考,参考
4713,白神優,4,3,33.33,66.67,0.0,100.0,0.087,0.06,0.12,66.67,45.78,54.22,0,0.0,少数参考,参考
4009,小林一樹,5,4,25.0,0.0,50.0,75.0,0.12,0.07,0.14,75.0,34.22,40.78,0,0.0,少数参考,参考
4889,後藤盛也,1,5,80.0,0.0,20.0,100.0,0.094,0.02,0.14,60.0,86.47,13.53,0,0.0,得意,C
4435,服部達哉,6,3,0.0,0.0,33.33,33.33,0.213,0.14,0.36,0.0,21.0,12.33,0,0.0,少数参考,参考
4509,平見真彦,1,3,100.0,0.0,0.0,100.0,0.167,0.08,0.25,66.67,86.47,13.53,0,0.0,少数参考,参考
4580,長谷川雅和,2,4,0.0,75.0,25.0,100.0,0.182,0.06,0.28,25.0,57.97,42.03,0,0.0,少数参考,参考
4009,小林一樹,6,6,0.0,33.33,33.33,66.67,0.123,0.03,0.22,16.67,21.0,45.67,0,0.0,得意,C
3949,今出晋二,1,4,0.0,25.0,50.0,75.0,0.095,0.07,0.13,50.0,86.47,-11.47,0,0.0,少数参考,参考
4958,溝口海義也,5,3,0.0,33.33,66.67,100.0,0.103,0.09,0.12,33.33,34.22,65.78,0,0.0,少数参考,参考
4435,服部達哉,3,4,0.0,25.0,75.0,100.0,0.13,0.07,0.21,25.0,54.51,45.49,0,0.0,少数参考,参考
4580,長谷川雅和,4,4,0.0,25.0,50.0,75.0,0.193,0.09,0.29,25.0,45.78,29.22,0,0.0,少数参考,参考
4435,服部達哉,1,3,33.33,0.0,66.67,100.0,0.16,0.12,0.21,33.33,86.47,13.53,0,0.0,少数参考,参考
4073,大橋純一郎,2,3,0.0,66.67,33.33,100.0,0.1,0.06,0.13,33.33,57.97,42.03,0,0.0,少数参考,参考
4009,小林一樹,3,4,0.0,25.0,50.0,75.0,0.133,0.11,0.15,25.0,54.51,20.49,0,0.0,少数参考,参考
4958,溝口海義也,1,7,100.0,0.0,0.0,100.0,0.127,0.06,0.19,42.86,86.47,13.53,0,0.0,得意,C
4889,後藤盛也,5,8,12.5,25.0,25.0,62.5,0.099,0.02,0.22,37.5,34.22,28.28,1,12.5,得意,C
4713,白神優,1,4,50.0,50.0,0.0,100.0,0.198,0.12,0.27,25.0,86.47,13.53,0,0.0,少数参考,参考
4580,長谷川雅和,5,3,0.0,0.0,33.33,33.33,0.163,0.16,0.17,33.33,34.22,-0.89,0,0.0,少数参考,参考
3828,明石正之,5,3,0.0,33.33,33.33,66.67,0.183,0.11,0.23,33.33,34.22,32.45,0,0.0,少数参考,参考
4558,宮野仁,2,3,0.0,33.33,66.67,100.0,0.19,0.18,0.21,66.67,57.97,42.03,0,0.0,少数参考,参考
4875,大塚康雅,6,3,0.0,0.0,66.67,66.67,0.203,0.17,0.24,0.0,21.0,45.67,1,33.33,少数参考,参考
4957,竹之内極,2,5,0.0,0.0,40.0,40.0,0.168,0.1,0.21,0.0,57.97,-17.97,0,0.0,苦手,C
4958,溝口海義也,3,5,20.0,40.0,20.0,80.0,0.106,0.08,0.14,20.0,54.51,25.49,0,0.0,得意,C
4958,溝口海義也,6,3,0.0,33.33,0.0,33.33,0.127,0.1,0.14,0.0,21.0,12.33,1,33.33,少数参考,参考
4981,牧山敦也,2,5,0.0,60.0,20.0,80.0,0.16,0.07,0.24,0.0,57.97,22.03,0,0.0,得意,C
5124,上瀧絢也,2,3,0.0,33.33,33.33,66.67,0.137,0.04,0.23,33.33,57.97,8.7,0,0.0,少数参考,参考
4301,関裕也,5,7,14.29,28.57,28.57,71.43,0.127,0.04,0.23,71.43,34.22,37.21,3,42.86,得意,C
5264,登みひ果,3,4,25.0,25.0,50.0,100.0,0.212,0.11,0.37,25.0,54.51,45.49,0,0.0,少数参考,参考
4465,大西賢,4,3,0.0,33.33,0.0,33.33,0.18,0.12,0.25,0.0,45.78,-12.45,0,0.0,少数参考,参考
4037,別府正幸,5,5,40.0,0.0,40.0,80.0,0.146,0.08,0.19,20.0,34.22,45.78,1,20.0,得意,C
4643,近江翔吾,2,4,0.0,50.0,0.0,50.0,0.122,0.03,0.18,25.0,57.97,-7.97,0,0.0,少数参考,参考
3983,須藤博倫,5,4,0.0,0.0,50.0,50.0,0.195,0.1,0.34,50.0,34.22,15.78,1,25.0,少数参考,参考
3752,宇土泰就,2,4,0.0,0.0,50.0,50.0,0.175,0.13,0.27,0.0,57.97,-7.97,0,0.0,少数参考,参考
4653,小野達哉,5,3,0.0,0.0,66.67,66.67,0.177,0.14,0.21,33.33,34.22,32.45,0,0.0,少数参考,参考
4643,近江翔吾,1,3,100.0,0.0,0.0,100.0,0.157,0.03,0.22,33.33,86.47,13.53,0,0.0,少数参考,参考
4598,加藤政彦,6,5,0.0,40.0,60.0,100.0,0.15,0.09,0.25,20.0,21.0,79.0,2,40.0,得意,C
3381,滝沢芳行,3,3,33.33,0.0,0.0,33.33,0.147,0.11,0.21,33.33,54.51,-21.18,0,0.0,少数参考,参考
4298,宮下元胤,1,3,66.67,0.0,33.33,100.0,0.187,0.18,0.19,33.33,86.47,13.53,1,33.33,少数参考,参考
4953,尾上雅也,3,6,50.0,33.33,0.0,83.33,0.162,0.07,0.21,33.33,54.51,28.82,1,16.67,得意,C
4214,林祐介,2,4,75.0,25.0,0.0,100.0,0.15,0.11,0.2,25.0,57.97,42.03,0,0.0,少数参考,参考
4237,大峯豊,6,4,0.0,0.0,75.0,75.0,0.19,0.16,0.22,25.0,21.0,54.0,0,0.0,少数参考,参考
5331,佐藤永梧,6,3,0.0,33.33,33.33,66.67,0.09,0.03,0.16,66.67,21.0,45.67,1,33.33,少数参考,参考
4953,尾上雅也,1,5,100.0,0.0,0.0,100.0,0.108,0.06,0.13,80.0,86.47,13.53,0,0.0,得意,C
4461,安田吉宏,5,3,0.0,0.0,0.0,0.0,0.187,0.14,0.21,0.0,34.22,-34.22,0,0.0,少数参考,参考
4237,大峯豊,4,6,33.33,50.0,0.0,83.33,0.157,0.09,0.22,33.33,45.78,37.55,1,16.67,得意,C
5160,藤森陸斗,1,3,66.67,33.33,0.0,100.0,0.12,0.07,0.15,100.0,86.47,13.53,0,0.0,少数参考,参考
3875,廣中良一,3,5,0.0,0.0,40.0,40.0,0.162,0.12,0.19,20.0,54.51,-14.51,1,20.0,苦手,C
4871,菊池宏志,3,4,0.0,25.0,50.0,75.0,0.147,0.07,0.25,25.0,54.51,20.49,0,0.0,少数参考,参考
4565,西村豪洋,6,3,0.0,0.0,33.33,33.33,0.157,0.06,0.26,66.67,21.0,12.33,1,33.33,少数参考,参考
4298,宮下元胤,3,3,0.0,33.33,66.67,100.0,0.173,0.08,0.24,0.0,54.51,45.49,0,0.0,少数参考,参考
4214,林祐介,1,7,85.71,14.29,0.0,100.0,0.101,0.06,0.13,57.14,86.47,13.53,0,0.0,得意,C
4237,大峯豊,1,10,80.0,20.0,0.0,100.0,0.163,0.1,0.28,30.0,86.47,13.53,0,0.0,得意,B
5220,青木蓮,3,3,0.0,0.0,33.33,33.33,0.09,0.07,0.11,33.33,54.51,-21.18,0,0.0,少数参考,参考
4562,阪本勇介,3,7,0.0,28.57,57.14,85.71,0.193,0.11,0.3,14.29,54.51,31.2,1,14.29,得意,C
5263,花田凱成,2,5,20.0,0.0,80.0,100.0,0.154,0.13,0.21,20.0,57.97,42.03,0,0.0,得意,C
4905,土井祥伍,2,9,0.0,33.33,22.22,55.56,0.119,0.02,0.18,33.33,57.97,-2.41,1,11.11,標準,C
4461,安田吉宏,4,3,0.0,0.0,66.67,66.67,0.153,0.08,0.22,0.0,45.78,20.89,0,0.0,少数参考,参考
5220,青木蓮,2,4,0.0,75.0,25.0,100.0,0.143,0.12,0.19,25.0,57.97,42.03,0,0.0,少数参考,参考
4214,林祐介,5,4,0.0,25.0,25.0,50.0,0.152,0.12,0.19,25.0,34.22,15.78,0,0.0,少数参考,参考
5294,豊田祥生,3,4,0.0,25.0,25.0,50.0,0.108,0.09,0.14,50.0,54.51,-4.51,0,0.0,少数参考,参考
3905,天野友和,4,4,0.0,50.0,50.0,100.0,0.15,0.11,0.17,25.0,45.78,54.22,0,0.0,少数参考,参考
4871,菊池宏志,5,3,0.0,0.0,33.33,33.33,0.147,0.13,0.17,0.0,34.22,-0.89,1,33.33,少数参考,参考
3805,高橋英之,5,5,0.0,60.0,0.0,60.0,0.086,0.04,0.13,80.0,34.22,25.78,0,0.0,得意,C
5309,森雄利,6,4,0.0,0.0,50.0,50.0,0.117,0.07,0.21,50.0,21.0,29.0,2,50.0,少数参考,参考
4905,土井祥伍,5,6,0.0,0.0,33.33,33.33,0.17,0.1,0.26,50.0,34.22,-0.89,1,16.67,標準,C
4871,菊池宏志,4,3,33.33,0.0,66.67,100.0,0.28,0.17,0.43,33.33,45.78,54.22,1,33.33,少数参考,参考
3467,森弘行,6,3,0.0,0.0,66.67,66.67,0.18,0.12,0.24,0.0,21.0,45.67,0,0.0,少数参考,参考
4562,阪本勇介,4,3,0.0,0.0,33.33,33.33,0.17,0.1,0.22,0.0,45.78,-12.45,1,33.33,少数参考,参考
4871,菊池宏志,2,4,25.0,25.0,50.0,100.0,0.165,0.12,0.21,0.0,57.97,42.03,0,0.0,少数参考,参考
5263,花田凱成,3,3,0.0,33.33,66.67,100.0,0.12,0.08,0.18,0.0,54.51,45.49,0,0.0,少数参考,参考
4539,金子賢志,4,6,66.67,16.67,0.0,83.33,0.127,0.01,0.17,50.0,45.78,37.55,1,16.67,得意,C
4465,大西賢,1,3,66.67,33.33,0.0,100.0,0.107,0.04,0.17,100.0,86.47,13.53,0,0.0,少数参考,参考
3315,広瀬聖仁,2,3,0.0,66.67,33.33,100.0,0.137,0.08,0.19,33.33,57.97,42.03,0,0.0,少数参考,参考
4226,村田浩司,3,6,0.0,33.33,33.33,66.67,0.132,0.03,0.21,50.0,54.51,12.16,0,0.0,得意,C
4435,服部達哉,4,3,0.0,66.67,33.33,100.0,0.19,0.16,0.21,0.0,45.78,54.22,0,0.0,少数参考,参考
4598,加藤政彦,5,3,0.0,33.33,33.33,66.67,0.15,0.09,0.19,33.33,34.22,32.45,1,33.33,少数参考,参考
5003,来田衣織,3,4,25.0,25.0,25.0,75.0,0.182,0.08,0.29,25.0,54.51,20.49,0,0.0,少数参考,参考
5127,沼田大都,2,4,25.0,25.0,25.0,75.0,0.163,0.11,0.18,0.0,57.97,17.03,0,0.0,少数参考,参考
5206,梅原祥平,5,5,0.0,60.0,20.0,80.0,0.176,0.06,0.47,20.0,34.22,45.78,2,40.0,得意,C
5214,田中宏典,2,6,16.67,0.0,66.67,83.33,0.16,0.13,0.21,0.0,57.97,25.36,0,0.0,得意,C
5181,森智哉,2,5,20.0,40.0,20.0,80.0,0.116,0.02,0.21,40.0,57.97,22.03,0,0.0,得意,C
5136,濱野斗馬,3,5,20.0,20.0,20.0,60.0,0.106,0.03,0.16,20.0,54.51,5.49,0,0.0,やや得意,C
5209,小野京平,4,4,0.0,0.0,100.0,100.0,0.163,0.07,0.24,0.0,45.78,54.22,0,0.0,少数参考,参考
5070,中島航,5,4,0.0,25.0,50.0,75.0,0.143,0.04,0.27,50.0,34.22,40.78,1,25.0,少数参考,参考
5270,小玉啓太,4,6,33.33,16.67,16.67,66.67,0.087,0.01,0.12,66.67,45.78,20.89,0,0.0,得意,C
5026,安河内健,2,7,14.29,14.29,42.86,71.43,0.121,0.01,0.22,28.57,57.97,13.46,0,0.0,得意,C
5142,常住蓮,4,4,25.0,0.0,75.0,100.0,0.103,0.07,0.14,25.0,45.78,54.22,0,0.0,少数参考,参考
5111,三村岳人,5,3,0.0,66.67,33.33,100.0,0.08,0.03,0.18,33.33,34.22,65.78,2,66.67,少数参考,参考
5081,篠原飛翔,4,3,0.0,33.33,66.67,100.0,0.17,0.09,0.21,0.0,45.78,54.22,0,0.0,少数参考,参考
5181,森智哉,6,3,0.0,33.33,0.0,33.33,0.217,0.2,0.24,0.0,21.0,12.33,1,33.33,少数参考,参考
5191,飛田江己,1,5,100.0,0.0,0.0,100.0,0.1,0.03,0.14,60.0,86.47,13.53,0,0.0,得意,C
5161,登玉隼百,3,3,0.0,33.33,33.33,66.67,0.093,0.01,0.17,33.33,54.51,12.16,0,0.0,少数参考,参考
5142,常住蓮,1,6,100.0,0.0,0.0,100.0,0.15,0.03,0.38,50.0,86.47,13.53,0,0.0,得意,C
5026,安河内健,3,6,33.33,16.67,33.33,83.33,0.142,0.09,0.22,33.33,54.51,28.82,1,16.67,得意,C
5323,香川陽太,4,3,33.33,66.67,0.0,100.0,0.263,0.2,0.31,0.0,45.78,54.22,0,0.0,少数参考,参考
5044,渡邉健,6,3,0.0,0.0,33.33,33.33,0.18,0.09,0.31,33.33,21.0,12.33,0,0.0,少数参考,参考
5036,福田翔吾,2,4,0.0,50.0,0.0,50.0,0.203,0.13,0.31,0.0,57.97,-7.97,0,0.0,少数参考,参考
5106,山崎祥,2,3,0.0,66.67,33.33,100.0,0.257,0.23,0.27,0.0,57.97,42.03,0,0.0,少数参考,参考
5270,小玉啓太,1,3,100.0,0.0,0.0,100.0,0.1,0.02,0.16,33.33,86.47,13.53,0,0.0,少数参考,参考
5312,川辺郭人,6,6,0.0,0.0,50.0,50.0,0.117,0.06,0.2,33.33,21.0,29.0,1,16.67,得意,C
5111,三村岳人,3,3,0.0,33.33,66.67,100.0,0.127,0.09,0.16,0.0,54.51,45.49,0,0.0,少数参考,参考
5262,鈴木章司,2,3,0.0,33.33,66.67,100.0,0.157,0.12,0.18,0.0,57.97,42.03,0,0.0,少数参考,参考
5152,丸山祐也,3,3,33.33,0.0,33.33,66.67,0.213,0.17,0.24,0.0,54.51,12.16,0,0.0,少数参考,参考
5044,渡邉健,4,3,33.33,0.0,0.0,33.33,0.103,0.08,0.14,66.67,45.78,-12.45,1,33.33,少数参考,参考
5136,濱野斗馬,1,8,75.0,25.0,0.0,100.0,0.128,0.08,0.16,50.0,86.47,13.53,0,0.0,得意,C
5267,石本裕武,2,3,0.0,66.67,33.33,100.0,0.223,0.17,0.31,0.0,57.97,42.03,0,0.0,少数参考,参考
5214,田中宏典,4,3,0.0,0.0,66.67,66.67,0.207,0.11,0.3,0.0,45.78,20.89,0,0.0,少数参考,参考
5026,安河内健,6,5,0.0,40.0,20.0,60.0,0.16,0.04,0.24,20.0,21.0,39.0,0,0.0,得意,C
5270,小玉啓太,5,4,0.0,25.0,25.0,50.0,0.12,0.09,0.14,50.0,34.22,15.78,1,25.0,少数参考,参考
5191,飛田江己,4,3,33.33,0.0,33.33,66.67,0.077,0.03,0.1,33.33,45.78,20.89,1,33.33,少数参考,参考
5027,重冨勇哉,2,6,16.67,33.33,33.33,83.33,0.225,0.13,0.29,0.0,57.97,25.36,0,0.0,得意,C
5206,梅原祥平,4,4,50.0,0.0,50.0,100.0,0.103,0.09,0.11,100.0,45.78,54.22,1,25.0,少数参考,参考
5036,福田翔吾,4,3,0.0,33.33,0.0,33.33,0.183,0.17,0.2,0.0,45.78,-12.45,0,0.0,少数参考,参考
5136,濱野斗馬,2,6,0.0,33.33,16.67,50.0,0.15,0.06,0.22,16.67,57.97,-7.97,0,0.0,標準,C
5214,田中宏典,5,3,33.33,0.0,33.33,66.67,0.167,0.12,0.23,0.0,34.22,32.45,0,0.0,少数参考,参考
5043,中村日向,4,3,100.0,0.0,0.0,100.0,0.09,0.06,0.12,100.0,45.78,54.22,0,0.0,少数参考,参考
5105,富田恕生,3,3,0.0,0.0,66.67,66.67,0.177,0.15,0.22,33.33,54.51,12.16,0,0.0,少数参考,参考
5262,鈴木章司,6,3,0.0,0.0,33.33,33.33,0.203,0.07,0.36,33.33,21.0,12.33,0,0.0,少数参考,参考
5026,安河内健,5,5,40.0,20.0,20.0,80.0,0.15,0.01,0.25,20.0,34.22,45.78,0,0.0,得意,C
5270,小玉啓太,2,7,28.57,28.57,28.57,85.71,0.116,0.04,0.16,42.86,57.97,27.74,1,14.29,得意,C
5191,飛田江己,2,5,20.0,40.0,40.0,100.0,0.138,0.06,0.19,0.0,57.97,42.03,0,0.0,得意,C
5328,井上慧人,4,3,0.0,0.0,66.67,66.67,0.123,0.02,0.23,66.67,45.78,20.89,0,0.0,少数参考,参考
5081,篠原飛翔,5,3,0.0,0.0,33.33,33.33,0.163,0.13,0.22,0.0,34.22,-0.89,1,33.33,少数参考,参考
5136,濱野斗馬,6,4,0.0,25.0,50.0,75.0,0.193,0.09,0.29,25.0,21.0,54.0,0,0.0,少数参考,参考
5026,安河内健,1,10,100.0,0.0,0.0,100.0,0.149,0.09,0.24,30.0,86.47,13.53,0,0.0,得意,B
5303,土井歩夢,4,3,0.0,0.0,66.67,66.67,0.203,0.13,0.35,33.33,45.78,20.89,0,0.0,少数参考,参考
5152,丸山祐也,5,5,0.0,20.0,20.0,40.0,0.232,0.19,0.31,20.0,34.22,5.78,1,20.0,やや得意,C
5206,梅原祥平,1,5,40.0,40.0,20.0,100.0,0.126,0.09,0.23,80.0,86.47,13.53,0,0.0,得意,C
5214,田中宏典,3,5,20.0,20.0,0.0,40.0,0.128,0.08,0.16,20.0,54.51,-14.51,0,0.0,苦手,C
5209,小野京平,3,3,0.0,33.33,33.33,66.67,0.13,0.09,0.16,0.0,54.51,12.16,0,0.0,少数参考,参考
5111,三村岳人,1,3,100.0,0.0,0.0,100.0,0.12,0.01,0.22,66.67,86.47,13.53,0,0.0,少数参考,参考
5081,篠原飛翔,2,3,33.33,33.33,0.0,66.67,0.203,0.11,0.33,0.0,57.97,8.7,0,0.0,少数参考,参考
4653,小野達哉,4,5,40.0,0.0,60.0,100.0,0.092,0.02,0.23,80.0,45.78,54.22,0,0.0,得意,C
4643,近江翔吾,3,3,0.0,33.33,66.67,100.0,0.073,0.07,0.08,33.33,54.51,45.49,0,0.0,少数参考,参考
5081,篠原飛翔,3,3,33.33,0.0,0.0,33.33,0.163,0.1,0.26,0.0,54.51,-21.18,0,0.0,少数参考,参考
5127,沼田大都,3,3,33.33,0.0,33.33,66.67,0.197,0.14,0.23,0.0,54.51,12.16,0,0.0,少数参考,参考
5206,梅原祥平,2,3,33.33,0.0,33.33,66.67,0.147,0.13,0.18,33.33,57.97,8.7,0,0.0,少数参考,参考
5027,重冨勇哉,3,3,33.33,66.67,0.0,100.0,0.1,0.07,0.12,33.33,54.51,45.49,0,0.0,少数参考,参考
5210,藤井公人,5,3,0.0,0.0,66.67,66.67,0.12,0.07,0.16,33.33,34.22,32.45,0,0.0,少数参考,参考
5206,梅原祥平,6,3,0.0,0.0,33.33,33.33,0.183,0.14,0.25,33.33,21.0,12.33,0,0.0,少数参考,参考
4598,加藤政彦,3,6,33.33,33.33,16.67,83.33,0.128,0.05,0.21,50.0,54.51,28.82,0,0.0,得意,C
4653,小野達哉,6,4,0.0,100.0,0.0,100.0,0.105,0.01,0.2,25.0,21.0,79.0,0,0.0,少数参考,参考
4598,加藤政彦,1,7,57.14,42.86,0.0,100.0,0.119,0.03,0.27,57.14,86.47,13.53,0,0.0,得意,C
5277,井上未都,2,4,50.0,0.0,25.0,75.0,0.168,0.13,0.21,50.0,57.97,17.03,0,0.0,少数参考,参考
4643,近江翔吾,5,4,0.0,50.0,25.0,75.0,0.098,0.06,0.13,25.0,34.22,40.78,0,0.0,少数参考,参考
5263,花田凱成,5,3,0.0,0.0,66.67,66.67,0.117,0.07,0.19,0.0,34.22,32.45,0,0.0,少数参考,参考
4808,松尾拓,2,3,0.0,66.67,33.33,100.0,0.12,0.11,0.13,66.67,57.97,42.03,0,0.0,少数参考,参考
4237,大峯豊,3,3,0.0,0.0,33.33,33.33,0.23,0.18,0.27,0.0,54.51,-21.18,0,0.0,少数参考,参考
3811,石田章央,5,3,0.0,0.0,66.67,66.67,0.15,0.07,0.21,0.0,34.22,32.45,0,0.0,少数参考,参考
3842,星野太郎,1,4,100.0,0.0,0.0,100.0,0.12,0.07,0.17,25.0,86.47,13.53,0,0.0,少数参考,参考
3939,渡辺真至,3,4,25.0,25.0,0.0,50.0,0.12,0.08,0.16,0.0,54.51,-4.51,0,0.0,少数参考,参考
4812,西野雄貴,4,6,16.67,0.0,50.0,66.67,0.098,0.05,0.14,50.0,45.78,20.89,0,0.0,得意,C
4931,木谷賢太,5,4,0.0,25.0,50.0,75.0,0.163,0.07,0.23,0.0,34.22,40.78,0,0.0,少数参考,参考
4163,山崎裕司,3,5,0.0,20.0,20.0,40.0,0.148,0.1,0.21,20.0,54.51,-14.51,0,0.0,苦手,C
3776,横井健太,4,6,0.0,16.67,33.33,50.0,0.157,0.08,0.28,16.67,45.78,4.22,1,16.67,やや得意,C
4089,妹尾忠幸,5,4,0.0,25.0,25.0,50.0,0.148,0.12,0.19,0.0,34.22,15.78,1,25.0,少数参考,参考
4623,中北将史,4,5,20.0,0.0,40.0,60.0,0.148,0.07,0.22,0.0,45.78,14.22,2,40.0,得意,C
3939,渡辺真至,1,3,33.33,66.67,0.0,100.0,0.127,0.12,0.13,33.33,86.47,13.53,0,0.0,少数参考,参考
4812,西野雄貴,2,6,33.33,33.33,16.67,83.33,0.115,0.08,0.17,16.67,57.97,25.36,0,0.0,得意,C
4319,三宅潤,5,3,0.0,66.67,0.0,66.67,0.133,0.08,0.16,0.0,34.22,32.45,0,0.0,少数参考,参考
4723,寺島吉彦,2,3,33.33,0.0,33.33,66.67,0.103,0.06,0.19,33.33,57.97,8.7,0,0.0,少数参考,参考
3842,星野太郎,4,3,0.0,66.67,0.0,66.67,0.16,0.11,0.22,0.0,45.78,20.89,0,0.0,少数参考,参考
3939,渡辺真至,4,3,0.0,0.0,66.67,66.67,0.183,0.12,0.22,0.0,45.78,20.89,0,0.0,少数参考,参考
3842,星野太郎,2,3,33.33,33.33,0.0,66.67,0.133,0.07,0.17,33.33,57.97,8.7,0,0.0,少数参考,参考
4816,村松修二,2,4,25.0,50.0,25.0,100.0,0.13,0.09,0.17,75.0,57.97,42.03,0,0.0,少数参考,参考
4492,本多宏和,6,3,0.0,0.0,100.0,100.0,0.227,0.18,0.28,33.33,21.0,79.0,1,33.33,少数参考,参考
3880,浅見宗孝,4,6,0.0,16.67,16.67,33.33,0.22,0.09,0.41,16.67,45.78,-12.45,1,16.67,苦手,C
4058,野末智一,3,3,33.33,0.0,66.67,100.0,0.197,0.18,0.23,0.0,54.51,45.49,0,0.0,少数参考,参考
4852,川原祐明,4,3,66.67,0.0,0.0,66.67,0.183,0.13,0.23,0.0,45.78,20.89,0,0.0,少数参考,参考
4772,石丸海渡,6,4,0.0,50.0,25.0,75.0,0.117,0.06,0.19,50.0,21.0,54.0,0,0.0,少数参考,参考
4888,金児隆太,4,3,0.0,33.33,33.33,66.67,0.193,0.09,0.25,0.0,45.78,20.89,1,33.33,少数参考,参考
3294,野中義生,5,3,33.33,0.0,0.0,33.33,0.107,0.02,0.16,66.67,34.22,-0.89,1,33.33,少数参考,参考
5148,松本怜,2,3,33.33,33.33,33.33,100.0,0.147,0.12,0.19,0.0,57.97,42.03,0,0.0,少数参考,参考
4852,川原祐明,2,3,0.0,66.67,33.33,100.0,0.143,0.07,0.2,33.33,57.97,42.03,0,0.0,少数参考,参考
4492,本多宏和,3,5,0.0,40.0,40.0,80.0,0.152,0.07,0.23,40.0,54.51,25.49,0,0.0,得意,C
4772,石丸海渡,4,4,25.0,50.0,25.0,100.0,0.075,0.04,0.09,50.0,45.78,54.22,1,25.0,少数参考,参考
4893,渡邉真奈美,2,3,0.0,66.67,0.0,66.67,0.163,0.06,0.22,0.0,57.97,8.7,0,0.0,少数参考,参考
4345,西舘健,1,6,100.0,0.0,0.0,100.0,0.08,0.02,0.11,83.33,86.47,13.53,0,0.0,得意,C
3880,浅見宗孝,3,5,40.0,40.0,20.0,100.0,0.142,0.11,0.2,0.0,54.51,45.49,0,0.0,得意,C
5286,坂井滉哉,4,5,0.0,0.0,40.0,40.0,0.158,0.09,0.28,20.0,45.78,-5.78,1,20.0,標準,C
4058,野末智一,1,4,25.0,50.0,25.0,100.0,0.185,0.16,0.2,0.0,86.47,13.53,0,0.0,少数参考,参考
3538,菊池峰晴,1,3,66.67,0.0,33.33,100.0,0.057,0.02,0.12,100.0,86.47,13.53,0,0.0,少数参考,参考
5286,坂井滉哉,2,3,0.0,66.67,33.33,100.0,0.133,0.13,0.14,0.0,57.97,42.03,0,0.0,少数参考,参考
3880,浅見宗孝,6,5,0.0,0.0,20.0,20.0,0.182,0.13,0.26,0.0,21.0,-1.0,0,0.0,標準,C
4852,川原祐明,3,4,0.0,75.0,0.0,75.0,0.142,0.11,0.24,25.0,54.51,20.49,0,0.0,少数参考,参考
4492,本多宏和,4,5,60.0,20.0,20.0,100.0,0.118,0.03,0.21,40.0,45.78,54.22,1,20.0,得意,C
4888,金児隆太,2,5,0.0,60.0,0.0,60.0,0.21,0.15,0.26,0.0,57.97,2.03,1,20.0,標準,C
5222,津田陸翔,2,3,0.0,0.0,66.67,66.67,0.137,0.04,0.21,33.33,57.97,8.7,0,0.0,少数参考,参考
4598,加藤政彦,4,6,0.0,33.33,33.33,66.67,0.173,0.09,0.27,33.33,45.78,20.89,1,16.67,得意,C
4893,渡邉真奈美,6,3,0.0,33.33,33.33,66.67,0.123,0.06,0.18,66.67,21.0,45.67,0,0.0,少数参考,参考
5163,清水愛海,5,3,33.33,33.33,33.33,100.0,0.21,0.1,0.3,66.67,34.22,65.78,0,0.0,少数参考,参考
4492,本多宏和,5,5,20.0,20.0,20.0,60.0,0.194,0.11,0.29,20.0,34.22,25.78,1,20.0,得意,C
4598,加藤政彦,2,4,50.0,25.0,0.0,75.0,0.115,0.09,0.14,25.0,57.97,17.03,0,0.0,少数参考,参考
4058,野末智一,2,3,0.0,100.0,0.0,100.0,0.15,0.13,0.18,0.0,57.97,42.03,0,0.0,少数参考,参考
5163,清水愛海,2,3,33.33,0.0,33.33,66.67,0.17,0.16,0.18,33.33,57.97,8.7,0,0.0,少数参考,参考
4888,金児隆太,1,3,33.33,33.33,0.0,66.67,0.19,0.13,0.27,66.67,86.47,-19.8,0,0.0,少数参考,参考
4492,本多宏和,2,3,0.0,66.67,0.0,66.67,0.113,0.06,0.18,0.0,57.97,8.7,0,0.0,少数参考,参考
4150,山田雄太,5,4,0.0,25.0,25.0,50.0,0.075,0.06,0.09,75.0,34.22,15.78,0,0.0,少数参考,参考
4772,石丸海渡,1,6,100.0,0.0,0.0,100.0,0.09,0.01,0.14,100.0,86.47,13.53,0,0.0,得意,C
4058,野末智一,4,3,0.0,33.33,33.33,66.67,0.19,0.15,0.26,0.0,45.78,20.89,0,0.0,少数参考,参考
4138,中井俊祐,1,3,66.67,33.33,0.0,100.0,0.173,0.14,0.2,0.0,86.47,13.53,0,0.0,少数参考,参考
5286,坂井滉哉,5,3,0.0,0.0,0.0,0.0,0.143,0.04,0.22,33.33,34.22,-34.22,0,0.0,少数参考,参考
4492,本多宏和,1,7,85.71,14.29,0.0,100.0,0.119,0.05,0.23,57.14,86.47,13.53,0,0.0,得意,C
4852,川原祐明,1,4,75.0,0.0,25.0,100.0,0.182,0.14,0.27,25.0,86.47,13.53,0,0.0,少数参考,参考
4551,三川昂暁,6,3,0.0,0.0,66.67,66.67,0.17,0.13,0.19,0.0,21.0,45.67,0,0.0,少数参考,参考
4346,前田健太郎,1,5,60.0,20.0,20.0,100.0,0.108,0.03,0.15,60.0,86.47,13.53,0,0.0,得意,C
4844,村上奈穂,2,6,16.67,16.67,16.67,50.0,0.165,0.06,0.25,50.0,57.97,-7.97,0,0.0,標準,C
4575,戸塚邦好,4,4,25.0,25.0,25.0,75.0,0.087,0.06,0.11,25.0,45.78,29.22,0,0.0,少数参考,参考
4346,前田健太郎,5,5,20.0,0.0,60.0,80.0,0.128,0.07,0.21,40.0,34.22,45.78,1,20.0,得意,C
4904,松本一毅,2,3,0.0,0.0,33.33,33.33,0.17,0.14,0.19,33.33,57.97,-24.64,0,0.0,少数参考,参考
4853,前原哉,1,3,0.0,33.33,66.67,100.0,0.233,0.12,0.39,0.0,86.47,13.53,0,0.0,少数参考,参考
5335,森陽多,5,9,22.22,22.22,33.33,77.78,0.086,0.04,0.18,55.56,34.22,43.56,5,55.56,得意,C
4058,野末智一,5,3,0.0,66.67,0.0,66.67,0.21,0.13,0.27,0.0,34.22,32.45,0,0.0,少数参考,参考
4228,吉田慎二郎,6,3,0.0,0.0,66.67,66.67,0.143,0.11,0.19,33.33,21.0,45.67,0,0.0,少数参考,参考
4904,松本一毅,4,4,0.0,25.0,25.0,50.0,0.13,0.09,0.16,50.0,45.78,4.22,1,25.0,少数参考,参考
4844,村上奈穂,4,5,0.0,0.0,80.0,80.0,0.164,0.06,0.21,0.0,45.78,34.22,1,20.0,得意,C
4782,浜崎準也,1,4,100.0,0.0,0.0,100.0,0.143,0.11,0.16,25.0,86.47,13.53,0,0.0,少数参考,参考
5335,森陽多,6,8,0.0,25.0,37.5,62.5,0.092,0.02,0.21,87.5,21.0,41.5,2,25.0,得意,C
3892,草場康幸,6,3,0.0,0.0,100.0,100.0,0.127,0.07,0.2,0.0,21.0,79.0,1,33.33,少数参考,参考
4853,前原哉,2,7,28.57,42.86,28.57,100.0,0.179,0.11,0.31,14.29,57.97,42.03,1,14.29,得意,C
5138,村本大成,2,3,0.0,33.33,66.67,100.0,0.19,0.13,0.23,0.0,57.97,42.03,0,0.0,少数参考,参考
3800,牧宏次,6,3,0.0,0.0,66.67,66.67,0.183,0.14,0.24,0.0,21.0,45.67,0,0.0,少数参考,参考
4594,谷川祐一,1,6,83.33,16.67,0.0,100.0,0.095,0.05,0.19,33.33,86.47,13.53,0,0.0,得意,C
4530,小野生奈,5,5,0.0,20.0,20.0,40.0,0.138,0.06,0.25,20.0,34.22,5.78,2,40.0,やや得意,C
4782,浜崎準也,3,3,0.0,0.0,0.0,0.0,0.14,0.07,0.22,0.0,54.51,-54.51,0,0.0,少数参考,参考
3796,長野道臣,4,5,20.0,40.0,20.0,80.0,0.166,0.13,0.19,40.0,45.78,34.22,1,20.0,得意,C
3550,都築正治,5,6,16.67,33.33,16.67,66.67,0.098,0.04,0.16,50.0,34.22,32.45,1,16.67,得意,C
5158,宮脇遼太,2,5,20.0,20.0,40.0,80.0,0.166,0.06,0.28,20.0,57.97,22.03,0,0.0,得意,C
3997,北村征嗣,4,5,0.0,60.0,20.0,80.0,0.188,0.11,0.26,20.0,45.78,34.22,0,0.0,得意,C
4732,堀本和也,5,3,0.0,100.0,0.0,100.0,0.063,0.04,0.11,66.67,34.22,65.78,0,0.0,少数参考,参考
5311,小林京平,6,4,0.0,0.0,50.0,50.0,0.14,0.08,0.21,0.0,21.0,29.0,1,25.0,少数参考,参考
5071,野見山拓己,2,5,20.0,40.0,0.0,60.0,0.108,0.02,0.22,40.0,57.97,2.03,0,0.0,標準,C
4684,楠原翔太,6,4,0.0,25.0,25.0,50.0,0.185,0.13,0.23,25.0,21.0,29.0,0,0.0,少数参考,参考
4732,堀本和也,4,4,25.0,0.0,75.0,100.0,0.118,0.08,0.16,50.0,45.78,54.22,0,0.0,少数参考,参考
5158,宮脇遼太,3,3,33.33,33.33,33.33,100.0,0.157,0.09,0.21,33.33,54.51,45.49,0,0.0,少数参考,参考
5249,三木晴斗,2,5,20.0,20.0,0.0,40.0,0.14,0.06,0.18,40.0,57.97,-17.97,0,0.0,苦手,C
5311,小林京平,5,3,0.0,0.0,33.33,33.33,0.24,0.21,0.3,0.0,34.22,-0.89,1,33.33,少数参考,参考
3564,桑原啓,2,3,66.67,33.33,0.0,100.0,0.177,0.12,0.22,0.0,57.97,42.03,0,0.0,少数参考,参考
3982,福田理,5,3,0.0,33.33,0.0,33.33,0.187,0.12,0.31,0.0,34.22,-0.89,0,0.0,少数参考,参考
4732,堀本和也,2,3,0.0,66.67,0.0,66.67,0.123,0.1,0.17,0.0,57.97,8.7,1,33.33,少数参考,参考
4894,原村拓也,2,4,0.0,25.0,25.0,50.0,0.19,0.09,0.31,25.0,57.97,-7.97,0,0.0,少数参考,参考
5071,野見山拓己,1,4,75.0,25.0,0.0,100.0,0.065,0.03,0.12,50.0,86.47,13.53,0,0.0,少数参考,参考
3975,小野寺智洋,5,5,0.0,0.0,0.0,0.0,0.18,0.04,0.39,20.0,34.22,-34.22,0,0.0,苦手,C
4271,川崎公靖,3,3,0.0,33.33,33.33,66.67,0.223,0.19,0.27,0.0,54.51,12.16,0,0.0,少数参考,参考
4732,堀本和也,1,3,100.0,0.0,0.0,100.0,0.087,0.02,0.13,100.0,86.47,13.53,0,0.0,少数参考,参考
4894,原村拓也,3,3,0.0,66.67,0.0,66.67,0.107,0.04,0.17,66.67,54.51,12.16,0,0.0,少数参考,参考
5358,増本杏珠,6,8,0.0,0.0,25.0,25.0,0.235,0.09,0.38,12.5,21.0,4.0,2,25.0,やや得意,C
3852,澤大介,3,4,25.0,0.0,25.0,50.0,0.142,0.04,0.25,0.0,54.51,-4.51,0,0.0,少数参考,参考
4740,齋藤達希,2,6,16.67,16.67,16.67,50.0,0.148,0.07,0.25,0.0,57.97,-7.97,2,33.33,標準,C
4571,菅章哉,2,3,33.33,33.33,0.0,66.67,0.167,0.13,0.2,0.0,57.97,8.7,0,0.0,少数参考,参考
4793,金子萌,3,3,33.33,66.67,0.0,100.0,0.147,0.12,0.19,0.0,54.51,45.49,0,0.0,少数参考,参考
4796,春園功太,1,6,83.33,16.67,0.0,100.0,0.093,0.03,0.23,66.67,86.47,13.53,0,0.0,得意,C
3852,澤大介,1,4,50.0,25.0,25.0,100.0,0.172,0.14,0.21,0.0,86.47,13.53,0,0.0,少数参考,参考
4438,森作雄大,4,3,33.33,0.0,0.0,33.33,0.103,0.03,0.16,33.33,45.78,-12.45,0,0.0,少数参考,参考
4793,金子萌,2,3,0.0,66.67,33.33,100.0,0.157,0.14,0.17,0.0,57.97,42.03,0,0.0,少数参考,参考
4796,春園功太,3,5,0.0,60.0,20.0,80.0,0.132,0.09,0.17,0.0,54.51,25.49,0,0.0,得意,C
4438,森作雄大,3,5,40.0,20.0,40.0,100.0,0.118,0.03,0.21,40.0,54.51,45.49,0,0.0,得意,C
4982,中村将隆,5,4,25.0,25.0,50.0,100.0,0.12,0.03,0.19,0.0,34.22,65.78,1,25.0,少数参考,参考
4796,春園功太,5,3,0.0,33.33,0.0,33.33,0.147,0.12,0.18,33.33,34.22,-0.89,1,33.33,少数参考,参考
4438,森作雄大,2,7,14.29,42.86,28.57,85.71,0.113,0.07,0.14,71.43,57.97,27.74,0,0.0,得意,C
5003,来田衣織,2,5,0.0,20.0,0.0,20.0,0.2,0.14,0.25,20.0,57.97,-37.97,0,0.0,苦手,C
5205,刑部亜里紗,6,4,0.0,25.0,50.0,75.0,0.242,0.12,0.4,25.0,21.0,54.0,0,0.0,少数参考,参考
4571,菅章哉,5,4,25.0,50.0,25.0,100.0,0.198,0.12,0.29,50.0,34.22,65.78,2,50.0,少数参考,参考
5205,刑部亜里紗,3,4,0.0,50.0,50.0,100.0,0.145,0.02,0.21,0.0,54.51,45.49,0,0.0,少数参考,参考
4365,盛本真輔,1,4,50.0,25.0,25.0,100.0,0.165,0.04,0.21,25.0,86.47,13.53,0,0.0,少数参考,参考
4793,金子萌,1,3,100.0,0.0,0.0,100.0,0.127,0.09,0.17,66.67,86.47,13.53,0,0.0,少数参考,参考
5205,刑部亜里紗,1,5,80.0,20.0,0.0,100.0,0.11,0.04,0.18,20.0,86.47,13.53,0,0.0,得意,C
4740,齋藤達希,4,6,16.67,16.67,16.67,50.0,0.187,0.11,0.27,0.0,45.78,4.22,2,33.33,やや得意,C
4438,森作雄大,5,4,0.0,50.0,0.0,50.0,0.125,0.06,0.22,75.0,34.22,15.78,1,25.0,少数参考,参考
5261,岡暢祐,3,7,14.29,42.86,0.0,57.14,0.123,0.06,0.21,28.57,54.51,2.63,2,28.57,標準,C
5205,刑部亜里紗,2,5,40.0,40.0,0.0,80.0,0.168,0.05,0.23,20.0,57.97,22.03,0,0.0,得意,C
4289,落合直子,5,4,0.0,25.0,25.0,50.0,0.168,0.12,0.27,50.0,34.22,15.78,0,0.0,少数参考,参考
3922,菅沼佳昭,4,3,33.33,0.0,0.0,33.33,0.207,0.19,0.24,0.0,45.78,-12.45,0,0.0,少数参考,参考
5047,國分将太郎,6,3,0.0,33.33,33.33,66.67,0.097,0.04,0.15,33.33,21.0,45.67,1,33.33,少数参考,参考
3922,菅沼佳昭,1,5,40.0,20.0,20.0,80.0,0.162,0.11,0.22,60.0,86.47,-6.47,0,0.0,得意,C
3882,新田智彰,4,7,14.29,28.57,14.29,57.14,0.127,0.04,0.22,42.86,45.78,11.36,1,14.29,得意,C
4973,栗原直也,2,3,0.0,33.33,33.33,66.67,0.237,0.22,0.26,0.0,57.97,8.7,0,0.0,少数参考,参考
4626,伊藤紘章,4,3,0.0,33.33,0.0,33.33,0.163,0.11,0.2,33.33,45.78,-12.45,0,0.0,少数参考,参考
5047,國分将太郎,4,4,0.0,25.0,25.0,50.0,0.11,0.09,0.14,25.0,45.78,4.22,0,0.0,少数参考,参考
5047,國分将太郎,3,3,33.33,66.67,0.0,100.0,0.137,0.11,0.17,33.33,54.51,45.49,1,33.33,少数参考,参考
5047,國分将太郎,1,3,100.0,0.0,0.0,100.0,0.063,0.04,0.08,66.67,86.47,13.53,0,0.0,少数参考,参考
4039,村上功祐,6,5,0.0,0.0,0.0,0.0,0.236,0.18,0.29,0.0,21.0,-21.0,0,0.0,苦手,C
4059,入澤友治,1,7,85.71,0.0,0.0,85.71,0.123,0.09,0.2,71.43,86.47,-0.76,0,0.0,得意,C
4973,栗原直也,3,3,0.0,33.33,33.33,66.67,0.173,0.13,0.2,0.0,54.51,12.16,0,0.0,少数参考,参考
4607,鶴田勇雄,3,8,12.5,12.5,62.5,87.5,0.147,0.11,0.18,0.0,54.51,32.99,1,12.5,得意,C
4059,入澤友治,5,3,0.0,66.67,0.0,66.67,0.137,0.09,0.19,0.0,34.22,32.45,1,33.33,少数参考,参考
4121,富永修一,2,3,0.0,66.67,0.0,66.67,0.213,0.15,0.32,0.0,57.97,8.7,0,0.0,少数参考,参考
5249,三木晴斗,5,4,25.0,0.0,0.0,25.0,0.155,0.09,0.23,50.0,34.22,-9.22,1,25.0,少数参考,参考
3997,北村征嗣,5,7,14.29,14.29,71.43,100.0,0.169,0.13,0.25,28.57,34.22,65.78,2,28.57,得意,C
5249,三木晴斗,4,3,0.0,33.33,33.33,66.67,0.193,0.11,0.31,33.33,45.78,20.89,2,66.67,少数参考,参考
4271,川崎公靖,1,3,33.33,33.33,33.33,100.0,0.133,0.11,0.16,0.0,86.47,13.53,0,0.0,少数参考,参考
4487,三原司,5,6,0.0,66.67,16.67,83.33,0.125,0.04,0.21,16.67,34.22,49.11,1,16.67,得意,C
5071,野見山拓己,6,5,0.0,0.0,60.0,60.0,0.116,0.03,0.18,40.0,21.0,39.0,1,20.0,得意,C
4895,門間雄大,4,3,0.0,33.33,0.0,33.33,0.177,0.14,0.22,33.33,45.78,-12.45,0,0.0,少数参考,参考
5308,藤森拓海,4,3,0.0,0.0,100.0,100.0,0.137,0.07,0.23,33.33,45.78,54.22,0,0.0,少数参考,参考
3997,北村征嗣,2,4,50.0,50.0,0.0,100.0,0.133,0.08,0.18,25.0,57.97,42.03,0,0.0,少数参考,参考
4894,原村拓也,5,3,0.0,33.33,33.33,66.67,0.173,0.17,0.18,0.0,34.22,32.45,1,33.33,少数参考,参考
3412,鈴木博,3,6,16.67,50.0,33.33,100.0,0.122,0.05,0.17,50.0,54.51,45.49,0,0.0,得意,C
3920,正木聖賢,3,4,25.0,25.0,0.0,50.0,0.14,0.06,0.24,25.0,54.51,-4.51,1,25.0,少数参考,参考
4234,野相弘司,2,5,60.0,20.0,20.0,100.0,0.168,0.12,0.23,0.0,57.97,42.03,0,0.0,得意,C
3988,古川誠之,5,6,0.0,33.33,33.33,66.67,0.153,0.03,0.26,16.67,34.22,32.45,0,0.0,得意,C
4131,原豊土,1,3,100.0,0.0,0.0,100.0,0.153,0.13,0.17,66.67,86.47,13.53,0,0.0,少数参考,参考
3988,古川誠之,2,8,25.0,37.5,12.5,75.0,0.106,0.05,0.17,25.0,57.97,17.03,0,0.0,得意,C
4395,下河雅史,6,3,0.0,0.0,33.33,33.33,0.223,0.19,0.25,0.0,21.0,12.33,1,33.33,少数参考,参考
3988,古川誠之,1,7,57.14,14.29,0.0,71.43,0.126,0.07,0.21,28.57,86.47,-15.04,0,0.0,得意,C
4581,吉村誠,2,3,0.0,66.67,0.0,66.67,0.113,0.08,0.15,33.33,57.97,8.7,0,0.0,少数参考,参考
3988,古川誠之,4,5,0.0,40.0,40.0,80.0,0.122,0.11,0.15,40.0,45.78,34.22,0,0.0,得意,C
3988,古川誠之,3,8,25.0,62.5,12.5,100.0,0.107,0.06,0.19,50.0,54.51,45.49,2,25.0,得意,C
4549,小林文彦,3,4,0.0,50.0,25.0,75.0,0.21,0.16,0.3,0.0,54.51,20.49,0,0.0,少数参考,参考
4131,原豊土,4,3,0.0,33.33,66.67,100.0,0.16,0.11,0.21,0.0,45.78,54.22,0,0.0,少数参考,参考
4234,野相弘司,5,6,0.0,0.0,66.67,66.67,0.175,0.13,0.26,0.0,34.22,32.45,1,16.67,得意,C
4508,野間大樹,1,3,66.67,33.33,0.0,100.0,0.103,0.06,0.17,66.67,86.47,13.53,0,0.0,少数参考,参考
4159,向後龍一,6,4,0.0,25.0,25.0,50.0,0.228,0.16,0.28,0.0,21.0,29.0,0,0.0,少数参考,参考
4557,松尾光広,4,4,0.0,25.0,75.0,100.0,0.15,0.05,0.25,0.0,45.78,54.22,1,25.0,少数参考,参考
3796,長野道臣,1,5,60.0,40.0,0.0,100.0,0.134,0.08,0.22,20.0,86.47,13.53,0,0.0,得意,C
4903,吉田凌太朗,3,6,33.33,50.0,0.0,83.33,0.142,0.09,0.19,33.33,54.51,28.82,0,0.0,得意,C
4967,中村魁生,3,3,0.0,33.33,66.67,100.0,0.127,0.1,0.17,33.33,54.51,45.49,0,0.0,少数参考,参考
3981,今坂晃広,3,5,20.0,20.0,40.0,80.0,0.156,0.09,0.22,20.0,54.51,25.49,1,20.0,得意,C
4903,吉田凌太朗,5,6,33.33,33.33,16.67,83.33,0.148,0.09,0.2,16.67,34.22,49.11,0,0.0,得意,C
5147,田中勇輔,3,3,33.33,0.0,0.0,33.33,0.093,0.08,0.11,33.33,54.51,-21.18,0,0.0,少数参考,参考
4967,中村魁生,2,3,33.33,33.33,0.0,66.67,0.167,0.14,0.18,0.0,57.97,8.7,0,0.0,少数参考,参考
4557,松尾光広,3,3,33.33,33.33,0.0,66.67,0.16,0.12,0.22,33.33,54.51,12.16,0,0.0,少数参考,参考
3878,胡本悟志,6,4,25.0,0.0,0.0,25.0,0.182,0.14,0.23,25.0,21.0,4.0,0,0.0,少数参考,参考
4193,郷原章平,5,3,0.0,33.33,66.67,100.0,0.22,0.18,0.25,33.33,34.22,65.78,1,33.33,少数参考,参考
3070,山室展弘,4,3,0.0,66.67,33.33,100.0,0.09,0.03,0.16,66.67,45.78,54.22,0,0.0,少数参考,参考
3482,金子猛志,1,4,50.0,25.0,25.0,100.0,0.145,0.07,0.21,25.0,86.47,13.53,0,0.0,少数参考,参考
4508,野間大樹,5,3,66.67,0.0,0.0,66.67,0.173,0.13,0.21,33.33,34.22,32.45,1,33.33,少数参考,参考
4159,向後龍一,3,4,0.0,25.0,50.0,75.0,0.158,0.12,0.2,0.0,54.51,20.49,0,0.0,少数参考,参考
4040,廣瀬将亨,4,4,25.0,0.0,25.0,50.0,0.105,0.03,0.17,25.0,45.78,4.22,0,0.0,少数参考,参考
3482,金子猛志,5,3,33.33,33.33,0.0,66.67,0.12,0.12,0.12,33.33,34.22,32.45,0,0.0,少数参考,参考
4557,松尾光広,2,4,50.0,0.0,25.0,75.0,0.182,0.11,0.22,25.0,57.97,17.03,0,0.0,少数参考,参考
3878,胡本悟志,1,3,33.33,33.33,33.33,100.0,0.15,0.1,0.18,0.0,86.47,13.53,0,0.0,少数参考,参考
4237,大峯豊,2,4,0.0,75.0,25.0,100.0,0.198,0.09,0.33,0.0,57.97,42.03,1,25.0,少数参考,参考
4650,中山雄太,6,4,25.0,25.0,50.0,100.0,0.148,0.09,0.28,50.0,21.0,79.0,0,0.0,少数参考,参考
4903,吉田凌太朗,4,8,25.0,12.5,12.5,50.0,0.135,0.07,0.24,37.5,45.78,4.22,0,0.0,やや得意,C
4051,清水敦揮,2,3,33.33,33.33,33.33,100.0,0.143,0.11,0.19,66.67,57.97,42.03,0,0.0,少数参考,参考
3796,長野道臣,6,4,25.0,0.0,50.0,75.0,0.163,0.06,0.27,25.0,21.0,54.0,1,25.0,少数参考,参考
4846,佐藤駿介,3,3,33.33,0.0,66.67,100.0,0.12,0.09,0.14,33.33,54.51,45.49,0,0.0,少数参考,参考
4037,別府正幸,1,4,50.0,25.0,25.0,100.0,0.213,0.12,0.34,25.0,86.47,13.53,0,0.0,少数参考,参考
3581,加木郁,3,5,0.0,60.0,20.0,80.0,0.21,0.15,0.31,0.0,54.51,25.49,1,20.0,得意,C
4788,小池哲也,3,4,0.0,50.0,25.0,75.0,0.13,0.07,0.22,25.0,54.51,20.49,1,25.0,少数参考,参考
4925,森悠稀,5,4,0.0,25.0,50.0,75.0,0.12,0.09,0.16,25.0,34.22,40.78,0,0.0,少数参考,参考
5167,小川竜太朗,6,3,0.0,0.0,66.67,66.67,0.113,0.1,0.13,33.33,21.0,45.67,1,33.33,少数参考,参考
4925,森悠稀,2,4,0.0,25.0,75.0,100.0,0.128,0.06,0.21,25.0,57.97,42.03,0,0.0,少数参考,参考
4790,柳内敬太,4,7,14.29,28.57,42.86,85.71,0.096,0.01,0.23,42.86,45.78,39.93,3,42.86,得意,C
3581,加木郁,5,4,0.0,25.0,25.0,50.0,0.14,0.02,0.24,0.0,34.22,15.78,1,25.0,少数参考,参考
4740,齋藤達希,1,3,66.67,33.33,0.0,100.0,0.077,0.01,0.11,100.0,86.47,13.53,0,0.0,少数参考,参考
4593,小坂宗司,3,4,25.0,50.0,25.0,100.0,0.12,0.03,0.19,50.0,54.51,45.49,0,0.0,少数参考,参考
4832,権藤俊光,6,3,0.0,0.0,66.67,66.67,0.113,0.08,0.13,66.67,21.0,45.67,0,0.0,少数参考,参考
4691,水原慎,2,3,0.0,66.67,33.33,100.0,0.153,0.13,0.18,33.33,57.97,42.03,0,0.0,少数参考,参考
4593,小坂宗司,4,4,0.0,0.0,50.0,50.0,0.155,0.12,0.21,25.0,45.78,4.22,0,0.0,少数参考,参考
4832,権藤俊光,2,4,50.0,25.0,25.0,100.0,0.115,0.05,0.23,25.0,57.97,42.03,0,0.0,少数参考,参考
4566,塩田北斗,5,7,14.29,28.57,28.57,71.43,0.116,0.04,0.17,42.86,34.22,37.21,2,28.57,得意,C
4566,塩田北斗,4,5,0.0,0.0,60.0,60.0,0.128,0.06,0.17,80.0,45.78,14.22,0,0.0,得意,C
4832,権藤俊光,3,5,20.0,20.0,20.0,60.0,0.136,0.04,0.21,20.0,54.51,5.49,0,0.0,やや得意,C
4566,塩田北斗,1,8,100.0,0.0,0.0,100.0,0.106,0.06,0.17,50.0,86.47,13.53,0,0.0,得意,C
4593,小坂宗司,5,3,0.0,0.0,33.33,33.33,0.177,0.12,0.22,0.0,34.22,-0.89,0,0.0,少数参考,参考
4832,権藤俊光,4,4,25.0,25.0,50.0,100.0,0.107,0.09,0.16,50.0,45.78,54.22,0,0.0,少数参考,参考
4593,小坂宗司,2,4,0.0,25.0,0.0,25.0,0.175,0.07,0.23,0.0,57.97,-32.97,0,0.0,少数参考,参考
4700,金子和之,1,10,90.0,10.0,0.0,100.0,0.098,0.05,0.12,80.0,86.47,13.53,0,0.0,得意,B
4566,塩田北斗,2,8,25.0,37.5,25.0,87.5,0.133,0.08,0.17,25.0,57.97,29.53,0,0.0,得意,C
4263,武重雄介,4,7,0.0,42.86,28.57,71.43,0.116,0.07,0.18,42.86,45.78,25.65,0,0.0,得意,C
4967,中村魁生,1,3,100.0,0.0,0.0,100.0,0.117,0.05,0.16,0.0,86.47,13.53,0,0.0,少数参考,参考
3878,胡本悟志,3,3,33.33,0.0,66.67,100.0,0.163,0.14,0.18,33.33,54.51,45.49,0,0.0,少数参考,参考
5107,松本真広,4,3,33.33,0.0,0.0,33.33,0.127,0.05,0.24,33.33,45.78,-12.45,0,0.0,少数参考,参考
4903,吉田凌太朗,1,12,66.67,16.67,8.33,91.67,0.083,0.02,0.18,66.67,86.47,5.2,1,8.33,得意,B
4967,中村魁生,4,3,33.33,0.0,66.67,100.0,0.15,0.05,0.21,33.33,45.78,54.22,0,0.0,少数参考,参考
4740,齋藤達希,3,3,0.0,33.33,66.67,100.0,0.16,0.09,0.24,0.0,54.51,45.49,0,0.0,少数参考,参考
4593,小坂宗司,1,4,100.0,0.0,0.0,100.0,0.165,0.11,0.23,0.0,86.47,13.53,0,0.0,少数参考,参考
4832,権藤俊光,1,4,75.0,25.0,0.0,100.0,0.115,0.05,0.17,25.0,86.47,13.53,0,0.0,少数参考,参考
4832,権藤俊光,5,5,20.0,20.0,40.0,80.0,0.098,0.04,0.18,20.0,34.22,45.78,0,0.0,得意,C
4566,塩田北斗,3,8,25.0,25.0,12.5,62.5,0.105,0.02,0.14,12.5,54.51,7.99,1,12.5,得意,C
3718,伊達正利,3,3,0.0,66.67,0.0,66.67,0.183,0.14,0.27,33.33,54.51,12.16,0,0.0,少数参考,参考
4077,品田直樹,4,3,0.0,33.33,66.67,100.0,0.227,0.19,0.27,0.0,45.78,54.22,0,0.0,少数参考,参考
3257,田頭実,3,4,50.0,25.0,0.0,75.0,0.09,0.03,0.12,25.0,54.51,20.49,3,75.0,少数参考,参考
4404,岸蔭亮,2,3,33.33,33.33,33.33,100.0,0.133,0.07,0.22,33.33,57.97,42.03,0,0.0,少数参考,参考
3661,柳瀬興志,1,4,0.0,75.0,25.0,100.0,0.135,0.08,0.22,50.0,86.47,13.53,0,0.0,少数参考,参考
3257,田頭実,2,7,28.57,14.29,14.29,57.14,0.079,0.02,0.15,71.43,57.97,-0.83,6,85.71,標準,C
5231,寺田空詩,6,3,33.33,0.0,0.0,33.33,0.16,0.12,0.19,0.0,21.0,12.33,0,0.0,少数参考,参考
4512,高野哲史,4,4,25.0,50.0,25.0,100.0,0.143,0.12,0.2,25.0,45.78,54.22,0,0.0,少数参考,参考
3257,田頭実,1,5,80.0,0.0,20.0,100.0,0.138,0.02,0.25,40.0,86.47,13.53,0,0.0,得意,C
3661,柳瀬興志,2,3,0.0,33.33,66.67,100.0,0.17,0.13,0.19,0.0,57.97,42.03,0,0.0,少数参考,参考
3661,柳瀬興志,4,3,0.0,0.0,33.33,33.33,0.147,0.08,0.19,33.33,45.78,-12.45,0,0.0,少数参考,参考
3661,柳瀬興志,6,3,0.0,33.33,0.0,33.33,0.153,0.12,0.21,33.33,21.0,12.33,0,0.0,少数参考,参考
4557,松尾光広,5,5,0.0,20.0,60.0,80.0,0.202,0.16,0.26,0.0,34.22,45.78,0,0.0,得意,C
4994,山本梨菜,6,4,0.0,25.0,50.0,75.0,0.19,0.11,0.3,0.0,21.0,54.0,0,0.0,少数参考,参考
5231,寺田空詩,2,3,33.33,33.33,0.0,66.67,0.137,0.1,0.18,33.33,57.97,8.7,0,0.0,少数参考,参考
5147,田中勇輔,4,4,0.0,25.0,25.0,50.0,0.143,0.08,0.19,50.0,45.78,4.22,0,0.0,少数参考,参考
4903,吉田凌太朗,2,8,50.0,25.0,0.0,75.0,0.131,0.03,0.2,12.5,57.97,17.03,0,0.0,得意,C
5147,田中勇輔,2,3,0.0,0.0,66.67,66.67,0.163,0.11,0.24,66.67,57.97,8.7,0,0.0,少数参考,参考
4268,和合俊介,2,4,0.0,25.0,50.0,75.0,0.155,0.11,0.24,25.0,57.97,17.03,0,0.0,少数参考,参考
3581,加木郁,1,4,50.0,25.0,25.0,100.0,0.16,0.09,0.26,50.0,86.47,13.53,0,0.0,少数参考,参考
3898,平田忠則,6,4,0.0,25.0,50.0,75.0,0.107,0.09,0.14,50.0,21.0,54.0,0,0.0,少数参考,参考
4539,金子賢志,2,5,20.0,40.0,20.0,80.0,0.176,0.11,0.24,20.0,57.97,22.03,0,0.0,得意,C
4788,小池哲也,2,3,0.0,0.0,33.33,33.33,0.17,0.15,0.2,0.0,57.97,-24.64,0,0.0,少数参考,参考
3581,加木郁,4,5,0.0,20.0,40.0,60.0,0.184,0.13,0.29,0.0,45.78,14.22,0,0.0,得意,C
4268,和合俊介,5,4,0.0,0.0,0.0,0.0,0.19,0.14,0.26,0.0,34.22,-34.22,1,25.0,少数参考,参考
4608,荒井翔伍,5,3,0.0,0.0,33.33,33.33,0.167,0.14,0.22,0.0,34.22,-0.89,0,0.0,少数参考,参考
4539,金子賢志,6,3,33.33,33.33,0.0,66.67,0.113,0.04,0.24,66.67,21.0,45.67,0,0.0,少数参考,参考
4271,川崎公靖,6,3,0.0,66.67,0.0,66.67,0.14,0.06,0.22,33.33,21.0,45.67,1,33.33,少数参考,参考
3952,中澤和志,4,3,0.0,66.67,0.0,66.67,0.12,0.08,0.17,33.33,45.78,20.89,0,0.0,少数参考,参考
4524,深谷知博,3,3,0.0,33.33,33.33,66.67,0.077,0.05,0.11,100.0,54.51,12.16,0,0.0,少数参考,参考
4877,鈴谷一平,5,3,0.0,33.33,33.33,66.67,0.133,0.12,0.15,33.33,34.22,32.45,1,33.33,少数参考,参考
3780,魚谷智之,4,4,0.0,25.0,25.0,50.0,0.11,0.07,0.16,25.0,45.78,4.22,0,0.0,少数参考,参考
4075,中野次郎,6,6,0.0,0.0,50.0,50.0,0.17,0.13,0.21,0.0,21.0,29.0,0,0.0,得意,C
3978,齊藤仁,3,3,0.0,33.33,33.33,66.67,0.103,0.08,0.13,33.33,54.51,12.16,0,0.0,少数参考,参考
3978,齊藤仁,6,3,0.0,0.0,0.0,0.0,0.17,0.11,0.25,0.0,21.0,-21.0,0,0.0,少数参考,参考
5084,末永和也,5,4,25.0,50.0,25.0,100.0,0.108,0.03,0.14,50.0,34.22,65.78,0,0.0,少数参考,参考
4850,野中一平,4,6,0.0,16.67,50.0,66.67,0.103,0.05,0.17,50.0,45.78,20.89,1,16.67,得意,C
4166,吉田拡郎,3,4,75.0,0.0,0.0,75.0,0.1,0.06,0.18,25.0,54.51,20.49,0,0.0,少数参考,参考
5014,梶山涼斗,5,3,0.0,33.33,0.0,33.33,0.06,0.01,0.11,66.67,34.22,-0.89,1,33.33,少数参考,参考
4166,吉田拡郎,1,4,50.0,50.0,0.0,100.0,0.08,0.02,0.15,50.0,86.47,13.53,0,0.0,少数参考,参考
4796,春園功太,6,3,0.0,0.0,33.33,33.33,0.103,0.08,0.12,33.33,21.0,12.33,0,0.0,少数参考,参考
4973,栗原直也,5,3,0.0,33.33,66.67,100.0,0.19,0.13,0.24,33.33,34.22,65.78,1,33.33,少数参考,参考
4796,春園功太,2,4,50.0,25.0,0.0,75.0,0.092,0.08,0.11,25.0,57.97,17.03,0,0.0,少数参考,参考
4166,吉田拡郎,5,3,0.0,33.33,0.0,33.33,0.137,0.07,0.17,33.33,34.22,-0.89,1,33.33,少数参考,参考
4166,吉田拡郎,2,4,0.0,50.0,25.0,75.0,0.085,0.06,0.13,25.0,57.97,17.03,0,0.0,少数参考,参考
5212,西川拓利,2,3,0.0,66.67,0.0,66.67,0.177,0.06,0.39,33.33,57.97,8.7,0,0.0,少数参考,参考
5121,定松勇樹,2,3,33.33,33.33,33.33,100.0,0.12,0.11,0.13,33.33,57.97,42.03,0,0.0,少数参考,参考
4776,竹田和哉,1,8,100.0,0.0,0.0,100.0,0.096,0.05,0.16,75.0,86.47,13.53,0,0.0,得意,C
4776,竹田和哉,3,6,33.33,16.67,33.33,83.33,0.098,0.06,0.17,33.33,54.51,28.82,0,0.0,得意,C
4803,飯田庄吾,2,4,0.0,0.0,25.0,25.0,0.158,0.12,0.23,0.0,57.97,-32.97,0,0.0,少数参考,参考
5121,定松勇樹,6,3,0.0,33.33,66.67,100.0,0.127,0.06,0.22,0.0,21.0,79.0,0,0.0,少数参考,参考
4776,竹田和哉,4,4,0.0,25.0,50.0,75.0,0.155,0.02,0.27,50.0,45.78,29.22,0,0.0,少数参考,参考
4524,深谷知博,4,3,33.33,33.33,0.0,66.67,0.153,0.09,0.21,0.0,45.78,20.89,0,0.0,少数参考,参考
4760,山崎郡,2,3,66.67,0.0,33.33,100.0,0.077,0.04,0.12,66.67,57.97,42.03,0,0.0,少数参考,参考
4168,石野貴之,4,4,0.0,0.0,25.0,25.0,0.128,0.08,0.18,0.0,45.78,-20.78,0,0.0,少数参考,参考
4760,山崎郡,1,4,50.0,0.0,0.0,50.0,0.117,0.09,0.18,50.0,86.47,-36.47,0,0.0,少数参考,参考
4205,山口剛,5,4,25.0,25.0,0.0,50.0,0.145,0.09,0.18,25.0,34.22,15.78,1,25.0,少数参考,参考
4234,野相弘司,6,3,0.0,0.0,66.67,66.67,0.233,0.23,0.24,0.0,21.0,45.67,0,0.0,少数参考,参考
5274,城間盛渚,2,4,0.0,25.0,25.0,50.0,0.175,0.13,0.22,25.0,57.97,-7.97,0,0.0,少数参考,参考
5010,宇留田翔平,4,5,20.0,20.0,20.0,60.0,0.12,0.07,0.18,20.0,45.78,14.22,0,0.0,得意,C
5083,柳瀬幹太,4,4,0.0,0.0,25.0,25.0,0.113,0.06,0.2,25.0,45.78,-20.78,0,0.0,少数参考,参考
5143,常盤海心,3,7,0.0,0.0,28.57,28.57,0.197,0.13,0.34,0.0,54.51,-25.94,0,0.0,苦手,C
4934,佐々木翔斗,3,4,0.0,50.0,25.0,75.0,0.122,0.06,0.16,25.0,54.51,20.49,0,0.0,少数参考,参考
5004,河野主樹,2,3,0.0,33.33,66.67,100.0,0.11,0.09,0.14,33.33,57.97,42.03,0,0.0,少数参考,参考
4375,照屋厚仁,4,6,0.0,16.67,50.0,66.67,0.135,0.04,0.21,16.67,45.78,20.89,1,16.67,得意,C
4790,柳内敬太,6,3,33.33,0.0,33.33,66.67,0.193,0.08,0.37,0.0,21.0,45.67,0,0.0,少数参考,参考
5071,野見山拓己,4,3,0.0,33.33,66.67,100.0,0.13,0.09,0.17,66.67,45.78,54.22,1,33.33,少数参考,参考
5010,宇留田翔平,1,3,66.67,33.33,0.0,100.0,0.107,0.09,0.12,66.67,86.47,13.53,0,0.0,少数参考,参考
5010,宇留田翔平,3,6,0.0,16.67,33.33,50.0,0.178,0.14,0.24,0.0,54.51,-4.51,0,0.0,標準,C
5083,柳瀬幹太,6,4,0.0,0.0,50.0,50.0,0.095,0.06,0.14,25.0,21.0,29.0,0,0.0,少数参考,参考
4934,佐々木翔斗,1,4,75.0,0.0,25.0,100.0,0.105,0.02,0.22,75.0,86.47,13.53,0,0.0,少数参考,参考
5083,柳瀬幹太,3,3,0.0,0.0,0.0,0.0,0.157,0.14,0.19,33.33,54.51,-54.51,0,0.0,少数参考,参考
4934,佐々木翔斗,4,5,40.0,20.0,40.0,100.0,0.112,0.04,0.21,80.0,45.78,54.22,0,0.0,得意,C
3997,北村征嗣,6,3,0.0,33.33,33.33,66.67,0.2,0.13,0.26,0.0,21.0,45.67,0,0.0,少数参考,参考
5189,藤原早菜,3,3,100.0,0.0,0.0,100.0,0.253,0.14,0.4,0.0,54.51,45.49,0,0.0,少数参考,参考
4720,西澤日花里,5,4,0.0,50.0,25.0,75.0,0.172,0.15,0.21,0.0,34.22,40.78,1,25.0,少数参考,参考
4845,前田紗希,4,6,16.67,33.33,16.67,66.67,0.17,0.04,0.3,33.33,45.78,20.89,0,0.0,得意,C
5324,畑田希咲,6,3,0.0,0.0,0.0,0.0,0.23,0.16,0.34,33.33,21.0,-21.0,0,0.0,少数参考,参考
4243,西村歩,3,3,0.0,33.33,33.33,66.67,0.13,0.07,0.21,33.33,54.51,12.16,0,0.0,少数参考,参考
5281,井上遥妃,2,3,33.33,0.0,66.67,100.0,0.117,0.09,0.13,33.33,57.97,42.03,0,0.0,少数参考,参考
5019,柴田百恵,1,3,100.0,0.0,0.0,100.0,0.193,0.12,0.24,33.33,86.47,13.53,0,0.0,少数参考,参考
3579,中里優子,1,3,66.67,33.33,0.0,100.0,0.117,0.07,0.19,33.33,86.47,13.53,0,0.0,少数参考,参考
4525,真子奈津実,5,5,0.0,40.0,20.0,60.0,0.144,0.08,0.22,40.0,34.22,25.78,2,40.0,得意,C
4773,中川りな,4,4,0.0,25.0,50.0,75.0,0.165,0.14,0.22,25.0,45.78,29.22,0,0.0,少数参考,参考
4372,原田佑実,6,3,0.0,33.33,33.33,66.67,0.2,0.16,0.26,33.33,21.0,45.67,1,33.33,少数参考,参考
5281,井上遥妃,4,4,0.0,25.0,25.0,50.0,0.175,0.11,0.22,25.0,45.78,4.22,0,0.0,少数参考,参考
4844,村上奈穂,1,3,33.33,0.0,0.0,33.33,0.13,0.04,0.21,33.33,86.47,-53.14,0,0.0,少数参考,参考
5250,嶋田有里,3,11,0.0,27.27,36.36,63.64,0.128,0.02,0.27,27.27,54.51,9.13,0,0.0,得意,B
4984,森下愛梨,1,3,100.0,0.0,0.0,100.0,0.11,0.02,0.18,66.67,86.47,13.53,0,0.0,少数参考,参考
5189,藤原早菜,2,3,33.33,66.67,0.0,100.0,0.147,0.13,0.16,0.0,57.97,42.03,0,0.0,少数参考,参考
4773,中川りな,1,7,57.14,28.57,14.29,100.0,0.166,0.12,0.26,14.29,86.47,13.53,0,0.0,得意,C
4372,原田佑実,5,5,0.0,20.0,20.0,40.0,0.188,0.15,0.26,0.0,34.22,5.78,0,0.0,やや得意,C
4243,西村歩,1,5,40.0,60.0,0.0,100.0,0.138,0.05,0.25,40.0,86.47,13.53,0,0.0,得意,C
4845,前田紗希,2,5,20.0,20.0,40.0,80.0,0.168,0.1,0.22,20.0,57.97,22.03,0,0.0,得意,C
4773,中川りな,3,6,33.33,0.0,33.33,66.67,0.142,0.08,0.19,50.0,54.51,12.16,0,0.0,得意,C
5250,嶋田有里,5,6,0.0,50.0,0.0,50.0,0.143,0.1,0.22,33.33,34.22,15.78,0,0.0,得意,C
4243,西村歩,5,3,0.0,0.0,33.33,33.33,0.177,0.07,0.3,0.0,34.22,-0.89,1,33.33,少数参考,参考
4372,原田佑実,1,6,83.33,0.0,16.67,100.0,0.17,0.11,0.28,66.67,86.47,13.53,0,0.0,得意,C
4011,堀之内紀代子,2,5,20.0,60.0,20.0,100.0,0.182,0.05,0.33,20.0,57.97,42.03,0,0.0,得意,C
4845,前田紗希,1,6,66.67,33.33,0.0,100.0,0.19,0.13,0.22,33.33,86.47,13.53,0,0.0,得意,C
5189,藤原早菜,4,3,0.0,0.0,0.0,0.0,0.247,0.18,0.34,0.0,45.78,-45.78,0,0.0,少数参考,参考
4964,土屋南,1,3,66.67,33.33,0.0,100.0,0.253,0.17,0.3,33.33,86.47,13.53,0,0.0,少数参考,参考
4773,中川りな,2,5,20.0,0.0,60.0,80.0,0.226,0.16,0.35,0.0,57.97,22.03,0,0.0,得意,C
4372,原田佑実,2,5,0.0,40.0,40.0,80.0,0.172,0.05,0.3,20.0,57.97,22.03,0,0.0,得意,C
5281,井上遥妃,1,4,50.0,0.0,0.0,50.0,0.143,0.06,0.2,25.0,86.47,-36.47,0,0.0,少数参考,参考
5189,藤原早菜,1,3,33.33,0.0,66.67,100.0,0.243,0.22,0.28,0.0,86.47,13.53,0,0.0,少数参考,参考
5241,門田栞,2,4,25.0,50.0,0.0,75.0,0.2,0.12,0.26,0.0,57.97,17.03,0,0.0,少数参考,参考
3579,中里優子,6,4,0.0,25.0,25.0,50.0,0.205,0.11,0.26,50.0,21.0,29.0,0,0.0,少数参考,参考
4011,堀之内紀代子,4,3,0.0,0.0,100.0,100.0,0.13,0.06,0.17,66.67,45.78,54.22,1,33.33,少数参考,参考
5281,井上遥妃,3,3,33.33,33.33,0.0,66.67,0.133,0.08,0.18,33.33,54.51,12.16,0,0.0,少数参考,参考
5241,門田栞,3,4,50.0,25.0,25.0,100.0,0.122,0.05,0.2,50.0,54.51,45.49,0,0.0,少数参考,参考
4984,森下愛梨,3,3,33.33,0.0,0.0,33.33,0.197,0.17,0.21,0.0,54.51,-21.18,0,0.0,少数参考,参考
4372,原田佑実,4,3,33.33,0.0,66.67,100.0,0.18,0.15,0.2,33.33,45.78,54.22,0,0.0,少数参考,参考
4372,原田佑実,3,4,25.0,25.0,50.0,100.0,0.163,0.07,0.25,25.0,54.51,45.49,0,0.0,少数参考,参考
5265,大廣咲季,4,5,0.0,20.0,20.0,40.0,0.142,0.11,0.21,0.0,45.78,-5.78,1,20.0,標準,C
4984,森下愛梨,4,3,0.0,33.33,66.67,100.0,0.22,0.16,0.27,0.0,45.78,54.22,1,33.33,少数参考,参考
5250,嶋田有里,4,10,10.0,10.0,10.0,30.0,0.162,0.01,0.32,30.0,45.78,-15.78,1,10.0,苦手,B
5223,森清友翔,2,3,0.0,33.33,33.33,66.67,0.153,0.14,0.18,0.0,57.97,8.7,0,0.0,少数参考,参考
5274,城間盛渚,3,3,0.0,33.33,0.0,33.33,0.16,0.14,0.17,0.0,54.51,-21.18,0,0.0,少数参考,参考
5276,大島隆乃介,3,3,0.0,0.0,66.67,66.67,0.187,0.14,0.26,33.33,54.51,12.16,0,0.0,少数参考,参考
4837,酒井陽祐,2,4,25.0,0.0,25.0,50.0,0.075,0.04,0.1,50.0,57.97,-7.97,0,0.0,少数参考,参考
5009,大賀龍之介,2,5,0.0,20.0,60.0,80.0,0.14,0.05,0.23,20.0,57.97,22.03,0,0.0,得意,C
4872,山下流心,4,3,0.0,33.33,33.33,66.67,0.12,0.09,0.14,0.0,45.78,20.89,0,0.0,少数参考,参考
5137,川原涼,4,5,20.0,20.0,20.0,60.0,0.1,0.02,0.17,60.0,45.78,14.22,0,0.0,得意,C
4873,蒲原健太,2,7,14.29,42.86,28.57,85.71,0.156,0.09,0.25,28.57,57.97,27.74,0,0.0,得意,C
4700,金子和之,6,3,33.33,0.0,33.33,66.67,0.16,0.12,0.2,0.0,21.0,45.67,0,0.0,少数参考,参考
4837,酒井陽祐,3,4,25.0,0.0,50.0,75.0,0.1,0.04,0.13,25.0,54.51,20.49,0,0.0,少数参考,参考
4771,下寺秀和,1,4,100.0,0.0,0.0,100.0,0.12,0.04,0.23,25.0,86.47,13.53,0,0.0,少数参考,参考
4812,西野雄貴,1,6,100.0,0.0,0.0,100.0,0.123,0.04,0.19,50.0,86.47,13.53,0,0.0,得意,C
5237,永松良教,3,3,33.33,0.0,0.0,33.33,0.103,0.08,0.14,0.0,54.51,-21.18,0,0.0,少数参考,参考
5137,川原涼,5,4,25.0,0.0,0.0,25.0,0.133,0.06,0.2,50.0,34.22,-9.22,1,25.0,少数参考,参考
4873,蒲原健太,3,6,0.0,16.67,50.0,66.67,0.197,0.11,0.3,16.67,54.51,12.16,0,0.0,得意,C
4644,山田亮太,1,5,40.0,20.0,40.0,100.0,0.158,0.09,0.24,20.0,86.47,13.53,0,0.0,得意,C
4873,蒲原健太,1,5,80.0,0.0,20.0,100.0,0.178,0.11,0.29,20.0,86.47,13.53,0,0.0,得意,C
5137,川原涼,3,4,25.0,50.0,25.0,100.0,0.145,0.09,0.22,0.0,54.51,45.49,0,0.0,少数参考,参考
4006,小野勇作,3,6,0.0,16.67,50.0,66.67,0.153,0.08,0.24,0.0,54.51,12.16,0,0.0,得意,C
3568,木村光宏,4,3,33.33,0.0,33.33,66.67,0.1,0.05,0.13,0.0,45.78,20.89,0,0.0,少数参考,参考
4883,岡部大輝,6,3,0.0,0.0,33.33,33.33,0.117,0.09,0.16,0.0,21.0,12.33,0,0.0,少数参考,参考
4883,岡部大輝,2,3,0.0,33.33,33.33,66.67,0.153,0.12,0.21,0.0,57.97,8.7,0,0.0,少数参考,参考
3715,倉尾大介,4,3,33.33,0.0,0.0,33.33,0.123,0.05,0.22,0.0,45.78,-12.45,0,0.0,少数参考,参考
4925,森悠稀,4,6,16.67,0.0,33.33,50.0,0.118,0.05,0.21,33.33,45.78,4.22,0,0.0,やや得意,C
4666,日笠勝弘,1,4,75.0,0.0,25.0,100.0,0.107,0.07,0.16,75.0,86.47,13.53,0,0.0,少数参考,参考
3952,中澤和志,6,4,25.0,0.0,50.0,75.0,0.138,0.08,0.19,0.0,21.0,54.0,0,0.0,少数参考,参考
4535,北山康介,3,3,0.0,66.67,33.33,100.0,0.117,0.04,0.17,33.33,54.51,45.49,0,0.0,少数参考,参考
4883,岡部大輝,4,4,25.0,0.0,25.0,50.0,0.105,0.06,0.18,25.0,45.78,4.22,0,0.0,少数参考,参考
4294,古賀繁輝,5,4,0.0,0.0,50.0,50.0,0.165,0.11,0.23,25.0,34.22,15.78,1,25.0,少数参考,参考
4883,岡部大輝,3,3,0.0,33.33,0.0,33.33,0.093,0.03,0.13,66.67,54.51,-21.18,0,0.0,少数参考,参考
4535,北山康介,1,8,87.5,12.5,0.0,100.0,0.144,0.08,0.19,12.5,86.47,13.53,0,0.0,得意,C
3568,木村光宏,5,4,0.0,25.0,25.0,50.0,0.18,0.12,0.28,0.0,34.22,15.78,2,50.0,少数参考,参考
4214,林祐介,4,4,25.0,0.0,75.0,100.0,0.143,0.1,0.17,50.0,45.78,54.22,0,0.0,少数参考,参考
4155,長野壮志郎,6,4,0.0,25.0,25.0,50.0,0.175,0.15,0.2,0.0,21.0,29.0,1,25.0,少数参考,参考
3710,吉永泰弘,1,3,33.33,66.67,0.0,100.0,0.08,0.05,0.12,66.67,86.47,13.53,0,0.0,少数参考,参考
3989,熊本英一,2,9,11.11,55.56,22.22,88.89,0.173,0.09,0.24,11.11,57.97,30.92,0,0.0,得意,C
3576,白水勝也,4,6,0.0,50.0,0.0,50.0,0.163,0.08,0.36,0.0,45.78,4.22,1,16.67,やや得意,C
5049,松井友汰,4,3,33.33,0.0,66.67,100.0,0.167,0.11,0.21,0.0,45.78,54.22,0,0.0,少数参考,参考
4155,長野壮志郎,3,4,25.0,25.0,25.0,75.0,0.188,0.14,0.24,25.0,54.51,20.49,1,25.0,少数参考,参考
4826,井上一輝,6,3,0.0,33.33,33.33,66.67,0.1,0.05,0.13,66.67,21.0,45.67,0,0.0,少数参考,参考
3710,吉永泰弘,2,4,0.0,50.0,0.0,50.0,0.135,0.13,0.15,25.0,57.97,-7.97,0,0.0,少数参考,参考
3576,白水勝也,3,4,0.0,25.0,50.0,75.0,0.19,0.14,0.24,0.0,54.51,20.49,0,0.0,少数参考,参考
3982,福田理,3,6,0.0,50.0,33.33,83.33,0.145,0.09,0.21,16.67,54.51,28.82,1,16.67,得意,C
5049,松井友汰,3,3,33.33,33.33,0.0,66.67,0.217,0.19,0.23,0.0,54.51,12.16,1,33.33,少数参考,参考
5028,原田才一郎,3,6,16.67,16.67,50.0,83.33,0.167,0.07,0.29,0.0,54.51,28.82,1,16.67,得意,C
4155,長野壮志郎,4,5,40.0,20.0,40.0,100.0,0.146,0.14,0.16,40.0,45.78,54.22,1,20.0,得意,C
5049,松井友汰,6,3,0.0,33.33,0.0,33.33,0.117,0.09,0.14,0.0,21.0,12.33,1,33.33,少数参考,参考
5028,原田才一郎,4,4,0.0,50.0,50.0,100.0,0.102,0.03,0.15,50.0,45.78,54.22,1,25.0,少数参考,参考
4155,長野壮志郎,1,10,90.0,10.0,0.0,100.0,0.131,0.04,0.21,50.0,86.47,13.53,0,0.0,得意,B
5049,松井友汰,1,3,66.67,33.33,0.0,100.0,0.157,0.04,0.31,0.0,86.47,13.53,0,0.0,少数参考,参考
5338,香月大輝,6,3,0.0,0.0,33.33,33.33,0.143,0.1,0.17,33.33,21.0,12.33,2,66.67,少数参考,参考
5028,原田才一郎,1,4,100.0,0.0,0.0,100.0,0.042,0.0,0.08,75.0,86.47,13.53,0,0.0,少数参考,参考
5261,岡暢祐,2,9,11.11,11.11,44.44,66.67,0.102,0.01,0.14,33.33,57.97,8.7,0,0.0,得意,C
3710,吉永泰弘,6,3,0.0,33.33,66.67,100.0,0.133,0.05,0.24,0.0,21.0,79.0,0,0.0,少数参考,参考
3982,福田理,1,3,33.33,33.33,0.0,66.67,0.08,0.02,0.11,66.67,86.47,-19.8,0,0.0,少数参考,参考
5049,松井友汰,2,3,0.0,66.67,33.33,100.0,0.2,0.18,0.24,0.0,57.97,42.03,0,0.0,少数参考,参考
3710,吉永泰弘,4,4,0.0,25.0,25.0,50.0,0.13,0.09,0.16,0.0,45.78,4.22,0,0.0,少数参考,参考
3748,小黒竜吾,5,3,0.0,0.0,66.67,66.67,0.117,0.11,0.12,0.0,34.22,32.45,0,0.0,少数参考,参考
3961,谷村一哉,3,6,0.0,33.33,50.0,83.33,0.138,0.06,0.24,16.67,54.51,28.82,0,0.0,得意,C
4409,坂元浩仁,2,6,33.33,33.33,0.0,66.67,0.123,0.01,0.18,16.67,57.97,8.7,0,0.0,得意,C
4626,伊藤紘章,3,4,50.0,0.0,50.0,100.0,0.177,0.12,0.21,25.0,54.51,45.49,1,25.0,少数参考,参考
4409,坂元浩仁,1,6,100.0,0.0,0.0,100.0,0.172,0.14,0.22,16.67,86.47,13.53,0,0.0,得意,C
4467,渡邉俊介,2,3,0.0,0.0,100.0,100.0,0.107,0.07,0.15,100.0,57.97,42.03,0,0.0,少数参考,参考
4409,坂元浩仁,4,3,0.0,33.33,33.33,66.67,0.1,0.09,0.11,66.67,45.78,20.89,1,33.33,少数参考,参考
4409,坂元浩仁,5,3,0.0,33.33,33.33,66.67,0.213,0.18,0.27,0.0,34.22,32.45,0,0.0,少数参考,参考
5146,野田彩加,2,3,0.0,66.67,33.33,100.0,0.11,0.07,0.14,0.0,57.97,42.03,0,0.0,少数参考,参考
5249,三木晴斗,6,3,0.0,0.0,66.67,66.67,0.103,0.06,0.14,66.67,21.0,45.67,1,33.33,少数参考,参考
3874,山本寛久,6,6,16.67,0.0,50.0,66.67,0.16,0.09,0.22,16.67,21.0,45.67,1,16.67,得意,C
4095,福来剛,5,4,25.0,25.0,25.0,75.0,0.175,0.04,0.28,25.0,34.22,40.78,1,25.0,少数参考,参考
4851,関浩哉,4,3,33.33,33.33,0.0,66.67,0.163,0.12,0.25,0.0,45.78,20.89,1,33.33,少数参考,参考
4095,福来剛,4,6,0.0,16.67,83.33,100.0,0.173,0.08,0.34,50.0,45.78,54.22,1,16.67,得意,C
4095,福来剛,2,4,0.0,50.0,25.0,75.0,0.128,0.09,0.16,50.0,57.97,17.03,0,0.0,少数参考,参考
4502,遠藤エミ,3,3,0.0,33.33,33.33,66.67,0.117,0.09,0.14,33.33,54.51,12.16,0,0.0,少数参考,参考
4095,福来剛,3,3,0.0,66.67,33.33,100.0,0.16,0.13,0.22,33.33,54.51,45.49,0,0.0,少数参考,参考
3783,瓜生正義,6,3,0.0,0.0,0.0,0.0,0.133,0.1,0.17,33.33,21.0,-21.0,0,0.0,少数参考,参考
4095,福来剛,1,7,100.0,0.0,0.0,100.0,0.086,0.04,0.21,71.43,86.47,13.53,0,0.0,得意,C
5257,西丸侑太朗,3,3,66.67,0.0,0.0,66.67,0.14,0.04,0.24,33.33,54.51,12.16,0,0.0,少数参考,参考
3859,多羅尾達之,5,3,0.0,0.0,33.33,33.33,0.15,0.11,0.21,33.33,34.22,-0.89,0,0.0,少数参考,参考
4785,木幡純也,3,4,50.0,0.0,50.0,100.0,0.215,0.18,0.28,25.0,54.51,45.49,1,25.0,少数参考,参考
5294,豊田祥生,2,3,33.33,33.33,0.0,66.67,0.167,0.13,0.21,0.0,57.97,8.7,0,0.0,少数参考,参考
3581,加木郁,2,5,0.0,60.0,0.0,60.0,0.194,0.07,0.32,20.0,57.97,2.03,1,20.0,標準,C
5270,小玉啓太,3,6,50.0,16.67,33.33,100.0,0.112,0.07,0.17,66.67,54.51,45.49,0,0.0,得意,C
4409,坂元浩仁,3,4,25.0,50.0,0.0,75.0,0.13,0.04,0.21,50.0,54.51,20.49,0,0.0,少数参考,参考
4942,柴田朋哉,4,5,40.0,0.0,40.0,80.0,0.128,0.04,0.27,40.0,45.78,34.22,1,20.0,得意,C
3224,栗山繁洋,5,3,0.0,33.33,0.0,33.33,0.113,0.05,0.19,0.0,34.22,-0.89,0,0.0,少数参考,参考
3519,冨田秀幸,4,4,0.0,25.0,25.0,50.0,0.085,0.04,0.13,0.0,45.78,4.22,1,25.0,少数参考,参考
3948,大町利克,6,3,0.0,0.0,66.67,66.67,0.28,0.24,0.32,0.0,21.0,45.67,2,66.67,少数参考,参考
3948,大町利克,2,4,25.0,25.0,50.0,100.0,0.173,0.14,0.19,0.0,57.97,42.03,0,0.0,少数参考,参考
5026,安河内健,4,10,10.0,60.0,30.0,100.0,0.126,0.06,0.28,30.0,45.78,54.22,2,20.0,得意,B
5252,荒木颯斗,1,3,66.67,33.33,0.0,100.0,0.13,0.1,0.15,66.67,86.47,13.53,0,0.0,少数参考,参考
4803,飯田庄吾,4,3,0.0,0.0,0.0,0.0,0.177,0.15,0.2,0.0,45.78,-45.78,0,0.0,少数参考,参考
4518,大須賀友,6,3,0.0,0.0,33.33,33.33,0.117,0.01,0.22,66.67,21.0,12.33,0,0.0,少数参考,参考
5083,柳瀬幹太,2,3,66.67,0.0,33.33,100.0,0.103,0.08,0.12,66.67,57.97,42.03,0,0.0,少数参考,参考
4942,柴田朋哉,2,3,0.0,33.33,66.67,100.0,0.197,0.15,0.22,33.33,57.97,42.03,0,0.0,少数参考,参考
5335,森陽多,4,6,0.0,16.67,33.33,50.0,0.197,0.02,0.27,33.33,45.78,4.22,0,0.0,やや得意,C
4791,黒澤めぐみ,2,4,0.0,50.0,50.0,100.0,0.147,0.11,0.22,0.0,57.97,42.03,0,0.0,少数参考,参考
3528,笠野友紀恵,2,4,25.0,0.0,50.0,75.0,0.155,0.09,0.23,25.0,57.97,17.03,0,0.0,少数参考,参考
5326,三嶌さらら,4,3,0.0,0.0,0.0,0.0,0.18,0.15,0.2,0.0,45.78,-45.78,0,0.0,少数参考,参考
4349,犬童千秋,3,3,0.0,33.33,66.67,100.0,0.143,0.11,0.21,33.33,54.51,45.49,0,0.0,少数参考,参考
3357,福島陽子,5,3,0.0,66.67,0.0,66.67,0.203,0.17,0.27,0.0,34.22,32.45,1,33.33,少数参考,参考
4791,黒澤めぐみ,4,3,0.0,66.67,33.33,100.0,0.167,0.05,0.24,33.33,45.78,54.22,0,0.0,少数参考,参考
4349,犬童千秋,1,4,50.0,25.0,0.0,75.0,0.147,0.12,0.2,25.0,86.47,-11.47,0,0.0,少数参考,参考
4804,高田ひかる,2,4,25.0,25.0,50.0,100.0,0.19,0.13,0.32,0.0,57.97,42.03,0,0.0,少数参考,参考
3528,笠野友紀恵,4,5,20.0,0.0,40.0,60.0,0.18,0.11,0.29,0.0,45.78,14.22,0,0.0,得意,C
5151,山下奈緒,3,4,0.0,25.0,25.0,50.0,0.138,0.08,0.2,0.0,54.51,-4.51,0,0.0,少数参考,参考
3528,笠野友紀恵,3,3,0.0,66.67,0.0,66.67,0.22,0.16,0.27,0.0,54.51,12.16,0,0.0,少数参考,参考
4349,犬童千秋,5,3,0.0,0.0,33.33,33.33,0.16,0.14,0.17,33.33,34.22,-0.89,0,0.0,少数参考,参考
3535,渡修平,2,4,0.0,25.0,75.0,100.0,0.19,0.14,0.22,0.0,57.97,42.03,0,0.0,少数参考,参考
4864,小川日紀太,3,3,0.0,33.33,33.33,66.67,0.09,0.03,0.13,66.67,54.51,12.16,0,0.0,少数参考,参考
3769,佐竹恒彦,4,6,0.0,0.0,33.33,33.33,0.163,0.06,0.24,33.33,45.78,-12.45,2,33.33,苦手,C
5186,遠藤圭吾,1,3,100.0,0.0,0.0,100.0,0.11,0.08,0.13,100.0,86.47,13.53,0,0.0,少数参考,参考
5120,山本稔太朗,1,3,66.67,33.33,0.0,100.0,0.09,0.07,0.12,66.67,86.47,13.53,0,0.0,少数参考,参考
5280,廣瀬凜,6,4,0.0,25.0,25.0,50.0,0.23,0.12,0.34,0.0,21.0,29.0,1,25.0,少数参考,参考
3535,渡修平,4,5,20.0,20.0,0.0,40.0,0.202,0.14,0.31,0.0,45.78,-5.78,1,20.0,標準,C
5186,遠藤圭吾,2,4,25.0,50.0,0.0,75.0,0.14,0.12,0.16,0.0,57.97,17.03,0,0.0,少数参考,参考
3769,佐竹恒彦,2,4,25.0,75.0,0.0,100.0,0.21,0.12,0.32,0.0,57.97,42.03,0,0.0,少数参考,参考
4543,重木輝彦,1,5,60.0,20.0,0.0,80.0,0.132,0.07,0.23,40.0,86.47,-6.47,0,0.0,得意,C
4873,蒲原健太,4,3,0.0,33.33,66.67,100.0,0.187,0.11,0.23,0.0,45.78,54.22,0,0.0,少数参考,参考
4543,重木輝彦,4,3,0.0,0.0,33.33,33.33,0.183,0.11,0.23,0.0,45.78,-12.45,1,33.33,少数参考,参考
4215,吉島祥之,6,4,0.0,25.0,25.0,50.0,0.185,0.08,0.26,25.0,21.0,29.0,0,0.0,少数参考,参考
3535,渡修平,1,4,0.0,50.0,0.0,50.0,0.14,0.06,0.19,50.0,86.47,-36.47,0,0.0,少数参考,参考
4543,重木輝彦,3,3,0.0,33.33,66.67,100.0,0.16,0.11,0.21,0.0,54.51,45.49,0,0.0,少数参考,参考
3769,佐竹恒彦,3,3,0.0,66.67,0.0,66.67,0.127,0.07,0.23,33.33,54.51,12.16,0,0.0,少数参考,参考
3535,渡修平,3,3,0.0,33.33,33.33,66.67,0.167,0.04,0.33,66.67,54.51,12.16,0,0.0,少数参考,参考
5224,西岡顕心,2,4,25.0,75.0,0.0,100.0,0.193,0.17,0.21,0.0,57.97,42.03,0,0.0,少数参考,参考
5337,出畑孝成,5,6,16.67,0.0,33.33,50.0,0.117,0.03,0.22,33.33,34.22,15.78,1,16.67,得意,C
5068,前田滉,4,6,0.0,50.0,16.67,66.67,0.165,0.1,0.23,0.0,45.78,20.89,1,16.67,得意,C
5348,小林甘寧,6,6,0.0,33.33,16.67,50.0,0.147,0.07,0.26,33.33,21.0,29.0,4,66.67,得意,C
5068,前田滉,2,5,40.0,0.0,20.0,60.0,0.136,0.07,0.2,20.0,57.97,2.03,0,0.0,標準,C
3392,小森信雄,2,4,0.0,0.0,25.0,25.0,0.148,0.06,0.23,0.0,57.97,-32.97,0,0.0,少数参考,参考
5224,西岡顕心,3,3,33.33,33.33,33.33,100.0,0.127,0.08,0.19,0.0,54.51,45.49,0,0.0,少数参考,参考
5068,前田滉,3,4,0.0,75.0,25.0,100.0,0.09,0.03,0.15,50.0,54.51,45.49,0,0.0,少数参考,参考
5068,前田滉,1,5,100.0,0.0,0.0,100.0,0.102,0.04,0.17,40.0,86.47,13.53,0,0.0,得意,C
5224,西岡顕心,6,3,0.0,33.33,33.33,66.67,0.16,0.14,0.19,33.33,21.0,45.67,0,0.0,少数参考,参考
5110,杉山喜一,4,4,0.0,25.0,50.0,75.0,0.165,0.12,0.26,50.0,45.78,29.22,1,25.0,少数参考,参考
3528,笠野友紀恵,1,3,33.33,33.33,0.0,66.67,0.243,0.21,0.31,0.0,86.47,-19.8,0,0.0,少数参考,参考
4791,黒澤めぐみ,6,4,0.0,0.0,50.0,50.0,0.185,0.14,0.22,0.0,21.0,29.0,0,0.0,少数参考,参考
4804,高田ひかる,3,3,33.33,33.33,0.0,66.67,0.173,0.12,0.27,33.33,54.51,12.16,0,0.0,少数参考,参考
5153,佐藤ほのか,1,3,66.67,0.0,33.33,100.0,0.153,0.11,0.18,66.67,86.47,13.53,0,0.0,少数参考,参考
4845,前田紗希,3,3,33.33,33.33,0.0,66.67,0.07,0.04,0.11,100.0,54.51,12.16,0,0.0,少数参考,参考
4791,黒澤めぐみ,3,6,33.33,33.33,16.67,83.33,0.112,0.07,0.16,16.67,54.51,28.82,0,0.0,得意,C
4804,高田ひかる,1,3,33.33,33.33,33.33,100.0,0.167,0.1,0.24,0.0,86.47,13.53,0,0.0,少数参考,参考
4349,犬童千秋,4,6,33.33,33.33,16.67,83.33,0.083,0.02,0.11,66.67,45.78,37.55,0,0.0,得意,C
5153,佐藤ほのか,2,4,0.0,25.0,50.0,75.0,0.208,0.13,0.28,25.0,57.97,17.03,0,0.0,少数参考,参考
4791,黒澤めぐみ,1,6,66.67,16.67,16.67,100.0,0.088,0.02,0.16,83.33,86.47,13.53,0,0.0,得意,C
4525,真子奈津実,2,3,0.0,66.67,0.0,66.67,0.11,0.08,0.13,33.33,57.97,8.7,0,0.0,少数参考,参考
4791,黒澤めぐみ,5,6,0.0,33.33,50.0,83.33,0.172,0.07,0.27,33.33,34.22,49.11,0,0.0,得意,C
5319,近藤颯斗,6,5,0.0,20.0,20.0,40.0,0.172,0.08,0.25,40.0,21.0,19.0,1,20.0,得意,C
4880,澤崎雄哉,5,4,0.0,0.0,75.0,75.0,0.185,0.15,0.23,0.0,34.22,40.78,2,50.0,少数参考,参考
4803,飯田庄吾,3,5,0.0,40.0,0.0,40.0,0.172,0.11,0.24,0.0,54.51,-14.51,1,20.0,苦手,C
3572,安田政彦,1,3,100.0,0.0,0.0,100.0,0.177,0.14,0.21,0.0,86.47,13.53,0,0.0,少数参考,参考
5250,嶋田有里,2,6,33.33,33.33,0.0,66.67,0.207,0.07,0.33,16.67,57.97,8.7,0,0.0,得意,C
5203,神里琴音,2,5,0.0,40.0,40.0,80.0,0.162,0.11,0.21,20.0,57.97,22.03,0,0.0,得意,C
4779,伊倉光,2,3,0.0,33.33,66.67,100.0,0.177,0.13,0.22,0.0,57.97,42.03,0,0.0,少数参考,参考
4264,長尾章平,5,3,0.0,66.67,0.0,66.67,0.15,0.08,0.19,0.0,34.22,32.45,1,33.33,少数参考,参考
3572,安田政彦,3,4,50.0,0.0,25.0,75.0,0.21,0.17,0.26,25.0,54.51,20.49,0,0.0,少数参考,参考
3572,安田政彦,5,4,0.0,25.0,25.0,50.0,0.207,0.12,0.29,0.0,34.22,15.78,2,50.0,少数参考,参考
4619,伏田裕隆,3,3,33.33,33.33,0.0,66.67,0.163,0.11,0.19,0.0,54.51,12.16,0,0.0,少数参考,参考
5143,常盤海心,5,3,0.0,33.33,33.33,66.67,0.217,0.16,0.28,0.0,34.22,32.45,0,0.0,少数参考,参考
5250,嶋田有里,1,6,50.0,16.67,0.0,66.67,0.187,0.12,0.26,16.67,86.47,-19.8,0,0.0,苦手,C
4537,渡邉和将,1,3,100.0,0.0,0.0,100.0,0.13,0.09,0.16,33.33,86.47,13.53,0,0.0,少数参考,参考
5034,若林義人,1,5,80.0,0.0,20.0,100.0,0.142,0.11,0.2,60.0,86.47,13.53,0,0.0,得意,C
4025,山本隆幸,1,3,100.0,0.0,0.0,100.0,0.14,0.11,0.16,33.33,86.47,13.53,0,0.0,少数参考,参考
4754,松尾充,1,3,100.0,0.0,0.0,100.0,0.12,0.06,0.18,33.33,86.47,13.53,0,0.0,少数参考,参考
4478,櫻本あゆみ,5,3,0.0,33.33,0.0,33.33,0.19,0.13,0.27,0.0,34.22,-0.89,0,0.0,少数参考,参考
4938,小芦るり華,3,4,50.0,25.0,25.0,100.0,0.175,0.09,0.22,50.0,54.51,45.49,0,0.0,少数参考,参考
5193,米丸乃絵,1,6,100.0,0.0,0.0,100.0,0.148,0.1,0.25,0.0,86.47,13.53,0,0.0,得意,C
5296,永田楽,5,4,25.0,0.0,0.0,25.0,0.147,0.06,0.24,50.0,34.22,-9.22,1,25.0,少数参考,参考
5296,永田楽,2,4,25.0,50.0,0.0,75.0,0.21,0.08,0.29,0.0,57.97,17.03,0,0.0,少数参考,参考
5257,西丸侑太朗,1,3,66.67,0.0,33.33,100.0,0.14,0.11,0.19,66.67,86.47,13.53,0,0.0,少数参考,参考
4764,小池礼乃,1,5,40.0,40.0,20.0,100.0,0.182,0.11,0.25,60.0,86.47,13.53,0,0.0,得意,C
5188,武井莉里佳,6,3,0.0,33.33,33.33,66.67,0.133,0.11,0.18,0.0,21.0,45.67,0,0.0,少数参考,参考
5188,武井莉里佳,1,3,66.67,0.0,33.33,100.0,0.17,0.13,0.19,0.0,86.47,13.53,0,0.0,少数参考,参考
4261,岡祐臣,5,3,33.33,0.0,33.33,66.67,0.16,0.1,0.22,33.33,34.22,32.45,1,33.33,少数参考,参考
5224,西岡顕心,1,3,66.67,33.33,0.0,100.0,0.107,0.06,0.14,66.67,86.47,13.53,0,0.0,少数参考,参考
4794,和田拓也,2,3,33.33,0.0,66.67,100.0,0.14,0.12,0.17,0.0,57.97,42.03,0,0.0,少数参考,参考
3319,山崎義明,3,4,0.0,50.0,25.0,75.0,0.135,0.1,0.21,50.0,54.51,20.49,0,0.0,少数参考,参考
5387,戸田海咲音,6,4,0.0,0.0,25.0,25.0,0.102,0.03,0.22,50.0,21.0,4.0,1,25.0,少数参考,参考
4007,榮田将彦,5,3,33.33,33.33,33.33,100.0,0.103,0.03,0.22,66.67,34.22,65.78,0,0.0,少数参考,参考
3788,一宮稔弘,6,3,0.0,33.33,33.33,66.67,0.14,0.1,0.2,33.33,21.0,45.67,1,33.33,少数参考,参考
3251,平石和男,6,4,0.0,50.0,0.0,50.0,0.13,0.06,0.16,0.0,21.0,29.0,0,0.0,少数参考,参考
4535,北山康介,5,3,33.33,0.0,33.33,66.67,0.133,0.11,0.16,33.33,34.22,32.45,0,0.0,少数参考,参考
3974,深山祐二,2,3,0.0,33.33,33.33,66.67,0.12,0.11,0.14,66.67,57.97,8.7,0,0.0,少数参考,参考
4797,中山将,2,3,66.67,33.33,0.0,100.0,0.103,0.08,0.12,33.33,57.97,42.03,0,0.0,少数参考,参考
4776,竹田和哉,2,4,0.0,50.0,25.0,75.0,0.205,0.16,0.24,0.0,57.97,17.03,0,0.0,少数参考,参考
4797,中山将,5,3,0.0,33.33,66.67,100.0,0.143,0.11,0.18,33.33,34.22,65.78,0,0.0,少数参考,参考
4797,中山将,4,3,0.0,33.33,33.33,66.67,0.133,0.04,0.27,33.33,45.78,20.89,0,0.0,少数参考,参考
5317,長尾萌加,3,4,25.0,50.0,25.0,100.0,0.143,0.04,0.23,0.0,54.51,45.49,0,0.0,少数参考,参考
4797,中山将,1,3,66.67,0.0,33.33,100.0,0.153,0.13,0.18,33.33,86.47,13.53,0,0.0,少数参考,参考
5317,長尾萌加,4,3,33.33,0.0,0.0,33.33,0.197,0.12,0.26,33.33,45.78,-12.45,0,0.0,少数参考,参考
4977,馬野耀,6,5,20.0,20.0,40.0,80.0,0.094,0.01,0.17,20.0,21.0,59.0,1,20.0,得意,C
4926,吉川貴仁,1,3,100.0,0.0,0.0,100.0,0.087,0.06,0.11,66.67,86.47,13.53,0,0.0,少数参考,参考
3710,吉永泰弘,5,3,0.0,33.33,33.33,66.67,0.2,0.16,0.25,0.0,34.22,32.45,0,0.0,少数参考,参考
4981,牧山敦也,3,4,25.0,50.0,0.0,75.0,0.1,0.04,0.18,25.0,54.51,20.49,0,0.0,少数参考,参考
5136,濱野斗馬,5,3,0.0,33.33,0.0,33.33,0.123,0.07,0.15,0.0,34.22,-0.89,0,0.0,少数参考,参考
4215,吉島祥之,4,3,0.0,0.0,66.67,66.67,0.193,0.13,0.31,66.67,45.78,20.89,0,0.0,少数参考,参考
3576,白水勝也,6,3,0.0,33.33,33.33,66.67,0.2,0.19,0.21,0.0,21.0,45.67,0,0.0,少数参考,参考
5374,木山大聖,6,3,0.0,0.0,33.33,33.33,0.14,0.02,0.28,0.0,21.0,12.33,2,66.67,少数参考,参考
4982,中村将隆,3,3,33.33,33.33,33.33,100.0,0.17,0.1,0.27,66.67,54.51,45.49,0,0.0,少数参考,参考
4305,金子拓矢,5,3,0.0,66.67,33.33,100.0,0.09,0.01,0.14,33.33,34.22,65.78,1,33.33,少数参考,参考
5352,西岡蒼志,5,3,0.0,0.0,0.0,0.0,0.143,0.12,0.19,33.33,34.22,-34.22,0,0.0,少数参考,参考
5374,木山大聖,5,3,0.0,66.67,33.33,100.0,0.05,0.04,0.06,33.33,34.22,65.78,0,0.0,少数参考,参考
4944,田代達也,4,3,0.0,33.33,66.67,100.0,0.103,0.09,0.11,0.0,45.78,54.22,0,0.0,少数参考,参考
5205,刑部亜里紗,4,3,0.0,33.33,66.67,100.0,0.22,0.15,0.26,0.0,45.78,54.22,0,0.0,少数参考,参考
4642,松尾夏海,1,4,100.0,0.0,0.0,100.0,0.138,0.07,0.23,50.0,86.47,13.53,0,0.0,少数参考,参考
4373,若狭奈美子,1,3,100.0,0.0,0.0,100.0,0.127,0.06,0.19,0.0,86.47,13.53,0,0.0,少数参考,参考
4900,中田夕貴,4,4,0.0,50.0,25.0,75.0,0.145,0.1,0.22,25.0,45.78,29.22,0,0.0,少数参考,参考
4764,小池礼乃,2,3,0.0,33.33,33.33,66.67,0.14,0.08,0.2,0.0,57.97,8.7,0,0.0,少数参考,参考
4764,小池礼乃,3,4,25.0,25.0,0.0,50.0,0.213,0.14,0.28,0.0,54.51,-4.51,0,0.0,少数参考,参考
4294,古賀繁輝,6,3,33.33,0.0,0.0,33.33,0.147,0.13,0.16,33.33,21.0,12.33,2,66.67,少数参考,参考
3711,江本真治,2,3,0.0,33.33,66.67,100.0,0.14,0.12,0.17,0.0,57.97,42.03,0,0.0,少数参考,参考
3711,江本真治,4,4,0.0,25.0,50.0,75.0,0.138,0.11,0.17,25.0,45.78,29.22,0,0.0,少数参考,参考
3711,江本真治,1,5,60.0,40.0,0.0,100.0,0.176,0.14,0.2,60.0,86.47,13.53,0,0.0,得意,C
5358,増本杏珠,3,3,66.67,0.0,0.0,66.67,0.117,0.05,0.18,0.0,54.51,12.16,0,0.0,少数参考,参考
3711,江本真治,6,3,0.0,0.0,33.33,33.33,0.127,0.08,0.16,0.0,21.0,12.33,1,33.33,少数参考,参考
5252,荒木颯斗,2,4,25.0,25.0,25.0,75.0,0.185,0.16,0.21,25.0,57.97,17.03,0,0.0,少数参考,参考
5007,近藤雄一郎,2,4,25.0,25.0,25.0,75.0,0.148,0.1,0.23,50.0,57.97,17.03,0,0.0,少数参考,参考
5007,近藤雄一郎,4,5,0.0,40.0,0.0,40.0,0.07,0.04,0.12,80.0,45.78,-5.78,1,20.0,標準,C
5301,岩下巧斗,2,3,33.33,0.0,66.67,100.0,0.143,0.11,0.18,66.67,57.97,42.03,0,0.0,少数参考,参考
4216,星栄爾,5,3,0.0,33.33,0.0,33.33,0.143,0.1,0.2,33.33,34.22,-0.89,0,0.0,少数参考,参考
3744,徳増秀樹,3,4,25.0,75.0,0.0,100.0,0.103,0.04,0.17,25.0,54.51,45.49,1,25.0,少数参考,参考
5261,岡暢祐,1,4,50.0,50.0,0.0,100.0,0.095,0.07,0.14,50.0,86.47,13.53,0,0.0,少数参考,参考
3744,徳増秀樹,1,4,100.0,0.0,0.0,100.0,0.138,0.13,0.15,75.0,86.47,13.53,0,0.0,少数参考,参考
4702,三浦敬太,5,3,0.0,33.33,33.33,66.67,0.103,0.05,0.13,66.67,34.22,32.45,0,0.0,少数参考,参考
4933,板橋侑我,2,3,33.33,33.33,33.33,100.0,0.127,0.1,0.17,0.0,57.97,42.03,0,0.0,少数参考,参考
4933,板橋侑我,5,4,0.0,50.0,50.0,100.0,0.135,0.09,0.22,50.0,34.22,65.78,0,0.0,少数参考,参考
5049,松井友汰,5,3,33.33,0.0,33.33,66.67,0.143,0.09,0.25,66.67,34.22,32.45,0,0.0,少数参考,参考
4933,板橋侑我,3,3,33.33,33.33,0.0,66.67,0.133,0.08,0.2,66.67,54.51,12.16,0,0.0,少数参考,参考
4856,豊田健士郎,1,4,75.0,25.0,0.0,100.0,0.122,0.11,0.14,75.0,86.47,13.53,0,0.0,少数参考,参考
4933,板橋侑我,1,4,100.0,0.0,0.0,100.0,0.13,0.09,0.16,25.0,86.47,13.53,0,0.0,少数参考,参考
4856,豊田健士郎,2,4,0.0,25.0,25.0,50.0,0.12,0.09,0.16,50.0,57.97,-7.97,0,0.0,少数参考,参考
4933,板橋侑我,6,4,0.0,25.0,25.0,50.0,0.11,0.03,0.22,50.0,21.0,29.0,0,0.0,少数参考,参考
5301,岩下巧斗,3,4,25.0,25.0,50.0,100.0,0.14,0.09,0.16,0.0,54.51,45.49,0,0.0,少数参考,参考
3897,白井英治,5,3,33.33,33.33,0.0,66.67,0.163,0.11,0.25,0.0,34.22,32.45,0,0.0,少数参考,参考
3863,海老澤泰行,3,3,33.33,0.0,33.33,66.67,0.107,0.06,0.17,66.67,54.51,12.16,1,33.33,少数参考,参考
5089,前田翔,1,5,60.0,0.0,40.0,100.0,0.108,0.07,0.17,40.0,86.47,13.53,0,0.0,得意,C
5369,岡崎凪汰,6,4,0.0,0.0,25.0,25.0,0.165,0.1,0.22,0.0,21.0,4.0,0,0.0,少数参考,参考
5089,前田翔,3,4,0.0,50.0,25.0,75.0,0.138,0.06,0.18,25.0,54.51,20.49,0,0.0,少数参考,参考
4495,森晋太郎,3,3,33.33,0.0,0.0,33.33,0.087,0.06,0.13,66.67,54.51,-21.18,0,0.0,少数参考,参考
5089,前田翔,5,3,0.0,33.33,33.33,66.67,0.2,0.11,0.26,0.0,34.22,32.45,0,0.0,少数参考,参考
4909,薮内瑞希,2,4,0.0,50.0,0.0,50.0,0.115,0.06,0.16,25.0,57.97,-7.97,0,0.0,少数参考,参考
5165,小林愛実,4,3,0.0,33.33,33.33,66.67,0.19,0.09,0.26,0.0,45.78,20.89,0,0.0,少数参考,参考
4909,薮内瑞希,3,5,40.0,0.0,20.0,60.0,0.144,0.03,0.23,60.0,54.51,5.49,0,0.0,やや得意,C
5153,佐藤ほのか,4,3,0.0,66.67,0.0,66.67,0.13,0.05,0.17,33.33,45.78,20.89,1,33.33,少数参考,参考
4738,清埜翔子,1,4,50.0,25.0,25.0,100.0,0.115,0.01,0.18,25.0,86.47,13.53,0,0.0,少数参考,参考
5117,冨名腰桃奈,2,3,0.0,33.33,33.33,66.67,0.137,0.11,0.19,0.0,57.97,8.7,0,0.0,少数参考,参考
4909,薮内瑞希,1,3,100.0,0.0,0.0,100.0,0.113,0.11,0.12,33.33,86.47,13.53,0,0.0,少数参考,参考
4408,仁科さやか,1,5,60.0,20.0,20.0,100.0,0.184,0.11,0.29,0.0,86.47,13.53,0,0.0,得意,C
5335,森陽多,3,3,0.0,66.67,33.33,100.0,0.16,0.1,0.28,33.33,54.51,45.49,0,0.0,少数参考,参考
5369,岡崎凪汰,5,3,0.0,33.33,33.33,66.67,0.163,0.15,0.18,0.0,34.22,32.45,1,33.33,少数参考,参考
5007,近藤雄一郎,3,4,0.0,25.0,25.0,50.0,0.133,0.1,0.17,0.0,54.51,-4.51,0,0.0,少数参考,参考
4769,馬場剛,1,3,100.0,0.0,0.0,100.0,0.057,0.03,0.1,66.67,86.47,13.53,0,0.0,少数参考,参考
3813,佐藤大介,5,3,33.33,33.33,33.33,100.0,0.107,0.06,0.17,33.33,34.22,65.78,1,33.33,少数参考,参考
5314,中曽瑠華,4,3,0.0,0.0,66.67,66.67,0.137,0.02,0.31,33.33,45.78,20.89,0,0.0,少数参考,参考
4680,後藤美翼,2,3,0.0,66.67,0.0,66.67,0.14,0.12,0.17,0.0,57.97,8.7,0,0.0,少数参考,参考
4757,山田祐也,4,3,0.0,33.33,33.33,66.67,0.147,0.06,0.2,0.0,45.78,20.89,0,0.0,少数参考,参考
4495,森晋太郎,6,3,33.33,0.0,0.0,33.33,0.103,0.08,0.12,100.0,21.0,12.33,1,33.33,少数参考,参考
4898,菊地敬介,2,4,0.0,50.0,50.0,100.0,0.103,0.06,0.14,25.0,57.97,42.03,0,0.0,少数参考,参考
5196,鰐部太空海,1,3,100.0,0.0,0.0,100.0,0.103,0.07,0.13,0.0,86.47,13.53,0,0.0,少数参考,参考
4950,高岡竜也,5,3,0.0,0.0,0.0,0.0,0.157,0.12,0.19,33.33,34.22,-34.22,1,33.33,少数参考,参考
4959,井上忠政,1,3,100.0,0.0,0.0,100.0,0.093,0.07,0.11,33.33,86.47,13.53,0,0.0,少数参考,参考
4866,橋本英一,3,3,0.0,66.67,33.33,100.0,0.173,0.17,0.18,66.67,54.51,45.49,0,0.0,少数参考,参考
5154,村松栄太,4,3,33.33,0.0,66.67,100.0,0.157,0.11,0.21,0.0,45.78,54.22,1,33.33,少数参考,参考
5154,村松栄太,6,3,0.0,33.33,33.33,66.67,0.187,0.15,0.24,0.0,21.0,45.67,1,33.33,少数参考,参考
5154,村松栄太,1,4,75.0,0.0,25.0,100.0,0.113,0.05,0.22,50.0,86.47,13.53,0,0.0,少数参考,参考
5278,田中駿兵,2,3,0.0,0.0,100.0,100.0,0.117,0.04,0.19,0.0,57.97,42.03,0,0.0,少数参考,参考
5278,田中駿兵,1,4,75.0,25.0,0.0,100.0,0.15,0.11,0.19,0.0,86.47,13.53,0,0.0,少数参考,参考
5276,大島隆乃介,1,3,66.67,0.0,0.0,66.67,0.133,0.06,0.22,33.33,86.47,-19.8,0,0.0,少数参考,参考
5276,大島隆乃介,2,3,33.33,33.33,0.0,66.67,0.103,0.07,0.16,33.33,57.97,8.7,0,0.0,少数参考,参考
4933,板橋侑我,4,4,0.0,50.0,50.0,100.0,0.152,0.09,0.26,75.0,45.78,54.22,1,25.0,少数参考,参考
5394,福西広太郎,5,3,0.0,66.67,33.33,100.0,0.12,0.09,0.14,66.67,34.22,65.78,0,0.0,少数参考,参考
5394,福西広太郎,6,3,0.0,0.0,33.33,33.33,0.237,0.12,0.35,33.33,21.0,12.33,0,0.0,少数参考,参考
5369,岡崎凪汰,2,4,0.0,50.0,25.0,75.0,0.217,0.15,0.3,0.0,57.97,17.03,0,0.0,少数参考,参考
5114,小林孝彰,2,3,0.0,66.67,33.33,100.0,0.103,0.07,0.13,0.0,57.97,42.03,0,0.0,少数参考,参考
5220,青木蓮,1,3,100.0,0.0,0.0,100.0,0.057,0.05,0.06,100.0,86.47,13.53,0,0.0,少数参考,参考
5417,小柳勝希,6,3,0.0,0.0,33.33,33.33,0.223,0.06,0.43,33.33,21.0,12.33,0,0.0,少数参考,参考
