player_id,player_name,lane,starts,win_rate,second_rate,third_rate,top3_rate,avg_st,min_st,max_st,top_st_rate,entry_shift_count,entry_shift_rate,reliability
3072.0,西　田　　　　靖,1,28,50.0,17.86,10.71,78.57,0.13,0.02,0.26,50.0,0,0.0,A
3978.0,齊　藤　　　　仁,2,26,38.46,38.46,3.85,80.77,0.127,0.06,0.26,23.08,0,0.0,A
3227.0,長　岡　　茂　一,3,9,33.33,44.44,0.0,77.78,0.136,0.06,0.23,33.33,0,0.0,C
3534.0,野　澤　　大　二,4,7,0.0,42.86,28.57,71.43,0.151,0.06,0.25,14.29,0,0.0,C
4128.0,川　口　　貴　久,5,9,0.0,11.11,22.22,33.33,0.119,0.01,0.18,22.22,0,0.0,C
4140.0,梶　野　　学　志,6,15,0.0,20.0,26.67,46.67,0.133,0.07,0.25,13.33,0,0.0,B
3805.0,高　橋　　英　之,3,19,21.05,36.84,15.79,73.68,0.116,0.04,0.23,26.32,0,0.0,B
4792.0,杉　村　　賢　也,5,22,0.0,4.55,9.09,13.64,0.185,0.08,0.32,13.64,0,0.0,A
4734.0,安河内　　　　将,6,6,0.0,33.33,50.0,83.33,0.158,0.05,0.28,33.33,0,0.0,C
4086.0,寺　本　　重　宣,1,13,46.15,23.08,0.0,69.23,0.113,0.02,0.22,46.15,0,0.0,B
3090.0,土　屋　　　　昭,3,4,0.0,25.0,50.0,75.0,0.238,0.16,0.33,0.0,0,0.0,参考
3524.0,小　林　　大　輔,4,3,0.0,66.67,0.0,66.67,0.243,0.16,0.32,33.33,0,0.0,参考
4807.0,岡　　　　悠　平,5,6,0.0,0.0,16.67,16.67,0.197,0.06,0.39,16.67,0,0.0,C
4145.0,小　澤　　　　学,6,11,0.0,0.0,36.36,36.36,0.255,0.17,0.38,0.0,0,0.0,B
3293.0,宮　内　　由紀英,1,20,10.0,25.0,15.0,50.0,0.164,0.02,0.3,25.0,0,0.0,A
3488.0,柳　田　　英　明,2,4,50.0,50.0,0.0,100.0,0.122,0.06,0.25,50.0,0,0.0,参考
4083.0,福　島　　勇　樹,3,19,31.58,21.05,21.05,73.68,0.131,0.05,0.22,47.37,0,0.0,B
4152.0,深　水　　慎一郎,4,22,13.64,22.73,13.64,50.0,0.165,0.04,0.29,9.09,0,0.0,A
3911.0,鈴　木　　　　猛,5,21,19.05,9.52,9.52,38.1,0.147,0.04,0.25,23.81,0,0.0,A
3800.0,牧　　　　宏　次,6,10,0.0,0.0,20.0,20.0,0.211,0.1,0.46,10.0,0,0.0,B
3505.0,山　田　　竜　一,1,36,55.56,16.67,5.56,77.78,0.125,0.02,0.26,50.0,0,0.0,A
4676.0,後　藤　　隼　之,2,13,23.08,23.08,23.08,69.23,0.129,0.06,0.26,30.77,0,0.0,B
3277.0,齋　藤　　　　勇,3,16,0.0,31.25,6.25,37.5,0.149,0.09,0.22,31.25,0,0.0,B
4759.0,今　泉　　友　吾,4,33,18.18,39.39,15.15,72.73,0.191,0.07,0.43,6.06,0,0.0,A
4077.0,品　田　　直　樹,5,13,0.0,0.0,30.77,30.77,0.193,0.12,0.28,15.38,0,0.0,B
4104.0,木　下　　陽　介,2,16,37.5,18.75,6.25,62.5,0.114,0.05,0.2,43.75,0,0.0,B
4430.0,永　田　　秀　二,3,17,17.65,23.53,35.29,76.47,0.167,0.04,0.35,11.76,0,0.0,B
4734.0,安河内　　　　将,4,6,16.67,33.33,0.0,50.0,0.148,0.08,0.22,0.0,0,0.0,C
3236.0,田　上　　晋　六,5,4,25.0,50.0,0.0,75.0,0.165,0.05,0.26,25.0,0,0.0,参考
4075.0,中　野　　次　郎,6,22,9.09,13.64,27.27,50.0,0.152,0.06,0.29,18.18,0,0.0,A
4535.0,北　山　　康　介,1,8,50.0,12.5,12.5,75.0,0.174,0.07,0.26,25.0,0,0.0,C
3812.0,山　崎　　聖　司,2,13,0.0,23.08,15.38,38.46,0.161,0.07,0.25,0.0,0,0.0,B
4140.0,梶　野　　学　志,3,19,42.11,26.32,10.53,78.95,0.135,0.04,0.23,15.79,0,0.0,B
3902.0,蜷　川　　哲　平,4,13,15.38,30.77,30.77,76.92,0.139,0.04,0.25,7.69,0,0.0,B
3940.0,飯　山　　　　泰,5,22,4.55,27.27,36.36,68.18,0.151,0.07,0.33,27.27,0,0.0,A
4807.0,岡　　　　悠　平,6,9,0.0,0.0,0.0,0.0,0.193,0.04,0.47,22.22,0,0.0,C
4059.0,入　澤　　友　治,2,14,35.71,28.57,0.0,64.29,0.131,0.06,0.25,21.43,0,0.0,B
3202.0,三　品　　隆　浩,3,25,12.0,12.0,24.0,48.0,0.167,0.07,0.26,12.0,0,0.0,A
3590.0,濱野谷　　憲　吾,4,26,42.31,23.08,3.85,69.23,0.149,0.06,0.28,26.92,0,0.0,A
3800.0,牧　　　　宏　次,5,10,0.0,10.0,40.0,50.0,0.167,0.06,0.29,20.0,0,0.0,B
4748.0,渡　邉　　雄　朗,6,6,16.67,0.0,16.67,33.33,0.105,0.05,0.18,50.0,0,0.0,C
3488.0,柳　田　　英　明,1,6,50.0,16.67,0.0,66.67,0.157,0.09,0.24,33.33,0,0.0,C
4145.0,小　澤　　　　学,3,15,6.67,6.67,0.0,13.33,0.249,0.15,0.38,0.0,0,0.0,B
4077.0,品　田　　直　樹,4,18,5.56,16.67,33.33,55.56,0.187,0.11,0.25,0.0,0,0.0,B
3534.0,野　澤　　大　二,5,6,0.0,33.33,0.0,33.33,0.193,0.16,0.29,16.67,0,0.0,C
3857.0,阿　波　　勝　哉,6,101,9.9,18.81,23.76,52.48,0.175,0.01,0.37,20.79,0,0.0,A
4152.0,深　水　　慎一郎,1,18,50.0,11.11,11.11,72.22,0.167,0.04,0.29,22.22,0,0.0,B
3227.0,長　岡　　茂　一,2,9,0.0,33.33,22.22,55.56,0.169,0.04,0.28,11.11,0,0.0,C
4104.0,木　下　　陽　介,3,21,28.57,14.29,0.0,42.86,0.128,0.02,0.29,28.57,0,0.0,A
4134.0,杉　山　　貴　博,4,14,21.43,21.43,28.57,71.43,0.165,0.12,0.27,14.29,0,0.0,B
3277.0,齋　藤　　　　勇,5,12,8.33,25.0,16.67,50.0,0.139,0.06,0.22,16.67,0,0.0,B
3805.0,高　橋　　英　之,6,16,0.0,0.0,18.75,18.75,0.117,0.05,0.25,25.0,0,0.0,B
3656.0,伯　母　　芳　恒,1,15,40.0,33.33,6.67,80.0,0.151,0.08,0.25,20.0,0,0.0,B
3902.0,蜷　川　　哲　平,2,12,8.33,41.67,16.67,66.67,0.167,0.11,0.24,0.0,0,0.0,B
3440.0,大　西　　源　喜,3,4,0.0,0.0,0.0,0.0,0.242,0.22,0.26,0.0,0,0.0,参考
3978.0,齊　藤　　　　仁,4,22,36.36,18.18,13.64,68.18,0.148,0.07,0.26,31.82,0,0.0,A
4759.0,今　泉　　友　吾,5,34,17.65,26.47,29.41,73.53,0.161,0.06,0.31,11.76,0,0.0,A
3911.0,鈴　木　　　　猛,6,17,0.0,17.65,11.76,29.41,0.184,0.07,0.28,17.65,0,0.0,B
3590.0,濱野谷　　憲　吾,1,37,64.86,18.92,2.7,86.49,0.128,0.02,0.24,35.14,0,0.0,A
3505.0,山　田　　竜　一,2,29,20.69,27.59,24.14,72.41,0.119,0.03,0.23,27.59,0,0.0,A
4086.0,寺　本　　重　宣,3,11,18.18,27.27,36.36,81.82,0.145,0.07,0.29,18.18,0,0.0,B
4075.0,中　野　　次　郎,4,22,18.18,27.27,27.27,72.73,0.124,0.01,0.22,31.82,0,0.0,A
4083.0,福　島　　勇　樹,5,21,14.29,19.05,28.57,61.9,0.125,0.01,0.21,38.1,0,0.0,A
3940.0,飯　山　　　　泰,6,18,11.11,11.11,22.22,44.44,0.139,0.08,0.25,22.22,0,0.0,B
3277.0,齋　藤　　　　勇,1,17,29.41,0.0,29.41,58.82,0.162,0.04,0.4,35.29,0,0.0,B
3202.0,三　品　　隆　浩,2,20,0.0,30.0,25.0,55.0,0.164,0.09,0.35,15.0,0,0.0,A
4083.0,福　島　　勇　樹,4,17,11.76,23.53,29.41,64.71,0.158,0.04,0.26,11.76,0,0.0,B
4535.0,北　山　　康　介,6,8,12.5,12.5,12.5,37.5,0.154,0.05,0.21,25.0,0,0.0,C
3138.0,椎　名　　政　浩,1,3,0.0,33.33,33.33,66.67,0.23,0.12,0.32,33.33,0,0.0,参考
3090.0,土　屋　　　　昭,2,5,0.0,0.0,0.0,0.0,0.248,0.16,0.33,0.0,0,0.0,C
4075.0,中　野　　次　郎,3,25,28.0,20.0,16.0,64.0,0.13,0.06,0.22,24.0,0,0.0,A
3812.0,山　崎　　聖　司,5,10,10.0,0.0,20.0,30.0,0.173,0.13,0.23,10.0,0,0.0,B
4152.0,深　水　　慎一郎,6,10,0.0,10.0,30.0,40.0,0.179,0.08,0.24,0.0,0,0.0,B
3524.0,小　林　　大　輔,1,3,0.0,33.33,66.67,100.0,0.17,0.13,0.23,33.33,0,0.0,参考
3940.0,飯　山　　　　泰,2,25,36.0,12.0,24.0,72.0,0.123,0.06,0.24,28.0,0,0.0,A
3072.0,西　田　　　　靖,3,31,12.9,9.68,19.35,41.94,0.142,0.03,0.23,25.81,0,0.0,A
4676.0,後　藤　　隼　之,4,9,0.0,11.11,11.11,22.22,0.181,0.11,0.25,0.0,0,0.0,C
4734.0,安河内　　　　将,5,4,25.0,0.0,25.0,50.0,0.15,0.03,0.21,25.0,0,0.0,参考
4059.0,入　澤　　友　治,1,17,41.18,23.53,11.76,76.47,0.143,0.01,0.26,29.41,0,0.0,B
4140.0,梶　野　　学　志,2,19,21.05,21.05,15.79,57.89,0.153,0.06,0.27,0.0,0,0.0,B
3293.0,宮　内　　由紀英,3,20,5.0,5.0,15.0,25.0,0.188,0.06,0.31,5.0,0,0.0,A
3656.0,伯　母　　芳　恒,4,10,10.0,10.0,30.0,50.0,0.151,0.04,0.26,20.0,0,0.0,B
3505.0,山　田　　竜　一,6,26,0.0,7.69,26.92,34.62,0.155,0.05,0.24,11.54,0,0.0,A
4128.0,川　口　　貴　久,1,10,50.0,20.0,10.0,80.0,0.106,0.03,0.15,40.0,0,0.0,B
4748.0,渡　邉　　雄　朗,2,10,50.0,20.0,10.0,80.0,0.119,0.04,0.18,20.0,0,0.0,B
3911.0,鈴　木　　　　猛,3,21,14.29,19.05,23.81,57.14,0.159,0.02,0.34,14.29,0,0.0,A
4807.0,岡　　　　悠　平,4,3,0.0,0.0,0.0,0.0,0.22,0.14,0.29,33.33,0,0.0,参考
4104.0,木　下　　陽　介,5,17,5.88,17.65,5.88,29.41,0.126,0.07,0.23,35.29,0,0.0,B
4077.0,品　田　　直　樹,6,10,0.0,0.0,30.0,30.0,0.206,0.14,0.26,0.0,0,0.0,B
3800.0,牧　　　　宏　次,1,10,40.0,40.0,10.0,90.0,0.102,0.02,0.18,40.0,0,0.0,B
4086.0,寺　本　　重　宣,2,13,7.69,46.15,7.69,61.54,0.148,0.07,0.3,7.69,0,0.0,B
3978.0,齊　藤　　　　仁,3,27,14.81,37.04,22.22,74.07,0.129,0.05,0.23,18.52,0,0.0,A
3236.0,田　上　　晋　六,4,6,0.0,0.0,50.0,50.0,0.133,0.05,0.22,16.67,0,0.0,C
4134.0,杉　山　　貴　博,5,10,10.0,10.0,30.0,50.0,0.184,0.05,0.53,20.0,0,0.0,B
4792.0,杉　村　　賢　也,6,24,0.0,8.33,8.33,16.67,0.193,0.09,0.31,0.0,0,0.0,A
4430.0,永　田　　秀　二,1,15,33.33,26.67,20.0,80.0,0.153,0.05,0.27,20.0,0,0.0,B
3072.0,西　田　　　　靖,2,38,5.26,18.42,21.05,44.74,0.143,0.01,0.5,18.42,0,0.0,A
3590.0,濱野谷　　憲　吾,3,26,26.92,23.08,7.69,57.69,0.127,0.01,0.22,15.38,0,0.0,A
3902.0,蜷　川　　哲　平,6,16,0.0,18.75,6.25,25.0,0.22,0.11,0.34,0.0,0,0.0,B
3202.0,三　品　　隆　浩,1,27,40.74,29.63,18.52,88.89,0.161,0.05,0.28,25.93,0,0.0,A
4617.0,若　林　　　　友,2,3,0.0,0.0,0.0,0.0,0.183,0.1,0.3,33.33,0,0.0,参考
3940.0,飯　山　　　　泰,3,24,25.0,20.83,20.83,66.67,0.117,0.02,0.2,41.67,0,0.0,A
3488.0,柳　田　　英　明,4,5,20.0,20.0,60.0,100.0,0.152,0.07,0.28,20.0,0,0.0,C
3227.0,長　岡　　茂　一,5,9,11.11,33.33,22.22,66.67,0.174,0.02,0.38,11.11,0,0.0,C
3440.0,大　西　　源　喜,6,3,0.0,33.33,0.0,33.33,0.15,0.08,0.24,33.33,0,0.0,参考
4083.0,福　島　　勇　樹,1,19,84.21,5.26,5.26,94.74,0.091,0.01,0.17,63.16,0,0.0,B
4145.0,小　澤　　　　学,2,19,5.26,15.79,15.79,36.84,0.245,0.14,0.37,0.0,0,0.0,B
4059.0,入　澤　　友　治,3,15,13.33,20.0,6.67,40.0,0.14,0.01,0.22,26.67,0,0.0,B
4128.0,川　口　　貴　久,4,12,8.33,0.0,16.67,25.0,0.129,0.03,0.3,33.33,0,0.0,B
3805.0,高　橋　　英　之,5,15,13.33,26.67,20.0,60.0,0.107,0.04,0.18,53.33,0,0.0,B
3236.0,田　上　　晋　六,6,3,0.0,33.33,0.0,33.33,0.24,0.17,0.32,0.0,0,0.0,参考
3812.0,山　崎　　聖　司,3,14,7.14,14.29,14.29,35.71,0.157,0.01,0.27,14.29,0,0.0,B
4086.0,寺　本　　重　宣,4,9,22.22,44.44,22.22,88.89,0.128,0.06,0.22,0.0,0,0.0,C
3656.0,伯　母　　芳　恒,5,15,0.0,6.67,33.33,40.0,0.18,0.09,0.3,6.67,0,0.0,B
4676.0,後　藤　　隼　之,6,10,10.0,20.0,10.0,40.0,0.208,0.1,0.42,0.0,0,0.0,B
4140.0,梶　野　　学　志,1,24,66.67,20.83,0.0,87.5,0.123,0.05,0.26,45.83,0,0.0,A
3524.0,小　林　　大　輔,2,3,0.0,0.0,0.0,0.0,0.19,0.18,0.2,0.0,0,0.0,参考
3488.0,柳　田　　英　明,3,6,0.0,16.67,50.0,66.67,0.143,0.12,0.26,66.67,0,0.0,C
3590.0,濱野谷　　憲　吾,5,23,30.43,17.39,34.78,82.61,0.127,0.01,0.25,34.78,0,0.0,A
4134.0,杉　山　　貴　博,6,17,5.88,17.65,17.65,41.18,0.176,0.07,0.36,5.88,0,0.0,B
3978.0,齊　藤　　　　仁,1,37,78.38,10.81,0.0,89.19,0.131,0.02,0.26,29.73,0,0.0,A
3293.0,宮　内　　由紀英,2,21,9.52,9.52,14.29,33.33,0.207,0.04,0.37,0.0,0,0.0,A
4535.0,北　山　　康　介,3,8,25.0,12.5,50.0,87.5,0.149,0.1,0.25,12.5,0,0.0,C
3805.0,高　橋　　英　之,4,18,16.67,11.11,27.78,55.56,0.098,0.01,0.17,44.44,0,0.0,B
4075.0,中　野　　次　郎,5,17,5.88,11.76,11.76,29.41,0.125,0.07,0.22,11.76,0,0.0,B
3656.0,伯　母　　芳　恒,2,14,7.14,28.57,21.43,57.14,0.14,0.07,0.25,14.29,0,0.0,B
4748.0,渡　邉　　雄　朗,3,9,33.33,11.11,0.0,44.44,0.101,0.03,0.16,22.22,0,0.0,C
3911.0,鈴　木　　　　猛,4,22,4.55,13.64,22.73,40.91,0.163,0.05,0.29,9.09,0,0.0,A
4145.0,小　澤　　　　学,5,15,0.0,20.0,13.33,33.33,0.241,0.19,0.33,0.0,0,0.0,B
3812.0,山　崎　　聖　司,1,13,23.08,23.08,15.38,61.54,0.152,0.01,0.35,23.08,0,0.0,B
4077.0,品　田　　直　樹,2,16,12.5,18.75,31.25,62.5,0.191,0.1,0.31,6.25,0,0.0,B
3293.0,宮　内　　由紀英,4,18,11.11,16.67,22.22,50.0,0.199,0.09,0.32,5.56,0,0.0,B
3072.0,西　田　　　　靖,6,12,25.0,16.67,16.67,58.33,0.126,0.05,0.26,25.0,0,0.0,B
4075.0,中　野　　次　郎,2,18,44.44,27.78,5.56,77.78,0.101,0.04,0.19,44.44,0,0.0,B
4134.0,杉　山　　貴　博,3,16,37.5,25.0,18.75,81.25,0.136,0.07,0.27,25.0,0,0.0,B
4676.0,後　藤　　隼　之,5,11,0.0,9.09,18.18,27.27,0.151,0.03,0.25,9.09,0,0.0,B
3534.0,野　澤　　大　二,6,8,12.5,12.5,25.0,50.0,0.144,0.04,0.2,0.0,0,0.0,C
4152.0,深　水　　慎一郎,2,21,28.57,9.52,28.57,66.67,0.17,0.07,0.32,0.0,0,0.0,A
3902.0,蜷　川　　哲　平,3,14,21.43,21.43,42.86,85.71,0.186,0.14,0.26,0.0,0,0.0,B
3505.0,山　田　　竜　一,5,27,3.7,14.81,25.93,44.44,0.147,0.03,0.31,29.63,0,0.0,A
4128.0,川　口　　貴　久,6,11,0.0,0.0,9.09,9.09,0.179,0.11,0.29,27.27,0,0.0,B
3227.0,長　岡　　茂　一,1,9,55.56,11.11,11.11,77.78,0.179,0.11,0.28,33.33,0,0.0,C
3138.0,椎　名　　政　浩,3,3,0.0,0.0,33.33,33.33,0.21,0.15,0.32,33.33,0,0.0,参考
4792.0,杉　村　　賢　也,4,18,5.56,16.67,16.67,38.89,0.161,0.07,0.24,16.67,0,0.0,B
3090.0,土　屋　　　　昭,5,3,0.0,0.0,0.0,0.0,0.183,0.09,0.24,33.33,0,0.0,参考
3911.0,鈴　木　　　　猛,1,24,37.5,25.0,20.83,83.33,0.152,0.02,0.28,25.0,0,0.0,A
3805.0,高　橋　　英　之,2,18,33.33,5.56,11.11,50.0,0.114,0.04,0.22,22.22,0,0.0,B
3800.0,牧　　　　宏　次,3,13,23.08,23.08,23.08,69.23,0.168,0.05,0.35,15.38,0,0.0,B
4086.0,寺　本　　重　宣,5,15,20.0,13.33,26.67,60.0,0.137,0.05,0.23,26.67,0,0.0,B
4059.0,入　澤　　友　治,6,12,8.33,25.0,0.0,33.33,0.162,0.06,0.37,41.67,0,0.0,B
4077.0,品　田　　直　樹,1,19,47.37,26.32,15.79,89.47,0.135,0.06,0.24,36.84,0,0.0,B
4083.0,福　島　　勇　樹,2,19,26.32,31.58,10.53,68.42,0.125,0.05,0.22,42.11,0,0.0,B
3978.0,齊　藤　　　　仁,5,27,3.7,25.93,33.33,62.96,0.147,0.02,0.26,14.81,0,0.0,A
4430.0,永　田　　秀　二,6,13,0.0,23.08,15.38,38.46,0.193,0.05,0.41,30.77,0,0.0,B
4134.0,杉　山　　貴　博,1,18,77.78,16.67,0.0,94.44,0.118,0.02,0.32,55.56,0,0.0,B
4535.0,北　山　　康　介,2,11,18.18,18.18,18.18,54.55,0.188,0.12,0.34,9.09,0,0.0,B
3505.0,山　田　　竜　一,3,28,21.43,14.29,17.86,53.57,0.149,0.06,0.28,28.57,0,0.0,A
3072.0,西　田　　　　靖,5,21,23.81,4.76,9.52,38.1,0.133,0.02,0.25,47.62,0,0.0,A
3488.0,柳　田　　英　明,6,5,20.0,20.0,0.0,40.0,0.158,0.09,0.24,40.0,0,0.0,C
3902.0,蜷　川　　哲　平,1,12,66.67,8.33,16.67,91.67,0.169,0.09,0.42,58.33,0,0.0,B
4145.0,小　澤　　　　学,4,15,0.0,20.0,20.0,40.0,0.225,0.1,0.32,0.0,0,0.0,B
4140.0,梶　野　　学　志,5,18,11.11,22.22,16.67,50.0,0.133,0.05,0.21,5.56,0,0.0,B
3805.0,高　橋　　英　之,1,19,31.58,26.32,26.32,84.21,0.117,0.04,0.21,52.63,0,0.0,B
3440.0,大　西　　源　喜,2,4,25.0,0.0,50.0,75.0,0.228,0.17,0.3,25.0,0,0.0,参考
4128.0,川　口　　貴　久,3,11,18.18,18.18,18.18,54.55,0.125,0.01,0.3,45.45,0,0.0,B
3090.0,土　屋　　　　昭,4,3,0.0,33.33,33.33,66.67,0.14,0.04,0.19,0.0,0,0.0,参考
3202.0,三　品　　隆　浩,5,20,5.0,5.0,20.0,30.0,0.2,0.08,0.39,5.0,0,0.0,A
3590.0,濱野谷　　憲　吾,6,22,22.73,22.73,27.27,72.73,0.147,0.04,0.33,9.09,0,0.0,A
3940.0,飯　山　　　　泰,1,24,50.0,20.83,12.5,83.33,0.125,0.01,0.22,45.83,0,0.0,A
4152.0,深　水　　慎一郎,3,24,12.5,16.67,25.0,54.17,0.162,0.05,0.31,8.33,0,0.0,A
4059.0,入　澤　　友　治,4,16,12.5,18.75,6.25,37.5,0.124,0.03,0.22,18.75,0,0.0,B
3524.0,小　林　　大　輔,5,3,33.33,0.0,0.0,33.33,0.177,0.11,0.21,0.0,0,0.0,参考
3978.0,齊　藤　　　　仁,6,24,4.17,20.83,12.5,37.5,0.16,0.05,0.23,4.17,0,0.0,A
4075.0,中　野　　次　郎,1,25,68.0,8.0,12.0,88.0,0.11,0.01,0.22,48.0,0,0.0,A
3800.0,牧　　　　宏　次,2,11,18.18,36.36,27.27,81.82,0.17,0.09,0.22,18.18,0,0.0,B
3656.0,伯　母　　芳　恒,3,15,0.0,46.67,6.67,53.33,0.131,0.04,0.27,40.0,0,0.0,B
3227.0,長　岡　　茂　一,4,6,16.67,33.33,16.67,66.67,0.127,0.05,0.19,16.67,0,0.0,C
4104.0,木　下　　陽　介,6,21,9.52,4.76,14.29,28.57,0.146,0.07,0.29,14.29,0,0.0,A
4104.0,木　下　　陽　介,1,22,31.82,31.82,4.55,68.18,0.138,0.0,0.31,31.82,0,0.0,A
3940.0,飯　山　　　　泰,4,21,14.29,28.57,14.29,57.14,0.157,0.07,0.37,23.81,0,0.0,A
4748.0,渡　邉　　雄　朗,1,12,75.0,8.33,8.33,91.67,0.121,0.02,0.24,41.67,0,0.0,B
3590.0,濱野谷　　憲　吾,2,23,26.09,30.43,21.74,78.26,0.123,0.04,0.21,13.04,0,0.0,A
4077.0,品　田　　直　樹,3,20,10.0,10.0,25.0,45.0,0.179,0.08,0.26,5.0,0,0.0,A
3812.0,山　崎　　聖　司,4,11,0.0,0.0,0.0,0.0,0.209,0.11,0.32,0.0,0,0.0,B
3440.0,大　西　　源　喜,5,4,0.0,50.0,0.0,50.0,0.17,0.02,0.28,25.0,0,0.0,参考
3138.0,椎　名　　政　浩,6,3,0.0,33.33,0.0,33.33,0.183,0.11,0.3,0.0,0,0.0,参考
3202.0,三　品　　隆　浩,4,21,0.0,19.05,9.52,28.57,0.135,0.06,0.23,14.29,0,0.0,A
4059.0,入　澤　　友　治,5,14,21.43,7.14,14.29,42.86,0.116,0.02,0.18,21.43,0,0.0,B
3227.0,長　岡　　茂　一,6,5,0.0,40.0,40.0,80.0,0.108,0.07,0.13,20.0,0,0.0,C
4676.0,後　藤　　隼　之,1,13,7.69,23.08,23.08,53.85,0.145,0.06,0.3,30.77,0,0.0,B
3911.0,鈴　木　　　　猛,2,19,26.32,10.53,21.05,57.89,0.184,0.08,0.27,5.26,0,0.0,B
3236.0,田　上　　晋　六,3,3,0.0,0.0,100.0,100.0,0.263,0.16,0.47,0.0,0,0.0,参考
4759.0,今　泉　　友　吾,6,30,6.67,30.0,26.67,63.33,0.136,0.03,0.22,33.33,0,0.0,A
4145.0,小　澤　　　　学,1,16,18.75,18.75,31.25,68.75,0.212,0.16,0.26,0.0,0,0.0,B
3800.0,牧　　　　宏　次,4,13,15.38,15.38,23.08,53.85,0.124,0.01,0.24,23.08,0,0.0,B
3138.0,椎　名　　政　浩,5,3,0.0,0.0,0.0,0.0,0.217,0.15,0.31,0.0,0,0.0,参考
4128.0,川　口　　貴　久,2,7,14.29,42.86,0.0,57.14,0.116,0.02,0.17,42.86,0,0.0,C
3857.0,阿　波　　勝　哉,5,59,5.08,22.03,22.03,49.15,0.187,0.06,0.35,10.17,0,0.0,A
4140.0,梶　野　　学　志,4,19,15.79,15.79,42.11,73.68,0.171,0.08,0.28,5.26,0,0.0,B
4152.0,深　水　　慎一郎,5,20,10.0,10.0,15.0,35.0,0.172,0.09,0.3,15.0,0,0.0,A
3293.0,宮　内　　由紀英,6,14,0.0,0.0,7.14,7.14,0.238,0.08,0.41,7.14,0,0.0,B
4083.0,福　島　　勇　樹,6,19,0.0,21.05,26.32,47.37,0.155,0.07,0.31,26.32,0,0.0,B
3524.0,小　林　　大　輔,3,3,0.0,33.33,33.33,66.67,0.263,0.21,0.36,33.33,0,0.0,参考
3505.0,山　田　　竜　一,4,31,25.81,12.9,32.26,70.97,0.111,0.02,0.35,58.06,0,0.0,A
3488.0,柳　田　　英　明,5,4,25.0,25.0,50.0,100.0,0.13,0.09,0.16,25.0,0,0.0,参考
3202.0,三　品　　隆　浩,6,18,0.0,11.11,5.56,16.67,0.179,0.07,0.25,0.0,0,0.0,B
4535.0,北　山　　康　介,5,7,14.29,14.29,14.29,42.86,0.144,0.05,0.22,42.86,0,0.0,C
3656.0,伯　母　　芳　恒,6,15,0.0,6.67,26.67,33.33,0.187,0.08,0.42,0.0,0,0.0,B
3138.0,椎　名　　政　浩,2,3,0.0,0.0,66.67,66.67,0.173,0.12,0.2,33.33,0,0.0,参考
3812.0,山　崎　　聖　司,6,17,0.0,0.0,17.65,17.65,0.171,0.11,0.25,5.88,0,0.0,B
4748.0,渡　邉　　雄　朗,5,7,14.29,42.86,0.0,57.14,0.164,0.05,0.28,14.29,0,0.0,C
4676.0,後　藤　　隼　之,3,14,21.43,14.29,14.29,50.0,0.118,0.04,0.2,35.71,0,0.0,B
3293.0,宮　内　　由紀英,5,18,5.56,5.56,5.56,16.67,0.206,0.1,0.31,0.0,0,0.0,B
4535.0,北　山　　康　介,4,8,12.5,0.0,37.5,50.0,0.179,0.12,0.25,12.5,0,0.0,C
3072.0,西　田　　　　靖,4,23,13.04,8.7,13.04,34.78,0.161,0.01,0.31,21.74,0,0.0,A
4748.0,渡　邉　　雄　朗,4,8,0.0,62.5,0.0,62.5,0.11,0.03,0.21,37.5,0,0.0,C
4430.0,永　田　　秀　二,5,15,6.67,46.67,13.33,66.67,0.175,0.07,0.26,13.33,0,0.0,B
4606.0,喜　川　　照　正,2,4,0.0,0.0,0.0,0.0,0.158,0.08,0.24,0.0,0,0.0,参考
3997.0,北　村　　征　嗣,3,12,41.67,33.33,16.67,91.67,0.167,0.07,0.23,0.0,0,0.0,B
3407.0,道　見　　数　成,6,3,0.0,0.0,33.33,33.33,0.14,0.12,0.15,0.0,0,0.0,参考
4613.0,竹　内　　吉　弘,1,3,0.0,0.0,0.0,0.0,0.133,0.07,0.17,66.67,0,0.0,参考
3370.0,坪　内　　　　実,3,6,0.0,16.67,33.33,50.0,0.117,0.08,0.15,50.0,0,0.0,C
4022.0,待　鳥　　雄　紀,4,8,0.0,25.0,12.5,37.5,0.115,0.04,0.2,25.0,0,0.0,C
3417.0,河　相　　秀　行,5,3,33.33,0.0,0.0,33.33,0.19,0.17,0.23,0.0,0,0.0,参考
4515.0,藤　田　　浩　人,2,10,10.0,0.0,20.0,30.0,0.196,0.1,0.27,10.0,0,0.0,B
4438.0,森　作　　雄　大,3,11,9.09,36.36,9.09,54.55,0.111,0.05,0.25,45.45,0,0.0,B
4366.0,前　沢　　丈　史,4,20,25.0,40.0,15.0,80.0,0.141,0.06,0.23,20.0,0,0.0,A
4389.0,伊　藤　　喜　智,6,9,0.0,22.22,33.33,55.56,0.208,0.11,0.39,22.22,0,0.0,C
3161.0,古　場　　輝　義,1,9,11.11,55.56,22.22,88.89,0.144,0.08,0.23,0.0,0,0.0,C
4575.0,戸　塚　　邦　好,4,13,7.69,15.38,38.46,61.54,0.132,0.05,0.23,46.15,0,0.0,B
4136.0,江　夏　　　　満,5,3,66.67,0.0,0.0,66.67,0.193,0.05,0.35,0.0,0,0.0,参考
3664.0,鈴　木　　賢　一,6,9,0.0,22.22,0.0,22.22,0.166,0.07,0.3,0.0,0,0.0,C
4033.0,伊　藤　　将　吉,1,4,100.0,0.0,0.0,100.0,0.155,0.07,0.24,50.0,0,0.0,参考
4619.0,伏　田　　裕　隆,3,16,25.0,18.75,31.25,75.0,0.131,0.04,0.28,37.5,0,0.0,B
4423.0,坂　口　　貴　彦,6,10,0.0,20.0,0.0,20.0,0.183,0.03,0.32,30.0,0,0.0,B
4531.0,武　富　　智　亮,2,8,12.5,12.5,37.5,62.5,0.166,0.06,0.33,0.0,0,0.0,C
4131.0,原　　　　豊　土,3,3,0.0,0.0,0.0,0.0,0.18,0.08,0.35,0.0,0,0.0,参考
3407.0,道　見　　数　成,4,4,0.0,0.0,0.0,0.0,0.23,0.16,0.32,0.0,0,0.0,参考
4235.0,進　藤　　　　侑,5,4,25.0,0.0,0.0,25.0,0.175,0.09,0.23,25.0,0,0.0,参考
3792.0,田　中　　　　豪,6,19,5.26,21.05,26.32,52.63,0.198,0.11,0.36,5.26,0,0.0,B
3313.0,本　吉　　正　樹,1,10,20.0,30.0,10.0,60.0,0.177,0.06,0.31,20.0,0,0.0,B
3370.0,坪　内　　　　実,2,8,0.0,12.5,37.5,50.0,0.194,0.04,0.33,25.0,0,0.0,C
3441.0,土　屋　　太　朗,3,16,0.0,43.75,18.75,62.5,0.161,0.09,0.3,31.25,0,0.0,B
3708.0,岡　部　　貴　司,4,6,0.0,16.67,16.67,33.33,0.172,0.1,0.28,50.0,0,0.0,C
4151.0,下　河　　誉　史,5,5,20.0,0.0,20.0,40.0,0.218,0.13,0.28,0.0,0,0.0,C
4143.0,浦　田　　晃　嗣,6,3,66.67,0.0,33.33,100.0,0.133,0.1,0.19,66.67,0,0.0,参考
3256.0,三　角　　哲　男,2,22,22.73,27.27,31.82,81.82,0.135,0.04,0.23,18.18,0,0.0,A
3664.0,鈴　木　　賢　一,3,6,0.0,50.0,16.67,66.67,0.158,0.11,0.19,0.0,0,0.0,C
4515.0,藤　田　　浩　人,4,10,20.0,20.0,0.0,40.0,0.188,0.09,0.31,10.0,0,0.0,B
3685.0,荒　井　　輝　年,3,4,0.0,0.0,50.0,50.0,0.118,0.07,0.19,0.0,0,0.0,参考
4389.0,伊　藤　　喜　智,4,6,16.67,33.33,16.67,66.67,0.162,0.07,0.21,0.0,0,0.0,C
4150.0,山　田　　雄　太,5,6,33.33,0.0,16.67,50.0,0.098,0.02,0.17,66.67,0,0.0,C
3417.0,河　相　　秀　行,6,4,0.0,0.0,0.0,0.0,0.1,0.04,0.22,25.0,0,0.0,参考
4131.0,原　　　　豊　土,1,7,57.14,0.0,42.86,100.0,0.167,0.05,0.3,0.0,0,0.0,C
4022.0,待　鳥　　雄　紀,2,12,16.67,16.67,16.67,50.0,0.125,0.05,0.22,25.0,0,0.0,B
3161.0,古　場　　輝　義,4,10,0.0,30.0,30.0,60.0,0.16,0.1,0.28,0.0,0,0.0,B
4619.0,伏　田　　裕　隆,5,23,8.7,17.39,21.74,47.83,0.123,0.0,0.24,26.09,0,0.0,A
3997.0,北　村　　征　嗣,1,14,64.29,14.29,7.14,85.71,0.13,0.05,0.23,21.43,0,0.0,B
3233.0,小　畑　　実　成,2,5,20.0,20.0,20.0,60.0,0.16,0.1,0.2,20.0,0,0.0,C
4235.0,進　藤　　　　侑,3,4,0.0,50.0,25.0,75.0,0.22,0.07,0.39,25.0,0,0.0,参考
3460.0,堤　　　　健　一,4,5,20.0,20.0,20.0,60.0,0.19,0.15,0.22,0.0,0,0.0,C
4143.0,浦　田　　晃　嗣,5,6,16.67,33.33,16.67,66.67,0.202,0.08,0.33,0.0,0,0.0,C
4509.0,平　見　　真　彦,6,4,0.0,0.0,0.0,0.0,0.25,0.16,0.38,0.0,0,0.0,参考
3256.0,三　角　　哲　男,1,31,51.61,22.58,9.68,83.87,0.104,0.01,0.27,67.74,0,0.0,A
4033.0,伊　藤　　将　吉,2,5,40.0,20.0,20.0,80.0,0.116,0.01,0.15,60.0,0,0.0,C
3792.0,田　中　　　　豪,3,22,18.18,36.36,18.18,72.73,0.19,0.05,0.65,13.64,0,0.0,A
4136.0,江　夏　　　　満,4,9,22.22,44.44,0.0,66.67,0.172,0.1,0.24,0.0,0,0.0,C
3441.0,土　屋　　太　朗,5,12,8.33,8.33,25.0,41.67,0.17,0.09,0.27,0.0,0,0.0,B
4366.0,前　沢　　丈　史,6,12,0.0,0.0,58.33,58.33,0.138,0.08,0.2,16.67,0,0.0,B
3417.0,河　相　　秀　行,1,4,50.0,0.0,0.0,50.0,0.145,0.08,0.23,75.0,0,0.0,参考
4619.0,伏　田　　裕　隆,2,23,21.74,26.09,13.04,60.87,0.158,0.06,0.33,17.39,0,0.0,A
3441.0,土　屋　　太　朗,4,15,0.0,13.33,26.67,40.0,0.183,0.05,0.28,6.67,0,0.0,B
4438.0,森　作　　雄　大,5,13,15.38,15.38,0.0,30.77,0.125,0.06,0.24,46.15,0,0.0,B
4509.0,平　見　　真　彦,2,5,20.0,0.0,60.0,80.0,0.18,0.02,0.28,40.0,0,0.0,C
3256.0,三　角　　哲　男,4,19,26.32,21.05,31.58,78.95,0.127,0.01,0.26,26.32,0,0.0,B
4606.0,喜　川　　照　正,5,4,0.0,0.0,25.0,25.0,0.138,0.08,0.18,0.0,0,0.0,参考
4131.0,原　　　　豊　土,6,9,0.0,22.22,0.0,22.22,0.161,0.11,0.24,0.0,0,0.0,C
3313.0,本　吉　　正　樹,2,15,6.67,26.67,26.67,60.0,0.15,0.02,0.31,26.67,0,0.0,B
3851.0,森　田　　昭　彦,3,3,33.33,0.0,0.0,33.33,0.247,0.13,0.37,33.33,0,0.0,参考
4366.0,前　沢　　丈　史,5,18,11.11,16.67,11.11,38.89,0.142,0.06,0.23,38.89,0,0.0,B
4151.0,下　河　　誉　史,1,4,25.0,25.0,25.0,75.0,0.18,0.13,0.23,25.0,0,0.0,参考
3161.0,古　場　　輝　義,2,10,10.0,40.0,20.0,70.0,0.176,0.14,0.31,10.0,0,0.0,B
4033.0,伊　藤　　将　吉,3,6,33.33,16.67,33.33,83.33,0.152,0.13,0.18,16.67,0,0.0,C
3997.0,北　村　　征　嗣,4,11,36.36,27.27,36.36,100.0,0.199,0.09,0.27,9.09,0,0.0,B
4515.0,藤　田　　浩　人,5,10,0.0,10.0,10.0,20.0,0.166,0.04,0.27,10.0,0,0.0,B
4531.0,武　富　　智　亮,6,6,0.0,0.0,33.33,33.33,0.188,0.08,0.29,0.0,0,0.0,C
4136.0,江　夏　　　　満,1,6,50.0,33.33,0.0,83.33,0.15,0.07,0.27,50.0,0,0.0,C
4423.0,坂　口　　貴　彦,2,10,0.0,40.0,30.0,70.0,0.158,0.07,0.23,20.0,0,0.0,B
4575.0,戸　塚　　邦　好,1,15,40.0,46.67,6.67,93.33,0.13,0.04,0.23,53.33,0,0.0,B
3792.0,田　中　　　　豪,2,19,15.79,31.58,10.53,57.89,0.166,0.02,0.36,10.53,0,0.0,B
4143.0,浦　田　　晃　嗣,3,5,20.0,0.0,20.0,40.0,0.192,0.08,0.44,20.0,0,0.0,C
4150.0,山　田　　雄　太,6,7,28.57,14.29,28.57,71.43,0.136,0.07,0.22,28.57,0,0.0,C
3407.0,道　見　　数　成,1,6,0.0,16.67,33.33,50.0,0.22,0.14,0.34,33.33,0,0.0,C
4314.0,青　木　　幸太郎,2,5,20.0,20.0,40.0,80.0,0.196,0.12,0.25,0.0,0,0.0,C
4366.0,前　沢　　丈　史,3,20,25.0,10.0,45.0,80.0,0.118,0.04,0.22,25.0,0,0.0,A
3370.0,坪　内　　　　実,4,4,0.0,0.0,0.0,0.0,0.113,0.07,0.17,50.0,0,0.0,参考
3233.0,小　畑　　実　成,5,5,0.0,40.0,0.0,40.0,0.136,0.11,0.19,0.0,0,0.0,C
3685.0,荒　井　　輝　年,6,3,0.0,33.33,0.0,33.33,0.117,0.09,0.16,0.0,0,0.0,参考
4389.0,伊　藤　　喜　智,1,8,62.5,12.5,0.0,75.0,0.198,0.14,0.31,12.5,0,0.0,C
4423.0,坂　口　　貴　彦,3,10,10.0,50.0,0.0,60.0,0.174,0.11,0.25,0.0,0,0.0,B
4324.0,海　野　　康志郎,4,3,33.33,0.0,33.33,66.67,0.187,0.14,0.28,0.0,0,0.0,参考
3664.0,鈴　木　　賢　一,5,7,0.0,0.0,0.0,0.0,0.221,0.14,0.27,0.0,0,0.0,C
3441.0,土　屋　　太　朗,6,14,0.0,7.14,14.29,21.43,0.163,0.06,0.3,21.43,0,0.0,B
3708.0,岡　部　　貴　司,1,3,66.67,0.0,0.0,66.67,0.113,0.04,0.19,66.67,0,0.0,参考
4235.0,進　藤　　　　侑,2,4,0.0,0.0,50.0,50.0,0.148,0.07,0.19,0.0,0,0.0,参考
4575.0,戸　塚　　邦　好,3,12,8.33,16.67,8.33,33.33,0.098,0.01,0.22,33.33,0,0.0,B
4033.0,伊　藤　　将　吉,5,6,16.67,0.0,16.67,33.33,0.103,0.06,0.13,16.67,0,0.0,C
4022.0,待　鳥　　雄　紀,6,10,20.0,20.0,0.0,40.0,0.136,0.07,0.25,20.0,0,0.0,B
4136.0,江　夏　　　　満,2,3,33.33,33.33,0.0,66.67,0.15,0.08,0.19,33.33,0,0.0,参考
4150.0,山　田　　雄　太,3,6,33.33,16.67,33.33,83.33,0.143,0.09,0.25,50.0,0,0.0,C
3313.0,本　吉　　正　樹,4,12,25.0,16.67,8.33,50.0,0.171,0.07,0.38,8.33,0,0.0,B
4531.0,武　富　　智　亮,5,7,28.57,0.0,28.57,57.14,0.149,0.11,0.18,0.0,0,0.0,C
3256.0,三　角　　哲　男,3,20,20.0,20.0,15.0,55.0,0.14,0.03,0.29,30.0,0,0.0,A
4438.0,森　作　　雄　大,4,14,7.14,7.14,28.57,42.86,0.146,0.1,0.19,42.86,0,0.0,B
3685.0,荒　井　　輝　年,5,3,0.0,0.0,33.33,33.33,0.133,0.08,0.17,0.0,0,0.0,参考
3997.0,北　村　　征　嗣,6,12,16.67,0.0,41.67,58.33,0.177,0.07,0.3,8.33,0,0.0,B
3792.0,田　中　　　　豪,1,25,52.0,32.0,12.0,96.0,0.15,0.04,0.25,24.0,0,0.0,A
4389.0,伊　藤　　喜　智,3,8,0.0,12.5,37.5,50.0,0.171,0.09,0.23,0.0,0,0.0,C
4151.0,下　河　　誉　史,4,3,33.33,66.67,0.0,100.0,0.23,0.16,0.33,0.0,0,0.0,参考
4022.0,待　鳥　　雄　紀,5,11,0.0,36.36,18.18,54.55,0.159,0.09,0.25,0.0,0,0.0,B
3233.0,小　畑　　実　成,6,4,0.0,0.0,0.0,0.0,0.21,0.07,0.29,25.0,0,0.0,参考
3417.0,河　相　　秀　行,3,3,33.33,0.0,0.0,33.33,0.14,0.12,0.16,0.0,0,0.0,参考
4509.0,平　見　　真　彦,5,3,0.0,33.33,33.33,66.67,0.12,0.09,0.14,33.33,0,0.0,参考
4324.0,海　野　　康志郎,3,4,50.0,0.0,0.0,50.0,0.172,0.09,0.31,0.0,0,0.0,参考
3313.0,本　吉　　正　樹,6,9,0.0,11.11,0.0,11.11,0.158,0.08,0.27,11.11,0,0.0,C
4515.0,藤　田　　浩　人,1,10,60.0,20.0,10.0,90.0,0.157,0.05,0.23,30.0,0,0.0,B
4438.0,森　作　　雄　大,2,18,22.22,38.89,5.56,66.67,0.116,0.03,0.19,44.44,0,0.0,B
4151.0,下　河　　誉　史,3,4,0.0,0.0,50.0,50.0,0.198,0.09,0.28,0.0,0,0.0,参考
3792.0,田　中　　　　豪,5,19,5.26,10.53,42.11,57.89,0.189,0.08,0.34,0.0,0,0.0,B
4575.0,戸　塚　　邦　好,6,10,0.0,10.0,30.0,40.0,0.129,0.05,0.22,20.0,0,0.0,B
3664.0,鈴　木　　賢　一,1,10,50.0,10.0,20.0,80.0,0.172,0.08,0.39,20.0,0,0.0,B
3407.0,道　見　　数　成,2,5,0.0,0.0,20.0,20.0,0.286,0.21,0.43,0.0,0,0.0,C
4033.0,伊　藤　　将　吉,4,5,60.0,0.0,0.0,60.0,0.116,0.01,0.25,40.0,0,0.0,C
3256.0,三　角　　哲　男,5,18,16.67,11.11,11.11,38.89,0.149,0.07,0.3,27.78,0,0.0,B
3161.0,古　場　　輝　義,6,8,0.0,12.5,25.0,37.5,0.221,0.12,0.31,0.0,0,0.0,C
4366.0,前　沢　　丈　史,1,19,57.89,21.05,5.26,84.21,0.145,0.07,0.25,10.53,0,0.0,B
3997.0,北　村　　征　嗣,5,11,36.36,0.0,27.27,63.64,0.165,0.08,0.29,9.09,0,0.0,B
4150.0,山　田　　雄　太,1,9,44.44,33.33,22.22,100.0,0.118,0.04,0.38,55.56,0,0.0,C
3441.0,土　屋　　太　朗,2,15,20.0,33.33,20.0,73.33,0.189,0.11,0.33,13.33,0,0.0,B
4131.0,原　　　　豊　土,4,4,25.0,0.0,25.0,50.0,0.165,0.07,0.29,0.0,0,0.0,参考
4613.0,竹　内　　吉　弘,5,3,0.0,0.0,0.0,0.0,0.263,0.19,0.4,33.33,0,0.0,参考
4389.0,伊　藤　　喜　智,2,7,14.29,14.29,0.0,28.57,0.219,0.11,0.38,0.0,0,0.0,C
4619.0,伏　田　　裕　隆,4,20,5.0,30.0,25.0,60.0,0.142,0.01,0.29,50.0,0,0.0,A
3851.0,森　田　　昭　彦,5,3,0.0,0.0,0.0,0.0,0.19,0.13,0.27,0.0,0,0.0,参考
4136.0,江　夏　　　　満,6,5,0.0,60.0,0.0,60.0,0.17,0.1,0.25,40.0,0,0.0,C
3460.0,堤　　　　健　一,1,3,0.0,33.33,0.0,33.33,0.087,0.03,0.12,33.33,0,0.0,参考
4314.0,青　木　　幸太郎,3,4,25.0,25.0,0.0,50.0,0.158,0.1,0.2,25.0,0,0.0,参考
4143.0,浦　田　　晃　嗣,4,4,25.0,0.0,50.0,75.0,0.138,0.04,0.18,25.0,0,0.0,参考
4033.0,伊　藤　　将　吉,6,3,0.0,0.0,66.67,66.67,0.16,0.13,0.21,33.33,0,0.0,参考
4531.0,武　富　　智　亮,1,7,57.14,14.29,14.29,85.71,0.1,0.05,0.17,57.14,0,0.0,C
4151.0,下　河　　誉　史,2,5,40.0,20.0,0.0,60.0,0.204,0.12,0.29,20.0,0,0.0,C
3313.0,本　吉　　正　樹,3,13,7.69,23.08,7.69,38.46,0.162,0.03,0.26,23.08,0,0.0,B
3233.0,小　畑　　実　成,4,4,0.0,25.0,25.0,50.0,0.215,0.16,0.3,0.0,0,0.0,参考
3256.0,三　角　　哲　男,6,17,17.65,23.53,35.29,76.47,0.166,0.06,0.29,29.41,0,0.0,B
4022.0,待　鳥　　雄　紀,1,10,20.0,40.0,20.0,80.0,0.146,0.06,0.31,30.0,0,0.0,B
4366.0,前　沢　　丈　史,2,21,14.29,33.33,19.05,66.67,0.127,0.04,0.25,38.1,0,0.0,A
4150.0,山　田　　雄　太,4,8,25.0,12.5,25.0,62.5,0.13,0.08,0.22,50.0,0,0.0,C
4423.0,坂　口　　貴　彦,5,10,20.0,20.0,10.0,50.0,0.179,0.12,0.25,0.0,0,0.0,B
3441.0,土　屋　　太　朗,1,13,38.46,15.38,7.69,61.54,0.218,0.13,0.29,23.08,0,0.0,B
3460.0,堤　　　　健　一,2,3,0.0,33.33,33.33,66.67,0.157,0.08,0.22,66.67,0,0.0,参考
3708.0,岡　部　　貴　司,3,4,0.0,25.0,50.0,75.0,0.152,0.09,0.23,25.0,0,0.0,参考
3792.0,田　中　　　　豪,4,22,13.64,22.73,22.73,59.09,0.169,0.07,0.34,4.55,0,0.0,A
3161.0,古　場　　輝　義,5,9,0.0,11.11,0.0,11.11,0.141,0.04,0.26,11.11,0,0.0,C
4143.0,浦　田　　晃　嗣,1,3,0.0,0.0,0.0,0.0,0.16,0.09,0.2,33.33,0,0.0,参考
3664.0,鈴　木　　賢　一,2,7,28.57,28.57,0.0,57.14,0.174,0.13,0.26,14.29,0,0.0,C
4136.0,江　夏　　　　満,3,7,28.57,14.29,28.57,71.43,0.151,0.04,0.31,14.29,0,0.0,C
4131.0,原　　　　豊　土,5,3,0.0,33.33,33.33,66.67,0.2,0.17,0.22,0.0,0,0.0,参考
4613.0,竹　内　　吉　弘,2,3,0.0,0.0,0.0,0.0,0.393,0.13,0.72,0.0,0,0.0,参考
3407.0,道　見　　数　成,5,4,0.0,0.0,0.0,0.0,0.215,0.11,0.3,0.0,0,0.0,参考
3370.0,坪　内　　　　実,5,5,0.0,20.0,0.0,20.0,0.174,0.12,0.24,0.0,0,0.0,C
4423.0,坂　口　　貴　彦,4,10,10.0,30.0,20.0,60.0,0.155,0.05,0.26,40.0,0,0.0,B
4324.0,海　野　　康志郎,5,3,0.0,33.33,33.33,66.67,0.113,0.07,0.16,0.0,0,0.0,参考
3161.0,古　場　　輝　義,3,10,0.0,20.0,40.0,60.0,0.151,0.08,0.24,0.0,0,0.0,B
4531.0,武　富　　智　亮,4,4,25.0,25.0,0.0,50.0,0.177,0.12,0.21,0.0,0,0.0,参考
4131.0,原　　　　豊　土,2,4,25.0,25.0,0.0,50.0,0.107,0.04,0.24,0.0,0,0.0,参考
3407.0,道　見　　数　成,3,5,20.0,0.0,40.0,60.0,0.15,0.02,0.28,20.0,0,0.0,C
4151.0,下　河　　誉　史,6,4,0.0,25.0,75.0,100.0,0.177,0.11,0.22,0.0,0,0.0,参考
4619.0,伏　田　　裕　隆,1,18,38.89,22.22,16.67,77.78,0.162,0.07,0.25,33.33,0,0.0,B
4314.0,青　木　　幸太郎,5,3,0.0,0.0,0.0,0.0,0.15,0.12,0.2,0.0,0,0.0,参考
4423.0,坂　口　　貴　彦,1,11,63.64,9.09,9.09,81.82,0.127,0.05,0.19,36.36,0,0.0,B
3460.0,堤　　　　健　一,3,4,0.0,25.0,25.0,50.0,0.207,0.15,0.3,0.0,0,0.0,参考
4235.0,進　藤　　　　侑,4,3,0.0,33.33,33.33,66.67,0.21,0.17,0.24,33.33,0,0.0,参考
4438.0,森　作　　雄　大,1,15,20.0,26.67,26.67,73.33,0.16,0.05,0.26,46.67,0,0.0,B
3685.0,荒　井　　輝　年,4,3,0.0,33.33,66.67,100.0,0.163,0.08,0.29,0.0,0,0.0,参考
3370.0,坪　内　　　　実,6,4,0.0,25.0,0.0,25.0,0.177,0.16,0.2,0.0,0,0.0,参考
4575.0,戸　塚　　邦　好,5,12,16.67,33.33,8.33,58.33,0.111,0.05,0.23,41.67,0,0.0,B
3708.0,岡　部　　貴　司,6,3,0.0,33.33,0.0,33.33,0.09,0.06,0.11,33.33,0,0.0,参考
3417.0,河　相　　秀　行,4,3,66.67,33.33,0.0,100.0,0.113,0.09,0.13,33.33,0,0.0,参考
4389.0,伊　藤　　喜　智,5,7,14.29,14.29,14.29,42.86,0.133,0.05,0.21,14.29,0,0.0,C
4515.0,藤　田　　浩　人,6,8,0.0,0.0,37.5,37.5,0.189,0.14,0.26,0.0,0,0.0,C
4150.0,山　田　　雄　太,2,8,12.5,25.0,0.0,37.5,0.143,0.06,0.23,25.0,0,0.0,C
4143.0,浦　田　　晃　嗣,2,6,33.33,0.0,33.33,66.67,0.162,0.07,0.25,0.0,0,0.0,C
3664.0,鈴　木　　賢　一,4,5,0.0,0.0,0.0,0.0,0.22,0.17,0.33,0.0,0,0.0,C
3370.0,坪　内　　　　実,1,4,50.0,25.0,25.0,100.0,0.11,0.04,0.22,50.0,0,0.0,参考
3233.0,小　畑　　実　成,3,4,25.0,25.0,25.0,75.0,0.14,0.09,0.21,25.0,0,0.0,参考
4438.0,森　作　　雄　大,6,13,15.38,0.0,0.0,15.38,0.149,0.03,0.27,23.08,0,0.0,B
4575.0,戸　塚　　邦　好,2,14,21.43,28.57,7.14,57.14,0.123,0.02,0.26,21.43,0,0.0,B
3313.0,本　吉　　正　樹,5,11,0.0,18.18,18.18,36.36,0.156,0.01,0.38,9.09,0,0.0,B
4619.0,伏　田　　裕　隆,6,15,13.33,6.67,20.0,40.0,0.169,0.09,0.24,26.67,0,0.0,B
3417.0,河　相　　秀　行,2,3,0.0,33.33,33.33,66.67,0.123,0.09,0.17,0.0,0,0.0,参考
3233.0,小　畑　　実　成,1,5,20.0,40.0,20.0,80.0,0.122,0.04,0.18,0.0,0,0.0,C
4527.0,高　野　　心　吾,2,6,0.0,16.67,50.0,66.67,0.145,0.09,0.21,16.67,0,0.0,C
3409.0,三　好　　　　一,3,6,50.0,16.67,16.67,83.33,0.143,0.11,0.19,0.0,0,0.0,C
4265.0,村　上　　祐　次,4,6,16.67,16.67,16.67,50.0,0.163,0.07,0.27,33.33,0,0.0,C
4696.0,齋　藤　　竜　次,5,5,0.0,0.0,0.0,0.0,0.216,0.12,0.26,0.0,0,0.0,C
4840.0,鈴　木　　秀　茉,6,11,0.0,9.09,9.09,18.18,0.208,0.06,0.51,18.18,0,0.0,B
3648.0,原　田　　通　雅,1,9,0.0,22.22,22.22,44.44,0.183,0.04,0.33,11.11,0,0.0,C
3433.0,諏　訪　　忠　宏,2,5,0.0,0.0,0.0,0.0,0.194,0.12,0.28,0.0,0,0.0,C
3496.0,赤　坂　　　　等,3,6,0.0,33.33,33.33,66.67,0.16,0.09,0.28,16.67,0,0.0,C
3784.0,中　島　　友　和,4,4,25.0,0.0,25.0,50.0,0.117,0.09,0.16,50.0,0,0.0,参考
4815.0,伏　島　　祐　介,6,16,0.0,6.25,12.5,18.75,0.174,0.08,0.38,18.75,0,0.0,B
4031.0,飯　島　　　　誠,1,9,44.44,11.11,11.11,66.67,0.164,0.08,0.28,55.56,0,0.0,C
2878.0,富　山　　弘　幸,2,11,18.18,18.18,27.27,63.64,0.202,0.11,0.3,0.0,0,0.0,B
3973.0,崎　　　　利　仁,3,9,0.0,0.0,22.22,22.22,0.178,0.03,0.28,0.0,0,0.0,C
3990.0,芹　澤　　克　彦,5,10,0.0,0.0,10.0,10.0,0.167,0.08,0.25,10.0,0,0.0,B
3434.0,松　尾　　宣　邦,6,6,0.0,0.0,16.67,16.67,0.183,0.14,0.25,0.0,0,0.0,C
4496.0,内　堀　　　　学,2,19,21.05,26.32,26.32,73.68,0.177,0.1,0.28,10.53,0,0.0,B
3696.0,白　井　　友　晴,3,13,23.08,46.15,15.38,84.62,0.158,0.05,0.23,7.69,0,0.0,B
4351.0,里　岡　　右　貴,4,7,57.14,0.0,0.0,57.14,0.117,0.01,0.22,42.86,0,0.0,C
3653.0,品　川　　賢　次,6,13,0.0,0.0,30.77,30.77,0.172,0.04,0.31,23.08,0,0.0,B
4043.0,桐　本　　康　臣,1,11,63.64,18.18,18.18,100.0,0.165,0.02,0.38,45.45,0,0.0,B
4610.0,佐　藤　　大　佑,2,6,16.67,50.0,0.0,66.67,0.187,0.01,0.35,50.0,0,0.0,C
3309.0,大　塚　　信　行,5,3,0.0,0.0,0.0,0.0,0.237,0.18,0.29,33.33,0,0.0,参考
3630.0,黒　田　　誠　司,6,8,0.0,0.0,12.5,12.5,0.163,0.09,0.28,25.0,0,0.0,C
3496.0,赤　坂　　　　等,2,6,0.0,16.67,0.0,16.67,0.212,0.16,0.27,0.0,0,0.0,C
4073.0,大　橋　　純一郎,3,11,0.0,18.18,27.27,45.45,0.152,0.1,0.26,27.27,0,0.0,B
4666.0,日　笠　　勝　弘,4,6,0.0,16.67,16.67,33.33,0.153,0.09,0.23,33.33,0,0.0,C
3542.0,清　水　　紀　克,5,4,0.0,25.0,25.0,50.0,0.19,0.12,0.29,0.0,0,0.0,参考
4318.0,桑　原　　将　光,6,11,18.18,0.0,27.27,45.45,0.16,0.04,0.25,0.0,0,0.0,B
4527.0,高　野　　心　吾,1,5,40.0,20.0,0.0,60.0,0.132,0.08,0.19,60.0,0,0.0,C
3502.0,渡　邉　　英　児,2,6,33.33,16.67,33.33,83.33,0.19,0.08,0.25,0.0,0,0.0,C
3648.0,原　田　　通　雅,3,7,28.57,28.57,14.29,71.43,0.161,0.09,0.24,0.0,0,0.0,C
4031.0,飯　島　　　　誠,4,13,7.69,23.08,0.0,30.77,0.139,0.02,0.24,23.08,0,0.0,B
4394.0,永　嶋　　裕　一,5,7,0.0,42.86,0.0,42.86,0.14,0.09,0.19,14.29,0,0.0,C
4233.0,亀　山　　雅　幸,6,7,0.0,14.29,28.57,42.86,0.154,0.1,0.24,14.29,0,0.0,C
3696.0,白　井　　友　晴,1,7,57.14,28.57,0.0,85.71,0.211,0.13,0.34,0.0,0,0.0,C
4513.0,河　野　　真　也,2,5,20.0,40.0,20.0,80.0,0.176,0.1,0.33,20.0,0,0.0,C
3331.0,新　美　　恵　一,3,6,16.67,50.0,16.67,83.33,0.218,0.15,0.3,0.0,0,0.0,C
2878.0,富　山　　弘　幸,4,6,33.33,33.33,0.0,66.67,0.202,0.07,0.57,33.33,0,0.0,C
4265.0,村　上　　祐　次,5,4,25.0,0.0,50.0,75.0,0.185,0.14,0.28,25.0,0,0.0,参考
4808.0,松　尾　　　　拓,6,9,11.11,0.0,11.11,22.22,0.158,0.07,0.27,22.22,0,0.0,C
4269.0,杉　山　　裕　也,2,7,42.86,42.86,0.0,85.71,0.147,0.04,0.23,71.43,0,0.0,C
4496.0,内　堀　　　　学,3,19,31.58,10.53,5.26,47.37,0.155,0.09,0.29,15.79,0,0.0,B
4092.0,岡　部　　大　輔,5,6,0.0,0.0,33.33,33.33,0.233,0.08,0.4,0.0,0,0.0,C
3784.0,中　島　　友　和,1,4,75.0,0.0,25.0,100.0,0.143,0.08,0.19,50.0,0,0.0,参考
3501.0,川　上　　昇　平,2,6,16.67,33.33,33.33,83.33,0.142,0.05,0.21,0.0,0,0.0,C
3309.0,大　塚　　信　行,3,4,0.0,0.0,25.0,25.0,0.182,0.12,0.31,0.0,0,0.0,参考
3434.0,松　尾　　宣　邦,4,7,14.29,28.57,0.0,42.86,0.129,0.05,0.21,14.29,0,0.0,C
4260.0,中　越　　博　紀,6,3,33.33,0.0,33.33,66.67,0.18,0.15,0.2,33.33,0,0.0,参考
3151.0,落　合　　敬　一,1,4,25.0,0.0,25.0,50.0,0.175,0.1,0.31,25.0,0,0.0,参考
4318.0,桑　原　　将　光,3,14,21.43,21.43,28.57,71.43,0.155,0.03,0.3,21.43,0,0.0,B
3990.0,芹　澤　　克　彦,4,12,0.0,0.0,8.33,8.33,0.146,0.04,0.21,33.33,0,0.0,B
3409.0,三　好　　　　一,5,3,0.0,0.0,33.33,33.33,0.223,0.18,0.28,33.33,0,0.0,参考
4718.0,北　川　　太　一,6,3,0.0,0.0,0.0,0.0,0.23,0.17,0.26,0.0,0,0.0,参考
3331.0,新　美　　恵　一,1,8,37.5,0.0,12.5,50.0,0.147,0.07,0.23,12.5,0,0.0,C
4043.0,桐　本　　康　臣,2,15,20.0,40.0,13.33,73.33,0.145,0.04,0.26,20.0,0,0.0,B
3502.0,渡　邉　　英　児,3,9,0.0,44.44,33.33,77.78,0.13,0.04,0.21,33.33,0,0.0,C
4269.0,杉　山　　裕　也,4,3,66.67,33.33,0.0,100.0,0.117,0.08,0.14,0.0,0,0.0,参考
4073.0,大　橋　　純一郎,5,9,11.11,33.33,22.22,66.67,0.159,0.1,0.25,11.11,0,0.0,C
4351.0,里　岡　　右　貴,6,6,16.67,33.33,16.67,66.67,0.115,0.05,0.16,33.33,0,0.0,C
3542.0,清　水　　紀　克,1,6,16.67,0.0,0.0,16.67,0.187,0.06,0.35,16.67,0,0.0,C
3309.0,大　塚　　信　行,2,3,0.0,33.33,0.0,33.33,0.233,0.18,0.33,0.0,0,0.0,参考
4696.0,齋　藤　　竜　次,4,3,0.0,33.33,0.0,33.33,0.217,0.16,0.31,0.0,0,0.0,参考
4808.0,松　尾　　　　拓,5,6,33.33,16.67,16.67,66.67,0.115,0.06,0.21,66.67,0,0.0,C
3990.0,芹　澤　　克　彦,6,11,0.0,0.0,36.36,36.36,0.161,0.06,0.27,9.09,0,0.0,B
4718.0,北　川　　太　一,1,4,25.0,25.0,50.0,100.0,0.2,0.11,0.29,0.0,0,0.0,参考
3630.0,黒　田　　誠　司,2,7,0.0,14.29,14.29,28.57,0.187,0.1,0.27,14.29,0,0.0,C
4527.0,高　野　　心　吾,3,7,0.0,14.29,0.0,14.29,0.179,0.07,0.29,14.29,0,0.0,C
4815.0,伏　島　　祐　介,4,14,7.14,14.29,7.14,28.57,0.205,0.07,0.36,7.14,0,0.0,B
4269.0,杉　山　　裕　也,5,6,0.0,16.67,33.33,50.0,0.215,0.08,0.44,16.67,0,0.0,C
3973.0,崎　　　　利　仁,6,4,25.0,0.0,25.0,50.0,0.21,0.08,0.29,0.0,0,0.0,参考
4233.0,亀　山　　雅　幸,1,10,60.0,20.0,10.0,90.0,0.163,0.1,0.25,50.0,0,0.0,B
4260.0,中　越　　博　紀,2,5,40.0,20.0,0.0,60.0,0.176,0.11,0.36,0.0,0,0.0,C
4610.0,佐　藤　　大　佑,6,8,0.0,12.5,25.0,37.5,0.179,0.02,0.23,12.5,0,0.0,C
4666.0,日　笠　　勝　弘,1,5,20.0,20.0,20.0,60.0,0.208,0.13,0.39,0.0,0,0.0,C
3151.0,落　合　　敬　一,2,3,0.0,66.67,0.0,66.67,0.207,0.15,0.24,0.0,0,0.0,参考
3784.0,中　島　　友　和,3,3,33.33,0.0,66.67,100.0,0.143,0.08,0.21,0.0,0,0.0,参考
4043.0,桐　本　　康　臣,5,12,0.0,25.0,0.0,25.0,0.157,0.07,0.25,16.67,0,0.0,B
4394.0,永　嶋　　裕　一,6,5,20.0,0.0,0.0,20.0,0.15,0.02,0.28,20.0,0,0.0,C
4351.0,里　岡　　右　貴,1,5,60.0,0.0,20.0,80.0,0.158,0.02,0.5,60.0,0,0.0,C
3433.0,諏　訪　　忠　宏,3,4,0.0,0.0,0.0,0.0,0.295,0.11,0.45,0.0,0,0.0,参考
4840.0,鈴　木　　秀　茉,4,10,0.0,20.0,0.0,20.0,0.165,0.11,0.27,10.0,0,0.0,B
4513.0,河　野　　真　也,6,9,11.11,22.22,33.33,66.67,0.157,0.06,0.28,22.22,0,0.0,C
2878.0,富　山　　弘　幸,1,10,50.0,10.0,10.0,70.0,0.144,0.08,0.33,20.0,0,0.0,B
3064.0,山　崎　　昭　生,2,3,100.0,0.0,0.0,100.0,0.123,0.09,0.14,66.67,0,0.0,参考
3630.0,黒　田　　誠　司,3,8,0.0,0.0,12.5,12.5,0.165,0.1,0.36,37.5,0,0.0,C
3502.0,渡　邉　　英　児,4,13,30.77,38.46,15.38,84.62,0.158,0.03,0.28,7.69,0,0.0,B
3501.0,川　上　　昇　平,5,5,20.0,0.0,20.0,40.0,0.112,0.03,0.21,80.0,0,0.0,C
3409.0,三　好　　　　一,1,3,0.0,100.0,0.0,100.0,0.21,0.19,0.25,33.33,0,0.0,参考
3331.0,新　美　　恵　一,2,7,28.57,42.86,14.29,85.71,0.166,0.09,0.28,42.86,0,0.0,C
4610.0,佐　藤　　大　佑,3,10,30.0,0.0,30.0,60.0,0.13,0.07,0.22,40.0,0,0.0,B
4394.0,永　嶋　　裕　一,4,6,0.0,0.0,33.33,33.33,0.172,0.11,0.23,0.0,0,0.0,C
4496.0,内　堀　　　　学,5,16,18.75,18.75,6.25,43.75,0.168,0.04,0.3,25.0,0,0.0,B
3496.0,赤　坂　　　　等,6,4,0.0,0.0,25.0,25.0,0.198,0.07,0.29,25.0,0,0.0,参考
3433.0,諏　訪　　忠　宏,1,5,20.0,0.0,0.0,20.0,0.204,0.04,0.43,0.0,0,0.0,C
3696.0,白　井　　友　晴,2,7,14.29,57.14,14.29,85.71,0.171,0.12,0.21,14.29,0,0.0,C
3151.0,落　合　　敬　一,3,5,40.0,0.0,20.0,60.0,0.118,0.06,0.18,20.0,0,0.0,C
3434.0,松　尾　　宣　邦,5,4,0.0,25.0,0.0,25.0,0.223,0.09,0.33,25.0,0,0.0,参考
4269.0,杉　山　　裕　也,6,7,14.29,42.86,14.29,71.43,0.157,0.11,0.21,0.0,0,0.0,C
3784.0,中　島　　友　和,2,4,25.0,0.0,25.0,50.0,0.175,0.09,0.32,50.0,0,0.0,参考
4351.0,里　岡　　右　貴,3,8,12.5,37.5,25.0,75.0,0.193,0.13,0.32,12.5,0,0.0,C
4318.0,桑　原　　将　光,4,11,9.09,45.45,9.09,63.64,0.147,0.06,0.3,18.18,0,0.0,B
4031.0,飯　島　　　　誠,5,7,0.0,28.57,28.57,57.14,0.196,0.1,0.32,14.29,0,0.0,C
3542.0,清　水　　紀　克,2,8,0.0,0.0,25.0,25.0,0.193,0.12,0.31,12.5,0,0.0,C
2878.0,富　山　　弘　幸,3,10,0.0,20.0,20.0,40.0,0.212,0.07,0.32,0.0,0,0.0,B
3653.0,品　川　　賢　次,4,13,0.0,30.77,23.08,53.85,0.202,0.08,0.39,15.38,0,0.0,B
3648.0,原　田　　通　雅,5,7,14.29,0.0,0.0,14.29,0.199,0.01,0.29,14.29,0,0.0,C
4043.0,桐　本　　康　臣,6,9,0.0,0.0,55.56,55.56,0.176,0.06,0.33,11.11,0,0.0,C
4265.0,村　上　　祐　次,2,4,0.0,25.0,25.0,50.0,0.223,0.12,0.28,0.0,0,0.0,参考
3990.0,芹　澤　　克　彦,3,13,7.69,15.38,30.77,53.85,0.138,0.08,0.22,7.69,0,0.0,B
4233.0,亀　山　　雅　幸,4,12,8.33,25.0,16.67,50.0,0.134,0.06,0.2,16.67,0,0.0,B
4073.0,大　橋　　純一郎,6,8,12.5,25.0,37.5,75.0,0.163,0.1,0.27,12.5,0,0.0,C
3502.0,渡　邉　　英　児,1,10,10.0,30.0,30.0,70.0,0.209,0.03,0.33,0.0,0,0.0,B
4666.0,日　笠　　勝　弘,2,5,20.0,0.0,0.0,20.0,0.178,0.07,0.32,20.0,0,0.0,C
4260.0,中　越　　博　紀,4,8,25.0,37.5,12.5,75.0,0.146,0.04,0.24,0.0,0,0.0,C
3973.0,崎　　　　利　仁,5,7,0.0,0.0,14.29,14.29,0.19,0.14,0.28,42.86,0,0.0,C
4496.0,内　堀　　　　学,6,20,15.0,25.0,10.0,50.0,0.126,0.03,0.22,35.0,0,0.0,A
3434.0,松　尾　　宣　邦,1,6,33.33,16.67,50.0,100.0,0.198,0.04,0.35,33.33,0,0.0,C
3542.0,清　水　　紀　克,3,7,0.0,14.29,28.57,42.86,0.183,0.13,0.26,14.29,0,0.0,C
3496.0,赤　坂　　　　等,5,6,16.67,50.0,16.67,83.33,0.14,0.06,0.25,33.33,0,0.0,C
3309.0,大　塚　　信　行,1,4,25.0,0.0,0.0,25.0,0.207,0.13,0.29,0.0,0,0.0,参考
3653.0,品　川　　賢　次,3,17,17.65,17.65,11.76,47.06,0.169,0.07,0.31,17.65,0,0.0,B
4527.0,高　野　　心　吾,4,7,28.57,0.0,28.57,57.14,0.13,0.08,0.17,14.29,0,0.0,C
4840.0,鈴　木　　秀　茉,5,11,0.0,9.09,18.18,27.27,0.168,0.04,0.39,9.09,0,0.0,B
3331.0,新　美　　恵　一,6,7,0.0,71.43,0.0,71.43,0.197,0.11,0.28,0.0,0,0.0,C
4265.0,村　上　　祐　次,1,4,0.0,50.0,0.0,50.0,0.22,0.03,0.36,25.0,0,0.0,参考
3409.0,三　好　　　　一,2,4,50.0,0.0,0.0,50.0,0.152,0.1,0.25,25.0,0,0.0,参考
3648.0,原　田　　通　雅,4,6,33.33,16.67,0.0,50.0,0.112,0.06,0.16,50.0,0,0.0,C
3502.0,渡　邉　　英　児,6,8,0.0,0.0,37.5,37.5,0.191,0.09,0.28,12.5,0,0.0,C
3973.0,崎　　　　利　仁,1,5,20.0,20.0,40.0,80.0,0.152,0.02,0.25,40.0,0,0.0,C
4233.0,亀　山　　雅　幸,2,8,25.0,37.5,12.5,75.0,0.142,0.08,0.21,37.5,0,0.0,C
4666.0,日　笠　　勝　弘,3,8,12.5,0.0,25.0,37.5,0.16,0.1,0.23,12.5,0,0.0,C
4043.0,桐　本　　康　臣,4,10,50.0,20.0,10.0,80.0,0.165,0.03,0.25,10.0,0,0.0,B
4610.0,佐　藤　　大　佑,5,7,28.57,14.29,0.0,42.86,0.129,0.04,0.22,28.57,0,0.0,C
3696.0,白　井　　友　晴,6,5,0.0,0.0,20.0,20.0,0.24,0.17,0.31,0.0,0,0.0,C
4073.0,大　橋　　純一郎,1,11,63.64,9.09,0.0,72.73,0.115,0.07,0.19,63.64,0,0.0,B
3496.0,赤　坂　　　　等,4,6,33.33,16.67,33.33,83.33,0.123,0.05,0.19,50.0,0,0.0,C
3630.0,黒　田　　誠　司,5,6,0.0,16.67,50.0,66.67,0.18,0.16,0.24,16.67,0,0.0,C
4696.0,齋　藤　　竜　次,6,4,0.0,0.0,25.0,25.0,0.185,0.1,0.25,0.0,0,0.0,参考
4394.0,永　嶋　　裕　一,1,6,0.0,0.0,50.0,50.0,0.2,0.09,0.27,16.67,0,0.0,C
3990.0,芹　澤　　克　彦,2,11,27.27,9.09,18.18,54.55,0.15,0.1,0.26,18.18,0,0.0,B
4031.0,飯　島　　　　誠,3,10,10.0,20.0,20.0,50.0,0.19,0.08,0.35,10.0,0,0.0,B
3501.0,川　上　　昇　平,4,3,33.33,33.33,0.0,66.67,0.19,0.14,0.22,66.67,0,0.0,参考
4815.0,伏　島　　祐　介,5,16,0.0,0.0,12.5,12.5,0.151,0.05,0.26,0.0,0,0.0,B
4318.0,桑　原　　将　光,1,16,50.0,31.25,6.25,87.5,0.143,0.06,0.26,18.75,0,0.0,B
3973.0,崎　　　　利　仁,2,7,14.29,0.0,14.29,28.57,0.143,0.06,0.18,0.0,0,0.0,C
3502.0,渡　邉　　英　児,5,7,0.0,71.43,14.29,85.71,0.159,0.11,0.25,14.29,0,0.0,C
3784.0,中　島　　友　和,6,3,0.0,0.0,33.33,33.33,0.123,0.08,0.15,33.33,0,0.0,参考
4260.0,中　越　　博　紀,1,4,75.0,0.0,0.0,75.0,0.19,0.14,0.28,0.0,0,0.0,参考
4043.0,桐　本　　康　臣,3,15,40.0,26.67,20.0,86.67,0.154,0.06,0.21,20.0,0,0.0,B
4496.0,内　堀　　　　学,4,20,35.0,30.0,10.0,75.0,0.146,0.07,0.26,25.0,0,0.0,A
3653.0,品　川　　賢　次,1,16,31.25,18.75,12.5,62.5,0.156,0.0,0.29,25.0,0,0.0,B
3434.0,松　尾　　宣　邦,3,8,12.5,25.0,0.0,37.5,0.196,0.11,0.5,12.5,0,0.0,C
3409.0,三　好　　　　一,4,4,0.0,0.0,25.0,25.0,0.21,0.16,0.32,0.0,0,0.0,参考
3990.0,芹　澤　　克　彦,1,11,27.27,27.27,9.09,63.64,0.165,0.08,0.28,18.18,0,0.0,B
3331.0,新　美　　恵　一,5,6,0.0,16.67,16.67,33.33,0.143,0.02,0.25,33.33,0,0.0,C
3648.0,原　田　　通　雅,6,5,0.0,0.0,0.0,0.0,0.208,0.13,0.35,20.0,0,0.0,C
4031.0,飯　島　　　　誠,2,6,0.0,33.33,16.67,50.0,0.178,0.07,0.36,16.67,0,0.0,C
4265.0,村　上　　祐　次,3,4,0.0,0.0,25.0,25.0,0.263,0.23,0.33,0.0,0,0.0,参考
4351.0,里　岡　　右　貴,5,7,42.86,14.29,14.29,71.43,0.169,0.1,0.31,42.86,0,0.0,C
4666.0,日　笠　　勝　弘,6,4,0.0,25.0,0.0,25.0,0.168,0.09,0.24,25.0,0,0.0,参考
4269.0,杉　山　　裕　也,1,9,88.89,0.0,0.0,88.89,0.132,0.02,0.2,66.67,0,0.0,C
4394.0,永　嶋　　裕　一,2,7,0.0,28.57,28.57,57.14,0.194,0.08,0.3,14.29,0,0.0,C
4233.0,亀　山　　雅　幸,3,12,33.33,25.0,16.67,75.0,0.142,0.09,0.23,16.67,0,0.0,B
4808.0,松　尾　　　　拓,4,8,12.5,25.0,50.0,87.5,0.169,0.09,0.31,12.5,0,0.0,C
3784.0,中　島　　友　和,5,5,0.0,0.0,0.0,0.0,0.19,0.16,0.27,40.0,0,0.0,C
4610.0,佐　藤　　大　佑,1,9,66.67,0.0,11.11,77.78,0.166,0.0,0.43,33.33,0,0.0,C
4527.0,高　野　　心　吾,5,6,0.0,0.0,33.33,33.33,0.157,0.12,0.19,16.67,0,0.0,C
3630.0,黒　田　　誠　司,1,8,0.0,25.0,37.5,62.5,0.165,0.08,0.35,12.5,0,0.0,C
3434.0,松　尾　　宣　邦,2,4,0.0,25.0,0.0,25.0,0.172,0.11,0.24,50.0,0,0.0,参考
3433.0,諏　訪　　忠　宏,4,3,0.0,33.33,33.33,66.67,0.203,0.13,0.25,0.0,0,0.0,参考
4351.0,里　岡　　右　貴,2,6,16.67,16.67,16.67,50.0,0.137,0.1,0.22,16.67,0,0.0,C
3696.0,白　井　　友　晴,4,10,0.0,10.0,20.0,30.0,0.183,0.11,0.33,10.0,0,0.0,B
3542.0,清　水　　紀　克,6,7,0.0,0.0,14.29,14.29,0.163,0.06,0.28,0.0,0,0.0,C
3496.0,赤　坂　　　　等,1,4,25.0,50.0,25.0,100.0,0.175,0.16,0.21,0.0,0,0.0,参考
3331.0,新　美　　恵　一,4,6,0.0,16.67,33.33,50.0,0.187,0.13,0.22,0.0,0,0.0,C
3151.0,落　合　　敬　一,6,4,0.0,25.0,0.0,25.0,0.125,0.03,0.18,25.0,0,0.0,参考
4527.0,高　野　　心　吾,6,4,0.0,0.0,0.0,0.0,0.232,0.15,0.32,0.0,0,0.0,参考
4260.0,中　越　　博　紀,5,3,0.0,33.33,33.33,66.67,0.18,0.16,0.21,0.0,0,0.0,参考
3433.0,諏　訪　　忠　宏,6,6,16.67,0.0,0.0,16.67,0.228,0.17,0.27,0.0,0,0.0,C
4666.0,日　笠　　勝　弘,5,3,0.0,0.0,0.0,0.0,0.15,0.14,0.16,0.0,0,0.0,参考
3648.0,原　田　　通　雅,2,7,0.0,42.86,14.29,57.14,0.159,0.02,0.36,0.0,0,0.0,C
3696.0,白　井　　友　晴,5,6,0.0,0.0,50.0,50.0,0.197,0.12,0.29,0.0,0,0.0,C
4265.0,村　上　　祐　次,6,3,0.0,0.0,0.0,0.0,0.13,0.08,0.16,33.33,0,0.0,参考
4394.0,永　嶋　　裕　一,3,7,0.0,28.57,28.57,57.14,0.141,0.03,0.22,42.86,0,0.0,C
3630.0,黒　田　　誠　司,4,7,0.0,14.29,42.86,57.14,0.177,0.09,0.33,42.86,0,0.0,C
3151.0,落　合　　敬　一,5,4,0.0,25.0,0.0,25.0,0.16,0.09,0.22,25.0,0,0.0,参考
3653.0,品　川　　賢　次,2,14,7.14,28.57,21.43,57.14,0.174,0.07,0.26,14.29,0,0.0,B
4233.0,亀　山　　雅　幸,5,8,0.0,12.5,0.0,12.5,0.179,0.05,0.26,12.5,0,0.0,C
4031.0,飯　島　　　　誠,6,13,0.0,7.69,23.08,30.77,0.173,0.09,0.3,7.69,0,0.0,B
4688.0,永　井　　彪　也,4,15,0.0,40.0,33.33,73.33,0.135,0.05,0.26,40.0,0,0.0,B
3463.0,乙　津　　康　志,2,16,18.75,25.0,6.25,50.0,0.182,0.07,0.4,6.25,0,0.0,B
4610.0,佐　藤　　大　佑,4,7,0.0,28.57,0.0,28.57,0.147,0.03,0.23,28.57,0,0.0,C
4540.0,相　原　　利　章,4,16,25.0,18.75,18.75,62.5,0.083,0.02,0.17,43.75,0,0.0,B
4318.0,桑　原　　将　光,2,11,18.18,27.27,18.18,63.64,0.123,0.03,0.29,27.27,0,0.0,B
4688.0,永　井　　彪　也,5,11,18.18,9.09,36.36,63.64,0.113,0.01,0.22,27.27,0,0.0,B
4540.0,相　原　　利　章,5,19,5.26,15.79,21.05,42.11,0.134,0.05,0.25,15.79,0,0.0,B
3463.0,乙　津　　康　志,4,20,15.0,15.0,25.0,55.0,0.195,0.09,0.39,25.0,0,0.0,A
4260.0,中　越　　博　紀,3,4,75.0,25.0,0.0,100.0,0.115,0.06,0.15,25.0,0,0.0,参考
4318.0,桑　原　　将　光,5,7,0.0,28.57,14.29,42.86,0.144,0.03,0.23,14.29,0,0.0,C
4540.0,相　原　　利　章,1,15,53.33,20.0,6.67,80.0,0.131,0.04,0.27,53.33,0,0.0,B
4688.0,永　井　　彪　也,1,17,47.06,17.65,17.65,82.35,0.142,0.07,0.23,35.29,0,0.0,B
3463.0,乙　津　　康　志,3,20,20.0,15.0,25.0,60.0,0.143,0.03,0.24,20.0,0,0.0,A
4688.0,永　井　　彪　也,3,12,8.33,33.33,25.0,66.67,0.13,0.08,0.2,16.67,0,0.0,B
4540.0,相　原　　利　章,2,19,21.05,21.05,15.79,57.89,0.141,0.03,0.34,47.37,0,0.0,B
3973.0,崎　　　　利　仁,4,6,0.0,33.33,0.0,33.33,0.187,0.11,0.27,0.0,0,0.0,C
4340.0,土　性　　雅　也,1,4,0.0,25.0,25.0,50.0,0.193,0.04,0.37,25.0,0,0.0,参考
4396.0,大　田　　直　弥,4,12,8.33,8.33,41.67,58.33,0.171,0.02,0.29,16.67,0,0.0,B
2504.0,國　浦　　英　徳,5,4,0.0,25.0,25.0,50.0,0.2,0.12,0.23,0.0,0,0.0,参考
4845.0,前　田　　紗　希,6,14,0.0,7.14,0.0,7.14,0.149,0.06,0.31,14.29,0,0.0,B
3632.0,江　並　　浩　一,1,3,33.33,33.33,0.0,66.67,0.177,0.03,0.29,66.67,0,0.0,参考
4319.0,三　宅　　　　潤,3,6,0.0,16.67,33.33,50.0,0.185,0.08,0.31,0.0,0,0.0,C
3225.0,松　村　　昌　子,4,3,0.0,0.0,66.67,66.67,0.293,0.28,0.32,0.0,0,0.0,参考
4708.0,半　田　　尚　也,5,7,0.0,14.29,0.0,14.29,0.153,0.08,0.23,28.57,0,0.0,C
3624.0,大　石　　和　彦,6,5,0.0,20.0,20.0,40.0,0.178,0.12,0.25,40.0,0,0.0,C
3605.0,中　村　　守　成,1,5,60.0,0.0,0.0,60.0,0.182,0.11,0.24,40.0,0,0.0,C
3747.0,國　崎　　良　春,2,8,25.0,25.0,12.5,62.5,0.125,0.06,0.23,25.0,0,0.0,C
4133.0,高　橋　　正　男,4,6,0.0,16.67,0.0,16.67,0.145,0.1,0.26,33.33,0,0.0,C
4550.0,石　岡　　将　太,6,5,0.0,0.0,0.0,0.0,0.174,0.12,0.24,20.0,0,0.0,C
4232.0,笠　　　　雅　雄,2,3,33.33,0.0,0.0,33.33,0.217,0.08,0.31,0.0,0,0.0,参考
4659.0,木　下　　翔　太,3,7,14.29,28.57,42.86,85.71,0.137,0.1,0.18,14.29,0,0.0,C
3888.0,山　本　　英　志,4,7,28.57,28.57,28.57,85.71,0.169,0.07,0.4,28.57,0,0.0,C
4315.0,山　崎　　昂　介,5,4,0.0,0.0,25.0,25.0,0.17,0.14,0.21,0.0,0,0.0,参考
4432.0,黄金井　　力　良,6,8,0.0,25.0,0.0,25.0,0.154,0.06,0.24,37.5,0,0.0,C
3845.0,中　谷　　朋　子,1,10,50.0,20.0,10.0,80.0,0.179,0.09,0.25,30.0,0,0.0,B
3650.0,太　田　　雅　美,2,3,0.0,0.0,0.0,0.0,0.25,0.19,0.34,33.33,0,0.0,参考
2995.0,小神野　　紀代子,3,4,0.0,0.0,0.0,0.0,0.198,0.07,0.37,0.0,0,0.0,参考
3994.0,茶　谷　　　　桜,4,8,0.0,12.5,25.0,37.5,0.2,0.11,0.27,12.5,0,0.0,C
3579.0,中　里　　優　子,6,9,11.11,22.22,0.0,33.33,0.129,0.07,0.25,33.33,0,0.0,C
4156.0,浜　野　　孝　志,1,7,42.86,28.57,14.29,85.71,0.137,0.01,0.19,42.86,0,0.0,C
3895.0,堀　本　　裕　也,2,6,33.33,0.0,0.0,33.33,0.165,0.09,0.22,50.0,0,0.0,C
2504.0,國　浦　　英　徳,3,5,0.0,0.0,20.0,20.0,0.24,0.18,0.31,0.0,0,0.0,C
4103.0,山　崎　　善　庸,4,18,0.0,27.78,11.11,38.89,0.233,0.15,0.34,0.0,0,0.0,B
4355.0,小　川　　広　大,5,5,0.0,0.0,0.0,0.0,0.164,0.07,0.28,0.0,0,0.0,C
4002.0,古　結　　　　宏,6,3,0.0,33.33,33.33,66.67,0.127,0.09,0.19,0.0,0,0.0,参考
3581.0,加　木　　　　郁,1,5,0.0,40.0,0.0,40.0,0.196,0.14,0.23,20.0,0,0.0,C
3736.0,岡　本　　　　猛,3,4,0.0,25.0,50.0,75.0,0.21,0.11,0.34,0.0,0,0.0,参考
4113.0,木　村　　浩　士,4,12,0.0,16.67,16.67,33.33,0.192,0.14,0.25,8.33,0,0.0,B
4393.0,田　中　　孝　明,5,3,33.33,0.0,0.0,33.33,0.213,0.18,0.27,0.0,0,0.0,参考
4395.0,下　河　　雅　史,1,5,60.0,0.0,0.0,60.0,0.178,0.08,0.26,20.0,0,0.0,C
3632.0,江　並　　浩　一,3,4,0.0,0.0,25.0,25.0,0.168,0.07,0.22,0.0,0,0.0,参考
4340.0,土　性　　雅　也,4,4,0.0,0.0,50.0,50.0,0.155,0.13,0.18,25.0,0,0.0,参考
4297.0,山　田　　哲　也,5,22,13.64,18.18,13.64,45.45,0.101,0.03,0.16,40.91,0,0.0,A
3220.0,二　橋　　　　学,6,4,0.0,0.0,0.0,0.0,0.158,0.07,0.26,25.0,0,0.0,参考
4232.0,笠　　　　雅　雄,1,5,0.0,20.0,0.0,20.0,0.372,0.21,0.67,20.0,0,0.0,C
4133.0,高　橋　　正　男,2,4,25.0,25.0,25.0,75.0,0.295,0.13,0.69,25.0,0,0.0,参考
3579.0,中　里　　優　子,3,15,13.33,26.67,6.67,46.67,0.177,0.03,0.54,20.0,0,0.0,B
3624.0,大　石　　和　彦,4,7,0.0,0.0,28.57,28.57,0.2,0.06,0.42,0.0,0,0.0,C
3342.0,藤　井　　勝　巳,5,3,0.0,33.33,0.0,33.33,0.19,0.09,0.36,33.33,0,0.0,参考
4396.0,大　田　　直　弥,6,7,14.29,28.57,0.0,42.86,0.237,0.12,0.42,0.0,0,0.0,C
4319.0,三　宅　　　　潤,1,4,75.0,0.0,25.0,100.0,0.143,0.13,0.16,0.0,0,0.0,参考
3994.0,茶　谷　　　　桜,2,10,10.0,20.0,30.0,60.0,0.208,0.07,0.27,10.0,0,0.0,B
3605.0,中　村　　守　成,3,5,0.0,0.0,20.0,20.0,0.148,0.08,0.23,0.0,0,0.0,C
3895.0,堀　本　　裕　也,4,6,0.0,0.0,33.33,33.33,0.175,0.11,0.23,16.67,0,0.0,C
4432.0,黄金井　　力　良,5,5,0.0,20.0,20.0,40.0,0.154,0.1,0.25,0.0,0,0.0,C
4413.0,水　摩　　　　敦,6,5,0.0,40.0,20.0,60.0,0.12,0.04,0.17,20.0,0,0.0,C
4113.0,木　村　　浩　士,1,9,66.67,11.11,0.0,77.78,0.187,0.07,0.35,11.11,0,0.0,C
4156.0,浜　野　　孝　志,2,12,33.33,33.33,16.67,83.33,0.199,0.09,0.28,0.0,0,0.0,B
3906.0,飯　山　　晃　三,3,4,50.0,0.0,0.0,50.0,0.172,0.15,0.22,0.0,0,0.0,参考
4173.0,岡　谷　　健　吾,5,3,0.0,33.33,33.33,66.67,0.133,0.1,0.15,33.33,0,0.0,参考
4659.0,木　下　　翔　太,6,10,0.0,0.0,30.0,30.0,0.158,0.04,0.28,10.0,0,0.0,B
3888.0,山　本　　英　志,1,7,57.14,28.57,0.0,85.71,0.153,0.11,0.22,28.57,0,0.0,C
3845.0,中　谷　　朋　子,2,9,33.33,55.56,0.0,88.89,0.167,0.09,0.26,0.0,0,0.0,C
3747.0,國　崎　　良　春,3,6,0.0,50.0,0.0,50.0,0.178,0.09,0.31,0.0,0,0.0,C
4297.0,山　田　　哲　也,4,22,22.73,22.73,18.18,63.64,0.106,0.05,0.23,27.27,0,0.0,A
4002.0,古　結　　　　宏,5,3,0.0,0.0,0.0,0.0,0.107,0.06,0.13,0.0,0,0.0,参考
3736.0,岡　本　　　　猛,6,6,0.0,33.33,16.67,50.0,0.135,0.04,0.24,16.67,0,0.0,C
3220.0,二　橋　　　　学,1,4,25.0,25.0,25.0,75.0,0.193,0.16,0.22,25.0,0,0.0,参考
4315.0,山　崎　　昂　介,2,7,28.57,14.29,14.29,57.14,0.201,0.16,0.33,0.0,0,0.0,C
4355.0,小　川　　広　大,3,8,0.0,12.5,25.0,37.5,0.179,0.12,0.26,0.0,0,0.0,C
3736.0,岡　本　　　　猛,4,4,0.0,50.0,0.0,50.0,0.258,0.06,0.48,0.0,0,0.0,参考
2995.0,小神野　　紀代子,5,4,0.0,0.0,50.0,50.0,0.25,0.19,0.3,0.0,0,0.0,参考
4550.0,石　岡　　将　太,1,4,0.0,0.0,75.0,75.0,0.128,0.01,0.23,50.0,0,0.0,参考
4708.0,半　田　　尚　也,2,7,0.0,0.0,0.0,0.0,0.19,0.04,0.28,14.29,0,0.0,C
3888.0,山　本　　英　志,3,8,25.0,12.5,25.0,62.5,0.133,0.07,0.17,25.0,0,0.0,C
2504.0,國　浦　　英　徳,4,4,0.0,0.0,0.0,0.0,0.24,0.13,0.32,0.0,0,0.0,参考
3650.0,太　田　　雅　美,6,5,0.0,20.0,0.0,20.0,0.164,0.09,0.29,40.0,0,0.0,C
4173.0,岡　谷　　健　吾,2,3,66.67,33.33,0.0,100.0,0.2,0.14,0.26,0.0,0,0.0,参考
4103.0,山　崎　　善　庸,3,19,0.0,26.32,26.32,52.63,0.193,0.08,0.28,0.0,0,0.0,B
3845.0,中　谷　　朋　子,4,5,0.0,20.0,20.0,40.0,0.146,0.12,0.18,20.0,0,0.0,C
4396.0,大　田　　直　弥,5,7,0.0,42.86,0.0,42.86,0.164,0.09,0.25,14.29,0,0.0,C
3342.0,藤　井　　勝　巳,2,3,0.0,33.33,0.0,33.33,0.157,0.08,0.2,33.33,0,0.0,参考
3994.0,茶　谷　　　　桜,3,10,20.0,0.0,20.0,40.0,0.205,0.1,0.3,0.0,0,0.0,B
4395.0,下　河　　雅　史,4,4,0.0,25.0,25.0,50.0,0.152,0.1,0.21,0.0,0,0.0,参考
4156.0,浜　野　　孝　志,5,11,0.0,18.18,9.09,27.27,0.153,0.05,0.27,9.09,0,0.0,B
3747.0,國　崎　　良　春,6,5,0.0,20.0,20.0,40.0,0.15,0.08,0.22,20.0,0,0.0,C
3581.0,加　木　　　　郁,4,5,0.0,0.0,20.0,20.0,0.198,0.11,0.28,0.0,0,0.0,C
4232.0,笠　　　　雅　雄,6,5,0.0,0.0,20.0,20.0,0.198,0.11,0.31,0.0,0,0.0,C
4297.0,山　田　　哲　也,2,24,16.67,20.83,29.17,66.67,0.097,0.02,0.18,45.83,0,0.0,A
4315.0,山　崎　　昂　介,3,4,25.0,0.0,25.0,50.0,0.16,0.09,0.21,0.0,0,0.0,参考
3650.0,太　田　　雅　美,4,3,33.33,0.0,0.0,33.33,0.143,0.08,0.23,33.33,0,0.0,参考
3605.0,中　村　　守　成,5,4,0.0,0.0,0.0,0.0,0.115,0.08,0.15,25.0,0,0.0,参考
3906.0,飯　山　　晃　三,6,3,0.0,33.33,0.0,33.33,0.233,0.16,0.32,0.0,0,0.0,参考
4659.0,木　下　　翔　太,1,11,63.64,18.18,9.09,90.91,0.175,0.09,0.25,18.18,0,0.0,B
4550.0,石　岡　　将　太,2,7,28.57,0.0,14.29,42.86,0.137,0.05,0.24,42.86,0,0.0,C
3579.0,中　里　　優　子,4,11,0.0,36.36,27.27,63.64,0.165,0.08,0.27,0.0,0,0.0,B
3736.0,岡　本　　　　猛,5,6,0.0,16.67,16.67,33.33,0.148,0.08,0.21,0.0,0,0.0,C
4103.0,山　崎　　善　庸,6,10,0.0,0.0,0.0,0.0,0.235,0.15,0.34,0.0,0,0.0,B
3624.0,大　石　　和　彦,1,7,14.29,14.29,14.29,42.86,0.137,0.07,0.18,71.43,0,0.0,C
4113.0,木　村　　浩　士,2,10,40.0,0.0,10.0,50.0,0.178,0.13,0.25,0.0,0,0.0,B
3747.0,國　崎　　良　春,5,7,14.29,0.0,28.57,42.86,0.167,0.11,0.28,14.29,0,0.0,C
3895.0,堀　本　　裕　也,6,5,0.0,0.0,0.0,0.0,0.132,0.06,0.2,0.0,0,0.0,C
4173.0,岡　谷　　健　吾,1,4,50.0,25.0,0.0,75.0,0.168,0.07,0.27,75.0,0,0.0,参考
4432.0,黄金井　　力　良,2,6,0.0,33.33,33.33,66.67,0.155,0.06,0.22,16.67,0,0.0,C
4002.0,古　結　　　　宏,3,3,33.33,0.0,0.0,33.33,0.087,0.05,0.14,33.33,0,0.0,参考
2995.0,小神野　　紀代子,6,4,0.0,25.0,25.0,50.0,0.22,0.14,0.29,0.0,0,0.0,参考
4133.0,高　橋　　正　男,1,5,60.0,20.0,20.0,100.0,0.122,0.06,0.17,60.0,0,0.0,C
4659.0,木　下　　翔　太,2,12,41.67,25.0,25.0,91.67,0.152,0.08,0.2,16.67,0,0.0,B
4395.0,下　河　　雅　史,5,4,0.0,25.0,0.0,25.0,0.225,0.13,0.37,0.0,0,0.0,参考
3845.0,中　谷　　朋　子,6,10,20.0,10.0,10.0,40.0,0.205,0.13,0.33,0.0,0,0.0,B
4413.0,水　摩　　　　敦,1,5,60.0,20.0,0.0,80.0,0.152,0.12,0.17,20.0,0,0.0,C
3888.0,山　本　　英　志,2,14,35.71,14.29,14.29,64.29,0.117,0.03,0.22,21.43,0,0.0,B
4396.0,大　田　　直　弥,3,12,8.33,16.67,16.67,41.67,0.158,0.09,0.28,8.33,0,0.0,B
4355.0,小　川　　広　大,4,6,0.0,33.33,0.0,33.33,0.153,0.08,0.18,0.0,0,0.0,C
3906.0,飯　山　　晃　三,5,5,0.0,0.0,0.0,0.0,0.222,0.15,0.29,0.0,0,0.0,C
4297.0,山　田　　哲　也,1,26,80.77,7.69,0.0,88.46,0.118,0.03,0.26,38.46,0,0.0,A
3581.0,加　木　　　　郁,2,6,16.67,0.0,0.0,16.67,0.175,0.05,0.25,16.67,0,0.0,C
4156.0,浜　野　　孝　志,4,7,14.29,0.0,0.0,14.29,0.164,0.08,0.24,14.29,0,0.0,C
3579.0,中　里　　優　子,5,7,14.29,14.29,28.57,57.14,0.194,0.13,0.26,14.29,0,0.0,C
4319.0,三　宅　　　　潤,6,3,0.0,0.0,33.33,33.33,0.257,0.18,0.32,0.0,0,0.0,参考
4315.0,山　崎　　昂　介,1,3,0.0,33.33,0.0,33.33,0.167,0.15,0.19,0.0,0,0.0,参考
2504.0,國　浦　　英　徳,2,5,0.0,0.0,0.0,0.0,0.25,0.13,0.39,0.0,0,0.0,C
4708.0,半　田　　尚　也,3,7,0.0,42.86,14.29,57.14,0.231,0.15,0.33,0.0,0,0.0,C
3747.0,國　崎　　良　春,4,5,40.0,0.0,20.0,60.0,0.152,0.12,0.18,20.0,0,0.0,C
4232.0,笠　　　　雅　雄,5,3,0.0,33.33,0.0,33.33,0.123,0.07,0.18,66.67,0,0.0,参考
4432.0,黄金井　　力　良,1,10,30.0,30.0,20.0,80.0,0.196,0.07,0.53,50.0,0,0.0,B
4355.0,小　川　　広　大,2,5,0.0,20.0,0.0,20.0,0.262,0.16,0.49,0.0,0,0.0,C
3994.0,茶　谷　　　　桜,5,11,9.09,0.0,0.0,9.09,0.175,0.04,0.25,18.18,0,0.0,B
4297.0,山　田　　哲　也,6,20,10.0,20.0,5.0,35.0,0.099,0.02,0.23,60.0,0,0.0,A
3906.0,飯　山　　晃　三,1,5,20.0,40.0,20.0,80.0,0.168,0.12,0.21,40.0,0,0.0,C
4002.0,古　結　　　　宏,2,3,33.33,0.0,33.33,66.67,0.153,0.13,0.17,0.0,0,0.0,参考
3650.0,太　田　　雅　美,3,4,25.0,0.0,25.0,50.0,0.133,0.06,0.23,75.0,0,0.0,参考
4319.0,三　宅　　　　潤,4,6,16.67,16.67,33.33,66.67,0.178,0.12,0.22,16.67,0,0.0,C
4659.0,木　下　　翔　太,5,8,0.0,25.0,12.5,37.5,0.122,0.06,0.19,37.5,0,0.0,C
4103.0,山　崎　　善　庸,1,12,25.0,16.67,16.67,58.33,0.19,0.1,0.34,16.67,0,0.0,B
4340.0,土　性　　雅　也,2,5,20.0,20.0,0.0,40.0,0.172,0.09,0.25,0.0,0,0.0,C
3888.0,山　本　　英　志,5,11,9.09,18.18,45.45,72.73,0.139,0.04,0.24,45.45,0,0.0,B
3736.0,岡　本　　　　猛,1,6,50.0,0.0,33.33,83.33,0.183,0.12,0.23,33.33,0,0.0,C
3225.0,松　村　　昌　子,2,3,0.0,0.0,0.0,0.0,0.253,0.2,0.31,0.0,0,0.0,参考
3342.0,藤　井　　勝　巳,3,3,0.0,33.33,33.33,66.67,0.153,0.1,0.21,0.0,0,0.0,参考
3632.0,江　並　　浩　一,4,3,33.33,0.0,0.0,33.33,0.173,0.12,0.21,66.67,0,0.0,参考
2995.0,小神野　　紀代子,1,5,0.0,0.0,0.0,0.0,0.184,0.13,0.27,0.0,0,0.0,C
3845.0,中　谷　　朋　子,3,6,50.0,16.67,16.67,83.33,0.167,0.05,0.35,0.0,0,0.0,C
3605.0,中　村　　守　成,4,5,0.0,0.0,80.0,80.0,0.16,0.06,0.29,20.0,0,0.0,C
4413.0,水　摩　　　　敦,5,4,0.0,0.0,25.0,25.0,0.135,0.04,0.18,25.0,0,0.0,参考
4156.0,浜　野　　孝　志,6,7,0.0,28.57,14.29,42.86,0.156,0.06,0.21,0.0,0,0.0,C
4002.0,古　結　　　　宏,4,3,33.33,0.0,66.67,100.0,0.12,0.08,0.19,0.0,0,0.0,参考
4550.0,石　岡　　将　太,5,6,0.0,50.0,16.67,66.67,0.148,0.07,0.18,33.33,0,0.0,C
4113.0,木　村　　浩　士,6,9,0.0,11.11,22.22,33.33,0.159,0.12,0.21,22.22,0,0.0,C
3579.0,中　里　　優　子,1,9,66.67,11.11,0.0,77.78,0.131,0.03,0.3,22.22,0,0.0,C
3624.0,大　石　　和　彦,3,9,11.11,22.22,22.22,55.56,0.158,0.06,0.22,22.22,0,0.0,C
4432.0,黄金井　　力　良,4,8,0.0,0.0,25.0,25.0,0.14,0.05,0.23,25.0,0,0.0,C
4133.0,高　橋　　正　男,5,5,0.0,40.0,40.0,80.0,0.1,0.03,0.16,40.0,0,0.0,C
3888.0,山　本　　英　志,6,7,0.0,14.29,14.29,28.57,0.136,0.05,0.24,28.57,0,0.0,C
3895.0,堀　本　　裕　也,1,6,16.67,16.67,33.33,66.67,0.127,0.07,0.19,66.67,0,0.0,C
3632.0,江　並　　浩　一,2,4,0.0,25.0,0.0,25.0,0.177,0.13,0.29,0.0,0,0.0,参考
4340.0,土　性　　雅　也,3,6,0.0,16.67,0.0,16.67,0.148,0.12,0.23,33.33,0,0.0,C
3906.0,飯　山　　晃　三,4,6,16.67,0.0,16.67,33.33,0.177,0.12,0.3,0.0,0,0.0,C
3845.0,中　谷　　朋　子,5,6,0.0,16.67,33.33,50.0,0.168,0.1,0.29,0.0,0,0.0,C
3581.0,加　木　　　　郁,6,5,0.0,0.0,20.0,20.0,0.158,0.08,0.24,20.0,0,0.0,C
3747.0,國　崎　　良　春,1,6,66.67,33.33,0.0,100.0,0.135,0.07,0.24,16.67,0,0.0,C
3605.0,中　村　　守　成,2,3,0.0,33.33,33.33,66.67,0.167,0.04,0.26,0.0,0,0.0,参考
4393.0,田　中　　孝　明,4,5,20.0,0.0,0.0,20.0,0.244,0.19,0.31,0.0,0,0.0,C
4319.0,三　宅　　　　潤,5,5,0.0,20.0,20.0,40.0,0.214,0.13,0.26,0.0,0,0.0,C
4173.0,岡　谷　　健　吾,6,3,0.0,0.0,0.0,0.0,0.187,0.16,0.21,33.33,0,0.0,参考
3650.0,太　田　　雅　美,1,3,0.0,0.0,0.0,0.0,0.263,0.21,0.34,0.0,0,0.0,参考
4297.0,山　田　　哲　也,3,22,18.18,18.18,13.64,50.0,0.118,0.03,0.24,40.91,0,0.0,A
4413.0,水　摩　　　　敦,4,5,20.0,40.0,20.0,80.0,0.134,0.07,0.2,0.0,0,0.0,C
4113.0,木　村　　浩　士,5,9,0.0,11.11,33.33,44.44,0.209,0.08,0.29,0.0,0,0.0,C
4133.0,高　橋　　正　男,6,4,25.0,25.0,0.0,50.0,0.16,0.09,0.24,50.0,0,0.0,参考
4396.0,大　田　　直　弥,1,10,40.0,30.0,10.0,80.0,0.176,0.09,0.35,0.0,0,0.0,B
3736.0,岡　本　　　　猛,2,5,20.0,40.0,20.0,80.0,0.174,0.1,0.24,40.0,0,0.0,C
3895.0,堀　本　　裕　也,3,6,16.67,0.0,16.67,33.33,0.197,0.09,0.38,33.33,0,0.0,C
3624.0,大　石　　和　彦,5,10,10.0,0.0,0.0,10.0,0.175,0.09,0.29,10.0,0,0.0,B
4395.0,下　河　　雅　史,6,5,0.0,20.0,0.0,20.0,0.2,0.05,0.32,0.0,0,0.0,C
4355.0,小　川　　広　大,1,7,14.29,14.29,14.29,42.86,0.169,0.12,0.29,28.57,0,0.0,C
4113.0,木　村　　浩　士,3,9,11.11,44.44,0.0,55.56,0.199,0.13,0.29,0.0,0,0.0,C
2995.0,小神野　　紀代子,4,4,0.0,0.0,0.0,0.0,0.22,0.18,0.27,0.0,0,0.0,参考
3581.0,加　木　　　　郁,5,5,0.0,60.0,0.0,60.0,0.126,0.06,0.15,40.0,0,0.0,C
4432.0,黄金井　　力　良,3,12,8.33,33.33,25.0,66.67,0.166,0.05,0.31,25.0,0,0.0,B
3225.0,松　村　　昌　子,5,3,0.0,0.0,0.0,0.0,0.243,0.15,0.29,0.0,0,0.0,参考
4315.0,山　崎　　昂　介,6,3,0.0,33.33,0.0,33.33,0.293,0.24,0.36,0.0,0,0.0,参考
4232.0,笠　　　　雅　雄,3,5,0.0,20.0,20.0,40.0,0.148,0.02,0.37,20.0,0,0.0,C
2504.0,國　浦　　英　徳,6,4,0.0,0.0,0.0,0.0,0.188,0.14,0.23,0.0,0,0.0,参考
4133.0,高　橋　　正　男,3,6,33.33,33.33,16.67,83.33,0.143,0.12,0.17,33.33,0,0.0,C
3605.0,中　村　　守　成,6,6,0.0,0.0,16.67,16.67,0.18,0.15,0.23,0.0,0,0.0,C
2995.0,小神野　　紀代子,2,5,20.0,0.0,20.0,40.0,0.192,0.14,0.26,20.0,0,0.0,C
4708.0,半　田　　尚　也,1,8,25.0,50.0,0.0,75.0,0.11,0.01,0.21,87.5,0,0.0,C
4393.0,田　中　　孝　明,2,4,25.0,25.0,0.0,50.0,0.18,0.1,0.24,0.0,0,0.0,参考
4659.0,木　下　　翔　太,4,10,20.0,20.0,30.0,70.0,0.122,0.04,0.2,10.0,0,0.0,B
3650.0,太　田　　雅　美,5,3,0.0,0.0,0.0,0.0,0.13,0.08,0.17,0.0,0,0.0,参考
3624.0,大　石　　和　彦,2,10,10.0,10.0,0.0,20.0,0.15,0.07,0.23,0.0,0,0.0,B
3581.0,加　木　　　　郁,3,7,28.57,28.57,14.29,71.43,0.201,0.13,0.29,0.0,0,0.0,C
4103.0,山　崎　　善　庸,5,15,0.0,13.33,6.67,20.0,0.224,0.14,0.34,0.0,0,0.0,B
3906.0,飯　山　　晃　三,2,5,20.0,0.0,0.0,20.0,0.172,0.05,0.3,20.0,0,0.0,C
3994.0,茶　谷　　　　桜,1,9,11.11,33.33,22.22,66.67,0.231,0.15,0.4,11.11,0,0.0,C
4395.0,下　河　　雅　史,2,4,25.0,0.0,50.0,75.0,0.207,0.09,0.35,0.0,0,0.0,参考
3225.0,松　村　　昌　子,3,3,0.0,0.0,0.0,0.0,0.277,0.22,0.33,0.0,0,0.0,参考
3895.0,堀　本　　裕　也,5,6,16.67,0.0,0.0,16.67,0.182,0.15,0.21,16.67,0,0.0,C
4340.0,土　性　　雅　也,6,3,0.0,0.0,0.0,0.0,0.263,0.17,0.39,0.0,0,0.0,参考
4319.0,三　宅　　　　潤,2,5,40.0,20.0,0.0,60.0,0.18,0.11,0.24,20.0,0,0.0,C
4550.0,石　岡　　将　太,3,5,20.0,0.0,60.0,80.0,0.172,0.12,0.22,0.0,0,0.0,C
4315.0,山　崎　　昂　介,4,3,0.0,33.33,66.67,100.0,0.16,0.12,0.23,33.33,0,0.0,参考
4355.0,小　川　　広　大,6,6,0.0,0.0,16.67,16.67,0.167,0.1,0.23,0.0,0,0.0,C
4845.0,前　田　　紗　希,5,8,0.0,37.5,0.0,37.5,0.196,0.12,0.34,12.5,0,0.0,C
4708.0,半　田　　尚　也,6,7,0.0,0.0,42.86,42.86,0.211,0.15,0.28,14.29,0,0.0,C
3994.0,茶　谷　　　　桜,6,7,0.0,0.0,0.0,0.0,0.181,0.01,0.28,14.29,0,0.0,C
3872.0,岡　田　　憲　行,4,9,22.22,22.22,33.33,77.78,0.186,0.05,0.31,11.11,0,0.0,C
4277.0,金　田　　大　輔,5,4,0.0,0.0,0.0,0.0,0.128,0.09,0.16,0.0,0,0.0,参考
4837.0,酒　井　　陽　祐,6,6,0.0,16.67,0.0,16.67,0.13,0.03,0.21,50.0,0,0.0,C
4615.0,板　倉　　敦　史,2,12,0.0,25.0,33.33,58.33,0.182,0.04,0.33,8.33,0,0.0,B
4057.0,松　井　　賢　治,3,9,22.22,22.22,33.33,77.78,0.147,0.08,0.23,11.11,0,0.0,C
4851.0,関　　　　浩　哉,6,10,10.0,30.0,10.0,50.0,0.124,0.07,0.17,30.0,0,0.0,B
4006.0,小　野　　勇　作,1,4,50.0,25.0,0.0,75.0,0.16,0.09,0.23,0.0,0,0.0,参考
3647.0,伊　藤　　雄　二,2,11,9.09,9.09,54.55,72.73,0.164,0.06,0.31,36.36,0,0.0,B
3956.0,横　澤　　剛　治,3,3,33.33,66.67,0.0,100.0,0.177,0.1,0.23,0.0,0,0.0,参考
4679.0,植　田　　太　一,5,7,14.29,28.57,0.0,42.86,0.164,0.14,0.19,14.29,0,0.0,C
3277.0,齋　藤　　　　勇,6,12,0.0,8.33,8.33,16.67,0.181,0.06,0.25,0.0,0,0.0,B
3655.0,本　橋　　克　洋,2,3,0.0,0.0,0.0,0.0,0.267,0.25,0.28,0.0,0,0.0,参考
3467.0,森　　　　弘　行,3,19,5.26,21.05,5.26,31.58,0.181,0.07,0.25,10.53,0,0.0,B
4122.0,安　東　　幸　治,4,6,0.0,16.67,66.67,83.33,0.17,0.07,0.26,16.67,0,0.0,C
4237.0,大　峯　　　　豊,5,5,20.0,20.0,20.0,60.0,0.108,0.03,0.17,40.0,0,0.0,C
4051.0,清　水　　敦　揮,6,3,0.0,33.33,0.0,33.33,0.147,0.12,0.17,0.0,0,0.0,参考
4053.0,芦　澤　　　　望,1,11,27.27,45.45,9.09,81.82,0.128,0.05,0.22,45.45,0,0.0,B
4552.0,杉　山　　勝　匡,2,5,0.0,0.0,40.0,40.0,0.16,0.04,0.31,20.0,0,0.0,C
3768.0,飯　野　　秀　樹,3,3,0.0,33.33,33.33,66.67,0.243,0.07,0.36,0.0,0,0.0,参考
4639.0,雑　賀　　勇　貴,4,6,0.0,16.67,66.67,83.33,0.212,0.09,0.34,0.0,0,0.0,C
4203.0,小　倉　　康　典,5,11,0.0,9.09,27.27,36.36,0.168,0.05,0.4,9.09,0,0.0,B
4110.0,小　澤　　和　也,6,8,0.0,0.0,0.0,0.0,0.209,0.15,0.31,0.0,0,0.0,C
2528.0,新　井　　敏　司,1,3,33.33,33.33,0.0,66.67,0.133,0.05,0.21,66.67,0,0.0,参考
3519.0,冨　田　　秀　幸,3,8,12.5,12.5,0.0,25.0,0.143,0.06,0.22,12.5,0,0.0,C
3489.0,大　場　　　　敏,4,5,0.0,20.0,40.0,60.0,0.156,0.08,0.23,0.0,0,0.0,C
3743.0,林　　　　美　憲,5,3,33.33,0.0,0.0,33.33,0.21,0.15,0.27,33.33,0,0.0,参考
4154.0,森　安　　弘　雅,6,4,0.0,25.0,0.0,25.0,0.167,0.01,0.29,25.0,0,0.0,参考
3475.0,橋　本　　久　和,2,20,10.0,25.0,35.0,70.0,0.217,0.09,0.7,0.0,0,0.0,A
4069.0,山　本　　修　一,3,5,20.0,20.0,20.0,60.0,0.184,0.12,0.27,0.0,0,0.0,C
4379.0,桑　島　　和　宏,4,13,15.38,30.77,15.38,61.54,0.133,0.04,0.22,0.0,0,0.0,B
4422.0,永　井　　亮　次,5,6,0.0,0.0,16.67,16.67,0.235,0.14,0.32,0.0,0,0.0,C
4064.0,原　田　　篤　志,6,7,0.0,42.86,14.29,57.14,0.16,0.09,0.25,0.0,0,0.0,C
3647.0,伊　藤　　雄　二,1,13,53.85,0.0,23.08,76.92,0.128,0.05,0.22,46.15,0,0.0,B
4055.0,吉　田　　俊　彦,2,7,42.86,28.57,14.29,85.71,0.109,0.06,0.21,28.57,0,0.0,C
3655.0,本　橋　　克　洋,3,5,0.0,40.0,0.0,40.0,0.206,0.12,0.37,0.0,0,0.0,C
4234.0,野　相　　弘　司,5,3,0.0,0.0,0.0,0.0,0.217,0.18,0.25,0.0,0,0.0,参考
4277.0,金　田　　大　輔,6,4,0.0,25.0,0.0,25.0,0.24,0.2,0.27,0.0,0,0.0,参考
3519.0,冨　田　　秀　幸,1,5,20.0,60.0,20.0,100.0,0.132,0.08,0.18,40.0,0,0.0,C
3478.0,嶋　田　　貴　支,2,3,0.0,33.33,33.33,66.67,0.163,0.06,0.23,66.67,0,0.0,参考
4615.0,板　倉　　敦　史,3,11,0.0,18.18,0.0,18.18,0.145,0.07,0.24,9.09,0,0.0,B
4203.0,小　倉　　康　典,4,14,0.0,0.0,42.86,42.86,0.15,0.05,0.24,7.14,0,0.0,B
4596.0,葛　原　　大　陽,6,6,0.0,0.0,0.0,0.0,0.143,0.07,0.2,16.67,0,0.0,C
4122.0,安　東　　幸　治,1,5,40.0,40.0,0.0,80.0,0.184,0.13,0.3,20.0,0,0.0,C
4057.0,松　井　　賢　治,2,8,12.5,12.5,25.0,50.0,0.168,0.11,0.24,12.5,0,0.0,C
3743.0,林　　　　美　憲,3,4,0.0,25.0,25.0,50.0,0.117,0.05,0.19,50.0,0,0.0,参考
4379.0,桑　島　　和　宏,5,17,17.65,23.53,41.18,82.35,0.129,0.08,0.22,17.65,0,0.0,B
4639.0,雑　賀　　勇　貴,6,9,0.0,0.0,0.0,0.0,0.134,0.02,0.38,11.11,0,0.0,C
3872.0,岡　田　　憲　行,1,7,57.14,0.0,42.86,100.0,0.153,0.14,0.17,14.29,0,0.0,C
4006.0,小　野　　勇　作,2,5,20.0,20.0,40.0,80.0,0.142,0.1,0.17,40.0,0,0.0,C
4110.0,小　澤　　和　也,3,8,12.5,12.5,12.5,37.5,0.15,0.04,0.21,12.5,0,0.0,C
4154.0,森　安　　弘　雅,4,6,0.0,16.67,16.67,33.33,0.152,0.1,0.22,0.0,0,0.0,C
3467.0,森　　　　弘　行,5,19,5.26,10.53,0.0,15.79,0.177,0.08,0.33,10.53,0,0.0,B
4055.0,吉　田　　俊　彦,1,8,62.5,12.5,12.5,87.5,0.111,0.07,0.24,50.0,0,0.0,C
3489.0,大　場　　　　敏,2,8,12.5,37.5,25.0,75.0,0.139,0.04,0.25,25.0,0,0.0,C
4053.0,芦　澤　　　　望,3,12,8.33,33.33,25.0,66.67,0.155,0.09,0.33,25.0,0,0.0,B
4064.0,原　田　　篤　志,4,7,14.29,14.29,28.57,57.14,0.157,0.06,0.23,0.0,0,0.0,C
3956.0,横　澤　　剛　治,5,3,0.0,0.0,0.0,0.0,0.17,0.15,0.18,0.0,0,0.0,参考
4237.0,大　峯　　　　豊,6,5,20.0,20.0,20.0,60.0,0.132,0.04,0.21,0.0,0,0.0,C
4110.0,小　澤　　和　也,1,10,40.0,20.0,10.0,70.0,0.147,0.06,0.21,20.0,0,0.0,B
3956.0,横　澤　　剛　治,2,4,25.0,0.0,50.0,75.0,0.15,0.12,0.18,0.0,0,0.0,参考
4558.0,宮　野　　　　仁,3,3,33.33,33.33,33.33,100.0,0.187,0.1,0.23,33.33,0,0.0,参考
4422.0,永　井　　亮　次,1,4,50.0,25.0,25.0,100.0,0.182,0.15,0.21,25.0,0,0.0,参考
4679.0,植　田　　太　一,2,8,12.5,12.5,0.0,25.0,0.186,0.08,0.29,25.0,0,0.0,C
4552.0,杉　山　　勝　匡,3,5,20.0,20.0,0.0,40.0,0.16,0.08,0.25,20.0,0,0.0,C
3489.0,大　場　　　　敏,6,6,0.0,33.33,33.33,66.67,0.227,0.15,0.43,16.67,0,0.0,C
3768.0,飯　野　　秀　樹,1,3,0.0,0.0,0.0,0.0,0.267,0.16,0.46,0.0,0,0.0,参考
4154.0,森　安　　弘　雅,2,4,25.0,25.0,0.0,50.0,0.175,0.14,0.22,25.0,0,0.0,参考
3647.0,伊　藤　　雄　二,3,11,9.09,0.0,0.0,9.09,0.195,0.12,0.32,27.27,0,0.0,B
4596.0,葛　原　　大　陽,4,9,22.22,33.33,22.22,77.78,0.153,0.1,0.26,22.22,0,0.0,C
4064.0,原　田　　篤　志,5,5,0.0,20.0,20.0,40.0,0.138,0.06,0.19,0.0,0,0.0,C
4057.0,松　井　　賢　治,6,8,0.0,0.0,0.0,0.0,0.179,0.13,0.22,0.0,0,0.0,C
4379.0,桑　島　　和　宏,1,16,50.0,18.75,18.75,87.5,0.144,0.02,0.26,25.0,0,0.0,B
2528.0,新　井　　敏　司,2,6,16.67,50.0,0.0,66.67,0.162,0.1,0.28,33.33,0,0.0,C
4053.0,芦　澤　　　　望,4,12,8.33,25.0,0.0,33.33,0.177,0.13,0.29,16.67,0,0.0,B
4006.0,小　野　　勇　作,5,5,0.0,0.0,0.0,0.0,0.208,0.13,0.25,0.0,0,0.0,C
4237.0,大　峯　　　　豊,1,7,42.86,14.29,28.57,85.71,0.134,0.05,0.19,14.29,0,0.0,C
4277.0,金　田　　大　輔,2,5,0.0,0.0,20.0,20.0,0.15,0.11,0.19,40.0,0,0.0,C
4639.0,雑　賀　　勇　貴,5,6,16.67,0.0,33.33,50.0,0.133,0.08,0.23,0.0,0,0.0,C
4069.0,山　本　　修　一,1,3,66.67,0.0,0.0,66.67,0.17,0.09,0.27,66.67,0,0.0,参考
4122.0,安　東　　幸　治,3,7,0.0,42.86,42.86,85.71,0.136,0.04,0.21,0.0,0,0.0,C
3519.0,冨　田　　秀　幸,5,9,0.0,11.11,33.33,44.44,0.148,0.09,0.21,22.22,0,0.0,C
4055.0,吉　田　　俊　彦,6,7,0.0,14.29,0.0,14.29,0.19,0.1,0.25,14.29,0,0.0,C
4203.0,小　倉　　康　典,2,12,16.67,8.33,25.0,50.0,0.153,0.05,0.23,25.0,0,0.0,B
4064.0,原　田　　篤　志,3,7,14.29,28.57,28.57,71.43,0.17,0.08,0.25,0.0,0,0.0,C
4851.0,関　　　　浩　哉,4,7,14.29,14.29,14.29,42.86,0.156,0.08,0.21,28.57,0,0.0,C
3872.0,岡　田　　憲　行,6,6,0.0,33.33,33.33,66.67,0.182,0.06,0.32,33.33,0,0.0,C
4596.0,葛　原　　大　陽,1,5,20.0,20.0,40.0,80.0,0.148,0.07,0.22,20.0,0,0.0,C
4006.0,小　野　　勇　作,3,4,25.0,0.0,25.0,50.0,0.175,0.17,0.19,0.0,0,0.0,参考
4237.0,大　峯　　　　豊,4,4,0.0,50.0,25.0,75.0,0.165,0.09,0.27,0.0,0,0.0,参考
4552.0,杉　山　　勝　匡,5,5,40.0,20.0,0.0,60.0,0.18,0.13,0.28,0.0,0,0.0,C
3475.0,橋　本　　久　和,6,9,0.0,22.22,22.22,44.44,0.177,0.07,0.33,33.33,0,0.0,C
3467.0,森　　　　弘　行,1,18,33.33,27.78,0.0,61.11,0.15,0.06,0.28,5.56,0,0.0,B
4379.0,桑　島　　和　宏,2,20,5.0,35.0,10.0,50.0,0.159,0.05,0.35,0.0,0,0.0,A
4234.0,野　相　　弘　司,3,4,25.0,25.0,25.0,75.0,0.2,0.06,0.34,25.0,0,0.0,参考
3489.0,大　場　　　　敏,5,8,12.5,0.0,12.5,25.0,0.166,0.1,0.22,12.5,0,0.0,C
3655.0,本　橋　　克　洋,1,4,75.0,0.0,0.0,75.0,0.155,0.1,0.19,25.0,0,0.0,参考
4053.0,芦　澤　　　　望,2,7,14.29,57.14,28.57,100.0,0.143,0.04,0.28,28.57,0,0.0,C
4679.0,植　田　　太　一,3,7,0.0,14.29,28.57,42.86,0.094,0.06,0.14,0.0,0,0.0,C
3519.0,冨　田　　秀　幸,4,7,0.0,0.0,28.57,28.57,0.143,0.09,0.18,14.29,0,0.0,C
4057.0,松　井　　賢　治,5,7,14.29,0.0,28.57,42.86,0.157,0.09,0.26,0.0,0,0.0,C
4154.0,森　安　　弘　雅,1,5,80.0,0.0,20.0,100.0,0.164,0.1,0.23,40.0,0,0.0,C
3277.0,齋　藤　　　　勇,2,14,7.14,7.14,42.86,57.14,0.172,0.1,0.31,7.14,0,0.0,B
4055.0,吉　田　　俊　彦,3,8,25.0,25.0,25.0,75.0,0.124,0.01,0.19,12.5,0,0.0,C
4051.0,清　水　　敦　揮,4,3,0.0,0.0,33.33,33.33,0.203,0.1,0.27,0.0,0,0.0,参考
3475.0,橋　本　　久　和,5,16,6.25,18.75,6.25,31.25,0.193,0.1,0.27,12.5,0,0.0,B
4122.0,安　東　　幸　治,2,5,40.0,40.0,0.0,80.0,0.16,0.07,0.22,60.0,0,0.0,C
4422.0,永　井　　亮　次,3,6,0.0,0.0,33.33,33.33,0.143,0.08,0.23,0.0,0,0.0,C
2528.0,新　井　　敏　司,4,5,0.0,40.0,20.0,60.0,0.186,0.08,0.29,0.0,0,0.0,C
3872.0,岡　田　　憲　行,5,7,28.57,0.0,14.29,42.86,0.177,0.08,0.29,14.29,0,0.0,C
4234.0,野　相　　弘　司,6,5,0.0,20.0,0.0,20.0,0.236,0.11,0.34,20.0,0,0.0,C
4639.0,雑　賀　　勇　貴,1,9,44.44,33.33,0.0,77.78,0.144,0.04,0.25,33.33,0,0.0,C
4051.0,清　水　　敦　揮,2,3,66.67,0.0,33.33,100.0,0.213,0.15,0.3,0.0,0,0.0,参考
4837.0,酒　井　　陽　祐,4,7,0.0,0.0,0.0,0.0,0.253,0.15,0.45,14.29,0,0.0,C
4110.0,小　澤　　和　也,5,7,0.0,0.0,28.57,28.57,0.177,0.12,0.25,14.29,0,0.0,C
4277.0,金　田　　大　輔,1,4,50.0,0.0,0.0,50.0,0.13,0.09,0.17,50.0,0,0.0,参考
3768.0,飯　野　　秀　樹,2,3,0.0,0.0,33.33,33.33,0.25,0.17,0.32,0.0,0,0.0,参考
4055.0,吉　田　　俊　彦,5,8,12.5,25.0,0.0,37.5,0.115,0.06,0.14,0.0,0,0.0,C
3743.0,林　　　　美　憲,2,3,33.33,33.33,33.33,100.0,0.157,0.12,0.2,33.33,0,0.0,参考
4057.0,松　井　　賢　治,4,8,12.5,25.0,0.0,37.5,0.156,0.12,0.19,0.0,0,0.0,C
4053.0,芦　澤　　　　望,5,8,0.0,25.0,12.5,37.5,0.125,0.06,0.17,62.5,0,0.0,C
2528.0,新　井　　敏　司,6,3,0.0,33.33,0.0,33.33,0.213,0.18,0.24,0.0,0,0.0,参考
4596.0,葛　原　　大　陽,2,5,20.0,20.0,20.0,60.0,0.172,0.12,0.23,0.0,0,0.0,C
4234.0,野　相　　弘　司,4,4,0.0,50.0,25.0,75.0,0.163,0.09,0.24,25.0,0,0.0,参考
3647.0,伊　藤　　雄　二,5,9,11.11,0.0,11.11,22.22,0.148,0.07,0.2,33.33,0,0.0,C
3655.0,本　橋　　克　洋,6,4,0.0,0.0,25.0,25.0,0.125,0.08,0.17,25.0,0,0.0,参考
4064.0,原　田　　篤　志,1,7,71.43,0.0,14.29,85.71,0.15,0.07,0.29,0.0,0,0.0,C
4203.0,小　倉　　康　典,3,12,16.67,16.67,8.33,41.67,0.167,0.09,0.28,8.33,0,0.0,B
3467.0,森　　　　弘　行,4,15,13.33,6.67,20.0,40.0,0.163,0.07,0.25,20.0,0,0.0,B
4615.0,板　倉　　敦　史,5,8,0.0,25.0,12.5,37.5,0.225,0.16,0.28,0.0,0,0.0,C
4237.0,大　峯　　　　豊,2,4,0.0,75.0,0.0,75.0,0.16,0.05,0.27,0.0,0,0.0,参考
3872.0,岡　田　　憲　行,3,9,0.0,22.22,22.22,44.44,0.193,0.09,0.48,0.0,0,0.0,C
3475.0,橋　本　　久　和,4,9,0.0,33.33,11.11,44.44,0.169,0.09,0.29,44.44,0,0.0,C
4837.0,酒　井　　陽　祐,5,8,0.0,12.5,37.5,50.0,0.185,0.08,0.34,0.0,0,0.0,C
3519.0,冨　田　　秀　幸,6,5,0.0,0.0,20.0,20.0,0.178,0.09,0.28,0.0,0,0.0,C
4051.0,清　水　　敦　揮,1,3,66.67,33.33,0.0,100.0,0.153,0.01,0.28,33.33,0,0.0,参考
3489.0,大　場　　　　敏,3,6,16.67,0.0,33.33,50.0,0.16,0.06,0.25,16.67,0,0.0,C
3277.0,齋　藤　　　　勇,4,9,0.0,44.44,0.0,44.44,0.19,0.12,0.27,11.11,0,0.0,C
4122.0,安　東　　幸　治,5,5,0.0,20.0,20.0,40.0,0.182,0.08,0.26,0.0,0,0.0,C
4422.0,永　井　　亮　次,6,4,0.0,0.0,25.0,25.0,0.212,0.16,0.29,0.0,0,0.0,参考
4057.0,松　井　　賢　治,1,9,33.33,44.44,0.0,77.78,0.162,0.07,0.26,22.22,0,0.0,C
3467.0,森　　　　弘　行,2,19,0.0,5.26,15.79,21.05,0.167,0.02,0.27,5.26,0,0.0,B
4234.0,野　相　　弘　司,1,5,20.0,20.0,40.0,80.0,0.15,0.09,0.19,20.0,0,0.0,C
3872.0,岡　田　　憲　行,2,7,0.0,14.29,42.86,57.14,0.21,0.16,0.31,14.29,0,0.0,C
4154.0,森　安　　弘　雅,5,5,40.0,20.0,0.0,60.0,0.158,0.12,0.25,0.0,0,0.0,C
4053.0,芦　澤　　　　望,6,8,0.0,50.0,12.5,62.5,0.158,0.09,0.25,0.0,0,0.0,C
4064.0,原　田　　篤　志,2,4,25.0,0.0,25.0,50.0,0.2,0.13,0.23,0.0,0,0.0,参考
3655.0,本　橋　　克　洋,5,3,0.0,0.0,0.0,0.0,0.183,0.14,0.21,33.33,0,0.0,参考
4006.0,小　野　　勇　作,6,3,0.0,0.0,33.33,33.33,0.21,0.19,0.22,0.0,0,0.0,参考
3475.0,橋　本　　久　和,1,12,66.67,16.67,0.0,83.33,0.128,0.05,0.25,41.67,0,0.0,B
4596.0,葛　原　　大　陽,3,8,25.0,25.0,25.0,75.0,0.131,0.04,0.21,37.5,0,0.0,C
4055.0,吉　田　　俊　彦,4,9,11.11,22.22,11.11,44.44,0.114,0.07,0.19,0.0,0,0.0,C
2528.0,新　井　　敏　司,5,6,0.0,0.0,0.0,0.0,0.183,0.13,0.28,0.0,0,0.0,C
4379.0,桑　島　　和　宏,6,11,0.0,27.27,27.27,54.55,0.159,0.11,0.23,18.18,0,0.0,B
3489.0,大　場　　　　敏,1,9,33.33,33.33,11.11,77.78,0.134,0.08,0.33,44.44,0,0.0,C
4069.0,山　本　　修　一,2,3,33.33,0.0,33.33,66.67,0.177,0.17,0.19,0.0,0,0.0,参考
4237.0,大　峯　　　　豊,3,9,11.11,33.33,33.33,77.78,0.164,0.06,0.33,11.11,0,0.0,C
3743.0,林　　　　美　憲,4,4,25.0,25.0,25.0,75.0,0.178,0.11,0.23,25.0,0,0.0,参考
3647.0,伊　藤　　雄　二,6,13,0.0,0.0,23.08,23.08,0.176,0.1,0.33,15.38,0,0.0,B
4110.0,小　澤　　和　也,2,10,0.0,0.0,20.0,20.0,0.168,0.11,0.28,10.0,0,0.0,B
4639.0,雑　賀　　勇　貴,3,6,33.33,16.67,0.0,50.0,0.167,0.11,0.21,0.0,0,0.0,C
4552.0,杉　山　　勝　匡,6,5,20.0,0.0,20.0,40.0,0.152,0.05,0.28,20.0,0,0.0,C
4203.0,小　倉　　康　典,1,11,18.18,27.27,27.27,72.73,0.145,0.07,0.25,36.36,0,0.0,B
3467.0,森　　　　弘　行,6,15,0.0,0.0,6.67,6.67,0.161,0.07,0.23,6.67,0,0.0,B
3647.0,伊　藤　　雄　二,4,9,0.0,0.0,44.44,44.44,0.14,0.06,0.23,33.33,0,0.0,C
4422.0,永　井　　亮　次,2,6,16.67,16.67,16.67,50.0,0.195,0.14,0.28,0.0,0,0.0,C
4277.0,金　田　　大　輔,3,4,0.0,0.0,50.0,50.0,0.18,0.14,0.24,0.0,0,0.0,参考
3655.0,本　橋　　克　洋,4,4,25.0,0.0,0.0,25.0,0.195,0.06,0.34,0.0,0,0.0,参考
4558.0,宮　野　　　　仁,1,3,66.67,0.0,33.33,100.0,0.153,0.14,0.18,0.0,0,0.0,参考
4552.0,杉　山　　勝　匡,1,3,33.33,33.33,33.33,100.0,0.093,0.01,0.22,66.67,0,0.0,参考
4110.0,小　澤　　和　也,4,8,12.5,12.5,0.0,25.0,0.146,0.1,0.19,12.5,0,0.0,C
4122.0,安　東　　幸　治,6,6,0.0,33.33,16.67,50.0,0.165,0.09,0.22,16.67,0,0.0,C
4234.0,野　相　　弘　司,2,3,33.33,33.33,33.33,100.0,0.187,0.12,0.3,0.0,0,0.0,参考
4277.0,金　田　　大　輔,4,4,50.0,0.0,0.0,50.0,0.14,0.08,0.21,0.0,0,0.0,参考
4069.0,山　本　　修　一,5,3,33.33,0.0,33.33,66.67,0.197,0.13,0.28,33.33,0,0.0,参考
4639.0,雑　賀　　勇　貴,2,6,0.0,33.33,16.67,50.0,0.182,0.09,0.33,16.67,0,0.0,C
4558.0,宮　野　　　　仁,6,3,0.0,0.0,0.0,0.0,0.293,0.22,0.34,0.0,0,0.0,参考
3727.0,新　井　　康　行,2,3,33.33,0.0,0.0,33.33,0.193,0.14,0.27,33.33,0,0.0,参考
4361.0,柳　生　　泰　二,3,4,25.0,0.0,75.0,100.0,0.185,0.11,0.36,25.0,0,0.0,参考
4026.0,小　林　　　　晋,5,3,0.0,0.0,0.0,0.0,0.233,0.19,0.31,0.0,0,0.0,参考
4329.0,小　松　　卓　司,6,11,0.0,9.09,27.27,36.36,0.191,0.03,0.32,18.18,0,0.0,B
3565.0,坂　本　　徳　克,1,14,35.71,21.43,7.14,64.29,0.144,0.02,0.24,21.43,0,0.0,B
4357.0,田　中　　和　也,2,6,16.67,16.67,33.33,66.67,0.162,0.09,0.25,50.0,0,0.0,C
2596.0,館　野　　友　良,4,3,0.0,33.33,0.0,33.33,0.153,0.11,0.21,0.0,0,0.0,参考
4587.0,木　田　　峰由季,1,5,80.0,0.0,0.0,80.0,0.16,0.02,0.29,0.0,0,0.0,C
3081.0,岡　本　　慎　治,2,6,33.33,33.33,0.0,66.67,0.163,0.03,0.27,33.33,0,0.0,C
3868.0,尾　形　　栄　治,4,8,25.0,25.0,12.5,62.5,0.205,0.11,0.31,12.5,0,0.0,C
4398.0,船　岡　　洋一郎,5,12,16.67,0.0,16.67,33.33,0.138,0.08,0.21,25.0,0,0.0,B
4306.0,畔　柳　　俊　吾,6,5,0.0,0.0,20.0,20.0,0.188,0.11,0.24,0.0,0,0.0,C
3600.0,玄　馬　　　　徹,1,3,33.33,0.0,0.0,33.33,0.187,0.09,0.24,33.33,0,0.0,参考
4100.0,松　田　　隆　司,2,5,0.0,20.0,40.0,60.0,0.162,0.07,0.28,40.0,0,0.0,C
4278.0,藤　岡　　俊　介,3,9,22.22,22.22,11.11,55.56,0.106,0.05,0.16,55.56,0,0.0,C
4096.0,石　橋　　道　友,4,5,40.0,0.0,20.0,60.0,0.162,0.08,0.27,20.0,0,0.0,C
4382.0,高　山　　智　至,6,3,0.0,0.0,0.0,0.0,0.24,0.17,0.32,0.0,0,0.0,参考
3582.0,吉　川　　昭　男,1,9,33.33,33.33,22.22,88.89,0.156,0.07,0.36,11.11,0,0.0,C
3741.0,松　尾　　基　成,3,4,0.0,25.0,25.0,50.0,0.232,0.15,0.29,0.0,0,0.0,参考
3411.0,池　上　　隆　行,4,4,0.0,0.0,75.0,75.0,0.172,0.15,0.2,25.0,0,0.0,参考
2757.0,宮　内　　忠　志,5,4,0.0,25.0,25.0,50.0,0.17,0.13,0.21,0.0,0,0.0,参考
3921.0,川　村　　正　輝,1,5,0.0,20.0,0.0,20.0,0.144,0.05,0.21,40.0,0,0.0,C
4040.0,廣　瀬　　将　亨,3,5,20.0,20.0,40.0,80.0,0.144,0.07,0.27,60.0,0,0.0,C
4216.0,星　　　　栄　爾,4,7,14.29,28.57,14.29,57.14,0.126,0.06,0.16,14.29,0,0.0,C
4335.0,若　林　　　　将,5,16,6.25,31.25,6.25,43.75,0.107,0.04,0.22,37.5,0,0.0,B
4523.0,中　村　　辰　也,6,4,25.0,0.0,0.0,25.0,0.143,0.1,0.19,25.0,0,0.0,参考
4298.0,宮　下　　元　胤,2,11,9.09,54.55,18.18,81.82,0.158,0.08,0.24,18.18,0,0.0,B
4012.0,中　村　　有　裕,3,13,23.08,15.38,46.15,84.62,0.131,0.05,0.19,38.46,0,0.0,B
3565.0,坂　本　　徳　克,4,9,0.0,22.22,0.0,22.22,0.171,0.1,0.27,22.22,0,0.0,C
4095.0,福　来　　　　剛,6,21,28.57,14.29,28.57,71.43,0.141,0.01,0.26,28.57,0,0.0,A
4100.0,松　田　　隆　司,1,5,20.0,40.0,20.0,80.0,0.186,0.13,0.28,20.0,0,0.0,C
3868.0,尾　形　　栄　治,2,5,40.0,20.0,20.0,80.0,0.218,0.11,0.32,0.0,0,0.0,C
2596.0,館　野　　友　良,5,3,0.0,0.0,33.33,33.33,0.227,0.19,0.28,0.0,0,0.0,参考
3105.0,内　山　　文　典,2,19,42.11,5.26,15.79,63.16,0.161,0.07,0.25,15.79,0,0.0,B
4398.0,船　岡　　洋一郎,3,10,20.0,30.0,10.0,60.0,0.14,0.11,0.19,40.0,0,0.0,B
3921.0,川　村　　正　輝,4,4,0.0,0.0,50.0,50.0,0.223,0.14,0.28,0.0,0,0.0,参考
3741.0,松　尾　　基　成,5,3,0.0,0.0,0.0,0.0,0.2,0.17,0.23,0.0,0,0.0,参考
4278.0,藤　岡　　俊　介,6,8,0.0,12.5,37.5,50.0,0.165,0.09,0.23,12.5,0,0.0,C
3411.0,池　上　　隆　行,2,4,25.0,0.0,25.0,50.0,0.152,0.04,0.39,25.0,0,0.0,参考
4357.0,田　中　　和　也,3,5,20.0,40.0,20.0,80.0,0.196,0.12,0.34,0.0,0,0.0,C
3600.0,玄　馬　　　　徹,4,5,0.0,60.0,0.0,60.0,0.234,0.13,0.4,0.0,0,0.0,C
4306.0,畔　柳　　俊　吾,5,5,40.0,0.0,40.0,80.0,0.186,0.11,0.27,60.0,0,0.0,C
4040.0,廣　瀬　　将　亨,6,4,0.0,0.0,0.0,0.0,0.168,0.07,0.38,25.0,0,0.0,参考
4361.0,柳　生　　泰　二,1,4,100.0,0.0,0.0,100.0,0.138,0.1,0.18,50.0,0,0.0,参考
4216.0,星　　　　栄　爾,2,5,0.0,0.0,60.0,60.0,0.122,0.01,0.17,20.0,0,0.0,C
4587.0,木　田　　峰由季,3,3,0.0,0.0,33.33,33.33,0.203,0.17,0.27,0.0,0,0.0,参考
3497.0,後　藤　　　　浩,4,8,12.5,37.5,12.5,62.5,0.177,0.1,0.36,12.5,0,0.0,C
4012.0,中　村　　有　裕,5,6,33.33,16.67,0.0,50.0,0.108,0.02,0.17,50.0,0,0.0,C
3946.0,赤　岩　　善　生,1,3,66.67,0.0,0.0,66.67,0.25,0.18,0.33,33.33,0,0.0,参考
3582.0,吉　川　　昭　男,2,8,37.5,12.5,0.0,50.0,0.159,0.06,0.29,0.0,0,0.0,C
3081.0,岡　本　　慎　治,3,5,0.0,20.0,0.0,20.0,0.15,0.11,0.19,0.0,0,0.0,C
4095.0,福　来　　　　剛,4,21,23.81,19.05,9.52,52.38,0.132,0.04,0.27,28.57,0,0.0,A
4096.0,石　橋　　道　友,5,3,0.0,66.67,33.33,100.0,0.137,0.11,0.15,33.33,0,0.0,参考
4335.0,若　林　　　　将,6,13,7.69,23.08,7.69,38.46,0.132,0.07,0.19,30.77,0,0.0,B
4026.0,小　林　　　　晋,1,3,0.0,0.0,0.0,0.0,0.147,0.12,0.18,0.0,0,0.0,参考
4523.0,中　村　　辰　也,2,7,0.0,28.57,28.57,57.14,0.144,0.09,0.21,14.29,0,0.0,C
4095.0,福　来　　　　剛,3,16,12.5,31.25,18.75,62.5,0.137,0.06,0.37,25.0,0,0.0,B
4382.0,高　山　　智　至,5,4,25.0,0.0,0.0,25.0,0.15,0.09,0.23,0.0,0,0.0,参考
3741.0,松　尾　　基　成,6,3,0.0,0.0,33.33,33.33,0.22,0.16,0.28,0.0,0,0.0,参考
4329.0,小　松　　卓　司,2,12,33.33,16.67,8.33,58.33,0.163,0.1,0.28,8.33,0,0.0,B
4100.0,松　田　　隆　司,4,4,0.0,25.0,25.0,50.0,0.118,0.05,0.18,25.0,0,0.0,参考
3105.0,内　山　　文　典,5,17,5.88,0.0,23.53,29.41,0.148,0.04,0.26,5.88,0,0.0,B
3497.0,後　藤　　　　浩,1,7,57.14,42.86,0.0,100.0,0.17,0.07,0.24,14.29,0,0.0,C
2757.0,宮　内　　忠　志,3,4,0.0,0.0,25.0,25.0,0.168,0.04,0.28,0.0,0,0.0,参考
4278.0,藤　岡　　俊　介,4,10,10.0,20.0,40.0,70.0,0.12,0.03,0.19,20.0,0,0.0,B
3081.0,岡　本　　慎　治,5,3,66.67,0.0,0.0,66.67,0.097,0.04,0.17,0.0,0,0.0,参考
3565.0,坂　本　　徳　克,6,9,11.11,0.0,0.0,11.11,0.216,0.12,0.28,11.11,0,0.0,C
4012.0,中　村　　有　裕,1,13,61.54,23.08,0.0,84.62,0.14,0.06,0.23,46.15,0,0.0,B
3600.0,玄　馬　　　　徹,2,4,0.0,50.0,25.0,75.0,0.19,0.1,0.27,25.0,0,0.0,参考
3921.0,川　村　　正　輝,3,5,0.0,0.0,40.0,40.0,0.25,0.14,0.36,0.0,0,0.0,C
4335.0,若　林　　　　将,1,22,77.27,9.09,9.09,95.45,0.104,0.01,0.2,36.36,0,0.0,A
4040.0,廣　瀬　　将　亨,1,4,50.0,25.0,25.0,100.0,0.133,0.1,0.22,0.0,0,0.0,参考
4096.0,石　橋　　道　友,2,6,33.33,33.33,33.33,100.0,0.135,0.12,0.15,0.0,0,0.0,C
4026.0,小　林　　　　晋,3,3,0.0,0.0,0.0,0.0,0.18,0.14,0.21,0.0,0,0.0,参考
4587.0,木　田　　峰由季,5,3,33.33,33.33,33.33,100.0,0.08,0.04,0.14,33.33,0,0.0,参考
4298.0,宮　下　　元　胤,6,11,0.0,0.0,45.45,45.45,0.204,0.12,0.31,0.0,0,0.0,B
2757.0,宮　内　　忠　志,1,4,25.0,25.0,0.0,50.0,0.2,0.1,0.3,25.0,0,0.0,参考
4216.0,星　　　　栄　爾,3,6,0.0,16.67,33.33,50.0,0.157,0.04,0.2,16.67,0,0.0,C
4329.0,小　松　　卓　司,4,10,10.0,10.0,20.0,40.0,0.156,0.04,0.27,10.0,0,0.0,B
4095.0,福　来　　　　剛,5,22,31.82,9.09,13.64,54.55,0.121,0.03,0.22,22.73,0,0.0,A
4523.0,中　村　　辰　也,1,5,40.0,20.0,20.0,80.0,0.176,0.05,0.27,20.0,0,0.0,C
2596.0,館　野　　友　良,2,4,0.0,25.0,0.0,25.0,0.163,0.12,0.23,25.0,0,0.0,参考
3105.0,内　山　　文　典,4,15,0.0,13.33,20.0,33.33,0.162,0.07,0.24,26.67,0,0.0,B
4361.0,柳　生　　泰　二,5,4,25.0,25.0,25.0,75.0,0.155,0.13,0.21,25.0,0,0.0,参考
3081.0,岡　本　　慎　治,6,3,0.0,0.0,33.33,33.33,0.24,0.18,0.35,0.0,0,0.0,参考
3868.0,尾　形　　栄　治,1,5,20.0,20.0,40.0,80.0,0.16,0.09,0.24,40.0,0,0.0,C
3497.0,後　藤　　　　浩,2,8,25.0,25.0,12.5,62.5,0.181,0.09,0.28,12.5,0,0.0,C
3600.0,玄　馬　　　　徹,3,4,0.0,25.0,25.0,50.0,0.17,0.11,0.25,0.0,0,0.0,参考
4335.0,若　林　　　　将,4,10,40.0,20.0,20.0,80.0,0.096,0.04,0.13,50.0,0,0.0,B
4398.0,船　岡　　洋一郎,1,11,63.64,9.09,9.09,81.82,0.115,0.04,0.19,54.55,0,0.0,B
4040.0,廣　瀬　　将　亨,2,4,0.0,50.0,0.0,50.0,0.092,0.01,0.15,50.0,0,0.0,参考
3582.0,吉　川　　昭　男,5,7,14.29,28.57,0.0,42.86,0.166,0.12,0.19,14.29,0,0.0,C
4216.0,星　　　　栄　爾,1,9,66.67,0.0,11.11,77.78,0.117,0.04,0.25,66.67,0,0.0,C
4298.0,宮　下　　元　胤,4,15,0.0,20.0,40.0,60.0,0.143,0.05,0.28,0.0,0,0.0,B
4278.0,藤　岡　　俊　介,5,8,0.0,25.0,12.5,37.5,0.143,0.08,0.21,0.0,0,0.0,C
3946.0,赤　岩　　善　生,6,3,66.67,33.33,0.0,100.0,0.187,0.14,0.28,0.0,0,0.0,参考
4096.0,石　橋　　道　友,1,7,85.71,14.29,0.0,100.0,0.13,0.08,0.22,42.86,0,0.0,C
3921.0,川　村　　正　輝,2,5,20.0,20.0,20.0,60.0,0.124,0.1,0.16,20.0,0,0.0,C
3868.0,尾　形　　栄　治,3,8,0.0,50.0,25.0,75.0,0.176,0.11,0.24,25.0,0,0.0,C
4357.0,田　中　　和　也,4,6,0.0,33.33,66.67,100.0,0.155,0.05,0.22,0.0,0,0.0,C
4361.0,柳　生　　泰　二,6,6,33.33,33.33,0.0,66.67,0.178,0.13,0.24,0.0,0,0.0,C
3081.0,岡　本　　慎　治,1,3,0.0,66.67,0.0,66.67,0.187,0.12,0.25,0.0,0,0.0,参考
4026.0,小　林　　　　晋,2,3,0.0,0.0,0.0,0.0,0.29,0.19,0.43,0.0,0,0.0,参考
3411.0,池　上　　隆　行,3,3,0.0,0.0,33.33,33.33,0.137,0.1,0.19,33.33,0,0.0,参考
4587.0,木　田　　峰由季,4,3,33.33,0.0,66.67,100.0,0.13,0.08,0.16,33.33,0,0.0,参考
3565.0,坂　本　　徳　克,2,10,10.0,10.0,0.0,20.0,0.18,0.09,0.26,0.0,0,0.0,B
3424.0,松　浦　　　　努,5,4,0.0,50.0,25.0,75.0,0.1,0.05,0.13,50.0,0,0.0,参考
4096.0,石　橋　　道　友,6,5,40.0,20.0,20.0,80.0,0.118,0.08,0.16,20.0,0,0.0,C
4329.0,小　松　　卓　司,1,11,18.18,18.18,36.36,72.73,0.155,0.06,0.24,27.27,0,0.0,B
3497.0,後　藤　　　　浩,3,12,8.33,25.0,25.0,58.33,0.157,0.08,0.23,8.33,0,0.0,B
3902.0,蜷　川　　哲　平,5,8,12.5,25.0,12.5,50.0,0.171,0.11,0.22,0.0,0,0.0,C
4382.0,高　山　　智　至,1,3,33.33,33.33,0.0,66.67,0.133,0.06,0.21,33.33,0,0.0,参考
4361.0,柳　生　　泰　二,2,4,25.0,0.0,0.0,25.0,0.125,0.08,0.19,0.0,0,0.0,参考
4100.0,松　田　　隆　司,3,5,0.0,60.0,0.0,60.0,0.122,0.05,0.24,20.0,0,0.0,C
4398.0,船　岡　　洋一郎,6,11,9.09,9.09,18.18,36.36,0.137,0.08,0.24,0.0,0,0.0,B
4095.0,福　来　　　　剛,1,28,67.86,17.86,3.57,89.29,0.113,0.03,0.26,46.43,0,0.0,A
4278.0,藤　岡　　俊　介,2,10,30.0,30.0,20.0,80.0,0.113,0.06,0.19,20.0,0,0.0,B
3727.0,新　井　　康　行,4,3,0.0,0.0,0.0,0.0,0.12,0.09,0.18,0.0,0,0.0,参考
3921.0,川　村　　正　輝,6,5,0.0,0.0,20.0,20.0,0.18,0.12,0.22,0.0,0,0.0,C
2596.0,館　野　　友　良,1,4,0.0,25.0,25.0,50.0,0.213,0.13,0.27,0.0,0,0.0,参考
4335.0,若　林　　　　将,2,17,29.41,35.29,11.76,76.47,0.129,0.04,0.26,29.41,0,0.0,B
3105.0,内　山　　文　典,3,18,11.11,22.22,16.67,50.0,0.195,0.07,0.37,5.56,0,0.0,B
4012.0,中　村　　有　裕,4,14,14.29,28.57,21.43,64.29,0.129,0.01,0.22,42.86,0,0.0,B
4587.0,木　田　　峰由季,6,5,0.0,20.0,0.0,20.0,0.168,0.08,0.23,0.0,0,0.0,C
3741.0,松　尾　　基　成,1,3,0.0,0.0,66.67,66.67,0.207,0.1,0.31,0.0,0,0.0,参考
4040.0,廣　瀬　　将　亨,5,3,0.0,0.0,0.0,0.0,0.143,0.08,0.21,0.0,0,0.0,参考
3600.0,玄　馬　　　　徹,6,3,0.0,33.33,33.33,66.67,0.207,0.15,0.29,0.0,0,0.0,参考
4278.0,藤　岡　　俊　介,1,11,36.36,36.36,18.18,90.91,0.116,0.03,0.23,72.73,0,0.0,B
2757.0,宮　内　　忠　志,2,3,0.0,0.0,33.33,33.33,0.18,0.03,0.27,33.33,0,0.0,参考
4298.0,宮　下　　元　胤,3,11,18.18,9.09,36.36,63.64,0.172,0.1,0.27,9.09,0,0.0,B
3582.0,吉　川　　昭　男,6,10,10.0,0.0,30.0,40.0,0.186,0.08,0.26,10.0,0,0.0,B
3411.0,池　上　　隆　行,1,3,66.67,0.0,0.0,66.67,0.107,0.06,0.18,66.67,0,0.0,参考
4012.0,中　村　　有　裕,2,8,12.5,37.5,25.0,75.0,0.154,0.07,0.25,37.5,0,0.0,C
4096.0,石　橋　　道　友,3,6,16.67,16.67,33.33,66.67,0.177,0.02,0.27,16.67,0,0.0,C
4398.0,船　岡　　洋一郎,4,13,7.69,23.08,23.08,53.85,0.15,0.04,0.23,38.46,0,0.0,B
3727.0,新　井　　康　行,5,3,0.0,0.0,0.0,0.0,0.2,0.18,0.23,0.0,0,0.0,参考
4095.0,福　来　　　　剛,2,20,25.0,30.0,15.0,70.0,0.131,0.04,0.3,10.0,0,0.0,A
4361.0,柳　生　　泰　二,4,6,0.0,0.0,33.33,33.33,0.155,0.12,0.22,0.0,0,0.0,C
3600.0,玄　馬　　　　徹,5,3,33.33,0.0,33.33,66.67,0.233,0.22,0.25,0.0,0,0.0,参考
4357.0,田　中　　和　也,1,8,62.5,12.5,25.0,100.0,0.169,0.11,0.24,25.0,0,0.0,C
3741.0,松　尾　　基　成,2,4,0.0,25.0,25.0,50.0,0.19,0.14,0.26,25.0,0,0.0,参考
4335.0,若　林　　　　将,3,15,20.0,20.0,26.67,66.67,0.13,0.07,0.25,26.67,0,0.0,B
4298.0,宮　下　　元　胤,5,12,0.0,25.0,25.0,50.0,0.134,0.09,0.29,0.0,0,0.0,B
4100.0,松　田　　隆　司,6,4,0.0,25.0,25.0,50.0,0.207,0.15,0.25,0.0,0,0.0,参考
3105.0,内　山　　文　典,1,14,42.86,28.57,14.29,85.71,0.149,0.08,0.27,21.43,0,0.0,B
3946.0,赤　岩　　善　生,2,4,50.0,25.0,0.0,75.0,0.203,0.07,0.36,0.0,0,0.0,参考
2757.0,宮　内　　忠　志,4,4,0.0,0.0,0.0,0.0,0.18,0.16,0.21,0.0,0,0.0,参考
4523.0,中　村　　辰　也,5,7,0.0,28.57,14.29,42.86,0.124,0.11,0.15,14.29,0,0.0,C
3497.0,後　藤　　　　浩,6,5,0.0,0.0,40.0,40.0,0.14,0.06,0.22,40.0,0,0.0,C
3565.0,坂　本　　徳　克,5,11,0.0,0.0,9.09,9.09,0.162,0.05,0.23,9.09,0,0.0,B
3921.0,川　村　　正　輝,5,5,0.0,0.0,20.0,20.0,0.188,0.1,0.27,0.0,0,0.0,C
2596.0,館　野　　友　良,6,3,0.0,33.33,0.0,33.33,0.2,0.17,0.22,33.33,0,0.0,参考
4523.0,中　村　　辰　也,3,8,37.5,0.0,12.5,50.0,0.113,0.02,0.27,37.5,0,0.0,C
4298.0,宮　下　　元　胤,1,11,63.64,18.18,9.09,90.91,0.153,0.05,0.24,18.18,0,0.0,B
3497.0,後　藤　　　　浩,5,8,0.0,12.5,25.0,37.5,0.179,0.09,0.25,0.0,0,0.0,C
4329.0,小　松　　卓　司,3,10,0.0,20.0,20.0,40.0,0.135,0.03,0.21,0.0,0,0.0,B
4216.0,星　　　　栄　爾,6,6,0.0,0.0,33.33,33.33,0.172,0.07,0.25,0.0,0,0.0,C
3868.0,尾　形　　栄　治,5,4,0.0,25.0,0.0,25.0,0.203,0.09,0.28,0.0,0,0.0,参考
4587.0,木　田　　峰由季,2,3,33.33,33.33,0.0,66.67,0.203,0.16,0.29,0.0,0,0.0,参考
4329.0,小　松　　卓　司,5,10,10.0,10.0,0.0,20.0,0.179,0.11,0.24,10.0,0,0.0,B
2757.0,宮　内　　忠　志,6,7,0.0,14.29,28.57,42.86,0.207,0.12,0.29,28.57,0,0.0,C
4398.0,船　岡　　洋一郎,2,12,25.0,8.33,25.0,58.33,0.127,0.05,0.27,41.67,0,0.0,B
4523.0,中　村　　辰　也,4,7,42.86,14.29,14.29,71.43,0.13,0.05,0.18,28.57,0,0.0,C
4100.0,松　田　　隆　司,5,5,0.0,20.0,20.0,40.0,0.178,0.11,0.32,20.0,0,0.0,C
4382.0,高　山　　智　至,2,4,25.0,75.0,0.0,100.0,0.13,0.07,0.19,25.0,0,0.0,参考
4216.0,星　　　　栄　爾,5,7,0.0,14.29,42.86,57.14,0.114,0.04,0.23,14.29,0,0.0,C
3105.0,内　山　　文　典,6,10,10.0,20.0,20.0,50.0,0.15,0.04,0.28,20.0,0,0.0,B
4357.0,田　中　　和　也,5,7,14.29,42.86,14.29,71.43,0.199,0.12,0.25,0.0,0,0.0,C
4012.0,中　村　　有　裕,6,11,27.27,27.27,18.18,72.73,0.163,0.01,0.28,27.27,0,0.0,B
3741.0,松　尾　　基　成,4,5,0.0,0.0,0.0,0.0,0.176,0.14,0.26,0.0,0,0.0,C
4357.0,田　中　　和　也,6,4,25.0,50.0,25.0,100.0,0.185,0.1,0.23,0.0,0,0.0,参考
4759.0,今　泉　　友　吾,1,33,69.7,12.12,6.06,87.88,0.133,0.02,0.33,33.33,0,0.0,A
4044.0,湯　川　　浩　司,1,15,53.33,20.0,13.33,86.67,0.115,0.02,0.23,26.67,0,0.0,B
4266.0,長　田　　頼　宗,4,22,0.0,18.18,22.73,40.91,0.149,0.04,0.24,0.0,0,0.0,A
3942.0,寺　田　　　　祥,5,6,0.0,16.67,16.67,33.33,0.145,0.09,0.23,16.67,0,0.0,C
4008.0,中　尾　　　　誠,1,5,60.0,0.0,0.0,60.0,0.164,0.11,0.28,40.0,0,0.0,C
3984.0,坂　口　　　　周,2,8,25.0,37.5,37.5,100.0,0.16,0.08,0.31,12.5,0,0.0,C
3436.0,柏　野　　幸　二,3,8,25.0,0.0,50.0,75.0,0.191,0.1,0.28,37.5,0,0.0,C
3983.0,須　藤　　博　倫,4,13,15.38,30.77,7.69,53.85,0.133,0.07,0.27,30.77,0,0.0,B
3854.0,吉　川　　元　浩,6,8,0.0,0.0,37.5,37.5,0.15,0.09,0.23,25.0,0,0.0,C
4295.0,小　坂　　尚　哉,1,5,40.0,0.0,20.0,60.0,0.144,0.02,0.23,0.0,0,0.0,C
3679.0,飯　島　　昌　弘,2,15,20.0,26.67,40.0,86.67,0.151,0.04,0.27,13.33,0,0.0,B
3473.0,石　川　　真　二,3,10,40.0,20.0,0.0,60.0,0.15,0.01,0.21,20.0,0,0.0,B
3563.0,堤　　　　　　昇,5,8,0.0,37.5,25.0,62.5,0.155,0.06,0.3,37.5,0,0.0,C
3613.0,角　谷　　健　吾,1,23,43.48,13.04,13.04,69.57,0.15,0.04,0.31,43.48,0,0.0,A
3557.0,太　田　　和　美,2,4,25.0,50.0,25.0,100.0,0.115,0.04,0.17,25.0,0,0.0,参考
3499.0,市　川　　哲　也,3,7,14.29,14.29,42.86,71.43,0.091,0.02,0.16,71.43,0,0.0,C
4227.0,安　達　　裕　樹,4,5,20.0,20.0,20.0,60.0,0.098,0.04,0.22,40.0,0,0.0,C
4287.0,今　井　　貴　士,6,7,0.0,14.29,57.14,71.43,0.123,0.04,0.21,42.86,0,0.0,C
3995.0,重　野　　哲　之,1,13,61.54,15.38,15.38,92.31,0.108,0.07,0.16,46.15,0,0.0,B
3054.0,北　川　　幸　典,3,7,14.29,14.29,0.0,28.57,0.146,0.06,0.21,42.86,0,0.0,C
3388.0,今　垣　　光太郎,4,11,18.18,18.18,18.18,54.55,0.127,0.08,0.17,0.0,0,0.0,B
3716.0,石　渡　　鉄　兵,5,13,0.0,38.46,23.08,61.54,0.127,0.04,0.23,7.69,0,0.0,B
4030.0,森　高　　一　真,6,6,16.67,0.0,50.0,66.67,0.127,0.05,0.17,33.33,0,0.0,C
3959.0,坪　井　　康　晴,1,12,58.33,16.67,16.67,91.67,0.136,0.07,0.2,8.33,0,0.0,B
4236.0,松　村　　　　敏,2,6,33.33,50.0,16.67,100.0,0.125,0.06,0.17,16.67,0,0.0,C
3942.0,寺　田　　　　祥,3,7,42.86,0.0,0.0,42.86,0.14,0.09,0.22,0.0,0,0.0,C
3854.0,吉　川　　元　浩,4,10,0.0,50.0,20.0,70.0,0.145,0.05,0.21,0.0,0,0.0,B
4177.0,萬　　　　正　嗣,5,9,0.0,11.11,33.33,44.44,0.183,0.14,0.28,0.0,0,0.0,C
3737.0,上　平　　真　二,1,9,22.22,22.22,33.33,77.78,0.159,0.06,0.25,11.11,0,0.0,C
4608.0,荒　井　　翔　伍,2,17,35.29,17.65,23.53,76.47,0.138,0.07,0.27,5.88,0,0.0,B
4044.0,湯　川　　浩　司,3,8,50.0,25.0,12.5,87.5,0.12,0.06,0.22,37.5,0,0.0,C
4539.0,金　子　　賢　志,4,6,33.33,33.33,16.67,83.33,0.148,0.12,0.17,50.0,0,0.0,C
4028.0,田　村　　隆　信,5,3,0.0,0.0,0.0,0.0,0.203,0.14,0.27,0.0,0,0.0,参考
3473.0,石　川　　真　二,6,8,25.0,37.5,12.5,75.0,0.119,0.01,0.22,50.0,0,0.0,C
4266.0,長　田　　頼　宗,1,36,69.44,16.67,8.33,94.44,0.12,0.02,0.24,50.0,0,0.0,A
3499.0,市　川　　哲　也,2,5,20.0,0.0,0.0,20.0,0.116,0.07,0.14,0.0,0,0.0,C
3777.0,樋　口　　　　亮,4,3,0.0,33.33,33.33,66.67,0.173,0.13,0.2,0.0,0,0.0,参考
4137.0,君　島　　秀　三,5,7,0.0,28.57,28.57,57.14,0.119,0.04,0.22,0.0,0,0.0,C
4063.0,市　橋　　卓　士,6,4,0.0,0.0,50.0,50.0,0.185,0.12,0.29,25.0,0,0.0,参考
3984.0,坂　口　　　　周,1,8,12.5,25.0,12.5,50.0,0.175,0.12,0.28,12.5,0,0.0,C
3613.0,角　谷　　健　吾,2,21,28.57,28.57,14.29,71.43,0.134,0.04,0.23,28.57,0,0.0,A
3200.0,熊　谷　　直　樹,3,3,33.33,33.33,33.33,100.0,0.163,0.09,0.29,0.0,0,0.0,参考
3780.0,魚　谷　　智　之,4,3,0.0,33.33,33.33,66.67,0.24,0.17,0.33,33.33,0,0.0,参考
3837.0,秋　山　　広　一,6,3,0.0,33.33,33.33,66.67,0.26,0.19,0.32,0.0,0,0.0,参考
4089.0,妹　尾　　忠　幸,1,6,66.67,16.67,0.0,83.33,0.118,0.04,0.25,50.0,0,0.0,C
3415.0,松　井　　　　繁,2,4,0.0,50.0,25.0,75.0,0.145,0.03,0.22,25.0,0,0.0,参考
4342.0,谷　野　　錬　志,3,10,20.0,30.0,20.0,70.0,0.124,0.05,0.23,20.0,0,0.0,B
4236.0,松　村　　　　敏,4,9,55.56,11.11,0.0,66.67,0.08,0.04,0.13,77.78,0,0.0,C
4444.0,桐　生　　順　平,1,7,85.71,0.0,0.0,85.71,0.089,0.05,0.13,57.14,0,0.0,C
3737.0,上　平　　真　二,2,8,0.0,25.0,25.0,50.0,0.186,0.07,0.45,12.5,0,0.0,C
4391.0,松　田　　祐　季,3,6,33.33,0.0,0.0,33.33,0.103,0.06,0.15,16.67,0,0.0,C
4030.0,森　高　　一　真,4,4,25.0,25.0,50.0,100.0,0.12,0.09,0.15,25.0,0,0.0,参考
4497.0,桑　原　　　　悠,5,7,28.57,0.0,0.0,28.57,0.123,0.03,0.16,28.57,0,0.0,C
3556.0,田　中　　信一郎,2,6,16.67,33.33,16.67,66.67,0.145,0.04,0.31,16.67,0,0.0,C
4028.0,田　村　　隆　信,3,3,0.0,100.0,0.0,100.0,0.18,0.14,0.23,0.0,0,0.0,参考
3557.0,太　田　　和　美,4,3,0.0,0.0,33.33,33.33,0.143,0.1,0.17,0.0,0,0.0,参考
3388.0,今　垣　　光太郎,5,8,0.0,0.0,25.0,25.0,0.169,0.06,0.52,12.5,0,0.0,C
3996.0,秋　山　　直　之,6,8,0.0,25.0,25.0,50.0,0.159,0.06,0.23,12.5,0,0.0,C
3996.0,秋　山　　直　之,1,9,66.67,22.22,11.11,100.0,0.134,0.07,0.19,22.22,0,0.0,C
3563.0,堤　　　　　　昇,2,7,14.29,28.57,14.29,57.14,0.183,0.12,0.26,0.0,0,0.0,C
4608.0,荒　井　　翔　伍,3,20,30.0,35.0,15.0,80.0,0.158,0.07,0.29,10.0,0,0.0,A
4063.0,市　橋　　卓　士,4,6,33.33,33.33,16.67,83.33,0.15,0.05,0.23,0.0,0,0.0,C
3984.0,坂　口　　　　周,5,8,0.0,0.0,25.0,25.0,0.188,0.12,0.32,12.5,0,0.0,C
4089.0,妹　尾　　忠　幸,6,5,40.0,0.0,20.0,60.0,0.176,0.1,0.24,20.0,0,0.0,C
4539.0,金　子　　賢　志,3,4,0.0,25.0,0.0,25.0,0.135,0.11,0.15,0.0,0,0.0,参考
3556.0,田　中　　信一郎,4,6,16.67,16.67,16.67,50.0,0.107,0.03,0.18,50.0,0,0.0,C
4391.0,松　田　　祐　季,5,7,0.0,14.29,28.57,42.86,0.12,0.07,0.21,0.0,0,0.0,C
3499.0,市　川　　哲　也,6,4,0.0,25.0,0.0,25.0,0.147,0.09,0.21,0.0,0,0.0,参考
4177.0,萬　　　　正　嗣,1,7,71.43,0.0,14.29,85.71,0.146,0.04,0.25,28.57,0,0.0,C
3780.0,魚　谷　　智　之,3,3,0.0,33.33,33.33,66.67,0.18,0.09,0.27,33.33,0,0.0,参考
3436.0,柏　野　　幸　二,5,10,0.0,10.0,40.0,50.0,0.149,0.06,0.32,30.0,0,0.0,B
3983.0,須　藤　　博　倫,1,12,75.0,8.33,8.33,91.67,0.093,0.05,0.18,50.0,0,0.0,B
3473.0,石　川　　真　二,2,8,25.0,0.0,12.5,37.5,0.115,0.04,0.21,25.0,0,0.0,C
3716.0,石　渡　　鉄　兵,3,17,11.76,17.65,17.65,47.06,0.126,0.04,0.21,29.41,0,0.0,B
4287.0,今　井　　貴　士,4,9,33.33,11.11,33.33,77.78,0.103,0.01,0.18,44.44,0,0.0,C
4342.0,谷　野　　錬　志,5,8,25.0,25.0,25.0,75.0,0.163,0.08,0.27,12.5,0,0.0,C
4236.0,松　村　　　　敏,1,10,80.0,0.0,0.0,80.0,0.11,0.05,0.18,30.0,0,0.0,B
4444.0,桐　生　　順　平,3,7,14.29,14.29,57.14,85.71,0.144,0.08,0.29,14.29,0,0.0,C
4295.0,小　坂　　尚　哉,4,3,0.0,66.67,0.0,66.67,0.153,0.13,0.19,0.0,0,0.0,参考
4008.0,中　尾　　　　誠,5,4,25.0,0.0,25.0,50.0,0.125,0.1,0.14,25.0,0,0.0,参考
3200.0,熊　谷　　直　樹,6,3,0.0,0.0,33.33,33.33,0.167,0.11,0.23,33.33,0,0.0,参考
3054.0,北　川　　幸　典,1,6,100.0,0.0,0.0,100.0,0.118,0.09,0.18,33.33,0,0.0,C
4227.0,安　達　　裕　樹,2,8,25.0,12.5,12.5,50.0,0.171,0.08,0.3,0.0,0,0.0,C
3415.0,松　井　　　　繁,4,4,0.0,25.0,25.0,50.0,0.15,0.13,0.21,0.0,0,0.0,参考
4063.0,市　橋　　卓　士,5,5,0.0,20.0,20.0,40.0,0.162,0.1,0.23,40.0,0,0.0,C
3942.0,寺　田　　　　祥,6,4,0.0,0.0,50.0,50.0,0.133,0.09,0.16,0.0,0,0.0,参考
3780.0,魚　谷　　智　之,2,3,0.0,0.0,66.67,66.67,0.197,0.15,0.23,0.0,0,0.0,参考
3996.0,秋　山　　直　之,3,8,25.0,12.5,37.5,75.0,0.17,0.08,0.29,12.5,0,0.0,C
3959.0,坪　井　　康　晴,4,6,83.33,0.0,0.0,83.33,0.137,0.09,0.19,66.67,0,0.0,C
3995.0,重　野　　哲　之,5,10,10.0,10.0,0.0,20.0,0.081,0.01,0.16,60.0,0,0.0,B
4391.0,松　田　　祐　季,6,6,0.0,33.33,16.67,50.0,0.16,0.13,0.19,0.0,0,0.0,C
4539.0,金　子　　賢　志,1,6,50.0,16.67,0.0,66.67,0.113,0.06,0.2,50.0,0,0.0,C
3388.0,今　垣　　光太郎,2,9,11.11,33.33,11.11,55.56,0.152,0.06,0.27,11.11,0,0.0,C
4287.0,今　井　　貴　士,3,7,0.0,57.14,14.29,71.43,0.15,0.11,0.22,0.0,0,0.0,C
4497.0,桑　原　　　　悠,4,10,0.0,30.0,10.0,40.0,0.141,0.06,0.23,10.0,0,0.0,B
4266.0,長　田　　頼　宗,5,22,18.18,27.27,9.09,54.55,0.158,0.08,0.25,13.64,0,0.0,A
3436.0,柏　野　　幸　二,6,7,0.0,14.29,28.57,42.86,0.173,0.08,0.25,0.0,0,0.0,C
4295.0,小　坂　　尚　哉,2,5,20.0,20.0,40.0,80.0,0.134,0.08,0.17,60.0,0,0.0,C
4089.0,妹　尾　　忠　幸,3,7,0.0,57.14,0.0,57.14,0.119,0.03,0.21,57.14,0,0.0,C
3737.0,上　平　　真　二,4,6,0.0,33.33,50.0,83.33,0.185,0.12,0.31,0.0,0,0.0,C
3777.0,樋　口　　　　亮,5,4,0.0,0.0,0.0,0.0,0.175,0.12,0.2,0.0,0,0.0,参考
3557.0,太　田　　和　美,6,5,0.0,0.0,60.0,60.0,0.17,0.13,0.26,20.0,0,0.0,C
4030.0,森　高　　一　真,1,5,20.0,40.0,0.0,60.0,0.174,0.15,0.19,0.0,0,0.0,C
4177.0,萬　　　　正　嗣,2,11,27.27,27.27,18.18,72.73,0.145,0.03,0.25,36.36,0,0.0,B
3837.0,秋　山　　広　一,3,3,33.33,33.33,0.0,66.67,0.12,0.09,0.15,33.33,0,0.0,参考
3563.0,堤　　　　　　昇,4,5,20.0,0.0,20.0,40.0,0.196,0.11,0.35,0.0,0,0.0,C
4008.0,中　尾　　　　誠,6,4,25.0,25.0,0.0,50.0,0.125,0.07,0.16,25.0,0,0.0,参考
3556.0,田　中　　信一郎,1,6,50.0,50.0,0.0,100.0,0.107,0.05,0.26,83.33,0,0.0,C
3054.0,北　川　　幸　典,2,7,14.29,28.57,14.29,57.14,0.156,0.07,0.2,14.29,0,0.0,C
3613.0,角　谷　　健　吾,3,16,25.0,31.25,12.5,68.75,0.135,0.07,0.21,25.0,0,0.0,B
3959.0,坪　井　　康　晴,5,7,14.29,14.29,14.29,42.86,0.114,0.06,0.19,42.86,0,0.0,C
3679.0,飯　島　　昌　弘,6,10,0.0,10.0,10.0,20.0,0.213,0.11,0.27,10.0,0,0.0,B
3415.0,松　井　　　　繁,1,7,100.0,0.0,0.0,100.0,0.087,0.03,0.15,42.86,0,0.0,C
3716.0,石　渡　　鉄　兵,2,12,8.33,16.67,25.0,50.0,0.137,0.05,0.22,25.0,0,0.0,B
3854.0,吉　川　　元　浩,3,9,11.11,55.56,22.22,88.89,0.096,0.03,0.16,66.67,0,0.0,C
3897.0,白　井　　英　治,4,3,33.33,0.0,33.33,66.67,0.093,0.06,0.12,66.67,0,0.0,参考
4044.0,湯　川　　浩　司,5,14,21.43,14.29,21.43,57.14,0.125,0.07,0.28,28.57,0,0.0,B
4444.0,桐　生　　順　平,6,6,16.67,0.0,50.0,66.67,0.112,0.07,0.13,33.33,0,0.0,C
3388.0,今　垣　　光太郎,1,10,70.0,20.0,10.0,100.0,0.093,0.0,0.17,50.0,0,0.0,B
3942.0,寺　田　　　　祥,2,5,0.0,20.0,60.0,80.0,0.126,0.05,0.22,0.0,0,0.0,C
4137.0,君　島　　秀　三,4,6,33.33,16.67,16.67,66.67,0.097,0.05,0.12,33.33,0,0.0,C
4608.0,荒　井　　翔　伍,5,13,0.0,15.38,30.77,46.15,0.108,0.04,0.18,38.46,0,0.0,B
3983.0,須　藤　　博　倫,6,10,20.0,0.0,20.0,40.0,0.144,0.02,0.22,10.0,0,0.0,B
3897.0,白　井　　英　治,2,3,0.0,33.33,33.33,66.67,0.197,0.13,0.24,0.0,0,0.0,参考
4236.0,松　村　　　　敏,3,9,33.33,11.11,33.33,77.78,0.118,0.06,0.25,22.22,0,0.0,C
3995.0,重　野　　哲　之,4,12,8.33,8.33,25.0,41.67,0.093,0.03,0.18,25.0,0,0.0,B
3557.0,太　田　　和　美,5,4,0.0,25.0,25.0,50.0,0.173,0.1,0.31,0.0,0,0.0,参考
4539.0,金　子　　賢　志,6,6,0.0,0.0,16.67,16.67,0.122,0.07,0.18,33.33,0,0.0,C
3563.0,堤　　　　　　昇,1,6,66.67,0.0,16.67,83.33,0.165,0.09,0.26,33.33,0,0.0,C
3436.0,柏　野　　幸　二,2,11,18.18,9.09,18.18,45.45,0.096,0.01,0.17,63.64,0,0.0,B
4044.0,湯　川　　浩　司,4,8,25.0,25.0,12.5,62.5,0.131,0.06,0.22,0.0,0,0.0,C
3613.0,角　谷　　健　吾,6,16,0.0,6.25,12.5,18.75,0.158,0.05,0.29,25.0,0,0.0,B
3499.0,市　川　　哲　也,1,5,80.0,0.0,0.0,80.0,0.15,0.04,0.21,40.0,0,0.0,C
3996.0,秋　山　　直　之,2,7,14.29,42.86,28.57,85.71,0.133,0.09,0.16,0.0,0,0.0,C
4008.0,中　尾　　　　誠,4,4,0.0,0.0,0.0,0.0,0.13,0.09,0.19,0.0,0,0.0,参考
3679.0,飯　島　　昌　弘,5,16,6.25,25.0,25.0,56.25,0.133,0.04,0.22,18.75,0,0.0,B
3737.0,上　平　　真　二,6,10,10.0,20.0,30.0,60.0,0.212,0.07,0.5,0.0,0,0.0,B
4497.0,桑　原　　　　悠,1,6,16.67,66.67,16.67,100.0,0.135,0.09,0.16,33.33,0,0.0,C
3959.0,坪　井　　康　晴,2,7,14.29,14.29,42.86,71.43,0.153,0.06,0.25,0.0,0,0.0,C
4295.0,小　坂　　尚　哉,3,3,0.0,33.33,33.33,66.67,0.233,0.13,0.35,0.0,0,0.0,参考
4608.0,荒　井　　翔　伍,4,17,17.65,11.76,23.53,52.94,0.155,0.04,0.3,17.65,0,0.0,B
4503.0,上　野　　真之介,5,3,0.0,0.0,66.67,66.67,0.167,0.12,0.21,0.0,0,0.0,参考
3473.0,石　川　　真　二,1,10,50.0,20.0,0.0,70.0,0.127,0.08,0.22,60.0,0,0.0,B
4444.0,桐　生　　順　平,2,8,37.5,12.5,12.5,62.5,0.113,0.06,0.17,12.5,0,0.0,C
4177.0,萬　　　　正　嗣,3,10,20.0,20.0,20.0,60.0,0.142,0.07,0.23,20.0,0,0.0,B
3984.0,坂　口　　　　周,4,8,25.0,12.5,25.0,62.5,0.166,0.1,0.25,25.0,0,0.0,C
4227.0,安　達　　裕　樹,5,6,16.67,16.67,16.67,50.0,0.145,0.04,0.25,33.33,0,0.0,C
4266.0,長　田　　頼　宗,6,21,9.52,28.57,19.05,57.14,0.165,0.04,0.35,19.05,0,0.0,A
3837.0,秋　山　　広　一,1,4,100.0,0.0,0.0,100.0,0.072,0.04,0.1,100.0,0,0.0,参考
3777.0,樋　口　　　　亮,2,4,25.0,50.0,0.0,75.0,0.145,0.1,0.19,25.0,0,0.0,参考
3388.0,今　垣　　光太郎,3,7,28.57,28.57,14.29,71.43,0.086,0.01,0.17,57.14,0,0.0,C
4028.0,田　村　　隆　信,1,6,83.33,16.67,0.0,100.0,0.1,0.02,0.16,33.33,0,0.0,C
3995.0,重　野　　哲　之,2,11,9.09,9.09,45.45,63.64,0.131,0.06,0.22,18.18,0,0.0,B
3499.0,市　川　　哲　也,4,9,0.0,33.33,11.11,44.44,0.118,0.05,0.2,55.56,0,0.0,C
3983.0,須　藤　　博　倫,5,7,14.29,14.29,14.29,42.86,0.126,0.08,0.17,0.0,0,0.0,C
3415.0,松　井　　　　繁,6,6,33.33,0.0,50.0,83.33,0.193,0.12,0.26,16.67,0,0.0,C
3200.0,熊　谷　　直　樹,1,4,50.0,0.0,0.0,50.0,0.138,0.12,0.16,25.0,0,0.0,参考
4063.0,市　橋　　卓　士,2,6,50.0,0.0,0.0,50.0,0.138,0.08,0.22,0.0,0,0.0,C
3557.0,太　田　　和　美,3,3,0.0,0.0,0.0,0.0,0.203,0.13,0.33,33.33,0,0.0,参考
3679.0,飯　島　　昌　弘,4,14,7.14,14.29,35.71,57.14,0.172,0.07,0.25,7.14,0,0.0,B
3854.0,吉　川　　元　浩,5,8,0.0,12.5,25.0,37.5,0.126,0.06,0.2,0.0,0,0.0,C
4391.0,松　田　　祐　季,1,7,42.86,42.86,0.0,85.71,0.171,0.1,0.25,28.57,0,0.0,C
4342.0,谷　野　　錬　志,2,8,12.5,37.5,12.5,62.5,0.141,0.02,0.24,0.0,0,0.0,C
3054.0,北　川　　幸　典,6,4,25.0,25.0,25.0,75.0,0.13,0.08,0.19,25.0,0,0.0,参考
3780.0,魚　谷　　智　之,1,4,75.0,25.0,0.0,100.0,0.122,0.07,0.16,50.0,0,0.0,参考
4030.0,森　高　　一　真,2,6,50.0,16.67,16.67,83.33,0.132,0.08,0.19,16.67,0,0.0,C
4137.0,君　島　　秀　三,3,5,0.0,40.0,20.0,60.0,0.162,0.12,0.19,20.0,0,0.0,C
4089.0,妹　尾　　忠　幸,4,5,0.0,20.0,60.0,80.0,0.15,0.13,0.17,20.0,0,0.0,C
4287.0,今　井　　貴　士,5,11,9.09,18.18,9.09,36.36,0.113,0.01,0.19,45.45,0,0.0,B
4044.0,湯　川　　浩　司,6,9,0.0,11.11,44.44,55.56,0.162,0.05,0.33,11.11,0,0.0,C
3716.0,石　渡　　鉄　兵,1,20,65.0,15.0,5.0,85.0,0.113,0.01,0.21,35.0,0,0.0,A
4497.0,桑　原　　　　悠,2,6,0.0,50.0,16.67,66.67,0.135,0.03,0.23,50.0,0,0.0,C
4227.0,安　達　　裕　樹,3,4,0.0,25.0,50.0,75.0,0.185,0.1,0.27,25.0,0,0.0,参考
3837.0,秋　山　　広　一,4,3,33.33,33.33,0.0,66.67,0.177,0.06,0.29,33.33,0,0.0,参考
3556.0,田　中　　信一郎,5,5,0.0,80.0,0.0,80.0,0.134,0.11,0.22,20.0,0,0.0,C
4236.0,松　村　　　　敏,6,6,0.0,16.67,0.0,16.67,0.1,0.06,0.18,66.67,0,0.0,C
3854.0,吉　川　　元　浩,1,10,60.0,20.0,10.0,90.0,0.133,0.08,0.21,40.0,0,0.0,B
4342.0,谷　野　　錬　志,4,9,22.22,33.33,33.33,88.89,0.108,0.03,0.2,33.33,0,0.0,C
3780.0,魚　谷　　智　之,6,4,25.0,25.0,25.0,75.0,0.138,0.07,0.24,25.0,0,0.0,参考
3942.0,寺　田　　　　祥,1,5,20.0,40.0,0.0,60.0,0.112,0.07,0.19,20.0,0,0.0,C
3837.0,秋　山　　広　一,2,3,33.33,0.0,33.33,66.67,0.1,0.0,0.17,33.33,0,0.0,参考
4008.0,中　尾　　　　誠,3,4,0.0,50.0,25.0,75.0,0.115,0.07,0.14,25.0,0,0.0,参考
3473.0,石　川　　真　二,4,9,22.22,22.22,11.11,55.56,0.168,0.09,0.26,22.22,0,0.0,C
3613.0,角　谷　　健　吾,5,24,12.5,16.67,12.5,41.67,0.125,0.02,0.25,16.67,0,0.0,A
4028.0,田　村　　隆　信,6,6,16.67,16.67,16.67,50.0,0.155,0.12,0.24,33.33,0,0.0,C
3563.0,堤　　　　　　昇,3,6,16.67,33.33,0.0,50.0,0.173,0.12,0.23,0.0,0,0.0,C
3716.0,石　渡　　鉄　兵,4,14,7.14,35.71,28.57,71.43,0.129,0.09,0.2,21.43,0,0.0,B
3054.0,北　川　　幸　典,5,6,16.67,0.0,0.0,16.67,0.165,0.02,0.25,0.0,0,0.0,C
4177.0,萬　　　　正　嗣,6,8,0.0,0.0,25.0,25.0,0.176,0.12,0.24,12.5,0,0.0,C
4266.0,長　田　　頼　宗,2,18,33.33,38.89,16.67,88.89,0.134,0.06,0.24,27.78,0,0.0,B
3200.0,熊　谷　　直　樹,4,4,25.0,25.0,25.0,75.0,0.135,0.06,0.2,25.0,0,0.0,参考
3415.0,松　井　　　　繁,5,3,100.0,0.0,0.0,100.0,0.13,0.01,0.2,0.0,0,0.0,参考
3959.0,坪　井　　康　晴,6,8,12.5,12.5,50.0,75.0,0.169,0.07,0.27,37.5,0,0.0,C
4287.0,今　井　　貴　士,1,9,66.67,22.22,0.0,88.89,0.131,0.07,0.17,22.22,0,0.0,C
4539.0,金　子　　賢　志,2,4,0.0,0.0,0.0,0.0,0.158,0.09,0.23,0.0,0,0.0,参考
3436.0,柏　野　　幸　二,4,5,20.0,20.0,20.0,60.0,0.108,0.04,0.22,40.0,0,0.0,C
4444.0,桐　生　　順　平,5,9,0.0,11.11,22.22,33.33,0.142,0.07,0.3,0.0,0,0.0,C
3556.0,田　中　　信一郎,6,5,40.0,20.0,0.0,60.0,0.156,0.06,0.23,0.0,0,0.0,C
3897.0,白　井　　英　治,1,4,100.0,0.0,0.0,100.0,0.105,0.05,0.16,25.0,0,0.0,参考
4503.0,上　野　　真之介,2,3,0.0,66.67,0.0,66.67,0.15,0.12,0.18,33.33,0,0.0,参考
3984.0,坂　口　　　　周,3,7,14.29,28.57,14.29,57.14,0.17,0.13,0.23,0.0,0,0.0,C
3613.0,角　谷　　健　吾,4,13,7.69,15.38,30.77,53.85,0.136,0.03,0.19,38.46,0,0.0,B
3737.0,上　平　　真　二,5,10,0.0,20.0,30.0,50.0,0.178,0.09,0.48,10.0,0,0.0,B
3388.0,今　垣　　光太郎,6,9,22.22,11.11,11.11,44.44,0.182,0.11,0.28,11.11,0,0.0,C
4063.0,市　橋　　卓　士,1,4,75.0,0.0,0.0,75.0,0.117,0.03,0.25,50.0,0,0.0,参考
3983.0,須　藤　　博　倫,2,10,40.0,10.0,10.0,60.0,0.133,0.07,0.23,40.0,0,0.0,B
4030.0,森　高　　一　真,3,5,60.0,0.0,0.0,60.0,0.142,0.05,0.32,0.0,0,0.0,C
3996.0,秋　山　　直　之,4,4,25.0,25.0,0.0,50.0,0.175,0.14,0.21,25.0,0,0.0,参考
3473.0,石　川　　真　二,5,8,12.5,50.0,25.0,87.5,0.14,0.09,0.21,0.0,0,0.0,C
3716.0,石　渡　　鉄　兵,6,15,0.0,6.67,26.67,33.33,0.126,0.05,0.2,13.33,0,0.0,B
3679.0,飯　島　　昌　弘,1,16,62.5,37.5,0.0,100.0,0.141,0.08,0.26,18.75,0,0.0,B
4044.0,湯　川　　浩　司,2,12,25.0,33.33,16.67,75.0,0.109,0.02,0.21,33.33,0,0.0,B
4266.0,長　田　　頼　宗,3,23,30.43,26.09,8.7,65.22,0.128,0.03,0.21,26.09,0,0.0,A
4028.0,田　村　　隆　信,4,4,0.0,0.0,0.0,0.0,0.12,0.08,0.16,50.0,0,0.0,参考
4236.0,松　村　　　　敏,5,7,14.29,0.0,57.14,71.43,0.081,0.05,0.11,57.14,0,0.0,C
4295.0,小　坂　　尚　哉,6,4,0.0,25.0,0.0,25.0,0.158,0.12,0.19,0.0,0,0.0,参考
3854.0,吉　川　　元　浩,2,7,14.29,42.86,0.0,57.14,0.136,0.02,0.21,14.29,0,0.0,C
3556.0,田　中　　信一郎,3,5,60.0,0.0,0.0,60.0,0.102,0.07,0.16,20.0,0,0.0,C
3942.0,寺　田　　　　祥,4,5,0.0,0.0,40.0,40.0,0.122,0.09,0.19,0.0,0,0.0,C
4089.0,妹　尾　　忠　幸,5,7,0.0,14.29,14.29,28.57,0.153,0.07,0.22,14.29,0,0.0,C
3563.0,堤　　　　　　昇,6,4,0.0,0.0,25.0,25.0,0.14,0.07,0.19,0.0,0,0.0,参考
3436.0,柏　野　　幸　二,1,8,75.0,12.5,0.0,87.5,0.07,0.0,0.18,62.5,0,0.0,C
3737.0,上　平　　真　二,3,9,55.56,11.11,11.11,77.78,0.099,0.03,0.15,11.11,0,0.0,C
3995.0,重　野　　哲　之,6,10,0.0,20.0,30.0,50.0,0.118,0.05,0.21,30.0,0,0.0,B
4391.0,松　田　　祐　季,2,8,25.0,25.0,12.5,62.5,0.131,0.03,0.22,12.5,0,0.0,C
3415.0,松　井　　　　繁,3,7,0.0,42.86,0.0,42.86,0.113,0.04,0.16,0.0,0,0.0,C
3996.0,秋　山　　直　之,5,6,16.67,16.67,66.67,100.0,0.12,0.05,0.17,16.67,0,0.0,C
3984.0,坂　口　　　　周,6,8,0.0,50.0,12.5,62.5,0.166,0.06,0.24,25.0,0,0.0,C
3557.0,太　田　　和　美,1,5,100.0,0.0,0.0,100.0,0.168,0.13,0.23,20.0,0,0.0,C
4444.0,桐　生　　順　平,4,6,16.67,0.0,33.33,50.0,0.125,0.02,0.19,33.33,0,0.0,C
4030.0,森　高　　一　真,5,6,0.0,0.0,16.67,16.67,0.138,0.08,0.23,33.33,0,0.0,C
4497.0,桑　原　　　　悠,6,6,0.0,0.0,33.33,33.33,0.14,0.09,0.21,0.0,0,0.0,C
4137.0,君　島　　秀　三,1,6,83.33,0.0,16.67,100.0,0.125,0.07,0.17,33.33,0,0.0,C
4089.0,妹　尾　　忠　幸,2,6,16.67,83.33,0.0,100.0,0.145,0.09,0.22,16.67,0,0.0,C
4391.0,松　田　　祐　季,4,7,0.0,28.57,28.57,57.14,0.211,0.13,0.3,0.0,0,0.0,C
3959.0,坪　井　　康　晴,3,5,20.0,40.0,0.0,60.0,0.188,0.13,0.27,0.0,0,0.0,C
4608.0,荒　井　　翔　伍,6,10,0.0,10.0,30.0,40.0,0.174,0.1,0.25,20.0,0,0.0,B
4008.0,中　尾　　　　誠,2,4,75.0,0.0,0.0,75.0,0.138,0.05,0.21,0.0,0,0.0,参考
3679.0,飯　島　　昌　弘,3,15,20.0,26.67,33.33,80.0,0.103,0.02,0.29,40.0,0,0.0,B
4342.0,谷　野　　錬　志,1,9,66.67,0.0,22.22,88.89,0.122,0.04,0.18,55.56,0,0.0,C
3995.0,重　野　　哲　之,3,9,33.33,11.11,11.11,55.56,0.122,0.05,0.2,44.44,0,0.0,C
4227.0,安　達　　裕　樹,1,5,40.0,20.0,20.0,80.0,0.134,0.01,0.23,40.0,0,0.0,C
3054.0,北　川　　幸　典,4,8,12.5,25.0,25.0,62.5,0.121,0.06,0.19,25.0,0,0.0,C
4295.0,小　坂　　尚　哉,5,5,0.0,40.0,20.0,60.0,0.122,0.03,0.19,60.0,0,0.0,C
4287.0,今　井　　貴　士,2,9,33.33,44.44,11.11,88.89,0.152,0.06,0.23,11.11,0,0.0,C
4063.0,市　橋　　卓　士,3,4,25.0,25.0,25.0,75.0,0.125,0.06,0.16,50.0,0,0.0,参考
4539.0,金　子　　賢　志,5,4,25.0,0.0,25.0,50.0,0.212,0.14,0.29,0.0,0,0.0,参考
3983.0,須　藤　　博　倫,3,13,30.77,7.69,23.08,61.54,0.1,0.05,0.15,23.08,0,0.0,B
4177.0,萬　　　　正　嗣,4,12,8.33,8.33,0.0,16.67,0.158,0.07,0.3,0.0,0,0.0,B
4608.0,荒　井　　翔　伍,1,12,66.67,25.0,0.0,91.67,0.115,0.04,0.23,41.67,0,0.0,B
4342.0,谷　野　　錬　志,6,7,0.0,14.29,42.86,57.14,0.15,0.06,0.23,14.29,0,0.0,C
4137.0,君　島　　秀　三,6,4,0.0,25.0,25.0,50.0,0.128,0.04,0.22,50.0,0,0.0,参考
4227.0,安　達　　裕　樹,6,5,20.0,20.0,20.0,60.0,0.166,0.07,0.24,20.0,0,0.0,C
4497.0,桑　原　　　　悠,3,11,18.18,27.27,27.27,72.73,0.116,0.08,0.16,9.09,0,0.0,B
4015.0,前　野　　竜　一,1,3,66.67,0.0,0.0,66.67,0.187,0.12,0.26,33.33,0,0.0,参考
4675.0,井　手　　良　太,2,10,0.0,30.0,20.0,50.0,0.149,0.04,0.27,30.0,0,0.0,B
3013.0,鈴　木　　敏　裕,4,4,0.0,50.0,25.0,75.0,0.188,0.15,0.22,0.0,0,0.0,参考
4854.0,大　橋　　由　珠,6,12,0.0,8.33,0.0,8.33,0.152,0.01,0.27,41.67,0,0.0,B
3891.0,谷　口　　健　一,2,6,50.0,0.0,16.67,66.67,0.18,0.08,0.33,33.33,0,0.0,C
3966.0,作　間　　　　章,4,24,29.17,29.17,25.0,83.33,0.153,0.05,0.3,25.0,0,0.0,A
4169.0,多　田　　有　佑,5,15,0.0,6.67,20.0,26.67,0.163,0.04,0.28,13.33,0,0.0,B
4795.0,落　合　　正　侑,6,6,0.0,0.0,16.67,16.67,0.143,0.08,0.2,33.33,0,0.0,C
3158.0,島　川　　光　男,1,11,18.18,45.45,9.09,72.73,0.134,0.05,0.26,45.45,0,0.0,B
3863.0,海老澤　　泰　行,2,31,16.13,22.58,16.13,54.84,0.144,0.05,0.28,16.13,0,0.0,A
3514.0,山　一　　鉄　也,3,16,18.75,25.0,6.25,50.0,0.169,0.07,0.32,12.5,0,0.0,B
4243.0,西　村　　　　歩,4,3,0.0,33.33,0.0,33.33,0.163,0.14,0.2,0.0,0,0.0,参考
3745.0,橋　本　　年　光,5,3,0.0,0.0,33.33,33.33,0.187,0.13,0.22,0.0,0,0.0,参考
4618.0,乃　村　　康　友,6,4,0.0,0.0,0.0,0.0,0.215,0.06,0.31,0.0,0,0.0,参考
3881.0,浦　上　　拓　也,1,5,40.0,40.0,0.0,80.0,0.176,0.12,0.22,0.0,0,0.0,C
4498.0,宮　本　　夏　樹,2,6,16.67,16.67,33.33,66.67,0.17,0.11,0.25,16.67,0,0.0,C
2876.0,鈴　木　　幸　夫,3,3,0.0,33.33,0.0,33.33,0.193,0.16,0.23,0.0,0,0.0,参考
4434.0,田　中　　辰　彦,5,10,10.0,0.0,50.0,60.0,0.157,0.09,0.25,20.0,0,0.0,B
4547.0,中　田　　竜　太,6,11,18.18,27.27,18.18,63.64,0.185,0.12,0.25,18.18,0,0.0,B
4188.0,久　田　　敏　之,1,9,44.44,44.44,11.11,100.0,0.112,0.02,0.21,44.44,0,0.0,C
4343.0,村　岡　　　　賢,3,8,0.0,25.0,12.5,37.5,0.185,0.13,0.24,12.5,0,0.0,C
2785.0,水　野　　　　要,1,4,25.0,25.0,25.0,75.0,0.145,0.07,0.23,25.0,0,0.0,参考
4304.0,藤　崎　　小百合,3,3,0.0,33.33,33.33,66.67,0.137,0.09,0.2,33.33,0,0.0,参考
4675.0,井　手　　良　太,4,6,16.67,0.0,16.67,33.33,0.125,0.05,0.19,50.0,0,0.0,C
4468.0,大　池　　佑　来,5,25,8.0,16.0,32.0,56.0,0.133,0.04,0.23,32.0,0,0.0,A
3381.0,滝　沢　　芳　行,6,9,22.22,22.22,0.0,44.44,0.144,0.03,0.32,44.44,0,0.0,C
3273.0,石　田　　　　豪,1,7,28.57,14.29,0.0,42.86,0.149,0.05,0.26,57.14,0,0.0,C
3863.0,海老澤　　泰　行,3,31,12.9,12.9,12.9,38.71,0.15,0.04,0.37,9.68,0,0.0,A
3833.0,中　辻　　博　訓,5,9,11.11,11.11,33.33,55.56,0.12,0.05,0.2,11.11,0,0.0,C
4169.0,多　田　　有　佑,6,17,5.88,0.0,5.88,11.76,0.198,0.1,0.32,5.88,0,0.0,B
3881.0,浦　上　　拓　也,3,8,0.0,37.5,12.5,50.0,0.163,0.07,0.23,12.5,0,0.0,C
3158.0,島　川　　光　男,4,14,14.29,21.43,21.43,57.14,0.134,0.06,0.23,21.43,0,0.0,B
3891.0,谷　口　　健　一,1,6,16.67,16.67,16.67,50.0,0.195,0.12,0.31,0.0,0,0.0,C
4011.0,堀之内　　紀代子,2,6,33.33,0.0,33.33,66.67,0.187,0.09,0.35,16.67,0,0.0,C
4498.0,宮　本　　夏　樹,3,7,14.29,14.29,14.29,42.86,0.146,0.08,0.22,28.57,0,0.0,C
3745.0,橋　本　　年　光,4,3,33.33,33.33,0.0,66.67,0.137,0.12,0.16,0.0,0,0.0,参考
4667.0,土　屋　　幸　宏,6,3,0.0,33.33,33.33,66.67,0.197,0.14,0.28,33.33,0,0.0,参考
4015.0,前　野　　竜　一,3,6,0.0,16.67,50.0,66.67,0.19,0.07,0.37,50.0,0,0.0,C
4415.0,下　出　　卓　矢,4,15,33.33,13.33,20.0,66.67,0.113,0.04,0.22,40.0,0,0.0,B
4243.0,西　村　　　　歩,5,4,0.0,25.0,0.0,25.0,0.148,0.12,0.2,0.0,0,0.0,参考
3966.0,作　間　　　　章,1,31,61.29,12.9,9.68,83.87,0.166,0.02,0.28,29.03,0,0.0,A
2876.0,鈴　木　　幸　夫,2,3,0.0,0.0,66.67,66.67,0.26,0.21,0.29,0.0,0,0.0,参考
3833.0,中　辻　　博　訓,3,8,50.0,25.0,12.5,87.5,0.173,0.09,0.31,12.5,0,0.0,C
3381.0,滝　沢　　芳　行,4,11,9.09,36.36,9.09,54.55,0.123,0.03,0.22,36.36,0,0.0,B
4343.0,村　岡　　　　賢,5,5,0.0,20.0,20.0,40.0,0.172,0.11,0.22,20.0,0,0.0,C
4037.0,別　府　　正　幸,6,6,16.67,0.0,33.33,50.0,0.223,0.1,0.31,16.67,0,0.0,C
3514.0,山　一　　鉄　也,1,11,54.55,27.27,9.09,90.91,0.102,0.02,0.18,54.55,0,0.0,B
4188.0,久　田　　敏　之,2,5,0.0,20.0,20.0,40.0,0.148,0.11,0.16,0.0,0,0.0,C
4547.0,中　田　　竜　太,3,8,12.5,37.5,12.5,62.5,0.125,0.06,0.3,12.5,0,0.0,C
4468.0,大　池　　佑　来,6,27,18.52,11.11,29.63,59.26,0.13,0.0,0.24,29.63,0,0.0,A
3514.0,山　一　　鉄　也,2,8,37.5,37.5,12.5,87.5,0.165,0.09,0.24,12.5,0,0.0,C
3891.0,谷　口　　健　一,3,3,0.0,0.0,33.33,33.33,0.15,0.15,0.15,33.33,0,0.0,参考
3273.0,石　田　　　　豪,4,6,0.0,16.67,66.67,83.33,0.148,0.06,0.22,50.0,0,0.0,C
4854.0,大　橋　　由　珠,5,10,0.0,10.0,0.0,10.0,0.137,0.04,0.23,10.0,0,0.0,B
2876.0,鈴　木　　幸　夫,6,4,25.0,25.0,0.0,50.0,0.175,0.1,0.22,25.0,0,0.0,参考
4618.0,乃　村　　康　友,3,5,20.0,20.0,0.0,40.0,0.208,0.13,0.34,20.0,0,0.0,C
4547.0,中　田　　竜　太,5,9,0.0,33.33,33.33,66.67,0.153,0.09,0.2,11.11,0,0.0,C
4415.0,下　出　　卓　矢,1,13,69.23,7.69,15.38,92.31,0.141,0.02,0.26,69.23,0,0.0,B
4188.0,久　田　　敏　之,3,9,33.33,33.33,11.11,77.78,0.093,0.01,0.16,44.44,0,0.0,C
3833.0,中　辻　　博　訓,4,7,0.0,42.86,42.86,85.71,0.136,0.06,0.27,28.57,0,0.0,C
4470.0,平　田　　健之佑,6,7,0.0,0.0,14.29,14.29,0.269,0.12,0.38,14.29,0,0.0,C
4169.0,多　田　　有　佑,1,17,23.53,5.88,5.88,35.29,0.171,0.09,0.31,23.53,0,0.0,B
3745.0,橋　本　　年　光,2,3,33.33,0.0,0.0,33.33,0.173,0.1,0.23,0.0,0,0.0,参考
4037.0,別　府　　正　幸,4,8,12.5,25.0,12.5,50.0,0.115,0.06,0.19,37.5,0,0.0,C
4675.0,井　手　　良　太,5,9,11.11,0.0,11.11,22.22,0.107,0.03,0.24,55.56,0,0.0,C
3463.0,乙　津　　康　志,6,9,0.0,44.44,33.33,77.78,0.167,0.09,0.29,22.22,0,0.0,C
4468.0,大　池　　佑　来,1,32,75.0,18.75,3.12,96.88,0.117,0.05,0.29,46.88,0,0.0,A
3013.0,鈴　木　　敏　裕,2,3,0.0,0.0,0.0,0.0,0.26,0.22,0.28,0.0,0,0.0,参考
3273.0,石　田　　　　豪,3,9,22.22,0.0,22.22,44.44,0.144,0.06,0.23,33.33,0,0.0,C
4498.0,宮　本　　夏　樹,4,5,20.0,40.0,0.0,60.0,0.108,0.04,0.15,40.0,0,0.0,C
4795.0,落　合　　正　侑,5,6,0.0,16.67,16.67,33.33,0.137,0.08,0.21,50.0,0,0.0,C
4343.0,村　岡　　　　賢,6,6,0.0,0.0,33.33,33.33,0.183,0.11,0.3,33.33,0,0.0,C
4243.0,西　村　　　　歩,2,4,25.0,0.0,25.0,50.0,0.19,0.15,0.22,0.0,0,0.0,参考
4011.0,堀之内　　紀代子,3,6,0.0,33.33,50.0,83.33,0.162,0.08,0.23,0.0,0,0.0,C
4304.0,藤　崎　　小百合,5,5,0.0,40.0,40.0,80.0,0.16,0.1,0.21,0.0,0,0.0,C
4434.0,田　中　　辰　彦,1,7,42.86,28.57,28.57,100.0,0.13,0.06,0.2,28.57,0,0.0,C
3158.0,島　川　　光　男,2,14,35.71,21.43,28.57,85.71,0.146,0.05,0.21,14.29,0,0.0,B
3452.0,吉　田　　徳　夫,3,3,33.33,0.0,33.33,66.67,0.13,0.11,0.15,33.33,0,0.0,参考
4188.0,久　田　　敏　之,5,9,11.11,22.22,0.0,33.33,0.129,0.05,0.37,33.33,0,0.0,C
3966.0,作　間　　　　章,6,20,15.0,30.0,15.0,60.0,0.172,0.05,0.25,15.0,0,0.0,A
4015.0,前　野　　竜　一,2,3,66.67,0.0,0.0,66.67,0.18,0.07,0.32,33.33,0,0.0,参考
3514.0,山　一　　鉄　也,4,12,16.67,25.0,16.67,58.33,0.17,0.12,0.24,8.33,0,0.0,B
3381.0,滝　沢　　芳　行,5,11,0.0,54.55,9.09,63.64,0.179,0.11,0.27,27.27,0,0.0,B
3745.0,橋　本　　年　光,1,3,0.0,0.0,33.33,33.33,0.203,0.06,0.33,0.0,0,0.0,参考
4415.0,下　出　　卓　矢,2,15,6.67,20.0,20.0,46.67,0.106,0.03,0.18,33.33,0,0.0,B
4468.0,大　池　　佑　来,3,22,22.73,36.36,18.18,77.27,0.122,0.01,0.19,31.82,0,0.0,A
3881.0,浦　上　　拓　也,6,5,0.0,20.0,0.0,20.0,0.224,0.13,0.28,0.0,0,0.0,C
4037.0,別　府　　正　幸,1,8,12.5,50.0,25.0,87.5,0.158,0.03,0.28,37.5,0,0.0,C
3863.0,海老澤　　泰　行,1,27,37.04,33.33,18.52,88.89,0.151,0.02,0.29,25.93,0,0.0,A
4547.0,中　田　　竜　太,4,11,36.36,36.36,9.09,81.82,0.142,0.07,0.21,36.36,0,0.0,B
3966.0,作　間　　　　章,5,21,23.81,19.05,19.05,61.9,0.168,0.08,0.26,28.57,0,0.0,A
4011.0,堀之内　　紀代子,6,6,16.67,16.67,33.33,66.67,0.162,0.08,0.27,50.0,0,0.0,C
3833.0,中　辻　　博　訓,2,7,42.86,28.57,14.29,85.71,0.136,0.04,0.27,0.0,0,0.0,C
4434.0,田　中　　辰　彦,3,9,11.11,33.33,11.11,55.56,0.126,0.03,0.22,11.11,0,0.0,C
4015.0,前　野　　竜　一,4,6,0.0,33.33,33.33,66.67,0.12,0.08,0.16,0.0,0,0.0,C
4675.0,井　手　　良　太,1,5,20.0,40.0,0.0,60.0,0.168,0.09,0.26,40.0,0,0.0,C
4169.0,多　田　　有　佑,2,12,0.0,25.0,8.33,33.33,0.182,0.09,0.29,16.67,0,0.0,B
4795.0,落　合　　正　侑,4,5,0.0,20.0,20.0,40.0,0.146,0.09,0.21,20.0,0,0.0,C
3013.0,鈴　木　　敏　裕,5,4,0.0,0.0,0.0,0.0,0.19,0.16,0.22,25.0,0,0.0,参考
4243.0,西　村　　　　歩,1,3,66.67,33.33,0.0,100.0,0.147,0.05,0.25,33.33,0,0.0,参考
4343.0,村　岡　　　　賢,2,7,14.29,0.0,42.86,57.14,0.156,0.09,0.22,0.0,0,0.0,C
3891.0,谷　口　　健　一,4,4,0.0,0.0,0.0,0.0,0.19,0.11,0.34,25.0,0,0.0,参考
4618.0,乃　村　　康　友,1,4,50.0,25.0,0.0,75.0,0.145,0.08,0.27,0.0,0,0.0,参考
4037.0,別　府　　正　幸,2,6,50.0,0.0,0.0,50.0,0.183,0.08,0.36,33.33,0,0.0,C
3745.0,橋　本　　年　光,3,3,0.0,33.33,0.0,33.33,0.21,0.11,0.35,0.0,0,0.0,参考
4434.0,田　中　　辰　彦,4,8,12.5,25.0,37.5,75.0,0.16,0.12,0.24,37.5,0,0.0,C
3514.0,山　一　　鉄　也,5,8,12.5,12.5,25.0,50.0,0.146,0.05,0.21,12.5,0,0.0,C
2785.0,水　野　　　　要,6,4,0.0,0.0,0.0,0.0,0.198,0.18,0.21,0.0,0,0.0,参考
3833.0,中　辻　　博　訓,1,6,50.0,33.33,16.67,100.0,0.143,0.1,0.21,50.0,0,0.0,C
4468.0,大　池　　佑　来,2,27,29.63,29.63,22.22,81.48,0.12,0.01,0.23,37.04,0,0.0,A
4011.0,堀之内　　紀代子,4,9,0.0,0.0,22.22,22.22,0.167,0.03,0.43,55.56,0,0.0,C
3381.0,滝　沢　　芳　行,1,10,30.0,50.0,0.0,80.0,0.161,0.03,0.25,20.0,0,0.0,B
2876.0,鈴　木　　幸　夫,4,4,25.0,0.0,25.0,50.0,0.215,0.16,0.26,0.0,0,0.0,参考
3863.0,海老澤　　泰　行,5,26,0.0,11.54,11.54,23.08,0.151,0.01,0.26,7.69,0,0.0,A
4188.0,久　田　　敏　之,6,6,33.33,0.0,33.33,66.67,0.122,0.05,0.21,33.33,0,0.0,C
4547.0,中　田　　竜　太,2,11,45.45,27.27,9.09,81.82,0.165,0.08,0.31,18.18,0,0.0,B
4675.0,井　手　　良　太,3,4,50.0,0.0,0.0,50.0,0.098,0.07,0.13,75.0,0,0.0,参考
4304.0,藤　崎　　小百合,4,3,33.33,33.33,0.0,66.67,0.13,0.11,0.16,33.33,0,0.0,参考
3881.0,浦　上　　拓　也,5,4,25.0,0.0,25.0,50.0,0.16,0.07,0.22,25.0,0,0.0,参考
4015.0,前　野　　竜　一,6,4,25.0,0.0,0.0,25.0,0.188,0.15,0.22,0.0,0,0.0,参考
3158.0,島　川　　光　男,5,13,0.0,30.77,0.0,30.77,0.156,0.04,0.39,7.69,0,0.0,B
2876.0,鈴　木　　幸　夫,1,3,0.0,66.67,0.0,66.67,0.12,0.05,0.16,33.33,0,0.0,参考
3966.0,作　間　　　　章,2,23,43.48,17.39,13.04,73.91,0.141,0.01,0.26,17.39,0,0.0,A
4415.0,下　出　　卓　矢,3,14,21.43,28.57,14.29,64.29,0.144,0.06,0.23,14.29,0,0.0,B
4498.0,宮　本　　夏　樹,6,4,0.0,25.0,50.0,75.0,0.122,0.06,0.17,75.0,0,0.0,参考
4011.0,堀之内　　紀代子,1,10,70.0,10.0,0.0,80.0,0.189,0.07,0.28,10.0,0,0.0,B
4037.0,別　府　　正　幸,3,9,11.11,22.22,22.22,55.56,0.138,0.09,0.23,33.33,0,0.0,C
4188.0,久　田　　敏　之,4,10,0.0,40.0,30.0,70.0,0.127,0.03,0.18,10.0,0,0.0,B
4015.0,前　野　　竜　一,5,3,0.0,33.33,0.0,33.33,0.237,0.07,0.37,0.0,0,0.0,参考
3273.0,石　田　　　　豪,6,5,0.0,0.0,40.0,40.0,0.198,0.07,0.33,20.0,0,0.0,C
4304.0,藤　崎　　小百合,1,4,0.0,0.0,25.0,25.0,0.228,0.2,0.25,0.0,0,0.0,参考
4434.0,田　中　　辰　彦,2,8,37.5,0.0,12.5,50.0,0.138,0.08,0.18,37.5,0,0.0,C
4468.0,大　池　　佑　来,4,23,26.09,17.39,17.39,60.87,0.128,0.02,0.21,26.09,0,0.0,A
4470.0,平　田　　健之佑,5,5,0.0,0.0,0.0,0.0,0.358,0.29,0.43,0.0,0,0.0,C
3863.0,海老澤　　泰　行,6,18,0.0,5.56,5.56,11.11,0.155,0.03,0.37,27.78,0,0.0,B
3463.0,乙　津　　康　志,1,12,25.0,41.67,16.67,83.33,0.146,0.04,0.24,33.33,0,0.0,B
3881.0,浦　上　　拓　也,4,7,14.29,28.57,0.0,42.86,0.134,0.09,0.21,28.57,0,0.0,C
3514.0,山　一　　鉄　也,6,9,0.0,11.11,11.11,22.22,0.187,0.05,0.31,11.11,0,0.0,C
4547.0,中　田　　竜　太,1,11,90.91,9.09,0.0,100.0,0.111,0.04,0.19,72.73,0,0.0,B
3381.0,滝　沢　　芳　行,2,14,14.29,28.57,28.57,71.43,0.129,0.04,0.25,35.71,0,0.0,B
3158.0,島　川　　光　男,3,11,27.27,45.45,18.18,90.91,0.131,0.04,0.29,0.0,0,0.0,B
3273.0,石　田　　　　豪,5,5,0.0,0.0,0.0,0.0,0.204,0.1,0.42,0.0,0,0.0,C
3745.0,橋　本　　年　光,6,4,0.0,0.0,75.0,75.0,0.18,0.08,0.27,25.0,0,0.0,参考
3891.0,谷　口　　健　一,5,5,0.0,20.0,20.0,40.0,0.174,0.13,0.23,20.0,0,0.0,C
4169.0,多　田　　有　佑,4,15,0.0,13.33,13.33,26.67,0.161,0.07,0.24,6.67,0,0.0,B
4343.0,村　岡　　　　賢,1,7,42.86,28.57,0.0,71.43,0.156,0.14,0.19,14.29,0,0.0,C
3863.0,海老澤　　泰　行,4,26,15.38,7.69,19.23,42.31,0.155,0.06,0.31,19.23,0,0.0,A
3463.0,乙　津　　康　志,5,12,0.0,33.33,16.67,50.0,0.151,0.06,0.28,25.0,0,0.0,B
4675.0,井　手　　良　太,6,6,16.67,0.0,33.33,50.0,0.155,0.09,0.29,33.33,0,0.0,C
4667.0,土　屋　　幸　宏,1,3,0.0,0.0,66.67,66.67,0.187,0.13,0.24,33.33,0,0.0,参考
4618.0,乃　村　　康　友,2,3,66.67,0.0,0.0,66.67,0.247,0.16,0.34,0.0,0,0.0,参考
3381.0,滝　沢　　芳　行,3,10,10.0,30.0,10.0,50.0,0.103,0.06,0.21,40.0,0,0.0,B
3273.0,石　田　　　　豪,2,7,14.29,28.57,14.29,57.14,0.154,0.09,0.21,0.0,0,0.0,C
3966.0,作　間　　　　章,3,24,25.0,25.0,25.0,75.0,0.162,0.07,0.36,25.0,0,0.0,A
4415.0,下　出　　卓　矢,6,11,9.09,0.0,0.0,9.09,0.205,0.11,0.4,0.0,0,0.0,B
2785.0,水　野　　　　要,4,3,0.0,0.0,0.0,0.0,0.18,0.16,0.21,33.33,0,0.0,参考
4037.0,別　府　　正　幸,5,6,0.0,16.67,0.0,16.67,0.197,0.12,0.25,0.0,0,0.0,C
3891.0,谷　口　　健　一,6,4,0.0,0.0,0.0,0.0,0.2,0.14,0.25,0.0,0,0.0,参考
4243.0,西　村　　　　歩,3,4,25.0,0.0,0.0,25.0,0.168,0.12,0.2,25.0,0,0.0,参考
3158.0,島　川　　光　男,6,9,0.0,22.22,11.11,33.33,0.169,0.08,0.34,33.33,0,0.0,C
4498.0,宮　本　　夏　樹,1,4,25.0,0.0,25.0,50.0,0.14,0.12,0.16,25.0,0,0.0,参考
4011.0,堀之内　　紀代子,5,4,0.0,0.0,25.0,25.0,0.165,0.11,0.22,0.0,0,0.0,参考
4618.0,乃　村　　康　友,4,4,0.0,0.0,25.0,25.0,0.205,0.14,0.28,0.0,0,0.0,参考
2876.0,鈴　木　　幸　夫,5,3,0.0,0.0,0.0,0.0,0.247,0.18,0.34,0.0,0,0.0,参考
3833.0,中　辻　　博　訓,6,5,20.0,0.0,40.0,60.0,0.172,0.13,0.2,40.0,0,0.0,C
3881.0,浦　上　　拓　也,2,5,40.0,40.0,0.0,80.0,0.204,0.14,0.32,20.0,0,0.0,C
4415.0,下　出　　卓　矢,5,14,21.43,7.14,28.57,57.14,0.144,0.05,0.29,21.43,0,0.0,B
4434.0,田　中　　辰　彦,6,7,0.0,42.86,28.57,71.43,0.176,0.1,0.3,0.0,0,0.0,C
4304.0,藤　崎　　小百合,2,4,25.0,0.0,25.0,50.0,0.155,0.06,0.24,0.0,0,0.0,参考
4343.0,村　岡　　　　賢,4,6,0.0,33.33,0.0,33.33,0.188,0.13,0.28,0.0,0,0.0,C
4498.0,宮　本　　夏　樹,5,4,25.0,25.0,25.0,75.0,0.155,0.11,0.19,100.0,0,0.0,参考
4169.0,多　田　　有　佑,3,13,7.69,23.08,7.69,38.46,0.173,0.06,0.26,15.38,0,0.0,B
3013.0,鈴　木　　敏　裕,3,3,0.0,0.0,0.0,0.0,0.183,0.17,0.19,0.0,0,0.0,参考
3408.0,大　貫　　英　治,1,4,50.0,0.0,25.0,75.0,0.163,0.06,0.21,25.0,0,0.0,参考
4521.0,小　池　　公　生,3,8,37.5,25.0,12.5,75.0,0.158,0.07,0.26,0.0,0,0.0,C
4814.0,加　藤　　裕　太,5,8,0.0,0.0,25.0,25.0,0.156,0.07,0.29,50.0,0,0.0,C
3544.0,豊　田　　訓　靖,3,12,0.0,0.0,41.67,41.67,0.253,0.07,0.93,8.33,0,0.0,B
3527.0,中　嶋　　誠一郎,4,4,0.0,25.0,25.0,50.0,0.21,0.13,0.35,0.0,0,0.0,参考
4818.0,伏　見　　俊　介,5,17,5.88,5.88,11.76,23.53,0.156,0.02,0.33,23.53,0,0.0,B
4780.0,マイケル　田　代,6,11,0.0,9.09,27.27,36.36,0.151,0.05,0.32,36.36,0,0.0,B
3715.0,倉　尾　　大　介,3,9,11.11,11.11,11.11,33.33,0.15,0.04,0.27,11.11,0,0.0,C
3882.0,新　田　　智　彰,4,8,12.5,0.0,25.0,37.5,0.268,0.08,0.88,0.0,0,0.0,C
4348.0,宮　崎　　　　奨,5,4,25.0,0.0,50.0,75.0,0.19,0.15,0.25,0.0,0,0.0,参考
4522.0,古　澤　　光　紀,1,3,66.67,33.33,0.0,100.0,0.197,0.15,0.25,0.0,0,0.0,参考
3022.0,西　山　　昇　一,3,3,0.0,0.0,33.33,33.33,0.167,0.07,0.26,33.33,0,0.0,参考
4637.0,中　田　　友　也,4,5,20.0,40.0,0.0,60.0,0.136,0.07,0.18,40.0,0,0.0,C
4184.0,渡　邊　　雄一郎,5,7,14.29,42.86,14.29,71.43,0.124,0.09,0.2,57.14,0,0.0,C
3601.0,田　村　　勇　一,6,3,0.0,0.0,33.33,33.33,0.17,0.11,0.21,33.33,0,0.0,参考
3347.0,矢　後　　　　剛,1,9,55.56,22.22,11.11,88.89,0.17,0.04,0.47,22.22,0,0.0,C
4485.0,楠　原　　正　剛,2,6,0.0,0.0,16.67,16.67,0.218,0.12,0.32,0.0,0,0.0,C
4035.0,杉　江　　浩　明,3,6,0.0,33.33,0.0,33.33,0.252,0.17,0.33,0.0,0,0.0,C
4365.0,盛　本　　真　輔,4,5,40.0,20.0,0.0,60.0,0.172,0.1,0.23,40.0,0,0.0,C
4263.0,武　重　　雄　介,2,3,33.33,33.33,33.33,100.0,0.227,0.09,0.32,0.0,0,0.0,参考
3853.0,岩　崎　　正　哉,4,6,0.0,50.0,16.67,66.67,0.2,0.06,0.3,0.0,0,0.0,C
3988.0,古　川　　誠　之,5,6,16.67,33.33,33.33,83.33,0.202,0.11,0.35,16.67,0,0.0,C
4818.0,伏　見　　俊　介,6,18,0.0,5.56,0.0,5.56,0.154,0.04,0.29,27.78,0,0.0,B
3717.0,立　間　　充　宏,2,3,0.0,33.33,33.33,66.67,0.093,0.08,0.1,0.0,0,0.0,参考
3616.0,中　村　　　　真,4,9,22.22,11.11,11.11,44.44,0.166,0.0,0.34,22.22,0,0.0,C
4321.0,岩　田　　優　一,5,3,0.0,0.0,66.67,66.67,0.163,0.06,0.34,33.33,0,0.0,参考
3715.0,倉　尾　　大　介,2,8,0.0,62.5,12.5,75.0,0.091,0.04,0.16,50.0,0,0.0,C
3619.0,長谷川　　　　充,3,9,22.22,0.0,0.0,22.22,0.227,0.18,0.31,0.0,0,0.0,C
4108.0,吉　村　　正　明,5,4,25.0,0.0,0.0,25.0,0.128,0.09,0.16,0.0,0,0.0,参考
3544.0,豊　田　　訓　靖,6,5,0.0,0.0,20.0,20.0,0.154,0.08,0.19,20.0,0,0.0,C
3882.0,新　田　　智　彰,1,7,57.14,14.29,14.29,85.71,0.154,0.05,0.26,42.86,0,0.0,C
3620.0,信　濃　　由　行,2,11,27.27,27.27,18.18,72.73,0.171,0.07,0.29,18.18,0,0.0,B
3408.0,大　貫　　英　治,3,4,0.0,0.0,25.0,25.0,0.253,0.21,0.37,0.0,0,0.0,参考
4522.0,古　澤　　光　紀,4,5,40.0,20.0,0.0,60.0,0.17,0.08,0.23,60.0,0,0.0,C
4090.0,中　村　　　　尊,1,5,80.0,0.0,0.0,80.0,0.122,0.04,0.26,40.0,0,0.0,C
4521.0,小　池　　公　生,2,6,50.0,0.0,16.67,66.67,0.173,0.09,0.36,0.0,0,0.0,C
4184.0,渡　邊　　雄一郎,3,12,8.33,41.67,41.67,91.67,0.148,0.03,0.3,41.67,0,0.0,B
4348.0,宮　崎　　　　奨,4,7,0.0,85.71,14.29,100.0,0.18,0.12,0.25,0.0,0,0.0,C
3787.0,天　野　　　　誠,5,3,0.0,0.0,0.0,0.0,0.22,0.15,0.35,0.0,0,0.0,参考
3988.0,古　川　　誠　之,6,10,10.0,0.0,10.0,20.0,0.158,0.11,0.25,10.0,0,0.0,B
3616.0,中　村　　　　真,2,7,14.29,14.29,28.57,57.14,0.203,0.11,0.33,0.0,0,0.0,C
3710.0,吉　永　　泰　弘,4,5,0.0,60.0,20.0,80.0,0.154,0.07,0.19,20.0,0,0.0,C
4365.0,盛　本　　真　輔,5,6,0.0,0.0,33.33,33.33,0.208,0.08,0.27,16.67,0,0.0,C
4637.0,中　田　　友　也,6,4,0.0,0.0,0.0,0.0,0.18,0.11,0.22,0.0,0,0.0,参考
3022.0,西　山　　昇　一,1,6,66.67,0.0,33.33,100.0,0.1,0.04,0.15,50.0,0,0.0,C
3347.0,矢　後　　　　剛,2,8,0.0,25.0,12.5,37.5,0.17,0.03,0.31,12.5,0,0.0,C
3572.0,安　田　　政　彦,3,3,0.0,33.33,0.0,33.33,0.147,0.06,0.21,33.33,0,0.0,参考
3717.0,立　間　　充　宏,4,6,33.33,0.0,33.33,66.67,0.208,0.13,0.3,33.33,0,0.0,C
3853.0,岩　崎　　正　哉,5,8,0.0,25.0,12.5,37.5,0.179,0.13,0.24,0.0,0,0.0,C
4108.0,吉　村　　正　明,6,3,0.0,0.0,33.33,33.33,0.133,0.07,0.2,0.0,0,0.0,参考
4035.0,杉　江　　浩　明,1,4,0.0,25.0,0.0,25.0,0.163,0.13,0.24,0.0,0,0.0,参考
3398.0,有　田　　　　岳,3,3,33.33,33.33,0.0,66.67,0.177,0.14,0.2,33.33,0,0.0,参考
4780.0,マイケル　田　代,5,12,8.33,25.0,8.33,41.67,0.154,0.05,0.34,41.67,0,0.0,B
4485.0,楠　原　　正　剛,1,6,33.33,33.33,0.0,66.67,0.165,0.1,0.22,33.33,0,0.0,C
4184.0,渡　邊　　雄一郎,2,8,37.5,25.0,37.5,100.0,0.138,0.03,0.21,25.0,0,0.0,C
3787.0,天　野　　　　誠,1,3,0.0,33.33,0.0,33.33,0.207,0.11,0.38,33.33,0,0.0,参考
4637.0,中　田　　友　也,2,4,75.0,0.0,0.0,75.0,0.135,0.11,0.16,0.0,0,0.0,参考
3619.0,長谷川　　　　充,5,5,0.0,0.0,0.0,0.0,0.198,0.1,0.31,0.0,0,0.0,C
4521.0,小　池　　公　生,6,5,0.0,20.0,20.0,40.0,0.228,0.18,0.29,0.0,0,0.0,C
4522.0,古　澤　　光　紀,2,3,33.33,0.0,0.0,33.33,0.207,0.09,0.36,33.33,0,0.0,参考
3347.0,矢　後　　　　剛,4,7,0.0,28.57,14.29,42.86,0.214,0.11,0.3,14.29,0,0.0,C
4365.0,盛　本　　真　輔,6,4,0.0,25.0,25.0,50.0,0.175,0.12,0.24,25.0,0,0.0,参考
3572.0,安　田　　政　彦,1,3,66.67,33.33,0.0,100.0,0.21,0.06,0.3,33.33,0,0.0,参考
4485.0,楠　原　　正　剛,3,7,0.0,14.29,28.57,42.86,0.133,0.05,0.28,42.86,0,0.0,C
4780.0,マイケル　田　代,4,9,0.0,0.0,0.0,0.0,0.181,0.1,0.29,11.11,0,0.0,C
3601.0,田　村　　勇　一,5,3,0.0,33.33,0.0,33.33,0.237,0.19,0.31,0.0,0,0.0,参考
3620.0,信　濃　　由　行,6,7,0.0,0.0,28.57,28.57,0.184,0.12,0.25,0.0,0,0.0,C
3715.0,倉　尾　　大　介,1,7,42.86,14.29,14.29,71.43,0.104,0.02,0.24,42.86,0,0.0,C
3527.0,中　嶋　　誠一郎,2,4,0.0,25.0,25.0,50.0,0.158,0.07,0.24,0.0,0,0.0,参考
4090.0,中　村　　　　尊,3,7,57.14,14.29,0.0,71.43,0.106,0.06,0.17,28.57,0,0.0,C
4814.0,加　藤　　裕　太,4,4,0.0,0.0,0.0,0.0,0.138,0.04,0.22,50.0,0,0.0,参考
3717.0,立　間　　充　宏,5,3,66.67,0.0,33.33,100.0,0.11,0.09,0.13,0.0,0,0.0,参考
3710.0,吉　永　　泰　弘,3,6,16.67,0.0,0.0,16.67,0.123,0.09,0.16,0.0,0,0.0,C
4035.0,杉　江　　浩　明,4,6,0.0,0.0,16.67,16.67,0.203,0.1,0.32,0.0,0,0.0,C
3544.0,豊　田　　訓　靖,5,7,0.0,14.29,14.29,28.57,0.163,0.08,0.3,14.29,0,0.0,C
3853.0,岩　崎　　正　哉,6,10,20.0,30.0,20.0,70.0,0.214,0.09,0.39,0.0,0,0.0,B
3398.0,有　田　　　　岳,2,5,0.0,60.0,20.0,80.0,0.194,0.09,0.35,0.0,0,0.0,C
3882.0,新　田　　智　彰,3,10,30.0,20.0,10.0,60.0,0.166,0.02,0.27,0.0,0,0.0,B
4521.0,小　池　　公　生,5,5,20.0,0.0,0.0,20.0,0.214,0.14,0.28,0.0,0,0.0,C
3022.0,西　山　　昇　一,6,5,0.0,20.0,20.0,40.0,0.096,0.03,0.18,40.0,0,0.0,C
3988.0,古　川　　誠　之,1,5,20.0,40.0,0.0,60.0,0.16,0.11,0.2,20.0,0,0.0,C
4090.0,中　村　　　　尊,2,6,16.67,33.33,16.67,66.67,0.088,0.04,0.15,33.33,0,0.0,C
3616.0,中　村　　　　真,5,7,0.0,0.0,28.57,28.57,0.154,0.05,0.26,42.86,0,0.0,C
3710.0,吉　永　　泰　弘,1,5,20.0,20.0,20.0,60.0,0.14,0.09,0.22,40.0,0,0.0,C
4522.0,古　澤　　光　紀,3,4,50.0,0.0,0.0,50.0,0.098,0.06,0.15,50.0,0,0.0,参考
3601.0,田　村　　勇　一,4,4,0.0,0.0,25.0,25.0,0.25,0.21,0.36,0.0,0,0.0,参考
3717.0,立　間　　充　宏,6,4,0.0,0.0,50.0,50.0,0.195,0.15,0.28,0.0,0,0.0,参考
3527.0,中　嶋　　誠一郎,1,4,75.0,0.0,0.0,75.0,0.19,0.13,0.25,0.0,0,0.0,参考
4348.0,宮　崎　　　　奨,2,6,16.67,16.67,33.33,66.67,0.173,0.1,0.3,0.0,0,0.0,C
3853.0,岩　崎　　正　哉,3,9,22.22,11.11,11.11,44.44,0.226,0.15,0.29,0.0,0,0.0,C
3619.0,長谷川　　　　充,4,7,14.29,14.29,28.57,57.14,0.169,0.1,0.27,0.0,0,0.0,C
3620.0,信　濃　　由　行,5,9,0.0,11.11,11.11,22.22,0.194,0.07,0.33,11.11,0,0.0,C
4184.0,渡　邊　　雄一郎,1,14,85.71,7.14,7.14,100.0,0.144,0.03,0.24,21.43,0,0.0,B
3787.0,天　野　　　　誠,2,5,20.0,40.0,20.0,80.0,0.134,0.07,0.2,0.0,0,0.0,C
4321.0,岩　田　　優　一,3,5,20.0,0.0,40.0,60.0,0.08,0.01,0.17,40.0,0,0.0,C
3347.0,矢　後　　　　剛,6,9,0.0,0.0,33.33,33.33,0.19,0.14,0.28,0.0,0,0.0,C
3853.0,岩　崎　　正　哉,2,7,0.0,28.57,71.43,100.0,0.263,0.19,0.43,0.0,0,0.0,C
3398.0,有　田　　　　岳,4,4,0.0,50.0,25.0,75.0,0.168,0.07,0.26,25.0,0,0.0,参考
4485.0,楠　原　　正　剛,5,5,0.0,0.0,20.0,20.0,0.25,0.12,0.46,20.0,0,0.0,C
4035.0,杉　江　　浩　明,2,5,20.0,0.0,0.0,20.0,0.172,0.04,0.27,20.0,0,0.0,C
3408.0,大　貫　　英　治,4,3,0.0,33.33,33.33,66.67,0.167,0.14,0.21,0.0,0,0.0,参考
3022.0,西　山　　昇　一,5,5,20.0,20.0,0.0,40.0,0.14,0.07,0.18,20.0,0,0.0,C
3988.0,古　川　　誠　之,2,5,40.0,20.0,0.0,60.0,0.152,0.11,0.21,0.0,0,0.0,C
4637.0,中　田　　友　也,3,6,33.33,0.0,33.33,66.67,0.167,0.09,0.23,0.0,0,0.0,C
3715.0,倉　尾　　大　介,5,8,0.0,25.0,0.0,25.0,0.124,0.04,0.3,37.5,0,0.0,C
3619.0,長谷川　　　　充,1,9,33.33,22.22,0.0,55.56,0.162,0.03,0.33,0.0,0,0.0,C
3601.0,田　村　　勇　一,2,3,0.0,33.33,0.0,33.33,0.23,0.18,0.27,0.0,0,0.0,参考
3787.0,天　野　　　　誠,3,3,0.0,0.0,0.0,0.0,0.19,0.15,0.22,33.33,0,0.0,参考
3527.0,中　嶋　　誠一郎,5,4,0.0,0.0,75.0,75.0,0.22,0.07,0.39,25.0,0,0.0,参考
3710.0,吉　永　　泰　弘,6,5,0.0,20.0,40.0,60.0,0.222,0.15,0.27,20.0,0,0.0,C
3717.0,立　間　　充　宏,1,5,20.0,40.0,0.0,60.0,0.148,0.07,0.29,40.0,0,0.0,C
4348.0,宮　崎　　　　奨,3,5,20.0,40.0,20.0,80.0,0.172,0.08,0.28,20.0,0,0.0,C
4485.0,楠　原　　正　剛,4,8,25.0,37.5,25.0,87.5,0.136,0.03,0.3,50.0,0,0.0,C
3408.0,大　貫　　英　治,5,3,0.0,0.0,0.0,0.0,0.163,0.11,0.21,33.33,0,0.0,参考
3544.0,豊　田　　訓　靖,1,5,20.0,60.0,20.0,100.0,0.138,0.07,0.21,20.0,0,0.0,C
3882.0,新　田　　智　彰,2,7,14.29,42.86,14.29,71.43,0.166,0.03,0.27,42.86,0,0.0,C
3616.0,中　村　　　　真,3,7,0.0,71.43,14.29,85.71,0.15,0.08,0.25,28.57,0,0.0,C
4184.0,渡　邊　　雄一郎,4,8,12.5,25.0,25.0,62.5,0.185,0.09,0.33,12.5,0,0.0,C
3620.0,信　濃　　由　行,1,9,55.56,33.33,0.0,88.89,0.147,0.06,0.24,33.33,0,0.0,C
4321.0,岩　田　　優　一,2,3,0.0,33.33,33.33,66.67,0.21,0.14,0.26,0.0,0,0.0,参考
3022.0,西　山　　昇　一,4,3,0.0,0.0,100.0,100.0,0.15,0.11,0.23,33.33,0,0.0,参考
4090.0,中　村　　　　尊,5,5,0.0,20.0,40.0,60.0,0.12,0.07,0.18,20.0,0,0.0,C
4365.0,盛　本　　真　輔,1,8,25.0,25.0,0.0,50.0,0.159,0.06,0.25,25.0,0,0.0,C
3619.0,長谷川　　　　充,2,6,16.67,33.33,16.67,66.67,0.153,0.03,0.25,16.67,0,0.0,C
3717.0,立　間　　充　宏,3,5,40.0,0.0,20.0,60.0,0.168,0.04,0.25,40.0,0,0.0,C
4814.0,加　藤　　裕　太,6,7,0.0,0.0,0.0,0.0,0.167,0.06,0.28,14.29,0,0.0,C
3572.0,安　田　　政　彦,5,3,0.0,33.33,33.33,66.67,0.227,0.19,0.26,0.0,0,0.0,参考
3715.0,倉　尾　　大　介,6,8,0.0,0.0,25.0,25.0,0.179,0.09,0.33,12.5,0,0.0,C
4108.0,吉　村　　正　明,1,5,80.0,20.0,0.0,100.0,0.122,0.11,0.16,20.0,0,0.0,C
3544.0,豊　田　　訓　靖,2,8,0.0,12.5,37.5,50.0,0.195,0.05,0.28,0.0,0,0.0,C
3620.0,信　濃　　由　行,3,9,11.11,11.11,11.11,33.33,0.152,0.09,0.33,11.11,0,0.0,C
3988.0,古　川　　誠　之,4,5,40.0,20.0,20.0,80.0,0.104,0.04,0.17,20.0,0,0.0,C
3710.0,吉　永　　泰　弘,5,7,0.0,0.0,14.29,14.29,0.219,0.15,0.29,0.0,0,0.0,C
3616.0,中　村　　　　真,1,5,40.0,20.0,0.0,60.0,0.174,0.09,0.22,40.0,0,0.0,C
3601.0,田　村　　勇　一,3,3,0.0,0.0,0.0,0.0,0.197,0.13,0.26,33.33,0,0.0,参考
4090.0,中　村　　　　尊,4,7,14.29,14.29,42.86,71.43,0.139,0.09,0.2,14.29,0,0.0,C
3347.0,矢　後　　　　剛,5,8,0.0,25.0,12.5,37.5,0.199,0.07,0.29,0.0,0,0.0,C
4348.0,宮　崎　　　　奨,6,8,0.0,12.5,25.0,37.5,0.185,0.11,0.27,12.5,0,0.0,C
3853.0,岩　崎　　正　哉,1,8,50.0,12.5,25.0,87.5,0.205,0.06,0.39,12.5,0,0.0,C
4365.0,盛　本　　真　輔,2,7,0.0,14.29,28.57,42.86,0.166,0.09,0.26,14.29,0,0.0,C
3527.0,中　嶋　　誠一郎,3,3,66.67,0.0,0.0,66.67,0.22,0.16,0.25,0.0,0,0.0,参考
4321.0,岩　田　　優　一,4,5,20.0,20.0,20.0,60.0,0.208,0.16,0.23,40.0,0,0.0,C
4637.0,中　田　　友　也,5,3,0.0,33.33,0.0,33.33,0.18,0.08,0.34,0.0,0,0.0,参考
4184.0,渡　邊　　雄一郎,6,9,0.0,22.22,22.22,44.44,0.209,0.13,0.33,11.11,0,0.0,C
3601.0,田　村　　勇　一,1,3,0.0,0.0,66.67,66.67,0.337,0.03,0.62,0.0,0,0.0,参考
3347.0,矢　後　　　　剛,3,7,14.29,14.29,28.57,57.14,0.173,0.07,0.27,14.29,0,0.0,C
4637.0,中　田　　友　也,1,4,0.0,0.0,25.0,25.0,0.168,0.14,0.2,0.0,0,0.0,参考
4108.0,吉　村　　正　明,2,5,0.0,60.0,0.0,60.0,0.152,0.11,0.2,20.0,0,0.0,C
3619.0,長谷川　　　　充,6,7,0.0,14.29,28.57,42.86,0.224,0.15,0.29,0.0,0,0.0,C
4348.0,宮　崎　　　　奨,1,9,88.89,0.0,11.11,100.0,0.174,0.09,0.32,33.33,0,0.0,C
3572.0,安　田　　政　彦,2,3,0.0,33.33,66.67,100.0,0.197,0.18,0.22,33.33,0,0.0,参考
4035.0,杉　江　　浩　明,5,5,20.0,0.0,0.0,20.0,0.218,0.15,0.25,0.0,0,0.0,C
3882.0,新　田　　智　彰,6,7,0.0,14.29,14.29,28.57,0.196,0.15,0.26,0.0,0,0.0,C
3544.0,豊　田　　訓　靖,4,8,0.0,25.0,50.0,75.0,0.166,0.06,0.37,37.5,0,0.0,C
3787.0,天　野　　　　誠,4,4,0.0,0.0,0.0,0.0,0.14,0.09,0.16,0.0,0,0.0,参考
3616.0,中　村　　　　真,6,4,0.0,25.0,0.0,25.0,0.138,0.07,0.23,25.0,0,0.0,参考
4035.0,杉　江　　浩　明,6,3,0.0,0.0,33.33,33.33,0.193,0.15,0.23,0.0,0,0.0,参考
3710.0,吉　永　　泰　弘,2,7,42.86,28.57,0.0,71.43,0.109,0.02,0.19,14.29,0,0.0,C
4365.0,盛　本　　真　輔,3,7,0.0,14.29,42.86,57.14,0.164,0.07,0.27,14.29,0,0.0,C
3715.0,倉　尾　　大　介,4,5,20.0,20.0,0.0,40.0,0.144,0.08,0.23,20.0,0,0.0,C
3882.0,新　田　　智　彰,5,7,28.57,0.0,14.29,42.86,0.166,0.11,0.26,28.57,0,0.0,C
3022.0,西　山　　昇　一,2,5,0.0,80.0,0.0,80.0,0.12,0.08,0.16,40.0,0,0.0,C
3620.0,信　濃　　由　行,4,10,0.0,20.0,0.0,20.0,0.174,0.09,0.29,10.0,0,0.0,B
4522.0,古　澤　　光　紀,5,4,0.0,0.0,25.0,25.0,0.175,0.09,0.28,25.0,0,0.0,参考
3408.0,大　貫　　英　治,6,3,0.0,0.0,0.0,0.0,0.253,0.19,0.29,0.0,0,0.0,参考
3988.0,古　川　　誠　之,3,5,20.0,0.0,20.0,40.0,0.202,0.05,0.27,60.0,0,0.0,C
3398.0,有　田　　　　岳,5,5,0.0,0.0,20.0,20.0,0.244,0.19,0.31,0.0,0,0.0,C
4090.0,中　村　　　　尊,6,7,0.0,0.0,57.14,57.14,0.18,0.14,0.31,28.57,0,0.0,C
4485.0,楠　原　　正　剛,6,5,0.0,20.0,20.0,40.0,0.156,0.09,0.29,40.0,0,0.0,C
3932.0,池　田　　浩　美,4,10,10.0,30.0,0.0,40.0,0.179,0.13,0.24,10.0,0,0.0,B
4699.0,八十岡　　恵　美,5,3,0.0,0.0,0.0,0.0,0.16,0.09,0.22,66.67,0,0.0,参考
4447.0,深　川　　麻奈美,6,5,0.0,20.0,0.0,20.0,0.234,0.13,0.34,20.0,0,0.0,C
3317.0,大　山　　博　美,1,4,0.0,25.0,0.0,25.0,0.15,0.09,0.21,0.0,0,0.0,参考
3993.0,永　井　　聖　美,2,14,21.43,21.43,7.14,50.0,0.135,0.04,0.25,7.14,0,0.0,B
4400.0,加　藤　　奈　月,3,6,0.0,0.0,33.33,33.33,0.155,0.1,0.22,16.67,0,0.0,C
4373.0,若　狭　　奈美子,4,7,14.29,0.0,28.57,42.86,0.186,0.1,0.27,0.0,0,0.0,C
3474.0,松　瀬　　弘　美,5,7,0.0,28.57,28.57,57.14,0.157,0.04,0.25,14.29,0,0.0,C
4577.0,渡　邊　　佳　子,1,4,0.0,25.0,25.0,50.0,0.212,0.18,0.26,0.0,0,0.0,参考
3618.0,海　野　　ゆかり,1,12,50.0,16.67,25.0,91.67,0.185,0.07,0.27,16.67,0,0.0,B
4085.0,荻　野　　裕　介,6,11,9.09,9.09,18.18,36.36,0.217,0.1,0.34,18.18,0,0.0,B
3177.0,宮　本　　紀　美,2,3,0.0,0.0,0.0,0.0,0.247,0.13,0.38,0.0,0,0.0,参考
4098.0,赤　澤　　文　香,3,3,33.33,33.33,0.0,66.67,0.177,0.12,0.27,33.33,0,0.0,参考
4104.0,木　下　　陽　介,4,17,29.41,17.65,29.41,76.47,0.104,0.01,0.19,58.82,0,0.0,B
3674.0,岸　　　　恵　子,5,4,0.0,50.0,25.0,75.0,0.168,0.11,0.22,25.0,0,0.0,参考
4699.0,八十岡　　恵　美,6,3,0.0,0.0,0.0,0.0,0.17,0.16,0.19,0.0,0,0.0,参考
3317.0,大　山　　博　美,2,5,0.0,20.0,0.0,20.0,0.214,0.13,0.28,0.0,0,0.0,C
3580.0,水　口　　由　紀,3,5,0.0,20.0,60.0,80.0,0.194,0.11,0.3,20.0,0,0.0,C
3169.0,松　堂　　留　美,1,3,33.33,0.0,33.33,66.67,0.173,0.08,0.26,0.0,0,0.0,参考
4275.0,菅　野　　はやか,2,6,50.0,33.33,0.0,83.33,0.16,0.09,0.23,16.67,0,0.0,C
4479.0,矢　野　　真梨菜,3,6,0.0,16.67,16.67,33.33,0.202,0.1,0.29,16.67,0,0.0,C
4589.0,塩　崎　　桐　加,6,3,0.0,66.67,0.0,66.67,0.163,0.13,0.19,33.33,0,0.0,参考
3355.0,橋谷田　　佳　織,4,8,0.0,0.0,25.0,25.0,0.268,0.14,0.45,0.0,0,0.0,C
4373.0,若　狭　　奈美子,5,6,0.0,16.67,16.67,33.33,0.27,0.18,0.36,16.67,0,0.0,C
4433.0,川　野　　芽　唯,2,3,66.67,33.33,0.0,100.0,0.17,0.03,0.28,33.33,0,0.0,参考
3509.0,道　上　　千　夏,3,4,0.0,0.0,25.0,25.0,0.165,0.12,0.19,0.0,0,0.0,参考
4085.0,荻　野　　裕　介,5,10,0.0,40.0,20.0,60.0,0.196,0.11,0.29,20.0,0,0.0,B
3474.0,松　瀬　　弘　美,6,9,11.11,11.11,11.11,33.33,0.276,0.18,0.4,0.0,0,0.0,C
4286.0,平　田　　さやか,1,8,62.5,25.0,0.0,87.5,0.133,0.04,0.24,50.0,0,0.0,C
3871.0,池　田　　紫　乃,2,3,0.0,0.0,0.0,0.0,0.213,0.19,0.23,0.0,0,0.0,参考
3932.0,池　田　　浩　美,6,6,0.0,50.0,0.0,50.0,0.19,0.08,0.23,0.0,0,0.0,C
3580.0,水　口　　由　紀,2,7,28.57,14.29,42.86,85.71,0.166,0.05,0.27,0.0,0,0.0,C
3993.0,永　井　　聖　美,3,14,14.29,21.43,28.57,64.29,0.144,0.06,0.34,14.29,0,0.0,B
3618.0,海　野　　ゆかり,4,9,44.44,11.11,22.22,77.78,0.189,0.1,0.34,33.33,0,0.0,C
3674.0,岸　　　　恵　子,6,5,0.0,0.0,0.0,0.0,0.184,0.11,0.27,0.0,0,0.0,C
4577.0,渡　邊　　佳　子,3,3,0.0,33.33,0.0,33.33,0.243,0.15,0.36,0.0,0,0.0,参考
4433.0,川　野　　芽　唯,4,4,25.0,25.0,25.0,75.0,0.208,0.18,0.26,0.0,0,0.0,参考
4447.0,深　川　　麻奈美,1,5,40.0,20.0,20.0,80.0,0.194,0.05,0.26,20.0,0,0.0,C
4400.0,加　藤　　奈　月,2,6,16.67,33.33,0.0,50.0,0.182,0.11,0.29,16.67,0,0.0,C
4699.0,八十岡　　恵　美,4,3,0.0,0.0,33.33,33.33,0.133,0.08,0.23,33.33,0,0.0,参考
3871.0,池　田　　紫　乃,5,3,66.67,0.0,0.0,66.67,0.193,0.12,0.28,0.0,0,0.0,参考
4286.0,平　田　　さやか,6,7,0.0,0.0,42.86,42.86,0.196,0.14,0.28,0.0,0,0.0,C
4479.0,矢　野　　真梨菜,2,8,0.0,25.0,25.0,50.0,0.19,0.12,0.29,0.0,0,0.0,C
3355.0,橋谷田　　佳　織,3,9,11.11,22.22,11.11,44.44,0.249,0.16,0.32,0.0,0,0.0,C
4085.0,荻　野　　裕　介,4,7,14.29,14.29,28.57,57.14,0.214,0.14,0.37,14.29,0,0.0,C
4589.0,塩　崎　　桐　加,5,5,20.0,0.0,20.0,40.0,0.114,0.01,0.3,60.0,0,0.0,C
3618.0,海　野　　ゆかり,6,9,22.22,33.33,22.22,77.78,0.2,0.09,0.32,0.0,0,0.0,C
4098.0,赤　澤　　文　香,1,5,20.0,0.0,40.0,60.0,0.174,0.07,0.23,0.0,0,0.0,C
4125.0,内　田　　亜希子,2,4,0.0,25.0,25.0,50.0,0.258,0.16,0.36,0.0,0,0.0,参考
3317.0,大　山　　博　美,3,5,0.0,0.0,20.0,20.0,0.182,0.09,0.3,20.0,0,0.0,C
3580.0,水　口　　由　紀,6,4,0.0,0.0,25.0,25.0,0.168,0.11,0.22,0.0,0,0.0,参考
4275.0,菅　野　　はやか,6,4,25.0,0.0,0.0,25.0,0.195,0.14,0.26,25.0,0,0.0,参考
4577.0,渡　邊　　佳　子,2,3,0.0,0.0,0.0,0.0,0.16,0.15,0.17,0.0,0,0.0,参考
4447.0,深　川　　麻奈美,3,5,20.0,40.0,20.0,80.0,0.172,0.11,0.24,0.0,0,0.0,C
3993.0,永　井　　聖　美,4,11,18.18,18.18,27.27,63.64,0.151,0.04,0.31,36.36,0,0.0,B
3355.0,橋谷田　　佳　織,1,10,0.0,20.0,10.0,30.0,0.286,0.21,0.41,0.0,0,0.0,B
3474.0,松　瀬　　弘　美,2,7,0.0,42.86,28.57,71.43,0.19,0.06,0.32,14.29,0,0.0,C
3802.0,森　岡　　真　希,3,3,33.33,0.0,33.33,66.67,0.143,0.1,0.17,33.33,0,0.0,参考
3674.0,岸　　　　恵　子,4,4,0.0,25.0,0.0,25.0,0.147,0.08,0.25,25.0,0,0.0,参考
4479.0,矢　野　　真梨菜,1,6,16.67,16.67,33.33,66.67,0.213,0.1,0.32,16.67,0,0.0,C
4098.0,赤　澤　　文　香,2,6,16.67,16.67,33.33,66.67,0.183,0.15,0.23,0.0,0,0.0,C
3932.0,池　田　　浩　美,3,8,25.0,25.0,0.0,50.0,0.175,0.07,0.26,25.0,0,0.0,C
4400.0,加　藤　　奈　月,1,6,33.33,33.33,33.33,100.0,0.172,0.09,0.27,16.67,0,0.0,C
4125.0,内　田　　亜希子,3,3,0.0,0.0,0.0,0.0,0.257,0.13,0.33,0.0,0,0.0,参考
4373.0,若　狭　　奈美子,6,6,0.0,0.0,16.67,16.67,0.2,0.1,0.27,16.67,0,0.0,C
4433.0,川　野　　芽　唯,1,4,50.0,25.0,0.0,75.0,0.16,0.01,0.27,25.0,0,0.0,参考
4286.0,平　田　　さやか,3,11,18.18,36.36,9.09,63.64,0.154,0.07,0.24,27.27,0,0.0,B
3618.0,海　野　　ゆかり,5,6,0.0,16.67,33.33,50.0,0.125,0.07,0.21,50.0,0,0.0,C
4589.0,塩　崎　　桐　加,3,3,33.33,33.33,33.33,100.0,0.093,0.07,0.12,100.0,0,0.0,参考
3474.0,松　瀬　　弘　美,4,7,28.57,14.29,0.0,42.86,0.163,0.05,0.36,14.29,0,0.0,C
3580.0,水　口　　由　紀,5,6,16.67,0.0,16.67,33.33,0.207,0.16,0.3,0.0,0,0.0,C
3993.0,永　井　　聖　美,1,16,37.5,31.25,12.5,81.25,0.173,0.07,0.29,25.0,0,0.0,B
4085.0,荻　野　　裕　介,3,10,20.0,0.0,40.0,60.0,0.169,0.11,0.22,0.0,0,0.0,B
4275.0,菅　野　　はやか,4,4,0.0,25.0,0.0,25.0,0.287,0.27,0.32,25.0,0,0.0,参考
3932.0,池　田　　浩　美,5,5,0.0,0.0,40.0,40.0,0.184,0.12,0.24,0.0,0,0.0,C
3579.0,中　里　　優　子,2,10,40.0,10.0,20.0,70.0,0.132,0.01,0.23,10.0,0,0.0,B
4577.0,渡　邊　　佳　子,4,3,0.0,0.0,33.33,33.33,0.16,0.03,0.29,33.33,0,0.0,参考
3317.0,大　山　　博　美,6,3,0.0,0.0,0.0,0.0,0.137,0.04,0.21,0.0,0,0.0,参考
3674.0,岸　　　　恵　子,3,6,50.0,16.67,0.0,66.67,0.117,0.09,0.16,66.67,0,0.0,C
3355.0,橋谷田　　佳　織,5,6,0.0,16.67,33.33,50.0,0.23,0.13,0.31,0.0,0,0.0,C
4098.0,赤　澤　　文　香,6,4,0.0,25.0,25.0,50.0,0.163,0.06,0.27,0.0,0,0.0,参考
4125.0,内　田　　亜希子,1,4,25.0,25.0,25.0,75.0,0.24,0.21,0.29,0.0,0,0.0,参考
4589.0,塩　崎　　桐　加,2,4,25.0,25.0,0.0,50.0,0.215,0.15,0.34,0.0,0,0.0,参考
3474.0,松　瀬　　弘　美,1,6,0.0,16.67,33.33,50.0,0.193,0.12,0.35,0.0,0,0.0,C
3169.0,松　堂　　留　美,3,4,0.0,0.0,25.0,25.0,0.193,0.13,0.28,0.0,0,0.0,参考
4479.0,矢　野　　真梨菜,5,6,0.0,0.0,16.67,16.67,0.15,0.08,0.18,33.33,0,0.0,C
3993.0,永　井　　聖　美,6,7,14.29,0.0,14.29,28.57,0.2,0.11,0.35,0.0,0,0.0,C
3618.0,海　野　　ゆかり,3,7,14.29,28.57,28.57,71.43,0.154,0.03,0.24,0.0,0,0.0,C
3509.0,道　上　　千　夏,4,4,25.0,25.0,0.0,50.0,0.11,0.06,0.15,75.0,0,0.0,参考
3674.0,岸　　　　恵　子,1,6,0.0,50.0,33.33,83.33,0.168,0.02,0.31,16.67,0,0.0,C
4400.0,加　藤　　奈　月,5,4,0.0,25.0,0.0,25.0,0.155,0.11,0.21,0.0,0,0.0,参考
4085.0,荻　野　　裕　介,2,6,33.33,16.67,16.67,66.67,0.15,0.04,0.27,0.0,0,0.0,C
3871.0,池　田　　紫　乃,3,4,0.0,50.0,25.0,75.0,0.165,0.11,0.26,0.0,0,0.0,参考
4433.0,川　野　　芽　唯,5,4,0.0,0.0,25.0,25.0,0.175,0.09,0.25,50.0,0,0.0,参考
3580.0,水　口　　由　紀,1,4,0.0,50.0,25.0,75.0,0.245,0.17,0.31,0.0,0,0.0,参考
4447.0,深　川　　麻奈美,2,7,28.57,0.0,14.29,42.86,0.171,0.02,0.35,28.57,0,0.0,C
4286.0,平　田　　さやか,4,10,10.0,30.0,20.0,60.0,0.148,0.09,0.25,50.0,0,0.0,B
3355.0,橋谷田　　佳　織,6,4,0.0,25.0,0.0,25.0,0.29,0.2,0.36,0.0,0,0.0,参考
4589.0,塩　崎　　桐　加,1,3,33.33,33.33,33.33,100.0,0.243,0.1,0.42,33.33,0,0.0,参考
4275.0,菅　野　　はやか,5,6,0.0,0.0,50.0,50.0,0.162,0.11,0.23,16.67,0,0.0,C
3618.0,海　野　　ゆかり,2,8,37.5,37.5,0.0,75.0,0.193,0.12,0.23,12.5,0,0.0,C
4125.0,内　田　　亜希子,4,4,0.0,50.0,0.0,50.0,0.255,0.18,0.33,0.0,0,0.0,参考
3509.0,道　上　　千　夏,1,4,25.0,50.0,25.0,100.0,0.122,0.1,0.15,50.0,0,0.0,参考
3932.0,池　田　　浩　美,2,7,85.71,0.0,14.29,100.0,0.209,0.11,0.37,42.86,0,0.0,C
4447.0,深　川　　麻奈美,4,6,50.0,0.0,0.0,50.0,0.19,0.07,0.27,16.67,0,0.0,C
4433.0,川　野　　芽　唯,6,3,0.0,0.0,33.33,33.33,0.24,0.13,0.33,0.0,0,0.0,参考
4085.0,荻　野　　裕　介,1,10,80.0,0.0,0.0,80.0,0.136,0.07,0.23,20.0,0,0.0,B
4286.0,平　田　　さやか,2,13,15.38,15.38,15.38,46.15,0.133,0.05,0.22,15.38,0,0.0,B
3993.0,永　井　　聖　美,5,15,0.0,6.67,13.33,20.0,0.147,0.09,0.24,20.0,0,0.0,B
4275.0,菅　野　　はやか,1,4,25.0,25.0,25.0,75.0,0.245,0.11,0.38,0.0,0,0.0,参考
3317.0,大　山　　博　美,4,4,0.0,50.0,0.0,50.0,0.212,0.16,0.29,0.0,0,0.0,参考
4479.0,矢　野　　真梨菜,4,6,33.33,16.67,16.67,66.67,0.187,0.07,0.27,16.67,0,0.0,C
4098.0,赤　澤　　文　香,5,5,0.0,20.0,0.0,20.0,0.208,0.13,0.31,0.0,0,0.0,C
3355.0,橋谷田　　佳　織,2,8,12.5,12.5,50.0,75.0,0.214,0.15,0.27,0.0,0,0.0,C
4400.0,加　藤　　奈　月,4,4,0.0,25.0,25.0,50.0,0.125,0.09,0.16,25.0,0,0.0,参考
4447.0,深　川　　麻奈美,5,4,0.0,25.0,0.0,25.0,0.2,0.13,0.34,25.0,0,0.0,参考
3871.0,池　田　　紫　乃,1,3,66.67,0.0,33.33,100.0,0.2,0.13,0.29,33.33,0,0.0,参考
3674.0,岸　　　　恵　子,2,4,25.0,0.0,50.0,75.0,0.15,0.11,0.22,50.0,0,0.0,参考
4433.0,川　野　　芽　唯,3,3,66.67,33.33,0.0,100.0,0.16,0.09,0.22,33.33,0,0.0,参考
4589.0,塩　崎　　桐　加,4,3,33.33,33.33,0.0,66.67,0.16,0.11,0.26,66.67,0,0.0,参考
4275.0,菅　野　　はやか,3,5,0.0,20.0,0.0,20.0,0.184,0.14,0.26,0.0,0,0.0,C
4479.0,矢　野　　真梨菜,6,4,0.0,0.0,25.0,25.0,0.282,0.18,0.51,0.0,0,0.0,参考
3474.0,松　瀬　　弘　美,3,8,12.5,37.5,12.5,62.5,0.134,0.09,0.28,12.5,0,0.0,C
3509.0,道　上　　千　夏,6,4,0.0,25.0,25.0,50.0,0.12,0.08,0.15,25.0,0,0.0,参考
3317.0,大　山　　博　美,5,4,0.0,25.0,0.0,25.0,0.175,0.12,0.23,50.0,0,0.0,参考
4400.0,加　藤　　奈　月,6,4,0.0,0.0,50.0,50.0,0.172,0.13,0.21,25.0,0,0.0,参考
3932.0,池　田　　浩　美,1,7,57.14,28.57,0.0,85.71,0.141,0.06,0.18,42.86,0,0.0,C
3580.0,水　口　　由　紀,4,4,0.0,0.0,50.0,50.0,0.208,0.16,0.28,0.0,0,0.0,参考
4286.0,平　田　　さやか,5,11,0.0,9.09,9.09,18.18,0.158,0.09,0.23,27.27,0,0.0,B
4759.0,今　泉　　友　吾,3,26,26.92,19.23,38.46,84.62,0.132,0.06,0.18,11.54,0,0.0,A
3857.0,阿　波　　勝　哉,3,4,0.0,25.0,25.0,50.0,0.108,0.05,0.14,50.0,0,0.0,参考
4752.0,西　尾　　亮　輔,6,10,0.0,20.0,0.0,20.0,0.195,0.04,0.38,30.0,0,0.0,B
3136.0,渋　谷　　正　義,1,4,0.0,50.0,25.0,75.0,0.178,0.14,0.26,0.0,0,0.0,参考
4663.0,籾　山　　佳　岳,4,4,0.0,25.0,0.0,25.0,0.138,0.08,0.21,50.0,0,0.0,参考
4813.0,宮　内　　直　哉,6,17,0.0,0.0,0.0,0.0,0.192,0.1,0.35,5.88,0,0.0,B
4421.0,森　作　　広　大,3,15,20.0,13.33,26.67,60.0,0.175,0.04,0.25,26.67,0,0.0,B
4274.0,長　畑　　友　輔,5,16,18.75,12.5,18.75,50.0,0.144,0.07,0.23,37.5,0,0.0,B
3862.0,松　元　　弥佑紀,6,3,33.33,33.33,0.0,66.67,0.167,0.05,0.27,33.33,0,0.0,参考
4161.0,黒　柳　　浩　孝,1,4,25.0,25.0,25.0,75.0,0.142,0.09,0.24,50.0,0,0.0,参考
3694.0,木　村　　恒　一,2,3,0.0,33.33,33.33,66.67,0.277,0.24,0.31,0.0,0,0.0,参考
3303.0,渡　辺　　　　豊,3,24,12.5,29.17,16.67,58.33,0.184,0.1,0.31,0.0,0,0.0,A
4369.0,丹　下　　　　将,4,16,18.75,18.75,6.25,43.75,0.166,0.08,0.35,25.0,0,0.0,B
4641.0,磯　村　　　　匠,2,7,14.29,14.29,0.0,28.57,0.204,0.11,0.29,0.0,0,0.0,C
3592.0,橋　本　　健　造,3,3,0.0,0.0,33.33,33.33,0.143,0.14,0.15,0.0,0,0.0,参考
4752.0,西　尾　　亮　輔,4,7,0.0,14.29,14.29,28.57,0.146,0.1,0.22,28.57,0,0.0,C
4457.0,神　田　　達　也,1,12,25.0,25.0,16.67,66.67,0.127,0.05,0.18,58.33,0,0.0,B
3159.0,江　口　　晃　生,2,13,23.08,7.69,23.08,53.85,0.131,0.08,0.18,15.38,0,0.0,B
3945.0,橋　口　　真　樹,3,7,0.0,28.57,28.57,57.14,0.19,0.13,0.23,0.0,0,0.0,C
4281.0,大　澤　　大　夢,4,11,9.09,18.18,45.45,72.73,0.165,0.06,0.25,18.18,0,0.0,B
4813.0,宮　内　　直　哉,5,18,0.0,5.56,11.11,16.67,0.207,0.04,0.39,0.0,0,0.0,B
4086.0,寺　本　　重　宣,6,17,5.88,5.88,47.06,58.82,0.188,0.11,0.3,11.76,0,0.0,B
4270.0,岸　本　　雄　貴,2,7,0.0,28.57,28.57,57.14,0.177,0.1,0.25,0.0,0,0.0,C
3393.0,行　谷　　吉　範,3,7,0.0,0.0,14.29,14.29,0.214,0.07,0.61,14.29,0,0.0,C
4238.0,毒　島　　　　誠,4,6,33.33,33.33,0.0,66.67,0.193,0.1,0.35,0.0,0,0.0,C
4663.0,籾　山　　佳　岳,2,4,0.0,25.0,25.0,50.0,0.122,0.09,0.18,0.0,0,0.0,参考
3838.0,伊　藤　　啓　三,3,9,0.0,44.44,22.22,66.67,0.124,0.03,0.23,33.33,0,0.0,C
4345.0,西　舘　　　　健,5,14,7.14,0.0,0.0,7.14,0.159,0.06,0.25,7.14,0,0.0,B
4369.0,丹　下　　　　将,6,18,0.0,5.56,44.44,50.0,0.175,0.07,0.27,11.11,0,0.0,B
4645.0,上　村　　純　一,2,10,30.0,10.0,20.0,60.0,0.147,0.07,0.24,20.0,0,0.0,B
4161.0,黒　柳　　浩　孝,3,4,25.0,0.0,75.0,100.0,0.14,0.1,0.21,50.0,0,0.0,参考
4274.0,長　畑　　友　輔,4,21,9.52,19.05,14.29,42.86,0.145,0.06,0.27,28.57,0,0.0,A
4258.0,関　根　　彰　人,5,7,0.0,0.0,14.29,14.29,0.183,0.14,0.25,14.29,0,0.0,C
4710.0,福　田　　宗　平,6,12,16.67,8.33,8.33,33.33,0.173,0.07,0.39,16.67,0,0.0,B
2787.0,藤　井　　定　美,1,3,66.67,0.0,33.33,100.0,0.087,0.07,0.1,100.0,0,0.0,参考
3592.0,橋　本　　健　造,2,3,33.33,33.33,0.0,66.67,0.163,0.1,0.2,66.67,0,0.0,参考
3968.0,茶　谷　　信　次,3,5,20.0,0.0,40.0,60.0,0.174,0.13,0.23,0.0,0,0.0,C
3687.0,花　田　　和　明,4,3,0.0,33.33,0.0,33.33,0.147,0.08,0.22,33.33,0,0.0,参考
4281.0,大　澤　　大　夢,5,9,0.0,11.11,11.11,22.22,0.113,0.03,0.19,22.22,0,0.0,C
3303.0,渡　辺　　　　豊,6,12,8.33,8.33,25.0,41.67,0.207,0.09,0.29,0.0,0,0.0,B
4270.0,岸　本　　雄　貴,1,8,37.5,12.5,37.5,87.5,0.122,0.05,0.18,37.5,0,0.0,C
3945.0,橋　口　　真　樹,2,7,14.29,42.86,0.0,57.14,0.193,0.08,0.35,14.29,0,0.0,C
3694.0,木　村　　恒　一,4,3,33.33,66.67,0.0,100.0,0.157,0.12,0.22,0.0,0,0.0,参考
3790.0,佐　口　　達　也,6,7,0.0,14.29,14.29,28.57,0.161,0.05,0.25,0.0,0,0.0,C
4238.0,毒　島　　　　誠,1,10,100.0,0.0,0.0,100.0,0.1,0.04,0.14,80.0,0,0.0,B
3838.0,伊　藤　　啓　三,4,7,14.29,28.57,14.29,57.14,0.114,0.06,0.21,42.86,0,0.0,C
4641.0,磯　村　　　　匠,1,7,57.14,14.29,0.0,71.43,0.124,0.04,0.21,42.86,0,0.0,C
4345.0,西　舘　　　　健,2,18,22.22,27.78,16.67,66.67,0.156,0.09,0.25,16.67,0,0.0,B
3945.0,橋　口　　真　樹,4,4,25.0,0.0,0.0,25.0,0.217,0.08,0.3,25.0,0,0.0,参考
4270.0,岸　本　　雄　貴,5,6,0.0,16.67,16.67,33.33,0.172,0.11,0.23,16.67,0,0.0,C
3592.0,橋　本　　健　造,1,4,25.0,25.0,25.0,75.0,0.18,0.1,0.29,0.0,0,0.0,参考
4161.0,黒　柳　　浩　孝,2,5,20.0,20.0,20.0,60.0,0.182,0.14,0.23,20.0,0,0.0,C
3136.0,渋　谷　　正　義,3,4,0.0,50.0,0.0,50.0,0.15,0.03,0.2,0.0,0,0.0,参考
4813.0,宮　内　　直　哉,4,18,5.56,5.56,16.67,27.78,0.177,0.03,0.33,22.22,0,0.0,B
4752.0,西　尾　　亮　輔,5,7,14.29,0.0,0.0,14.29,0.106,0.05,0.18,28.57,0,0.0,C
3393.0,行　谷　　吉　範,1,6,66.67,33.33,0.0,100.0,0.122,0.09,0.19,33.33,0,0.0,C
2787.0,藤　井　　定　美,2,4,25.0,50.0,25.0,100.0,0.115,0.09,0.14,25.0,0,0.0,参考
4421.0,森　作　　広　大,4,17,5.88,5.88,11.76,23.53,0.164,0.09,0.29,17.65,0,0.0,B
3968.0,茶　谷　　信　次,5,5,0.0,0.0,40.0,40.0,0.21,0.12,0.3,20.0,0,0.0,C
4645.0,上　村　　純　一,1,18,88.89,5.56,0.0,94.44,0.112,0.02,0.22,50.0,0,0.0,B
4274.0,長　畑　　友　輔,3,23,0.0,17.39,30.43,47.83,0.14,0.03,0.29,39.13,0,0.0,A
3181.0,林　　　　慎　一,5,3,0.0,0.0,0.0,0.0,0.18,0.07,0.25,0.0,0,0.0,参考
3534.0,野　澤　　大　二,1,7,28.57,28.57,14.29,71.43,0.139,0.06,0.27,42.86,0,0.0,C
4457.0,神　田　　達　也,3,8,12.5,37.5,12.5,62.5,0.175,0.09,0.27,25.0,0,0.0,C
4258.0,関　根　　彰　人,4,7,0.0,28.57,14.29,42.86,0.179,0.09,0.26,14.29,0,0.0,C
4710.0,福　田　　宗　平,5,7,0.0,14.29,28.57,42.86,0.183,0.12,0.25,0.0,0,0.0,C
4369.0,丹　下　　　　将,2,16,6.25,25.0,43.75,75.0,0.166,0.08,0.36,6.25,0,0.0,B
3790.0,佐　口　　達　也,4,9,0.0,11.11,0.0,11.11,0.139,0.09,0.2,0.0,0,0.0,C
3838.0,伊　藤　　啓　三,6,9,0.0,0.0,11.11,11.11,0.147,0.08,0.26,33.33,0,0.0,C
4281.0,大　澤　　大　夢,1,8,37.5,0.0,25.0,62.5,0.142,0.06,0.23,50.0,0,0.0,C
3393.0,行　谷　　吉　範,2,6,0.0,16.67,33.33,50.0,0.208,0.07,0.5,16.67,0,0.0,C
4345.0,西　舘　　　　健,4,16,0.0,12.5,25.0,37.5,0.141,0.06,0.3,31.25,0,0.0,B
3303.0,渡　辺　　　　豊,2,19,5.26,36.84,21.05,63.16,0.182,0.06,0.29,5.26,0,0.0,B
4270.0,岸　本　　雄　貴,4,7,14.29,28.57,14.29,57.14,0.104,0.06,0.16,14.29,0,0.0,C
4238.0,毒　島　　　　誠,6,6,33.33,0.0,16.67,50.0,0.16,0.09,0.32,33.33,0,0.0,C
3694.0,木　村　　恒　一,1,4,25.0,25.0,25.0,75.0,0.19,0.13,0.26,0.0,0,0.0,参考
4258.0,関　根　　彰　人,2,10,10.0,20.0,30.0,60.0,0.188,0.1,0.27,0.0,0,0.0,B
2787.0,藤　井　　定　美,3,4,0.0,0.0,25.0,25.0,0.145,0.11,0.19,25.0,0,0.0,参考
3838.0,伊　藤　　啓　三,5,8,37.5,37.5,25.0,100.0,0.144,0.07,0.2,50.0,0,0.0,C
4369.0,丹　下　　　　将,1,18,50.0,27.78,0.0,77.78,0.117,0.03,0.27,22.22,0,0.0,B
3691.0,加　藤　　知　弘,3,6,0.0,50.0,33.33,83.33,0.165,0.09,0.29,16.67,0,0.0,C
3181.0,林　　　　慎　一,6,4,0.0,0.0,0.0,0.0,0.265,0.16,0.39,0.0,0,0.0,参考
4645.0,上　村　　純　一,3,15,20.0,26.67,20.0,66.67,0.139,0.04,0.31,40.0,0,0.0,B
4457.0,神　田　　達　也,5,9,0.0,33.33,33.33,66.67,0.177,0.09,0.24,0.0,0,0.0,C
3968.0,茶　谷　　信　次,6,5,0.0,0.0,20.0,20.0,0.228,0.11,0.31,0.0,0,0.0,C
3790.0,佐　口　　達　也,1,8,25.0,0.0,25.0,50.0,0.147,0.07,0.23,25.0,0,0.0,C
4421.0,森　作　　広　大,2,12,16.67,8.33,33.33,58.33,0.152,0.01,0.25,8.33,0,0.0,B
4238.0,毒　島　　　　誠,5,7,28.57,14.29,14.29,57.14,0.156,0.07,0.23,0.0,0,0.0,C
4281.0,大　澤　　大　夢,3,8,37.5,0.0,25.0,62.5,0.145,0.1,0.21,12.5,0,0.0,C
4421.0,森　作　　広　大,1,16,12.5,18.75,31.25,62.5,0.151,0.06,0.26,37.5,0,0.0,B
4641.0,磯　村　　　　匠,3,10,10.0,0.0,20.0,30.0,0.176,0.05,0.29,40.0,0,0.0,B
4663.0,籾　山　　佳　岳,6,9,11.11,11.11,11.11,33.33,0.224,0.12,0.34,0.0,0,0.0,C
3968.0,茶　谷　　信　次,1,5,40.0,20.0,20.0,80.0,0.158,0.1,0.26,20.0,0,0.0,C
4238.0,毒　島　　　　誠,3,5,40.0,0.0,20.0,60.0,0.178,0.11,0.24,20.0,0,0.0,C
3136.0,渋　谷　　正　義,6,3,0.0,0.0,33.33,33.33,0.233,0.15,0.31,0.0,0,0.0,参考
3303.0,渡　辺　　　　豊,1,19,42.11,26.32,21.05,89.47,0.18,0.04,0.26,0.0,0,0.0,B
4369.0,丹　下　　　　将,5,14,7.14,21.43,21.43,50.0,0.169,0.07,0.24,28.57,0,0.0,B
4274.0,長　畑　　友　輔,6,19,10.53,0.0,10.53,21.05,0.177,0.11,0.42,5.26,0,0.0,B
3838.0,伊　藤　　啓　三,1,9,77.78,11.11,11.11,100.0,0.098,0.04,0.16,55.56,0,0.0,C
4457.0,神　田　　達　也,2,9,11.11,11.11,33.33,55.56,0.152,0.08,0.25,11.11,0,0.0,C
3592.0,橋　本　　健　造,4,4,0.0,50.0,0.0,50.0,0.13,0.07,0.26,50.0,0,0.0,参考
3945.0,橋　口　　真　樹,5,6,0.0,0.0,16.67,16.67,0.163,0.11,0.22,16.67,0,0.0,C
3691.0,加　藤　　知　弘,1,3,0.0,33.33,33.33,66.67,0.107,0.06,0.14,0.0,0,0.0,参考
3790.0,佐　口　　達　也,2,7,42.86,0.0,0.0,42.86,0.21,0.12,0.36,0.0,0,0.0,C
4641.0,磯　村　　　　匠,4,8,12.5,0.0,25.0,37.5,0.175,0.11,0.29,0.0,0,0.0,C
3393.0,行　谷　　吉　範,5,4,0.0,0.0,0.0,0.0,0.193,0.14,0.23,0.0,0,0.0,参考
3694.0,木　村　　恒　一,6,3,0.0,0.0,33.33,33.33,0.157,0.11,0.21,33.33,0,0.0,参考
3534.0,野　澤　　大　二,2,4,25.0,0.0,50.0,75.0,0.16,0.11,0.25,0.0,0,0.0,参考
3303.0,渡　辺　　　　豊,4,19,5.26,10.53,31.58,47.37,0.182,0.11,0.33,0.0,0,0.0,B
4161.0,黒　柳　　浩　孝,5,5,0.0,20.0,0.0,20.0,0.198,0.14,0.31,0.0,0,0.0,C
4258.0,関　根　　彰　人,1,8,37.5,25.0,25.0,87.5,0.142,0.07,0.25,25.0,0,0.0,C
4281.0,大　澤　　大　夢,2,11,9.09,36.36,9.09,54.55,0.19,0.06,0.28,27.27,0,0.0,B
4270.0,岸　本　　雄　貴,3,9,0.0,22.22,11.11,33.33,0.199,0.1,0.29,0.0,0,0.0,C
4645.0,上　村　　純　一,6,15,0.0,6.67,20.0,26.67,0.132,0.03,0.21,26.67,0,0.0,B
3181.0,林　　　　慎　一,1,3,33.33,0.0,0.0,33.33,0.133,0.1,0.17,33.33,0,0.0,参考
3790.0,佐　口　　達　也,3,8,0.0,37.5,37.5,75.0,0.146,0.07,0.22,12.5,0,0.0,C
3136.0,渋　谷　　正　義,4,4,0.0,25.0,0.0,25.0,0.135,0.04,0.23,25.0,0,0.0,参考
3592.0,橋　本　　健　造,6,3,33.33,0.0,0.0,33.33,0.16,0.04,0.25,33.33,0,0.0,参考
4238.0,毒　島　　　　誠,2,5,40.0,40.0,0.0,80.0,0.142,0.04,0.22,0.0,0,0.0,C
4369.0,丹　下　　　　将,3,12,25.0,25.0,0.0,50.0,0.171,0.11,0.24,8.33,0,0.0,B
3393.0,行　谷　　吉　範,4,4,0.0,25.0,0.0,25.0,0.16,0.11,0.23,0.0,0,0.0,参考
2787.0,藤　井　　定　美,5,4,0.0,25.0,0.0,25.0,0.133,0.08,0.18,25.0,0,0.0,参考
4345.0,西　舘　　　　健,1,22,31.82,13.64,13.64,59.09,0.168,0.07,0.36,27.27,0,0.0,A
3968.0,茶　谷　　信　次,2,6,50.0,50.0,0.0,100.0,0.145,0.11,0.19,33.33,0,0.0,C
4258.0,関　根　　彰　人,3,9,0.0,0.0,44.44,44.44,0.141,0.08,0.18,22.22,0,0.0,C
3694.0,木　村　　恒　一,5,3,0.0,0.0,0.0,0.0,0.173,0.11,0.24,0.0,0,0.0,参考
4161.0,黒　柳　　浩　孝,6,4,0.0,0.0,0.0,0.0,0.215,0.11,0.28,50.0,0,0.0,参考
3534.0,野　澤　　大　二,3,5,40.0,40.0,20.0,100.0,0.118,0.02,0.22,20.0,0,0.0,C
3691.0,加　藤　　知　弘,4,4,0.0,0.0,75.0,75.0,0.165,0.12,0.23,0.0,0,0.0,参考
4645.0,上　村　　純　一,5,10,10.0,10.0,0.0,20.0,0.133,0.07,0.19,20.0,0,0.0,B
3945.0,橋　口　　真　樹,6,7,0.0,14.29,0.0,14.29,0.203,0.12,0.33,28.57,0,0.0,C
3945.0,橋　口　　真　樹,1,7,28.57,0.0,0.0,28.57,0.244,0.14,0.42,14.29,0,0.0,C
4457.0,神　田　　達　也,4,9,22.22,0.0,22.22,44.44,0.146,0.07,0.28,22.22,0,0.0,C
3626.0,中　林　　秀　人,3,3,0.0,33.33,0.0,33.33,0.12,0.09,0.16,0.0,0,0.0,参考
3691.0,加　藤　　知　弘,6,3,0.0,66.67,0.0,66.67,0.217,0.19,0.24,0.0,0,0.0,参考
3838.0,伊　藤　　啓　三,2,8,0.0,37.5,37.5,75.0,0.147,0.09,0.22,12.5,0,0.0,C
3303.0,渡　辺　　　　豊,5,17,0.0,17.65,17.65,35.29,0.198,0.09,0.31,0.0,0,0.0,B
4345.0,西　舘　　　　健,3,19,5.26,10.53,31.58,47.37,0.138,0.04,0.27,21.05,0,0.0,B
4641.0,磯　村　　　　匠,5,6,0.0,0.0,16.67,16.67,0.162,0.08,0.2,16.67,0,0.0,C
4457.0,神　田　　達　也,6,11,9.09,27.27,9.09,45.45,0.185,0.05,0.3,0.0,0,0.0,B
4421.0,森　作　　広　大,5,10,0.0,0.0,0.0,0.0,0.218,0.1,0.32,0.0,0,0.0,B
3136.0,渋　谷　　正　義,2,3,33.33,0.0,0.0,33.33,0.183,0.1,0.27,33.33,0,0.0,参考
3968.0,茶　谷　　信　次,4,8,0.0,37.5,37.5,75.0,0.125,0.02,0.18,25.0,0,0.0,C
3694.0,木　村　　恒　一,3,3,0.0,0.0,33.33,33.33,0.153,0.14,0.17,0.0,0,0.0,参考
4645.0,上　村　　純　一,4,16,18.75,31.25,12.5,62.5,0.133,0.02,0.27,37.5,0,0.0,B
4258.0,関　根　　彰　人,6,6,0.0,0.0,16.67,16.67,0.167,0.09,0.26,16.67,0,0.0,C
2787.0,藤　井　　定　美,4,3,0.0,66.67,0.0,66.67,0.187,0.17,0.2,0.0,0,0.0,参考
4281.0,大　澤　　大　夢,6,13,7.69,7.69,7.69,23.08,0.198,0.07,0.35,7.69,0,0.0,B
4161.0,黒　柳　　浩　孝,4,3,0.0,0.0,33.33,33.33,0.163,0.12,0.19,0.0,0,0.0,参考
4641.0,磯　村　　　　匠,6,3,0.0,0.0,0.0,0.0,0.163,0.03,0.24,0.0,0,0.0,参考
3181.0,林　　　　慎　一,4,3,0.0,33.33,0.0,33.33,0.273,0.21,0.34,0.0,0,0.0,参考
4270.0,岸　本　　雄　貴,6,5,0.0,0.0,20.0,20.0,0.19,0.07,0.26,20.0,0,0.0,C
3790.0,佐　口　　達　也,5,6,0.0,0.0,16.67,16.67,0.188,0.05,0.31,16.67,0,0.0,C
4345.0,西　舘　　　　健,6,10,0.0,20.0,0.0,20.0,0.139,0.05,0.22,10.0,0,0.0,B
3393.0,行　谷　　吉　範,6,3,0.0,33.33,0.0,33.33,0.22,0.16,0.33,66.67,0,0.0,参考
4595.0,花　井　　　　潤,1,4,0.0,50.0,50.0,100.0,0.21,0.15,0.29,0.0,0,0.0,参考
4646.0,赤　羽　　大　樹,2,6,0.0,0.0,0.0,0.0,0.28,0.21,0.35,0.0,0,0.0,C
3533.0,佐　川　　正　道,5,6,16.67,16.67,16.67,50.0,0.192,0.16,0.24,16.67,0,0.0,C
4847.0,佐　藤　　隆太郎,6,31,6.45,12.9,32.26,51.61,0.164,0.03,0.32,29.03,0,0.0,A
3681.0,山　谷　　　　央,5,21,4.76,9.52,38.1,52.38,0.132,0.01,0.24,28.57,0,0.0,A
4560.0,庄　司　　樹良々,4,17,11.76,17.65,11.76,41.18,0.117,0.03,0.18,17.65,0,0.0,B
4460.0,後　藤　　翔　之,5,18,11.11,27.78,22.22,61.11,0.129,0.03,0.2,22.22,0,0.0,B
3860.0,松　本　　浩　貴,6,3,0.0,0.0,0.0,0.0,0.223,0.17,0.26,0.0,0,0.0,参考
3583.0,齋　藤　　智　裕,1,9,22.22,33.33,22.22,77.78,0.157,0.04,0.21,44.44,0,0.0,C
3448.0,高　山　　秀　雄,2,6,0.0,33.33,16.67,50.0,0.2,0.04,0.3,0.0,0,0.0,C
3877.0,松　浦　　博　人,3,4,25.0,25.0,25.0,75.0,0.163,0.12,0.19,25.0,0,0.0,参考
3659.0,藤　生　　雄　人,4,15,20.0,20.0,20.0,60.0,0.162,0.09,0.28,33.33,0,0.0,B
3772.0,一　柳　　和　孝,6,8,0.0,12.5,25.0,37.5,0.228,0.1,0.58,0.0,0,0.0,C
3808.0,秋　田　　健太郎,2,15,20.0,6.67,13.33,40.0,0.116,0.05,0.17,26.67,0,0.0,B
4211.0,村　田　　　　敦,3,11,9.09,0.0,36.36,45.45,0.118,0.02,0.27,36.36,0,0.0,B
4091.0,荒　田　　泰　明,3,4,0.0,0.0,0.0,0.0,0.168,0.12,0.2,0.0,0,0.0,参考
3947.0,寺　本　　昇　平,4,8,12.5,12.5,12.5,37.5,0.154,0.1,0.19,0.0,0,0.0,C
3807.0,岡　部　　　　哲,5,9,11.11,0.0,22.22,33.33,0.167,0.12,0.27,22.22,0,0.0,C
3651.0,中　野　　秀　彦,1,4,25.0,0.0,0.0,25.0,0.188,0.07,0.24,25.0,0,0.0,参考
4420.0,津久井　　拓　也,2,10,20.0,20.0,40.0,80.0,0.118,0.01,0.2,30.0,0,0.0,B
2538.0,高　橋　　二　朗,2,21,0.0,14.29,23.81,38.1,0.162,0.04,0.27,28.57,0,0.0,A
4159.0,向　後　　龍　一,5,7,0.0,14.29,57.14,71.43,0.177,0.09,0.28,14.29,0,0.0,C
3353.0,前　田　　光　昭,1,5,60.0,20.0,20.0,100.0,0.11,0.06,0.19,60.0,0,0.0,C
3681.0,山　谷　　　　央,3,24,16.67,29.17,12.5,58.33,0.149,0.06,0.27,12.5,0,0.0,A
3448.0,高　山　　秀　雄,4,8,0.0,12.5,25.0,37.5,0.235,0.1,0.52,0.0,0,0.0,C
4560.0,庄　司　　樹良々,6,9,0.0,0.0,11.11,11.11,0.177,0.09,0.29,22.22,0,0.0,C
3659.0,藤　生　　雄　人,1,14,57.14,21.43,7.14,85.71,0.168,0.06,0.28,28.57,0,0.0,B
4134.0,杉　山　　貴　博,2,10,10.0,40.0,30.0,80.0,0.123,0.06,0.22,20.0,0,0.0,B
4211.0,村　田　　　　敦,6,8,12.5,0.0,12.5,25.0,0.14,0.09,0.27,25.0,0,0.0,C
4420.0,津久井　　拓　也,1,8,25.0,50.0,25.0,100.0,0.121,0.03,0.18,37.5,0,0.0,C
4201.0,佐　竹　　友　樹,2,13,30.77,15.38,23.08,69.23,0.162,0.03,0.33,15.38,0,0.0,B
3947.0,寺　本　　昇　平,3,8,0.0,25.0,12.5,37.5,0.209,0.12,0.33,12.5,0,0.0,C
3772.0,一　柳　　和　孝,5,5,0.0,20.0,20.0,40.0,0.21,0.04,0.39,20.0,0,0.0,C
4460.0,後　藤　　翔　之,6,17,5.88,29.41,29.41,64.71,0.148,0.02,0.33,5.88,0,0.0,B
3448.0,高　山　　秀　雄,1,5,40.0,40.0,20.0,100.0,0.184,0.12,0.23,20.0,0,0.0,C
4091.0,荒　田　　泰　明,4,5,40.0,0.0,20.0,60.0,0.17,0.1,0.22,0.0,0,0.0,C
4646.0,赤　羽　　大　樹,5,5,0.0,0.0,20.0,20.0,0.236,0.17,0.34,0.0,0,0.0,C
4560.0,庄　司　　樹良々,1,13,53.85,23.08,15.38,92.31,0.124,0.06,0.16,23.08,0,0.0,B
3877.0,松　浦　　博　人,2,6,0.0,50.0,50.0,100.0,0.138,0.1,0.19,33.33,0,0.0,C
3651.0,中　野　　秀　彦,3,4,0.0,25.0,0.0,25.0,0.25,0.23,0.28,0.0,0,0.0,参考
3772.0,一　柳　　和　孝,1,8,25.0,50.0,12.5,87.5,0.118,0.07,0.22,25.0,0,0.0,C
3353.0,前　田　　光　昭,4,3,0.0,33.33,66.67,100.0,0.06,0.03,0.11,66.67,0,0.0,参考
3808.0,秋　田　　健太郎,6,8,0.0,0.0,25.0,25.0,0.165,0.11,0.21,12.5,0,0.0,C
3533.0,佐　川　　正　道,2,7,0.0,14.29,0.0,14.29,0.169,0.07,0.23,14.29,0,0.0,C
3583.0,齋　藤　　智　裕,4,10,0.0,10.0,20.0,30.0,0.164,0.06,0.23,30.0,0,0.0,B
2538.0,高　橋　　二　朗,5,17,0.0,0.0,11.76,11.76,0.179,0.07,0.34,0.0,0,0.0,B
4595.0,花　井　　　　潤,2,5,20.0,0.0,20.0,40.0,0.134,0.11,0.18,20.0,0,0.0,C
4646.0,赤　羽　　大　樹,3,3,0.0,0.0,0.0,0.0,0.193,0.1,0.36,0.0,0,0.0,参考
4159.0,向　後　　龍　一,4,8,12.5,50.0,25.0,87.5,0.143,0.09,0.21,12.5,0,0.0,C
3807.0,岡　部　　　　哲,6,9,0.0,0.0,11.11,11.11,0.163,0.04,0.24,11.11,0,0.0,C
4091.0,荒　田　　泰　明,1,4,75.0,0.0,0.0,75.0,0.092,0.03,0.14,50.0,0,0.0,参考
4201.0,佐　竹　　友　樹,3,15,0.0,33.33,13.33,46.67,0.131,0.07,0.19,33.33,0,0.0,B
3860.0,松　本　　浩　貴,1,5,40.0,0.0,0.0,40.0,0.236,0.18,0.31,0.0,0,0.0,C
3651.0,中　野　　秀　彦,2,4,0.0,0.0,25.0,25.0,0.213,0.17,0.31,0.0,0,0.0,参考
3659.0,藤　生　　雄　人,3,20,30.0,20.0,10.0,60.0,0.161,0.08,0.27,15.0,0,0.0,A
4460.0,後　藤　　翔　之,3,25,20.0,28.0,28.0,76.0,0.12,0.05,0.21,28.0,0,0.0,A
4211.0,村　田　　　　敦,4,7,0.0,0.0,14.29,14.29,0.129,0.07,0.22,14.29,0,0.0,C
3877.0,松　浦　　博　人,1,4,25.0,25.0,0.0,50.0,0.122,0.06,0.17,50.0,0,0.0,参考
3947.0,寺　本　　昇　平,2,10,10.0,30.0,40.0,80.0,0.143,0.09,0.24,20.0,0,0.0,B
4595.0,花　井　　　　潤,3,3,0.0,0.0,0.0,0.0,0.167,0.16,0.18,0.0,0,0.0,参考
2538.0,高　橋　　二　朗,4,20,0.0,0.0,25.0,25.0,0.188,0.05,0.47,5.0,0,0.0,A
3808.0,秋　田　　健太郎,3,13,0.0,15.38,15.38,30.77,0.141,0.07,0.24,15.38,0,0.0,B
3583.0,齋　藤　　智　裕,5,7,14.29,28.57,0.0,42.86,0.161,0.07,0.22,0.0,0,0.0,C
4420.0,津久井　　拓　也,6,10,0.0,10.0,40.0,50.0,0.176,0.09,0.38,10.0,0,0.0,B
4201.0,佐　竹　　友　樹,1,9,55.56,11.11,11.11,77.78,0.173,0.11,0.27,44.44,0,0.0,C
3659.0,藤　生　　雄　人,2,15,20.0,46.67,20.0,86.67,0.139,0.07,0.2,13.33,0,0.0,B
3353.0,前　田　　光　昭,3,6,0.0,16.67,33.33,50.0,0.155,0.09,0.34,33.33,0,0.0,C
3807.0,岡　部　　　　哲,4,9,0.0,11.11,22.22,33.33,0.131,0.04,0.26,0.0,0,0.0,C
4159.0,向　後　　龍　一,2,9,22.22,11.11,22.22,55.56,0.139,0.07,0.23,11.11,0,0.0,C
2528.0,新　井　　敏　司,3,4,0.0,0.0,0.0,0.0,0.14,0.04,0.22,0.0,0,0.0,参考
4460.0,後　藤　　翔　之,4,20,15.0,20.0,20.0,55.0,0.126,0.04,0.26,35.0,0,0.0,A
4646.0,赤　羽　　大　樹,1,4,0.0,0.0,0.0,0.0,0.232,0.14,0.36,0.0,0,0.0,参考
3583.0,齋　藤　　智　裕,2,9,11.11,22.22,33.33,66.67,0.15,0.07,0.25,22.22,0,0.0,C
3947.0,寺　本　　昇　平,6,6,0.0,50.0,0.0,50.0,0.142,0.04,0.27,33.33,0,0.0,C
3533.0,佐　川　　正　道,1,6,50.0,16.67,0.0,66.67,0.15,0.1,0.29,66.67,0,0.0,C
4091.0,荒　田　　泰　明,2,3,0.0,33.33,0.0,33.33,0.163,0.13,0.21,33.33,0,0.0,参考
4595.0,花　井　　　　潤,5,4,0.0,0.0,25.0,25.0,0.18,0.14,0.22,0.0,0,0.0,参考
3681.0,山　谷　　　　央,1,22,68.18,18.18,4.55,90.91,0.126,0.04,0.19,27.27,0,0.0,A
3772.0,一　柳　　和　孝,2,8,0.0,0.0,12.5,12.5,0.147,0.09,0.21,37.5,0,0.0,C
3807.0,岡　部　　　　哲,3,8,0.0,0.0,12.5,12.5,0.166,0.07,0.23,0.0,0,0.0,C
3353.0,前　田　　光　昭,6,4,0.0,0.0,25.0,25.0,0.177,0.17,0.19,0.0,0,0.0,参考
4211.0,村　田　　　　敦,1,9,33.33,33.33,0.0,66.67,0.139,0.07,0.25,22.22,0,0.0,C
4560.0,庄　司　　樹良々,2,13,30.77,30.77,15.38,76.92,0.147,0.04,0.32,38.46,0,0.0,B
3448.0,高　山　　秀　雄,3,8,0.0,0.0,37.5,37.5,0.175,0.06,0.3,12.5,0,0.0,C
3651.0,中　野　　秀　彦,5,3,0.0,0.0,0.0,0.0,0.183,0.17,0.2,33.33,0,0.0,参考
4201.0,佐　竹　　友　樹,6,9,22.22,0.0,33.33,55.56,0.113,0.06,0.22,44.44,0,0.0,C
3877.0,松　浦　　博　人,5,4,0.0,0.0,75.0,75.0,0.177,0.15,0.19,0.0,0,0.0,参考
3808.0,秋　田　　健太郎,1,13,30.77,30.77,0.0,61.54,0.124,0.03,0.3,46.15,0,0.0,B
4460.0,後　藤　　翔　之,2,22,31.82,31.82,13.64,77.27,0.121,0.07,0.18,27.27,0,0.0,A
4847.0,佐　藤　　隆太郎,5,23,26.09,13.04,13.04,52.17,0.133,0.06,0.24,17.39,0,0.0,A
2538.0,高　橋　　二　朗,1,18,5.56,27.78,22.22,55.56,0.184,0.08,0.47,16.67,0,0.0,B
4420.0,津久井　　拓　也,3,13,38.46,15.38,15.38,69.23,0.128,0.05,0.19,23.08,0,0.0,B
3772.0,一　柳　　和　孝,4,6,16.67,0.0,16.67,33.33,0.12,0.01,0.2,16.67,0,0.0,C
3807.0,岡　部　　　　哲,2,10,0.0,30.0,30.0,60.0,0.171,0.1,0.28,0.0,0,0.0,B
3448.0,高　山　　秀　雄,5,6,0.0,50.0,0.0,50.0,0.195,0.06,0.29,0.0,0,0.0,C
4560.0,庄　司　　樹良々,3,15,6.67,26.67,20.0,53.33,0.159,0.06,0.28,13.33,0,0.0,B
3860.0,松　本　　浩　貴,4,5,0.0,0.0,20.0,20.0,0.232,0.17,0.33,0.0,0,0.0,C
3947.0,寺　本　　昇　平,5,7,28.57,0.0,0.0,28.57,0.149,0.08,0.24,28.57,0,0.0,C
3673.0,小　林　　　　享,6,3,0.0,0.0,0.0,0.0,0.263,0.26,0.27,0.0,0,0.0,参考
3681.0,山　谷　　　　央,2,26,15.38,26.92,26.92,69.23,0.14,0.02,0.23,19.23,0,0.0,A
4201.0,佐　竹　　友　樹,4,13,23.08,7.69,0.0,30.77,0.126,0.06,0.21,30.77,0,0.0,B
3653.0,品　川　　賢　次,5,13,7.69,7.69,23.08,38.46,0.176,0.11,0.26,15.38,0,0.0,B
4159.0,向　後　　龍　一,6,5,20.0,0.0,20.0,40.0,0.182,0.1,0.27,0.0,0,0.0,C
4460.0,後　藤　　翔　之,1,21,57.14,19.05,14.29,90.48,0.13,0.01,0.27,61.9,0,0.0,A
4211.0,村　田　　　　敦,2,10,10.0,20.0,30.0,60.0,0.152,0.09,0.21,0.0,0,0.0,B
4420.0,津久井　　拓　也,4,12,8.33,25.0,25.0,58.33,0.151,0.09,0.26,33.33,0,0.0,B
3659.0,藤　生　　雄　人,5,13,0.0,23.08,38.46,61.54,0.181,0.04,0.34,23.08,0,0.0,B
4759.0,今　泉　　友　吾,2,25,28.0,16.0,12.0,56.0,0.182,0.09,0.41,0.0,0,0.0,A
3353.0,前　田　　光　昭,5,8,0.0,25.0,0.0,25.0,0.13,0.09,0.19,12.5,0,0.0,C
4646.0,赤　羽　　大　樹,4,3,0.0,0.0,0.0,0.0,0.183,0.11,0.31,0.0,0,0.0,参考
3433.0,諏　訪　　忠　宏,5,3,0.0,0.0,66.67,66.67,0.197,0.17,0.23,33.33,0,0.0,参考
2538.0,高　橋　　二　朗,3,20,0.0,15.0,30.0,45.0,0.173,0.05,0.31,15.0,0,0.0,A
4595.0,花　井　　　　潤,4,3,33.33,0.0,0.0,33.33,0.097,0.06,0.17,33.33,0,0.0,参考
3947.0,寺　本　　昇　平,1,7,28.57,28.57,0.0,57.14,0.121,0.05,0.23,42.86,0,0.0,C
3772.0,一　柳　　和　孝,3,5,20.0,20.0,40.0,80.0,0.116,0.07,0.18,40.0,0,0.0,C
3808.0,秋　田　　健太郎,5,14,0.0,0.0,14.29,14.29,0.116,0.03,0.21,14.29,0,0.0,B
4091.0,荒　田　　泰　明,6,4,0.0,0.0,0.0,0.0,0.122,0.05,0.19,25.0,0,0.0,参考
3807.0,岡　部　　　　哲,1,10,50.0,10.0,20.0,80.0,0.13,0.04,0.23,20.0,0,0.0,B
3860.0,松　本　　浩　貴,3,4,0.0,0.0,0.0,0.0,0.188,0.05,0.31,0.0,0,0.0,参考
4211.0,村　田　　　　敦,5,9,11.11,0.0,22.22,33.33,0.136,0.06,0.21,11.11,0,0.0,C
3877.0,松　浦　　博　人,6,6,0.0,0.0,16.67,16.67,0.178,0.11,0.22,0.0,0,0.0,C
3583.0,齋　藤　　智　裕,3,11,0.0,18.18,9.09,27.27,0.188,0.1,0.55,9.09,0,0.0,B
4420.0,津久井　　拓　也,5,9,33.33,11.11,11.11,55.56,0.153,0.09,0.2,0.0,0,0.0,C
3448.0,高　山　　秀　雄,6,6,0.0,0.0,33.33,33.33,0.182,0.16,0.2,0.0,0,0.0,C
4159.0,向　後　　龍　一,1,6,50.0,16.67,33.33,100.0,0.105,0.06,0.16,66.67,0,0.0,C
3353.0,前　田　　光　昭,2,9,55.56,11.11,0.0,66.67,0.142,0.02,0.32,11.11,0,0.0,C
3808.0,秋　田　　健太郎,4,10,20.0,10.0,0.0,30.0,0.119,0.05,0.21,40.0,0,0.0,B
3533.0,佐　川　　正　道,4,6,0.0,33.33,33.33,66.67,0.135,0.11,0.17,16.67,0,0.0,C
4091.0,荒　田　　泰　明,5,3,0.0,33.33,0.0,33.33,0.2,0.19,0.21,0.0,0,0.0,参考
3860.0,松　本　　浩　貴,2,5,0.0,20.0,0.0,20.0,0.2,0.15,0.31,20.0,0,0.0,C
4201.0,佐　竹　　友　樹,5,12,25.0,0.0,41.67,66.67,0.132,0.04,0.32,41.67,0,0.0,B
3583.0,齋　藤　　智　裕,6,8,0.0,0.0,25.0,25.0,0.155,0.09,0.25,0.0,0,0.0,C
4159.0,向　後　　龍　一,3,8,0.0,37.5,12.5,50.0,0.125,0.05,0.19,12.5,0,0.0,C
3681.0,山　谷　　　　央,4,21,14.29,19.05,19.05,52.38,0.135,0.03,0.26,52.38,0,0.0,A
3659.0,藤　生　　雄　人,6,14,7.14,0.0,21.43,28.57,0.19,0.03,0.37,7.14,0,0.0,B
4646.0,赤　羽　　大　樹,6,3,0.0,0.0,0.0,0.0,0.26,0.16,0.36,0.0,0,0.0,参考
4560.0,庄　司　　樹良々,5,12,0.0,25.0,16.67,41.67,0.152,0.03,0.36,33.33,0,0.0,B
3533.0,佐　川　　正　道,6,3,0.0,0.0,0.0,0.0,0.073,0.04,0.12,33.33,0,0.0,参考
3750.0,笠　井　　広　幸,5,4,0.0,25.0,0.0,25.0,0.177,0.02,0.24,25.0,0,0.0,参考
4863.0,三　浦　　裕　貴,6,18,0.0,0.0,11.11,11.11,0.166,0.06,0.43,16.67,0,0.0,B
3507.0,藤　井　　　　徹,5,16,6.25,18.75,18.75,43.75,0.167,0.07,0.26,6.25,0,0.0,B
4880.0,澤　崎　　雄　哉,6,21,0.0,14.29,4.76,19.05,0.124,0.05,0.34,33.33,0,0.0,A
4093.0,吉　田　　宗　弘,2,15,13.33,13.33,33.33,60.0,0.17,0.11,0.24,6.67,0,0.0,B
4466.0,南　　　　佑　典,3,8,0.0,12.5,37.5,50.0,0.146,0.11,0.18,12.5,0,0.0,C
3981.0,今　坂　　晃　広,4,9,11.11,0.0,22.22,33.33,0.15,0.07,0.23,11.11,0,0.0,C
3532.0,柴　田　　　　光,5,7,0.0,0.0,28.57,28.57,0.163,0.1,0.22,0.0,0,0.0,C
4441.0,末　永　　由　楽,6,6,0.0,50.0,0.0,50.0,0.155,0.05,0.25,16.67,0,0.0,C
3769.0,佐　竹　　恒　彦,2,6,0.0,50.0,33.33,83.33,0.145,0.06,0.28,16.67,0,0.0,C
4210.0,松　村　　康　太,3,7,0.0,14.29,57.14,71.43,0.237,0.15,0.29,0.0,0,0.0,C
3010.0,大　嶋　　一　也,4,3,66.67,0.0,0.0,66.67,0.113,0.06,0.16,33.33,0,0.0,参考
3834.0,細　川　　明　人,5,4,50.0,0.0,0.0,50.0,0.16,0.01,0.27,25.0,0,0.0,参考
4124.0,池　田　　雄　一,6,6,0.0,16.67,33.33,50.0,0.162,0.04,0.29,0.0,0,0.0,C
4743.0,木　村　　仁　紀,2,5,20.0,0.0,60.0,80.0,0.114,0.08,0.15,0.0,0,0.0,C
4199.0,北　川　　潤　二,4,13,0.0,23.08,46.15,69.23,0.135,0.06,0.22,15.38,0,0.0,B
4082.0,濱　崎　　　　誠,5,4,25.0,0.0,50.0,75.0,0.15,0.11,0.21,0.0,0,0.0,参考
4875.0,大　塚　　康　雅,6,22,0.0,9.09,18.18,27.27,0.198,0.07,0.34,13.64,0,0.0,A
3319.0,山　崎　　義　明,2,12,16.67,41.67,16.67,75.0,0.129,0.02,0.19,33.33,0,0.0,B
4717.0,永　田　　純　也,3,3,0.0,0.0,0.0,0.0,0.207,0.14,0.27,0.0,0,0.0,参考
3577.0,向　所　　浩　二,6,5,0.0,0.0,20.0,20.0,0.152,0.06,0.27,40.0,0,0.0,C
4093.0,吉　田　　宗　弘,1,21,23.81,23.81,28.57,76.19,0.145,0.06,0.26,19.05,0,0.0,A
3823.0,本　部　　真　吾,2,4,0.0,25.0,25.0,50.0,0.155,0.12,0.19,0.0,0,0.0,参考
4356.0,長　岡　　良　也,3,9,33.33,11.11,22.22,66.67,0.163,0.07,0.22,33.33,0,0.0,C
4253.0,西　川　　真　人,5,4,0.0,0.0,0.0,0.0,0.165,0.09,0.27,0.0,0,0.0,参考
3874.0,山　本　　寛　久,6,7,14.29,0.0,28.57,42.86,0.15,0.08,0.21,0.0,0,0.0,C
4241.0,大　串　　重　幸,1,3,0.0,66.67,0.0,66.67,0.093,0.07,0.12,33.33,0,0.0,参考
3569.0,増　田　　　　進,2,22,4.55,13.64,18.18,36.36,0.156,0.06,0.27,4.55,0,0.0,A
4124.0,池　田　　雄　一,3,7,0.0,28.57,14.29,42.86,0.157,0.09,0.26,14.29,0,0.0,C
3783.0,瓜　生　　正　義,4,5,40.0,20.0,0.0,60.0,0.158,0.12,0.19,20.0,0,0.0,C
4466.0,南　　　　佑　典,5,4,0.0,25.0,50.0,75.0,0.152,0.1,0.19,25.0,0,0.0,参考
3507.0,藤　井　　　　徹,6,8,0.0,12.5,0.0,12.5,0.168,0.07,0.27,0.0,0,0.0,C
3769.0,佐　竹　　恒　彦,1,3,33.33,0.0,33.33,66.67,0.15,0.05,0.23,33.33,0,0.0,参考
4436.0,渋　谷　　明　憲,2,6,33.33,50.0,0.0,83.33,0.133,0.08,0.17,16.67,0,0.0,C
4163.0,山　崎　　裕　司,3,5,20.0,20.0,20.0,60.0,0.134,0.11,0.16,0.0,0,0.0,C
3981.0,今　坂　　晃　広,6,10,0.0,0.0,20.0,20.0,0.16,0.07,0.34,20.0,0,0.0,B
4144.0,石　塚　　久　也,2,8,25.0,25.0,25.0,75.0,0.18,0.07,0.29,0.0,0,0.0,C
3848.0,川　上　　聡　介,3,3,0.0,0.0,33.33,33.33,0.207,0.09,0.3,33.33,0,0.0,参考
4210.0,松　村　　康　太,4,8,0.0,12.5,25.0,37.5,0.203,0.06,0.33,0.0,0,0.0,C
4441.0,末　永　　由　楽,5,6,0.0,16.67,50.0,66.67,0.143,0.09,0.18,33.33,0,0.0,C
3920.0,正　木　　聖　賢,1,9,33.33,44.44,11.11,88.89,0.156,0.05,0.24,11.11,0,0.0,C
3319.0,山　崎　　義　明,3,12,16.67,25.0,8.33,50.0,0.126,0.05,0.23,25.0,0,0.0,B
4685.0,島　村　　隆　幸,4,3,33.33,0.0,0.0,33.33,0.143,0.1,0.17,33.33,0,0.0,参考
4199.0,北　川　　潤　二,5,11,9.09,18.18,9.09,36.36,0.145,0.02,0.34,45.45,0,0.0,B
4356.0,長　岡　　良　也,6,4,0.0,25.0,25.0,50.0,0.215,0.12,0.35,0.0,0,0.0,参考
3783.0,瓜　生　　正　義,1,6,83.33,0.0,0.0,83.33,0.122,0.03,0.21,33.33,0,0.0,C
3010.0,大　嶋　　一　也,2,4,0.0,25.0,25.0,50.0,0.168,0.13,0.19,0.0,0,0.0,参考
3577.0,向　所　　浩　二,3,7,0.0,14.29,14.29,28.57,0.119,0.05,0.22,42.86,0,0.0,C
3874.0,山　本　　寛　久,5,5,0.0,40.0,0.0,40.0,0.184,0.14,0.26,0.0,0,0.0,C
3532.0,柴　田　　　　光,6,7,28.57,28.57,0.0,57.14,0.146,0.08,0.22,0.0,0,0.0,C
4093.0,吉　田　　宗　弘,4,15,0.0,33.33,6.67,40.0,0.233,0.11,0.36,0.0,0,0.0,B
3569.0,増　田　　　　進,5,17,11.76,0.0,41.18,52.94,0.164,0.05,0.25,0.0,0,0.0,B
3834.0,細　川　　明　人,1,4,50.0,0.0,25.0,75.0,0.198,0.12,0.34,25.0,0,0.0,参考
4743.0,木　村　　仁　紀,3,3,33.33,33.33,0.0,66.67,0.18,0.14,0.23,0.0,0,0.0,参考
4436.0,渋　谷　　明　憲,1,4,50.0,0.0,25.0,75.0,0.13,0.07,0.19,50.0,0,0.0,参考
4210.0,松　村　　康　太,2,8,37.5,0.0,25.0,62.5,0.171,0.04,0.25,0.0,0,0.0,C
3759.0,前　田　　義　哲,3,3,33.33,0.0,0.0,33.33,0.117,0.07,0.2,33.33,0,0.0,参考
3920.0,正　木　　聖　賢,4,9,0.0,11.11,55.56,66.67,0.138,0.04,0.23,22.22,0,0.0,C
3010.0,大　嶋　　一　也,5,4,25.0,25.0,0.0,50.0,0.118,0.01,0.17,75.0,0,0.0,参考
4163.0,山　崎　　裕　司,1,4,50.0,25.0,0.0,75.0,0.142,0.06,0.24,25.0,0,0.0,参考
4441.0,末　永　　由　楽,2,6,33.33,0.0,0.0,33.33,0.143,0.08,0.19,33.33,0,0.0,C
3783.0,瓜　生　　正　義,3,4,25.0,25.0,0.0,50.0,0.135,0.07,0.22,50.0,0,0.0,参考
3319.0,山　崎　　義　明,4,11,9.09,0.0,36.36,45.45,0.119,0.03,0.22,36.36,0,0.0,B
3848.0,川　上　　聡　介,5,4,0.0,0.0,0.0,0.0,0.13,0.11,0.16,25.0,0,0.0,参考
4199.0,北　川　　潤　二,6,9,0.0,11.11,11.11,22.22,0.194,0.13,0.27,0.0,0,0.0,C
3577.0,向　所　　浩　二,1,6,50.0,50.0,0.0,100.0,0.128,0.06,0.21,33.33,0,0.0,C
4082.0,濱　崎　　　　誠,2,4,25.0,25.0,25.0,75.0,0.095,0.04,0.13,0.0,0,0.0,参考
3750.0,笠　井　　広　幸,4,3,0.0,0.0,0.0,0.0,0.243,0.18,0.3,0.0,0,0.0,参考
4880.0,澤　崎　　雄　哉,5,10,0.0,10.0,0.0,10.0,0.153,0.07,0.32,20.0,0,0.0,B
4743.0,木　村　　仁　紀,1,3,66.67,0.0,0.0,66.67,0.083,0.04,0.15,100.0,0,0.0,参考
3769.0,佐　竹　　恒　彦,3,4,25.0,0.0,0.0,25.0,0.122,0.09,0.16,0.0,0,0.0,参考
3874.0,山　本　　寛　久,4,6,0.0,50.0,16.67,66.67,0.198,0.13,0.29,0.0,0,0.0,C
4241.0,大　串　　重　幸,5,3,0.0,0.0,0.0,0.0,0.133,0.12,0.14,33.33,0,0.0,参考
3569.0,増　田　　　　進,6,10,0.0,0.0,30.0,30.0,0.217,0.12,0.29,0.0,0,0.0,B
3507.0,藤　井　　　　徹,1,12,25.0,33.33,16.67,75.0,0.177,0.06,0.28,16.67,0,0.0,B
3823.0,本　部　　真　吾,3,4,0.0,0.0,25.0,25.0,0.21,0.18,0.26,0.0,0,0.0,参考
4253.0,西　川　　真　人,4,4,0.0,25.0,0.0,25.0,0.193,0.18,0.21,0.0,0,0.0,参考
3759.0,前　田　　義　哲,5,4,0.0,25.0,0.0,25.0,0.225,0.18,0.26,0.0,0,0.0,参考
4356.0,長　岡　　良　也,1,5,60.0,20.0,20.0,100.0,0.194,0.15,0.24,20.0,0,0.0,C
4717.0,永　田　　純　也,2,3,0.0,0.0,0.0,0.0,0.24,0.16,0.33,0.0,0,0.0,参考
3532.0,柴　田　　　　光,3,11,27.27,36.36,18.18,81.82,0.141,0.06,0.25,18.18,0,0.0,B
4144.0,石　塚　　久　也,4,6,16.67,33.33,33.33,83.33,0.142,0.11,0.18,0.0,0,0.0,C
4167.0,片　岡　　秀　樹,5,4,0.0,25.0,0.0,25.0,0.168,0.12,0.23,0.0,0,0.0,参考
3848.0,川　上　　聡　介,6,5,0.0,0.0,20.0,20.0,0.152,0.06,0.26,40.0,0,0.0,C
4466.0,南　　　　佑　典,1,6,66.67,16.67,0.0,83.33,0.13,0.05,0.19,33.33,0,0.0,C
3577.0,向　所　　浩　二,2,9,11.11,44.44,22.22,77.78,0.16,0.06,0.22,33.33,0,0.0,C
4436.0,渋　谷　　明　憲,3,7,28.57,28.57,0.0,57.14,0.156,0.07,0.23,0.0,0,0.0,C
4124.0,池　田　　雄　一,5,5,20.0,0.0,20.0,40.0,0.144,0.09,0.24,20.0,0,0.0,C
3477.0,近　藤　　稔　也,6,5,0.0,20.0,40.0,60.0,0.162,0.1,0.26,0.0,0,0.0,C
4210.0,松　村　　康　太,1,5,20.0,20.0,0.0,40.0,0.198,0.15,0.27,20.0,0,0.0,C
4163.0,山　崎　　裕　司,2,7,0.0,42.86,14.29,57.14,0.174,0.05,0.24,0.0,0,0.0,C
3874.0,山　本　　寛　久,3,5,20.0,0.0,60.0,80.0,0.13,0.07,0.22,40.0,0,0.0,C
4685.0,島　村　　隆　幸,5,5,20.0,40.0,0.0,60.0,0.206,0.09,0.31,0.0,0,0.0,C
3750.0,笠　井　　広　幸,6,3,0.0,0.0,0.0,0.0,0.317,0.28,0.39,0.0,0,0.0,参考
3319.0,山　崎　　義　明,1,10,60.0,20.0,10.0,90.0,0.117,0.05,0.23,40.0,0,0.0,B
4253.0,西　川　　真　人,2,4,0.0,0.0,25.0,25.0,0.175,0.12,0.24,0.0,0,0.0,参考
4241.0,大　串　　重　幸,3,3,0.0,33.33,33.33,66.67,0.14,0.07,0.21,33.33,0,0.0,参考
4167.0,片　岡　　秀　樹,4,4,0.0,25.0,25.0,50.0,0.18,0.13,0.25,0.0,0,0.0,参考
3981.0,今　坂　　晃　広,5,6,0.0,33.33,0.0,33.33,0.157,0.12,0.23,16.67,0,0.0,C
4144.0,石　塚　　久　也,1,4,75.0,0.0,25.0,100.0,0.185,0.14,0.23,25.0,0,0.0,参考
3783.0,瓜　生　　正　義,2,4,50.0,50.0,0.0,100.0,0.128,0.07,0.16,50.0,0,0.0,参考
3920.0,正　木　　聖　賢,3,10,20.0,10.0,30.0,60.0,0.172,0.08,0.36,10.0,0,0.0,B
3477.0,近　藤　　稔　也,4,4,0.0,0.0,25.0,25.0,0.258,0.18,0.39,0.0,0,0.0,参考
3769.0,佐　竹　　恒　彦,5,6,0.0,0.0,16.67,16.67,0.18,0.11,0.26,0.0,0,0.0,C
3823.0,本　部　　真　吾,6,3,0.0,0.0,33.33,33.33,0.217,0.16,0.26,33.33,0,0.0,参考
3569.0,増　田　　　　進,1,19,47.37,15.79,15.79,78.95,0.181,0.08,0.31,10.53,0,0.0,B
3750.0,笠　井　　広　幸,2,4,0.0,50.0,0.0,50.0,0.188,0.15,0.25,25.0,0,0.0,参考
3577.0,向　所　　浩　二,4,9,33.33,11.11,22.22,66.67,0.127,0.03,0.24,44.44,0,0.0,C
4875.0,大　塚　　康　雅,5,17,0.0,17.65,11.76,29.41,0.172,0.12,0.26,0.0,0,0.0,B
4082.0,濱　崎　　　　誠,1,3,66.67,0.0,0.0,66.67,0.17,0.16,0.18,0.0,0,0.0,参考
3759.0,前　田　　義　哲,2,4,50.0,25.0,25.0,100.0,0.268,0.13,0.39,0.0,0,0.0,参考
3010.0,大　嶋　　一　也,3,3,33.33,0.0,0.0,33.33,0.1,0.02,0.15,33.33,0,0.0,参考
4863.0,三　浦　　裕　貴,5,11,0.0,27.27,9.09,36.36,0.173,0.06,0.52,18.18,0,0.0,B
3477.0,近　藤　　稔　也,1,6,33.33,16.67,16.67,66.67,0.2,0.07,0.27,16.67,0,0.0,C
4124.0,池　田　　雄　一,2,7,71.43,28.57,0.0,100.0,0.1,0.03,0.22,0.0,0,0.0,C
4253.0,西　川　　真　人,3,5,0.0,0.0,0.0,0.0,0.172,0.03,0.26,0.0,0,0.0,C
4163.0,山　崎　　裕　司,4,7,0.0,0.0,42.86,42.86,0.184,0.08,0.26,0.0,0,0.0,C
3823.0,本　部　　真　吾,1,3,66.67,33.33,0.0,100.0,0.11,0.07,0.13,100.0,0,0.0,参考
4466.0,南　　　　佑　典,2,4,0.0,50.0,0.0,50.0,0.125,0.01,0.19,25.0,0,0.0,参考
3834.0,細　川　　明　人,3,3,0.0,0.0,33.33,33.33,0.25,0.19,0.3,0.0,0,0.0,参考
4441.0,末　永　　由　楽,4,8,12.5,12.5,12.5,37.5,0.139,0.04,0.19,25.0,0,0.0,C
3783.0,瓜　生　　正　義,6,4,0.0,50.0,0.0,50.0,0.172,0.14,0.22,25.0,0,0.0,参考
3532.0,柴　田　　　　光,1,8,50.0,12.5,12.5,75.0,0.169,0.12,0.21,12.5,0,0.0,C
4199.0,北　川　　潤　二,2,12,8.33,25.0,16.67,50.0,0.158,0.07,0.29,8.33,0,0.0,B
4093.0,吉　田　　宗　弘,3,18,11.11,22.22,0.0,33.33,0.207,0.13,0.29,16.67,0,0.0,B
3507.0,藤　井　　　　徹,4,10,0.0,50.0,20.0,70.0,0.127,0.06,0.23,10.0,0,0.0,B
4743.0,木　村　　仁　紀,5,5,20.0,0.0,40.0,60.0,0.162,0.09,0.23,20.0,0,0.0,C
3874.0,山　本　　寛　久,2,7,14.29,57.14,0.0,71.43,0.129,0.06,0.18,14.29,0,0.0,C
4144.0,石　塚　　久　也,3,7,28.57,28.57,14.29,71.43,0.136,0.06,0.22,42.86,0,0.0,C
4436.0,渋　谷　　明　憲,4,6,16.67,16.67,0.0,33.33,0.16,0.09,0.24,16.67,0,0.0,C
3319.0,山　崎　　義　明,5,7,0.0,0.0,28.57,28.57,0.153,0.07,0.22,0.0,0,0.0,C
3759.0,前　田　　義　哲,1,3,33.33,33.33,0.0,66.67,0.17,0.14,0.2,0.0,0,0.0,参考
4356.0,長　岡　　良　也,2,7,28.57,42.86,0.0,71.43,0.15,0.09,0.21,14.29,0,0.0,C
3569.0,増　田　　　　進,3,15,0.0,13.33,26.67,40.0,0.187,0.11,0.27,6.67,0,0.0,B
3920.0,正　木　　聖　賢,5,6,0.0,16.67,16.67,33.33,0.173,0.12,0.21,0.0,0,0.0,C
4124.0,池　田　　雄　一,1,6,83.33,16.67,0.0,100.0,0.138,0.01,0.18,50.0,0,0.0,C
3848.0,川　上　　聡　介,2,3,0.0,0.0,0.0,0.0,0.143,0.11,0.17,33.33,0,0.0,参考
3577.0,向　所　　浩　二,5,7,14.29,14.29,14.29,42.86,0.104,0.03,0.2,57.14,0,0.0,C
4253.0,西　川　　真　人,1,4,25.0,25.0,25.0,75.0,0.145,0.12,0.17,0.0,0,0.0,参考
3532.0,柴　田　　　　光,2,10,30.0,30.0,10.0,70.0,0.117,0.02,0.18,30.0,0,0.0,B
3981.0,今　坂　　晃　広,3,11,9.09,27.27,18.18,54.55,0.159,0.07,0.28,9.09,0,0.0,B
4466.0,南　　　　佑　典,4,6,0.0,0.0,33.33,33.33,0.185,0.11,0.26,16.67,0,0.0,C
3874.0,山　本　　寛　久,1,7,42.86,28.57,14.29,85.71,0.124,0.03,0.19,57.14,0,0.0,C
4241.0,大　串　　重　幸,2,3,0.0,33.33,0.0,33.33,0.227,0.21,0.26,0.0,0,0.0,参考
3477.0,近　藤　　稔　也,3,6,0.0,16.67,33.33,50.0,0.177,0.12,0.2,16.67,0,0.0,C
3823.0,本　部　　真　吾,4,3,0.0,33.33,33.33,66.67,0.14,0.08,0.22,33.33,0,0.0,参考
4093.0,吉　田　　宗　弘,5,17,0.0,5.88,17.65,23.53,0.202,0.09,0.3,5.88,0,0.0,B
4210.0,松　村　　康　太,6,9,0.0,0.0,22.22,22.22,0.199,0.11,0.27,0.0,0,0.0,C
3010.0,大　嶋　　一　也,1,3,33.33,0.0,66.67,100.0,0.1,0.06,0.17,66.67,0,0.0,参考
4685.0,島　村　　隆　幸,3,4,0.0,0.0,0.0,0.0,0.158,0.11,0.21,0.0,0,0.0,参考
4743.0,木　村　　仁　紀,4,5,0.0,40.0,20.0,60.0,0.146,0.13,0.16,40.0,0,0.0,C
4144.0,石　塚　　久　也,5,7,0.0,0.0,14.29,14.29,0.154,0.06,0.22,14.29,0,0.0,C
3920.0,正　木　　聖　賢,6,7,14.29,28.57,28.57,71.43,0.139,0.09,0.2,0.0,0,0.0,C
3981.0,今　坂　　晃　広,1,8,50.0,0.0,25.0,75.0,0.169,0.12,0.23,12.5,0,0.0,C
3507.0,藤　井　　　　徹,2,15,13.33,13.33,20.0,46.67,0.172,0.09,0.23,0.0,0,0.0,B
2585.0,原　　　　由樹夫,3,3,0.0,33.33,0.0,33.33,0.257,0.23,0.29,0.0,0,0.0,参考
4356.0,長　岡　　良　也,4,8,0.0,25.0,50.0,75.0,0.171,0.09,0.25,0.0,0,0.0,C
3783.0,瓜　生　　正　義,5,4,25.0,0.0,25.0,50.0,0.133,0.09,0.2,0.0,0,0.0,参考
4163.0,山　崎　　裕　司,6,3,0.0,0.0,33.33,33.33,0.177,0.14,0.22,0.0,0,0.0,参考
3848.0,川　上　　聡　介,1,4,25.0,25.0,25.0,75.0,0.113,0.08,0.15,75.0,0,0.0,参考
3532.0,柴　田　　　　光,4,8,25.0,50.0,12.5,87.5,0.133,0.06,0.18,0.0,0,0.0,C
4441.0,末　永　　由　楽,3,6,0.0,50.0,16.67,66.67,0.145,0.04,0.32,0.0,0,0.0,C
4717.0,永　田　　純　也,5,4,0.0,0.0,50.0,50.0,0.21,0.12,0.31,0.0,0,0.0,参考
3920.0,正　木　　聖　賢,2,8,0.0,25.0,25.0,50.0,0.145,0.04,0.31,25.0,0,0.0,C
4163.0,山　崎　　裕　司,5,5,0.0,0.0,20.0,20.0,0.112,0.06,0.14,20.0,0,0.0,C
4743.0,木　村　　仁　紀,6,4,0.0,0.0,25.0,25.0,0.147,0.12,0.18,25.0,0,0.0,参考
4685.0,島　村　　隆　幸,2,5,20.0,40.0,0.0,60.0,0.122,0.06,0.16,20.0,0,0.0,C
4241.0,大　串　　重　幸,6,4,0.0,50.0,25.0,75.0,0.185,0.13,0.24,0.0,0,0.0,参考
4199.0,北　川　　潤　二,1,12,58.33,8.33,8.33,75.0,0.107,0.02,0.19,50.0,0,0.0,B
3769.0,佐　竹　　恒　彦,6,4,0.0,0.0,50.0,50.0,0.182,0.17,0.2,0.0,0,0.0,参考
3981.0,今　坂　　晃　広,2,7,14.29,28.57,14.29,57.14,0.181,0.11,0.3,14.29,0,0.0,C
4717.0,永　田　　純　也,4,4,0.0,0.0,25.0,25.0,0.225,0.18,0.26,0.0,0,0.0,参考
4210.0,松　村　　康　太,5,9,0.0,0.0,44.44,44.44,0.199,0.08,0.33,0.0,0,0.0,C
4093.0,吉　田　　宗　弘,6,8,0.0,0.0,12.5,12.5,0.206,0.16,0.25,12.5,0,0.0,C
4082.0,濱　崎　　　　誠,4,3,0.0,66.67,0.0,66.67,0.167,0.14,0.19,0.0,0,0.0,参考
3823.0,本　部　　真　吾,5,3,33.33,33.33,0.0,66.67,0.13,0.11,0.14,33.33,0,0.0,参考
4466.0,南　　　　佑　典,6,6,16.67,16.67,0.0,33.33,0.168,0.12,0.21,0.0,0,0.0,C
4441.0,末　永　　由　楽,1,8,37.5,25.0,0.0,62.5,0.139,0.06,0.26,25.0,0,0.0,C
4167.0,片　岡　　秀　樹,2,4,0.0,0.0,25.0,25.0,0.175,0.09,0.24,25.0,0,0.0,参考
3477.0,近　藤　　稔　也,2,4,0.0,0.0,0.0,0.0,0.2,0.14,0.28,0.0,0,0.0,参考
4356.0,長　岡　　良　也,5,6,0.0,33.33,16.67,50.0,0.14,0.07,0.21,0.0,0,0.0,C
4124.0,池　田　　雄　一,4,8,25.0,25.0,25.0,75.0,0.173,0.12,0.27,12.5,0,0.0,C
3319.0,山　崎　　義　明,6,9,0.0,11.11,22.22,33.33,0.149,0.09,0.33,33.33,0,0.0,C
4144.0,石　塚　　久　也,6,7,0.0,14.29,57.14,71.43,0.211,0.13,0.29,14.29,0,0.0,C
3569.0,増　田　　　　進,4,15,0.0,6.67,6.67,13.33,0.171,0.1,0.25,13.33,0,0.0,B
3759.0,前　田　　義　哲,6,3,0.0,0.0,66.67,66.67,0.263,0.23,0.29,33.33,0,0.0,参考
3507.0,藤　井　　　　徹,3,13,0.0,15.38,15.38,30.77,0.167,0.09,0.26,0.0,0,0.0,B
4253.0,西　川　　真　人,6,3,0.0,0.0,0.0,0.0,0.173,0.11,0.23,33.33,0,0.0,参考
3834.0,細　川　　明　人,6,3,0.0,33.33,0.0,33.33,0.213,0.18,0.28,0.0,0,0.0,参考
4082.0,濱　崎　　　　誠,3,3,33.33,0.0,0.0,33.33,0.057,0.04,0.08,66.67,0,0.0,参考
4199.0,北　川　　潤　二,3,13,23.08,15.38,23.08,61.54,0.136,0.06,0.2,30.77,0,0.0,B
4653.0,小　野　　達　哉,3,6,16.67,16.67,0.0,33.33,0.107,0.02,0.14,50.0,0,0.0,C
4806.0,佐　藤　　享　子,5,3,0.0,0.0,0.0,0.0,0.177,0.09,0.26,0.0,0,0.0,参考
4841.0,高　橋　　悠　花,6,4,0.0,0.0,0.0,0.0,0.165,0.05,0.42,75.0,0,0.0,参考
3391.0,鈴　木　　茂　正,1,5,80.0,20.0,0.0,100.0,0.136,0.07,0.19,60.0,0,0.0,C
3575.0,田野邊　　秀　樹,4,3,33.33,0.0,0.0,33.33,0.1,0.08,0.11,100.0,0,0.0,参考
3340.0,池　田　　雷　太,1,25,16.0,28.0,16.0,60.0,0.171,0.01,0.36,12.0,0,0.0,A
4643.0,近　江　　翔　吾,2,7,28.57,42.86,0.0,71.43,0.153,0.09,0.26,14.29,0,0.0,C
4021.0,吉　田　　健太郎,3,3,33.33,0.0,0.0,33.33,0.073,0.02,0.12,0.0,0,0.0,参考
4305.0,金　子　　拓　矢,6,14,7.14,7.14,21.43,35.71,0.154,0.01,0.27,21.43,0,0.0,B
4614.0,石　倉　　洋　行,2,7,14.29,0.0,28.57,42.86,0.144,0.09,0.21,14.29,0,0.0,C
4771.0,下　寺　　秀　和,4,6,16.67,16.67,50.0,83.33,0.125,0.05,0.19,16.67,0,0.0,C
4593.0,小　坂　　宗　司,1,4,75.0,0.0,25.0,100.0,0.125,0.08,0.21,75.0,0,0.0,参考
4573.0,佐　藤　　　　翼,6,10,30.0,10.0,30.0,70.0,0.132,0.04,0.25,20.0,0,0.0,B
4224.0,大　橋　　栄里佳,2,4,0.0,0.0,25.0,25.0,0.203,0.04,0.31,0.0,0,0.0,参考
3075.0,中　村　　裕　将,5,5,0.0,0.0,0.0,0.0,0.098,0.06,0.15,60.0,0,0.0,C
4625.0,渡　邊　　裕　貴,4,5,20.0,0.0,0.0,20.0,0.224,0.11,0.46,0.0,0,0.0,C
4653.0,小　野　　達　哉,5,7,14.29,57.14,14.29,85.71,0.121,0.09,0.19,28.57,0,0.0,C
3722.0,西　村　　秀　樹,2,3,0.0,66.67,33.33,100.0,0.16,0.13,0.19,33.33,0,0.0,参考
4643.0,近　江　　翔　吾,3,8,25.0,25.0,25.0,75.0,0.115,0.07,0.16,25.0,0,0.0,C
4614.0,石　倉　　洋　行,1,6,66.67,0.0,0.0,66.67,0.107,0.04,0.14,66.67,0,0.0,C
3340.0,池　田　　雷　太,2,23,13.04,21.74,13.04,47.83,0.147,0.03,0.33,13.04,0,0.0,A
4305.0,金　子　　拓　矢,4,10,30.0,20.0,30.0,80.0,0.157,0.11,0.23,20.0,0,0.0,B
4573.0,佐　藤　　　　翼,5,9,11.11,44.44,22.22,77.78,0.148,0.09,0.2,0.0,0,0.0,C
3391.0,鈴　木　　茂　正,4,5,60.0,0.0,0.0,60.0,0.164,0.09,0.26,40.0,0,0.0,C
4492.0,本　多　　宏　和,6,3,0.0,0.0,33.33,33.33,0.12,0.03,0.18,33.33,0,0.0,参考
4224.0,大　橋　　栄里佳,1,4,0.0,25.0,0.0,25.0,0.158,0.04,0.29,25.0,0,0.0,参考
3722.0,西　村　　秀　樹,3,3,0.0,0.0,66.67,66.67,0.177,0.12,0.23,0.0,0,0.0,参考
3575.0,田野邊　　秀　樹,1,4,0.0,0.0,25.0,25.0,0.223,0.19,0.26,0.0,0,0.0,参考
4625.0,渡　邊　　裕　貴,6,3,0.0,0.0,0.0,0.0,0.223,0.16,0.31,33.33,0,0.0,参考
4653.0,小　野　　達　哉,2,8,25.0,25.0,12.5,62.5,0.138,0.09,0.19,12.5,0,0.0,C
4492.0,本　多　　宏　和,3,3,33.33,33.33,33.33,100.0,0.157,0.09,0.21,33.33,0,0.0,参考
4593.0,小　坂　　宗　司,5,4,0.0,50.0,0.0,50.0,0.133,0.06,0.19,25.0,0,0.0,参考
4771.0,下　寺　　秀　和,6,5,0.0,0.0,40.0,40.0,0.118,0.07,0.2,40.0,0,0.0,C
4643.0,近　江　　翔　吾,1,6,83.33,0.0,16.67,100.0,0.083,0.05,0.13,66.67,0,0.0,C
4305.0,金　子　　拓　矢,2,14,42.86,28.57,7.14,78.57,0.135,0.01,0.26,35.71,0,0.0,B
4573.0,佐　藤　　　　翼,2,9,11.11,44.44,22.22,77.78,0.112,0.07,0.17,33.33,0,0.0,C
3340.0,池　田　　雷　太,3,24,8.33,12.5,4.17,25.0,0.175,0.03,0.43,20.83,0,0.0,A
3391.0,鈴　木　　茂　正,2,3,0.0,33.33,0.0,33.33,0.187,0.16,0.21,33.33,0,0.0,参考
3075.0,中　村　　裕　将,4,6,0.0,33.33,33.33,66.67,0.107,0.07,0.17,50.0,0,0.0,C
4771.0,下　寺　　秀　和,5,8,0.0,12.5,37.5,50.0,0.159,0.08,0.25,25.0,0,0.0,C
4224.0,大　橋　　栄里佳,3,3,0.0,33.33,0.0,33.33,0.13,0.04,0.2,0.0,0,0.0,参考
4614.0,石　倉　　洋　行,4,4,75.0,0.0,0.0,75.0,0.113,0.06,0.19,50.0,0,0.0,参考
4021.0,吉　田　　健太郎,2,4,25.0,25.0,25.0,75.0,0.128,0.05,0.3,25.0,0,0.0,参考
4625.0,渡　邊　　裕　貴,3,4,0.0,0.0,0.0,0.0,0.263,0.21,0.32,0.0,0,0.0,参考
3340.0,池　田　　雷　太,5,22,9.09,4.55,13.64,27.27,0.192,0.11,0.41,18.18,0,0.0,A
4593.0,小　坂　　宗　司,6,4,0.0,25.0,25.0,50.0,0.198,0.05,0.3,25.0,0,0.0,参考
4653.0,小　野　　達　哉,1,8,62.5,25.0,0.0,87.5,0.142,0.06,0.22,25.0,0,0.0,C
3391.0,鈴　木　　茂　正,3,5,0.0,20.0,80.0,100.0,0.114,0.05,0.15,40.0,0,0.0,C
4573.0,佐　藤　　　　翼,4,8,37.5,37.5,0.0,75.0,0.149,0.05,0.21,25.0,0,0.0,C
4492.0,本　多　　宏　和,1,3,33.33,33.33,0.0,66.67,0.097,0.06,0.12,66.67,0,0.0,参考
3075.0,中　村　　裕　将,2,5,20.0,20.0,20.0,60.0,0.144,0.1,0.19,0.0,0,0.0,C
4625.0,渡　邊　　裕　貴,2,5,20.0,0.0,0.0,20.0,0.212,0.13,0.33,0.0,0,0.0,C
4614.0,石　倉　　洋　行,3,5,20.0,20.0,40.0,80.0,0.136,0.05,0.22,20.0,0,0.0,C
3575.0,田野邊　　秀　樹,2,3,33.33,0.0,0.0,33.33,0.18,0.09,0.28,0.0,0,0.0,参考
3391.0,鈴　木　　茂　正,6,4,0.0,25.0,50.0,75.0,0.16,0.09,0.22,25.0,0,0.0,参考
4593.0,小　坂　　宗　司,2,6,83.33,0.0,0.0,83.33,0.113,0.02,0.23,50.0,0,0.0,C
4643.0,近　江　　翔　吾,5,7,0.0,14.29,0.0,14.29,0.13,0.07,0.29,14.29,0,0.0,C
4492.0,本　多　　宏　和,2,4,50.0,0.0,50.0,100.0,0.125,0.08,0.17,50.0,0,0.0,参考
4305.0,金　子　　拓　矢,5,12,0.0,25.0,25.0,50.0,0.146,0.07,0.27,16.67,0,0.0,B
4653.0,小　野　　達　哉,6,7,14.29,0.0,14.29,28.57,0.154,0.12,0.22,14.29,0,0.0,C
3391.0,鈴　木　　茂　正,5,3,0.0,33.33,66.67,100.0,0.11,0.07,0.18,33.33,0,0.0,参考
3575.0,田野邊　　秀　樹,3,3,0.0,0.0,66.67,66.67,0.177,0.13,0.23,0.0,0,0.0,参考
4625.0,渡　邊　　裕　貴,1,3,66.67,0.0,33.33,100.0,0.18,0.1,0.22,0.0,0,0.0,参考
3075.0,中　村　　裕　将,3,8,37.5,25.0,0.0,62.5,0.104,0.01,0.26,50.0,0,0.0,C
3340.0,池　田　　雷　太,4,23,4.35,8.7,30.43,43.48,0.157,0.09,0.27,0.0,0,0.0,A
4573.0,佐　藤　　　　翼,1,13,69.23,23.08,0.0,92.31,0.129,0.03,0.25,30.77,0,0.0,B
4593.0,小　坂　　宗　司,3,3,66.67,0.0,33.33,100.0,0.12,0.1,0.13,33.33,0,0.0,参考
4614.0,石　倉　　洋　行,6,6,0.0,0.0,16.67,16.67,0.145,0.1,0.18,0.0,0,0.0,C
4643.0,近　江　　翔　吾,6,7,0.0,14.29,28.57,42.86,0.234,0.14,0.33,0.0,0,0.0,C
3075.0,中　村　　裕　将,1,4,0.0,0.0,0.0,0.0,0.18,0.08,0.25,25.0,0,0.0,参考
4021.0,吉　田　　健太郎,5,4,25.0,25.0,0.0,50.0,0.092,0.04,0.16,25.0,0,0.0,参考
3722.0,西　村　　秀　樹,5,3,0.0,0.0,33.33,33.33,0.153,0.08,0.23,33.33,0,0.0,参考
4305.0,金　子　　拓　矢,3,11,27.27,36.36,9.09,72.73,0.156,0.04,0.32,9.09,0,0.0,B
4614.0,石　倉　　洋　行,5,5,0.0,40.0,20.0,60.0,0.086,0.06,0.13,40.0,0,0.0,C
3340.0,池　田　　雷　太,6,21,0.0,19.05,9.52,28.57,0.173,0.07,0.28,9.52,0,0.0,A
4643.0,近　江　　翔　吾,4,6,16.67,33.33,16.67,66.67,0.15,0.06,0.28,33.33,0,0.0,C
3425.0,中　谷　　有　希,1,3,33.33,0.0,33.33,66.67,0.2,0.13,0.33,0.0,0,0.0,参考
4346.0,前　田　　健太郎,2,5,20.0,20.0,20.0,60.0,0.182,0.05,0.28,20.0,0,0.0,C
4303.0,牧　原　　　　崇,4,5,20.0,20.0,20.0,60.0,0.154,0.09,0.19,0.0,0,0.0,C
3568.0,木　村　　光　宏,1,4,25.0,50.0,0.0,75.0,0.165,0.16,0.17,0.0,0,0.0,参考
3893.0,汐　崎　　正　則,4,3,33.33,0.0,0.0,33.33,0.13,0.11,0.16,33.33,0,0.0,参考
4858.0,須　田　　大　輝,6,12,0.0,0.0,0.0,0.0,0.225,0.04,0.39,16.67,0,0.0,B
3392.0,小　森　　信　雄,1,3,66.67,0.0,0.0,66.67,0.12,0.04,0.28,33.33,0,0.0,参考
4586.0,磯　部　　　　誠,2,6,16.67,0.0,33.33,50.0,0.148,0.09,0.24,16.67,0,0.0,C
4360.0,庄　司　　孝　輔,3,6,33.33,0.0,50.0,83.33,0.197,0.12,0.27,16.67,0,0.0,C
4651.0,佐　藤　　大　騎,5,8,0.0,12.5,25.0,37.5,0.182,0.07,0.46,37.5,0,0.0,C
3574.0,大　神　　康　司,6,4,25.0,0.0,50.0,75.0,0.13,0.07,0.23,25.0,0,0.0,参考
3977.0,山　本　　兼　士,1,6,16.67,0.0,33.33,50.0,0.127,0.01,0.25,50.0,0,0.0,C
3546.0,中　里　　昌　志,2,12,16.67,16.67,8.33,41.67,0.184,0.11,0.26,0.0,0,0.0,B
4331.0,三　好　　勇　人,3,6,16.67,0.0,16.67,33.33,0.133,0.08,0.17,16.67,0,0.0,C
4506.0,稗　田　　聖　也,4,8,25.0,25.0,25.0,75.0,0.13,0.05,0.21,37.5,0,0.0,C
4650.0,中　山　　雄　太,4,12,25.0,33.33,8.33,66.67,0.135,0.06,0.24,33.33,0,0.0,B
4508.0,野　間　　大　樹,1,3,33.33,33.33,0.0,66.67,0.21,0.15,0.29,66.67,0,0.0,参考
4303.0,牧　原　　　　崇,2,5,20.0,40.0,0.0,60.0,0.214,0.17,0.26,0.0,0,0.0,C
4568.0,廣　瀬　　真　也,3,17,11.76,11.76,17.65,41.18,0.152,0.11,0.25,23.53,0,0.0,B
4346.0,前　田　　健太郎,1,6,0.0,16.67,16.67,33.33,0.147,0.08,0.22,16.67,0,0.0,C
4231.0,鈴　木　　裕　隆,2,5,20.0,0.0,40.0,60.0,0.156,0.12,0.17,0.0,0,0.0,C
4651.0,佐　藤　　大　騎,6,6,0.0,0.0,16.67,16.67,0.172,0.07,0.38,50.0,0,0.0,C
3546.0,中　里　　昌　志,1,9,44.44,11.11,22.22,77.78,0.181,0.14,0.22,33.33,0,0.0,C
4586.0,磯　部　　　　誠,3,6,16.67,33.33,0.0,50.0,0.088,0.02,0.14,66.67,0,0.0,C
3928.0,林　　　　恵　祐,4,4,0.0,25.0,25.0,50.0,0.133,0.08,0.17,25.0,0,0.0,参考
3986.0,沖　島　　広　和,4,6,16.67,16.67,33.33,66.67,0.16,0.03,0.38,16.67,0,0.0,C
3893.0,汐　崎　　正　則,5,4,0.0,25.0,25.0,50.0,0.122,0.06,0.24,50.0,0,0.0,参考
4331.0,三　好　　勇　人,6,4,25.0,25.0,0.0,50.0,0.165,0.1,0.29,25.0,0,0.0,参考
4506.0,稗　田　　聖　也,1,9,77.78,11.11,0.0,88.89,0.104,0.03,0.18,77.78,0,0.0,C
3455.0,谷　本　　幸　司,4,6,0.0,16.67,33.33,50.0,0.168,0.11,0.26,0.0,0,0.0,C
3574.0,大　神　　康　司,4,4,0.0,25.0,25.0,50.0,0.18,0.11,0.25,0.0,0,0.0,参考
4651.0,佐　藤　　大　騎,1,5,20.0,40.0,20.0,80.0,0.166,0.11,0.24,40.0,0,0.0,C
3392.0,小　森　　信　雄,6,3,0.0,0.0,33.33,33.33,0.267,0.23,0.31,0.0,0,0.0,参考
4858.0,須　田　　大　輝,5,5,0.0,0.0,0.0,0.0,0.232,0.12,0.34,0.0,0,0.0,C
4568.0,廣　瀬　　真　也,6,14,7.14,7.14,42.86,57.14,0.158,0.07,0.21,7.14,0,0.0,B
4331.0,三　好　　勇　人,2,4,0.0,50.0,0.0,50.0,0.163,0.11,0.3,25.0,0,0.0,参考
3977.0,山　本　　兼　士,3,7,0.0,28.57,28.57,57.14,0.14,0.03,0.2,14.29,0,0.0,C
4360.0,庄　司　　孝　輔,5,7,0.0,0.0,14.29,14.29,0.14,0.04,0.22,0.0,0,0.0,C
3986.0,沖　島　　広　和,1,8,50.0,12.5,25.0,87.5,0.141,0.03,0.2,25.0,0,0.0,C
3455.0,谷　本　　幸　司,2,7,0.0,42.86,28.57,71.43,0.157,0.09,0.25,14.29,0,0.0,C
4650.0,中　山　　雄　太,3,9,33.33,11.11,22.22,66.67,0.167,0.13,0.2,11.11,0,0.0,C
3568.0,木　村　　光　宏,6,3,0.0,0.0,33.33,33.33,0.16,0.13,0.18,0.0,0,0.0,参考
4506.0,稗　田　　聖　也,2,11,36.36,27.27,18.18,81.82,0.119,0.03,0.22,27.27,0,0.0,B
4586.0,磯　部　　　　誠,5,5,20.0,40.0,0.0,60.0,0.168,0.09,0.25,20.0,0,0.0,C
4346.0,前　田　　健太郎,3,7,0.0,42.86,0.0,42.86,0.127,0.1,0.16,42.86,0,0.0,C
4231.0,鈴　木　　裕　隆,4,5,0.0,0.0,40.0,40.0,0.176,0.12,0.28,0.0,0,0.0,C
4331.0,三　好　　勇　人,1,5,80.0,20.0,0.0,100.0,0.088,0.05,0.15,80.0,0,0.0,C
4303.0,牧　原　　　　崇,3,7,14.29,0.0,42.86,57.14,0.164,0.05,0.36,0.0,0,0.0,C
3546.0,中　里　　昌　志,6,7,0.0,0.0,0.0,0.0,0.2,0.09,0.29,14.29,0,0.0,C
3392.0,小　森　　信　雄,3,5,20.0,0.0,0.0,20.0,0.204,0.09,0.27,0.0,0,0.0,C
3977.0,山　本　　兼　士,4,7,0.0,14.29,28.57,42.86,0.136,0.05,0.21,42.86,0,0.0,C
3928.0,林　　　　恵　祐,1,4,25.0,0.0,25.0,50.0,0.15,0.12,0.19,25.0,0,0.0,参考
3455.0,谷　本　　幸　司,3,11,18.18,36.36,18.18,72.73,0.161,0.05,0.28,18.18,0,0.0,B
4231.0,鈴　木　　裕　隆,1,5,0.0,40.0,20.0,60.0,0.244,0.12,0.31,20.0,0,0.0,C
4506.0,稗　田　　聖　也,3,9,33.33,11.11,22.22,66.67,0.118,0.05,0.17,77.78,0,0.0,C
4360.0,庄　司　　孝　輔,4,4,0.0,0.0,25.0,25.0,0.173,0.14,0.19,0.0,0,0.0,参考
3568.0,木　村　　光　宏,5,3,33.33,0.0,33.33,66.67,0.207,0.07,0.29,0.0,0,0.0,参考
4508.0,野　間　　大　樹,6,3,0.0,0.0,0.0,0.0,0.2,0.15,0.26,33.33,0,0.0,参考
3295.0,濱　村　　芳　宏,1,3,66.67,0.0,33.33,100.0,0.107,0.1,0.11,66.67,0,0.0,参考
3986.0,沖　島　　広　和,2,8,12.5,50.0,0.0,62.5,0.141,0.08,0.2,0.0,0,0.0,C
3893.0,汐　崎　　正　則,3,5,20.0,0.0,40.0,60.0,0.14,0.06,0.25,40.0,0,0.0,C
4568.0,廣　瀬　　真　也,4,14,21.43,14.29,21.43,57.14,0.122,0.02,0.24,28.57,0,0.0,B
3546.0,中　里　　昌　志,5,10,0.0,20.0,10.0,30.0,0.156,0.1,0.22,0.0,0,0.0,B
4586.0,磯　部　　　　誠,6,4,0.0,25.0,25.0,50.0,0.1,0.06,0.15,75.0,0,0.0,参考
4303.0,牧　原　　　　崇,1,5,80.0,0.0,0.0,80.0,0.138,0.05,0.23,20.0,0,0.0,C
4650.0,中　山　　雄　太,5,10,10.0,10.0,20.0,40.0,0.171,0.09,0.24,30.0,0,0.0,B
4574.0,東　　　　潤　樹,1,3,33.33,0.0,33.33,66.67,0.18,0.12,0.21,0.0,0,0.0,参考
4651.0,佐　藤　　大　騎,2,9,11.11,33.33,22.22,66.67,0.147,0.1,0.24,22.22,0,0.0,C
3977.0,山　本　　兼　士,2,8,0.0,25.0,37.5,62.5,0.154,0.05,0.27,37.5,0,0.0,C
4515.0,藤　田　　浩　人,3,9,33.33,0.0,22.22,55.56,0.159,0.07,0.22,0.0,0,0.0,C
3392.0,小　森　　信　雄,4,3,0.0,33.33,33.33,66.67,0.197,0.08,0.26,0.0,0,0.0,参考
4568.0,廣　瀬　　真　也,2,21,14.29,9.52,14.29,38.1,0.151,0.04,0.25,19.05,0,0.0,A
4346.0,前　田　　健太郎,6,3,0.0,0.0,0.0,0.0,0.107,0.06,0.18,66.67,0,0.0,参考
3574.0,大　神　　康　司,1,6,66.67,16.67,0.0,83.33,0.148,0.06,0.22,16.67,0,0.0,C
4508.0,野　間　　大　樹,3,3,0.0,66.67,0.0,66.67,0.14,0.04,0.2,0.0,0,0.0,参考
4586.0,磯　部　　　　誠,4,5,0.0,0.0,20.0,20.0,0.134,0.09,0.21,20.0,0,0.0,C
4231.0,鈴　木　　裕　隆,5,7,14.29,28.57,14.29,57.14,0.193,0.16,0.24,0.0,0,0.0,C
3568.0,木　村　　光　宏,3,3,33.33,33.33,0.0,66.67,0.17,0.15,0.2,0.0,0,0.0,参考
3986.0,沖　島　　広　和,5,8,12.5,12.5,0.0,25.0,0.155,0.07,0.19,0.0,0,0.0,C
3928.0,林　　　　恵　祐,6,4,0.0,0.0,0.0,0.0,0.255,0.24,0.29,0.0,0,0.0,参考
4650.0,中　山　　雄　太,1,9,55.56,0.0,11.11,66.67,0.167,0.04,0.3,44.44,0,0.0,C
3546.0,中　里　　昌　志,3,10,0.0,0.0,10.0,10.0,0.125,0.07,0.22,10.0,0,0.0,B
4651.0,佐　藤　　大　騎,4,10,0.0,10.0,20.0,30.0,0.131,0.07,0.22,30.0,0,0.0,B
3455.0,谷　本　　幸　司,5,6,33.33,33.33,16.67,83.33,0.107,0.01,0.18,33.33,0,0.0,C
3425.0,中　谷　　有　希,6,3,0.0,0.0,0.0,0.0,0.267,0.17,0.43,0.0,0,0.0,参考
4574.0,東　　　　潤　樹,3,7,14.29,0.0,28.57,42.86,0.153,0.05,0.23,14.29,0,0.0,C
3392.0,小　森　　信　雄,2,4,0.0,0.0,50.0,50.0,0.24,0.18,0.31,0.0,0,0.0,参考
3574.0,大　神　　康　司,3,4,0.0,25.0,25.0,50.0,0.185,0.1,0.31,25.0,0,0.0,参考
4506.0,稗　田　　聖　也,6,9,11.11,0.0,44.44,55.56,0.141,0.05,0.26,22.22,0,0.0,C
4586.0,磯　部　　　　誠,1,7,42.86,14.29,0.0,57.14,0.11,0.06,0.19,28.57,0,0.0,C
4303.0,牧　原　　　　崇,5,6,16.67,0.0,16.67,33.33,0.185,0.12,0.28,0.0,0,0.0,C
4360.0,庄　司　　孝　輔,6,4,0.0,25.0,25.0,50.0,0.152,0.11,0.19,25.0,0,0.0,参考
4568.0,廣　瀬　　真　也,1,18,50.0,16.67,16.67,83.33,0.118,0.06,0.19,44.44,0,0.0,B
4231.0,鈴　木　　裕　隆,3,6,0.0,66.67,16.67,83.33,0.187,0.15,0.24,0.0,0,0.0,C
4331.0,三　好　　勇　人,5,4,0.0,25.0,0.0,25.0,0.155,0.12,0.2,50.0,0,0.0,参考
3455.0,谷　本　　幸　司,6,9,0.0,11.11,22.22,33.33,0.184,0.11,0.24,0.0,0,0.0,C
3893.0,汐　崎　　正　則,2,4,25.0,0.0,0.0,25.0,0.117,0.02,0.24,25.0,0,0.0,参考
4506.0,稗　田　　聖　也,5,10,10.0,10.0,30.0,50.0,0.143,0.09,0.21,20.0,0,0.0,B
4650.0,中　山　　雄　太,2,11,18.18,18.18,27.27,63.64,0.155,0.09,0.27,27.27,0,0.0,B
3986.0,沖　島　　広　和,3,4,0.0,50.0,0.0,50.0,0.188,0.16,0.22,0.0,0,0.0,参考
4346.0,前　田　　健太郎,4,6,0.0,0.0,16.67,16.67,0.158,0.06,0.32,33.33,0,0.0,C
3928.0,林　　　　恵　祐,3,3,66.67,0.0,0.0,66.67,0.147,0.1,0.18,0.0,0,0.0,参考
3546.0,中　里　　昌　志,4,8,0.0,0.0,62.5,62.5,0.161,0.09,0.23,12.5,0,0.0,C
4574.0,東　　　　潤　樹,4,5,0.0,20.0,0.0,20.0,0.18,0.15,0.24,0.0,0,0.0,C
3392.0,小　森　　信　雄,5,4,25.0,0.0,75.0,100.0,0.168,0.02,0.31,25.0,0,0.0,参考
4346.0,前　田　　健太郎,5,6,0.0,0.0,16.67,16.67,0.168,0.09,0.23,0.0,0,0.0,C
3977.0,山　本　　兼　士,6,6,0.0,33.33,0.0,33.33,0.278,0.12,0.49,0.0,0,0.0,C
4360.0,庄　司　　孝　輔,2,6,16.67,16.67,33.33,66.67,0.167,0.05,0.25,0.0,0,0.0,C
4303.0,牧　原　　　　崇,6,5,0.0,20.0,0.0,20.0,0.254,0.21,0.3,0.0,0,0.0,C
3986.0,沖　島　　広　和,6,9,0.0,0.0,22.22,22.22,0.201,0.12,0.3,11.11,0,0.0,C
4360.0,庄　司　　孝　輔,1,7,71.43,0.0,14.29,85.71,0.17,0.11,0.24,14.29,0,0.0,C
4651.0,佐　藤　　大　騎,3,10,10.0,20.0,40.0,70.0,0.158,0.08,0.37,40.0,0,0.0,B
4568.0,廣　瀬　　真　也,5,14,0.0,7.14,7.14,14.29,0.129,0.01,0.2,21.43,0,0.0,B
3893.0,汐　崎　　正　則,6,4,0.0,0.0,25.0,25.0,0.148,0.11,0.23,0.0,0,0.0,参考
4331.0,三　好　　勇　人,4,7,28.57,0.0,28.57,57.14,0.136,0.09,0.17,42.86,0,0.0,C
4574.0,東　　　　潤　樹,6,3,0.0,0.0,0.0,0.0,0.207,0.19,0.22,0.0,0,0.0,参考
3977.0,山　本　　兼　士,5,8,0.0,0.0,25.0,25.0,0.188,0.1,0.26,0.0,0,0.0,C
4650.0,中　山　　雄　太,6,7,0.0,0.0,28.57,28.57,0.166,0.11,0.21,14.29,0,0.0,C
3455.0,谷　本　　幸　司,1,8,50.0,25.0,0.0,75.0,0.185,0.07,0.38,25.0,0,0.0,C
4727.0,安　部　　慎　一,5,6,0.0,0.0,0.0,0.0,0.13,0.09,0.22,0.0,0,0.0,C
2994.0,茂　垣　　達　也,2,4,0.0,75.0,0.0,75.0,0.213,0.14,0.27,0.0,0,0.0,参考
4189.0,川　上　　　　剛,1,3,66.67,0.0,33.33,100.0,0.163,0.12,0.21,66.67,0,0.0,参考
3638.0,前　田　　　　努,3,3,0.0,0.0,0.0,0.0,0.257,0.22,0.31,0.0,0,0.0,参考
4679.0,植　田　　太　一,6,4,0.0,0.0,0.0,0.0,0.177,0.11,0.22,0.0,0,0.0,参考
4332.0,村　上　　彰　一,6,3,0.0,0.0,0.0,0.0,0.147,0.13,0.17,0.0,0,0.0,参考
4256.0,渡　辺　　浩　司,4,4,50.0,0.0,25.0,75.0,0.145,0.11,0.17,0.0,0,0.0,参考
3432.0,宮　迫　　暢　彦,5,8,0.0,12.5,12.5,25.0,0.185,0.09,0.34,0.0,0,0.0,C
2994.0,茂　垣　　達　也,1,4,0.0,25.0,25.0,50.0,0.22,0.16,0.35,0.0,0,0.0,参考
3825.0,宮　嵜　　隆太郎,2,8,25.0,0.0,12.5,37.5,0.11,0.05,0.2,75.0,0,0.0,C
3439.0,大　平　　誉史明,4,8,12.5,50.0,12.5,75.0,0.156,0.06,0.23,25.0,0,0.0,C
4669.0,井　上　　　　茂,5,3,0.0,0.0,33.33,33.33,0.12,0.08,0.18,0.0,0,0.0,参考
4200.0,早　川　　尚　人,1,7,42.86,14.29,0.0,57.14,0.231,0.17,0.37,14.29,0,0.0,C
3742.0,宮　地　　秀　祈,2,9,0.0,11.11,44.44,55.56,0.202,0.09,0.32,0.0,0,0.0,C
4023.0,柴　田　　友　和,5,8,12.5,12.5,0.0,25.0,0.177,0.11,0.25,0.0,0,0.0,C
4330.0,奈　須　　啓　太,4,8,12.5,12.5,12.5,37.5,0.114,0.06,0.15,37.5,0,0.0,C
3432.0,宮　迫　　暢　彦,6,8,0.0,0.0,0.0,0.0,0.209,0.12,0.35,0.0,0,0.0,C
3742.0,宮　地　　秀　祈,3,6,0.0,16.67,33.33,50.0,0.19,0.11,0.26,16.67,0,0.0,C
3771.0,折　下　　寛　法,4,12,0.0,8.33,33.33,41.67,0.137,0.08,0.24,8.33,0,0.0,B
3439.0,大　平　　誉史明,2,9,22.22,11.11,33.33,66.67,0.158,0.06,0.24,22.22,0,0.0,C
4189.0,川　上　　　　剛,3,6,16.67,16.67,16.67,50.0,0.122,0.08,0.18,0.0,0,0.0,C
4023.0,柴　田　　友　和,2,11,0.0,9.09,27.27,36.36,0.171,0.07,0.22,0.0,0,0.0,B
4727.0,安　部　　慎　一,6,5,20.0,20.0,0.0,40.0,0.15,0.04,0.23,20.0,0,0.0,C
4679.0,植　田　　太　一,1,5,0.0,60.0,0.0,60.0,0.16,0.05,0.25,0.0,0,0.0,C
3771.0,折　下　　寛　法,1,14,50.0,7.14,28.57,85.71,0.134,0.03,0.25,35.71,0,0.0,B
4330.0,奈　須　　啓　太,2,7,42.86,14.29,0.0,57.14,0.123,0.1,0.18,28.57,0,0.0,C
4189.0,川　上　　　　剛,6,3,0.0,0.0,100.0,100.0,0.167,0.12,0.22,33.33,0,0.0,参考
3638.0,前　田　　　　努,2,3,0.0,0.0,33.33,33.33,0.37,0.27,0.44,0.0,0,0.0,参考
3439.0,大　平　　誉史明,5,10,10.0,0.0,20.0,30.0,0.14,0.08,0.19,10.0,0,0.0,B
3432.0,宮　迫　　暢　彦,1,9,66.67,11.11,11.11,88.89,0.11,0.07,0.16,33.33,0,0.0,C
4232.0,笠　　　　雅　雄,4,3,0.0,0.0,0.0,0.0,0.137,0.05,0.2,66.67,0,0.0,参考
4200.0,早　川　　尚　人,3,5,0.0,20.0,40.0,60.0,0.2,0.11,0.34,0.0,0,0.0,C
4727.0,安　部　　慎　一,4,5,0.0,0.0,20.0,20.0,0.152,0.13,0.19,0.0,0,0.0,C
3742.0,宮　地　　秀　祈,5,6,0.0,16.67,16.67,33.33,0.185,0.07,0.35,16.67,0,0.0,C
4256.0,渡　辺　　浩　司,1,3,66.67,0.0,33.33,100.0,0.223,0.09,0.36,33.33,0,0.0,参考
3825.0,宮　嵜　　隆太郎,3,9,33.33,44.44,0.0,77.78,0.112,0.07,0.15,66.67,0,0.0,C
3186.0,沖　　　　　　悟,6,4,0.0,0.0,0.0,0.0,0.19,0.12,0.32,0.0,0,0.0,参考
4023.0,柴　田　　友　和,3,5,20.0,20.0,20.0,60.0,0.168,0.13,0.24,0.0,0,0.0,C
3439.0,大　平　　誉史明,6,10,10.0,10.0,20.0,40.0,0.165,0.1,0.27,10.0,0,0.0,B
3771.0,折　下　　寛　法,2,17,5.88,29.41,17.65,52.94,0.125,0.05,0.21,23.53,0,0.0,B
4189.0,川　上　　　　剛,4,5,20.0,40.0,0.0,60.0,0.178,0.13,0.26,0.0,0,0.0,C
4330.0,奈　須　　啓　太,1,9,66.67,11.11,0.0,77.78,0.097,0.04,0.17,33.33,0,0.0,C
4200.0,早　川　　尚　人,2,6,0.0,16.67,33.33,50.0,0.207,0.09,0.32,0.0,0,0.0,C
3825.0,宮　嵜　　隆太郎,1,7,28.57,28.57,28.57,85.71,0.089,0.04,0.14,85.71,0,0.0,C
3997.0,北　村　　征　嗣,2,13,23.08,38.46,15.38,76.92,0.149,0.04,0.28,7.69,0,0.0,B
3742.0,宮　地　　秀　祈,6,5,0.0,0.0,20.0,20.0,0.182,0.13,0.23,0.0,0,0.0,C
3638.0,前　田　　　　努,5,3,0.0,0.0,0.0,0.0,0.26,0.22,0.32,0.0,0,0.0,参考
4669.0,井　上　　　　茂,2,3,0.0,0.0,0.0,0.0,0.153,0.12,0.2,0.0,0,0.0,参考
3771.0,折　下　　寛　法,3,11,27.27,18.18,18.18,63.64,0.113,0.05,0.2,36.36,0,0.0,B
4023.0,柴　田　　友　和,1,5,40.0,20.0,0.0,60.0,0.098,0.05,0.14,40.0,0,0.0,C
3432.0,宮　迫　　暢　彦,2,7,28.57,57.14,0.0,85.71,0.114,0.04,0.23,28.57,0,0.0,C
2994.0,茂　垣　　達　也,3,3,0.0,0.0,0.0,0.0,0.28,0.21,0.32,0.0,0,0.0,参考
4200.0,早　川　　尚　人,6,5,0.0,20.0,0.0,20.0,0.252,0.1,0.3,0.0,0,0.0,C
4256.0,渡　辺　　浩　司,3,3,0.0,33.33,33.33,66.67,0.16,0.14,0.18,33.33,0,0.0,参考
3825.0,宮　嵜　　隆太郎,6,9,0.0,0.0,0.0,0.0,0.148,0.09,0.2,44.44,0,0.0,C
4330.0,奈　須　　啓　太,6,7,0.0,28.57,14.29,42.86,0.107,0.05,0.18,42.86,0,0.0,C
3439.0,大　平　　誉史明,1,12,58.33,25.0,0.0,83.33,0.123,0.05,0.19,0.0,0,0.0,B
3432.0,宮　迫　　暢　彦,3,7,0.0,28.57,0.0,28.57,0.116,0.06,0.15,28.57,0,0.0,C
2994.0,茂　垣　　達　也,6,3,0.0,0.0,0.0,0.0,0.137,0.1,0.18,0.0,0,0.0,参考
4200.0,早　川　　尚　人,5,4,0.0,0.0,0.0,0.0,0.203,0.06,0.31,25.0,0,0.0,参考
3771.0,折　下　　寛　法,6,9,0.0,0.0,11.11,11.11,0.157,0.11,0.23,11.11,0,0.0,C
3742.0,宮　地　　秀　祈,1,5,60.0,0.0,0.0,60.0,0.112,0.03,0.21,20.0,0,0.0,C
4330.0,奈　須　　啓　太,5,6,0.0,16.67,33.33,50.0,0.095,0.03,0.26,33.33,0,0.0,C
4023.0,柴　田　　友　和,4,6,0.0,16.67,16.67,33.33,0.162,0.07,0.22,0.0,0,0.0,C
3825.0,宮　嵜　　隆太郎,5,5,0.0,0.0,0.0,0.0,0.132,0.07,0.17,0.0,0,0.0,C
3638.0,前　田　　　　努,6,3,0.0,0.0,33.33,33.33,0.273,0.25,0.29,0.0,0,0.0,参考
3771.0,折　下　　寛　法,5,15,0.0,6.67,20.0,26.67,0.143,0.05,0.21,33.33,0,0.0,B
3439.0,大　平　　誉史明,3,9,44.44,33.33,0.0,77.78,0.176,0.1,0.25,0.0,0,0.0,C
4818.0,伏　見　　俊　介,4,14,21.43,28.57,14.29,64.29,0.104,0.05,0.21,64.29,0,0.0,B
4256.0,渡　辺　　浩　司,5,4,25.0,25.0,25.0,75.0,0.18,0.15,0.25,0.0,0,0.0,参考
4200.0,早　川　　尚　人,4,7,14.29,28.57,0.0,42.86,0.163,0.1,0.24,28.57,0,0.0,C
4256.0,渡　辺　　浩　司,2,4,25.0,0.0,50.0,75.0,0.122,0.08,0.17,50.0,0,0.0,参考
3432.0,宮　迫　　暢　彦,4,8,25.0,37.5,12.5,75.0,0.122,0.06,0.2,25.0,0,0.0,C
3742.0,宮　地　　秀　祈,4,7,14.29,0.0,57.14,71.43,0.167,0.12,0.25,14.29,0,0.0,C
4830.0,勝　又　　　　桜,5,3,0.0,0.0,33.33,33.33,0.147,0.08,0.2,33.33,0,0.0,参考
4300.0,加　藤　　　　綾,1,3,33.33,33.33,0.0,66.67,0.24,0.16,0.31,0.0,0,0.0,参考
4289.0,落　合　　直　子,2,3,0.0,33.33,33.33,66.67,0.187,0.14,0.27,0.0,0,0.0,参考
4689.0,豊　田　　　　結,4,6,16.67,16.67,33.33,66.67,0.122,0.07,0.22,33.33,0,0.0,C
4190.0,長　嶋　　万　記,1,7,71.43,14.29,14.29,100.0,0.141,0.02,0.29,28.57,0,0.0,C
4569.0,中　澤　　宏　奈,3,11,9.09,9.09,9.09,27.27,0.155,0.09,0.29,18.18,0,0.0,B
4746.0,大豆生田　　　蒼,5,6,16.67,33.33,16.67,66.67,0.147,0.01,0.33,33.33,0,0.0,C
4829.0,塚　脇　　奈　美,6,6,16.67,0.0,0.0,16.67,0.167,0.06,0.25,16.67,0,0.0,C
4246.0,喜　多　　那由夏,2,4,0.0,50.0,25.0,75.0,0.225,0.16,0.34,0.0,0,0.0,参考
4347.0,魚　谷　　香　織,4,3,0.0,33.33,33.33,66.67,0.167,0.13,0.19,0.0,0,0.0,参考
4726.0,島　田　　なぎさ,5,7,14.29,0.0,0.0,14.29,0.136,0.06,0.33,28.57,0,0.0,C
4627.0,藤　原　　菜　希,1,12,58.33,33.33,0.0,91.67,0.116,0.05,0.17,41.67,0,0.0,B
4065.0,金　田　　幸　子,2,4,25.0,50.0,0.0,75.0,0.15,0.06,0.2,25.0,0,0.0,参考
4680.0,後　藤　　美　翼,4,14,7.14,14.29,21.43,42.86,0.203,0.09,0.33,7.14,0,0.0,B
4473.0,藤　堂　　里　香,5,5,0.0,20.0,40.0,60.0,0.168,0.1,0.23,20.0,0,0.0,C
4775.0,千　葉　　真　弥,6,8,0.0,0.0,0.0,0.0,0.145,0.08,0.19,12.5,0,0.0,C
4534.0,坂　　　　咲友理,1,4,50.0,25.0,25.0,100.0,0.17,0.09,0.24,0.0,0,0.0,参考
4611.0,今　井　　美　亜,3,6,33.33,33.33,0.0,66.67,0.102,0.02,0.21,66.67,0,0.0,C
4689.0,豊　田　　　　結,5,5,20.0,20.0,0.0,40.0,0.18,0.13,0.3,20.0,0,0.0,C
4499.0,滝　川　　真由子,1,3,33.33,33.33,0.0,66.67,0.183,0.11,0.28,0.0,0,0.0,参考
4746.0,大豆生田　　　蒼,3,8,0.0,12.5,50.0,62.5,0.211,0.11,0.33,0.0,0,0.0,C
4758.0,富　樫　　麗　加,4,8,0.0,0.0,25.0,25.0,0.116,0.07,0.22,25.0,0,0.0,C
4830.0,勝　又　　　　桜,6,6,0.0,0.0,0.0,0.0,0.193,0.1,0.26,0.0,0,0.0,C
4450.0,平　高　　奈　菜,3,4,25.0,25.0,0.0,50.0,0.125,0.08,0.17,50.0,0,0.0,参考
4484.0,稲　生　　夏　季,5,9,0.0,22.22,11.11,33.33,0.152,0.08,0.2,11.11,0,0.0,C
4726.0,島　田　　なぎさ,6,6,0.0,0.0,0.0,0.0,0.178,0.1,0.34,0.0,0,0.0,C
4569.0,中　澤　　宏　奈,2,10,10.0,20.0,10.0,40.0,0.172,0.05,0.29,20.0,0,0.0,B
4246.0,喜　多　　那由夏,3,6,16.67,0.0,33.33,50.0,0.165,0.13,0.23,16.67,0,0.0,C
4473.0,藤　堂　　里　香,4,8,37.5,50.0,0.0,87.5,0.145,0.09,0.2,25.0,0,0.0,C
4313.0,西　村　　美智子,1,5,100.0,0.0,0.0,100.0,0.156,0.07,0.28,40.0,0,0.0,C
4680.0,後　藤　　美　翼,2,19,21.05,31.58,26.32,78.95,0.167,0.07,0.29,0.0,0,0.0,B
4534.0,坂　　　　咲友理,4,4,50.0,25.0,25.0,100.0,0.21,0.2,0.23,0.0,0,0.0,参考
4225.0,土　屋　　千　明,5,10,10.0,30.0,30.0,70.0,0.125,0.07,0.21,40.0,0,0.0,B
4627.0,藤　原　　菜　希,2,15,40.0,33.33,0.0,73.33,0.113,0.02,0.21,20.0,0,0.0,B
4499.0,滝　川　　真由子,3,3,66.67,0.0,33.33,100.0,0.077,0.04,0.1,33.33,0,0.0,参考
4450.0,平　高　　奈　菜,1,8,62.5,12.5,12.5,87.5,0.169,0.09,0.27,12.5,0,0.0,C
4611.0,今　井　　美　亜,2,4,50.0,0.0,0.0,50.0,0.122,0.08,0.15,25.0,0,0.0,参考
4065.0,金　田　　幸　子,3,5,0.0,0.0,60.0,60.0,0.108,0.02,0.16,40.0,0,0.0,C
4347.0,魚　谷　　香　織,5,4,0.0,25.0,50.0,75.0,0.16,0.13,0.21,0.0,0,0.0,参考
4225.0,土　屋　　千　明,3,13,15.38,30.77,23.08,69.23,0.167,0.07,0.33,30.77,0,0.0,B
4569.0,中　澤　　宏　奈,5,7,0.0,0.0,28.57,28.57,0.133,0.07,0.18,42.86,0,0.0,C
4726.0,島　田　　なぎさ,2,10,0.0,40.0,20.0,60.0,0.131,0.07,0.19,30.0,0,0.0,B
4775.0,千　葉　　真　弥,5,9,0.0,0.0,11.11,11.11,0.18,0.1,0.32,11.11,0,0.0,C
4611.0,今　井　　美　亜,1,4,75.0,0.0,0.0,75.0,0.085,0.08,0.1,50.0,0,0.0,参考
4484.0,稲　生　　夏　季,2,10,0.0,10.0,40.0,50.0,0.177,0.12,0.26,0.0,0,0.0,B
4548.0,篠　木　　亜衣花,3,4,0.0,0.0,0.0,0.0,0.255,0.13,0.33,0.0,0,0.0,参考
4246.0,喜　多　　那由夏,4,7,14.29,0.0,14.29,28.57,0.18,0.13,0.21,0.0,0,0.0,C
4627.0,藤　原　　菜　希,5,12,8.33,8.33,16.67,33.33,0.137,0.08,0.29,50.0,0,0.0,B
4746.0,大豆生田　　　蒼,6,6,16.67,16.67,0.0,33.33,0.152,0.06,0.32,16.67,0,0.0,C
4313.0,西　村　　美智子,2,3,33.33,33.33,0.0,66.67,0.21,0.12,0.34,33.33,0,0.0,参考
4065.0,金　田　　幸　子,5,5,20.0,20.0,0.0,40.0,0.182,0.14,0.21,20.0,0,0.0,C
4758.0,富　樫　　麗　加,6,10,0.0,30.0,20.0,50.0,0.253,0.17,0.36,10.0,0,0.0,B
4534.0,坂　　　　咲友理,2,4,0.0,0.0,25.0,25.0,0.215,0.16,0.32,0.0,0,0.0,参考
4190.0,長　嶋　　万　記,3,3,33.33,0.0,33.33,66.67,0.187,0.07,0.28,0.0,0,0.0,参考
4499.0,滝　川　　真由子,4,3,0.0,0.0,66.67,66.67,0.22,0.11,0.36,0.0,0,0.0,参考
4689.0,豊　田　　　　結,2,6,16.67,0.0,33.33,50.0,0.163,0.07,0.26,16.67,0,0.0,C
4680.0,後　藤　　美　翼,3,19,26.32,15.79,5.26,47.37,0.169,0.08,0.31,10.53,0,0.0,B
4450.0,平　高　　奈　菜,5,4,0.0,50.0,0.0,50.0,0.223,0.18,0.3,0.0,0,0.0,参考
4611.0,今　井　　美　亜,4,4,50.0,25.0,0.0,75.0,0.113,0.08,0.15,25.0,0,0.0,参考
4473.0,藤　堂　　里　香,6,5,0.0,20.0,20.0,40.0,0.112,0.09,0.17,40.0,0,0.0,C
4313.0,西　村　　美智子,3,3,0.0,0.0,33.33,33.33,0.153,0.05,0.24,33.33,0,0.0,参考
4289.0,落　合　　直　子,4,5,20.0,20.0,0.0,40.0,0.102,0.04,0.16,20.0,0,0.0,C
4829.0,塚　脇　　奈　美,5,3,0.0,0.0,0.0,0.0,0.147,0.07,0.22,0.0,0,0.0,参考
4484.0,稲　生　　夏　季,1,14,14.29,7.14,28.57,50.0,0.187,0.07,0.29,21.43,0,0.0,B
4225.0,土　屋　　千　明,2,11,18.18,54.55,9.09,81.82,0.151,0.04,0.31,27.27,0,0.0,B
4775.0,千　葉　　真　弥,4,5,0.0,0.0,60.0,60.0,0.206,0.13,0.26,0.0,0,0.0,C
4758.0,富　樫　　麗　加,5,8,12.5,12.5,25.0,50.0,0.182,0.03,0.26,12.5,0,0.0,C
4347.0,魚　谷　　香　織,6,4,0.0,25.0,25.0,50.0,0.18,0.09,0.26,25.0,0,0.0,参考
4300.0,加　藤　　　　綾,3,4,50.0,25.0,25.0,100.0,0.138,0.12,0.15,75.0,0,0.0,参考
4746.0,大豆生田　　　蒼,4,7,28.57,28.57,14.29,71.43,0.206,0.14,0.27,0.0,0,0.0,C
4450.0,平　高　　奈　菜,6,8,12.5,12.5,12.5,37.5,0.131,0.03,0.18,25.0,0,0.0,C
4190.0,長　嶋　　万　記,2,4,25.0,0.0,25.0,50.0,0.11,0.08,0.13,50.0,0,0.0,参考
4289.0,落　合　　直　子,1,4,50.0,25.0,25.0,100.0,0.138,0.08,0.17,25.0,0,0.0,参考
4499.0,滝　川　　真由子,2,3,0.0,33.33,33.33,66.67,0.213,0.18,0.25,0.0,0,0.0,参考
4548.0,篠　木　　亜衣花,5,3,0.0,33.33,0.0,33.33,0.237,0.22,0.26,0.0,0,0.0,参考
4065.0,金　田　　幸　子,6,5,0.0,20.0,20.0,40.0,0.162,0.11,0.21,20.0,0,0.0,C
4569.0,中　澤　　宏　奈,1,14,42.86,14.29,14.29,71.43,0.199,0.12,0.36,7.14,0,0.0,B
4548.0,篠　木　　亜衣花,2,4,0.0,25.0,25.0,50.0,0.18,0.15,0.24,0.0,0,0.0,参考
4225.0,土　屋　　千　明,4,9,33.33,22.22,33.33,88.89,0.113,0.02,0.19,44.44,0,0.0,C
4246.0,喜　多　　那由夏,6,8,0.0,0.0,12.5,12.5,0.142,0.07,0.21,0.0,0,0.0,C
4347.0,魚　谷　　香　織,1,4,75.0,25.0,0.0,100.0,0.133,0.06,0.19,25.0,0,0.0,参考
4689.0,豊　田　　　　結,3,6,16.67,16.67,33.33,66.67,0.135,0.1,0.19,50.0,0,0.0,C
4484.0,稲　生　　夏　季,4,14,7.14,7.14,28.57,42.86,0.168,0.08,0.45,7.14,0,0.0,B
4726.0,島　田　　なぎさ,1,11,45.45,18.18,27.27,90.91,0.14,0.07,0.2,27.27,0,0.0,B
4190.0,長　嶋　　万　記,6,6,16.67,33.33,16.67,66.67,0.18,0.12,0.23,0.0,0,0.0,C
4680.0,後　藤　　美　翼,1,19,36.84,10.53,21.05,68.42,0.176,0.04,0.35,10.53,0,0.0,B
4611.0,今　井　　美　亜,5,4,25.0,25.0,25.0,75.0,0.117,0.02,0.19,50.0,0,0.0,参考
4289.0,落　合　　直　子,6,3,33.33,33.33,0.0,66.67,0.12,0.09,0.15,33.33,0,0.0,参考
4548.0,篠　木　　亜衣花,1,3,33.33,0.0,33.33,66.67,0.2,0.15,0.23,0.0,0,0.0,参考
4473.0,藤　堂　　里　香,1,7,28.57,0.0,14.29,42.86,0.156,0.08,0.22,14.29,0,0.0,C
4450.0,平　高　　奈　菜,2,7,42.86,14.29,14.29,71.43,0.164,0.11,0.21,28.57,0,0.0,C
4627.0,藤　原　　菜　希,3,11,18.18,18.18,9.09,45.45,0.136,0.09,0.24,36.36,0,0.0,B
4246.0,喜　多　　那由夏,5,3,0.0,0.0,0.0,0.0,0.207,0.15,0.24,0.0,0,0.0,参考
4689.0,豊　田　　　　結,1,7,57.14,14.29,0.0,71.43,0.18,0.12,0.23,28.57,0,0.0,C
4746.0,大豆生田　　　蒼,2,6,0.0,33.33,16.67,50.0,0.233,0.19,0.3,16.67,0,0.0,C
4569.0,中　澤　　宏　奈,4,13,15.38,23.08,23.08,61.54,0.161,0.01,0.25,23.08,0,0.0,B
4190.0,長　嶋　　万　記,5,5,0.0,20.0,40.0,60.0,0.164,0.14,0.18,40.0,0,0.0,C
4300.0,加　藤　　　　綾,2,4,50.0,25.0,0.0,75.0,0.193,0.14,0.29,50.0,0,0.0,参考
4347.0,魚　谷　　香　織,3,3,0.0,33.33,66.67,100.0,0.187,0.17,0.21,0.0,0,0.0,参考
4289.0,落　合　　直　子,5,3,33.33,33.33,0.0,66.67,0.093,0.01,0.15,33.33,0,0.0,参考
4065.0,金　田　　幸　子,1,8,100.0,0.0,0.0,100.0,0.152,0.09,0.25,37.5,0,0.0,C
4726.0,島　田　　なぎさ,3,7,0.0,14.29,14.29,28.57,0.154,0.01,0.29,42.86,0,0.0,C
4499.0,滝　川　　真由子,6,3,33.33,0.0,33.33,66.67,0.19,0.15,0.22,0.0,0,0.0,参考
4225.0,土　屋　　千　明,1,12,50.0,33.33,8.33,91.67,0.13,0.0,0.32,50.0,0,0.0,B
4627.0,藤　原　　菜　希,4,14,0.0,35.71,21.43,57.14,0.126,0.05,0.29,50.0,0,0.0,B
4313.0,西　村　　美智子,5,3,0.0,0.0,0.0,0.0,0.113,0.07,0.14,33.33,0,0.0,参考
4611.0,今　井　　美　亜,6,3,0.0,33.33,0.0,33.33,0.153,0.07,0.25,0.0,0,0.0,参考
4473.0,藤　堂　　里　香,2,7,28.57,14.29,14.29,57.14,0.156,0.01,0.25,28.57,0,0.0,C
4484.0,稲　生　　夏　季,3,12,16.67,8.33,8.33,33.33,0.163,0.08,0.29,0.0,0,0.0,B
4534.0,坂　　　　咲友理,6,4,0.0,0.0,0.0,0.0,0.22,0.17,0.32,0.0,0,0.0,参考
4347.0,魚　谷　　香　織,2,4,50.0,0.0,0.0,50.0,0.177,0.08,0.23,0.0,0,0.0,参考
4246.0,喜　多　　那由夏,1,9,44.44,44.44,0.0,88.89,0.177,0.09,0.35,22.22,0,0.0,C
4746.0,大豆生田　　　蒼,1,8,75.0,12.5,12.5,100.0,0.143,0.02,0.23,37.5,0,0.0,C
4450.0,平　高　　奈　菜,4,4,0.0,25.0,0.0,25.0,0.092,0.03,0.14,0.0,0,0.0,参考
4499.0,滝　川　　真由子,5,3,0.0,66.67,0.0,66.67,0.13,0.07,0.22,0.0,0,0.0,参考
4689.0,豊　田　　　　結,6,6,0.0,0.0,16.67,16.67,0.128,0.09,0.21,0.0,0,0.0,C
4473.0,藤　堂　　里　香,3,9,11.11,22.22,33.33,66.67,0.153,0.05,0.31,22.22,0,0.0,C
4289.0,落　合　　直　子,3,4,0.0,50.0,25.0,75.0,0.172,0.15,0.18,25.0,0,0.0,参考
4313.0,西　村　　美智子,4,4,0.0,25.0,0.0,25.0,0.16,0.13,0.21,50.0,0,0.0,参考
4300.0,加　藤　　　　綾,6,3,0.0,33.33,0.0,33.33,0.103,0.05,0.2,33.33,0,0.0,参考
4065.0,金　田　　幸　子,4,5,40.0,20.0,20.0,80.0,0.178,0.11,0.38,20.0,0,0.0,C
4534.0,坂　　　　咲友理,5,3,0.0,0.0,0.0,0.0,0.177,0.11,0.25,0.0,0,0.0,参考
4726.0,島　田　　なぎさ,4,6,33.33,33.33,33.33,100.0,0.145,0.1,0.21,33.33,0,0.0,C
4680.0,後　藤　　美　翼,5,17,0.0,17.65,5.88,23.53,0.201,0.07,0.32,5.88,0,0.0,B
4313.0,西　村　　美智子,6,5,0.0,20.0,20.0,40.0,0.17,0.11,0.27,0.0,0,0.0,C
4300.0,加　藤　　　　綾,5,4,25.0,25.0,0.0,50.0,0.14,0.1,0.21,25.0,0,0.0,参考
4548.0,篠　木　　亜衣花,4,3,0.0,0.0,33.33,33.33,0.367,0.26,0.46,0.0,0,0.0,参考
4680.0,後　藤　　美　翼,6,12,16.67,0.0,16.67,33.33,0.201,0.07,0.3,16.67,0,0.0,B
4627.0,藤　原　　菜　希,6,9,11.11,11.11,33.33,55.56,0.147,0.06,0.19,44.44,0,0.0,C
3528.0,笠　野　　友紀恵,1,3,33.33,33.33,0.0,66.67,0.233,0.21,0.26,0.0,0,0.0,参考
4694.0,高　田　　　　綾,4,5,0.0,0.0,0.0,0.0,0.182,0.09,0.3,20.0,0,0.0,C
3377.0,塚　田　　修　二,5,15,0.0,13.33,26.67,40.0,0.167,0.07,0.3,13.33,0,0.0,B
4742.0,横　田　　悠　衣,6,5,0.0,0.0,0.0,0.0,0.244,0.12,0.32,20.0,0,0.0,C
3385.0,渡　邉　　睦　広,1,20,40.0,30.0,10.0,80.0,0.149,0.05,0.24,40.0,0,0.0,A
3943.0,三　松　　直　美,2,7,0.0,0.0,0.0,0.0,0.17,0.09,0.28,14.29,0,0.0,C
4769.0,馬　場　　　　剛,4,20,35.0,20.0,10.0,65.0,0.103,0.03,0.24,45.0,0,0.0,A
3652.0,森　下　　　　勇,5,12,0.0,0.0,0.0,0.0,0.188,0.1,0.3,0.0,0,0.0,B
3690.0,河　合　　三　弘,4,6,0.0,0.0,50.0,50.0,0.147,0.1,0.24,16.67,0,0.0,C
4056.0,小　西　　英　輝,6,7,14.29,14.29,14.29,42.86,0.137,0.04,0.26,42.86,0,0.0,C
3654.0,武　田　　光　史,4,7,14.29,14.29,42.86,71.43,0.143,0.11,0.22,14.29,0,0.0,C
4570.0,前　田　　聖　文,3,7,14.29,28.57,28.57,71.43,0.183,0.1,0.29,28.57,0,0.0,C
4384.0,鶴　本　　崇　文,4,8,25.0,25.0,25.0,75.0,0.18,0.09,0.35,25.0,0,0.0,C
3377.0,塚　田　　修　二,6,13,0.0,7.69,7.69,15.38,0.212,0.01,0.47,7.69,0,0.0,B
3528.0,笠　野　　友紀恵,2,6,0.0,16.67,16.67,33.33,0.157,0.11,0.22,16.67,0,0.0,C
3176.0,長谷川　　　　巌,3,6,16.67,0.0,33.33,50.0,0.16,0.09,0.27,16.67,0,0.0,C
3652.0,森　下　　　　勇,4,10,0.0,20.0,30.0,50.0,0.14,0.04,0.27,0.0,0,0.0,B
3943.0,三　松　　直　美,3,5,0.0,0.0,0.0,0.0,0.14,0.04,0.26,60.0,0,0.0,C
4017.0,向　井　　美　鈴,6,9,11.11,11.11,0.0,22.22,0.192,0.06,0.29,22.22,0,0.0,C
4424.0,松　尾　　昂　明,3,11,9.09,27.27,18.18,54.55,0.145,0.07,0.21,27.27,0,0.0,B
3176.0,長谷川　　　　巌,1,7,57.14,0.0,28.57,85.71,0.117,0.05,0.19,42.86,0,0.0,C
3690.0,河　合　　三　弘,2,10,0.0,30.0,10.0,40.0,0.183,0.1,0.25,10.0,0,0.0,B
3757.0,畑　　　　和　宏,4,3,33.33,0.0,66.67,100.0,0.227,0.18,0.28,33.33,0,0.0,参考
4769.0,馬　場　　　　剛,6,15,20.0,6.67,26.67,53.33,0.114,0.01,0.22,33.33,0,0.0,B
3654.0,武　田　　光　史,1,8,62.5,12.5,12.5,87.5,0.141,0.06,0.19,25.0,0,0.0,C
3385.0,渡　邉　　睦　広,2,21,9.52,57.14,9.52,76.19,0.15,0.04,0.27,33.33,0,0.0,A
3555.0,野　添　　貴　裕,5,3,0.0,0.0,33.33,33.33,0.15,0.11,0.18,33.33,0,0.0,参考
3652.0,森　下　　　　勇,3,10,0.0,10.0,10.0,20.0,0.163,0.04,0.33,10.0,0,0.0,B
3943.0,三　松　　直　美,5,3,0.0,0.0,33.33,33.33,0.13,0.09,0.19,0.0,0,0.0,参考
4694.0,高　田　　　　綾,2,5,40.0,0.0,20.0,60.0,0.168,0.12,0.24,20.0,0,0.0,C
4017.0,向　井　　美　鈴,3,10,20.0,20.0,30.0,70.0,0.144,0.03,0.23,10.0,0,0.0,B
4056.0,小　西　　英　輝,4,6,0.0,33.33,16.67,50.0,0.175,0.13,0.29,0.0,0,0.0,C
4570.0,前　田　　聖　文,1,8,37.5,37.5,25.0,100.0,0.164,0.1,0.25,25.0,0,0.0,C
4424.0,松　尾　　昂　明,4,13,23.08,15.38,15.38,53.85,0.158,0.05,0.52,23.08,0,0.0,B
4769.0,馬　場　　　　剛,5,21,14.29,9.52,14.29,38.1,0.117,0.05,0.22,19.05,0,0.0,A
3654.0,武　田　　光　史,6,6,16.67,16.67,16.67,50.0,0.18,0.08,0.36,50.0,0,0.0,C
3690.0,河　合　　三　弘,1,8,25.0,25.0,25.0,75.0,0.194,0.05,0.25,0.0,0,0.0,C
3652.0,森　下　　　　勇,2,12,0.0,58.33,8.33,66.67,0.173,0.07,0.28,8.33,0,0.0,B
3757.0,畑　　　　和　宏,3,4,0.0,25.0,50.0,75.0,0.188,0.14,0.24,0.0,0,0.0,参考
3377.0,塚　田　　修　二,4,7,0.0,0.0,42.86,42.86,0.194,0.13,0.32,14.29,0,0.0,C
4742.0,横　田　　悠　衣,5,3,0.0,0.0,0.0,0.0,0.187,0.15,0.22,0.0,0,0.0,参考
4694.0,高　田　　　　綾,1,5,0.0,20.0,40.0,60.0,0.176,0.14,0.23,20.0,0,0.0,C
4302.0,西　野　　翔　太,4,3,0.0,33.33,0.0,33.33,0.117,0.08,0.17,33.33,0,0.0,参考
3528.0,笠　野　　友紀恵,6,3,0.0,0.0,0.0,0.0,0.17,0.13,0.19,33.33,0,0.0,参考
3176.0,長谷川　　　　巌,2,5,20.0,20.0,0.0,40.0,0.162,0.06,0.29,0.0,0,0.0,C
4017.0,向　井　　美　鈴,4,8,0.0,0.0,12.5,12.5,0.173,0.11,0.21,0.0,0,0.0,C
3690.0,河　合　　三　弘,3,9,44.44,44.44,11.11,100.0,0.19,0.07,0.3,11.11,0,0.0,C
4424.0,松　尾　　昂　明,5,6,50.0,0.0,16.67,66.67,0.135,0.04,0.19,50.0,0,0.0,C
3385.0,渡　邉　　睦　広,6,14,0.0,14.29,14.29,28.57,0.125,0.04,0.29,21.43,0,0.0,B
4384.0,鶴　本　　崇　文,1,14,71.43,21.43,7.14,100.0,0.136,0.01,0.2,35.71,0,0.0,B
3654.0,武　田　　光　史,5,6,0.0,16.67,50.0,66.67,0.173,0.08,0.26,0.0,0,0.0,C
4570.0,前　田　　聖　文,4,9,22.22,11.11,22.22,55.56,0.104,0.03,0.17,33.33,0,0.0,C
3757.0,畑　　　　和　宏,6,3,0.0,0.0,33.33,33.33,0.207,0.15,0.25,0.0,0,0.0,参考
4056.0,小　西　　英　輝,2,5,20.0,20.0,0.0,40.0,0.116,0.06,0.15,0.0,0,0.0,C
3176.0,長谷川　　　　巌,4,6,16.67,0.0,0.0,16.67,0.177,0.13,0.23,16.67,0,0.0,C
3652.0,森　下　　　　勇,1,11,27.27,27.27,0.0,54.55,0.175,0.12,0.29,18.18,0,0.0,B
4017.0,向　井　　美　鈴,2,8,25.0,37.5,12.5,75.0,0.173,0.09,0.28,12.5,0,0.0,C
3528.0,笠　野　　友紀恵,4,3,0.0,0.0,33.33,33.33,0.17,0.13,0.19,0.0,0,0.0,参考
4694.0,高　田　　　　綾,3,5,0.0,40.0,20.0,60.0,0.166,0.09,0.24,20.0,0,0.0,C
3943.0,三　松　　直　美,6,3,0.0,0.0,0.0,0.0,0.167,0.09,0.23,0.0,0,0.0,参考
4056.0,小　西　　英　輝,3,4,0.0,0.0,0.0,0.0,0.218,0.14,0.39,50.0,0,0.0,参考
3757.0,畑　　　　和　宏,2,4,25.0,25.0,0.0,50.0,0.17,0.07,0.27,0.0,0,0.0,参考
3385.0,渡　邉　　睦　広,3,24,8.33,41.67,16.67,66.67,0.142,0.03,0.3,29.17,0,0.0,A
4424.0,松　尾　　昂　明,1,8,50.0,37.5,12.5,100.0,0.129,0.06,0.22,25.0,0,0.0,C
4137.0,君　島　　秀　三,2,6,0.0,33.33,16.67,50.0,0.173,0.11,0.25,33.33,0,0.0,C
3528.0,笠　野　　友紀恵,5,3,33.33,0.0,33.33,66.67,0.207,0.17,0.23,0.0,0,0.0,参考
4384.0,鶴　本　　崇　文,6,11,0.0,18.18,36.36,54.55,0.218,0.13,0.26,0.0,0,0.0,B
3377.0,塚　田　　修　二,1,15,20.0,6.67,6.67,33.33,0.169,0.04,0.32,6.67,0,0.0,B
4570.0,前　田　　聖　文,5,10,20.0,0.0,0.0,20.0,0.141,0.07,0.21,30.0,0,0.0,B
3176.0,長谷川　　　　巌,6,6,0.0,16.67,0.0,16.67,0.183,0.1,0.3,0.0,0,0.0,C
4017.0,向　井　　美　鈴,1,9,0.0,44.44,33.33,77.78,0.168,0.09,0.26,0.0,0,0.0,C
4384.0,鶴　本　　崇　文,5,9,44.44,0.0,22.22,66.67,0.144,0.07,0.21,11.11,0,0.0,C
3378.0,八　木　　富　重,6,3,0.0,0.0,0.0,0.0,0.26,0.24,0.28,0.0,0,0.0,参考
3757.0,畑　　　　和　宏,1,3,66.67,0.0,0.0,66.67,0.16,0.13,0.18,33.33,0,0.0,参考
3377.0,塚　田　　修　二,2,13,0.0,23.08,30.77,53.85,0.174,0.1,0.48,0.0,0,0.0,B
3654.0,武　田　　光　史,3,5,0.0,20.0,20.0,40.0,0.146,0.06,0.23,0.0,0,0.0,C
3690.0,河　合　　三　弘,6,8,0.0,12.5,12.5,25.0,0.191,0.12,0.24,12.5,0,0.0,C
4424.0,松　尾　　昂　明,2,9,22.22,44.44,11.11,77.78,0.134,0.06,0.18,33.33,0,0.0,C
3385.0,渡　邉　　睦　広,5,21,14.29,4.76,23.81,42.86,0.183,0.07,0.8,19.05,0,0.0,A
4302.0,西　野　　翔　太,3,3,0.0,66.67,33.33,100.0,0.18,0.16,0.19,33.33,0,0.0,参考
4056.0,小　西　　英　輝,5,4,25.0,0.0,0.0,25.0,0.14,0.09,0.23,50.0,0,0.0,参考
4570.0,前　田　　聖　文,6,7,0.0,0.0,14.29,14.29,0.131,0.09,0.18,0.0,0,0.0,C
3943.0,三　松　　直　美,1,5,40.0,0.0,20.0,60.0,0.154,0.08,0.34,60.0,0,0.0,C
4384.0,鶴　本　　崇　文,2,11,18.18,54.55,18.18,90.91,0.151,0.07,0.26,18.18,0,0.0,B
4570.0,前　田　　聖　文,2,10,50.0,40.0,0.0,90.0,0.12,0.03,0.18,20.0,0,0.0,B
3690.0,河　合　　三　弘,5,10,0.0,0.0,10.0,10.0,0.162,0.07,0.22,20.0,0,0.0,B
3652.0,森　下　　　　勇,6,7,0.0,14.29,0.0,14.29,0.187,0.12,0.36,0.0,0,0.0,C
3377.0,塚　田　　修　二,3,13,0.0,15.38,15.38,30.77,0.148,0.06,0.23,7.69,0,0.0,B
4017.0,向　井　　美　鈴,5,5,0.0,20.0,0.0,20.0,0.18,0.08,0.26,0.0,0,0.0,C
3654.0,武　田　　光　史,2,6,33.33,33.33,16.67,83.33,0.113,0.03,0.17,16.67,0,0.0,C
4056.0,小　西　　英　輝,1,6,66.67,16.67,0.0,83.33,0.127,0.03,0.19,33.33,0,0.0,C
3385.0,渡　邉　　睦　広,4,22,13.64,22.73,13.64,50.0,0.129,0.03,0.24,27.27,0,0.0,A
4694.0,高　田　　　　綾,6,5,0.0,0.0,40.0,40.0,0.138,0.07,0.23,20.0,0,0.0,C
3176.0,長谷川　　　　巌,5,4,0.0,0.0,25.0,25.0,0.15,0.11,0.21,25.0,0,0.0,参考
3757.0,畑　　　　和　宏,5,4,0.0,0.0,0.0,0.0,0.16,0.13,0.18,0.0,0,0.0,参考
4424.0,松　尾　　昂　明,6,8,12.5,25.0,0.0,37.5,0.129,0.06,0.28,37.5,0,0.0,C
3943.0,三　松　　直　美,4,4,0.0,0.0,25.0,25.0,0.095,0.02,0.22,50.0,0,0.0,参考
3528.0,笠　野　　友紀恵,3,6,0.0,0.0,16.67,16.67,0.24,0.1,0.36,0.0,0,0.0,C
4769.0,馬　場　　　　剛,3,14,21.43,21.43,21.43,64.29,0.104,0.05,0.22,28.57,0,0.0,B
4293.0,鈴　木　　智　啓,1,6,83.33,0.0,0.0,83.33,0.175,0.1,0.29,16.67,0,0.0,C
3949.0,今　出　　晋　二,4,5,0.0,20.0,0.0,20.0,0.202,0.18,0.24,20.0,0,0.0,C
4268.0,和　合　　俊　介,5,3,0.0,33.33,0.0,33.33,0.173,0.14,0.24,33.33,0,0.0,参考
4429.0,豊　田　　泰　洋,6,3,0.0,0.0,0.0,0.0,0.193,0.15,0.25,0.0,0,0.0,参考
4380.0,鈴　木　　峻　佑,1,5,20.0,40.0,20.0,80.0,0.14,0.09,0.21,40.0,0,0.0,C
3725.0,向　　　　達　哉,2,4,25.0,25.0,0.0,50.0,0.133,0.09,0.17,50.0,0,0.0,参考
4638.0,小　林　　遼　太,3,3,33.33,33.33,33.33,100.0,0.137,0.11,0.17,0.0,0,0.0,参考
4425.0,大　井　　清　貴,5,3,0.0,33.33,0.0,33.33,0.147,0.09,0.2,0.0,0,0.0,参考
4164.0,岩　永　　節　也,6,3,0.0,0.0,33.33,33.33,0.177,0.13,0.21,0.0,0,0.0,参考
4363.0,大　野　　芳　顕,3,6,0.0,16.67,0.0,16.67,0.128,0.08,0.18,33.33,0,0.0,C
4257.0,古　川　　　　健,5,5,0.0,0.0,20.0,20.0,0.14,0.1,0.16,0.0,0,0.0,C
4114.0,深　澤　　達　徳,1,17,76.47,17.65,5.88,100.0,0.132,0.04,0.28,41.18,0,0.0,B
3212.0,亀　本　　勇　樹,3,5,0.0,40.0,20.0,60.0,0.11,0.04,0.15,40.0,0,0.0,C
3721.0,守　田　　俊　介,6,3,0.0,66.67,33.33,100.0,0.123,0.04,0.18,0.0,0,0.0,参考
4293.0,鈴　木　　智　啓,3,5,0.0,20.0,40.0,60.0,0.144,0.09,0.19,20.0,0,0.0,C
3929.0,杢　野　　誓　良,2,6,0.0,33.33,16.67,50.0,0.14,0.07,0.18,16.67,0,0.0,C
3725.0,向　　　　達　哉,3,3,33.33,0.0,33.33,66.67,0.067,0.01,0.1,66.67,0,0.0,参考
3445.0,加　藤　　高　史,4,7,0.0,14.29,14.29,28.57,0.161,0.1,0.26,0.0,0,0.0,C
4363.0,大　野　　芳　顕,1,5,60.0,20.0,0.0,80.0,0.14,0.09,0.25,40.0,0,0.0,C
3284.0,渡　邊　　伸太郎,3,4,0.0,0.0,0.0,0.0,0.135,0.08,0.21,0.0,0,0.0,参考
4442.0,松　竹　　大　輔,4,9,11.11,0.0,22.22,33.33,0.131,0.06,0.22,11.11,0,0.0,C
3212.0,亀　本　　勇　樹,2,4,0.0,25.0,25.0,50.0,0.175,0.17,0.19,0.0,0,0.0,参考
3251.0,平　石　　和　男,3,15,20.0,6.67,26.67,53.33,0.173,0.11,0.25,6.67,0,0.0,B
4380.0,鈴　木　　峻　佑,4,6,0.0,0.0,16.67,16.67,0.17,0.04,0.22,16.67,0,0.0,C
4257.0,古　川　　　　健,6,4,0.0,0.0,0.0,0.0,0.14,0.07,0.18,25.0,0,0.0,参考
3929.0,杢　野　　誓　良,3,5,0.0,60.0,20.0,80.0,0.134,0.11,0.18,20.0,0,0.0,C
4114.0,深　澤　　達　徳,4,18,16.67,27.78,27.78,72.22,0.183,0.01,0.36,11.11,0,0.0,B
3445.0,加　藤　　高　史,5,5,20.0,40.0,0.0,60.0,0.142,0.11,0.18,20.0,0,0.0,C
3251.0,平　石　　和　男,1,17,47.06,17.65,17.65,82.35,0.169,0.09,0.33,0.0,0,0.0,B
3721.0,守　田　　俊　介,5,5,40.0,0.0,0.0,40.0,0.136,0.1,0.19,40.0,0,0.0,C
4052.0,興　津　　　　藍,6,3,0.0,0.0,0.0,0.0,0.167,0.09,0.29,0.0,0,0.0,参考
4425.0,大　井　　清　貴,1,3,0.0,33.33,33.33,66.67,0.17,0.1,0.23,0.0,0,0.0,参考
3949.0,今　出　　晋　二,2,4,0.0,0.0,25.0,25.0,0.133,0.07,0.18,25.0,0,0.0,参考
4257.0,古　川　　　　健,2,4,0.0,75.0,0.0,75.0,0.138,0.09,0.22,25.0,0,0.0,参考
3445.0,加　藤　　高　史,3,8,12.5,12.5,37.5,62.5,0.2,0.07,0.45,25.0,0,0.0,C
4380.0,鈴　木　　峻　佑,6,5,0.0,40.0,0.0,40.0,0.196,0.13,0.31,0.0,0,0.0,C
4429.0,豊　田　　泰　洋,4,6,0.0,16.67,0.0,16.67,0.172,0.08,0.28,16.67,0,0.0,C
4442.0,松　竹　　大　輔,5,9,11.11,22.22,0.0,33.33,0.204,0.1,0.35,33.33,0,0.0,C
3284.0,渡　邊　　伸太郎,1,5,40.0,20.0,20.0,80.0,0.116,0.03,0.23,20.0,0,0.0,C
4114.0,深　澤　　達　徳,2,19,15.79,15.79,21.05,52.63,0.182,0.05,0.35,15.79,0,0.0,B
4022.0,待　鳥　　雄　紀,3,8,25.0,12.5,25.0,62.5,0.136,0.03,0.23,25.0,0,0.0,C
4078.0,渡　辺　　史　之,5,5,0.0,0.0,0.0,0.0,0.164,0.08,0.28,0.0,0,0.0,C
3251.0,平　石　　和　男,6,16,0.0,0.0,31.25,31.25,0.201,0.1,0.28,6.25,0,0.0,B
4268.0,和　合　　俊　介,1,3,33.33,66.67,0.0,100.0,0.113,0.06,0.2,33.33,0,0.0,参考
4396.0,大　田　　直　弥,2,5,0.0,40.0,20.0,60.0,0.15,0.1,0.26,0.0,0,0.0,C
3949.0,今　出　　晋　二,1,5,20.0,20.0,0.0,40.0,0.14,0.07,0.25,20.0,0,0.0,C
4638.0,小　林　　遼　太,2,4,0.0,50.0,0.0,50.0,0.193,0.15,0.28,25.0,0,0.0,参考
4370.0,山　口　　達　也,6,6,16.67,16.67,0.0,33.33,0.275,0.12,0.4,16.67,0,0.0,C
4425.0,大　井　　清　貴,3,4,0.0,25.0,0.0,25.0,0.18,0.08,0.28,0.0,0,0.0,参考
4489.0,岩　川　　仁　士,4,3,66.67,33.33,0.0,100.0,0.12,0.11,0.13,33.33,0,0.0,参考
4363.0,大　野　　芳　顕,6,7,0.0,0.0,14.29,14.29,0.141,0.08,0.28,28.57,0,0.0,C
3929.0,杢　野　　誓　良,1,3,0.0,100.0,0.0,100.0,0.183,0.17,0.2,0.0,0,0.0,参考
4442.0,松　竹　　大　輔,3,7,0.0,0.0,28.57,28.57,0.139,0.07,0.28,14.29,0,0.0,C
3721.0,守　田　　俊　介,4,6,50.0,33.33,0.0,83.33,0.127,0.06,0.27,66.67,0,0.0,C
4078.0,渡　辺　　史　之,3,3,0.0,0.0,0.0,0.0,0.187,0.12,0.32,0.0,0,0.0,参考
4429.0,豊　田　　泰　洋,5,4,0.0,0.0,25.0,25.0,0.125,0.06,0.16,50.0,0,0.0,参考
3284.0,渡　邊　　伸太郎,2,5,20.0,0.0,20.0,40.0,0.162,0.12,0.22,0.0,0,0.0,C
4521.0,小　池　　公　生,4,6,16.67,33.33,16.67,66.67,0.168,0.13,0.23,16.67,0,0.0,C
4293.0,鈴　木　　智　啓,2,7,28.57,28.57,14.29,71.43,0.156,0.09,0.31,0.0,0,0.0,C
4638.0,小　林　　遼　太,4,5,0.0,40.0,0.0,40.0,0.162,0.14,0.19,0.0,0,0.0,C
3251.0,平　石　　和　男,5,10,10.0,30.0,10.0,50.0,0.185,0.13,0.28,0.0,0,0.0,B
4052.0,興　津　　　　藍,1,3,100.0,0.0,0.0,100.0,0.103,0.08,0.13,33.33,0,0.0,参考
4268.0,和　合　　俊　介,2,3,0.0,33.33,0.0,33.33,0.15,0.1,0.22,0.0,0,0.0,参考
4489.0,岩　川　　仁　士,3,3,33.33,0.0,33.33,66.67,0.063,0.02,0.09,100.0,0,0.0,参考
4257.0,古　川　　　　健,3,4,50.0,25.0,0.0,75.0,0.147,0.04,0.26,0.0,0,0.0,参考
3284.0,渡　邊　　伸太郎,4,6,0.0,0.0,50.0,50.0,0.175,0.09,0.29,16.67,0,0.0,C
3949.0,今　出　　晋　二,5,4,0.0,0.0,25.0,25.0,0.122,0.04,0.19,25.0,0,0.0,参考
4425.0,大　井　　清　貴,6,3,0.0,0.0,0.0,0.0,0.223,0.16,0.26,0.0,0,0.0,参考
4078.0,渡　辺　　史　之,2,4,0.0,0.0,0.0,0.0,0.168,0.1,0.23,0.0,0,0.0,参考
4442.0,松　竹　　大　輔,6,6,0.0,0.0,16.67,16.67,0.148,0.11,0.19,16.67,0,0.0,C
4380.0,鈴　木　　峻　佑,2,6,0.0,16.67,33.33,50.0,0.155,0.1,0.22,0.0,0,0.0,C
4363.0,大　野　　芳　顕,4,7,42.86,0.0,14.29,57.14,0.11,0.07,0.15,42.86,0,0.0,C
4293.0,鈴　木　　智　啓,5,4,25.0,0.0,25.0,50.0,0.158,0.13,0.19,25.0,0,0.0,参考
4429.0,豊　田　　泰　洋,2,6,16.67,16.67,16.67,50.0,0.143,0.06,0.26,0.0,0,0.0,C
3445.0,加　藤　　高　史,1,5,40.0,40.0,20.0,100.0,0.142,0.05,0.21,0.0,0,0.0,C
3721.0,守　田　　俊　介,3,3,33.33,33.33,0.0,66.67,0.143,0.06,0.23,33.33,0,0.0,参考
3725.0,向　　　　達　哉,4,4,0.0,0.0,50.0,50.0,0.163,0.09,0.21,0.0,0,0.0,参考
3284.0,渡　邊　　伸太郎,5,5,0.0,0.0,0.0,0.0,0.182,0.08,0.29,0.0,0,0.0,C
3251.0,平　石　　和　男,4,11,0.0,27.27,45.45,72.73,0.182,0.07,0.27,9.09,0,0.0,B
4114.0,深　澤　　達　徳,5,15,0.0,6.67,20.0,26.67,0.175,0.06,0.29,6.67,0,0.0,B
4638.0,小　林　　遼　太,1,4,25.0,25.0,0.0,50.0,0.18,0.14,0.23,0.0,0,0.0,参考
4489.0,岩　川　　仁　士,5,3,0.0,0.0,0.0,0.0,0.133,0.1,0.19,0.0,0,0.0,参考
3212.0,亀　本　　勇　樹,6,4,0.0,25.0,25.0,50.0,0.228,0.13,0.3,0.0,0,0.0,参考
4257.0,古　川　　　　健,1,5,60.0,20.0,0.0,80.0,0.164,0.08,0.25,20.0,0,0.0,C
4268.0,和　合　　俊　介,4,4,0.0,0.0,25.0,25.0,0.16,0.1,0.23,25.0,0,0.0,参考
3929.0,杢　野　　誓　良,5,7,14.29,14.29,14.29,42.86,0.146,0.05,0.21,42.86,0,0.0,C
3445.0,加　藤　　高　史,2,6,50.0,16.67,0.0,66.67,0.172,0.08,0.23,16.67,0,0.0,C
4380.0,鈴　木　　峻　佑,3,5,0.0,40.0,0.0,40.0,0.158,0.05,0.21,0.0,0,0.0,C
4293.0,鈴　木　　智　啓,4,5,0.0,40.0,0.0,40.0,0.152,0.11,0.24,40.0,0,0.0,C
3251.0,平　石　　和　男,2,11,9.09,9.09,9.09,27.27,0.168,0.12,0.25,0.0,0,0.0,B
4531.0,武　富　　智　亮,3,5,20.0,40.0,0.0,60.0,0.13,0.12,0.15,0.0,0,0.0,C
4363.0,大　野　　芳　顕,5,6,0.0,0.0,33.33,33.33,0.137,0.09,0.19,33.33,0,0.0,C
3721.0,守　田　　俊　介,1,5,80.0,0.0,20.0,100.0,0.122,0.02,0.17,40.0,0,0.0,C
4114.0,深　澤　　達　徳,3,17,5.88,17.65,17.65,41.18,0.125,0.01,0.23,11.76,0,0.0,B
3929.0,杢　野　　誓　良,4,5,0.0,20.0,40.0,60.0,0.138,0.1,0.17,0.0,0,0.0,C
4489.0,岩　川　　仁　士,6,3,0.0,0.0,33.33,33.33,0.173,0.11,0.28,0.0,0,0.0,参考
4078.0,渡　辺　　史　之,1,3,0.0,33.33,0.0,33.33,0.173,0.09,0.23,0.0,0,0.0,参考
4429.0,豊　田　　泰　洋,3,5,0.0,20.0,20.0,40.0,0.158,0.08,0.22,20.0,0,0.0,C
4638.0,小　林　　遼　太,5,4,0.0,0.0,0.0,0.0,0.215,0.17,0.24,0.0,0,0.0,参考
4293.0,鈴　木　　智　啓,6,5,0.0,20.0,20.0,40.0,0.152,0.1,0.21,20.0,0,0.0,C
4442.0,松　竹　　大　輔,1,7,85.71,0.0,14.29,100.0,0.103,0.01,0.2,42.86,0,0.0,C
4425.0,大　井　　清　貴,4,3,0.0,0.0,0.0,0.0,0.123,0.02,0.22,33.33,0,0.0,参考
3725.0,向　　　　達　哉,5,3,0.0,0.0,33.33,33.33,0.197,0.12,0.35,33.33,0,0.0,参考
3721.0,守　田　　俊　介,2,6,0.0,66.67,16.67,83.33,0.128,0.08,0.19,33.33,0,0.0,C
4429.0,豊　田　　泰　洋,1,3,33.33,33.33,0.0,66.67,0.113,0.06,0.15,66.67,0,0.0,参考
4489.0,岩　川　　仁　士,2,3,0.0,66.67,33.33,100.0,0.127,0.05,0.17,33.33,0,0.0,参考
4268.0,和　合　　俊　介,3,4,0.0,75.0,0.0,75.0,0.115,0.03,0.18,25.0,0,0.0,参考
4380.0,鈴　木　　峻　佑,5,4,0.0,50.0,25.0,75.0,0.145,0.04,0.25,0.0,0,0.0,参考
4638.0,小　林　　遼　太,6,3,0.0,0.0,33.33,33.33,0.143,0.14,0.15,0.0,0,0.0,参考
4442.0,松　竹　　大　輔,2,9,11.11,0.0,55.56,66.67,0.149,0.04,0.29,22.22,0,0.0,C
4078.0,渡　辺　　史　之,4,5,0.0,0.0,20.0,20.0,0.21,0.11,0.36,0.0,0,0.0,C
3284.0,渡　邊　　伸太郎,6,4,25.0,0.0,25.0,50.0,0.163,0.07,0.22,0.0,0,0.0,参考
4425.0,大　井　　清　貴,2,3,0.0,33.33,0.0,33.33,0.25,0.2,0.29,0.0,0,0.0,参考
3949.0,今　出　　晋　二,3,5,20.0,0.0,20.0,40.0,0.204,0.15,0.27,0.0,0,0.0,C
3445.0,加　藤　　高　史,6,5,0.0,20.0,20.0,40.0,0.204,0.17,0.27,0.0,0,0.0,C
4521.0,小　池　　公　生,1,4,50.0,25.0,25.0,100.0,0.122,0.08,0.17,50.0,0,0.0,参考
3929.0,杢　野　　誓　良,6,3,0.0,0.0,33.33,33.33,0.1,0.08,0.12,0.0,0,0.0,参考
3212.0,亀　本　　勇　樹,1,3,33.33,66.67,0.0,100.0,0.13,0.05,0.19,33.33,0,0.0,参考
4363.0,大　野　　芳　顕,2,6,16.67,50.0,0.0,66.67,0.13,0.06,0.2,16.67,0,0.0,C
4421.0,森　作　　広　大,6,8,0.0,25.0,0.0,25.0,0.196,0.08,0.3,0.0,0,0.0,C
3949.0,今　出　　晋　二,6,5,0.0,20.0,0.0,20.0,0.198,0.13,0.26,0.0,0,0.0,C
4114.0,深　澤　　達　徳,6,14,0.0,21.43,28.57,50.0,0.188,0.08,0.31,0.0,0,0.0,B
4836.0,大　谷　　健　太,4,9,0.0,11.11,11.11,22.22,0.132,0.01,0.23,22.22,0,0.0,C
4883.0,岡　部　　大　輝,6,13,0.0,7.69,15.38,23.08,0.197,0.1,0.39,15.38,0,0.0,B
4809.0,外　崎　　　　悟,5,15,0.0,26.67,26.67,53.33,0.165,0.08,0.3,20.0,0,0.0,B
3141.0,山　来　　和　人,2,9,0.0,44.44,11.11,55.56,0.19,0.08,0.36,11.11,0,0.0,C
3412.0,鈴　木　　　　博,6,9,0.0,11.11,22.22,33.33,0.148,0.09,0.21,33.33,0,0.0,C
3686.0,鳥居塚　　孝　博,1,9,55.56,22.22,11.11,88.89,0.124,0.07,0.18,55.56,0,0.0,C
4036.0,金　田　　　　諭,5,9,44.44,11.11,11.11,66.67,0.134,0.07,0.2,33.33,0,0.0,C
4836.0,大　谷　　健　太,6,12,0.0,16.67,33.33,50.0,0.152,0.06,0.27,25.0,0,0.0,B
4809.0,外　崎　　　　悟,4,11,27.27,9.09,27.27,63.64,0.143,0.01,0.23,27.27,0,0.0,B
3228.0,伸　澤　　　　進,6,3,0.0,0.0,0.0,0.0,0.193,0.13,0.25,0.0,0,0.0,参考
3880.0,浅　見　　宗　孝,3,8,0.0,12.5,37.5,50.0,0.195,0.12,0.28,0.0,0,0.0,C
3826.0,村　田　　修　次,6,16,12.5,18.75,12.5,43.75,0.162,0.08,0.28,18.75,0,0.0,B
3141.0,山　来　　和　人,1,13,15.38,7.69,15.38,38.46,0.145,0.03,0.24,15.38,0,0.0,B
4036.0,金　田　　　　諭,6,11,0.0,18.18,0.0,18.18,0.168,0.03,0.28,9.09,0,0.0,B
4505.0,島　田　　賢　人,1,8,62.5,12.5,0.0,75.0,0.135,0.06,0.22,25.0,0,0.0,C
3740.0,大　澤　　普　司,6,13,7.69,7.69,30.77,46.15,0.119,0.06,0.19,61.54,0,0.0,B
3686.0,鳥居塚　　孝　博,2,9,22.22,22.22,33.33,77.78,0.148,0.09,0.22,22.22,0,0.0,C
3412.0,鈴　木　　　　博,3,7,28.57,28.57,28.57,85.71,0.151,0.08,0.19,0.0,0,0.0,C
3826.0,村　田　　修　次,5,16,6.25,12.5,31.25,50.0,0.112,0.02,0.2,31.25,0,0.0,B
4505.0,島　田　　賢　人,2,9,11.11,11.11,55.56,77.78,0.171,0.08,0.27,11.11,0,0.0,C
2883.0,柾　田　　敏　行,3,3,0.0,0.0,0.0,0.0,0.1,0.08,0.13,33.33,0,0.0,参考
4883.0,岡　部　　大　輝,5,12,8.33,16.67,16.67,41.67,0.148,0.06,0.25,8.33,0,0.0,B
3880.0,浅　見　　宗　孝,6,8,0.0,12.5,12.5,25.0,0.151,0.09,0.27,25.0,0,0.0,C
3740.0,大　澤　　普　司,4,11,0.0,27.27,27.27,54.55,0.174,0.04,0.34,9.09,0,0.0,B
4836.0,大　谷　　健　太,5,14,14.29,0.0,21.43,35.71,0.159,0.06,0.26,21.43,0,0.0,B
3826.0,村　田　　修　次,4,16,6.25,18.75,43.75,68.75,0.12,0.04,0.22,25.0,0,0.0,B
3141.0,山　来　　和　人,6,9,0.0,11.11,0.0,11.11,0.201,0.09,0.27,0.0,0,0.0,C
4540.0,相　原　　利　章,6,14,0.0,7.14,21.43,28.57,0.098,0.03,0.18,50.0,0,0.0,B
4036.0,金　田　　　　諭,3,11,9.09,36.36,18.18,63.64,0.181,0.08,0.34,27.27,0,0.0,B
3412.0,鈴　木　　　　博,5,12,8.33,16.67,41.67,66.67,0.179,0.1,0.28,33.33,0,0.0,B
3826.0,村　田　　修　次,3,17,23.53,23.53,11.76,58.82,0.125,0.03,0.21,35.29,0,0.0,B
4505.0,島　田　　賢　人,4,9,22.22,33.33,11.11,66.67,0.136,0.05,0.25,33.33,0,0.0,C
3686.0,鳥居塚　　孝　博,5,8,0.0,50.0,12.5,62.5,0.143,0.12,0.22,0.0,0,0.0,C
4809.0,外　崎　　　　悟,6,9,22.22,22.22,11.11,55.56,0.172,0.11,0.26,11.11,0,0.0,C
3880.0,浅　見　　宗　孝,5,9,0.0,0.0,33.33,33.33,0.156,0.08,0.22,11.11,0,0.0,C
4036.0,金　田　　　　諭,2,11,36.36,27.27,27.27,90.91,0.136,0.05,0.25,27.27,0,0.0,B
3740.0,大　澤　　普　司,5,7,14.29,28.57,14.29,57.14,0.101,0.03,0.24,28.57,0,0.0,C
3880.0,浅　見　　宗　孝,2,10,30.0,0.0,50.0,80.0,0.165,0.1,0.26,10.0,0,0.0,B
3141.0,山　来　　和　人,4,8,0.0,50.0,25.0,75.0,0.159,0.08,0.27,25.0,0,0.0,C
3826.0,村　田　　修　次,1,23,39.13,39.13,4.35,82.61,0.156,0.04,0.34,21.74,0,0.0,A
4540.0,相　原　　利　章,3,19,10.53,21.05,31.58,63.16,0.137,0.03,0.39,36.84,0,0.0,B
3880.0,浅　見　　宗　孝,1,9,11.11,55.56,11.11,77.78,0.138,0.08,0.25,44.44,0,0.0,C
3686.0,鳥居塚　　孝　博,3,9,11.11,33.33,22.22,66.67,0.148,0.07,0.21,11.11,0,0.0,C
3826.0,村　田　　修　次,2,19,10.53,31.58,10.53,52.63,0.119,0.01,0.22,21.05,0,0.0,B
3740.0,大　澤　　普　司,3,14,21.43,14.29,28.57,64.29,0.121,0.05,0.19,21.43,0,0.0,B
4505.0,島　田　　賢　人,6,10,0.0,10.0,40.0,50.0,0.178,0.07,0.32,10.0,0,0.0,B
3412.0,鈴　木　　　　博,2,12,25.0,50.0,8.33,83.33,0.189,0.08,0.38,0.0,0,0.0,B
4036.0,金　田　　　　諭,1,13,46.15,30.77,7.69,84.62,0.13,0.05,0.23,38.46,0,0.0,B
3141.0,山　来　　和　人,3,12,16.67,16.67,33.33,66.67,0.149,0.09,0.21,16.67,0,0.0,B
3686.0,鳥居塚　　孝　博,4,6,16.67,0.0,50.0,66.67,0.133,0.06,0.19,33.33,0,0.0,C
3412.0,鈴　木　　　　博,1,14,50.0,28.57,7.14,85.71,0.147,0.05,0.25,64.29,0,0.0,B
3740.0,大　澤　　普　司,2,8,37.5,25.0,12.5,75.0,0.135,0.09,0.19,37.5,0,0.0,C
4036.0,金　田　　　　諭,4,9,33.33,11.11,22.22,66.67,0.12,0.03,0.26,55.56,0,0.0,C
3880.0,浅　見　　宗　孝,4,8,0.0,25.0,50.0,75.0,0.171,0.13,0.23,12.5,0,0.0,C
3412.0,鈴　木　　　　博,4,7,42.86,14.29,28.57,85.71,0.204,0.16,0.28,14.29,0,0.0,C
3740.0,大　澤　　普　司,1,10,50.0,20.0,0.0,70.0,0.134,0.08,0.26,50.0,0,0.0,B
3141.0,山　来　　和　人,5,9,0.0,0.0,11.11,11.11,0.228,0.11,0.37,0.0,0,0.0,C
3686.0,鳥居塚　　孝　博,6,8,0.0,25.0,37.5,62.5,0.17,0.11,0.21,0.0,0,0.0,C
3847.0,鈴　木　　孝　之,3,4,0.0,0.0,25.0,25.0,0.09,0.01,0.18,50.0,0,0.0,参考
4766.0,石　井　　孝　之,6,12,8.33,0.0,0.0,8.33,0.145,0.06,0.23,33.33,0,0.0,B
4561.0,藤　山　　翔　大,3,10,20.0,30.0,10.0,60.0,0.15,0.01,0.36,20.0,0,0.0,B
4859.0,染　川　　直　哉,6,5,0.0,0.0,0.0,0.0,0.14,0.02,0.22,40.0,0,0.0,C
4461.0,安　田　　吉　宏,2,9,11.11,0.0,33.33,44.44,0.222,0.05,0.45,11.11,0,0.0,C
3905.0,天　野　　友　和,6,4,0.0,25.0,25.0,50.0,0.135,0.11,0.17,0.0,0,0.0,参考
3885.0,久　田　　　　武,2,11,0.0,45.45,27.27,72.73,0.16,0.1,0.25,0.0,0,0.0,B
4118.0,宇佐見　　　　淳,2,8,37.5,25.0,25.0,87.5,0.111,0.03,0.22,37.5,0,0.0,C
3714.0,梶　原　　　　正,3,12,8.33,25.0,25.0,58.33,0.134,0.06,0.23,33.33,0,0.0,B
4528.0,黒　井　　達　矢,4,5,40.0,20.0,0.0,60.0,0.106,0.04,0.15,20.0,0,0.0,C
4808.0,松　尾　　　　拓,1,5,60.0,0.0,40.0,100.0,0.144,0.14,0.16,60.0,0,0.0,C
4409.0,坂　元　　浩　仁,5,6,16.67,33.33,33.33,83.33,0.157,0.1,0.24,33.33,0,0.0,C
3847.0,鈴　木　　孝　之,6,3,0.0,0.0,0.0,0.0,0.203,0.09,0.36,0.0,0,0.0,参考
4461.0,安　田　　吉　宏,4,8,12.5,25.0,12.5,50.0,0.17,0.06,0.28,0.0,0,0.0,C
3885.0,久　田　　　　武,1,6,66.67,16.67,16.67,100.0,0.105,0.03,0.21,100.0,0,0.0,C
3576.0,白　水　　勝　也,4,4,0.0,50.0,25.0,75.0,0.215,0.14,0.27,0.0,0,0.0,参考
3346.0,宮　本　　裕　之,6,9,11.11,11.11,0.0,22.22,0.172,0.06,0.29,11.11,0,0.0,C
4118.0,宇佐見　　　　淳,4,9,33.33,11.11,0.0,44.44,0.127,0.07,0.16,22.22,0,0.0,C
4561.0,藤　山　　翔　大,6,9,22.22,0.0,11.11,33.33,0.184,0.12,0.25,11.11,0,0.0,C
4808.0,松　尾　　　　拓,2,3,33.33,0.0,33.33,66.67,0.193,0.1,0.36,33.33,0,0.0,参考
4016.0,西　川　　新太郎,4,4,0.0,0.0,25.0,25.0,0.19,0.14,0.27,50.0,0,0.0,参考
3828.0,明　石　　正　之,6,4,0.0,25.0,0.0,25.0,0.25,0.16,0.31,0.0,0,0.0,参考
3905.0,天　野　　友　和,3,5,20.0,20.0,20.0,60.0,0.208,0.16,0.26,0.0,0,0.0,C
3714.0,梶　原　　　　正,5,7,0.0,14.29,14.29,28.57,0.163,0.13,0.19,14.29,0,0.0,C
4528.0,黒　井　　達　矢,1,9,77.78,0.0,22.22,100.0,0.147,0.06,0.24,44.44,0,0.0,C
3576.0,白　水　　勝　也,2,3,33.33,33.33,0.0,66.67,0.247,0.2,0.32,0.0,0,0.0,参考
4409.0,坂　元　　浩　仁,6,6,16.67,16.67,0.0,33.33,0.123,0.05,0.19,33.33,0,0.0,C
3346.0,宮　本　　裕　之,3,6,33.33,33.33,16.67,83.33,0.093,0.02,0.17,66.67,0,0.0,C
4766.0,石　井　　孝　之,5,12,0.0,0.0,0.0,0.0,0.129,0.01,0.29,33.33,0,0.0,B
4461.0,安　田　　吉　宏,1,8,50.0,12.5,12.5,75.0,0.156,0.1,0.22,50.0,0,0.0,C
3576.0,白　水　　勝　也,1,8,75.0,12.5,12.5,100.0,0.131,0.04,0.24,50.0,0,0.0,C
3905.0,天　野　　友　和,4,4,25.0,50.0,25.0,100.0,0.17,0.1,0.2,25.0,0,0.0,参考
4305.0,金　子　　拓　矢,1,15,73.33,13.33,6.67,93.33,0.129,0.04,0.22,40.0,0,0.0,B
3885.0,久　田　　　　武,4,9,22.22,11.11,44.44,77.78,0.158,0.11,0.21,0.0,0,0.0,C
4528.0,黒　井　　達　矢,6,6,16.67,0.0,33.33,50.0,0.187,0.1,0.36,33.33,0,0.0,C
4118.0,宇佐見　　　　淳,3,9,22.22,22.22,44.44,88.89,0.098,0.03,0.15,44.44,0,0.0,C
3847.0,鈴　木　　孝　之,4,3,0.0,0.0,0.0,0.0,0.117,0.09,0.14,66.67,0,0.0,参考
4859.0,染　川　　直　哉,5,4,0.0,25.0,0.0,25.0,0.223,0.2,0.25,0.0,0,0.0,参考
4016.0,西　川　　新太郎,3,6,0.0,33.33,16.67,50.0,0.122,0.08,0.16,16.67,0,0.0,C
3828.0,明　石　　正　之,2,4,25.0,25.0,0.0,50.0,0.16,0.13,0.25,0.0,0,0.0,参考
4409.0,坂　元　　浩　仁,3,7,14.29,0.0,0.0,14.29,0.116,0.09,0.15,28.57,0,0.0,C
3346.0,宮　本　　裕　之,2,8,25.0,0.0,0.0,25.0,0.156,0.02,0.26,25.0,0,0.0,C
4528.0,黒　井　　達　矢,5,5,40.0,0.0,20.0,60.0,0.162,0.11,0.29,20.0,0,0.0,C
3714.0,梶　原　　　　正,1,7,0.0,42.86,28.57,71.43,0.146,0.06,0.31,28.57,0,0.0,C
4016.0,西　川　　新太郎,5,4,0.0,0.0,0.0,0.0,0.152,0.09,0.25,0.0,0,0.0,参考
4118.0,宇佐見　　　　淳,1,7,71.43,28.57,0.0,100.0,0.103,0.01,0.19,100.0,0,0.0,C
4561.0,藤　山　　翔　大,2,13,23.08,38.46,0.0,61.54,0.23,0.01,0.34,7.69,0,0.0,B
3576.0,白　水　　勝　也,3,5,40.0,40.0,0.0,80.0,0.15,0.08,0.28,0.0,0,0.0,C
4378.0,川　下　　晃　司,3,3,0.0,66.67,33.33,100.0,0.223,0.19,0.24,0.0,0,0.0,参考
3905.0,天　野　　友　和,5,6,33.33,16.67,0.0,50.0,0.13,0.08,0.17,50.0,0,0.0,C
3847.0,鈴　木　　孝　之,1,3,33.33,0.0,0.0,33.33,0.153,0.02,0.22,33.33,0,0.0,参考
4808.0,松　尾　　　　拓,3,6,66.67,16.67,16.67,100.0,0.17,0.14,0.19,33.33,0,0.0,C
4461.0,安　田　　吉　宏,3,7,0.0,0.0,0.0,0.0,0.181,0.11,0.32,28.57,0,0.0,C
4118.0,宇佐見　　　　淳,6,5,20.0,20.0,0.0,40.0,0.132,0.11,0.17,0.0,0,0.0,C
4016.0,西　川　　新太郎,1,5,40.0,40.0,0.0,80.0,0.132,0.1,0.21,60.0,0,0.0,C
4409.0,坂　元　　浩　仁,2,6,16.67,33.33,16.67,66.67,0.118,0.09,0.14,50.0,0,0.0,C
3714.0,梶　原　　　　正,6,5,0.0,0.0,20.0,20.0,0.124,0.03,0.2,0.0,0,0.0,C
3847.0,鈴　木　　孝　之,2,3,33.33,0.0,0.0,33.33,0.223,0.05,0.35,66.67,0,0.0,参考
3576.0,白　水　　勝　也,5,3,0.0,33.33,0.0,33.33,0.227,0.17,0.33,33.33,0,0.0,参考
3885.0,久　田　　　　武,6,6,0.0,0.0,33.33,33.33,0.247,0.21,0.38,0.0,0,0.0,C
3346.0,宮　本　　裕　之,4,7,14.29,14.29,14.29,42.86,0.167,0.08,0.26,28.57,0,0.0,C
3905.0,天　野　　友　和,2,6,50.0,16.67,33.33,100.0,0.123,0.02,0.23,50.0,0,0.0,C
4461.0,安　田　　吉　宏,6,7,0.0,0.0,14.29,14.29,0.13,0.09,0.17,14.29,0,0.0,C
4528.0,黒　井　　達　矢,2,6,66.67,0.0,0.0,66.67,0.115,0.03,0.17,33.33,0,0.0,C
4118.0,宇佐見　　　　淳,5,8,0.0,0.0,25.0,25.0,0.145,0.09,0.23,12.5,0,0.0,C
3885.0,久　田　　　　武,3,7,14.29,42.86,14.29,71.43,0.196,0.17,0.29,0.0,0,0.0,C
3346.0,宮　本　　裕　之,1,5,0.0,40.0,0.0,40.0,0.134,0.04,0.17,20.0,0,0.0,C
4016.0,西　川　　新太郎,2,4,0.0,50.0,25.0,75.0,0.165,0.14,0.2,0.0,0,0.0,参考
3576.0,白　水　　勝　也,6,5,20.0,20.0,0.0,40.0,0.182,0.12,0.22,0.0,0,0.0,C
4409.0,坂　元　　浩　仁,1,7,57.14,28.57,0.0,85.71,0.129,0.08,0.23,28.57,0,0.0,C
3714.0,梶　原　　　　正,2,8,0.0,37.5,25.0,62.5,0.15,0.08,0.23,25.0,0,0.0,C
4461.0,安　田　　吉　宏,5,8,0.0,0.0,12.5,12.5,0.164,0.09,0.24,12.5,0,0.0,C
3847.0,鈴　木　　孝　之,5,3,66.67,0.0,0.0,66.67,0.117,0.08,0.17,66.67,0,0.0,参考
3905.0,天　野　　友　和,1,5,40.0,40.0,20.0,100.0,0.154,0.1,0.18,20.0,0,0.0,C
4409.0,坂　元　　浩　仁,4,8,12.5,50.0,0.0,62.5,0.144,0.08,0.21,50.0,0,0.0,C
2969.0,久　田　　正　晴,6,3,0.0,0.0,0.0,0.0,0.19,0.09,0.33,0.0,0,0.0,参考
4528.0,黒　井　　達　矢,3,6,33.33,16.67,16.67,66.67,0.12,0.08,0.17,0.0,0,0.0,C
3714.0,梶　原　　　　正,4,8,0.0,0.0,50.0,50.0,0.168,0.09,0.32,12.5,0,0.0,C
3885.0,久　田　　　　武,5,8,0.0,25.0,25.0,50.0,0.182,0.09,0.27,25.0,0,0.0,C
3688.0,入　倉　　数　広,6,3,0.0,0.0,0.0,0.0,0.163,0.11,0.23,0.0,0,0.0,参考
3346.0,宮　本　　裕　之,5,8,0.0,25.0,12.5,37.5,0.144,0.04,0.28,25.0,0,0.0,C
4779.0,伊　倉　　　　光,5,13,7.69,7.69,15.38,30.77,0.141,0.07,0.23,23.08,0,0.0,B
4779.0,伊　倉　　　　光,4,16,18.75,0.0,18.75,37.5,0.163,0.03,0.35,25.0,0,0.0,B
4182.0,吉　田　　和　仁,2,3,0.0,33.33,33.33,66.67,0.247,0.2,0.28,0.0,0,0.0,参考
3280.0,垣　内　　清　美,2,6,16.67,16.67,16.67,50.0,0.225,0.19,0.24,0.0,0,0.0,C
4801.0,小　城　　千　奈,5,5,20.0,0.0,0.0,20.0,0.182,0.11,0.26,0.0,0,0.0,C
4804.0,高　田　　ひかる,6,9,0.0,11.11,11.11,22.22,0.171,0.02,0.28,33.33,0,0.0,C
4181.0,花　本　　夏　樹,2,6,0.0,33.33,33.33,66.67,0.195,0.11,0.33,16.67,0,0.0,C
4220.0,深　川　　和　仁,1,3,33.33,33.33,0.0,66.67,0.1,0.06,0.13,66.67,0,0.0,参考
3870.0,寺　嶋　　　　雄,2,3,0.0,0.0,0.0,0.0,0.177,0.15,0.22,0.0,0,0.0,参考
4102.0,益　田　　啓　司,4,8,12.5,25.0,12.5,50.0,0.133,0.09,0.18,12.5,0,0.0,C
3909.0,佐々木　　康　幸,2,9,11.11,33.33,22.22,66.67,0.109,0.04,0.17,44.44,0,0.0,C
4182.0,吉　田　　和　仁,3,3,0.0,33.33,0.0,33.33,0.16,0.14,0.19,0.0,0,0.0,参考
3484.0,芝　田　　浩　治,4,11,27.27,18.18,27.27,72.73,0.141,0.08,0.21,18.18,0,0.0,B
4440.0,萩　原　　知　哉,3,5,0.0,20.0,0.0,20.0,0.14,0.07,0.17,0.0,0,0.0,C
3761.0,山　本　　光　雄,6,4,25.0,0.0,0.0,25.0,0.163,0.09,0.22,0.0,0,0.0,参考
4181.0,花　本　　夏　樹,1,5,20.0,40.0,0.0,60.0,0.162,0.11,0.22,40.0,0,0.0,C
4594.0,谷　川　　祐　一,2,8,12.5,50.0,0.0,62.5,0.144,0.09,0.21,50.0,0,0.0,C
4494.0,河　合　　佑　樹,5,5,0.0,40.0,20.0,60.0,0.15,0.1,0.19,40.0,0,0.0,C
3731.0,高　濱　　芳　久,6,4,25.0,0.0,25.0,50.0,0.165,0.07,0.29,25.0,0,0.0,参考
3280.0,垣　内　　清　美,1,5,40.0,0.0,40.0,80.0,0.186,0.14,0.21,0.0,0,0.0,C
4220.0,深　川　　和　仁,3,3,0.0,33.33,66.67,100.0,0.177,0.09,0.25,0.0,0,0.0,参考
4099.0,吉　永　　則　雄,6,5,0.0,0.0,20.0,20.0,0.16,0.12,0.23,0.0,0,0.0,C
4538.0,笠　置　　博　之,4,9,33.33,0.0,0.0,33.33,0.122,0.05,0.19,33.33,0,0.0,C
4109.0,谷　津　　幸　宏,1,6,33.33,16.67,0.0,50.0,0.097,0.04,0.17,33.33,0,0.0,C
3484.0,芝　田　　浩　治,2,11,18.18,18.18,36.36,72.73,0.154,0.09,0.23,27.27,0,0.0,B
3827.0,今　泉　　　　徹,6,6,0.0,0.0,16.67,16.67,0.173,0.11,0.31,16.67,0,0.0,C
4102.0,益　田　　啓　司,1,11,63.64,27.27,0.0,90.91,0.104,0.04,0.17,36.36,0,0.0,B
3761.0,山　本　　光　雄,3,5,40.0,20.0,0.0,60.0,0.122,0.05,0.18,0.0,0,0.0,C
3731.0,高　濱　　芳　久,5,6,0.0,16.67,16.67,33.33,0.198,0.1,0.31,0.0,0,0.0,C
3814.0,金　子　　貴　志,6,3,0.0,0.0,0.0,0.0,0.173,0.1,0.26,0.0,0,0.0,参考
3529.0,松　本　　勝　也,1,3,33.33,33.33,33.33,100.0,0.183,0.13,0.28,0.0,0,0.0,参考
3909.0,佐々木　　康　幸,3,6,33.33,0.0,33.33,66.67,0.12,0.07,0.23,50.0,0,0.0,C
4099.0,吉　永　　則　雄,5,5,0.0,40.0,20.0,60.0,0.15,0.11,0.18,20.0,0,0.0,C
4494.0,河　合　　佑　樹,6,10,30.0,10.0,20.0,60.0,0.176,0.05,0.33,10.0,0,0.0,B
4440.0,萩　原　　知　哉,2,5,20.0,0.0,20.0,40.0,0.172,0.13,0.23,20.0,0,0.0,C
4804.0,高　田　　ひかる,5,6,16.67,16.67,0.0,33.33,0.168,0.05,0.29,33.33,0,0.0,C
4801.0,小　城　　千　奈,6,4,0.0,0.0,0.0,0.0,0.198,0.14,0.27,0.0,0,0.0,参考
3761.0,山　本　　光　雄,2,5,0.0,40.0,0.0,40.0,0.148,0.09,0.2,40.0,0,0.0,C
4538.0,笠　置　　博　之,3,9,11.11,33.33,11.11,55.56,0.159,0.06,0.21,11.11,0,0.0,C
3870.0,寺　嶋　　　　雄,4,4,25.0,25.0,0.0,50.0,0.17,0.13,0.19,0.0,0,0.0,参考
4099.0,吉　永　　則　雄,1,6,66.67,16.67,0.0,83.33,0.187,0.14,0.24,33.33,0,0.0,C
3827.0,今　泉　　　　徹,4,10,0.0,10.0,20.0,30.0,0.176,0.09,0.31,10.0,0,0.0,B
3814.0,金　子　　貴　志,3,4,25.0,25.0,25.0,75.0,0.205,0.14,0.25,0.0,0,0.0,参考
3798.0,稲　毛　　正　剛,4,3,33.33,0.0,33.33,66.67,0.193,0.18,0.21,0.0,0,0.0,参考
4594.0,谷　川　　祐　一,6,6,16.67,16.67,33.33,66.67,0.142,0.05,0.28,16.67,0,0.0,C
4496.0,内　堀　　　　学,1,23,47.83,21.74,13.04,82.61,0.174,0.05,0.3,13.04,0,0.0,A
4109.0,谷　津　　幸　宏,2,8,12.5,25.0,12.5,50.0,0.113,0.05,0.2,37.5,0,0.0,C
3280.0,垣　内　　清　美,3,7,14.29,28.57,14.29,57.14,0.193,0.13,0.27,0.0,0,0.0,C
3909.0,佐々木　　康　幸,5,11,9.09,9.09,9.09,27.27,0.113,0.06,0.16,45.45,0,0.0,B
4220.0,深　川　　和　仁,2,6,16.67,16.67,33.33,66.67,0.248,0.1,0.34,0.0,0,0.0,C
3582.0,吉　川　　昭　男,3,6,50.0,16.67,16.67,83.33,0.155,0.11,0.21,16.67,0,0.0,C
4804.0,高　田　　ひかる,4,6,33.33,0.0,0.0,33.33,0.228,0.12,0.52,33.33,0,0.0,C
4440.0,萩　原　　知　哉,1,5,20.0,0.0,20.0,40.0,0.174,0.11,0.31,0.0,0,0.0,C
4102.0,益　田　　啓　司,2,9,33.33,0.0,22.22,55.56,0.146,0.06,0.26,0.0,0,0.0,C
3731.0,高　濱　　芳　久,4,5,20.0,0.0,40.0,60.0,0.14,0.08,0.22,20.0,0,0.0,C
3484.0,芝　田　　浩　治,6,8,0.0,37.5,0.0,37.5,0.18,0.13,0.28,12.5,0,0.0,C
3761.0,山　本　　光　雄,1,4,100.0,0.0,0.0,100.0,0.11,0.05,0.16,25.0,0,0.0,参考
3814.0,金　子　　貴　志,2,5,0.0,60.0,20.0,80.0,0.134,0.03,0.22,20.0,0,0.0,C
4494.0,河　合　　佑　樹,4,5,0.0,20.0,40.0,60.0,0.15,0.12,0.2,20.0,0,0.0,C
3827.0,今　泉　　　　徹,5,13,0.0,7.69,0.0,7.69,0.162,0.09,0.33,15.38,0,0.0,B
4538.0,笠　置　　博　之,1,5,40.0,20.0,20.0,80.0,0.116,0.04,0.22,40.0,0,0.0,C
4181.0,花　本　　夏　樹,3,4,25.0,0.0,0.0,25.0,0.188,0.13,0.28,0.0,0,0.0,参考
4109.0,谷　津　　幸　宏,4,8,12.5,12.5,12.5,37.5,0.125,0.02,0.27,37.5,0,0.0,C
4099.0,吉　永　　則　雄,4,4,0.0,50.0,0.0,50.0,0.15,0.11,0.21,25.0,0,0.0,参考
3280.0,垣　内　　清　美,6,3,0.0,0.0,0.0,0.0,0.163,0.13,0.19,0.0,0,0.0,参考
3731.0,高　濱　　芳　久,1,4,50.0,25.0,0.0,75.0,0.16,0.08,0.23,0.0,0,0.0,参考
4594.0,谷　川　　祐　一,3,6,33.33,16.67,33.33,83.33,0.113,0.06,0.18,50.0,0,0.0,C
3484.0,芝　田　　浩　治,5,8,0.0,37.5,12.5,50.0,0.146,0.07,0.19,12.5,0,0.0,C
3909.0,佐々木　　康　幸,6,6,0.0,16.67,33.33,50.0,0.078,0.02,0.14,66.67,0,0.0,C
3827.0,今　泉　　　　徹,1,12,33.33,8.33,16.67,58.33,0.158,0.06,0.33,33.33,0,0.0,B
4594.0,谷　川　　祐　一,4,6,16.67,33.33,16.67,66.67,0.1,0.05,0.17,16.67,0,0.0,C
3814.0,金　子　　貴　志,4,5,20.0,0.0,20.0,40.0,0.16,0.07,0.26,0.0,0,0.0,C
3909.0,佐々木　　康　幸,1,11,63.64,0.0,0.0,63.64,0.086,0.03,0.16,45.45,0,0.0,B
4182.0,吉　田　　和　仁,4,5,40.0,0.0,0.0,40.0,0.168,0.16,0.18,0.0,0,0.0,C
4538.0,笠　置　　博　之,6,6,16.67,0.0,33.33,50.0,0.157,0.07,0.32,50.0,0,0.0,C
4494.0,河　合　　佑　樹,3,6,50.0,33.33,0.0,83.33,0.117,0.08,0.22,16.67,0,0.0,C
4440.0,萩　原　　知　哉,5,4,0.0,0.0,25.0,25.0,0.125,0.09,0.15,25.0,0,0.0,参考
4109.0,谷　津　　幸　宏,3,8,25.0,25.0,0.0,50.0,0.089,0.05,0.13,62.5,0,0.0,C
3761.0,山　本　　光　雄,4,4,25.0,0.0,0.0,25.0,0.16,0.14,0.18,0.0,0,0.0,参考
4102.0,益　田　　啓　司,5,9,0.0,33.33,11.11,44.44,0.147,0.07,0.22,11.11,0,0.0,C
3731.0,高　濱　　芳　久,2,7,42.86,14.29,14.29,71.43,0.139,0.11,0.2,14.29,0,0.0,C
3827.0,今　泉　　　　徹,3,12,8.33,8.33,33.33,50.0,0.171,0.1,0.29,8.33,0,0.0,B
3484.0,芝　田　　浩　治,3,10,40.0,20.0,10.0,70.0,0.145,0.08,0.23,10.0,0,0.0,B
3909.0,佐々木　　康　幸,4,8,12.5,37.5,12.5,62.5,0.138,0.06,0.24,12.5,0,0.0,C
3280.0,垣　内　　清　美,4,5,0.0,20.0,40.0,60.0,0.154,0.09,0.21,20.0,0,0.0,C
4182.0,吉　田　　和　仁,6,3,33.33,0.0,0.0,33.33,0.147,0.1,0.21,33.33,0,0.0,参考
4594.0,谷　川　　祐　一,1,6,66.67,16.67,0.0,83.33,0.152,0.11,0.23,16.67,0,0.0,C
4538.0,笠　置　　博　之,5,5,20.0,20.0,0.0,40.0,0.124,0.07,0.16,40.0,0,0.0,C
4102.0,益　田　　啓　司,6,9,11.11,11.11,11.11,33.33,0.162,0.11,0.23,22.22,0,0.0,C
3484.0,芝　田　　浩　治,1,11,54.55,27.27,0.0,81.82,0.133,0.03,0.21,18.18,0,0.0,B
4099.0,吉　永　　則　雄,2,7,14.29,42.86,0.0,57.14,0.154,0.11,0.21,14.29,0,0.0,C
4220.0,深　川　　和　仁,5,5,0.0,0.0,20.0,20.0,0.186,0.13,0.26,40.0,0,0.0,C
4494.0,河　合　　佑　樹,1,10,60.0,0.0,0.0,60.0,0.107,0.01,0.16,40.0,0,0.0,B
3731.0,高　濱　　芳　久,3,6,16.67,16.67,16.67,50.0,0.145,0.12,0.2,16.67,0,0.0,C
4109.0,谷　津　　幸　宏,5,7,14.29,14.29,0.0,28.57,0.131,0.06,0.26,14.29,0,0.0,C
3870.0,寺　嶋　　　　雄,6,3,0.0,0.0,33.33,33.33,0.193,0.15,0.24,0.0,0,0.0,参考
4182.0,吉　田　　和　仁,1,4,25.0,0.0,0.0,25.0,0.152,0.04,0.23,25.0,0,0.0,参考
4494.0,河　合　　佑　樹,2,6,50.0,0.0,16.67,66.67,0.092,0.04,0.15,50.0,0,0.0,C
4220.0,深　川　　和　仁,6,4,0.0,0.0,25.0,25.0,0.12,0.07,0.18,0.0,0,0.0,参考
2504.0,國　浦　　英　徳,1,4,0.0,0.0,0.0,0.0,0.21,0.14,0.28,0.0,0,0.0,参考
3761.0,山　本　　光　雄,5,4,25.0,0.0,50.0,75.0,0.155,0.08,0.21,0.0,0,0.0,参考
3827.0,今　泉　　　　徹,2,12,0.0,25.0,16.67,41.67,0.147,0.08,0.25,16.67,0,0.0,B
4099.0,吉　永　　則　雄,3,4,0.0,50.0,25.0,75.0,0.163,0.12,0.21,25.0,0,0.0,参考
3814.0,金　子　　貴　志,5,4,0.0,0.0,25.0,25.0,0.24,0.12,0.34,0.0,0,0.0,参考
4538.0,笠　置　　博　之,2,7,14.29,42.86,0.0,57.14,0.171,0.13,0.23,0.0,0,0.0,C
4102.0,益　田　　啓　司,3,9,11.11,33.33,11.11,55.56,0.122,0.06,0.15,55.56,0,0.0,C
3280.0,垣　内　　清　美,5,4,0.0,25.0,0.0,25.0,0.158,0.08,0.22,0.0,0,0.0,参考
3582.0,吉　川　　昭　男,4,3,0.0,0.0,0.0,0.0,0.123,0.06,0.2,33.33,0,0.0,参考
4109.0,谷　津　　幸　宏,6,5,0.0,40.0,40.0,80.0,0.126,0.05,0.18,20.0,0,0.0,C
3814.0,金　子　　貴　志,1,3,33.33,0.0,33.33,66.67,0.143,0.05,0.23,66.67,0,0.0,参考
4440.0,萩　原　　知　哉,4,4,25.0,0.0,50.0,75.0,0.15,0.04,0.22,25.0,0,0.0,参考
3594.0,塚　原　　武　之,3,3,0.0,0.0,0.0,0.0,0.13,0.06,0.27,0.0,0,0.0,参考
4195.0,前　川　　守　嗣,5,5,0.0,20.0,0.0,20.0,0.142,0.02,0.24,60.0,0,0.0,C
3159.0,江　口　　晃　生,1,13,53.85,30.77,7.69,92.31,0.142,0.05,0.25,38.46,0,0.0,B
4367.0,山　口　　修　路,3,7,14.29,14.29,42.86,71.43,0.187,0.06,0.26,0.0,0,0.0,C
4526.0,池　田　　雄　祐,4,4,25.0,25.0,0.0,50.0,0.1,0.05,0.16,50.0,0,0.0,参考
4760.0,山　崎　　　　郡,5,4,50.0,0.0,0.0,50.0,0.107,0.05,0.16,25.0,0,0.0,参考
3878.0,胡　本　　悟　志,4,4,25.0,50.0,0.0,75.0,0.133,0.13,0.14,25.0,0,0.0,参考
4491.0,田　中　　　　堅,5,8,12.5,0.0,25.0,37.5,0.156,0.09,0.23,0.0,0,0.0,C
3538.0,菊　池　　峰　晴,1,12,58.33,0.0,16.67,75.0,0.132,0.1,0.17,83.33,0,0.0,B
3951.0,石　川　　吉　鎬,3,8,0.0,12.5,37.5,50.0,0.184,0.11,0.27,0.0,0,0.0,C
3594.0,塚　原　　武　之,1,4,0.0,0.0,25.0,25.0,0.182,0.1,0.3,25.0,0,0.0,参考
3963.0,原　田　　秀　弥,4,5,20.0,40.0,0.0,60.0,0.166,0.11,0.22,0.0,0,0.0,C
4779.0,伊　倉　　　　光,6,17,0.0,0.0,11.76,11.76,0.152,0.01,0.29,29.41,0,0.0,B
3641.0,一　瀬　　　　明,4,15,20.0,33.33,26.67,80.0,0.161,0.06,0.22,6.67,0,0.0,B
4025.0,山　本　　隆　幸,6,7,0.0,14.29,57.14,71.43,0.127,0.07,0.15,14.29,0,0.0,C
4027.0,松　江　　秀　徳,2,9,33.33,44.44,11.11,88.89,0.157,0.03,0.26,11.11,0,0.0,C
4367.0,山　口　　修　路,5,8,0.0,25.0,25.0,50.0,0.181,0.11,0.29,12.5,0,0.0,C
3878.0,胡　本　　悟　志,6,3,0.0,0.0,0.0,0.0,0.147,0.13,0.17,33.33,0,0.0,参考
3566.0,川　添　　英　正,1,8,37.5,12.5,0.0,50.0,0.164,0.11,0.22,37.5,0,0.0,C
4491.0,田　中　　　　堅,3,6,16.67,16.67,16.67,50.0,0.2,0.04,0.54,0.0,0,0.0,C
3951.0,石　川　　吉　鎬,5,7,0.0,14.29,28.57,42.86,0.216,0.13,0.38,14.29,0,0.0,C
3963.0,原　田　　秀　弥,2,4,50.0,0.0,25.0,75.0,0.107,0.02,0.21,50.0,0,0.0,参考
3538.0,菊　池　　峰　晴,4,7,0.0,28.57,28.57,57.14,0.134,0.06,0.23,28.57,0,0.0,C
4526.0,池　田　　雄　祐,5,5,0.0,20.0,20.0,40.0,0.134,0.06,0.23,20.0,0,0.0,C
4195.0,前　川　　守　嗣,6,5,0.0,40.0,0.0,40.0,0.134,0.08,0.19,40.0,0,0.0,C
3641.0,一　瀬　　　　明,1,25,40.0,28.0,16.0,84.0,0.158,0.06,0.24,20.0,0,0.0,A
3842.0,星　野　　太　郎,3,5,0.0,20.0,20.0,40.0,0.23,0.1,0.34,0.0,0,0.0,C
4025.0,山　本　　隆　幸,5,9,0.0,11.11,11.11,22.22,0.162,0.11,0.27,0.0,0,0.0,C
3951.0,石　川　　吉　鎬,4,8,25.0,25.0,12.5,62.5,0.124,0.01,0.2,25.0,0,0.0,C
4526.0,池　田　　雄　祐,2,4,25.0,0.0,25.0,50.0,0.147,0.01,0.27,50.0,0,0.0,参考
4367.0,山　口　　修　路,6,6,16.67,0.0,16.67,33.33,0.192,0.08,0.32,16.67,0,0.0,C
4760.0,山　崎　　　　郡,4,6,16.67,16.67,16.67,50.0,0.123,0.07,0.17,33.33,0,0.0,C
3594.0,塚　原　　武　之,6,4,0.0,0.0,25.0,25.0,0.258,0.14,0.35,25.0,0,0.0,参考
3842.0,星　野　　太　郎,4,5,0.0,0.0,20.0,20.0,0.168,0.1,0.24,0.0,0,0.0,C
4027.0,松　江　　秀　徳,5,7,28.57,0.0,14.29,42.86,0.154,0.03,0.28,14.29,0,0.0,C
3566.0,川　添　　英　正,4,9,0.0,22.22,11.11,33.33,0.188,0.09,0.27,11.11,0,0.0,C
3641.0,一　瀬　　　　明,6,14,14.29,21.43,21.43,57.14,0.138,0.03,0.21,0.0,0,0.0,B
3878.0,胡　本　　悟　志,2,6,16.67,0.0,50.0,66.67,0.142,0.08,0.21,16.67,0,0.0,C
3538.0,菊　池　　峰　晴,3,11,9.09,27.27,18.18,54.55,0.155,0.06,0.21,18.18,0,0.0,B
4025.0,山　本　　隆　幸,4,6,0.0,33.33,16.67,50.0,0.173,0.09,0.25,16.67,0,0.0,C
3951.0,石　川　　吉　鎬,6,4,0.0,0.0,25.0,25.0,0.26,0.13,0.41,25.0,0,0.0,参考
3159.0,江　口　　晃　生,6,8,12.5,12.5,0.0,25.0,0.234,0.09,0.65,0.0,0,0.0,C
4491.0,田　中　　　　堅,2,9,11.11,11.11,22.22,44.44,0.15,0.04,0.23,11.11,0,0.0,C
4195.0,前　川　　守　嗣,4,4,0.0,25.0,0.0,25.0,0.143,0.12,0.16,0.0,0,0.0,参考
3963.0,原　田　　秀　弥,5,4,0.0,0.0,50.0,50.0,0.135,0.04,0.21,75.0,0,0.0,参考
4760.0,山　崎　　　　郡,2,5,20.0,60.0,0.0,80.0,0.134,0.05,0.23,20.0,0,0.0,C
4025.0,山　本　　隆　幸,3,6,16.67,33.33,16.67,66.67,0.187,0.08,0.35,33.33,0,0.0,C
3566.0,川　添　　英　正,5,10,10.0,10.0,10.0,30.0,0.193,0.05,0.38,10.0,0,0.0,B
4027.0,松　江　　秀　徳,6,7,0.0,0.0,28.57,28.57,0.207,0.05,0.54,0.0,0,0.0,C
3842.0,星　野　　太　郎,1,3,66.67,0.0,33.33,100.0,0.227,0.11,0.31,0.0,0,0.0,参考
3641.0,一　瀬　　　　明,5,19,10.53,21.05,31.58,63.16,0.175,0.1,0.24,5.26,0,0.0,B
3566.0,川　添　　英　正,3,8,25.0,12.5,12.5,50.0,0.136,0.1,0.2,25.0,0,0.0,C
3594.0,塚　原　　武　之,2,4,25.0,0.0,50.0,75.0,0.135,0.06,0.19,25.0,0,0.0,参考
4195.0,前　川　　守　嗣,3,7,14.29,57.14,0.0,71.43,0.119,0.07,0.15,57.14,0,0.0,C
4491.0,田　中　　　　堅,4,8,12.5,12.5,25.0,50.0,0.193,0.13,0.25,0.0,0,0.0,C
4027.0,松　江　　秀　徳,4,8,37.5,0.0,12.5,50.0,0.105,0.04,0.14,25.0,0,0.0,C
3538.0,菊　池　　峰　晴,5,6,0.0,16.67,33.33,50.0,0.17,0.12,0.2,0.0,0,0.0,C
4760.0,山　崎　　　　郡,6,3,0.0,0.0,0.0,0.0,0.15,0.07,0.24,0.0,0,0.0,参考
3566.0,川　添　　英　正,2,11,9.09,9.09,27.27,45.45,0.174,0.1,0.28,0.0,0,0.0,B
3159.0,江　口　　晃　生,5,12,25.0,16.67,33.33,75.0,0.164,0.07,0.36,25.0,0,0.0,B
4025.0,山　本　　隆　幸,2,7,14.29,42.86,0.0,57.14,0.164,0.07,0.23,0.0,0,0.0,C
3963.0,原　田　　秀　弥,3,4,0.0,25.0,0.0,25.0,0.2,0.11,0.29,25.0,0,0.0,参考
4367.0,山　口　　修　路,1,6,16.67,33.33,33.33,83.33,0.148,0.07,0.2,50.0,0,0.0,C
3878.0,胡　本　　悟　志,3,3,0.0,0.0,33.33,33.33,0.12,0.08,0.16,33.33,0,0.0,参考
4491.0,田　中　　　　堅,6,10,10.0,10.0,0.0,20.0,0.231,0.08,0.36,0.0,0,0.0,B
3951.0,石　川　　吉　鎬,1,3,66.67,0.0,0.0,66.67,0.177,0.12,0.21,0.0,0,0.0,参考
3641.0,一　瀬　　　　明,2,21,23.81,42.86,23.81,90.48,0.17,0.06,0.27,0.0,0,0.0,A
4027.0,松　江　　秀　徳,3,8,0.0,12.5,37.5,50.0,0.165,0.13,0.22,12.5,0,0.0,C
3159.0,江　口　　晃　生,4,8,37.5,12.5,25.0,75.0,0.136,0.06,0.22,37.5,0,0.0,C
4195.0,前　川　　守　嗣,2,5,0.0,0.0,40.0,40.0,0.146,0.09,0.21,0.0,0,0.0,C
4760.0,山　崎　　　　郡,3,7,42.86,14.29,0.0,57.14,0.113,0.01,0.24,42.86,0,0.0,C
3842.0,星　野　　太　郎,5,3,0.0,0.0,33.33,33.33,0.183,0.11,0.3,0.0,0,0.0,参考
3963.0,原　田　　秀　弥,1,3,66.67,0.0,33.33,100.0,0.18,0.16,0.19,33.33,0,0.0,参考
4025.0,山　本　　隆　幸,1,6,66.67,16.67,0.0,83.33,0.173,0.1,0.25,33.33,0,0.0,C
4367.0,山　口　　修　路,4,8,12.5,50.0,0.0,62.5,0.208,0.14,0.28,0.0,0,0.0,C
3538.0,菊　池　　峰　晴,6,10,10.0,0.0,40.0,50.0,0.181,0.01,0.32,10.0,0,0.0,B
4491.0,田　中　　　　堅,1,10,70.0,20.0,0.0,90.0,0.14,0.04,0.25,10.0,0,0.0,B
3159.0,江　口　　晃　生,3,10,20.0,20.0,30.0,70.0,0.142,0.05,0.21,20.0,0,0.0,B
4526.0,池　田　　雄　祐,6,9,0.0,11.11,44.44,55.56,0.152,0.07,0.24,11.11,0,0.0,C
4027.0,松　江　　秀　徳,1,6,50.0,50.0,0.0,100.0,0.135,0.04,0.23,33.33,0,0.0,C
3538.0,菊　池　　峰　晴,2,7,0.0,14.29,57.14,71.43,0.151,0.07,0.25,14.29,0,0.0,C
3594.0,塚　原　　武　之,5,4,0.0,0.0,50.0,50.0,0.135,0.02,0.2,0.0,0,0.0,参考
3951.0,石　川　　吉　鎬,2,7,0.0,28.57,42.86,71.43,0.177,0.07,0.26,14.29,0,0.0,C
3842.0,星　野　　太　郎,2,3,33.33,0.0,0.0,33.33,0.257,0.16,0.34,0.0,0,0.0,参考
3641.0,一　瀬　　　　明,3,17,23.53,11.76,17.65,52.94,0.139,0.07,0.26,5.88,0,0.0,B
3566.0,川　添　　英　正,6,8,0.0,12.5,50.0,62.5,0.211,0.16,0.28,0.0,0,0.0,C
3878.0,胡　本　　悟　志,5,6,16.67,0.0,16.67,33.33,0.142,0.09,0.24,33.33,0,0.0,C
4195.0,前　川　　守　嗣,1,5,60.0,0.0,40.0,100.0,0.168,0.13,0.21,0.0,0,0.0,C
4367.0,山　口　　修　路,2,8,12.5,12.5,37.5,62.5,0.186,0.11,0.31,0.0,0,0.0,C
4760.0,山　崎　　　　郡,1,3,0.0,33.33,66.67,100.0,0.143,0.11,0.18,0.0,0,0.0,参考
3963.0,原　田　　秀　弥,6,4,0.0,0.0,25.0,25.0,0.2,0.11,0.36,0.0,0,0.0,参考
3224.0,栗　山　　繁　洋,2,4,0.0,25.0,0.0,25.0,0.122,0.02,0.21,0.0,0,0.0,参考
4375.0,照　屋　　厚　仁,3,6,16.67,50.0,0.0,66.67,0.138,0.07,0.21,0.0,0,0.0,C
4416.0,三　宅　　健　太,6,5,20.0,0.0,20.0,40.0,0.116,0.05,0.19,20.0,0,0.0,C
4411.0,沢　田　　昭　宏,3,7,28.57,28.57,14.29,71.43,0.114,0.02,0.2,71.43,0,0.0,C
4121.0,富　永　　修　一,4,5,0.0,20.0,20.0,40.0,0.124,0.07,0.18,20.0,0,0.0,C
3578.0,塩　田　　雄　一,1,3,0.0,66.67,33.33,100.0,0.133,0.1,0.16,0.0,0,0.0,参考
4120.0,柘　植　　政　浩,4,7,14.29,42.86,0.0,57.14,0.149,0.12,0.17,0.0,0,0.0,C
3730.0,塩　崎　　優　司,2,9,0.0,0.0,22.22,22.22,0.181,0.11,0.26,0.0,0,0.0,C
3283.0,窪　田　　好　弘,6,4,0.0,0.0,0.0,0.0,0.23,0.13,0.34,0.0,0,0.0,参考
4416.0,三　宅　　健　太,3,6,0.0,50.0,16.67,66.67,0.18,0.09,0.29,16.67,0,0.0,C
3890.0,小　宮　　淳　史,6,3,0.0,33.33,0.0,33.33,0.203,0.11,0.31,0.0,0,0.0,参考
4121.0,富　永　　修　一,2,3,33.33,0.0,0.0,33.33,0.167,0.08,0.28,66.67,0,0.0,参考
4325.0,新　出　　浩　司,3,5,0.0,40.0,20.0,60.0,0.186,0.06,0.28,0.0,0,0.0,C
3849.0,中　岡　　正　彦,4,4,25.0,25.0,25.0,75.0,0.103,0.08,0.13,25.0,0,0.0,参考
3773.0,津　留　　浩一郎,5,3,33.33,0.0,33.33,66.67,0.11,0.07,0.14,66.67,0,0.0,参考
4105.0,松　下　　直　也,1,4,25.0,0.0,0.0,25.0,0.273,0.14,0.44,0.0,0,0.0,参考
3578.0,塩　田　　雄　一,3,3,0.0,33.33,33.33,66.67,0.18,0.07,0.33,33.33,0,0.0,参考
4411.0,沢　田　　昭　宏,5,7,14.29,0.0,42.86,57.14,0.177,0.1,0.27,0.0,0,0.0,C
3876.0,中　辻　　崇　人,6,10,10.0,40.0,30.0,80.0,0.128,0.01,0.23,40.0,0,0.0,B
4120.0,柘　植　　政　浩,2,5,20.0,20.0,40.0,80.0,0.128,0.09,0.18,0.0,0,0.0,C
3730.0,塩　崎　　優　司,3,9,11.11,33.33,0.0,44.44,0.137,0.08,0.19,0.0,0,0.0,C
4320.0,峰　　　　竜　太,4,6,16.67,33.33,0.0,50.0,0.128,0.07,0.22,16.67,0,0.0,C
3793.0,高　橋　　真　吾,5,7,0.0,0.0,0.0,0.0,0.186,0.12,0.26,0.0,0,0.0,C
4062.0,後　藤　　陽　介,5,6,0.0,0.0,16.67,16.67,0.18,0.1,0.27,0.0,0,0.0,C
3773.0,津　留　　浩一郎,3,4,25.0,25.0,0.0,50.0,0.163,0.09,0.24,0.0,0,0.0,参考
3933.0,山　地　　正　樹,6,8,12.5,12.5,37.5,62.5,0.171,0.07,0.23,12.5,0,0.0,C
4320.0,峰　　　　竜　太,1,6,100.0,0.0,0.0,100.0,0.153,0.12,0.19,0.0,0,0.0,C
3849.0,中　岡　　正　彦,2,4,0.0,25.0,0.0,25.0,0.155,0.08,0.23,0.0,0,0.0,参考
3876.0,中　辻　　崇　人,5,4,25.0,0.0,0.0,25.0,0.12,0.08,0.16,50.0,0,0.0,参考
3793.0,高　橋　　真　吾,1,8,25.0,12.5,12.5,50.0,0.17,0.09,0.25,50.0,0,0.0,C
4375.0,照　屋　　厚　仁,2,4,0.0,75.0,0.0,75.0,0.213,0.17,0.27,0.0,0,0.0,参考
4062.0,後　藤　　陽　介,4,4,25.0,50.0,0.0,75.0,0.128,0.09,0.16,25.0,0,0.0,参考
4121.0,富　永　　修　一,1,4,75.0,0.0,0.0,75.0,0.135,0.1,0.19,25.0,0,0.0,参考
4105.0,松　下　　直　也,3,4,0.0,25.0,25.0,50.0,0.193,0.08,0.29,0.0,0,0.0,参考
4325.0,新　出　　浩　司,6,6,0.0,16.67,0.0,16.67,0.122,0.01,0.26,66.67,0,0.0,C
3730.0,塩　崎　　優　司,5,8,0.0,12.5,12.5,25.0,0.19,0.09,0.31,12.5,0,0.0,C
4120.0,柘　植　　政　浩,1,3,33.33,0.0,33.33,66.67,0.157,0.1,0.23,33.33,0,0.0,参考
3890.0,小　宮　　淳　史,2,3,0.0,33.33,0.0,33.33,0.143,0.11,0.19,0.0,0,0.0,参考
4320.0,峰　　　　竜　太,6,4,0.0,50.0,25.0,75.0,0.138,0.08,0.23,25.0,0,0.0,参考
3849.0,中　岡　　正　彦,1,7,85.71,0.0,14.29,100.0,0.113,0.01,0.16,28.57,0,0.0,C
3224.0,栗　山　　繁　洋,3,3,0.0,66.67,0.0,66.67,0.157,0.13,0.2,33.33,0,0.0,参考
4105.0,松　下　　直　也,2,5,20.0,20.0,20.0,60.0,0.154,0.09,0.25,0.0,0,0.0,C
3793.0,高　橋　　真　吾,3,9,11.11,11.11,33.33,55.56,0.126,0.05,0.18,33.33,0,0.0,C
4416.0,三　宅　　健　太,4,6,16.67,33.33,33.33,83.33,0.142,0.08,0.2,33.33,0,0.0,C
4375.0,照　屋　　厚　仁,1,5,40.0,0.0,20.0,60.0,0.174,0.07,0.3,0.0,0,0.0,C
3933.0,山　地　　正　樹,3,11,0.0,18.18,18.18,36.36,0.17,0.09,0.28,0.0,0,0.0,B
3876.0,中　辻　　崇　人,4,4,25.0,25.0,0.0,50.0,0.138,0.02,0.21,50.0,0,0.0,参考
3730.0,塩　崎　　優　司,6,6,0.0,0.0,16.67,16.67,0.215,0.12,0.3,0.0,0,0.0,C
3773.0,津　留　　浩一郎,1,6,66.67,0.0,0.0,66.67,0.167,0.07,0.28,50.0,0,0.0,C
4120.0,柘　植　　政　浩,3,4,25.0,0.0,50.0,75.0,0.11,0.06,0.16,25.0,0,0.0,参考
4062.0,後　藤　　陽　介,2,7,0.0,28.57,14.29,42.86,0.14,0.07,0.24,28.57,0,0.0,C
3849.0,中　岡　　正　彦,3,5,40.0,20.0,0.0,60.0,0.1,0.09,0.12,40.0,0,0.0,C
4325.0,新　出　　浩　司,4,6,0.0,0.0,0.0,0.0,0.128,0.1,0.16,50.0,0,0.0,C
4411.0,沢　田　　昭　宏,1,7,42.86,28.57,0.0,71.43,0.201,0.08,0.37,14.29,0,0.0,C
3224.0,栗　山　　繁　洋,5,4,0.0,0.0,25.0,25.0,0.207,0.12,0.29,0.0,0,0.0,参考
3933.0,山　地　　正　樹,1,8,37.5,12.5,37.5,87.5,0.185,0.12,0.26,12.5,0,0.0,C
3773.0,津　留　　浩一郎,2,5,0.0,0.0,0.0,0.0,0.152,0.12,0.18,40.0,0,0.0,C
4320.0,峰　　　　竜　太,5,4,0.0,25.0,75.0,100.0,0.17,0.13,0.22,0.0,0,0.0,参考
4325.0,新　出　　浩　司,5,8,12.5,12.5,12.5,37.5,0.104,0.05,0.16,62.5,0,0.0,C
3283.0,窪　田　　好　弘,3,3,66.67,0.0,0.0,66.67,0.12,0.1,0.13,33.33,0,0.0,参考
4121.0,富　永　　修　一,5,4,0.0,25.0,25.0,50.0,0.15,0.14,0.16,0.0,0,0.0,参考
4416.0,三　宅　　健　太,1,6,16.67,16.67,0.0,33.33,0.185,0.1,0.34,16.67,0,0.0,C
3578.0,塩　田　　雄　一,2,3,0.0,0.0,66.67,66.67,0.25,0.2,0.34,0.0,0,0.0,参考
3876.0,中　辻　　崇　人,3,5,60.0,20.0,0.0,80.0,0.168,0.09,0.23,0.0,0,0.0,C
4320.0,峰　　　　竜　太,3,4,25.0,25.0,0.0,50.0,0.168,0.1,0.26,0.0,0,0.0,参考
4411.0,沢　田　　昭　宏,4,7,14.29,14.29,14.29,42.86,0.146,0.02,0.28,28.57,0,0.0,C
3890.0,小　宮　　淳　史,3,4,0.0,25.0,50.0,75.0,0.16,0.06,0.21,25.0,0,0.0,参考
3224.0,栗　山　　繁　洋,1,3,33.33,66.67,0.0,100.0,0.133,0.09,0.18,33.33,0,0.0,参考
3933.0,山　地　　正　樹,2,12,8.33,8.33,25.0,41.67,0.164,0.07,0.28,0.0,0,0.0,B
4121.0,富　永　　修　一,3,6,0.0,33.33,33.33,66.67,0.16,0.06,0.27,33.33,0,0.0,C
3730.0,塩　崎　　優　司,4,9,0.0,0.0,22.22,22.22,0.126,0.08,0.19,22.22,0,0.0,C
4105.0,松　下　　直　也,5,6,0.0,33.33,0.0,33.33,0.185,0.12,0.26,0.0,0,0.0,C
3849.0,中　岡　　正　彦,6,4,0.0,25.0,0.0,25.0,0.145,0.12,0.18,0.0,0,0.0,参考
3876.0,中　辻　　崇　人,1,6,83.33,16.67,0.0,100.0,0.122,0.04,0.22,50.0,0,0.0,C
4062.0,後　藤　　陽　介,3,3,0.0,33.33,0.0,33.33,0.163,0.16,0.17,0.0,0,0.0,参考
3793.0,高　橋　　真　吾,6,7,14.29,28.57,0.0,42.86,0.149,0.04,0.33,42.86,0,0.0,C
4411.0,沢　田　　昭　宏,2,7,42.86,14.29,28.57,85.71,0.173,0.11,0.22,14.29,0,0.0,C
4375.0,照　屋　　厚　仁,4,5,20.0,0.0,20.0,40.0,0.14,0.05,0.18,40.0,0,0.0,C
4120.0,柘　植　　政　浩,5,5,0.0,20.0,20.0,40.0,0.152,0.09,0.21,0.0,0,0.0,C
4105.0,松　下　　直　也,6,3,0.0,33.33,0.0,33.33,0.18,0.15,0.22,0.0,0,0.0,参考
4062.0,後　藤　　陽　介,1,4,25.0,0.0,25.0,50.0,0.117,0.05,0.18,50.0,0,0.0,参考
4416.0,三　宅　　健　太,2,8,50.0,12.5,0.0,62.5,0.141,0.07,0.26,37.5,0,0.0,C
3849.0,中　岡　　正　彦,5,4,25.0,50.0,0.0,75.0,0.143,0.1,0.2,25.0,0,0.0,参考
3773.0,津　留　　浩一郎,6,6,0.0,0.0,16.67,16.67,0.113,0.03,0.18,16.67,0,0.0,C
4320.0,峰　　　　竜　太,2,4,50.0,25.0,25.0,100.0,0.135,0.08,0.22,25.0,0,0.0,参考
3933.0,山　地　　正　樹,4,9,0.0,11.11,44.44,55.56,0.18,0.15,0.26,11.11,0,0.0,C
4375.0,照　屋　　厚　仁,5,4,25.0,25.0,0.0,50.0,0.138,0.11,0.17,0.0,0,0.0,参考
3890.0,小　宮　　淳　史,4,3,0.0,33.33,0.0,33.33,0.183,0.12,0.24,0.0,0,0.0,参考
4416.0,三　宅　　健　太,5,6,16.67,16.67,16.67,50.0,0.153,0.08,0.24,16.67,0,0.0,C
4325.0,新　出　　浩　司,1,8,87.5,0.0,0.0,87.5,0.131,0.09,0.19,62.5,0,0.0,C
3283.0,窪　田　　好　弘,2,3,33.33,0.0,0.0,33.33,0.143,0.06,0.21,0.0,0,0.0,参考
4121.0,富　永　　修　一,6,3,0.0,33.33,66.67,100.0,0.147,0.07,0.21,33.33,0,0.0,参考
3773.0,津　留　　浩一郎,4,6,16.67,33.33,16.67,66.67,0.165,0.1,0.29,50.0,0,0.0,C
3730.0,塩　崎　　優　司,1,5,0.0,20.0,20.0,40.0,0.116,0.07,0.18,60.0,0,0.0,C
3793.0,高　橋　　真　吾,2,6,0.0,16.67,16.67,33.33,0.172,0.06,0.25,0.0,0,0.0,C
4375.0,照　屋　　厚　仁,6,4,0.0,50.0,0.0,50.0,0.202,0.18,0.24,0.0,0,0.0,参考
3283.0,窪　田　　好　弘,1,4,50.0,0.0,25.0,75.0,0.158,0.06,0.29,75.0,0,0.0,参考
4325.0,新　出　　浩　司,2,9,11.11,22.22,22.22,55.56,0.128,0.08,0.19,55.56,0,0.0,C
4411.0,沢　田　　昭　宏,6,8,0.0,0.0,12.5,12.5,0.193,0.11,0.27,0.0,0,0.0,C
4105.0,松　下　　直　也,4,3,0.0,33.33,33.33,66.67,0.183,0.16,0.2,0.0,0,0.0,参考
4120.0,柘　植　　政　浩,6,3,0.0,0.0,33.33,33.33,0.217,0.17,0.27,0.0,0,0.0,参考
3876.0,中　辻　　崇　人,2,5,0.0,40.0,0.0,40.0,0.206,0.09,0.31,20.0,0,0.0,C
3933.0,山　地　　正　樹,5,10,20.0,30.0,10.0,60.0,0.159,0.12,0.21,20.0,0,0.0,B
4062.0,後　藤　　陽　介,6,4,0.0,0.0,0.0,0.0,0.17,0.11,0.21,25.0,0,0.0,参考
3224.0,栗　山　　繁　洋,6,3,0.0,0.0,0.0,0.0,0.153,0.15,0.16,0.0,0,0.0,参考
3793.0,高　橋　　真　吾,4,7,14.29,0.0,42.86,57.14,0.169,0.11,0.31,28.57,0,0.0,C
3578.0,塩　田　　雄　一,5,3,0.0,0.0,0.0,0.0,0.163,0.11,0.27,66.67,0,0.0,参考
3776.0,横　井　　健　太,3,7,0.0,0.0,14.29,14.29,0.17,0.11,0.22,0.0,0,0.0,C
4844.0,村　上　　奈　穂,6,12,0.0,0.0,33.33,33.33,0.216,0.11,0.36,16.67,0,0.0,B
4171.0,榎　　　　幸　司,3,6,0.0,0.0,50.0,50.0,0.175,0.1,0.29,33.33,0,0.0,C
3461.0,渡　邊　　哲　也,4,6,0.0,16.67,33.33,50.0,0.187,0.09,0.27,0.0,0,0.0,C
4578.0,藤　山　　雅　弘,6,7,0.0,14.29,14.29,28.57,0.187,0.12,0.27,14.29,0,0.0,C
4512.0,高　野　　哲　史,2,5,0.0,80.0,0.0,80.0,0.214,0.14,0.38,0.0,0,0.0,C
4276.0,鈴　木　　勝　博,3,4,75.0,25.0,0.0,100.0,0.08,0.04,0.12,50.0,0,0.0,参考
4387.0,平　山　　智　加,2,7,14.29,57.14,14.29,85.71,0.147,0.07,0.22,0.0,0,0.0,C
3327.0,野長瀬　　正　孝,4,5,20.0,40.0,20.0,80.0,0.132,0.05,0.19,20.0,0,0.0,C
3306.0,武　田　　正　紀,6,6,0.0,0.0,0.0,0.0,0.185,0.06,0.26,16.67,0,0.0,C
3776.0,横　井　　健　太,2,9,0.0,44.44,11.11,55.56,0.202,0.11,0.33,0.0,0,0.0,C
4578.0,藤　山　　雅　弘,5,7,0.0,14.29,0.0,14.29,0.243,0.16,0.37,0.0,0,0.0,C
3606.0,川　北　　浩　貴,6,8,12.5,0.0,37.5,50.0,0.209,0.14,0.36,25.0,0,0.0,C
3804.0,中　渡　　修　作,4,8,0.0,12.5,12.5,25.0,0.139,0.07,0.29,25.0,0,0.0,C
3461.0,渡　邊　　哲　也,5,5,0.0,0.0,0.0,0.0,0.194,0.09,0.29,20.0,0,0.0,C
4092.0,岡　部　　大　輔,3,8,0.0,37.5,25.0,62.5,0.152,0.08,0.24,25.0,0,0.0,C
4276.0,鈴　木　　勝　博,5,6,16.67,33.33,16.67,66.67,0.125,0.08,0.23,33.33,0,0.0,C
3327.0,野長瀬　　正　孝,1,9,55.56,22.22,0.0,77.78,0.139,0.03,0.28,55.56,0,0.0,C
4171.0,榎　　　　幸　司,2,5,80.0,20.0,0.0,100.0,0.156,0.03,0.28,20.0,0,0.0,C
4512.0,高　野　　哲　史,4,5,20.0,0.0,40.0,60.0,0.168,0.1,0.26,20.0,0,0.0,C
4387.0,平　山　　智　加,1,14,57.14,21.43,7.14,85.71,0.154,0.06,0.22,28.57,0,0.0,B
3606.0,川　北　　浩　貴,4,8,0.0,25.0,37.5,62.5,0.136,0.11,0.2,25.0,0,0.0,C
4578.0,藤　山　　雅　弘,3,4,25.0,50.0,0.0,75.0,0.135,0.07,0.22,0.0,0,0.0,参考
4092.0,岡　部　　大　輔,4,7,14.29,0.0,14.29,28.57,0.14,0.09,0.26,14.29,0,0.0,C
3306.0,武　田　　正　紀,5,4,0.0,0.0,25.0,25.0,0.188,0.12,0.25,0.0,0,0.0,参考
4276.0,鈴　木　　勝　博,1,9,44.44,44.44,11.11,100.0,0.163,0.04,0.29,22.22,0,0.0,C
3804.0,中　渡　　修　作,3,9,11.11,0.0,44.44,55.56,0.181,0.12,0.29,0.0,0,0.0,C
3461.0,渡　邊　　哲　也,6,7,0.0,0.0,0.0,0.0,0.166,0.09,0.22,0.0,0,0.0,C
4387.0,平　山　　智　加,4,8,12.5,12.5,25.0,50.0,0.156,0.08,0.22,25.0,0,0.0,C
3327.0,野長瀬　　正　孝,5,9,0.0,11.11,22.22,33.33,0.172,0.11,0.26,11.11,0,0.0,C
3776.0,横　井　　健　太,4,9,0.0,11.11,11.11,22.22,0.191,0.09,0.25,0.0,0,0.0,C
4844.0,村　上　　奈　穂,5,4,25.0,0.0,0.0,25.0,0.08,0.02,0.17,50.0,0,0.0,参考
3461.0,渡　邊　　哲　也,3,8,0.0,0.0,25.0,25.0,0.186,0.11,0.32,25.0,0,0.0,C
3306.0,武　田　　正　紀,4,5,0.0,0.0,20.0,20.0,0.176,0.08,0.29,20.0,0,0.0,C
4092.0,岡　部　　大　輔,6,5,0.0,0.0,40.0,40.0,0.184,0.09,0.25,0.0,0,0.0,C
4512.0,高　野　　哲　史,1,4,100.0,0.0,0.0,100.0,0.145,0.06,0.19,0.0,0,0.0,参考
3606.0,川　北　　浩　貴,5,7,28.57,14.29,0.0,42.86,0.169,0.1,0.37,28.57,0,0.0,C
4171.0,榎　　　　幸　司,6,4,0.0,0.0,25.0,25.0,0.208,0.15,0.26,0.0,0,0.0,参考
3804.0,中　渡　　修　作,1,6,33.33,33.33,0.0,66.67,0.095,0.03,0.17,66.67,0,0.0,C
4387.0,平　山　　智　加,3,8,37.5,12.5,25.0,75.0,0.12,0.06,0.22,25.0,0,0.0,C
4276.0,鈴　木　　勝　博,2,9,22.22,33.33,0.0,55.56,0.123,0.08,0.21,11.11,0,0.0,C
3327.0,野長瀬　　正　孝,6,7,14.29,0.0,42.86,57.14,0.167,0.04,0.27,14.29,0,0.0,C
4578.0,藤　山　　雅　弘,1,8,50.0,0.0,12.5,62.5,0.175,0.1,0.32,0.0,0,0.0,C
4171.0,榎　　　　幸　司,4,7,28.57,14.29,42.86,85.71,0.157,0.07,0.22,28.57,0,0.0,C
3776.0,横　井　　健　太,5,6,0.0,0.0,0.0,0.0,0.195,0.08,0.33,0.0,0,0.0,C
3327.0,野長瀬　　正　孝,3,5,20.0,20.0,0.0,40.0,0.13,0.09,0.16,0.0,0,0.0,C
3306.0,武　田　　正　紀,1,5,0.0,60.0,20.0,80.0,0.09,0.04,0.14,60.0,0,0.0,C
3804.0,中　渡　　修　作,5,7,0.0,0.0,14.29,14.29,0.169,0.1,0.29,14.29,0,0.0,C
4387.0,平　山　　智　加,6,10,0.0,40.0,10.0,50.0,0.173,0.12,0.28,10.0,0,0.0,B
3606.0,川　北　　浩　貴,1,9,33.33,22.22,0.0,55.56,0.152,0.02,0.32,33.33,0,0.0,C
4171.0,榎　　　　幸　司,1,4,75.0,25.0,0.0,100.0,0.135,0.1,0.18,25.0,0,0.0,参考
4276.0,鈴　木　　勝　博,6,9,11.11,33.33,22.22,66.67,0.147,0.04,0.31,33.33,0,0.0,C
3461.0,渡　邊　　哲　也,1,7,28.57,28.57,0.0,57.14,0.166,0.07,0.37,42.86,0,0.0,C
4512.0,高　野　　哲　史,3,4,25.0,75.0,0.0,100.0,0.158,0.09,0.21,0.0,0,0.0,参考
4387.0,平　山　　智　加,5,7,14.29,28.57,14.29,57.14,0.127,0.05,0.19,0.0,0,0.0,C
3776.0,横　井　　健　太,6,8,0.0,0.0,0.0,0.0,0.144,0.08,0.22,0.0,0,0.0,C
4578.0,藤　山　　雅　弘,2,7,0.0,14.29,28.57,42.86,0.14,0.09,0.19,0.0,0,0.0,C
3804.0,中　渡　　修　作,6,4,0.0,25.0,25.0,50.0,0.198,0.13,0.3,0.0,0,0.0,参考
3327.0,野長瀬　　正　孝,2,9,22.22,22.22,33.33,77.78,0.158,0.07,0.21,11.11,0,0.0,C
3606.0,川　北　　浩　貴,3,8,12.5,25.0,12.5,50.0,0.17,0.06,0.27,12.5,0,0.0,C
4512.0,高　野　　哲　史,5,6,16.67,0.0,33.33,50.0,0.137,0.09,0.2,16.67,0,0.0,C
3306.0,武　田　　正　紀,2,6,0.0,16.67,0.0,16.67,0.18,0.04,0.32,16.67,0,0.0,C
4578.0,藤　山　　雅　弘,4,6,16.67,33.33,0.0,50.0,0.212,0.09,0.27,0.0,0,0.0,C
3776.0,横　井　　健　太,1,9,11.11,66.67,0.0,77.78,0.194,0.06,0.34,0.0,0,0.0,C
3606.0,川　北　　浩　貴,2,8,25.0,12.5,12.5,50.0,0.159,0.03,0.33,12.5,0,0.0,C
3306.0,武　田　　正　紀,3,6,0.0,0.0,16.67,16.67,0.188,0.13,0.25,0.0,0,0.0,C
3804.0,中　渡　　修　作,2,5,0.0,40.0,20.0,60.0,0.18,0.11,0.28,0.0,0,0.0,C
3461.0,渡　邊　　哲　也,2,8,0.0,25.0,25.0,50.0,0.2,0.11,0.32,12.5,0,0.0,C
4171.0,榎　　　　幸　司,5,4,0.0,25.0,25.0,50.0,0.122,0.06,0.18,0.0,0,0.0,参考
4512.0,高　野　　哲　史,6,4,0.0,25.0,50.0,75.0,0.145,0.11,0.21,0.0,0,0.0,参考
4636.0,赤　池　　修　平,2,4,0.0,25.0,50.0,75.0,0.135,0.1,0.17,25.0,0,0.0,参考
4565.0,西　村　　豪　洋,2,4,25.0,0.0,0.0,25.0,0.21,0.13,0.25,0.0,0,0.0,参考
4713.0,白　神　　　　優,5,4,25.0,50.0,25.0,100.0,0.138,0.06,0.34,50.0,0,0.0,参考
3684.0,清　水　　攻　二,2,4,25.0,50.0,25.0,100.0,0.165,0.12,0.25,0.0,0,0.0,参考
4172.0,森　定　　晃　史,4,5,0.0,40.0,0.0,40.0,0.144,0.03,0.18,0.0,0,0.0,C
3553.0,平　池　　仁　志,5,7,0.0,0.0,14.29,14.29,0.201,0.11,0.32,0.0,0,0.0,C
3584.0,佐々木　　英　樹,1,4,25.0,0.0,0.0,25.0,0.223,0.16,0.25,0.0,0,0.0,参考
4630.0,岩　永　　雅　人,2,5,40.0,0.0,20.0,60.0,0.164,0.06,0.25,40.0,0,0.0,C
4116.0,川　田　　正　人,3,3,33.33,33.33,0.0,66.67,0.123,0.11,0.15,33.33,0,0.0,参考
3297.0,藤　丸　　光　一,6,5,0.0,0.0,20.0,20.0,0.178,0.07,0.26,0.0,0,0.0,C
3883.0,山　根　　大　樹,2,4,0.0,0.0,75.0,75.0,0.18,0.11,0.28,25.0,0,0.0,参考
3294.0,野　中　　義　生,4,4,50.0,25.0,0.0,75.0,0.125,0.08,0.17,25.0,0,0.0,参考
4467.0,渡　邉　　俊　介,3,7,28.57,28.57,28.57,85.71,0.143,0.08,0.26,14.29,0,0.0,C
3813.0,佐　藤　　大　介,2,11,36.36,36.36,18.18,90.91,0.162,0.07,0.21,9.09,0,0.0,B
3684.0,清　水　　攻　二,3,3,0.0,66.67,0.0,66.67,0.137,0.11,0.19,0.0,0,0.0,参考
4116.0,川　田　　正　人,2,3,33.33,33.33,0.0,66.67,0.183,0.11,0.24,0.0,0,0.0,参考
3998.0,冨　成　　謙　児,3,5,20.0,0.0,0.0,20.0,0.154,0.08,0.21,0.0,0,0.0,C
3553.0,平　池　　仁　志,6,6,0.0,0.0,0.0,0.0,0.17,0.06,0.26,16.67,0,0.0,C
4172.0,森　定　　晃　史,1,5,40.0,40.0,0.0,80.0,0.15,0.07,0.21,0.0,0,0.0,C
4630.0,岩　永　　雅　人,4,3,33.33,0.0,0.0,33.33,0.187,0.08,0.31,0.0,0,0.0,参考
3294.0,野　中　　義　生,5,3,33.33,0.0,33.33,66.67,0.093,0.08,0.11,33.33,0,0.0,参考
3584.0,佐々木　　英　樹,3,6,0.0,0.0,50.0,50.0,0.142,0.09,0.17,33.33,0,0.0,C
4467.0,渡　邉　　俊　介,4,6,33.33,16.67,0.0,50.0,0.137,0.03,0.25,16.67,0,0.0,C
3813.0,佐　藤　　大　介,1,14,64.29,14.29,14.29,92.86,0.148,0.01,0.25,28.57,0,0.0,B
3297.0,藤　丸　　光　一,3,9,0.0,11.11,44.44,55.56,0.193,0.09,0.31,11.11,0,0.0,C
4732.0,堀　本　　和　也,1,4,50.0,50.0,0.0,100.0,0.09,0.03,0.15,50.0,0,0.0,参考
4565.0,西　村　　豪　洋,3,4,25.0,0.0,0.0,25.0,0.163,0.08,0.28,25.0,0,0.0,参考
3998.0,冨　成　　謙　児,4,5,0.0,40.0,20.0,60.0,0.178,0.12,0.23,0.0,0,0.0,C
3553.0,平　池　　仁　志,1,8,0.0,37.5,25.0,62.5,0.165,0.09,0.32,0.0,0,0.0,C
3584.0,佐々木　　英　樹,2,8,12.5,50.0,0.0,62.5,0.19,0.09,0.29,0.0,0,0.0,C
4630.0,岩　永　　雅　人,1,4,25.0,0.0,25.0,50.0,0.208,0.09,0.31,25.0,0,0.0,参考
4467.0,渡　邉　　俊　介,2,3,0.0,33.33,66.67,100.0,0.18,0.11,0.32,33.33,0,0.0,参考
3684.0,清　水　　攻　二,4,3,0.0,33.33,33.33,66.67,0.187,0.12,0.26,0.0,0,0.0,参考
4636.0,赤　池　　修　平,5,3,0.0,0.0,0.0,0.0,0.183,0.15,0.21,33.33,0,0.0,参考
3883.0,山　根　　大　樹,4,4,0.0,0.0,0.0,0.0,0.11,0.09,0.14,0.0,0,0.0,参考
4172.0,森　定　　晃　史,5,5,0.0,20.0,40.0,60.0,0.17,0.1,0.2,0.0,0,0.0,C
3297.0,藤　丸　　光　一,1,8,12.5,25.0,37.5,75.0,0.184,0.14,0.23,12.5,0,0.0,C
4713.0,白　神　　　　優,2,5,40.0,20.0,40.0,100.0,0.164,0.09,0.23,0.0,0,0.0,C
4732.0,堀　本　　和　也,2,4,0.0,0.0,25.0,25.0,0.115,0.02,0.22,50.0,0,0.0,参考
3475.0,橋　本　　久　和,3,11,0.0,27.27,27.27,54.55,0.132,0.06,0.22,0.0,0,0.0,B
3584.0,佐々木　　英　樹,4,4,25.0,50.0,25.0,100.0,0.152,0.11,0.23,0.0,0,0.0,参考
3998.0,冨　成　　謙　児,1,6,83.33,0.0,0.0,83.33,0.102,0.02,0.15,50.0,0,0.0,C
3813.0,佐　藤　　大　介,6,10,10.0,50.0,10.0,70.0,0.182,0.06,0.35,0.0,0,0.0,B
4561.0,藤　山　　翔　大,1,10,60.0,0.0,20.0,80.0,0.179,0.09,0.25,0.0,0,0.0,B
4766.0,石　井　　孝　之,4,5,0.0,20.0,0.0,20.0,0.152,0.06,0.21,20.0,0,0.0,C
4172.0,森　定　　晃　史,6,4,0.0,0.0,25.0,25.0,0.173,0.08,0.27,0.0,0,0.0,参考
4565.0,西　村　　豪　洋,1,5,20.0,0.0,20.0,40.0,0.16,0.13,0.23,0.0,0,0.0,C
3684.0,清　水　　攻　二,1,3,33.33,33.33,0.0,66.67,0.153,0.15,0.16,33.33,0,0.0,参考
3294.0,野　中　　義　生,2,4,25.0,0.0,25.0,50.0,0.21,0.17,0.26,0.0,0,0.0,参考
4713.0,白　神　　　　優,4,5,0.0,60.0,0.0,60.0,0.102,0.06,0.13,0.0,0,0.0,C
4116.0,川　田　　正　人,6,4,25.0,0.0,25.0,50.0,0.147,0.09,0.21,50.0,0,0.0,参考
4467.0,渡　邉　　俊　介,1,3,66.67,0.0,0.0,66.67,0.117,0.09,0.16,66.67,0,0.0,参考
3813.0,佐　藤　　大　介,5,8,25.0,25.0,12.5,62.5,0.161,0.05,0.26,12.5,0,0.0,C
3883.0,山　根　　大　樹,6,3,0.0,0.0,0.0,0.0,0.22,0.17,0.28,0.0,0,0.0,参考
4561.0,藤　山　　翔　大,4,10,20.0,20.0,40.0,80.0,0.182,0.07,0.33,20.0,0,0.0,B
4172.0,森　定　　晃　史,3,4,0.0,0.0,25.0,25.0,0.128,0.08,0.18,0.0,0,0.0,参考
4636.0,赤　池　　修　平,4,3,0.0,0.0,33.33,33.33,0.15,0.12,0.17,0.0,0,0.0,参考
4630.0,岩　永　　雅　人,5,3,0.0,0.0,33.33,33.33,0.157,0.13,0.19,66.67,0,0.0,参考
4116.0,川　田　　正　人,1,4,25.0,25.0,0.0,50.0,0.12,0.08,0.16,25.0,0,0.0,参考
3297.0,藤　丸　　光　一,5,6,33.33,0.0,33.33,66.67,0.137,0.07,0.23,16.67,0,0.0,C
4467.0,渡　邉　　俊　介,6,3,0.0,33.33,0.0,33.33,0.13,0.09,0.16,33.33,0,0.0,参考
3553.0,平　池　　仁　志,2,6,16.67,0.0,33.33,50.0,0.2,0.06,0.31,33.33,0,0.0,C
3813.0,佐　藤　　大　介,3,8,37.5,37.5,12.5,87.5,0.142,0.09,0.24,25.0,0,0.0,C
3684.0,清　水　　攻　二,6,4,25.0,0.0,25.0,50.0,0.233,0.17,0.31,0.0,0,0.0,参考
4732.0,堀　本　　和　也,3,3,0.0,33.33,0.0,33.33,0.14,0.05,0.22,33.33,0,0.0,参考
3660.0,長谷川　　親　王,6,4,0.0,0.0,0.0,0.0,0.21,0.17,0.24,0.0,0,0.0,参考
3294.0,野　中　　義　生,1,3,33.33,0.0,0.0,33.33,0.107,0.1,0.12,66.67,0,0.0,参考
3883.0,山　根　　大　樹,3,5,0.0,0.0,20.0,20.0,0.214,0.15,0.3,20.0,0,0.0,C
3998.0,冨　成　　謙　児,6,5,0.0,0.0,0.0,0.0,0.2,0.15,0.25,0.0,0,0.0,C
4565.0,西　村　　豪　洋,4,6,0.0,0.0,16.67,16.67,0.143,0.07,0.22,33.33,0,0.0,C
4561.0,藤　山　　翔　大,5,7,28.57,0.0,14.29,42.86,0.2,0.14,0.28,0.0,0,0.0,C
3883.0,山　根　　大　樹,1,5,0.0,20.0,0.0,20.0,0.19,0.09,0.3,20.0,0,0.0,C
3297.0,藤　丸　　光　一,4,6,0.0,33.33,0.0,33.33,0.183,0.02,0.34,16.67,0,0.0,C
3684.0,清　水　　攻　二,5,3,33.33,0.0,66.67,100.0,0.16,0.07,0.24,0.0,0,0.0,参考
3294.0,野　中　　義　生,3,7,14.29,0.0,28.57,42.86,0.151,0.05,0.26,0.0,0,0.0,C
3584.0,佐々木　　英　樹,5,8,0.0,12.5,0.0,12.5,0.191,0.1,0.26,0.0,0,0.0,C
4732.0,堀　本　　和　也,4,3,0.0,0.0,0.0,0.0,0.06,0.01,0.09,66.67,0,0.0,参考
3998.0,冨　成　　謙　児,5,4,0.0,0.0,0.0,0.0,0.12,0.11,0.13,25.0,0,0.0,参考
4713.0,白　神　　　　優,6,7,28.57,42.86,14.29,85.71,0.119,0.02,0.2,42.86,0,0.0,C
3553.0,平　池　　仁　志,3,8,0.0,50.0,12.5,62.5,0.19,0.07,0.26,12.5,0,0.0,C
4116.0,川　田　　正　人,5,3,33.33,0.0,0.0,33.33,0.167,0.08,0.24,33.33,0,0.0,参考
4625.0,渡　邊　　裕　貴,5,4,25.0,25.0,0.0,50.0,0.145,0.08,0.19,0.0,0,0.0,参考
4713.0,白　神　　　　優,1,7,71.43,0.0,14.29,85.71,0.131,0.07,0.17,28.57,0,0.0,C
3883.0,山　根　　大　樹,5,3,0.0,0.0,0.0,0.0,0.123,0.11,0.15,33.33,0,0.0,参考
3998.0,冨　成　　謙　児,2,5,20.0,40.0,0.0,60.0,0.172,0.15,0.2,0.0,0,0.0,C
4203.0,小　倉　　康　典,6,8,0.0,0.0,37.5,37.5,0.199,0.14,0.26,12.5,0,0.0,C
3813.0,佐　藤　　大　介,4,8,25.0,12.5,37.5,75.0,0.142,0.06,0.24,12.5,0,0.0,C
3297.0,藤　丸　　光　一,2,6,16.67,16.67,33.33,66.67,0.178,0.15,0.21,0.0,0,0.0,C
4565.0,西　村　　豪　洋,6,3,0.0,0.0,33.33,33.33,0.167,0.15,0.18,0.0,0,0.0,参考
4116.0,川　田　　正　人,4,3,0.0,0.0,0.0,0.0,0.187,0.16,0.21,0.0,0,0.0,参考
4732.0,堀　本　　和　也,6,3,0.0,0.0,0.0,0.0,0.11,0.08,0.14,33.33,0,0.0,参考
4172.0,森　定　　晃　史,2,4,25.0,0.0,0.0,25.0,0.12,0.09,0.16,0.0,0,0.0,参考
3294.0,野　中　　義　生,6,3,0.0,33.33,33.33,66.67,0.073,0.05,0.11,100.0,0,0.0,参考
4565.0,西　村　　豪　洋,5,3,0.0,33.33,0.0,33.33,0.057,0.0,0.12,66.67,0,0.0,参考
4636.0,赤　池　　修　平,6,3,0.0,0.0,0.0,0.0,0.16,0.12,0.22,33.33,0,0.0,参考
3584.0,佐々木　　英　樹,6,4,0.0,25.0,25.0,50.0,0.23,0.19,0.26,0.0,0,0.0,参考
4630.0,岩　永　　雅　人,6,3,0.0,33.33,0.0,33.33,0.173,0.13,0.22,0.0,0,0.0,参考
3553.0,平　池　　仁　志,4,7,0.0,14.29,28.57,42.86,0.119,0.07,0.2,28.57,0,0.0,C
4381.0,田　路　　朋　史,4,3,33.33,66.67,0.0,100.0,0.153,0.13,0.19,0.0,0,0.0,参考
3065.0,増　田　　弘　喜,6,6,0.0,16.67,33.33,50.0,0.147,0.07,0.21,33.33,0,0.0,C
4406.0,幸　野　　史　明,5,7,0.0,0.0,14.29,14.29,0.129,0.08,0.17,0.0,0,0.0,C
4731.0,間　野　　兼　礼,6,9,0.0,11.11,11.11,22.22,0.174,0.11,0.5,11.11,0,0.0,C
3268.0,森　　　　竜　也,1,3,0.0,33.33,33.33,66.67,0.193,0.11,0.28,66.67,0,0.0,参考
4697.0,國　弘　　翔　平,6,7,0.0,0.0,0.0,0.0,0.294,0.18,0.43,0.0,0,0.0,C
4081.0,樋　口　　範　政,2,8,12.5,12.5,25.0,50.0,0.141,0.09,0.23,12.5,0,0.0,C
4431.0,石　塚　　裕　介,5,7,0.0,0.0,14.29,14.29,0.179,0.11,0.35,0.0,0,0.0,C
3065.0,増　田　　弘　喜,3,6,0.0,0.0,0.0,0.0,0.2,0.15,0.3,16.67,0,0.0,C
4406.0,幸　野　　史　明,6,5,0.0,0.0,20.0,20.0,0.158,0.12,0.2,0.0,0,0.0,C
3379.0,打　越　　　　晶,2,3,33.33,33.33,0.0,66.67,0.167,0.15,0.18,0.0,0,0.0,参考
3797.0,岩　井　　　　繁,5,6,16.67,16.67,16.67,50.0,0.178,0.07,0.25,16.67,0,0.0,C
4615.0,板　倉　　敦　史,6,8,0.0,12.5,25.0,37.5,0.223,0.13,0.34,0.0,0,0.0,C
4431.0,石　塚　　裕　介,3,5,40.0,0.0,0.0,40.0,0.102,0.05,0.17,20.0,0,0.0,C
3867.0,松　浦　　　　勝,4,5,20.0,0.0,0.0,20.0,0.132,0.05,0.21,20.0,0,0.0,C
3908.0,重　成　　一　人,6,3,0.0,0.0,0.0,0.0,0.157,0.12,0.19,0.0,0,0.0,参考
3693.0,栢　場　　優　子,3,5,0.0,0.0,0.0,0.0,0.18,0.11,0.22,0.0,0,0.0,C
4733.0,赤　井　　　　睦,5,3,0.0,0.0,33.33,33.33,0.18,0.17,0.2,0.0,0,0.0,参考
4509.0,平　見　　真　彦,3,3,0.0,0.0,66.67,66.67,0.133,0.06,0.19,33.33,0,0.0,参考
3350.0,藤　本　　佳　史,5,5,0.0,20.0,40.0,60.0,0.11,0.06,0.18,20.0,0,0.0,C
4080.0,山　崎　　哲　司,2,3,33.33,33.33,33.33,100.0,0.173,0.07,0.29,66.67,0,0.0,参考
3908.0,重　成　　一　人,4,4,0.0,25.0,25.0,50.0,0.155,0.08,0.19,50.0,0,0.0,参考
4731.0,間　野　　兼　礼,5,9,22.22,11.11,0.0,33.33,0.148,0.03,0.39,22.22,0,0.0,C
3268.0,森　　　　竜　也,6,3,33.33,0.0,0.0,33.33,0.233,0.15,0.28,0.0,0,0.0,参考
4615.0,板　倉　　敦　史,1,9,22.22,33.33,11.11,66.67,0.143,0.07,0.22,11.11,0,0.0,C
4431.0,石　塚　　裕　介,2,7,14.29,28.57,42.86,85.71,0.161,0.11,0.23,14.29,0,0.0,C
4733.0,赤　井　　　　睦,4,5,0.0,0.0,20.0,20.0,0.156,0.07,0.27,0.0,0,0.0,C
3867.0,松　浦　　　　勝,6,3,0.0,0.0,0.0,0.0,0.19,0.15,0.25,0.0,0,0.0,参考
4697.0,國　弘　　翔　平,1,4,50.0,0.0,50.0,100.0,0.13,0.09,0.23,25.0,0,0.0,参考
3350.0,藤　本　　佳　史,4,3,0.0,33.33,33.33,66.67,0.217,0.15,0.27,0.0,0,0.0,参考
3797.0,岩　井　　　　繁,3,7,0.0,28.57,28.57,57.14,0.143,0.08,0.22,0.0,0,0.0,C
4731.0,間　野　　兼　礼,4,14,0.0,14.29,28.57,42.86,0.179,0.04,0.32,35.71,0,0.0,B
3065.0,増　田　　弘　喜,1,6,50.0,0.0,0.0,50.0,0.188,0.09,0.31,33.33,0,0.0,C
4550.0,石　岡　　将　太,4,5,40.0,20.0,0.0,60.0,0.136,0.07,0.19,20.0,0,0.0,C
3350.0,藤　本　　佳　史,1,6,16.67,50.0,0.0,66.67,0.172,0.09,0.26,50.0,0,0.0,C
3867.0,松　浦　　　　勝,5,4,0.0,0.0,0.0,0.0,0.16,0.1,0.19,0.0,0,0.0,参考
3693.0,栢　場　　優　子,6,7,0.0,0.0,14.29,14.29,0.197,0.18,0.23,0.0,0,0.0,C
3797.0,岩　井　　　　繁,1,7,0.0,28.57,28.57,57.14,0.149,0.08,0.22,0.0,0,0.0,C
4697.0,國　弘　　翔　平,2,3,0.0,0.0,33.33,33.33,0.223,0.21,0.23,0.0,0,0.0,参考
4081.0,樋　口　　範　政,5,8,12.5,0.0,25.0,37.5,0.221,0.17,0.29,0.0,0,0.0,C
4080.0,山　崎　　哲　司,1,4,100.0,0.0,0.0,100.0,0.092,0.02,0.16,50.0,0,0.0,参考
4406.0,幸　野　　史　明,2,8,0.0,62.5,0.0,62.5,0.161,0.07,0.22,12.5,0,0.0,C
3908.0,重　成　　一　人,5,3,0.0,66.67,0.0,66.67,0.193,0.11,0.29,0.0,0,0.0,参考
4381.0,田　路　　朋　史,3,3,0.0,66.67,33.33,100.0,0.173,0.12,0.27,33.33,0,0.0,参考
4081.0,樋　口　　範　政,4,6,0.0,0.0,33.33,33.33,0.172,0.12,0.21,0.0,0,0.0,C
3867.0,松　浦　　　　勝,1,5,20.0,0.0,0.0,20.0,0.136,0.09,0.19,20.0,0,0.0,C
4733.0,赤　井　　　　睦,2,5,20.0,40.0,0.0,60.0,0.168,0.11,0.27,20.0,0,0.0,C
3065.0,増　田　　弘　喜,4,8,12.5,25.0,12.5,50.0,0.205,0.13,0.39,0.0,0,0.0,C
4697.0,國　弘　　翔　平,5,4,0.0,0.0,50.0,50.0,0.253,0.13,0.35,0.0,0,0.0,参考
4406.0,幸　野　　史　明,1,5,40.0,40.0,20.0,100.0,0.174,0.09,0.29,0.0,0,0.0,C
3797.0,岩　井　　　　繁,2,7,28.57,14.29,14.29,57.14,0.204,0.14,0.29,0.0,0,0.0,C
3908.0,重　成　　一　人,3,5,20.0,40.0,20.0,80.0,0.164,0.05,0.23,40.0,0,0.0,C
4431.0,石　塚　　裕　介,4,4,0.0,25.0,0.0,25.0,0.175,0.06,0.26,25.0,0,0.0,参考
3268.0,森　　　　竜　也,2,3,33.33,0.0,0.0,33.33,0.127,0.05,0.21,33.33,0,0.0,参考
4081.0,樋　口　　範　政,6,7,0.0,0.0,28.57,28.57,0.189,0.11,0.35,0.0,0,0.0,C
3350.0,藤　本　　佳　史,2,7,14.29,28.57,42.86,85.71,0.137,0.06,0.22,14.29,0,0.0,C
3379.0,打　越　　　　晶,5,3,0.0,0.0,0.0,0.0,0.167,0.15,0.18,33.33,0,0.0,参考
4509.0,平　見　　真　彦,1,3,66.67,0.0,0.0,66.67,0.173,0.14,0.23,0.0,0,0.0,参考
3065.0,増　田　　弘　喜,2,7,0.0,14.29,28.57,42.86,0.161,0.08,0.23,14.29,0,0.0,C
4406.0,幸　野　　史　明,3,7,14.29,28.57,0.0,42.86,0.143,0.04,0.21,0.0,0,0.0,C
3268.0,森　　　　竜　也,4,3,0.0,33.33,0.0,33.33,0.163,0.13,0.22,0.0,0,0.0,参考
4733.0,赤　井　　　　睦,3,4,25.0,0.0,0.0,25.0,0.203,0.14,0.23,25.0,0,0.0,参考
3797.0,岩　井　　　　繁,4,6,0.0,33.33,66.67,100.0,0.17,0.1,0.22,0.0,0,0.0,C
3867.0,松　浦　　　　勝,3,4,25.0,25.0,25.0,75.0,0.117,0.09,0.15,25.0,0,0.0,参考
4431.0,石　塚　　裕　介,1,5,40.0,40.0,20.0,100.0,0.086,0.02,0.16,80.0,0,0.0,C
3350.0,藤　本　　佳　史,3,5,40.0,20.0,0.0,60.0,0.154,0.08,0.21,20.0,0,0.0,C
4080.0,山　崎　　哲　司,5,3,0.0,0.0,33.33,33.33,0.157,0.12,0.18,0.0,0,0.0,参考
3908.0,重　成　　一　人,1,4,50.0,0.0,25.0,75.0,0.163,0.11,0.26,50.0,0,0.0,参考
4081.0,樋　口　　範　政,3,7,0.0,0.0,14.29,14.29,0.201,0.1,0.37,0.0,0,0.0,C
4509.0,平　見　　真　彦,4,4,25.0,75.0,0.0,100.0,0.16,0.12,0.19,50.0,0,0.0,参考
4166.0,吉　田　　拡　郎,1,5,60.0,0.0,20.0,80.0,0.102,0.07,0.14,60.0,0,0.0,C
4459.0,片　岡　　雅　裕,4,3,0.0,33.33,33.33,66.67,0.197,0.09,0.35,0.0,0,0.0,参考
3541.0,三　嶌　　誠　司,1,8,25.0,50.0,12.5,87.5,0.147,0.04,0.35,50.0,0,0.0,C
4288.0,永　田　　啓　二,4,5,60.0,20.0,0.0,80.0,0.128,0.08,0.17,40.0,0,0.0,C
4066.0,東　本　　勝　利,1,8,62.5,0.0,12.5,75.0,0.105,0.03,0.18,25.0,0,0.0,C
4604.0,岩　瀬　　裕　亮,3,9,0.0,33.33,33.33,66.67,0.11,0.06,0.16,22.22,0,0.0,C
3629.0,浅　見　　昌　克,4,12,16.67,33.33,0.0,50.0,0.091,0.02,0.2,75.0,0,0.0,B
4024.0,井　口　　佳　典,1,4,50.0,0.0,25.0,75.0,0.117,0.05,0.18,0.0,0,0.0,参考
4166.0,吉　田　　拡　郎,2,5,40.0,20.0,0.0,60.0,0.12,0.09,0.14,20.0,0,0.0,C
4292.0,麻　生　　慎　介,3,9,22.22,22.22,11.11,55.56,0.176,0.08,0.3,11.11,0,0.0,C
4013.0,中　島　　孝　平,6,3,0.0,33.33,33.33,66.67,0.133,0.07,0.23,0.0,0,0.0,参考
4418.0,茅　原　　悠　紀,5,7,0.0,0.0,14.29,14.29,0.133,0.08,0.23,28.57,0,0.0,C
3541.0,三　嶌　　誠　司,2,6,66.67,0.0,16.67,83.33,0.138,0.08,0.18,33.33,0,0.0,C
3941.0,池　田　　浩　二,4,3,33.33,66.67,0.0,100.0,0.103,0.09,0.12,33.33,0,0.0,参考
4168.0,石　野　　貴　之,6,4,25.0,0.0,0.0,25.0,0.182,0.08,0.32,0.0,0,0.0,参考
4397.0,西　村　　拓　也,3,7,0.0,28.57,0.0,28.57,0.087,0.05,0.14,14.29,0,0.0,C
4294.0,古　賀　　繁　輝,4,3,0.0,0.0,0.0,0.0,0.127,0.11,0.15,0.0,0,0.0,参考
4013.0,中　島　　孝　平,5,5,0.0,20.0,0.0,20.0,0.134,0.11,0.15,40.0,0,0.0,C
4024.0,井　口　　佳　典,2,8,12.5,25.0,12.5,50.0,0.146,0.07,0.34,12.5,0,0.0,C
3960.0,菊　地　　孝　平,4,3,0.0,33.33,33.33,66.67,0.107,0.07,0.16,33.33,0,0.0,参考
4168.0,石　野　　貴　之,5,6,0.0,0.0,16.67,16.67,0.17,0.12,0.24,0.0,0,0.0,C
4418.0,茅　原　　悠　紀,6,6,0.0,33.33,50.0,83.33,0.145,0.06,0.19,0.0,0,0.0,C
3541.0,三　嶌　　誠　司,3,7,28.57,14.29,0.0,42.86,0.133,0.04,0.17,14.29,0,0.0,C
4288.0,永　田　　啓　二,2,6,33.33,66.67,0.0,100.0,0.108,0.03,0.22,50.0,0,0.0,C
4024.0,井　口　　佳　典,4,4,50.0,25.0,0.0,75.0,0.135,0.11,0.16,0.0,0,0.0,参考
4459.0,片　岡　　雅　裕,5,3,0.0,33.33,33.33,66.67,0.157,0.11,0.2,0.0,0,0.0,参考
3629.0,浅　見　　昌　克,6,10,10.0,10.0,20.0,40.0,0.181,0.06,0.28,20.0,0,0.0,B
4397.0,西　村　　拓　也,1,8,62.5,12.5,12.5,87.5,0.139,0.04,0.21,37.5,0,0.0,C
3960.0,菊　地　　孝　平,2,5,40.0,20.0,40.0,100.0,0.108,0.08,0.14,20.0,0,0.0,C
4604.0,岩　瀬　　裕　亮,1,9,55.56,11.11,11.11,77.78,0.11,0.01,0.17,44.44,0,0.0,C
4168.0,石　野　　貴　之,4,5,40.0,40.0,0.0,80.0,0.104,0.02,0.14,40.0,0,0.0,C
4013.0,中　島　　孝　平,4,6,0.0,16.67,33.33,50.0,0.11,0.05,0.2,33.33,0,0.0,C
4066.0,東　本　　勝　利,2,7,0.0,28.57,42.86,71.43,0.13,0.06,0.19,14.29,0,0.0,C
4459.0,片　岡　　雅　裕,6,3,0.0,0.0,0.0,0.0,0.133,0.08,0.17,33.33,0,0.0,参考
4292.0,麻　生　　慎　介,1,6,50.0,16.67,0.0,66.67,0.165,0.09,0.24,16.67,0,0.0,C
4294.0,古　賀　　繁　輝,5,3,0.0,33.33,0.0,33.33,0.14,0.1,0.17,0.0,0,0.0,参考
3941.0,池　田　　浩　二,6,6,0.0,0.0,66.67,66.67,0.14,0.08,0.2,33.33,0,0.0,C
4397.0,西　村　　拓　也,2,8,25.0,25.0,25.0,75.0,0.104,0.05,0.17,12.5,0,0.0,C
4418.0,茅　原　　悠　紀,4,5,40.0,20.0,0.0,60.0,0.096,0.04,0.16,20.0,0,0.0,C
3629.0,浅　見　　昌　克,5,8,12.5,25.0,12.5,50.0,0.143,0.08,0.2,25.0,0,0.0,C
3960.0,菊　地　　孝　平,1,5,100.0,0.0,0.0,100.0,0.092,0.07,0.11,20.0,0,0.0,C
4066.0,東　本　　勝　利,3,10,10.0,30.0,20.0,60.0,0.125,0.04,0.22,30.0,0,0.0,B
4294.0,古　賀　　繁　輝,6,5,20.0,20.0,0.0,40.0,0.164,0.07,0.3,20.0,0,0.0,C
3941.0,池　田　　浩　二,3,5,20.0,20.0,40.0,80.0,0.088,0.05,0.13,40.0,0,0.0,C
4166.0,吉　田　　拡　郎,5,6,0.0,0.0,33.33,33.33,0.143,0.11,0.22,16.67,0,0.0,C
3541.0,三　嶌　　誠　司,4,5,20.0,20.0,20.0,60.0,0.156,0.11,0.24,20.0,0,0.0,C
4066.0,東　本　　勝　利,5,8,0.0,25.0,37.5,62.5,0.154,0.09,0.2,12.5,0,0.0,C
4418.0,茅　原　　悠　紀,2,7,28.57,42.86,14.29,85.71,0.137,0.05,0.31,28.57,0,0.0,C
3960.0,菊　地　　孝　平,3,6,50.0,16.67,0.0,66.67,0.097,0.05,0.14,50.0,0,0.0,C
4292.0,麻　生　　慎　介,4,8,25.0,25.0,25.0,75.0,0.116,0.05,0.19,25.0,0,0.0,C
4294.0,古　賀　　繁　輝,1,5,80.0,20.0,0.0,100.0,0.08,0.05,0.11,80.0,0,0.0,C
4168.0,石　野　　貴　之,3,4,0.0,50.0,25.0,75.0,0.107,0.06,0.19,25.0,0,0.0,参考
4397.0,西　村　　拓　也,6,7,14.29,14.29,14.29,42.86,0.121,0.04,0.18,0.0,0,0.0,C
4024.0,井　口　　佳　典,3,3,66.67,0.0,33.33,100.0,0.12,0.05,0.18,33.33,0,0.0,参考
3941.0,池　田　　浩　二,5,4,25.0,25.0,25.0,75.0,0.122,0.09,0.16,25.0,0,0.0,参考
4604.0,岩　瀬　　裕　亮,6,10,0.0,20.0,30.0,50.0,0.155,0.1,0.22,0.0,0,0.0,B
4288.0,永　田　　啓　二,6,6,0.0,16.67,33.33,50.0,0.133,0.09,0.19,33.33,0,0.0,C
4168.0,石　野　　貴　之,1,4,75.0,25.0,0.0,100.0,0.09,0.05,0.11,50.0,0,0.0,参考
4013.0,中　島　　孝　平,2,6,0.0,66.67,0.0,66.67,0.112,0.04,0.17,16.67,0,0.0,C
3629.0,浅　見　　昌　克,1,11,54.55,9.09,9.09,72.73,0.105,0.02,0.22,36.36,0,0.0,B
4166.0,吉　田　　拡　郎,4,6,16.67,0.0,66.67,83.33,0.103,0.05,0.2,33.33,0,0.0,C
3960.0,菊　地　　孝　平,6,4,25.0,25.0,50.0,100.0,0.083,0.04,0.11,50.0,0,0.0,参考
4604.0,岩　瀬　　裕　亮,4,12,0.0,25.0,33.33,58.33,0.144,0.07,0.28,25.0,0,0.0,B
4024.0,井　口　　佳　典,5,3,66.67,33.33,0.0,100.0,0.05,0.01,0.09,66.67,0,0.0,参考
4418.0,茅　原　　悠　紀,1,8,100.0,0.0,0.0,100.0,0.111,0.07,0.18,62.5,0,0.0,C
4288.0,永　田　　啓　二,5,7,0.0,42.86,28.57,71.43,0.101,0.04,0.2,57.14,0,0.0,C
4292.0,麻　生　　慎　介,6,6,0.0,0.0,16.67,16.67,0.153,0.09,0.23,16.67,0,0.0,C
3629.0,浅　見　　昌　克,2,8,25.0,25.0,25.0,75.0,0.13,0.02,0.26,50.0,0,0.0,C
3541.0,三　嶌　　誠　司,5,5,0.0,40.0,20.0,60.0,0.166,0.14,0.19,20.0,0,0.0,C
4294.0,古　賀　　繁　輝,2,3,33.33,0.0,33.33,66.67,0.24,0.16,0.32,0.0,0,0.0,参考
4397.0,西　村　　拓　也,5,8,12.5,25.0,12.5,50.0,0.122,0.07,0.21,12.5,0,0.0,C
3941.0,池　田　　浩　二,2,5,20.0,0.0,40.0,60.0,0.148,0.1,0.32,20.0,0,0.0,C
4459.0,片　岡　　雅　裕,1,3,33.33,0.0,33.33,66.67,0.14,0.07,0.18,33.33,0,0.0,参考
4013.0,中　島　　孝　平,3,3,0.0,33.33,33.33,66.67,0.15,0.08,0.19,33.33,0,0.0,参考
4166.0,吉　田　　拡　郎,6,4,0.0,25.0,25.0,50.0,0.083,0.01,0.12,75.0,0,0.0,参考
4024.0,井　口　　佳　典,6,3,0.0,0.0,100.0,100.0,0.18,0.14,0.25,33.33,0,0.0,参考
3941.0,池　田　　浩　二,1,7,100.0,0.0,0.0,100.0,0.144,0.06,0.2,14.29,0,0.0,C
4168.0,石　野　　貴　之,2,6,33.33,16.67,16.67,66.67,0.135,0.02,0.25,0.0,0,0.0,C
3541.0,三　嶌　　誠　司,6,6,0.0,16.67,33.33,50.0,0.148,0.08,0.21,0.0,0,0.0,C
4013.0,中　島　　孝　平,1,3,100.0,0.0,0.0,100.0,0.143,0.11,0.2,66.67,0,0.0,参考
4418.0,茅　原　　悠　紀,3,7,14.29,42.86,28.57,85.71,0.153,0.09,0.29,0.0,0,0.0,C
4066.0,東　本　　勝　利,6,11,0.0,9.09,45.45,54.55,0.141,0.06,0.21,27.27,0,0.0,B
4288.0,永　田　　啓　二,1,10,40.0,20.0,10.0,70.0,0.102,0.03,0.18,50.0,0,0.0,B
3960.0,菊　地　　孝　平,5,4,25.0,25.0,0.0,50.0,0.095,0.05,0.13,25.0,0,0.0,参考
4166.0,吉　田　　拡　郎,3,7,28.57,42.86,0.0,71.43,0.103,0.04,0.19,28.57,0,0.0,C
4397.0,西　村　　拓　也,4,8,12.5,12.5,12.5,37.5,0.154,0.1,0.27,12.5,0,0.0,C
4288.0,永　田　　啓　二,3,4,25.0,25.0,0.0,50.0,0.115,0.09,0.14,25.0,0,0.0,参考
4294.0,古　賀　　繁　輝,3,4,50.0,0.0,25.0,75.0,0.122,0.08,0.2,25.0,0,0.0,参考
4459.0,片　岡　　雅　裕,3,3,0.0,0.0,66.67,66.67,0.11,0.09,0.14,100.0,0,0.0,参考
3629.0,浅　見　　昌　克,3,11,18.18,54.55,9.09,81.82,0.095,0.0,0.16,18.18,0,0.0,B
4066.0,東　本　　勝　利,4,11,36.36,0.0,36.36,72.73,0.126,0.04,0.24,9.09,0,0.0,B
4604.0,岩　瀬　　裕　亮,2,10,20.0,40.0,20.0,80.0,0.115,0.06,0.18,10.0,0,0.0,B
4330.0,奈　須　　啓　太,3,6,33.33,16.67,16.67,66.67,0.107,0.08,0.14,66.67,0,0.0,C
4604.0,岩　瀬　　裕　亮,5,9,0.0,0.0,22.22,22.22,0.133,0.05,0.23,0.0,0,0.0,C
3458.0,東　　　　健　介,3,3,33.33,0.0,33.33,66.67,0.2,0.14,0.25,33.33,0,0.0,参考
3338.0,出　本　　正　博,1,3,0.0,33.33,0.0,33.33,0.253,0.22,0.28,0.0,0,0.0,参考
3024.0,西　島　　義　則,3,6,50.0,16.67,16.67,83.33,0.17,0.07,0.29,0.0,0,0.0,C
3419.0,栗　原　　謙　治,3,6,0.0,33.33,0.0,33.33,0.187,0.13,0.27,0.0,0,0.0,C
2942.0,瀬　尾　　達　也,6,3,0.0,0.0,66.67,66.67,0.103,0.05,0.13,33.33,0,0.0,参考
2903.0,山　崎　　　　毅,5,3,0.0,33.33,0.0,33.33,0.19,0.12,0.24,0.0,0,0.0,参考
3627.0,井　上　　恵　一,1,4,50.0,0.0,25.0,75.0,0.122,0.09,0.18,25.0,0,0.0,参考
3491.0,富　永　　　　茂,6,5,0.0,0.0,20.0,20.0,0.228,0.09,0.3,0.0,0,0.0,C
3462.0,竹　上　　真　司,1,4,0.0,25.0,0.0,25.0,0.135,0.02,0.22,25.0,0,0.0,参考
3024.0,西　島　　義　則,2,7,28.57,14.29,14.29,57.14,0.121,0.02,0.22,28.57,0,0.0,C
3419.0,栗　原　　謙　治,6,7,0.0,14.29,0.0,14.29,0.253,0.06,0.45,0.0,0,0.0,C
3419.0,栗　原　　謙　治,5,4,0.0,50.0,25.0,75.0,0.253,0.15,0.4,0.0,0,0.0,参考
3491.0,富　永　　　　茂,3,3,0.0,0.0,0.0,0.0,0.237,0.19,0.28,0.0,0,0.0,参考
3338.0,出　本　　正　博,5,4,25.0,0.0,25.0,50.0,0.122,0.03,0.17,50.0,0,0.0,参考
3462.0,竹　上　　真　司,3,6,16.67,33.33,0.0,50.0,0.17,0.16,0.18,16.67,0,0.0,C
3024.0,西　島　　義　則,4,4,0.0,25.0,0.0,25.0,0.242,0.15,0.39,0.0,0,0.0,参考
3627.0,井　上　　恵　一,5,5,0.0,0.0,0.0,0.0,0.258,0.17,0.38,0.0,0,0.0,C
3338.0,出　本　　正　博,4,3,0.0,0.0,0.0,0.0,0.127,0.08,0.17,33.33,0,0.0,参考
3419.0,栗　原　　謙　治,4,5,0.0,20.0,0.0,20.0,0.212,0.15,0.29,0.0,0,0.0,C
3024.0,西　島　　義　則,1,6,50.0,33.33,16.67,100.0,0.192,0.13,0.23,33.33,0,0.0,C
3462.0,竹　上　　真　司,2,5,0.0,0.0,60.0,60.0,0.134,0.08,0.17,0.0,0,0.0,C
3189.0,矢　野　　素　也,6,3,0.0,0.0,0.0,0.0,0.263,0.22,0.29,0.0,0,0.0,参考
3265.0,今　村　　暢　孝,1,4,75.0,0.0,0.0,75.0,0.113,0.08,0.14,25.0,0,0.0,参考
3491.0,富　永　　　　茂,1,4,25.0,25.0,25.0,75.0,0.172,0.06,0.23,25.0,0,0.0,参考
3462.0,竹　上　　真　司,4,4,0.0,0.0,25.0,25.0,0.133,0.05,0.21,50.0,0,0.0,参考
3419.0,栗　原　　謙　治,2,5,20.0,40.0,20.0,80.0,0.15,0.05,0.21,20.0,0,0.0,C
3627.0,井　上　　恵　一,3,6,16.67,0.0,16.67,33.33,0.197,0.08,0.26,0.0,0,0.0,C
2878.0,富　山　　弘　幸,5,8,12.5,12.5,37.5,62.5,0.17,0.06,0.28,12.5,0,0.0,C
3024.0,西　島　　義　則,5,5,0.0,60.0,20.0,80.0,0.192,0.14,0.29,0.0,0,0.0,C
3627.0,井　上　　恵　一,4,7,28.57,28.57,0.0,57.14,0.124,0.01,0.19,28.57,0,0.0,C
3338.0,出　本　　正　博,6,3,0.0,0.0,33.33,33.33,0.143,0.13,0.16,66.67,0,0.0,参考
3121.0,占　部　　彰　二,6,3,0.0,0.0,0.0,0.0,0.22,0.17,0.25,0.0,0,0.0,参考
3462.0,竹　上　　真　司,6,4,25.0,0.0,0.0,25.0,0.182,0.15,0.21,25.0,0,0.0,参考
3024.0,西　島　　義　則,6,4,0.0,75.0,25.0,100.0,0.19,0.12,0.27,0.0,0,0.0,参考
3627.0,井　上　　恵　一,2,5,40.0,0.0,40.0,80.0,0.178,0.15,0.22,0.0,0,0.0,C
3338.0,出　本　　正　博,2,3,33.33,33.33,0.0,66.67,0.147,0.01,0.27,33.33,0,0.0,参考
3419.0,栗　原　　謙　治,1,5,20.0,0.0,20.0,40.0,0.174,0.13,0.23,40.0,0,0.0,C
3462.0,竹　上　　真　司,5,5,0.0,20.0,0.0,20.0,0.162,0.13,0.19,20.0,0,0.0,C
2878.0,富　山　　弘　幸,6,7,0.0,28.57,14.29,42.86,0.171,0.05,0.28,14.29,0,0.0,C
4249.0,曾　根　　孝　仁,4,3,33.33,0.0,66.67,100.0,0.157,0.13,0.21,0.0,0,0.0,参考
4906.0,鈴　木　　雅　希,6,12,0.0,8.33,16.67,25.0,0.158,0.01,0.3,16.67,0,0.0,B
4379.0,桑　島　　和　宏,3,16,12.5,37.5,25.0,75.0,0.144,0.05,0.22,6.25,0,0.0,B
4598.0,加　藤　　政　彦,4,10,10.0,10.0,30.0,50.0,0.143,0.04,0.26,20.0,0,0.0,B
4245.0,高　橋　　直　哉,5,6,0.0,16.67,16.67,33.33,0.147,0.11,0.19,16.67,0,0.0,C
4274.0,長　畑　　友　輔,2,17,17.65,17.65,11.76,47.06,0.154,0.06,0.29,29.41,0,0.0,B
3226.0,浦　田　　信　義,3,13,0.0,0.0,38.46,38.46,0.163,0.08,0.33,7.69,0,0.0,B
4702.0,三　浦　　敬　太,2,16,6.25,37.5,6.25,50.0,0.158,0.07,0.6,31.25,0,0.0,B
4598.0,加　藤　　政　彦,1,12,66.67,16.67,8.33,91.67,0.121,0.03,0.2,41.67,0,0.0,B
3226.0,浦　田　　信　義,5,8,0.0,0.0,12.5,12.5,0.159,0.09,0.28,12.5,0,0.0,C
3226.0,浦　田　　信　義,2,11,9.09,18.18,18.18,45.45,0.16,0.06,0.23,9.09,0,0.0,B
4245.0,高　橋　　直　哉,4,9,11.11,11.11,33.33,55.56,0.169,0.11,0.26,11.11,0,0.0,C
4274.0,長　畑　　友　輔,1,22,45.45,22.73,13.64,81.82,0.126,0.03,0.22,54.55,0,0.0,A
4702.0,三　浦　　敬　太,3,13,30.77,15.38,23.08,69.23,0.128,0.08,0.21,23.08,0,0.0,B
4906.0,鈴　木　　雅　希,5,11,0.0,0.0,9.09,9.09,0.164,0.08,0.3,9.09,0,0.0,B
4847.0,佐　藤　　隆太郎,4,22,31.82,31.82,4.55,68.18,0.117,0.03,0.25,18.18,0,0.0,A
4245.0,高　橋　　直　哉,2,8,12.5,25.0,12.5,50.0,0.198,0.15,0.25,0.0,0,0.0,C
4702.0,三　浦　　敬　太,1,14,21.43,42.86,7.14,71.43,0.15,0.01,0.24,14.29,0,0.0,B
4598.0,加　藤　　政　彦,2,11,18.18,45.45,18.18,81.82,0.169,0.09,0.32,9.09,0,0.0,B
3565.0,坂　本　　徳　克,3,12,0.0,8.33,16.67,25.0,0.158,0.03,0.32,16.67,0,0.0,B
3226.0,浦　田　　信　義,1,13,23.08,38.46,7.69,69.23,0.198,0.04,0.45,7.69,0,0.0,B
4598.0,加　藤　　政　彦,3,11,18.18,45.45,18.18,81.82,0.175,0.07,0.33,9.09,0,0.0,B
4245.0,高　橋　　直　哉,1,10,20.0,30.0,20.0,70.0,0.159,0.03,0.23,20.0,0,0.0,B
4702.0,三　浦　　敬　太,4,12,8.33,25.0,16.67,50.0,0.112,0.05,0.2,25.0,0,0.0,B
4875.0,大　塚　　康　雅,4,13,7.69,7.69,7.69,23.08,0.155,0.06,0.35,7.69,0,0.0,B
4598.0,加　藤　　政　彦,5,11,0.0,27.27,18.18,45.45,0.119,0.03,0.23,9.09,0,0.0,B
3226.0,浦　田　　信　義,4,13,15.38,15.38,7.69,38.46,0.151,0.06,0.26,15.38,0,0.0,B
4245.0,高　橋　　直　哉,3,8,0.0,12.5,37.5,50.0,0.19,0.09,0.47,0.0,0,0.0,C
4702.0,三　浦　　敬　太,6,12,0.0,8.33,25.0,33.33,0.107,0.04,0.17,25.0,0,0.0,B
4702.0,三　浦　　敬　太,5,12,8.33,8.33,8.33,25.0,0.164,0.09,0.25,16.67,0,0.0,B
4598.0,加　藤　　政　彦,6,8,25.0,0.0,25.0,50.0,0.158,0.07,0.24,0.0,0,0.0,C
4245.0,高　橋　　直　哉,6,8,12.5,0.0,12.5,25.0,0.159,0.05,0.3,12.5,0,0.0,C
3226.0,浦　田　　信　義,6,10,10.0,10.0,30.0,50.0,0.186,0.13,0.24,0.0,0,0.0,B
5190.0,大　月　　遊　雅,5,8,0.0,12.5,0.0,12.5,0.175,0.08,0.32,0.0,0,0.0,C
4928.0,栗　城　　　　匠,5,3,0.0,0.0,33.33,33.33,0.147,0.08,0.25,33.33,0,0.0,参考
4688.0,永　井　　彪　也,2,12,8.33,33.33,25.0,66.67,0.157,0.08,0.33,16.67,0,0.0,B
5023.0,久　永　　祥　平,4,21,14.29,19.05,9.52,42.86,0.137,0.04,0.19,14.29,0,0.0,A
5096.0,上　原　　　　崚,2,6,33.33,33.33,16.67,83.33,0.16,0.08,0.31,33.33,0,0.0,C
4465.0,大　西　　　　賢,4,8,0.0,12.5,37.5,50.0,0.147,0.06,0.22,37.5,0,0.0,C
4660.0,宇田川　　信　一,3,8,25.0,0.0,50.0,75.0,0.175,0.04,0.24,12.5,0,0.0,C
4939.0,宮之原　　輝　紀,6,17,0.0,11.76,23.53,35.29,0.147,0.07,0.23,29.41,0,0.0,B
5023.0,久　永　　祥　平,5,20,0.0,0.0,30.0,30.0,0.151,0.01,0.28,30.0,0,0.0,A
3859.0,多羅尾　　達　之,6,10,0.0,0.0,0.0,0.0,0.153,0.05,0.27,30.0,0,0.0,B
4954.0,内　山　　峻　輔,6,6,0.0,0.0,33.33,33.33,0.117,0.07,0.2,33.33,0,0.0,C
4939.0,宮之原　　輝　紀,2,18,16.67,27.78,27.78,72.22,0.144,0.08,0.19,11.11,0,0.0,B
4939.0,宮之原　　輝　紀,3,13,46.15,30.77,7.69,84.62,0.13,0.09,0.21,15.38,0,0.0,B
3859.0,多羅尾　　達　之,5,9,11.11,11.11,22.22,44.44,0.14,0.01,0.36,55.56,0,0.0,C
5190.0,大　月　　遊　雅,6,7,0.0,0.0,0.0,0.0,0.213,0.07,0.62,0.0,0,0.0,C
5096.0,上　原　　　　崚,6,9,0.0,0.0,22.22,22.22,0.112,0.05,0.17,44.44,0,0.0,C
4465.0,大　西　　　　賢,5,7,0.0,0.0,0.0,0.0,0.176,0.06,0.3,0.0,0,0.0,C
4660.0,宇田川　　信　一,4,8,0.0,0.0,25.0,25.0,0.188,0.12,0.26,0.0,0,0.0,C
4928.0,栗　城　　　　匠,2,4,50.0,0.0,25.0,75.0,0.152,0.13,0.19,0.0,0,0.0,参考
5190.0,大　月　　遊　雅,4,10,10.0,20.0,10.0,40.0,0.131,0.06,0.23,20.0,0,0.0,B
4954.0,内　山　　峻　輔,5,6,0.0,16.67,0.0,16.67,0.155,0.08,0.23,50.0,0,0.0,C
3859.0,多羅尾　　達　之,2,11,9.09,36.36,18.18,63.64,0.135,0.01,0.31,36.36,0,0.0,B
5023.0,久　永　　祥　平,2,17,0.0,17.65,41.18,58.82,0.14,0.01,0.27,17.65,0,0.0,B
4465.0,大　西　　　　賢,3,7,14.29,0.0,28.57,42.86,0.137,0.04,0.25,28.57,0,0.0,C
4939.0,宮之原　　輝　紀,4,14,7.14,28.57,42.86,78.57,0.135,0.08,0.17,42.86,0,0.0,B
5096.0,上　原　　　　崚,5,7,14.29,0.0,42.86,57.14,0.109,0.03,0.25,71.43,0,0.0,C
4660.0,宇田川　　信　一,6,5,0.0,0.0,0.0,0.0,0.204,0.16,0.29,0.0,0,0.0,C
4465.0,大　西　　　　賢,1,7,0.0,14.29,14.29,28.57,0.184,0.12,0.24,14.29,0,0.0,C
3859.0,多羅尾　　達　之,1,9,22.22,22.22,11.11,55.56,0.117,0.06,0.28,55.56,0,0.0,C
4660.0,宇田川　　信　一,1,7,14.29,14.29,42.86,71.43,0.169,0.12,0.26,14.29,0,0.0,C
5096.0,上　原　　　　崚,3,7,57.14,0.0,0.0,57.14,0.094,0.06,0.14,42.86,0,0.0,C
5023.0,久　永　　祥　平,6,11,0.0,9.09,27.27,36.36,0.171,0.07,0.26,27.27,0,0.0,B
4954.0,内　山　　峻　輔,1,9,44.44,22.22,33.33,100.0,0.142,0.05,0.24,55.56,0,0.0,C
4939.0,宮之原　　輝　紀,5,17,17.65,29.41,0.0,47.06,0.13,0.04,0.22,23.53,0,0.0,B
5023.0,久　永　　祥　平,3,22,9.09,27.27,18.18,54.55,0.142,0.09,0.28,18.18,0,0.0,A
3859.0,多羅尾　　達　之,4,9,0.0,0.0,22.22,22.22,0.164,0.1,0.37,11.11,0,0.0,C
4688.0,永　井　　彪　也,6,15,6.67,26.67,20.0,53.33,0.117,0.02,0.37,40.0,0,0.0,B
4939.0,宮之原　　輝　紀,1,23,82.61,13.04,0.0,95.65,0.123,0.04,0.22,47.83,0,0.0,A
4660.0,宇田川　　信　一,2,5,0.0,0.0,0.0,0.0,0.214,0.16,0.26,0.0,0,0.0,C
5096.0,上　原　　　　崚,1,7,57.14,28.57,14.29,100.0,0.139,0.05,0.21,42.86,0,0.0,C
4465.0,大　西　　　　賢,6,7,14.29,14.29,0.0,28.57,0.159,0.09,0.24,0.0,0,0.0,C
5023.0,久　永　　祥　平,1,19,42.11,15.79,10.53,68.42,0.154,0.04,0.28,21.05,0,0.0,B
4954.0,内　山　　峻　輔,3,8,0.0,12.5,12.5,25.0,0.131,0.05,0.27,37.5,0,0.0,C
4660.0,宇田川　　信　一,5,7,0.0,0.0,14.29,14.29,0.156,0.06,0.25,0.0,0,0.0,C
2538.0,高　橋　　二　朗,6,9,0.0,0.0,11.11,11.11,0.216,0.09,0.36,0.0,0,0.0,C
4889.0,後　藤　　盛　也,6,3,0.0,0.0,33.33,33.33,0.143,0.1,0.19,0.0,0,0.0,参考
5096.0,上　原　　　　崚,4,7,14.29,14.29,14.29,42.86,0.124,0.05,0.17,14.29,0,0.0,C
4954.0,内　山　　峻　輔,4,8,12.5,12.5,12.5,37.5,0.138,0.07,0.24,37.5,0,0.0,C
4928.0,栗　城　　　　匠,6,4,0.0,25.0,25.0,50.0,0.19,0.09,0.26,25.0,0,0.0,参考
3859.0,多羅尾　　達　之,3,11,9.09,0.0,0.0,9.09,0.194,0.04,0.73,27.27,0,0.0,B
4723.0,寺　島　　吉　彦,1,8,12.5,0.0,12.5,25.0,0.19,0.12,0.27,12.5,0,0.0,C
3957.0,大　谷　　直　弘,3,6,0.0,16.67,16.67,33.33,0.195,0.15,0.25,16.67,0,0.0,C
5213.0,湯　淺　　紀　香,5,5,0.0,0.0,20.0,20.0,0.164,0.09,0.27,0.0,0,0.0,C
4146.0,柳　橋　　宏　紀,1,4,25.0,50.0,0.0,75.0,0.145,0.04,0.25,0.0,0,0.0,参考
3718.0,伊　達　　正　利,5,8,0.0,12.5,0.0,12.5,0.182,0.08,0.26,0.0,0,0.0,C
3713.0,伊　藤　　誠　二,3,3,33.33,0.0,33.33,66.67,0.117,0.07,0.19,33.33,0,0.0,参考
3406.0,中　里　　英　夫,5,13,7.69,0.0,15.38,23.08,0.202,0.11,0.28,7.69,0,0.0,B
3635.0,石　田　　政　吾,3,4,50.0,0.0,0.0,50.0,0.122,0.06,0.17,25.0,0,0.0,参考
5064.0,品　川　　二千翔,4,3,33.33,33.33,0.0,66.67,0.173,0.13,0.23,33.33,0,0.0,参考
4399.0,松　本　　晶　恵,1,7,14.29,28.57,14.29,57.14,0.159,0.12,0.2,0.0,0,0.0,C
4519.0,清　水　　沙　樹,2,15,6.67,26.67,40.0,73.33,0.176,0.09,0.27,6.67,0,0.0,B
5094.0,生　田　　波美音,4,4,0.0,0.0,25.0,25.0,0.115,0.05,0.15,50.0,0,0.0,参考
5182.0,宮　崎　　安　奈,5,5,0.0,0.0,0.0,0.0,0.122,0.04,0.16,20.0,0,0.0,C
5283.0,植　木　　美　帆,6,9,0.0,0.0,0.0,0.0,0.211,0.09,0.34,11.11,0,0.0,C
4904.0,松　本　　一　毅,4,6,16.67,0.0,33.33,50.0,0.14,0.06,0.19,33.33,0,0.0,C
5184.0,飯　塚　　　　響,6,9,0.0,0.0,11.11,11.11,0.201,0.12,0.3,22.22,0,0.0,C
4469.0,土　山　　卓　也,1,5,40.0,20.0,20.0,80.0,0.134,0.08,0.22,20.0,0,0.0,C
3957.0,大　谷　　直　弘,2,5,20.0,40.0,20.0,80.0,0.118,0.03,0.21,20.0,0,0.0,C
3406.0,中　里　　英　夫,2,13,38.46,23.08,7.69,69.23,0.157,0.02,0.4,7.69,0,0.0,B
4723.0,寺　島　　吉　彦,3,8,12.5,12.5,12.5,37.5,0.16,0.09,0.24,0.0,0,0.0,C
5064.0,品　川　　二千翔,6,3,0.0,0.0,33.33,33.33,0.16,0.15,0.18,0.0,0,0.0,参考
3713.0,伊　藤　　誠　二,1,6,33.33,33.33,16.67,83.33,0.075,0.03,0.17,100.0,0,0.0,C
5094.0,生　田　　波美音,2,5,0.0,20.0,20.0,40.0,0.17,0.06,0.29,0.0,0,0.0,C
4793.0,金　子　　　　萌,5,4,50.0,0.0,25.0,75.0,0.138,0.08,0.19,0.0,0,0.0,参考
4904.0,松　本　　一　毅,2,4,50.0,25.0,0.0,75.0,0.175,0.16,0.19,0.0,0,0.0,参考
4519.0,清　水　　沙　樹,5,13,15.38,15.38,15.38,46.15,0.131,0.03,0.22,38.46,0,0.0,B
3635.0,石　田　　政　吾,2,4,25.0,0.0,0.0,25.0,0.11,0.09,0.15,25.0,0,0.0,参考
4146.0,柳　橋　　宏　紀,3,6,0.0,0.0,50.0,50.0,0.177,0.1,0.25,16.67,0,0.0,C
4399.0,松　本　　晶　恵,5,7,0.0,28.57,28.57,57.14,0.151,0.1,0.19,28.57,0,0.0,C
3718.0,伊　達　　正　利,1,7,42.86,0.0,28.57,71.43,0.156,0.07,0.31,14.29,0,0.0,C
4710.0,福　田　　宗　平,4,6,33.33,0.0,16.67,50.0,0.125,0.07,0.21,16.67,0,0.0,C
5184.0,飯　塚　　　　響,5,8,0.0,0.0,25.0,25.0,0.168,0.1,0.24,12.5,0,0.0,C
4068.0,幸　田　　智　裕,1,5,60.0,20.0,20.0,100.0,0.134,0.1,0.17,0.0,0,0.0,C
4793.0,金　子　　　　萌,2,4,25.0,0.0,75.0,100.0,0.145,0.06,0.31,25.0,0,0.0,参考
5213.0,湯　淺　　紀　香,4,5,0.0,40.0,0.0,40.0,0.288,0.14,0.77,20.0,0,0.0,C
4469.0,土　山　　卓　也,5,5,0.0,0.0,20.0,20.0,0.21,0.11,0.33,20.0,0,0.0,C
5064.0,品　川　　二千翔,2,3,33.33,33.33,0.0,66.67,0.207,0.14,0.28,0.0,0,0.0,参考
3406.0,中　里　　英　夫,3,12,16.67,25.0,8.33,50.0,0.138,0.07,0.2,16.67,0,0.0,B
4792.0,杉　村　　賢　也,1,12,50.0,16.67,0.0,66.67,0.121,0.03,0.23,58.33,0,0.0,B
3713.0,伊　藤　　誠　二,2,5,20.0,40.0,40.0,100.0,0.138,0.03,0.19,60.0,0,0.0,C
4904.0,松　本　　一　毅,3,6,16.67,16.67,50.0,83.33,0.158,0.08,0.25,16.67,0,0.0,C
4146.0,柳　橋　　宏　紀,4,6,16.67,16.67,16.67,50.0,0.155,0.1,0.29,16.67,0,0.0,C
5184.0,飯　塚　　　　響,4,7,0.0,0.0,0.0,0.0,0.157,0.06,0.24,14.29,0,0.0,C
4723.0,寺　島　　吉　彦,6,10,20.0,10.0,10.0,40.0,0.164,0.01,0.28,30.0,0,0.0,B
5213.0,湯　淺　　紀　香,6,4,0.0,0.0,25.0,25.0,0.223,0.17,0.31,0.0,0,0.0,参考
3718.0,伊　達　　正　利,3,5,20.0,0.0,20.0,40.0,0.184,0.13,0.22,0.0,0,0.0,C
4068.0,幸　田　　智　裕,5,4,0.0,0.0,50.0,50.0,0.19,0.11,0.27,0.0,0,0.0,参考
3957.0,大　谷　　直　弘,6,4,0.0,0.0,0.0,0.0,0.198,0.17,0.26,0.0,0,0.0,参考
4710.0,福　田　　宗　平,1,6,50.0,33.33,0.0,83.33,0.187,0.15,0.24,0.0,0,0.0,C
4399.0,松　本　　晶　恵,2,7,14.29,28.57,42.86,85.71,0.181,0.12,0.25,0.0,0,0.0,C
5182.0,宮　崎　　安　奈,4,4,0.0,0.0,0.0,0.0,0.14,0.07,0.19,25.0,0,0.0,参考
4904.0,松　本　　一　毅,5,3,0.0,0.0,33.33,33.33,0.153,0.1,0.25,0.0,0,0.0,参考
4793.0,金　子　　　　萌,4,7,14.29,28.57,14.29,57.14,0.157,0.12,0.19,28.57,0,0.0,C
5094.0,生　田　　波美音,5,4,0.0,0.0,0.0,0.0,0.21,0.16,0.27,25.0,0,0.0,参考
3406.0,中　里　　英　夫,6,11,0.0,9.09,54.55,63.64,0.189,0.12,0.26,0.0,0,0.0,B
4469.0,土　山　　卓　也,3,3,0.0,66.67,0.0,66.67,0.127,0.09,0.15,33.33,0,0.0,参考
4519.0,清　水　　沙　樹,4,13,15.38,7.69,15.38,38.46,0.142,0.01,0.34,46.15,0,0.0,B
3713.0,伊　藤　　誠　二,5,4,50.0,0.0,0.0,50.0,0.115,0.05,0.19,50.0,0,0.0,参考
4399.0,松　本　　晶　恵,4,7,14.29,42.86,14.29,71.43,0.141,0.06,0.2,14.29,0,0.0,C
3635.0,石　田　　政　吾,5,3,0.0,0.0,33.33,33.33,0.15,0.12,0.18,33.33,0,0.0,参考
3957.0,大　谷　　直　弘,1,4,25.0,25.0,50.0,100.0,0.165,0.14,0.19,0.0,0,0.0,参考
4793.0,金　子　　　　萌,3,6,16.67,50.0,33.33,100.0,0.135,0.07,0.17,16.67,0,0.0,C
4710.0,福　田　　宗　平,2,6,16.67,16.67,16.67,50.0,0.128,0.08,0.15,0.0,0,0.0,C
3406.0,中　里　　英　夫,4,15,13.33,6.67,20.0,40.0,0.161,0.07,0.24,0.0,0,0.0,B
4146.0,柳　橋　　宏　紀,5,6,16.67,0.0,16.67,33.33,0.138,0.07,0.19,33.33,0,0.0,C
4469.0,土　山　　卓　也,4,5,0.0,0.0,20.0,20.0,0.138,0.1,0.16,0.0,0,0.0,C
5069.0,山　崎　　小葉音,6,6,0.0,0.0,33.33,33.33,0.175,0.07,0.26,33.33,0,0.0,C
5182.0,宮　崎　　安　奈,2,5,0.0,0.0,20.0,20.0,0.186,0.11,0.24,20.0,0,0.0,C
5064.0,品　川　　二千翔,3,4,25.0,50.0,0.0,75.0,0.077,0.05,0.13,75.0,0,0.0,参考
4723.0,寺　島　　吉　彦,4,9,11.11,0.0,11.11,22.22,0.171,0.1,0.27,11.11,0,0.0,C
5283.0,植　木　　美　帆,5,6,0.0,0.0,0.0,0.0,0.185,0.07,0.42,0.0,0,0.0,C
4519.0,清　水　　沙　樹,1,12,41.67,25.0,8.33,75.0,0.168,0.1,0.29,8.33,0,0.0,B
4003.0,表　　　　憲　一,3,3,33.33,0.0,33.33,66.67,0.173,0.12,0.24,0.0,0,0.0,参考
4793.0,金　子　　　　萌,1,7,57.14,28.57,0.0,85.71,0.096,0.06,0.14,0.0,0,0.0,C
3718.0,伊　達　　正　利,2,8,12.5,12.5,12.5,37.5,0.185,0.15,0.23,0.0,0,0.0,C
4469.0,土　山　　卓　也,6,4,0.0,0.0,0.0,0.0,0.15,0.07,0.26,25.0,0,0.0,参考
4068.0,幸　田　　智　裕,2,4,25.0,0.0,25.0,50.0,0.077,0.01,0.13,25.0,0,0.0,参考
3713.0,伊　藤　　誠　二,6,8,0.0,0.0,62.5,62.5,0.126,0.03,0.24,25.0,0,0.0,C
4399.0,松　本　　晶　恵,3,6,16.67,16.67,16.67,50.0,0.157,0.09,0.2,0.0,0,0.0,C
3957.0,大　谷　　直　弘,4,7,0.0,28.57,14.29,42.86,0.159,0.12,0.26,14.29,0,0.0,C
4146.0,柳　橋　　宏　紀,6,4,0.0,0.0,0.0,0.0,0.128,0.06,0.2,0.0,0,0.0,参考
5064.0,品　川　　二千翔,5,3,0.0,0.0,33.33,33.33,0.18,0.1,0.24,33.33,0,0.0,参考
4904.0,松　本　　一　毅,6,4,0.0,0.0,25.0,25.0,0.172,0.09,0.25,25.0,0,0.0,参考
3635.0,石　田　　政　吾,4,3,0.0,33.33,0.0,33.33,0.137,0.09,0.22,0.0,0,0.0,参考
3681.0,山　谷　　　　央,6,14,0.0,0.0,21.43,21.43,0.151,0.05,0.29,21.43,0,0.0,B
4519.0,清　水　　沙　樹,3,16,18.75,12.5,6.25,37.5,0.172,0.05,0.27,25.0,0,0.0,B
3713.0,伊　藤　　誠　二,4,5,20.0,60.0,20.0,100.0,0.118,0.09,0.14,40.0,0,0.0,C
5182.0,宮　崎　　安　奈,1,3,0.0,33.33,0.0,33.33,0.213,0.12,0.28,33.33,0,0.0,参考
3635.0,石　田　　政　吾,6,4,0.0,25.0,25.0,50.0,0.223,0.17,0.3,0.0,0,0.0,参考
4068.0,幸　田　　智　裕,6,5,0.0,0.0,60.0,60.0,0.206,0.12,0.33,0.0,0,0.0,C
5064.0,品　川　　二千翔,1,3,33.33,33.33,0.0,66.67,0.207,0.18,0.25,0.0,0,0.0,参考
4792.0,杉　村　　賢　也,2,13,0.0,15.38,38.46,53.85,0.136,0.01,0.24,23.08,0,0.0,B
4146.0,柳　橋　　宏　紀,2,6,0.0,16.67,66.67,83.33,0.155,0.03,0.23,0.0,0,0.0,C
3718.0,伊　達　　正　利,4,6,0.0,16.67,0.0,16.67,0.16,0.06,0.29,0.0,0,0.0,C
4519.0,清　水　　沙　樹,6,6,0.0,16.67,0.0,16.67,0.16,0.1,0.25,16.67,0,0.0,C
5069.0,山　崎　　小葉音,5,3,0.0,0.0,33.33,33.33,0.173,0.15,0.19,33.33,0,0.0,参考
4469.0,土　山　　卓　也,2,5,20.0,20.0,0.0,40.0,0.18,0.14,0.24,0.0,0,0.0,C
4723.0,寺　島　　吉　彦,5,5,20.0,20.0,0.0,40.0,0.156,0.05,0.26,0.0,0,0.0,C
5182.0,宮　崎　　安　奈,3,6,0.0,0.0,0.0,0.0,0.202,0.02,0.51,33.33,0,0.0,C
4710.0,福　田　　宗　平,3,7,0.0,42.86,42.86,85.71,0.124,0.08,0.16,0.0,0,0.0,C
3718.0,伊　達　　正　利,6,6,0.0,0.0,16.67,16.67,0.19,0.12,0.22,0.0,0,0.0,C
4068.0,幸　田　　智　裕,4,3,0.0,33.33,33.33,66.67,0.133,0.11,0.16,0.0,0,0.0,参考
3957.0,大　谷　　直　弘,5,3,0.0,0.0,33.33,33.33,0.167,0.14,0.19,0.0,0,0.0,参考
4793.0,金　子　　　　萌,6,6,0.0,16.67,33.33,50.0,0.107,0.06,0.17,16.67,0,0.0,C
4904.0,松　本　　一　毅,1,4,25.0,0.0,0.0,25.0,0.172,0.1,0.29,0.0,0,0.0,参考
4792.0,杉　村　　賢　也,3,17,41.18,5.88,11.76,58.82,0.145,0.08,0.22,41.18,0,0.0,B
4399.0,松　本　　晶　恵,6,7,0.0,14.29,28.57,42.86,0.19,0.13,0.24,14.29,0,0.0,C
4723.0,寺　島　　吉　彦,2,6,0.0,16.67,50.0,66.67,0.147,0.08,0.18,0.0,0,0.0,C
4815.0,伏　島　　祐　介,1,6,16.67,33.33,0.0,50.0,0.183,0.03,0.32,0.0,0,0.0,C
3839.0,川　合　　理　司,2,4,0.0,0.0,50.0,50.0,0.16,0.09,0.3,0.0,0,0.0,参考
4837.0,酒　井　　陽　祐,3,5,40.0,0.0,0.0,40.0,0.144,0.02,0.3,0.0,0,0.0,C
5256.0,中　山　　翔　太,4,6,0.0,0.0,33.33,33.33,0.177,0.09,0.33,16.67,0,0.0,C
4918.0,川　島　　拓　郎,2,9,22.22,0.0,0.0,22.22,0.163,0.06,0.29,0.0,0,0.0,C
5150.0,坂　本　　雄　紀,5,7,0.0,28.57,14.29,42.86,0.107,0.04,0.2,42.86,0,0.0,C
2014.0,高　塚　　清　一,3,6,0.0,33.33,33.33,66.67,0.14,0.04,0.26,16.67,0,0.0,C
3591.0,後　藤　　孝　義,1,5,20.0,20.0,0.0,40.0,0.198,0.13,0.27,20.0,0,0.0,C
4139.0,丹　下　　　　健,2,10,10.0,10.0,20.0,40.0,0.183,0.09,0.29,0.0,0,0.0,B
4049.0,荒　川　　健　太,5,3,0.0,0.0,66.67,66.67,0.167,0.14,0.21,0.0,0,0.0,参考
3414.0,加　瀬　　智　宏,3,7,0.0,14.29,28.57,42.86,0.163,0.06,0.24,28.57,0,0.0,C
5191.0,飛　田　　江　己,6,5,0.0,20.0,20.0,40.0,0.178,0.12,0.25,0.0,0,0.0,C
4273.0,佐　藤　　　　旭,1,4,100.0,0.0,0.0,100.0,0.138,0.07,0.19,25.0,0,0.0,参考
4813.0,宮　内　　直　哉,3,13,0.0,7.69,23.08,30.77,0.203,0.08,0.45,0.0,0,0.0,B
5256.0,中　山　　翔　太,5,5,0.0,0.0,20.0,20.0,0.142,0.09,0.23,0.0,0,0.0,C
4569.0,中　澤　　宏　奈,6,9,0.0,0.0,11.11,11.11,0.176,0.11,0.24,22.22,0,0.0,C
4837.0,酒　井　　陽　祐,2,6,0.0,0.0,50.0,50.0,0.158,0.07,0.31,16.67,0,0.0,C
4988.0,牟　田　　奨　太,3,8,0.0,0.0,37.5,37.5,0.176,0.06,0.27,25.0,0,0.0,C
5150.0,坂　本　　雄　紀,4,8,0.0,12.5,25.0,37.5,0.176,0.06,0.3,50.0,0,0.0,C
3554.0,仲　口　　博　崇,5,5,40.0,20.0,20.0,80.0,0.202,0.08,0.32,20.0,0,0.0,C
3357.0,福　島　　陽　子,2,3,0.0,0.0,33.33,33.33,0.13,0.09,0.15,0.0,0,0.0,参考
4681.0,太　田　　　　潮,3,6,16.67,16.67,0.0,33.33,0.158,0.07,0.23,0.0,0,0.0,C
4918.0,川　島　　拓　郎,5,8,0.0,37.5,25.0,62.5,0.129,0.05,0.23,12.5,0,0.0,C
4049.0,荒　川　　健　太,1,6,66.67,33.33,0.0,100.0,0.195,0.12,0.33,16.67,0,0.0,C
4910.0,中　村　　泰　平,2,11,9.09,54.55,18.18,81.82,0.164,0.1,0.24,9.09,0,0.0,B
4581.0,吉　村　　　　誠,3,4,25.0,25.0,25.0,75.0,0.138,0.12,0.16,25.0,0,0.0,参考
3414.0,加　瀬　　智　宏,6,7,14.29,28.57,0.0,42.86,0.184,0.13,0.25,14.29,0,0.0,C
3621.0,天　野　　晶　夫,2,4,0.0,25.0,50.0,75.0,0.185,0.13,0.24,25.0,0,0.0,参考
4273.0,佐　藤　　　　旭,4,7,0.0,14.29,28.57,42.86,0.187,0.07,0.3,14.29,0,0.0,C
4139.0,丹　下　　　　健,6,7,0.0,0.0,14.29,14.29,0.206,0.06,0.39,28.57,0,0.0,C
5191.0,飛　田　　江　己,4,6,0.0,16.67,33.33,50.0,0.133,0.07,0.18,0.0,0,0.0,C
4851.0,関　　　　浩　哉,1,7,71.43,28.57,0.0,100.0,0.133,0.07,0.28,42.86,0,0.0,C
3554.0,仲　口　　博　崇,3,11,0.0,9.09,36.36,45.45,0.171,0.07,0.24,0.0,0,0.0,B
4813.0,宮　内　　直　哉,1,14,28.57,0.0,35.71,64.29,0.193,0.03,0.32,28.57,0,0.0,B
3414.0,加　瀬　　智　宏,2,9,11.11,33.33,22.22,66.67,0.152,0.11,0.21,11.11,0,0.0,C
4049.0,荒　川　　健　太,6,5,0.0,0.0,40.0,40.0,0.186,0.07,0.22,0.0,0,0.0,C
2014.0,高　塚　　清　一,1,7,28.57,42.86,28.57,100.0,0.131,0.07,0.2,57.14,0,0.0,C
4815.0,伏　島　　祐　介,2,9,0.0,11.11,0.0,11.11,0.17,0.04,0.25,11.11,0,0.0,C
4910.0,中　村　　泰　平,4,12,25.0,33.33,0.0,58.33,0.147,0.08,0.23,16.67,0,0.0,B
3839.0,川　合　　理　司,6,6,0.0,0.0,16.67,16.67,0.187,0.08,0.3,0.0,0,0.0,C
5191.0,飛　田　　江　己,1,5,60.0,0.0,0.0,60.0,0.172,0.12,0.28,0.0,0,0.0,C
4681.0,太　田　　　　潮,2,6,0.0,0.0,16.67,16.67,0.233,0.18,0.3,0.0,0,0.0,C
5146.0,野　田　　彩　加,4,3,0.0,0.0,33.33,33.33,0.197,0.16,0.26,0.0,0,0.0,参考
4581.0,吉　村　　　　誠,6,4,0.0,50.0,25.0,75.0,0.128,0.06,0.21,50.0,0,0.0,参考
4273.0,佐　藤　　　　旭,6,4,0.0,0.0,0.0,0.0,0.172,0.1,0.29,0.0,0,0.0,参考
3357.0,福　島　　陽　子,1,3,33.33,0.0,0.0,33.33,0.183,0.13,0.26,0.0,0,0.0,参考
3621.0,天　野　　晶　夫,3,5,60.0,0.0,40.0,100.0,0.15,0.09,0.2,40.0,0,0.0,C
4988.0,牟　田　　奨　太,4,7,14.29,0.0,14.29,28.57,0.11,0.05,0.23,57.14,0,0.0,C
4276.0,鈴　木　　勝　博,4,7,57.14,14.29,0.0,71.43,0.096,0.05,0.17,57.14,0,0.0,C
5146.0,野　田　　彩　加,3,3,0.0,0.0,0.0,0.0,0.183,0.16,0.21,0.0,0,0.0,参考
4139.0,丹　下　　　　健,4,7,0.0,28.57,28.57,57.14,0.146,0.03,0.34,28.57,0,0.0,C
3591.0,後　藤　　孝　義,5,7,0.0,0.0,28.57,28.57,0.153,0.02,0.29,28.57,0,0.0,C
4273.0,佐　藤　　　　旭,2,4,0.0,25.0,25.0,50.0,0.163,0.07,0.21,0.0,0,0.0,参考
4049.0,荒　川　　健　太,4,7,0.0,28.57,57.14,85.71,0.173,0.12,0.23,0.0,0,0.0,C
2014.0,高　塚　　清　一,5,6,16.67,0.0,33.33,50.0,0.243,0.08,0.56,16.67,0,0.0,C
3554.0,仲　口　　博　崇,6,8,12.5,25.0,25.0,62.5,0.207,0.1,0.44,0.0,0,0.0,C
4918.0,川　島　　拓　郎,3,6,33.33,16.67,0.0,50.0,0.148,0.02,0.24,50.0,0,0.0,C
3621.0,天　野　　晶　夫,6,6,0.0,0.0,16.67,16.67,0.138,0.07,0.2,16.67,0,0.0,C
4851.0,関　　　　浩　哉,2,6,66.67,33.33,0.0,100.0,0.118,0.06,0.16,0.0,0,0.0,C
3839.0,川　合　　理　司,3,6,0.0,0.0,0.0,0.0,0.147,0.04,0.24,0.0,0,0.0,C
4681.0,太　田　　　　潮,4,6,0.0,0.0,16.67,16.67,0.112,0.04,0.22,16.67,0,0.0,C
3591.0,後　藤　　孝　義,4,5,0.0,0.0,20.0,20.0,0.19,0.06,0.28,0.0,0,0.0,C
4910.0,中　村　　泰　平,6,7,14.29,57.14,14.29,85.71,0.166,0.1,0.27,14.29,0,0.0,C
3414.0,加　瀬　　智　宏,1,10,40.0,30.0,10.0,80.0,0.117,0.05,0.18,50.0,0,0.0,B
3591.0,後　藤　　孝　義,2,8,0.0,25.0,37.5,62.5,0.133,0.1,0.17,0.0,0,0.0,C
4681.0,太　田　　　　潮,5,6,0.0,33.33,16.67,50.0,0.137,0.05,0.21,16.67,0,0.0,C
4988.0,牟　田　　奨　太,2,5,20.0,20.0,0.0,40.0,0.23,0.09,0.36,0.0,0,0.0,C
3839.0,川　合　　理　司,1,8,37.5,12.5,0.0,50.0,0.18,0.11,0.29,12.5,0,0.0,C
2014.0,高　塚　　清　一,2,5,0.0,20.0,20.0,40.0,0.146,0.1,0.23,20.0,0,0.0,C
4813.0,宮　内　　直　哉,2,10,10.0,20.0,10.0,40.0,0.183,0.09,0.29,10.0,0,0.0,B
4910.0,中　村　　泰　平,5,9,0.0,22.22,22.22,44.44,0.179,0.14,0.24,0.0,0,0.0,C
5146.0,野　田　　彩　加,2,3,33.33,0.0,0.0,33.33,0.267,0.24,0.3,0.0,0,0.0,参考
4273.0,佐　藤　　　　旭,3,8,0.0,37.5,50.0,87.5,0.16,0.07,0.24,0.0,0,0.0,C
3554.0,仲　口　　博　崇,2,8,37.5,12.5,12.5,62.5,0.133,0.07,0.25,50.0,0,0.0,C
3621.0,天　野　　晶　夫,5,4,25.0,25.0,0.0,50.0,0.168,0.11,0.24,25.0,0,0.0,参考
4139.0,丹　下　　　　健,1,7,14.29,28.57,0.0,42.86,0.124,0.05,0.24,0.0,0,0.0,C
4581.0,吉　村　　　　誠,1,5,100.0,0.0,0.0,100.0,0.118,0.07,0.16,80.0,0,0.0,C
2014.0,高　塚　　清　一,6,5,0.0,0.0,40.0,40.0,0.226,0.11,0.29,0.0,0,0.0,C
4918.0,川　島　　拓　郎,4,6,0.0,16.67,33.33,50.0,0.145,0.03,0.21,16.67,0,0.0,C
4851.0,関　　　　浩　哉,5,5,0.0,20.0,20.0,40.0,0.13,0.07,0.23,20.0,0,0.0,C
3591.0,後　藤　　孝　義,6,5,20.0,0.0,0.0,20.0,0.134,0.09,0.17,20.0,0,0.0,C
3621.0,天　野　　晶　夫,1,6,83.33,0.0,16.67,100.0,0.137,0.08,0.18,50.0,0,0.0,C
3414.0,加　瀬　　智　宏,5,8,0.0,0.0,12.5,12.5,0.174,0.11,0.22,12.5,0,0.0,C
4910.0,中　村　　泰　平,1,9,55.56,11.11,11.11,77.78,0.141,0.05,0.23,44.44,0,0.0,C
4049.0,荒　川　　健　太,2,7,0.0,71.43,14.29,85.71,0.147,0.07,0.21,14.29,0,0.0,C
4139.0,丹　下　　　　健,3,8,0.0,37.5,0.0,37.5,0.135,0.07,0.25,50.0,0,0.0,C
3839.0,川　合　　理　司,4,7,0.0,0.0,14.29,14.29,0.164,0.11,0.28,0.0,0,0.0,C
3554.0,仲　口　　博　崇,1,9,33.33,33.33,11.11,77.78,0.142,0.04,0.28,22.22,0,0.0,C
5191.0,飛　田　　江　己,3,6,66.67,16.67,16.67,100.0,0.153,0.12,0.19,16.67,0,0.0,C
4815.0,伏　島　　祐　介,3,6,33.33,16.67,33.33,83.33,0.165,0.13,0.2,16.67,0,0.0,C
3414.0,加　瀬　　智　宏,4,9,11.11,22.22,22.22,55.56,0.132,0.07,0.18,11.11,0,0.0,C
4988.0,牟　田　　奨　太,1,4,50.0,25.0,25.0,100.0,0.12,0.08,0.17,50.0,0,0.0,参考
3357.0,福　島　　陽　子,3,6,16.67,0.0,33.33,50.0,0.203,0.1,0.32,16.67,0,0.0,C
5191.0,飛　田　　江　己,2,7,28.57,28.57,0.0,57.14,0.127,0.04,0.17,14.29,0,0.0,C
3621.0,天　野　　晶　夫,4,4,25.0,25.0,25.0,75.0,0.108,0.08,0.14,25.0,0,0.0,参考
4837.0,酒　井　　陽　祐,1,4,25.0,0.0,0.0,25.0,0.13,0.03,0.25,50.0,0,0.0,参考
4273.0,佐　藤　　　　旭,5,3,0.0,0.0,0.0,0.0,0.153,0.11,0.22,0.0,0,0.0,参考
4918.0,川　島　　拓　郎,1,6,0.0,33.33,33.33,66.67,0.163,0.07,0.2,16.67,0,0.0,C
3839.0,川　合　　理　司,5,5,0.0,0.0,0.0,0.0,0.178,0.13,0.21,0.0,0,0.0,C
4681.0,太　田　　　　潮,1,4,0.0,25.0,0.0,25.0,0.12,0.07,0.19,0.0,0,0.0,参考
2014.0,高　塚　　清　一,4,5,0.0,20.0,40.0,60.0,0.158,0.11,0.2,40.0,0,0.0,C
3591.0,後　藤　　孝　義,3,8,0.0,12.5,12.5,25.0,0.202,0.11,0.35,0.0,0,0.0,C
4139.0,丹　下　　　　健,5,7,0.0,42.86,0.0,42.86,0.211,0.13,0.31,28.57,0,0.0,C
4988.0,牟　田　　奨　太,6,4,0.0,0.0,0.0,0.0,0.143,0.05,0.19,0.0,0,0.0,参考
4049.0,荒　川　　健　太,3,7,14.29,14.29,28.57,57.14,0.166,0.09,0.22,28.57,0,0.0,C
4581.0,吉　村　　　　誠,4,3,0.0,33.33,33.33,66.67,0.133,0.1,0.16,66.67,0,0.0,参考
4910.0,中　村　　泰　平,3,10,10.0,20.0,30.0,60.0,0.157,0.08,0.29,20.0,0,0.0,B
4681.0,太　田　　　　潮,6,9,0.0,11.11,11.11,22.22,0.201,0.09,0.26,0.0,0,0.0,C
4918.0,川　島　　拓　郎,6,6,0.0,0.0,50.0,50.0,0.167,0.12,0.21,16.67,0,0.0,C
4562.0,阪　本　　勇　介,2,6,33.33,16.67,16.67,66.67,0.197,0.11,0.27,0.0,0,0.0,C
5266.0,石　田　　勇　斗,6,11,0.0,0.0,9.09,9.09,0.195,0.04,0.33,18.18,0,0.0,B
5226.0,藤　田　　俊　祐,2,6,16.67,50.0,0.0,66.67,0.203,0.09,0.24,0.0,0,0.0,C
4979.0,中　野　　夢　斗,3,13,0.0,15.38,30.77,46.15,0.167,0.06,0.3,15.38,0,0.0,B
4514.0,上　條　　嘉　嗣,4,4,0.0,50.0,25.0,75.0,0.2,0.18,0.23,0.0,0,0.0,参考
3156.0,金　子　　良　昭,1,4,75.0,0.0,0.0,75.0,0.118,0.1,0.14,0.0,0,0.0,参考
4039.0,村　上　　功　祐,3,8,12.5,25.0,0.0,37.5,0.154,0.07,0.22,0.0,0,0.0,C
5216.0,長谷川　　晴　哉,5,7,0.0,14.29,57.14,71.43,0.119,0.06,0.17,57.14,0,0.0,C
5095.0,小　原　　聡　将,1,8,62.5,25.0,12.5,100.0,0.126,0.06,0.22,62.5,0,0.0,C
3904.0,森　　　　貴　洋,2,8,12.5,50.0,12.5,75.0,0.174,0.07,0.28,12.5,0,0.0,C
5252.0,荒　木　　颯　斗,6,6,0.0,0.0,16.67,16.67,0.132,0.09,0.2,0.0,0,0.0,C
5047.0,國　分　　将太郎,6,21,4.76,4.76,19.05,28.57,0.175,0.1,0.32,14.29,0,0.0,A
4407.0,鹿　島　　敏　弘,2,6,0.0,33.33,0.0,33.33,0.165,0.03,0.22,0.0,0,0.0,C
5122.0,相　馬　　　　翔,4,6,0.0,0.0,16.67,16.67,0.143,0.01,0.3,33.33,0,0.0,C
5201.0,村　上　　宗太郎,5,11,0.0,18.18,9.09,27.27,0.166,0.07,0.28,18.18,0,0.0,B
4983.0,前　田　　篤　哉,6,3,33.33,66.67,0.0,100.0,0.163,0.1,0.28,33.33,0,0.0,参考
5221.0,竹　間　　隆　晟,2,4,25.0,25.0,0.0,50.0,0.163,0.05,0.27,0.0,0,0.0,参考
4562.0,阪　本　　勇　介,4,8,0.0,12.5,12.5,25.0,0.217,0.16,0.29,0.0,0,0.0,C
3904.0,森　　　　貴　洋,1,7,71.43,14.29,0.0,85.71,0.116,0.01,0.2,42.86,0,0.0,C
3744.0,徳　増　　秀　樹,3,13,38.46,7.69,7.69,53.85,0.103,0.02,0.22,30.77,0,0.0,B
5216.0,長谷川　　晴　哉,4,12,16.67,16.67,8.33,41.67,0.14,0.06,0.23,25.0,0,0.0,B
5170.0,佐　藤　　太　亮,5,5,0.0,40.0,0.0,40.0,0.18,0.11,0.39,40.0,0,0.0,C
4979.0,中　野　　夢　斗,6,6,0.0,0.0,16.67,16.67,0.165,0.11,0.22,16.67,0,0.0,C
4039.0,村　上　　功　祐,1,8,62.5,0.0,12.5,75.0,0.116,0.04,0.19,50.0,0,0.0,C
4818.0,伏　見　　俊　介,2,11,9.09,45.45,9.09,63.64,0.139,0.09,0.21,36.36,0,0.0,B
5047.0,國　分　　将太郎,4,16,12.5,12.5,18.75,43.75,0.125,0.04,0.22,31.25,0,0.0,B
3156.0,金　子　　良　昭,2,5,0.0,60.0,20.0,80.0,0.134,0.08,0.24,0.0,0,0.0,C
5226.0,藤　田　　俊　祐,4,9,11.11,22.22,0.0,33.33,0.143,0.03,0.25,22.22,0,0.0,C
4514.0,上　條　　嘉　嗣,1,9,66.67,22.22,11.11,100.0,0.157,0.06,0.24,0.0,0,0.0,C
5095.0,小　原　　聡　将,5,5,20.0,0.0,40.0,60.0,0.142,0.05,0.24,60.0,0,0.0,C
4407.0,鹿　島　　敏　弘,6,5,0.0,20.0,20.0,40.0,0.166,0.1,0.22,0.0,0,0.0,C
3744.0,徳　増　　秀　樹,1,18,77.78,5.56,16.67,100.0,0.12,0.05,0.22,44.44,0,0.0,B
4562.0,阪　本　　勇　介,1,7,42.86,0.0,28.57,71.43,0.174,0.09,0.23,0.0,0,0.0,C
5221.0,竹　間　　隆　晟,4,5,40.0,0.0,40.0,80.0,0.112,0.03,0.18,40.0,0,0.0,C
5170.0,佐　藤　　太　亮,2,5,0.0,0.0,40.0,40.0,0.16,0.11,0.24,0.0,0,0.0,C
3904.0,森　　　　貴　洋,3,9,11.11,22.22,44.44,77.78,0.187,0.1,0.36,11.11,0,0.0,C
5266.0,石　田　　勇　斗,5,9,0.0,0.0,0.0,0.0,0.2,0.05,0.49,0.0,0,0.0,C
5201.0,村　上　　宗太郎,3,9,22.22,11.11,11.11,44.44,0.173,0.1,0.25,11.11,0,0.0,C
5095.0,小　原　　聡　将,4,5,0.0,20.0,40.0,60.0,0.134,0.1,0.19,0.0,0,0.0,C
3744.0,徳　増　　秀　樹,6,12,16.67,25.0,25.0,66.67,0.123,0.07,0.25,41.67,0,0.0,B
5122.0,相　馬　　　　翔,3,7,0.0,42.86,42.86,85.71,0.141,0.01,0.27,14.29,0,0.0,C
3156.0,金　子　　良　昭,4,6,0.0,0.0,16.67,16.67,0.142,0.09,0.19,0.0,0,0.0,C
5252.0,荒　木　　颯　斗,5,9,0.0,0.0,0.0,0.0,0.107,0.08,0.17,22.22,0,0.0,C
4979.0,中　野　　夢　斗,4,9,22.22,11.11,11.11,44.44,0.128,0.04,0.2,22.22,0,0.0,C
5201.0,村　上　　宗太郎,1,9,44.44,33.33,11.11,88.89,0.123,0.03,0.17,55.56,0,0.0,C
5047.0,國　分　　将太郎,2,10,30.0,20.0,20.0,70.0,0.143,0.05,0.25,20.0,0,0.0,B
5226.0,藤　田　　俊　祐,6,4,0.0,25.0,0.0,25.0,0.133,0.08,0.18,0.0,0,0.0,参考
4983.0,前　田　　篤　哉,1,4,25.0,50.0,25.0,100.0,0.165,0.09,0.27,25.0,0,0.0,参考
5122.0,相　馬　　　　翔,5,5,0.0,0.0,0.0,0.0,0.222,0.14,0.31,0.0,0,0.0,C
4039.0,村　上　　功　祐,6,11,0.0,18.18,27.27,45.45,0.121,0.04,0.23,45.45,0,0.0,B
5170.0,佐　藤　　太　亮,3,5,0.0,40.0,20.0,60.0,0.192,0.09,0.35,0.0,0,0.0,C
4407.0,鹿　島　　敏　弘,4,8,12.5,12.5,25.0,50.0,0.138,0.02,0.2,12.5,0,0.0,C
5095.0,小　原　　聡　将,2,6,33.33,16.67,16.67,66.67,0.142,0.09,0.19,50.0,0,0.0,C
5221.0,竹　間　　隆　晟,3,6,50.0,33.33,0.0,83.33,0.12,0.04,0.21,50.0,0,0.0,C
3744.0,徳　増　　秀　樹,2,13,23.08,23.08,15.38,61.54,0.152,0.04,0.26,7.69,0,0.0,B
4514.0,上　條　　嘉　嗣,5,6,0.0,0.0,16.67,16.67,0.198,0.1,0.3,0.0,0,0.0,C
4983.0,前　田　　篤　哉,4,5,20.0,0.0,20.0,40.0,0.148,0.05,0.3,20.0,0,0.0,C
5047.0,國　分　　将太郎,5,8,12.5,0.0,0.0,12.5,0.151,0.07,0.21,0.0,0,0.0,C
3904.0,森　　　　貴　洋,6,5,0.0,0.0,40.0,40.0,0.16,0.12,0.2,0.0,0,0.0,C
4979.0,中　野　　夢　斗,1,6,16.67,16.67,33.33,66.67,0.195,0.15,0.25,0.0,0,0.0,C
5047.0,國　分　　将太郎,1,12,25.0,25.0,0.0,50.0,0.169,0.03,0.38,33.33,0,0.0,B
4562.0,阪　本　　勇　介,3,7,0.0,0.0,28.57,28.57,0.201,0.15,0.24,0.0,0,0.0,C
3156.0,金　子　　良　昭,6,3,0.0,33.33,0.0,33.33,0.15,0.09,0.23,0.0,0,0.0,参考
5226.0,藤　田　　俊　祐,1,8,75.0,12.5,0.0,87.5,0.165,0.09,0.3,37.5,0,0.0,C
3744.0,徳　増　　秀　樹,5,13,7.69,15.38,23.08,46.15,0.086,0.01,0.19,46.15,0,0.0,B
4979.0,中　野　　夢　斗,2,11,0.0,18.18,27.27,45.45,0.141,0.05,0.26,9.09,0,0.0,B
5170.0,佐　藤　　太　亮,4,4,0.0,0.0,25.0,25.0,0.105,0.04,0.18,50.0,0,0.0,参考
5252.0,荒　木　　颯　斗,4,7,14.29,0.0,28.57,42.86,0.146,0.08,0.22,14.29,0,0.0,C
5095.0,小　原　　聡　将,6,7,0.0,0.0,71.43,71.43,0.139,0.05,0.22,28.57,0,0.0,C
4514.0,上　條　　嘉　嗣,2,7,57.14,42.86,0.0,100.0,0.133,0.03,0.27,14.29,0,0.0,C
4562.0,阪　本　　勇　介,5,6,16.67,0.0,0.0,16.67,0.205,0.13,0.26,0.0,0,0.0,C
4407.0,鹿　島　　敏　弘,1,6,33.33,0.0,33.33,66.67,0.132,0.06,0.18,16.67,0,0.0,C
5122.0,相　馬　　　　翔,2,5,0.0,20.0,0.0,20.0,0.21,0.08,0.45,20.0,0,0.0,C
4818.0,伏　見　　俊　介,1,10,30.0,30.0,0.0,60.0,0.119,0.03,0.23,40.0,0,0.0,B
5201.0,村　上　　宗太郎,4,10,0.0,30.0,10.0,40.0,0.185,0.07,0.29,20.0,0,0.0,B
3156.0,金　子　　良　昭,5,3,0.0,0.0,0.0,0.0,0.097,0.04,0.18,66.67,0,0.0,参考
5221.0,竹　間　　隆　晟,5,4,25.0,75.0,0.0,100.0,0.095,0.02,0.19,75.0,0,0.0,参考
3406.0,中　里　　英　夫,1,11,45.45,18.18,18.18,81.82,0.13,0.04,0.2,27.27,0,0.0,B
5226.0,藤　田　　俊　祐,3,7,0.0,28.57,0.0,28.57,0.149,0.07,0.25,28.57,0,0.0,C
3744.0,徳　増　　秀　樹,4,14,21.43,21.43,21.43,64.29,0.117,0.01,0.17,28.57,0,0.0,B
3904.0,森　　　　貴　洋,5,6,0.0,33.33,0.0,33.33,0.175,0.09,0.3,50.0,0,0.0,C
4407.0,鹿　島　　敏　弘,3,9,0.0,11.11,22.22,33.33,0.147,0.07,0.21,0.0,0,0.0,C
4514.0,上　條　　嘉　嗣,6,6,16.67,0.0,33.33,50.0,0.212,0.16,0.28,16.67,0,0.0,C
5201.0,村　上　　宗太郎,6,6,0.0,33.33,0.0,33.33,0.148,0.05,0.24,16.67,0,0.0,C
5170.0,佐　藤　　太　亮,1,3,33.33,33.33,33.33,100.0,0.093,0.04,0.19,33.33,0,0.0,参考
4983.0,前　田　　篤　哉,2,6,50.0,16.67,16.67,83.33,0.13,0.1,0.2,16.67,0,0.0,C
5221.0,竹　間　　隆　晟,6,3,0.0,33.33,0.0,33.33,0.137,0.06,0.19,0.0,0,0.0,参考
5122.0,相　馬　　　　翔,1,5,20.0,20.0,20.0,60.0,0.14,0.02,0.28,40.0,0,0.0,C
4884.0,勝　浦　　真　帆,2,4,50.0,25.0,0.0,75.0,0.163,0.09,0.2,25.0,0,0.0,参考
4984.0,森　下　　愛　梨,3,6,16.67,50.0,0.0,66.67,0.12,0.01,0.24,33.33,0,0.0,C
4900.0,中　田　　夕　貴,4,9,11.11,11.11,33.33,55.56,0.254,0.13,0.39,0.0,0,0.0,C
3175.0,渡　辺　　千　草,3,5,20.0,40.0,20.0,80.0,0.184,0.11,0.28,0.0,0,0.0,C
4765.0,野田部　　宏　子,4,3,33.33,0.0,0.0,33.33,0.157,0.11,0.24,66.67,0,0.0,参考
5151.0,山　下　　奈　緒,6,3,0.0,0.0,33.33,33.33,0.193,0.11,0.26,33.33,0,0.0,参考
4854.0,大　橋　　由　珠,1,5,0.0,40.0,20.0,60.0,0.182,0.09,0.31,0.0,0,0.0,C
4974.0,安　井　　瑞　紀,5,4,0.0,0.0,0.0,0.0,0.133,0.09,0.18,25.0,0,0.0,参考
5163.0,清　水　　愛　海,6,3,0.0,33.33,0.0,33.33,0.233,0.2,0.29,0.0,0,0.0,参考
4117.0,廣　中　　智紗衣,2,18,5.56,27.78,22.22,55.56,0.194,0.03,0.37,11.11,0,0.0,B
3334.0,角　　　　ひとみ,3,9,11.11,22.22,22.22,55.56,0.206,0.12,0.3,11.11,0,0.0,C
3693.0,栢　場　　優　子,4,5,0.0,0.0,20.0,20.0,0.252,0.19,0.34,0.0,0,0.0,C
3302.0,谷　川　　里　江,5,7,0.0,14.29,42.86,57.14,0.207,0.12,0.3,28.57,0,0.0,C
3207.0,田　村　　美　和,2,8,0.0,50.0,12.5,62.5,0.152,0.08,0.3,12.5,0,0.0,C
4419.0,原　　　　加央理,3,4,0.0,25.0,25.0,50.0,0.092,0.08,0.11,75.0,0,0.0,参考
5079.0,大　石　　真　央,4,7,0.0,0.0,14.29,14.29,0.207,0.07,0.32,14.29,0,0.0,C
4993.0,下　野　　京　香,6,3,0.0,0.0,33.33,33.33,0.207,0.1,0.28,0.0,0,0.0,参考
4765.0,野田部　　宏　子,2,3,33.33,0.0,0.0,33.33,0.16,0.12,0.23,0.0,0,0.0,参考
4964.0,土　屋　　　　南,4,5,20.0,20.0,40.0,80.0,0.148,0.09,0.29,40.0,0,0.0,C
4974.0,安　井　　瑞　紀,3,3,0.0,0.0,0.0,0.0,0.21,0.03,0.43,0.0,0,0.0,参考
4244.0,鈴　木　　成　美,1,11,45.45,27.27,18.18,90.91,0.13,0.07,0.17,54.55,0,0.0,B
5151.0,山　下　　奈　緒,2,6,0.0,16.67,33.33,50.0,0.2,0.13,0.25,0.0,0,0.0,C
4884.0,勝　浦　　真　帆,3,4,0.0,25.0,0.0,25.0,0.125,0.07,0.21,0.0,0,0.0,参考
3693.0,栢　場　　優　子,5,6,0.0,0.0,16.67,16.67,0.205,0.14,0.38,0.0,0,0.0,C
3175.0,渡　辺　　千　草,1,9,44.44,22.22,11.11,77.78,0.163,0.01,0.27,55.56,0,0.0,C
4984.0,森　下　　愛　梨,2,8,12.5,25.0,0.0,37.5,0.249,0.09,0.36,12.5,0,0.0,C
4854.0,大　橋　　由　珠,3,4,25.0,0.0,0.0,25.0,0.155,0.12,0.24,25.0,0,0.0,参考
3302.0,谷　川　　里　江,4,7,14.29,42.86,28.57,85.71,0.171,0.07,0.21,28.57,0,0.0,C
3334.0,角　　　　ひとみ,1,7,28.57,14.29,28.57,71.43,0.177,0.08,0.33,0.0,0,0.0,C
4419.0,原　　　　加央理,2,4,0.0,0.0,50.0,50.0,0.168,0.13,0.23,50.0,0,0.0,参考
4964.0,土　屋　　　　南,1,4,0.0,0.0,75.0,75.0,0.122,0.06,0.25,50.0,0,0.0,参考
4900.0,中　田　　夕　貴,2,5,0.0,20.0,0.0,20.0,0.19,0.11,0.33,0.0,0,0.0,C
4117.0,廣　中　　智紗衣,6,9,11.11,33.33,33.33,77.78,0.187,0.15,0.27,22.22,0,0.0,C
4993.0,下　野　　京　香,4,4,0.0,50.0,0.0,50.0,0.167,0.09,0.22,50.0,0,0.0,参考
5151.0,山　下　　奈　緒,5,4,0.0,25.0,25.0,50.0,0.242,0.16,0.41,0.0,0,0.0,参考
3207.0,田　村　　美　和,1,13,7.69,30.77,0.0,38.46,0.211,0.09,0.36,23.08,0,0.0,B
3334.0,角　　　　ひとみ,5,6,33.33,16.67,16.67,66.67,0.22,0.13,0.37,16.67,0,0.0,C
4984.0,森　下　　愛　梨,6,8,37.5,25.0,25.0,87.5,0.159,0.11,0.27,25.0,0,0.0,C
4964.0,土　屋　　　　南,2,5,40.0,0.0,60.0,100.0,0.162,0.12,0.19,0.0,0,0.0,C
5163.0,清　水　　愛　海,3,3,0.0,0.0,33.33,33.33,0.17,0.13,0.24,0.0,0,0.0,参考
4854.0,大　橋　　由　珠,4,4,0.0,0.0,25.0,25.0,0.212,0.17,0.24,0.0,0,0.0,参考
5079.0,大　石　　真　央,6,4,0.0,0.0,50.0,50.0,0.27,0.22,0.37,0.0,0,0.0,参考
3693.0,栢　場　　優　子,1,7,0.0,14.29,14.29,28.57,0.189,0.08,0.3,0.0,0,0.0,C
4974.0,安　井　　瑞　紀,4,6,16.67,0.0,16.67,33.33,0.197,0.09,0.37,16.67,0,0.0,C
4244.0,鈴　木　　成　美,5,8,0.0,12.5,0.0,12.5,0.143,0.05,0.24,25.0,0,0.0,C
4117.0,廣　中　　智紗衣,1,18,50.0,16.67,0.0,66.67,0.177,0.11,0.31,27.78,0,0.0,B
4225.0,土　屋　　千　明,6,11,0.0,18.18,27.27,45.45,0.139,0.05,0.23,36.36,0,0.0,B
3175.0,渡　辺　　千　草,2,8,25.0,12.5,25.0,62.5,0.149,0.06,0.24,0.0,0,0.0,C
4900.0,中　田　　夕　貴,3,5,20.0,40.0,0.0,60.0,0.184,0.1,0.34,20.0,0,0.0,C
4419.0,原　　　　加央理,6,4,0.0,25.0,0.0,25.0,0.14,0.03,0.23,25.0,0,0.0,参考
3302.0,谷　川　　里　江,1,6,66.67,0.0,16.67,83.33,0.175,0.1,0.34,16.67,0,0.0,C
4993.0,下　野　　京　香,2,3,0.0,0.0,0.0,0.0,0.27,0.22,0.33,0.0,0,0.0,参考
5163.0,清　水　　愛　海,4,3,0.0,33.33,0.0,33.33,0.19,0.16,0.22,0.0,0,0.0,参考
5079.0,大　石　　真　央,3,7,0.0,14.29,14.29,28.57,0.24,0.1,0.45,0.0,0,0.0,C
5151.0,山　下　　奈　緒,4,5,0.0,0.0,20.0,20.0,0.162,0.04,0.29,0.0,0,0.0,C
4117.0,廣　中　　智紗衣,5,15,6.67,13.33,20.0,40.0,0.179,0.09,0.29,0.0,0,0.0,B
4884.0,勝　浦　　真　帆,6,3,0.0,0.0,0.0,0.0,0.12,0.09,0.17,66.67,0,0.0,参考
3645.0,淺　田　　千亜希,2,3,33.33,33.33,33.33,100.0,0.097,0.05,0.17,33.33,0,0.0,参考
3175.0,渡　辺　　千　草,6,5,0.0,0.0,0.0,0.0,0.212,0.14,0.28,0.0,0,0.0,C
3207.0,田　村　　美　和,3,11,0.0,0.0,9.09,9.09,0.207,0.11,0.35,9.09,0,0.0,B
4900.0,中　田　　夕　貴,5,8,0.0,12.5,12.5,25.0,0.225,0.08,0.43,12.5,0,0.0,C
4244.0,鈴　木　　成　美,2,8,12.5,25.0,12.5,50.0,0.125,0.06,0.16,12.5,0,0.0,C
3334.0,角　　　　ひとみ,4,9,11.11,22.22,11.11,44.44,0.21,0.14,0.32,11.11,0,0.0,C
4964.0,土　屋　　　　南,6,4,0.0,0.0,25.0,25.0,0.19,0.11,0.27,25.0,0,0.0,参考
4408.0,仁　科　　さやか,4,3,33.33,0.0,0.0,33.33,0.193,0.14,0.25,33.33,0,0.0,参考
4884.0,勝　浦　　真　帆,5,3,0.0,33.33,0.0,33.33,0.167,0.14,0.18,66.67,0,0.0,参考
4974.0,安　井　　瑞　紀,1,5,20.0,20.0,0.0,40.0,0.194,0.06,0.29,20.0,0,0.0,C
3175.0,渡　辺　　千　草,5,7,14.29,0.0,42.86,57.14,0.2,0.12,0.38,14.29,0,0.0,C
4765.0,野田部　　宏　子,6,7,14.29,0.0,28.57,42.86,0.15,0.07,0.23,14.29,0,0.0,C
4419.0,原　　　　加央理,1,4,75.0,0.0,0.0,75.0,0.185,0.14,0.22,0.0,0,0.0,参考
4984.0,森　下　　愛　梨,4,5,20.0,0.0,20.0,40.0,0.132,0.04,0.21,20.0,0,0.0,C
4964.0,土　屋　　　　南,5,5,0.0,40.0,0.0,40.0,0.154,0.11,0.19,40.0,0,0.0,C
5079.0,大　石　　真　央,2,7,14.29,0.0,14.29,28.57,0.221,0.11,0.43,0.0,0,0.0,C
5151.0,山　下　　奈　緒,3,6,0.0,16.67,16.67,33.33,0.22,0.13,0.37,0.0,0,0.0,C
3207.0,田　村　　美　和,4,11,0.0,9.09,36.36,45.45,0.154,0.03,0.28,27.27,0,0.0,B
5184.0,飯　塚　　　　響,2,7,0.0,0.0,0.0,0.0,0.191,0.04,0.31,14.29,0,0.0,C
3302.0,谷　川　　里　江,3,8,25.0,12.5,12.5,50.0,0.161,0.01,0.29,25.0,0,0.0,C
3645.0,淺　田　　千亜希,5,3,0.0,0.0,0.0,0.0,0.143,0.07,0.19,33.33,0,0.0,参考
4484.0,稲　生　　夏　季,6,14,0.0,14.29,0.0,14.29,0.216,0.05,0.35,14.29,0,0.0,B
4993.0,下　野　　京　香,1,4,25.0,0.0,25.0,50.0,0.168,0.14,0.19,0.0,0,0.0,参考
3334.0,角　　　　ひとみ,2,10,10.0,20.0,20.0,50.0,0.193,0.1,0.29,0.0,0,0.0,B
4244.0,鈴　木　　成　美,3,11,9.09,27.27,27.27,63.64,0.143,0.08,0.26,27.27,0,0.0,B
4117.0,廣　中　　智紗衣,4,14,28.57,28.57,14.29,71.43,0.191,0.07,0.4,14.29,0,0.0,B
4419.0,原　　　　加央理,5,4,0.0,25.0,0.0,25.0,0.145,0.06,0.26,50.0,0,0.0,参考
5079.0,大　石　　真　央,5,6,16.67,0.0,0.0,16.67,0.173,0.13,0.3,0.0,0,0.0,C
4884.0,勝　浦　　真　帆,4,5,60.0,0.0,0.0,60.0,0.136,0.08,0.21,40.0,0,0.0,C
3302.0,谷　川　　里　江,2,7,28.57,14.29,14.29,57.14,0.239,0.12,0.37,0.0,0,0.0,C
3207.0,田　村　　美　和,6,10,0.0,10.0,10.0,20.0,0.188,0.07,0.27,10.0,0,0.0,B
4765.0,野田部　　宏　子,3,4,25.0,0.0,25.0,50.0,0.122,0.06,0.22,50.0,0,0.0,参考
4244.0,鈴　木　　成　美,4,10,20.0,0.0,0.0,20.0,0.117,0.07,0.19,30.0,0,0.0,B
4900.0,中　田　　夕　貴,6,6,0.0,0.0,16.67,16.67,0.15,0.02,0.28,16.67,0,0.0,C
3645.0,淺　田　　千亜希,4,5,20.0,80.0,0.0,100.0,0.076,0.04,0.1,60.0,0,0.0,C
4984.0,森　下　　愛　梨,5,8,0.0,0.0,50.0,50.0,0.175,0.01,0.33,37.5,0,0.0,C
5079.0,大　石　　真　央,1,4,25.0,50.0,0.0,75.0,0.133,0.05,0.23,25.0,0,0.0,参考
5184.0,飯　塚　　　　響,1,6,16.67,0.0,0.0,16.67,0.287,0.12,0.42,33.33,0,0.0,C
4884.0,勝　浦　　真　帆,1,3,100.0,0.0,0.0,100.0,0.157,0.1,0.22,0.0,0,0.0,参考
4974.0,安　井　　瑞　紀,2,5,0.0,20.0,20.0,40.0,0.146,0.11,0.19,40.0,0,0.0,C
3645.0,淺　田　　千亜希,3,4,0.0,25.0,50.0,75.0,0.15,0.12,0.18,25.0,0,0.0,参考
4244.0,鈴　木　　成　美,6,8,0.0,0.0,0.0,0.0,0.159,0.11,0.24,25.0,0,0.0,C
4993.0,下　野　　京　香,3,3,0.0,0.0,66.67,66.67,0.163,0.07,0.3,0.0,0,0.0,参考
5151.0,山　下　　奈　緒,1,4,25.0,25.0,0.0,50.0,0.122,0.09,0.15,25.0,0,0.0,参考
3693.0,栢　場　　優　子,2,6,0.0,33.33,0.0,33.33,0.193,0.11,0.31,0.0,0,0.0,C
4984.0,森　下　　愛　梨,1,5,0.0,60.0,0.0,60.0,0.22,0.1,0.41,20.0,0,0.0,C
3207.0,田　村　　美　和,5,7,0.0,14.29,28.57,42.86,0.13,0.05,0.24,0.0,0,0.0,C
4974.0,安　井　　瑞　紀,6,4,0.0,0.0,0.0,0.0,0.12,0.06,0.15,25.0,0,0.0,参考
4900.0,中　田　　夕　貴,1,4,50.0,0.0,0.0,50.0,0.128,0.02,0.26,50.0,0,0.0,参考
4117.0,廣　中　　智紗衣,3,14,14.29,21.43,50.0,85.71,0.165,0.01,0.28,14.29,0,0.0,B
3302.0,谷　川　　里　江,6,4,0.0,0.0,0.0,0.0,0.168,0.05,0.24,25.0,0,0.0,参考
4765.0,野田部　　宏　子,5,4,0.0,0.0,0.0,0.0,0.092,0.05,0.16,50.0,0,0.0,参考
3334.0,角　　　　ひとみ,6,7,0.0,0.0,28.57,28.57,0.19,0.12,0.28,0.0,0,0.0,C
3175.0,渡　辺　　千　草,4,5,20.0,40.0,20.0,80.0,0.162,0.09,0.22,20.0,0,0.0,C
5094.0,生　田　　波美音,3,3,0.0,0.0,0.0,0.0,0.19,0.12,0.24,0.0,0,0.0,参考
4911.0,片　岡　　大　地,1,10,20.0,30.0,20.0,70.0,0.174,0.07,0.25,20.0,0,0.0,B
4023.0,柴　田　　友　和,6,4,0.0,0.0,0.0,0.0,0.173,0.12,0.23,0.0,0,0.0,参考
4060.0,島　田　　一　生,3,9,11.11,22.22,0.0,33.33,0.134,0.05,0.23,0.0,0,0.0,C
5007.0,近　藤　　雄一郎,4,8,0.0,37.5,25.0,62.5,0.181,0.07,0.3,0.0,0,0.0,C
5046.0,松　山　　裕　基,1,5,20.0,20.0,0.0,40.0,0.156,0.11,0.19,20.0,0,0.0,C
5008.0,羽　野　　　　諒,2,4,0.0,25.0,0.0,25.0,0.142,0.11,0.16,0.0,0,0.0,参考
4549.0,小　林　　文　彦,4,6,0.0,16.67,16.67,33.33,0.172,0.08,0.23,0.0,0,0.0,C
4368.0,山　口　　隆　史,1,3,0.0,0.0,33.33,33.33,0.19,0.14,0.26,33.33,0,0.0,参考
4462.0,夏　山　　亮　平,4,8,0.0,50.0,0.0,50.0,0.147,0.08,0.26,37.5,0,0.0,C
5063.0,大　塚　　雅　治,5,8,0.0,0.0,37.5,37.5,0.179,0.1,0.3,12.5,0,0.0,C
4977.0,馬　野　　　　耀,2,6,0.0,16.67,50.0,66.67,0.15,0.07,0.2,16.67,0,0.0,C
4336.0,松　田　　竜　馬,4,5,20.0,40.0,0.0,60.0,0.146,0.12,0.21,0.0,0,0.0,C
4060.0,島　田　　一　生,2,9,11.11,44.44,22.22,77.78,0.164,0.07,0.25,22.22,0,0.0,C
4911.0,片　岡　　大　地,4,11,0.0,9.09,9.09,18.18,0.111,0.05,0.18,27.27,0,0.0,B
4640.0,山ノ内　　雅　人,5,10,30.0,0.0,20.0,50.0,0.128,0.04,0.21,20.0,0,0.0,B
3444.0,香　月　　大　介,3,6,16.67,0.0,16.67,33.33,0.155,0.1,0.25,16.67,0,0.0,C
4462.0,夏　山　　亮　平,2,8,12.5,12.5,37.5,62.5,0.135,0.06,0.2,50.0,0,0.0,C
5008.0,羽　野　　　　諒,3,4,0.0,0.0,25.0,25.0,0.158,0.14,0.2,25.0,0,0.0,参考
4336.0,松　田　　竜　馬,1,7,14.29,42.86,14.29,71.43,0.129,0.05,0.28,42.86,0,0.0,C
4883.0,岡　部　　大　輝,2,10,40.0,10.0,20.0,70.0,0.168,0.09,0.23,0.0,0,0.0,B
5105.0,富　田　　恕　生,4,3,33.33,0.0,33.33,66.67,0.22,0.16,0.26,0.0,0,0.0,参考
4640.0,山ノ内　　雅　人,2,9,33.33,44.44,11.11,88.89,0.171,0.06,0.26,11.11,0,0.0,C
4368.0,山　口　　隆　史,5,3,0.0,0.0,66.67,66.67,0.127,0.08,0.17,33.33,0,0.0,参考
4977.0,馬　野　　　　耀,6,6,0.0,16.67,16.67,33.33,0.153,0.08,0.25,0.0,0,0.0,C
4549.0,小　林　　文　彦,6,4,0.0,50.0,0.0,50.0,0.158,0.08,0.27,0.0,0,0.0,参考
4462.0,夏　山　　亮　平,3,6,0.0,33.33,0.0,33.33,0.155,0.09,0.25,0.0,0,0.0,C
3444.0,香　月　　大　介,6,5,0.0,0.0,0.0,0.0,0.184,0.1,0.27,0.0,0,0.0,C
4640.0,山ノ内　　雅　人,4,5,20.0,20.0,60.0,100.0,0.082,0.02,0.14,20.0,0,0.0,C
5008.0,羽　野　　　　諒,5,3,33.33,0.0,0.0,33.33,0.143,0.12,0.19,33.33,0,0.0,参考
5007.0,近　藤　　雄一郎,1,8,50.0,12.5,25.0,87.5,0.122,0.02,0.28,37.5,0,0.0,C
4549.0,小　林　　文　彦,2,6,16.67,0.0,16.67,33.33,0.147,0.09,0.19,0.0,0,0.0,C
4911.0,片　岡　　大　地,3,13,7.69,23.08,30.77,61.54,0.088,0.02,0.17,23.08,0,0.0,B
5046.0,松　山　　裕　基,4,5,0.0,20.0,0.0,20.0,0.128,0.05,0.25,20.0,0,0.0,C
4977.0,馬　野　　　　耀,5,4,0.0,0.0,25.0,25.0,0.147,0.06,0.23,0.0,0,0.0,参考
4336.0,松　田　　竜　馬,6,7,0.0,14.29,42.86,57.14,0.119,0.06,0.16,0.0,0,0.0,C
5063.0,大　塚　　雅　治,2,10,10.0,10.0,20.0,40.0,0.165,0.09,0.26,0.0,0,0.0,B
4368.0,山　口　　隆　史,3,4,0.0,0.0,0.0,0.0,0.188,0.14,0.25,0.0,0,0.0,参考
4060.0,島　田　　一　生,1,5,60.0,0.0,20.0,80.0,0.156,0.06,0.27,40.0,0,0.0,C
4883.0,岡　部　　大　輝,3,10,10.0,10.0,10.0,30.0,0.156,0.1,0.24,10.0,0,0.0,B
3444.0,香　月　　大　介,4,5,0.0,0.0,0.0,0.0,0.168,0.08,0.34,0.0,0,0.0,C
4640.0,山ノ内　　雅　人,1,6,66.67,16.67,0.0,83.33,0.153,0.1,0.27,50.0,0,0.0,C
4549.0,小　林　　文　彦,3,4,50.0,25.0,0.0,75.0,0.19,0.08,0.25,0.0,0,0.0,参考
5063.0,大　塚　　雅　治,4,7,14.29,0.0,14.29,28.57,0.204,0.11,0.29,0.0,0,0.0,C
4462.0,夏　山　　亮　平,6,6,0.0,0.0,0.0,0.0,0.195,0.11,0.33,0.0,0,0.0,C
5046.0,松　山　　裕　基,6,4,0.0,25.0,25.0,50.0,0.13,0.06,0.18,75.0,0,0.0,参考
5105.0,富　田　　恕　生,2,4,25.0,0.0,75.0,100.0,0.167,0.09,0.22,0.0,0,0.0,参考
5007.0,近　藤　　雄一郎,3,8,0.0,25.0,0.0,25.0,0.163,0.07,0.31,12.5,0,0.0,C
4336.0,松　田　　竜　馬,3,4,0.0,25.0,25.0,50.0,0.145,0.09,0.23,25.0,0,0.0,参考
5046.0,松　山　　裕　基,5,5,0.0,0.0,0.0,0.0,0.146,0.08,0.25,60.0,0,0.0,C
4954.0,内　山　　峻　輔,2,7,42.86,14.29,0.0,57.14,0.14,0.07,0.19,28.57,0,0.0,C
4911.0,片　岡　　大　地,2,8,12.5,25.0,12.5,50.0,0.181,0.14,0.24,25.0,0,0.0,C
4060.0,島　田　　一　生,6,5,20.0,20.0,0.0,40.0,0.128,0.05,0.21,40.0,0,0.0,C
5063.0,大　塚　　雅　治,1,9,22.22,0.0,11.11,33.33,0.181,0.1,0.35,44.44,0,0.0,C
5105.0,富　田　　恕　生,3,4,0.0,25.0,0.0,25.0,0.152,0.09,0.18,0.0,0,0.0,参考
4462.0,夏　山　　亮　平,1,6,16.67,33.33,16.67,66.67,0.135,0.01,0.23,16.67,0,0.0,C
4368.0,山　口　　隆　史,2,3,0.0,0.0,0.0,0.0,0.15,0.09,0.21,0.0,0,0.0,参考
4818.0,伏　見　　俊　介,3,11,0.0,18.18,36.36,54.55,0.104,0.02,0.23,54.55,0,0.0,B
4977.0,馬　野　　　　耀,4,8,25.0,12.5,25.0,62.5,0.13,0.07,0.18,37.5,0,0.0,C
5007.0,近　藤　　雄一郎,6,7,0.0,0.0,28.57,28.57,0.151,0.08,0.23,14.29,0,0.0,C
3444.0,香　月　　大　介,1,6,0.0,16.67,16.67,33.33,0.185,0.09,0.29,33.33,0,0.0,C
4336.0,松　田　　竜　馬,5,8,12.5,0.0,12.5,25.0,0.126,0.09,0.25,37.5,0,0.0,C
5046.0,松　山　　裕　基,3,8,0.0,0.0,12.5,12.5,0.184,0.1,0.26,12.5,0,0.0,C
5105.0,富　田　　恕　生,6,3,0.0,0.0,33.33,33.33,0.187,0.14,0.25,0.0,0,0.0,参考
4060.0,島　田　　一　生,4,7,14.29,14.29,42.86,71.43,0.14,0.09,0.19,0.0,0,0.0,C
4549.0,小　林　　文　彦,5,4,0.0,25.0,25.0,50.0,0.217,0.09,0.32,0.0,0,0.0,参考
5007.0,近　藤　　雄一郎,2,6,0.0,33.33,50.0,83.33,0.14,0.1,0.17,0.0,0,0.0,C
4640.0,山ノ内　　雅　人,6,5,20.0,20.0,20.0,60.0,0.148,0.07,0.21,20.0,0,0.0,C
5063.0,大　塚　　雅　治,3,5,0.0,20.0,20.0,40.0,0.16,0.11,0.23,0.0,0,0.0,C
5007.0,近　藤　　雄一郎,5,5,0.0,0.0,0.0,0.0,0.146,0.11,0.19,0.0,0,0.0,C
4911.0,片　岡　　大　地,5,7,0.0,0.0,14.29,14.29,0.156,0.07,0.24,42.86,0,0.0,C
4060.0,島　田　　一　生,5,9,11.11,33.33,11.11,55.56,0.244,0.07,0.71,33.33,0,0.0,C
4336.0,松　田　　竜　馬,2,9,33.33,33.33,22.22,88.89,0.14,0.06,0.25,11.11,0,0.0,C
3444.0,香　月　　大　介,5,5,0.0,0.0,0.0,0.0,0.146,0.12,0.19,20.0,0,0.0,C
4977.0,馬　野　　　　耀,1,6,33.33,16.67,33.33,83.33,0.157,0.09,0.22,16.67,0,0.0,C
5105.0,富　田　　恕　生,5,4,0.0,50.0,0.0,50.0,0.098,0.08,0.14,25.0,0,0.0,参考
5046.0,松　山　　裕　基,2,7,0.0,0.0,0.0,0.0,0.241,0.17,0.33,0.0,0,0.0,C
4549.0,小　林　　文　彦,1,4,25.0,0.0,0.0,25.0,0.19,0.16,0.24,0.0,0,0.0,参考
5008.0,羽　野　　　　諒,4,4,50.0,0.0,25.0,75.0,0.107,0.05,0.15,50.0,0,0.0,参考
4462.0,夏　山　　亮　平,5,7,28.57,0.0,28.57,57.14,0.17,0.06,0.27,28.57,0,0.0,C
4368.0,山　口　　隆　史,6,3,0.0,0.0,0.0,0.0,0.167,0.13,0.21,0.0,0,0.0,参考
4977.0,馬　野　　　　耀,3,9,22.22,11.11,11.11,44.44,0.117,0.07,0.18,22.22,0,0.0,C
3444.0,香　月　　大　介,2,8,0.0,0.0,12.5,12.5,0.169,0.07,0.31,25.0,0,0.0,C
5063.0,大　塚　　雅　治,6,5,0.0,20.0,0.0,20.0,0.176,0.08,0.25,0.0,0,0.0,C
4384.0,鶴　本　　崇　文,3,7,42.86,28.57,0.0,71.43,0.151,0.09,0.21,57.14,0,0.0,C
4911.0,片　岡　　大　地,6,13,7.69,0.0,7.69,15.38,0.147,0.04,0.37,30.77,0,0.0,B
4640.0,山ノ内　　雅　人,3,4,0.0,50.0,25.0,75.0,0.155,0.09,0.22,25.0,0,0.0,参考
4214.0,林　　　　祐　介,5,7,0.0,14.29,28.57,42.86,0.204,0.14,0.28,14.29,0,0.0,C
5253.0,藤　井　　太　雅,6,17,5.88,5.88,5.88,17.65,0.224,0.06,0.38,17.65,0,0.0,B
5033.0,藤　原　　孝　斗,2,7,0.0,0.0,0.0,0.0,0.18,0.08,0.27,0.0,0,0.0,C
5225.0,斎　藤　　　　凜,4,9,0.0,0.0,0.0,0.0,0.187,0.02,0.34,33.33,0,0.0,C
4516.0,野　口　　勝　弘,5,8,25.0,12.5,25.0,62.5,0.158,0.06,0.27,25.0,0,0.0,C
5076.0,石　原　　　　光,5,3,0.0,0.0,33.33,33.33,0.227,0.14,0.27,0.0,0,0.0,参考
5232.0,樅　山　　拓　馬,4,10,0.0,10.0,0.0,10.0,0.131,0.08,0.24,20.0,0,0.0,B
4252.0,松　下　　哲　也,5,3,0.0,0.0,33.33,33.33,0.173,0.09,0.25,0.0,0,0.0,参考
4899.0,占　部　　一　真,3,6,0.0,0.0,0.0,0.0,0.12,0.02,0.19,16.67,0,0.0,C
5226.0,藤　田　　俊　祐,5,5,0.0,20.0,20.0,40.0,0.122,0.05,0.21,20.0,0,0.0,C
3965.0,北　中　　元　樹,6,7,14.29,14.29,0.0,28.57,0.124,0.03,0.19,28.57,0,0.0,C
4054.0,福　嶋　　智　之,3,4,0.0,75.0,0.0,75.0,0.128,0.08,0.2,50.0,0,0.0,参考
5225.0,斎　藤　　　　凜,5,9,0.0,0.0,0.0,0.0,0.177,0.09,0.37,11.11,0,0.0,C
4532.0,秋　元　　　　哲,1,3,33.33,33.33,0.0,66.67,0.15,0.12,0.19,0.0,0,0.0,参考
4731.0,間　野　　兼　礼,1,7,42.86,28.57,14.29,85.71,0.104,0.04,0.18,28.57,0,0.0,C
4516.0,野　口　　勝　弘,2,10,20.0,40.0,20.0,80.0,0.161,0.09,0.3,10.0,0,0.0,B
4214.0,林　　　　祐　介,3,8,12.5,25.0,12.5,50.0,0.129,0.03,0.23,12.5,0,0.0,C
4264.0,長　尾　　章　平,5,5,0.0,0.0,60.0,60.0,0.138,0.07,0.17,0.0,0,0.0,C
3965.0,北　中　　元　樹,3,7,28.57,28.57,14.29,71.43,0.156,0.04,0.28,42.86,0,0.0,C
4532.0,秋　元　　　　哲,5,4,0.0,0.0,50.0,50.0,0.1,0.07,0.13,0.0,0,0.0,参考
4899.0,占　部　　一　真,2,7,14.29,0.0,14.29,28.57,0.156,0.1,0.22,28.57,0,0.0,C
4516.0,野　口　　勝　弘,4,8,25.0,12.5,37.5,75.0,0.166,0.11,0.26,12.5,0,0.0,C
5033.0,藤　原　　孝　斗,5,4,0.0,0.0,0.0,0.0,0.215,0.17,0.26,0.0,0,0.0,参考
4252.0,松　下　　哲　也,2,3,0.0,0.0,66.67,66.67,0.173,0.07,0.26,33.33,0,0.0,参考
4158.0,木　場　　雄二郎,5,3,0.0,33.33,66.67,100.0,0.19,0.16,0.23,0.0,0,0.0,参考
5076.0,石　原　　　　光,3,4,0.0,0.0,25.0,25.0,0.12,0.09,0.15,25.0,0,0.0,参考
4532.0,秋　元　　　　哲,2,4,25.0,25.0,25.0,75.0,0.19,0.15,0.25,50.0,0,0.0,参考
4513.0,河　野　　真　也,4,9,11.11,44.44,11.11,66.67,0.157,0.11,0.2,0.0,0,0.0,C
4054.0,福　嶋　　智　之,2,5,20.0,40.0,0.0,60.0,0.152,0.08,0.22,0.0,0,0.0,C
4899.0,占　部　　一　真,5,5,20.0,20.0,0.0,40.0,0.12,0.11,0.14,20.0,0,0.0,C
3965.0,北　中　　元　樹,2,8,12.5,12.5,37.5,62.5,0.154,0.09,0.28,0.0,0,0.0,C
5033.0,藤　原　　孝　斗,4,5,0.0,0.0,40.0,40.0,0.124,0.07,0.17,40.0,0,0.0,C
5253.0,藤　井　　太　雅,5,20,0.0,0.0,5.0,5.0,0.191,0.02,0.43,20.0,0,0.0,A
4158.0,木　場　　雄二郎,2,5,20.0,0.0,40.0,60.0,0.204,0.12,0.26,0.0,0,0.0,C
5076.0,石　原　　　　光,4,5,0.0,20.0,20.0,40.0,0.19,0.09,0.39,0.0,0,0.0,C
4264.0,長　尾　　章　平,1,4,100.0,0.0,0.0,100.0,0.15,0.12,0.21,25.0,0,0.0,参考
4448.0,青　木　　玄　太,2,4,25.0,75.0,0.0,100.0,0.188,0.11,0.23,0.0,0,0.0,参考
4252.0,松　下　　哲　也,3,3,33.33,0.0,33.33,66.67,0.103,0.04,0.18,0.0,0,0.0,参考
4532.0,秋　元　　　　哲,4,3,33.33,0.0,0.0,33.33,0.157,0.08,0.29,33.33,0,0.0,参考
5232.0,樅　山　　拓　馬,5,9,0.0,0.0,0.0,0.0,0.11,0.01,0.31,33.33,0,0.0,C
4214.0,林　　　　祐　介,1,8,25.0,37.5,0.0,62.5,0.15,0.11,0.22,25.0,0,0.0,C
4731.0,間　野　　兼　礼,3,9,11.11,22.22,22.22,55.56,0.152,0.04,0.28,44.44,0,0.0,C
4475.0,末　永　　祐　輝,4,4,0.0,0.0,0.0,0.0,0.19,0.1,0.25,0.0,0,0.0,参考
4054.0,福　嶋　　智　之,5,3,0.0,0.0,66.67,66.67,0.157,0.09,0.27,33.33,0,0.0,参考
4516.0,野　口　　勝　弘,6,8,0.0,25.0,25.0,50.0,0.188,0.13,0.25,25.0,0,0.0,C
4264.0,長　尾　　章　平,2,8,37.5,12.5,0.0,50.0,0.165,0.06,0.28,0.0,0,0.0,C
4513.0,河　野　　真　也,5,4,0.0,50.0,25.0,75.0,0.15,0.12,0.19,25.0,0,0.0,参考
5033.0,藤　原　　孝　斗,1,3,33.33,33.33,0.0,66.67,0.193,0.04,0.33,0.0,0,0.0,参考
4264.0,長　尾　　章　平,3,8,37.5,37.5,0.0,75.0,0.14,0.09,0.22,25.0,0,0.0,C
3965.0,北　中　　元　樹,1,9,44.44,44.44,11.11,100.0,0.137,0.0,0.23,55.56,0,0.0,C
4899.0,占　部　　一　真,1,7,28.57,14.29,28.57,71.43,0.13,0.05,0.22,28.57,0,0.0,C
4516.0,野　口　　勝　弘,1,10,80.0,10.0,10.0,100.0,0.165,0.08,0.22,20.0,0,0.0,B
4158.0,木　場　　雄二郎,3,4,0.0,0.0,50.0,50.0,0.155,0.13,0.18,0.0,0,0.0,参考
3965.0,北　中　　元　樹,5,6,0.0,0.0,33.33,33.33,0.165,0.08,0.21,0.0,0,0.0,C
4264.0,長　尾　　章　平,6,5,0.0,20.0,20.0,40.0,0.168,0.13,0.21,20.0,0,0.0,C
4513.0,河　野　　真　也,1,8,87.5,0.0,12.5,100.0,0.113,0.03,0.16,50.0,0,0.0,C
4448.0,青　木　　玄　太,5,4,0.0,0.0,0.0,0.0,0.113,0.09,0.14,50.0,0,0.0,参考
3965.0,北　中　　元　樹,4,8,50.0,12.5,12.5,75.0,0.118,0.07,0.16,12.5,0,0.0,C
4979.0,中　野　　夢　斗,5,8,0.0,0.0,25.0,25.0,0.136,0.06,0.21,25.0,0,0.0,C
5076.0,石　原　　　　光,6,3,0.0,0.0,0.0,0.0,0.27,0.16,0.33,33.33,0,0.0,参考
4731.0,間　野　　兼　礼,2,7,14.29,28.57,57.14,100.0,0.136,0.06,0.23,28.57,0,0.0,C
4475.0,末　永　　祐　輝,2,4,0.0,50.0,25.0,75.0,0.163,0.11,0.23,25.0,0,0.0,参考
4532.0,秋　元　　　　哲,3,3,0.0,33.33,33.33,66.67,0.147,0.12,0.17,0.0,0,0.0,参考
5232.0,樅　山　　拓　馬,6,7,0.0,14.29,0.0,14.29,0.144,0.06,0.21,14.29,0,0.0,C
4252.0,松　下　　哲　也,1,3,0.0,33.33,33.33,66.67,0.143,0.11,0.2,0.0,0,0.0,参考
4516.0,野　口　　勝　弘,3,7,14.29,14.29,0.0,28.57,0.157,0.12,0.21,0.0,0,0.0,C
4158.0,木　場　　雄二郎,4,3,0.0,66.67,0.0,66.67,0.177,0.13,0.21,0.0,0,0.0,参考
5225.0,斎　藤　　　　凜,6,6,0.0,0.0,0.0,0.0,0.242,0.11,0.46,0.0,0,0.0,C
4264.0,長　尾　　章　平,4,7,14.29,42.86,14.29,71.43,0.137,0.08,0.24,14.29,0,0.0,C
5033.0,藤　原　　孝　斗,6,3,0.0,0.0,33.33,33.33,0.123,0.05,0.19,66.67,0,0.0,参考
4475.0,末　永　　祐　輝,5,4,0.0,0.0,50.0,50.0,0.152,0.1,0.22,25.0,0,0.0,参考
4532.0,秋　元　　　　哲,6,3,0.0,0.0,33.33,33.33,0.13,0.09,0.16,0.0,0,0.0,参考
5190.0,大　月　　遊　雅,2,6,0.0,16.67,33.33,50.0,0.132,0.04,0.21,0.0,0,0.0,C
5033.0,藤　原　　孝　斗,3,5,0.0,20.0,20.0,40.0,0.092,0.04,0.18,0.0,0,0.0,C
4252.0,松　下　　哲　也,6,3,0.0,0.0,0.0,0.0,0.103,0.08,0.12,0.0,0,0.0,参考
5076.0,石　原　　　　光,1,3,0.0,0.0,0.0,0.0,0.17,0.13,0.23,0.0,0,0.0,参考
4186.0,小　川　　時　光,3,9,11.11,33.33,0.0,44.44,0.127,0.04,0.29,33.33,0,0.0,C
5190.0,大　月　　遊　雅,3,11,0.0,9.09,36.36,45.45,0.135,0.08,0.24,0.0,0,0.0,B
4186.0,小　川　　時　光,2,7,0.0,0.0,14.29,14.29,0.187,0.09,0.29,0.0,0,0.0,C
4103.0,山　崎　　善　庸,2,20,5.0,35.0,20.0,60.0,0.2,0.1,0.36,0.0,0,0.0,A
4513.0,河　野　　真　也,3,6,16.67,0.0,33.33,50.0,0.135,0.08,0.2,16.67,0,0.0,C
5084.0,末　永　　和　也,1,3,0.0,33.33,0.0,33.33,0.147,0.06,0.22,0.0,0,0.0,参考
4362.0,土　屋　　智　則,2,7,42.86,0.0,28.57,71.43,0.154,0.07,0.4,14.29,0,0.0,C
4296.0,岡　崎　　恭　裕,4,4,0.0,50.0,25.0,75.0,0.105,0.05,0.15,75.0,0,0.0,参考
3900.0,香　川　　素　子,1,7,57.14,14.29,14.29,85.71,0.147,0.05,0.28,14.29,0,0.0,C
4848.0,仲　谷　　颯　仁,4,3,33.33,33.33,33.33,100.0,0.157,0.1,0.21,33.33,0,0.0,参考
4537.0,渡　邉　　和　将,6,8,0.0,0.0,37.5,37.5,0.15,0.02,0.22,12.5,0,0.0,C
4504.0,前　田　　将　太,4,8,25.0,12.5,0.0,37.5,0.11,0.07,0.14,25.0,0,0.0,C
4980.0,佐々木　　完　太,5,6,16.67,16.67,0.0,33.33,0.127,0.03,0.24,16.67,0,0.0,C
3623.0,深　川　　真　二,6,5,40.0,20.0,0.0,60.0,0.172,0.14,0.19,20.0,0,0.0,C
4290.0,稲　田　　浩　二,1,5,100.0,0.0,0.0,100.0,0.122,0.04,0.2,80.0,0,0.0,C
4566.0,塩　田　　北　斗,2,6,33.33,33.33,16.67,83.33,0.14,0.07,0.22,0.0,0,0.0,C
3779.0,原　田　　幸　哉,3,4,0.0,25.0,25.0,50.0,0.1,0.08,0.15,25.0,0,0.0,参考
4296.0,岡　崎　　恭　裕,1,7,85.71,14.29,0.0,100.0,0.124,0.08,0.17,71.43,0,0.0,C
4537.0,渡　邉　　和　将,2,7,42.86,14.29,0.0,57.14,0.101,0.04,0.14,42.86,0,0.0,C
3623.0,深　川　　真　二,3,3,33.33,33.33,0.0,66.67,0.15,0.04,0.25,33.33,0,0.0,参考
3779.0,原　田　　幸　哉,1,4,25.0,0.0,0.0,25.0,0.103,0.07,0.14,25.0,0,0.0,参考
4362.0,土　屋　　智　則,3,6,16.67,16.67,0.0,33.33,0.145,0.08,0.22,0.0,0,0.0,C
4932.0,新　開　　　　航,6,8,0.0,25.0,12.5,37.5,0.144,0.08,0.18,0.0,0,0.0,C
4262.0,馬　場　　貴　也,1,4,75.0,0.0,0.0,75.0,0.117,0.08,0.15,75.0,0,0.0,参考
4445.0,宮　地　　元　輝,2,4,0.0,25.0,0.0,25.0,0.095,0.06,0.16,50.0,0,0.0,参考
4524.0,深　谷　　知　博,3,5,20.0,0.0,40.0,60.0,0.132,0.09,0.18,60.0,0,0.0,C
4787.0,椎　名　　　　豊,5,8,12.5,0.0,25.0,37.5,0.113,0.03,0.19,12.5,0,0.0,C
4502.0,遠　藤　　エ　ミ,6,6,0.0,0.0,33.33,33.33,0.162,0.13,0.2,16.67,0,0.0,C
4932.0,新　開　　　　航,1,11,54.55,27.27,18.18,100.0,0.108,0.05,0.16,27.27,0,0.0,B
4502.0,遠　藤　　エ　ミ,4,3,0.0,33.33,33.33,66.67,0.147,0.05,0.28,33.33,0,0.0,参考
5043.0,中　村　　日　向,5,10,30.0,40.0,0.0,70.0,0.134,0.03,0.21,0.0,0,0.0,B
4504.0,前　田　　将　太,1,9,66.67,11.11,0.0,77.78,0.106,0.04,0.21,33.33,0,0.0,C
4262.0,馬　場　　貴　也,4,5,0.0,20.0,40.0,60.0,0.098,0.03,0.19,0.0,0,0.0,C
5084.0,末　永　　和　也,6,3,0.0,0.0,33.33,33.33,0.13,0.11,0.14,33.33,0,0.0,参考
3900.0,香　川　　素　子,3,5,0.0,40.0,20.0,60.0,0.178,0.02,0.28,0.0,0,0.0,C
4980.0,佐々木　　完　太,4,7,14.29,42.86,14.29,71.43,0.121,0.03,0.19,14.29,0,0.0,C
4445.0,宮　地　　元　輝,5,6,0.0,0.0,50.0,50.0,0.107,0.02,0.16,0.0,0,0.0,C
4296.0,岡　崎　　恭　裕,6,4,25.0,25.0,25.0,75.0,0.095,0.06,0.12,50.0,0,0.0,参考
4500.0,山　田　　康　二,1,6,50.0,16.67,33.33,100.0,0.12,0.08,0.18,50.0,0,0.0,C
4524.0,深　谷　　知　博,6,5,0.0,0.0,20.0,20.0,0.11,0.04,0.16,40.0,0,0.0,C
3623.0,深　川　　真　二,1,5,80.0,0.0,0.0,80.0,0.118,0.03,0.16,20.0,0,0.0,C
4831.0,羽　野　　直　也,2,3,66.67,0.0,0.0,66.67,0.103,0.08,0.14,33.33,0,0.0,参考
4787.0,椎　名　　　　豊,4,9,33.33,11.11,0.0,44.44,0.111,0.07,0.17,22.22,0,0.0,C
4290.0,稲　田　　浩　二,5,4,0.0,0.0,25.0,25.0,0.09,0.06,0.15,50.0,0,0.0,参考
4566.0,塩　田　　北　斗,3,4,25.0,25.0,25.0,75.0,0.135,0.09,0.18,0.0,0,0.0,参考
4230.0,濱　崎　　直　矢,6,8,0.0,37.5,12.5,50.0,0.171,0.06,0.31,25.0,0,0.0,C
4537.0,渡　邉　　和　将,1,8,75.0,25.0,0.0,100.0,0.121,0.06,0.19,62.5,0,0.0,C
4502.0,遠　藤　　エ　ミ,2,4,25.0,0.0,25.0,50.0,0.1,0.03,0.16,50.0,0,0.0,参考
3779.0,原　田　　幸　哉,5,3,0.0,33.33,33.33,66.67,0.113,0.1,0.12,33.33,0,0.0,参考
4524.0,深　谷　　知　博,2,5,60.0,20.0,0.0,80.0,0.126,0.09,0.19,0.0,0,0.0,C
5043.0,中　村　　日　向,4,11,9.09,36.36,9.09,54.55,0.147,0.08,0.23,45.45,0,0.0,B
3900.0,香　川　　素　子,6,5,20.0,20.0,0.0,40.0,0.154,0.04,0.21,40.0,0,0.0,C
4980.0,佐々木　　完　太,2,6,0.0,16.67,50.0,66.67,0.155,0.01,0.28,33.33,0,0.0,C
4848.0,仲　谷　　颯　仁,3,3,0.0,33.33,33.33,66.67,0.143,0.13,0.17,33.33,0,0.0,参考
4262.0,馬　場　　貴　也,5,4,0.0,25.0,25.0,50.0,0.107,0.06,0.16,50.0,0,0.0,参考
4787.0,椎　名　　　　豊,3,8,12.5,25.0,12.5,50.0,0.094,0.04,0.23,62.5,0,0.0,C
5084.0,末　永　　和　也,4,6,16.67,33.33,33.33,83.33,0.11,0.04,0.17,16.67,0,0.0,C
4445.0,宮　地　　元　輝,1,4,75.0,25.0,0.0,100.0,0.087,0.07,0.12,50.0,0,0.0,参考
4932.0,新　開　　　　航,4,7,28.57,0.0,42.86,71.43,0.146,0.07,0.23,0.0,0,0.0,C
4290.0,稲　田　　浩　二,2,4,0.0,0.0,50.0,50.0,0.133,0.11,0.17,0.0,0,0.0,参考
4362.0,土　屋　　智　則,5,7,0.0,14.29,42.86,57.14,0.174,0.14,0.25,0.0,0,0.0,C
5084.0,末　永　　和　也,2,5,20.0,20.0,0.0,40.0,0.086,0.05,0.13,0.0,0,0.0,C
4848.0,仲　谷　　颯　仁,5,3,0.0,33.33,33.33,66.67,0.187,0.09,0.28,0.0,0,0.0,参考
4851.0,関　　　　浩　哉,3,4,25.0,0.0,25.0,50.0,0.155,0.12,0.23,0.0,0,0.0,参考
4350.0,篠　崎　　元　志,4,4,0.0,100.0,0.0,100.0,0.135,0.08,0.17,25.0,0,0.0,参考
4290.0,稲　田　　浩　二,6,5,0.0,0.0,20.0,20.0,0.126,0.09,0.16,0.0,0,0.0,C
4504.0,前　田　　将　太,2,7,28.57,14.29,42.86,85.71,0.153,0.03,0.34,28.57,0,0.0,C
4502.0,遠　藤　　エ　ミ,3,5,20.0,20.0,20.0,60.0,0.084,0.03,0.12,20.0,0,0.0,C
4566.0,塩　田　　北　斗,5,5,40.0,0.0,0.0,40.0,0.076,0.01,0.16,60.0,0,0.0,C
4230.0,濱　崎　　直　矢,1,10,70.0,10.0,0.0,80.0,0.115,0.03,0.22,20.0,0,0.0,B
4980.0,佐々木　　完　太,6,9,11.11,33.33,11.11,55.56,0.163,0.09,0.22,0.0,0,0.0,C
4787.0,椎　名　　　　豊,2,8,25.0,37.5,12.5,75.0,0.152,0.09,0.23,12.5,0,0.0,C
4500.0,山　田　　康　二,3,3,66.67,0.0,0.0,66.67,0.153,0.07,0.21,0.0,0,0.0,参考
3900.0,香　川　　素　子,2,4,0.0,25.0,25.0,50.0,0.198,0.11,0.34,25.0,0,0.0,参考
4537.0,渡　邉　　和　将,3,7,14.29,28.57,0.0,42.86,0.136,0.06,0.23,14.29,0,0.0,C
3623.0,深　川　　真　二,4,4,25.0,50.0,0.0,75.0,0.128,0.04,0.2,0.0,0,0.0,参考
4932.0,新　開　　　　航,5,6,50.0,0.0,0.0,50.0,0.118,0.05,0.17,33.33,0,0.0,C
4566.0,塩　田　　北　斗,1,7,85.71,0.0,14.29,100.0,0.151,0.09,0.21,14.29,0,0.0,C
4445.0,宮　地　　元　輝,3,3,33.33,0.0,0.0,33.33,0.123,0.09,0.17,33.33,0,0.0,参考
4350.0,篠　崎　　元　志,1,4,50.0,50.0,0.0,100.0,0.15,0.12,0.2,0.0,0,0.0,参考
4262.0,馬　場　　貴　也,3,5,20.0,40.0,20.0,80.0,0.122,0.06,0.16,0.0,0,0.0,C
4362.0,土　屋　　智　則,6,10,30.0,10.0,10.0,50.0,0.165,0.06,0.29,10.0,0,0.0,B
4787.0,椎　名　　　　豊,1,13,69.23,0.0,7.69,76.92,0.142,0.06,0.2,30.77,0,0.0,B
4230.0,濱　崎　　直　矢,2,4,50.0,25.0,25.0,100.0,0.16,0.09,0.24,25.0,0,0.0,参考
4504.0,前　田　　将　太,6,6,16.67,16.67,33.33,66.67,0.118,0.06,0.17,33.33,0,0.0,C
4524.0,深　谷　　知　博,1,7,71.43,0.0,14.29,85.71,0.097,0.04,0.22,57.14,0,0.0,C
4848.0,仲　谷　　颯　仁,2,3,33.33,33.33,0.0,66.67,0.15,0.1,0.22,33.33,0,0.0,参考
4831.0,羽　野　　直　也,6,3,33.33,33.33,33.33,100.0,0.113,0.09,0.14,33.33,0,0.0,参考
4296.0,岡　崎　　恭　裕,3,3,33.33,0.0,66.67,100.0,0.19,0.17,0.22,33.33,0,0.0,参考
4502.0,遠　藤　　エ　ミ,5,4,0.0,0.0,0.0,0.0,0.12,0.07,0.18,25.0,0,0.0,参考
4980.0,佐々木　　完　太,1,5,60.0,40.0,0.0,100.0,0.13,0.07,0.18,20.0,0,0.0,C
4537.0,渡　邉　　和　将,5,6,33.33,16.67,0.0,50.0,0.157,0.07,0.26,16.67,0,0.0,C
4524.0,深　谷　　知　博,5,4,0.0,0.0,25.0,25.0,0.113,0.09,0.13,0.0,0,0.0,参考
4362.0,土　屋　　智　則,1,10,40.0,30.0,20.0,90.0,0.11,0.03,0.18,40.0,0,0.0,B
4296.0,岡　崎　　恭　裕,2,5,0.0,20.0,20.0,40.0,0.088,0.01,0.17,20.0,0,0.0,C
3623.0,深　川　　真　二,5,4,25.0,50.0,0.0,75.0,0.178,0.11,0.28,25.0,0,0.0,参考
3900.0,香　川　　素　子,5,4,0.0,25.0,25.0,50.0,0.11,0.05,0.2,50.0,0,0.0,参考
4262.0,馬　場　　貴　也,2,4,25.0,50.0,0.0,75.0,0.11,0.08,0.13,25.0,0,0.0,参考
3779.0,原　田　　幸　哉,6,3,0.0,0.0,66.67,66.67,0.1,0.06,0.12,66.67,0,0.0,参考
4230.0,濱　崎　　直　矢,4,6,33.33,16.67,50.0,100.0,0.143,0.09,0.17,16.67,0,0.0,C
4445.0,宮　地　　元　輝,6,4,0.0,50.0,0.0,50.0,0.092,0.04,0.14,25.0,0,0.0,参考
4566.0,塩　田　　北　斗,6,7,14.29,0.0,42.86,57.14,0.121,0.07,0.18,42.86,0,0.0,C
4831.0,羽　野　　直　也,1,6,83.33,16.67,0.0,100.0,0.11,0.05,0.15,66.67,0,0.0,C
3623.0,深　川　　真　二,2,5,0.0,40.0,0.0,40.0,0.136,0.08,0.21,0.0,0,0.0,C
4537.0,渡　邉　　和　将,4,6,16.67,16.67,16.67,50.0,0.135,0.1,0.16,33.33,0,0.0,C
4504.0,前　田　　将　太,5,6,16.67,0.0,0.0,16.67,0.105,0.06,0.14,16.67,0,0.0,C
4787.0,椎　名　　　　豊,6,10,10.0,20.0,30.0,60.0,0.119,0.06,0.19,20.0,0,0.0,B
4290.0,稲　田　　浩　二,4,5,0.0,20.0,20.0,40.0,0.144,0.1,0.24,20.0,0,0.0,C
5084.0,末　永　　和　也,5,4,0.0,0.0,0.0,0.0,0.088,0.03,0.14,0.0,0,0.0,参考
4262.0,馬　場　　貴　也,6,4,0.0,0.0,25.0,25.0,0.135,0.09,0.2,0.0,0,0.0,参考
4524.0,深　谷　　知　博,4,6,0.0,33.33,33.33,66.67,0.093,0.01,0.16,33.33,0,0.0,C
4500.0,山　田　　康　二,6,4,0.0,25.0,25.0,50.0,0.117,0.08,0.16,0.0,0,0.0,参考
4932.0,新　開　　　　航,2,8,25.0,12.5,37.5,75.0,0.182,0.07,0.29,12.5,0,0.0,C
4362.0,土　屋　　智　則,4,5,0.0,40.0,60.0,100.0,0.13,0.05,0.19,20.0,0,0.0,C
4445.0,宮　地　　元　輝,4,5,20.0,20.0,20.0,60.0,0.1,0.04,0.14,40.0,0,0.0,C
4296.0,岡　崎　　恭　裕,5,5,0.0,20.0,0.0,20.0,0.144,0.09,0.2,0.0,0,0.0,C
4932.0,新　開　　　　航,3,4,25.0,0.0,50.0,75.0,0.092,0.04,0.13,25.0,0,0.0,参考
5084.0,末　永　　和　也,3,5,40.0,40.0,0.0,80.0,0.084,0.06,0.12,20.0,0,0.0,C
4848.0,仲　谷　　颯　仁,1,4,50.0,0.0,25.0,75.0,0.177,0.13,0.2,25.0,0,0.0,参考
4230.0,濱　崎　　直　矢,3,6,33.33,0.0,16.67,50.0,0.147,0.09,0.22,33.33,0,0.0,C
4980.0,佐々木　　完　太,3,6,0.0,50.0,16.67,66.67,0.123,0.01,0.3,33.33,0,0.0,C
5043.0,中　村　　日　向,6,7,14.29,14.29,14.29,42.86,0.119,0.03,0.26,42.86,0,0.0,C
3900.0,香　川　　素　子,4,4,25.0,0.0,25.0,50.0,0.2,0.13,0.29,25.0,0,0.0,参考
4566.0,塩　田　　北　斗,4,4,0.0,0.0,50.0,50.0,0.163,0.12,0.24,0.0,0,0.0,参考
4290.0,稲　田　　浩　二,3,3,0.0,0.0,0.0,0.0,0.15,0.11,0.2,33.33,0,0.0,参考
4504.0,前　田　　将　太,3,9,44.44,33.33,11.11,88.89,0.113,0.05,0.24,44.44,0,0.0,C
4848.0,仲　谷　　颯　仁,6,3,0.0,0.0,33.33,33.33,0.207,0.08,0.39,33.33,0,0.0,参考
5005.0,石　田　　貴　洋,4,5,0.0,20.0,40.0,60.0,0.142,0.07,0.25,80.0,0,0.0,C
5045.0,平　川　　香　織,1,8,37.5,12.5,12.5,62.5,0.19,0.08,0.32,12.5,0,0.0,C
4453.0,永　田　　郁　弥,2,3,33.33,0.0,0.0,33.33,0.15,0.14,0.16,0.0,0,0.0,参考
4428.0,有　賀　　達　也,2,7,28.57,28.57,14.29,71.43,0.127,0.07,0.23,28.57,0,0.0,C
4943.0,八　木　　治　樹,6,8,0.0,0.0,25.0,25.0,0.191,0.13,0.3,12.5,0,0.0,C
4076.0,杉　田　　篤　光,4,10,20.0,30.0,20.0,70.0,0.168,0.1,0.25,0.0,0,0.0,B
4019.0,笠　原　　　　亮,5,6,16.67,16.67,33.33,66.67,0.157,0.1,0.24,0.0,0,0.0,C
4544.0,松　田　　大志郎,2,8,25.0,25.0,0.0,50.0,0.172,0.11,0.3,12.5,0,0.0,C
5005.0,石　田　　貴　洋,1,5,40.0,20.0,0.0,60.0,0.186,0.07,0.34,20.0,0,0.0,C
4453.0,永　田　　郁　弥,5,4,0.0,25.0,25.0,50.0,0.185,0.14,0.27,25.0,0,0.0,参考
4076.0,杉　田　　篤　光,2,13,7.69,30.77,15.38,53.85,0.155,0.05,0.29,30.77,0,0.0,B
4943.0,八　木　　治　樹,4,9,0.0,11.11,11.11,22.22,0.143,0.09,0.22,33.33,0,0.0,C
4428.0,有　賀　　達　也,1,10,60.0,10.0,20.0,90.0,0.106,0.06,0.18,50.0,0,0.0,B
5045.0,平　川　　香　織,4,12,8.33,16.67,25.0,50.0,0.199,0.03,0.32,16.67,0,0.0,B
4019.0,笠　原　　　　亮,3,7,42.86,42.86,14.29,100.0,0.149,0.07,0.22,0.0,0,0.0,C
4544.0,松　田　　大志郎,4,9,22.22,33.33,11.11,66.67,0.132,0.08,0.18,22.22,0,0.0,C
4943.0,八　木　　治　樹,1,9,55.56,0.0,11.11,66.67,0.102,0.02,0.18,44.44,0,0.0,C
3470.0,新　田　　芳　美,5,3,0.0,0.0,33.33,33.33,0.163,0.09,0.22,0.0,0,0.0,参考
5045.0,平　川　　香　織,3,10,40.0,10.0,20.0,70.0,0.151,0.03,0.34,40.0,0,0.0,B
4428.0,有　賀　　達　也,4,7,28.57,0.0,14.29,42.86,0.074,0.03,0.14,57.14,0,0.0,C
4544.0,松　田　　大志郎,6,12,16.67,33.33,8.33,58.33,0.142,0.09,0.22,25.0,0,0.0,B
3430.0,角　浜　　　　修,5,3,0.0,0.0,33.33,33.33,0.17,0.14,0.2,0.0,0,0.0,参考
5005.0,石　田　　貴　洋,6,3,0.0,33.33,0.0,33.33,0.147,0.08,0.21,33.33,0,0.0,参考
3470.0,新　田　　芳　美,2,3,0.0,66.67,0.0,66.67,0.123,0.08,0.17,33.33,0,0.0,参考
5047.0,國　分　　将太郎,3,16,12.5,25.0,18.75,56.25,0.147,0.05,0.29,6.25,0,0.0,B
4019.0,笠　原　　　　亮,2,6,33.33,50.0,0.0,83.33,0.173,0.1,0.29,0.0,0,0.0,C
4076.0,杉　田　　篤　光,1,14,42.86,14.29,7.14,64.29,0.201,0.07,0.31,0.0,0,0.0,B
3430.0,角　浜　　　　修,2,3,66.67,0.0,0.0,66.67,0.137,0.12,0.15,0.0,0,0.0,参考
4453.0,永　田　　郁　弥,4,3,0.0,0.0,33.33,33.33,0.177,0.11,0.22,0.0,0,0.0,参考
4544.0,松　田　　大志郎,5,10,20.0,10.0,20.0,50.0,0.175,0.11,0.32,30.0,0,0.0,B
4943.0,八　木　　治　樹,3,12,8.33,16.67,8.33,33.33,0.137,0.03,0.36,33.33,0,0.0,B
4428.0,有　賀　　達　也,6,9,0.0,0.0,33.33,33.33,0.11,0.01,0.18,33.33,0,0.0,C
4019.0,笠　原　　　　亮,1,10,80.0,0.0,0.0,80.0,0.138,0.09,0.21,20.0,0,0.0,B
5005.0,石　田　　貴　洋,3,3,0.0,33.33,33.33,66.67,0.153,0.14,0.17,0.0,0,0.0,参考
4752.0,西　尾　　亮　輔,1,3,33.33,66.67,0.0,100.0,0.153,0.08,0.24,33.33,0,0.0,参考
4076.0,杉　田　　篤　光,6,14,0.0,7.14,21.43,28.57,0.201,0.09,0.34,0.0,0,0.0,B
5045.0,平　川　　香　織,6,7,0.0,14.29,28.57,42.86,0.139,0.06,0.19,28.57,0,0.0,C
4453.0,永　田　　郁　弥,3,3,0.0,0.0,0.0,0.0,0.07,0.04,0.11,33.33,0,0.0,参考
4019.0,笠　原　　　　亮,4,7,0.0,71.43,14.29,85.71,0.143,0.12,0.2,14.29,0,0.0,C
4544.0,松　田　　大志郎,1,17,76.47,11.76,0.0,88.24,0.156,0.09,0.25,52.94,0,0.0,B
4752.0,西　尾　　亮　輔,2,4,25.0,0.0,50.0,75.0,0.182,0.13,0.23,25.0,0,0.0,参考
5045.0,平　川　　香　織,5,9,0.0,11.11,11.11,22.22,0.173,0.01,0.3,22.22,0,0.0,C
4019.0,笠　原　　　　亮,6,7,0.0,14.29,28.57,42.86,0.189,0.11,0.28,14.29,0,0.0,C
4544.0,松　田　　大志郎,3,8,12.5,12.5,25.0,50.0,0.17,0.06,0.32,12.5,0,0.0,C
4076.0,杉　田　　篤　光,5,11,0.0,36.36,0.0,36.36,0.166,0.1,0.28,0.0,0,0.0,B
4428.0,有　賀　　達　也,5,8,12.5,12.5,25.0,50.0,0.118,0.05,0.17,12.5,0,0.0,C
5005.0,石　田　　貴　洋,2,6,0.0,0.0,50.0,50.0,0.158,0.09,0.22,16.67,0,0.0,C
3430.0,角　浜　　　　修,3,3,0.0,33.33,0.0,33.33,0.2,0.12,0.29,0.0,0,0.0,参考
4752.0,西　尾　　亮　輔,3,7,0.0,14.29,14.29,28.57,0.144,0.06,0.24,14.29,0,0.0,C
5005.0,石　田　　貴　洋,5,4,0.0,0.0,25.0,25.0,0.143,0.1,0.22,50.0,0,0.0,参考
5135.0,仲　　　　航　太,1,35,57.14,17.14,14.29,88.57,0.129,0.02,0.23,37.14,0,0.0,A
5259.0,野　田　　昇　吾,6,9,0.0,0.0,0.0,0.0,0.206,0.08,0.36,22.22,0,0.0,C
4377.0,濱　本　　優　一,5,8,12.5,0.0,0.0,12.5,0.166,0.07,0.28,25.0,0,0.0,C
5279.0,石　渡　　翔一郎,6,11,0.0,18.18,0.0,18.18,0.126,0.01,0.19,45.45,0,0.0,B
5228.0,若　林　　樹　蘭,3,12,25.0,16.67,16.67,58.33,0.118,0.07,0.19,58.33,0,0.0,B
3950.0,石　川　　哲　秀,3,5,0.0,40.0,20.0,60.0,0.132,0.08,0.16,60.0,0,0.0,C
3589.0,西　村　　　　勝,5,9,0.0,33.33,0.0,33.33,0.15,0.06,0.23,0.0,0,0.0,C
4989.0,石　原　　　　翼,2,4,50.0,0.0,25.0,75.0,0.12,0.02,0.21,25.0,0,0.0,参考
5279.0,石　渡　　翔一郎,5,8,25.0,0.0,0.0,25.0,0.188,0.09,0.35,12.5,0,0.0,C
5127.0,沼　田　　大　都,4,10,20.0,10.0,0.0,30.0,0.182,0.08,0.31,10.0,0,0.0,B
5228.0,若　林　　樹　蘭,5,8,12.5,25.0,25.0,62.5,0.143,0.07,0.25,37.5,0,0.0,C
4573.0,佐　藤　　　　翼,3,4,0.0,50.0,0.0,50.0,0.155,0.11,0.21,25.0,0,0.0,参考
5135.0,仲　　　　航　太,4,36,5.56,16.67,25.0,47.22,0.143,0.04,0.27,25.0,0,0.0,A
4009.0,小　林　　一　樹,6,3,0.0,0.0,0.0,0.0,0.257,0.18,0.33,0.0,0,0.0,参考
4377.0,濱　本　　優　一,2,9,33.33,11.11,44.44,88.89,0.152,0.07,0.24,0.0,0,0.0,C
4850.0,野　中　　一　平,4,6,0.0,16.67,33.33,50.0,0.108,0.04,0.21,66.67,0,0.0,C
3589.0,西　村　　　　勝,3,9,11.11,33.33,0.0,44.44,0.172,0.07,0.29,0.0,0,0.0,C
4989.0,石　原　　　　翼,4,6,33.33,16.67,33.33,83.33,0.123,0.06,0.21,33.33,0,0.0,C
4111.0,奥　田　　　　誠,6,4,25.0,25.0,0.0,50.0,0.245,0.16,0.29,0.0,0,0.0,参考
3554.0,仲　口　　博　崇,4,9,22.22,0.0,44.44,66.67,0.14,0.1,0.17,0.0,0,0.0,C
3950.0,石　川　　哲　秀,1,4,25.0,0.0,25.0,50.0,0.182,0.13,0.21,25.0,0,0.0,参考
5127.0,沼　田　　大　都,2,9,0.0,11.11,33.33,44.44,0.181,0.09,0.28,0.0,0,0.0,C
4850.0,野　中　　一　平,5,3,0.0,0.0,33.33,33.33,0.09,0.06,0.11,66.67,0,0.0,参考
5135.0,仲　　　　航　太,3,39,20.51,12.82,12.82,46.15,0.174,0.04,0.52,7.69,0,0.0,A
4989.0,石　原　　　　翼,6,4,0.0,25.0,25.0,50.0,0.13,0.04,0.28,25.0,0,0.0,参考
4374.0,永　田　　義　紘,2,3,0.0,0.0,66.67,66.67,0.16,0.14,0.2,0.0,0,0.0,参考
5259.0,野　田　　昇　吾,5,8,0.0,0.0,0.0,0.0,0.15,0.08,0.31,12.5,0,0.0,C
4111.0,奥　田　　　　誠,2,5,0.0,0.0,40.0,40.0,0.268,0.19,0.32,0.0,0,0.0,C
3589.0,西　村　　　　勝,1,7,42.86,14.29,14.29,71.43,0.156,0.08,0.23,14.29,0,0.0,C
3950.0,石　川　　哲　秀,4,6,0.0,0.0,16.67,16.67,0.122,0.07,0.15,0.0,0,0.0,C
4840.0,鈴　木　　秀　茉,3,9,0.0,22.22,22.22,44.44,0.149,0.07,0.24,33.33,0,0.0,C
5127.0,沼　田　　大　都,5,8,12.5,25.0,37.5,75.0,0.166,0.1,0.21,0.0,0,0.0,C
5228.0,若　林　　樹　蘭,2,9,0.0,44.44,0.0,44.44,0.132,0.08,0.21,44.44,0,0.0,C
4377.0,濱　本　　優　一,3,7,0.0,14.29,14.29,28.57,0.181,0.09,0.25,14.29,0,0.0,C
4111.0,奥　田　　　　誠,3,6,0.0,33.33,16.67,50.0,0.148,0.07,0.25,0.0,0,0.0,C
4374.0,永　田　　義　紘,4,3,0.0,33.33,0.0,33.33,0.18,0.15,0.21,33.33,0,0.0,参考
4850.0,野　中　　一　平,2,5,40.0,20.0,0.0,60.0,0.1,0.06,0.19,60.0,0,0.0,C
5127.0,沼　田　　大　都,1,9,22.22,11.11,22.22,55.56,0.23,0.12,0.47,11.11,0,0.0,C
4850.0,野　中　　一　平,3,4,25.0,0.0,0.0,25.0,0.113,0.04,0.2,25.0,0,0.0,参考
4377.0,濱　本　　優　一,4,10,20.0,20.0,30.0,70.0,0.179,0.09,0.31,10.0,0,0.0,B
5135.0,仲　　　　航　太,6,23,13.04,0.0,26.09,39.13,0.166,0.05,0.31,4.35,0,0.0,A
4989.0,石　原　　　　翼,1,5,60.0,0.0,0.0,60.0,0.148,0.13,0.16,60.0,0,0.0,C
5228.0,若　林　　樹　蘭,4,11,27.27,9.09,9.09,45.45,0.151,0.07,0.27,36.36,0,0.0,B
5135.0,仲　　　　航　太,2,33,12.12,24.24,18.18,54.55,0.154,0.06,0.32,6.06,0,0.0,A
4840.0,鈴　木　　秀　茉,2,8,25.0,12.5,0.0,37.5,0.2,0.09,0.48,12.5,0,0.0,C
4989.0,石　原　　　　翼,3,4,25.0,25.0,0.0,50.0,0.095,0.05,0.16,25.0,0,0.0,参考
4111.0,奥　田　　　　誠,4,6,0.0,16.67,16.67,33.33,0.205,0.14,0.31,0.0,0,0.0,C
4374.0,永　田　　義　紘,3,3,0.0,0.0,0.0,0.0,0.163,0.09,0.23,33.33,0,0.0,参考
3950.0,石　川　　哲　秀,5,6,0.0,0.0,0.0,0.0,0.182,0.12,0.3,0.0,0,0.0,C
4377.0,濱　本　　優　一,1,9,11.11,55.56,11.11,77.78,0.104,0.04,0.16,33.33,0,0.0,C
3589.0,西　村　　　　勝,2,9,22.22,22.22,22.22,66.67,0.143,0.07,0.24,11.11,0,0.0,C
4073.0,大　橋　　純一郎,2,7,14.29,71.43,0.0,85.71,0.143,0.09,0.22,42.86,0,0.0,C
5228.0,若　林　　樹　蘭,6,7,0.0,14.29,42.86,57.14,0.097,0.03,0.17,28.57,0,0.0,C
4850.0,野　中　　一　平,1,3,33.33,0.0,0.0,33.33,0.137,0.1,0.17,66.67,0,0.0,参考
4111.0,奥　田　　　　誠,5,3,0.0,0.0,66.67,66.67,0.16,0.1,0.22,0.0,0,0.0,参考
3589.0,西　村　　　　勝,4,8,25.0,0.0,37.5,62.5,0.147,0.06,0.21,25.0,0,0.0,C
3950.0,石　川　　哲　秀,2,6,0.0,33.33,16.67,50.0,0.182,0.08,0.32,0.0,0,0.0,C
5127.0,沼　田　　大　都,3,8,12.5,0.0,25.0,37.5,0.171,0.09,0.27,0.0,0,0.0,C
4377.0,濱　本　　優　一,6,7,28.57,14.29,0.0,42.86,0.227,0.15,0.31,14.29,0,0.0,C
4840.0,鈴　木　　秀　茉,1,8,37.5,25.0,12.5,75.0,0.13,0.02,0.26,37.5,0,0.0,C
4374.0,永　田　　義　紘,1,4,25.0,0.0,50.0,75.0,0.158,0.12,0.22,50.0,0,0.0,参考
5135.0,仲　　　　航　太,5,28,17.86,25.0,10.71,53.57,0.171,0.06,0.33,10.71,0,0.0,A
3589.0,西　村　　　　勝,6,10,10.0,40.0,0.0,50.0,0.198,0.09,0.36,20.0,0,0.0,B
4009.0,小　林　　一　樹,1,3,33.33,33.33,33.33,100.0,0.113,0.08,0.14,0.0,0,0.0,参考
4073.0,大　橋　　純一郎,4,11,0.0,27.27,45.45,72.73,0.185,0.1,0.32,0.0,0,0.0,B
4111.0,奥　田　　　　誠,1,5,40.0,20.0,20.0,80.0,0.192,0.1,0.28,20.0,0,0.0,C
5127.0,沼　田　　大　都,6,6,0.0,16.67,50.0,66.67,0.188,0.12,0.25,0.0,0,0.0,C
4850.0,野　中　　一　平,6,7,0.0,0.0,28.57,28.57,0.139,0.07,0.26,14.29,0,0.0,C
3950.0,石　川　　哲　秀,6,5,0.0,20.0,20.0,40.0,0.112,0.01,0.19,60.0,0,0.0,C
5184.0,飯　塚　　　　響,3,6,16.67,16.67,0.0,33.33,0.185,0.05,0.27,16.67,0,0.0,C
5265.0,大　廣　　咲　季,6,9,11.11,11.11,0.0,22.22,0.181,0.01,0.3,11.11,0,0.0,C
4929.0,梅　内　　夕貴奈,1,6,33.33,0.0,16.67,50.0,0.185,0.13,0.24,16.67,0,0.0,C
4478.0,櫻　本　　あゆみ,5,6,0.0,50.0,16.67,66.67,0.142,0.06,0.23,33.33,0,0.0,C
5272.0,松　田　　真　実,6,5,0.0,0.0,0.0,0.0,0.202,0.03,0.31,0.0,0,0.0,C
4690.0,高　石　　梨　菜,4,10,20.0,20.0,30.0,70.0,0.197,0.08,0.34,10.0,0,0.0,B
5057.0,上　田　　紗　奈,5,3,33.33,0.0,33.33,66.67,0.12,0.05,0.2,0.0,0,0.0,参考
5205.0,刑　部　　亜里紗,6,3,0.0,33.33,0.0,33.33,0.153,0.01,0.3,33.33,0,0.0,参考
5218.0,山　田　　理　央,4,4,0.0,0.0,0.0,0.0,0.15,0.05,0.27,0.0,0,0.0,参考
4414.0,大　澤　　真　菜,6,4,0.0,0.0,25.0,25.0,0.14,0.04,0.25,0.0,0,0.0,参考
4891.0,寺　島　　美　里,1,8,37.5,25.0,12.5,75.0,0.156,0.09,0.23,12.5,0,0.0,C
4123.0,細　川　　裕　子,5,7,28.57,28.57,14.29,71.43,0.197,0.01,0.5,14.29,0,0.0,C
4929.0,梅　内　　夕貴奈,3,4,0.0,0.0,0.0,0.0,0.185,0.15,0.22,50.0,0,0.0,参考
4825.0,倉　持　　莉　々,4,9,11.11,33.33,0.0,44.44,0.121,0.06,0.21,44.44,0,0.0,C
5203.0,神　里　　琴　音,5,5,0.0,0.0,0.0,0.0,0.172,0.11,0.21,80.0,0,0.0,C
5057.0,上　田　　紗　奈,1,5,20.0,20.0,0.0,40.0,0.132,0.07,0.21,20.0,0,0.0,C
5153.0,佐　藤　　ほのか,2,11,0.0,0.0,9.09,9.09,0.136,0.05,0.25,27.27,0,0.0,B
4891.0,寺　島　　美　里,3,9,22.22,22.22,22.22,66.67,0.106,0.05,0.18,44.44,0,0.0,C
4501.0,樋　口　　由加里,4,6,0.0,16.67,33.33,50.0,0.165,0.1,0.26,33.33,0,0.0,C
4478.0,櫻　本　　あゆみ,1,9,55.56,11.11,22.22,88.89,0.14,0.05,0.22,33.33,0,0.0,C
4690.0,高　石　　梨　菜,2,12,33.33,33.33,16.67,83.33,0.147,0.06,0.25,8.33,0,0.0,B
4941.0,孫　崎　　百　世,5,5,20.0,0.0,60.0,80.0,0.27,0.18,0.36,0.0,0,0.0,C
4825.0,倉　持　　莉　々,1,8,87.5,0.0,12.5,100.0,0.141,0.08,0.23,50.0,0,0.0,C
4123.0,細　川　　裕　子,2,8,0.0,12.5,50.0,62.5,0.159,0.11,0.25,0.0,0,0.0,C
4546.0,浜　田　　亜理沙,4,6,50.0,50.0,0.0,100.0,0.105,0.06,0.18,16.67,0,0.0,C
4998.0,中　村　　かなえ,6,6,0.0,0.0,0.0,0.0,0.157,0.06,0.28,33.33,0,0.0,C
4998.0,中　村　　かなえ,3,6,16.67,0.0,33.33,50.0,0.137,0.06,0.23,50.0,0,0.0,C
5265.0,大　廣　　咲　季,5,5,0.0,0.0,0.0,0.0,0.194,0.14,0.3,40.0,0,0.0,C
5057.0,上　田　　紗　奈,6,10,20.0,0.0,10.0,30.0,0.204,0.14,0.29,10.0,0,0.0,B
4929.0,梅　内　　夕貴奈,4,4,25.0,0.0,0.0,25.0,0.158,0.13,0.21,0.0,0,0.0,参考
4501.0,樋　口　　由加里,5,5,0.0,20.0,40.0,60.0,0.136,0.1,0.19,60.0,0,0.0,C
4730.0,土　屋　　実沙希,2,3,0.0,0.0,33.33,33.33,0.193,0.18,0.21,0.0,0,0.0,参考
4690.0,高　石　　梨　菜,3,10,20.0,10.0,40.0,70.0,0.159,0.08,0.29,10.0,0,0.0,B
4825.0,倉　持　　莉　々,6,9,0.0,33.33,11.11,44.44,0.128,0.07,0.2,11.11,0,0.0,C
4546.0,浜　田　　亜理沙,1,5,60.0,20.0,20.0,100.0,0.186,0.09,0.29,20.0,0,0.0,C
5203.0,神　里　　琴　音,4,8,0.0,0.0,12.5,12.5,0.13,0.07,0.23,62.5,0,0.0,C
4941.0,孫　崎　　百　世,6,8,0.0,12.5,12.5,25.0,0.221,0.16,0.34,0.0,0,0.0,C
4414.0,大　澤　　真　菜,1,7,42.86,14.29,0.0,57.14,0.199,0.13,0.27,28.57,0,0.0,C
5205.0,刑　部　　亜里紗,2,5,40.0,40.0,0.0,80.0,0.2,0.08,0.42,0.0,0,0.0,C
4123.0,細　川　　裕　子,3,4,25.0,50.0,0.0,75.0,0.18,0.12,0.3,0.0,0,0.0,参考
5153.0,佐　藤　　ほのか,4,11,0.0,27.27,0.0,27.27,0.141,0.05,0.23,27.27,0,0.0,B
5218.0,山　田　　理　央,5,5,0.0,0.0,40.0,40.0,0.15,0.06,0.35,20.0,0,0.0,C
4998.0,中　村　　かなえ,2,5,40.0,20.0,40.0,100.0,0.132,0.07,0.23,0.0,0,0.0,C
5272.0,松　田　　真　実,5,5,0.0,0.0,0.0,0.0,0.216,0.09,0.37,0.0,0,0.0,C
4825.0,倉　持　　莉　々,2,11,0.0,36.36,27.27,63.64,0.112,0.07,0.15,36.36,0,0.0,B
5203.0,神　里　　琴　音,3,9,0.0,0.0,11.11,11.11,0.184,0.09,0.28,11.11,0,0.0,C
4501.0,樋　口　　由加里,1,4,0.0,50.0,25.0,75.0,0.16,0.02,0.25,25.0,0,0.0,参考
4414.0,大　澤　　真　菜,2,6,0.0,16.67,0.0,16.67,0.18,0.07,0.26,16.67,0,0.0,C
5057.0,上　田　　紗　奈,3,7,28.57,0.0,28.57,57.14,0.151,0.05,0.23,0.0,0,0.0,C
4891.0,寺　島　　美　里,4,7,14.29,0.0,0.0,14.29,0.146,0.08,0.22,42.86,0,0.0,C
4546.0,浜　田　　亜理沙,5,5,20.0,40.0,20.0,80.0,0.11,0.06,0.17,40.0,0,0.0,C
4730.0,土　屋　　実沙希,6,6,0.0,33.33,16.67,50.0,0.23,0.16,0.33,0.0,0,0.0,C
4123.0,細　川　　裕　子,1,8,62.5,25.0,0.0,87.5,0.174,0.12,0.26,0.0,0,0.0,C
5205.0,刑　部　　亜里紗,3,3,0.0,0.0,0.0,0.0,0.303,0.17,0.42,0.0,0,0.0,参考
4885.0,大　山　　千　広,1,3,66.67,33.33,0.0,100.0,0.137,0.09,0.2,33.33,0,0.0,参考
4478.0,櫻　本　　あゆみ,4,12,0.0,16.67,41.67,58.33,0.162,0.08,0.31,16.67,0,0.0,B
4414.0,大　澤　　真　菜,4,7,14.29,14.29,0.0,28.57,0.197,0.06,0.29,14.29,0,0.0,C
4891.0,寺　島　　美　里,2,11,9.09,18.18,18.18,45.45,0.126,0.06,0.19,45.45,0,0.0,B
4998.0,中　村　　かなえ,4,6,16.67,0.0,16.67,33.33,0.133,0.07,0.22,33.33,0,0.0,C
5205.0,刑　部　　亜里紗,1,3,66.67,0.0,0.0,66.67,0.153,0.12,0.18,33.33,0,0.0,参考
4825.0,倉　持　　莉　々,3,10,20.0,10.0,20.0,50.0,0.123,0.05,0.19,30.0,0,0.0,B
4478.0,櫻　本　　あゆみ,6,8,12.5,12.5,25.0,50.0,0.198,0.12,0.28,12.5,0,0.0,C
5153.0,佐　藤　　ほのか,6,10,0.0,10.0,10.0,20.0,0.166,0.09,0.25,20.0,0,0.0,B
4690.0,高　石　　梨　菜,1,10,40.0,0.0,20.0,60.0,0.137,0.07,0.26,50.0,0,0.0,B
4546.0,浜　田　　亜理沙,3,5,0.0,60.0,0.0,60.0,0.16,0.1,0.23,0.0,0,0.0,C
4998.0,中　村　　かなえ,1,5,60.0,0.0,20.0,80.0,0.144,0.04,0.23,20.0,0,0.0,C
4929.0,梅　内　　夕貴奈,2,4,0.0,0.0,25.0,25.0,0.173,0.04,0.33,0.0,0,0.0,参考
4501.0,樋　口　　由加里,3,5,60.0,20.0,0.0,80.0,0.19,0.14,0.24,20.0,0,0.0,C
4123.0,細　川　　裕　子,6,5,0.0,20.0,0.0,20.0,0.194,0.06,0.37,20.0,0,0.0,C
4854.0,大　橋　　由　珠,2,4,0.0,50.0,50.0,100.0,0.138,0.1,0.2,0.0,0,0.0,参考
5057.0,上　田　　紗　奈,4,6,0.0,0.0,33.33,33.33,0.142,0.12,0.18,16.67,0,0.0,C
4478.0,櫻　本　　あゆみ,2,7,42.86,42.86,0.0,85.71,0.179,0.1,0.26,28.57,0,0.0,C
5205.0,刑　部　　亜里紗,4,3,66.67,0.0,0.0,66.67,0.153,0.08,0.28,66.67,0,0.0,参考
4891.0,寺　島　　美　里,5,8,0.0,0.0,12.5,12.5,0.154,0.08,0.31,12.5,0,0.0,C
4546.0,浜　田　　亜理沙,6,8,0.0,12.5,12.5,25.0,0.173,0.07,0.27,25.0,0,0.0,C
4501.0,樋　口　　由加里,2,6,0.0,16.67,50.0,66.67,0.162,0.11,0.23,33.33,0,0.0,C
4941.0,孫　崎　　百　世,3,3,33.33,0.0,0.0,33.33,0.213,0.15,0.25,0.0,0,0.0,参考
4478.0,櫻　本　　あゆみ,3,11,9.09,18.18,18.18,45.45,0.176,0.1,0.26,27.27,0,0.0,B
4929.0,梅　内　　夕貴奈,5,4,0.0,0.0,0.0,0.0,0.175,0.16,0.21,25.0,0,0.0,参考
4891.0,寺　島　　美　里,6,5,0.0,0.0,40.0,40.0,0.174,0.09,0.23,0.0,0,0.0,C
4546.0,浜　田　　亜理沙,2,6,0.0,50.0,16.67,66.67,0.128,0.09,0.2,16.67,0,0.0,C
4825.0,倉　持　　莉　々,5,9,22.22,22.22,22.22,66.67,0.117,0.05,0.16,22.22,0,0.0,C
4690.0,高　石　　梨　菜,6,5,0.0,20.0,0.0,20.0,0.148,0.1,0.19,20.0,0,0.0,C
5205.0,刑　部　　亜里紗,5,5,0.0,0.0,20.0,20.0,0.17,0.12,0.19,20.0,0,0.0,C
4123.0,細　川　　裕　子,4,6,16.67,33.33,16.67,66.67,0.128,0.05,0.23,16.67,0,0.0,C
5265.0,大　廣　　咲　季,4,7,0.0,28.57,0.0,28.57,0.189,0.13,0.29,14.29,0,0.0,C
4414.0,大　澤　　真　菜,3,7,14.29,14.29,14.29,42.86,0.153,0.07,0.31,0.0,0,0.0,C
4998.0,中　村　　かなえ,5,5,20.0,40.0,0.0,60.0,0.126,0.05,0.23,40.0,0,0.0,C
5057.0,上　田　　紗　奈,2,4,0.0,25.0,50.0,75.0,0.168,0.15,0.18,25.0,0,0.0,参考
4690.0,高　石　　梨　菜,5,11,9.09,9.09,9.09,27.27,0.151,0.05,0.26,18.18,0,0.0,B
4501.0,樋　口　　由加里,6,4,0.0,0.0,75.0,75.0,0.135,0.09,0.16,0.0,0,0.0,参考
4929.0,梅　内　　夕貴奈,6,4,0.0,0.0,0.0,0.0,0.198,0.16,0.26,0.0,0,0.0,参考
4414.0,大　澤　　真　菜,5,5,0.0,20.0,0.0,20.0,0.174,0.09,0.25,0.0,0,0.0,C
4945.0,上　村　　宏　太,1,8,12.5,0.0,37.5,50.0,0.149,0.05,0.24,37.5,0,0.0,C
3107.0,平　岡　　重　典,5,6,16.67,0.0,16.67,33.33,0.175,0.07,0.22,16.67,0,0.0,C
4405.0,南　野　　利　騰,1,3,33.33,33.33,0.0,66.67,0.127,0.11,0.16,33.33,0,0.0,参考
3748.0,小　黒　　竜　吾,3,10,0.0,10.0,30.0,40.0,0.137,0.09,0.23,30.0,0,0.0,B
4406.0,幸　野　　史　明,4,8,12.5,0.0,12.5,25.0,0.141,0.07,0.21,0.0,0,0.0,C
4039.0,村　上　　功　祐,5,7,0.0,0.0,14.29,14.29,0.129,0.03,0.23,42.86,0,0.0,C
5048.0,眞　鳥　　康　太,2,5,20.0,20.0,40.0,80.0,0.186,0.15,0.22,0.0,0,0.0,C
3843.0,上　之　　晃　弘,1,5,40.0,20.0,20.0,80.0,0.148,0.07,0.2,20.0,0,0.0,C
4834.0,浜　本　　裕　己,4,4,0.0,0.0,25.0,25.0,0.103,0.08,0.13,50.0,0,0.0,参考
4847.0,佐　藤　　隆太郎,1,33,78.79,9.09,3.03,90.91,0.121,0.03,0.22,30.3,0,0.0,A
5110.0,杉　山　　喜　一,5,8,25.0,12.5,12.5,50.0,0.189,0.06,0.4,25.0,0,0.0,C
4969.0,町　田　　洸　希,6,3,0.0,33.33,33.33,66.67,0.23,0.14,0.4,33.33,0,0.0,参考
5012.0,加　倉　　侑　征,2,6,0.0,16.67,50.0,66.67,0.097,0.06,0.17,50.0,0,0.0,C
4186.0,小　川　　時　光,4,7,0.0,0.0,0.0,0.0,0.173,0.14,0.2,14.29,0,0.0,C
5175.0,島　崎　　丈一朗,5,7,0.0,0.0,14.29,14.29,0.194,0.12,0.24,0.0,0,0.0,C
3107.0,平　岡　　重　典,1,5,20.0,0.0,0.0,20.0,0.206,0.13,0.27,0.0,0,0.0,C
4728.0,山　口　　　　亮,2,9,0.0,44.44,22.22,66.67,0.142,0.03,0.24,33.33,0,0.0,C
4834.0,浜　本　　裕　己,2,5,0.0,40.0,20.0,60.0,0.142,0.02,0.25,20.0,0,0.0,C
5110.0,杉　山　　喜　一,4,8,12.5,0.0,50.0,62.5,0.15,0.1,0.21,50.0,0,0.0,C
4553.0,坪　口　　竜　也,6,4,25.0,0.0,25.0,50.0,0.133,0.07,0.22,0.0,0,0.0,参考
4945.0,上　村　　宏　太,3,12,8.33,8.33,0.0,16.67,0.159,0.06,0.37,33.33,0,0.0,B
5048.0,眞　鳥　　康　太,5,5,0.0,0.0,0.0,0.0,0.196,0.15,0.27,0.0,0,0.0,C
4405.0,南　野　　利　騰,3,4,0.0,25.0,25.0,50.0,0.12,0.08,0.17,0.0,0,0.0,参考
3843.0,上　之　　晃　弘,4,8,25.0,12.5,0.0,37.5,0.116,0.02,0.23,25.0,0,0.0,C
4553.0,坪　口　　竜　也,3,4,0.0,0.0,75.0,75.0,0.172,0.1,0.25,0.0,0,0.0,参考
3748.0,小　黒　　竜　吾,4,5,0.0,20.0,20.0,40.0,0.156,0.08,0.29,40.0,0,0.0,C
4728.0,山　口　　　　亮,1,13,46.15,15.38,23.08,84.62,0.152,0.06,0.24,15.38,0,0.0,B
4917.0,岩　橋　　裕　馬,2,3,0.0,66.67,0.0,66.67,0.183,0.11,0.22,0.0,0,0.0,参考
3843.0,上　之　　晃　弘,3,7,0.0,14.29,42.86,57.14,0.173,0.06,0.24,28.57,0,0.0,C
4039.0,村　上　　功　祐,4,8,25.0,37.5,0.0,62.5,0.138,0.01,0.25,25.0,0,0.0,C
3065.0,増　田　　弘　喜,5,6,0.0,16.67,16.67,33.33,0.15,0.07,0.26,33.33,0,0.0,C
5175.0,島　崎　　丈一朗,6,5,0.0,20.0,0.0,20.0,0.174,0.11,0.28,0.0,0,0.0,C
3107.0,平　岡　　重　典,3,5,0.0,20.0,20.0,40.0,0.18,0.17,0.2,0.0,0,0.0,C
4945.0,上　村　　宏　太,6,7,0.0,0.0,28.57,28.57,0.12,0.04,0.2,28.57,0,0.0,C
5012.0,加　倉　　侑　征,5,6,0.0,33.33,16.67,50.0,0.137,0.1,0.21,33.33,0,0.0,C
5225.0,斎　藤　　　　凜,3,5,0.0,0.0,0.0,0.0,0.21,0.04,0.33,0.0,0,0.0,C
4834.0,浜　本　　裕　己,5,4,0.0,25.0,25.0,50.0,0.17,0.08,0.34,50.0,0,0.0,参考
5110.0,杉　山　　喜　一,1,6,33.33,16.67,0.0,50.0,0.175,0.04,0.28,16.67,0,0.0,C
5175.0,島　崎　　丈一朗,2,8,12.5,37.5,0.0,50.0,0.205,0.09,0.29,0.0,0,0.0,C
3748.0,小　黒　　竜　吾,5,10,0.0,0.0,10.0,10.0,0.143,0.01,0.22,40.0,0,0.0,B
4405.0,南　野　　利　騰,6,3,0.0,0.0,0.0,0.0,0.153,0.11,0.18,0.0,0,0.0,参考
4847.0,佐　藤　　隆太郎,2,18,44.44,16.67,22.22,83.33,0.124,0.06,0.18,0.0,0,0.0,B
4945.0,上　村　　宏　太,4,11,9.09,27.27,27.27,63.64,0.154,0.09,0.31,18.18,0,0.0,B
4553.0,坪　口　　竜　也,5,3,0.0,33.33,0.0,33.33,0.16,0.11,0.21,0.0,0,0.0,参考
4969.0,町　田　　洸　希,1,3,33.33,66.67,0.0,100.0,0.103,0.05,0.13,100.0,0,0.0,参考
5048.0,眞　鳥　　康　太,3,3,0.0,0.0,100.0,100.0,0.18,0.15,0.22,0.0,0,0.0,参考
5012.0,加　倉　　侑　征,4,5,40.0,20.0,0.0,60.0,0.112,0.05,0.17,100.0,0,0.0,C
4917.0,岩　橋　　裕　馬,5,3,33.33,0.0,33.33,66.67,0.13,0.09,0.18,0.0,0,0.0,参考
4728.0,山　口　　　　亮,4,15,13.33,26.67,6.67,46.67,0.183,0.1,0.26,13.33,0,0.0,B
4186.0,小　川　　時　光,1,5,40.0,0.0,20.0,60.0,0.17,0.1,0.31,20.0,0,0.0,C
5175.0,島　崎　　丈一朗,4,12,0.0,8.33,50.0,58.33,0.205,0.12,0.54,16.67,0,0.0,B
3843.0,上　之　　晃　弘,6,5,0.0,0.0,0.0,0.0,0.154,0.11,0.19,40.0,0,0.0,C
4834.0,浜　本　　裕　己,1,4,25.0,25.0,25.0,75.0,0.13,0.04,0.21,25.0,0,0.0,参考
5110.0,杉　山　　喜　一,3,6,0.0,33.33,33.33,66.67,0.127,0.05,0.16,50.0,0,0.0,C
4728.0,山　口　　　　亮,5,9,11.11,0.0,33.33,44.44,0.148,0.08,0.22,22.22,0,0.0,C
5012.0,加　倉　　侑　征,3,3,33.33,0.0,0.0,33.33,0.113,0.11,0.12,66.67,0,0.0,参考
3107.0,平　岡　　重　典,4,5,40.0,0.0,20.0,60.0,0.114,0.06,0.19,60.0,0,0.0,C
4917.0,岩　橋　　裕　馬,3,4,25.0,0.0,25.0,50.0,0.14,0.08,0.18,0.0,0,0.0,参考
5048.0,眞　鳥　　康　太,4,3,33.33,0.0,0.0,33.33,0.183,0.11,0.25,33.33,0,0.0,参考
5225.0,斎　藤　　　　凜,1,4,0.0,0.0,0.0,0.0,0.18,0.11,0.26,0.0,0,0.0,参考
4969.0,町　田　　洸　希,4,4,50.0,25.0,0.0,75.0,0.188,0.15,0.23,0.0,0,0.0,参考
4186.0,小　川　　時　光,5,5,0.0,0.0,0.0,0.0,0.2,0.06,0.32,0.0,0,0.0,C
5110.0,杉　山　　喜　一,6,6,0.0,16.67,16.67,33.33,0.12,0.04,0.19,50.0,0,0.0,C
3748.0,小　黒　　竜　吾,1,9,22.22,11.11,11.11,44.44,0.153,0.05,0.25,22.22,0,0.0,C
3843.0,上　之　　晃　弘,2,6,0.0,16.67,66.67,83.33,0.14,0.09,0.19,16.67,0,0.0,C
5012.0,加　倉　　侑　征,6,3,0.0,0.0,66.67,66.67,0.253,0.12,0.38,33.33,0,0.0,参考
3107.0,平　岡　　重　典,2,8,0.0,12.5,50.0,62.5,0.18,0.07,0.26,0.0,0,0.0,C
4728.0,山　口　　　　亮,3,11,9.09,36.36,0.0,45.45,0.147,0.06,0.25,9.09,0,0.0,B
4039.0,村　上　　功　祐,2,7,28.57,0.0,14.29,42.86,0.15,0.09,0.21,28.57,0,0.0,C
4945.0,上　村　　宏　太,2,7,0.0,14.29,14.29,28.57,0.136,0.09,0.2,28.57,0,0.0,C
4834.0,浜　本　　裕　己,3,3,0.0,0.0,33.33,33.33,0.127,0.09,0.2,33.33,0,0.0,参考
4405.0,南　野　　利　騰,4,4,50.0,0.0,25.0,75.0,0.175,0.13,0.22,0.0,0,0.0,参考
5012.0,加　倉　　侑　征,1,4,50.0,0.0,0.0,50.0,0.15,0.08,0.27,0.0,0,0.0,参考
5175.0,島　崎　　丈一朗,3,11,0.0,0.0,0.0,0.0,0.185,0.08,0.33,27.27,0,0.0,B
3843.0,上　之　　晃　弘,5,6,0.0,16.67,33.33,50.0,0.123,0.08,0.17,0.0,0,0.0,C
5110.0,杉　山　　喜　一,2,9,33.33,22.22,22.22,77.78,0.142,0.09,0.25,22.22,0,0.0,C
4945.0,上　村　　宏　太,5,8,12.5,12.5,12.5,37.5,0.151,0.02,0.43,12.5,0,0.0,C
3748.0,小　黒　　竜　吾,6,7,0.0,0.0,28.57,28.57,0.176,0.03,0.23,14.29,0,0.0,C
5225.0,斎　藤　　　　凜,2,6,0.0,0.0,0.0,0.0,0.228,0.1,0.41,0.0,0,0.0,C
3107.0,平　岡　　重　典,6,4,0.0,0.0,0.0,0.0,0.172,0.04,0.3,0.0,0,0.0,参考
4728.0,山　口　　　　亮,6,11,0.0,9.09,18.18,27.27,0.162,0.08,0.27,0.0,0,0.0,B
5175.0,島　崎　　丈一朗,1,9,11.11,33.33,11.11,55.56,0.181,0.03,0.3,22.22,0,0.0,C
4405.0,南　野　　利　騰,5,3,0.0,0.0,33.33,33.33,0.157,0.07,0.25,0.0,0,0.0,参考
4186.0,小　川　　時　光,6,8,0.0,0.0,25.0,25.0,0.168,0.04,0.28,0.0,0,0.0,C
4917.0,岩　橋　　裕　馬,4,3,0.0,33.33,0.0,33.33,0.13,0.11,0.16,33.33,0,0.0,参考
4834.0,浜　本　　裕　己,6,4,0.0,0.0,25.0,25.0,0.135,0.08,0.24,50.0,0,0.0,参考
3748.0,小　黒　　竜　吾,2,9,0.0,33.33,11.11,44.44,0.13,0.03,0.3,33.33,0,0.0,C
5044.0,渡　邉　　　　健,1,11,36.36,9.09,18.18,63.64,0.169,0.01,0.3,27.27,0,0.0,B
5065.0,伊久間　　陽　優,2,3,0.0,66.67,0.0,66.67,0.063,0.01,0.09,100.0,0,0.0,参考
5150.0,坂　本　　雄　紀,2,6,33.33,16.67,33.33,83.33,0.237,0.06,0.66,50.0,0,0.0,C
4906.0,鈴　木　　雅　希,4,6,0.0,0.0,0.0,0.0,0.157,0.07,0.2,16.67,0,0.0,C
3850.0,小　川　　知　行,1,8,62.5,12.5,0.0,75.0,0.092,0.03,0.18,62.5,0,0.0,C
4430.0,永　田　　秀　二,4,12,8.33,16.67,33.33,58.33,0.165,0.07,0.26,16.67,0,0.0,B
5006.0,久保原　　秀　人,1,3,0.0,0.0,0.0,0.0,0.19,0.12,0.33,0.0,0,0.0,参考
4906.0,鈴　木　　雅　希,2,6,0.0,50.0,0.0,50.0,0.115,0.05,0.15,0.0,0,0.0,C
5279.0,石　渡　　翔一郎,4,9,0.0,0.0,11.11,11.11,0.139,0.03,0.29,44.44,0,0.0,C
4700.0,金　子　　和　之,1,5,40.0,40.0,0.0,80.0,0.154,0.11,0.21,0.0,0,0.0,C
5150.0,坂　本　　雄　紀,3,7,28.57,14.29,28.57,71.43,0.119,0.06,0.18,28.57,0,0.0,C
5044.0,渡　邉　　　　健,5,8,0.0,25.0,0.0,25.0,0.147,0.07,0.23,25.0,0,0.0,C
5065.0,伊久間　　陽　優,3,5,20.0,20.0,20.0,60.0,0.106,0.03,0.18,40.0,0,0.0,C
3850.0,小　川　　知　行,3,11,18.18,45.45,9.09,72.73,0.125,0.03,0.23,18.18,0,0.0,B
4766.0,石　井　　孝　之,2,4,50.0,50.0,0.0,100.0,0.138,0.09,0.17,0.0,0,0.0,参考
5006.0,久保原　　秀　人,3,5,0.0,0.0,0.0,0.0,0.224,0.15,0.29,20.0,0,0.0,C
4700.0,金　子　　和　之,6,5,0.0,60.0,0.0,60.0,0.108,0.03,0.21,60.0,0,0.0,C
5006.0,久保原　　秀　人,4,5,0.0,20.0,0.0,20.0,0.136,0.03,0.2,0.0,0,0.0,C
3850.0,小　川　　知　行,5,10,0.0,10.0,10.0,20.0,0.125,0.06,0.21,30.0,0,0.0,B
5044.0,渡　邉　　　　健,2,9,22.22,22.22,0.0,44.44,0.152,0.1,0.19,44.44,0,0.0,C
4700.0,金　子　　和　之,3,10,20.0,10.0,20.0,50.0,0.157,0.1,0.22,20.0,0,0.0,B
4700.0,金　子　　和　之,2,7,14.29,71.43,0.0,85.71,0.156,0.05,0.22,14.29,0,0.0,C
3850.0,小　川　　知　行,6,7,0.0,0.0,14.29,14.29,0.173,0.02,0.36,14.29,0,0.0,C
4906.0,鈴　木　　雅　希,3,6,16.67,33.33,16.67,66.67,0.155,0.09,0.26,16.67,0,0.0,C
5006.0,久保原　　秀　人,5,5,0.0,20.0,0.0,20.0,0.186,0.12,0.3,20.0,0,0.0,C
4766.0,石　井　　孝　之,1,3,33.33,0.0,33.33,66.67,0.187,0.13,0.24,0.0,0,0.0,参考
5044.0,渡　邉　　　　健,6,10,0.0,0.0,20.0,20.0,0.181,0.1,0.31,0.0,0,0.0,B
5228.0,若　林　　樹　蘭,1,6,50.0,16.67,16.67,83.33,0.178,0.09,0.29,0.0,0,0.0,C
5065.0,伊久間　　陽　優,4,5,0.0,20.0,20.0,40.0,0.062,0.01,0.13,80.0,0,0.0,C
3850.0,小　川　　知　行,2,10,10.0,50.0,10.0,70.0,0.153,0.08,0.25,50.0,0,0.0,B
3860.0,松　本　　浩　貴,5,3,0.0,0.0,0.0,0.0,0.21,0.15,0.26,0.0,0,0.0,参考
5150.0,坂　本　　雄　紀,6,5,20.0,0.0,20.0,40.0,0.136,0.08,0.21,40.0,0,0.0,C
5044.0,渡　邉　　　　健,3,10,10.0,0.0,10.0,20.0,0.124,0.02,0.22,30.0,0,0.0,B
4430.0,永　田　　秀　二,2,14,21.43,28.57,21.43,71.43,0.153,0.05,0.26,21.43,0,0.0,B
4700.0,金　子　　和　之,5,6,0.0,33.33,16.67,50.0,0.203,0.14,0.3,0.0,0,0.0,C
5065.0,伊久間　　陽　優,5,3,33.33,0.0,0.0,33.33,0.08,0.06,0.09,100.0,0,0.0,参考
5006.0,久保原　　秀　人,6,3,0.0,0.0,33.33,33.33,0.2,0.12,0.29,33.33,0,0.0,参考
3850.0,小　川　　知　行,4,8,0.0,12.5,0.0,12.5,0.104,0.04,0.15,50.0,0,0.0,C
5150.0,坂　本　　雄　紀,1,6,83.33,16.67,0.0,100.0,0.142,0.08,0.22,16.67,0,0.0,C
5044.0,渡　邉　　　　健,4,13,53.85,15.38,0.0,69.23,0.134,0.05,0.25,38.46,0,0.0,B
5006.0,久保原　　秀　人,2,6,0.0,0.0,16.67,16.67,0.21,0.13,0.4,0.0,0,0.0,C
4700.0,金　子　　和　之,4,6,33.33,0.0,0.0,33.33,0.175,0.04,0.31,33.33,0,0.0,C
4766.0,石　井　　孝　之,3,3,33.33,0.0,66.67,100.0,0.1,0.08,0.12,66.67,0,0.0,参考
4906.0,鈴　木　　雅　希,1,9,55.56,22.22,0.0,77.78,0.13,0.01,0.31,22.22,0,0.0,C
4804.0,高　田　　ひかる,1,6,66.67,16.67,0.0,83.33,0.158,0.1,0.24,33.33,0,0.0,C
4933.0,板　橋　　侑　我,6,5,0.0,40.0,20.0,60.0,0.138,0.03,0.18,0.0,0,0.0,C
4155.0,長　野　　壮志郎,6,9,11.11,0.0,33.33,44.44,0.156,0.09,0.24,0.0,0,0.0,C
3719.0,辻　　　　栄　蔵,6,12,0.0,33.33,16.67,50.0,0.148,0.05,0.32,16.67,0,0.0,B
4388.0,是　澤　　孝　宏,1,8,37.5,12.5,25.0,75.0,0.155,0.04,0.23,12.5,0,0.0,C
4715.0,村　上　　　　遼,6,5,20.0,0.0,0.0,20.0,0.102,0.02,0.19,40.0,0,0.0,C
4769.0,馬　場　　　　剛,2,17,17.65,41.18,17.65,76.47,0.131,0.06,0.18,11.76,0,0.0,B
3562.0,山　下　　和　彦,4,6,0.0,16.67,16.67,33.33,0.11,0.04,0.18,0.0,0,0.0,C
4816.0,村　松　　修　二,6,6,0.0,0.0,16.67,16.67,0.125,0.07,0.25,50.0,0,0.0,C
4828.0,松　山　　将　吾,2,4,0.0,25.0,25.0,50.0,0.175,0.1,0.23,0.0,0,0.0,参考
3719.0,辻　　　　栄　蔵,4,7,14.29,14.29,42.86,71.43,0.139,0.05,0.22,14.29,0,0.0,C
4337.0,平　本　　真　之,4,4,0.0,0.0,50.0,50.0,0.122,0.1,0.16,0.0,0,0.0,参考
4769.0,馬　場　　　　剛,1,20,55.0,30.0,5.0,90.0,0.085,0.01,0.17,70.0,0,0.0,A
4388.0,是　澤　　孝　宏,5,4,0.0,25.0,50.0,75.0,0.15,0.05,0.31,0.0,0,0.0,参考
4933.0,板　橋　　侑　我,2,5,0.0,0.0,80.0,80.0,0.114,0.08,0.15,20.0,0,0.0,C
4816.0,村　松　　修　二,3,6,0.0,16.67,0.0,16.67,0.138,0.04,0.21,0.0,0,0.0,C
4155.0,長　野　　壮志郎,4,7,28.57,14.29,14.29,57.14,0.15,0.08,0.19,14.29,0,0.0,C
4715.0,村　上　　　　遼,1,5,0.0,40.0,20.0,60.0,0.136,0.08,0.22,60.0,0,0.0,C
4371.0,西　山　　貴　浩,3,4,0.0,50.0,25.0,75.0,0.125,0.08,0.19,0.0,0,0.0,参考
4502.0,遠　藤　　エ　ミ,1,3,33.33,33.33,33.33,100.0,0.077,0.06,0.09,0.0,0,0.0,参考
4337.0,平　本　　真　之,5,3,33.33,0.0,0.0,33.33,0.1,0.05,0.14,0.0,0,0.0,参考
4772.0,石　丸　　海　渡,4,4,50.0,0.0,0.0,50.0,0.115,0.04,0.17,25.0,0,0.0,参考
4828.0,松　山　　将　吾,1,6,16.67,0.0,16.67,33.33,0.15,0.01,0.26,16.67,0,0.0,C
4933.0,板　橋　　侑　我,4,6,33.33,0.0,50.0,83.33,0.108,0.03,0.16,50.0,0,0.0,C
4155.0,長　野　　壮志郎,2,9,33.33,44.44,0.0,77.78,0.111,0.08,0.16,44.44,0,0.0,C
4371.0,西　山　　貴　浩,2,3,0.0,66.67,33.33,100.0,0.117,0.09,0.17,33.33,0,0.0,参考
4715.0,村　上　　　　遼,3,6,16.67,16.67,16.67,50.0,0.12,0.06,0.17,0.0,0,0.0,C
4388.0,是　澤　　孝　宏,4,3,0.0,33.33,0.0,33.33,0.103,0.08,0.14,0.0,0,0.0,参考
4816.0,村　松　　修　二,5,5,20.0,20.0,0.0,40.0,0.134,0.04,0.18,20.0,0,0.0,C
4337.0,平　本　　真　之,1,6,66.67,16.67,0.0,83.33,0.122,0.08,0.16,16.67,0,0.0,C
3562.0,山　下　　和　彦,2,3,0.0,33.33,66.67,100.0,0.193,0.14,0.29,33.33,0,0.0,参考
3719.0,辻　　　　栄　蔵,3,8,0.0,25.0,37.5,62.5,0.131,0.06,0.19,0.0,0,0.0,C
4816.0,村　松　　修　二,4,3,0.0,0.0,0.0,0.0,0.077,0.03,0.13,66.67,0,0.0,参考
3562.0,山　下　　和　彦,5,4,0.0,25.0,0.0,25.0,0.095,0.05,0.13,50.0,0,0.0,参考
4388.0,是　澤　　孝　宏,2,4,25.0,25.0,0.0,50.0,0.128,0.06,0.16,0.0,0,0.0,参考
4715.0,村　上　　　　遼,4,5,20.0,20.0,0.0,40.0,0.088,0.03,0.2,80.0,0,0.0,C
4828.0,松　山　　将　吾,6,5,0.0,20.0,20.0,40.0,0.142,0.04,0.21,20.0,0,0.0,C
3719.0,辻　　　　栄　蔵,5,7,42.86,28.57,28.57,100.0,0.094,0.06,0.14,42.86,0,0.0,C
4155.0,長　野　　壮志郎,1,9,66.67,11.11,0.0,77.78,0.12,0.06,0.21,33.33,0,0.0,C
3562.0,山　下　　和　彦,3,5,0.0,40.0,20.0,60.0,0.124,0.08,0.22,20.0,0,0.0,C
4828.0,松　山　　将　吾,4,4,50.0,0.0,0.0,50.0,0.062,0.01,0.12,25.0,0,0.0,参考
4371.0,西　山　　貴　浩,6,5,0.0,0.0,40.0,40.0,0.206,0.08,0.43,0.0,0,0.0,C
4719.0,上　條　　暢　嵩,1,3,66.67,33.33,0.0,100.0,0.113,0.07,0.14,33.33,0,0.0,参考
3719.0,辻　　　　栄　蔵,1,10,40.0,40.0,10.0,90.0,0.111,0.03,0.16,20.0,0,0.0,B
4772.0,石　丸　　海　渡,3,3,33.33,0.0,0.0,33.33,0.1,0.08,0.11,33.33,0,0.0,参考
4933.0,板　橋　　侑　我,5,6,16.67,16.67,33.33,66.67,0.088,0.06,0.13,16.67,0,0.0,C
4337.0,平　本　　真　之,3,4,75.0,25.0,0.0,100.0,0.117,0.08,0.16,25.0,0,0.0,参考
4715.0,村　上　　　　遼,5,6,16.67,0.0,0.0,16.67,0.093,0.05,0.13,33.33,0,0.0,C
4337.0,平　本　　真　之,2,4,25.0,0.0,25.0,50.0,0.122,0.08,0.16,0.0,0,0.0,参考
4155.0,長　野　　壮志郎,5,7,14.29,28.57,0.0,42.86,0.133,0.07,0.19,28.57,0,0.0,C
4828.0,松　山　　将　吾,5,6,16.67,0.0,16.67,33.33,0.087,0.06,0.11,16.67,0,0.0,C
4804.0,高　田　　ひかる,2,3,66.67,0.0,0.0,66.67,0.173,0.11,0.21,33.33,0,0.0,参考
4371.0,西　山　　貴　浩,4,4,50.0,0.0,0.0,50.0,0.13,0.09,0.18,0.0,0,0.0,参考
4816.0,村　松　　修　二,1,6,66.67,33.33,0.0,100.0,0.132,0.07,0.19,16.67,0,0.0,C
4933.0,板　橋　　侑　我,1,5,40.0,40.0,0.0,80.0,0.132,0.08,0.16,60.0,0,0.0,C
4337.0,平　本　　真　之,6,4,25.0,50.0,0.0,75.0,0.1,0.02,0.17,25.0,0,0.0,参考
3719.0,辻　　　　栄　蔵,2,9,22.22,33.33,22.22,77.78,0.143,0.09,0.18,11.11,0,0.0,C
4715.0,村　上　　　　遼,2,6,16.67,0.0,16.67,33.33,0.12,0.08,0.17,33.33,0,0.0,C
4816.0,村　松　　修　二,2,6,0.0,16.67,66.67,83.33,0.11,0.06,0.16,16.67,0,0.0,C
4388.0,是　澤　　孝　宏,6,6,0.0,16.67,16.67,33.33,0.148,0.09,0.2,16.67,0,0.0,C
4371.0,西　山　　貴　浩,1,5,60.0,40.0,0.0,100.0,0.15,0.07,0.23,40.0,0,0.0,C
4772.0,石　丸　　海　渡,2,3,0.0,33.33,33.33,66.67,0.187,0.15,0.25,66.67,0,0.0,参考
4828.0,松　山　　将　吾,3,5,0.0,20.0,20.0,40.0,0.106,0.04,0.22,20.0,0,0.0,C
3562.0,山　下　　和　彦,1,3,66.67,33.33,0.0,100.0,0.127,0.07,0.17,33.33,0,0.0,参考
4804.0,高　田　　ひかる,3,4,25.0,25.0,0.0,50.0,0.168,0.11,0.25,0.0,0,0.0,参考
4933.0,板　橋　　侑　我,3,7,0.0,42.86,28.57,71.43,0.084,0.03,0.12,57.14,0,0.0,C
4772.0,石　丸　　海　渡,5,3,0.0,0.0,33.33,33.33,0.133,0.11,0.16,33.33,0,0.0,参考
4388.0,是　澤　　孝　宏,3,3,33.33,33.33,0.0,66.67,0.187,0.1,0.28,33.33,0,0.0,参考
4155.0,長　野　　壮志郎,3,8,25.0,12.5,25.0,62.5,0.134,0.01,0.21,12.5,0,0.0,C
3562.0,山　下　　和　彦,6,3,33.33,0.0,66.67,100.0,0.137,0.12,0.15,0.0,0,0.0,参考
4916.0,中　村　　聡　志,2,3,0.0,0.0,0.0,0.0,0.153,0.08,0.25,33.33,0,0.0,参考
4847.0,佐　藤　　隆太郎,3,21,33.33,19.05,23.81,76.19,0.138,0.05,0.27,14.29,0,0.0,A
5288.0,尾　道　　佳　諭,6,14,0.0,0.0,0.0,0.0,0.201,0.08,0.37,14.29,0,0.0,B
4992.0,廣　瀬　　篤　哉,4,5,40.0,0.0,0.0,40.0,0.106,0.05,0.16,40.0,0,0.0,C
4197.0,渥　美　　卓　郎,5,5,20.0,0.0,20.0,40.0,0.168,0.11,0.27,20.0,0,0.0,C
3536.0,一　色　　雅　昭,2,6,0.0,0.0,33.33,33.33,0.198,0.14,0.27,16.67,0,0.0,C
4875.0,大　塚　　康　雅,3,8,0.0,25.0,0.0,25.0,0.175,0.03,0.32,12.5,0,0.0,C
5185.0,加　藤　　優　弥,5,4,0.0,0.0,25.0,25.0,0.193,0.16,0.21,25.0,0,0.0,参考
4058.0,野　末　　智　一,1,4,25.0,50.0,25.0,100.0,0.128,0.08,0.16,25.0,0,0.0,参考
4427.0,秦　　　　英　悟,4,7,14.29,14.29,42.86,71.43,0.169,0.11,0.3,0.0,0,0.0,C
4916.0,中　村　　聡　志,5,3,0.0,33.33,0.0,33.33,0.077,0.05,0.09,66.67,0,0.0,参考
5090.0,生　方　　靖　亜,3,6,50.0,16.67,16.67,83.33,0.128,0.07,0.22,50.0,0,0.0,C
4992.0,廣　瀬　　篤　哉,5,6,0.0,0.0,0.0,0.0,0.145,0.11,0.18,0.0,0,0.0,C
4875.0,大　塚　　康　雅,1,13,15.38,38.46,7.69,61.54,0.172,0.12,0.31,23.08,0,0.0,B
5216.0,長谷川　　晴　哉,2,6,33.33,0.0,50.0,83.33,0.182,0.13,0.26,33.33,0,0.0,C
4197.0,渥　美　　卓　郎,4,6,16.67,0.0,16.67,33.33,0.17,0.08,0.26,16.67,0,0.0,C
4798.0,浜　先　　真　範,6,7,0.0,0.0,57.14,57.14,0.159,0.06,0.25,14.29,0,0.0,C
4877.0,鈴　谷　　一　平,1,6,33.33,0.0,16.67,50.0,0.188,0.17,0.23,16.67,0,0.0,C
4930.0,佐　藤　　　　悠,4,3,0.0,0.0,33.33,33.33,0.18,0.16,0.19,33.33,0,0.0,参考
4427.0,秦　　　　英　悟,1,7,85.71,14.29,0.0,100.0,0.116,0.06,0.16,57.14,0,0.0,C
4058.0,野　末　　智　一,4,4,25.0,25.0,25.0,75.0,0.145,0.08,0.21,0.0,0,0.0,参考
3912.0,川　原　　正　明,6,3,0.0,0.0,0.0,0.0,0.17,0.13,0.2,0.0,0,0.0,参考
4686.0,丸　野　　一　樹,1,3,0.0,33.33,33.33,66.67,0.18,0.15,0.23,0.0,0,0.0,参考
3536.0,一　色　　雅　昭,1,6,33.33,16.67,0.0,50.0,0.17,0.08,0.27,16.67,0,0.0,C
5288.0,尾　道　　佳　諭,5,13,0.0,7.69,15.38,23.08,0.138,0.01,0.27,30.77,0,0.0,B
5185.0,加　藤　　優　弥,3,5,0.0,0.0,20.0,20.0,0.148,0.1,0.22,20.0,0,0.0,C
4058.0,野　末　　智　一,2,5,40.0,40.0,0.0,80.0,0.174,0.06,0.27,0.0,0,0.0,C
3912.0,川　原　　正　明,3,4,25.0,0.0,25.0,50.0,0.09,0.07,0.12,25.0,0,0.0,参考
4916.0,中　村　　聡　志,4,4,0.0,50.0,0.0,50.0,0.052,0.01,0.13,75.0,0,0.0,参考
4992.0,廣　瀬　　篤　哉,3,7,14.29,14.29,28.57,57.14,0.116,0.08,0.15,28.57,0,0.0,C
5090.0,生　方　　靖　亜,6,7,0.0,0.0,0.0,0.0,0.173,0.13,0.24,0.0,0,0.0,C
4197.0,渥　美　　卓　郎,1,4,25.0,0.0,0.0,25.0,0.202,0.04,0.38,0.0,0,0.0,参考
4930.0,佐　藤　　　　悠,3,4,0.0,50.0,25.0,75.0,0.102,0.09,0.12,25.0,0,0.0,参考
4877.0,鈴　谷　　一　平,4,8,62.5,25.0,0.0,87.5,0.134,0.09,0.21,37.5,0,0.0,C
4798.0,浜　先　　真　範,2,11,27.27,36.36,18.18,81.82,0.121,0.04,0.2,18.18,0,0.0,B
3536.0,一　色　　雅　昭,4,4,0.0,25.0,0.0,25.0,0.155,0.1,0.25,0.0,0,0.0,参考
4686.0,丸　野　　一　樹,6,3,0.0,0.0,33.33,33.33,0.163,0.09,0.21,0.0,0,0.0,参考
5185.0,加　藤　　優　弥,2,5,0.0,0.0,0.0,0.0,0.162,0.12,0.21,0.0,0,0.0,C
5216.0,長谷川　　晴　哉,3,10,30.0,0.0,20.0,50.0,0.122,0.07,0.17,30.0,0,0.0,B
4058.0,野　末　　智　一,5,4,0.0,25.0,25.0,50.0,0.168,0.09,0.23,0.0,0,0.0,参考
4427.0,秦　　　　英　悟,6,5,20.0,20.0,0.0,40.0,0.138,0.04,0.25,40.0,0,0.0,C
5090.0,生　方　　靖　亜,2,4,0.0,0.0,0.0,0.0,0.087,0.03,0.13,0.0,0,0.0,参考
4686.0,丸　野　　一　樹,4,4,0.0,25.0,25.0,50.0,0.14,0.12,0.2,0.0,0,0.0,参考
4877.0,鈴　谷　　一　平,6,6,0.0,0.0,16.67,16.67,0.08,0.02,0.14,50.0,0,0.0,C
4798.0,浜　先　　真　範,4,7,14.29,57.14,28.57,100.0,0.149,0.08,0.29,14.29,0,0.0,C
4197.0,渥　美　　卓　郎,2,7,0.0,0.0,28.57,28.57,0.171,0.07,0.25,0.0,0,0.0,C
4798.0,浜　先　　真　範,5,10,10.0,40.0,20.0,70.0,0.143,0.09,0.2,10.0,0,0.0,B
3536.0,一　色　　雅　昭,6,6,0.0,0.0,33.33,33.33,0.258,0.15,0.37,0.0,0,0.0,C
4916.0,中　村　　聡　志,3,4,0.0,25.0,0.0,25.0,0.152,0.03,0.3,25.0,0,0.0,参考
5090.0,生　方　　靖　亜,1,8,50.0,25.0,0.0,75.0,0.113,0.05,0.17,37.5,0,0.0,C
4992.0,廣　瀬　　篤　哉,2,6,0.0,0.0,33.33,33.33,0.142,0.07,0.2,0.0,0,0.0,C
4798.0,浜　先　　真　範,1,9,55.56,33.33,0.0,88.89,0.134,0.05,0.19,33.33,0,0.0,C
4427.0,秦　　　　英　悟,2,5,20.0,20.0,40.0,80.0,0.112,0.03,0.17,20.0,0,0.0,C
4197.0,渥　美　　卓　郎,3,5,0.0,20.0,40.0,60.0,0.148,0.1,0.25,40.0,0,0.0,C
5090.0,生　方　　靖　亜,4,7,14.29,0.0,14.29,28.57,0.151,0.1,0.21,0.0,0,0.0,C
3536.0,一　色　　雅　昭,5,5,0.0,20.0,0.0,20.0,0.144,0.07,0.23,40.0,0,0.0,C
4058.0,野　末　　智　一,6,5,0.0,20.0,20.0,40.0,0.216,0.15,0.29,0.0,0,0.0,C
4877.0,鈴　谷　　一　平,3,6,33.33,0.0,33.33,66.67,0.113,0.04,0.18,66.67,0,0.0,C
4427.0,秦　　　　英　悟,5,5,0.0,20.0,20.0,40.0,0.13,0.09,0.18,20.0,0,0.0,C
4992.0,廣　瀬　　篤　哉,1,4,100.0,0.0,0.0,100.0,0.077,0.01,0.12,50.0,0,0.0,参考
3912.0,川　原　　正　明,4,3,0.0,66.67,0.0,66.67,0.077,0.04,0.14,66.67,0,0.0,参考
5185.0,加　藤　　優　弥,1,4,25.0,0.0,0.0,25.0,0.115,0.07,0.2,50.0,0,0.0,参考
4875.0,大　塚　　康　雅,2,10,0.0,20.0,20.0,40.0,0.176,0.03,0.32,10.0,0,0.0,B
4930.0,佐　藤　　　　悠,2,3,0.0,33.33,33.33,66.67,0.083,0.06,0.13,0.0,0,0.0,参考
4358.0,松　本　　庸　平,4,3,0.0,0.0,33.33,33.33,0.193,0.18,0.21,0.0,0,0.0,参考
3931.0,黒　崎　　竜　也,1,3,66.67,0.0,0.0,66.67,0.15,0.13,0.18,33.33,0,0.0,参考
5197.0,中　野　　仁　照,4,4,25.0,0.0,0.0,25.0,0.087,0.04,0.16,75.0,0,0.0,参考
3305.0,小　野　　信　樹,6,3,0.0,0.0,66.67,66.67,0.127,0.01,0.21,33.33,0,0.0,参考
3482.0,金　子　　猛　志,3,9,0.0,33.33,22.22,55.56,0.138,0.05,0.31,0.0,0,0.0,C
3922.0,菅　沼　　佳　昭,4,4,0.0,0.0,25.0,25.0,0.165,0.1,0.26,25.0,0,0.0,参考
3712.0,淺　香　　文　武,5,4,0.0,0.0,25.0,25.0,0.158,0.04,0.27,0.0,0,0.0,参考
4956.0,齊　藤　　大　将,5,10,0.0,40.0,20.0,60.0,0.171,0.04,0.26,10.0,0,0.0,B
4308.0,河　村　　　　了,6,8,12.5,12.5,25.0,50.0,0.146,0.09,0.22,25.0,0,0.0,C
4084.0,杉　山　　正　樹,5,5,40.0,20.0,0.0,60.0,0.134,0.09,0.18,20.0,0,0.0,C
3712.0,淺　香　　文　武,3,4,0.0,0.0,25.0,25.0,0.117,0.06,0.16,25.0,0,0.0,参考
3482.0,金　子　　猛　志,2,7,0.0,42.86,0.0,42.86,0.176,0.11,0.25,14.29,0,0.0,C
4358.0,松　本　　庸　平,6,5,0.0,0.0,20.0,20.0,0.218,0.13,0.32,0.0,0,0.0,C
4633.0,森　　　　智　也,6,3,0.0,33.33,33.33,66.67,0.22,0.16,0.27,0.0,0,0.0,参考
4084.0,杉　山　　正　樹,1,3,33.33,33.33,0.0,66.67,0.127,0.1,0.18,0.0,0,0.0,参考
4308.0,河　村　　　　了,3,5,0.0,40.0,60.0,100.0,0.164,0.12,0.2,0.0,0,0.0,C
3922.0,菅　沼　　佳　昭,1,3,33.33,0.0,33.33,66.67,0.233,0.17,0.32,0.0,0,0.0,参考
4956.0,齊　藤　　大　将,4,8,0.0,0.0,0.0,0.0,0.151,0.06,0.26,12.5,0,0.0,C
4358.0,松　本　　庸　平,5,3,0.0,0.0,66.67,66.67,0.193,0.11,0.24,0.0,0,0.0,参考
5197.0,中　野　　仁　照,3,4,0.0,25.0,25.0,50.0,0.168,0.07,0.27,25.0,0,0.0,参考
5178.0,成　貞　　琳　平,4,3,0.0,0.0,0.0,0.0,0.23,0.2,0.27,0.0,0,0.0,参考
3712.0,淺　香　　文　武,1,5,40.0,40.0,0.0,80.0,0.164,0.08,0.24,20.0,0,0.0,C
4084.0,杉　山　　正　樹,6,3,33.33,0.0,0.0,33.33,0.16,0.1,0.27,66.67,0,0.0,参考
4633.0,森　　　　智　也,1,4,50.0,25.0,0.0,75.0,0.087,0.02,0.12,75.0,0,0.0,参考
4308.0,河　村　　　　了,2,9,44.44,11.11,22.22,77.78,0.16,0.07,0.22,0.0,0,0.0,C
3519.0,冨　田　　秀　幸,2,8,12.5,12.5,12.5,37.5,0.172,0.03,0.24,0.0,0,0.0,C
4956.0,齊　藤　　大　将,3,9,11.11,11.11,0.0,22.22,0.149,0.09,0.26,0.0,0,0.0,C
3931.0,黒　崎　　竜　也,6,8,12.5,12.5,12.5,37.5,0.155,0.06,0.36,37.5,0,0.0,C
5197.0,中　野　　仁　照,1,4,50.0,25.0,0.0,75.0,0.152,0.1,0.22,25.0,0,0.0,参考
3305.0,小　野　　信　樹,2,4,25.0,0.0,0.0,25.0,0.152,0.11,0.2,0.0,0,0.0,参考
3482.0,金　子　　猛　志,6,6,0.0,0.0,16.67,16.67,0.143,0.07,0.21,0.0,0,0.0,C
4358.0,松　本　　庸　平,2,4,0.0,0.0,0.0,0.0,0.273,0.19,0.31,0.0,0,0.0,参考
4308.0,河　村　　　　了,5,7,14.29,0.0,28.57,42.86,0.184,0.09,0.25,28.57,0,0.0,C
4084.0,杉　山　　正　樹,4,5,20.0,0.0,40.0,60.0,0.152,0.11,0.28,0.0,0,0.0,C
4633.0,森　　　　智　也,4,6,0.0,16.67,33.33,50.0,0.192,0.14,0.29,16.67,0,0.0,C
3922.0,菅　沼　　佳　昭,2,4,0.0,0.0,0.0,0.0,0.212,0.18,0.25,0.0,0,0.0,参考
3305.0,小　野　　信　樹,3,3,0.0,33.33,0.0,33.33,0.2,0.16,0.22,0.0,0,0.0,参考
3931.0,黒　崎　　竜　也,4,4,50.0,25.0,25.0,100.0,0.135,0.05,0.24,75.0,0,0.0,参考
4562.0,阪　本　　勇　介,6,6,0.0,0.0,0.0,0.0,0.155,0.08,0.19,0.0,0,0.0,C
3922.0,菅　沼　　佳　昭,6,3,0.0,0.0,0.0,0.0,0.13,0.11,0.16,0.0,0,0.0,参考
3712.0,淺　香　　文　武,2,4,0.0,25.0,25.0,50.0,0.13,0.09,0.22,25.0,0,0.0,参考
5197.0,中　野　　仁　照,6,6,33.33,0.0,16.67,50.0,0.112,0.03,0.16,50.0,0,0.0,C
3482.0,金　子　　猛　志,1,7,57.14,14.29,0.0,71.43,0.15,0.09,0.25,57.14,0,0.0,C
3305.0,小　野　　信　樹,1,3,66.67,0.0,0.0,66.67,0.157,0.12,0.21,0.0,0,0.0,参考
5178.0,成　貞　　琳　平,3,3,0.0,0.0,33.33,33.33,0.157,0.08,0.23,0.0,0,0.0,参考
4308.0,河　村　　　　了,4,3,33.33,0.0,33.33,66.67,0.17,0.13,0.19,0.0,0,0.0,参考
3922.0,菅　沼　　佳　昭,5,4,0.0,25.0,0.0,25.0,0.165,0.09,0.22,25.0,0,0.0,参考
4084.0,杉　山　　正　樹,2,6,16.67,50.0,0.0,66.67,0.163,0.1,0.23,0.0,0,0.0,C
3931.0,黒　崎　　竜　也,3,4,25.0,25.0,25.0,75.0,0.18,0.13,0.2,25.0,0,0.0,参考
4358.0,松　本　　庸　平,1,3,33.33,0.0,0.0,33.33,0.2,0.13,0.3,0.0,0,0.0,参考
4956.0,齊　藤　　大　将,2,9,0.0,11.11,44.44,55.56,0.157,0.08,0.24,0.0,0,0.0,C
3482.0,金　子　　猛　志,5,6,0.0,0.0,16.67,16.67,0.143,0.09,0.27,0.0,0,0.0,C
4431.0,石　塚　　裕　介,6,4,0.0,0.0,0.0,0.0,0.168,0.14,0.21,0.0,0,0.0,参考
3712.0,淺　香　　文　武,6,5,0.0,20.0,0.0,20.0,0.152,0.12,0.24,0.0,0,0.0,C
4084.0,杉　山　　正　樹,3,4,25.0,0.0,25.0,50.0,0.148,0.08,0.2,0.0,0,0.0,参考
3305.0,小　野　　信　樹,5,3,0.0,0.0,0.0,0.0,0.177,0.13,0.23,0.0,0,0.0,参考
4308.0,河　村　　　　了,1,9,66.67,11.11,22.22,100.0,0.139,0.06,0.22,44.44,0,0.0,C
5197.0,中　野　　仁　照,2,3,0.0,0.0,66.67,66.67,0.22,0.15,0.34,0.0,0,0.0,参考
4633.0,森　　　　智　也,2,7,0.0,14.29,42.86,57.14,0.157,0.1,0.25,0.0,0,0.0,C
3482.0,金　子　　猛　志,4,7,0.0,14.29,0.0,14.29,0.136,0.05,0.18,14.29,0,0.0,C
4956.0,齊　藤　　大　将,1,10,10.0,30.0,10.0,50.0,0.127,0.01,0.26,40.0,0,0.0,B
4633.0,森　　　　智　也,5,6,0.0,16.67,0.0,16.67,0.19,0.14,0.25,16.67,0,0.0,C
5246.0,楠　　　　将太郎,6,7,0.0,0.0,28.57,28.57,0.204,0.06,0.31,0.0,0,0.0,C
4047.0,吉　永　　浩　則,2,4,25.0,0.0,25.0,50.0,0.148,0.09,0.17,0.0,0,0.0,参考
4898.0,菊　地　　敬　介,6,9,0.0,0.0,0.0,0.0,0.202,0.08,0.36,22.22,0,0.0,C
4555.0,富　永　　大　一,1,5,40.0,0.0,40.0,80.0,0.136,0.02,0.19,60.0,0,0.0,C
4229.0,市　川　　美　宏,2,10,20.0,60.0,0.0,80.0,0.169,0.12,0.25,20.0,0,0.0,B
5246.0,楠　　　　将太郎,4,8,37.5,0.0,12.5,50.0,0.109,0.03,0.31,50.0,0,0.0,C
4856.0,豊　田　　健士郎,2,5,20.0,40.0,20.0,80.0,0.126,0.08,0.17,0.0,0,0.0,C
4229.0,市　川　　美　宏,5,9,0.0,11.11,11.11,22.22,0.19,0.09,0.32,0.0,0,0.0,C
4555.0,富　永　　大　一,3,8,12.5,12.5,12.5,37.5,0.155,0.11,0.21,12.5,0,0.0,C
4047.0,吉　永　　浩　則,6,3,0.0,0.0,0.0,0.0,0.203,0.2,0.21,0.0,0,0.0,参考
4856.0,豊　田　　健士郎,6,5,20.0,0.0,40.0,60.0,0.128,0.1,0.16,0.0,0,0.0,C
4898.0,菊　地　　敬　介,2,6,16.67,16.67,16.67,50.0,0.118,0.05,0.2,16.67,0,0.0,C
4555.0,富　永　　大　一,5,4,0.0,50.0,0.0,50.0,0.138,0.11,0.16,0.0,0,0.0,参考
5246.0,楠　　　　将太郎,5,6,16.67,0.0,0.0,16.67,0.147,0.04,0.26,33.33,0,0.0,C
4856.0,豊　田　　健士郎,3,9,0.0,44.44,22.22,66.67,0.113,0.04,0.2,0.0,0,0.0,C
4047.0,吉　永　　浩　則,1,3,33.33,33.33,0.0,66.67,0.133,0.11,0.17,33.33,0,0.0,参考
4229.0,市　川　　美　宏,6,6,0.0,0.0,33.33,33.33,0.208,0.17,0.24,0.0,0,0.0,C
4898.0,菊　地　　敬　介,3,7,14.29,0.0,14.29,28.57,0.153,0.08,0.25,14.29,0,0.0,C
4856.0,豊　田　　健士郎,5,5,0.0,0.0,40.0,40.0,0.172,0.12,0.24,20.0,0,0.0,C
4898.0,菊　地　　敬　介,5,5,0.0,0.0,0.0,0.0,0.136,0.08,0.19,0.0,0,0.0,C
4047.0,吉　永　　浩　則,3,5,20.0,0.0,0.0,20.0,0.148,0.06,0.23,0.0,0,0.0,C
4555.0,富　永　　大　一,2,4,0.0,50.0,25.0,75.0,0.182,0.09,0.23,0.0,0,0.0,参考
3904.0,森　　　　貴　洋,4,7,28.57,0.0,42.86,71.43,0.16,0.06,0.29,28.57,0,0.0,C
4229.0,市　川　　美　宏,1,7,42.86,28.57,28.57,100.0,0.17,0.08,0.32,42.86,0,0.0,C
4555.0,富　永　　大　一,4,7,0.0,0.0,28.57,28.57,0.184,0.13,0.22,0.0,0,0.0,C
4856.0,豊　田　　健士郎,1,7,42.86,14.29,0.0,57.14,0.133,0.08,0.19,0.0,0,0.0,C
4229.0,市　川　　美　宏,3,7,0.0,0.0,14.29,14.29,0.164,0.11,0.24,14.29,0,0.0,C
4047.0,吉　永　　浩　則,4,5,0.0,0.0,0.0,0.0,0.21,0.11,0.35,0.0,0,0.0,C
4229.0,市　川　　美　宏,4,7,0.0,0.0,28.57,28.57,0.197,0.14,0.25,0.0,0,0.0,C
4898.0,菊　地　　敬　介,1,4,50.0,25.0,0.0,75.0,0.08,0.01,0.13,25.0,0,0.0,参考
4047.0,吉　永　　浩　則,5,4,0.0,0.0,25.0,25.0,0.167,0.13,0.21,0.0,0,0.0,参考
4555.0,富　永　　大　一,6,5,0.0,20.0,0.0,20.0,0.226,0.13,0.43,20.0,0,0.0,C
4898.0,菊　地　　敬　介,4,6,33.33,0.0,0.0,33.33,0.135,0.06,0.21,50.0,0,0.0,C
4856.0,豊　田　　健士郎,4,7,14.29,14.29,28.57,57.14,0.141,0.07,0.2,14.29,0,0.0,C
4175.0,川　尻　　泰　輔,1,8,50.0,12.5,12.5,75.0,0.154,0.09,0.24,50.0,0,0.0,C
4580.0,長谷川　　雅　和,3,5,40.0,0.0,20.0,60.0,0.158,0.06,0.22,20.0,0,0.0,C
5292.0,佐　藤　　右　京,6,16,0.0,0.0,0.0,0.0,0.237,0.05,0.44,6.25,0,0.0,B
5010.0,宇留田　　翔　平,5,6,0.0,16.67,0.0,16.67,0.132,0.08,0.17,16.67,0,0.0,C
5257.0,西　丸　　侑太朗,6,4,0.0,0.0,25.0,25.0,0.155,0.11,0.19,0.0,0,0.0,参考
3889.0,須　藤　　隆　雄,1,5,20.0,20.0,20.0,60.0,0.108,0.03,0.23,20.0,0,0.0,C
4452.0,松　尾　　　　祭,2,4,0.0,0.0,50.0,50.0,0.15,0.07,0.21,0.0,0,0.0,参考
5095.0,小　原　　聡　将,3,4,25.0,25.0,0.0,50.0,0.155,0.09,0.2,25.0,0,0.0,参考
4376.0,藤　田　　靖　弘,5,8,37.5,12.5,12.5,62.5,0.131,0.04,0.19,62.5,0,0.0,C
4202.0,浮　田　　圭　浩,6,6,0.0,16.67,33.33,50.0,0.237,0.12,0.37,0.0,0,0.0,C
3637.0,齋　藤　　和　政,1,5,20.0,0.0,20.0,40.0,0.182,0.15,0.23,0.0,0,0.0,C
3596.0,河　上　　年　昭,1,4,50.0,0.0,0.0,50.0,0.118,0.07,0.17,50.0,0,0.0,参考
5032.0,谷　口　　知　優,6,4,0.0,25.0,25.0,50.0,0.25,0.21,0.34,0.0,0,0.0,参考
4148.0,枝　尾　　　　賢,2,5,20.0,20.0,40.0,80.0,0.192,0.13,0.29,0.0,0,0.0,C
4175.0,川　尻　　泰　輔,4,7,0.0,42.86,28.57,71.43,0.144,0.05,0.24,28.57,0,0.0,C
4452.0,松　尾　　　　祭,1,6,83.33,0.0,0.0,83.33,0.11,0.07,0.16,66.67,0,0.0,C
4729.0,佐　藤　　謙史朗,5,3,0.0,0.0,0.0,0.0,0.13,0.11,0.15,33.33,0,0.0,参考
5010.0,宇留田　　翔　平,3,5,0.0,20.0,40.0,60.0,0.154,0.08,0.27,0.0,0,0.0,C
4376.0,藤　田　　靖　弘,1,6,50.0,16.67,16.67,83.33,0.152,0.07,0.25,50.0,0,0.0,C
4580.0,長谷川　　雅　和,2,5,20.0,0.0,0.0,20.0,0.19,0.08,0.39,0.0,0,0.0,C
3889.0,須　藤　　隆　雄,4,5,0.0,0.0,60.0,60.0,0.122,0.1,0.18,40.0,0,0.0,C
3596.0,河　上　　年　昭,5,4,0.0,0.0,0.0,0.0,0.125,0.05,0.19,0.0,0,0.0,参考
4446.0,和　田　　兼　輔,2,6,16.67,16.67,33.33,66.67,0.128,0.09,0.25,33.33,0,0.0,C
4148.0,枝　尾　　　　賢,3,3,33.33,0.0,0.0,33.33,0.12,0.1,0.16,0.0,0,0.0,参考
5292.0,佐　藤　　右　京,5,9,0.0,0.0,0.0,0.0,0.167,0.1,0.23,11.11,0,0.0,C
4852.0,川　原　　祐　明,1,3,33.33,66.67,0.0,100.0,0.16,0.13,0.21,66.67,0,0.0,参考
4202.0,浮　田　　圭　浩,5,5,0.0,0.0,20.0,20.0,0.196,0.13,0.23,0.0,0,0.0,C
3596.0,河　上　　年　昭,2,5,0.0,20.0,0.0,20.0,0.124,0.06,0.21,20.0,0,0.0,C
3637.0,齋　藤　　和　政,4,4,0.0,0.0,0.0,0.0,0.133,0.06,0.2,25.0,0,0.0,参考
5257.0,西　丸　　侑太朗,5,5,0.0,20.0,0.0,20.0,0.18,0.09,0.23,0.0,0,0.0,C
4452.0,松　尾　　　　祭,6,4,0.0,0.0,25.0,25.0,0.19,0.14,0.29,0.0,0,0.0,参考
3825.0,宮　嵜　　隆太郎,4,9,11.11,22.22,0.0,33.33,0.093,0.02,0.16,55.56,0,0.0,C
5010.0,宇留田　　翔　平,1,5,40.0,20.0,20.0,80.0,0.114,0.06,0.15,40.0,0,0.0,C
4729.0,佐　藤　　謙史朗,3,3,0.0,0.0,0.0,0.0,0.157,0.11,0.19,0.0,0,0.0,参考
4580.0,長谷川　　雅　和,4,6,0.0,33.33,0.0,33.33,0.175,0.14,0.2,0.0,0,0.0,C
4148.0,枝　尾　　　　賢,5,4,25.0,25.0,50.0,100.0,0.083,0.07,0.1,50.0,0,0.0,参考
5032.0,谷　口　　知　優,5,4,0.0,0.0,0.0,0.0,0.163,0.03,0.31,25.0,0,0.0,参考
4376.0,藤　田　　靖　弘,2,9,11.11,55.56,0.0,66.67,0.147,0.08,0.28,22.22,0,0.0,C
5257.0,西　丸　　侑太朗,4,5,0.0,20.0,40.0,60.0,0.13,0.08,0.18,20.0,0,0.0,C
4446.0,和　田　　兼　輔,6,3,0.0,0.0,33.33,33.33,0.153,0.12,0.17,0.0,0,0.0,参考
4852.0,川　原　　祐　明,3,4,0.0,50.0,25.0,75.0,0.128,0.11,0.15,50.0,0,0.0,参考
4729.0,佐　藤　　謙史朗,4,4,0.0,0.0,0.0,0.0,0.19,0.09,0.24,25.0,0,0.0,参考
4202.0,浮　田　　圭　浩,2,5,60.0,0.0,20.0,80.0,0.178,0.06,0.28,40.0,0,0.0,C
3889.0,須　藤　　隆　雄,3,6,0.0,16.67,0.0,16.67,0.123,0.07,0.15,16.67,0,0.0,C
4580.0,長谷川　　雅　和,6,4,0.0,0.0,0.0,0.0,0.128,0.07,0.19,25.0,0,0.0,参考
3637.0,齋　藤　　和　政,3,5,0.0,20.0,0.0,20.0,0.126,0.09,0.17,0.0,0,0.0,C
4175.0,川　尻　　泰　輔,6,8,0.0,12.5,12.5,25.0,0.149,0.06,0.21,25.0,0,0.0,C
4148.0,枝　尾　　　　賢,1,13,69.23,7.69,0.0,76.92,0.123,0.06,0.18,46.15,0,0.0,B
5032.0,谷　口　　知　優,2,4,0.0,25.0,75.0,100.0,0.168,0.11,0.22,0.0,0,0.0,参考
4376.0,藤　田　　靖　弘,6,6,0.0,16.67,33.33,50.0,0.19,0.16,0.25,16.67,0,0.0,C
4202.0,浮　田　　圭　浩,3,7,0.0,28.57,14.29,42.86,0.191,0.1,0.32,0.0,0,0.0,C
3596.0,河　上　　年　昭,6,3,0.0,0.0,0.0,0.0,0.163,0.07,0.25,33.33,0,0.0,参考
4446.0,和　田　　兼　輔,1,4,75.0,0.0,0.0,75.0,0.152,0.08,0.25,50.0,0,0.0,参考
3889.0,須　藤　　隆　雄,6,5,0.0,0.0,0.0,0.0,0.138,0.03,0.24,40.0,0,0.0,C
5010.0,宇留田　　翔　平,2,8,0.0,50.0,25.0,75.0,0.14,0.09,0.2,12.5,0,0.0,C
4376.0,藤　田　　靖　弘,3,4,25.0,75.0,0.0,100.0,0.135,0.08,0.21,25.0,0,0.0,参考
4580.0,長谷川　　雅　和,5,5,0.0,20.0,0.0,20.0,0.122,0.05,0.2,0.0,0,0.0,C
4729.0,佐　藤　　謙史朗,1,3,0.0,66.67,0.0,66.67,0.19,0.09,0.32,0.0,0,0.0,参考
3596.0,河　上　　年　昭,4,5,0.0,40.0,0.0,40.0,0.148,0.04,0.2,0.0,0,0.0,C
4175.0,川　尻　　泰　輔,5,7,0.0,0.0,0.0,0.0,0.143,0.05,0.29,0.0,0,0.0,C
4852.0,川　原　　祐　明,2,4,0.0,0.0,50.0,50.0,0.165,0.14,0.19,0.0,0,0.0,参考
4076.0,杉　田　　篤　光,3,12,8.33,50.0,8.33,66.67,0.179,0.12,0.31,8.33,0,0.0,B
3637.0,齋　藤　　和　政,5,5,0.0,0.0,0.0,0.0,0.2,0.13,0.31,0.0,0,0.0,C
3889.0,須　藤　　隆　雄,2,6,33.33,0.0,33.33,66.67,0.14,0.09,0.25,16.67,0,0.0,C
4148.0,枝　尾　　　　賢,6,10,30.0,0.0,30.0,60.0,0.125,0.05,0.2,70.0,0,0.0,B
4202.0,浮　田　　圭　浩,4,6,0.0,0.0,16.67,16.67,0.197,0.11,0.28,0.0,0,0.0,C
4452.0,松　尾　　　　祭,5,5,20.0,40.0,0.0,60.0,0.202,0.16,0.23,20.0,0,0.0,C
5010.0,宇留田　　翔　平,6,5,0.0,0.0,0.0,0.0,0.132,0.08,0.16,40.0,0,0.0,C
4175.0,川　尻　　泰　輔,2,7,14.29,28.57,0.0,42.86,0.139,0.08,0.19,28.57,0,0.0,C
4376.0,藤　田　　靖　弘,4,5,0.0,20.0,0.0,20.0,0.1,0.08,0.12,60.0,0,0.0,C
4446.0,和　田　　兼　輔,5,5,0.0,20.0,60.0,80.0,0.116,0.07,0.18,20.0,0,0.0,C
3637.0,齋　藤　　和　政,2,5,0.0,20.0,60.0,80.0,0.154,0.09,0.26,20.0,0,0.0,C
5010.0,宇留田　　翔　平,4,8,12.5,0.0,25.0,37.5,0.144,0.09,0.19,25.0,0,0.0,C
4729.0,佐　藤　　謙史朗,6,6,16.67,0.0,33.33,50.0,0.135,0.05,0.21,16.67,0,0.0,C
4852.0,川　原　　祐　明,5,4,0.0,25.0,25.0,50.0,0.092,0.07,0.11,25.0,0,0.0,参考
4999.0,沓　名　　貴　輝,6,3,0.0,0.0,0.0,0.0,0.203,0.17,0.24,0.0,0,0.0,参考
5032.0,谷　口　　知　優,1,4,50.0,25.0,25.0,100.0,0.188,0.08,0.25,0.0,0,0.0,参考
4175.0,川　尻　　泰　輔,3,7,0.0,57.14,0.0,57.14,0.144,0.05,0.21,14.29,0,0.0,C
4446.0,和　田　　兼　輔,4,3,66.67,0.0,0.0,66.67,0.127,0.09,0.15,33.33,0,0.0,参考
3889.0,須　藤　　隆　雄,5,6,0.0,0.0,0.0,0.0,0.148,0.02,0.31,16.67,0,0.0,C
4729.0,佐　藤　　謙史朗,2,3,0.0,0.0,0.0,0.0,0.173,0.16,0.19,0.0,0,0.0,参考
4148.0,枝　尾　　　　賢,4,5,80.0,0.0,0.0,80.0,0.102,0.09,0.12,20.0,0,0.0,C
4202.0,浮　田　　圭　浩,1,3,100.0,0.0,0.0,100.0,0.137,0.1,0.17,0.0,0,0.0,参考
4580.0,長谷川　　雅　和,1,4,75.0,25.0,0.0,100.0,0.135,0.06,0.22,50.0,0,0.0,参考
3596.0,河　上　　年　昭,3,4,0.0,0.0,25.0,25.0,0.145,0.09,0.19,25.0,0,0.0,参考
3637.0,齋　藤　　和　政,6,5,0.0,0.0,40.0,40.0,0.132,0.06,0.19,20.0,0,0.0,C
4656.0,大　崎　　　　翔,6,5,0.0,0.0,40.0,40.0,0.11,0.07,0.15,20.0,0,0.0,C
4551.0,三　川　　昂　暁,4,3,0.0,0.0,0.0,0.0,0.13,0.1,0.17,0.0,0,0.0,参考
4261.0,岡　　　　祐　臣,6,10,10.0,20.0,10.0,40.0,0.138,0.07,0.22,30.0,0,0.0,B
4472.0,尾　嶋　　一　広,2,5,60.0,20.0,20.0,100.0,0.138,0.03,0.19,20.0,0,0.0,C
4821.0,妻　鳥　　晋　也,3,3,0.0,33.33,0.0,33.33,0.15,0.1,0.22,0.0,0,0.0,参考
4684.0,楠　原　　翔　太,4,6,16.67,0.0,16.67,33.33,0.12,0.02,0.19,33.33,0,0.0,C
4193.0,郷　原　　章　平,4,5,20.0,40.0,20.0,80.0,0.142,0.1,0.2,40.0,0,0.0,C
4788.0,小　池　　哲　也,5,9,22.22,0.0,33.33,55.56,0.166,0.09,0.29,22.22,0,0.0,C
4880.0,澤　崎　　雄　哉,1,5,40.0,40.0,20.0,100.0,0.144,0.09,0.25,20.0,0,0.0,C
4684.0,楠　原　　翔　太,1,6,33.33,16.67,0.0,50.0,0.155,0.05,0.22,16.67,0,0.0,C
4214.0,林　　　　祐　介,6,7,14.29,0.0,14.29,28.57,0.151,0.09,0.23,28.57,0,0.0,C
4193.0,郷　原　　章　平,2,6,66.67,33.33,0.0,100.0,0.155,0.11,0.21,16.67,0,0.0,C
4551.0,三　川　　昂　暁,2,8,12.5,37.5,12.5,62.5,0.14,0.09,0.19,25.0,0,0.0,C
4261.0,岡　　　　祐　臣,3,8,25.0,12.5,25.0,62.5,0.139,0.11,0.24,25.0,0,0.0,C
4472.0,尾　嶋　　一　広,6,5,0.0,40.0,20.0,60.0,0.108,0.08,0.15,40.0,0,0.0,C
4821.0,妻　鳥　　晋　也,4,4,0.0,25.0,25.0,50.0,0.13,0.02,0.21,25.0,0,0.0,参考
4656.0,大　崎　　　　翔,5,6,0.0,0.0,0.0,0.0,0.15,0.05,0.32,0.0,0,0.0,C
4472.0,尾　嶋　　一　広,1,7,71.43,14.29,0.0,85.71,0.179,0.14,0.23,28.57,0,0.0,C
4156.0,浜　野　　孝　志,3,6,16.67,16.67,16.67,50.0,0.178,0.11,0.27,0.0,0,0.0,C
4788.0,小　池　　哲　也,6,6,0.0,0.0,0.0,0.0,0.12,0.08,0.13,50.0,0,0.0,C
4261.0,岡　　　　祐　臣,4,8,25.0,12.5,25.0,62.5,0.122,0.05,0.18,25.0,0,0.0,C
4551.0,三　川　　昂　暁,5,7,0.0,14.29,28.57,42.86,0.191,0.12,0.38,0.0,0,0.0,C
4261.0,岡　　　　祐　臣,1,9,44.44,33.33,11.11,88.89,0.128,0.01,0.27,33.33,0,0.0,C
4684.0,楠　原　　翔　太,5,6,0.0,0.0,16.67,16.67,0.155,0.07,0.22,50.0,0,0.0,C
4839.0,四　宮　　与　寛,2,3,0.0,66.67,33.33,100.0,0.137,0.07,0.23,0.0,0,0.0,参考
4880.0,澤　崎　　雄　哉,4,7,14.29,14.29,28.57,57.14,0.133,0.09,0.2,42.86,0,0.0,C
4472.0,尾　嶋　　一　広,5,4,0.0,25.0,25.0,50.0,0.103,0.06,0.14,25.0,0,0.0,参考
4193.0,郷　原　　章　平,6,3,33.33,33.33,33.33,100.0,0.193,0.13,0.27,0.0,0,0.0,参考
4214.0,林　　　　祐　介,2,8,12.5,37.5,12.5,62.5,0.164,0.1,0.22,0.0,0,0.0,C
4788.0,小　池　　哲　也,3,6,16.67,50.0,0.0,66.67,0.155,0.07,0.21,33.33,0,0.0,C
4788.0,小　池　　哲　也,2,9,0.0,22.22,33.33,55.56,0.136,0.05,0.2,11.11,0,0.0,C
4193.0,郷　原　　章　平,5,6,0.0,16.67,0.0,16.67,0.15,0.11,0.2,0.0,0,0.0,C
4656.0,大　崎　　　　翔,1,3,33.33,0.0,33.33,66.67,0.11,0.08,0.14,66.67,0,0.0,参考
4292.0,麻　生　　慎　介,2,4,50.0,25.0,0.0,75.0,0.185,0.14,0.23,0.0,0,0.0,参考
4836.0,大　谷　　健　太,1,5,40.0,40.0,0.0,80.0,0.132,0.09,0.18,20.0,0,0.0,C
4551.0,三　川　　昂　暁,6,8,0.0,0.0,37.5,37.5,0.15,0.06,0.22,12.5,0,0.0,C
4821.0,妻　鳥　　晋　也,2,5,0.0,20.0,0.0,20.0,0.192,0.12,0.35,0.0,0,0.0,C
4472.0,尾　嶋　　一　広,3,6,16.67,16.67,33.33,66.67,0.142,0.07,0.2,33.33,0,0.0,C
4788.0,小　池　　哲　也,4,6,0.0,50.0,16.67,66.67,0.14,0.05,0.28,0.0,0,0.0,C
4684.0,楠　原　　翔　太,6,6,0.0,0.0,16.67,16.67,0.165,0.11,0.24,0.0,0,0.0,C
4656.0,大　崎　　　　翔,2,4,0.0,0.0,0.0,0.0,0.172,0.15,0.2,0.0,0,0.0,参考
4880.0,澤　崎　　雄　哉,3,10,30.0,30.0,0.0,60.0,0.152,0.08,0.23,20.0,0,0.0,B
3852.0,澤　　　　大　介,5,3,0.0,0.0,0.0,0.0,0.14,0.12,0.17,0.0,0,0.0,参考
4193.0,郷　原　　章　平,1,5,40.0,40.0,0.0,80.0,0.136,0.05,0.19,20.0,0,0.0,C
4821.0,妻　鳥　　晋　也,5,5,20.0,0.0,20.0,40.0,0.162,0.11,0.22,20.0,0,0.0,C
4214.0,林　　　　祐　介,4,7,0.0,42.86,28.57,71.43,0.14,0.07,0.23,0.0,0,0.0,C
4684.0,楠　原　　翔　太,2,6,16.67,16.67,16.67,50.0,0.158,0.03,0.33,16.67,0,0.0,C
4551.0,三　川　　昂　暁,3,7,14.29,14.29,14.29,42.86,0.123,0.05,0.17,28.57,0,0.0,C
4292.0,麻　生　　慎　介,5,4,0.0,0.0,50.0,50.0,0.088,0.01,0.16,75.0,0,0.0,参考
4656.0,大　崎　　　　翔,4,4,25.0,0.0,25.0,50.0,0.155,0.1,0.19,50.0,0,0.0,参考
4551.0,三　川　　昂　暁,1,8,37.5,37.5,0.0,75.0,0.106,0.01,0.25,62.5,0,0.0,C
4839.0,四　宮　　与　寛,5,3,0.0,33.33,33.33,66.67,0.11,0.08,0.15,0.0,0,0.0,参考
4788.0,小　池　　哲　也,1,5,40.0,40.0,20.0,100.0,0.132,0.04,0.18,20.0,0,0.0,C
4880.0,澤　崎　　雄　哉,2,4,0.0,50.0,0.0,50.0,0.152,0.12,0.19,25.0,0,0.0,参考
4472.0,尾　嶋　　一　広,4,5,20.0,40.0,0.0,60.0,0.112,0.07,0.18,40.0,0,0.0,C
5216.0,長谷川　　晴　哉,1,4,50.0,25.0,0.0,75.0,0.198,0.15,0.25,25.0,0,0.0,参考
4895.0,門　間　　雄　大,2,12,8.33,33.33,16.67,58.33,0.145,0.07,0.22,25.0,0,0.0,B
5100.0,栗　原　　一　馬,5,7,0.0,14.29,14.29,28.57,0.161,0.09,0.28,0.0,0,0.0,C
5269.0,山　口　　晃　朋,6,6,0.0,0.0,16.67,16.67,0.102,0.05,0.17,50.0,0,0.0,C
4486.0,野　村　　　　誠,4,8,50.0,12.5,25.0,87.5,0.173,0.05,0.34,25.0,0,0.0,C
5234.0,塚　越　　海　斗,6,4,0.0,25.0,25.0,50.0,0.198,0.13,0.31,25.0,0,0.0,参考
4215.0,吉　島　　祥　之,2,4,0.0,0.0,50.0,50.0,0.113,0.09,0.14,0.0,0,0.0,参考
5100.0,栗　原　　一　馬,3,6,16.67,16.67,0.0,33.33,0.19,0.11,0.27,0.0,0,0.0,C
4866.0,橋　本　　英　一,6,5,0.0,20.0,20.0,40.0,0.16,0.12,0.21,0.0,0,0.0,C
4887.0,富　澤　　祐　作,6,11,0.0,0.0,9.09,9.09,0.162,0.09,0.31,18.18,0,0.0,B
4486.0,野　村　　　　誠,2,6,33.33,16.67,0.0,50.0,0.15,0.07,0.21,33.33,0,0.0,C
4895.0,門　間　　雄　大,4,13,0.0,23.08,15.38,38.46,0.125,0.05,0.25,23.08,0,0.0,B
4215.0,吉　島　　祥　之,6,4,25.0,0.0,0.0,25.0,0.15,0.11,0.23,0.0,0,0.0,参考
5269.0,山　口　　晃　朋,5,8,12.5,50.0,25.0,87.5,0.119,0.09,0.17,37.5,0,0.0,C
5074.0,大　澤　　誠　也,1,3,33.33,0.0,0.0,33.33,0.09,0.05,0.12,33.33,0,0.0,参考
4866.0,橋　本　　英　一,3,8,0.0,12.5,25.0,37.5,0.171,0.03,0.35,12.5,0,0.0,C
5234.0,塚　越　　海　斗,5,8,0.0,12.5,25.0,37.5,0.136,0.04,0.21,25.0,0,0.0,C
4895.0,門　間　　雄　大,1,14,42.86,0.0,42.86,85.71,0.101,0.03,0.17,42.86,0,0.0,B
4486.0,野　村　　　　誠,3,6,16.67,16.67,0.0,33.33,0.15,0.06,0.23,33.33,0,0.0,C
5100.0,栗　原　　一　馬,1,6,0.0,0.0,33.33,33.33,0.148,0.1,0.26,33.33,0,0.0,C
5269.0,山　口　　晃　朋,4,7,14.29,0.0,0.0,14.29,0.19,0.1,0.34,28.57,0,0.0,C
4215.0,吉　島　　祥　之,3,3,0.0,33.33,66.67,100.0,0.147,0.06,0.19,33.33,0,0.0,参考
4866.0,橋　本　　英　一,4,6,0.0,50.0,0.0,50.0,0.22,0.16,0.37,0.0,0,0.0,C
4887.0,富　澤　　祐　作,1,10,70.0,0.0,10.0,80.0,0.145,0.03,0.3,40.0,0,0.0,B
5234.0,塚　越　　海　斗,4,5,60.0,0.0,20.0,80.0,0.208,0.1,0.35,20.0,0,0.0,C
4895.0,門　間　　雄　大,5,11,9.09,18.18,36.36,63.64,0.128,0.03,0.21,27.27,0,0.0,B
4486.0,野　村　　　　誠,1,6,66.67,16.67,0.0,83.33,0.172,0.07,0.3,33.33,0,0.0,C
5074.0,大　澤　　誠　也,2,4,0.0,25.0,0.0,25.0,0.155,0.11,0.24,0.0,0,0.0,参考
4215.0,吉　島　　祥　之,5,4,0.0,0.0,75.0,75.0,0.265,0.12,0.39,25.0,0,0.0,参考
4887.0,富　澤　　祐　作,5,9,0.0,22.22,33.33,55.56,0.1,0.01,0.18,55.56,0,0.0,C
4887.0,富　澤　　祐　作,3,9,0.0,33.33,22.22,55.56,0.182,0.1,0.25,22.22,0,0.0,C
5100.0,栗　原　　一　馬,2,7,14.29,0.0,0.0,14.29,0.166,0.07,0.28,28.57,0,0.0,C
4866.0,橋　本　　英　一,5,7,28.57,28.57,0.0,57.14,0.109,0.07,0.15,42.86,0,0.0,C
4486.0,野　村　　　　誠,6,12,0.0,16.67,41.67,58.33,0.183,0.04,0.46,16.67,0,0.0,B
4215.0,吉　島　　祥　之,1,4,75.0,0.0,0.0,75.0,0.125,0.07,0.21,25.0,0,0.0,参考
5074.0,大　澤　　誠　也,3,3,0.0,33.33,0.0,33.33,0.167,0.09,0.21,0.0,0,0.0,参考
4866.0,橋　本　　英　一,2,7,28.57,28.57,14.29,71.43,0.13,0.03,0.21,28.57,0,0.0,C
5100.0,栗　原　　一　馬,4,7,0.0,28.57,14.29,42.86,0.166,0.11,0.31,42.86,0,0.0,C
4887.0,富　澤　　祐　作,2,9,22.22,33.33,44.44,100.0,0.13,0.06,0.25,22.22,0,0.0,C
4895.0,門　間　　雄　大,3,12,8.33,0.0,33.33,41.67,0.129,0.03,0.25,16.67,0,0.0,B
4486.0,野　村　　　　誠,5,4,25.0,25.0,25.0,75.0,0.115,0.03,0.16,25.0,0,0.0,参考
4866.0,橋　本　　英　一,1,4,50.0,0.0,25.0,75.0,0.128,0.01,0.23,25.0,0,0.0,参考
5100.0,栗　原　　一　馬,6,9,11.11,0.0,22.22,33.33,0.212,0.09,0.42,11.11,0,0.0,C
4798.0,浜　先　　真　範,3,6,33.33,16.67,16.67,66.67,0.113,0.05,0.18,16.67,0,0.0,C
5216.0,長谷川　　晴　哉,6,3,0.0,0.0,33.33,33.33,0.147,0.11,0.19,33.33,0,0.0,参考
5074.0,大　澤　　誠　也,5,5,0.0,0.0,20.0,20.0,0.124,0.06,0.17,40.0,0,0.0,C
4895.0,門　間　　雄　大,6,10,20.0,0.0,20.0,40.0,0.147,0.03,0.26,40.0,0,0.0,B
4887.0,富　澤　　祐　作,4,7,14.29,28.57,14.29,57.14,0.129,0.09,0.19,28.57,0,0.0,C
5242.0,高　山　　弘　斗,4,8,0.0,12.5,0.0,12.5,0.165,0.11,0.24,12.5,0,0.0,C
4995.0,田　邉　　亮　蔵,6,13,0.0,7.69,23.08,30.77,0.198,0.11,0.33,7.69,0,0.0,B
5035.0,櫻　井　　　　優,5,10,20.0,20.0,0.0,40.0,0.156,0.09,0.29,20.0,0,0.0,B
4401.0,小　林　　　　泰,4,10,20.0,10.0,20.0,50.0,0.146,0.06,0.24,10.0,0,0.0,B
4995.0,田　邉　　亮　蔵,3,12,0.0,25.0,33.33,58.33,0.183,0.11,0.27,8.33,0,0.0,B
4401.0,小　林　　　　泰,6,10,0.0,10.0,20.0,30.0,0.169,0.09,0.25,0.0,0,0.0,B
5035.0,櫻　井　　　　優,2,8,12.5,25.0,0.0,37.5,0.189,0.12,0.24,0.0,0,0.0,C
5242.0,高　山　　弘　斗,5,6,0.0,0.0,0.0,0.0,0.212,0.11,0.32,0.0,0,0.0,C
4995.0,田　邉　　亮　蔵,1,15,33.33,13.33,6.67,53.33,0.147,0.02,0.27,33.33,0,0.0,B
4401.0,小　林　　　　泰,2,9,11.11,33.33,22.22,66.67,0.136,0.06,0.19,0.0,0,0.0,C
5035.0,櫻　井　　　　優,4,10,0.0,10.0,30.0,40.0,0.161,0.04,0.26,0.0,0,0.0,B
4401.0,小　林　　　　泰,3,9,33.33,11.11,11.11,55.56,0.134,0.07,0.22,22.22,0,0.0,C
5035.0,櫻　井　　　　優,1,7,42.86,14.29,14.29,71.43,0.16,0.07,0.25,14.29,0,0.0,C
4401.0,小　林　　　　泰,1,14,64.29,7.14,7.14,78.57,0.124,0.06,0.24,28.57,0,0.0,B
4995.0,田　邉　　亮　蔵,4,11,0.0,36.36,18.18,54.55,0.162,0.09,0.25,18.18,0,0.0,B
4401.0,小　林　　　　泰,5,6,0.0,33.33,0.0,33.33,0.167,0.06,0.35,0.0,0,0.0,C
4995.0,田　邉　　亮　蔵,2,10,10.0,20.0,20.0,50.0,0.179,0.12,0.24,10.0,0,0.0,B
4883.0,岡　部　　大　輝,4,8,12.5,25.0,25.0,62.5,0.124,0.05,0.22,12.5,0,0.0,C
5035.0,櫻　井　　　　優,3,7,14.29,14.29,14.29,42.86,0.19,0.12,0.29,0.0,0,0.0,C
4995.0,田　邉　　亮　蔵,5,6,16.67,16.67,0.0,33.33,0.155,0.03,0.25,16.67,0,0.0,C
4883.0,岡　部　　大　輝,1,7,57.14,14.29,14.29,85.71,0.151,0.08,0.23,28.57,0,0.0,C
5242.0,高　山　　弘　斗,6,4,0.0,25.0,0.0,25.0,0.228,0.14,0.31,25.0,0,0.0,参考
5035.0,櫻　井　　　　優,6,9,0.0,11.11,11.11,22.22,0.178,0.1,0.26,11.11,0,0.0,C
5248.0,本　田　　　　愛,6,4,0.0,0.0,25.0,25.0,0.118,0.06,0.17,0.0,0,0.0,参考
4097.0,貫地谷　　直　人,6,5,0.0,0.0,40.0,40.0,0.232,0.12,0.34,0.0,0,0.0,C
5174.0,川　井　　　　萌,3,5,40.0,0.0,40.0,80.0,0.108,0.05,0.17,60.0,0,0.0,C
4272.0,大　場　　広　孝,5,5,0.0,20.0,20.0,40.0,0.126,0.06,0.26,20.0,0,0.0,C
4311.0,岡　村　　　　仁,6,3,0.0,0.0,66.67,66.67,0.143,0.07,0.23,33.33,0,0.0,参考
4886.0,入　海　　　　馨,6,5,0.0,0.0,20.0,20.0,0.132,0.02,0.24,40.0,0,0.0,C
5174.0,川　井　　　　萌,2,3,0.0,100.0,0.0,100.0,0.113,0.07,0.15,33.33,0,0.0,参考
5140.0,吉　田　　彩　乃,5,4,0.0,0.0,0.0,0.0,0.233,0.12,0.32,0.0,0,0.0,参考
4311.0,岡　村　　　　仁,3,4,0.0,75.0,0.0,75.0,0.168,0.08,0.24,50.0,0,0.0,参考
5248.0,本　田　　　　愛,4,4,0.0,25.0,25.0,50.0,0.215,0.08,0.43,0.0,0,0.0,参考
4311.0,岡　村　　　　仁,1,4,100.0,0.0,0.0,100.0,0.14,0.07,0.19,25.0,0,0.0,参考
5140.0,吉　田　　彩　乃,4,5,0.0,0.0,0.0,0.0,0.16,0.11,0.25,20.0,0,0.0,C
5174.0,川　井　　　　萌,4,3,33.33,0.0,33.33,66.67,0.137,0.07,0.23,33.33,0,0.0,参考
5248.0,本　田　　　　愛,5,3,0.0,0.0,0.0,0.0,0.23,0.15,0.34,0.0,0,0.0,参考
4097.0,貫地谷　　直　人,2,3,0.0,66.67,0.0,66.67,0.207,0.16,0.29,0.0,0,0.0,参考
4653.0,小　野　　達　哉,4,8,37.5,25.0,25.0,87.5,0.128,0.08,0.17,37.5,0,0.0,C
4886.0,入　海　　　　馨,2,4,25.0,50.0,0.0,75.0,0.152,0.05,0.2,50.0,0,0.0,参考
5140.0,吉　田　　彩　乃,2,5,20.0,0.0,20.0,40.0,0.188,0.12,0.27,0.0,0,0.0,C
4272.0,大　場　　広　孝,4,5,20.0,0.0,0.0,20.0,0.126,0.07,0.18,20.0,0,0.0,C
4097.0,貫地谷　　直　人,5,4,0.0,0.0,0.0,0.0,0.242,0.16,0.3,0.0,0,0.0,参考
4311.0,岡　村　　　　仁,5,5,40.0,0.0,20.0,60.0,0.114,0.04,0.19,0.0,0,0.0,C
4886.0,入　海　　　　馨,4,5,40.0,60.0,0.0,100.0,0.126,0.05,0.19,40.0,0,0.0,C
5174.0,川　井　　　　萌,5,3,33.33,0.0,33.33,66.67,0.1,0.03,0.2,33.33,0,0.0,参考
4097.0,貫地谷　　直　人,1,6,16.67,16.67,33.33,66.67,0.195,0.11,0.29,16.67,0,0.0,C
4272.0,大　場　　広　孝,2,5,20.0,20.0,60.0,100.0,0.172,0.11,0.21,20.0,0,0.0,C
5140.0,吉　田　　彩　乃,6,3,0.0,0.0,0.0,0.0,0.173,0.11,0.22,33.33,0,0.0,参考
4311.0,岡　村　　　　仁,2,6,50.0,0.0,33.33,83.33,0.107,0.05,0.16,50.0,0,0.0,C
4886.0,入　海　　　　馨,5,4,0.0,50.0,0.0,50.0,0.168,0.09,0.25,0.0,0,0.0,参考
4097.0,貫地谷　　直　人,4,4,0.0,25.0,25.0,50.0,0.21,0.07,0.34,0.0,0,0.0,参考
5140.0,吉　田　　彩　乃,3,4,0.0,25.0,0.0,25.0,0.17,0.1,0.28,0.0,0,0.0,参考
4311.0,岡　村　　　　仁,4,5,40.0,20.0,40.0,100.0,0.14,0.07,0.2,60.0,0,0.0,C
4886.0,入　海　　　　馨,1,4,75.0,0.0,0.0,75.0,0.125,0.09,0.2,75.0,0,0.0,参考
4272.0,大　場　　広　孝,6,5,0.0,0.0,0.0,0.0,0.144,0.06,0.19,0.0,0,0.0,C
4871.0,菊　池　　宏　志,2,3,33.33,0.0,33.33,66.67,0.147,0.1,0.17,33.33,0,0.0,参考
5301.0,岩　下　　巧　斗,6,18,0.0,0.0,11.11,11.11,0.175,0.07,0.29,5.56,0,0.0,B
4663.0,籾　山　　佳　岳,1,5,40.0,0.0,0.0,40.0,0.112,0.03,0.19,40.0,0,0.0,C
4864.0,小　川　　日紀太,6,6,0.0,0.0,16.67,16.67,0.125,0.08,0.19,16.67,0,0.0,C
3948.0,大　町　　利　克,2,9,0.0,11.11,11.11,22.22,0.171,0.11,0.25,0.0,0,0.0,C
4871.0,菊　池　　宏　志,4,3,0.0,0.0,0.0,0.0,0.2,0.16,0.26,0.0,0,0.0,参考
5229.0,吉　川　　晴　人,6,9,11.11,22.22,0.0,33.33,0.157,0.07,0.26,22.22,0,0.0,C
4872.0,山　下　　流　心,5,5,0.0,40.0,0.0,40.0,0.172,0.08,0.25,0.0,0,0.0,C
4953.0,尾　上　　雅　也,4,12,41.67,33.33,8.33,83.33,0.108,0.03,0.24,41.67,0,0.0,B
3948.0,大　町　　利　克,5,8,0.0,0.0,12.5,12.5,0.133,0.08,0.19,0.0,0,0.0,C
4872.0,山　下　　流　心,1,4,25.0,50.0,25.0,100.0,0.158,0.11,0.2,25.0,0,0.0,参考
4953.0,尾　上　　雅　也,3,11,27.27,9.09,18.18,54.55,0.155,0.08,0.2,9.09,0,0.0,B
4872.0,山　下　　流　心,2,5,20.0,40.0,0.0,60.0,0.118,0.07,0.16,0.0,0,0.0,C
5229.0,吉　川　　晴　人,3,6,0.0,0.0,16.67,16.67,0.198,0.13,0.32,0.0,0,0.0,C
3831.0,安　藤　　裕　貴,1,4,50.0,0.0,0.0,50.0,0.175,0.11,0.25,50.0,0,0.0,参考
4864.0,小　川　　日紀太,3,6,16.67,16.67,16.67,50.0,0.083,0.03,0.15,66.67,0,0.0,C
4871.0,菊　池　　宏　志,5,3,0.0,0.0,33.33,33.33,0.067,0.02,0.11,33.33,0,0.0,参考
3948.0,大　町　　利　克,3,9,0.0,0.0,22.22,22.22,0.161,0.07,0.3,0.0,0,0.0,C
5301.0,岩　下　　巧　斗,5,14,7.14,0.0,0.0,7.14,0.168,0.06,0.31,14.29,0,0.0,B
5229.0,吉　川　　晴　人,2,8,12.5,12.5,0.0,25.0,0.165,0.1,0.26,0.0,0,0.0,C
4953.0,尾　上　　雅　也,6,14,14.29,7.14,21.43,42.86,0.153,0.07,0.25,7.14,0,0.0,B
4864.0,小　川　　日紀太,2,6,33.33,33.33,16.67,83.33,0.097,0.05,0.15,50.0,0,0.0,C
5229.0,吉　川　　晴　人,1,10,10.0,30.0,10.0,50.0,0.223,0.11,0.39,10.0,0,0.0,B
4842.0,山　下　　昂　大,2,6,33.33,0.0,50.0,83.33,0.173,0.11,0.26,0.0,0,0.0,C
4953.0,尾　上　　雅　也,2,10,40.0,30.0,0.0,70.0,0.108,0.01,0.2,20.0,0,0.0,B
4864.0,小　川　　日紀太,5,7,0.0,28.57,28.57,57.14,0.13,0.05,0.23,0.0,0,0.0,C
3831.0,安　藤　　裕　貴,2,3,33.33,0.0,33.33,66.67,0.13,0.04,0.22,33.33,0,0.0,参考
4871.0,菊　池　　宏　志,3,3,0.0,33.33,33.33,66.67,0.14,0.13,0.15,0.0,0,0.0,参考
4872.0,山　下　　流　心,6,4,0.0,0.0,0.0,0.0,0.205,0.15,0.26,0.0,0,0.0,参考
3948.0,大　町　　利　克,6,7,0.0,0.0,28.57,28.57,0.161,0.07,0.22,0.0,0,0.0,C
4663.0,籾　山　　佳　岳,3,5,0.0,0.0,20.0,20.0,0.144,0.08,0.24,40.0,0,0.0,C
4864.0,小　川　　日紀太,4,6,16.67,0.0,33.33,50.0,0.13,0.09,0.18,16.67,0,0.0,C
4953.0,尾　上　　雅　也,1,15,60.0,13.33,6.67,80.0,0.138,0.05,0.26,26.67,0,0.0,B
4842.0,山　下　　昂　大,5,5,20.0,40.0,0.0,60.0,0.116,0.02,0.23,20.0,0,0.0,C
4871.0,菊　池　　宏　志,6,3,0.0,0.0,0.0,0.0,0.153,0.14,0.17,0.0,0,0.0,参考
3831.0,安　藤　　裕　貴,6,4,0.0,0.0,0.0,0.0,0.147,0.11,0.19,0.0,0,0.0,参考
3948.0,大　町　　利　克,1,6,0.0,16.67,16.67,33.33,0.162,0.03,0.25,16.67,0,0.0,C
4953.0,尾　上　　雅　也,5,10,10.0,20.0,40.0,70.0,0.131,0.08,0.18,0.0,0,0.0,B
4864.0,小　川　　日紀太,1,8,12.5,37.5,25.0,75.0,0.146,0.08,0.24,12.5,0,0.0,C
3831.0,安　藤　　裕　貴,3,3,0.0,33.33,0.0,33.33,0.09,0.05,0.12,0.0,0,0.0,参考
4663.0,籾　山　　佳　岳,5,3,0.0,33.33,0.0,33.33,0.133,0.12,0.14,33.33,0,0.0,参考
4871.0,菊　池　　宏　志,1,3,33.33,33.33,33.33,100.0,0.153,0.11,0.21,33.33,0,0.0,参考
5229.0,吉　川　　晴　人,5,8,0.0,12.5,37.5,50.0,0.144,0.05,0.24,25.0,0,0.0,C
3948.0,大　町　　利　克,4,6,0.0,0.0,0.0,0.0,0.21,0.09,0.41,0.0,0,0.0,C
4842.0,山　下　　昂　大,4,3,0.0,66.67,33.33,100.0,0.063,0.03,0.11,66.67,0,0.0,参考
5191.0,飛　田　　江　己,5,6,0.0,0.0,50.0,50.0,0.123,0.08,0.17,16.67,0,0.0,C
5290.0,坂　本　　一　真,6,7,0.0,0.0,0.0,0.0,0.196,0.11,0.31,14.29,0,0.0,C
3315.0,広　瀬　　聖　仁,5,6,0.0,0.0,50.0,50.0,0.16,0.02,0.23,0.0,0,0.0,C
4483.0,北　野　　輝　季,2,3,0.0,0.0,66.67,66.67,0.233,0.19,0.29,0.0,0,0.0,参考
5294.0,豊　田　　祥　生,6,15,0.0,0.0,6.67,6.67,0.135,0.03,0.28,6.67,0,0.0,B
3967.0,鈴　木　　茂　高,1,7,14.29,28.57,0.0,42.86,0.197,0.07,0.54,28.57,0,0.0,C
4607.0,鶴　田　　勇　雄,4,7,0.0,14.29,28.57,42.86,0.164,0.1,0.22,28.57,0,0.0,C
5126.0,山　下　　大　輝,1,5,60.0,20.0,0.0,80.0,0.12,0.0,0.24,40.0,0,0.0,C
4564.0,山　本　　景士郎,4,4,0.0,25.0,25.0,50.0,0.105,0.08,0.13,0.0,0,0.0,参考
4404.0,岸　蔭　　　　亮,6,3,0.0,0.0,33.33,33.33,0.147,0.09,0.19,33.33,0,0.0,参考
4607.0,鶴　田　　勇　雄,5,6,0.0,16.67,33.33,50.0,0.142,0.1,0.21,33.33,0,0.0,C
4584.0,村　岡　　賢　人,4,8,12.5,37.5,0.0,50.0,0.106,0.06,0.16,12.5,0,0.0,C
3967.0,鈴　木　　茂　高,5,6,0.0,16.67,0.0,16.67,0.147,0.09,0.19,0.0,0,0.0,C
4483.0,北　野　　輝　季,1,3,100.0,0.0,0.0,100.0,0.12,0.09,0.17,100.0,0,0.0,参考
5126.0,山　下　　大　輝,4,7,28.57,0.0,28.57,57.14,0.147,0.06,0.22,14.29,0,0.0,C
3315.0,広　瀬　　聖　仁,3,5,0.0,40.0,40.0,80.0,0.158,0.06,0.22,20.0,0,0.0,C
4584.0,村　岡　　賢　人,3,10,20.0,30.0,20.0,70.0,0.137,0.07,0.23,10.0,0,0.0,B
4404.0,岸　蔭　　　　亮,4,3,33.33,0.0,33.33,66.67,0.22,0.2,0.25,0.0,0,0.0,参考
4607.0,鶴　田　　勇　雄,1,4,50.0,25.0,25.0,100.0,0.215,0.14,0.27,0.0,0,0.0,参考
4564.0,山　本　　景士郎,3,4,0.0,50.0,25.0,75.0,0.175,0.09,0.34,0.0,0,0.0,参考
3967.0,鈴　木　　茂　高,4,8,12.5,12.5,12.5,37.5,0.18,0.09,0.42,12.5,0,0.0,C
5126.0,山　下　　大　輝,2,5,20.0,40.0,0.0,60.0,0.114,0.08,0.15,0.0,0,0.0,C
5294.0,豊　田　　祥　生,5,11,0.0,9.09,0.0,9.09,0.127,0.06,0.27,54.55,0,0.0,B
3315.0,広　瀬　　聖　仁,6,4,0.0,0.0,0.0,0.0,0.14,0.09,0.17,0.0,0,0.0,参考
4727.0,安　部　　慎　一,3,5,20.0,20.0,0.0,40.0,0.162,0.06,0.26,0.0,0,0.0,C
4584.0,村　岡　　賢　人,1,8,75.0,0.0,0.0,75.0,0.155,0.07,0.27,25.0,0,0.0,C
4404.0,岸　蔭　　　　亮,3,3,0.0,0.0,33.33,33.33,0.227,0.17,0.27,0.0,0,0.0,参考
4564.0,山　本　　景士郎,5,5,0.0,20.0,0.0,20.0,0.162,0.14,0.19,0.0,0,0.0,C
4483.0,北　野　　輝　季,4,4,25.0,25.0,50.0,100.0,0.133,0.07,0.22,25.0,0,0.0,参考
3797.0,岩　井　　　　繁,6,5,20.0,0.0,0.0,20.0,0.152,0.08,0.2,20.0,0,0.0,C
3967.0,鈴　木　　茂　高,3,6,16.67,16.67,0.0,33.33,0.195,0.13,0.36,0.0,0,0.0,C
4564.0,山　本　　景士郎,2,5,20.0,0.0,60.0,80.0,0.122,0.08,0.17,0.0,0,0.0,C
4607.0,鶴　田　　勇　雄,3,6,0.0,50.0,16.67,66.67,0.143,0.13,0.16,16.67,0,0.0,C
5126.0,山　下　　大　輝,5,6,0.0,0.0,16.67,16.67,0.133,0.07,0.21,50.0,0,0.0,C
4584.0,村　岡　　賢　人,6,6,0.0,16.67,33.33,50.0,0.113,0.05,0.16,50.0,0,0.0,C
3967.0,鈴　木　　茂　高,2,7,0.0,28.57,28.57,57.14,0.14,0.07,0.19,0.0,0,0.0,C
3315.0,広　瀬　　聖　仁,2,7,14.29,28.57,14.29,57.14,0.16,0.06,0.25,14.29,0,0.0,C
4727.0,安　部　　慎　一,2,3,0.0,0.0,33.33,33.33,0.133,0.09,0.18,33.33,0,0.0,参考
4564.0,山　本　　景士郎,1,4,25.0,25.0,25.0,75.0,0.138,0.07,0.19,25.0,0,0.0,参考
5126.0,山　下　　大　輝,3,6,0.0,33.33,16.67,50.0,0.132,0.09,0.16,16.67,0,0.0,C
4584.0,村　岡　　賢　人,2,9,44.44,11.11,11.11,66.67,0.117,0.07,0.15,33.33,0,0.0,C
4483.0,北　野　　輝　季,6,3,33.33,0.0,0.0,33.33,0.15,0.11,0.19,33.33,0,0.0,参考
4607.0,鶴　田　　勇　雄,6,5,0.0,0.0,20.0,20.0,0.158,0.11,0.19,0.0,0,0.0,C
3315.0,広　瀬　　聖　仁,1,4,50.0,25.0,25.0,100.0,0.077,0.03,0.11,50.0,0,0.0,参考
4404.0,岸　蔭　　　　亮,1,3,33.33,33.33,0.0,66.67,0.18,0.14,0.23,0.0,0,0.0,参考
5221.0,竹　間　　隆　晟,1,4,75.0,25.0,0.0,100.0,0.143,0.06,0.22,0.0,0,0.0,参考
4483.0,北　野　　輝　季,3,4,25.0,50.0,0.0,75.0,0.122,0.08,0.16,25.0,0,0.0,参考
4584.0,村　岡　　賢　人,5,8,0.0,37.5,25.0,62.5,0.14,0.11,0.22,25.0,0,0.0,C
3967.0,鈴　木　　茂　高,6,7,0.0,14.29,14.29,28.57,0.164,0.06,0.28,14.29,0,0.0,C
4607.0,鶴　田　　勇　雄,2,7,0.0,28.57,28.57,57.14,0.177,0.09,0.31,14.29,0,0.0,C
3315.0,広　瀬　　聖　仁,4,5,20.0,0.0,0.0,20.0,0.218,0.12,0.33,0.0,0,0.0,C
4564.0,山　本　　景士郎,6,4,0.0,25.0,0.0,25.0,0.212,0.16,0.26,0.0,0,0.0,参考
5126.0,山　下　　大　輝,6,5,0.0,20.0,0.0,20.0,0.172,0.1,0.29,0.0,0,0.0,C
3775.0,泉　　　　啓　文,1,3,0.0,66.67,33.33,100.0,0.203,0.16,0.23,66.67,0,0.0,参考
4780.0,マイケル　田　代,3,5,0.0,0.0,0.0,0.0,0.186,0.1,0.29,0.0,0,0.0,C
5129.0,山　口　　真喜子,5,6,0.0,16.67,16.67,33.33,0.217,0.09,0.42,16.67,0,0.0,C
5287.0,滝　沢　　織　寧,6,4,0.0,0.0,0.0,0.0,0.285,0.13,0.47,25.0,0,0.0,参考
3752.0,宇　土　　泰　就,4,3,33.33,33.33,0.0,66.67,0.1,0.07,0.14,33.33,0,0.0,参考
4978.0,山　田　　和　佐,5,3,0.0,0.0,0.0,0.0,0.13,0.09,0.19,33.33,0,0.0,参考
4720.0,西　澤　　日花里,6,4,0.0,25.0,25.0,50.0,0.188,0.12,0.22,0.0,0,0.0,参考
4435.0,服　部　　達　哉,2,8,0.0,25.0,62.5,87.5,0.147,0.07,0.22,12.5,0,0.0,C
4924.0,中　北　　　　涼,4,5,0.0,0.0,20.0,20.0,0.232,0.11,0.42,0.0,0,0.0,C
5129.0,山　口　　真喜子,2,6,16.67,33.33,16.67,66.67,0.177,0.13,0.21,16.67,0,0.0,C
4720.0,西　澤　　日花里,3,3,0.0,0.0,66.67,66.67,0.167,0.12,0.21,33.33,0,0.0,参考
4543.0,重　木　　輝　彦,3,4,50.0,25.0,0.0,75.0,0.115,0.07,0.17,25.0,0,0.0,参考
4435.0,服　部　　達　哉,5,7,0.0,42.86,14.29,57.14,0.136,0.1,0.16,0.0,0,0.0,C
3809.0,吉　田　　　　光,6,3,0.0,100.0,0.0,100.0,0.13,0.02,0.19,33.33,0,0.0,参考
4924.0,中　北　　　　涼,5,3,33.33,33.33,33.33,100.0,0.13,0.07,0.21,33.33,0,0.0,参考
4435.0,服　部　　達　哉,1,7,28.57,14.29,14.29,57.14,0.153,0.09,0.23,57.14,0,0.0,C
4991.0,宗　行　　治　哉,2,3,0.0,33.33,0.0,33.33,0.157,0.08,0.2,0.0,0,0.0,参考
4529.0,嶋　　　　義　信,3,4,25.0,0.0,50.0,75.0,0.11,0.06,0.16,25.0,0,0.0,参考
3752.0,宇　土　　泰　就,6,4,0.0,25.0,25.0,50.0,0.133,0.06,0.24,75.0,0,0.0,参考
4780.0,マイケル　田　代,2,5,0.0,0.0,0.0,0.0,0.182,0.13,0.2,0.0,0,0.0,C
4978.0,山　田　　和　佐,3,3,0.0,0.0,33.33,33.33,0.22,0.17,0.28,0.0,0,0.0,参考
4924.0,中　北　　　　涼,3,3,0.0,33.33,0.0,33.33,0.243,0.2,0.27,0.0,0,0.0,参考
3809.0,吉　田　　　　光,5,4,0.0,25.0,0.0,25.0,0.168,0.14,0.2,0.0,0,0.0,参考
4204.0,柴　田　　大　輔,3,3,0.0,33.33,33.33,66.67,0.207,0.17,0.26,0.0,0,0.0,参考
3775.0,泉　　　　啓　文,3,3,0.0,33.33,33.33,66.67,0.17,0.12,0.21,66.67,0,0.0,参考
5129.0,山　口　　真喜子,3,8,12.5,25.0,25.0,62.5,0.25,0.13,0.43,0.0,0,0.0,C
4978.0,山　田　　和　佐,2,3,0.0,33.33,0.0,33.33,0.15,0.03,0.25,33.33,0,0.0,参考
4991.0,宗　行　　治　哉,4,4,0.0,0.0,75.0,75.0,0.152,0.08,0.2,0.0,0,0.0,参考
3809.0,吉　田　　　　光,3,6,16.67,0.0,50.0,66.67,0.152,0.09,0.21,16.67,0,0.0,C
3752.0,宇　土　　泰　就,2,6,0.0,16.67,0.0,16.67,0.172,0.12,0.21,0.0,0,0.0,C
4978.0,山　田　　和　佐,4,3,0.0,0.0,0.0,0.0,0.137,0.1,0.19,0.0,0,0.0,参考
3752.0,宇　土　　泰　就,1,4,25.0,25.0,0.0,50.0,0.193,0.11,0.33,0.0,0,0.0,参考
5129.0,山　口　　真喜子,4,5,0.0,40.0,0.0,40.0,0.176,0.12,0.23,20.0,0,0.0,C
4924.0,中　北　　　　涼,2,4,0.0,0.0,0.0,0.0,0.232,0.13,0.33,0.0,0,0.0,参考
4435.0,服　部　　達　哉,6,6,0.0,0.0,16.67,16.67,0.173,0.13,0.28,16.67,0,0.0,C
4720.0,西　澤　　日花里,1,4,50.0,25.0,0.0,75.0,0.193,0.15,0.23,25.0,0,0.0,参考
4505.0,島　田　　賢　人,5,7,0.0,0.0,42.86,42.86,0.149,0.11,0.23,42.86,0,0.0,C
3809.0,吉　田　　　　光,1,4,50.0,0.0,50.0,100.0,0.133,0.01,0.26,25.0,0,0.0,参考
3775.0,泉　　　　啓　文,2,3,33.33,0.0,33.33,66.67,0.147,0.12,0.17,33.33,0,0.0,参考
4045.0,佐々木　　裕　美,6,6,16.67,16.67,0.0,33.33,0.173,0.08,0.24,50.0,0,0.0,C
4991.0,宗　行　　治　哉,3,3,33.33,0.0,33.33,66.67,0.163,0.1,0.23,0.0,0,0.0,参考
3752.0,宇　土　　泰　就,5,5,0.0,20.0,0.0,20.0,0.15,0.13,0.17,0.0,0,0.0,C
3809.0,吉　田　　　　光,2,5,20.0,40.0,0.0,60.0,0.134,0.05,0.25,0.0,0,0.0,C
4435.0,服　部　　達　哉,4,9,0.0,11.11,33.33,44.44,0.187,0.12,0.34,11.11,0,0.0,C
5129.0,山　口　　真喜子,1,5,40.0,20.0,0.0,60.0,0.194,0.12,0.33,20.0,0,0.0,C
4780.0,マイケル　田　代,1,6,16.67,50.0,0.0,66.67,0.185,0.1,0.27,0.0,0,0.0,C
5129.0,山　口　　真喜子,6,4,0.0,0.0,0.0,0.0,0.133,0.08,0.18,50.0,0,0.0,参考
4204.0,柴　田　　大　輔,4,3,0.0,33.33,33.33,66.67,0.187,0.13,0.23,0.0,0,0.0,参考
5019.0,柴　田　　百　恵,1,3,33.33,66.67,0.0,100.0,0.177,0.1,0.29,0.0,0,0.0,参考
3604.0,武　藤　　綾　子,2,4,0.0,25.0,25.0,50.0,0.232,0.16,0.35,0.0,0,0.0,参考
5306.0,河　内　　悠利杏,6,8,0.0,0.0,0.0,0.0,0.274,0.12,0.44,12.5,0,0.0,C
3934.0,鋤　柄　　貴　俊,2,5,20.0,20.0,40.0,80.0,0.136,0.08,0.25,40.0,0,0.0,C
4739.0,中　村　　晃　朋,2,8,25.0,12.5,12.5,50.0,0.156,0.09,0.25,12.5,0,0.0,C
3788.0,一　宮　　稔　弘,5,3,33.33,0.0,66.67,100.0,0.14,0.05,0.22,33.33,0,0.0,参考
5133.0,堀　越　　雄　貴,2,28,7.14,25.0,25.0,57.14,0.154,0.04,0.31,17.86,0,0.0,A
4451.0,松　崎　　祐太郎,4,3,0.0,66.67,0.0,66.67,0.113,0.09,0.16,0.0,0,0.0,参考
4635.0,峰　重　　力　也,6,4,0.0,25.0,0.0,25.0,0.12,0.02,0.19,25.0,0,0.0,参考
5019.0,柴　田　　百　恵,5,3,0.0,0.0,33.33,33.33,0.123,0.05,0.17,66.67,0,0.0,参考
3934.0,鋤　柄　　貴　俊,6,5,0.0,20.0,20.0,40.0,0.12,0.05,0.15,20.0,0,0.0,C
3333.0,丸　尾　　義　孝,1,4,25.0,50.0,0.0,75.0,0.092,0.03,0.16,50.0,0,0.0,参考
3533.0,佐　川　　正　道,3,4,50.0,0.0,50.0,100.0,0.175,0.15,0.19,25.0,0,0.0,参考
3788.0,一　宮　　稔　弘,1,4,75.0,0.0,25.0,100.0,0.138,0.09,0.19,25.0,0,0.0,参考
5133.0,堀　越　　雄　貴,4,24,4.17,12.5,16.67,33.33,0.154,0.04,0.29,4.17,0,0.0,A
4451.0,松　崎　　祐太郎,5,3,0.0,33.33,33.33,66.67,0.177,0.17,0.19,0.0,0,0.0,参考
4739.0,中　村　　晃　朋,6,7,0.0,0.0,0.0,0.0,0.166,0.12,0.22,0.0,0,0.0,C
3604.0,武　藤　　綾　子,1,4,50.0,0.0,25.0,75.0,0.212,0.15,0.31,25.0,0,0.0,参考
4635.0,峰　重　　力　也,3,3,0.0,66.67,33.33,100.0,0.097,0.07,0.11,66.67,0,0.0,参考
4451.0,松　崎　　祐太郎,6,5,0.0,0.0,60.0,60.0,0.202,0.12,0.31,0.0,0,0.0,C
5133.0,堀　越　　雄　貴,6,19,0.0,10.53,31.58,42.11,0.181,0.08,0.29,15.79,0,0.0,B
4739.0,中　村　　晃　朋,3,9,22.22,22.22,22.22,66.67,0.143,0.05,0.29,11.11,0,0.0,C
5306.0,河　内　　悠利杏,5,8,0.0,0.0,12.5,12.5,0.198,0.06,0.31,12.5,0,0.0,C
4451.0,松　崎　　祐太郎,2,3,66.67,33.33,0.0,100.0,0.123,0.09,0.14,0.0,0,0.0,参考
3788.0,一　宮　　稔　弘,3,5,20.0,20.0,0.0,40.0,0.158,0.09,0.25,0.0,0,0.0,C
4635.0,峰　重　　力　也,5,5,0.0,0.0,40.0,40.0,0.114,0.05,0.24,40.0,0,0.0,C
4010.0,越　智　　照　浩,3,5,0.0,0.0,0.0,0.0,0.19,0.11,0.31,0.0,0,0.0,C
3333.0,丸　尾　　義　孝,4,3,33.33,33.33,0.0,66.67,0.14,0.04,0.26,33.33,0,0.0,参考
3934.0,鋤　柄　　貴　俊,4,6,0.0,0.0,50.0,50.0,0.123,0.06,0.18,50.0,0,0.0,C
3788.0,一　宮　　稔　弘,4,5,0.0,40.0,20.0,60.0,0.16,0.02,0.36,60.0,0,0.0,C
5019.0,柴　田　　百　恵,2,3,0.0,0.0,33.33,33.33,0.13,0.08,0.18,33.33,0,0.0,参考
4010.0,越　智　　照　浩,4,4,0.0,25.0,25.0,50.0,0.193,0.1,0.34,25.0,0,0.0,参考
4635.0,峰　重　　力　也,1,4,25.0,75.0,0.0,100.0,0.152,0.13,0.18,50.0,0,0.0,参考
4779.0,伊　倉　　　　光,2,13,7.69,15.38,30.77,53.85,0.132,0.06,0.19,30.77,0,0.0,B
4451.0,松　崎　　祐太郎,1,6,50.0,0.0,33.33,83.33,0.152,0.1,0.23,0.0,0,0.0,C
5133.0,堀　越　　雄　貴,3,32,18.75,12.5,21.88,53.12,0.154,0.08,0.31,15.62,0,0.0,A
3934.0,鋤　柄　　貴　俊,1,5,40.0,20.0,40.0,100.0,0.15,0.05,0.21,20.0,0,0.0,C
3333.0,丸　尾　　義　孝,2,3,33.33,0.0,0.0,33.33,0.117,0.11,0.12,66.67,0,0.0,参考
4739.0,中　村　　晃　朋,4,11,18.18,9.09,18.18,45.45,0.111,0.03,0.19,0.0,0,0.0,B
3604.0,武　藤　　綾　子,3,4,0.0,0.0,25.0,25.0,0.158,0.11,0.21,25.0,0,0.0,参考
4054.0,福　嶋　　智　之,6,5,0.0,0.0,0.0,0.0,0.192,0.09,0.35,0.0,0,0.0,C
3934.0,鋤　柄　　貴　俊,3,5,0.0,0.0,0.0,0.0,0.112,0.08,0.18,20.0,0,0.0,C
3788.0,一　宮　　稔　弘,6,3,0.0,0.0,0.0,0.0,0.187,0.07,0.28,33.33,0,0.0,参考
4451.0,松　崎　　祐太郎,3,3,0.0,33.33,0.0,33.33,0.093,0.07,0.13,33.33,0,0.0,参考
3333.0,丸　尾　　義　孝,5,3,33.33,0.0,0.0,33.33,0.153,0.1,0.23,66.67,0,0.0,参考
4739.0,中　村　　晃　朋,1,9,55.56,11.11,11.11,77.78,0.168,0.08,0.3,22.22,0,0.0,C
3934.0,鋤　柄　　貴　俊,5,3,0.0,0.0,33.33,33.33,0.11,0.08,0.15,0.0,0,0.0,参考
4779.0,伊　倉　　　　光,1,13,30.77,30.77,15.38,76.92,0.125,0.03,0.23,38.46,0,0.0,B
5019.0,柴　田　　百　恵,3,3,0.0,0.0,66.67,66.67,0.153,0.12,0.21,0.0,0,0.0,参考
5045.0,平　川　　香　織,2,5,40.0,0.0,20.0,60.0,0.222,0.07,0.44,40.0,0,0.0,C
4779.0,伊　倉　　　　光,3,13,7.69,0.0,0.0,7.69,0.134,0.05,0.34,23.08,0,0.0,B
4739.0,中　村　　晃　朋,5,9,11.11,22.22,22.22,55.56,0.152,0.07,0.25,0.0,0,0.0,C
5133.0,堀　越　　雄　貴,5,23,0.0,0.0,21.74,21.74,0.145,0.06,0.25,13.04,0,0.0,A
3333.0,丸　尾　　義　孝,6,4,0.0,50.0,25.0,75.0,0.163,0.08,0.23,0.0,0,0.0,参考
4635.0,峰　重　　力　也,2,5,0.0,0.0,20.0,20.0,0.142,0.11,0.19,40.0,0,0.0,C
5133.0,堀　越　　雄　貴,1,22,27.27,40.91,9.09,77.27,0.156,0.02,0.29,31.82,0,0.0,A
5194.0,大久保　　佑　香,1,4,0.0,25.0,0.0,25.0,0.18,0.08,0.27,25.0,0,0.0,参考
4893.0,渡　邉　　真奈美,2,5,0.0,0.0,20.0,20.0,0.132,0.09,0.21,40.0,0,0.0,C
5251.0,沼　田　　七　華,6,9,0.0,0.0,0.0,0.0,0.18,0.11,0.36,11.11,0,0.0,C
4791.0,黒　澤　　めぐみ,5,3,0.0,0.0,33.33,33.33,0.17,0.15,0.19,100.0,0,0.0,参考
4317.0,木　村　　紗友希,1,3,0.0,66.67,0.0,66.67,0.143,0.09,0.2,33.33,0,0.0,参考
3232.0,山　川　　美由紀,3,8,37.5,25.0,12.5,75.0,0.17,0.12,0.21,37.5,0,0.0,C
5164.0,森　田　　梨　湖,5,3,0.0,0.0,0.0,0.0,0.183,0.06,0.26,33.33,0,0.0,参考
5153.0,佐　藤　　ほのか,5,10,0.0,10.0,10.0,20.0,0.148,0.06,0.25,50.0,0,0.0,B
4208.0,三　浦　　永　理,1,4,100.0,0.0,0.0,100.0,0.158,0.09,0.25,50.0,0,0.0,参考
4071.0,古　賀　　千　晶,4,6,0.0,50.0,33.33,83.33,0.18,0.13,0.23,0.0,0,0.0,C
5194.0,大久保　　佑　香,3,6,0.0,16.67,0.0,16.67,0.182,0.04,0.24,16.67,0,0.0,C
4317.0,木　村　　紗友希,2,4,25.0,50.0,25.0,100.0,0.128,0.05,0.18,25.0,0,0.0,参考
4791.0,黒　澤　　めぐみ,1,6,50.0,33.33,0.0,83.33,0.197,0.1,0.29,16.67,0,0.0,C
4893.0,渡　邉　　真奈美,4,4,0.0,0.0,25.0,25.0,0.133,0.06,0.2,25.0,0,0.0,参考
3232.0,山　川　　美由紀,1,5,40.0,40.0,20.0,100.0,0.128,0.06,0.17,60.0,0,0.0,C
4208.0,三　浦　　永　理,2,3,33.33,33.33,33.33,100.0,0.153,0.11,0.19,0.0,0,0.0,参考
4183.0,宇　野　　弥　生,4,6,0.0,33.33,50.0,83.33,0.108,0.03,0.18,16.67,0,0.0,C
3999.0,大　瀧　　明日香,6,3,0.0,0.0,0.0,0.0,0.21,0.15,0.29,0.0,0,0.0,参考
5251.0,沼　田　　七　華,5,10,0.0,0.0,0.0,0.0,0.145,0.07,0.23,10.0,0,0.0,B
5194.0,大久保　　佑　香,6,6,0.0,0.0,16.67,16.67,0.2,0.09,0.31,33.33,0,0.0,C
4283.0,石　井　　裕　美,1,4,25.0,0.0,25.0,50.0,0.08,0.06,0.12,50.0,0,0.0,参考
4893.0,渡　邉　　真奈美,5,4,25.0,0.0,50.0,75.0,0.075,0.05,0.1,100.0,0,0.0,参考
4784.0,向井田　　真　紀,2,5,20.0,20.0,0.0,40.0,0.172,0.05,0.28,20.0,0,0.0,C
4183.0,宇　野　　弥　生,3,5,0.0,40.0,0.0,40.0,0.112,0.03,0.17,60.0,0,0.0,C
4791.0,黒　澤　　めぐみ,4,7,0.0,14.29,28.57,42.86,0.109,0.04,0.2,14.29,0,0.0,C
3999.0,大　瀧　　明日香,1,5,40.0,20.0,20.0,80.0,0.158,0.1,0.23,0.0,0,0.0,C
5164.0,森　田　　梨　湖,2,3,0.0,0.0,0.0,0.0,0.237,0.19,0.31,0.0,0,0.0,参考
4071.0,古　賀　　千　晶,3,3,66.67,0.0,33.33,100.0,0.207,0.13,0.25,0.0,0,0.0,参考
4784.0,向井田　　真　紀,3,4,0.0,0.0,25.0,25.0,0.188,0.09,0.24,0.0,0,0.0,参考
4283.0,石　井　　裕　美,5,3,0.0,0.0,0.0,0.0,0.177,0.15,0.23,0.0,0,0.0,参考
4071.0,古　賀　　千　晶,1,4,0.0,25.0,25.0,50.0,0.205,0.08,0.35,25.0,0,0.0,参考
4183.0,宇　野　　弥　生,2,6,50.0,16.67,0.0,66.67,0.117,0.07,0.15,33.33,0,0.0,C
3232.0,山　川　　美由紀,6,4,0.0,0.0,75.0,75.0,0.173,0.11,0.28,0.0,0,0.0,参考
3611.0,岩　崎　　芳　美,3,3,0.0,66.67,33.33,100.0,0.13,0.1,0.15,66.67,0,0.0,参考
3999.0,大　瀧　　明日香,4,5,0.0,20.0,60.0,80.0,0.202,0.13,0.29,0.0,0,0.0,C
4845.0,前　田　　紗　希,4,4,25.0,75.0,0.0,100.0,0.128,0.05,0.29,50.0,0,0.0,参考
4208.0,三　浦　　永　理,6,3,33.33,0.0,0.0,33.33,0.19,0.13,0.23,33.33,0,0.0,参考
3232.0,山　川　　美由紀,5,3,0.0,33.33,0.0,33.33,0.18,0.1,0.23,0.0,0,0.0,参考
4784.0,向井田　　真　紀,4,7,0.0,14.29,0.0,14.29,0.196,0.1,0.28,14.29,0,0.0,C
4208.0,三　浦　　永　理,4,3,66.67,0.0,33.33,100.0,0.11,0.06,0.14,33.33,0,0.0,参考
4791.0,黒　澤　　めぐみ,6,3,0.0,0.0,0.0,0.0,0.167,0.13,0.19,33.33,0,0.0,参考
3999.0,大　瀧　　明日香,5,6,0.0,33.33,16.67,50.0,0.19,0.09,0.32,0.0,0,0.0,C
4071.0,古　賀　　千　晶,6,3,0.0,0.0,0.0,0.0,0.187,0.12,0.3,0.0,0,0.0,参考
4183.0,宇　野　　弥　生,1,7,57.14,14.29,0.0,71.43,0.136,0.1,0.19,42.86,0,0.0,C
5194.0,大久保　　佑　香,4,6,0.0,16.67,0.0,16.67,0.165,0.09,0.25,16.67,0,0.0,C
5153.0,佐　藤　　ほのか,1,7,14.29,0.0,14.29,28.57,0.216,0.16,0.28,0.0,0,0.0,C
4283.0,石　井　　裕　美,4,3,0.0,0.0,0.0,0.0,0.19,0.08,0.38,0.0,0,0.0,参考
4791.0,黒　澤　　めぐみ,3,6,0.0,66.67,16.67,83.33,0.157,0.12,0.19,0.0,0,0.0,C
4317.0,木　村　　紗友希,5,3,0.0,33.33,0.0,33.33,0.163,0.12,0.2,0.0,0,0.0,参考
4071.0,古　賀　　千　晶,2,5,0.0,20.0,60.0,80.0,0.226,0.13,0.32,0.0,0,0.0,C
4183.0,宇　野　　弥　生,5,3,0.0,33.33,0.0,33.33,0.13,0.09,0.16,33.33,0,0.0,参考
4283.0,石　井　　裕　美,2,4,0.0,0.0,75.0,75.0,0.198,0.15,0.26,25.0,0,0.0,参考
4208.0,三　浦　　永　理,3,4,25.0,25.0,25.0,75.0,0.138,0.1,0.18,0.0,0,0.0,参考
3232.0,山　川　　美由紀,4,7,28.57,42.86,28.57,100.0,0.137,0.08,0.3,57.14,0,0.0,C
3188.0,日　高　　逸　子,1,3,100.0,0.0,0.0,100.0,0.13,0.06,0.19,33.33,0,0.0,参考
5194.0,大久保　　佑　香,2,7,14.29,0.0,42.86,57.14,0.157,0.05,0.24,14.29,0,0.0,C
3999.0,大　瀧　　明日香,3,7,0.0,28.57,28.57,57.14,0.15,0.05,0.29,14.29,0,0.0,C
4317.0,木　村　　紗友希,4,6,0.0,0.0,0.0,0.0,0.148,0.06,0.3,33.33,0,0.0,C
4784.0,向井田　　真　紀,1,4,0.0,50.0,25.0,75.0,0.22,0.13,0.25,0.0,0,0.0,参考
4893.0,渡　邉　　真奈美,3,6,50.0,16.67,16.67,83.33,0.1,0.04,0.14,50.0,0,0.0,C
4791.0,黒　澤　　めぐみ,2,5,60.0,0.0,0.0,60.0,0.182,0.14,0.23,0.0,0,0.0,C
5251.0,沼　田　　七　華,4,5,0.0,0.0,0.0,0.0,0.18,0.13,0.22,0.0,0,0.0,C
4071.0,古　賀　　千　晶,5,5,0.0,0.0,20.0,20.0,0.192,0.08,0.34,0.0,0,0.0,C
4784.0,向井田　　真　紀,5,5,0.0,0.0,20.0,20.0,0.192,0.12,0.24,0.0,0,0.0,C
5164.0,森　田　　梨　湖,4,3,0.0,0.0,0.0,0.0,0.21,0.09,0.33,0.0,0,0.0,参考
5194.0,大久保　　佑　香,5,7,28.57,0.0,0.0,28.57,0.149,0.04,0.24,28.57,0,0.0,C
4183.0,宇　野　　弥　生,6,6,0.0,0.0,0.0,0.0,0.14,0.06,0.21,33.33,0,0.0,C
3999.0,大　瀧　　明日香,2,6,33.33,33.33,33.33,100.0,0.125,0.02,0.23,0.0,0,0.0,C
5153.0,佐　藤　　ほのか,3,8,0.0,0.0,25.0,25.0,0.156,0.07,0.28,12.5,0,0.0,C
3232.0,山　川　　美由紀,2,5,20.0,20.0,40.0,80.0,0.154,0.1,0.2,20.0,0,0.0,C
4317.0,木　村　　紗友希,3,5,0.0,0.0,0.0,0.0,0.176,0.15,0.23,0.0,0,0.0,C
4893.0,渡　邉　　真奈美,6,6,0.0,0.0,0.0,0.0,0.142,0.06,0.19,50.0,0,0.0,C
4893.0,渡　邉　　真奈美,1,6,16.67,0.0,33.33,50.0,0.182,0.06,0.24,16.67,0,0.0,C
4046.0,谷　村　　啓　司,4,3,0.0,0.0,0.0,0.0,0.17,0.1,0.21,0.0,0,0.0,参考
4572.0,渡　部　　　　悟,5,8,0.0,25.0,12.5,37.5,0.138,0.08,0.21,0.0,0,0.0,C
4588.0,田　中　　京　介,3,5,20.0,20.0,20.0,60.0,0.168,0.08,0.27,0.0,0,0.0,C
4865.0,立　具　　敬　司,4,4,25.0,0.0,25.0,50.0,0.122,0.07,0.17,50.0,0,0.0,参考
5022.0,伊　藤　　尚　汰,4,7,0.0,0.0,28.57,28.57,0.153,0.06,0.28,0.0,0,0.0,C
5049.0,松　井　　友　汰,1,4,75.0,25.0,0.0,100.0,0.098,0.04,0.22,50.0,0,0.0,参考
4119.0,泥　谷　　一　毅,6,5,0.0,20.0,40.0,60.0,0.156,0.12,0.27,20.0,0,0.0,C
4572.0,渡　部　　　　悟,2,6,16.67,50.0,16.67,83.33,0.102,0.08,0.13,16.67,0,0.0,C
4042.0,丸　岡　　正　典,4,3,0.0,0.0,0.0,0.0,0.167,0.14,0.19,0.0,0,0.0,参考
4588.0,田　中　　京　介,5,6,16.67,16.67,16.67,50.0,0.128,0.07,0.17,16.67,0,0.0,C
4934.0,佐々木　　翔　斗,6,5,0.0,0.0,0.0,0.0,0.146,0.08,0.2,20.0,0,0.0,C
4436.0,渋　谷　　明　憲,6,3,0.0,33.33,33.33,66.67,0.147,0.11,0.18,0.0,0,0.0,参考
4042.0,丸　岡　　正　典,2,4,25.0,0.0,50.0,75.0,0.193,0.13,0.26,25.0,0,0.0,参考
5253.0,藤　井　　太　雅,4,14,28.57,7.14,0.0,35.71,0.151,0.08,0.24,7.14,0,0.0,B
4119.0,泥　谷　　一　毅,4,4,50.0,25.0,25.0,100.0,0.128,0.06,0.27,50.0,0,0.0,参考
5022.0,伊　藤　　尚　汰,2,8,0.0,12.5,25.0,37.5,0.172,0.1,0.22,0.0,0,0.0,C
5049.0,松　井　　友　汰,6,9,0.0,0.0,44.44,44.44,0.184,0.05,0.37,11.11,0,0.0,C
4588.0,田　中　　京　介,4,5,40.0,20.0,0.0,60.0,0.134,0.06,0.19,40.0,0,0.0,C
4934.0,佐々木　　翔　斗,5,4,0.0,50.0,25.0,75.0,0.125,0.06,0.17,25.0,0,0.0,参考
4572.0,渡　部　　　　悟,1,9,44.44,11.11,11.11,66.67,0.127,0.04,0.26,44.44,0,0.0,C
4865.0,立　具　　敬　司,3,3,0.0,66.67,0.0,66.67,0.133,0.11,0.16,0.0,0,0.0,参考
5022.0,伊　藤　　尚　汰,3,8,25.0,0.0,25.0,50.0,0.156,0.06,0.26,12.5,0,0.0,C
4042.0,丸　岡　　正　典,6,4,0.0,0.0,50.0,50.0,0.158,0.11,0.19,0.0,0,0.0,参考
4119.0,泥　谷　　一　毅,3,5,20.0,20.0,0.0,40.0,0.152,0.08,0.19,40.0,0,0.0,C
4684.0,楠　原　　翔　太,3,3,0.0,33.33,0.0,33.33,0.173,0.16,0.18,0.0,0,0.0,参考
4934.0,佐々木　　翔　斗,2,6,0.0,50.0,33.33,83.33,0.182,0.12,0.28,0.0,0,0.0,C
5049.0,松　井　　友　汰,4,7,0.0,42.86,14.29,57.14,0.144,0.09,0.19,42.86,0,0.0,C
4588.0,田　中　　京　介,1,7,57.14,14.29,0.0,71.43,0.133,0.07,0.23,14.29,0,0.0,C
4119.0,泥　谷　　一　毅,2,5,40.0,20.0,20.0,80.0,0.158,0.04,0.32,0.0,0,0.0,C
5022.0,伊　藤　　尚　汰,6,5,0.0,20.0,40.0,60.0,0.182,0.14,0.28,0.0,0,0.0,C
4046.0,谷　村　　啓　司,1,3,0.0,0.0,0.0,0.0,0.133,0.08,0.19,0.0,0,0.0,参考
4436.0,渋　谷　　明　憲,5,5,20.0,40.0,40.0,100.0,0.12,0.03,0.19,20.0,0,0.0,C
4572.0,渡　部　　　　悟,6,7,0.0,42.86,14.29,57.14,0.149,0.09,0.18,14.29,0,0.0,C
4042.0,丸　岡　　正　典,3,4,25.0,0.0,0.0,25.0,0.172,0.14,0.24,0.0,0,0.0,参考
4588.0,田　中　　京　介,2,6,50.0,16.67,0.0,66.67,0.138,0.02,0.19,50.0,0,0.0,C
4572.0,渡　部　　　　悟,3,9,22.22,22.22,0.0,44.44,0.162,0.07,0.32,0.0,0,0.0,C
4934.0,佐々木　　翔　斗,3,6,0.0,33.33,33.33,66.67,0.167,0.12,0.25,0.0,0,0.0,C
5049.0,松　井　　友　汰,5,5,0.0,0.0,40.0,40.0,0.192,0.12,0.32,0.0,0,0.0,C
4042.0,丸　岡　　正　典,1,4,75.0,25.0,0.0,100.0,0.098,0.04,0.14,50.0,0,0.0,参考
4119.0,泥　谷　　一　毅,1,4,75.0,0.0,0.0,75.0,0.155,0.06,0.22,25.0,0,0.0,参考
4042.0,丸　岡　　正　典,5,3,0.0,0.0,33.33,33.33,0.21,0.18,0.27,0.0,0,0.0,参考
4046.0,谷　村　　啓　司,6,3,0.0,0.0,0.0,0.0,0.223,0.15,0.29,0.0,0,0.0,参考
5049.0,松　井　　友　汰,3,7,28.57,28.57,14.29,71.43,0.133,0.01,0.28,28.57,0,0.0,C
4588.0,田　中　　京　介,6,7,0.0,28.57,28.57,57.14,0.157,0.13,0.19,0.0,0,0.0,C
5022.0,伊　藤　　尚　汰,1,7,28.57,14.29,14.29,57.14,0.181,0.06,0.27,28.57,0,0.0,C
4572.0,渡　部　　　　悟,4,7,0.0,14.29,28.57,42.86,0.144,0.06,0.28,14.29,0,0.0,C
4119.0,泥　谷　　一　毅,5,5,20.0,20.0,0.0,40.0,0.132,0.09,0.16,20.0,0,0.0,C
4934.0,佐々木　　翔　斗,1,4,25.0,75.0,0.0,100.0,0.163,0.09,0.24,25.0,0,0.0,参考
4934.0,佐々木　　翔　斗,4,6,16.67,83.33,0.0,100.0,0.16,0.1,0.28,0.0,0,0.0,C
5022.0,伊　藤　　尚　汰,5,9,0.0,11.11,22.22,33.33,0.143,0.05,0.21,0.0,0,0.0,C
5049.0,松　井　　友　汰,2,6,33.33,33.33,16.67,83.33,0.133,0.08,0.21,50.0,0,0.0,C
4956.0,齊　藤　　大　将,6,4,0.0,25.0,0.0,25.0,0.165,0.12,0.27,0.0,0,0.0,参考
5314.0,中　曽　　瑠　華,6,15,0.0,0.0,0.0,0.0,0.205,0.05,0.44,13.33,0,0.0,B
5310.0,土　屋　　　　蘭,6,9,0.0,0.0,0.0,0.0,0.257,0.1,0.38,0.0,0,0.0,C
4644.0,山　田　　亮　太,3,12,33.33,16.67,8.33,58.33,0.147,0.05,0.21,8.33,0,0.0,B
3869.0,井　芹　　大　志,6,5,0.0,0.0,0.0,0.0,0.256,0.17,0.31,0.0,0,0.0,C
4786.0,佐　藤　　博　亮,4,6,33.33,16.67,16.67,66.67,0.118,0.04,0.21,16.67,0,0.0,C
4703.0,森　永　　　　隆,1,5,80.0,0.0,20.0,100.0,0.114,0.05,0.19,20.0,0,0.0,C
5201.0,村　上　　宗太郎,2,8,0.0,12.5,50.0,62.5,0.164,0.06,0.24,25.0,0,0.0,C
4191.0,赤　羽　　克　也,6,6,0.0,16.67,0.0,16.67,0.13,0.04,0.31,0.0,0,0.0,C
3869.0,井　芹　　大　志,4,4,0.0,25.0,25.0,50.0,0.152,0.09,0.21,0.0,0,0.0,参考
4786.0,佐　藤　　博　亮,1,6,50.0,16.67,16.67,83.33,0.147,0.07,0.23,50.0,0,0.0,C
5066.0,鈴　木　　孝　明,6,6,16.67,16.67,16.67,50.0,0.18,0.09,0.36,33.33,0,0.0,C
4709.0,岡　村　　将　也,2,4,25.0,25.0,0.0,50.0,0.158,0.14,0.18,25.0,0,0.0,参考
4488.0,小　山　　　　勉,5,5,0.0,40.0,0.0,40.0,0.17,0.06,0.28,40.0,0,0.0,C
4191.0,赤　羽　　克　也,3,3,33.33,0.0,0.0,33.33,0.123,0.08,0.17,33.33,0,0.0,参考
4703.0,森　永　　　　隆,5,6,33.33,0.0,33.33,66.67,0.11,0.03,0.23,0.0,0,0.0,C
4644.0,山　田　　亮　太,2,6,0.0,33.33,16.67,50.0,0.162,0.09,0.23,0.0,0,0.0,C
4709.0,岡　村　　将　也,4,5,0.0,80.0,0.0,80.0,0.18,0.08,0.35,40.0,0,0.0,C
5279.0,石　渡　　翔一郎,2,5,20.0,20.0,20.0,60.0,0.158,0.11,0.18,60.0,0,0.0,C
5310.0,土　屋　　　　蘭,5,4,0.0,0.0,0.0,0.0,0.297,0.23,0.38,0.0,0,0.0,参考
5066.0,鈴　木　　孝　明,2,8,0.0,25.0,25.0,50.0,0.141,0.06,0.29,12.5,0,0.0,C
3869.0,井　芹　　大　志,3,6,0.0,0.0,33.33,33.33,0.207,0.15,0.25,0.0,0,0.0,C
4790.0,柳　内　　敬　太,4,5,20.0,20.0,0.0,40.0,0.126,0.09,0.16,20.0,0,0.0,C
4943.0,八　木　　治　樹,5,9,0.0,11.11,44.44,55.56,0.139,0.02,0.25,33.33,0,0.0,C
4191.0,赤　羽　　克　也,4,4,0.0,0.0,25.0,25.0,0.07,0.06,0.08,25.0,0,0.0,参考
4644.0,山　田　　亮　太,5,7,0.0,28.57,28.57,57.14,0.124,0.06,0.26,28.57,0,0.0,C
4703.0,森　永　　　　隆,6,4,0.0,0.0,25.0,25.0,0.135,0.06,0.25,75.0,0,0.0,参考
4709.0,岡　村　　将　也,1,3,33.33,0.0,0.0,33.33,0.163,0.13,0.19,33.33,0,0.0,参考
4786.0,佐　藤　　博　亮,2,5,60.0,20.0,0.0,80.0,0.112,0.07,0.17,20.0,0,0.0,C
4877.0,鈴　谷　　一　平,5,6,33.33,33.33,33.33,100.0,0.132,0.07,0.21,50.0,0,0.0,C
4488.0,小　山　　　　勉,1,3,33.33,33.33,33.33,100.0,0.13,0.1,0.15,0.0,0,0.0,参考
5066.0,鈴　木　　孝　明,3,11,9.09,27.27,9.09,45.45,0.159,0.05,0.43,18.18,0,0.0,B
4790.0,柳　内　　敬　太,2,4,50.0,0.0,25.0,75.0,0.155,0.06,0.27,50.0,0,0.0,参考
4419.0,原　　　　加央理,4,4,50.0,25.0,0.0,75.0,0.095,0.03,0.13,50.0,0,0.0,参考
5314.0,中　曽　　瑠　華,5,10,0.0,0.0,10.0,10.0,0.186,0.04,0.3,0.0,0,0.0,B
4488.0,小　山　　　　勉,2,6,0.0,50.0,16.67,66.67,0.19,0.08,0.26,0.0,0,0.0,C
4786.0,佐　藤　　博　亮,5,4,0.0,50.0,25.0,75.0,0.133,0.05,0.21,75.0,0,0.0,参考
4877.0,鈴　谷　　一　平,2,6,50.0,16.67,16.67,83.33,0.162,0.09,0.24,16.67,0,0.0,C
4644.0,山　田　　亮　太,4,13,23.08,7.69,15.38,46.15,0.156,0.08,0.29,15.38,0,0.0,B
4703.0,森　永　　　　隆,2,5,20.0,0.0,40.0,60.0,0.136,0.09,0.19,20.0,0,0.0,C
4709.0,岡　村　　将　也,3,6,16.67,66.67,16.67,100.0,0.163,0.08,0.25,0.0,0,0.0,C
5066.0,鈴　木　　孝　明,4,9,11.11,33.33,22.22,66.67,0.176,0.06,0.27,22.22,0,0.0,C
4191.0,赤　羽　　克　也,1,8,62.5,0.0,0.0,62.5,0.121,0.08,0.17,37.5,0,0.0,C
4943.0,八　木　　治　樹,2,10,20.0,30.0,30.0,80.0,0.123,0.05,0.21,40.0,0,0.0,B
3869.0,井　芹　　大　志,2,11,9.09,9.09,9.09,27.27,0.181,0.03,0.33,27.27,0,0.0,B
4594.0,谷　川　　祐　一,5,6,0.0,0.0,16.67,16.67,0.083,0.05,0.13,33.33,0,0.0,C
4644.0,山　田　　亮　太,1,12,58.33,16.67,8.33,83.33,0.151,0.04,0.31,25.0,0,0.0,B
4786.0,佐　藤　　博　亮,3,4,25.0,0.0,0.0,25.0,0.188,0.07,0.3,0.0,0,0.0,参考
5066.0,鈴　木　　孝　明,1,8,62.5,12.5,0.0,75.0,0.128,0.03,0.23,50.0,0,0.0,C
4703.0,森　永　　　　隆,3,3,0.0,33.33,33.33,66.67,0.143,0.09,0.22,0.0,0,0.0,参考
5279.0,石　渡　　翔一郎,3,6,33.33,16.67,0.0,50.0,0.172,0.11,0.25,33.33,0,0.0,C
4709.0,岡　村　　将　也,5,6,0.0,50.0,16.67,66.67,0.172,0.05,0.31,0.0,0,0.0,C
4488.0,小　山　　　　勉,6,6,0.0,33.33,0.0,33.33,0.28,0.18,0.41,0.0,0,0.0,C
3869.0,井　芹　　大　志,1,6,33.33,16.67,0.0,50.0,0.137,0.08,0.18,0.0,0,0.0,C
5279.0,石　渡　　翔一郎,1,4,25.0,25.0,0.0,50.0,0.152,0.11,0.23,50.0,0,0.0,参考
4191.0,赤　羽　　克　也,2,3,33.33,33.33,0.0,66.67,0.133,0.08,0.21,0.0,0,0.0,参考
3869.0,井　芹　　大　志,5,7,0.0,0.0,42.86,42.86,0.163,0.11,0.23,14.29,0,0.0,C
4703.0,森　永　　　　隆,4,4,0.0,25.0,25.0,50.0,0.138,0.09,0.23,25.0,0,0.0,参考
4786.0,佐　藤　　博　亮,6,6,33.33,16.67,33.33,83.33,0.12,0.06,0.2,50.0,0,0.0,C
4790.0,柳　内　　敬　太,5,3,33.33,33.33,0.0,66.67,0.17,0.11,0.21,66.67,0,0.0,参考
4644.0,山　田　　亮　太,6,7,0.0,14.29,14.29,28.57,0.127,0.05,0.17,14.29,0,0.0,C
4709.0,岡　村　　将　也,6,3,0.0,0.0,33.33,33.33,0.12,0.09,0.15,0.0,0,0.0,参考
5066.0,鈴　木　　孝　明,5,8,37.5,12.5,12.5,62.5,0.109,0.04,0.19,50.0,0,0.0,C
4240.0,今　井　　裕　梨,4,7,28.57,28.57,0.0,57.14,0.121,0.04,0.16,28.57,0,0.0,C
4081.0,樋　口　　範　政,1,7,14.29,28.57,42.86,85.71,0.173,0.07,0.25,0.0,0,0.0,C
5000.0,岡　本　　翔太郎,2,3,0.0,0.0,33.33,33.33,0.14,0.06,0.27,66.67,0,0.0,参考
5034.0,若　林　　義　人,4,8,50.0,12.5,25.0,87.5,0.111,0.04,0.22,75.0,0,0.0,C
5231.0,寺　田　　空　詩,5,3,0.0,0.0,0.0,0.0,0.213,0.12,0.27,0.0,0,0.0,参考
4957.0,竹之内　　　　極,1,5,80.0,20.0,0.0,100.0,0.136,0.05,0.25,40.0,0,0.0,C
4413.0,水　摩　　　　敦,2,3,0.0,66.67,33.33,100.0,0.167,0.14,0.19,0.0,0,0.0,参考
5193.0,米　丸　　乃　絵,3,3,0.0,33.33,0.0,33.33,0.163,0.12,0.2,0.0,0,0.0,参考
4240.0,今　井　　裕　梨,1,6,66.67,16.67,0.0,83.33,0.147,0.08,0.22,50.0,0,0.0,C
4957.0,竹之内　　　　極,3,9,0.0,33.33,33.33,66.67,0.159,0.06,0.24,0.0,0,0.0,C
5034.0,若　林　　義　人,6,4,25.0,0.0,25.0,50.0,0.133,0.11,0.16,0.0,0,0.0,参考
5068.0,前　田　　　　滉,5,4,25.0,0.0,50.0,75.0,0.175,0.14,0.2,25.0,0,0.0,参考
5231.0,寺　田　　空　詩,4,3,0.0,0.0,33.33,33.33,0.227,0.12,0.32,0.0,0,0.0,参考
5068.0,前　田　　　　滉,4,5,0.0,0.0,20.0,20.0,0.132,0.09,0.21,40.0,0,0.0,C
4240.0,今　井　　裕　梨,2,5,20.0,40.0,40.0,100.0,0.19,0.14,0.22,20.0,0,0.0,C
4957.0,竹之内　　　　極,6,4,25.0,0.0,25.0,50.0,0.15,0.06,0.21,25.0,0,0.0,参考
4413.0,水　摩　　　　敦,3,3,33.33,0.0,0.0,33.33,0.183,0.17,0.2,0.0,0,0.0,参考
5000.0,岡　本　　翔太郎,4,3,0.0,0.0,33.33,33.33,0.167,0.15,0.18,33.33,0,0.0,参考
4957.0,竹之内　　　　極,4,6,16.67,0.0,16.67,33.33,0.198,0.12,0.29,0.0,0,0.0,C
5068.0,前　田　　　　滉,1,5,60.0,20.0,0.0,80.0,0.192,0.09,0.29,40.0,0,0.0,C
5034.0,若　林　　義　人,3,5,40.0,40.0,0.0,80.0,0.134,0.06,0.22,20.0,0,0.0,C
4240.0,今　井　　裕　梨,5,4,0.0,0.0,50.0,50.0,0.11,0.03,0.17,25.0,0,0.0,参考
5068.0,前　田　　　　滉,6,3,0.0,0.0,33.33,33.33,0.18,0.16,0.19,0.0,0,0.0,参考
5231.0,寺　田　　空　詩,2,4,25.0,25.0,25.0,75.0,0.25,0.15,0.4,0.0,0,0.0,参考
4240.0,今　井　　裕　梨,6,6,0.0,0.0,16.67,16.67,0.142,0.11,0.19,16.67,0,0.0,C
5034.0,若　林　　義　人,1,5,40.0,0.0,40.0,80.0,0.134,0.11,0.17,40.0,0,0.0,C
5068.0,前　田　　　　滉,2,4,50.0,0.0,50.0,100.0,0.152,0.13,0.19,0.0,0,0.0,参考
4733.0,赤　井　　　　睦,1,3,33.33,33.33,0.0,66.67,0.117,0.09,0.14,33.33,0,0.0,参考
3935.0,岩　津　　徹　郎,2,5,0.0,40.0,20.0,60.0,0.13,0.03,0.24,0.0,0,0.0,C
3809.0,吉　田　　　　光,4,4,0.0,25.0,25.0,50.0,0.103,0.03,0.2,25.0,0,0.0,参考
5322.0,根　岸　　真　優,6,6,0.0,0.0,0.0,0.0,0.18,0.04,0.31,50.0,0,0.0,C
5220.0,青　木　　　　蓮,5,3,0.0,0.0,33.33,33.33,0.193,0.09,0.28,0.0,0,0.0,参考
5177.0,松　井　　貫　太,6,4,25.0,0.0,25.0,50.0,0.242,0.09,0.4,0.0,0,0.0,参考
5327.0,西　田　　和　加,6,14,0.0,0.0,0.0,0.0,0.354,0.2,0.59,0.0,0,0.0,B
5186.0,遠　藤　　圭　吾,1,7,14.29,14.29,28.57,57.14,0.18,0.09,0.25,0.0,0,0.0,C
5212.0,西　川　　拓　利,6,4,0.0,0.0,0.0,0.0,0.175,0.14,0.23,25.0,0,0.0,参考
5207.0,高　山　　敬　悟,6,3,0.0,0.0,33.33,33.33,0.147,0.13,0.17,0.0,0,0.0,参考
3935.0,岩　津　　徹　郎,4,4,0.0,0.0,25.0,25.0,0.152,0.12,0.19,0.0,0,0.0,参考
5077.0,滝　沢　　　　崚,6,5,0.0,0.0,20.0,20.0,0.144,0.09,0.21,20.0,0,0.0,C
5220.0,青　木　　　　蓮,2,3,0.0,33.33,33.33,66.67,0.193,0.16,0.26,0.0,0,0.0,参考
5207.0,高　山　　敬　悟,5,5,0.0,20.0,0.0,20.0,0.138,0.07,0.25,20.0,0,0.0,C
5077.0,滝　沢　　　　崚,2,5,20.0,20.0,0.0,40.0,0.214,0.19,0.26,0.0,0,0.0,C
5186.0,遠　藤　　圭　吾,3,7,14.29,0.0,0.0,14.29,0.24,0.11,0.57,0.0,0,0.0,C
5177.0,松　井　　貫　太,3,7,14.29,14.29,28.57,57.14,0.196,0.07,0.52,0.0,0,0.0,C
5322.0,根　岸　　真　優,5,7,0.0,0.0,14.29,14.29,0.146,0.09,0.2,14.29,0,0.0,C
3935.0,岩　津　　徹　郎,3,4,0.0,25.0,25.0,50.0,0.22,0.13,0.26,0.0,0,0.0,参考
5220.0,青　木　　　　蓮,4,3,0.0,0.0,66.67,66.67,0.147,0.09,0.21,0.0,0,0.0,参考
5207.0,高　山　　敬　悟,1,3,0.0,0.0,0.0,0.0,0.203,0.15,0.25,33.33,0,0.0,参考
5177.0,松　井　　貫　太,2,5,0.0,20.0,0.0,20.0,0.18,0.11,0.25,0.0,0,0.0,C
5077.0,滝　沢　　　　崚,3,7,0.0,0.0,28.57,28.57,0.167,0.11,0.22,14.29,0,0.0,C
5186.0,遠　藤　　圭　吾,5,7,0.0,14.29,14.29,28.57,0.164,0.05,0.28,14.29,0,0.0,C
3935.0,岩　津　　徹　郎,1,3,0.0,0.0,0.0,0.0,0.153,0.11,0.18,0.0,0,0.0,参考
5177.0,松　井　　貫　太,1,3,33.33,0.0,33.33,66.67,0.197,0.17,0.22,33.33,0,0.0,参考
5077.0,滝　沢　　　　崚,4,5,0.0,0.0,20.0,20.0,0.138,0.09,0.28,20.0,0,0.0,C
4230.0,濱　崎　　直　矢,5,3,33.33,0.0,0.0,33.33,0.227,0.13,0.29,0.0,0,0.0,参考
5186.0,遠　藤　　圭　吾,4,5,0.0,20.0,20.0,40.0,0.154,0.12,0.18,0.0,0,0.0,C
5207.0,高　山　　敬　悟,4,5,0.0,20.0,20.0,40.0,0.116,0.09,0.15,40.0,0,0.0,C
3935.0,岩　津　　徹　郎,5,3,0.0,0.0,0.0,0.0,0.193,0.12,0.26,0.0,0,0.0,参考
5327.0,西　田　　和　加,5,10,0.0,0.0,0.0,0.0,0.239,0.09,0.36,0.0,0,0.0,B
5177.0,松　井　　貫　太,4,5,0.0,0.0,0.0,0.0,0.204,0.14,0.29,0.0,0,0.0,C
5186.0,遠　藤　　圭　吾,6,9,0.0,11.11,11.11,22.22,0.156,0.06,0.26,11.11,0,0.0,C
5207.0,高　山　　敬　悟,2,5,40.0,0.0,20.0,60.0,0.142,0.04,0.22,0.0,0,0.0,C
5077.0,滝　沢　　　　崚,1,5,20.0,20.0,0.0,40.0,0.278,0.11,0.58,0.0,0,0.0,C
5186.0,遠　藤　　圭　吾,2,9,0.0,22.22,11.11,33.33,0.171,0.08,0.24,11.11,0,0.0,C
5177.0,松　井　　貫　太,5,4,25.0,0.0,0.0,25.0,0.18,0.12,0.25,0.0,0,0.0,参考
5207.0,高　山　　敬　悟,3,5,0.0,0.0,0.0,0.0,0.202,0.09,0.27,0.0,0,0.0,C
5290.0,坂　本　　一　真,4,5,20.0,0.0,0.0,20.0,0.19,0.08,0.3,0.0,0,0.0,C
5259.0,野　田　　昇　吾,4,4,0.0,0.0,0.0,0.0,0.152,0.11,0.18,25.0,0,0.0,参考
5290.0,坂　本　　一　真,5,8,0.0,0.0,0.0,0.0,0.152,0.01,0.28,12.5,0,0.0,C
4464.0,山　下　　友　貴,1,4,75.0,25.0,0.0,100.0,0.158,0.12,0.2,50.0,0,0.0,参考
5320.0,岩　崎　　麗　子,6,15,0.0,0.0,0.0,0.0,0.167,0.04,0.3,20.0,0,0.0,B
3642.0,大　塚　　浩　二,3,4,0.0,0.0,0.0,0.0,0.138,0.07,0.22,25.0,0,0.0,参考
4422.0,永　井　　亮　次,4,5,0.0,20.0,0.0,20.0,0.184,0.12,0.24,0.0,0,0.0,C
4952.0,吉　武　　真　也,3,4,0.0,50.0,25.0,75.0,0.17,0.13,0.21,25.0,0,0.0,参考
3516.0,吉　原　　聖　人,5,5,0.0,0.0,20.0,20.0,0.19,0.15,0.23,40.0,0,0.0,C
4464.0,山　下　　友　貴,2,5,0.0,40.0,20.0,60.0,0.16,0.06,0.23,0.0,0,0.0,C
4903.0,吉　田　　凌太朗,3,6,33.33,0.0,33.33,66.67,0.152,0.06,0.29,33.33,0,0.0,C
4809.0,外　崎　　　　悟,2,11,9.09,27.27,9.09,45.45,0.192,0.11,0.27,0.0,0,0.0,B
3516.0,吉　原　　聖　人,2,6,33.33,0.0,33.33,66.67,0.22,0.15,0.36,16.67,0,0.0,C
5320.0,岩　崎　　麗　子,5,9,0.0,0.0,0.0,0.0,0.167,0.09,0.26,0.0,0,0.0,C
3642.0,大　塚　　浩　二,4,4,0.0,0.0,0.0,0.0,0.147,0.06,0.27,0.0,0,0.0,参考
4903.0,吉　田　　凌太朗,5,4,0.0,0.0,50.0,50.0,0.193,0.13,0.26,0.0,0,0.0,参考
3642.0,大　塚　　浩　二,1,4,0.0,50.0,25.0,75.0,0.095,0.04,0.17,50.0,0,0.0,参考
4771.0,下　寺　　秀　和,2,4,75.0,0.0,0.0,75.0,0.103,0.09,0.11,0.0,0,0.0,参考
3516.0,吉　原　　聖　人,3,4,25.0,50.0,0.0,75.0,0.193,0.14,0.25,25.0,0,0.0,参考
4809.0,外　崎　　　　悟,1,7,42.86,28.57,0.0,71.43,0.137,0.06,0.22,14.29,0,0.0,C
4952.0,吉　武　　真　也,4,3,0.0,33.33,0.0,33.33,0.21,0.16,0.25,0.0,0,0.0,参考
4464.0,山　下　　友　貴,5,4,0.0,0.0,0.0,0.0,0.245,0.23,0.27,0.0,0,0.0,参考
4771.0,下　寺　　秀　和,1,5,60.0,0.0,20.0,80.0,0.162,0.11,0.23,40.0,0,0.0,C
4464.0,山　下　　友　貴,4,7,28.57,0.0,0.0,28.57,0.204,0.17,0.27,14.29,0,0.0,C
3516.0,吉　原　　聖　人,6,3,0.0,0.0,33.33,33.33,0.197,0.18,0.21,0.0,0,0.0,参考
4903.0,吉　田　　凌太朗,4,3,0.0,33.33,33.33,66.67,0.18,0.15,0.21,33.33,0,0.0,参考
3642.0,大　塚　　浩　二,5,4,0.0,0.0,25.0,25.0,0.145,0.1,0.19,25.0,0,0.0,参考
4464.0,山　下　　友　貴,3,6,33.33,0.0,0.0,33.33,0.155,0.09,0.28,16.67,0,0.0,C
4708.0,半　田　　尚　也,4,5,20.0,0.0,40.0,60.0,0.138,0.09,0.24,0.0,0,0.0,C
3642.0,大　塚　　浩　二,2,6,0.0,33.33,16.67,50.0,0.11,0.04,0.2,50.0,0,0.0,C
4596.0,葛　原　　大　陽,5,4,50.0,0.0,25.0,75.0,0.098,0.08,0.13,25.0,0,0.0,参考
3516.0,吉　原　　聖　人,4,4,25.0,25.0,0.0,50.0,0.193,0.14,0.25,0.0,0,0.0,参考
4464.0,山　下　　友　貴,6,3,0.0,0.0,0.0,0.0,0.21,0.16,0.25,0.0,0,0.0,参考
4771.0,下　寺　　秀　和,3,3,33.33,66.67,0.0,100.0,0.093,0.04,0.16,66.67,0,0.0,参考
4952.0,吉　武　　真　也,2,3,0.0,0.0,66.67,66.67,0.157,0.11,0.19,33.33,0,0.0,参考
3516.0,吉　原　　聖　人,1,4,25.0,25.0,0.0,50.0,0.177,0.13,0.21,0.0,0,0.0,参考
4903.0,吉　田　　凌太朗,2,4,25.0,25.0,25.0,75.0,0.143,0.1,0.22,25.0,0,0.0,参考
3642.0,大　塚　　浩　二,6,4,0.0,0.0,0.0,0.0,0.177,0.1,0.26,25.0,0,0.0,参考
4781.0,西　舘　　果　里,2,4,0.0,25.0,25.0,50.0,0.16,0.1,0.22,0.0,0,0.0,参考
3503.0,堂　原　　洋　史,3,4,0.0,25.0,0.0,25.0,0.14,0.05,0.23,25.0,0,0.0,参考
5306.0,河　内　　悠利杏,4,5,0.0,0.0,0.0,0.0,0.166,0.14,0.19,0.0,0,0.0,C
3339.0,泉　　　　具　巳,3,5,0.0,20.0,40.0,60.0,0.122,0.05,0.2,20.0,0,0.0,C
5315.0,浅　井　　　　翼,6,19,0.0,0.0,5.26,5.26,0.174,0.01,0.47,31.58,0,0.0,B
3339.0,泉　　　　具　巳,2,7,0.0,0.0,42.86,42.86,0.117,0.03,0.18,14.29,0,0.0,C
4888.0,金　児　　隆　太,6,8,0.0,0.0,12.5,12.5,0.194,0.09,0.3,0.0,0,0.0,C
4505.0,島　田　　賢　人,3,4,50.0,0.0,25.0,75.0,0.193,0.12,0.25,0.0,0,0.0,参考
3503.0,堂　原　　洋　史,1,3,33.33,0.0,33.33,66.67,0.15,0.13,0.18,33.33,0,0.0,参考
4888.0,金　児　　隆　太,2,9,22.22,22.22,11.11,55.56,0.159,0.05,0.24,11.11,0,0.0,C
5295.0,田　上　　　　凜,5,6,0.0,0.0,0.0,0.0,0.24,0.14,0.35,0.0,0,0.0,C
4781.0,西　舘　　果　里,4,3,0.0,33.33,0.0,33.33,0.2,0.05,0.29,33.33,0,0.0,参考
5315.0,浅　井　　　　翼,5,11,9.09,0.0,0.0,9.09,0.163,0.02,0.29,45.45,0,0.0,B
4781.0,西　舘　　果　里,5,4,0.0,0.0,0.0,0.0,0.193,0.11,0.31,25.0,0,0.0,参考
4888.0,金　児　　隆　太,1,9,66.67,0.0,22.22,88.89,0.138,0.05,0.21,0.0,0,0.0,C
3339.0,泉　　　　具　巳,5,4,0.0,50.0,0.0,50.0,0.11,0.06,0.14,75.0,0,0.0,参考
3339.0,泉　　　　具　巳,1,4,25.0,25.0,25.0,75.0,0.18,0.13,0.21,0.0,0,0.0,参考
3503.0,堂　原　　洋　史,6,3,0.0,0.0,0.0,0.0,0.217,0.16,0.27,0.0,0,0.0,参考
3339.0,泉　　　　具　巳,4,5,40.0,0.0,0.0,40.0,0.088,0.05,0.17,40.0,0,0.0,C
3503.0,堂　原　　洋　史,2,5,0.0,0.0,20.0,20.0,0.102,0.07,0.13,0.0,0,0.0,C
4888.0,金　児　　隆　太,4,6,16.67,16.67,16.67,50.0,0.16,0.1,0.21,33.33,0,0.0,C
4407.0,鹿　島　　敏　弘,5,4,0.0,50.0,0.0,50.0,0.212,0.18,0.24,0.0,0,0.0,参考
4781.0,西　舘　　果　里,1,3,33.33,0.0,0.0,33.33,0.177,0.08,0.28,33.33,0,0.0,参考
4888.0,金　児　　隆　太,3,5,40.0,0.0,40.0,80.0,0.138,0.09,0.21,0.0,0,0.0,C
3339.0,泉　　　　具　巳,6,3,0.0,0.0,33.33,33.33,0.127,0.1,0.16,33.33,0,0.0,参考
3503.0,堂　原　　洋　史,4,4,0.0,0.0,25.0,25.0,0.147,0.07,0.21,25.0,0,0.0,参考
4888.0,金　児　　隆　太,5,9,0.0,11.11,22.22,33.33,0.161,0.1,0.23,0.0,0,0.0,C
5295.0,田　上　　　　凜,6,8,0.0,0.0,0.0,0.0,0.194,0.08,0.29,0.0,0,0.0,C
5331.0,佐　藤　　永　梧,6,12,0.0,0.0,8.33,8.33,0.118,0.01,0.23,33.33,0,0.0,B
4465.0,大　西　　　　賢,2,5,0.0,20.0,20.0,40.0,0.204,0.16,0.26,20.0,0,0.0,C
5331.0,佐　藤　　永　梧,5,7,0.0,0.0,14.29,14.29,0.16,0.06,0.3,28.57,0,0.0,C
4615.0,板　倉　　敦　史,4,10,0.0,10.0,10.0,20.0,0.187,0.12,0.3,0.0,0,0.0,B
3857.0,阿　波　　勝　哉,2,4,0.0,25.0,25.0,50.0,0.198,0.16,0.22,0.0,0,0.0,参考
3857.0,阿　波　　勝　哉,1,5,0.0,40.0,40.0,80.0,0.196,0.13,0.3,0.0,0,0.0,C
5167.0,小　川　　竜太朗,3,6,0.0,16.67,16.67,33.33,0.145,0.03,0.21,16.67,0,0.0,C
5130.0,上　野　　拓　馬,4,6,0.0,0.0,0.0,0.0,0.178,0.07,0.25,16.67,0,0.0,C
5020.0,宮　村　　勇　哉,5,4,0.0,0.0,0.0,0.0,0.177,0.06,0.28,25.0,0,0.0,参考
3982.0,福　田　　　　理,6,3,0.0,0.0,33.33,33.33,0.237,0.12,0.39,66.67,0,0.0,参考
5130.0,上　野　　拓　馬,5,7,0.0,14.29,42.86,57.14,0.207,0.14,0.31,0.0,0,0.0,C
5020.0,宮　村　　勇　哉,3,4,25.0,25.0,25.0,75.0,0.1,0.04,0.14,50.0,0,0.0,参考
3828.0,明　石　　正　之,5,3,33.33,0.0,33.33,66.67,0.213,0.11,0.37,0.0,0,0.0,参考
5130.0,上　野　　拓　馬,2,6,0.0,16.67,16.67,33.33,0.17,0.12,0.23,0.0,0,0.0,C
5167.0,小　川　　竜太朗,2,4,0.0,25.0,25.0,50.0,0.11,0.07,0.15,0.0,0,0.0,参考
4181.0,花　本　　夏　樹,6,4,0.0,25.0,25.0,50.0,0.225,0.18,0.29,0.0,0,0.0,参考
5130.0,上　野　　拓　馬,3,5,0.0,0.0,0.0,0.0,0.174,0.1,0.23,0.0,0,0.0,C
5167.0,小　川　　竜太朗,4,7,0.0,0.0,14.29,14.29,0.163,0.09,0.23,14.29,0,0.0,C
4181.0,花　本　　夏　樹,4,5,0.0,20.0,20.0,40.0,0.23,0.19,0.32,0.0,0,0.0,C
5167.0,小　川　　竜太朗,5,5,0.0,0.0,0.0,0.0,0.122,0.02,0.25,60.0,0,0.0,C
4058.0,野　末　　智　一,3,3,33.33,0.0,0.0,33.33,0.21,0.19,0.22,33.33,0,0.0,参考
5020.0,宮　村　　勇　哉,1,3,33.33,0.0,0.0,33.33,0.19,0.08,0.3,33.33,0,0.0,参考
5294.0,豊　田　　祥　生,4,7,14.29,0.0,14.29,28.57,0.15,0.06,0.32,28.57,0,0.0,C
4181.0,花　本　　夏　樹,5,4,0.0,0.0,0.0,0.0,0.242,0.19,0.29,0.0,0,0.0,参考
5167.0,小　川　　竜太朗,1,6,33.33,0.0,16.67,50.0,0.193,0.11,0.34,16.67,0,0.0,C
5130.0,上　野　　拓　馬,1,5,20.0,20.0,20.0,60.0,0.196,0.11,0.33,0.0,0,0.0,C
5256.0,中　山　　翔　太,1,3,33.33,0.0,33.33,66.67,0.11,0.1,0.12,33.33,0,0.0,参考
4931.0,木　谷　　賢　太,3,4,25.0,25.0,25.0,75.0,0.14,0.03,0.19,0.0,0,0.0,参考
5313.0,鈴　木　　唯　央,6,21,0.0,0.0,4.76,4.76,0.166,0.06,0.3,19.05,0,0.0,A
4261.0,岡　　　　祐　臣,2,6,0.0,16.67,33.33,50.0,0.18,0.11,0.25,16.67,0,0.0,C
4754.0,松　尾　　　　充,4,6,16.67,0.0,50.0,66.67,0.142,0.08,0.21,16.67,0,0.0,C
4213.0,重　富　　伸　也,6,4,0.0,0.0,25.0,25.0,0.147,0.09,0.18,0.0,0,0.0,参考
5256.0,中　山　　翔　太,3,3,33.33,0.0,0.0,33.33,0.16,0.09,0.21,0.0,0,0.0,参考
5018.0,竹　下　　大　樹,1,6,16.67,50.0,16.67,83.33,0.147,0.07,0.26,16.67,0,0.0,C
4931.0,木　谷　　賢　太,1,4,50.0,0.0,0.0,50.0,0.12,0.08,0.16,25.0,0,0.0,参考
4985.0,井　本　　昌　也,5,7,0.0,28.57,28.57,57.14,0.114,0.04,0.23,42.86,0,0.0,C
4754.0,松　尾　　　　充,1,7,28.57,0.0,14.29,42.86,0.153,0.11,0.22,28.57,0,0.0,C
4725.0,佐　竹　　太　一,2,3,0.0,0.0,0.0,0.0,0.243,0.16,0.37,0.0,0,0.0,参考
4985.0,井　本　　昌　也,2,8,25.0,25.0,25.0,75.0,0.131,0.09,0.19,12.5,0,0.0,C
4213.0,重　富　　伸　也,5,5,20.0,20.0,0.0,40.0,0.142,0.03,0.18,20.0,0,0.0,C
5288.0,尾　道　　佳　諭,4,7,0.0,0.0,0.0,0.0,0.273,0.07,0.59,28.57,0,0.0,C
4754.0,松　尾　　　　充,5,6,16.67,0.0,16.67,33.33,0.13,0.07,0.23,0.0,0,0.0,C
5313.0,鈴　木　　唯　央,5,11,0.0,0.0,0.0,0.0,0.194,0.12,0.35,18.18,0,0.0,B
4973.0,栗　原　　直　也,2,3,33.33,33.33,0.0,66.67,0.217,0.2,0.23,0.0,0,0.0,参考
5018.0,竹　下　　大　樹,3,6,33.33,16.67,33.33,83.33,0.188,0.05,0.31,0.0,0,0.0,C
4931.0,木　谷　　賢　太,4,3,0.0,33.33,0.0,33.33,0.267,0.19,0.39,0.0,0,0.0,参考
4725.0,佐　竹　　太　一,5,3,0.0,0.0,33.33,33.33,0.127,0.1,0.15,0.0,0,0.0,参考
4985.0,井　本　　昌　也,1,8,62.5,12.5,12.5,87.5,0.151,0.07,0.24,37.5,0,0.0,C
4754.0,松　尾　　　　充,2,8,0.0,12.5,12.5,25.0,0.135,0.07,0.19,12.5,0,0.0,C
4213.0,重　富　　伸　也,2,3,0.0,0.0,33.33,33.33,0.18,0.1,0.31,33.33,0,0.0,参考
5018.0,竹　下　　大　樹,5,4,0.0,25.0,25.0,50.0,0.172,0.12,0.27,0.0,0,0.0,参考
4931.0,木　谷　　賢　太,2,5,20.0,20.0,0.0,40.0,0.136,0.04,0.21,20.0,0,0.0,C
4725.0,佐　竹　　太　一,6,5,20.0,0.0,20.0,40.0,0.208,0.14,0.25,0.0,0,0.0,C
4213.0,重　富　　伸　也,3,3,66.67,0.0,33.33,100.0,0.067,0.05,0.09,33.33,0,0.0,参考
5018.0,竹　下　　大　樹,4,6,0.0,0.0,33.33,33.33,0.148,0.11,0.19,0.0,0,0.0,C
4261.0,岡　　　　祐　臣,5,6,0.0,33.33,16.67,50.0,0.125,0.03,0.2,33.33,0,0.0,C
4985.0,井　本　　昌　也,4,5,40.0,20.0,20.0,80.0,0.124,0.06,0.17,80.0,0,0.0,C
5060.0,数　原　　　　魁,2,3,33.33,66.67,0.0,100.0,0.237,0.15,0.29,33.33,0,0.0,参考
4213.0,重　富　　伸　也,4,3,0.0,0.0,33.33,33.33,0.22,0.14,0.27,0.0,0,0.0,参考
4754.0,松　尾　　　　充,3,7,0.0,28.57,14.29,42.86,0.163,0.04,0.25,28.57,0,0.0,C
5018.0,竹　下　　大　樹,2,3,0.0,0.0,33.33,33.33,0.19,0.13,0.26,0.0,0,0.0,参考
4973.0,栗　原　　直　也,3,3,0.0,0.0,0.0,0.0,0.223,0.17,0.26,0.0,0,0.0,参考
4931.0,木　谷　　賢　太,5,5,60.0,0.0,0.0,60.0,0.148,0.08,0.21,20.0,0,0.0,C
4985.0,井　本　　昌　也,3,4,25.0,25.0,25.0,75.0,0.128,0.09,0.21,50.0,0,0.0,参考
4754.0,松　尾　　　　充,6,9,0.0,22.22,22.22,44.44,0.149,0.04,0.24,33.33,0,0.0,C
5018.0,竹　下　　大　樹,6,6,16.67,33.33,33.33,83.33,0.165,0.09,0.21,16.67,0,0.0,C
4985.0,井　本　　昌　也,6,5,0.0,0.0,40.0,40.0,0.134,0.08,0.17,0.0,0,0.0,C
4931.0,木　谷　　賢　太,6,3,0.0,33.33,33.33,66.67,0.247,0.17,0.32,0.0,0,0.0,参考
5292.0,佐　藤　　右　京,4,9,0.0,0.0,0.0,0.0,0.239,0.04,0.41,11.11,0,0.0,C
3952.0,中　澤　　和　志,3,4,25.0,50.0,25.0,100.0,0.15,0.11,0.25,0.0,0,0.0,参考
5141.0,大　澤　　風　葵,6,6,0.0,50.0,50.0,100.0,0.118,0.08,0.16,16.67,0,0.0,C
5042.0,畑　田　　汰　一,5,5,20.0,0.0,0.0,20.0,0.124,0.07,0.26,40.0,0,0.0,C
4738.0,清　埜　　翔　子,4,4,25.0,0.0,25.0,50.0,0.13,0.11,0.17,0.0,0,0.0,参考
5051.0,松　本　　純　平,5,6,0.0,33.33,0.0,33.33,0.095,0.08,0.15,33.33,0,0.0,C
3952.0,中　澤　　和　志,5,9,0.0,44.44,11.11,55.56,0.097,0.04,0.17,66.67,0,0.0,C
5051.0,松　本　　純　平,2,6,33.33,50.0,16.67,100.0,0.142,0.09,0.18,0.0,0,0.0,C
4738.0,清　埜　　翔　子,6,5,40.0,0.0,20.0,60.0,0.14,0.05,0.27,20.0,0,0.0,C
3952.0,中　澤　　和　志,1,7,57.14,0.0,14.29,71.43,0.119,0.05,0.2,28.57,0,0.0,C
5042.0,畑　田　　汰　一,6,3,0.0,0.0,0.0,0.0,0.117,0.11,0.13,0.0,0,0.0,参考
5051.0,松　本　　純　平,1,8,62.5,25.0,12.5,100.0,0.139,0.1,0.22,37.5,0,0.0,C
4428.0,有　賀　　達　也,3,4,0.0,25.0,25.0,50.0,0.103,0.04,0.16,25.0,0,0.0,参考
4738.0,清　埜　　翔　子,2,4,25.0,0.0,50.0,75.0,0.125,0.09,0.2,100.0,0,0.0,参考
5141.0,大　澤　　風　葵,2,5,20.0,20.0,0.0,40.0,0.152,0.11,0.2,20.0,0,0.0,C
5042.0,畑　田　　汰　一,4,6,16.67,0.0,66.67,83.33,0.112,0.1,0.14,50.0,0,0.0,C
5042.0,畑　田　　汰　一,1,3,33.33,0.0,0.0,33.33,0.103,0.05,0.15,0.0,0,0.0,参考
4738.0,清　埜　　翔　子,3,5,40.0,20.0,20.0,80.0,0.1,0.07,0.15,40.0,0,0.0,C
5141.0,大　澤　　風　葵,4,7,0.0,28.57,14.29,42.86,0.116,0.04,0.17,28.57,0,0.0,C
5051.0,松　本　　純　平,4,5,40.0,0.0,0.0,40.0,0.168,0.14,0.18,40.0,0,0.0,C
3952.0,中　澤　　和　志,2,7,28.57,28.57,14.29,71.43,0.124,0.07,0.17,14.29,0,0.0,C
3952.0,中　澤　　和　志,4,5,40.0,20.0,20.0,80.0,0.138,0.12,0.15,0.0,0,0.0,C
4738.0,清　埜　　翔　子,1,7,71.43,14.29,0.0,85.71,0.141,0.1,0.2,14.29,0,0.0,C
5042.0,畑　田　　汰　一,2,5,20.0,20.0,20.0,60.0,0.12,0.08,0.18,40.0,0,0.0,C
3952.0,中　澤　　和　志,6,7,0.0,28.57,42.86,71.43,0.093,0.06,0.13,71.43,0,0.0,C
5051.0,松　本　　純　平,6,5,0.0,20.0,0.0,20.0,0.156,0.08,0.23,0.0,0,0.0,C
4738.0,清　埜　　翔　子,5,4,0.0,0.0,0.0,0.0,0.147,0.12,0.18,0.0,0,0.0,参考
4960.0,黒　野　　元　基,4,3,66.67,0.0,0.0,66.67,0.097,0.08,0.11,66.67,0,0.0,参考
5321.0,一　色　　颯　輝,6,8,0.0,0.0,12.5,12.5,0.22,0.1,0.38,0.0,0,0.0,C
4908.0,上　田　　龍　星,1,7,57.14,0.0,14.29,71.43,0.114,0.03,0.18,42.86,0,0.0,C
4914.0,吉　田　　裕　平,2,5,20.0,20.0,20.0,60.0,0.19,0.12,0.25,0.0,0,0.0,C
3643.0,米　田　　隆　弘,5,3,0.0,0.0,0.0,0.0,0.17,0.09,0.24,33.33,0,0.0,参考
5245.0,倉　富　　大　誠,4,9,0.0,0.0,11.11,11.11,0.208,0.09,0.3,0.0,0,0.0,C
3558.0,山　本　　浩　次,5,3,33.33,0.0,0.0,33.33,0.16,0.14,0.19,0.0,0,0.0,参考
4967.0,中　村　　魁　生,5,4,0.0,25.0,25.0,50.0,0.09,0.01,0.14,50.0,0,0.0,参考
4960.0,黒　野　　元　基,6,6,33.33,33.33,0.0,66.67,0.09,0.04,0.12,50.0,0,0.0,C
4908.0,上　田　　龍　星,4,4,0.0,0.0,25.0,25.0,0.103,0.08,0.13,50.0,0,0.0,参考
3643.0,米　田　　隆　弘,3,4,0.0,0.0,25.0,25.0,0.177,0.12,0.2,0.0,0,0.0,参考
4960.0,黒　野　　元　基,2,6,33.33,16.67,16.67,66.67,0.135,0.09,0.19,16.67,0,0.0,C
5058.0,前　原　　大　道,5,4,0.0,0.0,25.0,25.0,0.208,0.16,0.26,0.0,0,0.0,参考
4967.0,中　村　　魁　生,2,5,20.0,40.0,0.0,60.0,0.136,0.08,0.2,0.0,0,0.0,C
4908.0,上　田　　龍　星,6,5,20.0,40.0,20.0,80.0,0.128,0.02,0.19,40.0,0,0.0,C
4914.0,吉　田　　裕　平,1,4,75.0,0.0,25.0,100.0,0.165,0.1,0.33,25.0,0,0.0,参考
3558.0,山　本　　浩　次,2,5,0.0,20.0,40.0,60.0,0.22,0.18,0.33,0.0,0,0.0,C
5258.0,仲　本　　　　舜,3,5,0.0,20.0,20.0,40.0,0.226,0.18,0.27,0.0,0,0.0,C
5058.0,前　原　　大　道,1,3,33.33,0.0,33.33,66.67,0.14,0.01,0.28,33.33,0,0.0,参考
3643.0,米　田　　隆　弘,1,5,40.0,20.0,40.0,100.0,0.148,0.11,0.22,0.0,0,0.0,C
4908.0,上　田　　龍　星,2,3,66.67,33.33,0.0,100.0,0.123,0.09,0.17,0.0,0,0.0,参考
4967.0,中　村　　魁　生,3,7,28.57,28.57,28.57,85.71,0.133,0.08,0.2,28.57,0,0.0,C
3558.0,山　本　　浩　次,6,3,0.0,0.0,0.0,0.0,0.283,0.18,0.34,0.0,0,0.0,参考
4960.0,黒　野　　元　基,1,6,50.0,33.33,16.67,100.0,0.122,0.07,0.15,33.33,0,0.0,C
5229.0,吉　川　　晴　人,4,9,11.11,11.11,0.0,22.22,0.142,0.05,0.29,11.11,0,0.0,C
3350.0,藤　本　　佳　史,6,4,0.0,25.0,25.0,50.0,0.165,0.12,0.23,0.0,0,0.0,参考
3643.0,米　田　　隆　弘,2,4,0.0,0.0,50.0,50.0,0.182,0.05,0.38,0.0,0,0.0,参考
4914.0,吉　田　　裕　平,5,5,20.0,20.0,0.0,40.0,0.12,0.07,0.17,60.0,0,0.0,C
3558.0,山　本　　浩　次,4,3,0.0,0.0,0.0,0.0,0.197,0.11,0.28,0.0,0,0.0,参考
4967.0,中　村　　魁　生,6,4,25.0,0.0,0.0,25.0,0.092,0.05,0.15,75.0,0,0.0,参考
4914.0,吉　田　　裕　平,4,3,66.67,0.0,33.33,100.0,0.13,0.11,0.16,66.67,0,0.0,参考
5122.0,相　馬　　　　翔,6,3,0.0,0.0,0.0,0.0,0.197,0.15,0.27,0.0,0,0.0,参考
5258.0,仲　本　　　　舜,2,3,0.0,0.0,0.0,0.0,0.2,0.1,0.29,0.0,0,0.0,参考
5222.0,津　田　　陸　翔,3,3,0.0,0.0,66.67,66.67,0.15,0.07,0.23,33.33,0,0.0,参考
4960.0,黒　野　　元　基,3,6,16.67,16.67,50.0,83.33,0.135,0.11,0.16,16.67,0,0.0,C
3558.0,山　本　　浩　次,1,4,25.0,25.0,25.0,75.0,0.158,0.13,0.21,25.0,0,0.0,参考
4967.0,中　村　　魁　生,4,7,14.29,28.57,14.29,57.14,0.143,0.04,0.25,0.0,0,0.0,C
5058.0,前　原　　大　道,2,5,0.0,60.0,0.0,60.0,0.188,0.12,0.31,20.0,0,0.0,C
5258.0,仲　本　　　　舜,5,4,25.0,0.0,50.0,75.0,0.205,0.15,0.25,25.0,0,0.0,参考
4908.0,上　田　　龍　星,3,5,60.0,20.0,0.0,80.0,0.12,0.04,0.16,60.0,0,0.0,C
5321.0,一　色　　颯　輝,5,5,0.0,20.0,40.0,60.0,0.154,0.14,0.17,20.0,0,0.0,C
5058.0,前　原　　大　道,4,3,0.0,0.0,33.33,33.33,0.207,0.14,0.27,0.0,0,0.0,参考
3558.0,山　本　　浩　次,3,5,0.0,20.0,40.0,60.0,0.13,0.06,0.29,0.0,0,0.0,C
4960.0,黒　野　　元　基,5,6,0.0,33.33,16.67,50.0,0.138,0.1,0.2,0.0,0,0.0,C
4967.0,中　村　　魁　生,1,3,0.0,33.33,33.33,66.67,0.127,0.05,0.2,0.0,0,0.0,参考
5058.0,前　原　　大　道,3,3,66.67,0.0,33.33,100.0,0.103,0.04,0.19,33.33,0,0.0,参考
3643.0,米　田　　隆　弘,6,3,0.0,0.0,0.0,0.0,0.137,0.04,0.22,33.33,0,0.0,参考
4908.0,上　田　　龍　星,5,3,66.67,0.0,0.0,66.67,0.1,0.08,0.12,66.67,0,0.0,参考
4776.0,竹　田　　和　哉,4,3,33.33,66.67,0.0,100.0,0.133,0.1,0.19,33.33,0,0.0,参考
4944.0,田　代　　達　也,6,9,0.0,11.11,11.11,22.22,0.172,0.05,0.47,0.0,0,0.0,C
4074.0,柳　沢　　　　一,6,3,33.33,0.0,0.0,33.33,0.123,0.05,0.2,33.33,0,0.0,参考
4976.0,金　山　　立　樹,2,5,0.0,40.0,20.0,60.0,0.178,0.09,0.24,20.0,0,0.0,C
4074.0,柳　沢　　　　一,2,4,0.0,25.0,0.0,25.0,0.165,0.11,0.23,0.0,0,0.0,参考
4776.0,竹　田　　和　哉,1,3,100.0,0.0,0.0,100.0,0.11,0.09,0.15,0.0,0,0.0,参考
4976.0,金　山　　立　樹,3,5,0.0,60.0,0.0,60.0,0.178,0.13,0.21,0.0,0,0.0,C
4776.0,竹　田　　和　哉,6,3,0.0,0.0,0.0,0.0,0.177,0.14,0.22,0.0,0,0.0,参考
4944.0,田　代　　達　也,3,13,7.69,15.38,15.38,38.46,0.122,0.06,0.22,23.08,0,0.0,B
4074.0,柳　沢　　　　一,4,5,20.0,40.0,20.0,80.0,0.132,0.11,0.17,40.0,0,0.0,C
4944.0,田　代　　達　也,1,12,25.0,25.0,25.0,75.0,0.143,0.06,0.21,25.0,0,0.0,B
4776.0,竹　田　　和　哉,2,5,40.0,20.0,20.0,80.0,0.126,0.07,0.21,20.0,0,0.0,C
4976.0,金　山　　立　樹,4,8,25.0,12.5,12.5,50.0,0.131,0.09,0.19,50.0,0,0.0,C
4074.0,柳　沢　　　　一,1,5,60.0,0.0,0.0,60.0,0.116,0.08,0.15,40.0,0,0.0,C
4976.0,金　山　　立　樹,5,4,0.0,25.0,0.0,25.0,0.15,0.06,0.24,25.0,0,0.0,参考
4074.0,柳　沢　　　　一,3,4,25.0,0.0,50.0,75.0,0.1,0.08,0.13,50.0,0,0.0,参考
5331.0,佐　藤　　永　梧,4,7,0.0,0.0,14.29,14.29,0.129,0.08,0.15,42.86,0,0.0,C
4944.0,田　代　　達　也,5,9,11.11,11.11,22.22,44.44,0.167,0.09,0.24,33.33,0,0.0,C
4074.0,柳　沢　　　　一,5,5,20.0,0.0,40.0,60.0,0.158,0.11,0.21,40.0,0,0.0,C
4944.0,田　代　　達　也,2,13,0.0,7.69,7.69,15.38,0.171,0.06,0.31,15.38,0,0.0,B
4776.0,竹　田　　和　哉,5,5,0.0,0.0,40.0,40.0,0.124,0.01,0.21,40.0,0,0.0,C
4944.0,田　代　　達　也,4,10,0.0,0.0,0.0,0.0,0.149,0.04,0.36,30.0,0,0.0,B
5071.0,野見山　　拓　己,4,4,25.0,0.0,50.0,75.0,0.128,0.05,0.2,50.0,0,0.0,参考
4352.0,下　條　　雄太郎,2,3,33.33,0.0,66.67,100.0,0.143,0.08,0.19,33.33,0,0.0,参考
5158.0,宮　脇　　遼　太,5,4,0.0,25.0,25.0,50.0,0.237,0.12,0.31,25.0,0,0.0,参考
4471.0,新　田　　泰　章,6,5,20.0,0.0,40.0,60.0,0.128,0.05,0.21,40.0,0,0.0,C
4352.0,下　條　　雄太郎,4,3,0.0,33.33,66.67,100.0,0.097,0.06,0.12,33.33,0,0.0,参考
5071.0,野見山　　拓　己,1,6,66.67,0.0,16.67,83.33,0.065,0.01,0.11,66.67,0,0.0,C
4471.0,新　田　　泰　章,2,3,0.0,66.67,33.33,100.0,0.1,0.07,0.14,0.0,0,0.0,参考
5204.0,宇　恵　　有　香,3,3,0.0,33.33,33.33,66.67,0.133,0.09,0.22,33.33,0,0.0,参考
5158.0,宮　脇　　遼　太,4,3,33.33,0.0,0.0,33.33,0.063,0.03,0.1,66.67,0,0.0,参考
4471.0,新　田　　泰　章,1,5,60.0,20.0,0.0,80.0,0.148,0.06,0.23,80.0,0,0.0,C
5204.0,宇　恵　　有　香,4,4,25.0,0.0,25.0,50.0,0.167,0.06,0.24,25.0,0,0.0,参考
5158.0,宮　脇　　遼　太,2,4,25.0,0.0,0.0,25.0,0.152,0.12,0.2,25.0,0,0.0,参考
5071.0,野見山　　拓　己,3,3,66.67,0.0,0.0,66.67,0.14,0.07,0.21,0.0,0,0.0,参考
4352.0,下　條　　雄太郎,6,3,33.33,0.0,0.0,33.33,0.13,0.12,0.15,100.0,0,0.0,参考
4471.0,新　田　　泰　章,3,3,33.33,0.0,33.33,66.67,0.123,0.1,0.16,0.0,0,0.0,参考
5209.0,小　野　　京　平,6,4,0.0,0.0,0.0,0.0,0.27,0.09,0.43,25.0,0,0.0,参考
5204.0,宇　恵　　有　香,5,4,0.0,0.0,0.0,0.0,0.108,0.07,0.14,75.0,0,0.0,参考
4514.0,上　條　　嘉　嗣,3,4,25.0,25.0,0.0,50.0,0.193,0.09,0.27,0.0,0,0.0,参考
5071.0,野見山　　拓　己,6,8,12.5,0.0,0.0,12.5,0.191,0.07,0.41,50.0,0,0.0,C
5190.0,大　月　　遊　雅,1,7,42.86,14.29,0.0,57.14,0.161,0.07,0.25,14.29,0,0.0,C
5158.0,宮　脇　　遼　太,6,3,0.0,33.33,0.0,33.33,0.19,0.15,0.27,33.33,0,0.0,参考
5319.0,近　藤　　颯　斗,6,4,0.0,0.0,0.0,0.0,0.203,0.07,0.45,25.0,0,0.0,参考
5332.0,村　松　　遥　輝,6,3,0.0,0.0,33.33,33.33,0.107,0.09,0.12,33.33,0,0.0,参考
4648.0,木　村　　亮　太,3,7,14.29,14.29,0.0,28.57,0.15,0.06,0.24,14.29,0,0.0,C
3939.0,渡　辺　　真　至,5,3,33.33,0.0,66.67,100.0,0.183,0.15,0.22,0.0,0,0.0,参考
4000.0,松　本　　博　昭,6,5,0.0,40.0,0.0,40.0,0.178,0.11,0.25,40.0,0,0.0,C
5319.0,近　藤　　颯　斗,4,4,0.0,25.0,0.0,25.0,0.182,0.1,0.29,0.0,0,0.0,参考
4648.0,木　村　　亮　太,6,5,0.0,40.0,20.0,60.0,0.134,0.07,0.19,40.0,0,0.0,C
5300.0,横　田　　海　人,6,7,0.0,0.0,14.29,14.29,0.101,0.06,0.2,57.14,0,0.0,C
3939.0,渡　辺　　真　至,1,4,50.0,25.0,25.0,100.0,0.148,0.14,0.16,25.0,0,0.0,参考
4000.0,松　本　　博　昭,2,4,25.0,25.0,50.0,100.0,0.163,0.1,0.24,0.0,0,0.0,参考
3702.0,貞　兼　　淳　二,5,3,0.0,33.33,0.0,33.33,0.097,0.08,0.13,33.33,0,0.0,参考
5332.0,村　松　　遥　輝,4,3,0.0,33.33,0.0,33.33,0.217,0.19,0.23,0.0,0,0.0,参考
5300.0,横　田　　海　人,4,6,16.67,0.0,0.0,16.67,0.165,0.12,0.24,16.67,0,0.0,C
4000.0,松　本　　博　昭,3,4,50.0,0.0,0.0,50.0,0.323,0.13,0.7,0.0,0,0.0,参考
4648.0,木　村　　亮　太,1,4,0.0,0.0,50.0,50.0,0.182,0.16,0.23,25.0,0,0.0,参考
4000.0,松　本　　博　昭,1,3,100.0,0.0,0.0,100.0,0.123,0.05,0.18,66.67,0,0.0,参考
3702.0,貞　兼　　淳　二,6,4,0.0,25.0,0.0,25.0,0.207,0.15,0.32,0.0,0,0.0,参考
4306.0,畔　柳　　俊　吾,1,4,25.0,0.0,25.0,50.0,0.212,0.16,0.26,0.0,0,0.0,参考
3939.0,渡　辺　　真　至,6,3,0.0,0.0,33.33,33.33,0.167,0.12,0.2,0.0,0,0.0,参考
3702.0,貞　兼　　淳　二,3,3,0.0,66.67,0.0,66.67,0.153,0.08,0.2,0.0,0,0.0,参考
4306.0,畔　柳　　俊　吾,2,5,60.0,20.0,0.0,80.0,0.124,0.08,0.2,0.0,0,0.0,C
4648.0,木　村　　亮　太,4,6,0.0,16.67,0.0,16.67,0.12,0.01,0.22,50.0,0,0.0,C
4000.0,松　本　　博　昭,5,4,25.0,25.0,25.0,75.0,0.19,0.15,0.23,75.0,0,0.0,参考
4306.0,畔　柳　　俊　吾,3,5,0.0,0.0,60.0,60.0,0.208,0.14,0.3,0.0,0,0.0,C
5319.0,近　藤　　颯　斗,5,3,0.0,0.0,33.33,33.33,0.123,0.05,0.17,33.33,0,0.0,参考
5300.0,横　田　　海　人,5,3,0.0,0.0,0.0,0.0,0.19,0.11,0.3,0.0,0,0.0,参考
5082.0,一　色　　凌　雅,2,5,0.0,60.0,0.0,60.0,0.176,0.11,0.23,0.0,0,0.0,C
5028.0,原　田　　才一郎,4,4,50.0,0.0,50.0,100.0,0.138,0.07,0.23,50.0,0,0.0,参考
5278.0,田　中　　駿　兵,5,4,0.0,50.0,0.0,50.0,0.165,0.11,0.25,0.0,0,0.0,参考
5211.0,高　井　　駿　弥,6,5,0.0,0.0,0.0,0.0,0.266,0.17,0.37,0.0,0,0.0,C
5103.0,芝　田　　京　介,1,3,33.33,0.0,0.0,33.33,0.13,0.04,0.26,66.67,0,0.0,参考
5223.0,森　清　　友　翔,3,7,0.0,14.29,28.57,42.86,0.134,0.07,0.19,0.0,0,0.0,C
5166.0,仲　道　　大　輔,5,3,33.33,33.33,0.0,66.67,0.23,0.12,0.37,0.0,0,0.0,参考
5298.0,水　谷　　理　人,6,8,25.0,0.0,50.0,75.0,0.144,0.01,0.2,12.5,0,0.0,C
5249.0,三　木　　晴　斗,5,3,0.0,0.0,66.67,66.67,0.11,0.04,0.18,33.33,0,0.0,参考
5267.0,石　本　　裕　武,3,5,20.0,20.0,40.0,80.0,0.134,0.05,0.2,40.0,0,0.0,C
5136.0,濱　野　　斗　馬,4,4,25.0,50.0,25.0,100.0,0.113,0.02,0.24,50.0,0,0.0,参考
5289.0,佃　　　　來　紀,4,9,11.11,22.22,22.22,55.56,0.147,0.08,0.25,22.22,0,0.0,C
5274.0,城　間　　盛　渚,4,6,16.67,16.67,0.0,33.33,0.228,0.1,0.31,0.0,0,0.0,C
5016.0,宮　田　　龍　馬,6,3,0.0,0.0,66.67,66.67,0.14,0.1,0.16,0.0,0,0.0,参考
5232.0,樅　山　　拓　馬,1,5,60.0,0.0,0.0,60.0,0.12,0.08,0.17,20.0,0,0.0,C
5112.0,砂　長　　知　輝,2,8,37.5,25.0,25.0,87.5,0.15,0.06,0.24,12.5,0,0.0,C
5249.0,三　木　　晴　斗,4,5,20.0,20.0,0.0,40.0,0.176,0.13,0.25,40.0,0,0.0,C
5089.0,前　田　　　　翔,5,4,0.0,50.0,0.0,50.0,0.185,0.13,0.24,0.0,0,0.0,参考
5130.0,上　野　　拓　馬,6,3,0.0,0.0,66.67,66.67,0.2,0.13,0.31,0.0,0,0.0,参考
5075.0,中　島　　秀　治,1,5,40.0,20.0,20.0,80.0,0.184,0.12,0.25,0.0,0,0.0,C
5103.0,芝　田　　京　介,2,3,0.0,0.0,66.67,66.67,0.22,0.16,0.32,0.0,0,0.0,参考
5211.0,高　井　　駿　弥,5,8,0.0,0.0,12.5,12.5,0.201,0.06,0.31,12.5,0,0.0,C
5166.0,仲　道　　大　輔,1,3,33.33,66.67,0.0,100.0,0.133,0.06,0.21,66.67,0,0.0,参考
5041.0,荒　牧　　凪　沙,3,4,0.0,0.0,25.0,25.0,0.237,0.15,0.34,0.0,0,0.0,参考
5267.0,石　本　　裕　武,1,4,50.0,0.0,25.0,75.0,0.158,0.12,0.27,25.0,0,0.0,参考
5112.0,砂　長　　知　輝,3,8,12.5,25.0,12.5,50.0,0.149,0.02,0.3,25.0,0,0.0,C
5217.0,藤　原　　碧　生,6,3,0.0,100.0,0.0,100.0,0.173,0.14,0.22,0.0,0,0.0,参考
5089.0,前　田　　　　翔,2,4,25.0,0.0,50.0,75.0,0.13,0.04,0.26,50.0,0,0.0,参考
5136.0,濱　野　　斗　馬,6,3,0.0,33.33,33.33,66.67,0.117,0.07,0.19,100.0,0,0.0,参考
5274.0,城　間　　盛　渚,5,5,0.0,0.0,0.0,0.0,0.172,0.12,0.21,20.0,0,0.0,C
5082.0,一　色　　凌　雅,6,3,0.0,0.0,0.0,0.0,0.223,0.16,0.32,0.0,0,0.0,参考
5232.0,樅　山　　拓　馬,3,5,0.0,20.0,40.0,60.0,0.118,0.01,0.28,40.0,0,0.0,C
5136.0,濱　野　　斗　馬,2,4,25.0,0.0,0.0,25.0,0.143,0.09,0.2,0.0,0,0.0,参考
5166.0,仲　道　　大　輔,4,4,25.0,0.0,25.0,50.0,0.122,0.07,0.16,25.0,0,0.0,参考
5223.0,森　清　　友　翔,2,5,0.0,20.0,0.0,20.0,0.176,0.13,0.22,0.0,0,0.0,C
5075.0,中　島　　秀　治,3,3,0.0,33.33,33.33,66.67,0.17,0.11,0.22,0.0,0,0.0,参考
5016.0,宮　田　　龍　馬,1,4,75.0,0.0,25.0,100.0,0.113,0.07,0.13,75.0,0,0.0,参考
5196.0,鰐　部　　太空海,6,4,25.0,0.0,25.0,50.0,0.217,0.15,0.28,0.0,0,0.0,参考
5278.0,田　中　　駿　兵,2,4,25.0,25.0,0.0,50.0,0.15,0.06,0.29,25.0,0,0.0,参考
5103.0,芝　田　　京　介,3,5,0.0,0.0,0.0,0.0,0.172,0.13,0.26,20.0,0,0.0,C
5217.0,藤　原　　碧　生,5,3,33.33,33.33,33.33,100.0,0.137,0.07,0.25,33.33,0,0.0,参考
5089.0,前　田　　　　翔,6,4,0.0,0.0,50.0,50.0,0.12,0.1,0.14,0.0,0,0.0,参考
5298.0,水　谷　　理　人,5,6,33.33,33.33,16.67,83.33,0.122,0.03,0.22,16.67,0,0.0,C
5041.0,荒　牧　　凪　沙,6,9,0.0,11.11,11.11,22.22,0.196,0.1,0.26,0.0,0,0.0,C
5082.0,一　色　　凌　雅,3,5,0.0,20.0,40.0,60.0,0.168,0.08,0.23,0.0,0,0.0,C
5223.0,森　清　　友　翔,6,3,0.0,0.0,0.0,0.0,0.107,0.03,0.18,33.33,0,0.0,参考
5016.0,宮　田　　龍　馬,3,3,33.33,33.33,33.33,100.0,0.107,0.07,0.17,66.67,0,0.0,参考
5112.0,砂　長　　知　輝,6,7,0.0,0.0,14.29,14.29,0.167,0.08,0.21,0.0,0,0.0,C
5217.0,藤　原　　碧　生,1,5,80.0,20.0,0.0,100.0,0.156,0.12,0.2,40.0,0,0.0,C
5028.0,原　田　　才一郎,2,5,0.0,40.0,0.0,40.0,0.18,0.13,0.23,0.0,0,0.0,C
5136.0,濱　野　　斗　馬,3,5,40.0,20.0,20.0,80.0,0.14,0.09,0.21,40.0,0,0.0,C
5289.0,佃　　　　來　紀,5,12,0.0,16.67,25.0,41.67,0.155,0.07,0.28,16.67,0,0.0,B
5166.0,仲　道　　大　輔,2,3,33.33,33.33,0.0,66.67,0.103,0.01,0.21,33.33,0,0.0,参考
5112.0,砂　長　　知　輝,4,7,28.57,0.0,28.57,57.14,0.126,0.03,0.21,71.43,0,0.0,C
5075.0,中　島　　秀　治,6,5,0.0,0.0,20.0,20.0,0.148,0.08,0.2,20.0,0,0.0,C
5082.0,一　色　　凌　雅,1,3,33.33,66.67,0.0,100.0,0.21,0.15,0.27,0.0,0,0.0,参考
5267.0,石　本　　裕　武,2,6,33.33,0.0,16.67,50.0,0.168,0.09,0.26,16.67,0,0.0,C
5016.0,宮　田　　龍　馬,5,3,33.33,66.67,0.0,100.0,0.143,0.11,0.2,66.67,0,0.0,参考
5136.0,濱　野　　斗　馬,1,3,33.33,0.0,33.33,66.67,0.113,0.09,0.13,33.33,0,0.0,参考
5051.0,松　本　　純　平,3,4,50.0,0.0,0.0,50.0,0.155,0.06,0.23,0.0,0,0.0,参考
5179.0,藤　本　　元　輝,1,3,66.67,0.0,33.33,100.0,0.243,0.22,0.26,0.0,0,0.0,参考
5028.0,原　田　　才一郎,3,4,25.0,0.0,0.0,25.0,0.205,0.15,0.32,0.0,0,0.0,参考
5103.0,芝　田　　京　介,4,3,0.0,0.0,33.33,33.33,0.197,0.15,0.23,0.0,0,0.0,参考
5089.0,前　田　　　　翔,4,3,0.0,33.33,0.0,33.33,0.19,0.11,0.3,0.0,0,0.0,参考
5037.0,田　頭　　虎　親,2,3,33.33,33.33,0.0,66.67,0.133,0.07,0.18,33.33,0,0.0,参考
5223.0,森　清　　友　翔,5,4,25.0,25.0,0.0,50.0,0.155,0.06,0.32,25.0,0,0.0,参考
5112.0,砂　長　　知　輝,1,7,57.14,0.0,28.57,85.71,0.166,0.06,0.24,14.29,0,0.0,C
5278.0,田　中　　駿　兵,3,4,50.0,0.0,0.0,50.0,0.145,0.07,0.21,0.0,0,0.0,参考
5136.0,濱　野　　斗　馬,5,3,0.0,66.67,0.0,66.67,0.103,0.09,0.12,100.0,0,0.0,参考
5217.0,藤　原　　碧　生,3,3,0.0,33.33,66.67,100.0,0.147,0.13,0.17,33.33,0,0.0,参考
5028.0,原　田　　才一郎,5,4,50.0,0.0,25.0,75.0,0.193,0.12,0.27,0.0,0,0.0,参考
5089.0,前　田　　　　翔,1,5,40.0,40.0,20.0,100.0,0.124,0.09,0.16,40.0,0,0.0,C
5267.0,石　本　　裕　武,5,4,25.0,0.0,0.0,25.0,0.212,0.13,0.32,25.0,0,0.0,参考
5278.0,田　中　　駿　兵,4,5,40.0,20.0,20.0,80.0,0.146,0.08,0.23,40.0,0,0.0,C
5223.0,森　清　　友　翔,1,3,33.33,0.0,0.0,33.33,0.183,0.05,0.31,33.33,0,0.0,参考
5232.0,樅　山　　拓　馬,2,5,0.0,60.0,0.0,60.0,0.106,0.07,0.14,40.0,0,0.0,C
5217.0,藤　原　　碧　生,4,5,20.0,40.0,20.0,80.0,0.152,0.08,0.21,0.0,0,0.0,C
5179.0,藤　本　　元　輝,4,4,0.0,25.0,0.0,25.0,0.117,0.07,0.15,100.0,0,0.0,参考
5267.0,石　本　　裕　武,4,6,16.67,33.33,16.67,66.67,0.138,0.05,0.28,50.0,0,0.0,C
5112.0,砂　長　　知　輝,5,8,25.0,25.0,0.0,50.0,0.184,0.14,0.28,12.5,0,0.0,C
5089.0,前　田　　　　翔,3,4,0.0,50.0,0.0,50.0,0.145,0.1,0.19,25.0,0,0.0,参考
5082.0,一　色　　凌　雅,5,5,0.0,0.0,40.0,40.0,0.19,0.12,0.26,0.0,0,0.0,C
5075.0,中　島　　秀　治,4,3,0.0,33.33,33.33,66.67,0.13,0.07,0.17,33.33,0,0.0,参考
5077.0,滝　沢　　　　崚,5,3,0.0,0.0,0.0,0.0,0.113,0.07,0.14,66.67,0,0.0,参考
5179.0,藤　本　　元　輝,3,5,0.0,40.0,0.0,40.0,0.16,0.08,0.2,0.0,0,0.0,C
5223.0,森　清　　友　翔,4,4,0.0,0.0,25.0,25.0,0.18,0.16,0.21,0.0,0,0.0,参考
5274.0,城　間　　盛　渚,6,3,0.0,0.0,33.33,33.33,0.097,0.04,0.17,33.33,0,0.0,参考
4692.0,酒　井　　俊　弘,3,5,0.0,20.0,0.0,20.0,0.14,0.08,0.19,20.0,0,0.0,C
4138.0,中　井　　俊　祐,5,3,66.67,0.0,0.0,66.67,0.063,0.01,0.12,100.0,0,0.0,参考
3811.0,石　田　　章　央,2,8,0.0,37.5,37.5,75.0,0.14,0.04,0.26,25.0,0,0.0,C
4896.0,花　本　　　　剛,6,5,0.0,0.0,0.0,0.0,0.268,0.17,0.42,0.0,0,0.0,C
5090.0,生　方　　靖　亜,5,3,0.0,33.33,0.0,33.33,0.173,0.09,0.25,0.0,0,0.0,参考
4138.0,中　井　　俊　祐,4,3,33.33,33.33,0.0,66.67,0.107,0.08,0.12,100.0,0,0.0,参考
4692.0,酒　井　　俊　弘,6,3,0.0,0.0,66.67,66.67,0.11,0.05,0.17,0.0,0,0.0,参考
3811.0,石　田　　章　央,4,4,0.0,50.0,0.0,50.0,0.107,0.07,0.16,0.0,0,0.0,参考
4571.0,菅　　　　章　哉,5,5,40.0,0.0,0.0,40.0,0.08,0.03,0.15,60.0,0,0.0,C
4896.0,花　本　　　　剛,1,5,40.0,40.0,0.0,80.0,0.154,0.02,0.27,40.0,0,0.0,C
5043.0,中　村　　日　向,2,11,18.18,18.18,36.36,72.73,0.151,0.06,0.26,18.18,0,0.0,B
3811.0,石　田　　章　央,5,6,33.33,16.67,0.0,50.0,0.13,0.07,0.18,33.33,0,0.0,C
4692.0,酒　井　　俊　弘,4,6,16.67,16.67,16.67,50.0,0.152,0.06,0.28,33.33,0,0.0,C
4571.0,菅　　　　章　哉,4,3,33.33,0.0,0.0,33.33,0.143,0.12,0.16,0.0,0,0.0,参考
4896.0,花　本　　　　剛,5,4,0.0,0.0,25.0,25.0,0.217,0.09,0.32,0.0,0,0.0,参考
4138.0,中　井　　俊　祐,6,8,12.5,12.5,12.5,37.5,0.118,0.04,0.18,50.0,0,0.0,C
5043.0,中　村　　日　向,1,9,77.78,0.0,0.0,77.78,0.141,0.11,0.2,33.33,0,0.0,C
4571.0,菅　　　　章　哉,1,3,66.67,0.0,0.0,66.67,0.21,0.15,0.24,0.0,0,0.0,参考
4138.0,中　井　　俊　祐,1,4,25.0,0.0,25.0,50.0,0.172,0.01,0.29,25.0,0,0.0,参考
4692.0,酒　井　　俊　弘,1,5,40.0,0.0,0.0,40.0,0.136,0.02,0.2,0.0,0,0.0,C
5043.0,中　村　　日　向,3,6,33.33,50.0,0.0,83.33,0.122,0.05,0.21,33.33,0,0.0,C
5227.0,川　原　　愛　未,2,3,0.0,33.33,0.0,33.33,0.16,0.11,0.21,0.0,0,0.0,参考
3811.0,石　田　　章　央,3,4,25.0,25.0,25.0,75.0,0.123,0.07,0.14,50.0,0,0.0,参考
4692.0,酒　井　　俊　弘,2,6,0.0,33.33,16.67,50.0,0.177,0.03,0.24,0.0,0,0.0,C
3811.0,石　田　　章　央,1,4,50.0,0.0,25.0,75.0,0.12,0.06,0.16,50.0,0,0.0,参考
4896.0,花　本　　　　剛,4,4,0.0,0.0,75.0,75.0,0.15,0.01,0.25,50.0,0,0.0,参考
3811.0,石　田　　章　央,6,4,0.0,0.0,50.0,50.0,0.128,0.07,0.21,25.0,0,0.0,参考
4896.0,花　本　　　　剛,2,4,0.0,0.0,0.0,0.0,0.203,0.09,0.3,25.0,0,0.0,参考
4526.0,池　田　　雄　祐,1,3,66.67,33.33,0.0,100.0,0.147,0.06,0.21,0.0,0,0.0,参考
4692.0,酒　井　　俊　弘,5,8,25.0,0.0,0.0,25.0,0.131,0.05,0.26,25.0,0,0.0,C
4571.0,菅　　　　章　哉,2,4,0.0,25.0,25.0,50.0,0.172,0.08,0.3,0.0,0,0.0,参考
4896.0,花　本　　　　剛,3,5,20.0,20.0,20.0,60.0,0.134,0.08,0.18,0.0,0,0.0,C
4878.0,西　岡　　育　未,5,3,0.0,66.67,0.0,66.67,0.15,0.08,0.27,0.0,0,0.0,参考
5230.0,石　原　　凪　紗,6,3,33.33,0.0,0.0,33.33,0.21,0.18,0.26,0.0,0,0.0,参考
4691.0,水　原　　　　慎,6,4,0.0,0.0,25.0,25.0,0.13,0.09,0.16,25.0,0,0.0,参考
4902.0,山　川　　雄　大,6,4,25.0,0.0,0.0,25.0,0.172,0.09,0.25,50.0,0,0.0,参考
4892.0,柴　田　　直　哉,6,3,33.33,33.33,0.0,66.67,0.2,0.13,0.26,0.0,0,0.0,参考
4737.0,竹　井　　貴　史,6,3,0.0,0.0,33.33,33.33,0.12,0.09,0.14,66.67,0,0.0,参考
5206.0,梅　原　　祥　平,6,6,0.0,0.0,0.0,0.0,0.14,0.08,0.28,50.0,0,0.0,C
4714.0,喜多須　　杏　奈,3,5,20.0,40.0,20.0,80.0,0.204,0.14,0.24,0.0,0,0.0,C
5026.0,安河内　　　　健,6,3,33.33,0.0,33.33,66.67,0.163,0.11,0.23,33.33,0,0.0,参考
4737.0,竹　井　　貴　史,3,3,33.33,0.0,0.0,33.33,0.177,0.08,0.26,33.33,0,0.0,参考
4691.0,水　原　　　　慎,3,3,0.0,33.33,66.67,100.0,0.183,0.13,0.26,33.33,0,0.0,参考
4878.0,西　岡　　育　未,1,3,66.67,0.0,33.33,100.0,0.153,0.02,0.23,66.67,0,0.0,参考
4714.0,喜多須　　杏　奈,6,3,0.0,0.0,0.0,0.0,0.197,0.11,0.32,0.0,0,0.0,参考
4427.0,秦　　　　英　悟,3,4,25.0,0.0,25.0,50.0,0.125,0.11,0.16,25.0,0,0.0,参考
4782.0,浜　崎　　準　也,4,3,0.0,33.33,0.0,33.33,0.077,0.05,0.1,66.67,0,0.0,参考
4902.0,山　川　　雄　大,5,7,28.57,0.0,14.29,42.86,0.151,0.04,0.23,28.57,0,0.0,C
4737.0,竹　井　　貴　史,5,6,33.33,33.33,0.0,66.67,0.1,0.03,0.16,83.33,0,0.0,C
4892.0,柴　田　　直　哉,4,6,0.0,0.0,50.0,50.0,0.208,0.11,0.39,0.0,0,0.0,C
5206.0,梅　原　　祥　平,5,5,0.0,0.0,20.0,20.0,0.162,0.06,0.25,20.0,0,0.0,C
4092.0,岡　部　　大　輔,2,4,25.0,25.0,25.0,75.0,0.115,0.06,0.15,25.0,0,0.0,参考
4782.0,浜　崎　　準　也,1,4,75.0,0.0,0.0,75.0,0.135,0.06,0.22,50.0,0,0.0,参考
5230.0,石　原　　凪　紗,5,3,0.0,0.0,0.0,0.0,0.113,0.03,0.16,33.33,0,0.0,参考
4737.0,竹　井　　貴　史,2,5,60.0,20.0,20.0,100.0,0.136,0.06,0.19,0.0,0,0.0,C
5026.0,安河内　　　　健,4,3,0.0,0.0,33.33,33.33,0.15,0.11,0.22,66.67,0,0.0,参考
4691.0,水　原　　　　慎,2,7,28.57,28.57,0.0,57.14,0.139,0.07,0.27,28.57,0,0.0,C
4878.0,西　岡　　育　未,3,4,0.0,25.0,50.0,75.0,0.107,0.03,0.19,25.0,0,0.0,参考
4892.0,柴　田　　直　哉,3,5,20.0,40.0,0.0,60.0,0.188,0.13,0.26,40.0,0,0.0,C
4902.0,山　川　　雄　大,2,7,28.57,28.57,0.0,57.14,0.151,0.08,0.21,0.0,0,0.0,C
4902.0,山　川　　雄　大,3,5,40.0,20.0,40.0,100.0,0.138,0.06,0.18,0.0,0,0.0,C
4892.0,柴　田　　直　哉,2,7,28.57,0.0,14.29,42.86,0.171,0.06,0.24,0.0,0,0.0,C
4878.0,西　岡　　育　未,4,3,33.33,33.33,0.0,66.67,0.123,0.01,0.18,66.67,0,0.0,参考
4714.0,喜多須　　杏　奈,1,4,25.0,50.0,25.0,100.0,0.22,0.11,0.31,25.0,0,0.0,参考
4782.0,浜　崎　　準　也,2,4,0.0,25.0,0.0,25.0,0.15,0.05,0.25,25.0,0,0.0,参考
4691.0,水　原　　　　慎,5,5,0.0,0.0,0.0,0.0,0.196,0.05,0.27,20.0,0,0.0,C
5026.0,安河内　　　　健,3,3,33.33,33.33,33.33,100.0,0.103,0.09,0.12,66.67,0,0.0,参考
4902.0,山　川　　雄　大,4,7,0.0,28.57,0.0,28.57,0.109,0.06,0.16,28.57,0,0.0,C
4092.0,岡　部　　大　輔,1,4,50.0,25.0,0.0,75.0,0.145,0.09,0.21,25.0,0,0.0,参考
4737.0,竹　井　　貴　史,4,3,0.0,66.67,33.33,100.0,0.21,0.18,0.26,0.0,0,0.0,参考
4878.0,西　岡　　育　未,6,3,0.0,0.0,0.0,0.0,0.22,0.18,0.24,0.0,0,0.0,参考
4782.0,浜　崎　　準　也,6,3,0.0,33.33,0.0,33.33,0.163,0.1,0.21,0.0,0,0.0,参考
4892.0,柴　田　　直　哉,5,7,0.0,14.29,28.57,42.86,0.121,0.05,0.18,42.86,0,0.0,C
4714.0,喜多須　　杏　奈,4,4,0.0,0.0,0.0,0.0,0.21,0.07,0.34,0.0,0,0.0,参考
4737.0,竹　井　　貴　史,1,5,80.0,0.0,20.0,100.0,0.168,0.1,0.24,20.0,0,0.0,C
4782.0,浜　崎　　準　也,3,3,0.0,0.0,66.67,66.67,0.163,0.13,0.2,0.0,0,0.0,参考
4691.0,水　原　　　　慎,1,4,25.0,50.0,0.0,75.0,0.12,0.05,0.18,25.0,0,0.0,参考
4892.0,柴　田　　直　哉,1,3,66.67,0.0,33.33,100.0,0.207,0.14,0.3,33.33,0,0.0,参考
4714.0,喜多須　　杏　奈,2,4,0.0,75.0,0.0,75.0,0.307,0.2,0.41,0.0,0,0.0,参考
4902.0,山　川　　雄　大,1,4,75.0,0.0,0.0,75.0,0.145,0.09,0.24,25.0,0,0.0,参考
4691.0,水　原　　　　慎,4,3,0.0,0.0,33.33,33.33,0.093,0.09,0.1,66.67,0,0.0,参考
4878.0,西　岡　　育　未,2,3,0.0,0.0,0.0,0.0,0.163,0.14,0.19,0.0,0,0.0,参考
5026.0,安河内　　　　健,1,3,100.0,0.0,0.0,100.0,0.147,0.09,0.23,66.67,0,0.0,参考
4704.0,河　野　　　　大,5,4,25.0,0.0,25.0,50.0,0.158,0.11,0.21,0.0,0,0.0,参考
5318.0,河　内　　一　馬,6,11,0.0,0.0,0.0,0.0,0.155,0.03,0.26,9.09,0,0.0,B
4757.0,山　田　　祐　也,6,3,33.33,0.0,0.0,33.33,0.12,0.07,0.15,0.0,0,0.0,参考
4734.0,安河内　　　　将,3,4,25.0,50.0,25.0,100.0,0.14,0.12,0.15,0.0,0,0.0,参考
4129.0,宇　野　　博　之,4,5,20.0,0.0,0.0,20.0,0.124,0.05,0.17,20.0,0,0.0,C
4718.0,北　川　　太　一,4,4,25.0,25.0,0.0,50.0,0.122,0.1,0.16,0.0,0,0.0,参考
4704.0,河　野　　　　大,6,4,0.0,0.0,25.0,25.0,0.143,0.05,0.28,50.0,0,0.0,参考
4734.0,安河内　　　　将,1,3,66.67,33.33,0.0,100.0,0.113,0.07,0.19,0.0,0,0.0,参考
4757.0,山　田　　祐　也,4,3,33.33,33.33,0.0,66.67,0.127,0.1,0.15,0.0,0,0.0,参考
4757.0,山　田　　祐　也,3,3,33.33,33.33,0.0,66.67,0.137,0.09,0.16,0.0,0,0.0,参考
4129.0,宇　野　　博　之,3,6,0.0,33.33,16.67,50.0,0.148,0.1,0.22,0.0,0,0.0,C
4661.0,中　島　　昂　章,4,3,0.0,66.67,0.0,66.67,0.133,0.06,0.19,0.0,0,0.0,参考
4704.0,河　野　　　　大,4,5,20.0,40.0,0.0,60.0,0.192,0.16,0.22,0.0,0,0.0,C
4757.0,山　田　　祐　也,2,3,0.0,33.33,33.33,66.67,0.207,0.14,0.25,0.0,0,0.0,参考
4129.0,宇　野　　博　之,5,7,14.29,0.0,14.29,28.57,0.143,0.03,0.23,28.57,0,0.0,C
5068.0,前　田　　　　滉,3,5,20.0,40.0,20.0,80.0,0.098,0.07,0.13,20.0,0,0.0,C
4704.0,河　野　　　　大,1,6,50.0,16.67,0.0,66.67,0.125,0.05,0.17,33.33,0,0.0,C
4757.0,山　田　　祐　也,5,4,0.0,0.0,25.0,25.0,0.125,0.09,0.18,0.0,0,0.0,参考
5318.0,河　内　　一　馬,5,6,0.0,0.0,0.0,0.0,0.152,0.09,0.25,16.67,0,0.0,C
4129.0,宇　野　　博　之,2,9,22.22,0.0,33.33,55.56,0.164,0.08,0.27,22.22,0,0.0,C
4704.0,河　野　　　　大,3,5,60.0,40.0,0.0,100.0,0.132,0.09,0.19,0.0,0,0.0,C
4435.0,服　部　　達　哉,3,5,0.0,0.0,40.0,40.0,0.146,0.09,0.19,0.0,0,0.0,C
4718.0,北　川　　太　一,5,3,0.0,33.33,0.0,33.33,0.147,0.12,0.17,0.0,0,0.0,参考
4129.0,宇　野　　博　之,1,7,0.0,14.29,14.29,28.57,0.151,0.09,0.21,28.57,0,0.0,C
4129.0,宇　野　　博　之,6,5,20.0,0.0,0.0,20.0,0.192,0.1,0.36,0.0,0,0.0,C
5359.0,佐　藤　　世　那,6,24,0.0,4.17,8.33,12.5,0.182,0.02,0.38,16.67,0,0.0,A
5253.0,藤　井　　太　雅,2,10,10.0,30.0,10.0,50.0,0.177,0.11,0.31,30.0,0,0.0,B
5242.0,高　山　　弘　斗,2,4,0.0,25.0,0.0,25.0,0.117,0.09,0.15,0.0,0,0.0,参考
5301.0,岩　下　　巧　斗,4,9,11.11,0.0,33.33,44.44,0.174,0.11,0.3,0.0,0,0.0,C
5359.0,佐　藤　　世　那,5,20,0.0,0.0,5.0,5.0,0.162,0.04,0.36,10.0,0,0.0,A
5253.0,藤　井　　太　雅,3,11,18.18,0.0,18.18,36.36,0.111,0.02,0.25,27.27,0,0.0,B
5242.0,高　山　　弘　斗,1,3,0.0,0.0,0.0,0.0,0.17,0.08,0.29,33.33,0,0.0,参考
5253.0,藤　井　　太　雅,1,7,28.57,0.0,0.0,28.57,0.151,0.06,0.24,28.57,0,0.0,C
5359.0,佐　藤　　世　那,4,9,11.11,0.0,0.0,11.11,0.204,0.07,0.39,11.11,0,0.0,C
5242.0,高　山　　弘　斗,3,5,0.0,0.0,0.0,0.0,0.148,0.01,0.3,60.0,0,0.0,C
3612.0,馬　袋　　義　則,6,6,16.67,16.67,0.0,33.33,0.13,0.05,0.22,33.33,0,0.0,C
3822.0,平　尾　　崇　典,3,3,0.0,33.33,0.0,33.33,0.157,0.06,0.23,33.33,0,0.0,参考
4762.0,藤　原　　啓史朗,6,5,20.0,20.0,20.0,60.0,0.124,0.03,0.24,60.0,0,0.0,C
3612.0,馬　袋　　義　則,1,10,50.0,30.0,10.0,90.0,0.105,0.04,0.2,50.0,0,0.0,B
4553.0,坪　口　　竜　也,2,3,33.33,33.33,33.33,100.0,0.1,0.04,0.15,0.0,0,0.0,参考
3822.0,平　尾　　崇　典,4,4,25.0,25.0,0.0,50.0,0.128,0.06,0.18,0.0,0,0.0,参考
3612.0,馬　袋　　義　則,2,7,14.29,42.86,42.86,100.0,0.109,0.08,0.15,28.57,0,0.0,C
4553.0,坪　口　　竜　也,4,3,0.0,66.67,0.0,66.67,0.127,0.11,0.16,0.0,0,0.0,参考
3822.0,平　尾　　崇　典,1,4,0.0,50.0,0.0,50.0,0.15,0.08,0.21,25.0,0,0.0,参考
4762.0,藤　原　　啓史朗,4,3,0.0,66.67,0.0,66.67,0.107,0.08,0.13,33.33,0,0.0,参考
3612.0,馬　袋　　義　則,5,6,50.0,16.67,0.0,66.67,0.127,0.03,0.21,16.67,0,0.0,C
4553.0,坪　口　　竜　也,1,3,66.67,0.0,0.0,66.67,0.113,0.09,0.15,0.0,0,0.0,参考
3822.0,平　尾　　崇　典,2,3,0.0,0.0,33.33,33.33,0.133,0.11,0.15,0.0,0,0.0,参考
3612.0,馬　袋　　義　則,3,9,11.11,22.22,22.22,55.56,0.12,0.08,0.18,11.11,0,0.0,C
4762.0,藤　原　　啓史朗,3,3,33.33,33.33,33.33,100.0,0.107,0.07,0.16,0.0,0,0.0,参考
3822.0,平　尾　　崇　典,5,4,25.0,0.0,0.0,25.0,0.175,0.13,0.21,0.0,0,0.0,参考
4697.0,國　弘　　翔　平,3,3,33.33,0.0,0.0,33.33,0.137,0.06,0.22,66.67,0,0.0,参考
3832.0,下　田　　哲　也,4,6,0.0,33.33,16.67,50.0,0.158,0.07,0.21,0.0,0,0.0,C
4693.0,松　下　　誉　士,4,4,0.0,0.0,25.0,25.0,0.16,0.12,0.22,25.0,0,0.0,参考
4747.0,山　戸　　信　二,4,3,0.0,33.33,0.0,33.33,0.137,0.08,0.24,33.33,0,0.0,参考
4832.0,権　藤　　俊　光,2,5,40.0,20.0,20.0,80.0,0.142,0.11,0.18,40.0,0,0.0,C
4693.0,松　下　　誉　士,3,4,0.0,25.0,0.0,25.0,0.182,0.13,0.28,0.0,0,0.0,参考
3944.0,山　口　　裕　二,6,4,0.0,25.0,25.0,50.0,0.152,0.11,0.2,0.0,0,0.0,参考
3832.0,下　田　　哲　也,6,4,0.0,0.0,0.0,0.0,0.193,0.09,0.29,0.0,0,0.0,参考
4832.0,権　藤　　俊　光,6,4,0.0,0.0,50.0,50.0,0.163,0.07,0.22,50.0,0,0.0,参考
4747.0,山　戸　　信　二,2,3,33.33,0.0,0.0,33.33,0.187,0.13,0.27,33.33,0,0.0,参考
4219.0,本　岡　　勝　利,4,4,25.0,0.0,25.0,50.0,0.193,0.16,0.23,0.0,0,0.0,参考
5294.0,豊　田　　祥　生,3,6,0.0,0.0,16.67,16.67,0.13,0.07,0.23,0.0,0,0.0,C
4693.0,松　下　　誉　士,1,4,25.0,50.0,0.0,75.0,0.182,0.07,0.29,25.0,0,0.0,参考
3944.0,山　口　　裕　二,4,5,0.0,40.0,20.0,60.0,0.19,0.13,0.32,0.0,0,0.0,C
4865.0,立　具　　敬　司,5,3,0.0,0.0,0.0,0.0,0.187,0.11,0.28,0.0,0,0.0,参考
4747.0,山　戸　　信　二,5,3,0.0,0.0,0.0,0.0,0.193,0.12,0.29,0.0,0,0.0,参考
3832.0,下　田　　哲　也,3,7,0.0,42.86,28.57,71.43,0.166,0.08,0.26,28.57,0,0.0,C
4832.0,権　藤　　俊　光,4,5,40.0,0.0,20.0,60.0,0.12,0.05,0.2,20.0,0,0.0,C
4219.0,本　岡　　勝　利,3,3,0.0,33.33,0.0,33.33,0.163,0.14,0.2,0.0,0,0.0,参考
4865.0,立　具　　敬　司,2,3,0.0,0.0,0.0,0.0,0.13,0.11,0.16,0.0,0,0.0,参考
3944.0,山　口　　裕　二,5,4,0.0,25.0,0.0,25.0,0.182,0.09,0.25,0.0,0,0.0,参考
4832.0,権　藤　　俊　光,1,5,20.0,60.0,20.0,100.0,0.198,0.06,0.28,20.0,0,0.0,C
4693.0,松　下　　誉　士,6,3,0.0,0.0,33.33,33.33,0.127,0.09,0.19,33.33,0,0.0,参考
3944.0,山　口　　裕　二,2,5,40.0,20.0,20.0,80.0,0.2,0.18,0.23,0.0,0,0.0,C
4832.0,権　藤　　俊　光,5,6,33.33,16.67,16.67,66.67,0.137,0.07,0.22,16.67,0,0.0,C
3832.0,下　田　　哲　也,1,4,0.0,50.0,0.0,50.0,0.177,0.09,0.21,0.0,0,0.0,参考
3944.0,山　口　　裕　二,1,4,50.0,25.0,25.0,100.0,0.168,0.16,0.18,25.0,0,0.0,参考
4832.0,権　藤　　俊　光,3,6,16.67,33.33,50.0,100.0,0.145,0.02,0.23,33.33,0,0.0,C
4693.0,松　下　　誉　士,2,4,0.0,25.0,0.0,25.0,0.17,0.11,0.3,0.0,0,0.0,参考
4219.0,本　岡　　勝　利,1,3,0.0,33.33,33.33,66.67,0.17,0.13,0.19,33.33,0,0.0,参考
4306.0,畔　柳　　俊　吾,4,3,33.33,33.33,0.0,66.67,0.15,0.1,0.2,0.0,0,0.0,参考
4747.0,山　戸　　信　二,1,3,0.0,33.33,0.0,33.33,0.213,0.13,0.3,33.33,0,0.0,参考
4693.0,松　下　　誉　士,5,5,0.0,20.0,0.0,20.0,0.154,0.1,0.22,20.0,0,0.0,C
4041.0,小　林　　基　樹,1,4,0.0,25.0,25.0,50.0,0.177,0.06,0.23,0.0,0,0.0,参考
4180.0,上　野　　秀　和,2,4,0.0,25.0,25.0,50.0,0.172,0.15,0.2,0.0,0,0.0,参考
5360.0,高　木　　茉　白,5,4,0.0,0.0,0.0,0.0,0.2,0.15,0.3,0.0,0,0.0,参考
5357.0,田　中　　瀬里奈,6,10,0.0,0.0,0.0,0.0,0.186,0.08,0.32,0.0,0,0.0,B
4180.0,上　野　　秀　和,4,5,0.0,0.0,20.0,20.0,0.172,0.08,0.21,0.0,0,0.0,C
4041.0,小　林　　基　樹,3,5,0.0,40.0,20.0,60.0,0.184,0.08,0.29,20.0,0,0.0,C
4705.0,吉　川　　勇　作,3,3,0.0,0.0,0.0,0.0,0.123,0.09,0.18,33.33,0,0.0,参考
4705.0,吉　川　　勇　作,1,4,50.0,0.0,25.0,75.0,0.075,0.05,0.11,100.0,0,0.0,参考
5357.0,田　中　　瀬里奈,5,5,0.0,0.0,0.0,0.0,0.238,0.15,0.36,0.0,0,0.0,C
4758.0,富　樫　　麗　加,1,3,66.67,0.0,0.0,66.67,0.133,0.12,0.15,33.33,0,0.0,参考
4041.0,小　林　　基　樹,4,5,20.0,0.0,20.0,40.0,0.236,0.13,0.33,0.0,0,0.0,C
5360.0,高　木　　茉　白,6,4,0.0,0.0,0.0,0.0,0.12,0.02,0.18,25.0,0,0.0,参考
4180.0,上　野　　秀　和,6,3,0.0,0.0,33.33,33.33,0.137,0.11,0.15,33.33,0,0.0,参考
4579.0,中　嶋　　健一郎,6,6,33.33,16.67,33.33,83.33,0.172,0.09,0.29,16.67,0,0.0,C
4648.0,木　村　　亮　太,2,6,0.0,33.33,33.33,66.67,0.168,0.12,0.2,16.67,0,0.0,C
4180.0,上　野　　秀　和,1,4,0.0,0.0,50.0,50.0,0.16,0.09,0.21,0.0,0,0.0,参考
4705.0,吉　川　　勇　作,6,4,0.0,0.0,0.0,0.0,0.147,0.11,0.22,0.0,0,0.0,参考
4758.0,富　樫　　麗　加,2,4,25.0,50.0,25.0,100.0,0.138,0.05,0.22,0.0,0,0.0,参考
4180.0,上　野　　秀　和,5,4,0.0,0.0,0.0,0.0,0.193,0.17,0.23,25.0,0,0.0,参考
4041.0,小　林　　基　樹,6,4,0.0,25.0,0.0,25.0,0.212,0.16,0.26,0.0,0,0.0,参考
4758.0,富　樫　　麗　加,3,6,16.67,16.67,16.67,50.0,0.118,0.04,0.25,0.0,0,0.0,C
4180.0,上　野　　秀　和,3,4,25.0,0.0,25.0,50.0,0.163,0.08,0.29,0.0,0,0.0,参考
5034.0,若　林　　義　人,5,3,0.0,0.0,33.33,33.33,0.1,0.09,0.11,100.0,0,0.0,参考
4863.0,三　浦　　裕　貴,1,4,25.0,50.0,0.0,75.0,0.138,0.09,0.17,25.0,0,0.0,参考
3898.0,平　田　　忠　則,6,7,0.0,28.57,0.0,28.57,0.16,0.1,0.25,42.86,0,0.0,C
5115.0,香　川　　颯　太,6,5,0.0,0.0,20.0,20.0,0.134,0.04,0.18,20.0,0,0.0,C
4863.0,三　浦　　裕　貴,3,7,0.0,0.0,28.57,28.57,0.133,0.05,0.24,28.57,0,0.0,C
3898.0,平　田　　忠　則,4,4,50.0,25.0,25.0,100.0,0.103,0.03,0.18,25.0,0,0.0,参考
5034.0,若　林　　義　人,2,3,33.33,33.33,0.0,66.67,0.1,0.09,0.12,33.33,0,0.0,参考
5115.0,香　川　　颯　太,4,4,25.0,25.0,25.0,75.0,0.145,0.08,0.22,0.0,0,0.0,参考
3898.0,平　田　　忠　則,5,4,0.0,25.0,50.0,75.0,0.12,0.08,0.14,0.0,0,0.0,参考
4683.0,向井田　　直　弥,3,3,0.0,33.33,0.0,33.33,0.113,0.09,0.15,100.0,0,0.0,参考
3898.0,平　田　　忠　則,3,3,33.33,33.33,0.0,66.67,0.127,0.08,0.17,33.33,0,0.0,参考
3898.0,平　田　　忠　則,1,5,60.0,20.0,20.0,100.0,0.082,0.02,0.19,20.0,0,0.0,C
5115.0,香　川　　颯　太,2,5,40.0,0.0,40.0,80.0,0.146,0.07,0.27,20.0,0,0.0,C
5147.0,田　中　　勇　輔,3,6,16.67,0.0,66.67,83.33,0.078,0.03,0.14,66.67,0,0.0,C
3898.0,平　田　　忠　則,2,5,20.0,20.0,20.0,60.0,0.114,0.05,0.14,0.0,0,0.0,C
4683.0,向井田　　直　弥,5,3,0.0,0.0,33.33,33.33,0.12,0.03,0.21,66.67,0,0.0,参考
5115.0,香　川　　颯　太,5,4,0.0,0.0,0.0,0.0,0.1,0.02,0.15,50.0,0,0.0,参考
5147.0,田　中　　勇　輔,4,5,20.0,20.0,20.0,60.0,0.076,0.02,0.13,40.0,0,0.0,C
3499.0,市　川　　哲　也,5,3,0.0,33.33,0.0,33.33,0.143,0.11,0.18,0.0,0,0.0,参考
5115.0,香　川　　颯　太,3,4,25.0,25.0,25.0,75.0,0.14,0.07,0.19,0.0,0,0.0,参考
5073.0,上　原　　健次郎,1,5,20.0,0.0,60.0,80.0,0.18,0.1,0.25,20.0,0,0.0,C
3682.0,切　田　　潤　二,6,3,0.0,0.0,0.0,0.0,0.193,0.13,0.25,0.0,0,0.0,参考
5239.0,上　野　　俊　樹,5,4,25.0,50.0,0.0,75.0,0.158,0.12,0.21,25.0,0,0.0,参考
5055.0,眞　鳥　　章　太,4,3,0.0,0.0,0.0,0.0,0.143,0.08,0.23,33.33,0,0.0,参考
4067.0,永　井　　　　源,6,3,0.0,0.0,33.33,33.33,0.197,0.17,0.23,0.0,0,0.0,参考
3896.0,上　田　　洋　平,6,4,0.0,0.0,50.0,50.0,0.145,0.06,0.29,25.0,0,0.0,参考
5303.0,土　井　　歩　夢,6,3,0.0,0.0,33.33,33.33,0.133,0.12,0.15,33.33,0,0.0,参考
5239.0,上　野　　俊　樹,3,3,0.0,0.0,33.33,33.33,0.16,0.09,0.22,0.0,0,0.0,参考
3896.0,上　田　　洋　平,2,4,25.0,25.0,25.0,75.0,0.148,0.1,0.23,25.0,0,0.0,参考
5073.0,上　原　　健次郎,2,5,20.0,60.0,0.0,80.0,0.176,0.17,0.19,0.0,0,0.0,C
4067.0,永　井　　　　源,3,4,75.0,0.0,0.0,75.0,0.165,0.09,0.28,50.0,0,0.0,参考
5303.0,土　井　　歩　夢,4,4,0.0,0.0,0.0,0.0,0.163,0.13,0.19,0.0,0,0.0,参考
3682.0,切　田　　潤　二,2,3,0.0,0.0,33.33,33.33,0.2,0.16,0.26,0.0,0,0.0,参考
5055.0,眞　鳥　　章　太,6,4,0.0,25.0,25.0,50.0,0.19,0.16,0.22,0.0,0,0.0,参考
5303.0,土　井　　歩　夢,1,3,100.0,0.0,0.0,100.0,0.087,0.04,0.18,66.67,0,0.0,参考
5073.0,上　原　　健次郎,4,4,0.0,25.0,0.0,25.0,0.18,0.1,0.25,0.0,0,0.0,参考
3896.0,上　田　　洋　平,5,5,20.0,0.0,0.0,20.0,0.114,0.03,0.22,20.0,0,0.0,C
3682.0,切　田　　潤　二,5,3,0.0,0.0,33.33,33.33,0.19,0.17,0.22,0.0,0,0.0,参考
4067.0,永　井　　　　源,4,5,20.0,40.0,20.0,80.0,0.152,0.11,0.21,40.0,0,0.0,C
5041.0,荒　牧　　凪　沙,1,4,50.0,25.0,25.0,100.0,0.215,0.11,0.3,0.0,0,0.0,参考
5055.0,眞　鳥　　章　太,5,4,0.0,0.0,50.0,50.0,0.122,0.01,0.21,25.0,0,0.0,参考
3682.0,切　田　　潤　二,4,3,0.0,0.0,0.0,0.0,0.23,0.18,0.26,0.0,0,0.0,参考
5055.0,眞　鳥　　章　太,1,4,25.0,50.0,0.0,75.0,0.115,0.06,0.15,25.0,0,0.0,参考
4067.0,永　井　　　　源,2,6,50.0,0.0,16.67,66.67,0.162,0.06,0.22,16.67,0,0.0,C
5073.0,上　原　　健次郎,5,4,0.0,25.0,0.0,25.0,0.145,0.02,0.37,50.0,0,0.0,参考
5239.0,上　野　　俊　樹,1,3,33.33,0.0,33.33,66.67,0.217,0.19,0.24,0.0,0,0.0,参考
3349.0,吉　田　　一　郎,2,3,33.33,33.33,0.0,66.67,0.097,0.03,0.16,66.67,0,0.0,参考
5303.0,土　井　　歩　夢,2,4,25.0,50.0,0.0,75.0,0.117,0.09,0.17,25.0,0,0.0,参考
3896.0,上　田　　洋　平,1,4,50.0,0.0,25.0,75.0,0.113,0.02,0.23,25.0,0,0.0,参考
5073.0,上　原　　健次郎,3,4,0.0,0.0,50.0,50.0,0.172,0.14,0.19,0.0,0,0.0,参考
4067.0,永　井　　　　源,1,7,57.14,14.29,28.57,100.0,0.167,0.1,0.25,0.0,0,0.0,C
5239.0,上　野　　俊　樹,2,4,50.0,0.0,0.0,50.0,0.22,0.18,0.25,0.0,0,0.0,参考
5041.0,荒　牧　　凪　沙,5,3,0.0,0.0,33.33,33.33,0.143,0.05,0.21,0.0,0,0.0,参考
3682.0,切　田　　潤　二,1,3,0.0,0.0,66.67,66.67,0.14,0.11,0.18,0.0,0,0.0,参考
5303.0,土　井　　歩　夢,3,4,0.0,25.0,25.0,50.0,0.125,0.1,0.15,50.0,0,0.0,参考
4067.0,永　井　　　　源,5,7,14.29,28.57,14.29,57.14,0.149,0.12,0.18,28.57,0,0.0,C
3682.0,切　田　　潤　二,3,3,0.0,0.0,33.33,33.33,0.227,0.17,0.29,0.0,0,0.0,参考
5041.0,荒　牧　　凪　沙,4,4,0.0,25.0,25.0,50.0,0.163,0.05,0.34,0.0,0,0.0,参考
5303.0,土　井　　歩　夢,5,3,0.0,0.0,33.33,33.33,0.097,0.07,0.14,66.67,0,0.0,参考
5055.0,眞　鳥　　章　太,2,4,25.0,25.0,0.0,50.0,0.168,0.15,0.19,0.0,0,0.0,参考
5073.0,上　原　　健次郎,6,5,0.0,20.0,40.0,60.0,0.206,0.15,0.33,0.0,0,0.0,C
3896.0,上　田　　洋　平,4,3,0.0,0.0,66.67,66.67,0.167,0.12,0.24,0.0,0,0.0,参考
5345.0,牧　村　　俊　輝,6,14,0.0,0.0,0.0,0.0,0.202,0.12,0.33,0.0,0,0.0,B
3915.0,繁野谷　　圭　介,2,6,0.0,0.0,33.33,33.33,0.158,0.11,0.21,0.0,0,0.0,C
4724.0,吉　田　　祐　貴,4,6,16.67,0.0,16.67,33.33,0.193,0.15,0.31,0.0,0,0.0,C
5323.0,香　川　　陽　太,4,3,0.0,0.0,0.0,0.0,0.183,0.12,0.27,33.33,0,0.0,参考
5345.0,牧　村　　俊　輝,5,8,0.0,0.0,0.0,0.0,0.195,0.12,0.27,0.0,0,0.0,C
3915.0,繁野谷　　圭　介,6,7,0.0,14.29,0.0,14.29,0.186,0.15,0.29,14.29,0,0.0,C
4724.0,吉　田　　祐　貴,2,5,0.0,20.0,0.0,20.0,0.24,0.08,0.4,0.0,0,0.0,C
3987.0,後　藤　　正　宗,1,3,0.0,66.67,33.33,100.0,0.11,0.04,0.17,66.67,0,0.0,参考
5029.0,中　　　　亮　太,3,3,0.0,0.0,33.33,33.33,0.063,0.04,0.08,66.67,0,0.0,参考
4724.0,吉　田　　祐　貴,1,3,0.0,100.0,0.0,100.0,0.167,0.09,0.23,33.33,0,0.0,参考
3915.0,繁野谷　　圭　介,4,6,33.33,33.33,16.67,83.33,0.148,0.09,0.25,33.33,0,0.0,C
5029.0,中　　　　亮　太,6,4,0.0,25.0,25.0,50.0,0.133,0.08,0.17,25.0,0,0.0,参考
3987.0,後　藤　　正　宗,4,3,33.33,0.0,0.0,33.33,0.127,0.09,0.16,33.33,0,0.0,参考
5323.0,香　川　　陽　太,5,3,0.0,33.33,0.0,33.33,0.11,0.01,0.25,66.67,0,0.0,参考
3915.0,繁野谷　　圭　介,3,10,30.0,10.0,10.0,50.0,0.152,0.07,0.21,0.0,0,0.0,B
4724.0,吉　田　　祐　貴,5,5,0.0,0.0,0.0,0.0,0.18,0.12,0.27,20.0,0,0.0,C
3987.0,後　藤　　正　宗,6,3,0.0,33.33,0.0,33.33,0.123,0.09,0.14,0.0,0,0.0,参考
4724.0,吉　田　　祐　貴,6,6,0.0,0.0,66.67,66.67,0.195,0.08,0.28,0.0,0,0.0,C
3915.0,繁野谷　　圭　介,1,9,66.67,11.11,0.0,77.78,0.193,0.12,0.33,22.22,0,0.0,C
4724.0,吉　田　　祐　貴,3,5,0.0,20.0,20.0,40.0,0.228,0.17,0.29,20.0,0,0.0,C
4735.0,角　山　　雄　哉,3,3,33.33,33.33,0.0,66.67,0.16,0.08,0.27,33.33,0,0.0,参考
4403.0,木　下　　大　將,4,9,0.0,22.22,22.22,44.44,0.149,0.06,0.22,11.11,0,0.0,C
5341.0,山　道　　諄　也,6,18,0.0,0.0,0.0,0.0,0.152,0.03,0.26,22.22,0,0.0,B
4403.0,木　下　　大　將,1,5,40.0,0.0,20.0,60.0,0.122,0.07,0.16,60.0,0,0.0,C
5341.0,山　道　　諄　也,5,9,0.0,0.0,11.11,11.11,0.154,0.05,0.3,22.22,0,0.0,C
4403.0,木　下　　大　將,5,9,0.0,33.33,33.33,66.67,0.129,0.02,0.24,0.0,0,0.0,C
4735.0,角　山　　雄　哉,4,4,25.0,25.0,0.0,50.0,0.107,0.05,0.21,25.0,0,0.0,参考
4403.0,木　下　　大　將,2,11,18.18,45.45,9.09,72.73,0.131,0.06,0.19,27.27,0,0.0,B
4403.0,木　下　　大　將,6,5,0.0,0.0,20.0,20.0,0.11,0.04,0.17,40.0,0,0.0,C
4735.0,角　山　　雄　哉,6,3,0.0,0.0,0.0,0.0,0.133,0.08,0.21,33.33,0,0.0,参考
4735.0,角　山　　雄　哉,1,3,33.33,33.33,0.0,66.67,0.107,0.07,0.13,66.67,0,0.0,参考
5285.0,若　林　　　　麗,6,8,0.0,25.0,0.0,25.0,0.17,0.09,0.25,0.0,0,0.0,C
5285.0,若　林　　　　麗,5,9,0.0,0.0,0.0,0.0,0.158,0.08,0.26,22.22,0,0.0,C
5285.0,若　林　　　　麗,4,9,0.0,11.11,0.0,11.11,0.159,0.06,0.27,0.0,0,0.0,C
4809.0,外　崎　　　　悟,3,6,0.0,16.67,50.0,66.67,0.163,0.05,0.24,16.67,0,0.0,C
5313.0,鈴　木　　唯　央,4,4,0.0,0.0,0.0,0.0,0.205,0.13,0.34,0.0,0,0.0,参考
4844.0,村　上　　奈　穂,3,3,0.0,33.33,0.0,33.33,0.183,0.08,0.27,33.33,0,0.0,参考
5241.0,門　田　　　　栞,5,3,0.0,0.0,33.33,33.33,0.133,0.06,0.24,33.33,0,0.0,参考
5361.0,植　竹　　玲　奈,6,20,0.0,0.0,0.0,0.0,0.238,0.11,0.55,0.0,0,0.0,A
4372.0,原　田　　佑　実,6,3,0.0,66.67,0.0,66.67,0.13,0.1,0.15,0.0,0,0.0,参考
5165.0,小　林　　愛　実,2,4,25.0,25.0,50.0,100.0,0.18,0.11,0.25,0.0,0,0.0,参考
3778.0,安　達　　美　帆,3,4,0.0,50.0,0.0,50.0,0.2,0.16,0.28,0.0,0,0.0,参考
5171.0,清　水　　未　唯,4,4,25.0,0.0,25.0,50.0,0.212,0.17,0.29,0.0,0,0.0,参考
5192.0,中　尾　　優　香,5,4,0.0,25.0,0.0,25.0,0.205,0.2,0.21,0.0,0,0.0,参考
5347.0,井　澤　　聖　奈,6,13,0.0,0.0,0.0,0.0,0.188,0.09,0.41,7.69,0,0.0,B
5213.0,湯　淺　　紀　香,3,3,33.33,0.0,66.67,100.0,0.203,0.2,0.21,33.33,0,0.0,参考
5340.0,樋江井　　　　舞,5,14,0.0,0.0,14.29,14.29,0.172,0.07,0.3,21.43,0,0.0,B
5296.0,永　田　　　　楽,5,6,0.0,16.67,0.0,16.67,0.257,0.12,0.37,16.67,0,0.0,C
5241.0,門　田　　　　栞,6,3,0.0,33.33,33.33,66.67,0.157,0.13,0.18,33.33,0,0.0,参考
5165.0,小　林　　愛　実,5,4,0.0,25.0,0.0,25.0,0.188,0.13,0.23,0.0,0,0.0,参考
3551.0,藤　田　　美　代,2,3,33.33,0.0,0.0,33.33,0.193,0.18,0.21,0.0,0,0.0,参考
4372.0,原　田　　佑　実,4,4,25.0,50.0,0.0,75.0,0.152,0.11,0.22,25.0,0,0.0,参考
3778.0,安　達　　美　帆,1,3,33.33,0.0,33.33,66.67,0.207,0.09,0.35,0.0,0,0.0,参考
5296.0,永　田　　　　楽,4,6,0.0,50.0,0.0,50.0,0.173,0.11,0.23,16.67,0,0.0,C
4372.0,原　田　　佑　実,1,3,100.0,0.0,0.0,100.0,0.11,0.04,0.19,33.33,0,0.0,参考
5340.0,樋江井　　　　舞,6,13,0.0,7.69,15.38,23.08,0.173,0.01,0.26,7.69,0,0.0,B
5347.0,井　澤　　聖　奈,5,5,0.0,0.0,0.0,0.0,0.258,0.21,0.31,0.0,0,0.0,C
5171.0,清　水　　未　唯,3,3,0.0,33.33,33.33,66.67,0.167,0.01,0.26,33.33,0,0.0,参考
5314.0,中　曽　　瑠　華,4,4,0.0,0.0,0.0,0.0,0.177,0.11,0.25,25.0,0,0.0,参考
3778.0,安　達　　美　帆,2,7,0.0,42.86,28.57,71.43,0.197,0.01,0.31,28.57,0,0.0,C
5192.0,中　尾　　優　香,4,4,0.0,0.0,25.0,25.0,0.19,0.13,0.22,25.0,0,0.0,参考
5361.0,植　竹　　玲　奈,5,16,0.0,0.0,0.0,0.0,0.166,0.11,0.27,12.5,0,0.0,B
4525.0,真　子　　奈津実,1,3,33.33,33.33,33.33,100.0,0.14,0.11,0.19,0.0,0,0.0,参考
3551.0,藤　田　　美　代,3,3,33.33,0.0,0.0,33.33,0.173,0.16,0.19,66.67,0,0.0,参考
5171.0,清　水　　未　唯,5,3,0.0,33.33,0.0,33.33,0.173,0.09,0.25,66.67,0,0.0,参考
4372.0,原　田　　佑　実,5,3,0.0,0.0,33.33,33.33,0.153,0.11,0.18,33.33,0,0.0,参考
5241.0,門　田　　　　栞,4,5,20.0,20.0,0.0,40.0,0.146,0.06,0.27,20.0,0,0.0,C
4372.0,原　田　　佑　実,3,3,0.0,33.33,0.0,33.33,0.163,0.09,0.23,0.0,0,0.0,参考
5013.0,山　下　　夏　鈴,4,3,33.33,0.0,33.33,66.67,0.19,0.16,0.25,33.33,0,0.0,参考
3778.0,安　達　　美　帆,5,4,0.0,0.0,25.0,25.0,0.155,0.13,0.19,25.0,0,0.0,参考
5165.0,小　林　　愛　実,1,3,0.0,0.0,33.33,33.33,0.263,0.11,0.41,0.0,0,0.0,参考
4372.0,原　田　　佑　実,2,3,66.67,0.0,33.33,100.0,0.22,0.08,0.39,0.0,0,0.0,参考
5241.0,門　田　　　　栞,3,5,20.0,20.0,0.0,40.0,0.23,0.1,0.39,0.0,0,0.0,C
5296.0,永　田　　　　楽,6,8,0.0,12.5,0.0,12.5,0.184,0.08,0.31,12.5,0,0.0,C
5171.0,清　水　　未　唯,6,3,0.0,0.0,0.0,0.0,0.12,0.05,0.17,33.33,0,0.0,参考
5165.0,小　林　　愛　実,3,5,20.0,20.0,40.0,80.0,0.124,0.02,0.24,0.0,0,0.0,C
5171.0,清　水　　未　唯,1,4,25.0,25.0,25.0,75.0,0.092,0.03,0.13,100.0,0,0.0,参考
4949.0,横　田　　貴　満,4,6,16.67,50.0,16.67,83.33,0.153,0.09,0.22,16.67,0,0.0,C
4327.0,加　藤　　　　翔,4,6,0.0,16.67,16.67,33.33,0.158,0.07,0.26,0.0,0,0.0,C
4949.0,横　田　　貴　満,1,5,60.0,20.0,0.0,80.0,0.132,0.08,0.19,0.0,0,0.0,C
4327.0,加　藤　　　　翔,3,4,25.0,0.0,0.0,25.0,0.18,0.11,0.28,0.0,0,0.0,参考
4327.0,加　藤　　　　翔,6,3,0.0,0.0,0.0,0.0,0.217,0.14,0.31,0.0,0,0.0,参考
4458.0,抹　香　　雄　三,2,4,0.0,75.0,0.0,75.0,0.125,0.08,0.21,50.0,0,0.0,参考
4949.0,横　田　　貴　満,2,4,25.0,25.0,25.0,75.0,0.16,0.12,0.18,0.0,0,0.0,参考
4458.0,抹　香　　雄　三,1,5,20.0,40.0,20.0,80.0,0.144,0.13,0.16,40.0,0,0.0,C
4949.0,横　田　　貴　満,5,4,25.0,0.0,50.0,75.0,0.14,0.06,0.26,50.0,0,0.0,参考
4327.0,加　藤　　　　翔,1,3,66.67,0.0,0.0,66.67,0.183,0.11,0.27,0.0,0,0.0,参考
4458.0,抹　香　　雄　三,3,5,20.0,20.0,0.0,40.0,0.128,0.08,0.17,20.0,0,0.0,C
4458.0,抹　香　　雄　三,6,5,0.0,0.0,40.0,40.0,0.16,0.08,0.24,20.0,0,0.0,C
4949.0,横　田　　貴　満,6,3,33.33,33.33,0.0,66.67,0.193,0.14,0.27,66.67,0,0.0,参考
4327.0,加　藤　　　　翔,2,4,25.0,0.0,25.0,50.0,0.142,0.11,0.18,0.0,0,0.0,参考
4949.0,横　田　　貴　満,3,3,33.33,0.0,66.67,100.0,0.147,0.11,0.21,33.33,0,0.0,参考
4458.0,抹　香　　雄　三,4,3,0.0,0.0,33.33,33.33,0.137,0.12,0.15,66.67,0,0.0,参考
4207.0,松　下　　一　也,6,8,25.0,12.5,25.0,62.5,0.133,0.08,0.2,37.5,0,0.0,C
5160.0,藤　森　　陸　斗,1,4,25.0,0.0,0.0,25.0,0.133,0.11,0.15,0.0,0,0.0,参考
4981.0,牧　山　　敦　也,2,3,33.33,33.33,33.33,100.0,0.14,0.13,0.15,0.0,0,0.0,参考
5329.0,金　子　　龍　斗,6,5,0.0,20.0,40.0,60.0,0.144,0.03,0.21,40.0,0,0.0,C
4349.0,犬　童　　千　秋,2,6,0.0,50.0,0.0,50.0,0.155,0.06,0.25,33.33,0,0.0,C
5277.0,井　上　　未　都,4,5,0.0,0.0,80.0,80.0,0.096,0.03,0.14,80.0,0,0.0,C
5247.0,大　森　　　　翼,5,4,0.0,0.0,25.0,25.0,0.108,0.08,0.14,0.0,0,0.0,参考
5246.0,楠　　　　将太郎,2,4,0.0,0.0,25.0,25.0,0.223,0.18,0.28,0.0,0,0.0,参考
5234.0,塚　越　　海　斗,2,3,33.33,0.0,0.0,33.33,0.163,0.09,0.23,0.0,0,0.0,参考
4349.0,犬　童　　千　秋,3,4,0.0,50.0,0.0,50.0,0.152,0.13,0.18,0.0,0,0.0,参考
4207.0,松　下　　一　也,5,8,12.5,0.0,25.0,37.5,0.135,0.06,0.22,25.0,0,0.0,C
4981.0,牧　山　　敦　也,6,6,0.0,0.0,0.0,0.0,0.19,0.11,0.28,0.0,0,0.0,C
5277.0,井　上　　未　都,5,4,0.0,0.0,25.0,25.0,0.135,0.1,0.21,25.0,0,0.0,参考
5246.0,楠　　　　将太郎,3,5,20.0,20.0,20.0,60.0,0.17,0.12,0.21,20.0,0,0.0,C
5160.0,藤　森　　陸　斗,6,3,0.0,0.0,0.0,0.0,0.197,0.13,0.25,0.0,0,0.0,参考
5329.0,金　子　　龍　斗,4,5,0.0,0.0,40.0,40.0,0.106,0.05,0.15,60.0,0,0.0,C
4349.0,犬　童　　千　秋,1,6,16.67,50.0,33.33,100.0,0.193,0.06,0.4,33.33,0,0.0,C
5247.0,大　森　　　　翼,2,4,25.0,50.0,0.0,75.0,0.168,0.1,0.26,0.0,0,0.0,参考
5277.0,井　上　　未　都,3,6,16.67,0.0,33.33,50.0,0.145,0.06,0.27,33.33,0,0.0,C
5266.0,石　田　　勇　斗,3,6,0.0,0.0,16.67,16.67,0.182,0.06,0.36,33.33,0,0.0,C
4981.0,牧　山　　敦　也,5,4,0.0,0.0,25.0,25.0,0.133,0.07,0.21,0.0,0,0.0,参考
4207.0,松　下　　一　也,1,9,88.89,11.11,0.0,100.0,0.082,0.03,0.15,66.67,0,0.0,C
5266.0,石　田　　勇　斗,1,3,0.0,0.0,0.0,0.0,0.143,0.04,0.22,66.67,0,0.0,参考
5247.0,大　森　　　　翼,3,5,0.0,0.0,0.0,0.0,0.198,0.1,0.3,0.0,0,0.0,C
4349.0,犬　童　　千　秋,5,5,0.0,0.0,40.0,40.0,0.124,0.05,0.21,20.0,0,0.0,C
5320.0,岩　崎　　麗　子,4,3,0.0,0.0,0.0,0.0,0.083,0.01,0.13,33.33,0,0.0,参考
5277.0,井　上　　未　都,2,5,40.0,0.0,0.0,40.0,0.122,0.05,0.2,60.0,0,0.0,C
5160.0,藤　森　　陸　斗,3,4,0.0,0.0,25.0,25.0,0.163,0.05,0.29,0.0,0,0.0,参考
5247.0,大　森　　　　翼,4,4,0.0,25.0,25.0,50.0,0.152,0.05,0.24,0.0,0,0.0,参考
4207.0,松　下　　一　也,2,8,0.0,25.0,12.5,37.5,0.077,0.02,0.15,37.5,0,0.0,C
4207.0,松　下　　一　也,4,5,20.0,20.0,20.0,60.0,0.1,0.06,0.14,40.0,0,0.0,C
4349.0,犬　童　　千　秋,6,5,20.0,0.0,20.0,40.0,0.094,0.01,0.25,40.0,0,0.0,C
5266.0,石　田　　勇　斗,2,4,25.0,25.0,25.0,75.0,0.165,0.02,0.28,25.0,0,0.0,参考
5277.0,井　上　　未　都,1,3,33.33,33.33,0.0,66.67,0.193,0.16,0.22,33.33,0,0.0,参考
5160.0,藤　森　　陸　斗,5,3,0.0,33.33,33.33,66.67,0.13,0.09,0.17,0.0,0,0.0,参考
5247.0,大　森　　　　翼,1,3,0.0,0.0,0.0,0.0,0.187,0.12,0.24,33.33,0,0.0,参考
4240.0,今　井　　裕　梨,3,7,28.57,28.57,28.57,85.71,0.143,0.09,0.19,42.86,0,0.0,C
4349.0,犬　童　　千　秋,4,4,25.0,25.0,0.0,50.0,0.133,0.1,0.16,75.0,0,0.0,参考
5160.0,藤　森　　陸　斗,2,5,20.0,40.0,20.0,80.0,0.142,0.09,0.2,20.0,0,0.0,C
5266.0,石　田　　勇　斗,4,3,0.0,33.33,33.33,66.67,0.14,0.04,0.19,33.33,0,0.0,参考
5247.0,大　森　　　　翼,6,3,0.0,0.0,0.0,0.0,0.17,0.11,0.27,0.0,0,0.0,参考
3564.0,桑　原　　　　啓,4,3,66.67,0.0,0.0,66.67,0.147,0.13,0.17,33.33,0,0.0,参考
4826.0,井　上　　一　輝,6,3,0.0,66.67,33.33,100.0,0.08,0.02,0.15,33.33,0,0.0,参考
5237.0,永　松　　良　教,6,6,16.67,0.0,16.67,33.33,0.235,0.04,0.34,33.33,0,0.0,C
3422.0,服　部　　幸　男,5,3,0.0,0.0,33.33,33.33,0.123,0.08,0.18,0.0,0,0.0,参考
3304.0,烏　野　　賢　太,5,3,0.0,0.0,0.0,0.0,0.193,0.19,0.2,0.0,0,0.0,参考
3422.0,服　部　　幸　男,4,4,50.0,0.0,0.0,50.0,0.08,0.07,0.09,75.0,0,0.0,参考
3422.0,服　部　　幸　男,2,4,50.0,25.0,0.0,75.0,0.148,0.13,0.17,0.0,0,0.0,参考
4674.0,池　田　　剛　規,3,5,0.0,0.0,40.0,40.0,0.172,0.09,0.27,20.0,0,0.0,C
3401.0,上　田　　隆　章,6,3,0.0,0.0,0.0,0.0,0.14,0.13,0.16,0.0,0,0.0,参考
3422.0,服　部　　幸　男,1,4,0.0,25.0,25.0,50.0,0.133,0.07,0.23,50.0,0,0.0,参考
3304.0,烏　野　　賢　太,2,3,33.33,0.0,0.0,33.33,0.12,0.07,0.2,0.0,0,0.0,参考
4674.0,池　田　　剛　規,5,3,0.0,0.0,33.33,33.33,0.15,0.14,0.16,0.0,0,0.0,参考
4674.0,池　田　　剛　規,4,4,0.0,50.0,0.0,50.0,0.155,0.06,0.2,0.0,0,0.0,参考
4674.0,池　田　　剛　規,1,3,0.0,33.33,33.33,66.67,0.13,0.1,0.18,33.33,0,0.0,参考
3257.0,田　頭　　　　実,1,3,100.0,0.0,0.0,100.0,0.083,0.03,0.16,66.67,0,0.0,参考
4674.0,池　田　　剛　規,2,3,0.0,33.33,0.0,33.33,0.163,0.1,0.24,33.33,0,0.0,参考
3422.0,服　部　　幸　男,3,4,25.0,0.0,25.0,50.0,0.12,0.06,0.16,0.0,0,0.0,参考
5269.0,山　口　　晃　朋,1,3,33.33,33.33,0.0,66.67,0.123,0.04,0.17,66.67,0,0.0,参考
4962.0,畑　　　　竜　生,1,3,66.67,33.33,0.0,100.0,0.127,0.03,0.18,33.33,0,0.0,参考
5318.0,河　内　　一　馬,4,5,0.0,0.0,0.0,0.0,0.204,0.09,0.28,20.0,0,0.0,C
3832.0,下　田　　哲　也,2,3,0.0,33.33,33.33,66.67,0.177,0.05,0.32,33.33,0,0.0,参考
4962.0,畑　　　　竜　生,4,3,33.33,0.0,0.0,33.33,0.17,0.16,0.18,0.0,0,0.0,参考
4962.0,畑　　　　竜　生,6,3,0.0,0.0,33.33,33.33,0.19,0.13,0.26,0.0,0,0.0,参考
5269.0,山　口　　晃　朋,2,4,25.0,0.0,0.0,25.0,0.122,0.03,0.22,25.0,0,0.0,参考
5267.0,石　本　　裕　武,6,6,50.0,16.67,0.0,66.67,0.17,0.08,0.27,33.33,0,0.0,C
5269.0,山　口　　晃　朋,3,6,0.0,16.67,33.33,50.0,0.112,0.05,0.16,16.67,0,0.0,C
4962.0,畑　　　　竜　生,2,6,0.0,50.0,16.67,66.67,0.167,0.09,0.27,16.67,0,0.0,C
3612.0,馬　袋　　義　則,4,7,14.29,0.0,57.14,71.43,0.121,0.05,0.26,28.57,0,0.0,C
4962.0,畑　　　　竜　生,5,4,0.0,0.0,50.0,50.0,0.177,0.14,0.21,25.0,0,0.0,参考
5275.0,松　田　　淳　平,6,5,40.0,0.0,0.0,40.0,0.162,0.09,0.24,40.0,0,0.0,C
4209.0,藤　田　　竜　弘,2,3,33.33,0.0,33.33,66.67,0.18,0.08,0.27,33.33,0,0.0,参考
5275.0,松　田　　淳　平,4,3,0.0,0.0,0.0,0.0,0.153,0.1,0.22,33.33,0,0.0,参考
3680.0,森　林　　　　太,4,3,0.0,0.0,33.33,33.33,0.237,0.17,0.31,0.0,0,0.0,参考
4948.0,木　場　　悠　介,1,3,100.0,0.0,0.0,100.0,0.12,0.07,0.15,66.67,0,0.0,参考
4209.0,藤　田　　竜　弘,5,5,20.0,0.0,40.0,60.0,0.142,0.12,0.16,20.0,0,0.0,C
5275.0,松　田　　淳　平,5,3,0.0,0.0,0.0,0.0,0.17,0.03,0.25,33.33,0,0.0,参考
4209.0,藤　田　　竜　弘,1,4,25.0,50.0,25.0,100.0,0.152,0.13,0.17,0.0,0,0.0,参考
4209.0,藤　田　　竜　弘,3,4,25.0,25.0,25.0,75.0,0.135,0.07,0.18,0.0,0,0.0,参考
3680.0,森　林　　　　太,3,3,0.0,33.33,33.33,66.67,0.167,0.14,0.19,33.33,0,0.0,参考
5102.0,原　田　　雄　次,4,3,33.33,0.0,0.0,33.33,0.27,0.12,0.35,0.0,0,0.0,参考
5307.0,富　永　　夏哉人,4,3,0.0,0.0,33.33,33.33,0.223,0.18,0.3,33.33,0,0.0,参考
5141.0,大　澤　　風　葵,3,5,0.0,20.0,20.0,40.0,0.114,0.07,0.2,0.0,0,0.0,C
4254.0,川　島　　圭　司,4,3,33.33,0.0,66.67,100.0,0.06,0.03,0.09,66.67,0,0.0,参考
5211.0,高　井　　駿　弥,3,3,33.33,33.33,0.0,66.67,0.117,0.04,0.19,66.67,0,0.0,参考
5102.0,原　田　　雄　次,5,3,0.0,0.0,0.0,0.0,0.17,0.15,0.21,0.0,0,0.0,参考
3300.0,川　崎　　智　幸,1,4,100.0,0.0,0.0,100.0,0.135,0.09,0.18,0.0,0,0.0,参考
4196.0,田　中　　太一郎,3,3,0.0,0.0,33.33,33.33,0.187,0.09,0.26,0.0,0,0.0,参考
4254.0,川　島　　圭　司,1,3,66.67,0.0,0.0,66.67,0.103,0.08,0.14,66.67,0,0.0,参考
5307.0,富　永　　夏哉人,3,4,0.0,0.0,0.0,0.0,0.208,0.19,0.23,0.0,0,0.0,参考
5211.0,高　井　　駿　弥,2,4,0.0,25.0,0.0,25.0,0.17,0.1,0.2,0.0,0,0.0,参考
3915.0,繁野谷　　圭　介,5,5,0.0,20.0,0.0,20.0,0.14,0.1,0.21,20.0,0,0.0,C
5307.0,富　永　　夏哉人,2,3,0.0,0.0,0.0,0.0,0.293,0.18,0.43,0.0,0,0.0,参考
3930.0,岸　本　　　　隆,3,3,0.0,0.0,0.0,0.0,0.113,0.03,0.17,33.33,0,0.0,参考
5141.0,大　澤　　風　葵,5,4,0.0,25.0,0.0,25.0,0.11,0.08,0.17,50.0,0,0.0,参考
5330.0,安河内　　鈴之介,6,5,0.0,0.0,20.0,20.0,0.212,0.14,0.37,0.0,0,0.0,C
5330.0,安河内　　鈴之介,5,3,33.33,0.0,0.0,33.33,0.15,0.12,0.19,33.33,0,0.0,参考
5330.0,安河内　　鈴之介,4,4,0.0,0.0,50.0,50.0,0.168,0.1,0.26,0.0,0,0.0,参考
5289.0,佃　　　　來　紀,6,7,0.0,0.0,28.57,28.57,0.143,0.05,0.2,28.57,0,0.0,C
4403.0,木　下　　大　將,3,6,50.0,16.67,16.67,83.33,0.147,0.09,0.2,0.0,0,0.0,C
5009.0,大　賀　　龍之介,4,4,50.0,25.0,0.0,75.0,0.185,0.12,0.28,25.0,0,0.0,参考
4982.0,中　村　　将　隆,5,8,12.5,0.0,25.0,37.5,0.173,0.05,0.24,0.0,0,0.0,C
5368.0,宮　崎　　心之介,6,9,11.11,11.11,0.0,22.22,0.188,0.06,0.36,22.22,0,0.0,C
5371.0,早　川　　颯　太,6,21,0.0,0.0,0.0,0.0,0.18,0.05,0.34,14.29,0,0.0,A
5316.0,村　松　　将　平,6,10,0.0,0.0,20.0,20.0,0.162,0.01,0.3,10.0,0,0.0,B
5004.0,河　野　　主　樹,4,5,20.0,60.0,0.0,80.0,0.184,0.15,0.22,40.0,0,0.0,C
5161.0,登　玉　　隼　百,5,5,40.0,0.0,0.0,40.0,0.108,0.01,0.16,20.0,0,0.0,C
5002.0,上　田　　健　太,2,5,40.0,0.0,40.0,80.0,0.126,0.1,0.15,20.0,0,0.0,C
5009.0,大　賀　　龍之介,2,4,25.0,25.0,0.0,50.0,0.152,0.1,0.24,0.0,0,0.0,参考
4982.0,中　村　　将　隆,3,6,0.0,33.33,33.33,66.67,0.123,0.03,0.26,16.67,0,0.0,C
5004.0,河　野　　主　樹,5,4,0.0,0.0,0.0,0.0,0.125,0.07,0.18,50.0,0,0.0,参考
4958.0,溝　口　　海義也,1,3,66.67,33.33,0.0,100.0,0.157,0.13,0.19,33.33,0,0.0,参考
5161.0,登　玉　　隼　百,2,3,33.33,33.33,33.33,100.0,0.187,0.11,0.23,0.0,0,0.0,参考
5002.0,上　田　　健　太,4,4,25.0,0.0,50.0,75.0,0.107,0.07,0.16,50.0,0,0.0,参考
5371.0,早　川　　颯　太,5,13,0.0,0.0,0.0,0.0,0.213,0.11,0.39,0.0,0,0.0,B
5316.0,村　松　　将　平,4,3,0.0,33.33,33.33,66.67,0.09,0.02,0.16,66.67,0,0.0,参考
5009.0,大　賀　　龍之介,6,4,0.0,0.0,0.0,0.0,0.172,0.1,0.25,25.0,0,0.0,参考
5368.0,宮　崎　　心之介,5,7,0.0,0.0,14.29,14.29,0.181,0.11,0.29,28.57,0,0.0,C
5161.0,登　玉　　隼　百,3,4,25.0,25.0,25.0,75.0,0.113,0.09,0.13,25.0,0,0.0,参考
5004.0,河　野　　主　樹,3,7,14.29,14.29,28.57,57.14,0.13,0.08,0.31,14.29,0,0.0,C
5316.0,村　松　　将　平,5,6,0.0,16.67,0.0,16.67,0.142,0.04,0.26,16.67,0,0.0,C
5115.0,香　川　　颯　太,1,3,33.33,33.33,33.33,100.0,0.167,0.04,0.26,0.0,0,0.0,参考
5167.0,小　川　　竜太朗,6,4,0.0,25.0,0.0,25.0,0.125,0.08,0.2,50.0,0,0.0,参考
4957.0,竹之内　　　　極,5,3,33.33,0.0,0.0,33.33,0.11,0.1,0.12,33.33,0,0.0,参考
4982.0,中　村　　将　隆,2,7,14.29,28.57,42.86,85.71,0.159,0.06,0.24,14.29,0,0.0,C
4958.0,溝　口　　海義也,3,5,0.0,20.0,60.0,80.0,0.098,0.05,0.12,0.0,0,0.0,C
4982.0,中　村　　将　隆,1,5,60.0,0.0,0.0,60.0,0.098,0.03,0.17,80.0,0,0.0,C
4958.0,溝　口　　海義也,4,5,20.0,20.0,20.0,60.0,0.158,0.1,0.2,0.0,0,0.0,C
5120.0,山　本　　稔太朗,6,3,0.0,0.0,0.0,0.0,0.263,0.18,0.36,0.0,0,0.0,参考
5004.0,河　野　　主　樹,6,3,33.33,33.33,0.0,66.67,0.213,0.18,0.25,0.0,0,0.0,参考
5161.0,登　玉　　隼　百,6,6,0.0,16.67,0.0,16.67,0.108,0.03,0.21,16.67,0,0.0,C
5009.0,大　賀　　龍之介,5,4,0.0,0.0,25.0,25.0,0.152,0.09,0.22,25.0,0,0.0,参考
5002.0,上　田　　健　太,3,3,0.0,33.33,66.67,100.0,0.21,0.15,0.25,0.0,0,0.0,参考
4982.0,中　村　　将　隆,4,5,0.0,20.0,0.0,20.0,0.164,0.11,0.26,0.0,0,0.0,C
4957.0,竹之内　　　　極,2,3,33.33,0.0,33.33,66.67,0.217,0.17,0.27,0.0,0,0.0,参考
4983.0,前　田　　篤　哉,5,4,25.0,0.0,25.0,50.0,0.163,0.08,0.23,0.0,0,0.0,参考
4958.0,溝　口　　海義也,2,3,33.33,33.33,33.33,100.0,0.133,0.1,0.16,0.0,0,0.0,参考
5004.0,河　野　　主　樹,2,5,0.0,20.0,80.0,100.0,0.156,0.13,0.19,20.0,0,0.0,C
5002.0,上　田　　健　太,5,5,20.0,0.0,20.0,40.0,0.114,0.05,0.15,60.0,0,0.0,C
5009.0,大　賀　　龍之介,3,4,50.0,0.0,0.0,50.0,0.17,0.16,0.2,0.0,0,0.0,参考
5161.0,登　玉　　隼　百,4,5,0.0,20.0,20.0,40.0,0.106,0.03,0.16,20.0,0,0.0,C
5009.0,大　賀　　龍之介,1,4,50.0,25.0,0.0,75.0,0.177,0.1,0.23,0.0,0,0.0,参考
5004.0,河　野　　主　樹,1,3,0.0,66.67,33.33,100.0,0.17,0.08,0.22,33.33,0,0.0,参考
4982.0,中　村　　将　隆,6,5,0.0,0.0,0.0,0.0,0.19,0.06,0.29,20.0,0,0.0,C
5161.0,登　玉　　隼　百,1,9,44.44,22.22,0.0,66.67,0.133,0.09,0.23,55.56,0,0.0,C
4958.0,溝　口　　海義也,6,3,0.0,0.0,33.33,33.33,0.133,0.11,0.17,33.33,0,0.0,参考
5140.0,吉　田　　彩　乃,1,3,0.0,0.0,66.67,66.67,0.163,0.12,0.2,0.0,0,0.0,参考
5198.0,奥　村　　明日香,1,3,33.33,33.33,0.0,66.67,0.247,0.15,0.3,33.33,0,0.0,参考
5003.0,来　田　　衣　織,3,6,16.67,16.67,50.0,83.33,0.21,0.14,0.29,16.67,0,0.0,C
5188.0,武　井　　莉里佳,3,4,50.0,0.0,25.0,75.0,0.202,0.12,0.35,0.0,0,0.0,参考
4927.0,関　野　　　　文,5,4,0.0,0.0,25.0,25.0,0.135,0.1,0.15,50.0,0,0.0,参考
5003.0,来　田　　衣　織,2,3,0.0,33.33,0.0,33.33,0.233,0.2,0.25,0.0,0,0.0,参考
5188.0,武　井　　莉里佳,4,3,66.67,0.0,0.0,66.67,0.053,0.03,0.07,100.0,0,0.0,参考
5198.0,奥　村　　明日香,5,5,0.0,0.0,0.0,0.0,0.204,0.18,0.23,0.0,0,0.0,C
4482.0,守　屋　　美　穂,1,4,75.0,0.0,25.0,100.0,0.155,0.09,0.19,50.0,0,0.0,参考
4927.0,関　野　　　　文,4,4,0.0,50.0,25.0,75.0,0.152,0.07,0.24,0.0,0,0.0,参考
5188.0,武　井　　莉里佳,2,4,25.0,25.0,0.0,50.0,0.23,0.19,0.31,0.0,0,0.0,参考
5317.0,長　尾　　萌　加,4,4,0.0,0.0,75.0,75.0,0.26,0.19,0.31,0.0,0,0.0,参考
4927.0,関　野　　　　文,1,6,50.0,33.33,0.0,83.33,0.147,0.08,0.21,33.33,0,0.0,C
5198.0,奥　村　　明日香,2,4,25.0,25.0,25.0,75.0,0.177,0.12,0.25,25.0,0,0.0,参考
5203.0,神　里　　琴　音,1,3,0.0,33.33,0.0,33.33,0.137,0.1,0.2,0.0,0,0.0,参考
4927.0,関　野　　　　文,3,5,0.0,20.0,20.0,40.0,0.102,0.03,0.14,20.0,0,0.0,C
4482.0,守　屋　　美　穂,6,3,33.33,33.33,0.0,66.67,0.167,0.08,0.25,33.33,0,0.0,参考
5198.0,奥　村　　明日香,4,3,33.33,0.0,0.0,33.33,0.18,0.06,0.24,33.33,0,0.0,参考
5317.0,長　尾　　萌　加,6,4,0.0,0.0,25.0,25.0,0.17,0.15,0.21,0.0,0,0.0,参考
5283.0,植　木　　美　帆,2,3,0.0,0.0,0.0,0.0,0.38,0.14,0.72,0.0,0,0.0,参考
5198.0,奥　村　　明日香,3,3,0.0,0.0,0.0,0.0,0.2,0.1,0.31,0.0,0,0.0,参考
4927.0,関　野　　　　文,6,6,0.0,33.33,16.67,50.0,0.125,0.03,0.19,16.67,0,0.0,C
4536.0,喜　井　　つかさ,4,3,0.0,0.0,66.67,66.67,0.14,0.09,0.21,0.0,0,0.0,参考
5203.0,神　里　　琴　音,2,3,33.33,0.0,33.33,66.67,0.147,0.11,0.17,0.0,0,0.0,参考
5003.0,来　田　　衣　織,5,3,0.0,33.33,0.0,33.33,0.153,0.08,0.23,33.33,0,0.0,参考
5283.0,植　木　　美　帆,4,4,0.0,0.0,0.0,0.0,0.273,0.12,0.45,0.0,0,0.0,参考
4927.0,関　野　　　　文,2,4,50.0,25.0,0.0,75.0,0.167,0.12,0.19,50.0,0,0.0,参考
5283.0,植　木　　美　帆,1,3,33.33,0.0,0.0,33.33,0.23,0.19,0.28,33.33,0,0.0,参考
4536.0,喜　井　　つかさ,3,3,0.0,0.0,66.67,66.67,0.187,0.12,0.23,33.33,0,0.0,参考
5188.0,武　井　　莉里佳,5,3,33.33,0.0,33.33,66.67,0.253,0.18,0.35,0.0,0,0.0,参考
5003.0,来　田　　衣　織,4,3,0.0,0.0,0.0,0.0,0.19,0.18,0.21,0.0,0,0.0,参考
5085.0,中　村　　栄　治,2,3,0.0,33.33,33.33,66.67,0.213,0.12,0.27,0.0,0,0.0,参考
4926.0,吉　川　　貴　仁,4,3,0.0,66.67,0.0,66.67,0.123,0.05,0.21,66.67,0,0.0,参考
4495.0,森　　　　晋太郎,5,4,50.0,0.0,0.0,50.0,0.1,0.05,0.15,75.0,0,0.0,参考
4926.0,吉　川　　貴　仁,6,3,33.33,0.0,33.33,66.67,0.2,0.06,0.3,0.0,0,0.0,参考
5085.0,中　村　　栄　治,1,3,33.33,0.0,33.33,66.67,0.187,0.13,0.23,33.33,0,0.0,参考
4926.0,吉　川　　貴　仁,1,4,75.0,0.0,0.0,75.0,0.13,0.08,0.21,25.0,0,0.0,参考
4664.0,東　口　　　　晃,4,3,0.0,0.0,0.0,0.0,0.207,0.17,0.28,0.0,0,0.0,参考
4926.0,吉　川　　貴　仁,3,3,0.0,33.33,0.0,33.33,0.117,0.09,0.17,66.67,0,0.0,参考
4926.0,吉　川　　貴　仁,2,7,14.29,0.0,28.57,42.86,0.121,0.08,0.17,28.57,0,0.0,C
4495.0,森　　　　晋太郎,3,5,0.0,40.0,0.0,40.0,0.146,0.04,0.24,20.0,0,0.0,C
5085.0,中　村　　栄　治,3,4,0.0,0.0,50.0,50.0,0.23,0.16,0.38,0.0,0,0.0,参考
4495.0,森　　　　晋太郎,4,3,0.0,66.67,0.0,66.67,0.05,0.02,0.08,33.33,0,0.0,参考
4495.0,森　　　　晋太郎,2,4,0.0,50.0,25.0,75.0,0.15,0.07,0.2,25.0,0,0.0,参考
4926.0,吉　川　　貴　仁,5,6,33.33,33.33,0.0,66.67,0.14,0.04,0.21,16.67,0,0.0,C
5365.0,石　村　　日奈那,6,16,0.0,0.0,6.25,6.25,0.214,0.12,0.35,0.0,0,0.0,B
3944.0,山　口　　裕　二,3,4,0.0,50.0,0.0,50.0,0.12,0.08,0.17,0.0,0,0.0,参考
4963.0,實　森　　美　祐,3,3,66.67,33.33,0.0,100.0,0.143,0.13,0.15,33.33,0,0.0,参考
5148.0,松　本　　　　怜,6,6,0.0,0.0,0.0,0.0,0.157,0.08,0.24,33.33,0,0.0,C
5098.0,大　江　　　　純,6,8,0.0,0.0,0.0,0.0,0.182,0.12,0.25,37.5,0,0.0,C
4207.0,松　下　　一　也,3,5,40.0,40.0,0.0,80.0,0.186,0.08,0.31,20.0,0,0.0,C
5098.0,大　江　　　　純,2,5,20.0,20.0,40.0,80.0,0.124,0.06,0.18,40.0,0,0.0,C
4963.0,實　森　　美　祐,2,4,50.0,25.0,25.0,100.0,0.16,0.14,0.2,0.0,0,0.0,参考
5148.0,松　本　　　　怜,1,6,50.0,16.67,16.67,83.33,0.185,0.08,0.37,16.67,0,0.0,C
5365.0,石　村　　日奈那,5,6,0.0,0.0,16.67,16.67,0.173,0.06,0.3,16.67,0,0.0,C
4785.0,木　幡　　純　也,6,4,0.0,0.0,50.0,50.0,0.25,0.22,0.28,0.0,0,0.0,参考
5148.0,松　本　　　　怜,5,3,0.0,0.0,0.0,0.0,0.1,0.03,0.23,66.67,0,0.0,参考
4963.0,實　森　　美　祐,6,3,0.0,0.0,66.67,66.67,0.137,0.1,0.16,33.33,0,0.0,参考
5148.0,松　本　　　　怜,4,5,20.0,0.0,0.0,20.0,0.17,0.12,0.3,20.0,0,0.0,C
4785.0,木　幡　　純　也,1,4,0.0,75.0,0.0,75.0,0.16,0.07,0.23,25.0,0,0.0,参考
5148.0,松　本　　　　怜,3,4,25.0,25.0,0.0,50.0,0.233,0.17,0.33,0.0,0,0.0,参考
4785.0,木　幡　　純　也,4,3,0.0,33.33,0.0,33.33,0.203,0.13,0.27,0.0,0,0.0,参考
4785.0,木　幡　　純　也,3,4,0.0,25.0,50.0,75.0,0.128,0.09,0.18,50.0,0,0.0,参考
4963.0,實　森　　美　祐,1,4,75.0,25.0,0.0,100.0,0.14,0.11,0.17,100.0,0,0.0,参考
5148.0,松　本　　　　怜,2,4,0.0,25.0,25.0,50.0,0.147,0.11,0.18,0.0,0,0.0,参考
4963.0,實　森　　美　祐,5,5,0.0,20.0,40.0,60.0,0.166,0.13,0.21,0.0,0,0.0,C
5098.0,大　江　　　　純,5,4,0.0,0.0,0.0,0.0,0.122,0.06,0.18,0.0,0,0.0,参考
5321.0,一　色　　颯　輝,2,3,33.33,0.0,33.33,66.67,0.177,0.11,0.25,0.0,0,0.0,参考
5364.0,金　子　　怜　央,6,15,0.0,0.0,0.0,0.0,0.179,0.03,0.32,6.67,0,0.0,B
5321.0,一　色　　颯　輝,4,4,0.0,50.0,0.0,50.0,0.188,0.1,0.32,50.0,0,0.0,参考
4228.0,吉　田　　慎二郎,3,4,0.0,0.0,25.0,25.0,0.173,0.12,0.23,50.0,0,0.0,参考
5327.0,西　田　　和　加,4,3,0.0,0.0,0.0,0.0,0.187,0.1,0.25,0.0,0,0.0,参考
4228.0,吉　田　　慎二郎,4,4,0.0,75.0,0.0,75.0,0.138,0.02,0.21,25.0,0,0.0,参考
5364.0,金　子　　怜　央,5,9,0.0,0.0,0.0,0.0,0.142,0.05,0.23,11.11,0,0.0,C
5321.0,一　色　　颯　輝,1,3,0.0,66.67,0.0,66.67,0.137,0.07,0.21,33.33,0,0.0,参考
4228.0,吉　田　　慎二郎,2,4,0.0,50.0,25.0,75.0,0.23,0.17,0.26,0.0,0,0.0,参考
4228.0,吉　田　　慎二郎,5,4,25.0,0.0,25.0,50.0,0.165,0.09,0.22,0.0,0,0.0,参考
4863.0,三　浦　　裕　貴,4,5,20.0,0.0,0.0,20.0,0.16,0.09,0.25,20.0,0,0.0,C
4863.0,三　浦　　裕　貴,2,5,0.0,20.0,20.0,40.0,0.172,0.1,0.28,0.0,0,0.0,C
4272.0,大　場　　広　孝,3,3,33.33,0.0,33.33,66.67,0.13,0.1,0.15,33.33,0,0.0,参考
4226.0,村　田　　浩　司,1,3,66.67,33.33,0.0,100.0,0.167,0.1,0.27,33.33,0,0.0,参考
4899.0,占　部　　一　真,6,6,0.0,16.67,16.67,33.33,0.162,0.09,0.34,16.67,0,0.0,C
4226.0,村　田　　浩　司,3,3,0.0,33.33,33.33,66.67,0.13,0.1,0.17,33.33,0,0.0,参考
4226.0,村　田　　浩　司,6,3,0.0,0.0,0.0,0.0,0.12,0.05,0.18,33.33,0,0.0,参考
4925.0,森　　　　悠　稀,5,5,0.0,40.0,20.0,60.0,0.144,0.07,0.24,20.0,0,0.0,C
4925.0,森　　　　悠　稀,2,5,40.0,0.0,20.0,60.0,0.17,0.13,0.25,20.0,0,0.0,C
4226.0,村　田　　浩　司,5,4,0.0,25.0,0.0,25.0,0.14,0.07,0.23,25.0,0,0.0,参考
4226.0,村　田　　浩　司,2,4,50.0,25.0,0.0,75.0,0.138,0.08,0.19,25.0,0,0.0,参考
5315.0,浅　井　　　　翼,3,3,0.0,0.0,33.33,33.33,0.21,0.09,0.3,33.33,0,0.0,参考
4899.0,占　部　　一　真,4,4,0.0,25.0,0.0,25.0,0.108,0.07,0.13,50.0,0,0.0,参考
5390.0,高　橋　　涼　夏,6,16,0.0,0.0,0.0,0.0,0.172,0.05,0.41,18.75,0,0.0,B
5294.0,豊　田　　祥　生,2,5,0.0,0.0,20.0,20.0,0.174,0.13,0.26,0.0,0,0.0,C
5331.0,佐　藤　　永　梧,1,7,14.29,0.0,14.29,28.57,0.16,0.08,0.24,28.57,0,0.0,C
5390.0,高　橋　　涼　夏,5,6,0.0,0.0,0.0,0.0,0.165,0.11,0.22,0.0,0,0.0,C
5331.0,佐　藤　　永　梧,3,8,12.5,12.5,0.0,25.0,0.144,0.03,0.27,12.5,0,0.0,C
5331.0,佐　藤　　永　梧,2,4,25.0,0.0,0.0,25.0,0.135,0.1,0.18,25.0,0,0.0,参考
5294.0,豊　田　　祥　生,1,3,0.0,33.33,0.0,33.33,0.233,0.11,0.44,0.0,0,0.0,参考
5251.0,沼　田　　七　華,3,4,0.0,0.0,25.0,25.0,0.185,0.11,0.39,0.0,0,0.0,参考
5293.0,眞　崎　　武　蔵,6,7,0.0,0.0,14.29,14.29,0.24,0.11,0.33,0.0,0,0.0,C
5356.0,長谷川　　　　暖,6,5,20.0,0.0,0.0,20.0,0.202,0.06,0.34,0.0,0,0.0,C
5289.0,佃　　　　來　紀,2,4,0.0,0.0,25.0,25.0,0.223,0.18,0.26,0.0,0,0.0,参考
5187.0,小　坂　　風　太,1,3,0.0,0.0,0.0,0.0,0.14,0.1,0.19,0.0,0,0.0,参考
4959.0,井　上　　忠　政,2,4,50.0,0.0,25.0,75.0,0.205,0.17,0.25,0.0,0,0.0,参考
5285.0,若　林　　　　麗,3,3,0.0,0.0,0.0,0.0,0.2,0.14,0.26,0.0,0,0.0,参考
5325.0,澁　川　　　　夏,6,13,0.0,7.69,23.08,30.77,0.145,0.03,0.26,0.0,0,0.0,B
5292.0,佐　藤　　右　京,3,4,0.0,25.0,25.0,50.0,0.125,0.03,0.18,0.0,0,0.0,参考
5187.0,小　坂　　風　太,5,3,0.0,0.0,33.33,33.33,0.147,0.11,0.18,0.0,0,0.0,参考
4907.0,小　池　　修　平,1,6,83.33,0.0,0.0,83.33,0.11,0.09,0.14,33.33,0,0.0,C
4959.0,井　上　　忠　政,5,3,33.33,33.33,0.0,66.67,0.173,0.15,0.21,0.0,0,0.0,参考
5292.0,佐　藤　　右　京,1,4,0.0,25.0,0.0,25.0,0.31,0.27,0.34,0.0,0,0.0,参考
5325.0,澁　川　　　　夏,4,5,20.0,0.0,0.0,20.0,0.12,0.07,0.17,40.0,0,0.0,C
5356.0,長谷川　　　　暖,5,3,0.0,0.0,33.33,33.33,0.17,0.05,0.31,33.33,0,0.0,参考
5289.0,佃　　　　來　紀,1,4,75.0,0.0,0.0,75.0,0.125,0.04,0.19,25.0,0,0.0,参考
5124.0,上　瀧　　絢　也,2,3,0.0,0.0,0.0,0.0,0.163,0.14,0.2,33.33,0,0.0,参考
5285.0,若　林　　　　麗,2,4,0.0,0.0,0.0,0.0,0.188,0.05,0.35,0.0,0,0.0,参考
5325.0,澁　川　　　　夏,5,7,14.29,14.29,28.57,57.14,0.16,0.06,0.27,14.29,0,0.0,C
5187.0,小　坂　　風　太,4,3,0.0,0.0,66.67,66.67,0.197,0.19,0.21,33.33,0,0.0,参考
5170.0,佐　藤　　太　亮,6,3,0.0,0.0,0.0,0.0,0.19,0.17,0.21,0.0,0,0.0,参考
4959.0,井　上　　忠　政,1,6,83.33,16.67,0.0,100.0,0.172,0.07,0.23,16.67,0,0.0,C
5187.0,小　坂　　風　太,3,3,0.0,33.33,0.0,33.33,0.11,0.08,0.13,33.33,0,0.0,参考
5185.0,加　藤　　優　弥,6,3,0.0,0.0,0.0,0.0,0.153,0.09,0.2,33.33,0,0.0,参考
5289.0,佃　　　　來　紀,3,3,0.0,33.33,33.33,66.67,0.19,0.11,0.27,33.33,0,0.0,参考
5224.0,西　岡　　顕　心,1,3,100.0,0.0,0.0,100.0,0.167,0.1,0.21,33.33,0,0.0,参考
4959.0,井　上　　忠　政,6,3,33.33,33.33,0.0,66.67,0.167,0.07,0.26,33.33,0,0.0,参考
5104.0,山　田　　　　丈,2,3,33.33,33.33,33.33,100.0,0.157,0.03,0.28,33.33,0,0.0,参考
5187.0,小　坂　　風　太,2,4,0.0,25.0,25.0,50.0,0.233,0.12,0.39,0.0,0,0.0,参考
5285.0,若　林　　　　麗,1,3,0.0,0.0,0.0,0.0,0.177,0.11,0.22,0.0,0,0.0,参考
5276.0,大　島　　隆乃介,1,3,66.67,33.33,0.0,100.0,0.157,0.08,0.2,33.33,0,0.0,参考
5187.0,小　坂　　風　太,6,3,0.0,0.0,0.0,0.0,0.193,0.16,0.21,0.0,0,0.0,参考
4907.0,小　池　　修　平,6,3,33.33,0.0,33.33,66.67,0.197,0.18,0.21,33.33,0,0.0,参考
5274.0,城　間　　盛　渚,2,3,33.33,33.33,33.33,100.0,0.187,0.05,0.37,66.67,0,0.0,参考
5156.0,坂　野　　さくら,4,5,20.0,0.0,40.0,60.0,0.148,0.02,0.27,0.0,0,0.0,C
5361.0,植　竹　　玲　奈,4,8,0.0,0.0,12.5,12.5,0.147,0.08,0.24,25.0,0,0.0,C
4822.0,百　武　　　　翔,2,4,0.0,50.0,50.0,100.0,0.215,0.14,0.26,0.0,0,0.0,参考
5322.0,根　岸　　真　優,4,3,0.0,0.0,0.0,0.0,0.203,0.11,0.35,0.0,0,0.0,参考
5274.0,城　間　　盛　渚,3,3,0.0,0.0,33.33,33.33,0.12,0.02,0.21,33.33,0,0.0,参考
4822.0,百　武　　　　翔,4,3,0.0,66.67,33.33,100.0,0.167,0.12,0.24,0.0,0,0.0,参考
4822.0,百　武　　　　翔,5,4,0.0,25.0,25.0,50.0,0.15,0.06,0.21,0.0,0,0.0,参考
4649.0,和　田　　操　拓,4,5,0.0,60.0,20.0,80.0,0.128,0.06,0.21,20.0,0,0.0,C
4649.0,和　田　　操　拓,3,4,0.0,50.0,0.0,50.0,0.125,0.1,0.16,50.0,0,0.0,参考
4061.0,萩　原　　秀　人,6,3,0.0,0.0,0.0,0.0,0.077,0.03,0.11,0.0,0,0.0,参考
4061.0,萩　原　　秀　人,1,3,100.0,0.0,0.0,100.0,0.087,0.04,0.13,33.33,0,0.0,参考
5092.0,篠　原　　晟　弥,4,5,0.0,40.0,40.0,80.0,0.12,0.06,0.19,60.0,0,0.0,C
5092.0,篠　原　　晟　弥,5,4,25.0,0.0,0.0,25.0,0.105,0.09,0.13,25.0,0,0.0,参考
5326.0,三　嶌　　さらら,6,4,0.0,0.0,0.0,0.0,0.185,0.12,0.31,0.0,0,0.0,参考
5092.0,篠　原　　晟　弥,3,5,40.0,40.0,0.0,80.0,0.148,0.09,0.22,20.0,0,0.0,C
5015.0,高　橋　　竜　矢,2,3,33.33,0.0,0.0,33.33,0.113,0.08,0.14,0.0,0,0.0,参考
5092.0,篠　原　　晟　弥,2,5,40.0,0.0,20.0,60.0,0.144,0.05,0.24,40.0,0,0.0,C
5015.0,高　橋　　竜　矢,5,3,33.33,33.33,0.0,66.67,0.127,0.09,0.16,0.0,0,0.0,参考
5092.0,篠　原　　晟　弥,1,5,40.0,20.0,0.0,60.0,0.11,0.04,0.15,40.0,0,0.0,C
4000.0,松　本　　博　昭,4,4,0.0,50.0,0.0,50.0,0.188,0.13,0.24,0.0,0,0.0,参考
5092.0,篠　原　　晟　弥,6,4,50.0,0.0,25.0,75.0,0.13,0.08,0.19,50.0,0,0.0,参考
5304.0,井　田　　涼　介,6,14,0.0,0.0,0.0,0.0,0.134,0.01,0.32,21.43,0,0.0,B
4016.0,西　川　　新太郎,6,8,0.0,0.0,0.0,0.0,0.154,0.02,0.27,25.0,0,0.0,C
5304.0,井　田　　涼　介,5,7,0.0,0.0,0.0,0.0,0.173,0.06,0.26,14.29,0,0.0,C
5304.0,井　田　　涼　介,4,6,0.0,0.0,0.0,0.0,0.192,0.11,0.3,16.67,0,0.0,C
3687.0,花　田　　和　明,2,3,0.0,33.33,0.0,33.33,0.13,0.09,0.19,33.33,0,0.0,参考
5367.0,赤　松　　咲　香,6,5,0.0,0.0,0.0,0.0,0.166,0.05,0.24,40.0,0,0.0,C
3435.0,寺　田　　千　恵,5,3,0.0,66.67,33.33,100.0,0.063,0.02,0.1,66.67,0,0.0,参考
5334.0,樫　葉　　新　心,6,3,0.0,0.0,33.33,33.33,0.113,0.08,0.18,33.33,0,0.0,参考
5156.0,坂　野　　さくら,5,6,0.0,33.33,16.67,50.0,0.112,0.03,0.18,33.33,0,0.0,C
4373.0,若　狭　　奈美子,1,4,50.0,25.0,0.0,75.0,0.15,0.08,0.23,50.0,0,0.0,参考
5156.0,坂　野　　さくら,2,5,0.0,20.0,40.0,60.0,0.132,0.1,0.2,40.0,0,0.0,C
3435.0,寺　田　　千　恵,1,4,100.0,0.0,0.0,100.0,0.145,0.09,0.22,25.0,0,0.0,参考
4014.0,片　岡　　恵　里,4,6,16.67,33.33,16.67,66.67,0.152,0.06,0.23,0.0,0,0.0,C
4941.0,孫　崎　　百　世,4,4,0.0,0.0,50.0,50.0,0.26,0.18,0.35,0.0,0,0.0,参考
5334.0,樫　葉　　新　心,5,4,0.0,0.0,0.0,0.0,0.17,0.07,0.25,25.0,0,0.0,参考
5241.0,門　田　　　　栞,1,3,66.67,33.33,0.0,100.0,0.183,0.14,0.21,33.33,0,0.0,参考
5367.0,赤　松　　咲　香,5,4,0.0,0.0,0.0,0.0,0.253,0.13,0.39,0.0,0,0.0,参考
5334.0,樫　葉　　新　心,3,7,0.0,14.29,0.0,14.29,0.159,0.01,0.29,14.29,0,0.0,C
4014.0,片　岡　　恵　里,3,5,0.0,60.0,20.0,80.0,0.206,0.12,0.28,0.0,0,0.0,C
5277.0,井　上　　未　都,6,3,0.0,0.0,0.0,0.0,0.16,0.09,0.22,33.33,0,0.0,参考
3435.0,寺　田　　千　恵,3,3,0.0,33.33,0.0,33.33,0.213,0.19,0.25,0.0,0,0.0,参考
5156.0,坂　野　　さくら,3,5,0.0,20.0,20.0,40.0,0.086,0.06,0.12,40.0,0,0.0,C
4373.0,若　狭　　奈美子,3,4,0.0,0.0,75.0,75.0,0.19,0.15,0.24,0.0,0,0.0,参考
5334.0,樫　葉　　新　心,2,6,0.0,0.0,33.33,33.33,0.225,0.14,0.38,0.0,0,0.0,C
4014.0,片　岡　　恵　里,6,3,0.0,66.67,0.0,66.67,0.14,0.1,0.18,33.33,0,0.0,参考
3435.0,寺　田　　千　恵,4,3,0.0,0.0,66.67,66.67,0.09,0.05,0.17,66.67,0,0.0,参考
5156.0,坂　野　　さくら,6,3,0.0,0.0,0.0,0.0,0.197,0.05,0.33,66.67,0,0.0,参考
4014.0,片　岡　　恵　里,2,3,0.0,0.0,100.0,100.0,0.207,0.06,0.37,0.0,0,0.0,参考
5334.0,樫　葉　　新　心,1,3,0.0,0.0,66.67,66.67,0.143,0.11,0.18,0.0,0,0.0,参考
5241.0,門　田　　　　栞,2,3,0.0,0.0,66.67,66.67,0.18,0.12,0.24,33.33,0,0.0,参考
3435.0,寺　田　　千　恵,6,3,0.0,0.0,33.33,33.33,0.167,0.11,0.25,0.0,0,0.0,参考
5156.0,坂　野　　さくら,1,4,50.0,0.0,25.0,75.0,0.152,0.1,0.25,25.0,0,0.0,参考
3435.0,寺　田　　千　恵,2,4,25.0,50.0,0.0,75.0,0.115,0.05,0.17,50.0,0,0.0,参考
4014.0,片　岡　　恵　里,1,3,66.67,0.0,0.0,66.67,0.137,0.06,0.2,66.67,0,0.0,参考
4373.0,若　狭　　奈美子,2,3,33.33,66.67,0.0,100.0,0.15,0.08,0.25,33.33,0,0.0,参考
5334.0,樫　葉　　新　心,4,4,0.0,0.0,0.0,0.0,0.182,0.13,0.24,0.0,0,0.0,参考
4750.0,井　上　　尚　悟,6,3,0.0,0.0,0.0,0.0,0.21,0.17,0.24,0.0,0,0.0,参考
4750.0,井　上　　尚　悟,3,4,0.0,25.0,25.0,50.0,0.203,0.15,0.24,25.0,0,0.0,参考
5340.0,樋江井　　　　舞,4,4,0.0,0.0,0.0,0.0,0.158,0.1,0.18,0.0,0,0.0,参考
5362.0,中　嶋　　世　奈,5,3,0.0,0.0,0.0,0.0,0.213,0.13,0.28,0.0,0,0.0,参考
4218.0,吉　川　　喜　継,3,3,33.33,0.0,66.67,100.0,0.107,0.08,0.13,33.33,0,0.0,参考
4750.0,井　上　　尚　悟,4,4,0.0,0.0,0.0,0.0,0.145,0.08,0.19,25.0,0,0.0,参考
4750.0,井　上　　尚　悟,1,3,33.33,66.67,0.0,100.0,0.117,0.03,0.18,33.33,0,0.0,参考
4750.0,井　上　　尚　悟,2,5,0.0,20.0,20.0,40.0,0.192,0.15,0.22,0.0,0,0.0,C
5098.0,大　江　　　　純,4,4,50.0,0.0,25.0,75.0,0.193,0.15,0.24,50.0,0,0.0,参考
5377.0,鳥居塚　　嶺　王,6,7,0.0,0.0,28.57,28.57,0.236,0.08,0.41,28.57,0,0.0,C
4872.0,山　下　　流　心,3,3,0.0,33.33,0.0,33.33,0.107,0.05,0.15,0.0,0,0.0,参考
3286.0,坂　東　　　　満,2,4,0.0,0.0,75.0,75.0,0.147,0.11,0.19,0.0,0,0.0,参考
5377.0,鳥居塚　　嶺　王,5,4,0.0,0.0,25.0,25.0,0.122,0.09,0.18,0.0,0,0.0,参考
3286.0,坂　東　　　　満,5,3,33.33,33.33,0.0,66.67,0.163,0.06,0.26,33.33,0,0.0,参考
3286.0,坂　東　　　　満,3,3,0.0,0.0,0.0,0.0,0.15,0.09,0.19,0.0,0,0.0,参考
5098.0,大　江　　　　純,3,6,33.33,0.0,33.33,66.67,0.078,0.04,0.12,33.33,0,0.0,C
5415.0,阿　部　　未　侑,6,12,0.0,0.0,0.0,0.0,0.259,0.04,0.37,0.0,0,0.0,B
4736.0,高　倉　　和　士,5,4,25.0,0.0,50.0,75.0,0.11,0.08,0.14,25.0,0,0.0,参考
4736.0,高　倉　　和　士,2,4,50.0,25.0,25.0,100.0,0.14,0.04,0.22,25.0,0,0.0,参考
3300.0,川　崎　　智　幸,3,3,0.0,66.67,33.33,100.0,0.12,0.07,0.19,33.33,0,0.0,参考
5415.0,阿　部　　未　侑,5,5,0.0,0.0,0.0,0.0,0.226,0.14,0.32,0.0,0,0.0,C
4905.0,土　井　　祥　伍,4,3,0.0,33.33,0.0,33.33,0.083,0.06,0.11,33.33,0,0.0,参考
4736.0,高　倉　　和　士,1,3,0.0,100.0,0.0,100.0,0.087,0.01,0.18,33.33,0,0.0,参考
3300.0,川　崎　　智　幸,4,4,25.0,0.0,50.0,75.0,0.055,0.01,0.1,75.0,0,0.0,参考
4736.0,高　倉　　和　士,6,3,0.0,33.33,33.33,66.67,0.21,0.17,0.27,33.33,0,0.0,参考
4882.0,瀧　川　　千　依,3,3,33.33,0.0,33.33,66.67,0.2,0.15,0.23,0.0,0,0.0,参考
3300.0,川　崎　　智　幸,5,4,25.0,0.0,25.0,50.0,0.11,0.05,0.21,50.0,0,0.0,参考
3300.0,川　崎　　智　幸,2,5,40.0,0.0,0.0,40.0,0.118,0.07,0.15,20.0,0,0.0,C
3663.0,木　山　　和　幸,3,3,0.0,33.33,0.0,33.33,0.103,0.06,0.14,0.0,0,0.0,参考
4736.0,高　倉　　和　士,4,3,0.0,33.33,33.33,66.67,0.14,0.08,0.18,66.67,0,0.0,参考
5042.0,畑　田　　汰　一,3,3,0.0,100.0,0.0,100.0,0.127,0.12,0.13,33.33,0,0.0,参考
3961.0,谷　村　　一　哉,6,4,25.0,25.0,0.0,50.0,0.135,0.11,0.17,0.0,0,0.0,参考
5050.0,木　下　　雄　介,2,3,0.0,0.0,33.33,33.33,0.147,0.06,0.22,0.0,0,0.0,参考
5050.0,木　下　　雄　介,5,3,0.0,0.0,0.0,0.0,0.14,0.1,0.17,0.0,0,0.0,参考
5050.0,木　下　　雄　介,3,3,0.0,33.33,0.0,33.33,0.153,0.14,0.17,33.33,0,0.0,参考
5050.0,木　下　　雄　介,4,5,0.0,60.0,0.0,60.0,0.1,0.05,0.19,40.0,0,0.0,C
3961.0,谷　村　　一　哉,2,4,25.0,50.0,0.0,75.0,0.172,0.12,0.26,0.0,0,0.0,参考
3961.0,谷　村　　一　哉,5,3,0.0,0.0,66.67,66.67,0.157,0.06,0.29,0.0,0,0.0,参考
5050.0,木　下　　雄　介,1,4,50.0,0.0,25.0,75.0,0.133,0.08,0.19,0.0,0,0.0,参考
5050.0,木　下　　雄　介,6,3,0.0,0.0,33.33,33.33,0.123,0.09,0.15,33.33,0,0.0,参考
5419.0,櫻　井　　　　隼,6,10,0.0,0.0,0.0,0.0,0.138,0.03,0.28,40.0,0,0.0,B
5259.0,野　田　　昇　吾,3,4,0.0,0.0,0.0,0.0,0.128,0.09,0.22,0.0,0,0.0,参考
4740.0,齋　藤　　達　希,2,3,0.0,33.33,33.33,66.67,0.14,0.11,0.18,0.0,0,0.0,参考
5419.0,櫻　井　　　　隼,5,5,0.0,0.0,0.0,0.0,0.202,0.08,0.28,20.0,0,0.0,C
5244.0,黒　田　　　　剛,4,4,0.0,0.0,25.0,25.0,0.11,0.09,0.14,25.0,0,0.0,参考
5394.0,福　西　　広太郎,6,9,0.0,0.0,33.33,33.33,0.226,0.04,0.4,22.22,0,0.0,C
5244.0,黒　田　　　　剛,3,4,0.0,25.0,25.0,50.0,0.098,0.04,0.15,25.0,0,0.0,参考
5244.0,黒　田　　　　剛,2,3,0.0,0.0,33.33,33.33,0.103,0.06,0.13,0.0,0,0.0,参考
5394.0,福　西　　広太郎,5,6,0.0,0.0,16.67,16.67,0.19,0.1,0.31,16.67,0,0.0,C
5410.0,今　泉　　　　澪,6,12,0.0,0.0,0.0,0.0,0.181,0.11,0.27,8.33,0,0.0,B
5414.0,中　澤　　英　里,6,6,0.0,0.0,0.0,0.0,0.158,0.07,0.19,50.0,0,0.0,C
3352.0,小　川　　晃　司,6,12,8.33,16.67,41.67,66.67,0.153,0.02,0.28,8.33,0,0.0,B
5346.0,中　村　　紋夕梨,4,3,0.0,0.0,0.0,0.0,0.117,0.06,0.15,33.33,0,0.0,参考
3352.0,小　川　　晃　司,5,5,0.0,0.0,40.0,40.0,0.156,0.06,0.2,0.0,0,0.0,C
5243.0,三　馬　　崇　史,1,3,0.0,33.33,33.33,66.67,0.123,0.08,0.17,33.33,0,0.0,参考
5346.0,中　村　　紋夕梨,5,3,0.0,0.0,0.0,0.0,0.183,0.05,0.31,33.33,0,0.0,参考
5410.0,今　泉　　　　澪,5,5,0.0,0.0,0.0,0.0,0.17,0.07,0.27,20.0,0,0.0,C
4142.0,平　野　　和　明,4,3,0.0,33.33,33.33,66.67,0.147,0.11,0.21,33.33,0,0.0,参考
5243.0,三　馬　　崇　史,6,3,0.0,33.33,0.0,33.33,0.103,0.08,0.14,0.0,0,0.0,参考
4648.0,木　村　　亮　太,5,4,0.0,0.0,25.0,25.0,0.173,0.09,0.27,25.0,0,0.0,参考
4402.0,乙　藤　　智　史,1,3,33.33,33.33,0.0,66.67,0.203,0.18,0.23,0.0,0,0.0,参考
5109.0,川　崎　　智　稔,5,3,0.0,0.0,66.67,66.67,0.123,0.11,0.15,33.33,0,0.0,参考
4761.0,山　田　　晃　大,6,3,0.0,0.0,33.33,33.33,0.183,0.16,0.21,0.0,0,0.0,参考
5109.0,川　崎　　智　稔,2,3,33.33,0.0,0.0,33.33,0.21,0.15,0.31,33.33,0,0.0,参考
5402.0,塚　越　　陸　斗,6,10,0.0,0.0,0.0,0.0,0.204,0.09,0.34,0.0,0,0.0,B
5411.0,木　下　　虎之輔,6,18,0.0,0.0,0.0,0.0,0.191,0.03,0.31,16.67,0,0.0,B
4750.0,井　上　　尚　悟,5,3,33.33,0.0,0.0,33.33,0.13,0.02,0.19,33.33,0,0.0,参考
5402.0,塚　越　　陸　斗,5,3,0.0,0.0,0.0,0.0,0.16,0.03,0.27,33.33,0,0.0,参考
5411.0,木　下　　虎之輔,5,11,0.0,0.0,0.0,0.0,0.155,0.07,0.33,18.18,0,0.0,B
5359.0,佐　藤　　世　那,2,5,20.0,20.0,20.0,60.0,0.16,0.09,0.24,0.0,0,0.0,C
5382.0,山　下　　心　一,6,4,0.0,0.0,25.0,25.0,0.15,0.11,0.19,25.0,0,0.0,参考
5359.0,佐　藤　　世　那,1,5,20.0,40.0,20.0,80.0,0.15,0.08,0.26,40.0,0,0.0,C
5132.0,中　野　　希　一,5,4,25.0,25.0,50.0,100.0,0.152,0.09,0.24,25.0,0,0.0,参考
5344.0,谷　口　　　　丞,6,3,0.0,0.0,0.0,0.0,0.133,0.06,0.24,33.33,0,0.0,参考
5132.0,中　野　　希　一,1,3,0.0,0.0,0.0,0.0,0.167,0.1,0.21,33.33,0,0.0,参考
5132.0,中　野　　希　一,2,5,20.0,0.0,40.0,60.0,0.122,0.03,0.18,20.0,0,0.0,C
5344.0,谷　口　　　　丞,5,3,0.0,0.0,33.33,33.33,0.053,0.01,0.11,100.0,0,0.0,参考
5132.0,中　野　　希　一,6,3,0.0,33.33,33.33,66.67,0.083,0.06,0.1,66.67,0,0.0,参考
5038.0,金　田　　智　博,3,3,0.0,33.33,33.33,66.67,0.197,0.15,0.22,0.0,0,0.0,参考
5293.0,眞　崎　　武　蔵,5,3,0.0,0.0,0.0,0.0,0.27,0.21,0.37,0.0,0,0.0,参考
5252.0,荒　木　　颯　斗,2,3,0.0,0.0,66.67,66.67,0.193,0.14,0.25,0.0,0,0.0,参考
3662.0,大　庭　　元　明,1,3,33.33,66.67,0.0,100.0,0.1,0.03,0.22,66.67,0,0.0,参考
4940.0,白　石　　有　美,6,5,0.0,0.0,0.0,0.0,0.196,0.16,0.24,0.0,0,0.0,C
4327.0,加　藤　　　　翔,5,3,0.0,0.0,0.0,0.0,0.263,0.19,0.32,33.33,0,0.0,参考
5416.0,龍　田　　真　白,6,6,0.0,0.0,0.0,0.0,0.218,0.13,0.32,0.0,0,0.0,C
4385.0,鈴　木　　祐美子,6,3,0.0,0.0,33.33,33.33,0.19,0.13,0.24,0.0,0,0.0,参考
4339.0,平　瀬　　城　啓,6,4,0.0,0.0,25.0,25.0,0.15,0.09,0.2,0.0,0,0.0,参考
4339.0,平　瀬　　城　啓,1,4,25.0,75.0,0.0,100.0,0.138,0.06,0.21,25.0,0,0.0,参考
4385.0,鈴　木　　祐美子,2,3,0.0,0.0,0.0,0.0,0.27,0.25,0.31,0.0,0,0.0,参考
4385.0,鈴　木　　祐美子,4,3,0.0,0.0,33.33,33.33,0.193,0.12,0.25,0.0,0,0.0,参考
5416.0,龍　田　　真　白,5,3,0.0,0.0,0.0,0.0,0.157,0.1,0.19,33.33,0,0.0,参考
4385.0,鈴　木　　祐美子,5,3,0.0,0.0,0.0,0.0,0.15,0.11,0.21,33.33,0,0.0,参考
4339.0,平　瀬　　城　啓,2,3,0.0,0.0,0.0,0.0,0.193,0.1,0.31,0.0,0,0.0,参考
4385.0,鈴　木　　祐美子,1,3,0.0,0.0,100.0,100.0,0.117,0.11,0.13,33.33,0,0.0,参考
4339.0,平　瀬　　城　啓,4,4,0.0,0.0,50.0,50.0,0.145,0.08,0.23,0.0,0,0.0,参考
5354.0,渡　邊　　雄　斗,6,4,0.0,0.0,0.0,0.0,0.215,0.12,0.3,0.0,0,0.0,参考
3857.0,阿　波　　勝　哉,4,4,25.0,25.0,25.0,75.0,0.155,0.08,0.23,25.0,0,0.0,参考
5354.0,渡　邊　　雄　斗,5,4,0.0,0.0,0.0,0.0,0.158,0.12,0.19,0.0,0,0.0,参考
5286.0,坂　井　　滉　哉,2,3,0.0,0.0,66.67,66.67,0.133,0.11,0.18,0.0,0,0.0,参考
5275.0,松　田　　淳　平,3,3,33.33,0.0,0.0,33.33,0.13,0.02,0.23,33.33,0,0.0,参考
5427.0,港　　　　理　樹,6,6,16.67,0.0,0.0,16.67,0.22,0.12,0.35,16.67,0,0.0,C
5422.0,真　田　　聖　也,6,6,0.0,0.0,0.0,0.0,0.175,0.05,0.36,50.0,0,0.0,C
5427.0,港　　　　理　樹,5,3,0.0,0.0,33.33,33.33,0.177,0.15,0.22,0.0,0,0.0,参考
5359.0,佐　藤　　世　那,3,4,25.0,0.0,0.0,25.0,0.125,0.06,0.21,0.0,0,0.0,参考
5422.0,真　田　　聖　也,5,3,0.0,0.0,0.0,0.0,0.16,0.02,0.26,33.33,0,0.0,参考
5424.0,熊　倉　　幹　太,6,6,16.67,0.0,0.0,16.67,0.208,0.04,0.4,33.33,0,0.0,C
5121.0,定　松　　勇　樹,1,4,100.0,0.0,0.0,100.0,0.168,0.06,0.27,25.0,0,0.0,参考
5378.0,鈴　木　　結平太,6,3,0.0,0.0,0.0,0.0,0.16,0.04,0.23,33.33,0,0.0,参考
4876.0,梅　木　　敬　太,3,3,0.0,0.0,0.0,0.0,0.153,0.08,0.21,33.33,0,0.0,参考
5436.0,市　川　　瑚　幸,6,6,0.0,0.0,0.0,0.0,0.248,0.1,0.41,0.0,0,0.0,C
5436.0,市　川　　瑚　幸,5,3,0.0,0.0,0.0,0.0,0.287,0.25,0.32,0.0,0,0.0,参考
5365.0,石　村　　日奈那,4,3,0.0,0.0,0.0,0.0,0.117,0.06,0.16,0.0,0,0.0,参考
5439.0,志　賀　　美　優,6,6,0.0,0.0,0.0,0.0,0.193,0.06,0.35,16.67,0,0.0,C
5439.0,志　賀　　美　優,5,3,0.0,0.0,0.0,0.0,0.197,0.17,0.23,0.0,0,0.0,参考
5380.0,野　田　　亜　湖,6,4,0.0,0.0,0.0,0.0,0.312,0.16,0.52,0.0,0,0.0,参考
4901.0,出　口　　舞有子,4,3,33.33,0.0,33.33,66.67,0.217,0.09,0.46,66.67,0,0.0,参考
5434.0,藤　田　　康　生,6,5,0.0,20.0,0.0,20.0,0.116,0.05,0.16,80.0,0,0.0,C
5406.0,小　畑　　楓　夏,6,5,0.0,0.0,0.0,0.0,0.25,0.15,0.4,0.0,0,0.0,C
4823.0,中　村　　桃　佳,3,3,0.0,0.0,33.33,33.33,0.177,0.12,0.29,0.0,0,0.0,参考
5434.0,藤　田　　康　生,5,3,0.0,33.33,0.0,33.33,0.167,0.13,0.19,0.0,0,0.0,参考
