source_group,source_file,source_row_no,avg_st,avg_tenji_time,boat_no,boat_rows,center_win_rate,course,created_at,cutoff_date,finish_order,first_count,first_course,first_rate,heiwajima_player_score,hit_rate,in3_count,in3_rate,inside_win_rate,is_center_head,is_escape_1,is_inside_lost,is_outer_3rd,motor_no,outside_3rd_rate,player_name,power_score,race_count,race_date_max,race_date_min,reg_no,sample_warning,second_count,second_course,second_rate,source,st_bin,st_stability,st_std,starts,tenji_bin,third_count,third_course,third_rate,top2_rate,top3_count,top3_rate,usage_note,win_count,win_rate
basic_master,heiwajima_course_master.csv,1,0.1439,6.8196,,,,1,,,,2650,,0.4525,,,4459,0.7614,,,,,,,,,,,,,,,1131,,0.1931,,,,,5856,,678,,0.1158,,,,,,
basic_master,heiwajima_course_master.csv,2,0.1539,6.842,,,,2,,,,1000,,0.1697,,,3503,0.5945,,,,,,,,,,,,,,,1339,,0.2273,,,,,5892,,1164,,0.1976,,,,,,
basic_master,heiwajima_course_master.csv,3,0.1499,6.8525,,,,3,,,,879,,0.1496,,,3086,0.5254,,,,,,,,,,,,,,,1124,,0.1914,,,,,5874,,1083,,0.1844,,,,,,
basic_master,heiwajima_course_master.csv,4,0.1499,6.8435,,,,4,,,,745,,0.1269,,,2858,0.4867,,,,,,,,,,,,,,,1054,,0.1795,,,,,5872,,1059,,0.1803,,,,,,
basic_master,heiwajima_course_master.csv,5,0.1546,6.8508,,,,5,,,,445,,0.0758,,,2173,0.3701,,,,,,,,,,,,,,,754,,0.1284,,,,,5871,,974,,0.1659,,,,,,
basic_master,heiwajima_course_master.csv,6,0.1671,6.8553,,,,6,,,,258,,0.0438,,,1849,0.3142,,,,,,,,,,,,,,,575,,0.0977,,,,,5885,,1016,,0.1726,,,,,,
basic_master,heiwajima_player_master.csv,1,0.113,6.908,,,1.0,,,,,,,,0.8976,,,,0.75,,,,,,0.0,羽　野　　直　也,,,,,4831,,3,,0.3,,,0.8631,0.0219,10,,0,,0.0,,10,1.0,,7,0.7
basic_master,heiwajima_player_master.csv,2,0.1471,6.7776,,,1.0,,,,,,,,0.8139,,,,0.8333,,,,,,0.2,小　池　　修　平,,,,,4907,,2,,0.1176,,,0.7019,0.0477,17,,1,,0.0588,,15,0.8824,,12,0.7059
basic_master,heiwajima_player_master.csv,3,0.099,6.777,,,0.3333,,,,,,,,0.8041,,,,1.0,,,,,,0.3333,菊　地　　孝　平,,,,,3960,,2,,0.2,,,0.8538,0.0234,10,,2,,0.2,,10,1.0,,6,0.6
basic_master,heiwajima_player_master.csv,4,0.154,6.75,,,0.5,,,,,,,,0.8006,,,,1.0,,,,,,0.0,定　松　　勇　樹,,,,,5121,,2,,0.2,,,0.5031,0.0795,10,,0,,0.0,,10,1.0,,8,0.8
basic_master,heiwajima_player_master.csv,5,0.12,6.7494,,,1.0,,,,,,,,0.7935,,,,0.75,,,,,,0.375,中　辻　　崇　人,,,,,3876,,5,,0.3125,,,0.5925,0.0652,16,,3,,0.1875,,16,1.0,,8,0.5
basic_master,heiwajima_player_master.csv,6,0.1555,6.7173,,,1.0,,,,,,,,0.7708,,,,0.75,,,,,,0.0,守　屋　　美　穂,,,,,4482,,1,,0.0909,,,0.7175,0.0452,11,,1,,0.0909,,9,0.8182,,7,0.6364
basic_master,heiwajima_player_master.csv,7,0.128,6.923,,,0.5,,,,,,,,0.747,,,,1.0,,,,,,0.0,中　岡　　正　彦,,,,,3849,,3,,0.3,,,0.71,0.0464,10,,0,,0.0,,9,0.9,,6,0.6
basic_master,heiwajima_player_master.csv,8,0.131,6.778,,,1.0,,,,,,,,0.7378,,,,0.5,,,,,,0.0,山　田　　康　二,,,,,4500,,1,,0.1,,,0.7638,0.0378,10,,2,,0.2,,8,0.8,,5,0.5
basic_master,heiwajima_player_master.csv,9,0.117,6.964,,,0.3333,,,,,,,,0.7327,,,,1.0,,,,,,1.0,市　橋　　卓　士,,,,,4063,,2,,0.2,,,0.6219,0.0605,10,,3,,0.3,,10,1.0,,5,0.5
basic_master,heiwajima_player_master.csv,10,0.1138,6.8269,,,1.0,,,,,,,,0.7283,,,,1.0,,,,,,0.4,池　田　　浩　二,,,,,3941,,0,,0.0,,,0.7375,0.042,13,,3,,0.2308,,10,0.7692,,7,0.5385
basic_master,heiwajima_player_master.csv,11,0.1232,6.8958,,,0.6667,,,,,,,,0.7079,,,,0.3333,,,,,,0.25,鈴　木　　勝　博,,,,,4276,,7,,0.3684,,,0.6669,0.0533,19,,2,,0.1053,,17,0.8947,,8,0.4211
basic_master,heiwajima_player_master.csv,12,0.1243,6.9986,,,0.5,,,,,,,,0.702,,,,0.0,,,,,,0.0,吉　川　　喜　継,,,,,4218,,2,,0.2857,,,0.6531,0.0555,7,,3,,0.4286,,7,1.0,,2,0.2857
basic_master,heiwajima_player_master.csv,13,0.12,6.8443,,,1.0,,,,,,,,0.6974,,,,1.0,,,,,,0.3333,栗　城　　　　匠,,,,,4928,,0,,0.0,,,0.6656,0.0535,7,,1,,0.1429,,5,0.7143,,4,0.5714
basic_master,heiwajima_player_master.csv,14,0.1355,6.9209,,,0.6667,,,,,,,,0.6902,,,,1.0,,,,,,0.0,守　田　　俊　介,,,,,3721,,4,,0.3636,,,0.7087,0.0466,11,,0,,0.0,,9,0.8182,,5,0.4545
basic_master,heiwajima_player_master.csv,15,0.1414,6.97,,,1.0,,,,,,,,0.689,,,,0.0,,,,,,0.6667,松　浦　　博　人,,,,,3877,,2,,0.2857,,,0.8381,0.0259,7,,3,,0.4286,,6,0.8571,,1,0.1429
basic_master,heiwajima_player_master.csv,16,0.1476,6.8129,,,0.5,,,,,,,,0.6782,,,,1.0,,,,,,0.0,深　川　　真　二,,,,,3623,,7,,0.4118,,,0.5675,0.0692,17,,0,,0.0,,15,0.8824,,8,0.4706
basic_master,heiwajima_player_master.csv,17,0.1109,6.8674,,,0.4286,,,,,,,,0.6699,,,,1.0,,,,,,0.4286,茅　原　　悠　紀,,,,,4418,,5,,0.2174,,,0.7331,0.0427,23,,4,,0.1739,,19,0.8261,,10,0.4348
basic_master,heiwajima_player_master.csv,18,0.1363,6.7575,,,0.5,,,,,,,,0.6685,,,,1.0,,,,,,0.5,篠　崎　　元　志,,,,,4350,,2,,0.25,,,0.655,0.0552,8,,2,,0.25,,7,0.875,,3,0.375
basic_master,heiwajima_player_master.csv,19,0.1452,6.821,,,0.4,,,,,,,,0.667,,,,0.75,,,,,,0.5,實　森　　美　祐,,,,,4963,,6,,0.2857,,,0.79,0.0336,21,,5,,0.2381,,18,0.8571,,7,0.3333
basic_master,heiwajima_player_master.csv,20,0.1219,6.6681,,,0.25,,,,,,,,0.6667,,,,0.75,,,,,,0.3333,宮　田　　龍　馬,,,,,5016,,4,,0.25,,,0.7712,0.0366,16,,4,,0.25,,14,0.875,,6,0.375
basic_master,heiwajima_player_master.csv,21,0.11,6.9519,,,0.5,,,,,,,,0.6655,,,,0.6,,,,,,0.0,平　本　　真　之,,,,,4337,,2,,0.125,,,0.765,0.0376,16,,2,,0.125,,12,0.75,,8,0.5
basic_master,heiwajima_player_master.csv,22,0.1314,6.8843,,,1.0,,,,,,,,0.6645,,,,0.0,,,,,,0.3333,堤　　　　　　昇,,,,,3563,,2,,0.2857,,,0.7156,0.0455,7,,3,,0.4286,,6,0.8571,,1,0.1429
basic_master,heiwajima_player_master.csv,23,0.1575,6.7819,,,0.4286,,,,,,,,0.663,,,,1.0,,,,,,0.25,中　越　　博　紀,,,,,4260,,4,,0.25,,,0.7256,0.0439,16,,2,,0.125,,13,0.8125,,7,0.4375
basic_master,heiwajima_player_master.csv,24,0.1367,6.9633,,,0.3333,,,,,,,,0.6621,,,,1.0,,,,,,0.0,和　田　　拓　也,,,,,4794,,1,,0.1667,,,0.8525,0.0236,6,,2,,0.3333,,5,0.8333,,2,0.3333
basic_master,heiwajima_player_master.csv,25,0.144,6.788,,,0.2857,,,,,,,,0.6586,,,,0.6667,,,,,,0.75,安河内　　　　将,,,,,4734,,5,,0.3333,,,0.6338,0.0586,15,,4,,0.2667,,14,0.9333,,5,0.3333
basic_master,heiwajima_player_master.csv,26,0.1525,6.7969,,,0.5,,,,,,,,0.6578,,,,0.6667,,,,,,0.25,松　尾　　　　拓,,,,,4808,,1,,0.0625,,,0.7419,0.0413,16,,6,,0.375,,13,0.8125,,6,0.375
basic_master,heiwajima_player_master.csv,27,0.1447,6.9553,,,0.0,,,,,,,,0.6572,,,,0.6,,,,,,0.2,田　中　　和　也,,,,,4357,,9,,0.6,,,0.7025,0.0476,15,,2,,0.1333,,15,1.0,,4,0.2667
basic_master,heiwajima_player_master.csv,28,0.1489,6.7674,,,0.4286,,,,,,,,0.6564,,,,1.0,,,,,,0.2,三　浦　　永　理,,,,,4208,,2,,0.1053,,,0.6994,0.0481,19,,4,,0.2105,,15,0.7895,,9,0.4737
basic_master,heiwajima_player_master.csv,29,0.1379,6.8042,,,0.4,,,,,,,,0.6561,,,,0.6667,,,,,,0.1429,天　野　　友　和,,,,,3905,,5,,0.2632,,,0.6594,0.0545,19,,3,,0.1579,,16,0.8421,,8,0.4211
basic_master,heiwajima_player_master.csv,30,0.1504,6.7393,,,0.5,,,,,,,,0.656,,,,0.7778,,,,,,0.4667,北　村　　征　嗣,,,,,3997,,8,,0.1778,,,0.68,0.0512,45,,11,,0.2444,,37,0.8222,,18,0.4
basic_master,heiwajima_player_master.csv,31,0.1253,6.865,,,0.625,,,,,,,,0.65,,,,0.6923,,,,,,0.3571,枝　尾　　　　賢,,,,,4148,,3,,0.075,,,0.7125,0.046,40,,7,,0.175,,29,0.725,,19,0.475
basic_master,heiwajima_player_master.csv,32,0.1394,6.8444,,,0.1667,,,,,,,,0.6495,,,,1.0,,,,,,0.2,安河内　　　　健,,,,,5026,,2,,0.125,,,0.7112,0.0462,16,,3,,0.1875,,13,0.8125,,8,0.5
basic_master,heiwajima_player_master.csv,33,0.1311,6.8,,,1.0,,,,,,,,0.6482,,,,0.0,,,,,,0.25,高　橋　　竜　矢,,,,,5015,,2,,0.2222,,,0.8244,0.0281,9,,1,,0.1111,,6,0.6667,,3,0.3333
basic_master,heiwajima_player_master.csv,34,0.1614,6.86,,,0.3333,,,,,,,,0.647,,,,1.0,,,,,,1.0,村　越　　　　篤,,,,,3907,,0,,0.0,,,0.7825,0.0348,7,,4,,0.5714,,6,0.8571,,2,0.2857
basic_master,heiwajima_player_master.csv,35,0.1655,6.8655,,,0.6667,,,,,,,,0.6459,,,,1.0,,,,,,0.0,毒　島　　　　誠,,,,,4238,,3,,0.2727,,,0.3731,0.1003,11,,0,,0.0,,9,0.8182,,6,0.5455
basic_master,heiwajima_player_master.csv,36,0.1815,6.753,,,0.25,,,,,,,,0.644,,,,0.8333,,,,,,0.0,井　上　　忠　政,,,,,4959,,3,,0.15,,,0.67,0.0528,20,,3,,0.15,,16,0.8,,10,0.5
basic_master,heiwajima_player_master.csv,37,0.16,6.9212,,,0.0,,,,,,,,0.6424,,,,1.0,,,,,,0.5,松　井　　　　繁,,,,,3415,,1,,0.125,,,0.7744,0.0361,8,,3,,0.375,,7,0.875,,3,0.375
basic_master,heiwajima_player_master.csv,38,0.0943,6.8557,,,0.6667,,,,,,,,0.6394,,,,0.0,,,,,,0.0,高　田　　　　明,,,,,4624,,1,,0.1429,,,0.7206,0.0447,7,,1,,0.1429,,5,0.7143,,3,0.4286
basic_master,heiwajima_player_master.csv,39,0.131,6.869,,,0.0,,,,,,,,0.6384,,,,1.0,,,,,,0.0,日　高　　逸　子,,,,,3188,,6,,0.6,,,0.5669,0.0693,10,,1,,0.1,,10,1.0,,3,0.3
basic_master,heiwajima_player_master.csv,40,0.1448,6.7781,,,0.125,,,,,,,,0.6379,,,,0.8,,,,,,0.1667,藤　原　　碧　生,,,,,5217,,8,,0.381,,,0.6744,0.0521,21,,4,,0.1905,,19,0.9048,,7,0.3333
basic_master,heiwajima_player_master.csv,41,0.1231,6.9444,,,0.6667,,,,,,,,0.6377,,,,0.5,,,,,,0.4,森　高　　一　真,,,,,4030,,2,,0.125,,,0.6987,0.0482,16,,4,,0.25,,12,0.75,,6,0.375
basic_master,heiwajima_player_master.csv,42,0.1216,6.7837,,,0.0,,,,,,,,0.6353,,,,0.75,,,,,,0.1429,白　神　　　　優,,,,,4713,,6,,0.3158,,,0.7031,0.0475,19,,4,,0.2105,,17,0.8947,,7,0.3684
basic_master,heiwajima_player_master.csv,43,0.1876,6.7771,,,0.5,,,,,,,,0.6329,,,,0.75,,,,,,0.2,高　田　　ひかる,,,,,4804,,3,,0.1765,,,0.7381,0.0419,17,,1,,0.0588,,12,0.7059,,8,0.4706
basic_master,heiwajima_player_master.csv,44,0.1189,6.9542,,,0.25,,,,,,,,0.6317,,,,0.8333,,,,,,0.1667,岡　崎　　恭　裕,,,,,4296,,5,,0.2632,,,0.6781,0.0515,19,,4,,0.2105,,16,0.8421,,7,0.3684
basic_master,heiwajima_player_master.csv,45,0.1013,6.8487,,,0.5714,,,,,,,,0.6289,,,,0.375,,,,,,0.4,永　田　　啓　二,,,,,4288,,10,,0.3333,,,0.6838,0.0506,30,,5,,0.1667,,24,0.8,,9,0.3
basic_master,heiwajima_player_master.csv,46,0.0956,6.8989,,,0.2857,,,,,,,,0.6258,,,,1.0,,,,,,0.5,奈　須　　啓　太,,,,,4330,,2,,0.1111,,,0.8056,0.0311,18,,3,,0.1667,,13,0.7222,,8,0.4444
basic_master,heiwajima_player_master.csv,47,0.18,6.711,,,0.0,,,,,,,,0.6248,,,,0.6667,,,,,,0.6667,大　峯　　　　豊,,,,,4237,,3,,0.3,,,0.4988,0.0802,10,,4,,0.4,,10,1.0,,3,0.3
basic_master,heiwajima_player_master.csv,48,0.1281,6.822,,,0.3333,,,,,,,,0.6231,,,,0.8,,,,,,0.25,佐　藤　　隆太郎,,,,,4847,,23,,0.1901,,,0.6825,0.0508,121,,18,,0.1488,,93,0.7686,,52,0.4298
basic_master,heiwajima_player_master.csv,49,0.0989,6.6422,,,0.3333,,,,,,,,0.6194,,,,1.0,,,,,,0.0,森　野　　正　弘,,,,,4601,,2,,0.2222,,,0.7638,0.0378,9,,2,,0.2222,,7,0.7778,,3,0.3333
basic_master,heiwajima_player_master.csv,50,0.1322,6.9148,,,0.2222,,,,,,,,0.619,,,,1.0,,,,,,0.375,岡　村　　　　仁,,,,,4311,,4,,0.1481,,,0.6412,0.0574,27,,7,,0.2593,,22,0.8148,,11,0.4074
basic_master,heiwajima_player_master.csv,51,0.1736,6.7518,,,0.5,,,,,,,,0.6189,,,,0.5,,,,,,0.3333,山　本　　修　一,,,,,4069,,1,,0.0909,,,0.64,0.0576,11,,2,,0.1818,,8,0.7273,,5,0.4545
basic_master,heiwajima_player_master.csv,52,0.175,6.8183,,,0.5,,,,,,,,0.6188,,,,1.0,,,,,,0.5,中　山　　　　将,,,,,4797,,2,,0.3333,,,0.5525,0.0716,6,,1,,0.1667,,5,0.8333,,2,0.3333
basic_master,heiwajima_player_master.csv,53,0.1109,6.8827,,,0.2,,,,,,,,0.6177,,,,1.0,,,,,,0.0,吉　村　　　　誠,,,,,4581,,4,,0.3636,,,0.8069,0.0309,11,,2,,0.1818,,9,0.8182,,3,0.2727
basic_master,heiwajima_player_master.csv,54,0.1205,6.759,,,0.4444,,,,,,,,0.6151,,,,0.75,,,,,,0.0,竹　間　　隆　晟,,,,,5221,,7,,0.3333,,,0.5556,0.0711,21,,2,,0.0952,,17,0.8095,,8,0.381
basic_master,heiwajima_player_master.csv,55,0.1237,6.8169,,,0.6667,,,,,,,,0.6148,,,,1.0,,,,,,0.1667,石　倉　　洋　行,,,,,4614,,2,,0.125,,,0.725,0.044,16,,3,,0.1875,,11,0.6875,,6,0.375
basic_master,heiwajima_player_master.csv,56,0.1306,6.67,,,0.3333,,,,,,,,0.6147,,,,0.3333,,,,,,0.1667,前　田　　篤　哉,,,,,4983,,4,,0.2353,,,0.6713,0.0526,17,,2,,0.1176,,13,0.7647,,7,0.4118
basic_master,heiwajima_player_master.csv,57,0.127,6.84,,,0.0,,,,,,,,0.614,,,,1.0,,,,,,0.0,田　頭　　　　実,,,,,3257,,2,,0.2,,,0.52,0.0768,10,,0,,0.0,,8,0.8,,6,0.6
basic_master,heiwajima_player_master.csv,58,0.155,6.8133,,,0.0,,,,,,,,0.6137,,,,1.0,,,,,,0.0,木　田　　峰由季,,,,,4587,,3,,0.25,,,0.6725,0.0524,12,,2,,0.1667,,10,0.8333,,5,0.4167
basic_master,heiwajima_player_master.csv,59,0.1547,6.8559,,,0.2857,,,,,,,,0.6119,,,,1.0,,,,,,0.6,谷　野　　錬　志,,,,,4342,,5,,0.2941,,,0.6963,0.0486,17,,4,,0.2353,,14,0.8235,,5,0.2941
basic_master,heiwajima_player_master.csv,60,0.1425,6.9125,,,0.0,,,,,,,,0.6104,,,,1.0,,,,,,0.6667,馬　場　　貴　也,,,,,4262,,2,,0.25,,,0.7706,0.0367,8,,3,,0.375,,7,0.875,,2,0.25
basic_master,heiwajima_player_master.csv,61,0.1531,6.8831,,,0.3077,,,,,,,,0.6091,,,,0.8182,,,,,,0.1333,佐　藤　　大　介,,,,,3813,,12,,0.2449,,,0.6162,0.0614,49,,8,,0.1633,,39,0.7959,,19,0.3878
basic_master,heiwajima_player_master.csv,62,0.1457,6.7829,,,0.8,,,,,,,,0.609,,,,0.75,,,,,,0.0,吉　田　　裕　平,,,,,4914,,2,,0.0952,,,0.6094,0.0625,21,,3,,0.1429,,14,0.6667,,9,0.4286
basic_master,heiwajima_player_master.csv,63,0.1363,6.7333,,,0.2857,,,,,,,,0.6074,,,,0.6,,,,,,0.5,下　寺　　秀　和,,,,,4771,,4,,0.1667,,,0.6963,0.0486,24,,7,,0.2917,,19,0.7917,,8,0.3333
basic_master,heiwajima_player_master.csv,64,0.116,6.7813,,,0.3333,,,,,,,,0.6053,,,,0.6667,,,,,,0.0,石　原　　　　翼,,,,,4989,,3,,0.2,,,0.56,0.0704,15,,3,,0.2,,12,0.8,,6,0.4
basic_master,heiwajima_player_master.csv,65,0.1325,6.8856,,,0.375,,,,,,,,0.6051,,,,0.6,,,,,,0.0833,新　開　　　　航,,,,,4932,,5,,0.1389,,,0.6644,0.0537,36,,8,,0.2222,,27,0.75,,14,0.3889
basic_master,heiwajima_player_master.csv,66,0.1156,6.8019,,,0.3333,,,,,,,,0.6046,,,,0.5714,,,,,,0.125,上　田　　龍　星,,,,,4908,,4,,0.1481,,,0.7175,0.0452,27,,3,,0.1111,,19,0.7037,,12,0.4444
basic_master,heiwajima_player_master.csv,67,0.17,6.767,,,0.6667,,,,,,,,0.6042,,,,0.0,,,,,,0.25,峰　重　　侑　治,,,,,4533,,3,,0.3,,,0.7375,0.042,10,,1,,0.1,,7,0.7,,3,0.3
basic_master,heiwajima_player_master.csv,68,0.19,6.727,,,0.1667,,,,,,,,0.6034,,,,1.0,,,,,,0.0,岩　崎　　正　哉,,,,,3853,,3,,0.3,,,0.5337,0.0746,10,,3,,0.3,,9,0.9,,3,0.3
basic_master,heiwajima_player_master.csv,69,0.12,6.8461,,,0.4615,,,,,,,,0.6025,,,,0.4,,,,,,0.2857,若　林　　義　人,,,,,5034,,4,,0.1429,,,0.7281,0.0435,28,,6,,0.2143,,20,0.7143,,10,0.3571
basic_master,heiwajima_player_master.csv,70,0.11,6.9083,,,1.0,,,,,,,,0.602,,,,0.0,,,,,,0.5,登　　　　みひ果,,,,,5264,,1,,0.1667,,,0.5931,0.0651,6,,1,,0.1667,,4,0.6667,,2,0.3333
basic_master,heiwajima_player_master.csv,71,0.1557,6.8343,,,0.0,,,,,,,,0.6016,,,,0.0,,,,,,0.3333,加　藤　　翔　馬,,,,,4857,,1,,0.1429,,,0.7225,0.0444,7,,3,,0.4286,,6,0.8571,,2,0.2857
basic_master,heiwajima_player_master.csv,72,0.1043,6.8643,,,1.0,,,,,,,,0.6003,,,,0.0,,,,,,0.0,岩　川　　仁　士,,,,,4489,,0,,0.0,,,0.68,0.0512,7,,1,,0.1429,,4,0.5714,,3,0.4286
basic_master,heiwajima_player_master.csv,73,0.1622,6.7663,,,0.4444,,,,,,,,0.599,,,,0.5714,,,,,,0.2,永　井　　　　源,,,,,4067,,5,,0.1562,,,0.6869,0.0501,32,,6,,0.1875,,23,0.7188,,12,0.375
basic_master,heiwajima_player_master.csv,74,0.152,6.8304,,,0.2222,,,,,,,,0.5988,,,,0.6,,,,,,0.2857,横　田　　貴　満,,,,,4949,,6,,0.24,,,0.6831,0.0507,25,,6,,0.24,,20,0.8,,8,0.32
basic_master,heiwajima_player_master.csv,75,0.1422,6.6278,,,0.5,,,,,,,,0.5982,,,,1.0,,,,,,0.0,深　尾　　巴　恵,,,,,4843,,0,,0.0,,,0.4075,0.0948,9,,0,,0.0,,6,0.6667,,6,0.6667
basic_master,heiwajima_player_master.csv,76,0.1112,6.7985,,,0.3684,,,,,,,,0.5963,,,,0.8,,,,,,0.2353,徳　増　　秀　樹,,,,,3744,,11,,0.1864,,,0.6531,0.0555,59,,11,,0.1864,,44,0.7458,,22,0.3729
basic_master,heiwajima_player_master.csv,77,0.1215,6.843,,,0.3333,,,,,,,,0.5947,,,,0.5,,,,,,0.0833,黒　野　　元　基,,,,,4960,,8,,0.2424,,,0.7919,0.0333,33,,6,,0.1818,,24,0.7273,,10,0.303
basic_master,heiwajima_player_master.csv,78,0.1163,6.9138,,,0.5,,,,,,,,0.5944,,,,0.6667,,,,,,0.5,吉　田　　拡　郎,,,,,4166,,0,,0.0,,,0.7063,0.047,16,,5,,0.3125,,11,0.6875,,6,0.375
basic_master,heiwajima_player_master.csv,79,0.1352,6.8281,,,0.5,,,,,,,,0.594,,,,0.8,,,,,,0.1429,天　野　　晶　夫,,,,,3621,,1,,0.0476,,,0.7438,0.041,21,,5,,0.2381,,14,0.6667,,8,0.381
basic_master,heiwajima_player_master.csv,80,0.155,6.8791,,,0.3333,,,,,,,,0.5923,,,,0.4,,,,,,0.4286,山　川　　美由紀,,,,,3232,,9,,0.2812,,,0.6544,0.0553,32,,9,,0.2812,,26,0.8125,,8,0.25
basic_master,heiwajima_player_master.csv,81,0.133,6.8009,,,0.2857,,,,,,,,0.5922,,,,0.6,,,,,,0.125,柴　田　　　　光,,,,,3532,,9,,0.2727,,,0.6969,0.0485,33,,5,,0.1515,,25,0.7576,,11,0.3333
basic_master,heiwajima_player_master.csv,82,0.15,6.8309,,,0.5,,,,,,,,0.5897,,,,1.0,,,,,,0.2222,杉　山　　裕　也,,,,,4269,,3,,0.1304,,,0.4919,0.0813,23,,4,,0.1739,,17,0.7391,,10,0.4348
basic_master,heiwajima_player_master.csv,83,0.1883,6.725,,,0.0,,,,,,,,0.5882,,,,1.0,,,,,,0.0,赤　岩　　善　生,,,,,3946,,3,,0.5,,,0.6494,0.0561,6,,0,,0.0,,5,0.8333,,2,0.3333
basic_master,heiwajima_player_master.csv,84,0.1374,6.7619,,,0.2727,,,,,,,,0.588,,,,0.6667,,,,,,0.375,渋　谷　　明　憲,,,,,4436,,9,,0.3333,,,0.6831,0.0507,27,,4,,0.1481,,21,0.7778,,8,0.2963
basic_master,heiwajima_player_master.csv,85,0.1489,6.8389,,,0.25,,,,,,,,0.5876,,,,1.0,,,,,,0.4,北　野　　輝　季,,,,,4483,,3,,0.1579,,,0.6419,0.0573,19,,6,,0.3158,,15,0.7895,,6,0.3158
basic_master,heiwajima_player_master.csv,86,0.1074,6.8372,,,0.4375,,,,,,,,0.5874,,,,0.7143,,,,,,0.3636,松　村　　　　敏,,,,,4236,,6,,0.1538,,,0.7438,0.041,39,,8,,0.2051,,27,0.6923,,13,0.3333
basic_master,heiwajima_player_master.csv,87,0.133,6.8757,,,0.1667,,,,,,,,0.5873,,,,0.8333,,,,,,0.3333,河　野　　真　也,,,,,4513,,7,,0.2333,,,0.7531,0.0395,30,,7,,0.2333,,23,0.7667,,9,0.3
basic_master,heiwajima_player_master.csv,88,0.1253,6.7676,,,0.3333,,,,,,,,0.5864,,,,0.8889,,,,,,0.1818,椎　名　　　　豊,,,,,4787,,5,,0.1316,,,0.6994,0.0481,38,,5,,0.1316,,26,0.6842,,16,0.4211
basic_master,heiwajima_player_master.csv,89,0.1324,6.8534,,,0.3077,,,,,,,,0.584,,,,0.8571,,,,,,0.2308,長　野　　壮志郎,,,,,4155,,8,,0.1951,,,0.7175,0.0452,41,,6,,0.1463,,29,0.7073,,15,0.3659
basic_master,heiwajima_player_master.csv,90,0.1347,6.765,,,0.5,,,,,,,,0.5837,,,,0.3333,,,,,,0.25,鈴　谷　　一　平,,,,,4877,,5,,0.1316,,,0.6687,0.053,38,,7,,0.1842,,26,0.6842,,14,0.3684
basic_master,heiwajima_player_master.csv,91,0.15,6.9525,,,0.5,,,,,,,,0.5835,,,,0.0,,,,,,0.0,常　住　　　　蓮,,,,,5142,,1,,0.125,,,0.6675,0.0532,8,,3,,0.375,,6,0.75,,2,0.25
basic_master,heiwajima_player_master.csv,92,0.1361,6.8117,,,0.2857,,,,,,,,0.5833,,,,0.5,,,,,,0.375,秋　山　　直　之,,,,,3996,,6,,0.2609,,,0.7412,0.0414,23,,7,,0.3043,,18,0.7826,,5,0.2174
basic_master,heiwajima_player_master.csv,93,0.1288,6.9306,,,0.1429,,,,,,,,0.5827,,,,0.5714,,,,,,0.0,中　村　　有　裕,,,,,4012,,10,,0.3125,,,0.6625,0.054,32,,7,,0.2188,,26,0.8125,,9,0.2812
basic_master,heiwajima_player_master.csv,94,0.1193,6.7157,,,0.4,,,,,,,,0.5824,,,,0.6667,,,,,,0.0,川　島　　圭　司,,,,,4254,,0,,0.0,,,0.6406,0.0575,14,,2,,0.1429,,9,0.6429,,7,0.5
basic_master,heiwajima_player_master.csv,95,0.1456,6.7588,,,0.1667,,,,,,,,0.5821,,,,0.8,,,,,,0.1111,竹　井　　貴　史,,,,,4737,,5,,0.2,,,0.6169,0.0613,25,,4,,0.16,,19,0.76,,10,0.4
basic_master,heiwajima_player_master.csv,96,0.13,6.78,,,0.3333,,,,,,,,0.5816,,,,1.0,,,,,,0.25,重　木　　輝　彦,,,,,4543,,5,,0.3571,,,0.6162,0.0614,14,,2,,0.1429,,11,0.7857,,4,0.2857
basic_master,heiwajima_player_master.csv,97,0.1533,6.7843,,,0.375,,,,,,,,0.5806,,,,0.7778,,,,,,0.1,濱　崎　　直　矢,,,,,4230,,5,,0.1667,,,0.5656,0.0695,30,,5,,0.1667,,22,0.7333,,12,0.4
basic_master,heiwajima_player_master.csv,98,0.1267,6.8213,,,0.2,,,,,,,,0.5806,,,,1.0,,,,,,0.0,塩　田　　北　斗,,,,,4566,,2,,0.1333,,,0.6531,0.0555,15,,3,,0.2,,11,0.7333,,6,0.4
basic_master,heiwajima_player_master.csv,99,0.1392,6.9581,,,0.1111,,,,,,,,0.5803,,,,1.0,,,,,,0.5,笠　原　　　　亮,,,,,4019,,6,,0.2308,,,0.7306,0.0431,26,,6,,0.2308,,20,0.7692,,8,0.3077
basic_master,heiwajima_player_master.csv,100,0.1446,6.8729,,,0.3,,,,,,,,0.5802,,,,0.4,,,,,,0.5,中　辻　　博　訓,,,,,3833,,7,,0.25,,,0.6262,0.0598,28,,7,,0.25,,22,0.7857,,8,0.2857
basic_master,heiwajima_player_master.csv,101,0.1764,6.7345,,,0.0,,,,,,,,0.5798,,,,0.6667,,,,,,0.5,仲　谷　　颯　仁,,,,,4848,,4,,0.3636,,,0.5125,0.078,11,,3,,0.2727,,10,0.9091,,3,0.2727
basic_master,heiwajima_player_master.csv,102,0.1397,6.7707,,,0.1667,,,,,,,,0.5796,,,,0.6,,,,,,0.2727,山ノ内　　雅　人,,,,,4640,,7,,0.2414,,,0.5994,0.0641,29,,6,,0.2069,,23,0.7931,,10,0.3448
basic_master,heiwajima_player_master.csv,103,0.11,6.8504,,,0.5714,,,,,,,,0.5785,,,,0.8,,,,,,0.1818,上　原　　　　崚,,,,,5096,,2,,0.0769,,,0.7412,0.0414,26,,4,,0.1538,,16,0.6154,,10,0.3846
basic_master,heiwajima_player_master.csv,104,0.18,6.8,,,0.3333,,,,,,,,0.5785,,,,0.0,,,,,,0.0,松　尾　　光　広,,,,,4557,,3,,0.5,,,0.6425,0.0572,6,,1,,0.1667,,5,0.8333,,1,0.1667
basic_master,heiwajima_player_master.csv,105,0.1076,6.7657,,,0.4,,,,,,,,0.5778,,,,0.2857,,,,,,0.3333,湯　川　　浩　司,,,,,4044,,9,,0.2432,,,0.7431,0.0411,37,,9,,0.2432,,27,0.7297,,9,0.2432
basic_master,heiwajima_player_master.csv,106,0.1559,6.8809,,,0.3,,,,,,,,0.5768,,,,1.0,,,,,,0.4,鶴　本　　崇　文,,,,,4384,,7,,0.2188,,,0.6169,0.0613,32,,6,,0.1875,,24,0.75,,11,0.3438
basic_master,heiwajima_player_master.csv,107,0.1309,6.8582,,,0.0,,,,,,,,0.5763,,,,0.5,,,,,,0.3333,岩　崎　　芳　美,,,,,3611,,5,,0.4545,,,0.7225,0.0444,11,,4,,0.3636,,10,0.9091,,1,0.0909
basic_master,heiwajima_player_master.csv,108,0.1955,6.6845,,,0.3333,,,,,,,,0.5763,,,,0.5,,,,,,0.0,山　田　　　　丈,,,,,5104,,3,,0.2727,,,0.4194,0.0929,11,,2,,0.1818,,9,0.8182,,4,0.3636
basic_master,heiwajima_player_master.csv,109,0.1389,6.8374,,,0.4444,,,,,,,,0.5743,,,,1.0,,,,,,0.4444,飛　田　　江　己,,,,,5191,,3,,0.1111,,,0.7788,0.0354,27,,7,,0.2593,,18,0.6667,,8,0.2963
basic_master,heiwajima_player_master.csv,110,0.1363,6.8015,,,0.1667,,,,,,,,0.5737,,,,0.75,,,,,,0.2222,佐　藤　　　　翼,,,,,4573,,9,,0.3333,,,0.7019,0.0477,27,,2,,0.0741,,20,0.7407,,9,0.3333
basic_master,heiwajima_player_master.csv,111,0.1518,6.7945,,,0.0,,,,,,,,0.5737,,,,1.0,,,,,,0.5,渡　辺　　浩　司,,,,,4256,,1,,0.0909,,,0.6869,0.0501,11,,5,,0.4545,,9,0.8182,,3,0.2727
basic_master,heiwajima_player_master.csv,112,0.1789,6.7656,,,0.0,,,,,,,,0.5734,,,,0.6667,,,,,,1.0,大　島　　隆乃介,,,,,5276,,2,,0.2222,,,0.5894,0.0657,9,,4,,0.4444,,8,0.8889,,2,0.2222
basic_master,heiwajima_player_master.csv,113,0.15,6.8718,,,0.3077,,,,,,,,0.5732,,,,1.0,,,,,,0.4286,長　尾　　章　平,,,,,4264,,5,,0.1786,,,0.7388,0.0418,28,,4,,0.1429,,19,0.6786,,10,0.3571
basic_master,heiwajima_player_master.csv,114,0.133,6.8124,,,0.2273,,,,,,,,0.5727,,,,0.9444,,,,,,0.1429,宮之原　　輝　紀,,,,,4939,,17,,0.2048,,,0.7288,0.0434,83,,14,,0.1687,,59,0.7108,,28,0.3373
basic_master,heiwajima_player_master.csv,115,0.1243,6.8478,,,0.2222,,,,,,,,0.5711,,,,0.7917,,,,,,0.3421,大　池　　佑　来,,,,,4468,,19,,0.1776,,,0.6838,0.0506,107,,23,,0.215,,78,0.729,,36,0.3364
basic_master,heiwajima_player_master.csv,116,0.1551,6.882,,,0.2632,,,,,,,,0.5711,,,,0.5652,,,,,,0.1481,作　間　　　　章,,,,,3966,,24,,0.233,,,0.6294,0.0593,103,,19,,0.1845,,77,0.7476,,34,0.3301
basic_master,heiwajima_player_master.csv,117,0.1419,6.8706,,,0.5,,,,,,,,0.5703,,,,0.6667,,,,,,0.2,小　坂　　宗　司,,,,,4593,,2,,0.125,,,0.5075,0.0788,16,,2,,0.125,,11,0.6875,,7,0.4375
basic_master,heiwajima_player_master.csv,118,0.173,6.8185,,,0.1,,,,,,,,0.5702,,,,0.6667,,,,,,0.4286,渡　邊　　雄一郎,,,,,4184,,7,,0.2593,,,0.56,0.0704,27,,9,,0.3333,,23,0.8519,,7,0.2593
basic_master,heiwajima_player_master.csv,119,0.1322,6.7452,,,0.6,,,,,,,,0.5694,,,,0.75,,,,,,0.5,和　田　　兼　輔,,,,,4446,,2,,0.087,,,0.6994,0.0481,23,,6,,0.2609,,15,0.6522,,7,0.3043
basic_master,heiwajima_player_master.csv,120,0.1156,6.9489,,,0.6667,,,,,,,,0.569,,,,0.0,,,,,,0.5,井　口　　佳　典,,,,,4024,,1,,0.1111,,,0.595,0.0648,9,,2,,0.2222,,6,0.6667,,3,0.3333
basic_master,heiwajima_player_master.csv,121,0.1345,6.7631,,,0.2143,,,,,,,,0.5688,,,,0.7778,,,,,,0.0667,中　村　　日　向,,,,,5043,,14,,0.2857,,,0.6756,0.0519,49,,6,,0.1224,,36,0.7347,,16,0.3265
basic_master,heiwajima_player_master.csv,122,0.1419,6.9226,,,0.25,,,,,,,,0.5674,,,,0.8889,,,,,,0.4167,杉　山　　貴　博,,,,,4134,,8,,0.1905,,,0.6106,0.0623,42,,11,,0.2619,,32,0.7619,,13,0.3095
basic_master,heiwajima_player_master.csv,123,0.1295,6.7689,,,0.2,,,,,,,,0.5673,,,,0.0,,,,,,0.4286,高　倉　　和　士,,,,,4736,,7,,0.3684,,,0.5787,0.0674,19,,5,,0.2632,,16,0.8421,,4,0.2105
basic_master,heiwajima_player_master.csv,124,0.136,6.8732,,,0.2308,,,,,,,,0.5668,,,,0.5556,,,,,,0.3529,浜　先　　真　範,,,,,4798,,16,,0.32,,,0.6638,0.0538,50,,11,,0.22,,39,0.78,,12,0.24
basic_master,heiwajima_player_master.csv,125,0.1086,6.7512,,,0.2143,,,,,,,,0.5666,,,,0.7,,,,,,0.0909,渡　邉　　雄　朗,,,,,4748,,11,,0.2558,,,0.6619,0.0541,43,,2,,0.0465,,30,0.6977,,17,0.3953
basic_master,heiwajima_player_master.csv,126,0.1312,6.8453,,,0.3143,,,,,,,,0.5647,,,,0.5909,,,,,,0.3077,濱野谷　　憲　吾,,,,,3590,,21,,0.2143,,,0.6487,0.0562,98,,14,,0.1429,,69,0.7041,,34,0.3469
basic_master,heiwajima_player_master.csv,127,0.1703,6.7321,,,0.3333,,,,,,,,0.5647,,,,0.6667,,,,,,0.3077,鈴　木　　　　博,,,,,3412,,10,,0.2564,,,0.6313,0.059,39,,8,,0.2051,,29,0.7436,,11,0.2821
basic_master,heiwajima_player_master.csv,128,0.158,6.8595,,,0.125,,,,,,,,0.5643,,,,0.6667,,,,,,0.2667,河　村　　　　了,,,,,4308,,5,,0.122,,,0.7163,0.0454,41,,12,,0.2927,,30,0.7317,,13,0.3171
basic_master,heiwajima_player_master.csv,129,0.1497,6.7955,,,0.2727,,,,,,,,0.5637,,,,0.2,,,,,,0.3,権　藤　　俊　光,,,,,4832,,7,,0.2258,,,0.6175,0.0612,31,,9,,0.2903,,24,0.7742,,8,0.2581
basic_master,heiwajima_player_master.csv,130,0.145,6.7,,,0.5,,,,,,,,0.5634,,,,0.0,,,,,,0.25,西　岡　　成　美,,,,,5056,,4,,0.4,,,0.6419,0.0573,10,,3,,0.3,,8,0.8,,1,0.1
basic_master,heiwajima_player_master.csv,131,0.13,6.9882,,,0.25,,,,,,,,0.5629,,,,0.3333,,,,,,0.6667,大　庭　　元　明,,,,,3662,,3,,0.2727,,,0.6213,0.0606,11,,4,,0.3636,,9,0.8182,,2,0.1818
basic_master,heiwajima_player_master.csv,132,0.1264,6.9002,,,0.1667,,,,,,,,0.5628,,,,0.75,,,,,,0.3125,今　井　　貴　士,,,,,4287,,13,,0.2955,,,0.6512,0.0558,44,,9,,0.2045,,34,0.7727,,12,0.2727
basic_master,heiwajima_player_master.csv,133,0.1484,6.9121,,,0.0,,,,,,,,0.5619,,,,1.0,,,,,,0.2,安　東　　幸　治,,,,,4122,,6,,0.3158,,,0.6519,0.0557,19,,6,,0.3158,,16,0.8421,,4,0.2105
basic_master,heiwajima_player_master.csv,134,0.168,6.8655,,,0.3333,,,,,,,,0.5615,,,,0.6,,,,,,0.25,海　野　　ゆかり,,,,,3618,,7,,0.175,,,0.5719,0.0685,40,,8,,0.2,,29,0.725,,14,0.35
basic_master,heiwajima_player_master.csv,135,0.1339,6.7332,,,0.3,,,,,,,,0.5613,,,,0.5,,,,,,0.3,佐　藤　　博　亮,,,,,4786,,6,,0.1935,,,0.6162,0.0614,31,,5,,0.1613,,22,0.7097,,11,0.3548
basic_master,heiwajima_player_master.csv,136,0.1515,6.8178,,,0.1429,,,,,,,,0.5608,,,,0.4,,,,,,0.1111,郷　原　　章　平,,,,,4193,,9,,0.3333,,,0.6956,0.0487,27,,3,,0.1111,,20,0.7407,,8,0.2963
basic_master,heiwajima_player_master.csv,137,0.1314,6.7157,,,0.3333,,,,,,,,0.5599,,,,0.625,,,,,,0.3333,井　本　　昌　也,,,,,4985,,7,,0.1892,,,0.7137,0.0458,37,,9,,0.2432,,26,0.7027,,10,0.2703
basic_master,heiwajima_player_master.csv,138,0.1083,6.8478,,,0.2,,,,,,,,0.5599,,,,0.2,,,,,,0.5,伊　藤　　誠　二,,,,,3713,,4,,0.1739,,,0.6669,0.0533,23,,9,,0.3913,,18,0.7826,,5,0.2174
basic_master,heiwajima_player_master.csv,139,0.1156,6.8479,,,0.3333,,,,,,,,0.5595,,,,0.5714,,,,,,0.25,中　澤　　和　志,,,,,3952,,11,,0.2821,,,0.7269,0.0437,39,,8,,0.2051,,28,0.7179,,9,0.2308
basic_master,heiwajima_player_master.csv,140,0.1517,6.75,,,1.0,,,,,,,,0.5593,,,,0.0,,,,,,0.3333,三　村　　岳　人,,,,,5111,,2,,0.3333,,,0.5881,0.0659,6,,1,,0.1667,,4,0.6667,,1,0.1667
basic_master,heiwajima_player_master.csv,141,0.1689,6.8433,,,0.0,,,,,,,,0.5589,,,,0.0,,,,,,0.6667,清　水　　攻　二,,,,,3684,,4,,0.4444,,,0.6556,0.0551,9,,3,,0.3333,,8,0.8889,,1,0.1111
basic_master,heiwajima_player_master.csv,142,0.1484,6.8169,,,0.2121,,,,,,,,0.5584,,,,0.7407,,,,,,0.2162,今　泉　　友　吾,,,,,4759,,29,,0.2458,,,0.595,0.0648,118,,20,,0.1695,,88,0.7458,,39,0.3305
basic_master,heiwajima_player_master.csv,143,0.1344,6.85,,,0.1818,,,,,,,,0.5583,,,,0.7143,,,,,,0.2222,尾　嶋　　一　広,,,,,4472,,8,,0.25,,,0.6925,0.0492,32,,5,,0.1562,,23,0.7188,,10,0.3125
basic_master,heiwajima_player_master.csv,144,0.1662,6.84,,,0.0,,,,,,,,0.5581,,,,0.8571,,,,,,0.3,宮　崎　　　　奨,,,,,4348,,9,,0.3103,,,0.6613,0.0542,29,,6,,0.2069,,23,0.7931,,8,0.2759
basic_master,heiwajima_player_master.csv,145,0.1143,6.8429,,,0.2857,,,,,,,,0.5568,,,,0.5,,,,,,0.3333,渡　邉　　俊　介,,,,,4467,,3,,0.2143,,,0.7662,0.0374,14,,4,,0.2857,,10,0.7143,,3,0.2143
basic_master,heiwajima_player_master.csv,146,0.1163,6.8822,,,0.3077,,,,,,,,0.5555,,,,0.8571,,,,,,0.1111,若　林　　　　将,,,,,4335,,10,,0.1852,,,0.7719,0.0365,54,,8,,0.1481,,35,0.6481,,17,0.3148
basic_master,heiwajima_player_master.csv,147,0.1494,6.8582,,,0.5,,,,,,,,0.5555,,,,0.3333,,,,,,0.2,仲　道　　大　輔,,,,,5166,,4,,0.2353,,,0.4981,0.0803,17,,2,,0.1176,,12,0.7059,,6,0.3529
basic_master,heiwajima_player_master.csv,148,0.1341,6.8156,,,0.3,,,,,,,,0.5554,,,,0.6,,,,,,0.2727,山　本　　英　志,,,,,3888,,7,,0.2059,,,0.7081,0.0467,34,,8,,0.2353,,24,0.7059,,9,0.2647
basic_master,heiwajima_player_master.csv,149,0.14,6.9062,,,0.0,,,,,,,,0.5552,,,,0.75,,,,,,0.3333,妹　尾　　忠　幸,,,,,4089,,7,,0.3333,,,0.6569,0.0549,21,,5,,0.2381,,17,0.8095,,5,0.2381
basic_master,heiwajima_player_master.csv,150,0.1524,6.8219,,,0.2174,,,,,,,,0.5548,,,,0.3158,,,,,,0.3043,一　瀬　　　　明,,,,,3641,,22,,0.2785,,,0.7031,0.0475,79,,22,,0.2785,,60,0.7595,,16,0.2025
basic_master,heiwajima_player_master.csv,151,0.1184,6.84,,,0.3571,,,,,,,,0.5547,,,,0.75,,,,,,0.1,前　田　　将　太,,,,,4504,,5,,0.1351,,,0.6287,0.0594,37,,4,,0.1081,,24,0.6486,,15,0.4054
basic_master,heiwajima_player_master.csv,152,0.173,6.719,,,0.0,,,,,,,,0.5547,,,,1.0,,,,,,0.3333,西　岡　　顕　心,,,,,5224,,1,,0.1,,,0.6987,0.0482,10,,2,,0.2,,7,0.7,,4,0.4
basic_master,heiwajima_player_master.csv,153,0.1335,6.9076,,,0.3478,,,,,,,,0.5544,,,,0.6,,,,,,0.2917,尾　上　　雅　也,,,,,4953,,13,,0.1806,,,0.6813,0.051,72,,11,,0.1528,,48,0.6667,,24,0.3333
basic_master,heiwajima_player_master.csv,154,0.1457,6.7071,,,0.4,,,,,,,,0.554,,,,0.4,,,,,,0.0,西　島　　義　則,,,,,3024,,8,,0.381,,,0.665,0.0536,21,,2,,0.0952,,15,0.7143,,5,0.2381
basic_master,heiwajima_player_master.csv,155,0.1398,6.8339,,,0.1765,,,,,,,,0.5536,,,,0.6296,,,,,,0.1667,長　田　　頼　宗,,,,,4266,,29,,0.2788,,,0.6725,0.0524,104,,14,,0.1346,,75,0.7212,,32,0.3077
basic_master,heiwajima_player_master.csv,156,0.1565,6.8967,,,0.4444,,,,,,,,0.5536,,,,0.625,,,,,,0.2,桐　本　　康　臣,,,,,4043,,12,,0.2308,,,0.6469,0.0565,52,,7,,0.1346,,35,0.6731,,16,0.3077
basic_master,heiwajima_player_master.csv,157,0.1308,6.874,,,0.1875,,,,,,,,0.5517,,,,0.7917,,,,,,0.2857,齊　藤　　　　仁,,,,,3978,,25,,0.2294,,,0.7175,0.0452,109,,18,,0.1651,,76,0.6972,,33,0.3028
basic_master,heiwajima_player_master.csv,158,0.1307,6.8309,,,0.0833,,,,,,,,0.5514,,,,0.375,,,,,,0.125,辻　　　　栄　蔵,,,,,3719,,16,,0.3636,,,0.67,0.0528,44,,10,,0.2273,,35,0.7955,,9,0.2045
basic_master,heiwajima_player_master.csv,159,0.1067,7.0178,,,0.2,,,,,,,,0.5514,,,,0.0,,,,,,0.5,末　永　　和　也,,,,,5084,,5,,0.5556,,,0.7681,0.0371,9,,1,,0.1111,,7,0.7778,,1,0.1111
basic_master,heiwajima_player_master.csv,160,0.1396,6.7533,,,0.2222,,,,,,,,0.5511,,,,0.8333,,,,,,0.25,黒　井　　達　矢,,,,,4528,,2,,0.0741,,,0.5888,0.0658,27,,4,,0.1481,,18,0.6667,,12,0.4444
basic_master,heiwajima_player_master.csv,161,0.1288,6.9169,,,0.3333,,,,,,,,0.5507,,,,0.6667,,,,,,0.3333,君　島　　秀　三,,,,,4137,,3,,0.1875,,,0.665,0.0536,16,,6,,0.375,,12,0.75,,3,0.1875
basic_master,heiwajima_player_master.csv,162,0.171,6.9481,,,0.2727,,,,,,,,0.5505,,,,0.5,,,,,,0.0,小　池　　公　生,,,,,4521,,5,,0.2381,,,0.5925,0.0652,21,,3,,0.1429,,15,0.7143,,7,0.3333
basic_master,heiwajima_player_master.csv,163,0.1437,6.8503,,,0.3,,,,,,,,0.5502,,,,0.6667,,,,,,0.0,平　山　　智　加,,,,,4387,,5,,0.1562,,,0.695,0.0488,32,,5,,0.1562,,21,0.6562,,11,0.3438
basic_master,heiwajima_player_master.csv,164,0.1176,6.8052,,,0.2857,,,,,,,,0.5493,,,,0.8,,,,,,0.375,桐　生　　順　平,,,,,4444,,3,,0.12,,,0.6737,0.0522,25,,6,,0.24,,17,0.68,,8,0.32
basic_master,heiwajima_player_master.csv,165,0.1936,6.6882,,,0.5,,,,,,,,0.5486,,,,0.5,,,,,,0.0,佐々木　　和　伸,,,,,3841,,1,,0.0909,,,0.8113,0.0302,11,,1,,0.0909,,6,0.5455,,4,0.3636
basic_master,heiwajima_player_master.csv,166,0.1629,6.9421,,,0.25,,,,,,,,0.5483,,,,0.6,,,,,,0.2857,松　田　　祐　季,,,,,4391,,6,,0.25,,,0.5644,0.0697,24,,5,,0.2083,,18,0.75,,7,0.2917
basic_master,heiwajima_player_master.csv,167,0.1353,6.7945,,,0.1364,,,,,,,,0.5482,,,,0.6667,,,,,,0.1852,福　来　　　　剛,,,,,4095,,20,,0.2632,,,0.6331,0.0587,76,,10,,0.1316,,55,0.7237,,25,0.3289
basic_master,heiwajima_player_master.csv,168,0.1368,6.817,,,0.375,,,,,,,,0.5479,,,,0.5,,,,,,0.2308,石　川　　真　二,,,,,3473,,11,,0.25,,,0.6713,0.0526,44,,4,,0.0909,,29,0.6591,,14,0.3182
basic_master,heiwajima_player_master.csv,169,0.1347,6.8234,,,0.2308,,,,,,,,0.5473,,,,0.7143,,,,,,0.1818,小　野　　達　哉,,,,,4653,,9,,0.2368,,,0.7788,0.0354,38,,5,,0.1316,,25,0.6579,,11,0.2895
basic_master,heiwajima_player_master.csv,170,0.131,6.8938,,,0.3333,,,,,,,,0.5468,,,,0.7143,,,,,,0.1111,清　埜　　翔　子,,,,,4738,,2,,0.069,,,0.6969,0.0485,29,,5,,0.1724,,18,0.6207,,11,0.3793
basic_master,heiwajima_player_master.csv,171,0.1403,6.6676,,,0.4444,,,,,,,,0.5449,,,,0.625,,,,,,0.0,松　本　　純　平,,,,,5051,,8,,0.2353,,,0.7081,0.0467,34,,2,,0.0588,,21,0.6176,,11,0.3235
basic_master,heiwajima_player_master.csv,172,0.1409,6.8787,,,0.2308,,,,,,,,0.5439,,,,0.4545,,,,,,0.55,寺　本　　重　宣,,,,,4086,,15,,0.2727,,,0.6131,0.0619,55,,15,,0.2727,,42,0.7636,,12,0.2182
basic_master,heiwajima_player_master.csv,173,0.1224,6.8947,,,0.375,,,,,,,,0.5436,,,,0.0,,,,,,0.25,川　井　　　　萌,,,,,5174,,4,,0.2353,,,0.6481,0.0563,17,,4,,0.2353,,12,0.7059,,4,0.2353
basic_master,heiwajima_player_master.csv,174,0.135,6.8062,,,0.0,,,,,,,,0.5432,,,,0.5,,,,,,0.2857,金　子　　　　萌,,,,,4793,,7,,0.2917,,,0.6744,0.0521,24,,7,,0.2917,,19,0.7917,,5,0.2083
basic_master,heiwajima_player_master.csv,175,0.1365,6.8924,,,0.0,,,,,,,,0.5432,,,,0.6667,,,,,,0.1667,小　坂　　尚　哉,,,,,4295,,6,,0.3529,,,0.6425,0.0572,17,,5,,0.2941,,14,0.8235,,3,0.1765
basic_master,heiwajima_player_master.csv,176,0.1365,6.8671,,,0.2857,,,,,,,,0.5431,,,,0.5,,,,,,0.4,柘　植　　政　浩,,,,,4120,,4,,0.2353,,,0.69,0.0496,17,,4,,0.2353,,12,0.7059,,4,0.2353
basic_master,heiwajima_player_master.csv,177,0.1204,6.8614,,,0.4286,,,,,,,,0.5428,,,,0.6,,,,,,0.1818,平　田　　忠　則,,,,,3898,,7,,0.25,,,0.6606,0.0543,28,,5,,0.1786,,19,0.6786,,7,0.25
basic_master,heiwajima_player_master.csv,178,0.115,6.7491,,,0.1429,,,,,,,,0.5426,,,,0.6,,,,,,0.4286,末　永　　由　楽,,,,,4441,,6,,0.2727,,,0.6644,0.0537,22,,4,,0.1818,,16,0.7273,,6,0.2727
basic_master,heiwajima_player_master.csv,179,0.1614,6.7595,,,0.1667,,,,,,,,0.5421,,,,0.7778,,,,,,0.2308,野　口　　勝　弘,,,,,4516,,9,,0.2143,,,0.7163,0.0454,42,,8,,0.1905,,29,0.6905,,12,0.2857
basic_master,heiwajima_player_master.csv,180,0.16,6.9911,,,0.0,,,,,,,,0.5421,,,,1.0,,,,,,0.3333,吉　永　　則　雄,,,,,4099,,2,,0.2222,,,0.7937,0.033,9,,1,,0.1111,,6,0.6667,,3,0.3333
basic_master,heiwajima_player_master.csv,181,0.1593,6.8833,,,0.3333,,,,,,,,0.5419,,,,0.5,,,,,,0.5,中　嶋　　健一郎,,,,,4579,,3,,0.2,,,0.5594,0.0705,15,,4,,0.2667,,11,0.7333,,4,0.2667
basic_master,heiwajima_player_master.csv,182,0.1038,6.9254,,,0.1818,,,,,,,,0.5416,,,,0.5,,,,,,0.125,板　橋　　侑　我,,,,,4933,,7,,0.2692,,,0.7325,0.0428,26,,7,,0.2692,,19,0.7308,,5,0.1923
basic_master,heiwajima_player_master.csv,183,0.1167,6.8287,,,0.1667,,,,,,,,0.5406,,,,1.0,,,,,,0.3333,藤　原　　啓史朗,,,,,4762,,4,,0.2667,,,0.6362,0.0582,15,,3,,0.2,,11,0.7333,,4,0.2667
basic_master,heiwajima_player_master.csv,184,0.159,6.7357,,,0.2857,,,,,,,,0.5405,,,,0.6667,,,,,,0.1429,蜷　川　　哲　平,,,,,3902,,6,,0.2857,,,0.655,0.0552,21,,4,,0.1905,,15,0.7143,,5,0.2381
basic_master,heiwajima_player_master.csv,185,0.14,6.8868,,,0.2667,,,,,,,,0.5402,,,,0.7,,,,,,0.2778,荒　井　　翔　伍,,,,,4608,,14,,0.1972,,,0.645,0.0568,71,,14,,0.1972,,49,0.6901,,21,0.2958
basic_master,heiwajima_player_master.csv,186,0.1072,6.7969,,,0.25,,,,,,,,0.5402,,,,0.75,,,,,,0.1,須　藤　　博　倫,,,,,3983,,4,,0.1026,,,0.7425,0.0412,39,,6,,0.1538,,24,0.6154,,14,0.359
basic_master,heiwajima_player_master.csv,187,0.1228,6.8483,,,0.2727,,,,,,,,0.5401,,,,0.5,,,,,,0.2,山　田　　雄　太,,,,,4150,,6,,0.1667,,,0.6819,0.0509,36,,7,,0.1944,,24,0.6667,,11,0.3056
basic_master,heiwajima_player_master.csv,188,0.1503,6.8183,,,0.3,,,,,,,,0.5393,,,,0.2857,,,,,,0.375,三　嶌　　誠　司,,,,,3541,,6,,0.2069,,,0.6069,0.0629,29,,5,,0.1724,,20,0.6897,,9,0.3103
basic_master,heiwajima_player_master.csv,189,0.1343,6.9716,,,0.3846,,,,,,,,0.5392,,,,0.5714,,,,,,0.1818,北　中　　元　樹,,,,,3965,,6,,0.1622,,,0.6119,0.0621,37,,8,,0.2162,,25,0.6757,,11,0.2973
basic_master,heiwajima_player_master.csv,190,0.145,6.8979,,,0.2222,,,,,,,,0.5392,,,,1.0,,,,,,0.2222,中　田　　竜　太,,,,,4547,,7,,0.2917,,,0.6787,0.0514,24,,4,,0.1667,,17,0.7083,,6,0.25
basic_master,heiwajima_player_master.csv,191,0.1355,6.905,,,0.2,,,,,,,,0.5383,,,,0.5,,,,,,0.1429,山　下　　昂　大,,,,,4842,,5,,0.25,,,0.5913,0.0654,20,,5,,0.25,,15,0.75,,5,0.25
basic_master,heiwajima_player_master.csv,192,0.1303,6.7715,,,0.1818,,,,,,,,0.5382,,,,0.8571,,,,,,0.2727,渡　邉　　和　将,,,,,4537,,5,,0.1471,,,0.6663,0.0534,34,,4,,0.1176,,22,0.6471,,13,0.3824
basic_master,heiwajima_player_master.csv,193,0.1092,6.888,,,0.2857,,,,,,,,0.5368,,,,0.5882,,,,,,0.2143,馬　場　　　　剛,,,,,4769,,18,,0.2022,,,0.7238,0.0442,89,,15,,0.1685,,58,0.6517,,25,0.2809
basic_master,heiwajima_player_master.csv,194,0.1517,6.812,,,0.3333,,,,,,,,0.5368,,,,0.7143,,,,,,0.4615,島　田　　賢　人,,,,,4505,,5,,0.125,,,0.63,0.0592,40,,13,,0.325,,28,0.7,,10,0.25
basic_master,heiwajima_player_master.csv,195,0.1468,6.8618,,,0.3,,,,,,,,0.5362,,,,0.8182,,,,,,0.3125,金　子　　拓　矢,,,,,4305,,9,,0.2045,,,0.5994,0.0641,44,,7,,0.1591,,30,0.6818,,14,0.3182
basic_master,heiwajima_player_master.csv,196,0.1363,6.827,,,0.4286,,,,,,,,0.5359,,,,0.5,,,,,,0.3333,坪　井　　康　晴,,,,,3959,,5,,0.1852,,,0.6875,0.05,27,,7,,0.2593,,18,0.6667,,6,0.2222
basic_master,heiwajima_player_master.csv,197,0.1594,6.7925,,,0.4,,,,,,,,0.5358,,,,0.5,,,,,,0.2,関　　　　浩　哉,,,,,4851,,4,,0.25,,,0.6819,0.0509,16,,1,,0.0625,,10,0.625,,5,0.3125
basic_master,heiwajima_player_master.csv,198,0.1173,6.8182,,,0.125,,,,,,,,0.5354,,,,0.5,,,,,,0.0,馬　袋　　義　則,,,,,3612,,10,,0.2222,,,0.6813,0.051,45,,10,,0.2222,,32,0.7111,,12,0.2667
basic_master,heiwajima_player_master.csv,199,0.1633,6.91,,,0.0,,,,,,,,0.5348,,,,1.0,,,,,,0.5,服　部　　　　剛,,,,,4417,,0,,0.0,,,0.5906,0.0655,6,,4,,0.6667,,5,0.8333,,1,0.1667
basic_master,heiwajima_player_master.csv,200,0.142,6.9111,,,0.2857,,,,,,,,0.5339,,,,0.6667,,,,,,0.3,今　井　　裕　梨,,,,,4240,,7,,0.2,,,0.7269,0.0437,35,,7,,0.2,,23,0.6571,,9,0.2571
basic_master,heiwajima_player_master.csv,201,0.11,6.9518,,,0.5,,,,,,,,0.5331,,,,1.0,,,,,,0.0,吉　田　　一　郎,,,,,3349,,1,,0.0909,,,0.7338,0.0426,11,,1,,0.0909,,6,0.5455,,4,0.3636
basic_master,heiwajima_player_master.csv,202,0.1529,6.8114,,,0.2,,,,,,,,0.533,,,,0.0,,,,,,1.0,米　丸　　乃　絵,,,,,5193,,3,,0.4286,,,0.7794,0.0353,7,,1,,0.1429,,5,0.7143,,1,0.1429
basic_master,heiwajima_player_master.csv,203,0.1236,6.7505,,,0.3333,,,,,,,,0.5318,,,,0.3333,,,,,,0.1667,濱　野　　斗　馬,,,,,5136,,6,,0.2727,,,0.6744,0.0521,22,,4,,0.1818,,15,0.6818,,5,0.2273
basic_master,heiwajima_player_master.csv,204,0.1137,6.8975,,,0.2308,,,,,,,,0.53,,,,0.25,,,,,,0.25,藤　岡　　俊　介,,,,,4278,,9,,0.225,,,0.7094,0.0465,40,,11,,0.275,,28,0.7,,8,0.2
basic_master,heiwajima_player_master.csv,205,0.1268,6.8368,,,0.2,,,,,,,,0.5297,,,,0.4,,,,,,0.125,篠　原　　晟　弥,,,,,5092,,5,,0.1786,,,0.7,0.048,28,,4,,0.1429,,18,0.6429,,9,0.3214
basic_master,heiwajima_player_master.csv,206,0.1409,7.0282,,,0.25,,,,,,,,0.5296,,,,0.0,,,,,,0.5,秋　元　　　　哲,,,,,4532,,2,,0.1818,,,0.6594,0.0545,11,,4,,0.3636,,8,0.7273,,2,0.1818
basic_master,heiwajima_player_master.csv,207,0.1352,6.7381,,,0.1429,,,,,,,,0.5294,,,,0.5,,,,,,0.2857,上　田　　健　太,,,,,5002,,2,,0.0952,,,0.6706,0.0527,21,,8,,0.381,,15,0.7143,,5,0.2381
basic_master,heiwajima_player_master.csv,208,0.1375,7.0325,,,0.0,,,,,,,,0.5291,,,,0.0,,,,,,0.3333,古　田　　祐　貴,,,,,4583,データ少,1,,0.25,,,0.6456,0.0567,4,,1,,0.25,,3,0.75,,1,0.25
basic_master,heiwajima_player_master.csv,209,0.1244,6.8027,,,0.25,,,,,,,,0.5283,,,,0.8333,,,,,,0.1875,上　村　　純　一,,,,,4645,,11,,0.2,,,0.7163,0.0454,55,,5,,0.0909,,34,0.6182,,18,0.3273
basic_master,heiwajima_player_master.csv,210,0.1351,6.8433,,,0.1667,,,,,,,,0.5283,,,,0.5,,,,,,0.0,金　田　　　　諭,,,,,4036,,12,,0.2791,,,0.6631,0.0539,43,,4,,0.093,,29,0.6744,,13,0.3023
basic_master,heiwajima_player_master.csv,211,0.1387,6.7813,,,0.25,,,,,,,,0.528,,,,0.5,,,,,,0.3333,木　村　　仁　紀,,,,,4743,,2,,0.1333,,,0.765,0.0376,15,,5,,0.3333,,10,0.6667,,3,0.2
basic_master,heiwajima_player_master.csv,212,0.118,6.784,,,0.5,,,,,,,,0.5267,,,,0.5,,,,,,0.3333,森　　　　照　夫,,,,,4753,,2,,0.2,,,0.6587,0.0546,10,,1,,0.1,,6,0.6,,3,0.3
basic_master,heiwajima_player_master.csv,213,0.0805,7.0111,,,0.1818,,,,,,,,0.5262,,,,0.5,,,,,,0.0,田　中　　勇　輔,,,,,5147,,2,,0.1053,,,0.7375,0.042,19,,7,,0.3684,,13,0.6842,,4,0.2105
basic_master,heiwajima_player_master.csv,214,0.1382,6.8554,,,0.125,,,,,,,,0.5258,,,,0.5,,,,,,0.5556,小　原　　聡　将,,,,,5095,,5,,0.1786,,,0.6913,0.0494,28,,9,,0.3214,,20,0.7143,,6,0.2143
basic_master,heiwajima_player_master.csv,215,0.1522,6.832,,,0.3226,,,,,,,,0.5255,,,,0.4737,,,,,,0.0357,内　堀　　　　学,,,,,4496,,20,,0.2174,,,0.6431,0.0571,92,,11,,0.1196,,59,0.6413,,28,0.3043
basic_master,heiwajima_player_master.csv,216,0.165,6.8325,,,0.0,,,,,,,,0.5255,,,,1.0,,,,,,0.5,白　井　　英　治,,,,,3897,,3,,0.375,,,0.6275,0.0596,8,,1,,0.125,,6,0.75,,2,0.25
basic_master,heiwajima_player_master.csv,217,0.1333,6.7078,,,0.4,,,,,,,,0.5253,,,,0.0,,,,,,0.5,品　川　　二千翔,,,,,5064,,3,,0.3333,,,0.6487,0.0562,9,,1,,0.1111,,6,0.6667,,2,0.2222
basic_master,heiwajima_player_master.csv,218,0.1627,6.9335,,,0.0833,,,,,,,,0.5252,,,,0.75,,,,,,0.6,荒　川　　健　太,,,,,4049,,8,,0.3077,,,0.6613,0.0542,26,,8,,0.3077,,20,0.7692,,4,0.1538
basic_master,heiwajima_player_master.csv,219,0.1317,6.8283,,,0.1176,,,,,,,,0.525,,,,0.7273,,,,,,0.125,加　藤　　政　彦,,,,,4598,,14,,0.2642,,,0.665,0.0536,53,,9,,0.1698,,37,0.6981,,14,0.2642
basic_master,heiwajima_player_master.csv,220,0.1224,6.9157,,,0.375,,,,,,,,0.5248,,,,0.0,,,,,,0.2,服　部　　幸　男,,,,,3422,,2,,0.0952,,,0.7344,0.0425,21,,3,,0.1429,,12,0.5714,,7,0.3333
basic_master,heiwajima_player_master.csv,221,0.133,6.867,,,0.1818,,,,,,,,0.5243,,,,0.8571,,,,,,0.1,秦　　　　英　悟,,,,,4427,,5,,0.1515,,,0.6519,0.0557,33,,7,,0.2121,,22,0.6667,,10,0.303
basic_master,heiwajima_player_master.csv,222,0.1313,6.8219,,,0.2632,,,,,,,,0.5242,,,,0.7143,,,,,,0.4375,東　本　　勝　利,,,,,4066,,7,,0.1489,,,0.6913,0.0494,47,,15,,0.3191,,32,0.6809,,10,0.2128
basic_master,heiwajima_player_master.csv,223,0.185,6.7817,,,0.3333,,,,,,,,0.5236,,,,0.0,,,,,,0.5,千　葉　　真　弥,,,,,4775,,0,,0.0,,,0.7431,0.0411,6,,3,,0.5,,4,0.6667,,1,0.1667
basic_master,heiwajima_player_master.csv,224,0.1408,6.89,,,0.0,,,,,,,,0.5233,,,,1.0,,,,,,0.5,幸　田　　智　裕,,,,,4068,,1,,0.0769,,,0.6744,0.0521,13,,4,,0.3077,,9,0.6923,,4,0.3077
basic_master,heiwajima_player_master.csv,225,0.1409,6.8664,,,0.4,,,,,,,,0.5233,,,,1.0,,,,,,0.0,伊　藤　　将　吉,,,,,4033,,1,,0.0909,,,0.7344,0.0425,11,,1,,0.0909,,6,0.5455,,4,0.3636
basic_master,heiwajima_player_master.csv,226,0.1324,6.8829,,,0.2222,,,,,,,,0.5232,,,,0.3333,,,,,,0.3333,高　橋　　正　男,,,,,4133,,6,,0.2857,,,0.7669,0.0373,21,,4,,0.1905,,14,0.6667,,4,0.1905
basic_master,heiwajima_player_master.csv,227,0.1319,6.8858,,,0.2121,,,,,,,,0.5231,,,,0.6667,,,,,,0.3333,前　沢　　丈　史,,,,,4366,,20,,0.2198,,,0.7019,0.0477,91,,22,,0.2418,,62,0.6813,,20,0.2198
basic_master,heiwajima_player_master.csv,228,0.1211,6.7507,,,0.2222,,,,,,,,0.5223,,,,1.0,,,,,,0.4444,稗　田　　聖　也,,,,,4506,,4,,0.1481,,,0.63,0.0592,27,,6,,0.2222,,18,0.6667,,8,0.2963
basic_master,heiwajima_player_master.csv,229,0.138,6.859,,,0.5,,,,,,,,0.5217,,,,0.0,,,,,,0.25,松　下　　哲　也,,,,,4252,,1,,0.1,,,0.6587,0.0546,10,,5,,0.5,,7,0.7,,1,0.1
basic_master,heiwajima_player_master.csv,230,0.1315,6.8465,,,0.25,,,,,,,,0.5213,,,,1.0,,,,,,0.25,竹　田　　和　哉,,,,,4776,,3,,0.15,,,0.6438,0.057,20,,4,,0.2,,13,0.65,,6,0.3
basic_master,heiwajima_player_master.csv,231,0.1147,6.79,,,0.3,,,,,,,,0.521,,,,0.8889,,,,,,0.25,松　下　　一　也,,,,,4207,,7,,0.1628,,,0.635,0.0584,43,,6,,0.1395,,27,0.6279,,14,0.3256
basic_master,heiwajima_player_master.csv,232,0.1136,6.8477,,,0.1429,,,,,,,,0.5207,,,,1.0,,,,,,0.1667,川　崎　　智　幸,,,,,3300,,2,,0.0909,,,0.6456,0.0567,22,,4,,0.1818,,14,0.6364,,8,0.3636
basic_master,heiwajima_player_master.csv,233,0.1428,6.8756,,,0.3,,,,,,,,0.5201,,,,0.5714,,,,,,0.2308,田　中　　京　介,,,,,4588,,7,,0.1944,,,0.6937,0.049,36,,4,,0.1111,,22,0.6111,,11,0.3056
basic_master,heiwajima_player_master.csv,234,0.1397,6.8616,,,0.1111,,,,,,,,0.5201,,,,0.5,,,,,,0.0769,佐々木　　完　太,,,,,4980,,13,,0.4194,,,0.6013,0.0638,31,,6,,0.1935,,24,0.7742,,5,0.1613
basic_master,heiwajima_player_master.csv,235,0.152,6.758,,,0.2,,,,,,,,0.5199,,,,1.0,,,,,,0.0,古　賀　　繁　輝,,,,,4294,,2,,0.1333,,,0.4994,0.0801,15,,2,,0.1333,,10,0.6667,,6,0.4
basic_master,heiwajima_player_master.csv,236,0.1291,6.895,,,0.0,,,,,,,,0.5194,,,,1.0,,,,,,0.4286,向　後　　龍　一,,,,,4159,,3,,0.1364,,,0.7219,0.0445,22,,6,,0.2727,,15,0.6818,,6,0.2727
basic_master,heiwajima_player_master.csv,237,0.1564,7.0,,,0.2,,,,,,,,0.5186,,,,0.6667,,,,,,0.75,西　山　　貴　浩,,,,,4371,,4,,0.2857,,,0.4575,0.0868,14,,4,,0.2857,,11,0.7857,,3,0.2143
basic_master,heiwajima_player_master.csv,238,0.1338,7.0388,,,0.0,,,,,,,,0.5174,,,,1.0,,,,,,0.75,富　永　　修　一,,,,,4121,,4,,0.25,,,0.665,0.0536,16,,5,,0.3125,,12,0.75,,3,0.1875
basic_master,heiwajima_player_master.csv,239,0.136,6.8996,,,0.2381,,,,,,,,0.5173,,,,0.2857,,,,,,0.1875,津久井　　拓　也,,,,,4420,,11,,0.2115,,,0.6887,0.0498,52,,13,,0.25,,35,0.6731,,11,0.2115
basic_master,heiwajima_player_master.csv,240,0.1731,6.8519,,,0.1429,,,,,,,,0.5173,,,,0.0,,,,,,0.75,宗　行　　治　哉,,,,,4991,,2,,0.125,,,0.6713,0.0526,16,,8,,0.5,,12,0.75,,2,0.125
basic_master,heiwajima_player_master.csv,241,0.1667,6.9129,,,0.7143,,,,,,,,0.5168,,,,0.5,,,,,,0.25,塚　越　　海　斗,,,,,5234,,2,,0.0833,,,0.55,0.072,24,,5,,0.2083,,14,0.5833,,7,0.2917
basic_master,heiwajima_player_master.csv,242,0.1404,6.817,,,0.3333,,,,,,,,0.5167,,,,0.75,,,,,,0.1111,入　海　　　　馨,,,,,4886,,8,,0.3478,,,0.6231,0.0603,23,,1,,0.0435,,15,0.6522,,6,0.2609
basic_master,heiwajima_player_master.csv,243,0.1203,6.8686,,,0.25,,,,,,,,0.5165,,,,0.6,,,,,,0.3,谷　川　　祐　一,,,,,4594,,6,,0.2069,,,0.6813,0.051,29,,6,,0.2069,,19,0.6552,,7,0.2414
basic_master,heiwajima_player_master.csv,244,0.1471,6.7754,,,0.3333,,,,,,,,0.5162,,,,0.75,,,,,,0.2,泥　谷　　一　毅,,,,,4119,,5,,0.1786,,,0.5662,0.0694,28,,4,,0.1429,,18,0.6429,,9,0.3214
basic_master,heiwajima_player_master.csv,245,0.1718,6.7209,,,0.0,,,,,,,,0.5159,,,,1.0,,,,,,0.3333,木　場　　雄二郎,,,,,4158,,3,,0.2727,,,0.7156,0.0455,11,,3,,0.2727,,8,0.7273,,2,0.1818
basic_master,heiwajima_player_master.csv,246,0.1424,6.721,,,0.4444,,,,,,,,0.5158,,,,0.0,,,,,,0.0,田　中　　駿　兵,,,,,5278,,6,,0.2857,,,0.6069,0.0629,21,,1,,0.0476,,13,0.619,,6,0.2857
basic_master,heiwajima_player_master.csv,247,0.1811,6.9689,,,0.5,,,,,,,,0.5153,,,,0.0,,,,,,0.0,佐々木　　大　河,,,,,5054,,0,,0.0,,,0.5488,0.0722,9,,4,,0.4444,,6,0.6667,,2,0.2222
basic_master,heiwajima_player_master.csv,248,0.1376,6.8831,,,0.2,,,,,,,,0.5151,,,,0.6667,,,,,,0.1111,豊　田　　　　結,,,,,4689,,4,,0.1379,,,0.7338,0.0426,29,,6,,0.2069,,18,0.6207,,8,0.2759
basic_master,heiwajima_player_master.csv,249,0.1553,7.0037,,,0.2857,,,,,,,,0.5151,,,,0.6667,,,,,,0.1667,榎　　　　幸　司,,,,,4171,,2,,0.1053,,,0.6169,0.0613,19,,4,,0.2105,,12,0.6316,,6,0.3158
basic_master,heiwajima_player_master.csv,250,0.112,6.79,,,0.0,,,,,,,,0.5151,,,,1.0,,,,,,0.2,下　條　　雄太郎,,,,,4352,,1,,0.0667,,,0.7419,0.0413,15,,5,,0.3333,,10,0.6667,,4,0.2667
basic_master,heiwajima_player_master.csv,251,0.154,6.998,,,0.2,,,,,,,,0.5146,,,,1.0,,,,,,0.0,平　野　　和　明,,,,,4142,,2,,0.2,,,0.7481,0.0403,10,,1,,0.1,,6,0.6,,3,0.3
basic_master,heiwajima_player_master.csv,252,0.1546,6.7396,,,0.1429,,,,,,,,0.5144,,,,0.7273,,,,,,0.1333,松　田　　大志郎,,,,,4544,,11,,0.2391,,,0.6525,0.0556,46,,5,,0.1087,,30,0.6522,,14,0.3043
basic_master,heiwajima_player_master.csv,253,0.186,6.675,,,0.0,,,,,,,,0.5144,,,,1.0,,,,,,0.0,数　原　　　　魁,,,,,5060,,4,,0.4,,,0.6219,0.0605,10,,0,,0.0,,7,0.7,,3,0.3
basic_master,heiwajima_player_master.csv,254,0.12,6.82,,,0.2308,,,,,,,,0.5141,,,,0.5,,,,,,0.2857,久　田　　敏　之,,,,,4188,,8,,0.2857,,,0.705,0.0472,28,,6,,0.2143,,19,0.6786,,5,0.1786
basic_master,heiwajima_player_master.csv,255,0.1352,6.7367,,,0.1,,,,,,,,0.5139,,,,0.6667,,,,,,0.2,溝　口　　海義也,,,,,4958,,4,,0.1905,,,0.7812,0.035,21,,6,,0.2857,,14,0.6667,,4,0.1905
basic_master,heiwajima_player_master.csv,256,0.1444,6.5811,,,0.0,,,,,,,,0.5138,,,,0.0,,,,,,0.0,田　路　　朋　史,,,,,4381,,4,,0.4444,,,0.68,0.0512,9,,2,,0.2222,,7,0.7778,,1,0.1111
basic_master,heiwajima_player_master.csv,257,0.1432,6.825,,,0.0,,,,,,,,0.5134,,,,0.8,,,,,,0.3333,池　田　　雄　一,,,,,4124,,6,,0.2143,,,0.6025,0.0636,28,,6,,0.2143,,20,0.7143,,8,0.2857
basic_master,heiwajima_player_master.csv,258,0.1556,6.7144,,,0.1667,,,,,,,,0.5132,,,,0.8,,,,,,0.0,白　水　　勝　也,,,,,3576,,4,,0.2222,,,0.5662,0.0694,18,,2,,0.1111,,12,0.6667,,6,0.3333
basic_master,heiwajima_player_master.csv,259,0.1305,6.954,,,0.3,,,,,,,,0.5126,,,,0.6667,,,,,,0.0,三　好　　勇　人,,,,,4331,,4,,0.2,,,0.6881,0.0499,20,,2,,0.1,,12,0.6,,6,0.3
basic_master,heiwajima_player_master.csv,260,0.12,6.947,,,0.5,,,,,,,,0.5125,,,,0.0,,,,,,0.0,三　馬　　崇　史,,,,,5243,,3,,0.3,,,0.7125,0.046,10,,1,,0.1,,6,0.6,,2,0.2
basic_master,heiwajima_player_master.csv,261,0.1288,6.8367,,,0.1667,,,,,,,,0.5122,,,,0.75,,,,,,0.2857,村　岡　　賢　人,,,,,4584,,11,,0.2245,,,0.7225,0.0444,49,,7,,0.1429,,31,0.6327,,13,0.2653
basic_master,heiwajima_player_master.csv,262,0.1055,6.7964,,,0.0,,,,,,,,0.5112,,,,1.0,,,,,,0.5,井　上　　一　輝,,,,,4826,,2,,0.1818,,,0.6925,0.0492,11,,4,,0.3636,,8,0.7273,,2,0.1818
basic_master,heiwajima_player_master.csv,263,0.1571,6.865,,,0.0,,,,,,,,0.5111,,,,0.5,,,,,,0.5,渡　辺　　真　至,,,,,3939,,1,,0.0714,,,0.6806,0.0511,14,,6,,0.4286,,10,0.7143,,3,0.2143
basic_master,heiwajima_player_master.csv,264,0.134,7.093,,,0.0,,,,,,,,0.5104,,,,1.0,,,,,,0.3333,濱　崎　　　　誠,,,,,4082,,3,,0.3,,,0.6019,0.0637,10,,1,,0.1,,7,0.7,,3,0.3
basic_master,heiwajima_player_master.csv,265,0.1938,6.9537,,,0.0,,,,,,,,0.5098,,,,0.6667,,,,,,0.4,池　田　　浩　美,,,,,3932,,3,,0.1875,,,0.7519,0.0397,16,,2,,0.125,,10,0.625,,5,0.3125
basic_master,heiwajima_player_master.csv,266,0.1837,6.8087,,,0.1667,,,,,,,,0.5097,,,,0.8333,,,,,,0.125,大豆生田　　　蒼,,,,,4746,,6,,0.2,,,0.515,0.0776,30,,6,,0.2,,21,0.7,,9,0.3
basic_master,heiwajima_player_master.csv,267,0.1293,6.9019,,,0.2222,,,,,,,,0.5097,,,,0.75,,,,,,0.5556,中　村　　　　尊,,,,,4090,,4,,0.1481,,,0.6594,0.0545,27,,8,,0.2963,,18,0.6667,,6,0.2222
basic_master,heiwajima_player_master.csv,268,0.1389,6.863,,,0.2857,,,,,,,,0.509,,,,0.3333,,,,,,0.1111,鳥居塚　　孝　博,,,,,3686,,8,,0.2963,,,0.7538,0.0394,27,,4,,0.1481,,17,0.6296,,5,0.1852
basic_master,heiwajima_player_master.csv,269,0.1547,6.8632,,,0.1429,,,,,,,,0.509,,,,1.0,,,,,,0.1667,原　田　　佑　実,,,,,4372,,5,,0.2632,,,0.5394,0.0737,19,,2,,0.1053,,13,0.6842,,6,0.3158
basic_master,heiwajima_player_master.csv,270,0.1237,6.854,,,0.0526,,,,,,,,0.5082,,,,0.4167,,,,,,0.3158,永　井　　彪　也,,,,,4688,,17,,0.2833,,,0.6562,0.055,60,,17,,0.2833,,44,0.7333,,10,0.1667
basic_master,heiwajima_player_master.csv,271,0.1523,6.7215,,,0.1,,,,,,,,0.5081,,,,0.6,,,,,,0.4286,前　田　　　　滉,,,,,5068,,3,,0.1154,,,0.6831,0.0507,26,,7,,0.2692,,17,0.6538,,7,0.2692
basic_master,heiwajima_player_master.csv,272,0.1425,6.815,,,0.2,,,,,,,,0.5078,,,,0.5,,,,,,0.0,石　野　　貴　之,,,,,4168,,3,,0.25,,,0.71,0.0464,12,,0,,0.0,,7,0.5833,,4,0.3333
basic_master,heiwajima_player_master.csv,273,0.1324,6.8441,,,0.1786,,,,,,,,0.5071,,,,0.45,,,,,,0.2174,三　角　　哲　男,,,,,3256,,22,,0.2529,,,0.6213,0.0606,87,,19,,0.2184,,60,0.6897,,19,0.2184
basic_master,heiwajima_player_master.csv,274,0.1653,6.739,,,0.0625,,,,,,,,0.5068,,,,0.5,,,,,,0.2727,中　村　　泰　平,,,,,4910,,16,,0.4,,,0.6838,0.0506,40,,7,,0.175,,29,0.725,,6,0.15
basic_master,heiwajima_player_master.csv,275,0.1256,6.7844,,,0.25,,,,,,,,0.5066,,,,1.0,,,,,,0.0,関　口　　智　久,,,,,3992,,1,,0.1111,,,0.7412,0.0414,9,,1,,0.1111,,5,0.5556,,3,0.3333
basic_master,heiwajima_player_master.csv,276,0.0993,6.9571,,,0.25,,,,,,,,0.5064,,,,1.0,,,,,,0.1667,中　　　　亮　太,,,,,5029,,2,,0.1429,,,0.7644,0.0377,14,,2,,0.1429,,8,0.5714,,4,0.2857
basic_master,heiwajima_player_master.csv,277,0.1825,6.9625,,,1.0,,,,,,,,0.5063,,,,0.0,,,,,,0.5,中　野　　孝　二,,,,,5183,データ少,0,,0.0,,,0.5938,0.065,4,,1,,0.25,,2,0.5,,1,0.25
basic_master,heiwajima_player_master.csv,278,0.1416,6.8242,,,0.2759,,,,,,,,0.5061,,,,0.625,,,,,,0.2083,梶　野　　学　志,,,,,4140,,17,,0.2048,,,0.6669,0.0533,83,,14,,0.1687,,52,0.6265,,21,0.253
basic_master,heiwajima_player_master.csv,279,0.1275,6.874,,,0.1765,,,,,,,,0.5058,,,,0.3333,,,,,,0.0909,島　川　　光　男,,,,,3158,,15,,0.375,,,0.6469,0.0565,40,,6,,0.15,,28,0.7,,7,0.175
basic_master,heiwajima_player_master.csv,280,0.1668,6.8264,,,0.2222,,,,,,,,0.5054,,,,0.2,,,,,,0.2222,坂　口　　　　周,,,,,3984,,8,,0.2857,,,0.7106,0.0463,28,,7,,0.25,,19,0.6786,,4,0.1429
basic_master,heiwajima_player_master.csv,281,0.1274,6.8329,,,0.2222,,,,,,,,0.5053,,,,0.625,,,,,,0.0,益　田　　啓　司,,,,,4102,,9,,0.2647,,,0.695,0.0488,34,,3,,0.0882,,21,0.6176,,9,0.2647
basic_master,heiwajima_player_master.csv,282,0.1651,6.8743,,,0.2,,,,,,,,0.5052,,,,0.6667,,,,,,0.25,森　　　　貴　洋,,,,,3904,,7,,0.2,,,0.5331,0.0747,35,,10,,0.2857,,25,0.7143,,8,0.2286
basic_master,heiwajima_player_master.csv,283,0.1346,6.8566,,,0.1,,,,,,,,0.505,,,,0.5714,,,,,,0.25,土　屋　　千　明,,,,,4225,,14,,0.4,,,0.5894,0.0657,35,,6,,0.1714,,26,0.7429,,6,0.1714
basic_master,heiwajima_player_master.csv,284,0.1769,6.6833,,,0.2727,,,,,,,,0.5048,,,,0.6667,,,,,,0.2,藤　山　　翔　大,,,,,4561,,5,,0.1389,,,0.4988,0.0802,36,,5,,0.1389,,23,0.6389,,13,0.3611
basic_master,heiwajima_player_master.csv,285,0.1243,6.7571,,,0.2,,,,,,,,0.5044,,,,0.6667,,,,,,0.4,池　田　　雄　祐,,,,,4526,,5,,0.2381,,,0.5769,0.0677,21,,6,,0.2857,,15,0.7143,,4,0.1905
basic_master,heiwajima_player_master.csv,286,0.132,6.7623,,,0.2667,,,,,,,,0.504,,,,0.3333,,,,,,0.125,葛　原　　大　陽,,,,,4596,,4,,0.1333,,,0.7031,0.0475,30,,6,,0.2,,18,0.6,,8,0.2667
basic_master,heiwajima_player_master.csv,287,0.185,7.0888,,,0.0,,,,,,,,0.504,,,,1.0,,,,,,0.0,赤　坂　　俊　輔,,,,,4174,,2,,0.25,,,0.645,0.0568,8,,0,,0.0,,5,0.625,,3,0.375
basic_master,heiwajima_player_master.csv,288,0.168,6.8215,,,0.25,,,,,,,,0.5038,,,,0.4286,,,,,,0.2857,是　澤　　孝　宏,,,,,4388,,5,,0.25,,,0.6188,0.061,20,,3,,0.15,,13,0.65,,5,0.25
basic_master,heiwajima_player_master.csv,289,0.1186,6.88,,,0.1667,,,,,,,,0.5034,,,,1.0,,,,,,0.0909,宇佐見　　　　淳,,,,,4118,,4,,0.1143,,,0.6906,0.0495,35,,6,,0.1714,,21,0.6,,11,0.3143
basic_master,heiwajima_player_master.csv,290,0.1303,6.7956,,,0.24,,,,,,,,0.5031,,,,0.5,,,,,,0.3333,飯　山　　　　泰,,,,,3940,,12,,0.1558,,,0.6844,0.0505,77,,17,,0.2208,,48,0.6234,,19,0.2468
basic_master,heiwajima_player_master.csv,291,0.1752,6.8029,,,0.1429,,,,,,,,0.5028,,,,0.8,,,,,,0.1667,香　川　　素　子,,,,,3900,,5,,0.2381,,,0.4781,0.0835,21,,4,,0.1905,,15,0.7143,,6,0.2857
basic_master,heiwajima_player_master.csv,292,0.1557,6.8517,,,0.375,,,,,,,,0.5026,,,,0.6667,,,,,,0.2,黒　崎　　竜　也,,,,,3931,,3,,0.1304,,,0.5756,0.0679,23,,4,,0.1739,,14,0.6087,,7,0.3043
basic_master,heiwajima_player_master.csv,293,0.1295,6.8131,,,0.1538,,,,,,,,0.5025,,,,0.8571,,,,,,0.2667,福　島　　勇　樹,,,,,4083,,18,,0.2143,,,0.65,0.056,84,,16,,0.1905,,55,0.6548,,21,0.25
basic_master,heiwajima_player_master.csv,294,0.1724,6.811,,,0.375,,,,,,,,0.5023,,,,1.0,,,,,,0.1667,原　田　　才一郎,,,,,5028,,2,,0.0952,,,0.6219,0.0605,21,,3,,0.1429,,12,0.5714,,7,0.3333
basic_master,heiwajima_player_master.csv,295,0.1531,6.8815,,,0.4,,,,,,,,0.5013,,,,0.5,,,,,,0.25,河　野　　　　大,,,,,4704,,5,,0.1923,,,0.6238,0.0602,26,,2,,0.0769,,15,0.5769,,8,0.3077
basic_master,heiwajima_player_master.csv,296,0.1773,6.9064,,,0.0,,,,,,,,0.5011,,,,0.3333,,,,,,0.25,真　子　　奈津実,,,,,4525,,4,,0.3636,,,0.7556,0.0391,11,,3,,0.2727,,8,0.7273,,1,0.0909
basic_master,heiwajima_player_master.csv,297,0.1143,6.8622,,,0.0,,,,,,,,0.5009,,,,0.8,,,,,,0.2857,深　谷　　知　博,,,,,4524,,1,,0.0435,,,0.7544,0.0393,23,,6,,0.2609,,14,0.6087,,7,0.3043
basic_master,heiwajima_player_master.csv,298,0.1579,6.8226,,,0.25,,,,,,,,0.5009,,,,0.5,,,,,,0.0,照　屋　　厚　仁,,,,,4375,,6,,0.3158,,,0.6294,0.0593,19,,1,,0.0526,,12,0.6316,,5,0.2632
basic_master,heiwajima_player_master.csv,299,0.1476,6.8476,,,0.5,,,,,,,,0.5009,,,,0.5,,,,,,0.0,中　村　　辰　也,,,,,4523,,3,,0.1765,,,0.6369,0.0581,17,,3,,0.1765,,10,0.5882,,4,0.2353
basic_master,heiwajima_player_master.csv,300,0.1271,6.9214,,,1.0,,,,,,,,0.5007,,,,1.0,,,,,,0.3333,井　上　　　　茂,,,,,4669,,0,,0.0,,,0.6819,0.0509,7,,1,,0.1429,,3,0.4286,,2,0.2857
basic_master,heiwajima_player_master.csv,301,0.1572,6.8228,,,0.1818,,,,,,,,0.5001,,,,0.6,,,,,,0.1818,久　田　　　　武,,,,,3885,,10,,0.2778,,,0.6737,0.0522,36,,10,,0.2778,,25,0.6944,,5,0.1389
basic_master,heiwajima_player_master.csv,302,0.03,6.77,,,0.0,,,,,,,,0.5,,,,0.0,,,,,,0.0,新　田　　洋　一,,,,,4951,データ少,1,,1.0,,,0.25,,1,,0,,0.0,,1,1.0,,0,0.0
basic_master,heiwajima_player_master.csv,303,0.1825,6.9375,,,0.5,,,,,,,,0.4996,,,,0.5,,,,,,0.3333,長　尾　　京志郎,,,,,4632,,0,,0.0,,,0.8106,0.0303,8,,2,,0.25,,4,0.5,,2,0.25
basic_master,heiwajima_player_master.csv,304,0.1496,6.7948,,,0.0,,,,,,,,0.4977,,,,0.5,,,,,,0.5,松　崎　　祐太郎,,,,,4451,,5,,0.2174,,,0.6512,0.0558,23,,6,,0.2609,,16,0.6957,,5,0.2174
basic_master,heiwajima_player_master.csv,305,0.1455,6.9709,,,0.1429,,,,,,,,0.4977,,,,0.0,,,,,,1.0,川　上　　　　剛,,,,,4189,,2,,0.1818,,,0.7581,0.0387,11,,3,,0.2727,,7,0.6364,,2,0.1818
basic_master,heiwajima_player_master.csv,306,0.1707,6.8121,,,0.1429,,,,,,,,0.4972,,,,0.5714,,,,,,0.2,上　條　　嘉　嗣,,,,,4514,,7,,0.2414,,,0.5525,0.0716,29,,3,,0.1034,,19,0.6552,,9,0.3103
basic_master,heiwajima_player_master.csv,307,0.1515,6.9093,,,0.3636,,,,,,,,0.497,,,,0.4444,,,,,,0.2857,大　平　　誉史明,,,,,3439,,6,,0.15,,,0.6969,0.0485,40,,7,,0.175,,23,0.575,,10,0.25
basic_master,heiwajima_player_master.csv,308,0.1331,6.8296,,,0.2222,,,,,,,,0.4966,,,,0.6,,,,,,0.25,柳　沢　　　　一,,,,,4074,,3,,0.1154,,,0.7375,0.042,26,,5,,0.1923,,15,0.5769,,7,0.2692
basic_master,heiwajima_player_master.csv,309,0.1755,6.9727,,,0.125,,,,,,,,0.4965,,,,0.0,,,,,,0.0,尾　形　　栄　治,,,,,3868,,4,,0.3636,,,0.67,0.0528,11,,3,,0.2727,,8,0.7273,,1,0.0909
basic_master,heiwajima_player_master.csv,310,0.1443,6.8729,,,0.0,,,,,,,,0.4965,,,,1.0,,,,,,0.0,瓜　生　　正　義,,,,,3783,,1,,0.1429,,,0.6613,0.0542,7,,0,,0.0,,4,0.5714,,3,0.4286
basic_master,heiwajima_player_master.csv,311,0.1387,7.0067,,,0.3333,,,,,,,,0.496,,,,0.3333,,,,,,0.25,寺　田　　　　祥,,,,,3942,,4,,0.2667,,,0.7131,0.0459,15,,2,,0.1333,,9,0.6,,3,0.2
basic_master,heiwajima_player_master.csv,312,0.1447,6.7647,,,0.2857,,,,,,,,0.4959,,,,0.0,,,,,,0.3333,樋　口　　由加里,,,,,4501,,4,,0.2105,,,0.6656,0.0535,19,,7,,0.3684,,13,0.6842,,2,0.1053
basic_master,heiwajima_player_master.csv,313,0.1767,6.6967,,,0.3333,,,,,,,,0.4957,,,,0.0,,,,,,1.0,山　崎　　　　祥,,,,,5106,,1,,0.1111,,,0.6731,0.0523,9,,4,,0.4444,,6,0.6667,,1,0.1111
basic_master,heiwajima_player_master.csv,314,0.1363,6.805,,,0.0,,,,,,,,0.4954,,,,0.5,,,,,,1.0,中　島　　昂　章,,,,,4661,,3,,0.375,,,0.6331,0.0587,8,,2,,0.25,,6,0.75,,1,0.125
basic_master,heiwajima_player_master.csv,315,0.1118,6.7518,,,0.0,,,,,,,,0.4951,,,,1.0,,,,,,0.25,山　崎　　哲　司,,,,,4080,,1,,0.0909,,,0.7025,0.0476,11,,3,,0.2727,,7,0.6364,,3,0.2727
basic_master,heiwajima_player_master.csv,316,0.1289,6.7556,,,0.2,,,,,,,,0.4951,,,,1.0,,,,,,0.5,中　村　　桃　佳,,,,,4823,,2,,0.2222,,,0.5975,0.0644,9,,2,,0.2222,,6,0.6667,,2,0.2222
basic_master,heiwajima_player_master.csv,317,0.134,6.8272,,,0.2,,,,,,,,0.4947,,,,0.7143,,,,,,0.0714,船　岡　　洋一郎,,,,,4398,,5,,0.1163,,,0.6581,0.0547,43,,6,,0.1395,,25,0.5814,,14,0.3256
basic_master,heiwajima_player_master.csv,318,0.161,6.901,,,0.0,,,,,,,,0.4946,,,,0.0,,,,,,0.0,水　口　　由　紀,,,,,3580,,2,,0.2,,,0.6481,0.0563,10,,3,,0.3,,7,0.7,,2,0.2
basic_master,heiwajima_player_master.csv,319,0.1489,6.9667,,,0.0,,,,,,,,0.4945,,,,0.0,,,,,,0.3333,清　水　　敦　揮,,,,,4051,,3,,0.3333,,,0.5837,0.0666,9,,3,,0.3333,,7,0.7778,,1,0.1111
basic_master,heiwajima_player_master.csv,320,0.1453,6.8293,,,0.5,,,,,,,,0.4943,,,,0.5,,,,,,0.4286,佐　竹　　恒　彦,,,,,3769,,1,,0.0667,,,0.705,0.0472,15,,6,,0.4,,9,0.6,,2,0.1333
basic_master,heiwajima_player_master.csv,321,0.152,6.76,,,0.0,,,,,,,,0.4941,,,,1.0,,,,,,0.0,木　場　　悠　介,,,,,4948,,1,,0.1,,,0.7456,0.0407,10,,2,,0.2,,6,0.6,,3,0.3
basic_master,heiwajima_player_master.csv,322,0.132,6.8735,,,0.0,,,,,,,,0.4932,,,,1.0,,,,,,0.3333,寺　田　　千　恵,,,,,3435,,5,,0.25,,,0.5787,0.0674,20,,4,,0.2,,14,0.7,,5,0.25
basic_master,heiwajima_player_master.csv,323,0.1743,6.6986,,,0.0,,,,,,,,0.4931,,,,1.0,,,,,,0.0,出　畑　　孝　典,,,,,4079,,2,,0.2857,,,0.5012,0.0798,7,,1,,0.1429,,5,0.7143,,2,0.2857
basic_master,heiwajima_player_master.csv,324,0.1422,6.8251,,,0.3158,,,,,,,,0.4928,,,,0.375,,,,,,0.0769,芝　田　　浩　治,,,,,3484,,11,,0.2245,,,0.7194,0.0449,49,,8,,0.1633,,29,0.5918,,10,0.2041
basic_master,heiwajima_player_master.csv,325,0.1361,6.8711,,,0.3333,,,,,,,,0.4927,,,,1.0,,,,,,0.1429,山　田　　祐　也,,,,,4757,,3,,0.1667,,,0.6994,0.0481,18,,2,,0.1111,,10,0.5556,,5,0.2778
basic_master,heiwajima_player_master.csv,326,0.1508,6.7375,,,0.3333,,,,,,,,0.4927,,,,1.0,,,,,,0.4,高　濱　　芳　久,,,,,3731,,2,,0.1667,,,0.6719,0.0525,12,,2,,0.1667,,7,0.5833,,3,0.25
basic_master,heiwajima_player_master.csv,327,0.1415,6.9065,,,0.2,,,,,,,,0.4925,,,,0.6,,,,,,0.2857,新　田　　泰　章,,,,,4471,,4,,0.2,,,0.475,0.084,20,,5,,0.25,,14,0.7,,5,0.25
basic_master,heiwajima_player_master.csv,328,0.1424,6.8748,,,0.2222,,,,,,,,0.4922,,,,0.5,,,,,,0.4286,石　塚　　久　也,,,,,4144,,4,,0.1905,,,0.6713,0.0526,21,,7,,0.3333,,14,0.6667,,3,0.1429
basic_master,heiwajima_player_master.csv,329,0.163,6.928,,,0.1667,,,,,,,,0.4921,,,,0.25,,,,,,0.2857,藤　田　　竜　弘,,,,,4209,,3,,0.15,,,0.6644,0.0537,20,,6,,0.3,,13,0.65,,4,0.2
basic_master,heiwajima_player_master.csv,330,0.1288,6.8371,,,0.0,,,,,,,,0.4921,,,,0.6667,,,,,,0.2,坪　口　　竜　也,,,,,4553,,3,,0.1765,,,0.7106,0.0463,17,,4,,0.2353,,11,0.6471,,4,0.2353
basic_master,heiwajima_player_master.csv,331,0.1425,6.82,,,1.0,,,,,,,,0.4921,,,,0.0,,,,,,0.0,平　見　　真　彦,,,,,4509,データ少,0,,0.0,,,0.5231,0.0763,4,,1,,0.25,,2,0.5,,1,0.25
basic_master,heiwajima_player_master.csv,332,0.1636,6.865,,,0.3571,,,,,,,,0.4917,,,,0.6667,,,,,,0.375,野　村　　　　誠,,,,,4486,,7,,0.1667,,,0.4763,0.0838,42,,8,,0.1905,,27,0.6429,,12,0.2857
basic_master,heiwajima_player_master.csv,333,0.171,6.7852,,,0.2727,,,,,,,,0.4912,,,,0.5,,,,,,0.125,長　岡　　良　也,,,,,4356,,6,,0.2069,,,0.6213,0.0606,29,,5,,0.1724,,18,0.6207,,7,0.2414
basic_master,heiwajima_player_master.csv,334,0.1234,6.8768,,,0.2,,,,,,,,0.4904,,,,0.5,,,,,,0.2308,浅　見　　昌　克,,,,,3629,,13,,0.2766,,,0.5756,0.0679,47,,7,,0.1489,,31,0.6596,,11,0.234
basic_master,heiwajima_player_master.csv,335,0.1435,6.8842,,,0.0,,,,,,,,0.4899,,,,0.6,,,,,,0.3333,福　田　　宗　平,,,,,4710,,5,,0.1923,,,0.7863,0.0342,26,,8,,0.3077,,17,0.6538,,4,0.1538
basic_master,heiwajima_player_master.csv,336,0.1736,6.846,,,0.2857,,,,,,,,0.4897,,,,0.25,,,,,,0.2222,野　末　　智　一,,,,,4058,,7,,0.28,,,0.6156,0.0615,25,,4,,0.16,,16,0.64,,5,0.2
basic_master,heiwajima_player_master.csv,337,0.1297,6.8751,,,0.1724,,,,,,,,0.489,,,,0.4167,,,,,,0.2609,後　藤　　翔　之,,,,,4460,,20,,0.2532,,,0.6531,0.0555,79,,15,,0.1899,,51,0.6456,,16,0.2025
basic_master,heiwajima_player_master.csv,338,0.145,6.8331,,,0.2632,,,,,,,,0.4883,,,,0.5,,,,,,0.4286,長谷川　　晴　哉,,,,,5216,,3,,0.0833,,,0.685,0.0504,36,,9,,0.25,,21,0.5833,,9,0.25
basic_master,heiwajima_player_master.csv,339,0.1336,6.7527,,,0.25,,,,,,,,0.4883,,,,0.0,,,,,,0.6667,田　頭　　虎　親,,,,,5037,,3,,0.2727,,,0.6575,0.0548,11,,2,,0.1818,,7,0.6364,,2,0.1818
basic_master,heiwajima_player_master.csv,340,0.1371,6.7904,,,0.0,,,,,,,,0.4879,,,,0.75,,,,,,0.1429,鈴　木　　智　啓,,,,,4293,,6,,0.25,,,0.7731,0.0363,24,,4,,0.1667,,15,0.625,,5,0.2083
basic_master,heiwajima_player_master.csv,341,0.1552,6.8209,,,0.0476,,,,,,,,0.4877,,,,0.7143,,,,,,0.25,櫻　本　　あゆみ,,,,,4478,,11,,0.2391,,,0.6269,0.0597,46,,10,,0.2174,,31,0.6739,,10,0.2174
basic_master,heiwajima_player_master.csv,342,0.172,7.02,,,0.3333,,,,,,,,0.4874,,,,0.3333,,,,,,0.0,乙　藤　　智　史,,,,,4402,,4,,0.4,,,0.6706,0.0527,10,,0,,0.0,,6,0.6,,2,0.2
basic_master,heiwajima_player_master.csv,343,0.1035,6.8282,,,0.24,,,,,,,,0.487,,,,0.8462,,,,,,0.12,山　田　　哲　也,,,,,4297,,11,,0.1392,,,0.7137,0.0458,79,,11,,0.1392,,44,0.557,,22,0.2785
basic_master,heiwajima_player_master.csv,344,0.1503,6.8689,,,0.1667,,,,,,,,0.4869,,,,0.4,,,,,,0.3571,田　中　　辰　彦,,,,,4434,,8,,0.2105,,,0.7,0.048,38,,9,,0.2368,,24,0.6316,,7,0.1842
basic_master,heiwajima_player_master.csv,345,0.14,6.8588,,,0.0,,,,,,,,0.4869,,,,1.0,,,,,,0.3333,春　園　　功　太,,,,,4796,,0,,0.0,,,0.8406,0.0255,8,,1,,0.125,,4,0.5,,3,0.375
basic_master,heiwajima_player_master.csv,346,0.1557,7.0086,,,0.0,,,,,,,,0.4868,,,,0.0,,,,,,0.3333,三　宅　　爾　士,,,,,3044,,3,,0.4286,,,0.8269,0.0277,7,,2,,0.2857,,5,0.7143,,0,0.0
basic_master,heiwajima_player_master.csv,347,0.148,6.8312,,,0.1667,,,,,,,,0.4867,,,,0.2,,,,,,0.375,藤　本　　佳　史,,,,,3350,,7,,0.28,,,0.67,0.0528,25,,7,,0.28,,17,0.68,,3,0.12
basic_master,heiwajima_player_master.csv,348,0.1811,6.7778,,,0.3333,,,,,,,,0.4865,,,,1.0,,,,,,0.0,鈴　木　　章　司,,,,,5262,,0,,0.0,,,0.7106,0.0463,9,,0,,0.0,,4,0.4444,,4,0.4444
basic_master,heiwajima_player_master.csv,349,0.133,6.8833,,,0.1667,,,,,,,,0.4857,,,,0.6667,,,,,,0.1429,坂　本　　雄　紀,,,,,5150,,4,,0.1481,,,0.6044,0.0633,27,,6,,0.2222,,17,0.6296,,7,0.2593
basic_master,heiwajima_player_master.csv,350,0.1582,6.8313,,,0.2174,,,,,,,,0.4856,,,,0.6,,,,,,0.3684,藤　生　　雄　人,,,,,3659,,16,,0.2581,,,0.5331,0.0747,62,,13,,0.2097,,42,0.6774,,13,0.2097
basic_master,heiwajima_player_master.csv,351,0.1169,6.8769,,,0.2,,,,,,,,0.4853,,,,0.0,,,,,,0.0,後　藤　　正　宗,,,,,3987,,4,,0.3077,,,0.7494,0.0401,13,,2,,0.1538,,8,0.6154,,2,0.1538
basic_master,heiwajima_player_master.csv,352,0.1126,6.8511,,,0.1667,,,,,,,,0.4852,,,,0.3846,,,,,,0.2381,高　橋　　英　之,,,,,3805,,12,,0.1714,,,0.7425,0.0412,70,,16,,0.2286,,42,0.6,,14,0.2
basic_master,heiwajima_player_master.csv,353,0.1236,6.7982,,,0.6,,,,,,,,0.4844,,,,0.0,,,,,,0.0,桑　原　　　　啓,,,,,3564,,3,,0.2727,,,0.5537,0.0714,11,,0,,0.0,,6,0.5455,,3,0.2727
basic_master,heiwajima_player_master.csv,354,0.1485,6.8946,,,0.2222,,,,,,,,0.4839,,,,0.3333,,,,,,0.0,杉　山　　正　樹,,,,,4084,,5,,0.1923,,,0.6737,0.0522,26,,3,,0.1154,,15,0.5769,,7,0.2692
basic_master,heiwajima_player_master.csv,355,0.1616,6.73,,,0.1818,,,,,,,,0.4838,,,,0.5,,,,,,0.0,石　本　　裕　武,,,,,5267,,4,,0.129,,,0.5456,0.0727,31,,5,,0.1613,,19,0.6129,,10,0.3226
basic_master,heiwajima_player_master.csv,356,0.1565,6.9471,,,0.3333,,,,,,,,0.4838,,,,1.0,,,,,,0.375,長　嶋　　万　記,,,,,4190,,1,,0.0588,,,0.635,0.0584,17,,5,,0.2941,,10,0.5882,,4,0.2353
basic_master,heiwajima_player_master.csv,357,0.1511,6.7649,,,0.2143,,,,,,,,0.4829,,,,0.6667,,,,,,0.3636,中　山　　雄　太,,,,,4650,,5,,0.1351,,,0.6994,0.0481,37,,9,,0.2432,,22,0.5946,,8,0.2162
basic_master,heiwajima_player_master.csv,358,0.1517,6.9786,,,0.3333,,,,,,,,0.4828,,,,0.4,,,,,,0.25,麻　生　　慎　介,,,,,4292,,6,,0.2069,,,0.5837,0.0666,29,,3,,0.1034,,17,0.5862,,8,0.2759
basic_master,heiwajima_player_master.csv,359,0.1224,6.823,,,0.2,,,,,,,,0.4826,,,,0.8333,,,,,,0.1875,倉　持　　莉　々,,,,,4825,,10,,0.2174,,,0.7206,0.0447,46,,7,,0.1522,,27,0.587,,10,0.2174
basic_master,heiwajima_player_master.csv,360,0.1736,6.8045,,,0.0,,,,,,,,0.4805,,,,0.5,,,,,,0.0,喜　井　　つかさ,,,,,4536,,2,,0.1818,,,0.6525,0.0556,11,,5,,0.4545,,8,0.7273,,1,0.0909
basic_master,heiwajima_player_master.csv,361,0.203,6.879,,,0.5,,,,,,,,0.4803,,,,0.0,,,,,,0.25,田　中　　宏　典,,,,,5214,,2,,0.2,,,0.6763,0.0518,10,,3,,0.3,,6,0.6,,1,0.1
basic_master,heiwajima_player_master.csv,362,0.1831,6.7488,,,0.0,,,,,,,,0.4794,,,,0.5,,,,,,0.1667,百　武　　　　翔,,,,,4822,,6,,0.375,,,0.6313,0.059,16,,5,,0.3125,,12,0.75,,1,0.0625
basic_master,heiwajima_player_master.csv,363,0.127,6.883,,,0.125,,,,,,,,0.4785,,,,0.5,,,,,,0.2,石　田　　章　央,,,,,3811,,7,,0.2333,,,0.6969,0.0485,30,,7,,0.2333,,19,0.6333,,5,0.1667
basic_master,heiwajima_player_master.csv,364,0.132,6.7751,,,0.2941,,,,,,,,0.4783,,,,0.6,,,,,,0.375,若　林　　樹　蘭,,,,,5228,,6,,0.1714,,,0.6088,0.0626,35,,7,,0.2,,21,0.6,,8,0.2286
basic_master,heiwajima_player_master.csv,365,0.1871,6.7943,,,0.0,,,,,,,,0.4782,,,,1.0,,,,,,1.0,野　田　　彩　加,,,,,5146,,0,,0.0,,,0.7481,0.0403,7,,2,,0.2857,,4,0.5714,,2,0.2857
basic_master,heiwajima_player_master.csv,366,0.132,7.071,,,0.0,,,,,,,,0.478,,,,1.0,,,,,,0.25,四　宮　　与　寛,,,,,4839,,3,,0.3,,,0.69,0.0496,10,,3,,0.3,,7,0.7,,1,0.1
basic_master,heiwajima_player_master.csv,367,0.1437,6.8155,,,0.1111,,,,,,,,0.4777,,,,0.5,,,,,,0.2143,藤　田　　靖　弘,,,,,4376,,12,,0.3158,,,0.6487,0.0562,38,,4,,0.1053,,24,0.6316,,8,0.2105
basic_master,heiwajima_player_master.csv,368,0.1418,6.8092,,,0.087,,,,,,,,0.4776,,,,0.5833,,,,,,0.4444,桑　島　　和　宏,,,,,4379,,15,,0.2308,,,0.6444,0.0569,65,,17,,0.2615,,43,0.6615,,11,0.1692
basic_master,heiwajima_player_master.csv,369,0.1844,6.7056,,,0.5714,,,,,,,,0.4775,,,,0.0,,,,,,0.4,武　井　　莉里佳,,,,,5188,,1,,0.0556,,,0.435,0.0904,18,,3,,0.1667,,10,0.5556,,6,0.3333
basic_master,heiwajima_player_master.csv,370,0.092,6.926,,,0.0,,,,,,,,0.4775,,,,1.0,,,,,,0.3333,為　本　　智　也,,,,,5091,,2,,0.2,,,0.7875,0.034,10,,2,,0.2,,6,0.6,,2,0.2
basic_master,heiwajima_player_master.csv,371,0.1103,6.9533,,,0.0,,,,,,,,0.4769,,,,0.6,,,,,,0.2222,西　村　　拓　也,,,,,4397,,7,,0.2333,,,0.6681,0.0531,30,,5,,0.1667,,19,0.6333,,7,0.2333
basic_master,heiwajima_player_master.csv,372,0.1549,6.8734,,,0.2308,,,,,,,,0.4767,,,,0.375,,,,,,0.1667,江　口　　晃　生,,,,,3159,,9,,0.2195,,,0.3962,0.0966,41,,8,,0.1951,,28,0.6829,,11,0.2683
basic_master,heiwajima_player_master.csv,373,0.1741,6.8377,,,0.0909,,,,,,,,0.4766,,,,0.6667,,,,,,0.0,片　岡　　恵　里,,,,,4014,,8,,0.3636,,,0.5306,0.0751,22,,5,,0.2273,,16,0.7273,,3,0.1364
basic_master,heiwajima_player_master.csv,374,0.1633,6.9483,,,0.1667,,,,,,,,0.4764,,,,0.6667,,,,,,0.3333,水　摩　　　　敦,,,,,4413,,4,,0.2222,,,0.84,0.0256,18,,3,,0.1667,,10,0.5556,,3,0.1667
basic_master,heiwajima_player_master.csv,375,0.129,6.8412,,,0.25,,,,,,,,0.4761,,,,0.6667,,,,,,0.1579,下　出　　卓　矢,,,,,4415,,8,,0.1333,,,0.6306,0.0591,60,,12,,0.2,,35,0.5833,,15,0.25
basic_master,heiwajima_player_master.csv,376,0.159,6.7529,,,0.0833,,,,,,,,0.4737,,,,0.25,,,,,,0.1111,佐々木　　翔　斗,,,,,4934,,15,,0.4839,,,0.6494,0.0561,31,,5,,0.1613,,22,0.7097,,2,0.0645
basic_master,heiwajima_player_master.csv,377,0.15,6.947,,,0.3333,,,,,,,,0.4737,,,,0.0,,,,,,0.0,本　多　　宏　和,,,,,4492,,1,,0.1,,,0.7019,0.0477,10,,1,,0.1,,5,0.5,,3,0.3
basic_master,heiwajima_player_master.csv,378,0.1571,6.7878,,,0.2,,,,,,,,0.4731,,,,0.5714,,,,,,0.0667,砂　長　　知　輝,,,,,5112,,6,,0.1333,,,0.6319,0.0589,45,,8,,0.1778,,26,0.5778,,12,0.2667
basic_master,heiwajima_player_master.csv,379,0.118,6.79,,,0.0,,,,,,,,0.473,,,,1.0,,,,,,0.0,篠　田　　優　也,,,,,4654,,2,,0.4,,,0.765,0.0376,5,,0,,0.0,,3,0.6,,1,0.2
basic_master,heiwajima_player_master.csv,380,0.13,6.6837,,,0.2857,,,,,,,,0.4729,,,,0.6667,,,,,,0.0,原　　　　加央理,,,,,4419,,4,,0.2105,,,0.6562,0.055,19,,3,,0.1579,,11,0.5789,,4,0.2105
basic_master,heiwajima_player_master.csv,381,0.127,6.8274,,,0.0,,,,,,,,0.4726,,,,0.8,,,,,,0.3,森　永　　　　隆,,,,,4703,,2,,0.0741,,,0.6225,0.0604,27,,8,,0.2963,,17,0.6296,,7,0.2593
basic_master,heiwajima_player_master.csv,382,0.12,6.9074,,,0.0,,,,,,,,0.4725,,,,0.3333,,,,,,0.0,桑　原　　　　悠,,,,,4497,,6,,0.3158,,,0.7438,0.041,19,,3,,0.1579,,12,0.6316,,3,0.1579
basic_master,heiwajima_player_master.csv,383,0.1578,6.7344,,,0.1667,,,,,,,,0.4722,,,,0.0,,,,,,0.0,河　野　　主　樹,,,,,5004,,8,,0.2963,,,0.6388,0.0578,27,,7,,0.2593,,18,0.6667,,3,0.1111
basic_master,heiwajima_player_master.csv,384,0.1245,6.8204,,,0.1613,,,,,,,,0.4721,,,,0.5882,,,,,,0.24,中　野　　次　郎,,,,,4075,,11,,0.1341,,,0.6731,0.0523,82,,18,,0.2195,,48,0.5854,,19,0.2317
basic_master,heiwajima_player_master.csv,385,0.1372,6.7723,,,0.25,,,,,,,,0.4717,,,,0.4444,,,,,,0.125,岡　　　　祐　臣,,,,,4261,,10,,0.2128,,,0.6538,0.0554,47,,9,,0.1915,,28,0.5957,,9,0.1915
basic_master,heiwajima_player_master.csv,386,0.1483,6.9906,,,0.375,,,,,,,,0.4714,,,,0.0,,,,,,0.0,中　田　　友　也,,,,,4637,,3,,0.1667,,,0.7669,0.0373,18,,2,,0.1111,,9,0.5,,4,0.2222
basic_master,heiwajima_player_master.csv,387,0.1089,6.9778,,,0.0,,,,,,,,0.4714,,,,0.0,,,,,,0.0,淺　田　　千亜希,,,,,3645,,3,,0.3333,,,0.7181,0.0451,9,,2,,0.2222,,6,0.6667,,1,0.1111
basic_master,heiwajima_player_master.csv,388,0.1461,6.8361,,,0.28,,,,,,,,0.4712,,,,0.5833,,,,,,0.2143,山　田　　亮　太,,,,,4644,,10,,0.1754,,,0.6456,0.0567,57,,8,,0.1404,,32,0.5614,,14,0.2456
basic_master,heiwajima_player_master.csv,389,0.1329,6.9054,,,0.125,,,,,,,,0.4712,,,,0.8333,,,,,,0.1111,今　垣　　光太郎,,,,,3388,,4,,0.1429,,,0.6062,0.063,28,,3,,0.1071,,16,0.5714,,9,0.3214
basic_master,heiwajima_player_master.csv,390,0.1529,6.8681,,,0.2308,,,,,,,,0.471,,,,0.2,,,,,,0.375,藤　堂　　里　香,,,,,4473,,7,,0.2258,,,0.6188,0.061,31,,6,,0.1935,,19,0.6129,,6,0.1935
basic_master,heiwajima_player_master.csv,391,0.174,6.9436,,,0.125,,,,,,,,0.4709,,,,0.25,,,,,,0.375,畔　柳　　俊　吾,,,,,4306,,2,,0.08,,,0.6419,0.0573,25,,7,,0.28,,15,0.6,,6,0.24
basic_master,heiwajima_player_master.csv,392,0.143,6.818,,,0.25,,,,,,,,0.4707,,,,0.0,,,,,,0.1667,石　岡　　将　太,,,,,4550,,3,,0.15,,,0.7412,0.0414,20,,4,,0.2,,11,0.55,,4,0.2
basic_master,heiwajima_player_master.csv,393,0.1496,6.7937,,,0.3333,,,,,,,,0.4705,,,,0.1667,,,,,,0.2,吉　川　　昭　男,,,,,3582,,6,,0.2222,,,0.7044,0.0473,27,,4,,0.1481,,15,0.5556,,5,0.1852
basic_master,heiwajima_player_master.csv,394,0.1311,6.8879,,,0.0,,,,,,,,0.47,,,,0.3333,,,,,,0.3333,川　原　　祐　明,,,,,4852,,6,,0.3158,,,0.745,0.0408,19,,6,,0.3158,,13,0.6842,,1,0.0526
basic_master,heiwajima_player_master.csv,395,0.1329,6.8198,,,0.2,,,,,,,,0.4697,,,,0.4,,,,,,0.2857,木　下　　大　將,,,,,4403,,11,,0.2444,,,0.7038,0.0474,45,,9,,0.2,,27,0.6,,7,0.1556
basic_master,heiwajima_player_master.csv,396,0.1562,6.7643,,,0.2857,,,,,,,,0.4696,,,,0.6,,,,,,0.0,原　田　　篤　志,,,,,4064,,3,,0.1429,,,0.6219,0.0605,21,,4,,0.1905,,12,0.5714,,5,0.2381
basic_master,heiwajima_player_master.csv,397,0.146,6.729,,,0.0,,,,,,,,0.469,,,,0.0,,,,,,0.0,富　田　　恕　生,,,,,5105,,4,,0.4,,,0.645,0.0568,10,,2,,0.2,,7,0.7,,1,0.1
basic_master,heiwajima_player_master.csv,398,0.12,6.9356,,,0.6667,,,,,,,,0.4688,,,,0.0,,,,,,0.0,石　丸　　海　渡,,,,,4772,,1,,0.1111,,,0.7331,0.0427,9,,1,,0.1111,,4,0.4444,,2,0.2222
basic_master,heiwajima_player_master.csv,399,0.1782,6.7682,,,0.0,,,,,,,,0.4683,,,,0.6667,,,,,,0.0,平　高　　奈　菜,,,,,4450,,3,,0.2727,,,0.5687,0.069,11,,1,,0.0909,,7,0.6364,,3,0.2727
basic_master,heiwajima_player_master.csv,400,0.1714,6.8538,,,0.2222,,,,,,,,0.4682,,,,0.5,,,,,,0.3333,吉　田　　凌太朗,,,,,4903,,3,,0.1429,,,0.5988,0.0642,21,,6,,0.2857,,13,0.619,,4,0.1905
basic_master,heiwajima_player_master.csv,401,0.1757,7.03,,,0.0,,,,,,,,0.4681,,,,0.0,,,,,,0.3333,木　村　　光　宏,,,,,3568,,1,,0.1429,,,0.6975,0.0484,7,,1,,0.1429,,4,0.5714,,2,0.2857
basic_master,heiwajima_player_master.csv,402,0.1445,6.8364,,,0.2381,,,,,,,,0.468,,,,0.75,,,,,,0.0833,亀　山　　雅　幸,,,,,4233,,9,,0.1915,,,0.6838,0.0506,47,,6,,0.1277,,26,0.5532,,11,0.234
basic_master,heiwajima_player_master.csv,403,0.1033,6.8385,,,0.1111,,,,,,,,0.4679,,,,0.6667,,,,,,0.3333,有　賀　　達　也,,,,,4428,,4,,0.1026,,,0.7263,0.0438,39,,9,,0.2308,,22,0.5641,,9,0.2308
basic_master,heiwajima_player_master.csv,404,0.1667,6.94,,,0.0,,,,,,,,0.4678,,,,1.0,,,,,,0.4286,高　野　　哲　史,,,,,4512,,7,,0.3889,,,0.575,0.068,18,,4,,0.2222,,13,0.7222,,2,0.1111
basic_master,heiwajima_player_master.csv,405,0.1284,6.8681,,,0.0,,,,,,,,0.4677,,,,0.6667,,,,,,0.3,桑　原　　将　光,,,,,4318,,9,,0.2812,,,0.6275,0.0596,32,,6,,0.1875,,21,0.6562,,6,0.1875
basic_master,heiwajima_player_master.csv,406,0.1707,6.8629,,,0.25,,,,,,,,0.4672,,,,0.0,,,,,,0.2,土　屋　　　　南,,,,,4964,,1,,0.0714,,,0.5856,0.0663,14,,6,,0.4286,,9,0.6429,,2,0.1429
basic_master,heiwajima_player_master.csv,407,0.134,7.091,,,0.0,,,,,,,,0.4669,,,,1.0,,,,,,0.25,澤　　　　大　介,,,,,3852,,3,,0.3,,,0.7344,0.0425,10,,1,,0.1,,6,0.6,,2,0.2
basic_master,heiwajima_player_master.csv,408,0.1254,6.8089,,,0.1765,,,,,,,,0.4668,,,,0.5,,,,,,0.2143,大　澤　　普　司,,,,,3740,,8,,0.1739,,,0.675,0.052,46,,7,,0.1522,,26,0.5652,,11,0.2391
basic_master,heiwajima_player_master.csv,409,0.1386,6.8828,,,0.0,,,,,,,,0.4665,,,,0.8571,,,,,,0.3333,星　　　　栄　爾,,,,,4216,,4,,0.1379,,,0.6775,0.0516,29,,8,,0.2759,,18,0.6207,,6,0.2069
basic_master,heiwajima_player_master.csv,410,0.1447,6.7216,,,0.4,,,,,,,,0.4665,,,,0.6667,,,,,,0.1429,菅　　　　章　哉,,,,,4571,,2,,0.1053,,,0.5537,0.0714,19,,2,,0.1053,,10,0.5263,,6,0.3158
basic_master,heiwajima_player_master.csv,411,0.1497,6.8962,,,0.3636,,,,,,,,0.4663,,,,0.5,,,,,,0.2222,藤　田　　浩　人,,,,,4515,,3,,0.1034,,,0.6844,0.0505,29,,5,,0.1724,,15,0.5172,,7,0.2414
basic_master,heiwajima_player_master.csv,412,0.124,6.8137,,,0.2143,,,,,,,,0.4657,,,,0.0,,,,,,0.125,中　村　　魁　生,,,,,4967,,8,,0.2667,,,0.6631,0.0539,30,,5,,0.1667,,18,0.6,,5,0.1667
basic_master,heiwajima_player_master.csv,413,0.1614,6.9636,,,0.0,,,,,,,,0.4652,,,,0.8333,,,,,,0.1111,松　尾　　　　祭,,,,,4452,,2,,0.0909,,,0.6556,0.0551,22,,5,,0.2273,,13,0.5909,,6,0.2727
basic_master,heiwajima_player_master.csv,414,0.1764,6.891,,,0.1935,,,,,,,,0.465,,,,0.6471,,,,,,0.32,田　中　　　　豪,,,,,3792,,22,,0.2558,,,0.4725,0.0844,86,,14,,0.1628,,56,0.6512,,20,0.2326
basic_master,heiwajima_player_master.csv,415,0.1627,6.806,,,0.0667,,,,,,,,0.465,,,,0.8,,,,,,0.1429,竹之内　　　　極,,,,,4957,,4,,0.1333,,,0.6081,0.0627,30,,6,,0.2,,18,0.6,,8,0.2667
basic_master,heiwajima_player_master.csv,416,0.2033,6.7067,,,0.3333,,,,,,,,0.465,,,,1.0,,,,,,0.0,佐　藤　　　　航,,,,,5087,,2,,0.2222,,,0.6306,0.0591,9,,1,,0.1111,,5,0.5556,,2,0.2222
basic_master,heiwajima_player_master.csv,417,0.166,6.7963,,,0.125,,,,,,,,0.4648,,,,0.3077,,,,,,0.15,永　田　　秀　二,,,,,4430,,21,,0.3088,,,0.6256,0.0599,68,,16,,0.2353,,45,0.6618,,8,0.1176
basic_master,heiwajima_player_master.csv,418,0.144,6.8849,,,0.2353,,,,,,,,0.4645,,,,0.4,,,,,,0.1111,澤　崎　　雄　哉,,,,,4880,,10,,0.2857,,,0.705,0.0472,35,,4,,0.1143,,20,0.5714,,6,0.1714
basic_master,heiwajima_player_master.csv,419,0.1661,6.73,,,0.1667,,,,,,,,0.4645,,,,0.1667,,,,,,0.3,竹　下　　大　樹,,,,,5018,,7,,0.2258,,,0.6262,0.0598,31,,9,,0.2903,,20,0.6452,,4,0.129
basic_master,heiwajima_player_master.csv,420,0.1,7.03,,,0.25,,,,,,,,0.4641,,,,0.0,,,,,,0.0,山　崎　　　　郡,,,,,4760,,3,,0.3,,,0.7206,0.0447,10,,2,,0.2,,6,0.6,,1,0.1
basic_master,heiwajima_player_master.csv,421,0.15,6.7953,,,0.05,,,,,,,,0.464,,,,0.5833,,,,,,0.1111,飯　島　　昌　弘,,,,,3679,,17,,0.2833,,,0.5863,0.0662,60,,13,,0.2167,,40,0.6667,,10,0.1667
basic_master,heiwajima_player_master.csv,422,0.1334,6.8976,,,0.0625,,,,,,,,0.4639,,,,0.4286,,,,,,0.4,豊　田　　健士郎,,,,,4856,,8,,0.2105,,,0.7288,0.0434,38,,9,,0.2368,,23,0.6053,,6,0.1579
basic_master,heiwajima_player_master.csv,423,0.1471,7.02,,,0.0,,,,,,,,0.4639,,,,1.0,,,,,,1.0,上　瀧　　和　則,,,,,3307,,2,,0.2857,,,0.5337,0.0746,7,,2,,0.2857,,5,0.7143,,1,0.1429
basic_master,heiwajima_player_master.csv,424,0.165,6.9478,,,0.2,,,,,,,,0.4637,,,,0.7143,,,,,,0.25,富　山　　弘　幸,,,,,2878,,5,,0.1389,,,0.5312,0.075,36,,8,,0.2222,,22,0.6111,,9,0.25
basic_master,heiwajima_player_master.csv,425,0.1363,6.8447,,,0.1818,,,,,,,,0.4634,,,,0.4,,,,,,0.0,前　田　　聖　文,,,,,4570,,5,,0.1562,,,0.6794,0.0513,32,,3,,0.0938,,17,0.5312,,9,0.2812
basic_master,heiwajima_player_master.csv,426,0.1683,6.8083,,,0.5,,,,,,,,0.4633,,,,0.5,,,,,,0.125,大　賀　　龍之介,,,,,5009,,3,,0.125,,,0.6706,0.0527,24,,1,,0.0417,,11,0.4583,,7,0.2917
basic_master,heiwajima_player_master.csv,427,0.1557,6.8561,,,0.2,,,,,,,,0.4632,,,,0.4286,,,,,,0.25,外　崎　　　　悟,,,,,4809,,11,,0.2245,,,0.6344,0.0585,49,,11,,0.2245,,30,0.6122,,8,0.1633
basic_master,heiwajima_player_master.csv,428,0.0975,6.9082,,,0.2,,,,,,,,0.4625,,,,0.5556,,,,,,0.2143,佐々木　　康　幸,,,,,3909,,8,,0.2,,,0.725,0.044,40,,6,,0.15,,22,0.55,,8,0.2
basic_master,heiwajima_player_master.csv,429,0.1434,6.8702,,,0.2632,,,,,,,,0.4621,,,,0.6429,,,,,,0.125,小　林　　　　泰,,,,,4401,,9,,0.1552,,,0.6144,0.0617,58,,8,,0.1379,,32,0.5517,,15,0.2586
basic_master,heiwajima_player_master.csv,430,0.1373,6.85,,,0.0,,,,,,,,0.4609,,,,1.0,,,,,,0.0,木　山　　和　幸,,,,,3663,,3,,0.2727,,,0.7363,0.0422,11,,0,,0.0,,6,0.5455,,3,0.2727
basic_master,heiwajima_player_master.csv,431,0.154,6.812,,,0.25,,,,,,,,0.4609,,,,0.0,,,,,,0.6667,蜂　須　　瑞　生,,,,,4819,,1,,0.1,,,0.3544,0.1033,10,,4,,0.4,,7,0.7,,2,0.2
basic_master,heiwajima_player_master.csv,432,0.1377,6.8869,,,0.1,,,,,,,,0.4608,,,,0.5,,,,,,0.0,吉　田　　　　光,,,,,3809,,7,,0.2692,,,0.5906,0.0655,26,,6,,0.2308,,17,0.6538,,4,0.1538
basic_master,heiwajima_player_master.csv,433,0.1135,7.0159,,,0.0,,,,,,,,0.4607,,,,1.0,,,,,,0.0,中　島　　孝　平,,,,,4013,,6,,0.3529,,,0.7006,0.0479,17,,3,,0.1765,,11,0.6471,,2,0.1176
basic_master,heiwajima_player_master.csv,434,0.1424,6.8412,,,0.1667,,,,,,,,0.4594,,,,0.75,,,,,,0.0909,山　川　　雄　大,,,,,4902,,5,,0.1471,,,0.655,0.0552,34,,3,,0.0882,,18,0.5294,,10,0.2941
basic_master,heiwajima_player_master.csv,435,0.1607,6.7357,,,0.0,,,,,,,,0.4594,,,,1.0,,,,,,0.25,柴　田　　大　輔,,,,,4204,,3,,0.2143,,,0.5825,0.0668,14,,3,,0.2143,,9,0.6429,,3,0.2143
basic_master,heiwajima_player_master.csv,436,0.1269,6.8348,,,0.1429,,,,,,,,0.4593,,,,0.0,,,,,,0.2727,松　田　　竜　馬,,,,,4336,,7,,0.2414,,,0.6906,0.0495,29,,5,,0.1724,,17,0.5862,,5,0.1724
basic_master,heiwajima_player_master.csv,437,0.1608,6.8123,,,0.25,,,,,,,,0.4592,,,,0.25,,,,,,0.0769,高　石　　梨　菜,,,,,4690,,8,,0.1667,,,0.5981,0.0643,48,,10,,0.2083,,28,0.5833,,10,0.2083
basic_master,heiwajima_player_master.csv,438,0.1444,6.8524,,,0.25,,,,,,,,0.4591,,,,0.6667,,,,,,0.2,浜　田　　亜理沙,,,,,4546,,8,,0.32,,,0.6206,0.0607,25,,3,,0.12,,15,0.6,,4,0.16
basic_master,heiwajima_player_master.csv,439,0.1304,6.8262,,,0.1429,,,,,,,,0.459,,,,0.4286,,,,,,0.25,大　場　　　　敏,,,,,3489,,4,,0.1538,,,0.685,0.0504,26,,6,,0.2308,,15,0.5769,,5,0.1923
basic_master,heiwajima_player_master.csv,440,0.1357,6.7913,,,0.4286,,,,,,,,0.459,,,,0.6667,,,,,,0.0,野見山　　拓　己,,,,,5071,,0,,0.0,,,0.4175,0.0932,23,,3,,0.1304,,12,0.5217,,9,0.3913
basic_master,heiwajima_player_master.csv,441,0.145,6.8242,,,0.3333,,,,,,,,0.4587,,,,0.0,,,,,,0.25,野田部　　宏　子,,,,,4765,,0,,0.0,,,0.6894,0.0497,12,,3,,0.25,,6,0.5,,3,0.25
basic_master,heiwajima_player_master.csv,442,0.1657,6.829,,,0.2857,,,,,,,,0.4586,,,,0.1667,,,,,,0.25,松　本　　晶　恵,,,,,4399,,8,,0.2667,,,0.75,0.04,30,,6,,0.2,,17,0.5667,,3,0.1
basic_master,heiwajima_player_master.csv,443,0.1585,6.8655,,,0.0,,,,,,,,0.4583,,,,0.4,,,,,,0.2857,中　島　　秀　治,,,,,5075,,6,,0.3,,,0.7038,0.0474,20,,5,,0.25,,13,0.65,,2,0.1
basic_master,heiwajima_player_master.csv,444,0.1388,6.8556,,,0.0,,,,,,,,0.4581,,,,1.0,,,,,,0.2,山　下　　和　彦,,,,,3562,,3,,0.1875,,,0.65,0.056,16,,4,,0.25,,10,0.625,,3,0.1875
basic_master,heiwajima_player_master.csv,445,0.1926,6.89,,,0.0,,,,,,,,0.4569,,,,0.0,,,,,,0.3333,鈴　木　　裕　隆,,,,,4231,,4,,0.2105,,,0.6794,0.0513,19,,8,,0.4211,,13,0.6842,,1,0.0526
basic_master,heiwajima_player_master.csv,446,0.1386,6.8442,,,0.125,,,,,,,,0.4568,,,,0.2,,,,,,0.0,松　尾　　昂　明,,,,,4424,,10,,0.2778,,,0.7006,0.0479,36,,5,,0.1389,,21,0.5833,,6,0.1667
basic_master,heiwajima_player_master.csv,447,0.1543,6.8268,,,0.1,,,,,,,,0.4567,,,,0.0,,,,,,0.125,三　宅　　健　太,,,,,4416,,7,,0.25,,,0.5994,0.0641,28,,4,,0.1429,,17,0.6071,,6,0.2143
basic_master,heiwajima_player_master.csv,448,0.1585,6.8608,,,0.2308,,,,,,,,0.4564,,,,0.3,,,,,,0.2222,神　田　　達　也,,,,,4457,,11,,0.2292,,,0.5988,0.0642,48,,10,,0.2083,,29,0.6042,,8,0.1667
basic_master,heiwajima_player_master.csv,449,0.1486,6.81,,,0.0,,,,,,,,0.4562,,,,0.0,,,,,,0.3333,江　本　　真　治,,,,,3711,,2,,0.2857,,,0.6737,0.0522,7,,3,,0.4286,,5,0.7143,,0,0.0
basic_master,heiwajima_player_master.csv,450,0.1498,6.8272,,,0.05,,,,,,,,0.4561,,,,0.6667,,,,,,0.2667,内　山　　文　典,,,,,3105,,6,,0.1111,,,0.6631,0.0539,54,,12,,0.2222,,31,0.5741,,13,0.2407
basic_master,heiwajima_player_master.csv,451,0.1319,6.9586,,,0.2222,,,,,,,,0.4557,,,,0.3333,,,,,,0.3333,宮　本　　夏　樹,,,,,4498,,5,,0.2381,,,0.7031,0.0475,21,,4,,0.1905,,12,0.5714,,3,0.1429
basic_master,heiwajima_player_master.csv,452,0.1367,6.8139,,,0.0,,,,,,,,0.4556,,,,0.5,,,,,,0.2857,森　　　　悠　稀,,,,,4925,,5,,0.2778,,,0.6944,0.0489,18,,3,,0.1667,,11,0.6111,,3,0.1667
basic_master,heiwajima_player_master.csv,453,0.0821,6.8357,,,0.25,,,,,,,,0.4556,,,,1.0,,,,,,0.0,萩　原　　秀　人,,,,,4061,,0,,0.0,,,0.8313,0.027,14,,2,,0.1429,,6,0.4286,,4,0.2857
basic_master,heiwajima_player_master.csv,454,0.1078,6.8989,,,0.5,,,,,,,,0.4553,,,,0.5,,,,,,0.0,宮　地　　元　輝,,,,,4445,,2,,0.2222,,,0.7488,0.0402,9,,0,,0.0,,4,0.4444,,2,0.2222
basic_master,heiwajima_player_master.csv,455,0.131,6.8683,,,0.0,,,,,,,,0.4552,,,,0.6667,,,,,,0.2857,岩　瀬　　裕　亮,,,,,4604,,10,,0.2381,,,0.7344,0.0425,42,,11,,0.2619,,26,0.619,,5,0.119
basic_master,heiwajima_player_master.csv,456,0.1476,6.9026,,,0.2143,,,,,,,,0.455,,,,0.25,,,,,,0.2,松　江　　秀　徳,,,,,4027,,6,,0.1765,,,0.5869,0.0661,34,,7,,0.2059,,20,0.5882,,7,0.2059
basic_master,heiwajima_player_master.csv,457,0.1626,6.733,,,0.0909,,,,,,,,0.4548,,,,0.3333,,,,,,0.2222,岡　村　　将　也,,,,,4709,,12,,0.4444,,,0.5894,0.0657,27,,3,,0.1111,,18,0.6667,,3,0.1111
basic_master,heiwajima_player_master.csv,458,0.1302,6.7793,,,0.0625,,,,,,,,0.4547,,,,0.8333,,,,,,0.1538,藤　原　　菜　希,,,,,4627,,11,,0.25,,,0.6512,0.0558,44,,3,,0.0682,,25,0.5682,,11,0.25
basic_master,heiwajima_player_master.csv,459,0.1306,6.8422,,,0.4,,,,,,,,0.4547,,,,0.3333,,,,,,0.5,加　倉　　侑　征,,,,,5012,,2,,0.1111,,,0.615,0.0616,18,,5,,0.2778,,10,0.5556,,3,0.1667
basic_master,heiwajima_player_master.csv,460,0.1617,6.8,,,0.1111,,,,,,,,0.4546,,,,0.3333,,,,,,0.2857,茶　谷　　信　次,,,,,3968,,4,,0.1739,,,0.5763,0.0678,23,,5,,0.2174,,14,0.6087,,5,0.2174
basic_master,heiwajima_player_master.csv,461,0.1455,6.8445,,,0.5,,,,,,,,0.4546,,,,0.5,,,,,,0.25,岩　永　　雅　人,,,,,4630,,0,,0.0,,,0.6594,0.0545,11,,2,,0.1818,,5,0.4545,,3,0.2727
basic_master,heiwajima_player_master.csv,462,0.1371,6.7871,,,0.25,,,,,,,,0.4546,,,,0.0,,,,,,0.0,藤　森　　拓　海,,,,,5308,,2,,0.2857,,,0.6838,0.0506,7,,1,,0.1429,,4,0.5714,,1,0.1429
basic_master,heiwajima_player_master.csv,463,0.137,6.8362,,,0.125,,,,,,,,0.4539,,,,0.7,,,,,,0.1176,北　川　　潤　二,,,,,4199,,12,,0.1967,,,0.6331,0.0587,61,,12,,0.1967,,36,0.5902,,12,0.1967
basic_master,heiwajima_player_master.csv,464,0.1338,6.8062,,,0.25,,,,,,,,0.4538,,,,1.0,,,,,,0.0,前　田　　紗　希,,,,,4845,,6,,0.4615,,,0.5669,0.0693,13,,0,,0.0,,8,0.6154,,2,0.1538
basic_master,heiwajima_player_master.csv,465,0.1544,6.8698,,,0.0,,,,,,,,0.4537,,,,0.5714,,,,,,0.25,大　橋　　純一郎,,,,,4073,,14,,0.3256,,,0.6581,0.0547,43,,9,,0.2093,,28,0.6512,,5,0.1163
basic_master,heiwajima_player_master.csv,466,0.1314,6.7605,,,0.2,,,,,,,,0.4537,,,,0.25,,,,,,0.0909,中　井　　俊　祐,,,,,4138,,4,,0.1818,,,0.555,0.0712,22,,4,,0.1818,,13,0.5909,,5,0.2273
basic_master,heiwajima_player_master.csv,467,0.1263,6.8542,,,0.2,,,,,,,,0.4537,,,,0.25,,,,,,0.1429,丸　尾　　義　孝,,,,,3333,,6,,0.3158,,,0.6031,0.0635,19,,1,,0.0526,,11,0.5789,,4,0.2105
basic_master,heiwajima_player_master.csv,468,0.1986,6.7729,,,0.2,,,,,,,,0.4537,,,,1.0,,,,,,1.0,出　口　　舞有子,,,,,4901,,0,,0.0,,,0.2044,0.1273,7,,3,,0.4286,,5,0.7143,,2,0.2857
basic_master,heiwajima_player_master.csv,469,0.1517,6.7797,,,0.1818,,,,,,,,0.4536,,,,0.4,,,,,,0.125,仲　口　　博　崇,,,,,3554,,3,,0.1,,,0.6106,0.0623,30,,7,,0.2333,,17,0.5667,,7,0.2333
basic_master,heiwajima_player_master.csv,470,0.1404,6.7831,,,0.1111,,,,,,,,0.4536,,,,1.0,,,,,,0.1111,近　江　　翔　吾,,,,,4643,,7,,0.2692,,,0.4912,0.0814,26,,2,,0.0769,,16,0.6154,,7,0.2692
basic_master,heiwajima_player_master.csv,471,0.1541,6.8817,,,0.1304,,,,,,,,0.4529,,,,0.5455,,,,,,0.2941,山　口　　　　亮,,,,,4728,,14,,0.2373,,,0.6906,0.0495,59,,10,,0.1695,,34,0.5763,,10,0.1695
basic_master,heiwajima_player_master.csv,472,0.1988,6.8424,,,0.0,,,,,,,,0.4524,,,,0.0,,,,,,0.1667,下　河　　誉　史,,,,,4151,,5,,0.2941,,,0.5856,0.0663,17,,3,,0.1765,,11,0.6471,,3,0.1765
basic_master,heiwajima_player_master.csv,473,0.1591,6.798,,,0.2727,,,,,,,,0.4523,,,,0.6667,,,,,,0.1765,金　児　　隆　太,,,,,4888,,4,,0.087,,,0.6525,0.0556,46,,9,,0.1957,,24,0.5217,,11,0.2391
basic_master,heiwajima_player_master.csv,474,0.149,6.734,,,0.0,,,,,,,,0.4514,,,,0.0,,,,,,0.0,石　井　　孝　之,,,,,4766,,2,,0.2,,,0.6569,0.0549,10,,2,,0.2,,6,0.6,,2,0.2
basic_master,heiwajima_player_master.csv,475,0.1708,6.8138,,,0.0,,,,,,,,0.4509,,,,0.5,,,,,,0.125,山　口　　裕　二,,,,,3944,,8,,0.3077,,,0.6775,0.0516,26,,4,,0.1538,,16,0.6154,,4,0.1538
basic_master,heiwajima_player_master.csv,476,0.1963,6.8079,,,0.25,,,,,,,,0.4508,,,,1.0,,,,,,0.1111,松　本　　博　昭,,,,,4000,,6,,0.25,,,0.2644,0.1177,24,,3,,0.125,,16,0.6667,,7,0.2917
basic_master,heiwajima_player_master.csv,477,0.1106,6.7746,,,0.1765,,,,,,,,0.4507,,,,0.5556,,,,,,0.1429,重　野　　哲　之,,,,,3995,,7,,0.1458,,,0.6913,0.0494,48,,12,,0.25,,27,0.5625,,8,0.1667
basic_master,heiwajima_player_master.csv,478,0.1579,6.8103,,,0.0714,,,,,,,,0.4503,,,,0.7143,,,,,,0.5385,宮　下　　元　胤,,,,,4298,,6,,0.1538,,,0.6388,0.0578,39,,12,,0.3077,,24,0.6154,,6,0.1538
basic_master,heiwajima_player_master.csv,479,0.1622,6.8696,,,0.125,,,,,,,,0.4502,,,,1.0,,,,,,0.0,牧　原　　　　崇,,,,,4303,,2,,0.087,,,0.6344,0.0585,23,,3,,0.1304,,12,0.5217,,7,0.3043
basic_master,heiwajima_player_master.csv,480,0.145,6.7,,,0.1429,,,,,,,,0.4502,,,,0.0,,,,,,0.0,柳　内　　敬　太,,,,,4790,,3,,0.1667,,,0.6519,0.0557,18,,3,,0.1667,,10,0.5556,,4,0.2222
basic_master,heiwajima_player_master.csv,481,0.1231,6.8194,,,0.0769,,,,,,,,0.4499,,,,0.5714,,,,,,0.2727,吉　川　　元　浩,,,,,3854,,11,,0.3143,,,0.6825,0.0508,35,,5,,0.1429,,21,0.6,,5,0.1429
basic_master,heiwajima_player_master.csv,482,0.1924,6.86,,,0.125,,,,,,,,0.4496,,,,0.5,,,,,,0.1667,若　狭　　奈美子,,,,,4373,,4,,0.1905,,,0.5544,0.0713,21,,5,,0.2381,,13,0.619,,4,0.1905
basic_master,heiwajima_player_master.csv,483,0.1695,6.8875,,,0.0,,,,,,,,0.4496,,,,0.25,,,,,,0.2,加　藤　　奈　月,,,,,4400,,6,,0.3,,,0.6606,0.0543,20,,5,,0.25,,13,0.65,,2,0.1
basic_master,heiwajima_player_master.csv,484,0.1471,6.8871,,,0.25,,,,,,,,0.4491,,,,1.0,,,,,,0.0,町　田　　洸　希,,,,,4969,,1,,0.1429,,,0.4775,0.0836,7,,1,,0.1429,,4,0.5714,,2,0.2857
basic_master,heiwajima_player_master.csv,485,0.1254,6.8729,,,0.1154,,,,,,,,0.449,,,,0.3846,,,,,,0.1,入　澤　　友　治,,,,,4059,,16,,0.2319,,,0.6581,0.0547,69,,6,,0.087,,38,0.5507,,16,0.2319
basic_master,heiwajima_player_master.csv,486,0.199,6.969,,,0.25,,,,,,,,0.4489,,,,0.5,,,,,,0.0,垣　内　　清　美,,,,,3280,,0,,0.0,,,0.7444,0.0409,10,,3,,0.3,,5,0.5,,2,0.2
basic_master,heiwajima_player_master.csv,487,0.17,6.9394,,,0.2,,,,,,,,0.4488,,,,0.4,,,,,,0.0,西　村　　　　勝,,,,,3589,,9,,0.2727,,,0.6213,0.0606,33,,4,,0.1212,,19,0.5758,,6,0.1818
basic_master,heiwajima_player_master.csv,488,0.1511,6.7784,,,0.0,,,,,,,,0.4484,,,,0.5,,,,,,0.3529,伏　田　　裕　隆,,,,,4619,,10,,0.2273,,,0.6113,0.0622,44,,11,,0.25,,28,0.6364,,7,0.1591
basic_master,heiwajima_player_master.csv,489,0.1312,6.9024,,,0.0,,,,,,,,0.4483,,,,0.3333,,,,,,0.2,木　下　　翔　太,,,,,4659,,3,,0.1765,,,0.7119,0.0461,17,,7,,0.4118,,11,0.6471,,1,0.0588
basic_master,heiwajima_player_master.csv,490,0.1358,6.6908,,,0.0,,,,,,,,0.448,,,,0.75,,,,,,0.1111,吉　川　　貴　仁,,,,,4926,,5,,0.1923,,,0.6056,0.0631,26,,3,,0.1154,,15,0.5769,,7,0.2692
basic_master,heiwajima_player_master.csv,491,0.1415,6.8408,,,0.0909,,,,,,,,0.4479,,,,0.7059,,,,,,0.2414,山　谷　　　　央,,,,,3681,,18,,0.1837,,,0.6556,0.0551,98,,21,,0.2143,,57,0.5816,,18,0.1837
basic_master,heiwajima_player_master.csv,492,0.1513,6.805,,,0.1429,,,,,,,,0.4478,,,,0.75,,,,,,0.4286,松　井　　友　汰,,,,,5049,,8,,0.2105,,,0.5163,0.0774,38,,9,,0.2368,,24,0.6316,,7,0.1842
basic_master,heiwajima_player_master.csv,493,0.1293,6.9231,,,0.0769,,,,,,,,0.4474,,,,0.75,,,,,,0.25,坂　元　　浩　仁,,,,,4409,,5,,0.1724,,,0.7331,0.0427,29,,3,,0.1034,,15,0.5172,,7,0.2414
basic_master,heiwajima_player_master.csv,494,0.1541,6.8007,,,0.0,,,,,,,,0.4471,,,,0.5,,,,,,0.2222,野長瀬　　正　孝,,,,,3327,,7,,0.2593,,,0.6706,0.0527,27,,4,,0.1481,,16,0.5926,,5,0.1852
basic_master,heiwajima_player_master.csv,495,0.1376,6.7364,,,0.25,,,,,,,,0.4469,,,,0.3333,,,,,,0.1111,香　川　　颯　太,,,,,5115,,3,,0.12,,,0.5994,0.0641,25,,6,,0.24,,14,0.56,,5,0.2
basic_master,heiwajima_player_master.csv,496,0.1366,6.8624,,,0.0,,,,,,,,0.4468,,,,0.5,,,,,,0.2,関　野　　　　文,,,,,4927,,8,,0.2759,,,0.6994,0.0481,29,,4,,0.1379,,17,0.5862,,5,0.1724
basic_master,heiwajima_player_master.csv,497,0.1715,6.7635,,,0.2308,,,,,,,,0.4464,,,,0.625,,,,,,0.2222,中　澤　　宏　奈,,,,,4569,,2,,0.0588,,,0.5944,0.0649,34,,7,,0.2059,,18,0.5294,,9,0.2647
basic_master,heiwajima_player_master.csv,498,0.1651,6.8674,,,0.3125,,,,,,,,0.4462,,,,0.6667,,,,,,0.0,繁野谷　　圭　介,,,,,3915,,6,,0.1395,,,0.6562,0.055,43,,4,,0.093,,21,0.4884,,11,0.2558
basic_master,heiwajima_player_master.csv,499,0.136,6.8327,,,0.1429,,,,,,,,0.4461,,,,0.4286,,,,,,0.2857,山　田　　竜　一,,,,,3505,,20,,0.1681,,,0.6362,0.0582,119,,31,,0.2605,,70,0.5882,,19,0.1597
basic_master,heiwajima_player_master.csv,500,0.1482,6.8993,,,0.1667,,,,,,,,0.4456,,,,0.5,,,,,,0.125,上　之　　晃　弘,,,,,3843,,4,,0.1429,,,0.6806,0.0511,28,,8,,0.2857,,16,0.5714,,4,0.1429
basic_master,heiwajima_player_master.csv,501,0.1475,6.9071,,,0.0,,,,,,,,0.4455,,,,1.0,,,,,,0.1429,南　　　　佑　典,,,,,4466,,5,,0.2083,,,0.7069,0.0469,24,,5,,0.2083,,14,0.5833,,4,0.1667
basic_master,heiwajima_player_master.csv,502,0.1618,6.7418,,,0.0,,,,,,,,0.4454,,,,0.5,,,,,,0.0,西　村　　　　歩,,,,,4243,,3,,0.2727,,,0.7725,0.0364,11,,1,,0.0909,,6,0.5455,,2,0.1818
basic_master,heiwajima_player_master.csv,503,0.1224,6.8048,,,0.0909,,,,,,,,0.4449,,,,0.8,,,,,,0.2222,伊　藤　　啓　三,,,,,3838,,8,,0.2759,,,0.6444,0.0569,29,,4,,0.1379,,17,0.5862,,5,0.1724
basic_master,heiwajima_player_master.csv,504,0.1886,6.7343,,,0.3333,,,,,,,,0.4448,,,,1.0,,,,,,0.0,乃　村　　康　友,,,,,4618,,0,,0.0,,,0.5575,0.0708,7,,0,,0.0,,3,0.4286,,3,0.4286
basic_master,heiwajima_player_master.csv,505,0.1258,6.7253,,,0.2,,,,,,,,0.4445,,,,0.5,,,,,,0.0,杉　山　　勝　匡,,,,,4552,,3,,0.1579,,,0.6094,0.0625,19,,2,,0.1053,,10,0.5263,,5,0.2632
basic_master,heiwajima_player_master.csv,506,0.1783,7.015,,,0.0,,,,,,,,0.4442,,,,0.3333,,,,,,0.1667,上　野　　俊　樹,,,,,5239,,2,,0.1111,,,0.6931,0.0491,18,,4,,0.2222,,10,0.5556,,4,0.2222
basic_master,heiwajima_player_master.csv,507,0.1742,6.8752,,,0.1667,,,,,,,,0.444,,,,0.0,,,,,,0.0,濱　本　　優　一,,,,,4377,,8,,0.2,,,0.5931,0.0651,40,,7,,0.175,,23,0.575,,8,0.2
basic_master,heiwajima_player_master.csv,508,0.146,6.794,,,0.1429,,,,,,,,0.4435,,,,0.6,,,,,,0.2222,雑　賀　　勇　貴,,,,,4639,,5,,0.2,,,0.6362,0.0582,25,,4,,0.16,,14,0.56,,5,0.2
basic_master,heiwajima_player_master.csv,509,0.1228,6.7459,,,0.1111,,,,,,,,0.4432,,,,0.4444,,,,,,0.0,登　玉　　隼　百,,,,,5161,,6,,0.1875,,,0.6525,0.0556,32,,3,,0.0938,,17,0.5312,,8,0.25
basic_master,heiwajima_player_master.csv,510,0.1569,6.7142,,,0.2857,,,,,,,,0.443,,,,0.5,,,,,,0.25,長　岡　　茂　一,,,,,3227,,5,,0.1923,,,0.5337,0.0746,26,,5,,0.1923,,15,0.5769,,5,0.1923
basic_master,heiwajima_player_master.csv,511,0.1476,6.8229,,,0.1111,,,,,,,,0.4429,,,,0.5,,,,,,0.1818,山　一　　鉄　也,,,,,3514,,8,,0.1951,,,0.6225,0.0604,41,,6,,0.1463,,23,0.561,,9,0.2195
basic_master,heiwajima_player_master.csv,512,0.1203,6.9067,,,0.1667,,,,,,,,0.4427,,,,0.125,,,,,,0.2308,小　川　　日紀太,,,,,4864,,8,,0.2051,,,0.7006,0.0479,39,,9,,0.2308,,22,0.5641,,5,0.1282
basic_master,heiwajima_player_master.csv,513,0.1243,6.8293,,,0.1667,,,,,,,,0.4425,,,,0.5,,,,,,0.0,今　井　　美　亜,,,,,4611,,3,,0.2143,,,0.6469,0.0565,14,,0,,0.0,,7,0.5,,4,0.2857
basic_master,heiwajima_player_master.csv,514,0.188,6.8225,,,0.25,,,,,,,,0.442,,,,0.5,,,,,,0.125,谷　口　　知　優,,,,,5032,,3,,0.15,,,0.5475,0.0724,20,,6,,0.3,,12,0.6,,3,0.15
basic_master,heiwajima_player_master.csv,515,0.1512,6.8413,,,0.1667,,,,,,,,0.442,,,,0.0,,,,,,0.4,丸　野　　一　樹,,,,,4686,,5,,0.3125,,,0.6425,0.0572,16,,4,,0.25,,10,0.625,,1,0.0625
basic_master,heiwajima_player_master.csv,516,0.1386,6.8764,,,0.0909,,,,,,,,0.4419,,,,0.5,,,,,,0.0,中　里　　優　子,,,,,3579,,6,,0.2143,,,0.6462,0.0566,28,,2,,0.0714,,15,0.5357,,7,0.25
basic_master,heiwajima_player_master.csv,517,0.1352,6.9924,,,0.0,,,,,,,,0.4416,,,,0.5,,,,,,0.4286,武　富　　智　亮,,,,,4531,,4,,0.1905,,,0.7438,0.041,21,,5,,0.2381,,12,0.5714,,3,0.1429
basic_master,heiwajima_player_master.csv,518,0.1708,6.9969,,,0.125,,,,,,,,0.4415,,,,0.2,,,,,,0.2,上　平　　真　二,,,,,3737,,7,,0.2692,,,0.4431,0.0891,26,,8,,0.3077,,18,0.6923,,3,0.1154
basic_master,heiwajima_player_master.csv,519,0.1471,6.9557,,,0.5,,,,,,,,0.4415,,,,1.0,,,,,,0.0,宮　武　　英　司,,,,,3442,,0,,0.0,,,0.6362,0.0582,7,,1,,0.1429,,3,0.4286,,2,0.2857
basic_master,heiwajima_player_master.csv,520,0.1685,6.8625,,,0.0,,,,,,,,0.4414,,,,0.5,,,,,,0.3571,水　谷　　理　人,,,,,5298,,3,,0.15,,,0.3194,0.1089,20,,6,,0.3,,14,0.7,,5,0.25
basic_master,heiwajima_player_master.csv,521,0.1533,6.8956,,,0.0,,,,,,,,0.4414,,,,0.0,,,,,,0.0,加　藤　　高　史,,,,,3445,,2,,0.2222,,,0.8181,0.0291,9,,2,,0.2222,,5,0.5556,,1,0.1111
basic_master,heiwajima_player_master.csv,522,0.1165,6.8061,,,0.1111,,,,,,,,0.4413,,,,0.3333,,,,,,0.1538,戸　塚　　邦　好,,,,,4575,,12,,0.2449,,,0.6356,0.0583,49,,7,,0.1429,,28,0.5714,,9,0.1837
basic_master,heiwajima_player_master.csv,523,0.1551,6.907,,,0.0,,,,,,,,0.4408,,,,0.2857,,,,,,0.2667,土　屋　　智　則,,,,,4362,,5,,0.1351,,,0.5687,0.069,37,,11,,0.2973,,23,0.6216,,7,0.1892
basic_master,heiwajima_player_master.csv,524,0.1463,6.8346,,,0.0,,,,,,,,0.4405,,,,0.4,,,,,,0.25,前　田　　　　翔,,,,,5089,,7,,0.2917,,,0.64,0.0576,24,,5,,0.2083,,15,0.625,,3,0.125
basic_master,heiwajima_player_master.csv,525,0.17,6.704,,,0.25,,,,,,,,0.4403,,,,0.0,,,,,,0.0,田　川　　大　貴,,,,,4966,,2,,0.2,,,0.4763,0.0838,10,,2,,0.2,,6,0.6,,2,0.2
basic_master,heiwajima_player_master.csv,526,0.1317,6.8617,,,0.0,,,,,,,,0.4403,,,,1.0,,,,,,0.0,西　村　　美智子,,,,,4313,,2,,0.3333,,,0.8681,0.0211,6,,0,,0.0,,3,0.5,,1,0.1667
basic_master,heiwajima_player_master.csv,527,0.1423,6.808,,,0.2857,,,,,,,,0.4402,,,,0.6667,,,,,,0.1429,笠　置　　博　之,,,,,4538,,3,,0.1,,,0.6331,0.0587,30,,2,,0.0667,,14,0.4667,,9,0.3
basic_master,heiwajima_player_master.csv,528,0.1965,6.8088,,,0.25,,,,,,,,0.4402,,,,0.25,,,,,,0.25,吉　原　　聖　人,,,,,3516,,4,,0.1538,,,0.7106,0.0463,26,,4,,0.1538,,13,0.5,,5,0.1923
basic_master,heiwajima_player_master.csv,529,0.1053,6.918,,,0.0,,,,,,,,0.4402,,,,0.3333,,,,,,0.0,前　田　　光　昭,,,,,3353,,2,,0.1333,,,0.7512,0.0398,15,,3,,0.2,,8,0.5333,,3,0.2
basic_master,heiwajima_player_master.csv,530,0.1456,6.7628,,,0.12,,,,,,,,0.44,,,,0.6667,,,,,,0.1875,庄　司　　樹良々,,,,,4560,,11,,0.1803,,,0.64,0.0576,61,,11,,0.1803,,34,0.5574,,12,0.1967
basic_master,heiwajima_player_master.csv,531,0.1659,6.8781,,,0.1,,,,,,,,0.4399,,,,0.6,,,,,,0.3636,沢　田　　昭　宏,,,,,4411,,4,,0.125,,,0.5713,0.0686,32,,6,,0.1875,,18,0.5625,,8,0.25
basic_master,heiwajima_player_master.csv,532,0.1788,6.8896,,,0.1111,,,,,,,,0.4394,,,,0.5,,,,,,0.3333,品　田　　直　樹,,,,,4077,,7,,0.1429,,,0.6719,0.0525,49,,11,,0.2245,,27,0.551,,9,0.1837
basic_master,heiwajima_player_master.csv,533,0.1565,6.824,,,0.0,,,,,,,,0.4394,,,,0.75,,,,,,0.375,吉　島　　祥　之,,,,,4215,,2,,0.1,,,0.4844,0.0825,20,,7,,0.35,,13,0.65,,4,0.2
basic_master,heiwajima_player_master.csv,534,0.1658,6.7446,,,0.1429,,,,,,,,0.4391,,,,1.0,,,,,,0.25,庄　司　　孝　輔,,,,,4360,,0,,0.0,,,0.6344,0.0585,24,,5,,0.2083,,12,0.5,,7,0.2917
basic_master,heiwajima_player_master.csv,535,0.1634,6.8329,,,0.1111,,,,,,,,0.4384,,,,0.6,,,,,,0.25,深　澤　　達　徳,,,,,4114,,16,,0.2286,,,0.5256,0.0759,70,,17,,0.2429,,44,0.6286,,11,0.1571
basic_master,heiwajima_player_master.csv,536,0.1235,6.8589,,,0.0,,,,,,,,0.4382,,,,0.6364,,,,,,0.2667,石　渡　　鉄　兵,,,,,3716,,8,,0.1739,,,0.7019,0.0477,46,,10,,0.2174,,26,0.5652,,8,0.1739
basic_master,heiwajima_player_master.csv,537,0.1456,6.9733,,,0.0,,,,,,,,0.4381,,,,1.0,,,,,,0.0,青　木　　玄　太,,,,,4448,,3,,0.3333,,,0.6625,0.054,9,,0,,0.0,,5,0.5556,,2,0.2222
basic_master,heiwajima_player_master.csv,538,0.137,6.701,,,0.2,,,,,,,,0.4369,,,,0.0,,,,,,0.3333,津　田　　陸　翔,,,,,5222,,2,,0.2,,,0.6094,0.0625,10,,3,,0.3,,6,0.6,,1,0.1
basic_master,heiwajima_player_master.csv,539,0.1258,6.9683,,,0.0,,,,,,,,0.4365,,,,0.5,,,,,,0.2,岡　本　　　　猛,,,,,3736,,3,,0.25,,,0.6619,0.0541,12,,2,,0.1667,,7,0.5833,,2,0.1667
basic_master,heiwajima_player_master.csv,540,0.1818,6.8465,,,0.2083,,,,,,,,0.4364,,,,0.3636,,,,,,0.1875,廣　中　　智紗衣,,,,,4117,,13,,0.197,,,0.54,0.0736,66,,15,,0.2273,,39,0.5909,,11,0.1667
basic_master,heiwajima_player_master.csv,541,0.14,6.89,,,0.0,,,,,,,,0.4363,,,,0.0,,,,,,1.0,山　田　　佑　樹,,,,,4323,データ少,1,,0.3333,,,0.6813,0.051,3,,1,,0.3333,,2,0.6667,,0,0.0
basic_master,heiwajima_player_master.csv,542,0.1655,6.8538,,,0.12,,,,,,,,0.4362,,,,0.3846,,,,,,0.0952,鈴　木　　　　猛,,,,,3911,,14,,0.2029,,,0.5956,0.0647,69,,11,,0.1594,,39,0.5652,,14,0.2029
basic_master,heiwajima_player_master.csv,543,0.1554,6.8393,,,0.137,,,,,,,,0.4361,,,,0.5758,,,,,,0.1667,仲　　　　航　太,,,,,5135,,30,,0.1622,,,0.5944,0.0649,185,,31,,0.1676,,102,0.5514,,41,0.2216
basic_master,heiwajima_player_master.csv,544,0.128,6.711,,,0.0,,,,,,,,0.4361,,,,1.0,,,,,,0.3333,齊　藤　　　　優,,,,,4247,,2,,0.2,,,0.5806,0.0671,10,,2,,0.2,,6,0.6,,2,0.2
basic_master,heiwajima_player_master.csv,545,0.1218,6.7965,,,0.15,,,,,,,,0.4359,,,,0.625,,,,,,0.1538,山　崎　　義　明,,,,,3319,,9,,0.1765,,,0.6681,0.0531,51,,8,,0.1569,,27,0.5294,,10,0.1961
basic_master,heiwajima_player_master.csv,546,0.18,6.7405,,,0.0,,,,,,,,0.4356,,,,1.0,,,,,,0.1667,吉　田　　慎二郎,,,,,4228,,6,,0.3,,,0.6406,0.0575,20,,3,,0.15,,12,0.6,,3,0.15
basic_master,heiwajima_player_master.csv,547,0.1336,6.8796,,,0.2857,,,,,,,,0.4352,,,,0.3333,,,,,,0.25,河　合　　佑　樹,,,,,4494,,4,,0.16,,,0.6131,0.0619,25,,4,,0.16,,13,0.52,,5,0.2
basic_master,heiwajima_player_master.csv,548,0.1955,6.82,,,0.6667,,,,,,,,0.4349,,,,0.0,,,,,,0.5,松　本　　真　広,,,,,5107,,0,,0.0,,,0.5913,0.0654,11,,3,,0.2727,,5,0.4545,,2,0.1818
basic_master,heiwajima_player_master.csv,549,0.1604,6.8362,,,0.1923,,,,,,,,0.4346,,,,0.4706,,,,,,0.3214,丹　下　　　　将,,,,,4369,,17,,0.2024,,,0.6213,0.0606,84,,14,,0.1667,,46,0.5476,,15,0.1786
basic_master,heiwajima_player_master.csv,550,0.16,6.9027,,,0.0,,,,,,,,0.4343,,,,0.5,,,,,,0.1667,黒　澤　　めぐみ,,,,,4791,,7,,0.2333,,,0.6462,0.0566,30,,4,,0.1333,,17,0.5667,,6,0.2
basic_master,heiwajima_player_master.csv,551,0.1363,6.7953,,,0.1429,,,,,,,,0.4341,,,,0.2857,,,,,,0.2,正　木　　聖　賢,,,,,3920,,7,,0.1842,,,0.665,0.0536,38,,11,,0.2895,,22,0.5789,,4,0.1053
basic_master,heiwajima_player_master.csv,552,0.1626,6.8329,,,0.1562,,,,,,,,0.434,,,,0.4545,,,,,,0.15,深　水　　慎一郎,,,,,4152,,13,,0.1667,,,0.6531,0.0555,78,,12,,0.1538,,41,0.5256,,16,0.2051
basic_master,heiwajima_player_master.csv,553,0.1396,6.865,,,0.0667,,,,,,,,0.4338,,,,0.5294,,,,,,0.1818,長　畑　　友　輔,,,,,4274,,12,,0.15,,,0.6606,0.0543,80,,14,,0.175,,43,0.5375,,17,0.2125
basic_master,heiwajima_player_master.csv,554,0.13,7.0678,,,0.0,,,,,,,,0.4333,,,,1.0,,,,,,0.6667,松　田　　隆　司,,,,,4100,,2,,0.2222,,,0.7775,0.0356,9,,2,,0.2222,,5,0.5556,,1,0.1111
basic_master,heiwajima_player_master.csv,555,0.1425,6.7669,,,0.0625,,,,,,,,0.4331,,,,0.7,,,,,,0.2,富　澤　　祐　作,,,,,4887,,10,,0.1818,,,0.5981,0.0643,55,,12,,0.2182,,32,0.5818,,10,0.1818
basic_master,heiwajima_player_master.csv,556,0.1172,6.8712,,,0.1111,,,,,,,,0.4331,,,,0.3333,,,,,,0.0,畑　田　　汰　一,,,,,5042,,4,,0.16,,,0.74,0.0416,25,,5,,0.2,,13,0.52,,4,0.16
basic_master,heiwajima_player_master.csv,557,0.1727,6.79,,,0.0,,,,,,,,0.4331,,,,0.0,,,,,,0.0,林　　　　美　憲,,,,,3743,,3,,0.2727,,,0.62,0.0608,11,,3,,0.2727,,7,0.6364,,1,0.0909
basic_master,heiwajima_player_master.csv,558,0.2156,6.8344,,,0.0,,,,,,,,0.4328,,,,0.0,,,,,,0.3333,山　川　　波　乙,,,,,5078,,2,,0.2222,,,0.525,0.076,9,,3,,0.3333,,6,0.6667,,1,0.1111
basic_master,heiwajima_player_master.csv,559,0.1643,6.7057,,,0.0,,,,,,,,0.4327,,,,0.0,,,,,,0.3333,新　井　　英　孝,,,,,4631,,1,,0.1429,,,0.6994,0.0481,7,,2,,0.2857,,4,0.5714,,1,0.1429
basic_master,heiwajima_player_master.csv,560,0.1603,6.785,,,0.0,,,,,,,,0.4326,,,,0.6667,,,,,,0.125,谷　本　　幸　司,,,,,3455,,8,,0.2667,,,0.6381,0.0579,30,,3,,0.1,,17,0.5667,,6,0.2
basic_master,heiwajima_player_master.csv,561,0.1536,6.8587,,,0.0625,,,,,,,,0.4325,,,,0.6,,,,,,0.0556,坂　口　　貴　彦,,,,,4423,,15,,0.283,,,0.6456,0.0567,53,,6,,0.1132,,30,0.566,,9,0.1698
basic_master,heiwajima_player_master.csv,562,0.1678,6.8738,,,0.0,,,,,,,,0.4317,,,,0.4,,,,,,0.1111,大　瀧　　明日香,,,,,3999,,8,,0.25,,,0.5256,0.0759,32,,9,,0.2812,,21,0.6562,,4,0.125
basic_master,heiwajima_player_master.csv,563,0.1472,6.8366,,,0.2,,,,,,,,0.4313,,,,0.5556,,,,,,0.125,中　村　　晃　朋,,,,,4739,,7,,0.1321,,,0.6275,0.0596,53,,8,,0.1509,,27,0.5094,,12,0.2264
basic_master,heiwajima_player_master.csv,564,0.1515,6.8526,,,0.1176,,,,,,,,0.431,,,,0.5714,,,,,,0.1538,岡　部　　大　輝,,,,,4883,,7,,0.1522,,,0.6506,0.0559,46,,7,,0.1522,,24,0.5217,,10,0.2174
basic_master,heiwajima_player_master.csv,565,0.1727,6.868,,,0.2222,,,,,,,,0.431,,,,0.0,,,,,,0.3333,森　下　　愛　梨,,,,,4984,,9,,0.3,,,0.4856,0.0823,30,,4,,0.1333,,18,0.6,,5,0.1667
basic_master,heiwajima_player_master.csv,566,0.0744,6.8544,,,0.2,,,,,,,,0.4308,,,,0.0,,,,,,0.0,伊久間　　陽　優,,,,,5065,,3,,0.3333,,,0.665,0.0536,9,,1,,0.1111,,5,0.5556,,1,0.1111
basic_master,heiwajima_player_master.csv,567,0.1667,6.7812,,,0.1429,,,,,,,,0.4306,,,,0.5,,,,,,0.125,木　谷　　賢　太,,,,,4931,,4,,0.1667,,,0.4981,0.0803,24,,2,,0.0833,,13,0.5417,,7,0.2917
basic_master,heiwajima_player_master.csv,568,0.123,6.825,,,0.0,,,,,,,,0.4303,,,,0.5,,,,,,0.3333,道　上　　千　夏,,,,,3509,,2,,0.2,,,0.6763,0.0518,10,,3,,0.3,,6,0.6,,1,0.1
basic_master,heiwajima_player_master.csv,569,0.1239,6.7364,,,0.0,,,,,,,,0.4301,,,,0.5714,,,,,,0.0,宇　野　　弥　生,,,,,4183,,7,,0.2121,,,0.7263,0.0438,33,,3,,0.0909,,17,0.5152,,7,0.2121
basic_master,heiwajima_player_master.csv,570,0.16,6.775,,,0.25,,,,,,,,0.4301,,,,0.0,,,,,,0.5,岩　橋　　裕　馬,,,,,4917,,2,,0.25,,,0.7444,0.0409,8,,1,,0.125,,4,0.5,,1,0.125
basic_master,heiwajima_player_master.csv,571,0.1355,6.7577,,,0.4286,,,,,,,,0.43,,,,0.25,,,,,,0.25,井　手　　良　太,,,,,4675,,3,,0.0968,,,0.605,0.0632,31,,6,,0.1935,,15,0.4839,,6,0.1935
basic_master,heiwajima_player_master.csv,572,0.1703,6.9077,,,0.1,,,,,,,,0.4298,,,,0.6667,,,,,,0.3077,富　樫　　麗　加,,,,,4758,,7,,0.2333,,,0.4656,0.0855,30,,7,,0.2333,,19,0.6333,,5,0.1667
basic_master,heiwajima_player_master.csv,573,0.1487,6.9112,,,0.0833,,,,,,,,0.4296,,,,0.3333,,,,,,0.2222,岸　本　　雄　貴,,,,,4270,,8,,0.25,,,0.5831,0.0667,32,,9,,0.2812,,20,0.625,,3,0.0938
basic_master,heiwajima_player_master.csv,574,0.1641,6.83,,,0.1429,,,,,,,,0.4295,,,,0.75,,,,,,0.4286,丸　岡　　正　典,,,,,4042,,1,,0.0455,,,0.6669,0.0533,22,,5,,0.2273,,11,0.5,,5,0.2273
basic_master,heiwajima_player_master.csv,575,0.2025,6.8725,,,0.1667,,,,,,,,0.4295,,,,0.3333,,,,,,0.2,岸　蔭　　　　亮,,,,,4404,,2,,0.125,,,0.705,0.0472,16,,3,,0.1875,,8,0.5,,3,0.1875
basic_master,heiwajima_player_master.csv,576,0.1375,6.7934,,,0.1304,,,,,,,,0.4294,,,,0.5385,,,,,,0.2857,廣　瀬　　真　也,,,,,4568,,9,,0.1233,,,0.6881,0.0499,73,,16,,0.2192,,38,0.5205,,13,0.1781
basic_master,heiwajima_player_master.csv,577,0.1657,6.7229,,,0.2,,,,,,,,0.4292,,,,0.6667,,,,,,0.4286,畑　　　　竜　生,,,,,4962,,4,,0.1905,,,0.6887,0.0498,21,,4,,0.1905,,11,0.5238,,3,0.1429
basic_master,heiwajima_player_master.csv,578,0.1367,6.8767,,,0.0,,,,,,,,0.4288,,,,1.0,,,,,,0.3333,稲　田　　浩　二,,,,,4290,,1,,0.0556,,,0.7412,0.0414,18,,4,,0.2222,,9,0.5,,4,0.2222
basic_master,heiwajima_player_master.csv,579,0.1256,6.8709,,,0.3,,,,,,,,0.4275,,,,0.4,,,,,,0.0,吉　田　　俊　彦,,,,,4055,,5,,0.1562,,,0.62,0.0608,32,,2,,0.0625,,15,0.4688,,8,0.25
basic_master,heiwajima_player_master.csv,580,0.1413,6.8074,,,0.1429,,,,,,,,0.4274,,,,0.2,,,,,,0.1429,馬　野　　　　耀,,,,,4977,,5,,0.1613,,,0.7106,0.0463,31,,9,,0.2903,,17,0.5484,,3,0.0968
basic_master,heiwajima_player_master.csv,581,0.154,6.8469,,,0.0714,,,,,,,,0.4268,,,,0.2857,,,,,,0.2308,林　　　　祐　介,,,,,4214,,12,,0.2857,,,0.6638,0.0538,42,,7,,0.1667,,24,0.5714,,5,0.119
basic_master,heiwajima_player_master.csv,582,0.1777,6.6792,,,0.2,,,,,,,,0.4265,,,,1.0,,,,,,0.25,小　森　　信　雄,,,,,3392,,1,,0.0769,,,0.4363,0.0902,13,,2,,0.1538,,7,0.5385,,4,0.3077
basic_master,heiwajima_player_master.csv,583,0.1706,6.865,,,0.2857,,,,,,,,0.4264,,,,0.5,,,,,,0.0,松　本　　一　毅,,,,,4904,,1,,0.0625,,,0.6925,0.0492,16,,2,,0.125,,7,0.4375,,4,0.25
basic_master,heiwajima_player_master.csv,584,0.14,6.984,,,0.0,,,,,,,,0.4264,,,,1.0,,,,,,0.0,田　村　　隆　信,,,,,4028,,3,,0.2,,,0.5988,0.0642,15,,1,,0.0667,,8,0.5333,,4,0.2667
basic_master,heiwajima_player_master.csv,585,0.105,6.971,,,0.3333,,,,,,,,0.4264,,,,1.0,,,,,,0.0,向　所　　浩　二,,,,,3577,,2,,0.2,,,0.5906,0.0655,10,,1,,0.1,,5,0.5,,2,0.2
basic_master,heiwajima_player_master.csv,586,0.1443,6.7596,,,0.2222,,,,,,,,0.4261,,,,0.5,,,,,,0.0909,清　水　　沙　樹,,,,,4519,,7,,0.1489,,,0.6044,0.0633,47,,7,,0.1489,,24,0.5106,,10,0.2128
basic_master,heiwajima_player_master.csv,587,0.1725,6.8482,,,0.0,,,,,,,,0.4257,,,,0.4286,,,,,,0.25,渡　辺　　千　草,,,,,3175,,6,,0.2143,,,0.5394,0.0737,28,,6,,0.2143,,17,0.6071,,5,0.1786
basic_master,heiwajima_player_master.csv,588,0.1577,6.8926,,,0.0769,,,,,,,,0.4256,,,,0.1667,,,,,,0.125,芦　澤　　　　望,,,,,4053,,11,,0.3548,,,0.5894,0.0657,31,,5,,0.1613,,19,0.6129,,3,0.0968
basic_master,heiwajima_player_master.csv,589,0.1395,6.85,,,0.0,,,,,,,,0.4255,,,,1.0,,,,,,0.0,佐　藤　　　　旭,,,,,4273,,3,,0.1429,,,0.6631,0.0539,21,,6,,0.2857,,12,0.5714,,3,0.1429
basic_master,heiwajima_player_master.csv,590,0.1233,6.865,,,0.25,,,,,,,,0.4254,,,,1.0,,,,,,0.0,廣　瀬　　篤　哉,,,,,4992,,2,,0.0667,,,0.7356,0.0423,30,,4,,0.1333,,13,0.4333,,7,0.2333
basic_master,heiwajima_player_master.csv,591,0.1272,6.8039,,,0.2,,,,,,,,0.4252,,,,0.4286,,,,,,0.0,鈴　木　　成　美,,,,,4244,,6,,0.1667,,,0.755,0.0392,36,,5,,0.1389,,17,0.4722,,6,0.1667
basic_master,heiwajima_player_master.csv,592,0.1279,6.9236,,,0.1667,,,,,,,,0.4252,,,,0.5,,,,,,0.25,嶋　　　　義　信,,,,,4529,,2,,0.1429,,,0.7388,0.0418,14,,3,,0.2143,,7,0.5,,2,0.1429
basic_master,heiwajima_player_master.csv,593,0.1383,6.9315,,,0.125,,,,,,,,0.4249,,,,0.4444,,,,,,0.1333,渡　部　　　　悟,,,,,4572,,12,,0.2609,,,0.6487,0.0562,46,,6,,0.1304,,25,0.5435,,7,0.1522
basic_master,heiwajima_player_master.csv,594,0.1365,6.8376,,,0.1429,,,,,,,,0.4248,,,,1.0,,,,,,0.4286,金　子　　龍　斗,,,,,5329,,2,,0.1176,,,0.5819,0.0669,17,,6,,0.3529,,10,0.5882,,2,0.1176
basic_master,heiwajima_player_master.csv,595,0.1429,6.9293,,,0.0833,,,,,,,,0.4243,,,,0.4,,,,,,0.2,小　池　　哲　也,,,,,4788,,10,,0.2439,,,0.665,0.0536,41,,8,,0.1951,,23,0.561,,5,0.122
basic_master,heiwajima_player_master.csv,596,0.1404,6.9396,,,0.125,,,,,,,,0.4243,,,,0.75,,,,,,0.1111,國　崎　　良　春,,,,,3747,,4,,0.1429,,,0.6213,0.0606,28,,3,,0.1071,,14,0.5,,7,0.25
basic_master,heiwajima_player_master.csv,597,0.145,7.001,,,0.25,,,,,,,,0.4242,,,,0.5,,,,,,0.3333,川　田　　正　人,,,,,4116,,0,,0.0,,,0.7212,0.0446,10,,1,,0.1,,4,0.4,,3,0.3
basic_master,heiwajima_player_master.csv,598,0.1237,6.9887,,,0.0,,,,,,,,0.4241,,,,1.0,,,,,,0.0,原　田　　秀　弥,,,,,3963,,1,,0.125,,,0.6831,0.0507,8,,1,,0.125,,4,0.5,,2,0.25
basic_master,heiwajima_player_master.csv,599,0.166,6.763,,,0.0,,,,,,,,0.424,,,,0.6667,,,,,,0.3333,堀之内　　紀代子,,,,,4011,,3,,0.15,,,0.5075,0.0788,20,,2,,0.1,,11,0.55,,6,0.3
basic_master,heiwajima_player_master.csv,600,0.1228,6.859,,,0.0,,,,,,,,0.4239,,,,1.0,,,,,,0.3,大　澤　　風　葵,,,,,5141,,8,,0.2759,,,0.7488,0.0402,29,,5,,0.1724,,16,0.5517,,3,0.1034
basic_master,heiwajima_player_master.csv,601,0.1463,6.9062,,,0.1333,,,,,,,,0.4238,,,,0.5,,,,,,0.25,佐　竹　　友　樹,,,,,4201,,2,,0.05,,,0.5588,0.0706,40,,9,,0.225,,21,0.525,,10,0.25
basic_master,heiwajima_player_master.csv,602,0.1463,6.8242,,,0.2222,,,,,,,,0.4238,,,,0.5,,,,,,0.125,新　田　　智　彰,,,,,3882,,3,,0.125,,,0.5706,0.0687,24,,3,,0.125,,12,0.5,,6,0.25
basic_master,heiwajima_player_master.csv,603,0.1867,6.7922,,,0.1667,,,,,,,,0.4236,,,,0.6667,,,,,,0.2727,伊　藤　　喜　智,,,,,4389,,2,,0.0741,,,0.5437,0.073,27,,5,,0.1852,,14,0.5185,,7,0.2593
basic_master,heiwajima_player_master.csv,604,0.1529,6.83,,,0.1538,,,,,,,,0.4233,,,,0.5,,,,,,0.0,金　山　　立　樹,,,,,4976,,7,,0.2917,,,0.6644,0.0537,24,,3,,0.125,,13,0.5417,,3,0.125
basic_master,heiwajima_player_master.csv,605,0.1371,6.8139,,,0.1,,,,,,,,0.4232,,,,0.5,,,,,,0.1111,宮　迫　　暢　彦,,,,,3432,,7,,0.25,,,0.6375,0.058,28,,3,,0.1071,,15,0.5357,,5,0.1786
basic_master,heiwajima_player_master.csv,606,0.1378,6.8127,,,0.1538,,,,,,,,0.4231,,,,0.6,,,,,,0.0,滝　沢　　芳　行,,,,,3381,,12,,0.3243,,,0.5588,0.0706,37,,3,,0.0811,,21,0.5676,,6,0.1622
basic_master,heiwajima_player_master.csv,607,0.1486,6.8158,,,0.1,,,,,,,,0.4225,,,,0.625,,,,,,0.1429,鈴　木　　孝　明,,,,,5066,,11,,0.22,,,0.4825,0.0828,50,,7,,0.14,,29,0.58,,11,0.22
basic_master,heiwajima_player_master.csv,608,0.1765,6.887,,,0.1111,,,,,,,,0.4219,,,,0.6667,,,,,,0.2,三　宅　　　　潤,,,,,4319,,3,,0.15,,,0.6287,0.0594,20,,5,,0.25,,11,0.55,,3,0.15
basic_master,heiwajima_player_master.csv,609,0.1124,6.8106,,,0.0,,,,,,,,0.4219,,,,0.0,,,,,,0.0,和　田　　操　拓,,,,,4649,,8,,0.4706,,,0.7125,0.046,17,,1,,0.0588,,10,0.5882,,1,0.0588
basic_master,heiwajima_player_master.csv,610,0.1555,6.9409,,,0.25,,,,,,,,0.4212,,,,0.0,,,,,,0.0,中　川　　り　な,,,,,4773,,2,,0.1818,,,0.64,0.0576,11,,3,,0.2727,,6,0.5455,,1,0.0909
basic_master,heiwajima_player_master.csv,611,0.1169,6.7508,,,0.1429,,,,,,,,0.4204,,,,0.625,,,,,,0.125,赤　羽　　克　也,,,,,4191,,3,,0.1154,,,0.6556,0.0551,26,,2,,0.0769,,12,0.4615,,7,0.2692
basic_master,heiwajima_player_master.csv,612,0.1412,6.8612,,,0.1111,,,,,,,,0.4201,,,,0.625,,,,,,0.2727,鈴　木　　雅　希,,,,,4906,,8,,0.2424,,,0.6587,0.0546,33,,3,,0.0909,,17,0.5152,,6,0.1818
basic_master,heiwajima_player_master.csv,613,0.1444,6.8809,,,0.1111,,,,,,,,0.4201,,,,0.2,,,,,,0.1818,杉　山　　喜　一,,,,,5110,,5,,0.1562,,,0.545,0.0728,32,,7,,0.2188,,18,0.5625,,6,0.1875
basic_master,heiwajima_player_master.csv,614,0.1379,6.8279,,,0.125,,,,,,,,0.4201,,,,0.2,,,,,,0.4286,抹　香　　雄　三,,,,,4458,,6,,0.25,,,0.715,0.0456,24,,5,,0.2083,,13,0.5417,,2,0.0833
basic_master,heiwajima_player_master.csv,615,0.1471,6.8739,,,0.0,,,,,,,,0.4197,,,,0.4,,,,,,0.3333,武　田　　光　史,,,,,3654,,6,,0.2143,,,0.6431,0.0571,28,,9,,0.3214,,17,0.6071,,2,0.0714
basic_master,heiwajima_player_master.csv,616,0.1121,6.8049,,,0.1429,,,,,,,,0.4195,,,,0.4444,,,,,,0.2174,相　原　　利　章,,,,,4540,,12,,0.1791,,,0.6119,0.0621,67,,13,,0.194,,36,0.5373,,11,0.1642
basic_master,heiwajima_player_master.csv,617,0.1638,6.7423,,,0.0,,,,,,,,0.4195,,,,0.5,,,,,,0.4,深　川　　和　仁,,,,,4220,,2,,0.1538,,,0.5206,0.0767,13,,4,,0.3077,,8,0.6154,,2,0.1538
basic_master,heiwajima_player_master.csv,618,0.1511,6.9078,,,0.0,,,,,,,,0.4195,,,,0.0,,,,,,0.3333,角　浜　　　　修,,,,,3430,,1,,0.1111,,,0.82,0.0288,9,,1,,0.1111,,4,0.4444,,2,0.2222
basic_master,heiwajima_player_master.csv,619,0.1691,6.8038,,,0.0,,,,,,,,0.4194,,,,0.3333,,,,,,0.1429,山　地　　正　樹,,,,,3933,,9,,0.2,,,0.6581,0.0547,45,,12,,0.2667,,26,0.5778,,5,0.1111
basic_master,heiwajima_player_master.csv,620,0.1539,6.77,,,0.25,,,,,,,,0.4192,,,,0.25,,,,,,0.0,佐　川　　正　道,,,,,3533,,3,,0.1304,,,0.6775,0.0516,23,,4,,0.1739,,11,0.4783,,4,0.1739
basic_master,heiwajima_player_master.csv,621,0.1425,6.9138,,,0.2,,,,,,,,0.4191,,,,1.0,,,,,,0.2,山　本　　光　雄,,,,,3761,,2,,0.125,,,0.6987,0.0482,16,,1,,0.0625,,7,0.4375,,4,0.25
basic_master,heiwajima_player_master.csv,622,0.1155,6.8458,,,0.1111,,,,,,,,0.419,,,,0.8,,,,,,0.2727,柏　野　　幸　二,,,,,3436,,4,,0.129,,,0.5637,0.0698,31,,7,,0.2258,,17,0.5484,,6,0.1935
basic_master,heiwajima_player_master.csv,623,0.145,6.83,,,0.0,,,,,,,,0.4188,,,,0.0,,,,,,1.0,谷　川　　将　太,,,,,4603,データ少,0,,0.0,,,0.9688,0.005,2,,1,,0.5,,1,0.5,,0,0.0
basic_master,heiwajima_player_master.csv,624,0.1278,6.8261,,,0.04,,,,,,,,0.4187,,,,0.4286,,,,,,0.2857,門　間　　雄　大,,,,,4895,,9,,0.125,,,0.6325,0.0588,72,,20,,0.2778,,40,0.5556,,11,0.1528
basic_master,heiwajima_player_master.csv,625,0.1671,6.889,,,0.1818,,,,,,,,0.4187,,,,0.5,,,,,,0.1333,浜　野　　孝　志,,,,,4156,,7,,0.1707,,,0.6613,0.0542,41,,5,,0.122,,20,0.4878,,8,0.1951
basic_master,heiwajima_player_master.csv,626,0.1764,6.8432,,,0.25,,,,,,,,0.4186,,,,0.25,,,,,,0.1538,古　川　　誠　之,,,,,3988,,3,,0.12,,,0.6381,0.0579,25,,4,,0.16,,12,0.48,,5,0.2
basic_master,heiwajima_player_master.csv,627,0.1483,6.8325,,,0.32,,,,,,,,0.4183,,,,0.5455,,,,,,0.0952,杉　村　　賢　也,,,,,4792,,8,,0.1159,,,0.6344,0.0585,69,,10,,0.1449,,32,0.4638,,14,0.2029
basic_master,heiwajima_player_master.csv,628,0.1585,6.9019,,,0.0909,,,,,,,,0.418,,,,0.6,,,,,,0.1429,後　藤　　　　浩,,,,,3497,,8,,0.2963,,,0.6094,0.0625,27,,3,,0.1111,,15,0.5556,,4,0.1481
basic_master,heiwajima_player_master.csv,629,0.1517,6.8028,,,0.0,,,,,,,,0.4178,,,,0.5,,,,,,0.25,大　谷　　直　弘,,,,,3957,,5,,0.2778,,,0.7,0.048,18,,3,,0.1667,,10,0.5556,,2,0.1111
basic_master,heiwajima_player_master.csv,630,0.1656,6.6794,,,0.2,,,,,,,,0.4178,,,,1.0,,,,,,0.125,安河内　　鈴之介,,,,,5330,,0,,0.0,,,0.5513,0.0718,16,,4,,0.25,,8,0.5,,4,0.25
basic_master,heiwajima_player_master.csv,631,0.1552,6.8885,,,0.0,,,,,,,,0.4175,,,,0.2,,,,,,0.2727,浅　見　　宗　孝,,,,,3880,,5,,0.1515,,,0.7163,0.0454,33,,12,,0.3636,,19,0.5758,,2,0.0606
basic_master,heiwajima_player_master.csv,632,0.1631,6.7969,,,0.1429,,,,,,,,0.4173,,,,0.6667,,,,,,0.0,重　成　　一　人,,,,,3908,,3,,0.1875,,,0.6556,0.0551,16,,2,,0.125,,8,0.5,,3,0.1875
basic_master,heiwajima_player_master.csv,633,0.1507,6.9,,,0.0,,,,,,,,0.4172,,,,0.0,,,,,,0.2857,谷　村　　一　哉,,,,,3961,,3,,0.2,,,0.5694,0.0689,15,,4,,0.2667,,9,0.6,,2,0.1333
basic_master,heiwajima_player_master.csv,634,0.1333,6.8778,,,0.0,,,,,,,,0.4168,,,,0.0,,,,,,0.4286,中　野　　希　一,,,,,5132,,2,,0.1111,,,0.57,0.0688,18,,7,,0.3889,,11,0.6111,,2,0.1111
basic_master,heiwajima_player_master.csv,635,0.137,6.981,,,0.5,,,,,,,,0.4165,,,,0.5,,,,,,0.0,古　川　　　　健,,,,,4257,,2,,0.2,,,0.6825,0.0508,10,,0,,0.0,,4,0.4,,2,0.2
basic_master,heiwajima_player_master.csv,636,0.1283,6.8817,,,0.2,,,,,,,,0.4164,,,,0.25,,,,,,0.2222,峰　重　　力　也,,,,,4635,,6,,0.2609,,,0.6994,0.0481,23,,4,,0.1739,,12,0.5217,,2,0.087
basic_master,heiwajima_player_master.csv,637,0.1565,6.802,,,0.1667,,,,,,,,0.4161,,,,0.75,,,,,,0.0,冨　成　　謙　児,,,,,3998,,2,,0.1,,,0.7844,0.0345,20,,1,,0.05,,8,0.4,,5,0.25
basic_master,heiwajima_player_master.csv,638,0.1428,6.8711,,,0.1111,,,,,,,,0.4158,,,,0.4,,,,,,0.2,渡　邉　　睦　広,,,,,3385,,28,,0.3111,,,0.4288,0.0914,90,,14,,0.1556,,56,0.6222,,14,0.1556
basic_master,heiwajima_player_master.csv,639,0.1555,6.7152,,,0.1538,,,,,,,,0.4157,,,,0.25,,,,,,0.0,金　子　　和　之,,,,,4700,,10,,0.3448,,,0.5881,0.0659,29,,2,,0.069,,16,0.5517,,4,0.1379
basic_master,heiwajima_player_master.csv,640,0.1789,6.8364,,,0.25,,,,,,,,0.4155,,,,0.4286,,,,,,0.1538,平　川　　香　織,,,,,5045,,6,,0.1333,,,0.475,0.084,45,,8,,0.1778,,24,0.5333,,10,0.2222
basic_master,heiwajima_player_master.csv,641,0.1761,6.8835,,,0.0909,,,,,,,,0.4152,,,,0.6667,,,,,,0.2,柴　田　　直　哉,,,,,4892,,4,,0.129,,,0.555,0.0712,31,,7,,0.2258,,17,0.5484,,6,0.1935
basic_master,heiwajima_player_master.csv,642,0.1293,6.9029,,,0.0714,,,,,,,,0.4152,,,,0.75,,,,,,0.0,市　川　　哲　也,,,,,3499,,5,,0.1786,,,0.6919,0.0493,28,,4,,0.1429,,14,0.5,,5,0.1786
basic_master,heiwajima_player_master.csv,643,0.1478,6.8717,,,0.1667,,,,,,,,0.4147,,,,0.0,,,,,,0.3333,山　本　　寛　久,,,,,3874,,6,,0.3333,,,0.6706,0.0527,18,,3,,0.1667,,10,0.5556,,1,0.0556
basic_master,heiwajima_player_master.csv,644,0.1465,6.8529,,,0.125,,,,,,,,0.4143,,,,0.3571,,,,,,0.087,角　谷　　健　吾,,,,,3613,,15,,0.2273,,,0.6412,0.0574,66,,8,,0.1212,,34,0.5152,,11,0.1667
basic_master,heiwajima_player_master.csv,645,0.1427,6.8145,,,0.2,,,,,,,,0.414,,,,1.0,,,,,,0.3333,里　岡　　右　貴,,,,,4351,,2,,0.1818,,,0.5156,0.0775,11,,2,,0.1818,,6,0.5455,,2,0.1818
basic_master,heiwajima_player_master.csv,646,0.1593,6.8327,,,0.3333,,,,,,,,0.4138,,,,0.5,,,,,,0.1429,大　石　　和　彦,,,,,3624,,0,,0.0,,,0.7525,0.0396,15,,3,,0.2,,6,0.4,,3,0.2
basic_master,heiwajima_player_master.csv,647,0.14,6.8117,,,0.1538,,,,,,,,0.4135,,,,0.2857,,,,,,0.1538,待　鳥　　雄　紀,,,,,4022,,8,,0.2,,,0.6219,0.0605,40,,7,,0.175,,21,0.525,,6,0.15
basic_master,heiwajima_player_master.csv,648,0.1539,6.8659,,,0.1579,,,,,,,,0.4134,,,,0.3333,,,,,,0.3333,牧　　　　宏　次,,,,,3800,,12,,0.2222,,,0.5112,0.0782,54,,11,,0.2037,,31,0.5741,,8,0.1481
basic_master,heiwajima_player_master.csv,649,0.13,6.9013,,,0.0,,,,,,,,0.4134,,,,1.0,,,,,,0.5,山　口　　達　也,,,,,4370,,1,,0.125,,,0.7856,0.0343,8,,2,,0.25,,4,0.5,,1,0.125
basic_master,heiwajima_player_master.csv,650,0.1183,6.975,,,0.0,,,,,,,,0.4134,,,,0.0,,,,,,0.0,土　性　　雅　也,,,,,4340,,1,,0.1667,,,0.7338,0.0426,6,,1,,0.1667,,3,0.5,,1,0.1667
basic_master,heiwajima_player_master.csv,651,0.1394,6.8533,,,0.0,,,,,,,,0.4131,,,,0.6667,,,,,,0.0,村　田　　浩　司,,,,,4226,,4,,0.2222,,,0.6625,0.054,18,,1,,0.0556,,9,0.5,,4,0.2222
basic_master,heiwajima_player_master.csv,652,0.1525,6.82,,,0.0,,,,,,,,0.4129,,,,0.0,,,,,,0.3333,坂　井　　滉　哉,,,,,5286,,1,,0.125,,,0.6581,0.0547,8,,4,,0.5,,5,0.625,,0,0.0
basic_master,heiwajima_player_master.csv,653,0.161,6.947,,,0.0,,,,,,,,0.4124,,,,1.0,,,,,,0.0,金　田　　智　博,,,,,5038,,3,,0.3,,,0.5869,0.0661,10,,2,,0.2,,6,0.6,,1,0.1
basic_master,heiwajima_player_master.csv,654,0.1593,6.9093,,,0.2,,,,,,,,0.4121,,,,0.375,,,,,,0.4118,中　里　　英　夫,,,,,3406,,5,,0.0926,,,0.6269,0.0597,54,,13,,0.2407,,27,0.5,,9,0.1667
basic_master,heiwajima_player_master.csv,655,0.1498,6.8371,,,0.0769,,,,,,,,0.412,,,,0.5,,,,,,0.3846,菊　池　　峰　晴,,,,,3538,,3,,0.0714,,,0.6106,0.0623,42,,14,,0.3333,,23,0.5476,,6,0.1429
basic_master,heiwajima_player_master.csv,656,0.187,6.757,,,0.0,,,,,,,,0.4116,,,,0.0,,,,,,0.5,森　林　　　　太,,,,,3680,,2,,0.2,,,0.7081,0.0467,10,,4,,0.4,,6,0.6,,0,0.0
basic_master,heiwajima_player_master.csv,657,0.217,6.748,,,0.0,,,,,,,,0.4115,,,,0.0,,,,,,0.6667,大　場　　恒　季,,,,,5139,,2,,0.2,,,0.4825,0.0828,10,,5,,0.5,,7,0.7,,0,0.0
basic_master,heiwajima_player_master.csv,658,0.1218,6.755,,,0.2,,,,,,,,0.411,,,,0.25,,,,,,0.1429,泉　　　　具　巳,,,,,3339,,4,,0.1429,,,0.6963,0.0486,28,,7,,0.25,,14,0.5,,3,0.1071
basic_master,heiwajima_player_master.csv,659,0.1465,6.8323,,,0.1667,,,,,,,,0.4109,,,,0.6667,,,,,,0.0769,平　田　　さやか,,,,,4286,,8,,0.2,,,0.6587,0.0546,40,,6,,0.15,,20,0.5,,6,0.15
basic_master,heiwajima_player_master.csv,660,0.151,6.8569,,,0.1429,,,,,,,,0.4095,,,,0.2857,,,,,,0.0909,松　井　　賢　治,,,,,4057,,7,,0.1795,,,0.7775,0.0356,39,,6,,0.1538,,18,0.4615,,5,0.1282
basic_master,heiwajima_player_master.csv,661,0.1492,6.8475,,,0.1111,,,,,,,,0.4095,,,,0.6,,,,,,0.1667,藤　田　　俊　祐,,,,,5226,,7,,0.2917,,,0.6587,0.0546,24,,1,,0.0417,,12,0.5,,4,0.1667
basic_master,heiwajima_player_master.csv,662,0.1458,6.8563,,,0.2,,,,,,,,0.4092,,,,0.4444,,,,,,0.0,島　田　　なぎさ,,,,,4726,,7,,0.1842,,,0.5906,0.0655,38,,5,,0.1316,,19,0.5,,7,0.1842
basic_master,heiwajima_player_master.csv,663,0.1869,6.7972,,,0.1818,,,,,,,,0.4092,,,,0.8,,,,,,0.25,谷　川　　里　江,,,,,3302,,4,,0.1379,,,0.4894,0.0817,29,,4,,0.1379,,15,0.5172,,7,0.2414
basic_master,heiwajima_player_master.csv,664,0.1643,6.7514,,,0.25,,,,,,,,0.4092,,,,0.3333,,,,,,0.0,小　林　　文　彦,,,,,4549,,5,,0.2381,,,0.6113,0.0622,21,,1,,0.0476,,10,0.4762,,4,0.1905
basic_master,heiwajima_player_master.csv,665,0.1224,6.9114,,,0.0,,,,,,,,0.4089,,,,1.0,,,,,,0.3333,土　井　　歩　夢,,,,,5303,,3,,0.1429,,,0.735,0.0424,21,,3,,0.1429,,10,0.4762,,4,0.1905
basic_master,heiwajima_player_master.csv,666,0.1527,6.8009,,,0.1,,,,,,,,0.4085,,,,0.75,,,,,,0.3333,一　宮　　稔　弘,,,,,3788,,3,,0.1364,,,0.4812,0.083,22,,4,,0.1818,,12,0.5455,,5,0.2273
basic_master,heiwajima_player_master.csv,667,0.1577,6.8018,,,0.125,,,,,,,,0.4085,,,,0.0,,,,,,0.1429,柳　橋　　宏　紀,,,,,4146,,3,,0.1364,,,0.6388,0.0578,22,,7,,0.3182,,12,0.5455,,2,0.0909
basic_master,heiwajima_player_master.csv,668,0.1322,6.7556,,,0.0556,,,,,,,,0.4083,,,,0.6,,,,,,0.0833,間　野　　兼　礼,,,,,4731,,7,,0.1707,,,0.5931,0.0651,41,,8,,0.1951,,22,0.5366,,7,0.1707
basic_master,heiwajima_player_master.csv,669,0.1464,6.9691,,,0.0,,,,,,,,0.4083,,,,0.0,,,,,,0.0,石　橋　　道　友,,,,,4096,,4,,0.3636,,,0.7006,0.0479,11,,1,,0.0909,,6,0.5455,,1,0.0909
basic_master,heiwajima_player_master.csv,670,0.1876,6.9418,,,0.0,,,,,,,,0.4082,,,,0.25,,,,,,0.0,野　相　　弘　司,,,,,4234,,5,,0.2941,,,0.5706,0.0687,17,,3,,0.1765,,10,0.5882,,2,0.1176
basic_master,heiwajima_player_master.csv,671,0.104,6.934,,,0.0,,,,,,,,0.4082,,,,1.0,,,,,,0.0,大須賀　　　　友,,,,,4518,,1,,0.2,,,0.8912,0.0174,5,,0,,0.0,,2,0.4,,1,0.2
basic_master,heiwajima_player_master.csv,672,0.1745,6.8068,,,0.2,,,,,,,,0.408,,,,0.6667,,,,,,0.3333,門　田　　　　栞,,,,,5241,,4,,0.1818,,,0.4856,0.0823,22,,4,,0.1818,,12,0.5455,,4,0.1818
basic_master,heiwajima_player_master.csv,673,0.1652,6.9405,,,0.1818,,,,,,,,0.4073,,,,0.6667,,,,,,0.0667,田　中　　　　堅,,,,,4491,,5,,0.119,,,0.5469,0.0725,42,,4,,0.0952,,20,0.4762,,11,0.2619
basic_master,heiwajima_player_master.csv,674,0.1231,6.8928,,,0.2778,,,,,,,,0.4068,,,,0.3571,,,,,,0.05,木　下　　陽　介,,,,,4104,,9,,0.1552,,,0.6062,0.063,58,,4,,0.069,,26,0.4483,,13,0.2241
basic_master,heiwajima_player_master.csv,675,0.1988,6.8354,,,0.2222,,,,,,,,0.4068,,,,0.0,,,,,,0.125,古　賀　　千　晶,,,,,4071,,5,,0.1923,,,0.5288,0.0754,26,,8,,0.3077,,15,0.5769,,2,0.0769
basic_master,heiwajima_player_master.csv,676,0.1619,6.7566,,,0.1176,,,,,,,,0.4063,,,,0.375,,,,,,0.0714,村　上　　宗太郎,,,,,5201,,12,,0.2553,,,0.6431,0.0571,47,,8,,0.1702,,25,0.5319,,5,0.1064
basic_master,heiwajima_player_master.csv,677,0.1372,6.8708,,,0.25,,,,,,,,0.4063,,,,0.0,,,,,,0.1,大　場　　広　孝,,,,,4272,,3,,0.12,,,0.6763,0.0518,25,,6,,0.24,,12,0.48,,3,0.12
basic_master,heiwajima_player_master.csv,678,0.1395,6.8505,,,0.125,,,,,,,,0.4062,,,,0.5,,,,,,0.1429,中　野　　仁　照,,,,,5197,,2,,0.0909,,,0.5594,0.0705,22,,4,,0.1818,,11,0.5,,5,0.2273
basic_master,heiwajima_player_master.csv,679,0.1288,6.8207,,,0.0769,,,,,,,,0.4058,,,,0.1429,,,,,,0.2273,村　田　　修　次,,,,,3826,,21,,0.2763,,,0.6781,0.0515,76,,14,,0.1842,,41,0.5395,,6,0.0789
basic_master,heiwajima_player_master.csv,680,0.1611,6.8853,,,0.0,,,,,,,,0.4055,,,,0.25,,,,,,0.4,高　塚　　清　一,,,,,2014,,4,,0.2105,,,0.6594,0.0545,19,,6,,0.3158,,11,0.5789,,1,0.0526
basic_master,heiwajima_player_master.csv,681,0.16,6.971,,,0.25,,,,,,,,0.4054,,,,0.5,,,,,,0.0,吉　田　　和　仁,,,,,4182,,1,,0.1,,,0.6269,0.0597,10,,0,,0.0,,4,0.4,,3,0.3
basic_master,heiwajima_player_master.csv,682,0.1847,6.9941,,,0.0,,,,,,,,0.4049,,,,0.5,,,,,,0.1667,西　澤　　日花里,,,,,4720,,4,,0.2353,,,0.6863,0.0502,17,,3,,0.1765,,9,0.5294,,2,0.1176
basic_master,heiwajima_player_master.csv,683,0.1448,6.7479,,,0.4,,,,,,,,0.4048,,,,0.5,,,,,,0.0,大　江　　　　純,,,,,5098,,1,,0.0345,,,0.6344,0.0585,29,,5,,0.1724,,12,0.4138,,6,0.2069
basic_master,heiwajima_player_master.csv,684,0.1189,6.9944,,,0.25,,,,,,,,0.4048,,,,0.0,,,,,,0.0,羽　野　　　　諒,,,,,5008,,2,,0.2222,,,0.76,0.0384,9,,1,,0.1111,,4,0.4444,,1,0.1111
basic_master,heiwajima_player_master.csv,685,0.149,6.7961,,,0.0714,,,,,,,,0.4047,,,,0.3333,,,,,,0.0833,加　瀬　　智　宏,,,,,3414,,7,,0.1707,,,0.7075,0.0468,41,,7,,0.1707,,20,0.4878,,6,0.1463
basic_master,heiwajima_player_master.csv,686,0.1374,6.8091,,,0.3077,,,,,,,,0.4044,,,,0.5,,,,,,0.0,生　方　　靖　亜,,,,,5090,,4,,0.1143,,,0.6825,0.0508,35,,2,,0.0571,,14,0.4,,8,0.2286
basic_master,heiwajima_player_master.csv,687,0.1388,6.8249,,,0.2381,,,,,,,,0.4042,,,,0.1667,,,,,,0.1818,三　浦　　敬　太,,,,,4702,,17,,0.2464,,,0.5325,0.0748,69,,11,,0.1594,,37,0.5362,,9,0.1304
basic_master,heiwajima_player_master.csv,688,0.18,6.8886,,,0.0,,,,,,,,0.4042,,,,0.5,,,,,,0.0,野　間　　大　樹,,,,,4508,,3,,0.4286,,,0.5569,0.0709,7,,0,,0.0,,4,0.5714,,1,0.1429
basic_master,heiwajima_player_master.csv,689,0.1139,6.8878,,,0.125,,,,,,,,0.4041,,,,0.4,,,,,,0.0769,伏　見　　俊　介,,,,,4818,,7,,0.1707,,,0.6775,0.0516,41,,7,,0.1707,,20,0.4878,,6,0.1463
basic_master,heiwajima_player_master.csv,690,0.1539,6.8322,,,0.0625,,,,,,,,0.4034,,,,0.2857,,,,,,0.1111,黄金井　　力　良,,,,,4432,,9,,0.25,,,0.6313,0.059,36,,8,,0.2222,,20,0.5556,,3,0.0833
basic_master,heiwajima_player_master.csv,691,0.142,6.909,,,0.25,,,,,,,,0.4032,,,,1.0,,,,,,0.6667,中　北　　将　史,,,,,4623,,0,,0.0,,,0.7412,0.0414,10,,2,,0.2,,4,0.4,,2,0.2
basic_master,heiwajima_player_master.csv,692,0.1473,6.855,,,0.25,,,,,,,,0.4031,,,,0.25,,,,,,0.2857,金　子　　賢　志,,,,,4539,,3,,0.1364,,,0.6406,0.0575,22,,3,,0.1364,,10,0.4545,,4,0.1818
basic_master,heiwajima_player_master.csv,693,0.1588,6.8606,,,0.25,,,,,,,,0.4031,,,,0.0,,,,,,0.1667,安　達　　裕　樹,,,,,4227,,3,,0.1765,,,0.5525,0.0716,17,,4,,0.2353,,9,0.5294,,2,0.1176
basic_master,heiwajima_player_master.csv,694,0.1862,6.8082,,,0.1875,,,,,,,,0.403,,,,0.4167,,,,,,0.0588,後　藤　　美　翼,,,,,4680,,11,,0.2,,,0.5669,0.0693,55,,5,,0.0909,,27,0.4909,,11,0.2
basic_master,heiwajima_player_master.csv,695,0.1585,6.8809,,,0.0,,,,,,,,0.4029,,,,0.0,,,,,,0.1,岩　井　　　　繁,,,,,3797,,5,,0.1515,,,0.6737,0.0522,33,,10,,0.303,,18,0.5455,,3,0.0909
basic_master,heiwajima_player_master.csv,696,0.1352,6.9136,,,0.1429,,,,,,,,0.4029,,,,0.6,,,,,,0.3,村　上　　功　祐,,,,,4039,,5,,0.1515,,,0.625,0.06,33,,5,,0.1515,,16,0.4848,,6,0.1818
basic_master,heiwajima_player_master.csv,697,0.1733,6.9087,,,0.0,,,,,,,,0.4029,,,,0.0,,,,,,0.25,泉　　　　啓　文,,,,,3775,,3,,0.2,,,0.7312,0.043,15,,4,,0.2667,,8,0.5333,,1,0.0667
basic_master,heiwajima_player_master.csv,698,0.212,6.629,,,0.3333,,,,,,,,0.4028,,,,1.0,,,,,,0.0,中　嶋　　達　也,,,,,4449,,1,,0.1,,,0.5725,0.0684,10,,0,,0.0,,4,0.4,,3,0.3
basic_master,heiwajima_player_master.csv,699,0.1313,6.8939,,,0.0,,,,,,,,0.4027,,,,0.5,,,,,,0.125,村　松　　修　二,,,,,4816,,4,,0.1739,,,0.6769,0.0517,23,,5,,0.2174,,12,0.5217,,3,0.1304
basic_master,heiwajima_player_master.csv,700,0.187,6.9685,,,0.1429,,,,,,,,0.4027,,,,0.0,,,,,,0.0,小　林　　愛　実,,,,,5165,,3,,0.15,,,0.4669,0.0853,20,,7,,0.35,,12,0.6,,2,0.1
basic_master,heiwajima_player_master.csv,701,0.1837,6.9719,,,0.1429,,,,,,,,0.4024,,,,0.0,,,,,,0.25,本　岡　　勝　利,,,,,4219,,3,,0.1875,,,0.7375,0.042,16,,4,,0.25,,8,0.5,,1,0.0625
basic_master,heiwajima_player_master.csv,702,0.15,6.9614,,,0.0,,,,,,,,0.4024,,,,0.0,,,,,,0.0,山　本　　梨　菜,,,,,4994,,2,,0.2857,,,0.7263,0.0438,7,,2,,0.2857,,4,0.5714,,0,0.0
basic_master,heiwajima_player_master.csv,703,0.1564,6.9179,,,0.3333,,,,,,,,0.402,,,,1.0,,,,,,0.0,荒　田　　泰　明,,,,,4091,,1,,0.0714,,,0.6825,0.0508,14,,0,,0.0,,5,0.3571,,4,0.2857
basic_master,heiwajima_player_master.csv,704,0.1431,6.8515,,,0.1818,,,,,,,,0.4017,,,,0.5,,,,,,0.2857,高　野　　心　吾,,,,,4527,,2,,0.0769,,,0.6869,0.0501,26,,6,,0.2308,,12,0.4615,,4,0.1538
basic_master,heiwajima_player_master.csv,705,0.218,6.782,,,0.0,,,,,,,,0.4016,,,,0.0,,,,,,0.3333,長　尾　　萌　加,,,,,5317,,1,,0.1,,,0.6581,0.0547,10,,5,,0.5,,6,0.6,,0,0.0
basic_master,heiwajima_player_master.csv,706,0.1822,6.9027,,,0.2,,,,,,,,0.4015,,,,0.1429,,,,,,0.4167,沼　田　　大　都,,,,,5127,,6,,0.1463,,,0.5475,0.0724,41,,11,,0.2683,,22,0.5366,,5,0.122
basic_master,heiwajima_player_master.csv,707,0.16,6.7538,,,0.5,,,,,,,,0.4015,,,,1.0,,,,,,0.1429,宮　脇　　遼　太,,,,,5158,,2,,0.125,,,0.4606,0.0863,16,,1,,0.0625,,7,0.4375,,4,0.25
basic_master,heiwajima_player_master.csv,708,0.1929,6.8253,,,0.2,,,,,,,,0.4012,,,,0.0,,,,,,0.2,山　崎　　昂　介,,,,,4315,,3,,0.1765,,,0.5681,0.0691,17,,4,,0.2353,,9,0.5294,,2,0.1176
basic_master,heiwajima_player_master.csv,709,0.1475,6.8805,,,0.2667,,,,,,,,0.4009,,,,0.3333,,,,,,0.0714,大　澤　　大　夢,,,,,4281,,6,,0.1364,,,0.6269,0.0597,44,,9,,0.2045,,21,0.4773,,6,0.1364
basic_master,heiwajima_player_master.csv,710,0.2271,6.93,,,0.0,,,,,,,,0.4009,,,,0.5,,,,,,0.0,宮　野　　　　仁,,,,,4558,,0,,0.0,,,0.54,0.0736,7,,3,,0.4286,,4,0.5714,,1,0.1429
basic_master,heiwajima_player_master.csv,711,0.1443,6.8741,,,0.3158,,,,,,,,0.4007,,,,0.3333,,,,,,0.1333,渡　邉　　　　健,,,,,5044,,6,,0.1176,,,0.6494,0.0561,51,,4,,0.0784,,21,0.4118,,11,0.2157
basic_master,heiwajima_player_master.csv,712,0.1427,6.9318,,,0.2,,,,,,,,0.4007,,,,0.6,,,,,,0.0,原　　　　豊　土,,,,,4131,,2,,0.0909,,,0.5969,0.0645,22,,3,,0.1364,,10,0.4545,,5,0.2273
basic_master,heiwajima_player_master.csv,713,0.172,6.8405,,,0.3333,,,,,,,,0.4007,,,,0.3333,,,,,,0.1667,前　原　　大　道,,,,,5058,,3,,0.15,,,0.5244,0.0761,20,,4,,0.2,,10,0.5,,3,0.15
basic_master,heiwajima_player_master.csv,714,0.1472,6.8721,,,0.0,,,,,,,,0.4006,,,,0.5,,,,,,0.5,岡　部　　大　輔,,,,,4092,,5,,0.1724,,,0.6325,0.0588,29,,8,,0.2759,,16,0.5517,,3,0.1034
basic_master,heiwajima_player_master.csv,715,0.1642,6.8454,,,0.125,,,,,,,,0.3999,,,,0.3333,,,,,,0.375,吉　永　　泰　弘,,,,,3710,,4,,0.1667,,,0.6038,0.0634,24,,4,,0.1667,,12,0.5,,4,0.1667
basic_master,heiwajima_player_master.csv,716,0.1883,6.8944,,,0.2857,,,,,,,,0.3999,,,,0.5,,,,,,0.4,矢　野　　真梨菜,,,,,4479,,3,,0.1667,,,0.3981,0.0963,18,,4,,0.2222,,10,0.5556,,3,0.1667
basic_master,heiwajima_player_master.csv,717,0.1039,6.8552,,,0.3,,,,,,,,0.3998,,,,0.0,,,,,,0.0,中　村　　裕　将,,,,,3075,,3,,0.1304,,,0.6531,0.0555,23,,3,,0.1304,,10,0.4348,,4,0.1739
basic_master,heiwajima_player_master.csv,718,0.16,6.74,,,0.0,,,,,,,,0.3997,,,,0.5,,,,,,0.6667,高　岡　　竜　也,,,,,4950,,2,,0.1818,,,0.6575,0.0548,11,,3,,0.2727,,6,0.5455,,1,0.0909
basic_master,heiwajima_player_master.csv,719,0.1327,6.8691,,,0.0,,,,,,,,0.3994,,,,0.5,,,,,,0.2222,上　田　　洋　平,,,,,3896,,1,,0.0455,,,0.5425,0.0732,22,,7,,0.3182,,12,0.5455,,4,0.1818
basic_master,heiwajima_player_master.csv,720,0.1437,6.8787,,,0.0769,,,,,,,,0.3993,,,,0.8333,,,,,,0.0833,松　竹　　大　輔,,,,,4442,,1,,0.0263,,,0.57,0.0688,38,,10,,0.2632,,19,0.5,,8,0.2105
basic_master,heiwajima_player_master.csv,721,0.1787,6.8887,,,0.0,,,,,,,,0.399,,,,0.0,,,,,,0.25,鈴　木　　峻　佑,,,,,4380,,5,,0.3333,,,0.795,0.0328,15,,3,,0.2,,8,0.5333,,0,0.0
basic_master,heiwajima_player_master.csv,722,0.1215,6.85,,,0.0,,,,,,,,0.3989,,,,0.8,,,,,,0.1111,新　出　　浩　司,,,,,4325,,4,,0.1481,,,0.6794,0.0513,27,,4,,0.1481,,13,0.4815,,5,0.1852
basic_master,heiwajima_player_master.csv,723,0.168,6.795,,,0.25,,,,,,,,0.3986,,,,0.0,,,,,,0.0,瀧　川　　千　依,,,,,4882,,0,,0.0,,,0.7181,0.0451,10,,2,,0.2,,4,0.4,,2,0.2
basic_master,heiwajima_player_master.csv,724,0.1368,6.8812,,,0.1538,,,,,,,,0.3985,,,,0.6,,,,,,0.0909,山　下　　大　輝,,,,,5126,,6,,0.1765,,,0.6362,0.0582,34,,4,,0.1176,,16,0.4706,,6,0.1765
basic_master,heiwajima_player_master.csv,725,0.144,6.7923,,,0.125,,,,,,,,0.3984,,,,0.1667,,,,,,0.3,犬　童　　千　秋,,,,,4349,,9,,0.3,,,0.5294,0.0753,30,,5,,0.1667,,17,0.5667,,3,0.1
basic_master,heiwajima_player_master.csv,726,0.1345,6.6964,,,0.0,,,,,,,,0.3984,,,,0.0,,,,,,0.0,杢　野　　誓　良,,,,,3929,,4,,0.3636,,,0.7644,0.0377,11,,2,,0.1818,,6,0.5455,,0,0.0
basic_master,heiwajima_player_master.csv,727,0.1306,6.9071,,,0.2857,,,,,,,,0.3983,,,,0.3333,,,,,,0.0,角　山　　雄　哉,,,,,4735,,3,,0.1765,,,0.6281,0.0595,17,,0,,0.0,,7,0.4118,,4,0.2353
basic_master,heiwajima_player_master.csv,728,0.2171,6.9229,,,0.0,,,,,,,,0.3982,,,,0.5,,,,,,0.5,近　藤　　稔　也,,,,,3477,,0,,0.0,,,0.5269,0.0757,7,,3,,0.4286,,4,0.5714,,1,0.1429
basic_master,heiwajima_player_master.csv,729,0.135,6.9117,,,0.0,,,,,,,,0.3976,,,,1.0,,,,,,0.0,藤　井　　公　人,,,,,5210,,0,,0.0,,,0.6544,0.0553,6,,2,,0.3333,,3,0.5,,1,0.1667
basic_master,heiwajima_player_master.csv,730,0.1496,6.873,,,0.2,,,,,,,,0.3973,,,,0.25,,,,,,0.0,山　下　　流　心,,,,,4872,,7,,0.3043,,,0.6475,0.0564,23,,1,,0.0435,,11,0.4783,,3,0.1304
basic_master,heiwajima_player_master.csv,731,0.1528,6.9138,,,0.125,,,,,,,,0.3972,,,,0.8,,,,,,0.3636,萬　　　　正　嗣,,,,,4177,,3,,0.0769,,,0.6287,0.0594,39,,7,,0.1795,,18,0.4615,,8,0.2051
basic_master,heiwajima_player_master.csv,732,0.1737,6.9378,,,0.1667,,,,,,,,0.3972,,,,0.5,,,,,,0.25,石　川　　吉　鎬,,,,,3951,,5,,0.1852,,,0.5138,0.0778,27,,7,,0.2593,,15,0.5556,,3,0.1111
basic_master,heiwajima_player_master.csv,733,0.1411,6.7907,,,0.1212,,,,,,,,0.3971,,,,0.4615,,,,,,0.32,久　永　　祥　平,,,,,5023,,13,,0.1548,,,0.6512,0.0558,84,,19,,0.2262,,42,0.5,,10,0.119
basic_master,heiwajima_player_master.csv,734,0.1,6.8809,,,0.0,,,,,,,,0.3971,,,,0.0,,,,,,0.2,向井田　　直　弥,,,,,4683,,3,,0.2727,,,0.6444,0.0569,11,,2,,0.1818,,6,0.5455,,1,0.0909
basic_master,heiwajima_player_master.csv,735,0.1329,6.9771,,,0.0,,,,,,,,0.3964,,,,0.0,,,,,,0.5,山　田　　晃　大,,,,,4761,,2,,0.2857,,,0.6963,0.0486,7,,2,,0.2857,,4,0.5714,,0,0.0
basic_master,heiwajima_player_master.csv,736,0.1233,6.8233,,,0.0,,,,,,,,0.3964,,,,1.0,,,,,,0.3333,片　橋　　幸　貴,,,,,4677,,1,,0.1667,,,0.6487,0.0562,6,,1,,0.1667,,3,0.5,,1,0.1667
basic_master,heiwajima_player_master.csv,737,0.1643,6.7631,,,0.0,,,,,,,,0.3961,,,,0.5,,,,,,0.2727,鶴　田　　勇　雄,,,,,4607,,8,,0.2286,,,0.6875,0.05,35,,9,,0.2571,,19,0.5429,,2,0.0571
basic_master,heiwajima_player_master.csv,738,0.1555,6.8074,,,0.0714,,,,,,,,0.3961,,,,0.4,,,,,,0.125,鹿　島　　敏　弘,,,,,4407,,6,,0.1935,,,0.6625,0.054,31,,7,,0.2258,,16,0.5161,,3,0.0968
basic_master,heiwajima_player_master.csv,739,0.1807,6.7829,,,0.2,,,,,,,,0.3961,,,,0.5,,,,,,0.0,小　林　　遼　太,,,,,4638,,4,,0.2857,,,0.7375,0.042,14,,0,,0.0,,6,0.4286,,2,0.1429
basic_master,heiwajima_player_master.csv,740,0.1506,6.84,,,0.1667,,,,,,,,0.396,,,,0.3333,,,,,,0.0,北　川　　太　一,,,,,4718,,3,,0.1875,,,0.6781,0.0515,16,,1,,0.0625,,7,0.4375,,3,0.1875
basic_master,heiwajima_player_master.csv,741,0.1505,6.7863,,,0.1429,,,,,,,,0.3958,,,,0.6667,,,,,,0.0,西　岡　　育　未,,,,,4878,,4,,0.2105,,,0.5262,0.0758,19,,3,,0.1579,,10,0.5263,,3,0.1579
basic_master,heiwajima_player_master.csv,742,0.1755,6.8603,,,0.3333,,,,,,,,0.3953,,,,0.1667,,,,,,0.0,河　合　　三　弘,,,,,3690,,7,,0.175,,,0.6412,0.0574,40,,6,,0.15,,18,0.45,,5,0.125
basic_master,heiwajima_player_master.csv,743,0.1719,6.8592,,,0.0,,,,,,,,0.3951,,,,0.625,,,,,,0.0,鈴　木　　賢　一,,,,,3664,,7,,0.1944,,,0.67,0.0528,36,,3,,0.0833,,17,0.4722,,7,0.1944
basic_master,heiwajima_player_master.csv,744,0.183,6.689,,,0.3333,,,,,,,,0.3951,,,,1.0,,,,,,0.0,青　木　　幸太郎,,,,,4314,,1,,0.1,,,0.6587,0.0546,10,,1,,0.1,,4,0.4,,2,0.2
basic_master,heiwajima_player_master.csv,745,0.1262,6.8566,,,0.0,,,,,,,,0.3949,,,,0.4,,,,,,0.25,鋤　柄　　貴　俊,,,,,3934,,3,,0.1034,,,0.6813,0.051,29,,9,,0.3103,,15,0.5172,,3,0.1034
basic_master,heiwajima_player_master.csv,746,0.1631,6.9069,,,0.2857,,,,,,,,0.3945,,,,0.6667,,,,,,0.1,藤　山　　雅　弘,,,,,4578,,3,,0.1034,,,0.64,0.0576,29,,3,,0.1034,,12,0.4138,,6,0.2069
basic_master,heiwajima_player_master.csv,747,0.1704,6.7707,,,0.125,,,,,,,,0.3939,,,,0.6,,,,,,0.1111,細　川　　裕　子,,,,,4123,,7,,0.25,,,0.3981,0.0963,28,,4,,0.1429,,16,0.5714,,5,0.1786
basic_master,heiwajima_player_master.csv,748,0.1747,6.8959,,,0.1667,,,,,,,,0.3937,,,,0.6667,,,,,,0.3333,飯　島　　　　誠,,,,,4031,,2,,0.1176,,,0.6056,0.0631,17,,3,,0.1765,,8,0.4706,,3,0.1765
basic_master,heiwajima_player_master.csv,749,0.15,6.932,,,0.0,,,,,,,,0.3936,,,,1.0,,,,,,0.75,川　崎　　智　稔,,,,,5109,,0,,0.0,,,0.5931,0.0651,10,,3,,0.3,,5,0.5,,2,0.2
basic_master,heiwajima_player_master.csv,750,0.1831,6.7119,,,0.0625,,,,,,,,0.3934,,,,0.4,,,,,,0.1429,白　井　　友　晴,,,,,3696,,11,,0.3438,,,0.6231,0.0603,32,,3,,0.0938,,17,0.5312,,3,0.0938
basic_master,heiwajima_player_master.csv,751,0.1541,7.0241,,,0.0,,,,,,,,0.3929,,,,0.0,,,,,,0.4118,小　川　　晃　司,,,,,3352,,2,,0.1176,,,0.5675,0.0692,17,,7,,0.4118,,10,0.5882,,1,0.0588
basic_master,heiwajima_player_master.csv,752,0.2009,6.9445,,,0.3333,,,,,,,,0.3928,,,,0.5,,,,,,0.0,刑　部　　亜里紗,,,,,5205,,0,,0.0,,,0.525,0.076,11,,0,,0.0,,4,0.3636,,4,0.3636
basic_master,heiwajima_player_master.csv,753,0.1778,6.8069,,,0.0,,,,,,,,0.3921,,,,0.4444,,,,,,0.2143,渡　辺　　　　豊,,,,,3303,,12,,0.2222,,,0.6594,0.0545,54,,13,,0.2407,,29,0.537,,4,0.0741
basic_master,heiwajima_player_master.csv,754,0.14,6.9633,,,0.3333,,,,,,,,0.3921,,,,1.0,,,,,,0.0,渡　邊　　裕　貴,,,,,4625,,1,,0.1111,,,0.7662,0.0374,9,,0,,0.0,,3,0.3333,,2,0.2222
basic_master,heiwajima_player_master.csv,755,0.1696,6.6689,,,0.25,,,,,,,,0.392,,,,0.1667,,,,,,0.25,盛　本　　真　輔,,,,,4365,,3,,0.1111,,,0.6125,0.062,27,,7,,0.2593,,13,0.4815,,3,0.1111
basic_master,heiwajima_player_master.csv,756,0.1675,6.8247,,,0.125,,,,,,,,0.3918,,,,0.6667,,,,,,0.1111,今　坂　　晃　広,,,,,3981,,5,,0.1389,,,0.6256,0.0599,36,,6,,0.1667,,17,0.4722,,6,0.1667
basic_master,heiwajima_player_master.csv,757,0.1544,6.74,,,0.1667,,,,,,,,0.3914,,,,0.3333,,,,,,0.25,別　府　　正　幸,,,,,4037,,2,,0.125,,,0.655,0.0552,16,,2,,0.125,,7,0.4375,,3,0.1875
basic_master,heiwajima_player_master.csv,758,0.1289,6.9122,,,0.0,,,,,,,,0.3913,,,,0.0,,,,,,0.3333,渡　辺　　　　崇,,,,,4474,,4,,0.4444,,,0.7063,0.047,9,,1,,0.1111,,5,0.5556,,0,0.0
basic_master,heiwajima_player_master.csv,759,0.1283,6.715,,,0.0,,,,,,,,0.3908,,,,0.0,,,,,,0.5,小　玉　　啓　太,,,,,5270,,2,,0.3333,,,0.4537,0.0874,6,,2,,0.3333,,4,0.6667,,0,0.0
basic_master,heiwajima_player_master.csv,760,0.1862,6.7738,,,0.3077,,,,,,,,0.3896,,,,0.75,,,,,,0.0,山　下　　友　貴,,,,,4464,,3,,0.1034,,,0.6388,0.0578,29,,1,,0.0345,,11,0.3793,,7,0.2414
basic_master,heiwajima_player_master.csv,761,0.1371,6.8948,,,0.1667,,,,,,,,0.3894,,,,1.0,,,,,,0.1,荒　木　　颯　斗,,,,,5252,,1,,0.0476,,,0.7206,0.0447,21,,5,,0.2381,,9,0.4286,,3,0.1429
basic_master,heiwajima_player_master.csv,762,0.1144,6.9572,,,0.2222,,,,,,,,0.3893,,,,0.0,,,,,,0.0,村　上　　　　遼,,,,,4715,,4,,0.16,,,0.7356,0.0423,25,,2,,0.08,,10,0.4,,4,0.16
basic_master,heiwajima_player_master.csv,763,0.1529,6.8859,,,0.0,,,,,,,,0.3893,,,,0.6667,,,,,,0.3333,森　定　　晃　史,,,,,4172,,3,,0.1765,,,0.6669,0.0533,17,,2,,0.1176,,8,0.4706,,3,0.1765
basic_master,heiwajima_player_master.csv,764,0.1347,6.7953,,,0.0556,,,,,,,,0.3892,,,,0.625,,,,,,0.3333,八　木　　治　樹,,,,,4943,,7,,0.1373,,,0.575,0.068,51,,11,,0.2157,,26,0.5098,,8,0.1569
basic_master,heiwajima_player_master.csv,765,0.1363,6.9387,,,0.0,,,,,,,,0.3892,,,,0.0,,,,,,0.0,樋　口　　　　亮,,,,,3777,,2,,0.25,,,0.665,0.0536,8,,1,,0.125,,4,0.5,,1,0.125
basic_master,heiwajima_player_master.csv,766,0.167,6.864,,,0.0,,,,,,,,0.389,,,,0.0,,,,,,0.0,小　畑　　実　成,,,,,3233,,3,,0.3,,,0.695,0.0488,10,,1,,0.1,,5,0.5,,1,0.1
basic_master,heiwajima_player_master.csv,767,0.1532,6.8508,,,0.0,,,,,,,,0.3885,,,,0.5,,,,,,0.0833,橋　本　　英　一,,,,,4866,,9,,0.2432,,,0.5237,0.0762,37,,5,,0.1351,,20,0.5405,,6,0.1622
basic_master,heiwajima_player_master.csv,768,0.1804,6.8557,,,0.1429,,,,,,,,0.3875,,,,0.3846,,,,,,0.1364,杉　田　　篤　光,,,,,4076,,16,,0.2353,,,0.5756,0.0679,68,,9,,0.1324,,34,0.5,,9,0.1324
basic_master,heiwajima_player_master.csv,769,0.15,6.8741,,,0.0,,,,,,,,0.3873,,,,0.4167,,,,,,0.3529,伯　母　　芳　恒,,,,,3656,,15,,0.2679,,,0.5794,0.0673,56,,11,,0.1964,,31,0.5536,,5,0.0893
basic_master,heiwajima_player_master.csv,770,0.13,6.7368,,,0.3,,,,,,,,0.3873,,,,0.1667,,,,,,0.2,渡　邉　　真奈美,,,,,4893,,1,,0.0323,,,0.6412,0.0574,31,,7,,0.2258,,13,0.4194,,5,0.1613
basic_master,heiwajima_player_master.csv,771,0.1428,6.9069,,,0.125,,,,,,,,0.3871,,,,0.0,,,,,,0.3333,川　島　　拓　郎,,,,,4918,,6,,0.1875,,,0.67,0.0528,32,,8,,0.25,,16,0.5,,2,0.0625
basic_master,heiwajima_player_master.csv,772,0.1592,6.8692,,,0.2,,,,,,,,0.3871,,,,0.5,,,,,,0.5,國　弘　　翔　平,,,,,4697,,0,,0.0,,,0.605,0.0632,13,,4,,0.3077,,6,0.4615,,2,0.1538
basic_master,heiwajima_player_master.csv,773,0.1515,6.9354,,,0.0,,,,,,,,0.3867,,,,0.25,,,,,,0.0,山　本　　景士郎,,,,,4564,,6,,0.2308,,,0.6256,0.0599,26,,6,,0.2308,,14,0.5385,,2,0.0769
basic_master,heiwajima_player_master.csv,774,0.1644,6.9011,,,0.0,,,,,,,,0.3865,,,,0.0,,,,,,0.0,大　橋　　由　珠,,,,,4854,,2,,0.2222,,,0.6825,0.0508,9,,3,,0.3333,,5,0.5556,,0,0.0
basic_master,heiwajima_player_master.csv,775,0.22,6.765,,,0.0,,,,,,,,0.3865,,,,0.0,,,,,,1.0,立　間　　充　宏,,,,,3717,データ少,0,,0.0,,,0.8075,0.0308,4,,2,,0.5,,2,0.5,,0,0.0
basic_master,heiwajima_player_master.csv,776,0.1764,6.7258,,,0.0833,,,,,,,,0.3861,,,,0.1429,,,,,,0.1111,高　橋　　直　哉,,,,,4245,,6,,0.1818,,,0.51,0.0784,33,,8,,0.2424,,18,0.5455,,4,0.1212
basic_master,heiwajima_player_master.csv,777,0.1693,6.8827,,,0.25,,,,,,,,0.3856,,,,0.5,,,,,,0.0,黒　柳　　浩　孝,,,,,4161,,2,,0.1333,,,0.5863,0.0662,15,,3,,0.2,,7,0.4667,,2,0.1333
basic_master,heiwajima_player_master.csv,778,0.113,6.9745,,,0.1765,,,,,,,,0.3853,,,,0.3333,,,,,,0.0,宮　嵜　　隆太郎,,,,,3825,,7,,0.175,,,0.7194,0.0449,40,,2,,0.05,,16,0.4,,7,0.175
basic_master,heiwajima_player_master.csv,779,0.1654,6.6921,,,0.2,,,,,,,,0.385,,,,0.0,,,,,,0.0,上　田　　紗　奈,,,,,5057,,0,,0.0,,,0.6269,0.0597,24,,5,,0.2083,,10,0.4167,,5,0.2083
basic_master,heiwajima_player_master.csv,780,0.255,6.971,,,0.2,,,,,,,,0.385,,,,0.0,,,,,,0.3333,湯　淺　　紀　香,,,,,5213,,2,,0.2,,,0,0.1795,10,,3,,0.3,,7,0.7,,2,0.2
basic_master,heiwajima_player_master.csv,781,0.1583,6.8579,,,0.0,,,,,,,,0.3849,,,,0.2857,,,,,,0.1538,服　部　　達　哉,,,,,4435,,7,,0.1667,,,0.6863,0.0502,42,,13,,0.3095,,22,0.5238,,2,0.0476
basic_master,heiwajima_player_master.csv,782,0.128,6.746,,,0.0,,,,,,,,0.3848,,,,1.0,,,,,,0.0,川　上　　昇　平,,,,,3501,,1,,0.1,,,0.5488,0.0722,10,,2,,0.2,,5,0.5,,2,0.2
basic_master,heiwajima_player_master.csv,783,0.1255,6.8798,,,0.0625,,,,,,,,0.3846,,,,0.1,,,,,,0.0,森　作　　雄　大,,,,,4438,,12,,0.2069,,,0.6719,0.0525,58,,7,,0.1207,,27,0.4655,,8,0.1379
basic_master,heiwajima_player_master.csv,784,0.1624,6.8238,,,0.0,,,,,,,,0.3841,,,,0.2222,,,,,,0.1875,小　松　　卓　司,,,,,4329,,7,,0.1556,,,0.6038,0.0634,45,,10,,0.2222,,23,0.5111,,6,0.1333
basic_master,heiwajima_player_master.csv,785,0.1286,6.8079,,,0.125,,,,,,,,0.3837,,,,0.7143,,,,,,0.1538,小　川　　知　行,,,,,3850,,9,,0.2093,,,0.6062,0.063,43,,4,,0.093,,20,0.4651,,7,0.1628
basic_master,heiwajima_player_master.csv,786,0.1787,6.7656,,,0.0,,,,,,,,0.3837,,,,0.0,,,,,,0.0,吉　武　　真　也,,,,,4952,,5,,0.3125,,,0.7937,0.033,16,,3,,0.1875,,8,0.5,,0,0.0
basic_master,heiwajima_player_master.csv,787,0.1686,6.9814,,,0.0,,,,,,,,0.3836,,,,1.0,,,,,,0.5,森　永　　　　淳,,,,,4072,,1,,0.1429,,,0.775,0.036,7,,1,,0.1429,,3,0.4286,,1,0.1429
basic_master,heiwajima_player_master.csv,788,0.16,6.853,,,0.0,,,,,,,,0.3829,,,,0.5,,,,,,0.3333,福　田　　雅　一,,,,,3543,,2,,0.2,,,0.6644,0.0537,10,,2,,0.2,,5,0.5,,1,0.1
basic_master,heiwajima_player_master.csv,789,0.1967,6.73,,,0.0,,,,,,,,0.3829,,,,0.0,,,,,,0.6667,藤　原　　早　菜,,,,,5189,,1,,0.1111,,,0.6644,0.0537,9,,4,,0.4444,,5,0.5556,,0,0.0
basic_master,heiwajima_player_master.csv,790,0.1564,6.8188,,,0.125,,,,,,,,0.3821,,,,0.2727,,,,,,0.2619,堀　越　　雄　貴,,,,,5133,,25,,0.1689,,,0.6419,0.0573,148,,31,,0.2095,,71,0.4797,,15,0.1014
basic_master,heiwajima_player_master.csv,791,0.1545,6.8282,,,0.3333,,,,,,,,0.382,,,,0.0,,,,,,0.0,烏　野　　賢　太,,,,,3304,,0,,0.0,,,0.6981,0.0483,11,,2,,0.1818,,4,0.3636,,2,0.1818
basic_master,heiwajima_player_master.csv,792,0.1411,6.75,,,0.0,,,,,,,,0.3811,,,,0.5,,,,,,0.3333,北　山　　康　介,,,,,4535,,0,,0.0,,,0.7669,0.0373,9,,3,,0.3333,,4,0.4444,,1,0.1111
basic_master,heiwajima_player_master.csv,793,0.1558,6.841,,,0.1,,,,,,,,0.381,,,,0.5,,,,,,0.3,広　瀬　　聖　仁,,,,,3315,,5,,0.1613,,,0.5325,0.0748,31,,7,,0.2258,,16,0.5161,,4,0.129
basic_master,heiwajima_player_master.csv,794,0.1356,6.8378,,,0.1667,,,,,,,,0.3805,,,,0.25,,,,,,0.1429,楠　原　　正　剛,,,,,4485,,6,,0.2222,,,0.5969,0.0645,27,,4,,0.1481,,13,0.4815,,3,0.1111
basic_master,heiwajima_player_master.csv,795,0.1368,6.8086,,,0.0769,,,,,,,,0.3804,,,,0.4,,,,,,0.0,宇留田　　翔　平,,,,,5010,,7,,0.1892,,,0.7281,0.0435,37,,7,,0.1892,,17,0.4595,,3,0.0811
basic_master,heiwajima_player_master.csv,796,0.1991,6.9564,,,0.2,,,,,,,,0.3804,,,,0.5,,,,,,0.5,福　島　　陽　子,,,,,3357,,0,,0.0,,,0.5519,0.0717,11,,3,,0.2727,,5,0.4545,,2,0.1818
basic_master,heiwajima_player_master.csv,797,0.1778,6.8263,,,0.0,,,,,,,,0.3803,,,,0.2,,,,,,0.2222,上　原　　健次郎,,,,,5073,,6,,0.2222,,,0.5588,0.0706,27,,7,,0.2593,,15,0.5556,,2,0.0741
basic_master,heiwajima_player_master.csv,798,0.179,6.9435,,,0.0,,,,,,,,0.3795,,,,0.25,,,,,,0.1429,谷　口　　健　一,,,,,3891,,2,,0.1,,,0.635,0.0584,20,,3,,0.15,,9,0.45,,4,0.2
basic_master,heiwajima_player_master.csv,799,0.138,6.828,,,0.0,,,,,,,,0.3794,,,,0.3333,,,,,,0.3333,浜　本　　裕　己,,,,,4834,,3,,0.2,,,0.4637,0.0858,15,,5,,0.3333,,9,0.6,,1,0.0667
basic_master,heiwajima_player_master.csv,800,0.11,6.8755,,,0.2857,,,,,,,,0.3793,,,,0.0,,,,,,0.125,松　山　　将　吾,,,,,4828,,3,,0.1364,,,0.6625,0.054,22,,3,,0.1364,,9,0.4091,,3,0.1364
basic_master,heiwajima_player_master.csv,801,0.1155,6.8795,,,0.0,,,,,,,,0.3791,,,,0.5,,,,,,0.0,森　　　　晋太郎,,,,,4495,,6,,0.3,,,0.5831,0.0667,20,,1,,0.05,,10,0.5,,3,0.15
basic_master,heiwajima_player_master.csv,802,0.1369,6.9015,,,0.0909,,,,,,,,0.3785,,,,0.3333,,,,,,0.1429,井　上　　未　都,,,,,5277,,1,,0.0385,,,0.6162,0.0614,26,,7,,0.2692,,12,0.4615,,4,0.1538
basic_master,heiwajima_player_master.csv,803,0.1494,6.8353,,,0.0,,,,,,,,0.3784,,,,0.2,,,,,,0.1,夏　山　　亮　平,,,,,4462,,8,,0.25,,,0.6106,0.0623,32,,4,,0.125,,16,0.5,,4,0.125
basic_master,heiwajima_player_master.csv,804,0.1973,6.7355,,,0.3333,,,,,,,,0.3783,,,,0.0,,,,,,0.0,田　村　　　　慶,,,,,5172,,3,,0.2727,,,0.5888,0.0658,11,,1,,0.0909,,5,0.4545,,1,0.0909
basic_master,heiwajima_player_master.csv,805,0.1405,6.8668,,,0.1,,,,,,,,0.3778,,,,0.375,,,,,,0.3333,三　川　　昂　暁,,,,,4551,,8,,0.1951,,,0.5888,0.0658,41,,7,,0.1707,,20,0.4878,,5,0.122
basic_master,heiwajima_player_master.csv,806,0.1729,6.8006,,,0.0,,,,,,,,0.3778,,,,0.3333,,,,,,0.0,大　田　　直　弥,,,,,4396,,4,,0.2353,,,0.6244,0.0601,17,,4,,0.2353,,9,0.5294,,1,0.0588
basic_master,heiwajima_player_master.csv,807,0.203,6.693,,,0.0,,,,,,,,0.377,,,,1.0,,,,,,0.0,栗　原　　直　也,,,,,4973,,1,,0.1,,,0.735,0.0424,10,,1,,0.1,,4,0.4,,2,0.2
basic_master,heiwajima_player_master.csv,808,0.1644,6.7711,,,0.0,,,,,,,,0.377,,,,1.0,,,,,,0.0,赤　池　　修　平,,,,,4636,,0,,0.0,,,0.7463,0.0406,9,,3,,0.3333,,4,0.4444,,1,0.1111
basic_master,heiwajima_player_master.csv,809,0.2447,6.8713,,,0.1667,,,,,,,,0.3769,,,,0.0,,,,,,0.375,孫　崎　　百　世,,,,,4941,,0,,0.0,,,0.5844,0.0665,15,,5,,0.3333,,7,0.4667,,2,0.1333
basic_master,heiwajima_player_master.csv,810,0.1463,6.8107,,,0.0,,,,,,,,0.3766,,,,0.4,,,,,,0.2,鈴　木　　秀　茉,,,,,4840,,8,,0.2667,,,0.6331,0.0587,30,,4,,0.1333,,15,0.5,,3,0.1
basic_master,heiwajima_player_master.csv,811,0.1233,6.93,,,0.0,,,,,,,,0.3764,,,,0.0,,,,,,0.0,中　岡　　健　人,,,,,4511,,0,,0.0,,,0.6319,0.0589,9,,5,,0.5556,,5,0.5556,,0,0.0
basic_master,heiwajima_player_master.csv,812,0.1908,6.8339,,,0.0769,,,,,,,,0.3763,,,,0.3333,,,,,,0.1,角　　　　ひとみ,,,,,3334,,3,,0.0789,,,0.6388,0.0578,38,,8,,0.2105,,17,0.4474,,6,0.1579
basic_master,heiwajima_player_master.csv,813,0.1957,6.9571,,,0.0,,,,,,,,0.3761,,,,1.0,,,,,,0.0,丸　山　　祐　也,,,,,5152,,2,,0.2857,,,0.7375,0.042,7,,0,,0.0,,3,0.4286,,1,0.1429
basic_master,heiwajima_player_master.csv,814,0.165,6.8959,,,0.0,,,,,,,,0.3759,,,,0.0,,,,,,0.125,渡　邉　　英　児,,,,,3502,,8,,0.3636,,,0.595,0.0648,22,,3,,0.1364,,12,0.5455,,1,0.0455
basic_master,heiwajima_player_master.csv,815,0.172,6.949,,,0.0,,,,,,,,0.3756,,,,1.0,,,,,,0.0,前　原　　　　哉,,,,,4853,,1,,0.1,,,0.7281,0.0435,10,,1,,0.1,,4,0.4,,2,0.2
basic_master,heiwajima_player_master.csv,816,0.1489,6.9344,,,0.0,,,,,,,,0.3754,,,,0.0,,,,,,0.3333,薮　内　　瑞　希,,,,,4909,,3,,0.3333,,,0.6269,0.0597,9,,2,,0.2222,,5,0.5556,,0,0.0
basic_master,heiwajima_player_master.csv,817,0.182,6.8598,,,0.0,,,,,,,,0.3752,,,,0.4286,,,,,,0.2,市　川　　美　宏,,,,,4229,,9,,0.1957,,,0.6638,0.0538,46,,8,,0.1739,,22,0.4783,,5,0.1087
basic_master,heiwajima_player_master.csv,818,0.1262,6.7838,,,0.1429,,,,,,,,0.3752,,,,0.5714,,,,,,0.0,折　下　　寛　法,,,,,3771,,5,,0.119,,,0.715,0.0456,42,,6,,0.1429,,17,0.4048,,6,0.1429
basic_master,heiwajima_player_master.csv,819,0.1407,6.848,,,0.0,,,,,,,,0.375,,,,0.0,,,,,,0.5,佐　藤　　　　悠,,,,,4930,,4,,0.2667,,,0.525,0.076,15,,5,,0.3333,,9,0.6,,0,0.0
basic_master,heiwajima_player_master.csv,820,0.1436,6.805,,,0.1667,,,,,,,,0.3749,,,,0.25,,,,,,0.0,石　渡　　翔一郎,,,,,5279,,4,,0.1429,,,0.6838,0.0506,28,,2,,0.0714,,11,0.3929,,5,0.1786
basic_master,heiwajima_player_master.csv,821,0.2088,6.8476,,,0.125,,,,,,,,0.3749,,,,0.25,,,,,,0.125,花　本　　夏　樹,,,,,4181,,6,,0.24,,,0.6319,0.0589,25,,4,,0.16,,12,0.48,,2,0.08
basic_master,heiwajima_player_master.csv,822,0.1475,6.9463,,,0.25,,,,,,,,0.3745,,,,0.0,,,,,,0.0,江　藤　　敦　宏,,,,,5131,,2,,0.25,,,0.4662,0.0854,8,,1,,0.125,,4,0.5,,1,0.125
basic_master,heiwajima_player_master.csv,823,0.2295,6.8759,,,0.1111,,,,,,,,0.3744,,,,0.25,,,,,,0.0,喜多須　　杏　奈,,,,,4714,,8,,0.3636,,,0.4756,0.0839,22,,2,,0.0909,,12,0.5455,,2,0.0909
basic_master,heiwajima_player_master.csv,824,0.1709,6.8279,,,0.0909,,,,,,,,0.3738,,,,0.5,,,,,,0.0909,島　田　　一　生,,,,,4060,,7,,0.2121,,,0.3006,0.1119,33,,6,,0.1818,,19,0.5758,,6,0.1818
basic_master,heiwajima_player_master.csv,825,0.1605,6.8597,,,0.1579,,,,,,,,0.3737,,,,0.4167,,,,,,0.1176,永　井　　聖　美,,,,,3993,,8,,0.1356,,,0.5694,0.0689,59,,10,,0.1695,,27,0.4576,,9,0.1525
basic_master,heiwajima_player_master.csv,826,0.1912,6.867,,,0.0714,,,,,,,,0.3735,,,,0.3333,,,,,,0.2143,平　石　　和　男,,,,,3251,,5,,0.1163,,,0.64,0.0576,43,,10,,0.2326,,20,0.4651,,5,0.1163
basic_master,heiwajima_player_master.csv,827,0.1748,6.9372,,,0.1111,,,,,,,,0.3731,,,,0.75,,,,,,0.375,増　田　　弘　喜,,,,,3065,,2,,0.08,,,0.62,0.0608,25,,5,,0.2,,11,0.44,,4,0.16
basic_master,heiwajima_player_master.csv,828,0.155,6.7978,,,0.0,,,,,,,,0.3729,,,,0.6667,,,,,,0.0,藤　本　　元　輝,,,,,5179,,4,,0.2222,,,0.6562,0.055,18,,1,,0.0556,,8,0.4444,,3,0.1667
basic_master,heiwajima_player_master.csv,829,0.1807,7.0033,,,0.0,,,,,,,,0.3725,,,,0.0,,,,,,0.0,松　下　　直　也,,,,,4105,,4,,0.2667,,,0.5794,0.0673,15,,3,,0.2,,8,0.5333,,1,0.0667
basic_master,heiwajima_player_master.csv,830,0.1603,6.8233,,,0.1333,,,,,,,,0.3724,,,,0.0,,,,,,0.0,向　井　　美　鈴,,,,,4017,,9,,0.2308,,,0.6287,0.0594,39,,5,,0.1282,,18,0.4615,,4,0.1026
basic_master,heiwajima_player_master.csv,831,0.1731,6.77,,,0.0,,,,,,,,0.3722,,,,0.0,,,,,,0.25,青　木　　　　蓮,,,,,5220,,2,,0.1538,,,0.6494,0.0561,13,,5,,0.3846,,7,0.5385,,0,0.0
basic_master,heiwajima_player_master.csv,832,0.2032,6.6968,,,0.1111,,,,,,,,0.3718,,,,0.0,,,,,,0.0,来　田　　衣　織,,,,,5003,,4,,0.2105,,,0.6719,0.0525,19,,4,,0.2105,,9,0.4737,,1,0.0526
basic_master,heiwajima_player_master.csv,833,0.1038,6.8694,,,0.1429,,,,,,,,0.3718,,,,0.0,,,,,,0.0,川　原　　正　明,,,,,3912,,2,,0.125,,,0.7094,0.0465,16,,1,,0.0625,,6,0.375,,3,0.1875
basic_master,heiwajima_player_master.csv,834,0.1526,6.7921,,,0.0,,,,,,,,0.3716,,,,0.25,,,,,,0.2,石　田　　貴　洋,,,,,5005,,3,,0.1579,,,0.6081,0.0627,19,,6,,0.3158,,10,0.5263,,1,0.0526
basic_master,heiwajima_player_master.csv,835,0.1612,6.8082,,,0.1429,,,,,,,,0.3713,,,,0.3333,,,,,,0.3333,赤　井　　　　睦,,,,,4733,,2,,0.1176,,,0.6381,0.0579,17,,2,,0.1176,,7,0.4118,,3,0.1765
basic_master,heiwajima_player_master.csv,836,0.1761,6.8439,,,0.0769,,,,,,,,0.3711,,,,0.1429,,,,,,0.25,川　北　　浩　貴,,,,,3606,,6,,0.1579,,,0.5869,0.0661,38,,7,,0.1842,,18,0.4737,,5,0.1316
basic_master,heiwajima_player_master.csv,837,0.158,6.8734,,,0.0,,,,,,,,0.3705,,,,0.3333,,,,,,0.1111,藤　井　　　　徹,,,,,3507,,12,,0.2143,,,0.6963,0.0486,56,,9,,0.1607,,26,0.4643,,5,0.0893
basic_master,heiwajima_player_master.csv,838,0.1682,6.8143,,,0.0,,,,,,,,0.3702,,,,0.5,,,,,,0.1111,森　　　　智　也,,,,,4633,,6,,0.2143,,,0.6369,0.0581,28,,6,,0.2143,,14,0.5,,2,0.0714
basic_master,heiwajima_player_master.csv,839,0.1494,6.8864,,,0.0,,,,,,,,0.3698,,,,0.1667,,,,,,0.0,古　場　　輝　義,,,,,3161,,9,,0.25,,,0.6544,0.0553,36,,7,,0.1944,,18,0.5,,2,0.0556
basic_master,heiwajima_player_master.csv,840,0.1358,6.8325,,,0.0,,,,,,,,0.3696,,,,0.5,,,,,,0.0,落　合　　直　子,,,,,4289,,2,,0.1667,,,0.6188,0.061,12,,3,,0.25,,6,0.5,,1,0.0833
basic_master,heiwajima_player_master.csv,841,0.1321,6.8371,,,0.1,,,,,,,,0.3694,,,,0.5,,,,,,0.1111,坂　野　　さくら,,,,,5156,,4,,0.1429,,,0.5381,0.0739,28,,7,,0.25,,14,0.5,,3,0.1071
basic_master,heiwajima_player_master.csv,842,0.1752,6.8652,,,0.1538,,,,,,,,0.3689,,,,0.5,,,,,,0.1667,磯　村　　　　匠,,,,,4641,,2,,0.0741,,,0.6194,0.0609,27,,4,,0.1481,,11,0.4074,,5,0.1852
basic_master,heiwajima_player_master.csv,843,0.1422,6.8322,,,0.0,,,,,,,,0.3689,,,,0.5,,,,,,0.0,小　野　　　　桜,,,,,3994,,1,,0.1111,,,0.7056,0.0471,9,,2,,0.2222,,4,0.4444,,1,0.1111
basic_master,heiwajima_player_master.csv,844,0.123,7.073,,,0.0,,,,,,,,0.3688,,,,0.0,,,,,,0.3333,桂　林　　　　寛,,,,,3726,,2,,0.2,,,0.7188,0.045,10,,3,,0.3,,5,0.5,,0,0.0
basic_master,heiwajima_player_master.csv,845,0.1713,6.7815,,,0.0,,,,,,,,0.3685,,,,0.3333,,,,,,0.1579,田　邉　　亮　蔵,,,,,4995,,13,,0.194,,,0.6375,0.058,67,,12,,0.1791,,32,0.4776,,7,0.1045
basic_master,heiwajima_player_master.csv,846,0.16,6.8937,,,0.0,,,,,,,,0.3684,,,,0.5,,,,,,0.2222,近　藤　　雄一郎,,,,,5007,,4,,0.125,,,0.6,0.064,32,,9,,0.2812,,16,0.5,,3,0.0938
basic_master,heiwajima_player_master.csv,847,0.1856,6.7789,,,0.0,,,,,,,,0.3679,,,,0.0,,,,,,0.0,寳　田　　亮　治,,,,,3523,,2,,0.2222,,,0.7006,0.0479,9,,1,,0.1111,,4,0.4444,,1,0.1111
basic_master,heiwajima_player_master.csv,848,0.1465,6.7775,,,0.1429,,,,,,,,0.3678,,,,0.0,,,,,,0.0,平　尾　　崇　典,,,,,3822,,4,,0.2,,,0.68,0.0512,20,,1,,0.05,,8,0.4,,3,0.15
basic_master,heiwajima_player_master.csv,849,0.1679,6.8582,,,0.0,,,,,,,,0.3672,,,,0.3333,,,,,,0.1429,沖　島　　広　和,,,,,3986,,6,,0.1818,,,0.5938,0.065,33,,6,,0.1818,,16,0.4848,,4,0.1212
basic_master,heiwajima_player_master.csv,850,0.143,6.936,,,0.0,,,,,,,,0.367,,,,1.0,,,,,,0.3333,竹　本　　太　樹,,,,,4162,,0,,0.0,,,0.46,0.0864,10,,3,,0.3,,5,0.5,,2,0.2
basic_master,heiwajima_player_master.csv,851,0.1944,6.8631,,,0.0,,,,,,,,0.3668,,,,1.0,,,,,,0.2727,浮　田　　圭　浩,,,,,4202,,3,,0.0938,,,0.545,0.0728,32,,6,,0.1875,,15,0.4688,,6,0.1875
basic_master,heiwajima_player_master.csv,852,0.1446,6.81,,,0.0,,,,,,,,0.3668,,,,0.5,,,,,,0.6667,岡　本　　翔太郎,,,,,5000,,1,,0.0769,,,0.6994,0.0481,13,,4,,0.3077,,6,0.4615,,1,0.0769
basic_master,heiwajima_player_master.csv,853,0.1643,6.6614,,,0.0,,,,,,,,0.3662,,,,0.0,,,,,,0.0,山　下　　拓　巳,,,,,5273,,1,,0.1429,,,0.5094,0.0785,7,,0,,0.0,,3,0.4286,,2,0.2857
basic_master,heiwajima_player_master.csv,854,0.1805,6.833,,,0.1667,,,,,,,,0.3658,,,,0.0,,,,,,0.1919,阿　波　　勝　哉,,,,,3857,,23,,0.2018,,,0.5919,0.0653,114,,23,,0.2018,,54,0.4737,,8,0.0702
basic_master,heiwajima_player_master.csv,855,0.1761,6.8602,,,0.0,,,,,,,,0.3657,,,,0.6,,,,,,0.1111,橋　本　　久　和,,,,,3475,,13,,0.2203,,,0.4175,0.0932,59,,10,,0.1695,,32,0.5424,,9,0.1525
basic_master,heiwajima_player_master.csv,856,0.1212,6.9138,,,0.0,,,,,,,,0.3654,,,,0.6667,,,,,,0.0,金　子　　良　昭,,,,,3156,,3,,0.1875,,,0.6863,0.0502,16,,2,,0.125,,7,0.4375,,2,0.125
basic_master,heiwajima_player_master.csv,857,0.1623,6.8641,,,0.0,,,,,,,,0.3647,,,,0.4,,,,,,0.1481,三　品　　隆　浩,,,,,3202,,18,,0.1895,,,0.6394,0.0577,95,,18,,0.1895,,45,0.4737,,9,0.0947
basic_master,heiwajima_player_master.csv,858,0.1375,7.0412,,,0.0,,,,,,,,0.3647,,,,0.0,,,,,,0.5,永　田　　義　紘,,,,,4374,,1,,0.125,,,0.6987,0.0482,8,,3,,0.375,,4,0.5,,0,0.0
basic_master,heiwajima_player_master.csv,859,0.1832,6.812,,,0.1429,,,,,,,,0.3646,,,,0.0,,,,,,0.2222,山　口　　修　路,,,,,4367,,4,,0.16,,,0.6213,0.0606,25,,7,,0.28,,12,0.48,,1,0.04
basic_master,heiwajima_player_master.csv,860,0.1463,6.68,,,0.1667,,,,,,,,0.3646,,,,0.3333,,,,,,0.1429,大　野　　芳　顕,,,,,4363,,4,,0.2105,,,0.6606,0.0543,19,,2,,0.1053,,8,0.4211,,2,0.1053
basic_master,heiwajima_player_master.csv,861,0.1517,6.94,,,0.0,,,,,,,,0.3643,,,,1.0,,,,,,0.3333,北　川　　幸　典,,,,,3054,,2,,0.1667,,,0.6756,0.0519,12,,1,,0.0833,,5,0.4167,,2,0.1667
basic_master,heiwajima_player_master.csv,862,0.157,6.8362,,,0.0714,,,,,,,,0.3641,,,,0.2857,,,,,,0.25,小　倉　　康　典,,,,,4203,,5,,0.125,,,0.7038,0.0474,40,,8,,0.2,,17,0.425,,4,0.1
basic_master,heiwajima_player_master.csv,863,0.1433,6.8961,,,0.0,,,,,,,,0.364,,,,0.3333,,,,,,0.1667,菊　池　　宏　志,,,,,4871,,2,,0.1111,,,0.6813,0.051,18,,4,,0.2222,,8,0.4444,,2,0.1111
basic_master,heiwajima_player_master.csv,864,0.1574,6.7528,,,0.0833,,,,,,,,0.3639,,,,0.75,,,,,,0.2632,佃　　　　來　紀,,,,,5289,,5,,0.1282,,,0.6113,0.0622,39,,9,,0.2308,,18,0.4615,,4,0.1026
basic_master,heiwajima_player_master.csv,865,0.1467,6.8433,,,0.0,,,,,,,,0.3639,,,,0.0,,,,,,0.0,柳　瀬　　興　志,,,,,3661,,2,,0.3333,,,0.6944,0.0489,6,,1,,0.1667,,3,0.5,,0,0.0
basic_master,heiwajima_player_master.csv,866,0.1507,6.8646,,,0.1333,,,,,,,,0.3635,,,,0.1429,,,,,,0.0,後　藤　　隼　之,,,,,4676,,6,,0.1463,,,0.58,0.0672,41,,6,,0.1463,,18,0.439,,6,0.1463
basic_master,heiwajima_player_master.csv,867,0.1532,6.8568,,,0.1,,,,,,,,0.3635,,,,0.4,,,,,,0.2,安　田　　吉　宏,,,,,4461,,3,,0.0968,,,0.6625,0.054,31,,6,,0.1935,,13,0.4194,,4,0.129
basic_master,heiwajima_player_master.csv,868,0.1831,6.8776,,,0.0,,,,,,,,0.363,,,,0.6,,,,,,0.2,木　村　　浩　士,,,,,4113,,5,,0.1724,,,0.6687,0.053,29,,2,,0.069,,12,0.4138,,5,0.1724
basic_master,heiwajima_player_master.csv,869,0.1632,6.9224,,,0.0,,,,,,,,0.3624,,,,0.4,,,,,,0.4167,大　谷　　健　太,,,,,4836,,5,,0.2,,,0.6319,0.0589,25,,5,,0.2,,12,0.48,,2,0.08
basic_master,heiwajima_player_master.csv,870,0.17,6.9359,,,0.0,,,,,,,,0.3624,,,,0.6667,,,,,,0.0,伊　達　　正　利,,,,,3718,,3,,0.1364,,,0.7212,0.0446,22,,3,,0.1364,,9,0.4091,,3,0.1364
basic_master,heiwajima_player_master.csv,871,0.1323,6.7514,,,0.0,,,,,,,,0.3624,,,,0.3333,,,,,,0.0,前　川　　守　嗣,,,,,4195,,5,,0.2273,,,0.7325,0.0428,22,,4,,0.1818,,10,0.4545,,1,0.0455
basic_master,heiwajima_player_master.csv,872,0.1173,6.8873,,,0.0,,,,,,,,0.3623,,,,0.5,,,,,,0.25,汐　崎　　正　則,,,,,3893,,2,,0.1333,,,0.595,0.0648,15,,3,,0.2,,7,0.4667,,2,0.1333
basic_master,heiwajima_player_master.csv,873,0.1831,6.8562,,,0.0,,,,,,,,0.3621,,,,0.5,,,,,,0.1667,明　石　　正　之,,,,,3828,,2,,0.1538,,,0.4838,0.0826,13,,1,,0.0769,,6,0.4615,,3,0.2308
basic_master,heiwajima_player_master.csv,874,0.2043,6.9081,,,0.0,,,,,,,,0.3619,,,,0.3333,,,,,,0.2,安　達　　美　帆,,,,,3778,,7,,0.3333,,,0.4644,0.0857,21,,4,,0.1905,,12,0.5714,,1,0.0476
basic_master,heiwajima_player_master.csv,875,0.1495,6.601,,,0.3333,,,,,,,,0.3618,,,,0.0,,,,,,0.1111,重　富　　伸　也,,,,,4213,,1,,0.05,,,0.555,0.0712,20,,4,,0.2,,8,0.4,,3,0.15
basic_master,heiwajima_player_master.csv,876,0.16,6.7522,,,0.0,,,,,,,,0.3616,,,,0.0,,,,,,0.3333,片　岡　　秀　樹,,,,,4167,,1,,0.1111,,,0.5581,0.0707,9,,4,,0.4444,,5,0.5556,,0,0.0
basic_master,heiwajima_player_master.csv,877,0.1421,6.904,,,0.04,,,,,,,,0.3615,,,,0.25,,,,,,0.0,西　舘　　　　健,,,,,4345,,9,,0.125,,,0.725,0.044,72,,11,,0.1528,,29,0.4028,,9,0.125
basic_master,heiwajima_player_master.csv,878,0.1881,6.8972,,,0.0385,,,,,,,,0.361,,,,0.2941,,,,,,0.15,吉　田　　宗　弘,,,,,4093,,14,,0.1867,,,0.6325,0.0588,75,,12,,0.16,,34,0.4533,,8,0.1067
basic_master,heiwajima_player_master.csv,879,0.1457,6.8705,,,0.0,,,,,,,,0.361,,,,0.5,,,,,,0.0667,川　尻　　泰　輔,,,,,4175,,11,,0.25,,,0.6406,0.0575,44,,4,,0.0909,,20,0.4545,,5,0.1136
basic_master,heiwajima_player_master.csv,880,0.1756,6.7467,,,0.25,,,,,,,,0.3606,,,,0.0,,,,,,0.0,向井田　　佑　紀,,,,,4811,,1,,0.1111,,,0.7894,0.0337,9,,1,,0.1111,,3,0.3333,,1,0.1111
basic_master,heiwajima_player_master.csv,881,0.1596,6.8784,,,0.1,,,,,,,,0.3605,,,,0.3,,,,,,0.3077,浦　田　　信　義,,,,,3226,,7,,0.14,,,0.5425,0.0732,50,,9,,0.18,,23,0.46,,7,0.14
basic_master,heiwajima_player_master.csv,882,0.1913,6.9587,,,0.0,,,,,,,,0.3601,,,,0.5,,,,,,0.0,岡　田　　憲　行,,,,,3872,,3,,0.2,,,0.5837,0.0666,15,,2,,0.1333,,7,0.4667,,2,0.1333
basic_master,heiwajima_player_master.csv,883,0.1896,6.7971,,,0.0,,,,,,,,0.3599,,,,0.3333,,,,,,0.0,小　山　　　　勉,,,,,4488,,10,,0.4167,,,0.435,0.0904,24,,3,,0.125,,14,0.5833,,1,0.0417
basic_master,heiwajima_player_master.csv,884,0.184,6.92,,,0.0,,,,,,,,0.359,,,,1.0,,,,,,0.0,高　井　　雄　基,,,,,5125,,1,,0.2,,,0.645,0.0568,5,,0,,0.0,,2,0.4,,1,0.2
basic_master,heiwajima_player_master.csv,885,0.155,6.717,,,0.25,,,,,,,,0.3586,,,,0.0,,,,,,0.3333,森　　　　智　哉,,,,,5181,,0,,0.0,,,0.6431,0.0571,10,,3,,0.3,,4,0.4,,1,0.1
basic_master,heiwajima_player_master.csv,886,0.151,6.83,,,0.2,,,,,,,,0.3583,,,,0.0,,,,,,0.5,山　下　　夏　鈴,,,,,5013,,0,,0.0,,,0.5413,0.0734,10,,2,,0.2,,4,0.4,,2,0.2
basic_master,heiwajima_player_master.csv,887,0.16,6.9853,,,0.0,,,,,,,,0.3582,,,,0.0,,,,,,0.2,坂　東　　　　満,,,,,3286,,1,,0.0667,,,0.6575,0.0548,15,,5,,0.3333,,7,0.4667,,1,0.0667
basic_master,heiwajima_player_master.csv,888,0.1525,6.795,,,0.0,,,,,,,,0.358,,,,0.6,,,,,,0.1538,中　村　　将　隆,,,,,4982,,5,,0.1389,,,0.5537,0.0714,36,,7,,0.1944,,17,0.4722,,5,0.1389
basic_master,heiwajima_player_master.csv,889,0.1505,6.88,,,0.0,,,,,,,,0.3577,,,,0.25,,,,,,0.375,眞　鳥　　章　太,,,,,5055,,4,,0.2,,,0.6512,0.0558,20,,3,,0.15,,9,0.45,,2,0.1
basic_master,heiwajima_player_master.csv,890,0.1537,6.9134,,,0.0714,,,,,,,,0.3574,,,,0.1429,,,,,,0.1111,乙　津　　康　志,,,,,3463,,9,,0.2571,,,0.5869,0.0661,35,,6,,0.1714,,17,0.4857,,2,0.0571
basic_master,heiwajima_player_master.csv,891,0.1295,6.8133,,,0.0,,,,,,,,0.3569,,,,0.5,,,,,,0.1667,木　下　　雄　介,,,,,5050,,4,,0.1905,,,0.7012,0.0478,21,,3,,0.1429,,9,0.4286,,2,0.0952
basic_master,heiwajima_player_master.csv,892,0.1496,6.805,,,0.0909,,,,,,,,0.3566,,,,0.0,,,,,,0.1429,梶　原　　　　正,,,,,3714,,5,,0.1923,,,0.6512,0.0558,26,,6,,0.2308,,12,0.4615,,1,0.0385
basic_master,heiwajima_player_master.csv,893,0.1425,6.7838,,,0.0,,,,,,,,0.3565,,,,0.3333,,,,,,0.2,柴　田　　百　恵,,,,,5019,,3,,0.1875,,,0.5794,0.0673,16,,4,,0.25,,8,0.5,,1,0.0625
basic_master,heiwajima_player_master.csv,894,0.1477,6.78,,,0.3333,,,,,,,,0.3563,,,,0.0,,,,,,0.0,佐々木　　裕　美,,,,,4045,,1,,0.0769,,,0.6338,0.0586,13,,0,,0.0,,4,0.3077,,3,0.2308
basic_master,heiwajima_player_master.csv,895,0.1534,6.9124,,,0.1818,,,,,,,,0.3556,,,,0.75,,,,,,0.0,長谷川　　雅　和,,,,,4580,,4,,0.1379,,,0.575,0.068,29,,1,,0.0345,,11,0.3793,,6,0.2069
basic_master,heiwajima_player_master.csv,896,0.163,6.777,,,0.1333,,,,,,,,0.3552,,,,0.2857,,,,,,0.2857,伊　藤　　尚　汰,,,,,5022,,4,,0.0909,,,0.6244,0.0601,44,,11,,0.25,,19,0.4318,,4,0.0909
basic_master,heiwajima_player_master.csv,897,0.13,6.8268,,,0.0769,,,,,,,,0.3551,,,,0.3333,,,,,,0.2143,山　口　　晃　朋,,,,,5269,,6,,0.1765,,,0.5975,0.0644,34,,5,,0.1471,,15,0.4412,,4,0.1176
basic_master,heiwajima_player_master.csv,898,0.1474,6.9421,,,0.0,,,,,,,,0.3551,,,,0.5,,,,,,0.1667,渡　邊　　伸太郎,,,,,3284,,1,,0.0526,,,0.565,0.0696,19,,3,,0.1579,,8,0.4211,,4,0.2105
basic_master,heiwajima_player_master.csv,899,0.159,6.8434,,,0.0,,,,,,,,0.355,,,,0.3077,,,,,,0.1053,齋　藤　　　　勇,,,,,3277,,10,,0.1695,,,0.6394,0.0577,59,,12,,0.2034,,27,0.4576,,5,0.0847
basic_master,heiwajima_player_master.csv,900,0.1533,6.7044,,,0.25,,,,,,,,0.355,,,,0.0,,,,,,0.0,福　岡　　泉　水,,,,,4965,,1,,0.1111,,,0.6225,0.0604,9,,0,,0.0,,3,0.3333,,2,0.2222
basic_master,heiwajima_player_master.csv,901,0.1289,6.8978,,,0.0,,,,,,,,0.355,,,,0.0,,,,,,0.0,花　田　　和　明,,,,,3687,,2,,0.2222,,,0.775,0.036,9,,2,,0.2222,,4,0.4444,,0,0.0
basic_master,heiwajima_player_master.csv,902,0.145,6.9983,,,0.0,,,,,,,,0.355,,,,1.0,,,,,,0.0,横　田　　　　茂,,,,,3615,,0,,0.0,,,0.8169,0.0293,6,,1,,0.1667,,2,0.3333,,1,0.1667
basic_master,heiwajima_player_master.csv,903,0.1712,6.8204,,,0.0588,,,,,,,,0.3546,,,,0.4286,,,,,,0.0526,櫻　井　　　　優,,,,,5035,,8,,0.1569,,,0.6456,0.0567,51,,6,,0.1176,,21,0.4118,,7,0.1373
basic_master,heiwajima_player_master.csv,904,0.1649,6.7365,,,0.0714,,,,,,,,0.3543,,,,0.1667,,,,,,0.0833,寺　島　　吉　彦,,,,,4723,,4,,0.1081,,,0.5938,0.065,37,,7,,0.1892,,16,0.4324,,5,0.1351
basic_master,heiwajima_player_master.csv,905,0.1865,6.777,,,0.0,,,,,,,,0.3543,,,,0.3333,,,,,,0.25,一　色　　凌　雅,,,,,5082,,6,,0.2609,,,0.6412,0.0574,23,,4,,0.1739,,11,0.4783,,1,0.0435
basic_master,heiwajima_player_master.csv,906,0.1441,6.8488,,,0.075,,,,,,,,0.354,,,,0.4737,,,,,,0.1364,西　田　　　　靖,,,,,3072,,13,,0.1182,,,0.5256,0.0759,110,,18,,0.1636,,49,0.4455,,18,0.1636
basic_master,heiwajima_player_master.csv,907,0.147,6.7519,,,0.1429,,,,,,,,0.3539,,,,0.5,,,,,,0.1,石　塚　　裕　介,,,,,4431,,4,,0.1481,,,0.5594,0.0705,27,,5,,0.1852,,12,0.4444,,3,0.1111
basic_master,heiwajima_player_master.csv,908,0.1454,6.8188,,,0.0,,,,,,,,0.3536,,,,0.25,,,,,,0.1111,水　原　　　　慎,,,,,4691,,5,,0.1923,,,0.5856,0.0663,26,,4,,0.1538,,12,0.4615,,3,0.1154
basic_master,heiwajima_player_master.csv,909,0.1703,6.9088,,,0.0667,,,,,,,,0.3532,,,,0.4,,,,,,0.0,富　永　　大　一,,,,,4555,,6,,0.1818,,,0.5962,0.0646,33,,6,,0.1818,,15,0.4545,,3,0.0909
basic_master,heiwajima_player_master.csv,910,0.19,6.6943,,,0.5,,,,,,,,0.3527,,,,0.0,,,,,,0.0,中　谷　　朋　子,,,,,3845,,1,,0.1429,,,0.6919,0.0493,7,,0,,0.0,,2,0.2857,,1,0.1429
basic_master,heiwajima_player_master.csv,911,0.1878,6.7067,,,0.0,,,,,,,,0.3525,,,,0.0,,,,,,0.25,垂　水　　　　悠,,,,,5199,,1,,0.1111,,,0.5125,0.078,9,,4,,0.4444,,5,0.5556,,0,0.0
basic_master,heiwajima_player_master.csv,912,0.1456,6.88,,,0.0769,,,,,,,,0.3524,,,,0.2857,,,,,,0.2,松　尾　　　　充,,,,,4754,,5,,0.1163,,,0.6656,0.0535,43,,9,,0.2093,,18,0.4186,,4,0.093
basic_master,heiwajima_player_master.csv,913,0.1763,6.8738,,,0.0,,,,,,,,0.3519,,,,0.5,,,,,,0.0,小　芦　　るり華,,,,,4938,,3,,0.375,,,0.4781,0.0835,8,,0,,0.0,,4,0.5,,1,0.125
basic_master,heiwajima_player_master.csv,914,0.1895,6.8732,,,0.0,,,,,,,,0.3518,,,,0.0,,,,,,0.3333,木　幡　　純　也,,,,,4785,,6,,0.3158,,,0.575,0.068,19,,4,,0.2105,,10,0.5263,,0,0.0
basic_master,heiwajima_player_master.csv,915,0.1341,6.9377,,,0.0,,,,,,,,0.3513,,,,0.75,,,,,,0.1429,小　西　　英　輝,,,,,4056,,2,,0.0909,,,0.6544,0.0553,22,,1,,0.0455,,8,0.3636,,5,0.2273
basic_master,heiwajima_player_master.csv,916,0.1543,6.7321,,,0.0,,,,,,,,0.3512,,,,0.0,,,,,,0.0,胡　本　　悟　志,,,,,3878,,1,,0.0714,,,0.7025,0.0476,14,,4,,0.2857,,6,0.4286,,1,0.0714
basic_master,heiwajima_player_master.csv,917,0.17,7.0678,,,0.0,,,,,,,,0.351,,,,0.0,,,,,,0.3333,村　岡　　　　賢,,,,,4343,,1,,0.1111,,,0.755,0.0392,9,,3,,0.3333,,4,0.4444,,0,0.0
basic_master,heiwajima_player_master.csv,918,0.1344,6.7889,,,0.3333,,,,,,,,0.3506,,,,0.0,,,,,,0.0,遠　藤　　エ　ミ,,,,,4502,,0,,0.0,,,0.5588,0.0706,9,,1,,0.1111,,3,0.3333,,2,0.2222
basic_master,heiwajima_player_master.csv,919,0.168,6.7673,,,0.0,,,,,,,,0.3505,,,,1.0,,,,,,0.1429,福　嶋　　智　之,,,,,4054,,4,,0.2667,,,0.5356,0.0743,15,,1,,0.0667,,7,0.4667,,2,0.1333
basic_master,heiwajima_player_master.csv,920,0.1883,6.8583,,,0.0,,,,,,,,0.3502,,,,0.6667,,,,,,0.2222,荻　野　　裕　介,,,,,4085,,5,,0.119,,,0.5306,0.0751,42,,10,,0.2381,,20,0.4762,,5,0.119
basic_master,heiwajima_player_master.csv,921,0.135,6.733,,,0.0,,,,,,,,0.3501,,,,1.0,,,,,,0.0,和　合　　俊　介,,,,,4268,,2,,0.2,,,0.7256,0.0439,10,,1,,0.1,,4,0.4,,1,0.1
basic_master,heiwajima_player_master.csv,922,0.1367,6.815,,,0.0,,,,,,,,0.3498,,,,0.0,,,,,,0.0,山　田　　真　聖,,,,,5067,,0,,0.0,,,0.7906,0.0335,6,,1,,0.1667,,2,0.3333,,1,0.1667
basic_master,heiwajima_player_master.csv,923,0.141,6.696,,,0.1667,,,,,,,,0.3492,,,,0.0,,,,,,0.5,三　木　　晴　斗,,,,,5249,,1,,0.1,,,0.6375,0.058,10,,2,,0.2,,4,0.4,,1,0.1
basic_master,heiwajima_player_master.csv,924,0.1464,6.8309,,,0.0,,,,,,,,0.349,,,,0.5,,,,,,0.0,岡　部　　貴　司,,,,,3708,,3,,0.2727,,,0.6088,0.0626,11,,1,,0.0909,,5,0.4545,,1,0.0909
basic_master,heiwajima_player_master.csv,925,0.161,6.727,,,0.25,,,,,,,,0.3489,,,,1.0,,,,,,0.0,本　橋　　克　洋,,,,,3655,,0,,0.0,,,0.5694,0.0689,10,,0,,0.0,,3,0.3,,3,0.3
basic_master,heiwajima_player_master.csv,926,0.1213,6.9207,,,0.1429,,,,,,,,0.3482,,,,0.2857,,,,,,0.2143,秋　田　　健太郎,,,,,3808,,5,,0.1087,,,0.7238,0.0442,46,,5,,0.1087,,16,0.3478,,6,0.1304
basic_master,heiwajima_player_master.csv,927,0.1822,6.9111,,,0.0,,,,,,,,0.3477,,,,0.0,,,,,,0.0,眞　鳥　　康　太,,,,,5048,,1,,0.1111,,,0.7388,0.0418,9,,3,,0.3333,,4,0.4444,,0,0.0
basic_master,heiwajima_player_master.csv,928,0.1526,6.8553,,,0.0588,,,,,,,,0.3476,,,,0.4286,,,,,,0.0,大　月　　遊　雅,,,,,5190,,6,,0.1579,,,0.6294,0.0593,38,,6,,0.1579,,16,0.4211,,4,0.1053
basic_master,heiwajima_player_master.csv,929,0.1288,6.87,,,0.0,,,,,,,,0.3475,,,,0.5,,,,,,0.0,松　井　　洪　弥,,,,,4824,,0,,0.0,,,0.8625,0.022,8,,0,,0.0,,2,0.25,,2,0.25
basic_master,heiwajima_player_master.csv,930,0.1507,6.8376,,,0.1034,,,,,,,,0.3473,,,,0.2,,,,,,0.1667,國　分　　将太郎,,,,,5047,,9,,0.125,,,0.5737,0.0682,72,,11,,0.1528,,30,0.4167,,10,0.1389
basic_master,heiwajima_player_master.csv,931,0.159,6.802,,,0.0,,,,,,,,0.347,,,,0.5,,,,,,0.0,間　庭　　菜　摘,,,,,4947,,2,,0.2,,,0.585,0.0664,10,,0,,0.0,,4,0.4,,2,0.2
basic_master,heiwajima_player_master.csv,932,0.1541,6.829,,,0.1429,,,,,,,,0.3464,,,,0.1429,,,,,,0.1667,本　吉　　正　樹,,,,,3313,,10,,0.2439,,,0.5262,0.0758,41,,6,,0.1463,,19,0.4634,,3,0.0732
basic_master,heiwajima_player_master.csv,933,0.1389,6.8578,,,0.2143,,,,,,,,0.3464,,,,0.4286,,,,,,0.1111,寺　島　　美　里,,,,,4891,,2,,0.0541,,,0.6313,0.059,37,,5,,0.1351,,13,0.3514,,6,0.1622
basic_master,heiwajima_player_master.csv,934,0.1718,6.7912,,,0.1429,,,,,,,,0.3461,,,,0.25,,,,,,0.2,喜　多　　那由夏,,,,,4246,,2,,0.1176,,,0.5856,0.0663,17,,3,,0.1765,,7,0.4118,,2,0.1176
basic_master,heiwajima_player_master.csv,935,0.1883,6.965,,,0.0,,,,,,,,0.3461,,,,0.0,,,,,,0.0,前　野　　竜　一,,,,,4015,,1,,0.1667,,,0.3969,0.0965,6,,1,,0.1667,,3,0.5,,1,0.1667
basic_master,heiwajima_player_master.csv,936,0.171,6.669,,,0.0,,,,,,,,0.346,,,,0.5,,,,,,0.3333,杉　山　　太　陽,,,,,5271,,1,,0.1,,,0.705,0.0472,10,,2,,0.2,,4,0.4,,1,0.1
basic_master,heiwajima_player_master.csv,937,0.1632,6.9395,,,0.0,,,,,,,,0.3459,,,,0.3333,,,,,,0.1667,関　根　　彰　人,,,,,4258,,3,,0.1579,,,0.7163,0.0454,19,,4,,0.2105,,8,0.4211,,1,0.0526
basic_master,heiwajima_player_master.csv,938,0.1481,6.8771,,,0.0,,,,,,,,0.3454,,,,0.6667,,,,,,0.4,山　崎　　裕　司,,,,,4163,,2,,0.0952,,,0.6438,0.057,21,,5,,0.2381,,9,0.4286,,2,0.0952
basic_master,heiwajima_player_master.csv,939,0.15,6.7653,,,0.0,,,,,,,,0.3452,,,,0.75,,,,,,0.0,浜　崎　　準　也,,,,,4782,,3,,0.1579,,,0.5813,0.067,19,,2,,0.1053,,8,0.4211,,3,0.1579
basic_master,heiwajima_player_master.csv,940,0.175,6.8783,,,0.0,,,,,,,,0.345,,,,0.0,,,,,,0.0,赤　澤　　文　香,,,,,4098,,1,,0.1667,,,0.6,0.064,6,,2,,0.3333,,3,0.5,,0,0.0
basic_master,heiwajima_player_master.csv,941,0.1547,6.8318,,,0.0,,,,,,,,0.3442,,,,0.0,,,,,,0.25,高　田　　　　綾,,,,,4694,,3,,0.1765,,,0.6475,0.0564,17,,2,,0.1176,,7,0.4118,,2,0.1176
basic_master,heiwajima_player_master.csv,942,0.152,6.944,,,0.0,,,,,,,,0.3441,,,,0.3333,,,,,,0.0,岡　部　　　　哲,,,,,3807,,0,,0.0,,,0.6956,0.0487,10,,3,,0.3,,4,0.4,,1,0.1
basic_master,heiwajima_player_master.csv,943,0.145,7.0137,,,0.0,,,,,,,,0.3441,,,,0.0,,,,,,0.3333,横　澤　　剛　治,,,,,3956,,1,,0.125,,,0.7206,0.0447,8,,1,,0.125,,3,0.375,,1,0.125
basic_master,heiwajima_player_master.csv,944,0.1769,7.0485,,,0.1111,,,,,,,,0.3438,,,,0.5,,,,,,0.0,東　　　　潤　樹,,,,,4574,,1,,0.0769,,,0.7788,0.0354,13,,1,,0.0769,,4,0.3077,,2,0.1538
basic_master,heiwajima_player_master.csv,945,0.1487,6.9139,,,0.0,,,,,,,,0.3434,,,,0.4,,,,,,0.1111,淺　香　　文　武,,,,,3712,,5,,0.2174,,,0.63,0.0592,23,,3,,0.1304,,10,0.4348,,2,0.087
basic_master,heiwajima_player_master.csv,946,0.16,6.7953,,,0.2,,,,,,,,0.3434,,,,0.5,,,,,,0.0,金　子　　貴　志,,,,,3814,,2,,0.1333,,,0.5506,0.0719,15,,2,,0.1333,,6,0.4,,2,0.1333
basic_master,heiwajima_player_master.csv,947,0.1688,7.0263,,,0.25,,,,,,,,0.3434,,,,0.0,,,,,,0.0,林　　　　恵　祐,,,,,3928,,1,,0.125,,,0.5919,0.0653,8,,1,,0.125,,3,0.375,,1,0.125
basic_master,heiwajima_player_master.csv,948,0.1982,6.7971,,,0.0769,,,,,,,,0.3425,,,,0.4,,,,,,0.1,山　口　　真喜子,,,,,5129,,8,,0.2353,,,0.4681,0.0851,34,,4,,0.1176,,16,0.4706,,4,0.1176
basic_master,heiwajima_player_master.csv,949,0.1393,6.8234,,,0.16,,,,,,,,0.3414,,,,0.3077,,,,,,0.1304,伊　倉　　　　光,,,,,4779,,6,,0.0811,,,0.6069,0.0629,74,,12,,0.1622,,28,0.3784,,10,0.1351
basic_master,heiwajima_player_master.csv,950,0.1624,6.9138,,,0.0,,,,,,,,0.3412,,,,0.4,,,,,,0.0909,中　里　　昌　志,,,,,3546,,3,,0.0811,,,0.7194,0.0449,37,,7,,0.1892,,14,0.3784,,4,0.1081
basic_master,heiwajima_player_master.csv,951,0.1694,6.7959,,,0.1818,,,,,,,,0.3412,,,,0.25,,,,,,0.2727,伏　島　　祐　介,,,,,4815,,6,,0.1765,,,0.6444,0.0569,34,,4,,0.1176,,13,0.3824,,3,0.0882
basic_master,heiwajima_player_master.csv,952,0.1396,6.8056,,,0.0,,,,,,,,0.3412,,,,0.2,,,,,,0.1667,内　山　　峻　輔,,,,,4954,,3,,0.12,,,0.6162,0.0614,25,,6,,0.24,,11,0.44,,2,0.08
basic_master,heiwajima_player_master.csv,953,0.1489,6.6167,,,0.3333,,,,,,,,0.3412,,,,0.5,,,,,,0.0,津　留　　浩一郎,,,,,3773,,0,,0.0,,,0.5119,0.0781,9,,1,,0.1111,,3,0.3333,,2,0.2222
basic_master,heiwajima_player_master.csv,954,0.1627,6.8486,,,0.0,,,,,,,,0.341,,,,0.5,,,,,,0.0,西　尾　　亮　輔,,,,,4752,,4,,0.1818,,,0.5119,0.0781,22,,3,,0.1364,,10,0.4545,,3,0.1364
basic_master,heiwajima_player_master.csv,955,0.1542,6.9275,,,0.0,,,,,,,,0.3406,,,,0.5,,,,,,0.1429,信　濃　　由　行,,,,,3620,,3,,0.125,,,0.7031,0.0475,24,,3,,0.125,,9,0.375,,3,0.125
basic_master,heiwajima_player_master.csv,956,0.1971,6.6914,,,0.0,,,,,,,,0.3405,,,,0.0,,,,,,0.2,鰐　部　　太空海,,,,,5196,,1,,0.1429,,,0.5594,0.0705,7,,1,,0.1429,,3,0.4286,,1,0.1429
basic_master,heiwajima_player_master.csv,957,0.1477,6.8503,,,0.0909,,,,,,,,0.3404,,,,0.0,,,,,,0.25,冨　田　　秀　幸,,,,,3519,,5,,0.1429,,,0.685,0.0504,35,,7,,0.2,,14,0.4,,2,0.0571
basic_master,heiwajima_player_master.csv,958,0.1388,6.8475,,,0.1111,,,,,,,,0.3404,,,,0.3333,,,,,,0.1429,幸　野　　史　明,,,,,4406,,5,,0.2083,,,0.6987,0.0482,24,,2,,0.0833,,9,0.375,,2,0.0833
basic_master,heiwajima_player_master.csv,959,0.1648,6.9396,,,0.2222,,,,,,,,0.3401,,,,0.0,,,,,,0.0,加　木　　　　郁,,,,,3581,,5,,0.2,,,0.6294,0.0593,25,,1,,0.04,,9,0.36,,3,0.12
basic_master,heiwajima_player_master.csv,960,0.2047,6.994,,,0.0,,,,,,,,0.34,,,,1.0,,,,,,0.4286,村　上　　奈　穂,,,,,4844,,1,,0.0667,,,0.4,0.096,15,,3,,0.2,,7,0.4667,,3,0.2
basic_master,heiwajima_player_master.csv,961,0.1696,6.8962,,,0.1364,,,,,,,,0.3399,,,,0.1111,,,,,,0.0,森　作　　広　大,,,,,4421,,7,,0.14,,,0.5613,0.0702,50,,9,,0.18,,21,0.42,,5,0.1
basic_master,heiwajima_player_master.csv,962,0.1373,6.8147,,,0.0,,,,,,,,0.3389,,,,0.3333,,,,,,0.1,占　部　　一　真,,,,,4899,,4,,0.1333,,,0.6281,0.0595,30,,4,,0.1333,,12,0.4,,4,0.1333
basic_master,heiwajima_player_master.csv,963,0.1697,6.8644,,,0.3077,,,,,,,,0.3386,,,,0.0,,,,,,0.1538,楠　　　　将太郎,,,,,5246,,1,,0.0312,,,0.5,0.08,32,,6,,0.1875,,12,0.375,,5,0.1562
basic_master,heiwajima_player_master.csv,964,0.1655,6.8741,,,0.0,,,,,,,,0.3383,,,,0.6667,,,,,,0.25,山　本　　隆　幸,,,,,4025,,4,,0.1818,,,0.6575,0.0548,22,,3,,0.1364,,9,0.4091,,2,0.0909
basic_master,heiwajima_player_master.csv,965,0.1591,6.8114,,,0.0,,,,,,,,0.3367,,,,0.6667,,,,,,0.0,柴　田　　友　和,,,,,4023,,3,,0.1364,,,0.695,0.0488,22,,2,,0.0909,,8,0.3636,,3,0.1364
basic_master,heiwajima_player_master.csv,966,0.1433,6.7652,,,0.0909,,,,,,,,0.3365,,,,0.4,,,,,,0.1818,酒　井　　俊　弘,,,,,4692,,4,,0.1212,,,0.5613,0.0702,33,,4,,0.1212,,13,0.3939,,5,0.1515
basic_master,heiwajima_player_master.csv,967,0.1731,6.82,,,0.0,,,,,,,,0.3358,,,,1.0,,,,,,0.0,田　中　　太一郎,,,,,4196,,2,,0.1538,,,0.6213,0.0606,13,,1,,0.0769,,5,0.3846,,2,0.1538
basic_master,heiwajima_player_master.csv,968,0.162,7.016,,,0.0,,,,,,,,0.3358,,,,0.0,,,,,,0.0,池　田　　奈津美,,,,,4874,,3,,0.6,,,0.3288,0.1074,5,,0,,0.0,,3,0.6,,0,0.0
basic_master,heiwajima_player_master.csv,969,0.1709,6.8479,,,0.0909,,,,,,,,0.3357,,,,0.2857,,,,,,0.2727,半　田　　尚　也,,,,,4708,,7,,0.2059,,,0.53,0.0752,34,,5,,0.1471,,15,0.4412,,3,0.0882
basic_master,heiwajima_player_master.csv,970,0.1505,6.8579,,,0.1429,,,,,,,,0.3356,,,,0.25,,,,,,0.0,清　水　　未　唯,,,,,5171,,3,,0.1579,,,0.5275,0.0756,19,,3,,0.1579,,8,0.4211,,2,0.1053
basic_master,heiwajima_player_master.csv,971,0.1608,6.8535,,,0.0,,,,,,,,0.3351,,,,0.25,,,,,,0.0,寺　本　　昇　平,,,,,3947,,6,,0.2308,,,0.6275,0.0596,26,,3,,0.1154,,11,0.4231,,2,0.0769
basic_master,heiwajima_player_master.csv,972,0.1657,7.0329,,,0.0,,,,,,,,0.3351,,,,0.0,,,,,,0.0,寺　嶋　　　　雄,,,,,3870,,2,,0.2857,,,0.7112,0.0462,7,,1,,0.1429,,3,0.4286,,0,0.0
basic_master,heiwajima_player_master.csv,973,0.1797,6.8485,,,0.0,,,,,,,,0.335,,,,0.3636,,,,,,0.2222,増　田　　　　進,,,,,3569,,5,,0.082,,,0.6669,0.0533,61,,13,,0.2131,,24,0.3934,,6,0.0984
basic_master,heiwajima_player_master.csv,974,0.1814,6.85,,,0.0,,,,,,,,0.3349,,,,0.0,,,,,,0.0,塩　田　　雄　一,,,,,3578,,2,,0.2857,,,0.71,0.0464,7,,1,,0.1429,,3,0.4286,,0,0.0
basic_master,heiwajima_player_master.csv,975,0.1345,6.8173,,,0.0,,,,,,,,0.3348,,,,0.6667,,,,,,0.0,中　村　　かなえ,,,,,4998,,1,,0.0455,,,0.6287,0.0594,22,,3,,0.1364,,8,0.3636,,4,0.1818
basic_master,heiwajima_player_master.csv,976,0.1347,6.8679,,,0.0833,,,,,,,,0.3347,,,,0.25,,,,,,0.2308,三　浦　　裕　貴,,,,,4863,,6,,0.1765,,,0.6319,0.0589,34,,6,,0.1765,,14,0.4118,,2,0.0588
basic_master,heiwajima_player_master.csv,977,0.126,6.831,,,0.0,,,,,,,,0.3345,,,,0.5,,,,,,0.0,土　井　　祥　伍,,,,,4905,,2,,0.2,,,0.6475,0.0564,10,,1,,0.1,,4,0.4,,1,0.1
basic_master,heiwajima_player_master.csv,978,0.1369,6.8012,,,0.1429,,,,,,,,0.3344,,,,0.0,,,,,,0.2,宇　恵　　有　香,,,,,5204,,2,,0.125,,,0.6787,0.0514,16,,3,,0.1875,,6,0.375,,1,0.0625
basic_master,heiwajima_player_master.csv,979,0.1876,6.7288,,,0.0,,,,,,,,0.3341,,,,0.3333,,,,,,0.0,小　野　　勇　作,,,,,4006,,1,,0.0588,,,0.7294,0.0433,17,,3,,0.1765,,6,0.3529,,2,0.1176
basic_master,heiwajima_player_master.csv,980,0.1459,6.7541,,,0.1667,,,,,,,,0.3336,,,,0.0,,,,,,0.25,澁　川　　　　夏,,,,,5325,,3,,0.1111,,,0.5756,0.0679,27,,6,,0.2222,,11,0.4074,,2,0.0741
basic_master,heiwajima_player_master.csv,981,0.1647,6.9353,,,0.0,,,,,,,,0.3333,,,,0.0,,,,,,0.1,牧　山　　敦　也,,,,,4981,,2,,0.1333,,,0.6831,0.0507,15,,3,,0.2,,6,0.4,,1,0.0667
basic_master,heiwajima_player_master.csv,982,0.1119,6.8919,,,0.0,,,,,,,,0.3323,,,,0.5,,,,,,0.0,吉　川　　勇　作,,,,,4705,,1,,0.0625,,,0.7238,0.0442,16,,1,,0.0625,,5,0.3125,,3,0.1875
basic_master,heiwajima_player_master.csv,983,0.1842,6.9018,,,0.0,,,,,,,,0.3321,,,,0.5,,,,,,0.0,阪　本　　勇　介,,,,,4562,,2,,0.0606,,,0.7212,0.0446,33,,4,,0.1212,,11,0.3333,,5,0.1515
basic_master,heiwajima_player_master.csv,984,0.1726,6.8368,,,0.125,,,,,,,,0.3321,,,,0.3333,,,,,,0.1667,今　出　　晋　二,,,,,3949,,3,,0.1579,,,0.6375,0.058,19,,2,,0.1053,,7,0.3684,,2,0.1053
basic_master,heiwajima_player_master.csv,985,0.1471,6.7871,,,0.0,,,,,,,,0.3318,,,,1.0,,,,,,0.0,中　島　　友　和,,,,,3784,,0,,0.0,,,0.8375,0.026,7,,1,,0.1429,,2,0.2857,,1,0.1429
basic_master,heiwajima_player_master.csv,986,0.1591,6.8272,,,0.0,,,,,,,,0.3312,,,,0.25,,,,,,0.2143,品　川　　賢　次,,,,,3653,,9,,0.1957,,,0.6669,0.0533,46,,5,,0.1087,,18,0.3913,,4,0.087
basic_master,heiwajima_player_master.csv,987,0.1856,6.8616,,,0.0,,,,,,,,0.3305,,,,0.0,,,,,,0.2143,土　屋　　太　朗,,,,,3441,,8,,0.1778,,,0.5969,0.0645,45,,10,,0.2222,,20,0.4444,,2,0.0444
basic_master,heiwajima_player_master.csv,988,0.1668,6.7891,,,0.1111,,,,,,,,0.3305,,,,1.0,,,,,,0.125,城　間　　盛　渚,,,,,5274,,2,,0.0909,,,0.4494,0.0881,22,,3,,0.1364,,9,0.4091,,4,0.1818
basic_master,heiwajima_player_master.csv,989,0.1967,7.0967,,,0.0,,,,,,,,0.3301,,,,0.0,,,,,,0.5,安　田　　政　彦,,,,,3572,,1,,0.1667,,,0.5256,0.0759,6,,2,,0.3333,,3,0.5,,0,0.0
basic_master,heiwajima_player_master.csv,990,0.1548,7.03,,,0.0,,,,,,,,0.33,,,,0.5,,,,,,0.2857,妻　鳥　　晋　也,,,,,4821,,4,,0.1905,,,0.5669,0.0693,21,,3,,0.1429,,9,0.4286,,2,0.0952
basic_master,heiwajima_player_master.csv,991,0.1626,6.8838,,,0.0556,,,,,,,,0.3298,,,,0.1538,,,,,,0.2353,大　塚　　康　雅,,,,,4875,,14,,0.2414,,,0.5869,0.0661,58,,8,,0.1379,,25,0.431,,3,0.0517
basic_master,heiwajima_player_master.csv,992,0.1686,6.8971,,,0.2222,,,,,,,,0.3296,,,,0.5,,,,,,0.0,松　本　　　　怜,,,,,5148,,3,,0.1071,,,0.51,0.0784,28,,2,,0.0714,,10,0.3571,,5,0.1786
basic_master,heiwajima_player_master.csv,993,0.1981,6.7581,,,0.0,,,,,,,,0.3292,,,,0.3333,,,,,,0.0,中　村　　栄　治,,,,,5085,,2,,0.125,,,0.5837,0.0666,16,,4,,0.25,,7,0.4375,,1,0.0625
basic_master,heiwajima_player_master.csv,994,0.1505,6.808,,,0.0,,,,,,,,0.3289,,,,0.0,,,,,,0.2,池　田　　剛　規,,,,,4674,,5,,0.25,,,0.6319,0.0589,20,,4,,0.2,,9,0.45,,0,0.0
basic_master,heiwajima_player_master.csv,995,0.1333,6.8233,,,0.0,,,,,,,,0.3286,,,,0.3333,,,,,,0.3333,大　澤　　誠　也,,,,,5074,,2,,0.1111,,,0.6987,0.0482,18,,4,,0.2222,,7,0.3889,,1,0.0556
basic_master,heiwajima_player_master.csv,996,0.1386,6.8557,,,0.0,,,,,,,,0.3286,,,,0.0,,,,,,0.5,野　中　　義　生,,,,,3294,,2,,0.1429,,,0.5894,0.0657,14,,3,,0.2143,,6,0.4286,,1,0.0714
basic_master,heiwajima_player_master.csv,997,0.1571,6.8324,,,0.0,,,,,,,,0.3275,,,,0.0,,,,,,0.0,植　田　　太　一,,,,,4679,,5,,0.2381,,,0.6613,0.0542,21,,1,,0.0476,,8,0.381,,2,0.0952
basic_master,heiwajima_player_master.csv,998,0.2072,6.7056,,,0.1667,,,,,,,,0.3267,,,,0.0,,,,,,0.0,茶　谷　　　　桜,,,,,3994,,1,,0.0556,,,0.7306,0.0431,18,,4,,0.2222,,6,0.3333,,1,0.0556
basic_master,heiwajima_player_master.csv,999,0.1806,7.0025,,,0.0,,,,,,,,0.3265,,,,0.5,,,,,,0.25,長谷川　　　　充,,,,,3619,,1,,0.0625,,,0.5544,0.0713,16,,2,,0.125,,6,0.375,,3,0.1875
basic_master,heiwajima_player_master.csv,1000,0.1519,6.8367,,,0.0,,,,,,,,0.3263,,,,0.25,,,,,,0.1667,藤　森　　陸　斗,,,,,5160,,3,,0.1429,,,0.655,0.0552,21,,3,,0.1429,,8,0.381,,2,0.0952
basic_master,heiwajima_player_master.csv,1001,0.1717,6.9317,,,0.2222,,,,,,,,0.3262,,,,0.5,,,,,,0.0,井　上　　恵　一,,,,,3627,,1,,0.0556,,,0.4363,0.0902,18,,3,,0.1667,,7,0.3889,,3,0.1667
basic_master,heiwajima_player_master.csv,1002,0.2175,6.7938,,,0.3333,,,,,,,,0.3262,,,,0.0,,,,,,0.0,内　山　　七　海,,,,,5155,,0,,0.0,,,0.5894,0.0657,8,,0,,0.0,,2,0.25,,2,0.25
basic_master,heiwajima_player_master.csv,1003,0.171,6.8541,,,0.0909,,,,,,,,0.326,,,,0.25,,,,,,0.1429,渥　美　　卓　郎,,,,,4197,,1,,0.0345,,,0.5588,0.0706,29,,6,,0.2069,,11,0.3793,,4,0.1379
basic_master,heiwajima_player_master.csv,1004,0.1818,6.86,,,0.0,,,,,,,,0.3258,,,,0.1429,,,,,,0.2308,樋　口　　範　政,,,,,4081,,3,,0.0789,,,0.5831,0.0667,38,,10,,0.2632,,16,0.4211,,3,0.0789
basic_master,heiwajima_player_master.csv,1005,0.1711,6.9678,,,0.3333,,,,,,,,0.3256,,,,0.0,,,,,,0.0,石　田　　政　吾,,,,,3635,,2,,0.2222,,,0.5725,0.0684,9,,0,,0.0,,3,0.3333,,1,0.1111
basic_master,heiwajima_player_master.csv,1006,0.1535,6.8281,,,0.0667,,,,,,,,0.3255,,,,0.3,,,,,,0.0714,今　泉　　　　徹,,,,,3827,,5,,0.1042,,,0.6931,0.0491,48,,8,,0.1667,,17,0.3542,,4,0.0833
basic_master,heiwajima_player_master.csv,1007,0.1637,6.8621,,,0.0,,,,,,,,0.3253,,,,0.25,,,,,,0.1667,平　瀬　　城　啓,,,,,4339,,3,,0.1579,,,0.6131,0.0619,19,,4,,0.2105,,8,0.4211,,1,0.0526
basic_master,heiwajima_player_master.csv,1008,0.1792,6.8004,,,0.1,,,,,,,,0.325,,,,0.6,,,,,,0.0,大　澤　　真　菜,,,,,4414,,4,,0.1538,,,0.6038,0.0634,26,,1,,0.0385,,9,0.3462,,4,0.1538
basic_master,heiwajima_player_master.csv,1009,0.1474,6.8157,,,0.0,,,,,,,,0.3248,,,,0.5714,,,,,,0.1667,金　子　　猛　志,,,,,3482,,8,,0.1905,,,0.6475,0.0564,42,,4,,0.0952,,16,0.381,,4,0.0952
basic_master,heiwajima_player_master.csv,1010,0.1254,6.8884,,,0.0769,,,,,,,,0.3248,,,,0.1667,,,,,,0.1,多羅尾　　達　之,,,,,3859,,4,,0.1081,,,0.66,0.0544,37,,5,,0.1351,,13,0.3514,,4,0.1081
basic_master,heiwajima_player_master.csv,1011,0.1364,6.8714,,,0.1667,,,,,,,,0.3248,,,,0.3333,,,,,,0.375,酒　井　　陽　祐,,,,,4837,,1,,0.0455,,,0.6088,0.0626,22,,5,,0.2273,,8,0.3636,,2,0.0909
basic_master,heiwajima_player_master.csv,1012,0.1658,6.7658,,,0.2857,,,,,,,,0.3245,,,,0.25,,,,,,0.1429,平　岡　　重　典,,,,,3107,,0,,0.0,,,0.5737,0.0682,24,,5,,0.2083,,8,0.3333,,3,0.125
basic_master,heiwajima_player_master.csv,1013,0.1285,6.7577,,,0.0,,,,,,,,0.3241,,,,0.0,,,,,,0.25,齋　藤　　達　希,,,,,4740,,2,,0.1538,,,0.755,0.0392,13,,3,,0.2308,,5,0.3846,,0,0.0
basic_master,heiwajima_player_master.csv,1014,0.1643,6.7852,,,0.0,,,,,,,,0.3239,,,,0.4,,,,,,0.0,米　田　　隆　弘,,,,,3643,,1,,0.0476,,,0.5363,0.0742,21,,6,,0.2857,,9,0.4286,,2,0.0952
basic_master,heiwajima_player_master.csv,1015,0.1757,6.7498,,,0.0667,,,,,,,,0.3237,,,,0.5,,,,,,0.1176,山　崎　　聖　司,,,,,3812,,6,,0.1364,,,0.6763,0.0518,44,,4,,0.0909,,15,0.3409,,5,0.1136
basic_master,heiwajima_player_master.csv,1016,0.1618,6.8075,,,0.0303,,,,,,,,0.3234,,,,0.2105,,,,,,0.1515,池　田　　雷　太,,,,,3340,,20,,0.1942,,,0.575,0.068,103,,13,,0.1262,,42,0.4078,,9,0.0874
basic_master,heiwajima_player_master.csv,1017,0.1541,6.8887,,,0.0909,,,,,,,,0.3232,,,,0.0,,,,,,0.0833,宇　野　　博　之,,,,,4129,,3,,0.0769,,,0.6025,0.0636,39,,6,,0.1538,,14,0.359,,5,0.1282
basic_master,heiwajima_player_master.csv,1018,0.1708,6.8604,,,0.0,,,,,,,,0.323,,,,0.5,,,,,,0.1429,宮　地　　秀　祈,,,,,3742,,2,,0.0769,,,0.5669,0.0693,26,,7,,0.2692,,11,0.4231,,2,0.0769
basic_master,heiwajima_player_master.csv,1019,0.1648,6.8636,,,0.1,,,,,,,,0.3228,,,,0.4,,,,,,0.2727,川　添　　英　正,,,,,3566,,2,,0.0606,,,0.6625,0.054,33,,5,,0.1515,,11,0.3333,,4,0.1212
basic_master,heiwajima_player_master.csv,1020,0.1638,6.8113,,,0.1429,,,,,,,,0.3228,,,,0.3333,,,,,,0.25,西　村　　豪　洋,,,,,4565,,1,,0.0625,,,0.605,0.0632,16,,1,,0.0625,,5,0.3125,,3,0.1875
basic_master,heiwajima_player_master.csv,1021,0.1522,6.8556,,,0.0769,,,,,,,,0.3219,,,,0.0,,,,,,0.2222,木　村　　亮　太,,,,,4648,,6,,0.1875,,,0.6181,0.0611,32,,6,,0.1875,,13,0.4062,,1,0.0312
basic_master,heiwajima_player_master.csv,1022,0.193,6.706,,,0.0,,,,,,,,0.3211,,,,0.0,,,,,,0.3333,岡　本　　慎　治,,,,,3081,,2,,0.2,,,0.5806,0.0671,10,,1,,0.1,,4,0.4,,1,0.1
basic_master,heiwajima_player_master.csv,1023,0.1712,6.8388,,,0.0,,,,,,,,0.3206,,,,0.0,,,,,,0.0,下　田　　哲　也,,,,,3832,,8,,0.3077,,,0.5644,0.0697,26,,4,,0.1538,,12,0.4615,,0,0.0
basic_master,heiwajima_player_master.csv,1024,0.1562,6.8817,,,0.2,,,,,,,,0.3202,,,,0.25,,,,,,0.1111,宇　土　　泰　就,,,,,3752,,5,,0.2083,,,0.6469,0.0565,24,,1,,0.0417,,8,0.3333,,2,0.0833
basic_master,heiwajima_player_master.csv,1025,0.137,6.8015,,,0.05,,,,,,,,0.3201,,,,0.25,,,,,,0.1111,片　岡　　大　地,,,,,4911,,8,,0.1509,,,0.5662,0.0694,53,,8,,0.1509,,21,0.3962,,5,0.0943
basic_master,heiwajima_player_master.csv,1026,0.151,6.754,,,0.0,,,,,,,,0.3196,,,,0.5,,,,,,0.0,廣　瀬　　将　亨,,,,,4040,,1,,0.1,,,0.5731,0.0683,10,,2,,0.2,,4,0.4,,1,0.1
basic_master,heiwajima_player_master.csv,1027,0.187,6.93,,,0.0,,,,,,,,0.3192,,,,0.25,,,,,,0.0,山　本　　浩　次,,,,,3558,,3,,0.1304,,,0.5088,0.0786,23,,5,,0.2174,,10,0.4348,,2,0.087
basic_master,heiwajima_player_master.csv,1028,0.1817,6.7908,,,0.0,,,,,,,,0.3183,,,,0.5,,,,,,0.0,金　田　　大　輔,,,,,4277,,0,,0.0,,,0.7375,0.042,12,,3,,0.25,,4,0.3333,,1,0.0833
basic_master,heiwajima_player_master.csv,1029,0.1508,6.6875,,,0.2,,,,,,,,0.318,,,,0.3333,,,,,,0.5,中　山　　翔　太,,,,,5256,,0,,0.0,,,0.5319,0.0749,12,,2,,0.1667,,4,0.3333,,2,0.1667
basic_master,heiwajima_player_master.csv,1030,0.1586,6.9414,,,0.0,,,,,,,,0.318,,,,0.0,,,,,,0.0,大　串　　重　幸,,,,,4241,,3,,0.4286,,,0.6256,0.0599,7,,0,,0.0,,3,0.4286,,0,0.0
basic_master,heiwajima_player_master.csv,1031,0.1734,6.8754,,,0.1111,,,,,,,,0.3179,,,,0.2857,,,,,,0.1818,大　塚　　雅　治,,,,,5063,,3,,0.0857,,,0.6194,0.0609,35,,5,,0.1429,,12,0.3429,,4,0.1143
basic_master,heiwajima_player_master.csv,1032,0.1465,6.7624,,,0.1667,,,,,,,,0.3173,,,,0.5,,,,,,0.0,松　田　　淳　平,,,,,5275,,1,,0.0588,,,0.5475,0.0724,17,,0,,0.0,,5,0.2941,,4,0.2353
basic_master,heiwajima_player_master.csv,1033,0.1867,7.0362,,,0.0,,,,,,,,0.3168,,,,0.3333,,,,,,0.125,佐々木　　英　樹,,,,,3584,,5,,0.2083,,,0.6881,0.0499,24,,3,,0.125,,9,0.375,,1,0.0417
basic_master,heiwajima_player_master.csv,1034,0.1965,6.8223,,,0.0,,,,,,,,0.3165,,,,0.5,,,,,,0.1667,荒　牧　　凪　沙,,,,,5041,,4,,0.1538,,,0.5344,0.0745,26,,5,,0.1923,,11,0.4231,,2,0.0769
basic_master,heiwajima_player_master.csv,1035,0.1856,6.8928,,,0.0,,,,,,,,0.3165,,,,0.3333,,,,,,0.0,山　下　　奈　緒,,,,,5151,,4,,0.2222,,,0.5131,0.0779,18,,3,,0.1667,,8,0.4444,,1,0.0556
basic_master,heiwajima_player_master.csv,1036,0.1675,6.8719,,,0.0,,,,,,,,0.3161,,,,0.6667,,,,,,0.1667,土　山　　卓　也,,,,,4469,,3,,0.1875,,,0.5806,0.0671,16,,1,,0.0625,,6,0.375,,2,0.125
basic_master,heiwajima_player_master.csv,1037,0.1612,6.8873,,,0.0,,,,,,,,0.3158,,,,0.0,,,,,,0.0,豊　田　　訓　靖,,,,,3544,,4,,0.1538,,,0.5406,0.0735,26,,8,,0.3077,,12,0.4615,,0,0.0
basic_master,heiwajima_player_master.csv,1038,0.2108,6.92,,,0.0,,,,,,,,0.3149,,,,0.1667,,,,,,0.2222,貫地谷　　直　人,,,,,4097,,4,,0.1667,,,0.4912,0.0814,24,,6,,0.25,,11,0.4583,,1,0.0417
basic_master,heiwajima_player_master.csv,1039,0.2044,6.985,,,0.0,,,,,,,,0.3148,,,,0.0,,,,,,0.2,奥　田　　　　誠,,,,,4111,,3,,0.1667,,,0.6294,0.0593,18,,3,,0.1667,,7,0.3889,,1,0.0556
basic_master,heiwajima_player_master.csv,1040,0.1884,6.7908,,,0.0,,,,,,,,0.3145,,,,0.0,,,,,,0.2308,一　色　　颯　輝,,,,,5321,,5,,0.2,,,0.5325,0.0748,25,,5,,0.2,,11,0.44,,1,0.04
basic_master,heiwajima_player_master.csv,1041,0.1543,7.0129,,,0.0,,,,,,,,0.3144,,,,0.0,,,,,,0.0,高　山　　智　至,,,,,4382,,3,,0.4286,,,0.6075,0.0628,7,,0,,0.0,,3,0.4286,,0,0.0
basic_master,heiwajima_player_master.csv,1042,0.2175,6.715,,,0.0,,,,,,,,0.3141,,,,1.0,,,,,,0.0,山　本　　稔太朗,,,,,5120,,1,,0.125,,,0.5706,0.0687,8,,1,,0.125,,3,0.375,,1,0.125
basic_master,heiwajima_player_master.csv,1043,0.1164,6.9071,,,0.25,,,,,,,,0.314,,,,0.0,,,,,,0.1667,倉　尾　　大　介,,,,,3715,,3,,0.2143,,,0.5525,0.0716,14,,1,,0.0714,,5,0.3571,,1,0.0714
basic_master,heiwajima_player_master.csv,1044,0.239,6.8015,,,0.0417,,,,,,,,0.3139,,,,0.1538,,,,,,0.1905,小　澤　　　　学,,,,,4145,,11,,0.1528,,,0.6356,0.0583,72,,12,,0.1667,,27,0.375,,4,0.0556
basic_master,heiwajima_player_master.csv,1045,0.1413,6.7396,,,0.2,,,,,,,,0.3136,,,,0.5,,,,,,0.125,村　松　　将　平,,,,,5316,,2,,0.0833,,,0.52,0.0768,24,,5,,0.2083,,9,0.375,,2,0.0833
basic_master,heiwajima_player_master.csv,1046,0.1128,6.8317,,,0.0,,,,,,,,0.3124,,,,0.5,,,,,,0.2857,野　中　　一　平,,,,,4850,,0,,0.0,,,0.6731,0.0523,18,,4,,0.2222,,6,0.3333,,2,0.1111
basic_master,heiwajima_player_master.csv,1047,0.1469,6.8837,,,0.0645,,,,,,,,0.3122,,,,0.3125,,,,,,0.0833,海老澤　　泰　行,,,,,3863,,15,,0.1667,,,0.565,0.0696,90,,8,,0.0889,,33,0.3667,,10,0.1111
basic_master,heiwajima_player_master.csv,1048,0.1443,6.915,,,0.1667,,,,,,,,0.3122,,,,1.0,,,,,,0.0,松　尾　　宣　邦,,,,,3434,,1,,0.0714,,,0.5669,0.0693,14,,0,,0.0,,4,0.2857,,3,0.2143
basic_master,heiwajima_player_master.csv,1049,0.1675,6.925,,,0.1111,,,,,,,,0.3121,,,,0.0,,,,,,0.1429,上　野　　秀　和,,,,,4180,,1,,0.0417,,,0.7031,0.0475,24,,6,,0.25,,8,0.3333,,1,0.0417
basic_master,heiwajima_player_master.csv,1050,0.1591,6.8397,,,0.1,,,,,,,,0.312,,,,0.2857,,,,,,0.1818,小　澤　　和　也,,,,,4110,,4,,0.1176,,,0.6719,0.0525,34,,4,,0.1176,,11,0.3235,,3,0.0882
basic_master,heiwajima_player_master.csv,1051,0.1691,6.8327,,,0.0,,,,,,,,0.312,,,,0.3333,,,,,,0.0,井　上　　尚　悟,,,,,4750,,4,,0.1818,,,0.6281,0.0595,22,,2,,0.0909,,8,0.3636,,2,0.0909
basic_master,heiwajima_player_master.csv,1052,0.165,6.9203,,,0.0,,,,,,,,0.3116,,,,0.1667,,,,,,0.2222,齋　藤　　智　裕,,,,,3583,,7,,0.2059,,,0.4625,0.086,34,,8,,0.2353,,16,0.4706,,1,0.0294
basic_master,heiwajima_player_master.csv,1053,0.2097,6.8887,,,0.0,,,,,,,,0.3115,,,,0.3333,,,,,,0.05,山　崎　　善　庸,,,,,4103,,16,,0.2105,,,0.6038,0.0634,76,,10,,0.1316,,30,0.3947,,4,0.0526
basic_master,heiwajima_player_master.csv,1054,0.1282,6.8018,,,0.0,,,,,,,,0.3115,,,,0.0,,,,,,0.0,島　村　　隆　幸,,,,,4685,,3,,0.2727,,,0.7394,0.0417,11,,1,,0.0909,,4,0.3636,,0,0.0
basic_master,heiwajima_player_master.csv,1055,0.1789,6.7967,,,0.0,,,,,,,,0.3114,,,,0.0,,,,,,0.0,森　口　　和　紀,,,,,5219,,0,,0.0,,,0.5569,0.0709,9,,4,,0.4444,,4,0.4444,,0,0.0
basic_master,heiwajima_player_master.csv,1056,0.1519,6.8022,,,0.0,,,,,,,,0.3112,,,,0.3333,,,,,,0.375,佐　藤　　大　騎,,,,,4651,,6,,0.2222,,,0.51,0.0784,27,,5,,0.1852,,12,0.4444,,1,0.037
basic_master,heiwajima_player_master.csv,1057,0.1964,6.9429,,,0.0,,,,,,,,0.3107,,,,0.0,,,,,,0.3846,松　村　　康　太,,,,,4210,,1,,0.0357,,,0.625,0.06,28,,9,,0.3214,,11,0.3929,,1,0.0357
basic_master,heiwajima_player_master.csv,1058,0.1621,6.8164,,,0.0769,,,,,,,,0.3098,,,,0.2,,,,,,0.1429,中　渡　　修　作,,,,,3804,,4,,0.1429,,,0.5375,0.074,28,,5,,0.1786,,11,0.3929,,2,0.0714
basic_master,heiwajima_player_master.csv,1059,0.1746,6.8374,,,0.0,,,,,,,,0.3096,,,,0.25,,,,,,0.2143,板　倉　　敦　史,,,,,4615,,11,,0.22,,,0.5981,0.0643,50,,7,,0.14,,20,0.4,,2,0.04
basic_master,heiwajima_player_master.csv,1060,0.1598,6.8498,,,0.0667,,,,,,,,0.3096,,,,0.4,,,,,,0.125,伊　藤　　雄　二,,,,,3647,,1,,0.0208,,,0.5875,0.066,48,,11,,0.2292,,17,0.3542,,5,0.1042
basic_master,heiwajima_player_master.csv,1061,0.1494,6.8106,,,0.125,,,,,,,,0.3094,,,,1.0,,,,,,0.0,安　部　　慎　一,,,,,4727,,1,,0.0556,,,0.6512,0.0558,18,,1,,0.0556,,5,0.2778,,3,0.1667
basic_master,heiwajima_player_master.csv,1062,0.2079,6.8484,,,0.0,,,,,,,,0.3092,,,,0.0,,,,,,0.2,高　山　　秀　雄,,,,,3448,,5,,0.2632,,,0.3619,0.1021,19,,5,,0.2632,,10,0.5263,,0,0.0
basic_master,heiwajima_player_master.csv,1063,0.1658,6.7826,,,0.0,,,,,,,,0.3091,,,,0.0,,,,,,0.0,永　嶋　　裕　一,,,,,4394,,4,,0.2105,,,0.5981,0.0643,19,,4,,0.2105,,8,0.4211,,0,0.0
basic_master,heiwajima_player_master.csv,1064,0.16,6.884,,,0.0,,,,,,,,0.3089,,,,0.0,,,,,,0.0,表　　　　健　太,,,,,5101,,2,,0.4,,,0.6444,0.0569,5,,0,,0.0,,2,0.4,,0,0.0
basic_master,heiwajima_player_master.csv,1065,0.1775,6.8119,,,0.2,,,,,,,,0.3088,,,,0.0,,,,,,0.0,山　戸　　信　二,,,,,4747,,2,,0.125,,,0.5844,0.0665,16,,1,,0.0625,,5,0.3125,,2,0.125
basic_master,heiwajima_player_master.csv,1066,0.2019,6.83,,,0.1,,,,,,,,0.3087,,,,0.0,,,,,,0.0,小　林　　基　樹,,,,,4041,,4,,0.1905,,,0.5769,0.0677,21,,3,,0.1429,,8,0.381,,1,0.0476
basic_master,heiwajima_player_master.csv,1067,0.152,6.877,,,0.0588,,,,,,,,0.3085,,,,0.1,,,,,,0.1429,齊　藤　　大　将,,,,,4956,,10,,0.2,,,0.6081,0.0627,50,,7,,0.14,,19,0.38,,2,0.04
basic_master,heiwajima_player_master.csv,1068,0.1678,6.8228,,,0.0,,,,,,,,0.3083,,,,0.6667,,,,,,0.3333,小　野　　信　樹,,,,,3305,,1,,0.0556,,,0.5831,0.0667,18,,2,,0.1111,,6,0.3333,,3,0.1667
basic_master,heiwajima_player_master.csv,1069,0.1833,6.7017,,,0.0,,,,,,,,0.3079,,,,0.0,,,,,,0.0,浦　上　　拓　也,,,,,3881,,1,,0.1667,,,0.5813,0.067,6,,0,,0.0,,2,0.3333,,1,0.1667
basic_master,heiwajima_player_master.csv,1070,0.145,6.9592,,,0.0,,,,,,,,0.3077,,,,0.4,,,,,,0.125,籾　山　　佳　岳,,,,,4663,,2,,0.0833,,,0.6325,0.0588,24,,3,,0.125,,8,0.3333,,3,0.125
basic_master,heiwajima_player_master.csv,1071,0.1534,6.8621,,,0.125,,,,,,,,0.3075,,,,0.0,,,,,,0.0,宮　本　　裕　之,,,,,3346,,6,,0.2069,,,0.6131,0.0619,29,,2,,0.069,,10,0.3448,,2,0.069
basic_master,heiwajima_player_master.csv,1072,0.197,6.967,,,0.25,,,,,,,,0.3074,,,,0.0,,,,,,0.0,藤　田　　美　代,,,,,3551,,0,,0.0,,,0.7119,0.0461,10,,0,,0.0,,2,0.2,,2,0.2
basic_master,heiwajima_player_master.csv,1073,0.1862,6.7062,,,0.0,,,,,,,,0.3073,,,,0.0,,,,,,0.25,村　松　　遥　輝,,,,,5332,,1,,0.125,,,0.5363,0.0742,8,,1,,0.125,,3,0.375,,1,0.125
basic_master,heiwajima_player_master.csv,1074,0.1547,6.8103,,,0.1111,,,,,,,,0.3072,,,,0.3333,,,,,,0.2222,一　柳　　和　孝,,,,,3772,,6,,0.2,,,0.3056,0.1111,30,,5,,0.1667,,14,0.4667,,3,0.1
basic_master,heiwajima_player_master.csv,1075,0.2005,6.7655,,,0.1667,,,,,,,,0.3069,,,,0.3333,,,,,,0.0,奥　村　　明日香,,,,,5198,,2,,0.1,,,0.5888,0.0658,20,,1,,0.05,,6,0.3,,3,0.15
basic_master,heiwajima_player_master.csv,1076,0.1527,6.9048,,,0.1111,,,,,,,,0.3068,,,,0.3333,,,,,,0.1667,楠　原　　翔　太,,,,,4684,,3,,0.0909,,,0.5769,0.0677,33,,4,,0.1212,,11,0.3333,,4,0.1212
basic_master,heiwajima_player_master.csv,1077,0.1874,6.7911,,,0.1111,,,,,,,,0.3055,,,,0.4,,,,,,0.1111,花　本　　　　剛,,,,,4896,,3,,0.1111,,,0.4163,0.0934,27,,5,,0.1852,,11,0.4074,,3,0.1111
basic_master,heiwajima_player_master.csv,1078,0.1417,6.8767,,,0.0,,,,,,,,0.3055,,,,0.0,,,,,,0.1111,西　丸　　侑太朗,,,,,5257,,3,,0.1667,,,0.6525,0.0556,18,,4,,0.2222,,7,0.3889,,0,0.0
basic_master,heiwajima_player_master.csv,1079,0.1022,6.8856,,,0.0769,,,,,,,,0.3053,,,,0.2,,,,,,0.2222,谷　津　　幸　宏,,,,,4109,,5,,0.1562,,,0.6362,0.0582,32,,4,,0.125,,11,0.3438,,2,0.0625
basic_master,heiwajima_player_master.csv,1080,0.1448,6.8792,,,0.0,,,,,,,,0.3041,,,,0.5,,,,,,0.0,西　川　　新太郎,,,,,4016,,5,,0.2,,,0.7006,0.0479,25,,1,,0.04,,8,0.32,,2,0.08
basic_master,heiwajima_player_master.csv,1081,0.1703,6.8609,,,0.0,,,,,,,,0.3038,,,,0.125,,,,,,0.0909,山　来　　和　人,,,,,3141,,7,,0.2059,,,0.5556,0.0711,34,,6,,0.1765,,14,0.4118,,1,0.0294
basic_master,heiwajima_player_master.csv,1082,0.1473,6.8933,,,0.0,,,,,,,,0.3037,,,,0.5,,,,,,0.0,坪　内　　　　実,,,,,3370,,3,,0.2,,,0.685,0.0504,15,,1,,0.0667,,5,0.3333,,1,0.0667
basic_master,heiwajima_player_master.csv,1083,0.1144,6.8922,,,0.0,,,,,,,,0.3032,,,,0.0,,,,,,0.3333,永　田　　郁　弥,,,,,4453,,2,,0.2222,,,0.7662,0.0374,9,,1,,0.1111,,3,0.3333,,0,0.0
basic_master,heiwajima_player_master.csv,1084,0.2023,6.862,,,0.0909,,,,,,,,0.3023,,,,0.0,,,,,,0.3636,吉　田　　祐　貴,,,,,4724,,5,,0.1667,,,0.5244,0.0761,30,,6,,0.2,,12,0.4,,1,0.0333
basic_master,heiwajima_player_master.csv,1085,0.1379,6.8746,,,0.1667,,,,,,,,0.3021,,,,0.3333,,,,,,0.1818,大　崎　　　　翔,,,,,4656,,0,,0.0,,,0.6669,0.0533,24,,5,,0.2083,,7,0.2917,,2,0.0833
basic_master,heiwajima_player_master.csv,1086,0.1733,6.9156,,,0.0,,,,,,,,0.3016,,,,0.5,,,,,,0.0,富　永　　　　茂,,,,,3491,,0,,0.0,,,0.6194,0.0609,9,,2,,0.2222,,3,0.3333,,1,0.1111
basic_master,heiwajima_player_master.csv,1087,0.165,6.7619,,,0.0,,,,,,,,0.3015,,,,0.5,,,,,,0.0,貞　兼　　淳　二,,,,,3702,,5,,0.3125,,,0.5856,0.0663,16,,0,,0.0,,6,0.375,,1,0.0625
basic_master,heiwajima_player_master.csv,1088,0.1368,6.8809,,,0.0833,,,,,,,,0.3013,,,,0.3333,,,,,,0.0,牟　田　　奨　太,,,,,4988,,2,,0.0909,,,0.5331,0.0747,22,,4,,0.1818,,8,0.3636,,2,0.0909
basic_master,heiwajima_player_master.csv,1089,0.1839,6.9161,,,0.1,,,,,,,,0.3003,,,,0.6667,,,,,,0.0,加　藤　　　　翔,,,,,4327,,1,,0.0435,,,0.5494,0.0721,23,,2,,0.087,,7,0.3043,,4,0.1739
basic_master,heiwajima_player_master.csv,1090,0.1671,6.7665,,,0.1429,,,,,,,,0.3001,,,,0.5,,,,,,0.2,中　田　　夕　貴,,,,,4900,,2,,0.1176,,,0.4881,0.0819,17,,2,,0.1176,,6,0.3529,,2,0.1176
basic_master,heiwajima_player_master.csv,1091,0.1869,6.9087,,,0.0,,,,,,,,0.2995,,,,0.5,,,,,,0.2,大　石　　真　央,,,,,5079,,2,,0.125,,,0.4975,0.0804,16,,2,,0.125,,6,0.375,,2,0.125
basic_master,heiwajima_player_master.csv,1092,0.1807,6.822,,,0.0,,,,,,,,0.2994,,,,0.5,,,,,,0.0,下　河　　雅　史,,,,,4395,,2,,0.1333,,,0.4306,0.0911,15,,2,,0.1333,,6,0.4,,2,0.1333
basic_master,heiwajima_player_master.csv,1093,0.1389,6.9083,,,0.0,,,,,,,,0.2991,,,,0.5,,,,,,0.0,安　藤　　裕　貴,,,,,3831,,1,,0.0556,,,0.6619,0.0541,18,,1,,0.0556,,5,0.2778,,3,0.1667
basic_master,heiwajima_player_master.csv,1094,0.1772,6.8372,,,0.0,,,,,,,,0.2981,,,,0.0,,,,,,0.1,平　池　　仁　志,,,,,3553,,6,,0.1875,,,0.5375,0.074,32,,6,,0.1875,,13,0.4062,,1,0.0312
basic_master,heiwajima_player_master.csv,1095,0.1493,6.8125,,,0.1,,,,,,,,0.298,,,,0.0,,,,,,0.1667,上　村　　宏　太,,,,,4945,,6,,0.1364,,,0.565,0.0696,44,,8,,0.1818,,16,0.3636,,2,0.0455
basic_master,heiwajima_player_master.csv,1096,0.14,7.0778,,,0.0,,,,,,,,0.2964,,,,0.0,,,,,,0.3333,原　村　　拓　也,,,,,4894,,1,,0.1111,,,0.7319,0.0429,9,,2,,0.2222,,3,0.3333,,0,0.0
basic_master,heiwajima_player_master.csv,1097,0.1214,6.89,,,0.0,,,,,,,,0.2962,,,,0.0,,,,,,0.0,川　原　　　　涼,,,,,5137,,1,,0.1429,,,0.3381,0.1059,7,,1,,0.1429,,3,0.4286,,1,0.1429
basic_master,heiwajima_player_master.csv,1098,0.1341,6.8997,,,0.0,,,,,,,,0.296,,,,0.3333,,,,,,0.1,村　田　　　　敦,,,,,4211,,2,,0.0588,,,0.6713,0.0526,34,,4,,0.1176,,10,0.2941,,4,0.1176
basic_master,heiwajima_player_master.csv,1099,0.1471,6.76,,,0.0,,,,,,,,0.2959,,,,1.0,,,,,,0.0,梅　木　　敬　太,,,,,4876,,1,,0.1429,,,0.6581,0.0547,7,,0,,0.0,,2,0.2857,,1,0.1429
basic_master,heiwajima_player_master.csv,1100,0.2059,6.79,,,0.0,,,,,,,,0.2951,,,,0.0,,,,,,0.4,仲　本　　　　舜,,,,,5258,,1,,0.0588,,,0.6081,0.0627,17,,4,,0.2353,,6,0.3529,,1,0.0588
basic_master,heiwajima_player_master.csv,1101,0.1512,6.8063,,,0.0,,,,,,,,0.2951,,,,0.0,,,,,,0.0,篠　崎　　仁　志,,,,,4477,,0,,0.0,,,0.4756,0.0839,8,,2,,0.25,,3,0.375,,1,0.125
basic_master,heiwajima_player_master.csv,1102,0.192,6.986,,,0.0,,,,,,,,0.2948,,,,0.0,,,,,,0.1667,中　尾　　優　香,,,,,5192,,1,,0.1,,,0.7988,0.0322,10,,2,,0.2,,3,0.3,,0,0.0
basic_master,heiwajima_player_master.csv,1103,0.1652,6.9424,,,0.0,,,,,,,,0.2946,,,,0.0,,,,,,0.2,岩　津　　徹　郎,,,,,3935,,4,,0.1905,,,0.6156,0.0615,21,,4,,0.1905,,8,0.381,,0,0.0
basic_master,heiwajima_player_master.csv,1104,0.1744,6.7044,,,0.0,,,,,,,,0.2945,,,,0.0,,,,,,0.0,佐　藤　　太　亮,,,,,5170,,3,,0.1667,,,0.4725,0.0844,18,,5,,0.2778,,8,0.4444,,0,0.0
basic_master,heiwajima_player_master.csv,1105,0.1203,6.8155,,,0.0,,,,,,,,0.2932,,,,0.6,,,,,,0.0,樅　山　　拓　馬,,,,,5232,,6,,0.1818,,,0.6025,0.0636,33,,2,,0.0606,,11,0.3333,,3,0.0909
basic_master,heiwajima_player_master.csv,1106,0.1338,6.9096,,,0.1111,,,,,,,,0.292,,,,0.25,,,,,,0.125,川　口　　貴　久,,,,,4128,,3,,0.125,,,0.6438,0.057,24,,2,,0.0833,,7,0.2917,,2,0.0833
basic_master,heiwajima_player_master.csv,1107,0.1815,6.8521,,,0.0,,,,,,,,0.2917,,,,0.3333,,,,,,0.25,井　芹　　大　志,,,,,3869,,3,,0.0769,,,0.6125,0.062,39,,7,,0.1795,,13,0.3333,,3,0.0769
basic_master,heiwajima_player_master.csv,1108,0.1768,6.87,,,0.25,,,,,,,,0.2915,,,,0.0,,,,,,0.0,宇田川　　信　一,,,,,4660,,0,,0.0,,,0.7075,0.0468,22,,3,,0.1364,,5,0.2273,,2,0.0909
basic_master,heiwajima_player_master.csv,1109,0.1462,6.9773,,,0.2308,,,,,,,,0.2908,,,,0.5,,,,,,0.0,菊　地　　敬　介,,,,,4898,,2,,0.0541,,,0.5275,0.0756,37,,2,,0.0541,,10,0.2703,,6,0.1622
basic_master,heiwajima_player_master.csv,1110,0.2009,6.8904,,,0.0,,,,,,,,0.2908,,,,0.0,,,,,,0.1,松　瀬　　弘　美,,,,,3474,,5,,0.2174,,,0.5194,0.0769,23,,3,,0.1304,,9,0.3913,,1,0.0435
basic_master,heiwajima_player_master.csv,1111,0.1378,6.7889,,,0.0,,,,,,,,0.29,,,,0.0,,,,,,0.0,栗　山　　繁　洋,,,,,3224,,3,,0.3333,,,0.7,0.048,9,,0,,0.0,,3,0.3333,,0,0.0
basic_master,heiwajima_player_master.csv,1112,0.1175,6.9019,,,0.0,,,,,,,,0.2895,,,,0.0,,,,,,0.0,黒　田　　　　剛,,,,,5244,,2,,0.125,,,0.7444,0.0409,16,,3,,0.1875,,5,0.3125,,0,0.0
basic_master,heiwajima_player_master.csv,1113,0.1539,6.8802,,,0.1176,,,,,,,,0.2892,,,,0.2727,,,,,,0.0,森　　　　弘　行,,,,,3467,,6,,0.1017,,,0.6713,0.0526,59,,5,,0.0847,,16,0.2712,,5,0.0847
basic_master,heiwajima_player_master.csv,1114,0.15,6.9207,,,0.0,,,,,,,,0.2885,,,,0.1667,,,,,,0.0714,芹　澤　　克　彦,,,,,3990,,3,,0.075,,,0.6737,0.0522,40,,6,,0.15,,12,0.3,,3,0.075
basic_master,heiwajima_player_master.csv,1115,0.1306,6.897,,,0.0,,,,,,,,0.2883,,,,0.2,,,,,,0.0,須　藤　　隆　雄,,,,,3889,,2,,0.0606,,,0.5781,0.0675,33,,6,,0.1818,,11,0.3333,,3,0.0909
basic_master,heiwajima_player_master.csv,1116,0.1544,6.9122,,,0.0,,,,,,,,0.2876,,,,0.0,,,,,,0.0,河　上　　哲　也,,,,,3753,,2,,0.2222,,,0.6881,0.0499,9,,1,,0.1111,,3,0.3333,,0,0.0
basic_master,heiwajima_player_master.csv,1117,0.16,6.9187,,,0.0,,,,,,,,0.2875,,,,0.3333,,,,,,0.125,石　川　　哲　秀,,,,,3950,,3,,0.1304,,,0.6006,0.0639,23,,4,,0.1739,,8,0.3478,,1,0.0435
basic_master,heiwajima_player_master.csv,1118,0.1567,6.8652,,,0.0,,,,,,,,0.2875,,,,0.25,,,,,,0.1667,小　川　　広　大,,,,,4355,,3,,0.1429,,,0.735,0.0424,21,,2,,0.0952,,6,0.2857,,1,0.0476
basic_master,heiwajima_player_master.csv,1119,0.1716,6.837,,,0.0667,,,,,,,,0.2869,,,,0.1,,,,,,0.1765,吉　川　　晴　人,,,,,5229,,8,,0.16,,,0.5363,0.0742,50,,5,,0.1,,17,0.34,,4,0.08
basic_master,heiwajima_player_master.csv,1120,0.1905,6.8711,,,0.2,,,,,,,,0.2863,,,,0.3333,,,,,,0.0,橋　口　　真　樹,,,,,3945,,3,,0.1579,,,0.4894,0.0817,19,,1,,0.0526,,6,0.3158,,2,0.1053
basic_master,heiwajima_player_master.csv,1121,0.1876,6.8053,,,0.0,,,,,,,,0.2855,,,,0.0,,,,,,0.25,佐　竹　　太　一,,,,,4725,,1,,0.0588,,,0.56,0.0704,17,,4,,0.2353,,6,0.3529,,1,0.0588
basic_master,heiwajima_player_master.csv,1122,0.1559,6.8308,,,0.0714,,,,,,,,0.2852,,,,0.0,,,,,,0.1818,中　野　　夢　斗,,,,,4979,,3,,0.0811,,,0.6269,0.0597,37,,8,,0.2162,,12,0.3243,,1,0.027
basic_master,heiwajima_player_master.csv,1123,0.0988,6.9287,,,0.0,,,,,,,,0.285,,,,0.0,,,,,,0.0,荒　井　　輝　年,,,,,3685,,1,,0.125,,,0.8625,0.022,8,,1,,0.125,,2,0.25,,0,0.0
basic_master,heiwajima_player_master.csv,1124,0.2063,6.8462,,,0.0,,,,,,,,0.2849,,,,0.0,,,,,,0.5,山　崎　　鉄　平,,,,,4879,,1,,0.125,,,0.5806,0.0671,8,,2,,0.25,,3,0.375,,0,0.0
basic_master,heiwajima_player_master.csv,1125,0.173,6.8007,,,0.0455,,,,,,,,0.2846,,,,0.2308,,,,,,0.08,多　田　　有　佑,,,,,4169,,9,,0.1286,,,0.6681,0.0531,70,,6,,0.0857,,20,0.2857,,5,0.0714
basic_master,heiwajima_player_master.csv,1126,0.148,6.8849,,,0.0,,,,,,,,0.2846,,,,0.1429,,,,,,0.1429,小　黒　　竜　吾,,,,,3748,,6,,0.1463,,,0.5694,0.0689,41,,8,,0.1951,,15,0.3659,,1,0.0244
basic_master,heiwajima_player_master.csv,1127,0.2044,6.9317,,,0.0,,,,,,,,0.284,,,,0.5,,,,,,0.0,武　藤　　綾　子,,,,,3604,,1,,0.0556,,,0.5312,0.075,18,,3,,0.1667,,6,0.3333,,2,0.1111
basic_master,heiwajima_player_master.csv,1128,0.2141,6.9935,,,0.0,,,,,,,,0.2838,,,,1.0,,,,,,0.25,中　北　　　　涼,,,,,4924,,2,,0.1176,,,0.4781,0.0835,17,,2,,0.1176,,6,0.3529,,2,0.1176
basic_master,heiwajima_player_master.csv,1129,0.1707,6.9434,,,0.1429,,,,,,,,0.2836,,,,0.1429,,,,,,0.0769,鈴　木　　茂　高,,,,,3967,,8,,0.1951,,,0.4319,0.0909,41,,4,,0.0976,,15,0.3659,,3,0.0732
basic_master,heiwajima_player_master.csv,1130,0.1411,6.7833,,,0.0,,,,,,,,0.2836,,,,0.5,,,,,,0.0,佐　藤　　大　佑,,,,,4610,,1,,0.1111,,,0.5294,0.0753,9,,1,,0.1111,,3,0.3333,,1,0.1111
basic_master,heiwajima_player_master.csv,1131,0.2256,6.9272,,,0.0,,,,,,,,0.2835,,,,0.25,,,,,,0.0,早　川　　尚　人,,,,,4200,,4,,0.2222,,,0.5981,0.0643,18,,1,,0.0556,,6,0.3333,,1,0.0556
basic_master,heiwajima_player_master.csv,1132,0.1872,6.7281,,,0.0,,,,,,,,0.2833,,,,0.2,,,,,,0.5,上　野　　拓　馬,,,,,5130,,3,,0.0938,,,0.6038,0.0634,32,,7,,0.2188,,11,0.3438,,1,0.0312
basic_master,heiwajima_player_master.csv,1133,0.1638,6.9217,,,0.0,,,,,,,,0.283,,,,0.25,,,,,,0.125,松　下　　誉　士,,,,,4693,,5,,0.2083,,,0.6131,0.0619,24,,2,,0.0833,,8,0.3333,,1,0.0417
basic_master,heiwajima_player_master.csv,1134,0.21,6.9767,,,0.0,,,,,,,,0.2825,,,,0.0,,,,,,0.0,土　屋　　実沙希,,,,,4730,,3,,0.3333,,,0.6625,0.054,9,,0,,0.0,,3,0.3333,,0,0.0
basic_master,heiwajima_player_master.csv,1135,0.163,7.068,,,0.0,,,,,,,,0.2824,,,,0.0,,,,,,0.0,森　　　　竜　也,,,,,3268,,1,,0.1,,,0.6119,0.0621,10,,1,,0.1,,3,0.3,,1,0.1
basic_master,heiwajima_player_master.csv,1136,0.1989,6.7711,,,0.0833,,,,,,,,0.2818,,,,0.3333,,,,,,0.125,松　井　　貫　太,,,,,5177,,2,,0.0714,,,0.385,0.0984,28,,4,,0.1429,,10,0.3571,,4,0.1429
basic_master,heiwajima_player_master.csv,1137,0.184,6.7736,,,0.0,,,,,,,,0.2818,,,,0.0,,,,,,0.125,山　本　　兼　士,,,,,3977,,4,,0.16,,,0.4188,0.093,25,,7,,0.28,,11,0.44,,0,0.0
basic_master,heiwajima_player_master.csv,1138,0.163,6.8424,,,0.24,,,,,,,,0.2812,,,,0.2857,,,,,,0.069,藤　井　　太　雅,,,,,5253,,5,,0.0704,,,0.4763,0.0838,71,,5,,0.0704,,20,0.2817,,10,0.1408
basic_master,heiwajima_player_master.csv,1139,0.1609,6.9231,,,0.0,,,,,,,,0.281,,,,0.1667,,,,,,0.0909,佐　口　　達　也,,,,,3790,,4,,0.1143,,,0.5262,0.0758,35,,5,,0.1429,,12,0.3429,,3,0.0857
basic_master,heiwajima_player_master.csv,1140,0.195,6.7331,,,0.0909,,,,,,,,0.2796,,,,0.0,,,,,,0.0,倉　富　　大　誠,,,,,5245,,3,,0.1875,,,0.5713,0.0686,16,,1,,0.0625,,5,0.3125,,1,0.0625
basic_master,heiwajima_player_master.csv,1141,0.1444,6.7733,,,0.1429,,,,,,,,0.2793,,,,0.25,,,,,,0.0,松　浦　　　　勝,,,,,3867,,1,,0.0556,,,0.6863,0.0502,18,,1,,0.0556,,4,0.2222,,2,0.1111
basic_master,heiwajima_player_master.csv,1142,0.1805,6.8821,,,0.0,,,,,,,,0.2792,,,,0.25,,,,,,0.25,石　田　　　　豪,,,,,3273,,2,,0.1053,,,0.4356,0.0903,19,,3,,0.1579,,7,0.3684,,2,0.1053
basic_master,heiwajima_player_master.csv,1143,0.1617,7.0383,,,0.0,,,,,,,,0.2791,,,,0.0,,,,,,0.5,飯　田　　庄　吾,,,,,4803,,1,,0.1667,,,0.6456,0.0567,6,,1,,0.1667,,2,0.3333,,0,0.0
basic_master,heiwajima_player_master.csv,1144,0.1552,6.8741,,,0.0,,,,,,,,0.2788,,,,0.2,,,,,,0.2,齋　藤　　和　政,,,,,3637,,2,,0.069,,,0.6525,0.0556,29,,6,,0.2069,,9,0.3103,,1,0.0345
basic_master,heiwajima_player_master.csv,1145,0.1627,6.8103,,,0.0,,,,,,,,0.2786,,,,0.0,,,,,,0.0909,丹　下　　　　健,,,,,4139,,11,,0.2973,,,0.4806,0.0831,37,,4,,0.1081,,15,0.4054,,0,0.0
basic_master,heiwajima_player_master.csv,1146,0.1692,6.8854,,,0.1,,,,,,,,0.2779,,,,0.3333,,,,,,0.1429,吉　永　　浩　則,,,,,4047,,1,,0.0417,,,0.6206,0.0607,24,,2,,0.0833,,6,0.25,,3,0.125
basic_master,heiwajima_player_master.csv,1147,0.1741,6.7612,,,0.2,,,,,,,,0.2779,,,,0.25,,,,,,0.0,梅　内　　夕貴奈,,,,,4929,,0,,0.0,,,0.7456,0.0407,17,,1,,0.0588,,3,0.1765,,2,0.1176
basic_master,heiwajima_player_master.csv,1148,0.1522,6.8,,,0.0,,,,,,,,0.2776,,,,0.0,,,,,,0.3333,末　永　　祐　輝,,,,,4475,,1,,0.1111,,,0.6381,0.0579,9,,2,,0.2222,,3,0.3333,,0,0.0
basic_master,heiwajima_player_master.csv,1149,0.1829,6.8014,,,0.0,,,,,,,,0.2766,,,,0.0,,,,,,0.3333,新　田　　芳　美,,,,,3470,,1,,0.1429,,,0.74,0.0416,7,,1,,0.1429,,2,0.2857,,0,0.0
basic_master,heiwajima_player_master.csv,1150,0.2917,6.7917,,,0.0,,,,,,,,0.2766,,,,0.0,,,,,,0.0,久　富　　政　弘,,,,,3508,,0,,0.0,,,0.6331,0.0587,6,,2,,0.3333,,2,0.3333,,0,0.0
basic_master,heiwajima_player_master.csv,1151,0.1957,6.8796,,,0.05,,,,,,,,0.2765,,,,0.0,,,,,,0.0,宮　内　　由紀英,,,,,3293,,5,,0.0893,,,0.6475,0.0564,56,,8,,0.1429,,16,0.2857,,3,0.0536
basic_master,heiwajima_player_master.csv,1152,0.1524,6.8053,,,0.0435,,,,,,,,0.2749,,,,0.25,,,,,,0.1667,田　代　　達　也,,,,,4944,,8,,0.1212,,,0.5081,0.0787,66,,9,,0.1364,,22,0.3333,,5,0.0758
basic_master,heiwajima_player_master.csv,1153,0.1565,6.8361,,,0.0,,,,,,,,0.2749,,,,0.0,,,,,,0.0,木　村　　紗友希,,,,,4317,,5,,0.2174,,,0.6356,0.0583,23,,1,,0.0435,,7,0.3043,,1,0.0435
basic_master,heiwajima_player_master.csv,1154,0.155,6.7812,,,0.0,,,,,,,,0.2741,,,,0.3333,,,,,,0.0,森　清　　友　翔,,,,,5223,,3,,0.1154,,,0.5819,0.0669,26,,3,,0.1154,,8,0.3077,,2,0.0769
basic_master,heiwajima_player_master.csv,1155,0.1687,6.8083,,,0.0,,,,,,,,0.2741,,,,0.4,,,,,,0.1429,長谷川　　　　巌,,,,,3176,,1,,0.0435,,,0.5769,0.0677,23,,4,,0.1739,,7,0.3043,,2,0.087
basic_master,heiwajima_player_master.csv,1156,0.1467,6.9022,,,0.0,,,,,,,,0.2731,,,,0.5,,,,,,0.0,五反田　　　　忍,,,,,3801,,1,,0.1111,,,0.7269,0.0437,9,,0,,0.0,,2,0.2222,,1,0.1111
basic_master,heiwajima_player_master.csv,1157,0.17,6.7356,,,0.0,,,,,,,,0.2731,,,,0.5,,,,,,0.0,森　安　　弘　雅,,,,,4154,,0,,0.0,,,0.7269,0.0437,9,,1,,0.1111,,2,0.2222,,1,0.1111
basic_master,heiwajima_player_master.csv,1158,0.181,6.9771,,,0.0,,,,,,,,0.2726,,,,0.0,,,,,,0.0,渡　邊　　哲　也,,,,,3461,,3,,0.1429,,,0.6131,0.0619,21,,4,,0.1905,,7,0.3333,,0,0.0
basic_master,heiwajima_player_master.csv,1159,0.1792,6.8983,,,0.0,,,,,,,,0.272,,,,0.0,,,,,,0.25,石　原　　　　光,,,,,5076,,2,,0.1667,,,0.61,0.0624,12,,2,,0.1667,,4,0.3333,,0,0.0
basic_master,heiwajima_player_master.csv,1160,0.155,6.7825,,,0.0,,,,,,,,0.2715,,,,0.0,,,,,,0.0,小野寺　　智　洋,,,,,3975,,1,,0.125,,,0.795,0.0328,8,,1,,0.125,,2,0.25,,0,0.0
basic_master,heiwajima_player_master.csv,1161,0.2683,6.8617,,,0.0,,,,,,,,0.2711,,,,0.0,,,,,,0.3333,渡　　　　修　平,,,,,3535,,0,,0.0,,,0.6056,0.0631,6,,2,,0.3333,,2,0.3333,,0,0.0
basic_master,heiwajima_player_master.csv,1162,0.1506,6.9506,,,0.1429,,,,,,,,0.2709,,,,0.0,,,,,,0.0,立　具　　敬　司,,,,,4865,,2,,0.1176,,,0.68,0.0512,17,,1,,0.0588,,4,0.2353,,1,0.0588
basic_master,heiwajima_player_master.csv,1163,0.176,6.7824,,,0.0769,,,,,,,,0.2704,,,,0.0,,,,,,0.1875,栗　原　　一　馬,,,,,5100,,4,,0.0952,,,0.5281,0.0755,42,,6,,0.1429,,13,0.3095,,3,0.0714
basic_master,heiwajima_player_master.csv,1164,0.1867,6.8067,,,0.0,,,,,,,,0.2699,,,,0.0,,,,,,0.2,藤　丸　　光　一,,,,,3297,,2,,0.1111,,,0.5994,0.0641,18,,4,,0.2222,,6,0.3333,,0,0.0
basic_master,heiwajima_player_master.csv,1165,0.245,6.9112,,,0.5,,,,,,,,0.2692,,,,0.0,,,,,,0.0,滝　沢　　織　寧,,,,,5287,,0,,0.0,,,0.3775,0.0996,8,,1,,0.125,,2,0.25,,1,0.125
basic_master,heiwajima_player_master.csv,1166,0.1225,7.025,,,0.0,,,,,,,,0.2691,,,,0.0,,,,,,0.0,池　上　　隆　行,,,,,3411,,0,,0.0,,,0.6269,0.0597,8,,1,,0.125,,2,0.25,,1,0.125
basic_master,heiwajima_player_master.csv,1167,0.1452,6.8448,,,0.0,,,,,,,,0.2686,,,,0.3333,,,,,,0.2,堂　原　　洋　史,,,,,3503,,1,,0.0476,,,0.6406,0.0575,21,,4,,0.1905,,6,0.2857,,1,0.0476
basic_master,heiwajima_player_master.csv,1168,0.1713,6.8113,,,0.1667,,,,,,,,0.2677,,,,0.3333,,,,,,0.0,宮　村　　勇　哉,,,,,5020,,1,,0.0625,,,0.3956,0.0967,16,,2,,0.125,,5,0.3125,,2,0.125
basic_master,heiwajima_player_master.csv,1169,0.1776,6.8894,,,0.0,,,,,,,,0.2674,,,,0.0,,,,,,0.1667,中　村　　　　真,,,,,3616,,3,,0.1765,,,0.4106,0.0943,17,,4,,0.2353,,7,0.4118,,0,0.0
basic_master,heiwajima_player_master.csv,1170,0.201,6.67,,,0.3333,,,,,,,,0.2668,,,,0.0,,,,,,0.0,飯　山　　晃　三,,,,,3906,,1,,0.1,,,0.5925,0.0652,10,,0,,0.0,,2,0.2,,1,0.1
basic_master,heiwajima_player_master.csv,1171,0.1467,6.9311,,,0.0,,,,,,,,0.2665,,,,0.5,,,,,,0.3333,川　上　　清　人,,,,,4020,,0,,0.0,,,0.6937,0.049,9,,1,,0.1111,,2,0.2222,,1,0.1111
basic_master,heiwajima_player_master.csv,1172,0.1554,6.8142,,,0.0,,,,,,,,0.2657,,,,0.0,,,,,,0.125,高　山　　敬　悟,,,,,5207,,2,,0.0769,,,0.6269,0.0597,26,,3,,0.1154,,7,0.2692,,2,0.0769
basic_master,heiwajima_player_master.csv,1173,0.2145,6.975,,,0.0,,,,,,,,0.2656,,,,0.3333,,,,,,0.375,松　本　　庸　平,,,,,4358,,1,,0.05,,,0.5906,0.0655,20,,4,,0.2,,6,0.3,,1,0.05
basic_master,heiwajima_player_master.csv,1174,0.1618,6.8765,,,0.0,,,,,,,,0.2653,,,,0.0,,,,,,0.1667,後　藤　　陽　介,,,,,4062,,3,,0.1765,,,0.665,0.0536,17,,2,,0.1176,,5,0.2941,,0,0.0
basic_master,heiwajima_player_master.csv,1175,0.1869,6.8803,,,0.0,,,,,,,,0.2649,,,,0.3333,,,,,,0.1818,一　色　　雅　昭,,,,,3536,,3,,0.1034,,,0.54,0.0736,29,,4,,0.1379,,9,0.3103,,2,0.069
basic_master,heiwajima_player_master.csv,1176,0.121,6.812,,,0.0,,,,,,,,0.2649,,,,0.0,,,,,,0.0,高　橋　　龍　治,,,,,5240,,1,,0.1,,,0.7494,0.0401,10,,0,,0.0,,2,0.2,,1,0.1
basic_master,heiwajima_player_master.csv,1177,0.1681,6.7414,,,0.3333,,,,,,,,0.2647,,,,0.0,,,,,,0.0625,宮　崎　　心之介,,,,,5368,,2,,0.0952,,,0.5019,0.0797,21,,1,,0.0476,,5,0.2381,,2,0.0952
basic_master,heiwajima_player_master.csv,1178,0.1706,6.8992,,,0.0,,,,,,,,0.2638,,,,0.0,,,,,,0.0769,大久保　　佑　香,,,,,5194,,3,,0.0833,,,0.59,0.0656,36,,4,,0.1111,,10,0.2778,,3,0.0833
basic_master,heiwajima_player_master.csv,1179,0.1711,6.7556,,,0.0,,,,,,,,0.2638,,,,0.3333,,,,,,0.1667,西　舘　　果　里,,,,,4781,,2,,0.1111,,,0.4994,0.0801,18,,3,,0.1667,,6,0.3333,,1,0.0556
basic_master,heiwajima_player_master.csv,1180,0.1967,6.865,,,0.0,,,,,,,,0.2634,,,,0.0,,,,,,0.1667,切　田　　潤　二,,,,,3682,,0,,0.0,,,0.6919,0.0493,18,,5,,0.2778,,5,0.2778,,0,0.0
basic_master,heiwajima_player_master.csv,1181,0.1896,6.8033,,,0.0,,,,,,,,0.2633,,,,0.0,,,,,,0.1429,向井田　　真　紀,,,,,4784,,4,,0.1481,,,0.6038,0.0634,27,,3,,0.1111,,8,0.2963,,1,0.037
basic_master,heiwajima_player_master.csv,1182,0.1494,6.8106,,,0.0,,,,,,,,0.262,,,,0.25,,,,,,0.0,石　井　　裕　美,,,,,4283,,0,,0.0,,,0.4906,0.0815,18,,5,,0.2778,,6,0.3333,,1,0.0556
basic_master,heiwajima_player_master.csv,1183,0.1648,6.7938,,,0.1111,,,,,,,,0.2619,,,,0.0,,,,,,0.1538,太　田　　　　潮,,,,,4681,,4,,0.1379,,,0.59,0.0656,29,,3,,0.1034,,8,0.2759,,1,0.0345
basic_master,heiwajima_player_master.csv,1184,0.16,6.91,,,0.0,,,,,,,,0.2618,,,,0.0,,,,,,0.0,岡　村　　慶　太,,,,,4545,データ少,1,,0.25,,,0.7463,0.0406,4,,0,,0.0,,1,0.25,,0,0.0
basic_master,heiwajima_player_master.csv,1185,0.1673,6.864,,,0.0,,,,,,,,0.2598,,,,0.25,,,,,,0.2,後　藤　　孝　義,,,,,3591,,1,,0.0333,,,0.5406,0.0735,30,,6,,0.2,,9,0.3,,2,0.0667
basic_master,heiwajima_player_master.csv,1186,0.1773,6.8286,,,0.0833,,,,,,,,0.2597,,,,0.1429,,,,,,0.125,遠　藤　　圭　吾,,,,,5186,,6,,0.1364,,,0.4838,0.0826,44,,6,,0.1364,,14,0.3182,,2,0.0455
basic_master,heiwajima_player_master.csv,1187,0.1972,6.8663,,,0.0,,,,,,,,0.2595,,,,0.1429,,,,,,0.1111,島　崎　　丈一朗,,,,,5175,,7,,0.1628,,,0.4544,0.0873,43,,6,,0.1395,,15,0.3488,,2,0.0465
basic_master,heiwajima_player_master.csv,1188,0.1963,6.7925,,,0.0,,,,,,,,0.2592,,,,1.0,,,,,,0.0,池　田　　紫　乃,,,,,3871,,0,,0.0,,,0.5775,0.0676,8,,1,,0.125,,2,0.25,,1,0.125
basic_master,heiwajima_player_master.csv,1189,0.1475,6.7675,,,0.0,,,,,,,,0.2588,,,,0.3333,,,,,,0.0,小　川　　竜太朗,,,,,5167,,3,,0.0938,,,0.5831,0.0667,32,,4,,0.125,,9,0.2812,,2,0.0625
basic_master,heiwajima_player_master.csv,1190,0.136,6.9304,,,0.0,,,,,,,,0.2588,,,,0.5,,,,,,0.0,河　上　　年　昭,,,,,3596,,3,,0.12,,,0.6538,0.0554,25,,1,,0.04,,6,0.24,,2,0.08
basic_master,heiwajima_player_master.csv,1191,0.135,6.6937,,,0.0,,,,,,,,0.2584,,,,0.0,,,,,,0.0,藤　田　　康　生,,,,,5434,,2,,0.25,,,0.7294,0.0433,8,,0,,0.0,,2,0.25,,0,0.0
basic_master,heiwajima_player_master.csv,1192,0.1371,6.8343,,,0.0,,,,,,,,0.2583,,,,0.0,,,,,,0.0,柴　田　　朋　哉,,,,,4942,,1,,0.1429,,,0.6487,0.0562,7,,1,,0.1429,,2,0.2857,,0,0.0
basic_master,heiwajima_player_master.csv,1193,0.1756,6.8235,,,0.0,,,,,,,,0.2582,,,,0.1538,,,,,,0.12,塚　田　　修　二,,,,,3377,,9,,0.1364,,,0.5031,0.0795,66,,11,,0.1667,,22,0.3333,,2,0.0303
basic_master,heiwajima_player_master.csv,1194,0.1822,6.8644,,,0.0,,,,,,,,0.2577,,,,0.0,,,,,,0.6667,塚　原　　武　之,,,,,3594,,0,,0.0,,,0.5388,0.0738,9,,3,,0.3333,,3,0.3333,,0,0.0
basic_master,heiwajima_player_master.csv,1195,0.164,6.9805,,,0.0,,,,,,,,0.2575,,,,0.5,,,,,,0.0,中　村　　守　成,,,,,3605,,0,,0.0,,,0.6,0.064,20,,3,,0.15,,5,0.25,,2,0.1
basic_master,heiwajima_player_master.csv,1196,0.1876,6.7862,,,0.1429,,,,,,,,0.2573,,,,0.0,,,,,,0.0,稲　生　　夏　季,,,,,4484,,3,,0.0667,,,0.5094,0.0785,45,,8,,0.1778,,13,0.2889,,2,0.0444
basic_master,heiwajima_player_master.csv,1197,0.172,6.73,,,0.0,,,,,,,,0.2569,,,,0.0,,,,,,0.5,竹　腰　　正　樹,,,,,3692,,0,,0.0,,,0.3844,0.0985,5,,2,,0.4,,2,0.4,,0,0.0
basic_master,heiwajima_player_master.csv,1198,0.1394,6.9476,,,0.0,,,,,,,,0.2567,,,,0.0,,,,,,0.25,豊　田　　泰　洋,,,,,4429,,3,,0.1765,,,0.6219,0.0605,17,,2,,0.1176,,5,0.2941,,0,0.0
basic_master,heiwajima_player_master.csv,1199,0.1769,6.82,,,0.0,,,,,,,,0.2566,,,,0.5,,,,,,0.4,福　田　　　　理,,,,,3982,,1,,0.0769,,,0.4944,0.0809,13,,2,,0.1538,,4,0.3077,,1,0.0769
basic_master,heiwajima_player_master.csv,1200,0.151,6.747,,,0.0,,,,,,,,0.2565,,,,0.5,,,,,,0.0,川　上　　聡　介,,,,,3848,,0,,0.0,,,0.7075,0.0468,10,,1,,0.1,,2,0.2,,1,0.1
basic_master,heiwajima_player_master.csv,1201,0.1908,6.8371,,,0.0,,,,,,,,0.2559,,,,0.3333,,,,,,0.0,永　井　　亮　次,,,,,4422,,3,,0.125,,,0.6131,0.0619,24,,1,,0.0417,,6,0.25,,2,0.0833
basic_master,heiwajima_player_master.csv,1202,0.1732,6.8011,,,0.0,,,,,,,,0.2555,,,,0.1429,,,,,,0.0,横　井　　健　太,,,,,3776,,8,,0.2105,,,0.5931,0.0651,38,,2,,0.0526,,11,0.2895,,1,0.0263
basic_master,heiwajima_player_master.csv,1203,0.2067,6.804,,,0.0,,,,,,,,0.2552,,,,0.0,,,,,,0.0,寺　田　　空　詩,,,,,5231,,2,,0.1333,,,0.4425,0.0892,15,,2,,0.1333,,5,0.3333,,1,0.0667
basic_master,heiwajima_player_master.csv,1204,0.1732,6.8232,,,0.0,,,,,,,,0.2549,,,,0.0,,,,,,0.1667,小　坂　　風　太,,,,,5187,,2,,0.1053,,,0.5637,0.0698,19,,4,,0.2105,,6,0.3158,,0,0.0
basic_master,heiwajima_player_master.csv,1205,0.1562,6.9673,,,0.0667,,,,,,,,0.2546,,,,0.0,,,,,,0.0909,塩　崎　　優　司,,,,,3730,,4,,0.1081,,,0.5975,0.0644,37,,5,,0.1351,,10,0.2703,,1,0.027
basic_master,heiwajima_player_master.csv,1206,0.2021,6.8736,,,0.0,,,,,,,,0.2538,,,,0.0,,,,,,0.5,笠　野　　友紀恵,,,,,3528,,1,,0.0714,,,0.6262,0.0598,14,,3,,0.2143,,4,0.2857,,0,0.0
basic_master,heiwajima_player_master.csv,1207,0.21,7.072,,,0.0,,,,,,,,0.2538,,,,1.0,,,,,,0.3333,星　野　　太　郎,,,,,3842,,0,,0.0,,,0.4688,0.085,10,,2,,0.2,,3,0.3,,1,0.1
basic_master,heiwajima_player_master.csv,1208,0.215,6.9062,,,0.0,,,,,,,,0.253,,,,0.0,,,,,,0.0,細　川　　明　人,,,,,3834,,1,,0.125,,,0.5463,0.0726,8,,0,,0.0,,2,0.25,,1,0.125
basic_master,heiwajima_player_master.csv,1209,0.1769,6.8079,,,0.0,,,,,,,,0.2528,,,,0.1667,,,,,,0.25,マイケル　田　代,,,,,4780,,5,,0.1724,,,0.6,0.064,29,,2,,0.069,,8,0.2759,,1,0.0345
basic_master,heiwajima_player_master.csv,1210,0.1656,6.825,,,0.0769,,,,,,,,0.2527,,,,0.0,,,,,,0.0,大　西　　　　賢,,,,,4465,,3,,0.0882,,,0.5925,0.0652,34,,5,,0.1471,,9,0.2647,,1,0.0294
basic_master,heiwajima_player_master.csv,1211,0.1954,6.9069,,,0.0,,,,,,,,0.2516,,,,0.5,,,,,,0.0,東　口　　　　晃,,,,,4664,,1,,0.0769,,,0.6425,0.0572,13,,1,,0.0769,,3,0.2308,,1,0.0769
basic_master,heiwajima_player_master.csv,1212,0.1995,6.9343,,,0.0,,,,,,,,0.2515,,,,0.3333,,,,,,0.0,栗　原　　謙　治,,,,,3419,,5,,0.2381,,,0.3888,0.0978,21,,0,,0.0,,7,0.3333,,2,0.0952
basic_master,heiwajima_player_master.csv,1213,0.1557,6.9779,,,0.0,,,,,,,,0.2509,,,,0.0,,,,,,0.25,前　田　　健太郎,,,,,4346,,2,,0.1429,,,0.6119,0.0621,14,,2,,0.1429,,4,0.2857,,0,0.0
basic_master,heiwajima_player_master.csv,1214,0.3067,6.8267,,,0.0,,,,,,,,0.2509,,,,0.0,,,,,,0.0,関　　　　裕　也,,,,,4301,データ少,1,,0.3333,,,0.5044,0.0793,3,,0,,0.0,,1,0.3333,,0,0.0
basic_master,heiwajima_player_master.csv,1215,0.1586,6.8443,,,0.0,,,,,,,,0.2508,,,,0.0,,,,,,0.0,神　里　　琴　音,,,,,5203,,1,,0.0476,,,0.6587,0.0546,21,,3,,0.1429,,5,0.2381,,1,0.0476
basic_master,heiwajima_player_master.csv,1216,0.16,6.7614,,,0.0,,,,,,,,0.2496,,,,0.0,,,,,,0.5,萩　原　　知　哉,,,,,4440,,0,,0.0,,,0.605,0.0632,7,,2,,0.2857,,2,0.2857,,0,0.0
basic_master,heiwajima_player_master.csv,1217,0.155,6.9925,,,0.0,,,,,,,,0.2494,,,,0.0,,,,,,0.1667,山　下　　心　一,,,,,5382,,1,,0.125,,,0.6844,0.0505,8,,1,,0.125,,2,0.25,,0,0.0
basic_master,heiwajima_player_master.csv,1218,0.1973,6.7327,,,0.0,,,,,,,,0.2476,,,,0.0,,,,,,0.2857,矢　後　　　　剛,,,,,3347,,2,,0.1333,,,0.3381,0.1059,15,,4,,0.2667,,6,0.4,,0,0.0
basic_master,heiwajima_player_master.csv,1219,0.1475,6.8225,,,0.0,,,,,,,,0.2476,,,,0.0,,,,,,0.0,西　村　　秀　樹,,,,,3722,,1,,0.125,,,0.6756,0.0519,8,,1,,0.125,,2,0.25,,0,0.0
basic_master,heiwajima_player_master.csv,1220,0.1389,6.89,,,0.0,,,,,,,,0.2469,,,,0.0,,,,,,0.0,山　根　　大　樹,,,,,3883,,1,,0.1111,,,0.7344,0.0425,9,,1,,0.1111,,2,0.2222,,0,0.0
basic_master,heiwajima_player_master.csv,1221,0.1744,6.7767,,,0.0,,,,,,,,0.2469,,,,0.0,,,,,,0.0,川　村　　正　輝,,,,,3921,,0,,0.0,,,0.7344,0.0425,9,,2,,0.2222,,2,0.2222,,0,0.0
basic_master,heiwajima_player_master.csv,1222,0.1918,6.8288,,,0.0,,,,,,,,0.2463,,,,0.0,,,,,,0.1667,鈴　木　　祐美子,,,,,4385,,0,,0.0,,,0.57,0.0688,17,,5,,0.2941,,5,0.2941,,0,0.0
basic_master,heiwajima_player_master.csv,1223,0.1688,7.0425,,,0.0,,,,,,,,0.2462,,,,0.0,,,,,,0.3333,島　倉　　　　都,,,,,4987,,0,,0.0,,,0.6687,0.053,8,,2,,0.25,,2,0.25,,0,0.0
basic_master,heiwajima_player_master.csv,1224,0.1958,6.8475,,,0.2,,,,,,,,0.2451,,,,0.0,,,,,,0.0,原　田　　雄　次,,,,,5102,,2,,0.1667,,,0.4587,0.0866,12,,0,,0.0,,3,0.25,,1,0.0833
basic_master,heiwajima_player_master.csv,1225,0.2607,6.8354,,,0.0,,,,,,,,0.2438,,,,0.0,,,,,,0.0,橋谷田　　佳　織,,,,,3355,,3,,0.1071,,,0.5763,0.0678,28,,5,,0.1786,,8,0.2857,,0,0.0
basic_master,heiwajima_player_master.csv,1226,0.13,6.8688,,,0.3333,,,,,,,,0.2434,,,,0.0,,,,,,0.0909,梅　原　　祥　平,,,,,5206,,1,,0.0625,,,0.5506,0.0719,16,,1,,0.0625,,3,0.1875,,1,0.0625
basic_master,heiwajima_player_master.csv,1227,0.1833,6.9044,,,0.0,,,,,,,,0.2429,,,,0.0,,,,,,0.3333,山　口　　隆　史,,,,,4368,,0,,0.0,,,0.7144,0.0457,9,,2,,0.2222,,2,0.2222,,0,0.0
basic_master,heiwajima_player_master.csv,1228,0.19,6.822,,,0.0,,,,,,,,0.2423,,,,0.0,,,,,,0.0,天　野　　　　誠,,,,,3787,,1,,0.1,,,0.4113,0.0942,10,,1,,0.1,,3,0.3,,1,0.1
basic_master,heiwajima_player_master.csv,1229,0.0971,6.9386,,,0.0,,,,,,,,0.2423,,,,0.0,,,,,,0.1667,谷　口　　　　丞,,,,,5344,,1,,0.1429,,,0.5687,0.069,7,,1,,0.1429,,2,0.2857,,0,0.0
basic_master,heiwajima_player_master.csv,1230,0.1533,6.8594,,,0.2,,,,,,,,0.2422,,,,0.0,,,,,,0.0,竹　上　　真　司,,,,,3462,,0,,0.0,,,0.6663,0.0534,18,,2,,0.1111,,3,0.1667,,1,0.0556
basic_master,heiwajima_player_master.csv,1231,0.2083,6.845,,,0.0,,,,,,,,0.2422,,,,0.0,,,,,,0.0,松　尾　　基　成,,,,,3741,,1,,0.0833,,,0.6487,0.0562,12,,2,,0.1667,,3,0.25,,0,0.0
basic_master,heiwajima_player_master.csv,1232,0.1439,6.9889,,,0.0,,,,,,,,0.2406,,,,0.5,,,,,,0.0,大　廣　　咲　季,,,,,5265,,2,,0.1111,,,0.5644,0.0697,18,,0,,0.0,,4,0.2222,,2,0.1111
basic_master,heiwajima_player_master.csv,1233,0.171,6.996,,,0.0,,,,,,,,0.2404,,,,0.0,,,,,,0.0,羽　田　　妃　希,,,,,5254,,2,,0.2,,,0.5269,0.0757,10,,1,,0.1,,3,0.3,,0,0.0
basic_master,heiwajima_player_master.csv,1234,0.1578,6.7644,,,0.0,,,,,,,,0.24,,,,0.0,,,,,,0.0,西　川　　拓　利,,,,,5212,,0,,0.0,,,0.7,0.048,9,,2,,0.2222,,2,0.2222,,0,0.0
basic_master,heiwajima_player_master.csv,1235,0.16,6.8091,,,0.0,,,,,,,,0.2399,,,,0.0,,,,,,0.2222,佐　藤　　謙史朗,,,,,4729,,2,,0.0909,,,0.6313,0.059,22,,2,,0.0909,,5,0.2273,,1,0.0455
basic_master,heiwajima_player_master.csv,1236,0.1335,6.8846,,,0.0,,,,,,,,0.2393,,,,0.0,,,,,,0.125,大　塚　　浩　二,,,,,3642,,4,,0.1538,,,0.5906,0.0655,26,,3,,0.1154,,7,0.2692,,0,0.0
basic_master,heiwajima_player_master.csv,1237,0.1329,6.8314,,,0.0,,,,,,,,0.2389,,,,1.0,,,,,,0.0,高　木　　圭　大,,,,,5011,,0,,0.0,,,0.6944,0.0489,7,,0,,0.0,,1,0.1429,,1,0.1429
basic_master,heiwajima_player_master.csv,1238,0.1702,6.9187,,,0.0909,,,,,,,,0.2385,,,,0.5,,,,,,0.0625,岩　下　　巧　斗,,,,,5301,,0,,0.0,,,0.6744,0.0521,46,,5,,0.1087,,8,0.1739,,3,0.0652
basic_master,heiwajima_player_master.csv,1239,0.1467,6.94,,,0.0,,,,,,,,0.2378,,,,0.0,,,,,,0.0,花　田　　凱　成,,,,,5263,,0,,0.0,,,0.8137,0.0298,6,,1,,0.1667,,1,0.1667,,0,0.0
basic_master,heiwajima_player_master.csv,1240,0.1639,6.777,,,0.0,,,,,,,,0.2375,,,,0.0,,,,,,0.1429,大　森　　　　翼,,,,,5247,,3,,0.1304,,,0.5463,0.0726,23,,2,,0.087,,6,0.2609,,1,0.0435
basic_master,heiwajima_player_master.csv,1241,0.1847,6.8014,,,0.0,,,,,,,,0.2366,,,,0.3333,,,,,,0.0,宮　内　　直　哉,,,,,4813,,4,,0.0702,,,0.4812,0.083,57,,6,,0.1053,,15,0.2632,,5,0.0877
basic_master,heiwajima_player_master.csv,1242,0.1682,6.8752,,,0.0,,,,,,,,0.2363,,,,0.2,,,,,,0.0,森　下　　　　勇,,,,,3652,,5,,0.1515,,,0.53,0.0752,33,,3,,0.0909,,9,0.2727,,1,0.0303
basic_master,heiwajima_player_master.csv,1243,0.1135,6.9247,,,0.0,,,,,,,,0.2352,,,,0.0,,,,,,0.0,中　村　　聡　志,,,,,4916,,5,,0.2941,,,0.5144,0.0777,17,,0,,0.0,,5,0.2941,,0,0.0
basic_master,heiwajima_player_master.csv,1244,0.1571,6.8647,,,0.0,,,,,,,,0.2347,,,,0.1429,,,,,,0.125,佐　藤　　ほのか,,,,,5153,,5,,0.098,,,0.6194,0.0609,51,,6,,0.1176,,12,0.2353,,1,0.0196
basic_master,heiwajima_player_master.csv,1245,0.1808,6.8533,,,0.0,,,,,,,,0.2341,,,,0.5,,,,,,0.0,成　貞　　琳　平,,,,,5178,,0,,0.0,,,0.6913,0.0494,12,,1,,0.0833,,2,0.1667,,1,0.0833
basic_master,heiwajima_player_master.csv,1246,0.1538,6.9488,,,0.0,,,,,,,,0.2327,,,,0.0,,,,,,0.0,堀　本　　裕　也,,,,,3895,,1,,0.0385,,,0.6825,0.0508,26,,3,,0.1154,,5,0.1923,,1,0.0385
basic_master,heiwajima_player_master.csv,1247,0.2056,6.72,,,0.0,,,,,,,,0.2321,,,,0.0,,,,,,0.1111,港　　　　理　樹,,,,,5427,,0,,0.0,,,0.5219,0.0765,9,,1,,0.1111,,2,0.2222,,1,0.1111
basic_master,heiwajima_player_master.csv,1248,0.177,6.8715,,,0.0,,,,,,,,0.2305,,,,0.3333,,,,,,0.0,菅　沼　　佳　昭,,,,,3922,,1,,0.05,,,0.64,0.0576,20,,2,,0.1,,4,0.2,,1,0.05
basic_master,heiwajima_player_master.csv,1249,0.174,6.8581,,,0.0,,,,,,,,0.2303,,,,0.0,,,,,,0.2,田　村　　美　和,,,,,3207,,6,,0.1395,,,0.5237,0.0762,43,,6,,0.1395,,12,0.2791,,0,0.0
basic_master,heiwajima_player_master.csv,1250,0.1552,6.9191,,,0.0,,,,,,,,0.2273,,,,0.25,,,,,,0.1429,加　藤　　優　弥,,,,,5185,,1,,0.0435,,,0.6906,0.0495,23,,2,,0.087,,4,0.1739,,1,0.0435
basic_master,heiwajima_player_master.csv,1251,0.16,6.7083,,,0.0,,,,,,,,0.2272,,,,1.0,,,,,,0.0,星　野　　政　彦,,,,,3246,,0,,0.0,,,0.5525,0.0716,6,,0,,0.0,,1,0.1667,,1,0.1667
basic_master,heiwajima_player_master.csv,1252,0.1847,6.892,,,0.0,,,,,,,,0.2262,,,,0.0,,,,,,0.1429,本　田　　　　愛,,,,,5248,,1,,0.0667,,,0.3812,0.099,15,,4,,0.2667,,5,0.3333,,0,0.0
basic_master,heiwajima_player_master.csv,1253,0.1911,6.9833,,,0.0,,,,,,,,0.2259,,,,0.0,,,,,,0.3333,浦　田　　晃　嗣,,,,,4143,,1,,0.1111,,,0.3794,0.0993,9,,2,,0.2222,,3,0.3333,,0,0.0
basic_master,heiwajima_player_master.csv,1254,0.159,7.013,,,0.0,,,,,,,,0.2256,,,,0.0,,,,,,0.0,大　井　　清　貴,,,,,4425,,3,,0.3,,,0.4531,0.0875,10,,0,,0.0,,3,0.3,,0,0.0
basic_master,heiwajima_player_master.csv,1255,0.2065,6.883,,,0.2,,,,,,,,0.2253,,,,0.0,,,,,,0.0769,高　井　　駿　弥,,,,,5211,,3,,0.1304,,,0.4831,0.0827,23,,1,,0.0435,,5,0.2174,,1,0.0435
basic_master,heiwajima_player_master.csv,1256,0.1817,6.8738,,,0.0,,,,,,,,0.2248,,,,0.0,,,,,,0.0,吉　田　　彩　乃,,,,,5140,,1,,0.0417,,,0.6031,0.0635,24,,3,,0.125,,5,0.2083,,1,0.0417
basic_master,heiwajima_player_master.csv,1257,0.187,6.8272,,,0.0,,,,,,,,0.2243,,,,0.0667,,,,,,0.05,高　橋　　二　朗,,,,,2538,,8,,0.093,,,0.4788,0.0834,86,,15,,0.1744,,24,0.2791,,1,0.0116
basic_master,heiwajima_player_master.csv,1258,0.166,6.807,,,0.0,,,,,,,,0.2234,,,,0.0,,,,,,0.0,上　瀧　　絢　也,,,,,5124,,1,,0.1,,,0.6669,0.0533,10,,1,,0.1,,2,0.2,,0,0.0
basic_master,heiwajima_player_master.csv,1259,0.1517,6.8217,,,0.0,,,,,,,,0.2228,,,,0.0,,,,,,0.0,吉　田　　翔　悟,,,,,4919,,0,,0.0,,,0.7388,0.0418,6,,1,,0.1667,,1,0.1667,,0,0.0
basic_master,heiwajima_player_master.csv,1260,0.1389,6.8342,,,0.0667,,,,,,,,0.2227,,,,0.1429,,,,,,0.1053,佐　藤　　永　梧,,,,,5331,,1,,0.0222,,,0.5969,0.0645,45,,4,,0.0889,,8,0.1778,,3,0.0667
basic_master,heiwajima_player_master.csv,1261,0.2078,6.8456,,,0.0,,,,,,,,0.2213,,,,0.0,,,,,,0.0,田　中　　浩　之,,,,,3709,,0,,0.0,,,0.4675,0.0852,9,,1,,0.1111,,2,0.2222,,1,0.1111
basic_master,heiwajima_player_master.csv,1262,0.2194,6.8011,,,0.1429,,,,,,,,0.2211,,,,0.3333,,,,,,0.2,飯　塚　　　　響,,,,,5184,,0,,0.0,,,0.52,0.0768,18,,1,,0.0556,,3,0.1667,,2,0.1111
basic_master,heiwajima_player_master.csv,1263,0.1333,7.0211,,,0.0,,,,,,,,0.2198,,,,0.5,,,,,,0.0,南　野　　利　騰,,,,,4405,,0,,0.0,,,0.71,0.0464,9,,0,,0.0,,1,0.1111,,1,0.1111
basic_master,heiwajima_player_master.csv,1264,0.1793,6.76,,,0.0,,,,,,,,0.2196,,,,0.2,,,,,,0.125,滝　沢　　　　崚,,,,,5077,,2,,0.0667,,,0.4144,0.0937,30,,4,,0.1333,,8,0.2667,,2,0.0667
basic_master,heiwajima_player_master.csv,1265,0.2,6.7386,,,0.0,,,,,,,,0.2194,,,,0.0,,,,,,0.0,長　野　　道　臣,,,,,3796,,1,,0.1429,,,0.1325,0.1388,7,,2,,0.2857,,3,0.4286,,0,0.0
basic_master,heiwajima_player_master.csv,1266,0.1708,6.8629,,,0.0,,,,,,,,0.2189,,,,0.0,,,,,,0.1429,清　水　　紀　克,,,,,3542,,1,,0.0417,,,0.6256,0.0599,24,,4,,0.1667,,5,0.2083,,0,0.0
basic_master,heiwajima_player_master.csv,1267,0.08,7.0267,,,0.0,,,,,,,,0.2188,,,,0.0,,,,,,0.0,堀　本　　和　也,,,,,4732,,2,,0.2222,,,0.5938,0.065,9,,0,,0.0,,2,0.2222,,0,0.0
basic_master,heiwajima_player_master.csv,1268,0.1622,6.8606,,,0.0,,,,,,,,0.2185,,,,0.3333,,,,,,0.0,高　橋　　真　吾,,,,,3793,,0,,0.0,,,0.6481,0.0563,18,,2,,0.1111,,3,0.1667,,1,0.0556
basic_master,heiwajima_player_master.csv,1269,0.15,6.9233,,,0.0,,,,,,,,0.2173,,,,0.0,,,,,,0.0,谷　　　　勝　幸,,,,,3614,,0,,0.0,,,0.7112,0.0462,6,,1,,0.1667,,1,0.1667,,0,0.0
basic_master,heiwajima_player_master.csv,1270,0.1867,6.9079,,,0.0,,,,,,,,0.2159,,,,0.0,,,,,,0.0,相　馬　　　　翔,,,,,5122,,4,,0.1667,,,0.4231,0.0923,24,,3,,0.125,,7,0.2917,,0,0.0
basic_master,heiwajima_player_master.csv,1271,0.1629,6.9686,,,0.0,,,,,,,,0.2149,,,,0.0,,,,,,0.0,加　藤　　啓　太,,,,,4665,,1,,0.1429,,,0.7531,0.0395,7,,0,,0.0,,1,0.1429,,0,0.0
basic_master,heiwajima_player_master.csv,1272,0.2122,6.7256,,,0.0,,,,,,,,0.2143,,,,0.0,,,,,,0.3333,岡　　　　暢　祐,,,,,5261,,0,,0.0,,,0.5713,0.0686,9,,2,,0.2222,,2,0.2222,,0,0.0
basic_master,heiwajima_player_master.csv,1273,0.196,6.8496,,,0.0,,,,,,,,0.214,,,,0.0,,,,,,0.0,永　田　　　　楽,,,,,5296,,5,,0.2,,,0.53,0.0752,25,,1,,0.04,,6,0.24,,0,0.0
basic_master,heiwajima_player_master.csv,1274,0.1857,6.8371,,,0.0,,,,,,,,0.2128,,,,0.0,,,,,,0.0,西　川　　真　人,,,,,4253,,1,,0.0714,,,0.7425,0.0412,14,,1,,0.0714,,2,0.1429,,0,0.0
basic_master,heiwajima_player_master.csv,1275,0.1922,6.6789,,,0.0,,,,,,,,0.2125,,,,0.0,,,,,,0.0,宮　地　　博　士,,,,,3964,,1,,0.1111,,,0.5625,0.07,9,,1,,0.1111,,2,0.2222,,0,0.0
basic_master,heiwajima_player_master.csv,1276,0.1706,6.7719,,,0.0,,,,,,,,0.2115,,,,0.0,,,,,,0.1429,近　藤　　颯　斗,,,,,5319,,2,,0.125,,,0.4169,0.0933,16,,1,,0.0625,,4,0.25,,1,0.0625
basic_master,heiwajima_player_master.csv,1277,0.168,6.8367,,,0.0,,,,,,,,0.2109,,,,0.5,,,,,,0.0,山　田　　和　佐,,,,,4978,,1,,0.0667,,,0.5212,0.0766,15,,1,,0.0667,,3,0.2,,1,0.0667
basic_master,heiwajima_player_master.csv,1278,0.17,6.9018,,,0.0,,,,,,,,0.2102,,,,0.3333,,,,,,0.0,川　合　　理　司,,,,,3839,,0,,0.0,,,0.64,0.0576,28,,2,,0.0714,,4,0.1429,,2,0.0714
basic_master,heiwajima_player_master.csv,1279,0.1633,6.8547,,,0.0833,,,,,,,,0.2099,,,,0.0,,,,,,0.1,小　川　　時　光,,,,,4186,,2,,0.0667,,,0.5163,0.0774,30,,3,,0.1,,6,0.2,,1,0.0333
basic_master,heiwajima_player_master.csv,1280,0.1447,6.8211,,,0.0,,,,,,,,0.2098,,,,0.0,,,,,,0.25,藤　原　　孝　斗,,,,,5033,,1,,0.0526,,,0.5756,0.0679,19,,3,,0.1579,,4,0.2105,,0,0.0
basic_master,heiwajima_player_master.csv,1281,0.1696,6.7008,,,0.0,,,,,,,,0.2078,,,,0.0,,,,,,0.1667,松　山　　裕　基,,,,,5046,,3,,0.12,,,0.5888,0.0658,25,,2,,0.08,,5,0.2,,0,0.0
basic_master,heiwajima_player_master.csv,1282,0.11,6.9643,,,0.0,,,,,,,,0.2072,,,,0.0,,,,,,0.0,宮　崎　　安　奈,,,,,5182,,1,,0.1429,,,0.7144,0.0457,7,,0,,0.0,,1,0.1429,,0,0.0
basic_master,heiwajima_player_master.csv,1283,0.1419,6.7287,,,0.1667,,,,,,,,0.2062,,,,0.0,,,,,,0.1,横　田　　海　人,,,,,5300,,0,,0.0,,,0.5881,0.0659,16,,1,,0.0625,,2,0.125,,1,0.0625
basic_master,heiwajima_player_master.csv,1284,0.1719,6.9074,,,0.0,,,,,,,,0.2051,,,,0.0,,,,,,0.1429,樫　葉　　新　心,,,,,5334,,1,,0.037,,,0.5256,0.0759,27,,5,,0.1852,,6,0.2222,,0,0.0
basic_master,heiwajima_player_master.csv,1285,0.1994,6.7278,,,0.0,,,,,,,,0.2043,,,,0.3333,,,,,,0.0,芝　田　　京　介,,,,,5103,,0,,0.0,,,0.4519,0.0877,18,,3,,0.1667,,4,0.2222,,1,0.0556
basic_master,heiwajima_player_master.csv,1286,0.1808,6.9038,,,0.125,,,,,,,,0.204,,,,0.0,,,,,,0.0,香　月　　大　介,,,,,3444,,1,,0.0385,,,0.5631,0.0699,26,,2,,0.0769,,4,0.1538,,1,0.0385
basic_master,heiwajima_player_master.csv,1287,0.1718,6.8391,,,0.1538,,,,,,,,0.203,,,,0.2,,,,,,0.0682,佐　藤　　世　那,,,,,5359,,4,,0.0597,,,0.4269,0.0917,67,,5,,0.0746,,13,0.194,,4,0.0597
basic_master,heiwajima_player_master.csv,1288,0.1543,6.8886,,,0.0,,,,,,,,0.2028,,,,0.0,,,,,,0.0,笠　間　　憲　哉,,,,,5159,,1,,0.1429,,,0.6925,0.0492,7,,0,,0.0,,1,0.1429,,0,0.0
basic_master,heiwajima_player_master.csv,1289,0.1906,6.8681,,,0.0,,,,,,,,0.202,,,,0.0,,,,,,0.3333,越　智　　照　浩,,,,,4010,,2,,0.125,,,0.4475,0.0884,16,,2,,0.125,,4,0.25,,0,0.0
basic_master,heiwajima_player_master.csv,1290,0.2113,6.916,,,0.0,,,,,,,,0.2016,,,,0.0,,,,,,0.2667,福　西　　広太郎,,,,,5394,,0,,0.0,,,0.4081,0.0947,15,,4,,0.2667,,4,0.2667,,0,0.0
basic_master,heiwajima_player_master.csv,1291,0.1869,6.9762,,,0.0,,,,,,,,0.2012,,,,0.0,,,,,,0.1429,永　松　　良　教,,,,,5237,,1,,0.0769,,,0.3906,0.0975,13,,1,,0.0769,,3,0.2308,,1,0.0769
basic_master,heiwajima_player_master.csv,1292,0.1647,6.9122,,,0.0,,,,,,,,0.1995,,,,0.0,,,,,,0.2,大　町　　利　克,,,,,3948,,2,,0.0444,,,0.5475,0.0724,45,,7,,0.1556,,9,0.2,,0,0.0
basic_master,heiwajima_player_master.csv,1293,0.1672,6.7906,,,0.0,,,,,,,,0.1995,,,,0.0,,,,,,0.0,久保原　　秀　人,,,,,5006,,2,,0.1111,,,0.6225,0.0604,18,,1,,0.0556,,3,0.1667,,0,0.0
basic_master,heiwajima_player_master.csv,1294,0.1714,6.8219,,,0.1,,,,,,,,0.1991,,,,0.0,,,,,,0.0,日　笠　　勝　弘,,,,,4666,,1,,0.0476,,,0.5644,0.0697,21,,1,,0.0476,,3,0.1429,,1,0.0476
basic_master,heiwajima_player_master.csv,1295,0.1533,6.805,,,0.0,,,,,,,,0.1988,,,,0.0,,,,,,0.0,木　山　　誠　一,,,,,3866,,0,,0.0,,,0.6188,0.061,6,,1,,0.1667,,1,0.1667,,0,0.0
basic_master,heiwajima_player_master.csv,1296,0.1709,6.85,,,0.0,,,,,,,,0.1977,,,,0.0,,,,,,0.1481,樋江井　　　　舞,,,,,5340,,1,,0.0312,,,0.6369,0.0581,32,,4,,0.125,,5,0.1562,,0,0.0
basic_master,heiwajima_player_master.csv,1297,0.142,7.02,,,0.0,,,,,,,,0.196,,,,0.0,,,,,,0.0,磯　部　　　　誠,,,,,4586,,1,,0.2,,,0.53,0.0752,5,,0,,0.0,,1,0.2,,0,0.0
basic_master,heiwajima_player_master.csv,1298,0.2056,6.8033,,,0.0,,,,,,,,0.1958,,,,0.0,,,,,,0.0,安　井　　瑞　紀,,,,,4974,,1,,0.1111,,,0.4788,0.0834,9,,1,,0.1111,,2,0.2222,,0,0.0
basic_master,heiwajima_player_master.csv,1299,0.1628,6.8524,,,0.0,,,,,,,,0.1951,,,,0.0,,,,,,0.125,黒　田　　誠　司,,,,,3630,,0,,0.0,,,0.5256,0.0759,25,,5,,0.2,,5,0.2,,0,0.0
basic_master,heiwajima_player_master.csv,1300,0.225,6.747,,,0.0,,,,,,,,0.1938,,,,0.0,,,,,,0.0,船　越　　健　吾,,,,,4946,,1,,0.1,,,0.5188,0.077,10,,1,,0.1,,2,0.2,,0,0.0
basic_master,heiwajima_player_master.csv,1301,0.125,6.87,,,0.0,,,,,,,,0.1938,,,,0.0,,,,,,0.0,興　津　　　　藍,,,,,4052,データ少,0,,0.0,,,0.9688,0.005,2,,0,,0.0,,0,0.0,,0,0.0
basic_master,heiwajima_player_master.csv,1302,0.1775,6.7275,,,0.0,,,,,,,,0.1936,,,,0.0,,,,,,0.0,川　原　　愛　未,,,,,5227,,2,,0.1667,,,0.5931,0.0651,12,,0,,0.0,,2,0.1667,,0,0.0
basic_master,heiwajima_player_master.csv,1303,0.14,6.9818,,,0.0,,,,,,,,0.1926,,,,0.3333,,,,,,0.3333,三　松　　直　美,,,,,3943,,0,,0.0,,,0.4925,0.0812,17,,2,,0.1176,,3,0.1765,,1,0.0588
basic_master,heiwajima_player_master.csv,1304,0.2193,6.7547,,,0.0,,,,,,,,0.1905,,,,0.5,,,,,,0.0,富　永　　夏哉人,,,,,5307,,0,,0.0,,,0.5694,0.0689,15,,1,,0.0667,,2,0.1333,,1,0.0667
basic_master,heiwajima_player_master.csv,1305,0.1748,6.8567,,,0.1667,,,,,,,,0.1898,,,,0.0,,,,,,0.0312,鈴　木　　唯　央,,,,,5313,,0,,0.0,,,0.5781,0.0675,40,,2,,0.05,,4,0.1,,2,0.05
basic_master,heiwajima_player_master.csv,1306,0.19,7.0233,,,0.0,,,,,,,,0.1897,,,,0.0,,,,,,0.0,吉　本　　玲　緒,,,,,4126,データ少,0,,0.0,,,0.9487,0.0082,3,,0,,0.0,,0,0.0,,0,0.0
basic_master,heiwajima_player_master.csv,1307,0.172,6.8133,,,0.0,,,,,,,,0.1894,,,,0.0,,,,,,0.0,谷　村　　啓　司,,,,,4046,,0,,0.0,,,0.6469,0.0565,15,,2,,0.1333,,2,0.1333,,0,0.0
basic_master,heiwajima_player_master.csv,1308,0.1429,6.8671,,,0.0,,,,,,,,0.1871,,,,0.0,,,,,,0.0,谷　口　　佳　蓮,,,,,5173,,1,,0.1429,,,0.6138,0.0618,7,,0,,0.0,,1,0.1429,,0,0.0
basic_master,heiwajima_player_master.csv,1309,0.1822,7.0478,,,0.0,,,,,,,,0.1868,,,,1.0,,,,,,0.0,田　中　　孝　明,,,,,4393,,0,,0.0,,,0.545,0.0728,9,,0,,0.0,,1,0.1111,,1,0.1111
basic_master,heiwajima_player_master.csv,1310,0.1856,6.8011,,,0.0,,,,,,,,0.1844,,,,0.0,,,,,,0.3333,笠　　　　雅　雄,,,,,4232,,0,,0.0,,,0.4219,0.0925,9,,2,,0.2222,,2,0.2222,,0,0.0
basic_master,heiwajima_player_master.csv,1311,0.1773,6.9107,,,0.0,,,,,,,,0.1838,,,,0.0,,,,,,0.0,石　田　　勇　斗,,,,,5266,,2,,0.0667,,,0.4275,0.0916,30,,3,,0.1,,6,0.2,,1,0.0333
basic_master,heiwajima_player_master.csv,1312,0.1645,6.7564,,,0.0,,,,,,,,0.1837,,,,0.0,,,,,,0.0,石　原　　凪　紗,,,,,5230,,0,,0.0,,,0.6006,0.0639,11,,0,,0.0,,1,0.0909,,1,0.0909
basic_master,heiwajima_player_master.csv,1313,0.199,6.703,,,0.0,,,,,,,,0.1834,,,,0.0,,,,,,0.125,長谷川　　　　暖,,,,,5356,,0,,0.0,,,0.3419,0.1053,10,,1,,0.1,,2,0.2,,1,0.1
basic_master,heiwajima_player_master.csv,1314,0.2033,6.8021,,,0.0,,,,,,,,0.1831,,,,0.0,,,,,,0.125,栢　場　　優　子,,,,,3693,,2,,0.0833,,,0.5406,0.0735,24,,2,,0.0833,,4,0.1667,,0,0.0
basic_master,heiwajima_player_master.csv,1315,0.1453,6.833,,,0.0769,,,,,,,,0.182,,,,0.0,,,,,,0.0385,豊　田　　祥　生,,,,,5294,,2,,0.0426,,,0.51,0.0784,47,,4,,0.0851,,7,0.1489,,1,0.0213
basic_master,heiwajima_player_master.csv,1316,0.1639,6.9057,,,0.0,,,,,,,,0.1817,,,,0.0,,,,,,0.0,坂　本　　徳　克,,,,,3565,,2,,0.0714,,,0.5869,0.0661,28,,2,,0.0714,,4,0.1429,,0,0.0
basic_master,heiwajima_player_master.csv,1317,0.2046,6.83,,,0.0,,,,,,,,0.181,,,,0.0,,,,,,0.2727,鳥居塚　　嶺　王,,,,,5377,,0,,0.0,,,0.3856,0.0983,13,,3,,0.2308,,3,0.2308,,0,0.0
basic_master,heiwajima_player_master.csv,1318,0.1638,6.7488,,,0.0,,,,,,,,0.1808,,,,0.0,,,,,,0.0,佐　藤　　駿　介,,,,,4846,,1,,0.125,,,0.6225,0.0604,8,,0,,0.0,,1,0.125,,0,0.0
basic_master,heiwajima_player_master.csv,1319,0.1288,6.83,,,0.0,,,,,,,,0.1794,,,,0.0,,,,,,0.0,樫　葉　　次　郎,,,,,3820,,0,,0.0,,,0.6156,0.0615,8,,1,,0.125,,1,0.125,,0,0.0
basic_master,heiwajima_player_master.csv,1320,0.2162,6.7825,,,0.0,,,,,,,,0.1772,,,,0.0,,,,,,0.0,松　本　　浩　貴,,,,,3860,,1,,0.125,,,0.605,0.0632,8,,0,,0.0,,1,0.125,,0,0.0
basic_master,heiwajima_player_master.csv,1321,0.1367,6.8333,,,0.0,,,,,,,,0.1764,,,,0.0,,,,,,0.0,上　條　　暢　嵩,,,,,4719,データ少,0,,0.0,,,0.8819,0.0189,3,,0,,0.0,,0,0.0,,0,0.0
basic_master,heiwajima_player_master.csv,1322,0.1427,6.7773,,,0.0,,,,,,,,0.176,,,,0.0,,,,,,0.0,岸　本　　　　隆,,,,,3930,,0,,0.0,,,0.6756,0.0519,11,,1,,0.0909,,1,0.0909,,0,0.0
basic_master,heiwajima_player_master.csv,1323,0.1514,6.79,,,0.0,,,,,,,,0.1758,,,,0.0,,,,,,0.0,吉　田　　杏　美,,,,,5072,,1,,0.1429,,,0.5575,0.0708,7,,0,,0.0,,1,0.1429,,0,0.0
basic_master,heiwajima_player_master.csv,1324,0.1663,6.7075,,,0.0,,,,,,,,0.1734,,,,0.0,,,,,,0.0,出　本　　正　博,,,,,3338,,1,,0.125,,,0.5856,0.0663,8,,0,,0.0,,1,0.125,,0,0.0
basic_master,heiwajima_player_master.csv,1325,0.1696,6.8721,,,0.1429,,,,,,,,0.1732,,,,0.0,,,,,,0.0,坂　本　　一　真,,,,,5290,,0,,0.0,,,0.555,0.0712,24,,1,,0.0417,,2,0.0833,,1,0.0417
basic_master,heiwajima_player_master.csv,1326,0.162,6.852,,,0.0,,,,,,,,0.1715,,,,0.0,,,,,,0.0,上　田　　隆　章,,,,,3401,,0,,0.0,,,0.6325,0.0588,10,,1,,0.1,,1,0.1,,0,0.0
basic_master,heiwajima_player_master.csv,1327,0.2264,6.8845,,,0.0,,,,,,,,0.1713,,,,0.0,,,,,,0.0,小　野　　京　平,,,,,5209,,0,,0.0,,,0.4475,0.0884,11,,2,,0.1818,,2,0.1818,,0,0.0
basic_master,heiwajima_player_master.csv,1328,0.21,6.6633,,,0.0,,,,,,,,0.1678,,,,0.0,,,,,,0.0,鈴　木　　結平太,,,,,5378,,0,,0.0,,,0.4637,0.0858,6,,1,,0.1667,,1,0.1667,,0,0.0
basic_master,heiwajima_player_master.csv,1329,0.1662,6.8838,,,0.0,,,,,,,,0.1676,,,,0.0,,,,,,0.0,武　田　　正　紀,,,,,3306,,2,,0.0952,,,0.6238,0.0602,21,,0,,0.0,,2,0.0952,,0,0.0
basic_master,heiwajima_player_master.csv,1330,0.1456,6.7622,,,0.0,,,,,,,,0.1666,,,,0.0,,,,,,0.3333,網　代　　良　芽,,,,,5350,,0,,0.0,,,0.5831,0.0667,9,,1,,0.1111,,1,0.1111,,0,0.0
basic_master,heiwajima_player_master.csv,1331,0.105,6.98,,,0.0,,,,,,,,0.1664,,,,0.0,,,,,,0.0,吉　岡　　　　誠,,,,,3567,データ少,0,,0.0,,,0.8319,0.0269,4,,0,,0.0,,0,0.0,,0,0.0
basic_master,heiwajima_player_master.csv,1332,0.1217,6.9333,,,0.0,,,,,,,,0.1583,,,,0.0,,,,,,0.0,渡　辺　　史　之,,,,,4078,,0,,0.0,,,0.7913,0.0334,12,,0,,0.0,,0,0.0,,0,0.0
basic_master,heiwajima_player_master.csv,1333,0.1692,6.8147,,,0.0,,,,,,,,0.1582,,,,0.0,,,,,,0.0,若　林　　　　麗,,,,,5285,,3,,0.0833,,,0.6038,0.0634,36,,0,,0.0,,3,0.0833,,0,0.0
basic_master,heiwajima_player_master.csv,1334,0.1414,6.9914,,,0.0,,,,,,,,0.156,,,,0.0,,,,,,0.0,香　川　　陽　太,,,,,5323,,1,,0.1429,,,0.4587,0.0866,7,,0,,0.0,,1,0.1429,,0,0.0
basic_master,heiwajima_player_master.csv,1335,0.1922,6.7889,,,0.0,,,,,,,,0.1546,,,,0.0,,,,,,0.0,崎　　　　利　仁,,,,,3973,,0,,0.0,,,0.5231,0.0763,9,,1,,0.1111,,1,0.1111,,0,0.0
basic_master,heiwajima_player_master.csv,1336,0.1462,6.9286,,,0.0,,,,,,,,0.153,,,,0.0,,,,,,0.0,野　田　　昇　吾,,,,,5259,,1,,0.0476,,,0.6581,0.0547,21,,0,,0.0,,1,0.0476,,0,0.0
basic_master,heiwajima_player_master.csv,1337,0.1883,7.04,,,0.0,,,,,,,,0.1509,,,,0.0,,,,,,0.0,松　田　　憲　幸,,,,,3901,,0,,0.0,,,0.7544,0.0393,6,,0,,0.0,,0,0.0,,0,0.0
basic_master,heiwajima_player_master.csv,1338,0.249,6.943,,,0.0,,,,,,,,0.1504,,,,0.0,,,,,,0.1,眞　崎　　武　蔵,,,,,5293,,0,,0.0,,,0.5269,0.0757,10,,1,,0.1,,1,0.1,,0,0.0
basic_master,heiwajima_player_master.csv,1339,0.14,6.78,,,0.0,,,,,,,,0.15,,,,0.0,,,,,,0.0,江　夏　　　　満,,,,,4136,データ少,0,,0.0,,,0.75,0.04,2,,0,,0.0,,0,0.0,,0,0.0
basic_master,heiwajima_player_master.csv,1340,0.1671,6.8671,,,0.0,,,,,,,,0.1466,,,,0.0,,,,,,0.0,沓　名　　貴　輝,,,,,4999,,0,,0.0,,,0.7331,0.0427,7,,0,,0.0,,0,0.0,,0,0.0
basic_master,heiwajima_player_master.csv,1341,0.174,6.9097,,,0.0,,,,,,,,0.1465,,,,0.0,,,,,,0.0,高　山　　弘　斗,,,,,5242,,3,,0.1,,,0.5075,0.0788,30,,0,,0.0,,3,0.1,,0,0.0
basic_master,heiwajima_player_master.csv,1342,0.1713,7.0462,,,0.0,,,,,,,,0.145,,,,0.0,,,,,,0.0,中　澤　　英　里,,,,,5414,,0,,0.0,,,0.725,0.044,8,,0,,0.0,,0,0.0,,0,0.0
basic_master,heiwajima_player_master.csv,1343,0.1928,6.812,,,0.0,,,,,,,,0.1445,,,,0.0,,,,,,0.0909,石　村　　日奈那,,,,,5365,,0,,0.0,,,0.5425,0.0732,25,,2,,0.08,,2,0.08,,0,0.0
basic_master,heiwajima_player_master.csv,1344,0.1668,6.8065,,,0.0,,,,,,,,0.1438,,,,0.0,,,,,,0.0,沼　田　　七　華,,,,,5251,,0,,0.0,,,0.5737,0.0682,31,,2,,0.0645,,2,0.0645,,0,0.0
basic_master,heiwajima_player_master.csv,1345,0.2011,6.82,,,0.0,,,,,,,,0.1414,,,,0.0,,,,,,0.0,倉　田　　茂　将,,,,,5039,,0,,0.0,,,0.3181,0.1091,9,,0,,0.0,,1,0.1111,,1,0.1111
basic_master,heiwajima_player_master.csv,1346,0.17,6.8292,,,0.2,,,,,,,,0.1407,,,,0.0,,,,,,0.0333,浅　井　　　　翼,,,,,5315,,0,,0.0,,,0.3006,0.1119,38,,2,,0.0526,,4,0.1053,,2,0.0526
basic_master,heiwajima_player_master.csv,1347,0.1357,6.9414,,,0.0,,,,,,,,0.1389,,,,0.0,,,,,,0.0,松　田　　真　実,,,,,5272,,0,,0.0,,,0.6944,0.0489,7,,0,,0.0,,0,0.0,,0,0.0
basic_master,heiwajima_player_master.csv,1348,0.2064,6.8273,,,0.0,,,,,,,,0.1344,,,,0.0,,,,,,0.0,中　島　　　　航,,,,,5070,,0,,0.0,,,0.4675,0.0852,11,,1,,0.0909,,1,0.0909,,0,0.0
basic_master,heiwajima_player_master.csv,1349,0.2,6.81,,,0.0,,,,,,,,0.1339,,,,0.0,,,,,,0.0,田　山　　和　広,,,,,3537,,0,,0.0,,,0.6694,0.0529,8,,0,,0.0,,0,0.0,,0,0.0
basic_master,heiwajima_player_master.csv,1350,0.2162,6.6525,,,0.0,,,,,,,,0.1331,,,,0.0,,,,,,0.0,熊　倉　　幹　太,,,,,5424,,0,,0.0,,,0.2281,0.1235,8,,0,,0.0,,1,0.125,,1,0.125
basic_master,heiwajima_player_master.csv,1351,0.2145,6.7989,,,0.0,,,,,,,,0.1283,,,,0.0,,,,,,0.0,佐　藤　　右　京,,,,,5292,,3,,0.0682,,,0.4369,0.0901,44,,1,,0.0227,,4,0.0909,,0,0.0
basic_master,heiwajima_player_master.csv,1352,0.1575,6.8807,,,0.0,,,,,,,,0.1277,,,,0.0,,,,,,0.037,山　道　　諄　也,,,,,5341,,0,,0.0,,,0.5581,0.0707,28,,1,,0.0357,,1,0.0357,,0,0.0
basic_master,heiwajima_player_master.csv,1353,0.1694,6.8275,,,0.0,,,,,,,,0.1266,,,,0.0,,,,,,0.0769,根　岸　　真　優,,,,,5322,,0,,0.0,,,0.4925,0.0812,16,,1,,0.0625,,1,0.0625,,0,0.0
basic_master,heiwajima_player_master.csv,1354,0.1776,6.9335,,,0.0,,,,,,,,0.1264,,,,0.0,,,,,,0.0,今　泉　　　　澪,,,,,5410,,0,,0.0,,,0.6319,0.0589,17,,0,,0.0,,0,0.0,,0,0.0
basic_master,heiwajima_player_master.csv,1355,0.2017,6.8771,,,0.0,,,,,,,,0.1252,,,,0.0,,,,,,0.0,牧　村　　俊　輝,,,,,5345,,0,,0.0,,,0.6262,0.0598,24,,0,,0.0,,0,0.0,,0,0.0
basic_master,heiwajima_player_master.csv,1356,0.1862,6.7575,,,0.0,,,,,,,,0.1243,,,,0.0,,,,,,0.0,渡　邊　　雄　斗,,,,,5354,,0,,0.0,,,0.6213,0.0606,8,,0,,0.0,,0,0.0,,0,0.0
basic_master,heiwajima_player_master.csv,1357,0.2043,6.7929,,,0.0,,,,,,,,0.1232,,,,0.0,,,,,,0.0,三　嶌　　さらら,,,,,5326,,0,,0.0,,,0.6162,0.0614,7,,0,,0.0,,0,0.0,,0,0.0
basic_master,heiwajima_player_master.csv,1358,0.1978,6.8978,,,0.0,,,,,,,,0.1228,,,,0.0,,,,,,0.0,龍　田　　真　白,,,,,5416,,0,,0.0,,,0.6138,0.0618,9,,0,,0.0,,0,0.0,,0,0.0
basic_master,heiwajima_player_master.csv,1359,0.165,6.9917,,,0.0,,,,,,,,0.1204,,,,0.0,,,,,,0.0,本　村　　　　大,,,,,5086,,0,,0.0,,,0.6019,0.0637,6,,0,,0.0,,0,0.0,,0,0.0
basic_master,heiwajima_player_master.csv,1360,0.21,6.7663,,,0.0,,,,,,,,0.119,,,,0.0,,,,,,0.0,山　本　　幸　也,,,,,5268,,0,,0.0,,,0.595,0.0648,8,,0,,0.0,,0,0.0,,0,0.0
basic_master,heiwajima_player_master.csv,1361,0.17,6.8678,,,0.0,,,,,,,,0.1166,,,,0.0,,,,,,0.0,白　石　　有　美,,,,,4940,,0,,0.0,,,0.5831,0.0667,9,,0,,0.0,,0,0.0,,0,0.0
basic_master,heiwajima_player_master.csv,1362,0.1639,6.9574,,,0.0,,,,,,,,0.1165,,,,0.0,,,,,,0.0,河　内　　一　馬,,,,,5318,,0,,0.0,,,0.5825,0.0668,23,,0,,0.0,,0,0.0,,0,0.0
basic_master,heiwajima_player_master.csv,1363,0.162,6.961,,,0.0,,,,,,,,0.1165,,,,0.0,,,,,,0.0,高　木　　茉　白,,,,,5360,,0,,0.0,,,0.5825,0.0668,10,,0,,0.0,,0,0.0,,0,0.0
basic_master,heiwajima_player_master.csv,1364,0.184,6.966,,,0.0,,,,,,,,0.115,,,,0.0,,,,,,0.0,中　嶋　　世　奈,,,,,5362,,0,,0.0,,,0.575,0.068,5,,0,,0.0,,0,0.0,,0,0.0
basic_master,heiwajima_player_master.csv,1365,0.1684,6.7608,,,0.0,,,,,,,,0.113,,,,0.0,,,,,,0.0,金　子　　怜　央,,,,,5364,,0,,0.0,,,0.565,0.0696,25,,0,,0.0,,0,0.0,,0,0.0
basic_master,heiwajima_player_master.csv,1366,0.1574,6.8581,,,0.0,,,,,,,,0.1119,,,,0.0,,,,,,0.0,岩　崎　　麗　子,,,,,5320,,0,,0.0,,,0.5594,0.0705,27,,0,,0.0,,0,0.0,,0,0.0
basic_master,heiwajima_player_master.csv,1367,0.2162,6.7438,,,0.0,,,,,,,,0.106,,,,0.0,,,,,,0.0,田　上　　　　凜,,,,,5295,,0,,0.0,,,0.53,0.0752,16,,0,,0.0,,0,0.0,,0,0.0
basic_master,heiwajima_player_master.csv,1368,0.1945,6.8741,,,0.0,,,,,,,,0.1053,,,,0.0,,,,,,0.04,中　曽　　瑠　華,,,,,5314,,0,,0.0,,,0.4487,0.0882,29,,1,,0.0345,,1,0.0345,,0,0.0
basic_master,heiwajima_player_master.csv,1369,0.1772,6.8376,,,0.0,,,,,,,,0.105,,,,0.0,,,,,,0.0,木　下　　虎之輔,,,,,5411,,0,,0.0,,,0.525,0.076,29,,0,,0.0,,0,0.0,,0,0.0
basic_master,heiwajima_player_master.csv,1370,0.1922,6.8058,,,0.0,,,,,,,,0.1046,,,,0.0,,,,,,0.0,早　川　　颯　太,,,,,5371,,0,,0.0,,,0.5231,0.0763,36,,0,,0.0,,0,0.0,,0,0.0
basic_master,heiwajima_player_master.csv,1371,0.1607,6.92,,,0.0,,,,,,,,0.104,,,,0.0,,,,,,0.0,井　田　　涼　介,,,,,5304,,0,,0.0,,,0.52,0.0768,30,,0,,0.0,,0,0.0,,0,0.0
basic_master,heiwajima_player_master.csv,1372,0.2084,6.774,,,0.0,,,,,,,,0.1015,,,,0.0,,,,,,0.0625,河　内　　悠利杏,,,,,5306,,0,,0.0,,,0.4175,0.0932,25,,1,,0.04,,1,0.04,,0,0.0
basic_master,heiwajima_player_master.csv,1373,0.17,6.9282,,,0.0,,,,,,,,0.1014,,,,0.0,,,,,,0.0,高　橋　　涼　夏,,,,,5390,,0,,0.0,,,0.5069,0.0789,22,,0,,0.0,,0,0.0,,0,0.0
basic_master,heiwajima_player_master.csv,1374,0.1952,6.9159,,,0.0,,,,,,,,0.101,,,,0.0,,,,,,0.0,植　竹　　玲　奈,,,,,5361,,0,,0.0,,,0.4537,0.0874,44,,1,,0.0227,,1,0.0227,,0,0.0
basic_master,heiwajima_player_master.csv,1375,0.2286,6.6914,,,0.0,,,,,,,,0.1006,,,,0.0,,,,,,0.0,小　畑　　楓　夏,,,,,5406,,0,,0.0,,,0.5031,0.0795,7,,0,,0.0,,0,0.0,,0,0.0
basic_master,heiwajima_player_master.csv,1376,0.14,6.995,,,0.0,,,,,,,,0.1002,,,,0.0,,,,,,0.0,中　村　　紋夕梨,,,,,5346,,0,,0.0,,,0.5012,0.0798,8,,0,,0.0,,0,0.0,,0,0.0
basic_master,heiwajima_player_master.csv,1377,0.2037,6.8374,,,0.0,,,,,,,,0.0999,,,,0.0,,,,,,0.0,井　澤　　聖　奈,,,,,5347,,0,,0.0,,,0.4994,0.0801,19,,0,,0.0,,0,0.0,,0,0.0
basic_master,heiwajima_player_master.csv,1378,0.2033,6.8133,,,0.0,,,,,,,,0.0989,,,,0.0,,,,,,0.0,田　中　　瀬里奈,,,,,5357,,0,,0.0,,,0.4944,0.0809,15,,0,,0.0,,0,0.0,,0,0.0
basic_master,heiwajima_player_master.csv,1379,0.1947,6.8397,,,0.0,,,,,,,,0.0971,,,,0.0,,,,,,0.0741,尾　道　　佳　諭,,,,,5288,,1,,0.0278,,,0.2981,0.1123,36,,2,,0.0556,,3,0.0833,,0,0.0
basic_master,heiwajima_player_master.csv,1380,0.1938,6.9023,,,0.0,,,,,,,,0.0923,,,,0.0,,,,,,0.0,塚　越　　陸　斗,,,,,5402,,0,,0.0,,,0.4613,0.0862,13,,0,,0.0,,0,0.0,,0,0.0
basic_master,heiwajima_player_master.csv,1381,0.1593,6.874,,,0.0,,,,,,,,0.0907,,,,0.0,,,,,,0.0,櫻　井　　　　隼,,,,,5419,,0,,0.0,,,0.4537,0.0874,15,,0,,0.0,,0,0.0,,0,0.0
basic_master,heiwajima_player_master.csv,1382,0.2287,6.802,,,0.0,,,,,,,,0.0906,,,,0.0,,,,,,0.0,森　田　　梨　湖,,,,,5164,,0,,0.0,,,0.4531,0.0875,15,,0,,0.0,,0,0.0,,0,0.0
basic_master,heiwajima_player_master.csv,1383,0.2813,6.806,,,0.0,,,,,,,,0.0896,,,,0.0,,,,,,0.0,土　屋　　　　蘭,,,,,5310,,0,,0.0,,,0.4481,0.0883,15,,0,,0.0,,0,0.0,,0,0.0
basic_master,heiwajima_player_master.csv,1384,0.2611,6.7811,,,0.0,,,,,,,,0.0851,,,,0.0,,,,,,0.0,市　川　　瑚　幸,,,,,5436,,0,,0.0,,,0.4256,0.0919,9,,0,,0.0,,0,0.0,,0,0.0
basic_master,heiwajima_player_master.csv,1385,0.2161,6.8717,,,0.0,,,,,,,,0.0847,,,,0.0,,,,,,0.0,斎　藤　　　　凜,,,,,5225,,0,,0.0,,,0.4237,0.0922,23,,0,,0.0,,0,0.0,,0,0.0
basic_master,heiwajima_player_master.csv,1386,0.1944,6.8456,,,0.0,,,,,,,,0.0828,,,,0.0,,,,,,0.0,志　賀　　美　優,,,,,5439,,0,,0.0,,,0.4138,0.0938,9,,0,,0.0,,0,0.0,,0,0.0
basic_master,heiwajima_player_master.csv,1387,0.2494,6.9118,,,0.0,,,,,,,,0.0745,,,,0.0,,,,,,0.0,阿　部　　未　侑,,,,,5415,,0,,0.0,,,0.3725,0.1004,17,,0,,0.0,,0,0.0,,0,0.0
basic_master,heiwajima_player_master.csv,1388,0.2044,7.0022,,,0.0,,,,,,,,0.0704,,,,0.0,,,,,,0.0,赤　松　　咲　香,,,,,5367,,0,,0.0,,,0.3519,0.1037,9,,0,,0.0,,0,0.0,,0,0.0
basic_master,heiwajima_player_master.csv,1389,0.17,6.7856,,,0.0,,,,,,,,0.0616,,,,0.0,,,,,,0.0,真　田　　聖　也,,,,,5422,,0,,0.0,,,0.3081,0.1107,9,,0,,0.0,,0,0.0,,0,0.0
basic_master,heiwajima_player_master.csv,1390,0.2233,6.9133,,,0.0,,,,,,,,0.0559,,,,0.0,,,,,,0.0,南　　　　彩　寧,,,,,5297,,0,,0.0,,,0.2794,0.1153,6,,0,,0.0,,0,0.0,,0,0.0
basic_master,heiwajima_player_master.csv,1391,0.293,6.8267,,,0.0,,,,,,,,0.0448,,,,0.0,,,,,,0.0,西　田　　和　加,,,,,5327,,0,,0.0,,,0.2238,0.1242,27,,0,,0.0,,0,0.0,,0,0.0
basic_master,heiwajima_player_master.csv,1392,0.2295,6.8047,,,0.0,,,,,,,,0.0387,,,,0.3333,,,,,,0.0,植　木　　美　帆,,,,,5283,,0,,0.0,,,0.0094,0.1585,19,,0,,0.0,,1,0.0526,,1,0.0526
basic_master,heiwajima_player_master.csv,1393,0.3483,6.8133,,,0.0,,,,,,,,0.0205,,,,0.0,,,,,,0.0,野　田　　亜　湖,,,,,5380,,0,,0.0,,,0.1025,0.1436,6,,0,,0.0,,0,0.0,,0,0.0
basic_master,heiwajima_motor_master.csv,1,0.1462,6.854,,,,,,,,,,,,,,,,,,,,60,,,0.3573,,,,,,,,,,,,,504,,,,,0.4028,,0.6012,,,0.2262
basic_master,heiwajima_motor_master.csv,2,0.1528,6.84,,,,,,,,,,,,,,,,,,,,29,,,0.353,,,,,,,,,,,,,581,,,,,0.4165,,0.5766,,,0.2238
basic_master,heiwajima_motor_master.csv,3,0.1474,6.8101,,,,,,,,,,,,,,,,,,,,34,,,0.3503,,,,,,,,,,,,,602,,,,,0.4053,,0.5914,,,0.211
basic_master,heiwajima_motor_master.csv,4,0.1451,6.8257,,,,,,,,,,,,,,,,,,,,68,,,0.3329,,,,,,,,,,,,,580,,,,,0.3793,,0.5483,,,0.2086
basic_master,heiwajima_motor_master.csv,5,0.1473,6.828,,,,,,,,,,,,,,,,,,,,36,,,0.3319,,,,,,,,,,,,,583,,,,,0.3825,,0.5455,,,0.2075
basic_master,heiwajima_motor_master.csv,6,0.1539,6.8398,,,,,,,,,,,,,,,,,,,,55,,,0.3298,,,,,,,,,,,,,571,,,,,0.3853,,0.5604,,,0.1996
basic_master,heiwajima_motor_master.csv,7,0.1491,6.8434,,,,,,,,,,,,,,,,,,,,63,,,0.3288,,,,,,,,,,,,,593,,,,,0.3929,,0.543,,,0.1922
basic_master,heiwajima_motor_master.csv,8,0.1485,6.839,,,,,,,,,,,,,,,,,,,,48,,,0.3271,,,,,,,,,,,,,532,,,,,0.3872,,0.547,,,0.1898
basic_master,heiwajima_motor_master.csv,9,0.1537,6.8374,,,,,,,,,,,,,,,,,,,,19,,,0.3259,,,,,,,,,,,,,540,,,,,0.387,,0.5333,,,0.2019
basic_master,heiwajima_motor_master.csv,10,0.1521,6.8403,,,,,,,,,,,,,,,,,,,,57,,,0.3206,,,,,,,,,,,,,586,,,,,0.3737,,0.5478,,,0.1894
basic_master,heiwajima_motor_master.csv,11,0.1523,6.8468,,,,,,,,,,,,,,,,,,,,25,,,0.3204,,,,,,,,,,,,,568,,,,,0.3644,,0.5405,,,0.2025
basic_master,heiwajima_motor_master.csv,12,0.1498,6.8379,,,,,,,,,,,,,,,,,,,,37,,,0.3202,,,,,,,,,,,,,585,,,,,0.3709,,0.5385,,,0.1932
basic_master,heiwajima_motor_master.csv,13,0.1485,6.8428,,,,,,,,,,,,,,,,,,,,17,,,0.3117,,,,,,,,,,,,,584,,,,,0.3579,,0.512,,,0.1952
basic_master,heiwajima_motor_master.csv,14,0.1485,6.8449,,,,,,,,,,,,,,,,,,,,73,,,0.3103,,,,,,,,,,,,,577,,,,,0.3674,,0.5234,,,0.175
basic_master,heiwajima_motor_master.csv,15,0.1537,6.8485,,,,,,,,,,,,,,,,,,,,35,,,0.3074,,,,,,,,,,,,,512,,,,,0.3574,,0.5312,,,0.1797
basic_master,heiwajima_motor_master.csv,16,0.1516,6.8464,,,,,,,,,,,,,,,,,,,,51,,,0.3072,,,,,,,,,,,,,570,,,,,0.3596,,0.507,,,0.1877
basic_master,heiwajima_motor_master.csv,17,0.149,6.8425,,,,,,,,,,,,,,,,,,,,43,,,0.3069,,,,,,,,,,,,,584,,,,,0.3545,,0.5342,,,0.1729
basic_master,heiwajima_motor_master.csv,18,0.1558,6.8331,,,,,,,,,,,,,,,,,,,,14,,,0.3069,,,,,,,,,,,,,543,,,,,0.3481,,0.5617,,,0.1731
basic_master,heiwajima_motor_master.csv,19,0.1573,6.835,,,,,,,,,,,,,,,,,,,,12,,,0.3059,,,,,,,,,,,,,593,,,,,0.3524,,0.5346,,,0.1838
basic_master,heiwajima_motor_master.csv,20,0.1497,6.836,,,,,,,,,,,,,,,,,,,,45,,,0.3053,,,,,,,,,,,,,550,,,,,0.3582,,0.5218,,,0.1727
basic_master,heiwajima_motor_master.csv,21,0.1507,6.8404,,,,,,,,,,,,,,,,,,,,24,,,0.305,,,,,,,,,,,,,530,,,,,0.3396,,0.534,,,0.1849
basic_master,heiwajima_motor_master.csv,22,0.1565,6.8315,,,,,,,,,,,,,,,,,,,,72,,,0.3034,,,,,,,,,,,,,583,,,,,0.3465,,0.5489,,,0.1732
basic_master,heiwajima_motor_master.csv,23,0.1499,6.8441,,,,,,,,,,,,,,,,,,,,70,,,0.3029,,,,,,,,,,,,,565,,,,,0.3416,,0.5133,,,0.1876
basic_master,heiwajima_motor_master.csv,24,0.152,6.84,,,,,,,,,,,,,,,,,,,,44,,,0.3024,,,,,,,,,,,,,564,,,,,0.3528,,0.5142,,,0.1773
basic_master,heiwajima_motor_master.csv,25,0.1539,6.8384,,,,,,,,,,,,,,,,,,,,16,,,0.3016,,,,,,,,,,,,,481,,,,,0.3472,,0.4969,,,0.1933
basic_master,heiwajima_motor_master.csv,26,0.1484,6.8348,,,,,,,,,,,,,,,,,,,,10,,,0.2983,,,,,,,,,,,,,554,,,,,0.3285,,0.509,,,0.1877
basic_master,heiwajima_motor_master.csv,27,0.1549,6.8392,,,,,,,,,,,,,,,,,,,,62,,,0.2977,,,,,,,,,,,,,575,,,,,0.3513,,0.5096,,,0.1722
basic_master,heiwajima_motor_master.csv,28,0.1549,6.8421,,,,,,,,,,,,,,,,,,,,23,,,0.2961,,,,,,,,,,,,,594,,,,,0.3367,,0.5135,,,0.1801
basic_master,heiwajima_motor_master.csv,29,0.1537,6.8462,,,,,,,,,,,,,,,,,,,,22,,,0.2956,,,,,,,,,,,,,569,,,,,0.3357,,0.5079,,,0.181
basic_master,heiwajima_motor_master.csv,30,0.1567,6.8385,,,,,,,,,,,,,,,,,,,,71,,,0.2955,,,,,,,,,,,,,564,,,,,0.344,,0.5071,,,0.1773
basic_master,heiwajima_motor_master.csv,31,0.1582,6.8431,,,,,,,,,,,,,,,,,,,,27,,,0.2949,,,,,,,,,,,,,592,,,,,0.3547,,0.5304,,,0.1537
basic_master,heiwajima_motor_master.csv,32,0.1466,6.8755,,,,,,,,,,,,,,,,,,,,15,,,0.2944,,,,,,,,,,,,,460,,,,,0.3326,,0.5022,,,0.1739
basic_master,heiwajima_motor_master.csv,33,0.1498,6.8486,,,,,,,,,,,,,,,,,,,,52,,,0.2939,,,,,,,,,,,,,537,,,,,0.3408,,0.5009,,,0.1695
basic_master,heiwajima_motor_master.csv,34,0.1547,6.8517,,,,,,,,,,,,,,,,,,,,66,,,0.293,,,,,,,,,,,,,559,,,,,0.3453,,0.5063,,,0.1664
basic_master,heiwajima_motor_master.csv,35,0.1595,6.8389,,,,,,,,,,,,,,,,,,,,28,,,0.292,,,,,,,,,,,,,569,,,,,0.3462,,0.5044,,,0.1705
basic_master,heiwajima_motor_master.csv,36,0.1502,6.8376,,,,,,,,,,,,,,,,,,,,61,,,0.2914,,,,,,,,,,,,,545,,,,,0.3339,,0.5028,,,0.1688
basic_master,heiwajima_motor_master.csv,37,0.1536,6.8425,,,,,,,,,,,,,,,,,,,,20,,,0.29,,,,,,,,,,,,,544,,,,,0.3272,,0.5221,,,0.1654
basic_master,heiwajima_motor_master.csv,38,0.153,6.8433,,,,,,,,,,,,,,,,,,,,40,,,0.2891,,,,,,,,,,,,,563,,,,,0.3286,,0.5169,,,0.1634
basic_master,heiwajima_motor_master.csv,39,0.1519,6.8303,,,,,,,,,,,,,,,,,,,,21,,,0.2881,,,,,,,,,,,,,527,,,,,0.3454,,0.5199,,,0.1404
basic_master,heiwajima_motor_master.csv,40,0.1505,6.8385,,,,,,,,,,,,,,,,,,,,65,,,0.287,,,,,,,,,,,,,547,,,,,0.3236,,0.5101,,,0.1627
basic_master,heiwajima_motor_master.csv,41,0.1595,6.8316,,,,,,,,,,,,,,,,,,,,56,,,0.2856,,,,,,,,,,,,,573,,,,,0.3281,,0.5061,,,0.1693
basic_master,heiwajima_motor_master.csv,42,0.1561,6.8529,,,,,,,,,,,,,,,,,,,,58,,,0.2822,,,,,,,,,,,,,570,,,,,0.3246,,0.507,,,0.1579
basic_master,heiwajima_motor_master.csv,43,0.1546,6.855,,,,,,,,,,,,,,,,,,,,41,,,0.2813,,,,,,,,,,,,,499,,,,,0.3186,,0.491,,,0.1683
basic_master,heiwajima_motor_master.csv,44,0.1533,6.8551,,,,,,,,,,,,,,,,,,,,38,,,0.2801,,,,,,,,,,,,,548,,,,,0.3193,,0.4781,,,0.1697
basic_master,heiwajima_motor_master.csv,45,0.1586,6.8592,,,,,,,,,,,,,,,,,,,,49,,,0.2797,,,,,,,,,,,,,514,,,,,0.3249,,0.5039,,,0.1556
basic_master,heiwajima_motor_master.csv,46,0.1529,6.8516,,,,,,,,,,,,,,,,,,,,67,,,0.2796,,,,,,,,,,,,,565,,,,,0.3221,,0.5062,,,0.1487
basic_master,heiwajima_motor_master.csv,47,0.1563,6.8419,,,,,,,,,,,,,,,,,,,,32,,,0.2787,,,,,,,,,,,,,471,,,,,0.3333,,0.4798,,,0.155
basic_master,heiwajima_motor_master.csv,48,0.1562,6.8518,,,,,,,,,,,,,,,,,,,,39,,,0.2776,,,,,,,,,,,,,558,,,,,0.3136,,0.5036,,,0.1577
basic_master,heiwajima_motor_master.csv,49,0.1519,6.8345,,,,,,,,,,,,,,,,,,,,64,,,0.2776,,,,,,,,,,,,,529,,,,,0.3327,,0.4972,,,0.1361
basic_master,heiwajima_motor_master.csv,50,0.1507,6.8545,,,,,,,,,,,,,,,,,,,,53,,,0.2761,,,,,,,,,,,,,579,,,,,0.3212,,0.494,,,0.1434
basic_master,heiwajima_motor_master.csv,51,0.1571,6.8596,,,,,,,,,,,,,,,,,,,,33,,,0.2753,,,,,,,,,,,,,513,,,,,0.3275,,0.4834,,,0.1501
basic_master,heiwajima_motor_master.csv,52,0.1564,6.8494,,,,,,,,,,,,,,,,,,,,26,,,0.2711,,,,,,,,,,,,,547,,,,,0.3126,,0.4808,,,0.1536
basic_master,heiwajima_motor_master.csv,53,0.1568,6.8688,,,,,,,,,,,,,,,,,,,,30,,,0.2708,,,,,,,,,,,,,493,,,,,0.3185,,0.4544,,,0.1623
basic_master,heiwajima_motor_master.csv,54,0.1496,6.8343,,,,,,,,,,,,,,,,,,,,54,,,0.2608,,,,,,,,,,,,,508,,,,,0.3012,,0.439,,,0.1496
basic_master,heiwajima_motor_master.csv,55,0.1506,6.8342,,,,,,,,,,,,,,,,,,,,69,,,0.2606,,,,,,,,,,,,,431,,,,,0.3016,,0.4501,,,0.1439
basic_master,heiwajima_motor_master.csv,56,0.1606,6.8525,,,,,,,,,,,,,,,,,,,,75,,,0.2583,,,,,,,,,,,,,491,,,,,0.2892,,0.4766,,,0.1487
basic_master,heiwajima_motor_master.csv,57,0.1578,6.8328,,,,,,,,,,,,,,,,,,,,31,,,0.2576,,,,,,,,,,,,,498,,,,,0.2952,,0.4839,,,0.1325
basic_master,heiwajima_motor_master.csv,58,0.1582,6.8437,,,,,,,,,,,,,,,,,,,,11,,,0.2567,,,,,,,,,,,,,486,,,,,0.3045,,0.4691,,,0.1296
basic_master,heiwajima_motor_master.csv,59,0.1532,6.8518,,,,,,,,,,,,,,,,,,,,59,,,0.2562,,,,,,,,,,,,,536,,,,,0.3041,,0.4534,,,0.1306
basic_master,heiwajima_motor_master.csv,60,0.1585,6.8527,,,,,,,,,,,,,,,,,,,,47,,,0.2541,,,,,,,,,,,,,500,,,,,0.292,,0.468,,,0.136
basic_master,heiwajima_motor_master.csv,61,0.1598,6.8578,,,,,,,,,,,,,,,,,,,,46,,,0.2529,,,,,,,,,,,,,529,,,,,0.2949,,0.4631,,,0.1342
basic_master,heiwajima_motor_master.csv,62,0.149,6.8666,,,,,,,,,,,,,,,,,,,,13,,,0.2474,,,,,,,,,,,,,510,,,,,0.2843,,0.449,,,0.1216
basic_master,heiwajima_motor_master.csv,63,0.1531,6.8509,,,,,,,,,,,,,,,,,,,,50,,,0.2373,,,,,,,,,,,,,493,,,,,0.2617,,0.4199,,,0.1379
basic_master,heiwajima_motor_master.csv,64,0.1604,6.8649,,,,,,,,,,,,,,,,,,,,74,,,0.2298,,,,,,,,,,,,,496,,,,,0.2702,,0.4294,,,0.1129
basic_master,heiwajima_motor_master.csv,65,0.1604,6.8539,,,,,,,,,,,,,,,,,,,,18,,,0.2145,,,,,,,,,,,,,453,,,,,0.245,,0.3863,,,0.1192
basic_master,heiwajima_boat_master.csv,1,0.1483,6.8399,48,,,,,,,,,,,,,,,,,,,,,,0.3509,,,,,,,,,,,,,583,,,,,0.4031,,0.5918,,,0.2161
basic_master,heiwajima_boat_master.csv,2,0.1513,6.8451,47,,,,,,,,,,,,,,,,,,,,,,0.3428,,,,,,,,,,,,,579,,,,,0.3972,,0.5907,,,0.2038
basic_master,heiwajima_boat_master.csv,3,0.1461,6.8455,55,,,,,,,,,,,,,,,,,,,,,,0.3313,,,,,,,,,,,,,565,,,,,0.3929,,0.5558,,,0.1876
basic_master,heiwajima_boat_master.csv,4,0.1475,6.833,59,,,,,,,,,,,,,,,,,,,,,,0.3283,,,,,,,,,,,,,561,,,,,0.3743,,0.5401,,,0.2086
basic_master,heiwajima_boat_master.csv,5,0.1468,6.8364,15,,,,,,,,,,,,,,,,,,,,,,0.3266,,,,,,,,,,,,,548,,,,,0.3686,,0.5602,,,0.1971
basic_master,heiwajima_boat_master.csv,6,0.1507,6.8364,61,,,,,,,,,,,,,,,,,,,,,,0.3261,,,,,,,,,,,,,532,,,,,0.3966,,0.5376,,,0.1861
basic_master,heiwajima_boat_master.csv,7,0.1466,6.833,67,,,,,,,,,,,,,,,,,,,,,,0.3234,,,,,,,,,,,,,524,,,,,0.3779,,0.5382,,,0.1908
basic_master,heiwajima_boat_master.csv,8,0.1488,6.8488,51,,,,,,,,,,,,,,,,,,,,,,0.3205,,,,,,,,,,,,,574,,,,,0.3659,,0.5366,,,0.1986
basic_master,heiwajima_boat_master.csv,9,0.1547,6.8355,26,,,,,,,,,,,,,,,,,,,,,,0.3203,,,,,,,,,,,,,591,,,,,0.3824,,0.5228,,,0.198
basic_master,heiwajima_boat_master.csv,10,0.1582,6.8364,22,,,,,,,,,,,,,,,,,,,,,,0.319,,,,,,,,,,,,,566,,,,,0.3816,,0.5389,,,0.1908
basic_master,heiwajima_boat_master.csv,11,0.1495,6.836,50,,,,,,,,,,,,,,,,,,,,,,0.3149,,,,,,,,,,,,,531,,,,,0.3578,,0.5424,,,0.1883
basic_master,heiwajima_boat_master.csv,12,0.1507,6.8525,17,,,,,,,,,,,,,,,,,,,,,,0.3141,,,,,,,,,,,,,547,,,,,0.3601,,0.5375,,,0.1883
basic_master,heiwajima_boat_master.csv,13,0.1475,6.8481,21,,,,,,,,,,,,,,,,,,,,,,0.3134,,,,,,,,,,,,,574,,,,,0.3624,,0.5314,,,0.1829
basic_master,heiwajima_boat_master.csv,14,0.1524,6.8482,32,,,,,,,,,,,,,,,,,,,,,,0.3129,,,,,,,,,,,,,571,,,,,0.3678,,0.5149,,,0.1926
basic_master,heiwajima_boat_master.csv,15,0.1505,6.8457,11,,,,,,,,,,,,,,,,,,,,,,0.309,,,,,,,,,,,,,566,,,,,0.364,,0.5283,,,0.1749
basic_master,heiwajima_boat_master.csv,16,0.1554,6.8388,31,,,,,,,,,,,,,,,,,,,,,,0.3085,,,,,,,,,,,,,567,,,,,0.3616,,0.515,,,0.1905
basic_master,heiwajima_boat_master.csv,17,0.1535,6.8378,18,,,,,,,,,,,,,,,,,,,,,,0.3073,,,,,,,,,,,,,567,,,,,0.3439,,0.5291,,,0.194
basic_master,heiwajima_boat_master.csv,18,0.1541,6.8589,71,,,,,,,,,,,,,,,,,,,,,,0.3072,,,,,,,,,,,,,527,,,,,0.3719,,0.5313,,,0.1651
basic_master,heiwajima_boat_master.csv,19,0.1532,6.8512,57,,,,,,,,,,,,,,,,,,,,,,0.3072,,,,,,,,,,,,,521,,,,,0.3647,,0.5317,,,0.1708
basic_master,heiwajima_boat_master.csv,20,0.1433,6.8392,52,,,,,,,,,,,,,,,,,,,,,,0.3042,,,,,,,,,,,,,557,,,,,0.3429,,0.5117,,,0.1813
basic_master,heiwajima_boat_master.csv,21,0.1533,6.843,75,,,,,,,,,,,,,,,,,,,,,,0.3011,,,,,,,,,,,,,565,,,,,0.3522,,0.5345,,,0.1646
basic_master,heiwajima_boat_master.csv,22,0.1495,6.84,19,,,,,,,,,,,,,,,,,,,,,,0.3011,,,,,,,,,,,,,549,,,,,0.3552,,0.5301,,,0.1585
basic_master,heiwajima_boat_master.csv,23,0.1526,6.8511,46,,,,,,,,,,,,,,,,,,,,,,0.3008,,,,,,,,,,,,,566,,,,,0.3498,,0.5265,,,0.1696
basic_master,heiwajima_boat_master.csv,24,0.1583,6.8493,41,,,,,,,,,,,,,,,,,,,,,,0.2996,,,,,,,,,,,,,490,,,,,0.3429,,0.5224,,,0.1837
basic_master,heiwajima_boat_master.csv,25,0.1475,6.8463,14,,,,,,,,,,,,,,,,,,,,,,0.2978,,,,,,,,,,,,,577,,,,,0.3414,,0.513,,,0.1698
basic_master,heiwajima_boat_master.csv,26,0.1539,6.8492,54,,,,,,,,,,,,,,,,,,,,,,0.2972,,,,,,,,,,,,,543,,,,,0.3425,,0.512,,,0.1768
basic_master,heiwajima_boat_master.csv,27,0.1557,6.8505,64,,,,,,,,,,,,,,,,,,,,,,0.2952,,,,,,,,,,,,,501,,,,,0.3493,,0.521,,,0.1617
basic_master,heiwajima_boat_master.csv,28,0.1553,6.8495,74,,,,,,,,,,,,,,,,,,,,,,0.295,,,,,,,,,,,,,511,,,,,0.3386,,0.5225,,,0.1703
basic_master,heiwajima_boat_master.csv,29,0.1504,6.8484,49,,,,,,,,,,,,,,,,,,,,,,0.2949,,,,,,,,,,,,,543,,,,,0.3315,,0.5046,,,0.1805
basic_master,heiwajima_boat_master.csv,30,0.1512,6.8399,69,,,,,,,,,,,,,,,,,,,,,,0.2946,,,,,,,,,,,,,545,,,,,0.3284,,0.5339,,,0.167
basic_master,heiwajima_boat_master.csv,31,0.1478,6.8413,13,,,,,,,,,,,,,,,,,,,,,,0.2927,,,,,,,,,,,,,586,,,,,0.3294,,0.5375,,,0.1536
basic_master,heiwajima_boat_master.csv,32,0.1541,6.8473,58,,,,,,,,,,,,,,,,,,,,,,0.292,,,,,,,,,,,,,545,,,,,0.3431,,0.5028,,,0.167
basic_master,heiwajima_boat_master.csv,33,0.1498,6.8356,36,,,,,,,,,,,,,,,,,,,,,,0.291,,,,,,,,,,,,,547,,,,,0.34,,0.5192,,,0.1517
basic_master,heiwajima_boat_master.csv,34,0.1547,6.8541,33,,,,,,,,,,,,,,,,,,,,,,0.2908,,,,,,,,,,,,,563,,,,,0.341,,0.508,,,0.1634
basic_master,heiwajima_boat_master.csv,35,0.1519,6.8446,28,,,,,,,,,,,,,,,,,,,,,,0.2899,,,,,,,,,,,,,583,,,,,0.3276,,0.4906,,,0.1801
basic_master,heiwajima_boat_master.csv,36,0.1545,6.8478,37,,,,,,,,,,,,,,,,,,,,,,0.2893,,,,,,,,,,,,,579,,,,,0.3402,,0.4974,,,0.1658
basic_master,heiwajima_boat_master.csv,37,0.155,6.8359,70,,,,,,,,,,,,,,,,,,,,,,0.2887,,,,,,,,,,,,,521,,,,,0.3282,,0.5144,,,0.167
basic_master,heiwajima_boat_master.csv,38,0.1562,6.8488,44,,,,,,,,,,,,,,,,,,,,,,0.2883,,,,,,,,,,,,,535,,,,,0.329,,0.5215,,,0.1626
basic_master,heiwajima_boat_master.csv,39,0.1498,6.8529,45,,,,,,,,,,,,,,,,,,,,,,0.288,,,,,,,,,,,,,534,,,,,0.3296,,0.5187,,,0.1536
basic_master,heiwajima_boat_master.csv,40,0.1559,6.8497,35,,,,,,,,,,,,,,,,,,,,,,0.2877,,,,,,,,,,,,,546,,,,,0.3407,,0.5,,,0.1612
basic_master,heiwajima_boat_master.csv,41,0.1517,6.8391,20,,,,,,,,,,,,,,,,,,,,,,0.2874,,,,,,,,,,,,,573,,,,,0.3316,,0.4869,,,0.171
basic_master,heiwajima_boat_master.csv,42,0.1548,6.8541,56,,,,,,,,,,,,,,,,,,,,,,0.2856,,,,,,,,,,,,,574,,,,,0.3397,,0.4808,,,0.1655
basic_master,heiwajima_boat_master.csv,43,0.1589,6.8478,12,,,,,,,,,,,,,,,,,,,,,,0.2852,,,,,,,,,,,,,558,,,,,0.3315,,0.4857,,,0.1756
basic_master,heiwajima_boat_master.csv,44,0.1527,6.8387,62,,,,,,,,,,,,,,,,,,,,,,0.285,,,,,,,,,,,,,518,,,,,0.3243,,0.4884,,,0.1718
basic_master,heiwajima_boat_master.csv,45,0.1504,6.8312,60,,,,,,,,,,,,,,,,,,,,,,0.2818,,,,,,,,,,,,,538,,,,,0.3309,,0.4535,,,0.1729
basic_master,heiwajima_boat_master.csv,46,0.1526,6.843,73,,,,,,,,,,,,,,,,,,,,,,0.2817,,,,,,,,,,,,,558,,,,,0.3208,,0.4713,,,0.1756
basic_master,heiwajima_boat_master.csv,47,0.1594,6.8455,66,,,,,,,,,,,,,,,,,,,,,,0.2814,,,,,,,,,,,,,467,,,,,0.3212,,0.5161,,,0.1585
basic_master,heiwajima_boat_master.csv,48,0.1521,6.8425,38,,,,,,,,,,,,,,,,,,,,,,0.2813,,,,,,,,,,,,,498,,,,,0.3173,,0.504,,,0.1586
basic_master,heiwajima_boat_master.csv,49,0.1491,6.8407,39,,,,,,,,,,,,,,,,,,,,,,0.2812,,,,,,,,,,,,,551,,,,,0.3285,,0.4936,,,0.1488
basic_master,heiwajima_boat_master.csv,50,0.1556,6.8426,25,,,,,,,,,,,,,,,,,,,,,,0.2776,,,,,,,,,,,,,517,,,,,0.3211,,0.501,,,0.1509
basic_master,heiwajima_boat_master.csv,51,0.1574,6.8435,24,,,,,,,,,,,,,,,,,,,,,,0.2759,,,,,,,,,,,,,526,,,,,0.3289,,0.4582,,,0.1654
basic_master,heiwajima_boat_master.csv,52,0.1597,6.8426,43,,,,,,,,,,,,,,,,,,,,,,0.2745,,,,,,,,,,,,,545,,,,,0.3138,,0.4899,,,0.1615
basic_master,heiwajima_boat_master.csv,53,0.1514,6.8649,34,,,,,,,,,,,,,,,,,,,,,,0.2732,,,,,,,,,,,,,529,,,,,0.3195,,0.4442,,,0.1664
basic_master,heiwajima_boat_master.csv,54,0.1546,6.8501,10,,,,,,,,,,,,,,,,,,,,,,0.273,,,,,,,,,,,,,535,,,,,0.3065,,0.4841,,,0.1607
basic_master,heiwajima_boat_master.csv,55,0.1574,6.8388,16,,,,,,,,,,,,,,,,,,,,,,0.271,,,,,,,,,,,,,558,,,,,0.2993,,0.5143,,,0.1487
basic_master,heiwajima_boat_master.csv,56,0.1513,6.838,30,,,,,,,,,,,,,,,,,,,,,,0.2706,,,,,,,,,,,,,552,,,,,0.288,,0.4728,,,0.1739
basic_master,heiwajima_boat_master.csv,57,0.1562,6.8356,27,,,,,,,,,,,,,,,,,,,,,,0.2639,,,,,,,,,,,,,560,,,,,0.3054,,0.4786,,,0.1411
basic_master,heiwajima_boat_master.csv,58,0.1615,6.8382,72,,,,,,,,,,,,,,,,,,,,,,0.2585,,,,,,,,,,,,,524,,,,,0.3092,,0.458,,,0.1412
basic_master,heiwajima_boat_master.csv,59,0.1562,6.824,29,,,,,,,,,,,,,,,,,,,,,,0.2579,,,,,,,,,,,,,497,,,,,0.2877,,0.4869,,,0.1368
basic_master,heiwajima_boat_master.csv,60,0.1528,6.8374,68,,,,,,,,,,,,,,,,,,,,,,0.2564,,,,,,,,,,,,,487,,,,,0.2895,,0.4702,,,0.1355
basic_master,heiwajima_boat_master.csv,61,0.1665,6.8524,53,,,,,,,,,,,,,,,,,,,,,,0.2508,,,,,,,,,,,,,484,,,,,0.2975,,0.4607,,,0.1364
basic_master,heiwajima_boat_master.csv,62,0.1682,6.8528,63,,,,,,,,,,,,,,,,,,,,,,0.2504,,,,,,,,,,,,,516,,,,,0.2984,,0.4593,,,0.1376
basic_master,heiwajima_boat_master.csv,63,0.1582,6.8414,40,,,,,,,,,,,,,,,,,,,,,,0.2483,,,,,,,,,,,,,508,,,,,0.2894,,0.4429,,,0.1358
basic_master,heiwajima_boat_master.csv,64,0.1544,6.8523,65,,,,,,,,,,,,,,,,,,,,,,0.248,,,,,,,,,,,,,477,,,,,0.2872,,0.4423,,,0.1321
basic_master,heiwajima_boat_master.csv,65,0.1563,6.8511,23,,,,,,,,,,,,,,,,,,,,,,0.2469,,,,,,,,,,,,,520,,,,,0.2865,,0.4519,,,0.1269
basic_master,heiwajima_st_exhibition_master.csv,1,,,,,,1,,,,,,0.6244,,,,0.8856,,,,,,,,,,,,,,,,,0.1839,,ST_0.10以下,,,647,展示_標準,,,0.0773,,,,,,
basic_master,heiwajima_st_exhibition_master.csv,2,,,,,,1,,,,,,0.6276,,,,0.8897,,,,,,,,,,,,,,,,,0.1931,,ST_0.10以下,,,145,展示_速い,,,0.069,,,,,,
basic_master,heiwajima_st_exhibition_master.csv,3,,,,,,1,,,,,,0.5447,,,,0.8486,,,,,,,,,,,,,,,,,0.2144,,ST_0.10以下,,,872,展示_遅い,,,0.0894,,,,,,
basic_master,heiwajima_st_exhibition_master.csv,4,,,,,,1,,,,,,0.4974,,,,0.8089,,,,,,,,,,,,,,,,,0.2134,,ST_0.11-0.15,,,764,展示_標準,,,0.0982,,,,,,
basic_master,heiwajima_st_exhibition_master.csv,5,,,,,,1,,,,,,0.6129,,,,0.8323,,,,,,,,,,,,,,,,,0.1355,,ST_0.11-0.15,,,155,展示_速い,,,0.0839,,,,,,
basic_master,heiwajima_st_exhibition_master.csv,6,,,,,,1,,,,,,0.4711,,,,0.7802,,,,,,,,,,,,,,,,,0.1945,,ST_0.11-0.15,,,951,展示_遅い,,,0.1146,,,,,,
basic_master,heiwajima_st_exhibition_master.csv,7,,,,,,1,,,,,,0.3963,,,,0.7441,,,,,,,,,,,,,,,,,0.1906,,ST_0.16-0.20,,,598,展示_標準,,,0.1572,,,,,,
basic_master,heiwajima_st_exhibition_master.csv,8,,,,,,1,,,,,,0.425,,,,0.7167,,,,,,,,,,,,,,,,,0.1333,,ST_0.16-0.20,,,120,展示_速い,,,0.1583,,,,,,
basic_master,heiwajima_st_exhibition_master.csv,9,,,,,,1,,,,,,0.3802,,,,0.7344,,,,,,,,,,,,,,,,,0.2107,,ST_0.16-0.20,,,655,展示_遅い,,,0.1435,,,,,,
basic_master,heiwajima_st_exhibition_master.csv,10,,,,,,1,,,,,,0.241,,,,0.5253,,,,,,,,,,,,,,,,,0.1398,,ST_0.21以上,,,415,展示_標準,,,0.1446,,,,,,
basic_master,heiwajima_st_exhibition_master.csv,11,,,,,,1,,,,,,0.2929,,,,0.6667,,,,,,,,,,,,,,,,,0.2525,,ST_0.21以上,,,99,展示_速い,,,0.1212,,,,,,
basic_master,heiwajima_st_exhibition_master.csv,12,,,,,,1,,,,,,0.2092,,,,0.5333,,,,,,,,,,,,,,,,,0.177,,ST_0.21以上,,,435,展示_遅い,,,0.1471,,,,,,
basic_master,heiwajima_st_exhibition_master.csv,13,,,,,,2,,,,,,0.221,,,,0.6608,,,,,,,,,,,,,,,,,0.2582,,ST_0.10以下,,,457,展示_標準,,,0.1816,,,,,,
basic_master,heiwajima_st_exhibition_master.csv,14,,,,,,2,,,,,,0.2564,,,,0.7308,,,,,,,,,,,,,,,,,0.2821,,ST_0.10以下,,,78,展示_速い,,,0.1923,,,,,,
basic_master,heiwajima_st_exhibition_master.csv,15,,,,,,2,,,,,,0.2163,,,,0.6801,,,,,,,,,,,,,,,,,0.2604,,ST_0.10以下,,,772,展示_遅い,,,0.2034,,,,,,
basic_master,heiwajima_st_exhibition_master.csv,16,,,,,,2,,,,,,0.1781,,,,0.6514,,,,,,,,,,,,,,,,,0.2648,,ST_0.11-0.15,,,657,展示_標準,,,0.2085,,,,,,
basic_master,heiwajima_st_exhibition_master.csv,17,,,,,,2,,,,,,0.2736,,,,0.7264,,,,,,,,,,,,,,,,,0.2358,,ST_0.11-0.15,,,106,展示_速い,,,0.217,,,,,,
basic_master,heiwajima_st_exhibition_master.csv,18,,,,,,2,,,,,,0.1963,,,,0.6074,,,,,,,,,,,,,,,,,0.214,,ST_0.11-0.15,,,1075,展示_遅い,,,0.1972,,,,,,
basic_master,heiwajima_st_exhibition_master.csv,19,,,,,,2,,,,,,0.1563,,,,0.5742,,,,,,,,,,,,,,,,,0.2217,,ST_0.16-0.20,,,627,展示_標準,,,0.1962,,,,,,
basic_master,heiwajima_st_exhibition_master.csv,20,,,,,,2,,,,,,0.1687,,,,0.6386,,,,,,,,,,,,,,,,,0.2651,,ST_0.16-0.20,,,83,展示_速い,,,0.2048,,,,,,
basic_master,heiwajima_st_exhibition_master.csv,21,,,,,,2,,,,,,0.1416,,,,0.5618,,,,,,,,,,,,,,,,,0.2225,,ST_0.16-0.20,,,890,展示_遅い,,,0.1978,,,,,,
basic_master,heiwajima_st_exhibition_master.csv,22,,,,,,2,,,,,,0.1116,,,,0.4785,,,,,,,,,,,,,,,,,0.1803,,ST_0.21以上,,,466,展示_標準,,,0.1867,,,,,,
basic_master,heiwajima_st_exhibition_master.csv,23,,,,,,2,,,,,,0.1333,,,,0.5667,,,,,,,,,,,,,,,,,0.2222,,ST_0.21以上,,,90,展示_速い,,,0.2111,,,,,,
basic_master,heiwajima_st_exhibition_master.csv,24,,,,,,2,,,,,,0.0897,,,,0.4636,,,,,,,,,,,,,,,,,0.1794,,ST_0.21以上,,,591,展示_遅い,,,0.1946,,,,,,
basic_master,heiwajima_st_exhibition_master.csv,25,,,,,,3,,,,,,0.2129,,,,0.6221,,,,,,,,,,,,,,,,,0.2192,,ST_0.10以下,,,479,展示_標準,,,0.19,,,,,,
basic_master,heiwajima_st_exhibition_master.csv,26,,,,,,3,,,,,,0.2254,,,,0.6479,,,,,,,,,,,,,,,,,0.2254,,ST_0.10以下,,,71,展示_速い,,,0.1972,,,,,,
basic_master,heiwajima_st_exhibition_master.csv,27,,,,,,3,,,,,,0.1717,,,,0.5612,,,,,,,,,,,,,,,,,0.229,,ST_0.10以下,,,891,展示_遅い,,,0.1605,,,,,,
basic_master,heiwajima_st_exhibition_master.csv,28,,,,,,3,,,,,,0.1801,,,,0.5965,,,,,,,,,,,,,,,,,0.2235,,ST_0.11-0.15,,,622,展示_標準,,,0.1929,,,,,,
basic_master,heiwajima_st_exhibition_master.csv,29,,,,,,3,,,,,,0.2,,,,0.7,,,,,,,,,,,,,,,,,0.275,,ST_0.11-0.15,,,80,展示_速い,,,0.225,,,,,,
basic_master,heiwajima_st_exhibition_master.csv,30,,,,,,3,,,,,,0.1405,,,,0.5471,,,,,,,,,,,,,,,,,0.2091,,ST_0.11-0.15,,,1210,展示_遅い,,,0.1975,,,,,,
basic_master,heiwajima_st_exhibition_master.csv,31,,,,,,3,,,,,,0.1613,,,,0.5081,,,,,,,,,,,,,,,,,0.1653,,ST_0.16-0.20,,,496,展示_標準,,,0.1815,,,,,,
basic_master,heiwajima_st_exhibition_master.csv,32,,,,,,3,,,,,,0.1889,,,,0.6667,,,,,,,,,,,,,,,,,0.2333,,ST_0.16-0.20,,,90,展示_速い,,,0.2444,,,,,,
basic_master,heiwajima_st_exhibition_master.csv,33,,,,,,3,,,,,,0.1293,,,,0.4771,,,,,,,,,,,,,,,,,0.1648,,ST_0.16-0.20,,,874,展示_遅い,,,0.1831,,,,,,
basic_master,heiwajima_st_exhibition_master.csv,34,,,,,,3,,,,,,0.0874,,,,0.415,,,,,,,,,,,,,,,,,0.1383,,ST_0.21以上,,,412,展示_標準,,,0.1893,,,,,,
basic_master,heiwajima_st_exhibition_master.csv,35,,,,,,3,,,,,,0.1311,,,,0.4262,,,,,,,,,,,,,,,,,0.1148,,ST_0.21以上,,,61,展示_速い,,,0.1803,,,,,,
basic_master,heiwajima_st_exhibition_master.csv,36,,,,,,3,,,,,,0.0952,,,,0.3861,,,,,,,,,,,,,,,,,0.1259,,ST_0.21以上,,,588,展示_遅い,,,0.165,,,,,,
basic_master,heiwajima_st_exhibition_master.csv,37,,,,,,4,,,,,,0.2126,,,,0.5925,,,,,,,,,,,,,,,,,0.1909,,ST_0.10以下,,,508,展示_標準,,,0.189,,,,,,
basic_master,heiwajima_st_exhibition_master.csv,38,,,,,,4,,,,,,0.25,,,,0.6111,,,,,,,,,,,,,,,,,0.2361,,ST_0.10以下,,,72,展示_速い,,,0.125,,,,,,
basic_master,heiwajima_st_exhibition_master.csv,39,,,,,,4,,,,,,0.2277,,,,0.5792,,,,,,,,,,,,,,,,,0.1954,,ST_0.10以下,,,865,展示_遅い,,,0.1561,,,,,,
basic_master,heiwajima_st_exhibition_master.csv,40,,,,,,4,,,,,,0.1285,,,,0.5185,,,,,,,,,,,,,,,,,0.1861,,ST_0.11-0.15,,,677,展示_標準,,,0.2038,,,,,,
basic_master,heiwajima_st_exhibition_master.csv,41,,,,,,4,,,,,,0.1597,,,,0.5966,,,,,,,,,,,,,,,,,0.2185,,ST_0.11-0.15,,,119,展示_速い,,,0.2185,,,,,,
basic_master,heiwajima_st_exhibition_master.csv,42,,,,,,4,,,,,,0.1191,,,,0.4919,,,,,,,,,,,,,,,,,0.1841,,ST_0.11-0.15,,,1108,展示_遅い,,,0.1886,,,,,,
basic_master,heiwajima_st_exhibition_master.csv,43,,,,,,4,,,,,,0.0952,,,,0.4462,,,,,,,,,,,,,,,,,0.1817,,ST_0.16-0.20,,,567,展示_標準,,,0.1693,,,,,,
basic_master,heiwajima_st_exhibition_master.csv,44,,,,,,4,,,,,,0.0789,,,,0.5789,,,,,,,,,,,,,,,,,0.2632,,ST_0.16-0.20,,,76,展示_速い,,,0.2368,,,,,,
basic_master,heiwajima_st_exhibition_master.csv,45,,,,,,4,,,,,,0.0808,,,,0.4174,,,,,,,,,,,,,,,,,0.1701,,ST_0.16-0.20,,,829,展示_遅い,,,0.1665,,,,,,
basic_master,heiwajima_st_exhibition_master.csv,46,,,,,,4,,,,,,0.0612,,,,0.4047,,,,,,,,,,,,,,,,,0.1459,,ST_0.21以上,,,425,展示_標準,,,0.1976,,,,,,
basic_master,heiwajima_st_exhibition_master.csv,47,,,,,,4,,,,,,0.0429,,,,0.4143,,,,,,,,,,,,,,,,,0.1857,,ST_0.21以上,,,70,展示_速い,,,0.1857,,,,,,
basic_master,heiwajima_st_exhibition_master.csv,48,,,,,,4,,,,,,0.0504,,,,0.3615,,,,,,,,,,,,,,,,,0.1367,,ST_0.21以上,,,556,展示_遅い,,,0.1745,,,,,,
basic_master,heiwajima_st_exhibition_master.csv,49,,,,,,5,,,,,,0.1375,,,,0.4583,,,,,,,,,,,,,,,,,0.1604,,ST_0.10以下,,,480,展示_標準,,,0.1604,,,,,,
basic_master,heiwajima_st_exhibition_master.csv,50,,,,,,5,,,,,,0.2105,,,,0.6316,,,,,,,,,,,,,,,,,0.2632,,ST_0.10以下,,,76,展示_速い,,,0.1579,,,,,,
basic_master,heiwajima_st_exhibition_master.csv,51,,,,,,5,,,,,,0.0929,,,,0.4241,,,,,,,,,,,,,,,,,0.1518,,ST_0.10以下,,,764,展示_遅い,,,0.1793,,,,,,
basic_master,heiwajima_st_exhibition_master.csv,52,,,,,,5,,,,,,0.1089,,,,0.4657,,,,,,,,,,,,,,,,,0.1591,,ST_0.11-0.15,,,597,展示_標準,,,0.1977,,,,,,
basic_master,heiwajima_st_exhibition_master.csv,53,,,,,,5,,,,,,0.125,,,,0.3571,,,,,,,,,,,,,,,,,0.125,,ST_0.11-0.15,,,112,展示_速い,,,0.1071,,,,,,
basic_master,heiwajima_st_exhibition_master.csv,54,,,,,,5,,,,,,0.0735,,,,0.3658,,,,,,,,,,,,,,,,,0.1222,,ST_0.11-0.15,,,1129,展示_遅い,,,0.1701,,,,,,
basic_master,heiwajima_st_exhibition_master.csv,55,,,,,,5,,,,,,0.0608,,,,0.3574,,,,,,,,,,,,,,,,,0.1407,,ST_0.16-0.20,,,526,展示_標準,,,0.1559,,,,,,
basic_master,heiwajima_st_exhibition_master.csv,56,,,,,,5,,,,,,0.1013,,,,0.4557,,,,,,,,,,,,,,,,,0.1519,,ST_0.16-0.20,,,79,展示_速い,,,0.2025,,,,,,
basic_master,heiwajima_st_exhibition_master.csv,57,,,,,,5,,,,,,0.0493,,,,0.3213,,,,,,,,,,,,,,,,,0.1042,,ST_0.16-0.20,,,912,展示_遅い,,,0.1678,,,,,,
basic_master,heiwajima_st_exhibition_master.csv,58,,,,,,5,,,,,,0.0459,,,,0.3164,,,,,,,,,,,,,,,,,0.1159,,ST_0.21以上,,,414,展示_標準,,,0.1546,,,,,,
basic_master,heiwajima_st_exhibition_master.csv,59,,,,,,5,,,,,,0.0411,,,,0.3014,,,,,,,,,,,,,,,,,0.0959,,ST_0.21以上,,,73,展示_速い,,,0.1644,,,,,,
basic_master,heiwajima_st_exhibition_master.csv,60,,,,,,5,,,,,,0.0324,,,,0.2539,,,,,,,,,,,,,,,,,0.0818,,ST_0.21以上,,,709,展示_遅い,,,0.1396,,,,,,
basic_master,heiwajima_st_exhibition_master.csv,61,,,,,,6,,,,,,0.0694,,,,0.3833,,,,,,,,,,,,,,,,,0.1167,,ST_0.10以下,,,360,展示_標準,,,0.1972,,,,,,
basic_master,heiwajima_st_exhibition_master.csv,62,,,,,,6,,,,,,0.2025,,,,0.5443,,,,,,,,,,,,,,,,,0.1392,,ST_0.10以下,,,79,展示_速い,,,0.2025,,,,,,
basic_master,heiwajima_st_exhibition_master.csv,63,,,,,,6,,,,,,0.071,,,,0.4018,,,,,,,,,,,,,,,,,0.1284,,ST_0.10以下,,,662,展示_遅い,,,0.2024,,,,,,
basic_master,heiwajima_st_exhibition_master.csv,64,,,,,,6,,,,,,0.0597,,,,0.3472,,,,,,,,,,,,,,,,,0.1121,,ST_0.11-0.15,,,553,展示_標準,,,0.1754,,,,,,
basic_master,heiwajima_st_exhibition_master.csv,65,,,,,,6,,,,,,0.122,,,,0.4146,,,,,,,,,,,,,,,,,0.0976,,ST_0.11-0.15,,,82,展示_速い,,,0.1951,,,,,,
basic_master,heiwajima_st_exhibition_master.csv,66,,,,,,6,,,,,,0.0399,,,,0.3239,,,,,,,,,,,,,,,,,0.1099,,ST_0.11-0.15,,,1028,展示_遅い,,,0.1741,,,,,,
basic_master,heiwajima_st_exhibition_master.csv,67,,,,,,6,,,,,,0.0372,,,,0.3494,,,,,,,,,,,,,,,,,0.1134,,ST_0.16-0.20,,,538,展示_標準,,,0.1989,,,,,,
basic_master,heiwajima_st_exhibition_master.csv,68,,,,,,6,,,,,,0.0494,,,,0.4691,,,,,,,,,,,,,,,,,0.1358,,ST_0.16-0.20,,,81,展示_速い,,,0.284,,,,,,
basic_master,heiwajima_st_exhibition_master.csv,69,,,,,,6,,,,,,0.0327,,,,0.2957,,,,,,,,,,,,,,,,,0.0792,,ST_0.16-0.20,,,947,展示_遅い,,,0.1837,,,,,,
basic_master,heiwajima_st_exhibition_master.csv,70,,,,,,6,,,,,,0.0239,,,,0.261,,,,,,,,,,,,,,,,,0.0809,,ST_0.21以上,,,544,展示_標準,,,0.1562,,,,,,
basic_master,heiwajima_st_exhibition_master.csv,71,,,,,,6,,,,,,0.0533,,,,0.3067,,,,,,,,,,,,,,,,,0.1467,,ST_0.21以上,,,75,展示_速い,,,0.1067,,,,,,
basic_master,heiwajima_st_exhibition_master.csv,72,,,,,,6,,,,,,0.015,,,,0.1838,,,,,,,,,,,,,,,,,0.0556,,ST_0.21以上,,,936,展示_遅い,,,0.1132,,,,,,
basic_master,heiwajima_trifecta_pattern_master.csv,1,,,,,,,,,1-2-3,,1,,,0.0467,,,,0,1,0,0,,,,,279,,,,,,2,,,,,,,,,3,,,,,,,
basic_master,heiwajima_trifecta_pattern_master.csv,2,,,,,,,,,1-3-2,,1,,,0.0447,,,,0,1,0,0,,,,,267,,,,,,3,,,,,,,,,2,,,,,,,
basic_master,heiwajima_trifecta_pattern_master.csv,3,,,,,,,,,1-2-4,,1,,,0.0375,,,,0,1,0,0,,,,,224,,,,,,2,,,,,,,,,4,,,,,,,
basic_master,heiwajima_trifecta_pattern_master.csv,4,,,,,,,,,1-3-4,,1,,,0.0328,,,,0,1,0,0,,,,,196,,,,,,3,,,,,,,,,4,,,,,,,
basic_master,heiwajima_trifecta_pattern_master.csv,5,,,,,,,,,1-4-2,,1,,,0.0325,,,,0,1,0,0,,,,,194,,,,,,4,,,,,,,,,2,,,,,,,
basic_master,heiwajima_trifecta_pattern_master.csv,6,,,,,,,,,1-4-3,,1,,,0.028,,,,0,1,0,0,,,,,167,,,,,,4,,,,,,,,,3,,,,,,,
basic_master,heiwajima_trifecta_pattern_master.csv,7,,,,,,,,,1-2-5,,1,,,0.0276,,,,0,1,0,1,,,,,165,,,,,,2,,,,,,,,,5,,,,,,,
basic_master,heiwajima_trifecta_pattern_master.csv,8,,,,,,,,,1-2-6,,1,,,0.0241,,,,0,1,0,1,,,,,144,,,,,,2,,,,,,,,,6,,,,,,,
basic_master,heiwajima_trifecta_pattern_master.csv,9,,,,,,,,,2-1-3,,2,,,0.0234,,,,0,0,1,0,,,,,140,,,,,,1,,,,,,,,,3,,,,,,,
basic_master,heiwajima_trifecta_pattern_master.csv,10,,,,,,,,,1-3-5,,1,,,0.0201,,,,0,1,0,1,,,,,120,,,,,,3,,,,,,,,,5,,,,,,,
basic_master,heiwajima_trifecta_pattern_master.csv,11,,,,,,,,,1-4-5,,1,,,0.0189,,,,0,1,0,1,,,,,113,,,,,,4,,,,,,,,,5,,,,,,,
basic_master,heiwajima_trifecta_pattern_master.csv,12,,,,,,,,,2-1-4,,2,,,0.0176,,,,0,0,1,0,,,,,105,,,,,,1,,,,,,,,,4,,,,,,,
basic_master,heiwajima_trifecta_pattern_master.csv,13,,,,,,,,,1-3-6,,1,,,0.0171,,,,0,1,0,1,,,,,102,,,,,,3,,,,,,,,,6,,,,,,,
basic_master,heiwajima_trifecta_pattern_master.csv,14,,,,,,,,,1-5-2,,1,,,0.0164,,,,0,1,0,0,,,,,98,,,,,,5,,,,,,,,,2,,,,,,,
basic_master,heiwajima_trifecta_pattern_master.csv,15,,,,,,,,,1-5-3,,1,,,0.0157,,,,0,1,0,0,,,,,94,,,,,,5,,,,,,,,,3,,,,,,,
basic_master,heiwajima_trifecta_pattern_master.csv,16,,,,,,,,,1-4-6,,1,,,0.0156,,,,0,1,0,1,,,,,93,,,,,,4,,,,,,,,,6,,,,,,,
basic_master,heiwajima_trifecta_pattern_master.csv,17,,,,,,,,,2-1-5,,2,,,0.0151,,,,0,0,1,1,,,,,90,,,,,,1,,,,,,,,,5,,,,,,,
basic_master,heiwajima_trifecta_pattern_master.csv,18,,,,,,,,,3-1-4,,3,,,0.0147,,,,1,0,1,0,,,,,88,,,,,,1,,,,,,,,,4,,,,,,,
basic_master,heiwajima_trifecta_pattern_master.csv,19,,,,,,,,,2-1-6,,2,,,0.0142,,,,0,0,1,1,,,,,85,,,,,,1,,,,,,,,,6,,,,,,,
basic_master,heiwajima_trifecta_pattern_master.csv,20,,,,,,,,,1-6-2,,1,,,0.0141,,,,0,1,0,0,,,,,84,,,,,,6,,,,,,,,,2,,,,,,,
basic_master,heiwajima_trifecta_pattern_master.csv,21,,,,,,,,,1-5-4,,1,,,0.0127,,,,0,1,0,0,,,,,76,,,,,,5,,,,,,,,,4,,,,,,,
basic_master,heiwajima_trifecta_pattern_master.csv,22,,,,,,,,,1-5-6,,1,,,0.0124,,,,0,1,0,1,,,,,74,,,,,,5,,,,,,,,,6,,,,,,,
basic_master,heiwajima_trifecta_pattern_master.csv,23,,,,,,,,,3-1-2,,3,,,0.0122,,,,1,0,1,0,,,,,73,,,,,,1,,,,,,,,,2,,,,,,,
basic_master,heiwajima_trifecta_pattern_master.csv,24,,,,,,,,,3-2-1,,3,,,0.0119,,,,1,0,1,0,,,,,71,,,,,,2,,,,,,,,,1,,,,,,,
basic_master,heiwajima_trifecta_pattern_master.csv,25,,,,,,,,,4-1-5,,4,,,0.0112,,,,1,0,1,1,,,,,67,,,,,,1,,,,,,,,,5,,,,,,,
basic_master,heiwajima_trifecta_pattern_master.csv,26,,,,,,,,,4-1-2,,4,,,0.0111,,,,1,0,1,0,,,,,66,,,,,,1,,,,,,,,,2,,,,,,,
basic_master,heiwajima_trifecta_pattern_master.csv,27,,,,,,,,,1-6-4,,1,,,0.0107,,,,0,1,0,0,,,,,64,,,,,,6,,,,,,,,,4,,,,,,,
basic_master,heiwajima_trifecta_pattern_master.csv,28,,,,,,,,,2-3-1,,2,,,0.01,,,,0,0,1,0,,,,,60,,,,,,3,,,,,,,,,1,,,,,,,
basic_master,heiwajima_trifecta_pattern_master.csv,29,,,,,,,,,3-2-4,,3,,,0.01,,,,1,0,1,0,,,,,60,,,,,,2,,,,,,,,,4,,,,,,,
basic_master,heiwajima_trifecta_pattern_master.csv,30,,,,,,,,,3-1-5,,3,,,0.0097,,,,1,0,1,1,,,,,58,,,,,,1,,,,,,,,,5,,,,,,,
basic_master,heiwajima_trifecta_pattern_master.csv,31,,,,,,,,,4-1-3,,4,,,0.0095,,,,1,0,1,0,,,,,57,,,,,,1,,,,,,,,,3,,,,,,,
basic_master,heiwajima_trifecta_pattern_master.csv,32,,,,,,,,,3-2-6,,3,,,0.0095,,,,1,0,1,1,,,,,57,,,,,,2,,,,,,,,,6,,,,,,,
basic_master,heiwajima_trifecta_pattern_master.csv,33,,,,,,,,,2-4-1,,2,,,0.0094,,,,0,0,1,0,,,,,56,,,,,,4,,,,,,,,,1,,,,,,,
basic_master,heiwajima_trifecta_pattern_master.csv,34,,,,,,,,,3-4-2,,3,,,0.0087,,,,1,0,1,0,,,,,52,,,,,,4,,,,,,,,,2,,,,,,,
basic_master,heiwajima_trifecta_pattern_master.csv,35,,,,,,,,,1-6-3,,1,,,0.0087,,,,0,1,0,0,,,,,52,,,,,,6,,,,,,,,,3,,,,,,,
basic_master,heiwajima_trifecta_pattern_master.csv,36,,,,,,,,,4-2-1,,4,,,0.0084,,,,1,0,1,0,,,,,50,,,,,,2,,,,,,,,,1,,,,,,,
basic_master,heiwajima_trifecta_pattern_master.csv,37,,,,,,,,,2-3-5,,2,,,0.0082,,,,0,0,1,1,,,,,49,,,,,,3,,,,,,,,,5,,,,,,,
basic_master,heiwajima_trifecta_pattern_master.csv,38,,,,,,,,,2-3-4,,2,,,0.0082,,,,0,0,1,0,,,,,49,,,,,,3,,,,,,,,,4,,,,,,,
basic_master,heiwajima_trifecta_pattern_master.csv,39,,,,,,,,,3-2-5,,3,,,0.0082,,,,1,0,1,1,,,,,49,,,,,,2,,,,,,,,,5,,,,,,,
basic_master,heiwajima_trifecta_pattern_master.csv,40,,,,,,,,,4-5-2,,4,,,0.0082,,,,1,0,1,0,,,,,49,,,,,,5,,,,,,,,,2,,,,,,,
basic_master,heiwajima_trifecta_pattern_master.csv,41,,,,,,,,,3-1-6,,3,,,0.0077,,,,1,0,1,1,,,,,46,,,,,,1,,,,,,,,,6,,,,,,,
basic_master,heiwajima_trifecta_pattern_master.csv,42,,,,,,,,,4-1-6,,4,,,0.0074,,,,1,0,1,1,,,,,44,,,,,,1,,,,,,,,,6,,,,,,,
basic_master,heiwajima_trifecta_pattern_master.csv,43,,,,,,,,,5-1-2,,5,,,0.0074,,,,0,0,1,0,,,,,44,,,,,,1,,,,,,,,,2,,,,,,,
basic_master,heiwajima_trifecta_pattern_master.csv,44,,,,,,,,,3-4-6,,3,,,0.0074,,,,1,0,1,1,,,,,44,,,,,,4,,,,,,,,,6,,,,,,,
basic_master,heiwajima_trifecta_pattern_master.csv,45,,,,,,,,,4-2-6,,4,,,0.0072,,,,1,0,1,1,,,,,43,,,,,,2,,,,,,,,,6,,,,,,,
basic_master,heiwajima_trifecta_pattern_master.csv,46,,,,,,,,,2-3-6,,2,,,0.007,,,,0,0,1,1,,,,,42,,,,,,3,,,,,,,,,6,,,,,,,
basic_master,heiwajima_trifecta_pattern_master.csv,47,,,,,,,,,4-5-6,,4,,,0.0069,,,,1,0,1,1,,,,,41,,,,,,5,,,,,,,,,6,,,,,,,
basic_master,heiwajima_trifecta_pattern_master.csv,48,,,,,,,,,1-6-5,,1,,,0.0069,,,,0,1,0,1,,,,,41,,,,,,6,,,,,,,,,5,,,,,,,
basic_master,heiwajima_trifecta_pattern_master.csv,49,,,,,,,,,4-5-1,,4,,,0.0067,,,,1,0,1,0,,,,,40,,,,,,5,,,,,,,,,1,,,,,,,
basic_master,heiwajima_trifecta_pattern_master.csv,50,,,,,,,,,2-5-1,,2,,,0.0067,,,,0,0,1,0,,,,,40,,,,,,5,,,,,,,,,1,,,,,,,
basic_master,heiwajima_trifecta_pattern_master.csv,51,,,,,,,,,3-4-5,,3,,,0.0067,,,,1,0,1,1,,,,,40,,,,,,4,,,,,,,,,5,,,,,,,
basic_master,heiwajima_trifecta_pattern_master.csv,52,,,,,,,,,3-4-1,,3,,,0.0067,,,,1,0,1,0,,,,,40,,,,,,4,,,,,,,,,1,,,,,,,
basic_master,heiwajima_trifecta_pattern_master.csv,53,,,,,,,,,2-6-1,,2,,,0.0065,,,,0,0,1,0,,,,,39,,,,,,6,,,,,,,,,1,,,,,,,
basic_master,heiwajima_trifecta_pattern_master.csv,54,,,,,,,,,2-4-5,,2,,,0.0064,,,,0,0,1,1,,,,,38,,,,,,4,,,,,,,,,5,,,,,,,
basic_master,heiwajima_trifecta_pattern_master.csv,55,,,,,,,,,3-5-1,,3,,,0.0062,,,,1,0,1,0,,,,,37,,,,,,5,,,,,,,,,1,,,,,,,
basic_master,heiwajima_trifecta_pattern_master.csv,56,,,,,,,,,2-4-3,,2,,,0.0062,,,,0,0,1,0,,,,,37,,,,,,4,,,,,,,,,3,,,,,,,
basic_master,heiwajima_trifecta_pattern_master.csv,57,,,,,,,,,2-5-3,,2,,,0.0062,,,,0,0,1,0,,,,,37,,,,,,5,,,,,,,,,3,,,,,,,
basic_master,heiwajima_trifecta_pattern_master.csv,58,,,,,,,,,5-2-1,,5,,,0.0055,,,,0,0,1,0,,,,,33,,,,,,2,,,,,,,,,1,,,,,,,
basic_master,heiwajima_trifecta_pattern_master.csv,59,,,,,,,,,4-3-5,,4,,,0.0055,,,,1,0,1,1,,,,,33,,,,,,3,,,,,,,,,5,,,,,,,
basic_master,heiwajima_trifecta_pattern_master.csv,60,,,,,,,,,2-4-6,,2,,,0.0055,,,,0,0,1,1,,,,,33,,,,,,4,,,,,,,,,6,,,,,,,
basic_master,heiwajima_trifecta_pattern_master.csv,61,,,,,,,,,4-2-3,,4,,,0.0055,,,,1,0,1,0,,,,,33,,,,,,2,,,,,,,,,3,,,,,,,
basic_master,heiwajima_trifecta_pattern_master.csv,62,,,,,,,,,5-4-1,,5,,,0.0055,,,,0,0,1,0,,,,,33,,,,,,4,,,,,,,,,1,,,,,,,
basic_master,heiwajima_trifecta_pattern_master.csv,63,,,,,,,,,5-3-1,,5,,,0.0054,,,,0,0,1,0,,,,,32,,,,,,3,,,,,,,,,1,,,,,,,
basic_master,heiwajima_trifecta_pattern_master.csv,64,,,,,,,,,3-5-2,,3,,,0.0054,,,,1,0,1,0,,,,,32,,,,,,5,,,,,,,,,2,,,,,,,
basic_master,heiwajima_trifecta_pattern_master.csv,65,,,,,,,,,3-6-2,,3,,,0.0052,,,,1,0,1,0,,,,,31,,,,,,6,,,,,,,,,2,,,,,,,
basic_master,heiwajima_trifecta_pattern_master.csv,66,,,,,,,,,6-1-2,,6,,,0.005,,,,0,0,1,0,,,,,30,,,,,,1,,,,,,,,,2,,,,,,,
basic_master,heiwajima_trifecta_pattern_master.csv,67,,,,,,,,,4-6-1,,4,,,0.005,,,,1,0,1,0,,,,,30,,,,,,6,,,,,,,,,1,,,,,,,
basic_master,heiwajima_trifecta_pattern_master.csv,68,,,,,,,,,4-2-5,,4,,,0.005,,,,1,0,1,1,,,,,30,,,,,,2,,,,,,,,,5,,,,,,,
basic_master,heiwajima_trifecta_pattern_master.csv,69,,,,,,,,,5-1-3,,5,,,0.0049,,,,0,0,1,0,,,,,29,,,,,,1,,,,,,,,,3,,,,,,,
basic_master,heiwajima_trifecta_pattern_master.csv,70,,,,,,,,,4-3-2,,4,,,0.0049,,,,1,0,1,0,,,,,29,,,,,,3,,,,,,,,,2,,,,,,,
basic_master,heiwajima_trifecta_pattern_master.csv,71,,,,,,,,,5-1-4,,5,,,0.0047,,,,0,0,1,0,,,,,28,,,,,,1,,,,,,,,,4,,,,,,,
basic_master,heiwajima_trifecta_pattern_master.csv,72,,,,,,,,,5-1-6,,5,,,0.0047,,,,0,0,1,1,,,,,28,,,,,,1,,,,,,,,,6,,,,,,,
basic_master,heiwajima_trifecta_pattern_master.csv,73,,,,,,,,,4-6-2,,4,,,0.0045,,,,1,0,1,0,,,,,27,,,,,,6,,,,,,,,,2,,,,,,,
basic_master,heiwajima_trifecta_pattern_master.csv,74,,,,,,,,,2-5-6,,2,,,0.0045,,,,0,0,1,1,,,,,27,,,,,,5,,,,,,,,,6,,,,,,,
basic_master,heiwajima_trifecta_pattern_master.csv,75,,,,,,,,,5-4-6,,5,,,0.0044,,,,0,0,1,1,,,,,26,,,,,,4,,,,,,,,,6,,,,,,,
basic_master,heiwajima_trifecta_pattern_master.csv,76,,,,,,,,,4-3-6,,4,,,0.0042,,,,1,0,1,1,,,,,25,,,,,,3,,,,,,,,,6,,,,,,,
basic_master,heiwajima_trifecta_pattern_master.csv,77,,,,,,,,,3-5-6,,3,,,0.0042,,,,1,0,1,1,,,,,25,,,,,,5,,,,,,,,,6,,,,,,,
basic_master,heiwajima_trifecta_pattern_master.csv,78,,,,,,,,,4-3-1,,4,,,0.004,,,,1,0,1,0,,,,,24,,,,,,3,,,,,,,,,1,,,,,,,
basic_master,heiwajima_trifecta_pattern_master.csv,79,,,,,,,,,2-6-4,,2,,,0.0039,,,,0,0,1,0,,,,,23,,,,,,6,,,,,,,,,4,,,,,,,
basic_master,heiwajima_trifecta_pattern_master.csv,80,,,,,,,,,3-6-4,,3,,,0.0037,,,,1,0,1,0,,,,,22,,,,,,6,,,,,,,,,4,,,,,,,
basic_master,heiwajima_trifecta_pattern_master.csv,81,,,,,,,,,6-1-4,,6,,,0.0035,,,,0,0,1,0,,,,,21,,,,,,1,,,,,,,,,4,,,,,,,
basic_master,heiwajima_trifecta_pattern_master.csv,82,,,,,,,,,6-1-3,,6,,,0.0035,,,,0,0,1,0,,,,,21,,,,,,1,,,,,,,,,3,,,,,,,
basic_master,heiwajima_trifecta_pattern_master.csv,83,,,,,,,,,5-4-2,,5,,,0.0035,,,,0,0,1,0,,,,,21,,,,,,4,,,,,,,,,2,,,,,,,
basic_master,heiwajima_trifecta_pattern_master.csv,84,,,,,,,,,4-6-5,,4,,,0.0035,,,,1,0,1,1,,,,,21,,,,,,6,,,,,,,,,5,,,,,,,
basic_master,heiwajima_trifecta_pattern_master.csv,85,,,,,,,,,2-6-3,,2,,,0.0033,,,,0,0,1,0,,,,,20,,,,,,6,,,,,,,,,3,,,,,,,
basic_master,heiwajima_trifecta_pattern_master.csv,86,,,,,,,,,3-6-1,,3,,,0.0033,,,,1,0,1,0,,,,,20,,,,,,6,,,,,,,,,1,,,,,,,
basic_master,heiwajima_trifecta_pattern_master.csv,87,,,,,,,,,5-2-4,,5,,,0.0033,,,,0,0,1,0,,,,,20,,,,,,2,,,,,,,,,4,,,,,,,
basic_master,heiwajima_trifecta_pattern_master.csv,88,,,,,,,,,5-3-6,,5,,,0.0032,,,,0,0,1,1,,,,,19,,,,,,3,,,,,,,,,6,,,,,,,
basic_master,heiwajima_trifecta_pattern_master.csv,89,,,,,,,,,5-4-3,,5,,,0.0032,,,,0,0,1,0,,,,,19,,,,,,4,,,,,,,,,3,,,,,,,
basic_master,heiwajima_trifecta_pattern_master.csv,90,,,,,,,,,3-5-4,,3,,,0.003,,,,1,0,1,0,,,,,18,,,,,,5,,,,,,,,,4,,,,,,,
basic_master,heiwajima_trifecta_pattern_master.csv,91,,,,,,,,,6-3-2,,6,,,0.003,,,,0,0,1,0,,,,,18,,,,,,3,,,,,,,,,2,,,,,,,
basic_master,heiwajima_trifecta_pattern_master.csv,92,,,,,,,,,4-5-3,,4,,,0.003,,,,1,0,1,0,,,,,18,,,,,,5,,,,,,,,,3,,,,,,,
basic_master,heiwajima_trifecta_pattern_master.csv,93,,,,,,,,,4-6-3,,4,,,0.0028,,,,1,0,1,0,,,,,17,,,,,,6,,,,,,,,,3,,,,,,,
basic_master,heiwajima_trifecta_pattern_master.csv,94,,,,,,,,,5-2-6,,5,,,0.0028,,,,0,0,1,1,,,,,17,,,,,,2,,,,,,,,,6,,,,,,,
basic_master,heiwajima_trifecta_pattern_master.csv,95,,,,,,,,,5-2-3,,5,,,0.0027,,,,0,0,1,0,,,,,16,,,,,,2,,,,,,,,,3,,,,,,,
basic_master,heiwajima_trifecta_pattern_master.csv,96,,,,,,,,,6-5-1,,6,,,0.0025,,,,0,0,1,0,,,,,15,,,,,,5,,,,,,,,,1,,,,,,,
basic_master,heiwajima_trifecta_pattern_master.csv,97,,,,,,,,,5-3-4,,5,,,0.0025,,,,0,0,1,0,,,,,15,,,,,,3,,,,,,,,,4,,,,,,,
basic_master,heiwajima_trifecta_pattern_master.csv,98,,,,,,,,,6-2-1,,6,,,0.0025,,,,0,0,1,0,,,,,15,,,,,,2,,,,,,,,,1,,,,,,,
basic_master,heiwajima_trifecta_pattern_master.csv,99,,,,,,,,,5-6-1,,5,,,0.0025,,,,0,0,1,0,,,,,15,,,,,,6,,,,,,,,,1,,,,,,,
basic_master,heiwajima_trifecta_pattern_master.csv,100,,,,,,,,,2-6-5,,2,,,0.0025,,,,0,0,1,1,,,,,15,,,,,,6,,,,,,,,,5,,,,,,,
basic_master,heiwajima_trifecta_pattern_master.csv,101,,,,,,,,,5-6-3,,5,,,0.0025,,,,0,0,1,0,,,,,15,,,,,,6,,,,,,,,,3,,,,,,,
basic_master,heiwajima_trifecta_pattern_master.csv,102,,,,,,,,,6-4-1,,6,,,0.0023,,,,0,0,1,0,,,,,14,,,,,,4,,,,,,,,,1,,,,,,,
basic_master,heiwajima_trifecta_pattern_master.csv,103,,,,,,,,,5-6-2,,5,,,0.0023,,,,0,0,1,0,,,,,14,,,,,,6,,,,,,,,,2,,,,,,,
basic_master,heiwajima_trifecta_pattern_master.csv,104,,,,,,,,,2-5-4,,2,,,0.0023,,,,0,0,1,0,,,,,14,,,,,,5,,,,,,,,,4,,,,,,,
basic_master,heiwajima_trifecta_pattern_master.csv,105,,,,,,,,,3-6-5,,3,,,0.0023,,,,1,0,1,1,,,,,14,,,,,,6,,,,,,,,,5,,,,,,,
basic_master,heiwajima_trifecta_pattern_master.csv,106,,,,,,,,,6-3-4,,6,,,0.0022,,,,0,0,1,0,,,,,13,,,,,,3,,,,,,,,,4,,,,,,,
basic_master,heiwajima_trifecta_pattern_master.csv,107,,,,,,,,,6-2-4,,6,,,0.0022,,,,0,0,1,0,,,,,13,,,,,,2,,,,,,,,,4,,,,,,,
basic_master,heiwajima_trifecta_pattern_master.csv,108,,,,,,,,,6-3-1,,6,,,0.0022,,,,0,0,1,0,,,,,13,,,,,,3,,,,,,,,,1,,,,,,,
basic_master,heiwajima_trifecta_pattern_master.csv,109,,,,,,,,,6-4-2,,6,,,0.0022,,,,0,0,1,0,,,,,13,,,,,,4,,,,,,,,,2,,,,,,,
basic_master,heiwajima_trifecta_pattern_master.csv,110,,,,,,,,,5-3-2,,5,,,0.002,,,,0,0,1,0,,,,,12,,,,,,3,,,,,,,,,2,,,,,,,
basic_master,heiwajima_trifecta_pattern_master.csv,111,,,,,,,,,6-2-3,,6,,,0.002,,,,0,0,1,0,,,,,12,,,,,,2,,,,,,,,,3,,,,,,,
basic_master,heiwajima_trifecta_pattern_master.csv,112,,,,,,,,,6-4-3,,6,,,0.0018,,,,0,0,1,0,,,,,11,,,,,,4,,,,,,,,,3,,,,,,,
basic_master,heiwajima_trifecta_pattern_master.csv,113,,,,,,,,,6-1-5,,6,,,0.0017,,,,0,0,1,1,,,,,10,,,,,,1,,,,,,,,,5,,,,,,,
basic_master,heiwajima_trifecta_pattern_master.csv,114,,,,,,,,,5-6-4,,5,,,0.0015,,,,0,0,1,0,,,,,9,,,,,,6,,,,,,,,,4,,,,,,,
basic_master,heiwajima_trifecta_pattern_master.csv,115,,,,,,,,,6-5-2,,6,,,0.0015,,,,0,0,1,0,,,,,9,,,,,,5,,,,,,,,,2,,,,,,,
basic_master,heiwajima_trifecta_pattern_master.csv,116,,,,,,,,,6-5-3,,6,,,0.0015,,,,0,0,1,0,,,,,9,,,,,,5,,,,,,,,,3,,,,,,,
basic_master,heiwajima_trifecta_pattern_master.csv,117,,,,,,,,,6-4-5,,6,,,0.0013,,,,0,0,1,1,,,,,8,,,,,,4,,,,,,,,,5,,,,,,,
basic_master,heiwajima_trifecta_pattern_master.csv,118,,,,,,,,,6-2-5,,6,,,0.0012,,,,0,0,1,1,,,,,7,,,,,,2,,,,,,,,,5,,,,,,,
basic_master,heiwajima_trifecta_pattern_master.csv,119,,,,,,,,,6-3-5,,6,,,0.0008,,,,0,0,1,1,,,,,5,,,,,,3,,,,,,,,,5,,,,,,,
basic_master,heiwajima_trifecta_pattern_master.csv,120,,,,,,,,,6-5-4,,6,,,0.0002,,,,0,0,1,0,,,,,1,,,,,,5,,,,,,,,,4,,,,,,,
basic_master,heiwajima_logic_summary.json,1,0.1439,6.8196,,,,1,,,,2650,,0.4525,,,4459,0.7614,,,,,,,,,,,,,,,1131,,0.1931,,,,,5856,,678,,0.1158,,,,,,
basic_master,heiwajima_logic_summary.json,2,0.1539,6.842,,,,2,,,,1000,,0.1697,,,3503,0.5945,,,,,,,,,,,,,,,1339,,0.2273,,,,,5892,,1164,,0.1976,,,,,,
basic_master,heiwajima_logic_summary.json,3,0.1499,6.8525,,,,3,,,,879,,0.1496,,,3086,0.5254,,,,,,,,,,,,,,,1124,,0.1914,,,,,5874,,1083,,0.1844,,,,,,
basic_master,heiwajima_logic_summary.json,4,0.1499,6.8435,,,,4,,,,745,,0.1269,,,2858,0.4867,,,,,,,,,,,,,,,1054,,0.1795,,,,,5872,,1059,,0.1803,,,,,,
basic_master,heiwajima_logic_summary.json,5,0.1546,6.8508,,,,5,,,,445,,0.0758,,,2173,0.3701,,,,,,,,,,,,,,,754,,0.1284,,,,,5871,,974,,0.1659,,,,,,
basic_master,heiwajima_logic_summary.json,6,0.1671,6.8553,,,,6,,,,258,,0.0438,,,1849,0.3142,,,,,,,,,,,,,,,575,,0.0977,,,,,5885,,1016,,0.1726,,,,,,
basic_master,heiwajima_logic_summary.json,1,,,,,,,,,1-2-3,,1,,,0.0467,,,,0,1,0,0,,,,,279,,,,,,2,,,,,,,,,3,,,,,,,
basic_master,heiwajima_logic_summary.json,2,,,,,,,,,1-3-2,,1,,,0.0447,,,,0,1,0,0,,,,,267,,,,,,3,,,,,,,,,2,,,,,,,
basic_master,heiwajima_logic_summary.json,3,,,,,,,,,1-2-4,,1,,,0.0375,,,,0,1,0,0,,,,,224,,,,,,2,,,,,,,,,4,,,,,,,
basic_master,heiwajima_logic_summary.json,4,,,,,,,,,1-3-4,,1,,,0.0328,,,,0,1,0,0,,,,,196,,,,,,3,,,,,,,,,4,,,,,,,
basic_master,heiwajima_logic_summary.json,5,,,,,,,,,1-4-2,,1,,,0.0325,,,,0,1,0,0,,,,,194,,,,,,4,,,,,,,,,2,,,,,,,
basic_master,heiwajima_logic_summary.json,6,,,,,,,,,1-4-3,,1,,,0.028,,,,0,1,0,0,,,,,167,,,,,,4,,,,,,,,,3,,,,,,,
basic_master,heiwajima_logic_summary.json,7,,,,,,,,,1-2-5,,1,,,0.0276,,,,0,1,0,1,,,,,165,,,,,,2,,,,,,,,,5,,,,,,,
basic_master,heiwajima_logic_summary.json,8,,,,,,,,,1-2-6,,1,,,0.0241,,,,0,1,0,1,,,,,144,,,,,,2,,,,,,,,,6,,,,,,,
basic_master,heiwajima_logic_summary.json,9,,,,,,,,,2-1-3,,2,,,0.0234,,,,0,0,1,0,,,,,140,,,,,,1,,,,,,,,,3,,,,,,,
basic_master,heiwajima_logic_summary.json,10,,,,,,,,,1-3-5,,1,,,0.0201,,,,0,1,0,1,,,,,120,,,,,,3,,,,,,,,,5,,,,,,,
basic_master,heiwajima_logic_summary.json,11,,,,,,,,,1-4-5,,1,,,0.0189,,,,0,1,0,1,,,,,113,,,,,,4,,,,,,,,,5,,,,,,,
basic_master,heiwajima_logic_summary.json,12,,,,,,,,,2-1-4,,2,,,0.0176,,,,0,0,1,0,,,,,105,,,,,,1,,,,,,,,,4,,,,,,,
basic_master,heiwajima_logic_summary.json,13,,,,,,,,,1-3-6,,1,,,0.0171,,,,0,1,0,1,,,,,102,,,,,,3,,,,,,,,,6,,,,,,,
basic_master,heiwajima_logic_summary.json,14,,,,,,,,,1-5-2,,1,,,0.0164,,,,0,1,0,0,,,,,98,,,,,,5,,,,,,,,,2,,,,,,,
basic_master,heiwajima_logic_summary.json,15,,,,,,,,,1-5-3,,1,,,0.0157,,,,0,1,0,0,,,,,94,,,,,,5,,,,,,,,,3,,,,,,,
basic_master,heiwajima_logic_summary.json,16,,,,,,,,,1-4-6,,1,,,0.0156,,,,0,1,0,1,,,,,93,,,,,,4,,,,,,,,,6,,,,,,,
basic_master,heiwajima_logic_summary.json,17,,,,,,,,,2-1-5,,2,,,0.0151,,,,0,0,1,1,,,,,90,,,,,,1,,,,,,,,,5,,,,,,,
basic_master,heiwajima_logic_summary.json,18,,,,,,,,,3-1-4,,3,,,0.0147,,,,1,0,1,0,,,,,88,,,,,,1,,,,,,,,,4,,,,,,,
basic_master,heiwajima_logic_summary.json,19,,,,,,,,,2-1-6,,2,,,0.0142,,,,0,0,1,1,,,,,85,,,,,,1,,,,,,,,,6,,,,,,,
basic_master,heiwajima_logic_summary.json,20,,,,,,,,,1-6-2,,1,,,0.0141,,,,0,1,0,0,,,,,84,,,,,,6,,,,,,,,,2,,,,,,,
basic_master,heiwajima_logic_summary.json,meta,,,,35250,,,2026-06-19T16:10:43,20230619,,,,,,,,,,,,,,,,,,5972,20260313,20230620,,,,,,C:\Users\sinz1\kyotei_ai\平和島のレース\processed\heiwajima_txt_features_with_finish.csv,,,,,,,,,,,,平和島予想では course_master を基礎確率、player/motor/boat/st_exhibition を補正係数として利用する。,,
