player_id,player_name,entry_course,starts,win_rate,second_rate,third_rate,top3_rate,avg_st,min_st,max_st,top_st_rate,course_avg_top3_rate,top3_vs_course_avg,entry_shift_count,entry_shift_rate,course_strength,reliability
4792.0,杉　村　　賢　也,5,22,0.0,4.55,9.09,13.64,0.185,0.08,0.32,13.64,37.12,-23.48,0,0.0,苦手,A
4807.0,岡　　　　悠　平,5,6,0.0,0.0,16.67,16.67,0.197,0.06,0.39,16.67,37.12,-20.45,0,0.0,苦手,C
3293.0,宮　内　　由紀英,1,20,10.0,25.0,15.0,50.0,0.164,0.02,0.3,25.0,75.4,-25.4,0,0.0,苦手,A
3800.0,牧　　　　宏　次,6,10,0.0,0.0,20.0,20.0,0.211,0.1,0.46,10.0,32.03,-12.03,0,0.0,苦手,B
3277.0,齋　藤　　　　勇,3,16,0.0,31.25,6.25,37.5,0.149,0.09,0.22,31.25,52.8,-15.3,0,0.0,苦手,B
3812.0,山　崎　　聖　司,2,13,0.0,23.08,15.38,38.46,0.161,0.07,0.25,0.0,58.64,-20.18,0,0.0,苦手,B
4807.0,岡　　　　悠　平,6,9,0.0,0.0,0.0,0.0,0.193,0.04,0.47,22.22,32.03,-32.03,0,0.0,苦手,C
4145.0,小　澤　　　　学,3,15,6.67,6.67,0.0,13.33,0.249,0.15,0.38,0.0,52.8,-39.47,0,0.0,苦手,B
3805.0,高　橋　　英　之,6,16,0.0,0.0,18.75,18.75,0.117,0.05,0.25,25.0,32.03,-13.28,0,0.0,苦手,B
3277.0,齋　藤　　　　勇,1,17,29.41,0.0,29.41,58.82,0.162,0.04,0.4,35.29,75.4,-16.58,0,0.0,苦手,B
3090.0,土　屋　　　　昭,2,5,0.0,0.0,0.0,0.0,0.248,0.16,0.33,0.0,58.64,-58.64,0,0.0,苦手,C
3072.0,西　田　　　　靖,3,31,12.9,9.68,19.35,41.94,0.142,0.03,0.23,25.81,52.8,-10.86,0,0.0,苦手,A
4676.0,後　藤　　隼　之,4,9,0.0,11.11,11.11,22.22,0.181,0.11,0.25,0.0,48.97,-26.75,0,0.0,苦手,C
3293.0,宮　内　　由紀英,3,20,5.0,5.0,15.0,25.0,0.188,0.06,0.31,5.0,52.8,-27.8,0,0.0,苦手,A
4792.0,杉　村　　賢　也,6,24,0.0,8.33,8.33,16.67,0.193,0.09,0.31,0.0,32.03,-15.36,0,0.0,苦手,A
3072.0,西　田　　　　靖,2,38,5.26,18.42,21.05,44.74,0.143,0.01,0.5,18.42,58.64,-13.9,0,0.0,苦手,A
4145.0,小　澤　　　　学,2,19,5.26,15.79,15.79,36.84,0.245,0.14,0.37,0.0,58.64,-21.8,0,0.0,苦手,B
4059.0,入　澤　　友　治,3,15,13.33,20.0,6.67,40.0,0.14,0.01,0.22,26.67,52.8,-12.8,0,0.0,苦手,B
4128.0,川　口　　貴　久,4,12,8.33,0.0,16.67,25.0,0.129,0.03,0.3,33.33,48.97,-23.97,0,0.0,苦手,B
3812.0,山　崎　　聖　司,3,14,7.14,14.29,14.29,35.71,0.157,0.01,0.27,14.29,52.8,-17.09,0,0.0,苦手,B
3293.0,宮　内　　由紀英,2,21,9.52,9.52,14.29,33.33,0.207,0.04,0.37,0.0,58.64,-25.31,0,0.0,苦手,A
3812.0,山　崎　　聖　司,1,13,23.08,23.08,15.38,61.54,0.152,0.01,0.35,23.08,75.4,-13.86,0,0.0,苦手,B
4128.0,川　口　　貴　久,6,11,0.0,0.0,9.09,9.09,0.179,0.11,0.29,27.27,32.03,-22.94,0,0.0,苦手,B
4792.0,杉　村　　賢　也,4,18,5.56,16.67,16.67,38.89,0.161,0.07,0.24,16.67,48.97,-10.08,0,0.0,苦手,B
4059.0,入　澤　　友　治,4,16,12.5,18.75,6.25,37.5,0.124,0.03,0.22,18.75,48.97,-11.47,0,0.0,苦手,B
3812.0,山　崎　　聖　司,4,11,0.0,0.0,0.0,0.0,0.209,0.11,0.32,0.0,48.97,-48.97,0,0.0,苦手,B
3202.0,三　品　　隆　浩,4,21,0.0,19.05,9.52,28.57,0.135,0.06,0.23,14.29,48.97,-20.4,0,0.0,苦手,A
4676.0,後　藤　　隼　之,1,13,7.69,23.08,23.08,53.85,0.145,0.06,0.3,30.77,75.4,-21.55,0,0.0,苦手,B
3293.0,宮　内　　由紀英,6,14,0.0,0.0,7.14,7.14,0.238,0.08,0.41,7.14,32.03,-24.89,0,0.0,苦手,B
3202.0,三　品　　隆　浩,6,18,0.0,11.11,5.56,16.67,0.179,0.07,0.25,0.0,32.03,-15.36,0,0.0,苦手,B
3812.0,山　崎　　聖　司,6,17,0.0,0.0,17.65,17.65,0.171,0.11,0.25,5.88,32.03,-14.38,0,0.0,苦手,B
3293.0,宮　内　　由紀英,5,18,5.56,5.56,5.56,16.67,0.206,0.1,0.31,0.0,37.12,-20.45,0,0.0,苦手,B
3072.0,西　田　　　　靖,4,23,13.04,8.7,13.04,34.78,0.161,0.01,0.31,21.74,48.97,-14.19,0,0.0,苦手,A
4022.0,待　鳥　　雄　紀,4,8,0.0,25.0,12.5,37.5,0.115,0.04,0.2,25.0,48.97,-11.47,0,0.0,苦手,C
4515.0,藤　田　　浩　人,2,10,10.0,0.0,20.0,30.0,0.196,0.1,0.27,10.0,58.64,-28.64,0,0.0,苦手,B
4423.0,坂　口　　貴　彦,6,10,0.0,20.0,0.0,20.0,0.183,0.03,0.32,30.0,32.03,-12.03,0,0.0,苦手,B
3313.0,本　吉　　正　樹,1,10,20.0,30.0,10.0,60.0,0.177,0.06,0.31,20.0,75.4,-15.4,0,0.0,苦手,B
3708.0,岡　部　　貴　司,4,6,0.0,16.67,16.67,33.33,0.172,0.1,0.28,50.0,48.97,-15.64,0,0.0,苦手,C
4515.0,藤　田　　浩　人,5,10,0.0,10.0,10.0,20.0,0.166,0.04,0.27,10.0,37.12,-17.12,0,0.0,苦手,B
4143.0,浦　田　　晃　嗣,3,5,20.0,0.0,20.0,40.0,0.192,0.08,0.44,20.0,52.8,-12.8,0,0.0,苦手,C
3407.0,道　見　　数　成,1,6,0.0,16.67,33.33,50.0,0.22,0.14,0.34,33.33,75.4,-25.4,0,0.0,苦手,C
3664.0,鈴　木　　賢　一,5,7,0.0,0.0,0.0,0.0,0.221,0.14,0.27,0.0,37.12,-37.12,0,0.0,苦手,C
3441.0,土　屋　　太　朗,6,14,0.0,7.14,14.29,21.43,0.163,0.06,0.3,21.43,32.03,-10.6,0,0.0,苦手,B
4575.0,戸　塚　　邦　好,3,12,8.33,16.67,8.33,33.33,0.098,0.01,0.22,33.33,52.8,-19.47,0,0.0,苦手,B
3313.0,本　吉　　正　樹,6,9,0.0,11.11,0.0,11.11,0.158,0.08,0.27,11.11,32.03,-20.92,0,0.0,苦手,C
3407.0,道　見　　数　成,2,5,0.0,0.0,20.0,20.0,0.286,0.21,0.43,0.0,58.64,-38.64,0,0.0,苦手,C
4389.0,伊　藤　　喜　智,2,7,14.29,14.29,0.0,28.57,0.219,0.11,0.38,0.0,58.64,-30.07,0,0.0,苦手,C
3313.0,本　吉　　正　樹,3,13,7.69,23.08,7.69,38.46,0.162,0.03,0.26,23.08,52.8,-14.34,0,0.0,苦手,B
3441.0,土　屋　　太　朗,1,13,38.46,15.38,7.69,61.54,0.218,0.13,0.29,23.08,75.4,-13.86,0,0.0,苦手,B
3161.0,古　場　　輝　義,5,9,0.0,11.11,0.0,11.11,0.141,0.04,0.26,11.11,37.12,-26.01,0,0.0,苦手,C
3370.0,坪　内　　　　実,5,5,0.0,20.0,0.0,20.0,0.174,0.12,0.24,0.0,37.12,-17.12,0,0.0,苦手,C
4150.0,山　田　　雄　太,2,8,12.5,25.0,0.0,37.5,0.143,0.06,0.23,25.0,58.64,-21.14,0,0.0,苦手,C
3664.0,鈴　木　　賢　一,4,5,0.0,0.0,0.0,0.0,0.22,0.17,0.33,0.0,48.97,-48.97,0,0.0,苦手,C
4438.0,森　作　　雄　大,6,13,15.38,0.0,0.0,15.38,0.149,0.03,0.27,23.08,32.03,-16.65,0,0.0,苦手,B
4696.0,齋　藤　　竜　次,5,5,0.0,0.0,0.0,0.0,0.216,0.12,0.26,0.0,37.12,-37.12,0,0.0,苦手,C
4840.0,鈴　木　　秀　茉,6,11,0.0,9.09,9.09,18.18,0.208,0.06,0.51,18.18,32.03,-13.85,0,0.0,苦手,B
3648.0,原　田　　通　雅,1,9,0.0,22.22,22.22,44.44,0.183,0.04,0.33,11.11,75.4,-30.96,0,0.0,苦手,C
3433.0,諏　訪　　忠　宏,2,5,0.0,0.0,0.0,0.0,0.194,0.12,0.28,0.0,58.64,-58.64,0,0.0,苦手,C
4815.0,伏　島　　祐　介,6,16,0.0,6.25,12.5,18.75,0.174,0.08,0.38,18.75,32.03,-13.28,0,0.0,苦手,B
3973.0,崎　　　　利　仁,3,9,0.0,0.0,22.22,22.22,0.178,0.03,0.28,0.0,52.8,-30.58,0,0.0,苦手,C
3990.0,芹　澤　　克　彦,5,10,0.0,0.0,10.0,10.0,0.167,0.08,0.25,10.0,37.12,-27.12,0,0.0,苦手,B
3434.0,松　尾　　宣　邦,6,6,0.0,0.0,16.67,16.67,0.183,0.14,0.25,0.0,32.03,-15.36,0,0.0,苦手,C
3630.0,黒　田　　誠　司,6,8,0.0,0.0,12.5,12.5,0.163,0.09,0.28,25.0,32.03,-19.53,0,0.0,苦手,C
3496.0,赤　坂　　　　等,2,6,0.0,16.67,0.0,16.67,0.212,0.16,0.27,0.0,58.64,-41.97,0,0.0,苦手,C
4666.0,日　笠　　勝　弘,4,6,0.0,16.67,16.67,33.33,0.153,0.09,0.23,33.33,48.97,-15.64,0,0.0,苦手,C
4527.0,高　野　　心　吾,1,5,40.0,20.0,0.0,60.0,0.132,0.08,0.19,60.0,75.4,-15.4,0,0.0,苦手,C
4031.0,飯　島　　　　誠,4,13,7.69,23.08,0.0,30.77,0.139,0.02,0.24,23.08,48.97,-18.2,0,0.0,苦手,B
3990.0,芹　澤　　克　彦,4,12,0.0,0.0,8.33,8.33,0.146,0.04,0.21,33.33,48.97,-40.64,0,0.0,苦手,B
3331.0,新　美　　恵　一,1,8,37.5,0.0,12.5,50.0,0.147,0.07,0.23,12.5,75.4,-25.4,0,0.0,苦手,C
3542.0,清　水　　紀　克,1,6,16.67,0.0,0.0,16.67,0.187,0.06,0.35,16.67,75.4,-58.73,0,0.0,苦手,C
3630.0,黒　田　　誠　司,2,7,0.0,14.29,14.29,28.57,0.187,0.1,0.27,14.29,58.64,-30.07,0,0.0,苦手,C
4527.0,高　野　　心　吾,3,7,0.0,14.29,0.0,14.29,0.179,0.07,0.29,14.29,52.8,-38.51,0,0.0,苦手,C
4815.0,伏　島　　祐　介,4,14,7.14,14.29,7.14,28.57,0.205,0.07,0.36,7.14,48.97,-20.4,0,0.0,苦手,B
4666.0,日　笠　　勝　弘,1,5,20.0,20.0,20.0,60.0,0.208,0.13,0.39,0.0,75.4,-15.4,0,0.0,苦手,C
4043.0,桐　本　　康　臣,5,12,0.0,25.0,0.0,25.0,0.157,0.07,0.25,16.67,37.12,-12.12,0,0.0,苦手,B
4394.0,永　嶋　　裕　一,6,5,20.0,0.0,0.0,20.0,0.15,0.02,0.28,20.0,32.03,-12.03,0,0.0,苦手,C
4840.0,鈴　木　　秀　茉,4,10,0.0,20.0,0.0,20.0,0.165,0.11,0.27,10.0,48.97,-28.97,0,0.0,苦手,B
3630.0,黒　田　　誠　司,3,8,0.0,0.0,12.5,12.5,0.165,0.1,0.36,37.5,52.8,-40.3,0,0.0,苦手,C
4394.0,永　嶋　　裕　一,4,6,0.0,0.0,33.33,33.33,0.172,0.11,0.23,0.0,48.97,-15.64,0,0.0,苦手,C
3433.0,諏　訪　　忠　宏,1,5,20.0,0.0,0.0,20.0,0.204,0.04,0.43,0.0,75.4,-55.4,0,0.0,苦手,C
3542.0,清　水　　紀　克,2,8,0.0,0.0,25.0,25.0,0.193,0.12,0.31,12.5,58.64,-33.64,0,0.0,苦手,C
2878.0,富　山　　弘　幸,3,10,0.0,20.0,20.0,40.0,0.212,0.07,0.32,0.0,52.8,-12.8,0,0.0,苦手,B
3648.0,原　田　　通　雅,5,7,14.29,0.0,0.0,14.29,0.199,0.01,0.29,14.29,37.12,-22.83,0,0.0,苦手,C
4666.0,日　笠　　勝　弘,2,5,20.0,0.0,0.0,20.0,0.178,0.07,0.32,20.0,58.64,-38.64,0,0.0,苦手,C
3973.0,崎　　　　利　仁,5,7,0.0,0.0,14.29,14.29,0.19,0.14,0.28,42.86,37.12,-22.83,0,0.0,苦手,C
4666.0,日　笠　　勝　弘,3,8,12.5,0.0,25.0,37.5,0.16,0.1,0.23,12.5,52.8,-15.3,0,0.0,苦手,C
3696.0,白　井　　友　晴,6,5,0.0,0.0,20.0,20.0,0.24,0.17,0.31,0.0,32.03,-12.03,0,0.0,苦手,C
4394.0,永　嶋　　裕　一,1,6,0.0,0.0,50.0,50.0,0.2,0.09,0.27,16.67,75.4,-25.4,0,0.0,苦手,C
4815.0,伏　島　　祐　介,5,16,0.0,0.0,12.5,12.5,0.151,0.05,0.26,0.0,37.12,-24.62,0,0.0,苦手,B
3973.0,崎　　　　利　仁,2,7,14.29,0.0,14.29,28.57,0.143,0.06,0.18,0.0,58.64,-30.07,0,0.0,苦手,C
3434.0,松　尾　　宣　邦,3,8,12.5,25.0,0.0,37.5,0.196,0.11,0.5,12.5,52.8,-15.3,0,0.0,苦手,C
3648.0,原　田　　通　雅,6,5,0.0,0.0,0.0,0.0,0.208,0.13,0.35,20.0,32.03,-32.03,0,0.0,苦手,C
3784.0,中　島　　友　和,5,5,0.0,0.0,0.0,0.0,0.19,0.16,0.27,40.0,37.12,-37.12,0,0.0,苦手,C
3630.0,黒　田　　誠　司,1,8,0.0,25.0,37.5,62.5,0.165,0.08,0.35,12.5,75.4,-12.9,0,0.0,苦手,C
3696.0,白　井　　友　晴,4,10,0.0,10.0,20.0,30.0,0.183,0.11,0.33,10.0,48.97,-18.97,0,0.0,苦手,B
3542.0,清　水　　紀　克,6,7,0.0,0.0,14.29,14.29,0.163,0.06,0.28,0.0,32.03,-17.74,0,0.0,苦手,C
3433.0,諏　訪　　忠　宏,6,6,16.67,0.0,0.0,16.67,0.228,0.17,0.27,0.0,32.03,-15.36,0,0.0,苦手,C
4233.0,亀　山　　雅　幸,5,8,0.0,12.5,0.0,12.5,0.179,0.05,0.26,12.5,37.12,-24.62,0,0.0,苦手,C
4610.0,佐　藤　　大　佑,4,7,0.0,28.57,0.0,28.57,0.147,0.03,0.23,28.57,48.97,-20.4,0,0.0,苦手,C
3973.0,崎　　　　利　仁,4,6,0.0,33.33,0.0,33.33,0.187,0.11,0.27,0.0,48.97,-15.64,0,0.0,苦手,C
4845.0,前　田　　紗　希,6,14,0.0,7.14,0.0,7.14,0.149,0.06,0.31,14.29,32.03,-24.89,0,0.0,苦手,B
4708.0,半　田　　尚　也,5,7,0.0,14.29,0.0,14.29,0.153,0.08,0.23,28.57,37.12,-22.83,0,0.0,苦手,C
3605.0,中　村　　守　成,1,5,60.0,0.0,0.0,60.0,0.182,0.11,0.24,40.0,75.4,-15.4,0,0.0,苦手,C
4133.0,高　橋　　正　男,4,6,0.0,16.67,0.0,16.67,0.145,0.1,0.26,33.33,48.97,-32.3,0,0.0,苦手,C
4550.0,石　岡　　将　太,6,5,0.0,0.0,0.0,0.0,0.174,0.12,0.24,20.0,32.03,-32.03,0,0.0,苦手,C
3994.0,茶　谷　　　　桜,4,8,0.0,12.5,25.0,37.5,0.2,0.11,0.27,12.5,48.97,-11.47,0,0.0,苦手,C
3895.0,堀　本　　裕　也,2,6,33.33,0.0,0.0,33.33,0.165,0.09,0.22,50.0,58.64,-25.31,0,0.0,苦手,C
2504.0,國　浦　　英　徳,3,5,0.0,0.0,20.0,20.0,0.24,0.18,0.31,0.0,52.8,-32.8,0,0.0,苦手,C
4103.0,山　崎　　善　庸,4,18,0.0,27.78,11.11,38.89,0.233,0.15,0.34,0.0,48.97,-10.08,0,0.0,苦手,B
4355.0,小　川　　広　大,5,5,0.0,0.0,0.0,0.0,0.164,0.07,0.28,0.0,37.12,-37.12,0,0.0,苦手,C
3581.0,加　木　　　　郁,1,5,0.0,40.0,0.0,40.0,0.196,0.14,0.23,20.0,75.4,-35.4,0,0.0,苦手,C
4113.0,木　村　　浩　士,4,12,0.0,16.67,16.67,33.33,0.192,0.14,0.25,8.33,48.97,-15.64,0,0.0,苦手,B
4395.0,下　河　　雅　史,1,5,60.0,0.0,0.0,60.0,0.178,0.08,0.26,20.0,75.4,-15.4,0,0.0,苦手,C
4232.0,笠　　　　雅　雄,1,5,0.0,20.0,0.0,20.0,0.372,0.21,0.67,20.0,75.4,-55.4,0,0.0,苦手,C
3624.0,大　石　　和　彦,4,7,0.0,0.0,28.57,28.57,0.2,0.06,0.42,0.0,48.97,-20.4,0,0.0,苦手,C
3605.0,中　村　　守　成,3,5,0.0,0.0,20.0,20.0,0.148,0.08,0.23,0.0,52.8,-32.8,0,0.0,苦手,C
3895.0,堀　本　　裕　也,4,6,0.0,0.0,33.33,33.33,0.175,0.11,0.23,16.67,48.97,-15.64,0,0.0,苦手,C
4355.0,小　川　　広　大,3,8,0.0,12.5,25.0,37.5,0.179,0.12,0.26,0.0,52.8,-15.3,0,0.0,苦手,C
4708.0,半　田　　尚　也,2,7,0.0,0.0,0.0,0.0,0.19,0.04,0.28,14.29,58.64,-58.64,0,0.0,苦手,C
3650.0,太　田　　雅　美,6,5,0.0,20.0,0.0,20.0,0.164,0.09,0.29,40.0,32.03,-12.03,0,0.0,苦手,C
3994.0,茶　谷　　　　桜,3,10,20.0,0.0,20.0,40.0,0.205,0.1,0.3,0.0,52.8,-12.8,0,0.0,苦手,B
3581.0,加　木　　　　郁,4,5,0.0,0.0,20.0,20.0,0.198,0.11,0.28,0.0,48.97,-28.97,0,0.0,苦手,C
4232.0,笠　　　　雅　雄,6,5,0.0,0.0,20.0,20.0,0.198,0.11,0.31,0.0,32.03,-12.03,0,0.0,苦手,C
4550.0,石　岡　　将　太,2,7,28.57,0.0,14.29,42.86,0.137,0.05,0.24,42.86,58.64,-15.78,0,0.0,苦手,C
4103.0,山　崎　　善　庸,6,10,0.0,0.0,0.0,0.0,0.235,0.15,0.34,0.0,32.03,-32.03,0,0.0,苦手,B
3624.0,大　石　　和　彦,1,7,14.29,14.29,14.29,42.86,0.137,0.07,0.18,71.43,75.4,-32.54,0,0.0,苦手,C
3895.0,堀　本　　裕　也,6,5,0.0,0.0,0.0,0.0,0.132,0.06,0.2,0.0,32.03,-32.03,0,0.0,苦手,C
4396.0,大　田　　直　弥,3,12,8.33,16.67,16.67,41.67,0.158,0.09,0.28,8.33,52.8,-11.13,0,0.0,苦手,B
4355.0,小　川　　広　大,4,6,0.0,33.33,0.0,33.33,0.153,0.08,0.18,0.0,48.97,-15.64,0,0.0,苦手,C
3906.0,飯　山　　晃　三,5,5,0.0,0.0,0.0,0.0,0.222,0.15,0.29,0.0,37.12,-37.12,0,0.0,苦手,C
3581.0,加　木　　　　郁,2,6,16.67,0.0,0.0,16.67,0.175,0.05,0.25,16.67,58.64,-41.97,0,0.0,苦手,C
4156.0,浜　野　　孝　志,4,7,14.29,0.0,0.0,14.29,0.164,0.08,0.24,14.29,48.97,-34.68,0,0.0,苦手,C
2504.0,國　浦　　英　徳,2,5,0.0,0.0,0.0,0.0,0.25,0.13,0.39,0.0,58.64,-58.64,0,0.0,苦手,C
4355.0,小　川　　広　大,2,5,0.0,20.0,0.0,20.0,0.262,0.16,0.49,0.0,58.64,-38.64,0,0.0,苦手,C
3994.0,茶　谷　　　　桜,5,11,9.09,0.0,0.0,9.09,0.175,0.04,0.25,18.18,37.12,-28.03,0,0.0,苦手,B
4103.0,山　崎　　善　庸,1,12,25.0,16.67,16.67,58.33,0.19,0.1,0.34,16.67,75.4,-17.07,0,0.0,苦手,B
4340.0,土　性　　雅　也,2,5,20.0,20.0,0.0,40.0,0.172,0.09,0.25,0.0,58.64,-18.64,0,0.0,苦手,C
2995.0,小神野　　紀代子,1,5,0.0,0.0,0.0,0.0,0.184,0.13,0.27,0.0,75.4,-75.4,0,0.0,苦手,C
4432.0,黄金井　　力　良,4,8,0.0,0.0,25.0,25.0,0.14,0.05,0.23,25.0,48.97,-23.97,0,0.0,苦手,C
4340.0,土　性　　雅　也,3,6,0.0,16.67,0.0,16.67,0.148,0.12,0.23,33.33,52.8,-36.13,0,0.0,苦手,C
3906.0,飯　山　　晃　三,4,6,16.67,0.0,16.67,33.33,0.177,0.12,0.3,0.0,48.97,-15.64,0,0.0,苦手,C
3581.0,加　木　　　　郁,6,5,0.0,0.0,20.0,20.0,0.158,0.08,0.24,20.0,32.03,-12.03,0,0.0,苦手,C
4393.0,田　中　　孝　明,4,5,20.0,0.0,0.0,20.0,0.244,0.19,0.31,0.0,48.97,-28.97,0,0.0,苦手,C
3895.0,堀　本　　裕　也,3,6,16.67,0.0,16.67,33.33,0.197,0.09,0.38,33.33,52.8,-19.47,0,0.0,苦手,C
3624.0,大　石　　和　彦,5,10,10.0,0.0,0.0,10.0,0.175,0.09,0.29,10.0,37.12,-27.12,0,0.0,苦手,B
4395.0,下　河　　雅　史,6,5,0.0,20.0,0.0,20.0,0.2,0.05,0.32,0.0,32.03,-12.03,0,0.0,苦手,C
4355.0,小　川　　広　大,1,7,14.29,14.29,14.29,42.86,0.169,0.12,0.29,28.57,75.4,-32.54,0,0.0,苦手,C
4232.0,笠　　　　雅　雄,3,5,0.0,20.0,20.0,40.0,0.148,0.02,0.37,20.0,52.8,-12.8,0,0.0,苦手,C
3605.0,中　村　　守　成,6,6,0.0,0.0,16.67,16.67,0.18,0.15,0.23,0.0,32.03,-15.36,0,0.0,苦手,C
2995.0,小神野　　紀代子,2,5,20.0,0.0,20.0,40.0,0.192,0.14,0.26,20.0,58.64,-18.64,0,0.0,苦手,C
3624.0,大　石　　和　彦,2,10,10.0,10.0,0.0,20.0,0.15,0.07,0.23,0.0,58.64,-38.64,0,0.0,苦手,B
4103.0,山　崎　　善　庸,5,15,0.0,13.33,6.67,20.0,0.224,0.14,0.34,0.0,37.12,-17.12,0,0.0,苦手,B
3906.0,飯　山　　晃　三,2,5,20.0,0.0,0.0,20.0,0.172,0.05,0.3,20.0,58.64,-38.64,0,0.0,苦手,C
3895.0,堀　本　　裕　也,5,6,16.67,0.0,0.0,16.67,0.182,0.15,0.21,16.67,37.12,-20.45,0,0.0,苦手,C
4355.0,小　川　　広　大,6,6,0.0,0.0,16.67,16.67,0.167,0.1,0.23,0.0,32.03,-15.36,0,0.0,苦手,C
3994.0,茶　谷　　　　桜,6,7,0.0,0.0,0.0,0.0,0.181,0.01,0.28,14.29,32.03,-32.03,0,0.0,苦手,C
4837.0,酒　井　　陽　祐,6,6,0.0,16.67,0.0,16.67,0.13,0.03,0.21,50.0,32.03,-15.36,0,0.0,苦手,C
3277.0,齋　藤　　　　勇,6,12,0.0,8.33,8.33,16.67,0.181,0.06,0.25,0.0,32.03,-15.36,0,0.0,苦手,B
3467.0,森　　　　弘　行,3,19,5.26,21.05,5.26,31.58,0.181,0.07,0.25,10.53,52.8,-21.22,0,0.0,苦手,B
4552.0,杉　山　　勝　匡,2,5,0.0,0.0,40.0,40.0,0.16,0.04,0.31,20.0,58.64,-18.64,0,0.0,苦手,C
4110.0,小　澤　　和　也,6,8,0.0,0.0,0.0,0.0,0.209,0.15,0.31,0.0,32.03,-32.03,0,0.0,苦手,C
3519.0,冨　田　　秀　幸,3,8,12.5,12.5,0.0,25.0,0.143,0.06,0.22,12.5,52.8,-27.8,0,0.0,苦手,C
4422.0,永　井　　亮　次,5,6,0.0,0.0,16.67,16.67,0.235,0.14,0.32,0.0,37.12,-20.45,0,0.0,苦手,C
3655.0,本　橋　　克　洋,3,5,0.0,40.0,0.0,40.0,0.206,0.12,0.37,0.0,52.8,-12.8,0,0.0,苦手,C
4615.0,板　倉　　敦　史,3,11,0.0,18.18,0.0,18.18,0.145,0.07,0.24,9.09,52.8,-34.62,0,0.0,苦手,B
4596.0,葛　原　　大　陽,6,6,0.0,0.0,0.0,0.0,0.143,0.07,0.2,16.67,32.03,-32.03,0,0.0,苦手,C
4639.0,雑　賀　　勇　貴,6,9,0.0,0.0,0.0,0.0,0.134,0.02,0.38,11.11,32.03,-32.03,0,0.0,苦手,C
4110.0,小　澤　　和　也,3,8,12.5,12.5,12.5,37.5,0.15,0.04,0.21,12.5,52.8,-15.3,0,0.0,苦手,C
4154.0,森　安　　弘　雅,4,6,0.0,16.67,16.67,33.33,0.152,0.1,0.22,0.0,48.97,-15.64,0,0.0,苦手,C
3467.0,森　　　　弘　行,5,19,5.26,10.53,0.0,15.79,0.177,0.08,0.33,10.53,37.12,-21.33,0,0.0,苦手,B
4679.0,植　田　　太　一,2,8,12.5,12.5,0.0,25.0,0.186,0.08,0.29,25.0,58.64,-33.64,0,0.0,苦手,C
4552.0,杉　山　　勝　匡,3,5,20.0,20.0,0.0,40.0,0.16,0.08,0.25,20.0,52.8,-12.8,0,0.0,苦手,C
3647.0,伊　藤　　雄　二,3,11,9.09,0.0,0.0,9.09,0.195,0.12,0.32,27.27,52.8,-43.71,0,0.0,苦手,B
4057.0,松　井　　賢　治,6,8,0.0,0.0,0.0,0.0,0.179,0.13,0.22,0.0,32.03,-32.03,0,0.0,苦手,C
4053.0,芦　澤　　　　望,4,12,8.33,25.0,0.0,33.33,0.177,0.13,0.29,16.67,48.97,-15.64,0,0.0,苦手,B
4006.0,小　野　　勇　作,5,5,0.0,0.0,0.0,0.0,0.208,0.13,0.25,0.0,37.12,-37.12,0,0.0,苦手,C
4277.0,金　田　　大　輔,2,5,0.0,0.0,20.0,20.0,0.15,0.11,0.19,40.0,58.64,-38.64,0,0.0,苦手,C
4055.0,吉　田　　俊　彦,6,7,0.0,14.29,0.0,14.29,0.19,0.1,0.25,14.29,32.03,-17.74,0,0.0,苦手,C
3467.0,森　　　　弘　行,1,18,33.33,27.78,0.0,61.11,0.15,0.06,0.28,5.56,75.4,-14.29,0,0.0,苦手,B
3489.0,大　場　　　　敏,5,8,12.5,0.0,12.5,25.0,0.166,0.1,0.22,12.5,37.12,-12.12,0,0.0,苦手,C
3519.0,冨　田　　秀　幸,4,7,0.0,0.0,28.57,28.57,0.143,0.09,0.18,14.29,48.97,-20.4,0,0.0,苦手,C
4422.0,永　井　　亮　次,3,6,0.0,0.0,33.33,33.33,0.143,0.08,0.23,0.0,52.8,-19.47,0,0.0,苦手,C
4234.0,野　相　　弘　司,6,5,0.0,20.0,0.0,20.0,0.236,0.11,0.34,20.0,32.03,-12.03,0,0.0,苦手,C
4837.0,酒　井　　陽　祐,4,7,0.0,0.0,0.0,0.0,0.253,0.15,0.45,14.29,48.97,-48.97,0,0.0,苦手,C
4057.0,松　井　　賢　治,4,8,12.5,25.0,0.0,37.5,0.156,0.12,0.19,0.0,48.97,-11.47,0,0.0,苦手,C
3647.0,伊　藤　　雄　二,5,9,11.11,0.0,11.11,22.22,0.148,0.07,0.2,33.33,37.12,-14.9,0,0.0,苦手,C
4203.0,小　倉　　康　典,3,12,16.67,16.67,8.33,41.67,0.167,0.09,0.28,8.33,52.8,-11.13,0,0.0,苦手,B
3519.0,冨　田　　秀　幸,6,5,0.0,0.0,20.0,20.0,0.178,0.09,0.28,0.0,32.03,-12.03,0,0.0,苦手,C
3467.0,森　　　　弘　行,2,19,0.0,5.26,15.79,21.05,0.167,0.02,0.27,5.26,58.64,-37.59,0,0.0,苦手,B
2528.0,新　井　　敏　司,5,6,0.0,0.0,0.0,0.0,0.183,0.13,0.28,0.0,37.12,-37.12,0,0.0,苦手,C
4110.0,小　澤　　和　也,2,10,0.0,0.0,20.0,20.0,0.168,0.11,0.28,10.0,58.64,-38.64,0,0.0,苦手,B
3467.0,森　　　　弘　行,6,15,0.0,0.0,6.67,6.67,0.161,0.07,0.23,6.67,32.03,-25.36,0,0.0,苦手,B
4110.0,小　澤　　和　也,4,8,12.5,12.5,0.0,25.0,0.146,0.1,0.19,12.5,48.97,-23.97,0,0.0,苦手,C
4306.0,畔　柳　　俊　吾,6,5,0.0,0.0,20.0,20.0,0.188,0.11,0.24,0.0,32.03,-12.03,0,0.0,苦手,C
3921.0,川　村　　正　輝,1,5,0.0,20.0,0.0,20.0,0.144,0.05,0.21,40.0,75.4,-55.4,0,0.0,苦手,C
3565.0,坂　本　　徳　克,4,9,0.0,22.22,0.0,22.22,0.171,0.1,0.27,22.22,48.97,-26.75,0,0.0,苦手,C
3081.0,岡　本　　慎　治,3,5,0.0,20.0,0.0,20.0,0.15,0.11,0.19,0.0,52.8,-32.8,0,0.0,苦手,C
3565.0,坂　本　　徳　克,6,9,11.11,0.0,0.0,11.11,0.216,0.12,0.28,11.11,32.03,-20.92,0,0.0,苦手,C
3921.0,川　村　　正　輝,3,5,0.0,0.0,40.0,40.0,0.25,0.14,0.36,0.0,52.8,-12.8,0,0.0,苦手,C
3105.0,内　山　　文　典,4,15,0.0,13.33,20.0,33.33,0.162,0.07,0.24,26.67,48.97,-15.64,0,0.0,苦手,B
3565.0,坂　本　　徳　克,2,10,10.0,10.0,0.0,20.0,0.18,0.09,0.26,0.0,58.64,-38.64,0,0.0,苦手,B
3921.0,川　村　　正　輝,6,5,0.0,0.0,20.0,20.0,0.18,0.12,0.22,0.0,32.03,-12.03,0,0.0,苦手,C
4587.0,木　田　　峰由季,6,5,0.0,20.0,0.0,20.0,0.168,0.08,0.23,0.0,32.03,-12.03,0,0.0,苦手,C
4361.0,柳　生　　泰　二,4,6,0.0,0.0,33.33,33.33,0.155,0.12,0.22,0.0,48.97,-15.64,0,0.0,苦手,C
3565.0,坂　本　　徳　克,5,11,0.0,0.0,9.09,9.09,0.162,0.05,0.23,9.09,37.12,-28.03,0,0.0,苦手,B
3921.0,川　村　　正　輝,5,5,0.0,0.0,20.0,20.0,0.188,0.1,0.27,0.0,37.12,-17.12,0,0.0,苦手,C
4329.0,小　松　　卓　司,3,10,0.0,20.0,20.0,40.0,0.135,0.03,0.21,0.0,52.8,-12.8,0,0.0,苦手,B
4329.0,小　松　　卓　司,5,10,10.0,10.0,0.0,20.0,0.179,0.11,0.24,10.0,37.12,-17.12,0,0.0,苦手,B
3741.0,松　尾　　基　成,4,5,0.0,0.0,0.0,0.0,0.176,0.14,0.26,0.0,48.97,-48.97,0,0.0,苦手,C
4008.0,中　尾　　　　誠,1,5,60.0,0.0,0.0,60.0,0.164,0.11,0.28,40.0,75.4,-15.4,0,0.0,苦手,C
4295.0,小　坂　　尚　哉,1,5,40.0,0.0,20.0,60.0,0.144,0.02,0.23,0.0,75.4,-15.4,0,0.0,苦手,C
3054.0,北　川　　幸　典,3,7,14.29,14.29,0.0,28.57,0.146,0.06,0.21,42.86,52.8,-24.23,0,0.0,苦手,C
3499.0,市　川　　哲　也,2,5,20.0,0.0,0.0,20.0,0.116,0.07,0.14,0.0,58.64,-38.64,0,0.0,苦手,C
3984.0,坂　口　　　　周,1,8,12.5,25.0,12.5,50.0,0.175,0.12,0.28,12.5,75.4,-25.4,0,0.0,苦手,C
4391.0,松　田　　祐　季,3,6,33.33,0.0,0.0,33.33,0.103,0.06,0.15,16.67,52.8,-19.47,0,0.0,苦手,C
3388.0,今　垣　　光太郎,5,8,0.0,0.0,25.0,25.0,0.169,0.06,0.52,12.5,37.12,-12.12,0,0.0,苦手,C
3984.0,坂　口　　　　周,5,8,0.0,0.0,25.0,25.0,0.188,0.12,0.32,12.5,37.12,-12.12,0,0.0,苦手,C
3473.0,石　川　　真　二,2,8,25.0,0.0,12.5,37.5,0.115,0.04,0.21,25.0,58.64,-21.14,0,0.0,苦手,C
3995.0,重　野　　哲　之,5,10,10.0,10.0,0.0,20.0,0.081,0.01,0.16,60.0,37.12,-17.12,0,0.0,苦手,B
4030.0,森　高　　一　真,1,5,20.0,40.0,0.0,60.0,0.174,0.15,0.19,0.0,75.4,-15.4,0,0.0,苦手,C
3679.0,飯　島　　昌　弘,6,10,0.0,10.0,10.0,20.0,0.213,0.11,0.27,10.0,32.03,-12.03,0,0.0,苦手,B
4539.0,金　子　　賢　志,6,6,0.0,0.0,16.67,16.67,0.122,0.07,0.18,33.33,32.03,-15.36,0,0.0,苦手,C
3436.0,柏　野　　幸　二,2,11,18.18,9.09,18.18,45.45,0.096,0.01,0.17,63.64,58.64,-13.19,0,0.0,苦手,B
3613.0,角　谷　　健　吾,6,16,0.0,6.25,12.5,18.75,0.158,0.05,0.29,25.0,32.03,-13.28,0,0.0,苦手,B
4236.0,松　村　　　　敏,6,6,0.0,16.67,0.0,16.67,0.1,0.06,0.18,66.67,32.03,-15.36,0,0.0,苦手,C
3942.0,寺　田　　　　祥,1,5,20.0,40.0,0.0,60.0,0.112,0.07,0.19,20.0,75.4,-15.4,0,0.0,苦手,C
3054.0,北　川　　幸　典,5,6,16.67,0.0,0.0,16.67,0.165,0.02,0.25,0.0,37.12,-20.45,0,0.0,苦手,C
4030.0,森　高　　一　真,5,6,0.0,0.0,16.67,16.67,0.138,0.08,0.23,33.33,37.12,-20.45,0,0.0,苦手,C
4177.0,萬　　　　正　嗣,4,12,8.33,8.33,0.0,16.67,0.158,0.07,0.3,0.0,48.97,-32.3,0,0.0,苦手,B
4854.0,大　橋　　由　珠,6,12,0.0,8.33,0.0,8.33,0.152,0.01,0.27,41.67,32.03,-23.7,0,0.0,苦手,B
4169.0,多　田　　有　佑,5,15,0.0,6.67,20.0,26.67,0.163,0.04,0.28,13.33,37.12,-10.45,0,0.0,苦手,B
4795.0,落　合　　正　侑,6,6,0.0,0.0,16.67,16.67,0.143,0.08,0.2,33.33,32.03,-15.36,0,0.0,苦手,C
4343.0,村　岡　　　　賢,3,8,0.0,25.0,12.5,37.5,0.185,0.13,0.24,12.5,52.8,-15.3,0,0.0,苦手,C
4675.0,井　手　　良　太,4,6,16.67,0.0,16.67,33.33,0.125,0.05,0.19,50.0,48.97,-15.64,0,0.0,苦手,C
3273.0,石　田　　　　豪,1,7,28.57,14.29,0.0,42.86,0.149,0.05,0.26,57.14,75.4,-32.54,0,0.0,苦手,C
3863.0,海老澤　　泰　行,3,31,12.9,12.9,12.9,38.71,0.15,0.04,0.37,9.68,52.8,-14.09,0,0.0,苦手,A
4169.0,多　田　　有　佑,6,17,5.88,0.0,5.88,11.76,0.198,0.1,0.32,5.88,32.03,-20.27,0,0.0,苦手,B
3891.0,谷　口　　健　一,1,6,16.67,16.67,16.67,50.0,0.195,0.12,0.31,0.0,75.4,-25.4,0,0.0,苦手,C
4188.0,久　田　　敏　之,2,5,0.0,20.0,20.0,40.0,0.148,0.11,0.16,0.0,58.64,-18.64,0,0.0,苦手,C
4854.0,大　橋　　由　珠,5,10,0.0,10.0,0.0,10.0,0.137,0.04,0.23,10.0,37.12,-27.12,0,0.0,苦手,B
4618.0,乃　村　　康　友,3,5,20.0,20.0,0.0,40.0,0.208,0.13,0.34,20.0,52.8,-12.8,0,0.0,苦手,C
4470.0,平　田　　健之佑,6,7,0.0,0.0,14.29,14.29,0.269,0.12,0.38,14.29,32.03,-17.74,0,0.0,苦手,C
4169.0,多　田　　有　佑,1,17,23.53,5.88,5.88,35.29,0.171,0.09,0.31,23.53,75.4,-40.11,0,0.0,苦手,B
4675.0,井　手　　良　太,5,9,11.11,0.0,11.11,22.22,0.107,0.03,0.24,55.56,37.12,-14.9,0,0.0,苦手,C
4415.0,下　出　　卓　矢,2,15,6.67,20.0,20.0,46.67,0.106,0.03,0.18,33.33,58.64,-11.97,0,0.0,苦手,B
3881.0,浦　上　　拓　也,6,5,0.0,20.0,0.0,20.0,0.224,0.13,0.28,0.0,32.03,-12.03,0,0.0,苦手,C
4675.0,井　手　　良　太,1,5,20.0,40.0,0.0,60.0,0.168,0.09,0.26,40.0,75.4,-15.4,0,0.0,苦手,C
4169.0,多　田　　有　佑,2,12,0.0,25.0,8.33,33.33,0.182,0.09,0.29,16.67,58.64,-25.31,0,0.0,苦手,B
4011.0,堀之内　　紀代子,4,9,0.0,0.0,22.22,22.22,0.167,0.03,0.43,55.56,48.97,-26.75,0,0.0,苦手,C
3863.0,海老澤　　泰　行,5,26,0.0,11.54,11.54,23.08,0.151,0.01,0.26,7.69,37.12,-14.04,0,0.0,苦手,A
4470.0,平　田　　健之佑,5,5,0.0,0.0,0.0,0.0,0.358,0.29,0.43,0.0,37.12,-37.12,0,0.0,苦手,C
3863.0,海老澤　　泰　行,6,18,0.0,5.56,5.56,11.11,0.155,0.03,0.37,27.78,32.03,-20.92,0,0.0,苦手,B
3273.0,石　田　　　　豪,5,5,0.0,0.0,0.0,0.0,0.204,0.1,0.42,0.0,37.12,-37.12,0,0.0,苦手,C
4169.0,多　田　　有　佑,4,15,0.0,13.33,13.33,26.67,0.161,0.07,0.24,6.67,48.97,-22.3,0,0.0,苦手,B
4415.0,下　出　　卓　矢,6,11,9.09,0.0,0.0,9.09,0.205,0.11,0.4,0.0,32.03,-22.94,0,0.0,苦手,B
4037.0,別　府　　正　幸,5,6,0.0,16.67,0.0,16.67,0.197,0.12,0.25,0.0,37.12,-20.45,0,0.0,苦手,C
4343.0,村　岡　　　　賢,4,6,0.0,33.33,0.0,33.33,0.188,0.13,0.28,0.0,48.97,-15.64,0,0.0,苦手,C
4169.0,多　田　　有　佑,3,13,7.69,23.08,7.69,38.46,0.173,0.06,0.26,15.38,52.8,-14.34,0,0.0,苦手,B
4814.0,加　藤　　裕　太,5,8,0.0,0.0,25.0,25.0,0.156,0.07,0.29,50.0,37.12,-12.12,0,0.0,苦手,C
3544.0,豊　田　　訓　靖,3,12,0.0,0.0,41.67,41.67,0.253,0.07,0.93,8.33,52.8,-11.13,0,0.0,苦手,B
4818.0,伏　見　　俊　介,5,17,5.88,5.88,11.76,23.53,0.156,0.02,0.33,23.53,37.12,-13.59,0,0.0,苦手,B
3715.0,倉　尾　　大　介,3,9,11.11,11.11,11.11,33.33,0.15,0.04,0.27,11.11,52.8,-19.47,0,0.0,苦手,C
3882.0,新　田　　智　彰,4,8,12.5,0.0,25.0,37.5,0.268,0.08,0.88,0.0,48.97,-11.47,0,0.0,苦手,C
4485.0,楠　原　　正　剛,2,6,0.0,0.0,16.67,16.67,0.218,0.12,0.32,0.0,58.64,-41.97,0,0.0,苦手,C
4035.0,杉　江　　浩　明,3,6,0.0,33.33,0.0,33.33,0.252,0.17,0.33,0.0,52.8,-19.47,0,0.0,苦手,C
4818.0,伏　見　　俊　介,6,18,0.0,5.56,0.0,5.56,0.154,0.04,0.29,27.78,32.03,-26.47,0,0.0,苦手,B
3619.0,長谷川　　　　充,3,9,22.22,0.0,0.0,22.22,0.227,0.18,0.31,0.0,52.8,-30.58,0,0.0,苦手,C
3544.0,豊　田　　訓　靖,6,5,0.0,0.0,20.0,20.0,0.154,0.08,0.19,20.0,32.03,-12.03,0,0.0,苦手,C
3988.0,古　川　　誠　之,6,10,10.0,0.0,10.0,20.0,0.158,0.11,0.25,10.0,32.03,-12.03,0,0.0,苦手,B
3347.0,矢　後　　　　剛,2,8,0.0,25.0,12.5,37.5,0.17,0.03,0.31,12.5,58.64,-21.14,0,0.0,苦手,C
3619.0,長谷川　　　　充,5,5,0.0,0.0,0.0,0.0,0.198,0.1,0.31,0.0,37.12,-37.12,0,0.0,苦手,C
4780.0,マイケル　田　代,4,9,0.0,0.0,0.0,0.0,0.181,0.1,0.29,11.11,48.97,-48.97,0,0.0,苦手,C
3710.0,吉　永　　泰　弘,3,6,16.67,0.0,0.0,16.67,0.123,0.09,0.16,0.0,52.8,-36.13,0,0.0,苦手,C
4035.0,杉　江　　浩　明,4,6,0.0,0.0,16.67,16.67,0.203,0.1,0.32,0.0,48.97,-32.3,0,0.0,苦手,C
4521.0,小　池　　公　生,5,5,20.0,0.0,0.0,20.0,0.214,0.14,0.28,0.0,37.12,-17.12,0,0.0,苦手,C
3988.0,古　川　　誠　之,1,5,20.0,40.0,0.0,60.0,0.16,0.11,0.2,20.0,75.4,-15.4,0,0.0,苦手,C
3710.0,吉　永　　泰　弘,1,5,20.0,20.0,20.0,60.0,0.14,0.09,0.22,40.0,75.4,-15.4,0,0.0,苦手,C
3620.0,信　濃　　由　行,5,9,0.0,11.11,11.11,22.22,0.194,0.07,0.33,11.11,37.12,-14.9,0,0.0,苦手,C
4485.0,楠　原　　正　剛,5,5,0.0,0.0,20.0,20.0,0.25,0.12,0.46,20.0,37.12,-17.12,0,0.0,苦手,C
4035.0,杉　江　　浩　明,2,5,20.0,0.0,0.0,20.0,0.172,0.04,0.27,20.0,58.64,-38.64,0,0.0,苦手,C
3715.0,倉　尾　　大　介,5,8,0.0,25.0,0.0,25.0,0.124,0.04,0.3,37.5,37.12,-12.12,0,0.0,苦手,C
3619.0,長谷川　　　　充,1,9,33.33,22.22,0.0,55.56,0.162,0.03,0.33,0.0,75.4,-19.84,0,0.0,苦手,C
3717.0,立　間　　充　宏,1,5,20.0,40.0,0.0,60.0,0.148,0.07,0.29,40.0,75.4,-15.4,0,0.0,苦手,C
4365.0,盛　本　　真　輔,1,8,25.0,25.0,0.0,50.0,0.159,0.06,0.25,25.0,75.4,-25.4,0,0.0,苦手,C
4814.0,加　藤　　裕　太,6,7,0.0,0.0,0.0,0.0,0.167,0.06,0.28,14.29,32.03,-32.03,0,0.0,苦手,C
3620.0,信　濃　　由　行,3,9,11.11,11.11,11.11,33.33,0.152,0.09,0.33,11.11,52.8,-19.47,0,0.0,苦手,C
3710.0,吉　永　　泰　弘,5,7,0.0,0.0,14.29,14.29,0.219,0.15,0.29,0.0,37.12,-22.83,0,0.0,苦手,C
3616.0,中　村　　　　真,1,5,40.0,20.0,0.0,60.0,0.174,0.09,0.22,40.0,75.4,-15.4,0,0.0,苦手,C
4365.0,盛　本　　真　輔,2,7,0.0,14.29,28.57,42.86,0.166,0.09,0.26,14.29,58.64,-15.78,0,0.0,苦手,C
4035.0,杉　江　　浩　明,5,5,20.0,0.0,0.0,20.0,0.218,0.15,0.25,0.0,37.12,-17.12,0,0.0,苦手,C
3620.0,信　濃　　由　行,4,10,0.0,20.0,0.0,20.0,0.174,0.09,0.29,10.0,48.97,-28.97,0,0.0,苦手,B
3988.0,古　川　　誠　之,3,5,20.0,0.0,20.0,40.0,0.202,0.05,0.27,60.0,52.8,-12.8,0,0.0,苦手,C
3398.0,有　田　　　　岳,5,5,0.0,0.0,20.0,20.0,0.244,0.19,0.31,0.0,37.12,-17.12,0,0.0,苦手,C
4447.0,深　川　　麻奈美,6,5,0.0,20.0,0.0,20.0,0.234,0.13,0.34,20.0,32.03,-12.03,0,0.0,苦手,C
4400.0,加　藤　　奈　月,3,6,0.0,0.0,33.33,33.33,0.155,0.1,0.22,16.67,52.8,-19.47,0,0.0,苦手,C
3317.0,大　山　　博　美,2,5,0.0,20.0,0.0,20.0,0.214,0.13,0.28,0.0,58.64,-38.64,0,0.0,苦手,C
4479.0,矢　野　　真梨菜,3,6,0.0,16.67,16.67,33.33,0.202,0.1,0.29,16.67,52.8,-19.47,0,0.0,苦手,C
3355.0,橋谷田　　佳　織,4,8,0.0,0.0,25.0,25.0,0.268,0.14,0.45,0.0,48.97,-23.97,0,0.0,苦手,C
3674.0,岸　　　　恵　子,6,5,0.0,0.0,0.0,0.0,0.184,0.11,0.27,0.0,32.03,-32.03,0,0.0,苦手,C
4098.0,赤　澤　　文　香,1,5,20.0,0.0,40.0,60.0,0.174,0.07,0.23,0.0,75.4,-15.4,0,0.0,苦手,C
3317.0,大　山　　博　美,3,5,0.0,0.0,20.0,20.0,0.182,0.09,0.3,20.0,52.8,-32.8,0,0.0,苦手,C
3355.0,橋谷田　　佳　織,1,10,0.0,20.0,10.0,30.0,0.286,0.21,0.41,0.0,75.4,-45.4,0,0.0,苦手,B
4373.0,若　狭　　奈美子,6,6,0.0,0.0,16.67,16.67,0.2,0.1,0.27,16.67,32.03,-15.36,0,0.0,苦手,C
3474.0,松　瀬　　弘　美,1,6,0.0,16.67,33.33,50.0,0.193,0.12,0.35,0.0,75.4,-25.4,0,0.0,苦手,C
4479.0,矢　野　　真梨菜,5,6,0.0,0.0,16.67,16.67,0.15,0.08,0.18,33.33,37.12,-20.45,0,0.0,苦手,C
4447.0,深　川　　麻奈美,2,7,28.57,0.0,14.29,42.86,0.171,0.02,0.35,28.57,58.64,-15.78,0,0.0,苦手,C
4286.0,平　田　　さやか,2,13,15.38,15.38,15.38,46.15,0.133,0.05,0.22,15.38,58.64,-12.49,0,0.0,苦手,B
3993.0,永　井　　聖　美,5,15,0.0,6.67,13.33,20.0,0.147,0.09,0.24,20.0,37.12,-17.12,0,0.0,苦手,B
4098.0,赤　澤　　文　香,5,5,0.0,20.0,0.0,20.0,0.208,0.13,0.31,0.0,37.12,-17.12,0,0.0,苦手,C
4275.0,菅　野　　はやか,3,5,0.0,20.0,0.0,20.0,0.184,0.14,0.26,0.0,52.8,-32.8,0,0.0,苦手,C
4286.0,平　田　　さやか,5,11,0.0,9.09,9.09,18.18,0.158,0.09,0.23,27.27,37.12,-18.94,0,0.0,苦手,B
4752.0,西　尾　　亮　輔,6,10,0.0,20.0,0.0,20.0,0.195,0.04,0.38,30.0,32.03,-12.03,0,0.0,苦手,B
4813.0,宮　内　　直　哉,6,17,0.0,0.0,0.0,0.0,0.192,0.1,0.35,5.88,32.03,-32.03,0,0.0,苦手,B
4641.0,磯　村　　　　匠,2,7,14.29,14.29,0.0,28.57,0.204,0.11,0.29,0.0,58.64,-30.07,0,0.0,苦手,C
4752.0,西　尾　　亮　輔,4,7,0.0,14.29,14.29,28.57,0.146,0.1,0.22,28.57,48.97,-20.4,0,0.0,苦手,C
4813.0,宮　内　　直　哉,5,18,0.0,5.56,11.11,16.67,0.207,0.04,0.39,0.0,37.12,-20.45,0,0.0,苦手,B
3393.0,行　谷　　吉　範,3,7,0.0,0.0,14.29,14.29,0.214,0.07,0.61,14.29,52.8,-38.51,0,0.0,苦手,C
4345.0,西　舘　　　　健,5,14,7.14,0.0,0.0,7.14,0.159,0.06,0.25,7.14,37.12,-29.98,0,0.0,苦手,B
4258.0,関　根　　彰　人,5,7,0.0,0.0,14.29,14.29,0.183,0.14,0.25,14.29,37.12,-22.83,0,0.0,苦手,C
4281.0,大　澤　　大　夢,5,9,0.0,11.11,11.11,22.22,0.113,0.03,0.19,22.22,37.12,-14.9,0,0.0,苦手,C
4813.0,宮　内　　直　哉,4,18,5.56,5.56,16.67,27.78,0.177,0.03,0.33,22.22,48.97,-21.19,0,0.0,苦手,B
4752.0,西　尾　　亮　輔,5,7,14.29,0.0,0.0,14.29,0.106,0.05,0.18,28.57,37.12,-22.83,0,0.0,苦手,C
4421.0,森　作　　広　大,4,17,5.88,5.88,11.76,23.53,0.164,0.09,0.29,17.65,48.97,-25.44,0,0.0,苦手,B
3790.0,佐　口　　達　也,4,9,0.0,11.11,0.0,11.11,0.139,0.09,0.2,0.0,48.97,-37.86,0,0.0,苦手,C
3838.0,伊　藤　　啓　三,6,9,0.0,0.0,11.11,11.11,0.147,0.08,0.26,33.33,32.03,-20.92,0,0.0,苦手,C
4345.0,西　舘　　　　健,4,16,0.0,12.5,25.0,37.5,0.141,0.06,0.3,31.25,48.97,-11.47,0,0.0,苦手,B
3968.0,茶　谷　　信　次,6,5,0.0,0.0,20.0,20.0,0.228,0.11,0.31,0.0,32.03,-12.03,0,0.0,苦手,C
3790.0,佐　口　　達　也,1,8,25.0,0.0,25.0,50.0,0.147,0.07,0.23,25.0,75.4,-25.4,0,0.0,苦手,C
4421.0,森　作　　広　大,1,16,12.5,18.75,31.25,62.5,0.151,0.06,0.26,37.5,75.4,-12.9,0,0.0,苦手,B
4641.0,磯　村　　　　匠,3,10,10.0,0.0,20.0,30.0,0.176,0.05,0.29,40.0,52.8,-22.8,0,0.0,苦手,B
4274.0,長　畑　　友　輔,6,19,10.53,0.0,10.53,21.05,0.177,0.11,0.42,5.26,32.03,-10.98,0,0.0,苦手,B
3945.0,橋　口　　真　樹,5,6,0.0,0.0,16.67,16.67,0.163,0.11,0.22,16.67,37.12,-20.45,0,0.0,苦手,C
3790.0,佐　口　　達　也,2,7,42.86,0.0,0.0,42.86,0.21,0.12,0.36,0.0,58.64,-15.78,0,0.0,苦手,C
4641.0,磯　村　　　　匠,4,8,12.5,0.0,25.0,37.5,0.175,0.11,0.29,0.0,48.97,-11.47,0,0.0,苦手,C
4161.0,黒　柳　　浩　孝,5,5,0.0,20.0,0.0,20.0,0.198,0.14,0.31,0.0,37.12,-17.12,0,0.0,苦手,C
4270.0,岸　本　　雄　貴,3,9,0.0,22.22,11.11,33.33,0.199,0.1,0.29,0.0,52.8,-19.47,0,0.0,苦手,C
4345.0,西　舘　　　　健,1,22,31.82,13.64,13.64,59.09,0.168,0.07,0.36,27.27,75.4,-16.31,0,0.0,苦手,A
4645.0,上　村　　純　一,5,10,10.0,10.0,0.0,20.0,0.133,0.07,0.19,20.0,37.12,-17.12,0,0.0,苦手,B
3945.0,橋　口　　真　樹,6,7,0.0,14.29,0.0,14.29,0.203,0.12,0.33,28.57,32.03,-17.74,0,0.0,苦手,C
3945.0,橋　口　　真　樹,1,7,28.57,0.0,0.0,28.57,0.244,0.14,0.42,14.29,75.4,-46.83,0,0.0,苦手,C
4641.0,磯　村　　　　匠,5,6,0.0,0.0,16.67,16.67,0.162,0.08,0.2,16.67,37.12,-20.45,0,0.0,苦手,C
4421.0,森　作　　広　大,5,10,0.0,0.0,0.0,0.0,0.218,0.1,0.32,0.0,37.12,-37.12,0,0.0,苦手,B
4258.0,関　根　　彰　人,6,6,0.0,0.0,16.67,16.67,0.167,0.09,0.26,16.67,32.03,-15.36,0,0.0,苦手,C
4270.0,岸　本　　雄　貴,6,5,0.0,0.0,20.0,20.0,0.19,0.07,0.26,20.0,32.03,-12.03,0,0.0,苦手,C
3790.0,佐　口　　達　也,5,6,0.0,0.0,16.67,16.67,0.188,0.05,0.31,16.67,37.12,-20.45,0,0.0,苦手,C
4345.0,西　舘　　　　健,6,10,0.0,20.0,0.0,20.0,0.139,0.05,0.22,10.0,32.03,-12.03,0,0.0,苦手,B
4646.0,赤　羽　　大　樹,2,6,0.0,0.0,0.0,0.0,0.28,0.21,0.35,0.0,58.64,-58.64,0,0.0,苦手,C
3808.0,秋　田　　健太郎,2,15,20.0,6.67,13.33,40.0,0.116,0.05,0.17,26.67,58.64,-18.64,0,0.0,苦手,B
3947.0,寺　本　　昇　平,4,8,12.5,12.5,12.5,37.5,0.154,0.1,0.19,0.0,48.97,-11.47,0,0.0,苦手,C
2538.0,高　橋　　二　朗,2,21,0.0,14.29,23.81,38.1,0.162,0.04,0.27,28.57,58.64,-20.54,0,0.0,苦手,A
3448.0,高　山　　秀　雄,4,8,0.0,12.5,25.0,37.5,0.235,0.1,0.52,0.0,48.97,-11.47,0,0.0,苦手,C
4560.0,庄　司　　樹良々,6,9,0.0,0.0,11.11,11.11,0.177,0.09,0.29,22.22,32.03,-20.92,0,0.0,苦手,C
3947.0,寺　本　　昇　平,3,8,0.0,25.0,12.5,37.5,0.209,0.12,0.33,12.5,52.8,-15.3,0,0.0,苦手,C
4646.0,赤　羽　　大　樹,5,5,0.0,0.0,20.0,20.0,0.236,0.17,0.34,0.0,37.12,-17.12,0,0.0,苦手,C
3533.0,佐　川　　正　道,2,7,0.0,14.29,0.0,14.29,0.169,0.07,0.23,14.29,58.64,-44.35,0,0.0,苦手,C
3583.0,齋　藤　　智　裕,4,10,0.0,10.0,20.0,30.0,0.164,0.06,0.23,30.0,48.97,-18.97,0,0.0,苦手,B
2538.0,高　橋　　二　朗,5,17,0.0,0.0,11.76,11.76,0.179,0.07,0.34,0.0,37.12,-25.36,0,0.0,苦手,B
4595.0,花　井　　　　潤,2,5,20.0,0.0,20.0,40.0,0.134,0.11,0.18,20.0,58.64,-18.64,0,0.0,苦手,C
3807.0,岡　部　　　　哲,6,9,0.0,0.0,11.11,11.11,0.163,0.04,0.24,11.11,32.03,-20.92,0,0.0,苦手,C
3860.0,松　本　　浩　貴,1,5,40.0,0.0,0.0,40.0,0.236,0.18,0.31,0.0,75.4,-35.4,0,0.0,苦手,C
4211.0,村　田　　　　敦,4,7,0.0,0.0,14.29,14.29,0.129,0.07,0.22,14.29,48.97,-34.68,0,0.0,苦手,C
2538.0,高　橋　　二　朗,4,20,0.0,0.0,25.0,25.0,0.188,0.05,0.47,5.0,48.97,-23.97,0,0.0,苦手,A
3808.0,秋　田　　健太郎,3,13,0.0,15.38,15.38,30.77,0.141,0.07,0.24,15.38,52.8,-22.03,0,0.0,苦手,B
3807.0,岡　部　　　　哲,4,9,0.0,11.11,22.22,33.33,0.131,0.04,0.26,0.0,48.97,-15.64,0,0.0,苦手,C
3772.0,一　柳　　和　孝,2,8,0.0,0.0,12.5,12.5,0.147,0.09,0.21,37.5,58.64,-46.14,0,0.0,苦手,C
3807.0,岡　部　　　　哲,3,8,0.0,0.0,12.5,12.5,0.166,0.07,0.23,0.0,52.8,-40.3,0,0.0,苦手,C
3448.0,高　山　　秀　雄,3,8,0.0,0.0,37.5,37.5,0.175,0.06,0.3,12.5,52.8,-15.3,0,0.0,苦手,C
3808.0,秋　田　　健太郎,1,13,30.77,30.77,0.0,61.54,0.124,0.03,0.3,46.15,75.4,-13.86,0,0.0,苦手,B
2538.0,高　橋　　二　朗,1,18,5.56,27.78,22.22,55.56,0.184,0.08,0.47,16.67,75.4,-19.84,0,0.0,苦手,B
3772.0,一　柳　　和　孝,4,6,16.67,0.0,16.67,33.33,0.12,0.01,0.2,16.67,48.97,-15.64,0,0.0,苦手,C
3860.0,松　本　　浩　貴,4,5,0.0,0.0,20.0,20.0,0.232,0.17,0.33,0.0,48.97,-28.97,0,0.0,苦手,C
4201.0,佐　竹　　友　樹,4,13,23.08,7.69,0.0,30.77,0.126,0.06,0.21,30.77,48.97,-18.2,0,0.0,苦手,B
3353.0,前　田　　光　昭,5,8,0.0,25.0,0.0,25.0,0.13,0.09,0.19,12.5,37.12,-12.12,0,0.0,苦手,C
3947.0,寺　本　　昇　平,1,7,28.57,28.57,0.0,57.14,0.121,0.05,0.23,42.86,75.4,-18.26,0,0.0,苦手,C
3808.0,秋　田　　健太郎,5,14,0.0,0.0,14.29,14.29,0.116,0.03,0.21,14.29,37.12,-22.83,0,0.0,苦手,B
3877.0,松　浦　　博　人,6,6,0.0,0.0,16.67,16.67,0.178,0.11,0.22,0.0,32.03,-15.36,0,0.0,苦手,C
3583.0,齋　藤　　智　裕,3,11,0.0,18.18,9.09,27.27,0.188,0.1,0.55,9.09,52.8,-25.53,0,0.0,苦手,B
3808.0,秋　田　　健太郎,4,10,20.0,10.0,0.0,30.0,0.119,0.05,0.21,40.0,48.97,-18.97,0,0.0,苦手,B
3860.0,松　本　　浩　貴,2,5,0.0,20.0,0.0,20.0,0.2,0.15,0.31,20.0,58.64,-38.64,0,0.0,苦手,C
4863.0,三　浦　　裕　貴,6,18,0.0,0.0,11.11,11.11,0.166,0.06,0.43,16.67,32.03,-20.92,0,0.0,苦手,B
4880.0,澤　崎　　雄　哉,6,21,0.0,14.29,4.76,19.05,0.124,0.05,0.34,33.33,32.03,-12.98,0,0.0,苦手,A
3981.0,今　坂　　晃　広,4,9,11.11,0.0,22.22,33.33,0.15,0.07,0.23,11.11,48.97,-15.64,0,0.0,苦手,C
3577.0,向　所　　浩　二,6,5,0.0,0.0,20.0,20.0,0.152,0.06,0.27,40.0,32.03,-12.03,0,0.0,苦手,C
3569.0,増　田　　　　進,2,22,4.55,13.64,18.18,36.36,0.156,0.06,0.27,4.55,58.64,-22.28,0,0.0,苦手,A
3507.0,藤　井　　　　徹,6,8,0.0,12.5,0.0,12.5,0.168,0.07,0.27,0.0,32.03,-19.53,0,0.0,苦手,C
3981.0,今　坂　　晃　広,6,10,0.0,0.0,20.0,20.0,0.16,0.07,0.34,20.0,32.03,-12.03,0,0.0,苦手,B
4210.0,松　村　　康　太,4,8,0.0,12.5,25.0,37.5,0.203,0.06,0.33,0.0,48.97,-11.47,0,0.0,苦手,C
3577.0,向　所　　浩　二,3,7,0.0,14.29,14.29,28.57,0.119,0.05,0.22,42.86,52.8,-24.23,0,0.0,苦手,C
4441.0,末　永　　由　楽,2,6,33.33,0.0,0.0,33.33,0.143,0.08,0.19,33.33,58.64,-25.31,0,0.0,苦手,C
4880.0,澤　崎　　雄　哉,5,10,0.0,10.0,0.0,10.0,0.153,0.07,0.32,20.0,37.12,-27.12,0,0.0,苦手,B
3848.0,川　上　　聡　介,6,5,0.0,0.0,20.0,20.0,0.152,0.06,0.26,40.0,32.03,-12.03,0,0.0,苦手,C
4210.0,松　村　　康　太,1,5,20.0,20.0,0.0,40.0,0.198,0.15,0.27,20.0,75.4,-35.4,0,0.0,苦手,C
3769.0,佐　竹　　恒　彦,5,6,0.0,0.0,16.67,16.67,0.18,0.11,0.26,0.0,37.12,-20.45,0,0.0,苦手,C
4253.0,西　川　　真　人,3,5,0.0,0.0,0.0,0.0,0.172,0.03,0.26,0.0,52.8,-52.8,0,0.0,苦手,C
4441.0,末　永　　由　楽,4,8,12.5,12.5,12.5,37.5,0.139,0.04,0.19,25.0,48.97,-11.47,0,0.0,苦手,C
4093.0,吉　田　　宗　弘,3,18,11.11,22.22,0.0,33.33,0.207,0.13,0.29,16.67,52.8,-19.47,0,0.0,苦手,B
4436.0,渋　谷　　明　憲,4,6,16.67,16.67,0.0,33.33,0.16,0.09,0.24,16.67,48.97,-15.64,0,0.0,苦手,C
3569.0,増　田　　　　進,3,15,0.0,13.33,26.67,40.0,0.187,0.11,0.27,6.67,52.8,-12.8,0,0.0,苦手,B
4466.0,南　　　　佑　典,4,6,0.0,0.0,33.33,33.33,0.185,0.11,0.26,16.67,48.97,-15.64,0,0.0,苦手,C
4093.0,吉　田　　宗　弘,5,17,0.0,5.88,17.65,23.53,0.202,0.09,0.3,5.88,37.12,-13.59,0,0.0,苦手,B
4144.0,石　塚　　久　也,5,7,0.0,0.0,14.29,14.29,0.154,0.06,0.22,14.29,37.12,-22.83,0,0.0,苦手,C
3507.0,藤　井　　　　徹,2,15,13.33,13.33,20.0,46.67,0.172,0.09,0.23,0.0,58.64,-11.97,0,0.0,苦手,B
4163.0,山　崎　　裕　司,5,5,0.0,0.0,20.0,20.0,0.112,0.06,0.14,20.0,37.12,-17.12,0,0.0,苦手,C
4093.0,吉　田　　宗　弘,6,8,0.0,0.0,12.5,12.5,0.206,0.16,0.25,12.5,32.03,-19.53,0,0.0,苦手,C
3569.0,増　田　　　　進,4,15,0.0,6.67,6.67,13.33,0.171,0.1,0.25,13.33,48.97,-35.64,0,0.0,苦手,B
3507.0,藤　井　　　　徹,3,13,0.0,15.38,15.38,30.77,0.167,0.09,0.26,0.0,52.8,-22.03,0,0.0,苦手,B
4653.0,小　野　　達　哉,3,6,16.67,16.67,0.0,33.33,0.107,0.02,0.14,50.0,52.8,-19.47,0,0.0,苦手,C
3340.0,池　田　　雷　太,1,25,16.0,28.0,16.0,60.0,0.171,0.01,0.36,12.0,75.4,-15.4,0,0.0,苦手,A
4614.0,石　倉　　洋　行,2,7,14.29,0.0,28.57,42.86,0.144,0.09,0.21,14.29,58.64,-15.78,0,0.0,苦手,C
3075.0,中　村　　裕　将,5,5,0.0,0.0,0.0,0.0,0.098,0.06,0.15,60.0,37.12,-37.12,0,0.0,苦手,C
4625.0,渡　邊　　裕　貴,4,5,20.0,0.0,0.0,20.0,0.224,0.11,0.46,0.0,48.97,-28.97,0,0.0,苦手,C
3340.0,池　田　　雷　太,2,23,13.04,21.74,13.04,47.83,0.147,0.03,0.33,13.04,58.64,-10.81,0,0.0,苦手,A
3340.0,池　田　　雷　太,3,24,8.33,12.5,4.17,25.0,0.175,0.03,0.43,20.83,52.8,-27.8,0,0.0,苦手,A
4625.0,渡　邊　　裕　貴,2,5,20.0,0.0,0.0,20.0,0.212,0.13,0.33,0.0,58.64,-38.64,0,0.0,苦手,C
4643.0,近　江　　翔　吾,5,7,0.0,14.29,0.0,14.29,0.13,0.07,0.29,14.29,37.12,-22.83,0,0.0,苦手,C
4614.0,石　倉　　洋　行,6,6,0.0,0.0,16.67,16.67,0.145,0.1,0.18,0.0,32.03,-15.36,0,0.0,苦手,C
4858.0,須　田　　大　輝,6,12,0.0,0.0,0.0,0.0,0.225,0.04,0.39,16.67,32.03,-32.03,0,0.0,苦手,B
3977.0,山　本　　兼　士,1,6,16.67,0.0,33.33,50.0,0.127,0.01,0.25,50.0,75.4,-25.4,0,0.0,苦手,C
3546.0,中　里　　昌　志,2,12,16.67,16.67,8.33,41.67,0.184,0.11,0.26,0.0,58.64,-16.97,0,0.0,苦手,B
4331.0,三　好　　勇　人,3,6,16.67,0.0,16.67,33.33,0.133,0.08,0.17,16.67,52.8,-19.47,0,0.0,苦手,C
4568.0,廣　瀬　　真　也,3,17,11.76,11.76,17.65,41.18,0.152,0.11,0.25,23.53,52.8,-11.62,0,0.0,苦手,B
4346.0,前　田　　健太郎,1,6,0.0,16.67,16.67,33.33,0.147,0.08,0.22,16.67,75.4,-42.07,0,0.0,苦手,C
4651.0,佐　藤　　大　騎,6,6,0.0,0.0,16.67,16.67,0.172,0.07,0.38,50.0,32.03,-15.36,0,0.0,苦手,C
4858.0,須　田　　大　輝,5,5,0.0,0.0,0.0,0.0,0.232,0.12,0.34,0.0,37.12,-37.12,0,0.0,苦手,C
4360.0,庄　司　　孝　輔,5,7,0.0,0.0,14.29,14.29,0.14,0.04,0.22,0.0,37.12,-22.83,0,0.0,苦手,C
3546.0,中　里　　昌　志,6,7,0.0,0.0,0.0,0.0,0.2,0.09,0.29,14.29,32.03,-32.03,0,0.0,苦手,C
3392.0,小　森　　信　雄,3,5,20.0,0.0,0.0,20.0,0.204,0.09,0.27,0.0,52.8,-32.8,0,0.0,苦手,C
4231.0,鈴　木　　裕　隆,1,5,0.0,40.0,20.0,60.0,0.244,0.12,0.31,20.0,75.4,-15.4,0,0.0,苦手,C
4568.0,廣　瀬　　真　也,2,21,14.29,9.52,14.29,38.1,0.151,0.04,0.25,19.05,58.64,-20.54,0,0.0,苦手,A
4586.0,磯　部　　　　誠,4,5,0.0,0.0,20.0,20.0,0.134,0.09,0.21,20.0,48.97,-28.97,0,0.0,苦手,C
3986.0,沖　島　　広　和,5,8,12.5,12.5,0.0,25.0,0.155,0.07,0.19,0.0,37.12,-12.12,0,0.0,苦手,C
3546.0,中　里　　昌　志,3,10,0.0,0.0,10.0,10.0,0.125,0.07,0.22,10.0,52.8,-42.8,0,0.0,苦手,B
4651.0,佐　藤　　大　騎,4,10,0.0,10.0,20.0,30.0,0.131,0.07,0.22,30.0,48.97,-18.97,0,0.0,苦手,B
4586.0,磯　部　　　　誠,1,7,42.86,14.29,0.0,57.14,0.11,0.06,0.19,28.57,75.4,-18.26,0,0.0,苦手,C
4346.0,前　田　　健太郎,4,6,0.0,0.0,16.67,16.67,0.158,0.06,0.32,33.33,48.97,-32.3,0,0.0,苦手,C
4574.0,東　　　　潤　樹,4,5,0.0,20.0,0.0,20.0,0.18,0.15,0.24,0.0,48.97,-28.97,0,0.0,苦手,C
4346.0,前　田　　健太郎,5,6,0.0,0.0,16.67,16.67,0.168,0.09,0.23,0.0,37.12,-20.45,0,0.0,苦手,C
4303.0,牧　原　　　　崇,6,5,0.0,20.0,0.0,20.0,0.254,0.21,0.3,0.0,32.03,-12.03,0,0.0,苦手,C
4568.0,廣　瀬　　真　也,5,14,0.0,7.14,7.14,14.29,0.129,0.01,0.2,21.43,37.12,-22.83,0,0.0,苦手,B
3977.0,山　本　　兼　士,5,8,0.0,0.0,25.0,25.0,0.188,0.1,0.26,0.0,37.12,-12.12,0,0.0,苦手,C
4727.0,安　部　　慎　一,5,6,0.0,0.0,0.0,0.0,0.13,0.09,0.22,0.0,37.12,-37.12,0,0.0,苦手,C
3432.0,宮　迫　　暢　彦,5,8,0.0,12.5,12.5,25.0,0.185,0.09,0.34,0.0,37.12,-12.12,0,0.0,苦手,C
3825.0,宮　嵜　　隆太郎,2,8,25.0,0.0,12.5,37.5,0.11,0.05,0.2,75.0,58.64,-21.14,0,0.0,苦手,C
4200.0,早　川　　尚　人,1,7,42.86,14.29,0.0,57.14,0.231,0.17,0.37,14.29,75.4,-18.26,0,0.0,苦手,C
4023.0,柴　田　　友　和,5,8,12.5,12.5,0.0,25.0,0.177,0.11,0.25,0.0,37.12,-12.12,0,0.0,苦手,C
4330.0,奈　須　　啓　太,4,8,12.5,12.5,12.5,37.5,0.114,0.06,0.15,37.5,48.97,-11.47,0,0.0,苦手,C
3432.0,宮　迫　　暢　彦,6,8,0.0,0.0,0.0,0.0,0.209,0.12,0.35,0.0,32.03,-32.03,0,0.0,苦手,C
4023.0,柴　田　　友　和,2,11,0.0,9.09,27.27,36.36,0.171,0.07,0.22,0.0,58.64,-22.28,0,0.0,苦手,B
4679.0,植　田　　太　一,1,5,0.0,60.0,0.0,60.0,0.16,0.05,0.25,0.0,75.4,-15.4,0,0.0,苦手,C
4727.0,安　部　　慎　一,4,5,0.0,0.0,20.0,20.0,0.152,0.13,0.19,0.0,48.97,-28.97,0,0.0,苦手,C
3742.0,宮　地　　秀　祈,6,5,0.0,0.0,20.0,20.0,0.182,0.13,0.23,0.0,32.03,-12.03,0,0.0,苦手,C
4023.0,柴　田　　友　和,1,5,40.0,20.0,0.0,60.0,0.098,0.05,0.14,40.0,75.4,-15.4,0,0.0,苦手,C
4200.0,早　川　　尚　人,6,5,0.0,20.0,0.0,20.0,0.252,0.1,0.3,0.0,32.03,-12.03,0,0.0,苦手,C
3825.0,宮　嵜　　隆太郎,6,9,0.0,0.0,0.0,0.0,0.148,0.09,0.2,44.44,32.03,-32.03,0,0.0,苦手,C
3432.0,宮　迫　　暢　彦,3,7,0.0,28.57,0.0,28.57,0.116,0.06,0.15,28.57,52.8,-24.23,0,0.0,苦手,C
3771.0,折　下　　寛　法,6,9,0.0,0.0,11.11,11.11,0.157,0.11,0.23,11.11,32.03,-20.92,0,0.0,苦手,C
3742.0,宮　地　　秀　祈,1,5,60.0,0.0,0.0,60.0,0.112,0.03,0.21,20.0,75.4,-15.4,0,0.0,苦手,C
4023.0,柴　田　　友　和,4,6,0.0,16.67,16.67,33.33,0.162,0.07,0.22,0.0,48.97,-15.64,0,0.0,苦手,C
3825.0,宮　嵜　　隆太郎,5,5,0.0,0.0,0.0,0.0,0.132,0.07,0.17,0.0,37.12,-37.12,0,0.0,苦手,C
3771.0,折　下　　寛　法,5,15,0.0,6.67,20.0,26.67,0.143,0.05,0.21,33.33,37.12,-10.45,0,0.0,苦手,B
4569.0,中　澤　　宏　奈,3,11,9.09,9.09,9.09,27.27,0.155,0.09,0.29,18.18,52.8,-25.53,0,0.0,苦手,B
4829.0,塚　脇　　奈　美,6,6,16.67,0.0,0.0,16.67,0.167,0.06,0.25,16.67,32.03,-15.36,0,0.0,苦手,C
4726.0,島　田　　なぎさ,5,7,14.29,0.0,0.0,14.29,0.136,0.06,0.33,28.57,37.12,-22.83,0,0.0,苦手,C
4775.0,千　葉　　真　弥,6,8,0.0,0.0,0.0,0.0,0.145,0.08,0.19,12.5,32.03,-32.03,0,0.0,苦手,C
4758.0,富　樫　　麗　加,4,8,0.0,0.0,25.0,25.0,0.116,0.07,0.22,25.0,48.97,-23.97,0,0.0,苦手,C
4830.0,勝　又　　　　桜,6,6,0.0,0.0,0.0,0.0,0.193,0.1,0.26,0.0,32.03,-32.03,0,0.0,苦手,C
4726.0,島　田　　なぎさ,6,6,0.0,0.0,0.0,0.0,0.178,0.1,0.34,0.0,32.03,-32.03,0,0.0,苦手,C
4569.0,中　澤　　宏　奈,2,10,10.0,20.0,10.0,40.0,0.172,0.05,0.29,20.0,58.64,-18.64,0,0.0,苦手,B
4775.0,千　葉　　真　弥,5,9,0.0,0.0,11.11,11.11,0.18,0.1,0.32,11.11,37.12,-26.01,0,0.0,苦手,C
4246.0,喜　多　　那由夏,4,7,14.29,0.0,14.29,28.57,0.18,0.13,0.21,0.0,48.97,-20.4,0,0.0,苦手,C
4484.0,稲　生　　夏　季,1,14,14.29,7.14,28.57,50.0,0.187,0.07,0.29,21.43,75.4,-25.4,0,0.0,苦手,B
4246.0,喜　多　　那由夏,6,8,0.0,0.0,12.5,12.5,0.142,0.07,0.21,0.0,32.03,-19.53,0,0.0,苦手,C
4473.0,藤　堂　　里　香,1,7,28.57,0.0,14.29,42.86,0.156,0.08,0.22,14.29,75.4,-32.54,0,0.0,苦手,C
4726.0,島　田　　なぎさ,3,7,0.0,14.29,14.29,28.57,0.154,0.01,0.29,42.86,52.8,-24.23,0,0.0,苦手,C
4484.0,稲　生　　夏　季,3,12,16.67,8.33,8.33,33.33,0.163,0.08,0.29,0.0,52.8,-19.47,0,0.0,苦手,B
4689.0,豊　田　　　　結,6,6,0.0,0.0,16.67,16.67,0.128,0.09,0.21,0.0,32.03,-15.36,0,0.0,苦手,C
4680.0,後　藤　　美　翼,5,17,0.0,17.65,5.88,23.53,0.201,0.07,0.32,5.88,37.12,-13.59,0,0.0,苦手,B
4694.0,高　田　　　　綾,4,5,0.0,0.0,0.0,0.0,0.182,0.09,0.3,20.0,48.97,-48.97,0,0.0,苦手,C
4742.0,横　田　　悠　衣,6,5,0.0,0.0,0.0,0.0,0.244,0.12,0.32,20.0,32.03,-32.03,0,0.0,苦手,C
3943.0,三　松　　直　美,2,7,0.0,0.0,0.0,0.0,0.17,0.09,0.28,14.29,58.64,-58.64,0,0.0,苦手,C
3652.0,森　下　　　　勇,5,12,0.0,0.0,0.0,0.0,0.188,0.1,0.3,0.0,37.12,-37.12,0,0.0,苦手,B
3377.0,塚　田　　修　二,6,13,0.0,7.69,7.69,15.38,0.212,0.01,0.47,7.69,32.03,-16.65,0,0.0,苦手,B
3528.0,笠　野　　友紀恵,2,6,0.0,16.67,16.67,33.33,0.157,0.11,0.22,16.67,58.64,-25.31,0,0.0,苦手,C
3943.0,三　松　　直　美,3,5,0.0,0.0,0.0,0.0,0.14,0.04,0.26,60.0,52.8,-52.8,0,0.0,苦手,C
3690.0,河　合　　三　弘,2,10,0.0,30.0,10.0,40.0,0.183,0.1,0.25,10.0,58.64,-18.64,0,0.0,苦手,B
3652.0,森　下　　　　勇,3,10,0.0,10.0,10.0,20.0,0.163,0.04,0.33,10.0,52.8,-32.8,0,0.0,苦手,B
4694.0,高　田　　　　綾,1,5,0.0,20.0,40.0,60.0,0.176,0.14,0.23,20.0,75.4,-15.4,0,0.0,苦手,C
3176.0,長谷川　　　　巌,2,5,20.0,20.0,0.0,40.0,0.162,0.06,0.29,0.0,58.64,-18.64,0,0.0,苦手,C
4017.0,向　井　　美　鈴,4,8,0.0,0.0,12.5,12.5,0.173,0.11,0.21,0.0,48.97,-36.47,0,0.0,苦手,C
4056.0,小　西　　英　輝,2,5,20.0,20.0,0.0,40.0,0.116,0.06,0.15,0.0,58.64,-18.64,0,0.0,苦手,C
3176.0,長谷川　　　　巌,4,6,16.67,0.0,0.0,16.67,0.177,0.13,0.23,16.67,48.97,-32.3,0,0.0,苦手,C
3652.0,森　下　　　　勇,1,11,27.27,27.27,0.0,54.55,0.175,0.12,0.29,18.18,75.4,-20.85,0,0.0,苦手,B
3377.0,塚　田　　修　二,1,15,20.0,6.67,6.67,33.33,0.169,0.04,0.32,6.67,75.4,-42.07,0,0.0,苦手,B
4570.0,前　田　　聖　文,5,10,20.0,0.0,0.0,20.0,0.141,0.07,0.21,30.0,37.12,-17.12,0,0.0,苦手,B
3176.0,長谷川　　　　巌,6,6,0.0,16.67,0.0,16.67,0.183,0.1,0.3,0.0,32.03,-15.36,0,0.0,苦手,C
3654.0,武　田　　光　史,3,5,0.0,20.0,20.0,40.0,0.146,0.06,0.23,0.0,52.8,-12.8,0,0.0,苦手,C
4570.0,前　田　　聖　文,6,7,0.0,0.0,14.29,14.29,0.131,0.09,0.18,0.0,32.03,-17.74,0,0.0,苦手,C
3943.0,三　松　　直　美,1,5,40.0,0.0,20.0,60.0,0.154,0.08,0.34,60.0,75.4,-15.4,0,0.0,苦手,C
3690.0,河　合　　三　弘,5,10,0.0,0.0,10.0,10.0,0.162,0.07,0.22,20.0,37.12,-27.12,0,0.0,苦手,B
3652.0,森　下　　　　勇,6,7,0.0,14.29,0.0,14.29,0.187,0.12,0.36,0.0,32.03,-17.74,0,0.0,苦手,C
3377.0,塚　田　　修　二,3,13,0.0,15.38,15.38,30.77,0.148,0.06,0.23,7.69,52.8,-22.03,0,0.0,苦手,B
4017.0,向　井　　美　鈴,5,5,0.0,20.0,0.0,20.0,0.18,0.08,0.26,0.0,37.12,-17.12,0,0.0,苦手,C
3528.0,笠　野　　友紀恵,3,6,0.0,0.0,16.67,16.67,0.24,0.1,0.36,0.0,52.8,-36.13,0,0.0,苦手,C
3949.0,今　出　　晋　二,4,5,0.0,20.0,0.0,20.0,0.202,0.18,0.24,20.0,48.97,-28.97,0,0.0,苦手,C
4363.0,大　野　　芳　顕,3,6,0.0,16.67,0.0,16.67,0.128,0.08,0.18,33.33,52.8,-36.13,0,0.0,苦手,C
4257.0,古　川　　　　健,5,5,0.0,0.0,20.0,20.0,0.14,0.1,0.16,0.0,37.12,-17.12,0,0.0,苦手,C
3445.0,加　藤　　高　史,4,7,0.0,14.29,14.29,28.57,0.161,0.1,0.26,0.0,48.97,-20.4,0,0.0,苦手,C
4442.0,松　竹　　大　輔,4,9,11.11,0.0,22.22,33.33,0.131,0.06,0.22,11.11,48.97,-15.64,0,0.0,苦手,C
4380.0,鈴　木　　峻　佑,4,6,0.0,0.0,16.67,16.67,0.17,0.04,0.22,16.67,48.97,-32.3,0,0.0,苦手,C
4429.0,豊　田　　泰　洋,4,6,0.0,16.67,0.0,16.67,0.172,0.08,0.28,16.67,48.97,-32.3,0,0.0,苦手,C
4078.0,渡　辺　　史　之,5,5,0.0,0.0,0.0,0.0,0.164,0.08,0.28,0.0,37.12,-37.12,0,0.0,苦手,C
3949.0,今　出　　晋　二,1,5,20.0,20.0,0.0,40.0,0.14,0.07,0.25,20.0,75.4,-35.4,0,0.0,苦手,C
4363.0,大　野　　芳　顕,6,7,0.0,0.0,14.29,14.29,0.141,0.08,0.28,28.57,32.03,-17.74,0,0.0,苦手,C
4442.0,松　竹　　大　輔,3,7,0.0,0.0,28.57,28.57,0.139,0.07,0.28,14.29,52.8,-24.23,0,0.0,苦手,C
3284.0,渡　邊　　伸太郎,2,5,20.0,0.0,20.0,40.0,0.162,0.12,0.22,0.0,58.64,-18.64,0,0.0,苦手,C
4442.0,松　竹　　大　輔,6,6,0.0,0.0,16.67,16.67,0.148,0.11,0.19,16.67,32.03,-15.36,0,0.0,苦手,C
3284.0,渡　邊　　伸太郎,5,5,0.0,0.0,0.0,0.0,0.182,0.08,0.29,0.0,37.12,-37.12,0,0.0,苦手,C
4114.0,深　澤　　達　徳,5,15,0.0,6.67,20.0,26.67,0.175,0.06,0.29,6.67,37.12,-10.45,0,0.0,苦手,B
4380.0,鈴　木　　峻　佑,3,5,0.0,40.0,0.0,40.0,0.158,0.05,0.21,0.0,52.8,-12.8,0,0.0,苦手,C
3251.0,平　石　　和　男,2,11,9.09,9.09,9.09,27.27,0.168,0.12,0.25,0.0,58.64,-31.37,0,0.0,苦手,B
4114.0,深　澤　　達　徳,3,17,5.88,17.65,17.65,41.18,0.125,0.01,0.23,11.76,52.8,-11.62,0,0.0,苦手,B
4429.0,豊　田　　泰　洋,3,5,0.0,20.0,20.0,40.0,0.158,0.08,0.22,20.0,52.8,-12.8,0,0.0,苦手,C
4078.0,渡　辺　　史　之,4,5,0.0,0.0,20.0,20.0,0.21,0.11,0.36,0.0,48.97,-28.97,0,0.0,苦手,C
3949.0,今　出　　晋　二,3,5,20.0,0.0,20.0,40.0,0.204,0.15,0.27,0.0,52.8,-12.8,0,0.0,苦手,C
3949.0,今　出　　晋　二,6,5,0.0,20.0,0.0,20.0,0.198,0.13,0.26,0.0,32.03,-12.03,0,0.0,苦手,C
4836.0,大　谷　　健　太,4,9,0.0,11.11,11.11,22.22,0.132,0.01,0.23,22.22,48.97,-26.75,0,0.0,苦手,C
3141.0,山　来　　和　人,1,13,15.38,7.69,15.38,38.46,0.145,0.03,0.24,15.38,75.4,-36.94,0,0.0,苦手,B
4036.0,金　田　　　　諭,6,11,0.0,18.18,0.0,18.18,0.168,0.03,0.28,9.09,32.03,-13.85,0,0.0,苦手,B
3141.0,山　来　　和　人,6,9,0.0,11.11,0.0,11.11,0.201,0.09,0.27,0.0,32.03,-20.92,0,0.0,苦手,C
3141.0,山　来　　和　人,5,9,0.0,0.0,11.11,11.11,0.228,0.11,0.37,0.0,37.12,-26.01,0,0.0,苦手,C
4766.0,石　井　　孝　之,6,12,8.33,0.0,0.0,8.33,0.145,0.06,0.23,33.33,32.03,-23.7,0,0.0,苦手,B
4859.0,染　川　　直　哉,6,5,0.0,0.0,0.0,0.0,0.14,0.02,0.22,40.0,32.03,-32.03,0,0.0,苦手,C
4461.0,安　田　　吉　宏,2,9,11.11,0.0,33.33,44.44,0.222,0.05,0.45,11.11,58.64,-14.2,0,0.0,苦手,C
4766.0,石　井　　孝　之,5,12,0.0,0.0,0.0,0.0,0.129,0.01,0.29,33.33,37.12,-37.12,0,0.0,苦手,B
4409.0,坂　元　　浩　仁,3,7,14.29,0.0,0.0,14.29,0.116,0.09,0.15,28.57,52.8,-38.51,0,0.0,苦手,C
3346.0,宮　本　　裕　之,2,8,25.0,0.0,0.0,25.0,0.156,0.02,0.26,25.0,58.64,-33.64,0,0.0,苦手,C
4461.0,安　田　　吉　宏,3,7,0.0,0.0,0.0,0.0,0.181,0.11,0.32,28.57,52.8,-52.8,0,0.0,苦手,C
3714.0,梶　原　　　　正,6,5,0.0,0.0,20.0,20.0,0.124,0.03,0.2,0.0,32.03,-12.03,0,0.0,苦手,C
4461.0,安　田　　吉　宏,6,7,0.0,0.0,14.29,14.29,0.13,0.09,0.17,14.29,32.03,-17.74,0,0.0,苦手,C
4118.0,宇佐見　　　　淳,5,8,0.0,0.0,25.0,25.0,0.145,0.09,0.23,12.5,37.12,-12.12,0,0.0,苦手,C
3346.0,宮　本　　裕　之,1,5,0.0,40.0,0.0,40.0,0.134,0.04,0.17,20.0,75.4,-35.4,0,0.0,苦手,C
4461.0,安　田　　吉　宏,5,8,0.0,0.0,12.5,12.5,0.164,0.09,0.24,12.5,37.12,-24.62,0,0.0,苦手,C
4779.0,伊　倉　　　　光,4,16,18.75,0.0,18.75,37.5,0.163,0.03,0.35,25.0,48.97,-11.47,0,0.0,苦手,B
4801.0,小　城　　千　奈,5,5,20.0,0.0,0.0,20.0,0.182,0.11,0.26,0.0,37.12,-17.12,0,0.0,苦手,C
4440.0,萩　原　　知　哉,3,5,0.0,20.0,0.0,20.0,0.14,0.07,0.17,0.0,52.8,-32.8,0,0.0,苦手,C
4181.0,花　本　　夏　樹,1,5,20.0,40.0,0.0,60.0,0.162,0.11,0.22,40.0,75.4,-15.4,0,0.0,苦手,C
4099.0,吉　永　　則　雄,6,5,0.0,0.0,20.0,20.0,0.16,0.12,0.23,0.0,32.03,-12.03,0,0.0,苦手,C
4538.0,笠　置　　博　之,4,9,33.33,0.0,0.0,33.33,0.122,0.05,0.19,33.33,48.97,-15.64,0,0.0,苦手,C
4109.0,谷　津　　幸　宏,1,6,33.33,16.67,0.0,50.0,0.097,0.04,0.17,33.33,75.4,-25.4,0,0.0,苦手,C
3827.0,今　泉　　　　徹,6,6,0.0,0.0,16.67,16.67,0.173,0.11,0.31,16.67,32.03,-15.36,0,0.0,苦手,C
4440.0,萩　原　　知　哉,2,5,20.0,0.0,20.0,40.0,0.172,0.13,0.23,20.0,58.64,-18.64,0,0.0,苦手,C
3761.0,山　本　　光　雄,2,5,0.0,40.0,0.0,40.0,0.148,0.09,0.2,40.0,58.64,-18.64,0,0.0,苦手,C
3827.0,今　泉　　　　徹,4,10,0.0,10.0,20.0,30.0,0.176,0.09,0.31,10.0,48.97,-18.97,0,0.0,苦手,B
4804.0,高　田　　ひかる,4,6,33.33,0.0,0.0,33.33,0.228,0.12,0.52,33.33,48.97,-15.64,0,0.0,苦手,C
4440.0,萩　原　　知　哉,1,5,20.0,0.0,20.0,40.0,0.174,0.11,0.31,0.0,75.4,-35.4,0,0.0,苦手,C
3827.0,今　泉　　　　徹,5,13,0.0,7.69,0.0,7.69,0.162,0.09,0.33,15.38,37.12,-29.43,0,0.0,苦手,B
4109.0,谷　津　　幸　宏,4,8,12.5,12.5,12.5,37.5,0.125,0.02,0.27,37.5,48.97,-11.47,0,0.0,苦手,C
3827.0,今　泉　　　　徹,1,12,33.33,8.33,16.67,58.33,0.158,0.06,0.33,33.33,75.4,-17.07,0,0.0,苦手,B
4220.0,深　川　　和　仁,5,5,0.0,0.0,20.0,20.0,0.186,0.13,0.26,40.0,37.12,-17.12,0,0.0,苦手,C
4494.0,河　合　　佑　樹,1,10,60.0,0.0,0.0,60.0,0.107,0.01,0.16,40.0,75.4,-15.4,0,0.0,苦手,B
3827.0,今　泉　　　　徹,2,12,0.0,25.0,16.67,41.67,0.147,0.08,0.25,16.67,58.64,-16.97,0,0.0,苦手,B
4195.0,前　川　　守　嗣,5,5,0.0,20.0,0.0,20.0,0.142,0.02,0.24,60.0,37.12,-17.12,0,0.0,苦手,C
4779.0,伊　倉　　　　光,6,17,0.0,0.0,11.76,11.76,0.152,0.01,0.29,29.41,32.03,-20.27,0,0.0,苦手,B
3566.0,川　添　　英　正,1,8,37.5,12.5,0.0,50.0,0.164,0.11,0.22,37.5,75.4,-25.4,0,0.0,苦手,C
3842.0,星　野　　太　郎,3,5,0.0,20.0,20.0,40.0,0.23,0.1,0.34,0.0,52.8,-12.8,0,0.0,苦手,C
4025.0,山　本　　隆　幸,5,9,0.0,11.11,11.11,22.22,0.162,0.11,0.27,0.0,37.12,-14.9,0,0.0,苦手,C
3842.0,星　野　　太　郎,4,5,0.0,0.0,20.0,20.0,0.168,0.1,0.24,0.0,48.97,-28.97,0,0.0,苦手,C
3566.0,川　添　　英　正,4,9,0.0,22.22,11.11,33.33,0.188,0.09,0.27,11.11,48.97,-15.64,0,0.0,苦手,C
4491.0,田　中　　　　堅,2,9,11.11,11.11,22.22,44.44,0.15,0.04,0.23,11.11,58.64,-14.2,0,0.0,苦手,C
3566.0,川　添　　英　正,2,11,9.09,9.09,27.27,45.45,0.174,0.1,0.28,0.0,58.64,-13.19,0,0.0,苦手,B
4491.0,田　中　　　　堅,6,10,10.0,10.0,0.0,20.0,0.231,0.08,0.36,0.0,32.03,-12.03,0,0.0,苦手,B
4195.0,前　川　　守　嗣,2,5,0.0,0.0,40.0,40.0,0.146,0.09,0.21,0.0,58.64,-18.64,0,0.0,苦手,C
3730.0,塩　崎　　優　司,2,9,0.0,0.0,22.22,22.22,0.181,0.11,0.26,0.0,58.64,-36.42,0,0.0,苦手,C
3793.0,高　橋　　真　吾,5,7,0.0,0.0,0.0,0.0,0.186,0.12,0.26,0.0,37.12,-37.12,0,0.0,苦手,C
4062.0,後　藤　　陽　介,5,6,0.0,0.0,16.67,16.67,0.18,0.1,0.27,0.0,37.12,-20.45,0,0.0,苦手,C
3793.0,高　橋　　真　吾,1,8,25.0,12.5,12.5,50.0,0.17,0.09,0.25,50.0,75.4,-25.4,0,0.0,苦手,C
4325.0,新　出　　浩　司,6,6,0.0,16.67,0.0,16.67,0.122,0.01,0.26,66.67,32.03,-15.36,0,0.0,苦手,C
3730.0,塩　崎　　優　司,5,8,0.0,12.5,12.5,25.0,0.19,0.09,0.31,12.5,37.12,-12.12,0,0.0,苦手,C
4375.0,照　屋　　厚　仁,1,5,40.0,0.0,20.0,60.0,0.174,0.07,0.3,0.0,75.4,-15.4,0,0.0,苦手,C
3933.0,山　地　　正　樹,3,11,0.0,18.18,18.18,36.36,0.17,0.09,0.28,0.0,52.8,-16.44,0,0.0,苦手,B
3730.0,塩　崎　　優　司,6,6,0.0,0.0,16.67,16.67,0.215,0.12,0.3,0.0,32.03,-15.36,0,0.0,苦手,C
4062.0,後　藤　　陽　介,2,7,0.0,28.57,14.29,42.86,0.14,0.07,0.24,28.57,58.64,-15.78,0,0.0,苦手,C
4325.0,新　出　　浩　司,4,6,0.0,0.0,0.0,0.0,0.128,0.1,0.16,50.0,48.97,-48.97,0,0.0,苦手,C
3773.0,津　留　　浩一郎,2,5,0.0,0.0,0.0,0.0,0.152,0.12,0.18,40.0,58.64,-58.64,0,0.0,苦手,C
4416.0,三　宅　　健　太,1,6,16.67,16.67,0.0,33.33,0.185,0.1,0.34,16.67,75.4,-42.07,0,0.0,苦手,C
3933.0,山　地　　正　樹,2,12,8.33,8.33,25.0,41.67,0.164,0.07,0.28,0.0,58.64,-16.97,0,0.0,苦手,B
3730.0,塩　崎　　優　司,4,9,0.0,0.0,22.22,22.22,0.126,0.08,0.19,22.22,48.97,-26.75,0,0.0,苦手,C
3773.0,津　留　　浩一郎,6,6,0.0,0.0,16.67,16.67,0.113,0.03,0.18,16.67,32.03,-15.36,0,0.0,苦手,C
3730.0,塩　崎　　優　司,1,5,0.0,20.0,20.0,40.0,0.116,0.07,0.18,60.0,75.4,-35.4,0,0.0,苦手,C
3793.0,高　橋　　真　吾,2,6,0.0,16.67,16.67,33.33,0.172,0.06,0.25,0.0,58.64,-25.31,0,0.0,苦手,C
4411.0,沢　田　　昭　宏,6,8,0.0,0.0,12.5,12.5,0.193,0.11,0.27,0.0,32.03,-19.53,0,0.0,苦手,C
3876.0,中　辻　　崇　人,2,5,0.0,40.0,0.0,40.0,0.206,0.09,0.31,20.0,58.64,-18.64,0,0.0,苦手,C
3776.0,横　井　　健　太,3,7,0.0,0.0,14.29,14.29,0.17,0.11,0.22,0.0,52.8,-38.51,0,0.0,苦手,C
3306.0,武　田　　正　紀,6,6,0.0,0.0,0.0,0.0,0.185,0.06,0.26,16.67,32.03,-32.03,0,0.0,苦手,C
4578.0,藤　山　　雅　弘,5,7,0.0,14.29,0.0,14.29,0.243,0.16,0.37,0.0,37.12,-22.83,0,0.0,苦手,C
3804.0,中　渡　　修　作,4,8,0.0,12.5,12.5,25.0,0.139,0.07,0.29,25.0,48.97,-23.97,0,0.0,苦手,C
3461.0,渡　邊　　哲　也,5,5,0.0,0.0,0.0,0.0,0.194,0.09,0.29,20.0,37.12,-37.12,0,0.0,苦手,C
4092.0,岡　部　　大　輔,4,7,14.29,0.0,14.29,28.57,0.14,0.09,0.26,14.29,48.97,-20.4,0,0.0,苦手,C
3461.0,渡　邊　　哲　也,6,7,0.0,0.0,0.0,0.0,0.166,0.09,0.22,0.0,32.03,-32.03,0,0.0,苦手,C
3776.0,横　井　　健　太,4,9,0.0,11.11,11.11,22.22,0.191,0.09,0.25,0.0,48.97,-26.75,0,0.0,苦手,C
3461.0,渡　邊　　哲　也,3,8,0.0,0.0,25.0,25.0,0.186,0.11,0.32,25.0,52.8,-27.8,0,0.0,苦手,C
3306.0,武　田　　正　紀,4,5,0.0,0.0,20.0,20.0,0.176,0.08,0.29,20.0,48.97,-28.97,0,0.0,苦手,C
3776.0,横　井　　健　太,5,6,0.0,0.0,0.0,0.0,0.195,0.08,0.33,0.0,37.12,-37.12,0,0.0,苦手,C
3327.0,野長瀬　　正　孝,3,5,20.0,20.0,0.0,40.0,0.13,0.09,0.16,0.0,52.8,-12.8,0,0.0,苦手,C
3804.0,中　渡　　修　作,5,7,0.0,0.0,14.29,14.29,0.169,0.1,0.29,14.29,37.12,-22.83,0,0.0,苦手,C
3606.0,川　北　　浩　貴,1,9,33.33,22.22,0.0,55.56,0.152,0.02,0.32,33.33,75.4,-19.84,0,0.0,苦手,C
3461.0,渡　邊　　哲　也,1,7,28.57,28.57,0.0,57.14,0.166,0.07,0.37,42.86,75.4,-18.26,0,0.0,苦手,C
3776.0,横　井　　健　太,6,8,0.0,0.0,0.0,0.0,0.144,0.08,0.22,0.0,32.03,-32.03,0,0.0,苦手,C
4578.0,藤　山　　雅　弘,2,7,0.0,14.29,28.57,42.86,0.14,0.09,0.19,0.0,58.64,-15.78,0,0.0,苦手,C
3306.0,武　田　　正　紀,2,6,0.0,16.67,0.0,16.67,0.18,0.04,0.32,16.67,58.64,-41.97,0,0.0,苦手,C
3306.0,武　田　　正　紀,3,6,0.0,0.0,16.67,16.67,0.188,0.13,0.25,0.0,52.8,-36.13,0,0.0,苦手,C
3553.0,平　池　　仁　志,5,7,0.0,0.0,14.29,14.29,0.201,0.11,0.32,0.0,37.12,-22.83,0,0.0,苦手,C
3297.0,藤　丸　　光　一,6,5,0.0,0.0,20.0,20.0,0.178,0.07,0.26,0.0,32.03,-12.03,0,0.0,苦手,C
3998.0,冨　成　　謙　児,3,5,20.0,0.0,0.0,20.0,0.154,0.08,0.21,0.0,52.8,-32.8,0,0.0,苦手,C
3553.0,平　池　　仁　志,6,6,0.0,0.0,0.0,0.0,0.17,0.06,0.26,16.67,32.03,-32.03,0,0.0,苦手,C
3553.0,平　池　　仁　志,1,8,0.0,37.5,25.0,62.5,0.165,0.09,0.32,0.0,75.4,-12.9,0,0.0,苦手,C
4766.0,石　井　　孝　之,4,5,0.0,20.0,0.0,20.0,0.152,0.06,0.21,20.0,48.97,-28.97,0,0.0,苦手,C
4565.0,西　村　　豪　洋,1,5,20.0,0.0,20.0,40.0,0.16,0.13,0.23,0.0,75.4,-35.4,0,0.0,苦手,C
3883.0,山　根　　大　樹,3,5,0.0,0.0,20.0,20.0,0.214,0.15,0.3,20.0,52.8,-32.8,0,0.0,苦手,C
3998.0,冨　成　　謙　児,6,5,0.0,0.0,0.0,0.0,0.2,0.15,0.25,0.0,32.03,-32.03,0,0.0,苦手,C
4565.0,西　村　　豪　洋,4,6,0.0,0.0,16.67,16.67,0.143,0.07,0.22,33.33,48.97,-32.3,0,0.0,苦手,C
3883.0,山　根　　大　樹,1,5,0.0,20.0,0.0,20.0,0.19,0.09,0.3,20.0,75.4,-55.4,0,0.0,苦手,C
3297.0,藤　丸　　光　一,4,6,0.0,33.33,0.0,33.33,0.183,0.02,0.34,16.67,48.97,-15.64,0,0.0,苦手,C
3584.0,佐々木　　英　樹,5,8,0.0,12.5,0.0,12.5,0.191,0.1,0.26,0.0,37.12,-24.62,0,0.0,苦手,C
4406.0,幸　野　　史　明,5,7,0.0,0.0,14.29,14.29,0.129,0.08,0.17,0.0,37.12,-22.83,0,0.0,苦手,C
4697.0,國　弘　　翔　平,6,7,0.0,0.0,0.0,0.0,0.294,0.18,0.43,0.0,32.03,-32.03,0,0.0,苦手,C
4431.0,石　塚　　裕　介,5,7,0.0,0.0,14.29,14.29,0.179,0.11,0.35,0.0,37.12,-22.83,0,0.0,苦手,C
3065.0,増　田　　弘　喜,3,6,0.0,0.0,0.0,0.0,0.2,0.15,0.3,16.67,52.8,-52.8,0,0.0,苦手,C
4406.0,幸　野　　史　明,6,5,0.0,0.0,20.0,20.0,0.158,0.12,0.2,0.0,32.03,-12.03,0,0.0,苦手,C
4431.0,石　塚　　裕　介,3,5,40.0,0.0,0.0,40.0,0.102,0.05,0.17,20.0,52.8,-12.8,0,0.0,苦手,C
3867.0,松　浦　　　　勝,4,5,20.0,0.0,0.0,20.0,0.132,0.05,0.21,20.0,48.97,-28.97,0,0.0,苦手,C
3693.0,栢　場　　優　子,3,5,0.0,0.0,0.0,0.0,0.18,0.11,0.22,0.0,52.8,-52.8,0,0.0,苦手,C
4733.0,赤　井　　　　睦,4,5,0.0,0.0,20.0,20.0,0.156,0.07,0.27,0.0,48.97,-28.97,0,0.0,苦手,C
3065.0,増　田　　弘　喜,1,6,50.0,0.0,0.0,50.0,0.188,0.09,0.31,33.33,75.4,-25.4,0,0.0,苦手,C
3693.0,栢　場　　優　子,6,7,0.0,0.0,14.29,14.29,0.197,0.18,0.23,0.0,32.03,-17.74,0,0.0,苦手,C
3797.0,岩　井　　　　繁,1,7,0.0,28.57,28.57,57.14,0.149,0.08,0.22,0.0,75.4,-18.26,0,0.0,苦手,C
4081.0,樋　口　　範　政,4,6,0.0,0.0,33.33,33.33,0.172,0.12,0.21,0.0,48.97,-15.64,0,0.0,苦手,C
3867.0,松　浦　　　　勝,1,5,20.0,0.0,0.0,20.0,0.136,0.09,0.19,20.0,75.4,-55.4,0,0.0,苦手,C
3065.0,増　田　　弘　喜,2,7,0.0,14.29,28.57,42.86,0.161,0.08,0.23,14.29,58.64,-15.78,0,0.0,苦手,C
4081.0,樋　口　　範　政,3,7,0.0,0.0,14.29,14.29,0.201,0.1,0.37,0.0,52.8,-38.51,0,0.0,苦手,C
4418.0,茅　原　　悠　紀,5,7,0.0,0.0,14.29,14.29,0.133,0.08,0.23,28.57,37.12,-22.83,0,0.0,苦手,C
4397.0,西　村　　拓　也,3,7,0.0,28.57,0.0,28.57,0.087,0.05,0.14,14.29,52.8,-24.23,0,0.0,苦手,C
4013.0,中　島　　孝　平,5,5,0.0,20.0,0.0,20.0,0.134,0.11,0.15,40.0,37.12,-17.12,0,0.0,苦手,C
4168.0,石　野　　貴　之,5,6,0.0,0.0,16.67,16.67,0.17,0.12,0.24,0.0,37.12,-20.45,0,0.0,苦手,C
4292.0,麻　生　　慎　介,6,6,0.0,0.0,16.67,16.67,0.153,0.09,0.23,16.67,32.03,-15.36,0,0.0,苦手,C
4397.0,西　村　　拓　也,4,8,12.5,12.5,12.5,37.5,0.154,0.1,0.27,12.5,48.97,-11.47,0,0.0,苦手,C
4604.0,岩　瀬　　裕　亮,5,9,0.0,0.0,22.22,22.22,0.133,0.05,0.23,0.0,37.12,-14.9,0,0.0,苦手,C
3419.0,栗　原　　謙　治,3,6,0.0,33.33,0.0,33.33,0.187,0.13,0.27,0.0,52.8,-19.47,0,0.0,苦手,C
3491.0,富　永　　　　茂,6,5,0.0,0.0,20.0,20.0,0.228,0.09,0.3,0.0,32.03,-12.03,0,0.0,苦手,C
3419.0,栗　原　　謙　治,6,7,0.0,14.29,0.0,14.29,0.253,0.06,0.45,0.0,32.03,-17.74,0,0.0,苦手,C
3627.0,井　上　　恵　一,5,5,0.0,0.0,0.0,0.0,0.258,0.17,0.38,0.0,37.12,-37.12,0,0.0,苦手,C
3419.0,栗　原　　謙　治,4,5,0.0,20.0,0.0,20.0,0.212,0.15,0.29,0.0,48.97,-28.97,0,0.0,苦手,C
3627.0,井　上　　恵　一,3,6,16.67,0.0,16.67,33.33,0.197,0.08,0.26,0.0,52.8,-19.47,0,0.0,苦手,C
3419.0,栗　原　　謙　治,1,5,20.0,0.0,20.0,40.0,0.174,0.13,0.23,40.0,75.4,-35.4,0,0.0,苦手,C
3462.0,竹　上　　真　司,5,5,0.0,20.0,0.0,20.0,0.162,0.13,0.19,20.0,37.12,-17.12,0,0.0,苦手,C
4274.0,長　畑　　友　輔,2,17,17.65,17.65,11.76,47.06,0.154,0.06,0.29,29.41,58.64,-11.58,0,0.0,苦手,B
3226.0,浦　田　　信　義,3,13,0.0,0.0,38.46,38.46,0.163,0.08,0.33,7.69,52.8,-14.34,0,0.0,苦手,B
3226.0,浦　田　　信　義,5,8,0.0,0.0,12.5,12.5,0.159,0.09,0.28,12.5,37.12,-24.62,0,0.0,苦手,C
3226.0,浦　田　　信　義,2,11,9.09,18.18,18.18,45.45,0.16,0.06,0.23,9.09,58.64,-13.19,0,0.0,苦手,B
4906.0,鈴　木　　雅　希,5,11,0.0,0.0,9.09,9.09,0.164,0.08,0.3,9.09,37.12,-28.03,0,0.0,苦手,B
3565.0,坂　本　　徳　克,3,12,0.0,8.33,16.67,25.0,0.158,0.03,0.32,16.67,52.8,-27.8,0,0.0,苦手,B
4875.0,大　塚　　康　雅,4,13,7.69,7.69,7.69,23.08,0.155,0.06,0.35,7.69,48.97,-25.89,0,0.0,苦手,B
3226.0,浦　田　　信　義,4,13,15.38,15.38,7.69,38.46,0.151,0.06,0.26,15.38,48.97,-10.51,0,0.0,苦手,B
4702.0,三　浦　　敬　太,5,12,8.33,8.33,8.33,25.0,0.164,0.09,0.25,16.67,37.12,-12.12,0,0.0,苦手,B
5190.0,大　月　　遊　雅,5,8,0.0,12.5,0.0,12.5,0.175,0.08,0.32,0.0,37.12,-24.62,0,0.0,苦手,C
3859.0,多羅尾　　達　之,6,10,0.0,0.0,0.0,0.0,0.153,0.05,0.27,30.0,32.03,-32.03,0,0.0,苦手,B
5190.0,大　月　　遊　雅,6,7,0.0,0.0,0.0,0.0,0.213,0.07,0.62,0.0,32.03,-32.03,0,0.0,苦手,C
4465.0,大　西　　　　賢,5,7,0.0,0.0,0.0,0.0,0.176,0.06,0.3,0.0,37.12,-37.12,0,0.0,苦手,C
4660.0,宇田川　　信　一,4,8,0.0,0.0,25.0,25.0,0.188,0.12,0.26,0.0,48.97,-23.97,0,0.0,苦手,C
4954.0,内　山　　峻　輔,5,6,0.0,16.67,0.0,16.67,0.155,0.08,0.23,50.0,37.12,-20.45,0,0.0,苦手,C
4660.0,宇田川　　信　一,6,5,0.0,0.0,0.0,0.0,0.204,0.16,0.29,0.0,32.03,-32.03,0,0.0,苦手,C
4465.0,大　西　　　　賢,1,7,0.0,14.29,14.29,28.57,0.184,0.12,0.24,14.29,75.4,-46.83,0,0.0,苦手,C
3859.0,多羅尾　　達　之,1,9,22.22,22.22,11.11,55.56,0.117,0.06,0.28,55.56,75.4,-19.84,0,0.0,苦手,C
3859.0,多羅尾　　達　之,4,9,0.0,0.0,22.22,22.22,0.164,0.1,0.37,11.11,48.97,-26.75,0,0.0,苦手,C
4660.0,宇田川　　信　一,2,5,0.0,0.0,0.0,0.0,0.214,0.16,0.26,0.0,58.64,-58.64,0,0.0,苦手,C
4954.0,内　山　　峻　輔,3,8,0.0,12.5,12.5,25.0,0.131,0.05,0.27,37.5,52.8,-27.8,0,0.0,苦手,C
4660.0,宇田川　　信　一,5,7,0.0,0.0,14.29,14.29,0.156,0.06,0.25,0.0,37.12,-22.83,0,0.0,苦手,C
2538.0,高　橋　　二　朗,6,9,0.0,0.0,11.11,11.11,0.216,0.09,0.36,0.0,32.03,-20.92,0,0.0,苦手,C
4954.0,内　山　　峻　輔,4,8,12.5,12.5,12.5,37.5,0.138,0.07,0.24,37.5,48.97,-11.47,0,0.0,苦手,C
3859.0,多羅尾　　達　之,3,11,9.09,0.0,0.0,9.09,0.194,0.04,0.73,27.27,52.8,-43.71,0,0.0,苦手,B
4723.0,寺　島　　吉　彦,1,8,12.5,0.0,12.5,25.0,0.19,0.12,0.27,12.5,75.4,-50.4,0,0.0,苦手,C
3957.0,大　谷　　直　弘,3,6,0.0,16.67,16.67,33.33,0.195,0.15,0.25,16.67,52.8,-19.47,0,0.0,苦手,C
5213.0,湯　淺　　紀　香,5,5,0.0,0.0,20.0,20.0,0.164,0.09,0.27,0.0,37.12,-17.12,0,0.0,苦手,C
3718.0,伊　達　　正　利,5,8,0.0,12.5,0.0,12.5,0.182,0.08,0.26,0.0,37.12,-24.62,0,0.0,苦手,C
3406.0,中　里　　英　夫,5,13,7.69,0.0,15.38,23.08,0.202,0.11,0.28,7.69,37.12,-14.04,0,0.0,苦手,B
4399.0,松　本　　晶　恵,1,7,14.29,28.57,14.29,57.14,0.159,0.12,0.2,0.0,75.4,-18.26,0,0.0,苦手,C
5182.0,宮　崎　　安　奈,5,5,0.0,0.0,0.0,0.0,0.122,0.04,0.16,20.0,37.12,-37.12,0,0.0,苦手,C
5283.0,植　木　　美　帆,6,9,0.0,0.0,0.0,0.0,0.211,0.09,0.34,11.11,32.03,-32.03,0,0.0,苦手,C
5184.0,飯　塚　　　　響,6,9,0.0,0.0,11.11,11.11,0.201,0.12,0.3,22.22,32.03,-20.92,0,0.0,苦手,C
4723.0,寺　島　　吉　彦,3,8,12.5,12.5,12.5,37.5,0.16,0.09,0.24,0.0,52.8,-15.3,0,0.0,苦手,C
5094.0,生　田　　波美音,2,5,0.0,20.0,20.0,40.0,0.17,0.06,0.29,0.0,58.64,-18.64,0,0.0,苦手,C
5184.0,飯　塚　　　　響,5,8,0.0,0.0,25.0,25.0,0.168,0.1,0.24,12.5,37.12,-12.12,0,0.0,苦手,C
4469.0,土　山　　卓　也,5,5,0.0,0.0,20.0,20.0,0.21,0.11,0.33,20.0,37.12,-17.12,0,0.0,苦手,C
5184.0,飯　塚　　　　響,4,7,0.0,0.0,0.0,0.0,0.157,0.06,0.24,14.29,48.97,-48.97,0,0.0,苦手,C
3718.0,伊　達　　正　利,3,5,20.0,0.0,20.0,40.0,0.184,0.13,0.22,0.0,52.8,-12.8,0,0.0,苦手,C
4519.0,清　水　　沙　樹,4,13,15.38,7.69,15.38,38.46,0.142,0.01,0.34,46.15,48.97,-10.51,0,0.0,苦手,B
4469.0,土　山　　卓　也,4,5,0.0,0.0,20.0,20.0,0.138,0.1,0.16,0.0,48.97,-28.97,0,0.0,苦手,C
5182.0,宮　崎　　安　奈,2,5,0.0,0.0,20.0,20.0,0.186,0.11,0.24,20.0,58.64,-38.64,0,0.0,苦手,C
4723.0,寺　島　　吉　彦,4,9,11.11,0.0,11.11,22.22,0.171,0.1,0.27,11.11,48.97,-26.75,0,0.0,苦手,C
5283.0,植　木　　美　帆,5,6,0.0,0.0,0.0,0.0,0.185,0.07,0.42,0.0,37.12,-37.12,0,0.0,苦手,C
3718.0,伊　達　　正　利,2,8,12.5,12.5,12.5,37.5,0.185,0.15,0.23,0.0,58.64,-21.14,0,0.0,苦手,C
3681.0,山　谷　　　　央,6,14,0.0,0.0,21.43,21.43,0.151,0.05,0.29,21.43,32.03,-10.6,0,0.0,苦手,B
4519.0,清　水　　沙　樹,3,16,18.75,12.5,6.25,37.5,0.172,0.05,0.27,25.0,52.8,-15.3,0,0.0,苦手,B
3718.0,伊　達　　正　利,4,6,0.0,16.67,0.0,16.67,0.16,0.06,0.29,0.0,48.97,-32.3,0,0.0,苦手,C
4519.0,清　水　　沙　樹,6,6,0.0,16.67,0.0,16.67,0.16,0.1,0.25,16.67,32.03,-15.36,0,0.0,苦手,C
4469.0,土　山　　卓　也,2,5,20.0,20.0,0.0,40.0,0.18,0.14,0.24,0.0,58.64,-18.64,0,0.0,苦手,C
5182.0,宮　崎　　安　奈,3,6,0.0,0.0,0.0,0.0,0.202,0.02,0.51,33.33,52.8,-52.8,0,0.0,苦手,C
3718.0,伊　達　　正　利,6,6,0.0,0.0,16.67,16.67,0.19,0.12,0.22,0.0,32.03,-15.36,0,0.0,苦手,C
4815.0,伏　島　　祐　介,1,6,16.67,33.33,0.0,50.0,0.183,0.03,0.32,0.0,75.4,-25.4,0,0.0,苦手,C
4837.0,酒　井　　陽　祐,3,5,40.0,0.0,0.0,40.0,0.144,0.02,0.3,0.0,52.8,-12.8,0,0.0,苦手,C
5256.0,中　山　　翔　太,4,6,0.0,0.0,33.33,33.33,0.177,0.09,0.33,16.67,48.97,-15.64,0,0.0,苦手,C
4918.0,川　島　　拓　郎,2,9,22.22,0.0,0.0,22.22,0.163,0.06,0.29,0.0,58.64,-36.42,0,0.0,苦手,C
3591.0,後　藤　　孝　義,1,5,20.0,20.0,0.0,40.0,0.198,0.13,0.27,20.0,75.4,-35.4,0,0.0,苦手,C
4139.0,丹　下　　　　健,2,10,10.0,10.0,20.0,40.0,0.183,0.09,0.29,0.0,58.64,-18.64,0,0.0,苦手,B
4813.0,宮　内　　直　哉,3,13,0.0,7.69,23.08,30.77,0.203,0.08,0.45,0.0,52.8,-22.03,0,0.0,苦手,B
5256.0,中　山　　翔　太,5,5,0.0,0.0,20.0,20.0,0.142,0.09,0.23,0.0,37.12,-17.12,0,0.0,苦手,C
4569.0,中　澤　　宏　奈,6,9,0.0,0.0,11.11,11.11,0.176,0.11,0.24,22.22,32.03,-20.92,0,0.0,苦手,C
4988.0,牟　田　　奨　太,3,8,0.0,0.0,37.5,37.5,0.176,0.06,0.27,25.0,52.8,-15.3,0,0.0,苦手,C
5150.0,坂　本　　雄　紀,4,8,0.0,12.5,25.0,37.5,0.176,0.06,0.3,50.0,48.97,-11.47,0,0.0,苦手,C
4681.0,太　田　　　　潮,3,6,16.67,16.67,0.0,33.33,0.158,0.07,0.23,0.0,52.8,-19.47,0,0.0,苦手,C
4139.0,丹　下　　　　健,6,7,0.0,0.0,14.29,14.29,0.206,0.06,0.39,28.57,32.03,-17.74,0,0.0,苦手,C
4813.0,宮　内　　直　哉,1,14,28.57,0.0,35.71,64.29,0.193,0.03,0.32,28.57,75.4,-11.11,0,0.0,苦手,B
4815.0,伏　島　　祐　介,2,9,0.0,11.11,0.0,11.11,0.17,0.04,0.25,11.11,58.64,-47.53,0,0.0,苦手,C
3839.0,川　合　　理　司,6,6,0.0,0.0,16.67,16.67,0.187,0.08,0.3,0.0,32.03,-15.36,0,0.0,苦手,C
5191.0,飛　田　　江　己,1,5,60.0,0.0,0.0,60.0,0.172,0.12,0.28,0.0,75.4,-15.4,0,0.0,苦手,C
4681.0,太　田　　　　潮,2,6,0.0,0.0,16.67,16.67,0.233,0.18,0.3,0.0,58.64,-41.97,0,0.0,苦手,C
4988.0,牟　田　　奨　太,4,7,14.29,0.0,14.29,28.57,0.11,0.05,0.23,57.14,48.97,-20.4,0,0.0,苦手,C
3621.0,天　野　　晶　夫,6,6,0.0,0.0,16.67,16.67,0.138,0.07,0.2,16.67,32.03,-15.36,0,0.0,苦手,C
3839.0,川　合　　理　司,3,6,0.0,0.0,0.0,0.0,0.147,0.04,0.24,0.0,52.8,-52.8,0,0.0,苦手,C
4681.0,太　田　　　　潮,4,6,0.0,0.0,16.67,16.67,0.112,0.04,0.22,16.67,48.97,-32.3,0,0.0,苦手,C
3591.0,後　藤　　孝　義,4,5,0.0,0.0,20.0,20.0,0.19,0.06,0.28,0.0,48.97,-28.97,0,0.0,苦手,C
4988.0,牟　田　　奨　太,2,5,20.0,20.0,0.0,40.0,0.23,0.09,0.36,0.0,58.64,-18.64,0,0.0,苦手,C
3839.0,川　合　　理　司,1,8,37.5,12.5,0.0,50.0,0.18,0.11,0.29,12.5,75.4,-25.4,0,0.0,苦手,C
2014.0,高　塚　　清　一,2,5,0.0,20.0,20.0,40.0,0.146,0.1,0.23,20.0,58.64,-18.64,0,0.0,苦手,C
4813.0,宮　内　　直　哉,2,10,10.0,20.0,10.0,40.0,0.183,0.09,0.29,10.0,58.64,-18.64,0,0.0,苦手,B
4139.0,丹　下　　　　健,1,7,14.29,28.57,0.0,42.86,0.124,0.05,0.24,0.0,75.4,-32.54,0,0.0,苦手,C
3591.0,後　藤　　孝　義,6,5,20.0,0.0,0.0,20.0,0.134,0.09,0.17,20.0,32.03,-12.03,0,0.0,苦手,C
3414.0,加　瀬　　智　宏,5,8,0.0,0.0,12.5,12.5,0.174,0.11,0.22,12.5,37.12,-24.62,0,0.0,苦手,C
4139.0,丹　下　　　　健,3,8,0.0,37.5,0.0,37.5,0.135,0.07,0.25,50.0,52.8,-15.3,0,0.0,苦手,C
3839.0,川　合　　理　司,4,7,0.0,0.0,14.29,14.29,0.164,0.11,0.28,0.0,48.97,-34.68,0,0.0,苦手,C
3839.0,川　合　　理　司,5,5,0.0,0.0,0.0,0.0,0.178,0.13,0.21,0.0,37.12,-37.12,0,0.0,苦手,C
3591.0,後　藤　　孝　義,3,8,0.0,12.5,12.5,25.0,0.202,0.11,0.35,0.0,52.8,-27.8,0,0.0,苦手,C
5266.0,石　田　　勇　斗,6,11,0.0,0.0,9.09,9.09,0.195,0.04,0.33,18.18,32.03,-22.94,0,0.0,苦手,B
4039.0,村　上　　功　祐,3,8,12.5,25.0,0.0,37.5,0.154,0.07,0.22,0.0,52.8,-15.3,0,0.0,苦手,C
5252.0,荒　木　　颯　斗,6,6,0.0,0.0,16.67,16.67,0.132,0.09,0.2,0.0,32.03,-15.36,0,0.0,苦手,C
4407.0,鹿　島　　敏　弘,2,6,0.0,33.33,0.0,33.33,0.165,0.03,0.22,0.0,58.64,-25.31,0,0.0,苦手,C
5122.0,相　馬　　　　翔,4,6,0.0,0.0,16.67,16.67,0.143,0.01,0.3,33.33,48.97,-32.3,0,0.0,苦手,C
4562.0,阪　本　　勇　介,4,8,0.0,12.5,12.5,25.0,0.217,0.16,0.29,0.0,48.97,-23.97,0,0.0,苦手,C
4979.0,中　野　　夢　斗,6,6,0.0,0.0,16.67,16.67,0.165,0.11,0.22,16.67,32.03,-15.36,0,0.0,苦手,C
5226.0,藤　田　　俊　祐,4,9,11.11,22.22,0.0,33.33,0.143,0.03,0.25,22.22,48.97,-15.64,0,0.0,苦手,C
5170.0,佐　藤　　太　亮,2,5,0.0,0.0,40.0,40.0,0.16,0.11,0.24,0.0,58.64,-18.64,0,0.0,苦手,C
5266.0,石　田　　勇　斗,5,9,0.0,0.0,0.0,0.0,0.2,0.05,0.49,0.0,37.12,-37.12,0,0.0,苦手,C
3156.0,金　子　　良　昭,4,6,0.0,0.0,16.67,16.67,0.142,0.09,0.19,0.0,48.97,-32.3,0,0.0,苦手,C
5252.0,荒　木　　颯　斗,5,9,0.0,0.0,0.0,0.0,0.107,0.08,0.17,22.22,37.12,-37.12,0,0.0,苦手,C
5122.0,相　馬　　　　翔,5,5,0.0,0.0,0.0,0.0,0.222,0.14,0.31,0.0,37.12,-37.12,0,0.0,苦手,C
4514.0,上　條　　嘉　嗣,5,6,0.0,0.0,16.67,16.67,0.198,0.1,0.3,0.0,37.12,-20.45,0,0.0,苦手,C
5047.0,國　分　　将太郎,5,8,12.5,0.0,0.0,12.5,0.151,0.07,0.21,0.0,37.12,-24.62,0,0.0,苦手,C
5047.0,國　分　　将太郎,1,12,25.0,25.0,0.0,50.0,0.169,0.03,0.38,33.33,75.4,-25.4,0,0.0,苦手,B
4562.0,阪　本　　勇　介,3,7,0.0,0.0,28.57,28.57,0.201,0.15,0.24,0.0,52.8,-24.23,0,0.0,苦手,C
4979.0,中　野　　夢　斗,2,11,0.0,18.18,27.27,45.45,0.141,0.05,0.26,9.09,58.64,-13.19,0,0.0,苦手,B
4562.0,阪　本　　勇　介,5,6,16.67,0.0,0.0,16.67,0.205,0.13,0.26,0.0,37.12,-20.45,0,0.0,苦手,C
5122.0,相　馬　　　　翔,2,5,0.0,20.0,0.0,20.0,0.21,0.08,0.45,20.0,58.64,-38.64,0,0.0,苦手,C
4818.0,伏　見　　俊　介,1,10,30.0,30.0,0.0,60.0,0.119,0.03,0.23,40.0,75.4,-15.4,0,0.0,苦手,B
5226.0,藤　田　　俊　祐,3,7,0.0,28.57,0.0,28.57,0.149,0.07,0.25,28.57,52.8,-24.23,0,0.0,苦手,C
4407.0,鹿　島　　敏　弘,3,9,0.0,11.11,22.22,33.33,0.147,0.07,0.21,0.0,52.8,-19.47,0,0.0,苦手,C
5122.0,相　馬　　　　翔,1,5,20.0,20.0,20.0,60.0,0.14,0.02,0.28,40.0,75.4,-15.4,0,0.0,苦手,C
4854.0,大　橋　　由　珠,1,5,0.0,40.0,20.0,60.0,0.182,0.09,0.31,0.0,75.4,-15.4,0,0.0,苦手,C
3693.0,栢　場　　優　子,4,5,0.0,0.0,20.0,20.0,0.252,0.19,0.34,0.0,48.97,-28.97,0,0.0,苦手,C
5079.0,大　石　　真　央,4,7,0.0,0.0,14.29,14.29,0.207,0.07,0.32,14.29,48.97,-34.68,0,0.0,苦手,C
3693.0,栢　場　　優　子,5,6,0.0,0.0,16.67,16.67,0.205,0.14,0.38,0.0,37.12,-20.45,0,0.0,苦手,C
4984.0,森　下　　愛　梨,2,8,12.5,25.0,0.0,37.5,0.249,0.09,0.36,12.5,58.64,-21.14,0,0.0,苦手,C
4900.0,中　田　　夕　貴,2,5,0.0,20.0,0.0,20.0,0.19,0.11,0.33,0.0,58.64,-38.64,0,0.0,苦手,C
3207.0,田　村　　美　和,1,13,7.69,30.77,0.0,38.46,0.211,0.09,0.36,23.08,75.4,-36.94,0,0.0,苦手,B
3693.0,栢　場　　優　子,1,7,0.0,14.29,14.29,28.57,0.189,0.08,0.3,0.0,75.4,-46.83,0,0.0,苦手,C
4974.0,安　井　　瑞　紀,4,6,16.67,0.0,16.67,33.33,0.197,0.09,0.37,16.67,48.97,-15.64,0,0.0,苦手,C
4244.0,鈴　木　　成　美,5,8,0.0,12.5,0.0,12.5,0.143,0.05,0.24,25.0,37.12,-24.62,0,0.0,苦手,C
5079.0,大　石　　真　央,3,7,0.0,14.29,14.29,28.57,0.24,0.1,0.45,0.0,52.8,-24.23,0,0.0,苦手,C
5151.0,山　下　　奈　緒,4,5,0.0,0.0,20.0,20.0,0.162,0.04,0.29,0.0,48.97,-28.97,0,0.0,苦手,C
3175.0,渡　辺　　千　草,6,5,0.0,0.0,0.0,0.0,0.212,0.14,0.28,0.0,32.03,-32.03,0,0.0,苦手,C
3207.0,田　村　　美　和,3,11,0.0,0.0,9.09,9.09,0.207,0.11,0.35,9.09,52.8,-43.71,0,0.0,苦手,B
4900.0,中　田　　夕　貴,5,8,0.0,12.5,12.5,25.0,0.225,0.08,0.43,12.5,37.12,-12.12,0,0.0,苦手,C
4974.0,安　井　　瑞　紀,1,5,20.0,20.0,0.0,40.0,0.194,0.06,0.29,20.0,75.4,-35.4,0,0.0,苦手,C
5079.0,大　石　　真　央,2,7,14.29,0.0,14.29,28.57,0.221,0.11,0.43,0.0,58.64,-30.07,0,0.0,苦手,C
5151.0,山　下　　奈　緒,3,6,0.0,16.67,16.67,33.33,0.22,0.13,0.37,0.0,52.8,-19.47,0,0.0,苦手,C
5184.0,飯　塚　　　　響,2,7,0.0,0.0,0.0,0.0,0.191,0.04,0.31,14.29,58.64,-58.64,0,0.0,苦手,C
4484.0,稲　生　　夏　季,6,14,0.0,14.29,0.0,14.29,0.216,0.05,0.35,14.29,32.03,-17.74,0,0.0,苦手,B
5079.0,大　石　　真　央,5,6,16.67,0.0,0.0,16.67,0.173,0.13,0.3,0.0,37.12,-20.45,0,0.0,苦手,C
3207.0,田　村　　美　和,6,10,0.0,10.0,10.0,20.0,0.188,0.07,0.27,10.0,32.03,-12.03,0,0.0,苦手,B
4244.0,鈴　木　　成　美,4,10,20.0,0.0,0.0,20.0,0.117,0.07,0.19,30.0,48.97,-28.97,0,0.0,苦手,B
4900.0,中　田　　夕　貴,6,6,0.0,0.0,16.67,16.67,0.15,0.02,0.28,16.67,32.03,-15.36,0,0.0,苦手,C
5184.0,飯　塚　　　　響,1,6,16.67,0.0,0.0,16.67,0.287,0.12,0.42,33.33,75.4,-58.73,0,0.0,苦手,C
4974.0,安　井　　瑞　紀,2,5,0.0,20.0,20.0,40.0,0.146,0.11,0.19,40.0,58.64,-18.64,0,0.0,苦手,C
4244.0,鈴　木　　成　美,6,8,0.0,0.0,0.0,0.0,0.159,0.11,0.24,25.0,32.03,-32.03,0,0.0,苦手,C
3693.0,栢　場　　優　子,2,6,0.0,33.33,0.0,33.33,0.193,0.11,0.31,0.0,58.64,-25.31,0,0.0,苦手,C
4984.0,森　下　　愛　梨,1,5,0.0,60.0,0.0,60.0,0.22,0.1,0.41,20.0,75.4,-15.4,0,0.0,苦手,C
4060.0,島　田　　一　生,3,9,11.11,22.22,0.0,33.33,0.134,0.05,0.23,0.0,52.8,-19.47,0,0.0,苦手,C
5046.0,松　山　　裕　基,1,5,20.0,20.0,0.0,40.0,0.156,0.11,0.19,20.0,75.4,-35.4,0,0.0,苦手,C
4549.0,小　林　　文　彦,4,6,0.0,16.67,16.67,33.33,0.172,0.08,0.23,0.0,48.97,-15.64,0,0.0,苦手,C
4911.0,片　岡　　大　地,4,11,0.0,9.09,9.09,18.18,0.111,0.05,0.18,27.27,48.97,-30.79,0,0.0,苦手,B
3444.0,香　月　　大　介,3,6,16.67,0.0,16.67,33.33,0.155,0.1,0.25,16.67,52.8,-19.47,0,0.0,苦手,C
4462.0,夏　山　　亮　平,3,6,0.0,33.33,0.0,33.33,0.155,0.09,0.25,0.0,52.8,-19.47,0,0.0,苦手,C
3444.0,香　月　　大　介,6,5,0.0,0.0,0.0,0.0,0.184,0.1,0.27,0.0,32.03,-32.03,0,0.0,苦手,C
4549.0,小　林　　文　彦,2,6,16.67,0.0,16.67,33.33,0.147,0.09,0.19,0.0,58.64,-25.31,0,0.0,苦手,C
5046.0,松　山　　裕　基,4,5,0.0,20.0,0.0,20.0,0.128,0.05,0.25,20.0,48.97,-28.97,0,0.0,苦手,C
5063.0,大　塚　　雅　治,2,10,10.0,10.0,20.0,40.0,0.165,0.09,0.26,0.0,58.64,-18.64,0,0.0,苦手,B
4883.0,岡　部　　大　輝,3,10,10.0,10.0,10.0,30.0,0.156,0.1,0.24,10.0,52.8,-22.8,0,0.0,苦手,B
3444.0,香　月　　大　介,4,5,0.0,0.0,0.0,0.0,0.168,0.08,0.34,0.0,48.97,-48.97,0,0.0,苦手,C
5063.0,大　塚　　雅　治,4,7,14.29,0.0,14.29,28.57,0.204,0.11,0.29,0.0,48.97,-20.4,0,0.0,苦手,C
4462.0,夏　山　　亮　平,6,6,0.0,0.0,0.0,0.0,0.195,0.11,0.33,0.0,32.03,-32.03,0,0.0,苦手,C
5007.0,近　藤　　雄一郎,3,8,0.0,25.0,0.0,25.0,0.163,0.07,0.31,12.5,52.8,-27.8,0,0.0,苦手,C
5046.0,松　山　　裕　基,5,5,0.0,0.0,0.0,0.0,0.146,0.08,0.25,60.0,37.12,-37.12,0,0.0,苦手,C
5063.0,大　塚　　雅　治,1,9,22.22,0.0,11.11,33.33,0.181,0.1,0.35,44.44,75.4,-42.07,0,0.0,苦手,C
3444.0,香　月　　大　介,1,6,0.0,16.67,16.67,33.33,0.185,0.09,0.29,33.33,75.4,-42.07,0,0.0,苦手,C
4336.0,松　田　　竜　馬,5,8,12.5,0.0,12.5,25.0,0.126,0.09,0.25,37.5,37.12,-12.12,0,0.0,苦手,C
5046.0,松　山　　裕　基,3,8,0.0,0.0,12.5,12.5,0.184,0.1,0.26,12.5,52.8,-40.3,0,0.0,苦手,C
5063.0,大　塚　　雅　治,3,5,0.0,20.0,20.0,40.0,0.16,0.11,0.23,0.0,52.8,-12.8,0,0.0,苦手,C
5007.0,近　藤　　雄一郎,5,5,0.0,0.0,0.0,0.0,0.146,0.11,0.19,0.0,37.12,-37.12,0,0.0,苦手,C
4911.0,片　岡　　大　地,5,7,0.0,0.0,14.29,14.29,0.156,0.07,0.24,42.86,37.12,-22.83,0,0.0,苦手,C
3444.0,香　月　　大　介,5,5,0.0,0.0,0.0,0.0,0.146,0.12,0.19,20.0,37.12,-37.12,0,0.0,苦手,C
5046.0,松　山　　裕　基,2,7,0.0,0.0,0.0,0.0,0.241,0.17,0.33,0.0,58.64,-58.64,0,0.0,苦手,C
3444.0,香　月　　大　介,2,8,0.0,0.0,12.5,12.5,0.169,0.07,0.31,25.0,58.64,-46.14,0,0.0,苦手,C
5063.0,大　塚　　雅　治,6,5,0.0,20.0,0.0,20.0,0.176,0.08,0.25,0.0,32.03,-12.03,0,0.0,苦手,C
4911.0,片　岡　　大　地,6,13,7.69,0.0,7.69,15.38,0.147,0.04,0.37,30.77,32.03,-16.65,0,0.0,苦手,B
5253.0,藤　井　　太　雅,6,17,5.88,5.88,5.88,17.65,0.224,0.06,0.38,17.65,32.03,-14.38,0,0.0,苦手,B
5033.0,藤　原　　孝　斗,2,7,0.0,0.0,0.0,0.0,0.18,0.08,0.27,0.0,58.64,-58.64,0,0.0,苦手,C
5225.0,斎　藤　　　　凜,4,9,0.0,0.0,0.0,0.0,0.187,0.02,0.34,33.33,48.97,-48.97,0,0.0,苦手,C
5232.0,樅　山　　拓　馬,4,10,0.0,10.0,0.0,10.0,0.131,0.08,0.24,20.0,48.97,-38.97,0,0.0,苦手,B
4899.0,占　部　　一　真,3,6,0.0,0.0,0.0,0.0,0.12,0.02,0.19,16.67,52.8,-52.8,0,0.0,苦手,C
5225.0,斎　藤　　　　凜,5,9,0.0,0.0,0.0,0.0,0.177,0.09,0.37,11.11,37.12,-37.12,0,0.0,苦手,C
4899.0,占　部　　一　真,2,7,14.29,0.0,14.29,28.57,0.156,0.1,0.22,28.57,58.64,-30.07,0,0.0,苦手,C
5253.0,藤　井　　太　雅,5,20,0.0,0.0,5.0,5.0,0.191,0.02,0.43,20.0,37.12,-32.12,0,0.0,苦手,A
5232.0,樅　山　　拓　馬,5,9,0.0,0.0,0.0,0.0,0.11,0.01,0.31,33.33,37.12,-37.12,0,0.0,苦手,C
4979.0,中　野　　夢　斗,5,8,0.0,0.0,25.0,25.0,0.136,0.06,0.21,25.0,37.12,-12.12,0,0.0,苦手,C
5232.0,樅　山　　拓　馬,6,7,0.0,14.29,0.0,14.29,0.144,0.06,0.21,14.29,32.03,-17.74,0,0.0,苦手,C
4516.0,野　口　　勝　弘,3,7,14.29,14.29,0.0,28.57,0.157,0.12,0.21,0.0,52.8,-24.23,0,0.0,苦手,C
5225.0,斎　藤　　　　凜,6,6,0.0,0.0,0.0,0.0,0.242,0.11,0.46,0.0,32.03,-32.03,0,0.0,苦手,C
5033.0,藤　原　　孝　斗,3,5,0.0,20.0,20.0,40.0,0.092,0.04,0.18,0.0,52.8,-12.8,0,0.0,苦手,C
4186.0,小　川　　時　光,2,7,0.0,0.0,14.29,14.29,0.187,0.09,0.29,0.0,58.64,-44.35,0,0.0,苦手,C
4504.0,前　田　　将　太,4,8,25.0,12.5,0.0,37.5,0.11,0.07,0.14,25.0,48.97,-11.47,0,0.0,苦手,C
4362.0,土　屋　　智　則,3,6,16.67,16.67,0.0,33.33,0.145,0.08,0.22,0.0,52.8,-19.47,0,0.0,苦手,C
4524.0,深　谷　　知　博,6,5,0.0,0.0,20.0,20.0,0.11,0.04,0.16,40.0,32.03,-12.03,0,0.0,苦手,C
5084.0,末　永　　和　也,2,5,20.0,20.0,0.0,40.0,0.086,0.05,0.13,0.0,58.64,-18.64,0,0.0,苦手,C
4290.0,稲　田　　浩　二,6,5,0.0,0.0,20.0,20.0,0.126,0.09,0.16,0.0,32.03,-12.03,0,0.0,苦手,C
4296.0,岡　崎　　恭　裕,2,5,0.0,20.0,20.0,40.0,0.088,0.01,0.17,20.0,58.64,-18.64,0,0.0,苦手,C
3623.0,深　川　　真　二,2,5,0.0,40.0,0.0,40.0,0.136,0.08,0.21,0.0,58.64,-18.64,0,0.0,苦手,C
4504.0,前　田　　将　太,5,6,16.67,0.0,0.0,16.67,0.105,0.06,0.14,16.67,37.12,-20.45,0,0.0,苦手,C
4296.0,岡　崎　　恭　裕,5,5,0.0,20.0,0.0,20.0,0.144,0.09,0.2,0.0,37.12,-17.12,0,0.0,苦手,C
5045.0,平　川　　香　織,1,8,37.5,12.5,12.5,62.5,0.19,0.08,0.32,12.5,75.4,-12.9,0,0.0,苦手,C
5005.0,石　田　　貴　洋,1,5,40.0,20.0,0.0,60.0,0.186,0.07,0.34,20.0,75.4,-15.4,0,0.0,苦手,C
4943.0,八　木　　治　樹,4,9,0.0,11.11,11.11,22.22,0.143,0.09,0.22,33.33,48.97,-26.75,0,0.0,苦手,C
4076.0,杉　田　　篤　光,1,14,42.86,14.29,7.14,64.29,0.201,0.07,0.31,0.0,75.4,-11.11,0,0.0,苦手,B
4943.0,八　木　　治　樹,3,12,8.33,16.67,8.33,33.33,0.137,0.03,0.36,33.33,52.8,-19.47,0,0.0,苦手,B
5045.0,平　川　　香　織,5,9,0.0,11.11,11.11,22.22,0.173,0.01,0.3,22.22,37.12,-14.9,0,0.0,苦手,C
4752.0,西　尾　　亮　輔,3,7,0.0,14.29,14.29,28.57,0.144,0.06,0.24,14.29,52.8,-24.23,0,0.0,苦手,C
5259.0,野　田　　昇　吾,6,9,0.0,0.0,0.0,0.0,0.206,0.08,0.36,22.22,32.03,-32.03,0,0.0,苦手,C
4377.0,濱　本　　優　一,5,8,12.5,0.0,0.0,12.5,0.166,0.07,0.28,25.0,37.12,-24.62,0,0.0,苦手,C
5279.0,石　渡　　翔一郎,6,11,0.0,18.18,0.0,18.18,0.126,0.01,0.19,45.45,32.03,-13.85,0,0.0,苦手,B
5279.0,石　渡　　翔一郎,5,8,25.0,0.0,0.0,25.0,0.188,0.09,0.35,12.5,37.12,-12.12,0,0.0,苦手,C
5127.0,沼　田　　大　都,4,10,20.0,10.0,0.0,30.0,0.182,0.08,0.31,10.0,48.97,-18.97,0,0.0,苦手,B
5127.0,沼　田　　大　都,2,9,0.0,11.11,33.33,44.44,0.181,0.09,0.28,0.0,58.64,-14.2,0,0.0,苦手,C
5259.0,野　田　　昇　吾,5,8,0.0,0.0,0.0,0.0,0.15,0.08,0.31,12.5,37.12,-37.12,0,0.0,苦手,C
4111.0,奥　田　　　　誠,2,5,0.0,0.0,40.0,40.0,0.268,0.19,0.32,0.0,58.64,-18.64,0,0.0,苦手,C
3950.0,石　川　　哲　秀,4,6,0.0,0.0,16.67,16.67,0.122,0.07,0.15,0.0,48.97,-32.3,0,0.0,苦手,C
5228.0,若　林　　樹　蘭,2,9,0.0,44.44,0.0,44.44,0.132,0.08,0.21,44.44,58.64,-14.2,0,0.0,苦手,C
4377.0,濱　本　　優　一,3,7,0.0,14.29,14.29,28.57,0.181,0.09,0.25,14.29,52.8,-24.23,0,0.0,苦手,C
5127.0,沼　田　　大　都,1,9,22.22,11.11,22.22,55.56,0.23,0.12,0.47,11.11,75.4,-19.84,0,0.0,苦手,C
4989.0,石　原　　　　翼,1,5,60.0,0.0,0.0,60.0,0.148,0.13,0.16,60.0,75.4,-15.4,0,0.0,苦手,C
4840.0,鈴　木　　秀　茉,2,8,25.0,12.5,0.0,37.5,0.2,0.09,0.48,12.5,58.64,-21.14,0,0.0,苦手,C
4111.0,奥　田　　　　誠,4,6,0.0,16.67,16.67,33.33,0.205,0.14,0.31,0.0,48.97,-15.64,0,0.0,苦手,C
3950.0,石　川　　哲　秀,5,6,0.0,0.0,0.0,0.0,0.182,0.12,0.3,0.0,37.12,-37.12,0,0.0,苦手,C
5127.0,沼　田　　大　都,3,8,12.5,0.0,25.0,37.5,0.171,0.09,0.27,0.0,52.8,-15.3,0,0.0,苦手,C
5184.0,飯　塚　　　　響,3,6,16.67,16.67,0.0,33.33,0.185,0.05,0.27,16.67,52.8,-19.47,0,0.0,苦手,C
4929.0,梅　内　　夕貴奈,1,6,33.33,0.0,16.67,50.0,0.185,0.13,0.24,16.67,75.4,-25.4,0,0.0,苦手,C
5272.0,松　田　　真　実,6,5,0.0,0.0,0.0,0.0,0.202,0.03,0.31,0.0,32.03,-32.03,0,0.0,苦手,C
5203.0,神　里　　琴　音,5,5,0.0,0.0,0.0,0.0,0.172,0.11,0.21,80.0,37.12,-37.12,0,0.0,苦手,C
5057.0,上　田　　紗　奈,1,5,20.0,20.0,0.0,40.0,0.132,0.07,0.21,20.0,75.4,-35.4,0,0.0,苦手,C
5153.0,佐　藤　　ほのか,2,11,0.0,0.0,9.09,9.09,0.136,0.05,0.25,27.27,58.64,-49.55,0,0.0,苦手,B
4998.0,中　村　　かなえ,6,6,0.0,0.0,0.0,0.0,0.157,0.06,0.28,33.33,32.03,-32.03,0,0.0,苦手,C
5265.0,大　廣　　咲　季,5,5,0.0,0.0,0.0,0.0,0.194,0.14,0.3,40.0,37.12,-37.12,0,0.0,苦手,C
5203.0,神　里　　琴　音,4,8,0.0,0.0,12.5,12.5,0.13,0.07,0.23,62.5,48.97,-36.47,0,0.0,苦手,C
4414.0,大　澤　　真　菜,1,7,42.86,14.29,0.0,57.14,0.199,0.13,0.27,28.57,75.4,-18.26,0,0.0,苦手,C
5153.0,佐　藤　　ほのか,4,11,0.0,27.27,0.0,27.27,0.141,0.05,0.23,27.27,48.97,-21.7,0,0.0,苦手,B
5272.0,松　田　　真　実,5,5,0.0,0.0,0.0,0.0,0.216,0.09,0.37,0.0,37.12,-37.12,0,0.0,苦手,C
5203.0,神　里　　琴　音,3,9,0.0,0.0,11.11,11.11,0.184,0.09,0.28,11.11,52.8,-41.69,0,0.0,苦手,C
4414.0,大　澤　　真　菜,2,6,0.0,16.67,0.0,16.67,0.18,0.07,0.26,16.67,58.64,-41.97,0,0.0,苦手,C
4891.0,寺　島　　美　里,4,7,14.29,0.0,0.0,14.29,0.146,0.08,0.22,42.86,48.97,-34.68,0,0.0,苦手,C
4414.0,大　澤　　真　菜,4,7,14.29,14.29,0.0,28.57,0.197,0.06,0.29,14.29,48.97,-20.4,0,0.0,苦手,C
4891.0,寺　島　　美　里,2,11,9.09,18.18,18.18,45.45,0.126,0.06,0.19,45.45,58.64,-13.19,0,0.0,苦手,B
4998.0,中　村　　かなえ,4,6,16.67,0.0,16.67,33.33,0.133,0.07,0.22,33.33,48.97,-15.64,0,0.0,苦手,C
5153.0,佐　藤　　ほのか,6,10,0.0,10.0,10.0,20.0,0.166,0.09,0.25,20.0,32.03,-12.03,0,0.0,苦手,B
4690.0,高　石　　梨　菜,1,10,40.0,0.0,20.0,60.0,0.137,0.07,0.26,50.0,75.4,-15.4,0,0.0,苦手,B
4123.0,細　川　　裕　子,6,5,0.0,20.0,0.0,20.0,0.194,0.06,0.37,20.0,32.03,-12.03,0,0.0,苦手,C
5057.0,上　田　　紗　奈,4,6,0.0,0.0,33.33,33.33,0.142,0.12,0.18,16.67,48.97,-15.64,0,0.0,苦手,C
4891.0,寺　島　　美　里,5,8,0.0,0.0,12.5,12.5,0.154,0.08,0.31,12.5,37.12,-24.62,0,0.0,苦手,C
4690.0,高　石　　梨　菜,6,5,0.0,20.0,0.0,20.0,0.148,0.1,0.19,20.0,32.03,-12.03,0,0.0,苦手,C
5205.0,刑　部　　亜里紗,5,5,0.0,0.0,20.0,20.0,0.17,0.12,0.19,20.0,37.12,-17.12,0,0.0,苦手,C
5265.0,大　廣　　咲　季,4,7,0.0,28.57,0.0,28.57,0.189,0.13,0.29,14.29,48.97,-20.4,0,0.0,苦手,C
4414.0,大　澤　　真　菜,5,5,0.0,20.0,0.0,20.0,0.174,0.09,0.25,0.0,37.12,-17.12,0,0.0,苦手,C
4945.0,上　村　　宏　太,1,8,12.5,0.0,37.5,50.0,0.149,0.05,0.24,37.5,75.4,-25.4,0,0.0,苦手,C
3748.0,小　黒　　竜　吾,3,10,0.0,10.0,30.0,40.0,0.137,0.09,0.23,30.0,52.8,-12.8,0,0.0,苦手,B
4406.0,幸　野　　史　明,4,8,12.5,0.0,12.5,25.0,0.141,0.07,0.21,0.0,48.97,-23.97,0,0.0,苦手,C
4039.0,村　上　　功　祐,5,7,0.0,0.0,14.29,14.29,0.129,0.03,0.23,42.86,37.12,-22.83,0,0.0,苦手,C
4186.0,小　川　　時　光,4,7,0.0,0.0,0.0,0.0,0.173,0.14,0.2,14.29,48.97,-48.97,0,0.0,苦手,C
5175.0,島　崎　　丈一朗,5,7,0.0,0.0,14.29,14.29,0.194,0.12,0.24,0.0,37.12,-22.83,0,0.0,苦手,C
3107.0,平　岡　　重　典,1,5,20.0,0.0,0.0,20.0,0.206,0.13,0.27,0.0,75.4,-55.4,0,0.0,苦手,C
4945.0,上　村　　宏　太,3,12,8.33,8.33,0.0,16.67,0.159,0.06,0.37,33.33,52.8,-36.13,0,0.0,苦手,B
5048.0,眞　鳥　　康　太,5,5,0.0,0.0,0.0,0.0,0.196,0.15,0.27,0.0,37.12,-37.12,0,0.0,苦手,C
3843.0,上　之　　晃　弘,4,8,25.0,12.5,0.0,37.5,0.116,0.02,0.23,25.0,48.97,-11.47,0,0.0,苦手,C
5175.0,島　崎　　丈一朗,6,5,0.0,20.0,0.0,20.0,0.174,0.11,0.28,0.0,32.03,-12.03,0,0.0,苦手,C
3107.0,平　岡　　重　典,3,5,0.0,20.0,20.0,40.0,0.18,0.17,0.2,0.0,52.8,-12.8,0,0.0,苦手,C
5225.0,斎　藤　　　　凜,3,5,0.0,0.0,0.0,0.0,0.21,0.04,0.33,0.0,52.8,-52.8,0,0.0,苦手,C
5110.0,杉　山　　喜　一,1,6,33.33,16.67,0.0,50.0,0.175,0.04,0.28,16.67,75.4,-25.4,0,0.0,苦手,C
3748.0,小　黒　　竜　吾,5,10,0.0,0.0,10.0,10.0,0.143,0.01,0.22,40.0,37.12,-27.12,0,0.0,苦手,B
4186.0,小　川　　時　光,1,5,40.0,0.0,20.0,60.0,0.17,0.1,0.31,20.0,75.4,-15.4,0,0.0,苦手,C
3843.0,上　之　　晃　弘,6,5,0.0,0.0,0.0,0.0,0.154,0.11,0.19,40.0,32.03,-32.03,0,0.0,苦手,C
4186.0,小　川　　時　光,5,5,0.0,0.0,0.0,0.0,0.2,0.06,0.32,0.0,37.12,-37.12,0,0.0,苦手,C
3748.0,小　黒　　竜　吾,1,9,22.22,11.11,11.11,44.44,0.153,0.05,0.25,22.22,75.4,-30.96,0,0.0,苦手,C
4039.0,村　上　　功　祐,2,7,28.57,0.0,14.29,42.86,0.15,0.09,0.21,28.57,58.64,-15.78,0,0.0,苦手,C
4945.0,上　村　　宏　太,2,7,0.0,14.29,14.29,28.57,0.136,0.09,0.2,28.57,58.64,-30.07,0,0.0,苦手,C
5175.0,島　崎　　丈一朗,3,11,0.0,0.0,0.0,0.0,0.185,0.08,0.33,27.27,52.8,-52.8,0,0.0,苦手,B
5225.0,斎　藤　　　　凜,2,6,0.0,0.0,0.0,0.0,0.228,0.1,0.41,0.0,58.64,-58.64,0,0.0,苦手,C
5175.0,島　崎　　丈一朗,1,9,11.11,33.33,11.11,55.56,0.181,0.03,0.3,22.22,75.4,-19.84,0,0.0,苦手,C
3748.0,小　黒　　竜　吾,2,9,0.0,33.33,11.11,44.44,0.13,0.03,0.3,33.33,58.64,-14.2,0,0.0,苦手,C
4906.0,鈴　木　　雅　希,4,6,0.0,0.0,0.0,0.0,0.157,0.07,0.2,16.67,48.97,-48.97,0,0.0,苦手,C
5279.0,石　渡　　翔一郎,4,9,0.0,0.0,11.11,11.11,0.139,0.03,0.29,44.44,48.97,-37.86,0,0.0,苦手,C
5044.0,渡　邉　　　　健,5,8,0.0,25.0,0.0,25.0,0.147,0.07,0.23,25.0,37.12,-12.12,0,0.0,苦手,C
5006.0,久保原　　秀　人,3,5,0.0,0.0,0.0,0.0,0.224,0.15,0.29,20.0,52.8,-52.8,0,0.0,苦手,C
5006.0,久保原　　秀　人,4,5,0.0,20.0,0.0,20.0,0.136,0.03,0.2,0.0,48.97,-28.97,0,0.0,苦手,C
3850.0,小　川　　知　行,5,10,0.0,10.0,10.0,20.0,0.125,0.06,0.21,30.0,37.12,-17.12,0,0.0,苦手,B
5044.0,渡　邉　　　　健,2,9,22.22,22.22,0.0,44.44,0.152,0.1,0.19,44.44,58.64,-14.2,0,0.0,苦手,C
3850.0,小　川　　知　行,6,7,0.0,0.0,14.29,14.29,0.173,0.02,0.36,14.29,32.03,-17.74,0,0.0,苦手,C
5006.0,久保原　　秀　人,5,5,0.0,20.0,0.0,20.0,0.186,0.12,0.3,20.0,37.12,-17.12,0,0.0,苦手,C
5044.0,渡　邉　　　　健,6,10,0.0,0.0,20.0,20.0,0.181,0.1,0.31,0.0,32.03,-12.03,0,0.0,苦手,B
5044.0,渡　邉　　　　健,3,10,10.0,0.0,10.0,20.0,0.124,0.02,0.22,30.0,52.8,-32.8,0,0.0,苦手,B
3850.0,小　川　　知　行,4,8,0.0,12.5,0.0,12.5,0.104,0.04,0.15,50.0,48.97,-36.47,0,0.0,苦手,C
5006.0,久保原　　秀　人,2,6,0.0,0.0,16.67,16.67,0.21,0.13,0.4,0.0,58.64,-41.97,0,0.0,苦手,C
4700.0,金　子　　和　之,4,6,33.33,0.0,0.0,33.33,0.175,0.04,0.31,33.33,48.97,-15.64,0,0.0,苦手,C
4715.0,村　上　　　　遼,6,5,20.0,0.0,0.0,20.0,0.102,0.02,0.19,40.0,32.03,-12.03,0,0.0,苦手,C
3562.0,山　下　　和　彦,4,6,0.0,16.67,16.67,33.33,0.11,0.04,0.18,0.0,48.97,-15.64,0,0.0,苦手,C
4816.0,村　松　　修　二,6,6,0.0,0.0,16.67,16.67,0.125,0.07,0.25,50.0,32.03,-15.36,0,0.0,苦手,C
4816.0,村　松　　修　二,3,6,0.0,16.67,0.0,16.67,0.138,0.04,0.21,0.0,52.8,-36.13,0,0.0,苦手,C
4715.0,村　上　　　　遼,1,5,0.0,40.0,20.0,60.0,0.136,0.08,0.22,60.0,75.4,-15.4,0,0.0,苦手,C
4828.0,松　山　　将　吾,1,6,16.67,0.0,16.67,33.33,0.15,0.01,0.26,16.67,75.4,-42.07,0,0.0,苦手,C
4715.0,村　上　　　　遼,5,6,16.67,0.0,0.0,16.67,0.093,0.05,0.13,33.33,37.12,-20.45,0,0.0,苦手,C
4715.0,村　上　　　　遼,2,6,16.67,0.0,16.67,33.33,0.12,0.08,0.17,33.33,58.64,-25.31,0,0.0,苦手,C
4828.0,松　山　　将　吾,3,5,0.0,20.0,20.0,40.0,0.106,0.04,0.22,20.0,52.8,-12.8,0,0.0,苦手,C
5288.0,尾　道　　佳　諭,6,14,0.0,0.0,0.0,0.0,0.201,0.08,0.37,14.29,32.03,-32.03,0,0.0,苦手,B
3536.0,一　色　　雅　昭,2,6,0.0,0.0,33.33,33.33,0.198,0.14,0.27,16.67,58.64,-25.31,0,0.0,苦手,C
4875.0,大　塚　　康　雅,3,8,0.0,25.0,0.0,25.0,0.175,0.03,0.32,12.5,52.8,-27.8,0,0.0,苦手,C
4992.0,廣　瀬　　篤　哉,5,6,0.0,0.0,0.0,0.0,0.145,0.11,0.18,0.0,37.12,-37.12,0,0.0,苦手,C
4875.0,大　塚　　康　雅,1,13,15.38,38.46,7.69,61.54,0.172,0.12,0.31,23.08,75.4,-13.86,0,0.0,苦手,B
4197.0,渥　美　　卓　郎,4,6,16.67,0.0,16.67,33.33,0.17,0.08,0.26,16.67,48.97,-15.64,0,0.0,苦手,C
4877.0,鈴　谷　　一　平,1,6,33.33,0.0,16.67,50.0,0.188,0.17,0.23,16.67,75.4,-25.4,0,0.0,苦手,C
3536.0,一　色　　雅　昭,1,6,33.33,16.67,0.0,50.0,0.17,0.08,0.27,16.67,75.4,-25.4,0,0.0,苦手,C
5288.0,尾　道　　佳　諭,5,13,0.0,7.69,15.38,23.08,0.138,0.01,0.27,30.77,37.12,-14.04,0,0.0,苦手,B
5185.0,加　藤　　優　弥,3,5,0.0,0.0,20.0,20.0,0.148,0.1,0.22,20.0,52.8,-32.8,0,0.0,苦手,C
5090.0,生　方　　靖　亜,6,7,0.0,0.0,0.0,0.0,0.173,0.13,0.24,0.0,32.03,-32.03,0,0.0,苦手,C
5185.0,加　藤　　優　弥,2,5,0.0,0.0,0.0,0.0,0.162,0.12,0.21,0.0,58.64,-58.64,0,0.0,苦手,C
4877.0,鈴　谷　　一　平,6,6,0.0,0.0,16.67,16.67,0.08,0.02,0.14,50.0,32.03,-15.36,0,0.0,苦手,C
4197.0,渥　美　　卓　郎,2,7,0.0,0.0,28.57,28.57,0.171,0.07,0.25,0.0,58.64,-30.07,0,0.0,苦手,C
4992.0,廣　瀬　　篤　哉,2,6,0.0,0.0,33.33,33.33,0.142,0.07,0.2,0.0,58.64,-25.31,0,0.0,苦手,C
5090.0,生　方　　靖　亜,4,7,14.29,0.0,14.29,28.57,0.151,0.1,0.21,0.0,48.97,-20.4,0,0.0,苦手,C
3536.0,一　色　　雅　昭,5,5,0.0,20.0,0.0,20.0,0.144,0.07,0.23,40.0,37.12,-17.12,0,0.0,苦手,C
4875.0,大　塚　　康　雅,2,10,0.0,20.0,20.0,40.0,0.176,0.03,0.32,10.0,58.64,-18.64,0,0.0,苦手,B
3482.0,金　子　　猛　志,2,7,0.0,42.86,0.0,42.86,0.176,0.11,0.25,14.29,58.64,-15.78,0,0.0,苦手,C
4358.0,松　本　　庸　平,6,5,0.0,0.0,20.0,20.0,0.218,0.13,0.32,0.0,32.03,-12.03,0,0.0,苦手,C
4956.0,齊　藤　　大　将,4,8,0.0,0.0,0.0,0.0,0.151,0.06,0.26,12.5,48.97,-48.97,0,0.0,苦手,C
3519.0,冨　田　　秀　幸,2,8,12.5,12.5,12.5,37.5,0.172,0.03,0.24,0.0,58.64,-21.14,0,0.0,苦手,C
4956.0,齊　藤　　大　将,3,9,11.11,11.11,0.0,22.22,0.149,0.09,0.26,0.0,52.8,-30.58,0,0.0,苦手,C
3482.0,金　子　　猛　志,6,6,0.0,0.0,16.67,16.67,0.143,0.07,0.21,0.0,32.03,-15.36,0,0.0,苦手,C
4562.0,阪　本　　勇　介,6,6,0.0,0.0,0.0,0.0,0.155,0.08,0.19,0.0,32.03,-32.03,0,0.0,苦手,C
3482.0,金　子　　猛　志,5,6,0.0,0.0,16.67,16.67,0.143,0.09,0.27,0.0,37.12,-20.45,0,0.0,苦手,C
3712.0,淺　香　　文　武,6,5,0.0,20.0,0.0,20.0,0.152,0.12,0.24,0.0,32.03,-12.03,0,0.0,苦手,C
3482.0,金　子　　猛　志,4,7,0.0,14.29,0.0,14.29,0.136,0.05,0.18,14.29,48.97,-34.68,0,0.0,苦手,C
4956.0,齊　藤　　大　将,1,10,10.0,30.0,10.0,50.0,0.127,0.01,0.26,40.0,75.4,-25.4,0,0.0,苦手,B
4633.0,森　　　　智　也,5,6,0.0,16.67,0.0,16.67,0.19,0.14,0.25,16.67,37.12,-20.45,0,0.0,苦手,C
4898.0,菊　地　　敬　介,6,9,0.0,0.0,0.0,0.0,0.202,0.08,0.36,22.22,32.03,-32.03,0,0.0,苦手,C
4229.0,市　川　　美　宏,5,9,0.0,11.11,11.11,22.22,0.19,0.09,0.32,0.0,37.12,-14.9,0,0.0,苦手,C
4555.0,富　永　　大　一,3,8,12.5,12.5,12.5,37.5,0.155,0.11,0.21,12.5,52.8,-15.3,0,0.0,苦手,C
5246.0,楠　　　　将太郎,5,6,16.67,0.0,0.0,16.67,0.147,0.04,0.26,33.33,37.12,-20.45,0,0.0,苦手,C
4898.0,菊　地　　敬　介,3,7,14.29,0.0,14.29,28.57,0.153,0.08,0.25,14.29,52.8,-24.23,0,0.0,苦手,C
4898.0,菊　地　　敬　介,5,5,0.0,0.0,0.0,0.0,0.136,0.08,0.19,0.0,37.12,-37.12,0,0.0,苦手,C
4047.0,吉　永　　浩　則,3,5,20.0,0.0,0.0,20.0,0.148,0.06,0.23,0.0,52.8,-32.8,0,0.0,苦手,C
4555.0,富　永　　大　一,4,7,0.0,0.0,28.57,28.57,0.184,0.13,0.22,0.0,48.97,-20.4,0,0.0,苦手,C
4856.0,豊　田　　健士郎,1,7,42.86,14.29,0.0,57.14,0.133,0.08,0.19,0.0,75.4,-18.26,0,0.0,苦手,C
4229.0,市　川　　美　宏,3,7,0.0,0.0,14.29,14.29,0.164,0.11,0.24,14.29,52.8,-38.51,0,0.0,苦手,C
4047.0,吉　永　　浩　則,4,5,0.0,0.0,0.0,0.0,0.21,0.11,0.35,0.0,48.97,-48.97,0,0.0,苦手,C
4229.0,市　川　　美　宏,4,7,0.0,0.0,28.57,28.57,0.197,0.14,0.25,0.0,48.97,-20.4,0,0.0,苦手,C
4555.0,富　永　　大　一,6,5,0.0,20.0,0.0,20.0,0.226,0.13,0.43,20.0,32.03,-12.03,0,0.0,苦手,C
4898.0,菊　地　　敬　介,4,6,33.33,0.0,0.0,33.33,0.135,0.06,0.21,50.0,48.97,-15.64,0,0.0,苦手,C
5292.0,佐　藤　　右　京,6,16,0.0,0.0,0.0,0.0,0.237,0.05,0.44,6.25,32.03,-32.03,0,0.0,苦手,B
5010.0,宇留田　　翔　平,5,6,0.0,16.67,0.0,16.67,0.132,0.08,0.17,16.67,37.12,-20.45,0,0.0,苦手,C
3889.0,須　藤　　隆　雄,1,5,20.0,20.0,20.0,60.0,0.108,0.03,0.23,20.0,75.4,-15.4,0,0.0,苦手,C
3637.0,齋　藤　　和　政,1,5,20.0,0.0,20.0,40.0,0.182,0.15,0.23,0.0,75.4,-35.4,0,0.0,苦手,C
4580.0,長谷川　　雅　和,2,5,20.0,0.0,0.0,20.0,0.19,0.08,0.39,0.0,58.64,-38.64,0,0.0,苦手,C
5292.0,佐　藤　　右　京,5,9,0.0,0.0,0.0,0.0,0.167,0.1,0.23,11.11,37.12,-37.12,0,0.0,苦手,C
4202.0,浮　田　　圭　浩,5,5,0.0,0.0,20.0,20.0,0.196,0.13,0.23,0.0,37.12,-17.12,0,0.0,苦手,C
3596.0,河　上　　年　昭,2,5,0.0,20.0,0.0,20.0,0.124,0.06,0.21,20.0,58.64,-38.64,0,0.0,苦手,C
5257.0,西　丸　　侑太朗,5,5,0.0,20.0,0.0,20.0,0.18,0.09,0.23,0.0,37.12,-17.12,0,0.0,苦手,C
3825.0,宮　嵜　　隆太郎,4,9,11.11,22.22,0.0,33.33,0.093,0.02,0.16,55.56,48.97,-15.64,0,0.0,苦手,C
4580.0,長谷川　　雅　和,4,6,0.0,33.33,0.0,33.33,0.175,0.14,0.2,0.0,48.97,-15.64,0,0.0,苦手,C
3889.0,須　藤　　隆　雄,3,6,0.0,16.67,0.0,16.67,0.123,0.07,0.15,16.67,52.8,-36.13,0,0.0,苦手,C
3637.0,齋　藤　　和　政,3,5,0.0,20.0,0.0,20.0,0.126,0.09,0.17,0.0,52.8,-32.8,0,0.0,苦手,C
3889.0,須　藤　　隆　雄,6,5,0.0,0.0,0.0,0.0,0.138,0.03,0.24,40.0,32.03,-32.03,0,0.0,苦手,C
4580.0,長谷川　　雅　和,5,5,0.0,20.0,0.0,20.0,0.122,0.05,0.2,0.0,37.12,-17.12,0,0.0,苦手,C
4175.0,川　尻　　泰　輔,5,7,0.0,0.0,0.0,0.0,0.143,0.05,0.29,0.0,37.12,-37.12,0,0.0,苦手,C
3637.0,齋　藤　　和　政,5,5,0.0,0.0,0.0,0.0,0.2,0.13,0.31,0.0,37.12,-37.12,0,0.0,苦手,C
4202.0,浮　田　　圭　浩,4,6,0.0,0.0,16.67,16.67,0.197,0.11,0.28,0.0,48.97,-32.3,0,0.0,苦手,C
5010.0,宇留田　　翔　平,6,5,0.0,0.0,0.0,0.0,0.132,0.08,0.16,40.0,32.03,-32.03,0,0.0,苦手,C
4175.0,川　尻　　泰　輔,2,7,14.29,28.57,0.0,42.86,0.139,0.08,0.19,28.57,58.64,-15.78,0,0.0,苦手,C
4376.0,藤　田　　靖　弘,4,5,0.0,20.0,0.0,20.0,0.1,0.08,0.12,60.0,48.97,-28.97,0,0.0,苦手,C
5010.0,宇留田　　翔　平,4,8,12.5,0.0,25.0,37.5,0.144,0.09,0.19,25.0,48.97,-11.47,0,0.0,苦手,C
3889.0,須　藤　　隆　雄,5,6,0.0,0.0,0.0,0.0,0.148,0.02,0.31,16.67,37.12,-37.12,0,0.0,苦手,C
4684.0,楠　原　　翔　太,4,6,16.67,0.0,16.67,33.33,0.12,0.02,0.19,33.33,48.97,-15.64,0,0.0,苦手,C
4684.0,楠　原　　翔　太,1,6,33.33,16.67,0.0,50.0,0.155,0.05,0.22,16.67,75.4,-25.4,0,0.0,苦手,C
4656.0,大　崎　　　　翔,5,6,0.0,0.0,0.0,0.0,0.15,0.05,0.32,0.0,37.12,-37.12,0,0.0,苦手,C
4788.0,小　池　　哲　也,6,6,0.0,0.0,0.0,0.0,0.12,0.08,0.13,50.0,32.03,-32.03,0,0.0,苦手,C
4684.0,楠　原　　翔　太,5,6,0.0,0.0,16.67,16.67,0.155,0.07,0.22,50.0,37.12,-20.45,0,0.0,苦手,C
4193.0,郷　原　　章　平,5,6,0.0,16.67,0.0,16.67,0.15,0.11,0.2,0.0,37.12,-20.45,0,0.0,苦手,C
4821.0,妻　鳥　　晋　也,2,5,0.0,20.0,0.0,20.0,0.192,0.12,0.35,0.0,58.64,-38.64,0,0.0,苦手,C
4684.0,楠　原　　翔　太,6,6,0.0,0.0,16.67,16.67,0.165,0.11,0.24,0.0,32.03,-15.36,0,0.0,苦手,C
5269.0,山　口　　晃　朋,6,6,0.0,0.0,16.67,16.67,0.102,0.05,0.17,50.0,32.03,-15.36,0,0.0,苦手,C
5100.0,栗　原　　一　馬,3,6,16.67,16.67,0.0,33.33,0.19,0.11,0.27,0.0,52.8,-19.47,0,0.0,苦手,C
4887.0,富　澤　　祐　作,6,11,0.0,0.0,9.09,9.09,0.162,0.09,0.31,18.18,32.03,-22.94,0,0.0,苦手,B
4895.0,門　間　　雄　大,4,13,0.0,23.08,15.38,38.46,0.125,0.05,0.25,23.08,48.97,-10.51,0,0.0,苦手,B
4866.0,橋　本　　英　一,3,8,0.0,12.5,25.0,37.5,0.171,0.03,0.35,12.5,52.8,-15.3,0,0.0,苦手,C
4486.0,野　村　　　　誠,3,6,16.67,16.67,0.0,33.33,0.15,0.06,0.23,33.33,52.8,-19.47,0,0.0,苦手,C
5100.0,栗　原　　一　馬,1,6,0.0,0.0,33.33,33.33,0.148,0.1,0.26,33.33,75.4,-42.07,0,0.0,苦手,C
5269.0,山　口　　晃　朋,4,7,14.29,0.0,0.0,14.29,0.19,0.1,0.34,28.57,48.97,-34.68,0,0.0,苦手,C
5100.0,栗　原　　一　馬,2,7,14.29,0.0,0.0,14.29,0.166,0.07,0.28,28.57,58.64,-44.35,0,0.0,苦手,C
4895.0,門　間　　雄　大,3,12,8.33,0.0,33.33,41.67,0.129,0.03,0.25,16.67,52.8,-11.13,0,0.0,苦手,B
5074.0,大　澤　　誠　也,5,5,0.0,0.0,20.0,20.0,0.124,0.06,0.17,40.0,37.12,-17.12,0,0.0,苦手,C
5242.0,高　山　　弘　斗,4,8,0.0,12.5,0.0,12.5,0.165,0.11,0.24,12.5,48.97,-36.47,0,0.0,苦手,C
5035.0,櫻　井　　　　優,2,8,12.5,25.0,0.0,37.5,0.189,0.12,0.24,0.0,58.64,-21.14,0,0.0,苦手,C
5242.0,高　山　　弘　斗,5,6,0.0,0.0,0.0,0.0,0.212,0.11,0.32,0.0,37.12,-37.12,0,0.0,苦手,C
4995.0,田　邉　　亮　蔵,1,15,33.33,13.33,6.67,53.33,0.147,0.02,0.27,33.33,75.4,-22.07,0,0.0,苦手,B
4886.0,入　海　　　　馨,6,5,0.0,0.0,20.0,20.0,0.132,0.02,0.24,40.0,32.03,-12.03,0,0.0,苦手,C
5140.0,吉　田　　彩　乃,4,5,0.0,0.0,0.0,0.0,0.16,0.11,0.25,20.0,48.97,-48.97,0,0.0,苦手,C
5140.0,吉　田　　彩　乃,2,5,20.0,0.0,20.0,40.0,0.188,0.12,0.27,0.0,58.64,-18.64,0,0.0,苦手,C
4272.0,大　場　　広　孝,4,5,20.0,0.0,0.0,20.0,0.126,0.07,0.18,20.0,48.97,-28.97,0,0.0,苦手,C
4272.0,大　場　　広　孝,6,5,0.0,0.0,0.0,0.0,0.144,0.06,0.19,0.0,32.03,-32.03,0,0.0,苦手,C
5301.0,岩　下　　巧　斗,6,18,0.0,0.0,11.11,11.11,0.175,0.07,0.29,5.56,32.03,-20.92,0,0.0,苦手,B
4663.0,籾　山　　佳　岳,1,5,40.0,0.0,0.0,40.0,0.112,0.03,0.19,40.0,75.4,-35.4,0,0.0,苦手,C
4864.0,小　川　　日紀太,6,6,0.0,0.0,16.67,16.67,0.125,0.08,0.19,16.67,32.03,-15.36,0,0.0,苦手,C
3948.0,大　町　　利　克,2,9,0.0,11.11,11.11,22.22,0.171,0.11,0.25,0.0,58.64,-36.42,0,0.0,苦手,C
3948.0,大　町　　利　克,5,8,0.0,0.0,12.5,12.5,0.133,0.08,0.19,0.0,37.12,-24.62,0,0.0,苦手,C
5229.0,吉　川　　晴　人,3,6,0.0,0.0,16.67,16.67,0.198,0.13,0.32,0.0,52.8,-36.13,0,0.0,苦手,C
3948.0,大　町　　利　克,3,9,0.0,0.0,22.22,22.22,0.161,0.07,0.3,0.0,52.8,-30.58,0,0.0,苦手,C
5301.0,岩　下　　巧　斗,5,14,7.14,0.0,0.0,7.14,0.168,0.06,0.31,14.29,37.12,-29.98,0,0.0,苦手,B
5229.0,吉　川　　晴　人,2,8,12.5,12.5,0.0,25.0,0.165,0.1,0.26,0.0,58.64,-33.64,0,0.0,苦手,C
5229.0,吉　川　　晴　人,1,10,10.0,30.0,10.0,50.0,0.223,0.11,0.39,10.0,75.4,-25.4,0,0.0,苦手,B
4663.0,籾　山　　佳　岳,3,5,0.0,0.0,20.0,20.0,0.144,0.08,0.24,40.0,52.8,-32.8,0,0.0,苦手,C
3948.0,大　町　　利　克,1,6,0.0,16.67,16.67,33.33,0.162,0.03,0.25,16.67,75.4,-42.07,0,0.0,苦手,C
3948.0,大　町　　利　克,4,6,0.0,0.0,0.0,0.0,0.21,0.09,0.41,0.0,48.97,-48.97,0,0.0,苦手,C
5290.0,坂　本　　一　真,6,7,0.0,0.0,0.0,0.0,0.196,0.11,0.31,14.29,32.03,-32.03,0,0.0,苦手,C
5294.0,豊　田　　祥　生,6,15,0.0,0.0,6.67,6.67,0.135,0.03,0.28,6.67,32.03,-25.36,0,0.0,苦手,B
3967.0,鈴　木　　茂　高,1,7,14.29,28.57,0.0,42.86,0.197,0.07,0.54,28.57,75.4,-32.54,0,0.0,苦手,C
3967.0,鈴　木　　茂　高,5,6,0.0,16.67,0.0,16.67,0.147,0.09,0.19,0.0,37.12,-20.45,0,0.0,苦手,C
3967.0,鈴　木　　茂　高,4,8,12.5,12.5,12.5,37.5,0.18,0.09,0.42,12.5,48.97,-11.47,0,0.0,苦手,C
5294.0,豊　田　　祥　生,5,11,0.0,9.09,0.0,9.09,0.127,0.06,0.27,54.55,37.12,-28.03,0,0.0,苦手,B
4727.0,安　部　　慎　一,3,5,20.0,20.0,0.0,40.0,0.162,0.06,0.26,0.0,52.8,-12.8,0,0.0,苦手,C
4564.0,山　本　　景士郎,5,5,0.0,20.0,0.0,20.0,0.162,0.14,0.19,0.0,37.12,-17.12,0,0.0,苦手,C
3797.0,岩　井　　　　繁,6,5,20.0,0.0,0.0,20.0,0.152,0.08,0.2,20.0,32.03,-12.03,0,0.0,苦手,C
3967.0,鈴　木　　茂　高,3,6,16.67,16.67,0.0,33.33,0.195,0.13,0.36,0.0,52.8,-19.47,0,0.0,苦手,C
5126.0,山　下　　大　輝,5,6,0.0,0.0,16.67,16.67,0.133,0.07,0.21,50.0,37.12,-20.45,0,0.0,苦手,C
4607.0,鶴　田　　勇　雄,6,5,0.0,0.0,20.0,20.0,0.158,0.11,0.19,0.0,32.03,-12.03,0,0.0,苦手,C
3315.0,広　瀬　　聖　仁,4,5,20.0,0.0,0.0,20.0,0.218,0.12,0.33,0.0,48.97,-28.97,0,0.0,苦手,C
5126.0,山　下　　大　輝,6,5,0.0,20.0,0.0,20.0,0.172,0.1,0.29,0.0,32.03,-12.03,0,0.0,苦手,C
4780.0,マイケル　田　代,3,5,0.0,0.0,0.0,0.0,0.186,0.1,0.29,0.0,52.8,-52.8,0,0.0,苦手,C
4924.0,中　北　　　　涼,4,5,0.0,0.0,20.0,20.0,0.232,0.11,0.42,0.0,48.97,-28.97,0,0.0,苦手,C
4435.0,服　部　　達　哉,1,7,28.57,14.29,14.29,57.14,0.153,0.09,0.23,57.14,75.4,-18.26,0,0.0,苦手,C
4780.0,マイケル　田　代,2,5,0.0,0.0,0.0,0.0,0.182,0.13,0.2,0.0,58.64,-58.64,0,0.0,苦手,C
3752.0,宇　土　　泰　就,2,6,0.0,16.67,0.0,16.67,0.172,0.12,0.21,0.0,58.64,-41.97,0,0.0,苦手,C
4435.0,服　部　　達　哉,6,6,0.0,0.0,16.67,16.67,0.173,0.13,0.28,16.67,32.03,-15.36,0,0.0,苦手,C
3752.0,宇　土　　泰　就,5,5,0.0,20.0,0.0,20.0,0.15,0.13,0.17,0.0,37.12,-17.12,0,0.0,苦手,C
5129.0,山　口　　真喜子,1,5,40.0,20.0,0.0,60.0,0.194,0.12,0.33,20.0,75.4,-15.4,0,0.0,苦手,C
5306.0,河　内　　悠利杏,6,8,0.0,0.0,0.0,0.0,0.274,0.12,0.44,12.5,32.03,-32.03,0,0.0,苦手,C
5133.0,堀　越　　雄　貴,4,24,4.17,12.5,16.67,33.33,0.154,0.04,0.29,4.17,48.97,-15.64,0,0.0,苦手,A
4739.0,中　村　　晃　朋,6,7,0.0,0.0,0.0,0.0,0.166,0.12,0.22,0.0,32.03,-32.03,0,0.0,苦手,C
5306.0,河　内　　悠利杏,5,8,0.0,0.0,12.5,12.5,0.198,0.06,0.31,12.5,37.12,-24.62,0,0.0,苦手,C
3788.0,一　宮　　稔　弘,3,5,20.0,20.0,0.0,40.0,0.158,0.09,0.25,0.0,52.8,-12.8,0,0.0,苦手,C
4010.0,越　智　　照　浩,3,5,0.0,0.0,0.0,0.0,0.19,0.11,0.31,0.0,52.8,-52.8,0,0.0,苦手,C
4054.0,福　嶋　　智　之,6,5,0.0,0.0,0.0,0.0,0.192,0.09,0.35,0.0,32.03,-32.03,0,0.0,苦手,C
3934.0,鋤　柄　　貴　俊,3,5,0.0,0.0,0.0,0.0,0.112,0.08,0.18,20.0,52.8,-52.8,0,0.0,苦手,C
4779.0,伊　倉　　　　光,3,13,7.69,0.0,0.0,7.69,0.134,0.05,0.34,23.08,52.8,-45.11,0,0.0,苦手,B
5133.0,堀　越　　雄　貴,5,23,0.0,0.0,21.74,21.74,0.145,0.06,0.25,13.04,37.12,-15.38,0,0.0,苦手,A
4635.0,峰　重　　力　也,2,5,0.0,0.0,20.0,20.0,0.142,0.11,0.19,40.0,58.64,-38.64,0,0.0,苦手,C
4893.0,渡　邉　　真奈美,2,5,0.0,0.0,20.0,20.0,0.132,0.09,0.21,40.0,58.64,-38.64,0,0.0,苦手,C
5251.0,沼　田　　七　華,6,9,0.0,0.0,0.0,0.0,0.18,0.11,0.36,11.11,32.03,-32.03,0,0.0,苦手,C
5153.0,佐　藤　　ほのか,5,10,0.0,10.0,10.0,20.0,0.148,0.06,0.25,50.0,37.12,-17.12,0,0.0,苦手,B
5194.0,大久保　　佑　香,3,6,0.0,16.67,0.0,16.67,0.182,0.04,0.24,16.67,52.8,-36.13,0,0.0,苦手,C
5251.0,沼　田　　七　華,5,10,0.0,0.0,0.0,0.0,0.145,0.07,0.23,10.0,37.12,-37.12,0,0.0,苦手,B
5194.0,大久保　　佑　香,6,6,0.0,0.0,16.67,16.67,0.2,0.09,0.31,33.33,32.03,-15.36,0,0.0,苦手,C
4784.0,向井田　　真　紀,2,5,20.0,20.0,0.0,40.0,0.172,0.05,0.28,20.0,58.64,-18.64,0,0.0,苦手,C
4183.0,宇　野　　弥　生,3,5,0.0,40.0,0.0,40.0,0.112,0.03,0.17,60.0,52.8,-12.8,0,0.0,苦手,C
4784.0,向井田　　真　紀,4,7,0.0,14.29,0.0,14.29,0.196,0.1,0.28,14.29,48.97,-34.68,0,0.0,苦手,C
5194.0,大久保　　佑　香,4,6,0.0,16.67,0.0,16.67,0.165,0.09,0.25,16.67,48.97,-32.3,0,0.0,苦手,C
5153.0,佐　藤　　ほのか,1,7,14.29,0.0,14.29,28.57,0.216,0.16,0.28,0.0,75.4,-46.83,0,0.0,苦手,C
4317.0,木　村　　紗友希,4,6,0.0,0.0,0.0,0.0,0.148,0.06,0.3,33.33,48.97,-48.97,0,0.0,苦手,C
5251.0,沼　田　　七　華,4,5,0.0,0.0,0.0,0.0,0.18,0.13,0.22,0.0,48.97,-48.97,0,0.0,苦手,C
4071.0,古　賀　　千　晶,5,5,0.0,0.0,20.0,20.0,0.192,0.08,0.34,0.0,37.12,-17.12,0,0.0,苦手,C
4784.0,向井田　　真　紀,5,5,0.0,0.0,20.0,20.0,0.192,0.12,0.24,0.0,37.12,-17.12,0,0.0,苦手,C
4183.0,宇　野　　弥　生,6,6,0.0,0.0,0.0,0.0,0.14,0.06,0.21,33.33,32.03,-32.03,0,0.0,苦手,C
5153.0,佐　藤　　ほのか,3,8,0.0,0.0,25.0,25.0,0.156,0.07,0.28,12.5,52.8,-27.8,0,0.0,苦手,C
4317.0,木　村　　紗友希,3,5,0.0,0.0,0.0,0.0,0.176,0.15,0.23,0.0,52.8,-52.8,0,0.0,苦手,C
4893.0,渡　邉　　真奈美,6,6,0.0,0.0,0.0,0.0,0.142,0.06,0.19,50.0,32.03,-32.03,0,0.0,苦手,C
4893.0,渡　邉　　真奈美,1,6,16.67,0.0,33.33,50.0,0.182,0.06,0.24,16.67,75.4,-25.4,0,0.0,苦手,C
5022.0,伊　藤　　尚　汰,4,7,0.0,0.0,28.57,28.57,0.153,0.06,0.28,0.0,48.97,-20.4,0,0.0,苦手,C
4934.0,佐々木　　翔　斗,6,5,0.0,0.0,0.0,0.0,0.146,0.08,0.2,20.0,32.03,-32.03,0,0.0,苦手,C
5253.0,藤　井　　太　雅,4,14,28.57,7.14,0.0,35.71,0.151,0.08,0.24,7.14,48.97,-13.26,0,0.0,苦手,B
5022.0,伊　藤　　尚　汰,2,8,0.0,12.5,25.0,37.5,0.172,0.1,0.22,0.0,58.64,-21.14,0,0.0,苦手,C
4119.0,泥　谷　　一　毅,3,5,20.0,20.0,0.0,40.0,0.152,0.08,0.19,40.0,52.8,-12.8,0,0.0,苦手,C
5022.0,伊　藤　　尚　汰,1,7,28.57,14.29,14.29,57.14,0.181,0.06,0.27,28.57,75.4,-18.26,0,0.0,苦手,C
5314.0,中　曽　　瑠　華,6,15,0.0,0.0,0.0,0.0,0.205,0.05,0.44,13.33,32.03,-32.03,0,0.0,苦手,B
5310.0,土　屋　　　　蘭,6,9,0.0,0.0,0.0,0.0,0.257,0.1,0.38,0.0,32.03,-32.03,0,0.0,苦手,C
3869.0,井　芹　　大　志,6,5,0.0,0.0,0.0,0.0,0.256,0.17,0.31,0.0,32.03,-32.03,0,0.0,苦手,C
4191.0,赤　羽　　克　也,6,6,0.0,16.67,0.0,16.67,0.13,0.04,0.31,0.0,32.03,-15.36,0,0.0,苦手,C
3869.0,井　芹　　大　志,3,6,0.0,0.0,33.33,33.33,0.207,0.15,0.25,0.0,52.8,-19.47,0,0.0,苦手,C
5314.0,中　曽　　瑠　華,5,10,0.0,0.0,10.0,10.0,0.186,0.04,0.3,0.0,37.12,-27.12,0,0.0,苦手,B
3869.0,井　芹　　大　志,2,11,9.09,9.09,9.09,27.27,0.181,0.03,0.33,27.27,58.64,-31.37,0,0.0,苦手,B
4594.0,谷　川　　祐　一,5,6,0.0,0.0,16.67,16.67,0.083,0.05,0.13,33.33,37.12,-20.45,0,0.0,苦手,C
3869.0,井　芹　　大　志,1,6,33.33,16.67,0.0,50.0,0.137,0.08,0.18,0.0,75.4,-25.4,0,0.0,苦手,C
5068.0,前　田　　　　滉,4,5,0.0,0.0,20.0,20.0,0.132,0.09,0.21,40.0,48.97,-28.97,0,0.0,苦手,C
4957.0,竹之内　　　　極,4,6,16.67,0.0,16.67,33.33,0.198,0.12,0.29,0.0,48.97,-15.64,0,0.0,苦手,C
4240.0,今　井　　裕　梨,6,6,0.0,0.0,16.67,16.67,0.142,0.11,0.19,16.67,32.03,-15.36,0,0.0,苦手,C
5322.0,根　岸　　真　優,6,6,0.0,0.0,0.0,0.0,0.18,0.04,0.31,50.0,32.03,-32.03,0,0.0,苦手,C
5327.0,西　田　　和　加,6,14,0.0,0.0,0.0,0.0,0.354,0.2,0.59,0.0,32.03,-32.03,0,0.0,苦手,B
5186.0,遠　藤　　圭　吾,1,7,14.29,14.29,28.57,57.14,0.18,0.09,0.25,0.0,75.4,-18.26,0,0.0,苦手,C
5077.0,滝　沢　　　　崚,6,5,0.0,0.0,20.0,20.0,0.144,0.09,0.21,20.0,32.03,-12.03,0,0.0,苦手,C
5207.0,高　山　　敬　悟,5,5,0.0,20.0,0.0,20.0,0.138,0.07,0.25,20.0,37.12,-17.12,0,0.0,苦手,C
5077.0,滝　沢　　　　崚,2,5,20.0,20.0,0.0,40.0,0.214,0.19,0.26,0.0,58.64,-18.64,0,0.0,苦手,C
5186.0,遠　藤　　圭　吾,3,7,14.29,0.0,0.0,14.29,0.24,0.11,0.57,0.0,52.8,-38.51,0,0.0,苦手,C
5322.0,根　岸　　真　優,5,7,0.0,0.0,14.29,14.29,0.146,0.09,0.2,14.29,37.12,-22.83,0,0.0,苦手,C
5177.0,松　井　　貫　太,2,5,0.0,20.0,0.0,20.0,0.18,0.11,0.25,0.0,58.64,-38.64,0,0.0,苦手,C
5077.0,滝　沢　　　　崚,3,7,0.0,0.0,28.57,28.57,0.167,0.11,0.22,14.29,52.8,-24.23,0,0.0,苦手,C
5077.0,滝　沢　　　　崚,4,5,0.0,0.0,20.0,20.0,0.138,0.09,0.28,20.0,48.97,-28.97,0,0.0,苦手,C
5327.0,西　田　　和　加,5,10,0.0,0.0,0.0,0.0,0.239,0.09,0.36,0.0,37.12,-37.12,0,0.0,苦手,B
5177.0,松　井　　貫　太,4,5,0.0,0.0,0.0,0.0,0.204,0.14,0.29,0.0,48.97,-48.97,0,0.0,苦手,C
5077.0,滝　沢　　　　崚,1,5,20.0,20.0,0.0,40.0,0.278,0.11,0.58,0.0,75.4,-35.4,0,0.0,苦手,C
5186.0,遠　藤　　圭　吾,2,9,0.0,22.22,11.11,33.33,0.171,0.08,0.24,11.11,58.64,-25.31,0,0.0,苦手,C
5207.0,高　山　　敬　悟,3,5,0.0,0.0,0.0,0.0,0.202,0.09,0.27,0.0,52.8,-52.8,0,0.0,苦手,C
5290.0,坂　本　　一　真,4,5,20.0,0.0,0.0,20.0,0.19,0.08,0.3,0.0,48.97,-28.97,0,0.0,苦手,C
5290.0,坂　本　　一　真,5,8,0.0,0.0,0.0,0.0,0.152,0.01,0.28,12.5,37.12,-37.12,0,0.0,苦手,C
5320.0,岩　崎　　麗　子,6,15,0.0,0.0,0.0,0.0,0.167,0.04,0.3,20.0,32.03,-32.03,0,0.0,苦手,B
4422.0,永　井　　亮　次,4,5,0.0,20.0,0.0,20.0,0.184,0.12,0.24,0.0,48.97,-28.97,0,0.0,苦手,C
3516.0,吉　原　　聖　人,5,5,0.0,0.0,20.0,20.0,0.19,0.15,0.23,40.0,37.12,-17.12,0,0.0,苦手,C
4809.0,外　崎　　　　悟,2,11,9.09,27.27,9.09,45.45,0.192,0.11,0.27,0.0,58.64,-13.19,0,0.0,苦手,B
5320.0,岩　崎　　麗　子,5,9,0.0,0.0,0.0,0.0,0.167,0.09,0.26,0.0,37.12,-37.12,0,0.0,苦手,C
4464.0,山　下　　友　貴,4,7,28.57,0.0,0.0,28.57,0.204,0.17,0.27,14.29,48.97,-20.4,0,0.0,苦手,C
4464.0,山　下　　友　貴,3,6,33.33,0.0,0.0,33.33,0.155,0.09,0.28,16.67,52.8,-19.47,0,0.0,苦手,C
5306.0,河　内　　悠利杏,4,5,0.0,0.0,0.0,0.0,0.166,0.14,0.19,0.0,48.97,-48.97,0,0.0,苦手,C
5315.0,浅　井　　　　翼,6,19,0.0,0.0,5.26,5.26,0.174,0.01,0.47,31.58,32.03,-26.77,0,0.0,苦手,B
3339.0,泉　　　　具　巳,2,7,0.0,0.0,42.86,42.86,0.117,0.03,0.18,14.29,58.64,-15.78,0,0.0,苦手,C
4888.0,金　児　　隆　太,6,8,0.0,0.0,12.5,12.5,0.194,0.09,0.3,0.0,32.03,-19.53,0,0.0,苦手,C
5295.0,田　上　　　　凜,5,6,0.0,0.0,0.0,0.0,0.24,0.14,0.35,0.0,37.12,-37.12,0,0.0,苦手,C
5315.0,浅　井　　　　翼,5,11,9.09,0.0,0.0,9.09,0.163,0.02,0.29,45.45,37.12,-28.03,0,0.0,苦手,B
3503.0,堂　原　　洋　史,2,5,0.0,0.0,20.0,20.0,0.102,0.07,0.13,0.0,58.64,-38.64,0,0.0,苦手,C
5295.0,田　上　　　　凜,6,8,0.0,0.0,0.0,0.0,0.194,0.08,0.29,0.0,32.03,-32.03,0,0.0,苦手,C
5331.0,佐　藤　　永　梧,6,12,0.0,0.0,8.33,8.33,0.118,0.01,0.23,33.33,32.03,-23.7,0,0.0,苦手,B
4465.0,大　西　　　　賢,2,5,0.0,20.0,20.0,40.0,0.204,0.16,0.26,20.0,58.64,-18.64,0,0.0,苦手,C
5331.0,佐　藤　　永　梧,5,7,0.0,0.0,14.29,14.29,0.16,0.06,0.3,28.57,37.12,-22.83,0,0.0,苦手,C
4615.0,板　倉　　敦　史,4,10,0.0,10.0,10.0,20.0,0.187,0.12,0.3,0.0,48.97,-28.97,0,0.0,苦手,B
5167.0,小　川　　竜太朗,3,6,0.0,16.67,16.67,33.33,0.145,0.03,0.21,16.67,52.8,-19.47,0,0.0,苦手,C
5130.0,上　野　　拓　馬,4,6,0.0,0.0,0.0,0.0,0.178,0.07,0.25,16.67,48.97,-48.97,0,0.0,苦手,C
5130.0,上　野　　拓　馬,2,6,0.0,16.67,16.67,33.33,0.17,0.12,0.23,0.0,58.64,-25.31,0,0.0,苦手,C
5130.0,上　野　　拓　馬,3,5,0.0,0.0,0.0,0.0,0.174,0.1,0.23,0.0,52.8,-52.8,0,0.0,苦手,C
5167.0,小　川　　竜太朗,4,7,0.0,0.0,14.29,14.29,0.163,0.09,0.23,14.29,48.97,-34.68,0,0.0,苦手,C
5167.0,小　川　　竜太朗,5,5,0.0,0.0,0.0,0.0,0.122,0.02,0.25,60.0,37.12,-37.12,0,0.0,苦手,C
5294.0,豊　田　　祥　生,4,7,14.29,0.0,14.29,28.57,0.15,0.06,0.32,28.57,48.97,-20.4,0,0.0,苦手,C
5167.0,小　川　　竜太朗,1,6,33.33,0.0,16.67,50.0,0.193,0.11,0.34,16.67,75.4,-25.4,0,0.0,苦手,C
5130.0,上　野　　拓　馬,1,5,20.0,20.0,20.0,60.0,0.196,0.11,0.33,0.0,75.4,-15.4,0,0.0,苦手,C
5313.0,鈴　木　　唯　央,6,21,0.0,0.0,4.76,4.76,0.166,0.06,0.3,19.05,32.03,-27.27,0,0.0,苦手,A
4754.0,松　尾　　　　充,1,7,28.57,0.0,14.29,42.86,0.153,0.11,0.22,28.57,75.4,-32.54,0,0.0,苦手,C
5288.0,尾　道　　佳　諭,4,7,0.0,0.0,0.0,0.0,0.273,0.07,0.59,28.57,48.97,-48.97,0,0.0,苦手,C
5313.0,鈴　木　　唯　央,5,11,0.0,0.0,0.0,0.0,0.194,0.12,0.35,18.18,37.12,-37.12,0,0.0,苦手,B
4754.0,松　尾　　　　充,2,8,0.0,12.5,12.5,25.0,0.135,0.07,0.19,12.5,58.64,-33.64,0,0.0,苦手,C
4931.0,木　谷　　賢　太,2,5,20.0,20.0,0.0,40.0,0.136,0.04,0.21,20.0,58.64,-18.64,0,0.0,苦手,C
5018.0,竹　下　　大　樹,4,6,0.0,0.0,33.33,33.33,0.148,0.11,0.19,0.0,48.97,-15.64,0,0.0,苦手,C
5292.0,佐　藤　　右　京,4,9,0.0,0.0,0.0,0.0,0.239,0.04,0.41,11.11,48.97,-48.97,0,0.0,苦手,C
5042.0,畑　田　　汰　一,5,5,20.0,0.0,0.0,20.0,0.124,0.07,0.26,40.0,37.12,-17.12,0,0.0,苦手,C
5141.0,大　澤　　風　葵,2,5,20.0,20.0,0.0,40.0,0.152,0.11,0.2,20.0,58.64,-18.64,0,0.0,苦手,C
5051.0,松　本　　純　平,6,5,0.0,20.0,0.0,20.0,0.156,0.08,0.23,0.0,32.03,-12.03,0,0.0,苦手,C
5321.0,一　色　　颯　輝,6,8,0.0,0.0,12.5,12.5,0.22,0.1,0.38,0.0,32.03,-19.53,0,0.0,苦手,C
5245.0,倉　富　　大　誠,4,9,0.0,0.0,11.11,11.11,0.208,0.09,0.3,0.0,48.97,-37.86,0,0.0,苦手,C
5258.0,仲　本　　　　舜,3,5,0.0,20.0,20.0,40.0,0.226,0.18,0.27,0.0,52.8,-12.8,0,0.0,苦手,C
5229.0,吉　川　　晴　人,4,9,11.11,11.11,0.0,22.22,0.142,0.05,0.29,11.11,48.97,-26.75,0,0.0,苦手,C
4944.0,田　代　　達　也,3,13,7.69,15.38,15.38,38.46,0.122,0.06,0.22,23.08,52.8,-14.34,0,0.0,苦手,B
4074.0,柳　沢　　　　一,1,5,60.0,0.0,0.0,60.0,0.116,0.08,0.15,40.0,75.4,-15.4,0,0.0,苦手,C
5331.0,佐　藤　　永　梧,4,7,0.0,0.0,14.29,14.29,0.129,0.08,0.15,42.86,48.97,-34.68,0,0.0,苦手,C
4944.0,田　代　　達　也,2,13,0.0,7.69,7.69,15.38,0.171,0.06,0.31,15.38,58.64,-43.26,0,0.0,苦手,B
4944.0,田　代　　達　也,4,10,0.0,0.0,0.0,0.0,0.149,0.04,0.36,30.0,48.97,-48.97,0,0.0,苦手,B
5071.0,野見山　　拓　己,6,8,12.5,0.0,0.0,12.5,0.191,0.07,0.41,50.0,32.03,-19.53,0,0.0,苦手,C
5190.0,大　月　　遊　雅,1,7,42.86,14.29,0.0,57.14,0.161,0.07,0.25,14.29,75.4,-18.26,0,0.0,苦手,C
4648.0,木　村　　亮　太,3,7,14.29,14.29,0.0,28.57,0.15,0.06,0.24,14.29,52.8,-24.23,0,0.0,苦手,C
5300.0,横　田　　海　人,6,7,0.0,0.0,14.29,14.29,0.101,0.06,0.2,57.14,32.03,-17.74,0,0.0,苦手,C
5300.0,横　田　　海　人,4,6,16.67,0.0,0.0,16.67,0.165,0.12,0.24,16.67,48.97,-32.3,0,0.0,苦手,C
4648.0,木　村　　亮　太,4,6,0.0,16.67,0.0,16.67,0.12,0.01,0.22,50.0,48.97,-32.3,0,0.0,苦手,C
5211.0,高　井　　駿　弥,6,5,0.0,0.0,0.0,0.0,0.266,0.17,0.37,0.0,32.03,-32.03,0,0.0,苦手,C
5274.0,城　間　　盛　渚,4,6,16.67,16.67,0.0,33.33,0.228,0.1,0.31,0.0,48.97,-15.64,0,0.0,苦手,C
5232.0,樅　山　　拓　馬,1,5,60.0,0.0,0.0,60.0,0.12,0.08,0.17,20.0,75.4,-15.4,0,0.0,苦手,C
5211.0,高　井　　駿　弥,5,8,0.0,0.0,12.5,12.5,0.201,0.06,0.31,12.5,37.12,-24.62,0,0.0,苦手,C
5274.0,城　間　　盛　渚,5,5,0.0,0.0,0.0,0.0,0.172,0.12,0.21,20.0,37.12,-37.12,0,0.0,苦手,C
5223.0,森　清　　友　翔,2,5,0.0,20.0,0.0,20.0,0.176,0.13,0.22,0.0,58.64,-38.64,0,0.0,苦手,C
5103.0,芝　田　　京　介,3,5,0.0,0.0,0.0,0.0,0.172,0.13,0.26,20.0,52.8,-52.8,0,0.0,苦手,C
5112.0,砂　長　　知　輝,6,7,0.0,0.0,14.29,14.29,0.167,0.08,0.21,0.0,32.03,-17.74,0,0.0,苦手,C
5028.0,原　田　　才一郎,2,5,0.0,40.0,0.0,40.0,0.18,0.13,0.23,0.0,58.64,-18.64,0,0.0,苦手,C
5075.0,中　島　　秀　治,6,5,0.0,0.0,20.0,20.0,0.148,0.08,0.2,20.0,32.03,-12.03,0,0.0,苦手,C
5179.0,藤　本　　元　輝,3,5,0.0,40.0,0.0,40.0,0.16,0.08,0.2,0.0,52.8,-12.8,0,0.0,苦手,C
4692.0,酒　井　　俊　弘,3,5,0.0,20.0,0.0,20.0,0.14,0.08,0.19,20.0,52.8,-32.8,0,0.0,苦手,C
4896.0,花　本　　　　剛,6,5,0.0,0.0,0.0,0.0,0.268,0.17,0.42,0.0,32.03,-32.03,0,0.0,苦手,C
4692.0,酒　井　　俊　弘,1,5,40.0,0.0,0.0,40.0,0.136,0.02,0.2,0.0,75.4,-35.4,0,0.0,苦手,C
4692.0,酒　井　　俊　弘,5,8,25.0,0.0,0.0,25.0,0.131,0.05,0.26,25.0,37.12,-12.12,0,0.0,苦手,C
5206.0,梅　原　　祥　平,6,6,0.0,0.0,0.0,0.0,0.14,0.08,0.28,50.0,32.03,-32.03,0,0.0,苦手,C
5206.0,梅　原　　祥　平,5,5,0.0,0.0,20.0,20.0,0.162,0.06,0.25,20.0,37.12,-17.12,0,0.0,苦手,C
4892.0,柴　田　　直　哉,2,7,28.57,0.0,14.29,42.86,0.171,0.06,0.24,0.0,58.64,-15.78,0,0.0,苦手,C
4691.0,水　原　　　　慎,5,5,0.0,0.0,0.0,0.0,0.196,0.05,0.27,20.0,37.12,-37.12,0,0.0,苦手,C
4902.0,山　川　　雄　大,4,7,0.0,28.57,0.0,28.57,0.109,0.06,0.16,28.57,48.97,-20.4,0,0.0,苦手,C
5318.0,河　内　　一　馬,6,11,0.0,0.0,0.0,0.0,0.155,0.03,0.26,9.09,32.03,-32.03,0,0.0,苦手,B
4129.0,宇　野　　博　之,4,5,20.0,0.0,0.0,20.0,0.124,0.05,0.17,20.0,48.97,-28.97,0,0.0,苦手,C
5318.0,河　内　　一　馬,5,6,0.0,0.0,0.0,0.0,0.152,0.09,0.25,16.67,37.12,-37.12,0,0.0,苦手,C
4435.0,服　部　　達　哉,3,5,0.0,0.0,40.0,40.0,0.146,0.09,0.19,0.0,52.8,-12.8,0,0.0,苦手,C
4129.0,宇　野　　博　之,1,7,0.0,14.29,14.29,28.57,0.151,0.09,0.21,28.57,75.4,-46.83,0,0.0,苦手,C
4129.0,宇　野　　博　之,6,5,20.0,0.0,0.0,20.0,0.192,0.1,0.36,0.0,32.03,-12.03,0,0.0,苦手,C
5359.0,佐　藤　　世　那,6,24,0.0,4.17,8.33,12.5,0.182,0.02,0.38,16.67,32.03,-19.53,0,0.0,苦手,A
5359.0,佐　藤　　世　那,5,20,0.0,0.0,5.0,5.0,0.162,0.04,0.36,10.0,37.12,-32.12,0,0.0,苦手,A
5253.0,藤　井　　太　雅,3,11,18.18,0.0,18.18,36.36,0.111,0.02,0.25,27.27,52.8,-16.44,0,0.0,苦手,B
5253.0,藤　井　　太　雅,1,7,28.57,0.0,0.0,28.57,0.151,0.06,0.24,28.57,75.4,-46.83,0,0.0,苦手,C
5359.0,佐　藤　　世　那,4,9,11.11,0.0,0.0,11.11,0.204,0.07,0.39,11.11,48.97,-37.86,0,0.0,苦手,C
5242.0,高　山　　弘　斗,3,5,0.0,0.0,0.0,0.0,0.148,0.01,0.3,60.0,52.8,-52.8,0,0.0,苦手,C
5294.0,豊　田　　祥　生,3,6,0.0,0.0,16.67,16.67,0.13,0.07,0.23,0.0,52.8,-36.13,0,0.0,苦手,C
4693.0,松　下　　誉　士,5,5,0.0,20.0,0.0,20.0,0.154,0.1,0.22,20.0,37.12,-17.12,0,0.0,苦手,C
5357.0,田　中　　瀬里奈,6,10,0.0,0.0,0.0,0.0,0.186,0.08,0.32,0.0,32.03,-32.03,0,0.0,苦手,B
4180.0,上　野　　秀　和,4,5,0.0,0.0,20.0,20.0,0.172,0.08,0.21,0.0,48.97,-28.97,0,0.0,苦手,C
5357.0,田　中　　瀬里奈,5,5,0.0,0.0,0.0,0.0,0.238,0.15,0.36,0.0,37.12,-37.12,0,0.0,苦手,C
5115.0,香　川　　颯　太,6,5,0.0,0.0,20.0,20.0,0.134,0.04,0.18,20.0,32.03,-12.03,0,0.0,苦手,C
4863.0,三　浦　　裕　貴,3,7,0.0,0.0,28.57,28.57,0.133,0.05,0.24,28.57,52.8,-24.23,0,0.0,苦手,C
3896.0,上　田　　洋　平,5,5,20.0,0.0,0.0,20.0,0.114,0.03,0.22,20.0,37.12,-17.12,0,0.0,苦手,C
5345.0,牧　村　　俊　輝,6,14,0.0,0.0,0.0,0.0,0.202,0.12,0.33,0.0,32.03,-32.03,0,0.0,苦手,B
3915.0,繁野谷　　圭　介,2,6,0.0,0.0,33.33,33.33,0.158,0.11,0.21,0.0,58.64,-25.31,0,0.0,苦手,C
4724.0,吉　田　　祐　貴,4,6,16.67,0.0,16.67,33.33,0.193,0.15,0.31,0.0,48.97,-15.64,0,0.0,苦手,C
5345.0,牧　村　　俊　輝,5,8,0.0,0.0,0.0,0.0,0.195,0.12,0.27,0.0,37.12,-37.12,0,0.0,苦手,C
3915.0,繁野谷　　圭　介,6,7,0.0,14.29,0.0,14.29,0.186,0.15,0.29,14.29,32.03,-17.74,0,0.0,苦手,C
4724.0,吉　田　　祐　貴,2,5,0.0,20.0,0.0,20.0,0.24,0.08,0.4,0.0,58.64,-38.64,0,0.0,苦手,C
4724.0,吉　田　　祐　貴,5,5,0.0,0.0,0.0,0.0,0.18,0.12,0.27,20.0,37.12,-37.12,0,0.0,苦手,C
4724.0,吉　田　　祐　貴,3,5,0.0,20.0,20.0,40.0,0.228,0.17,0.29,20.0,52.8,-12.8,0,0.0,苦手,C
5341.0,山　道　　諄　也,6,18,0.0,0.0,0.0,0.0,0.152,0.03,0.26,22.22,32.03,-32.03,0,0.0,苦手,B
4403.0,木　下　　大　將,1,5,40.0,0.0,20.0,60.0,0.122,0.07,0.16,60.0,75.4,-15.4,0,0.0,苦手,C
5341.0,山　道　　諄　也,5,9,0.0,0.0,11.11,11.11,0.154,0.05,0.3,22.22,37.12,-26.01,0,0.0,苦手,C
4403.0,木　下　　大　將,6,5,0.0,0.0,20.0,20.0,0.11,0.04,0.17,40.0,32.03,-12.03,0,0.0,苦手,C
5285.0,若　林　　　　麗,5,9,0.0,0.0,0.0,0.0,0.158,0.08,0.26,22.22,37.12,-37.12,0,0.0,苦手,C
5285.0,若　林　　　　麗,4,9,0.0,11.11,0.0,11.11,0.159,0.06,0.27,0.0,48.97,-37.86,0,0.0,苦手,C
5361.0,植　竹　　玲　奈,6,20,0.0,0.0,0.0,0.0,0.238,0.11,0.55,0.0,32.03,-32.03,0,0.0,苦手,A
5347.0,井　澤　　聖　奈,6,13,0.0,0.0,0.0,0.0,0.188,0.09,0.41,7.69,32.03,-32.03,0,0.0,苦手,B
5340.0,樋江井　　　　舞,5,14,0.0,0.0,14.29,14.29,0.172,0.07,0.3,21.43,37.12,-22.83,0,0.0,苦手,B
5296.0,永　田　　　　楽,5,6,0.0,16.67,0.0,16.67,0.257,0.12,0.37,16.67,37.12,-20.45,0,0.0,苦手,C
5347.0,井　澤　　聖　奈,5,5,0.0,0.0,0.0,0.0,0.258,0.21,0.31,0.0,37.12,-37.12,0,0.0,苦手,C
5361.0,植　竹　　玲　奈,5,16,0.0,0.0,0.0,0.0,0.166,0.11,0.27,12.5,37.12,-37.12,0,0.0,苦手,B
5241.0,門　田　　　　栞,3,5,20.0,20.0,0.0,40.0,0.23,0.1,0.39,0.0,52.8,-12.8,0,0.0,苦手,C
5296.0,永　田　　　　楽,6,8,0.0,12.5,0.0,12.5,0.184,0.08,0.31,12.5,32.03,-19.53,0,0.0,苦手,C
4327.0,加　藤　　　　翔,4,6,0.0,16.67,16.67,33.33,0.158,0.07,0.26,0.0,48.97,-15.64,0,0.0,苦手,C
4458.0,抹　香　　雄　三,3,5,20.0,20.0,0.0,40.0,0.128,0.08,0.17,20.0,52.8,-12.8,0,0.0,苦手,C
4981.0,牧　山　　敦　也,6,6,0.0,0.0,0.0,0.0,0.19,0.11,0.28,0.0,32.03,-32.03,0,0.0,苦手,C
5266.0,石　田　　勇　斗,3,6,0.0,0.0,16.67,16.67,0.182,0.06,0.36,33.33,52.8,-36.13,0,0.0,苦手,C
5247.0,大　森　　　　翼,3,5,0.0,0.0,0.0,0.0,0.198,0.1,0.3,0.0,52.8,-52.8,0,0.0,苦手,C
5277.0,井　上　　未　都,2,5,40.0,0.0,0.0,40.0,0.122,0.05,0.2,60.0,58.64,-18.64,0,0.0,苦手,C
4207.0,松　下　　一　也,2,8,0.0,25.0,12.5,37.5,0.077,0.02,0.15,37.5,58.64,-21.14,0,0.0,苦手,C
4674.0,池　田　　剛　規,3,5,0.0,0.0,40.0,40.0,0.172,0.09,0.27,20.0,52.8,-12.8,0,0.0,苦手,C
5318.0,河　内　　一　馬,4,5,0.0,0.0,0.0,0.0,0.204,0.09,0.28,20.0,48.97,-48.97,0,0.0,苦手,C
5141.0,大　澤　　風　葵,3,5,0.0,20.0,20.0,40.0,0.114,0.07,0.2,0.0,52.8,-12.8,0,0.0,苦手,C
3915.0,繁野谷　　圭　介,5,5,0.0,20.0,0.0,20.0,0.14,0.1,0.21,20.0,37.12,-17.12,0,0.0,苦手,C
5330.0,安河内　　鈴之介,6,5,0.0,0.0,20.0,20.0,0.212,0.14,0.37,0.0,32.03,-12.03,0,0.0,苦手,C
5371.0,早　川　　颯　太,6,21,0.0,0.0,0.0,0.0,0.18,0.05,0.34,14.29,32.03,-32.03,0,0.0,苦手,A
5316.0,村　松　　将　平,6,10,0.0,0.0,20.0,20.0,0.162,0.01,0.3,10.0,32.03,-12.03,0,0.0,苦手,B
5371.0,早　川　　颯　太,5,13,0.0,0.0,0.0,0.0,0.213,0.11,0.39,0.0,37.12,-37.12,0,0.0,苦手,B
5368.0,宮　崎　　心之介,5,7,0.0,0.0,14.29,14.29,0.181,0.11,0.29,28.57,37.12,-22.83,0,0.0,苦手,C
5316.0,村　松　　将　平,5,6,0.0,16.67,0.0,16.67,0.142,0.04,0.26,16.67,37.12,-20.45,0,0.0,苦手,C
4982.0,中　村　　将　隆,1,5,60.0,0.0,0.0,60.0,0.098,0.03,0.17,80.0,75.4,-15.4,0,0.0,苦手,C
5161.0,登　玉　　隼　百,6,6,0.0,16.67,0.0,16.67,0.108,0.03,0.21,16.67,32.03,-15.36,0,0.0,苦手,C
4982.0,中　村　　将　隆,4,5,0.0,20.0,0.0,20.0,0.164,0.11,0.26,0.0,48.97,-28.97,0,0.0,苦手,C
4982.0,中　村　　将　隆,6,5,0.0,0.0,0.0,0.0,0.19,0.06,0.29,20.0,32.03,-32.03,0,0.0,苦手,C
5198.0,奥　村　　明日香,5,5,0.0,0.0,0.0,0.0,0.204,0.18,0.23,0.0,37.12,-37.12,0,0.0,苦手,C
4927.0,関　野　　　　文,3,5,0.0,20.0,20.0,40.0,0.102,0.03,0.14,20.0,52.8,-12.8,0,0.0,苦手,C
4926.0,吉　川　　貴　仁,2,7,14.29,0.0,28.57,42.86,0.121,0.08,0.17,28.57,58.64,-15.78,0,0.0,苦手,C
4495.0,森　　　　晋太郎,3,5,0.0,40.0,0.0,40.0,0.146,0.04,0.24,20.0,52.8,-12.8,0,0.0,苦手,C
5365.0,石　村　　日奈那,6,16,0.0,0.0,6.25,6.25,0.214,0.12,0.35,0.0,32.03,-25.78,0,0.0,苦手,B
5148.0,松　本　　　　怜,6,6,0.0,0.0,0.0,0.0,0.157,0.08,0.24,33.33,32.03,-32.03,0,0.0,苦手,C
5098.0,大　江　　　　純,6,8,0.0,0.0,0.0,0.0,0.182,0.12,0.25,37.5,32.03,-32.03,0,0.0,苦手,C
5365.0,石　村　　日奈那,5,6,0.0,0.0,16.67,16.67,0.173,0.06,0.3,16.67,37.12,-20.45,0,0.0,苦手,C
5148.0,松　本　　　　怜,4,5,20.0,0.0,0.0,20.0,0.17,0.12,0.3,20.0,48.97,-28.97,0,0.0,苦手,C
5364.0,金　子　　怜　央,6,15,0.0,0.0,0.0,0.0,0.179,0.03,0.32,6.67,32.03,-32.03,0,0.0,苦手,B
5364.0,金　子　　怜　央,5,9,0.0,0.0,0.0,0.0,0.142,0.05,0.23,11.11,37.12,-37.12,0,0.0,苦手,C
4863.0,三　浦　　裕　貴,4,5,20.0,0.0,0.0,20.0,0.16,0.09,0.25,20.0,48.97,-28.97,0,0.0,苦手,C
4863.0,三　浦　　裕　貴,2,5,0.0,20.0,20.0,40.0,0.172,0.1,0.28,0.0,58.64,-18.64,0,0.0,苦手,C
5390.0,高　橋　　涼　夏,6,16,0.0,0.0,0.0,0.0,0.172,0.05,0.41,18.75,32.03,-32.03,0,0.0,苦手,B
5294.0,豊　田　　祥　生,2,5,0.0,0.0,20.0,20.0,0.174,0.13,0.26,0.0,58.64,-38.64,0,0.0,苦手,C
5331.0,佐　藤　　永　梧,1,7,14.29,0.0,14.29,28.57,0.16,0.08,0.24,28.57,75.4,-46.83,0,0.0,苦手,C
5390.0,高　橋　　涼　夏,5,6,0.0,0.0,0.0,0.0,0.165,0.11,0.22,0.0,37.12,-37.12,0,0.0,苦手,C
5331.0,佐　藤　　永　梧,3,8,12.5,12.5,0.0,25.0,0.144,0.03,0.27,12.5,52.8,-27.8,0,0.0,苦手,C
5293.0,眞　崎　　武　蔵,6,7,0.0,0.0,14.29,14.29,0.24,0.11,0.33,0.0,32.03,-17.74,0,0.0,苦手,C
5356.0,長谷川　　　　暖,6,5,20.0,0.0,0.0,20.0,0.202,0.06,0.34,0.0,32.03,-12.03,0,0.0,苦手,C
5325.0,澁　川　　　　夏,4,5,20.0,0.0,0.0,20.0,0.12,0.07,0.17,40.0,48.97,-28.97,0,0.0,苦手,C
5361.0,植　竹　　玲　奈,4,8,0.0,0.0,12.5,12.5,0.147,0.08,0.24,25.0,48.97,-36.47,0,0.0,苦手,C
5092.0,篠　原　　晟　弥,1,5,40.0,20.0,0.0,60.0,0.11,0.04,0.15,40.0,75.4,-15.4,0,0.0,苦手,C
5304.0,井　田　　涼　介,6,14,0.0,0.0,0.0,0.0,0.134,0.01,0.32,21.43,32.03,-32.03,0,0.0,苦手,B
4016.0,西　川　　新太郎,6,8,0.0,0.0,0.0,0.0,0.154,0.02,0.27,25.0,32.03,-32.03,0,0.0,苦手,C
5304.0,井　田　　涼　介,5,7,0.0,0.0,0.0,0.0,0.173,0.06,0.26,14.29,37.12,-37.12,0,0.0,苦手,C
5304.0,井　田　　涼　介,4,6,0.0,0.0,0.0,0.0,0.192,0.11,0.3,16.67,48.97,-48.97,0,0.0,苦手,C
5367.0,赤　松　　咲　香,6,5,0.0,0.0,0.0,0.0,0.166,0.05,0.24,40.0,32.03,-32.03,0,0.0,苦手,C
5334.0,樫　葉　　新　心,3,7,0.0,14.29,0.0,14.29,0.159,0.01,0.29,14.29,52.8,-38.51,0,0.0,苦手,C
5156.0,坂　野　　さくら,3,5,0.0,20.0,20.0,40.0,0.086,0.06,0.12,40.0,52.8,-12.8,0,0.0,苦手,C
5334.0,樫　葉　　新　心,2,6,0.0,0.0,33.33,33.33,0.225,0.14,0.38,0.0,58.64,-25.31,0,0.0,苦手,C
4750.0,井　上　　尚　悟,2,5,0.0,20.0,20.0,40.0,0.192,0.15,0.22,0.0,58.64,-18.64,0,0.0,苦手,C
5415.0,阿　部　　未　侑,6,12,0.0,0.0,0.0,0.0,0.259,0.04,0.37,0.0,32.03,-32.03,0,0.0,苦手,B
5415.0,阿　部　　未　侑,5,5,0.0,0.0,0.0,0.0,0.226,0.14,0.32,0.0,37.12,-37.12,0,0.0,苦手,C
3300.0,川　崎　　智　幸,2,5,40.0,0.0,0.0,40.0,0.118,0.07,0.15,20.0,58.64,-18.64,0,0.0,苦手,C
5419.0,櫻　井　　　　隼,6,10,0.0,0.0,0.0,0.0,0.138,0.03,0.28,40.0,32.03,-32.03,0,0.0,苦手,B
5419.0,櫻　井　　　　隼,5,5,0.0,0.0,0.0,0.0,0.202,0.08,0.28,20.0,37.12,-37.12,0,0.0,苦手,C
5394.0,福　西　　広太郎,5,6,0.0,0.0,16.67,16.67,0.19,0.1,0.31,16.67,37.12,-20.45,0,0.0,苦手,C
5410.0,今　泉　　　　澪,6,12,0.0,0.0,0.0,0.0,0.181,0.11,0.27,8.33,32.03,-32.03,0,0.0,苦手,B
5414.0,中　澤　　英　里,6,6,0.0,0.0,0.0,0.0,0.158,0.07,0.19,50.0,32.03,-32.03,0,0.0,苦手,C
5410.0,今　泉　　　　澪,5,5,0.0,0.0,0.0,0.0,0.17,0.07,0.27,20.0,37.12,-37.12,0,0.0,苦手,C
5402.0,塚　越　　陸　斗,6,10,0.0,0.0,0.0,0.0,0.204,0.09,0.34,0.0,32.03,-32.03,0,0.0,苦手,B
5411.0,木　下　　虎之輔,6,18,0.0,0.0,0.0,0.0,0.191,0.03,0.31,16.67,32.03,-32.03,0,0.0,苦手,B
5411.0,木　下　　虎之輔,5,11,0.0,0.0,0.0,0.0,0.155,0.07,0.33,18.18,37.12,-37.12,0,0.0,苦手,B
4940.0,白　石　　有　美,6,5,0.0,0.0,0.0,0.0,0.196,0.16,0.24,0.0,32.03,-32.03,0,0.0,苦手,C
5416.0,龍　田　　真　白,6,6,0.0,0.0,0.0,0.0,0.218,0.13,0.32,0.0,32.03,-32.03,0,0.0,苦手,C
5427.0,港　　　　理　樹,6,6,16.67,0.0,0.0,16.67,0.22,0.12,0.35,16.67,32.03,-15.36,0,0.0,苦手,C
5422.0,真　田　　聖　也,6,6,0.0,0.0,0.0,0.0,0.175,0.05,0.36,50.0,32.03,-32.03,0,0.0,苦手,C
5424.0,熊　倉　　幹　太,6,6,16.67,0.0,0.0,16.67,0.208,0.04,0.4,33.33,32.03,-15.36,0,0.0,苦手,C
5436.0,市　川　　瑚　幸,6,6,0.0,0.0,0.0,0.0,0.248,0.1,0.41,0.0,32.03,-32.03,0,0.0,苦手,C
5439.0,志　賀　　美　優,6,6,0.0,0.0,0.0,0.0,0.193,0.06,0.35,16.67,32.03,-32.03,0,0.0,苦手,C
5434.0,藤　田　　康　生,6,5,0.0,20.0,0.0,20.0,0.116,0.05,0.16,80.0,32.03,-12.03,0,0.0,苦手,C
5406.0,小　畑　　楓　夏,6,5,0.0,0.0,0.0,0.0,0.25,0.15,0.4,0.0,32.03,-32.03,0,0.0,苦手,C
