date,year,month,day,tide_point,day_total,day_average,moon_marker,hour_00_tide_cm,hour_01_tide_cm,hour_02_tide_cm,hour_03_tide_cm,hour_04_tide_cm,hour_05_tide_cm,hour_06_tide_cm,hour_07_tide_cm,hour_08_tide_cm,hour_09_tide_cm,hour_10_tide_cm,hour_11_tide_cm,hour_12_tide_cm,hour_13_tide_cm,hour_14_tide_cm,hour_15_tide_cm,hour_16_tide_cm,hour_17_tide_cm,hour_18_tide_cm,hour_19_tide_cm,hour_20_tide_cm,hour_21_tide_cm,hour_22_tide_cm,hour_23_tide_cm,high_tide_1_time,high_tide_1_level,low_tide_1_time,low_tide_1_level,high_tide_2_time,high_tide_2_level,low_tide_2_time,low_tide_2_level,high_tide_3_time,high_tide_3_level,low_tide_3_time,low_tide_3_level,high_tide_4_time,high_tide_4_level,low_tide_4_time,low_tide_4_level,tide_range_cm,tide_type_est,tide_type_code,tide_strength,is_oom潮,is_chu潮,is_sho潮,is_naga潮,is_waka潮
20230101,2023,1,1,東京,2705,112.7,,128,127,122,115,107,102,101,106,117,132,146,157,160,156,146,129,109,89,71,61,61,71,87,105,00:18,128,05:42,101,11:58,160,19:29,60,,,,,,,,,100,小潮相当,3,weak,0,0,1,0,0
20230102,2023,1,2,東京,2743,114.3,,119,129,134,134,130,123,117,114,117,127,140,152,160,162,157,144,125,100,75,54,44,46,60,80,02:27,134,07:00,114,12:46,162,20:19,43,,,,,,,,,119,小潮相当,3,weak,0,0,1,0,0
20230103,2023,1,3,東京,2781,115.9,,103,123,138,146,147,142,133,124,119,122,130,143,155,163,165,158,143,119,89,60,38,30,36,55,03:43,148,08:13,119,13:45,165,21:04,30,,,,,,,,,135,中潮相当,4,mid,0,1,0,0,0
20230104,2023,1,4,東京,2813,117.2,,81,108,132,150,159,158,150,137,125,120,122,132,145,158,167,168,159,139,109,74,44,24,20,32,04:26,160,09:12,119,14:39,169,21:44,19,,,,,,,,,150,中潮相当,4,mid,0,1,0,0,0
20230105,2023,1,5,東京,2832,118.0,,56,87,119,145,163,169,163,150,134,122,117,121,133,149,164,173,172,157,130,94,58,28,13,15,05:00,169,10:00,117,15:24,174,22:23,12,,,,,,,,,162,大潮相当,5,strong,1,0,0,0,0
20230106,2023,1,6,東京,2837,118.2,,33,63,99,133,159,173,173,161,144,127,115,113,121,137,156,172,179,172,150,116,77,41,16,7,05:29,174,10:41,113,16:02,179,23:01,7,,,,,,,,,172,大潮相当,5,strong,1,0,0,0,0
20230107,2023,1,7,東京,2828,117.8,F,16,40,76,114,148,170,177,170,153,134,117,109,111,125,145,165,180,181,166,137,99,60,27,8,05:58,177,11:16,108,16:36,182,23:36,4,,,,,,,,,178,大潮相当,5,strong,1,0,0,0,0
20230108,2023,1,8,東京,2802,116.8,,6,22,54,93,131,160,175,174,161,141,121,108,104,113,131,154,174,184,177,155,121,81,45,17,06:25,176,11:48,104,17:08,184,,,,,,,,,,,80,小潮相当,3,weak,0,0,1,0,0
20230109,2023,1,9,東京,2767,115.3,,5,12,35,72,112,147,169,174,166,148,127,110,100,103,117,140,163,179,181,167,139,103,65,33,06:52,175,00:10,5,17:39,182,12:18,100,,,,,,,,,177,大潮相当,5,strong,1,0,0,0,0
20230110,2023,1,10,東京,2729,113.7,,13,10,24,54,93,130,158,171,169,155,134,114,100,96,105,124,147,168,177,172,153,122,87,53,07:20,172,00:43,9,18:11,178,12:49,96,,,,,,,,,169,大潮相当,5,strong,1,0,0,0,0
20230111,2023,1,11,東京,2696,112.3,,28,16,21,43,76,113,145,165,170,160,142,121,103,94,96,109,130,151,166,169,159,137,107,75,07:48,170,01:13,16,18:45,170,13:20,93,,,,,,,,,154,中潮相当,4,mid,0,1,0,0,0
20230112,2023,1,12,東京,2664,111.0,,47,30,26,39,65,98,131,156,167,164,150,130,110,95,91,97,112,131,148,158,157,144,122,96,08:17,168,01:43,26,19:24,159,13:55,91,,,,,,,,,142,中潮相当,4,mid,0,1,0,0,0
20230113,2023,1,13,東京,2644,110.2,,69,49,39,43,61,87,118,145,162,166,157,139,119,101,90,89,97,111,127,140,146,144,132,113,08:48,166,02:13,39,20:15,147,14:36,88,,,,,,,,,127,中潮相当,4,mid,0,1,0,0,0
20230114,2023,1,14,東京,2630,109.6,,92,72,59,56,64,82,107,132,153,163,162,149,129,110,94,86,86,92,104,117,128,134,134,125,09:21,164,02:46,56,21:24,135,15:31,85,,,,,,,,,108,小潮相当,3,weak,0,0,1,0,0
20230115,2023,1,15,東京,2624,109.3,L,111,96,83,75,76,85,101,122,142,157,162,156,141,122,103,89,81,78,82,91,103,115,125,128,09:57,162,03:26,75,22:58,128,16:53,78,,,,,,,,,87,小潮相当,3,weak,0,0,1,0,0
20230116,2023,1,16,東京,2626,109.4,,124,117,108,100,95,96,102,115,131,147,158,160,152,136,117,99,83,71,65,66,74,88,104,118,10:40,161,04:26,95,,,18:26,64,,,,,,,,,97,小潮相当,3,weak,0,0,1,0,0
20230117,2023,1,17,東京,2646,110.3,,127,131,130,125,120,114,112,114,123,136,150,158,159,150,135,116,95,75,57,47,46,56,74,96,01:11,131,06:06,112,11:32,160,19:34,45,,,,,,,,,115,小潮相当,3,weak,0,0,1,0,0
20230118,2023,1,18,東京,2683,111.8,,116,132,143,147,145,138,129,121,120,126,138,151,160,161,154,139,117,90,63,40,26,26,39,62,03:10,147,07:40,120,12:39,161,20:31,24,,,,,,,,,137,中潮相当,4,mid,0,1,0,0,0
20230119,2023,1,19,東京,2730,113.8,,90,118,142,158,165,162,150,136,124,121,126,139,153,164,168,161,144,117,83,49,21,6,8,25,04:08,165,08:53,121,13:54,168,21:24,5,,,,,,,,,163,大潮相当,5,strong,1,0,0,0,0
20230120,2023,1,20,東京,2779,115.8,,54,90,125,155,174,179,172,155,136,122,117,124,139,157,172,178,171,149,114,73,34,4,-10,-5,04:52,180,09:53,117,15:00,178,22:15,-11,,,,,,,,,191,大潮相当,5,strong,1,0,0,0,0
20230121,2023,1,21,東京,2812,117.2,,17,53,95,136,169,186,187,173,151,129,114,111,121,141,164,183,189,178,150,109,63,21,-8,-20,05:32,189,10:44,111,15:54,189,23:05,-20,,,,,,,,,209,大潮相当,5,strong,1,0,0,0,0
20230122,2023,1,22,東京,2815,117.3,N,-11,17,58,106,149,180,192,186,167,141,118,104,104,119,145,173,192,196,180,146,101,54,13,-15,06:09,192,11:29,102,16:42,197,23:51,-22,,,,,,,,,219,大潮相当,5,strong,1,0,0,0,0
20230123,2023,1,23,東京,2784,116.0,,-22,-8,26,72,121,162,186,191,178,154,127,103,92,98,120,150,179,197,196,175,138,93,47,9,06:45,192,12:10,92,17:27,199,,,,,,,,,,,107,小潮相当,3,weak,0,0,1,0,0
20230124,2023,1,24,東京,2736,114.0,,-13,-14,7,46,93,138,172,187,183,165,138,109,89,83,95,121,154,181,194,188,164,127,85,44,07:18,188,00:34,-16,18:12,195,12:50,82,,,,,,,,,211,大潮相当,5,strong,1,0,0,0,0
20230125,2023,1,25,東京,2681,111.7,,13,-2,5,32,72,116,154,177,182,171,148,119,93,76,77,94,123,153,176,183,174,150,116,79,07:48,183,01:12,-2,18:57,183,13:29,74,,,,,,,,,185,大潮相当,5,strong,1,0,0,0,0
20230126,2023,1,26,東京,2635,109.8,,46,24,19,33,63,101,137,164,177,173,156,130,102,79,69,74,94,121,146,163,167,156,135,106,08:16,178,01:46,19,19:45,167,14:10,69,,,,,,,,,159,中潮相当,4,mid,0,1,0,0,0
20230127,2023,1,27,東京,2620,109.2,,78,55,43,47,65,94,126,153,170,172,162,141,115,90,72,66,74,92,114,134,147,149,139,122,08:42,173,02:17,43,20:39,149,14:55,66,,,,,,,,,130,中潮相当,4,mid,0,1,0,0,0
20230128,2023,1,28,東京,2623,109.3,,102,83,70,68,77,96,120,144,161,169,164,149,127,104,83,70,66,72,86,104,120,130,132,126,09:07,169,02:44,67,21:44,132,15:51,66,,,,,,,,,103,小潮相当,3,weak,0,0,1,0,0
20230129,2023,1,29,東京,2642,110.1,U,116,104,95,90,93,103,119,137,153,162,163,154,139,119,99,82,70,65,68,78,92,105,116,120,09:34,164,03:07,90,23:23,120,17:08,65,,,,,,,,,99,小潮相当,3,weak,0,0,1,0,0
20230130,2023,1,30,東京,2668,111.2,,120,117,113,111,111,115,122,133,144,154,158,155,146,133,117,100,83,69,61,60,67,79,94,106,10:08,158,03:27,111,,,18:36,59,,,,,,,,,99,小潮相当,3,weak,0,0,1,0,0
20230131,2023,1,31,東京,2693,112.2,,115,121,125,128,128,128,128,131,136,143,149,151,149,143,133,120,103,83,65,53,50,56,69,86,11:01,151,19:48,49,,,,,,,,,,,,,102,小潮相当,3,weak,0,0,1,0,0
20230201,2023,2,1,東京,2721,113.4,,103,118,130,139,143,142,137,133,131,133,138,143,147,148,146,138,124,103,78,56,42,39,47,63,04:15,143,07:58,131,12:55,148,20:45,38,,,,,,,,,110,小潮相当,3,weak,0,0,1,0,0
20230202,2023,2,2,東京,2735,114.0,,84,107,128,144,153,154,148,138,129,124,125,131,139,147,153,153,144,125,98,68,44,29,29,41,04:35,155,09:18,124,14:31,154,21:33,27,,,,,,,,,128,中潮相当,4,mid,0,1,0,0,0
20230203,2023,2,3,東京,2747,114.5,,63,90,118,142,158,163,158,145,131,120,115,118,128,141,154,163,161,147,120,87,55,30,18,22,04:57,163,10:06,115,15:23,163,22:15,18,,,,,,,,,145,中潮相当,4,mid,0,1,0,0,0
20230204,2023,2,4,東京,2749,114.5,,40,69,102,134,158,169,166,154,136,119,108,106,114,130,149,166,173,165,143,109,72,39,17,11,05:19,169,10:41,106,16:01,173,22:52,11,,,,,,,,,162,大潮相当,5,strong,1,0,0,0,0
20230205,2023,2,5,東京,2737,114.0,,21,47,83,120,151,169,172,161,142,121,105,97,101,116,139,162,177,178,162,132,93,55,25,8,05:41,173,11:11,97,16:34,180,23:26,6,,,,,,,,,174,大潮相当,5,strong,1,0,0,0,0
20230206,2023,2,6,東京,2722,113.4,F,9,29,63,103,140,166,175,168,150,126,105,91,89,101,124,151,174,184,177,152,116,76,39,14,06:02,175,11:38,88,17:05,184,23:57,6,,,,,,,,,178,大潮相当,5,strong,1,0,0,0,0
20230207,2023,2,7,東京,2696,112.3,,6,16,45,85,126,158,175,173,157,133,108,89,80,86,106,135,163,182,184,167,137,98,59,28,06:24,176,12:06,80,17:36,185,,,,,,,,,,,105,小潮相当,3,weak,0,0,1,0,0
20230208,2023,2,8,東京,2670,111.3,,11,12,33,70,112,148,171,176,164,141,114,90,75,74,89,116,146,171,182,175,153,119,81,47,06:46,177,00:26,9,18:08,182,12:33,73,,,,,,,,,173,大潮相当,5,strong,1,0,0,0,0
20230209,2023,2,9,東京,2651,110.5,,24,17,29,58,98,137,165,177,171,150,123,95,75,67,74,96,125,153,171,175,162,136,103,70,07:08,177,00:53,16,18:43,175,13:01,67,,,,,,,,,161,大潮相当,5,strong,1,0,0,0,0
20230210,2023,2,10,東京,2628,109.5,,43,29,32,53,87,125,156,174,174,159,133,104,79,64,64,78,102,130,153,165,163,147,122,92,07:31,176,01:19,28,19:21,166,13:31,62,,,,,,,,,148,中潮相当,4,mid,0,1,0,0,0
20230211,2023,2,11,東京,2610,108.8,,65,48,44,56,81,114,146,167,174,165,143,114,87,67,59,65,82,106,129,147,155,150,134,112,07:55,174,01:45,43,20:07,155,14:04,59,,,,,,,,,131,中潮相当,4,mid,0,1,0,0,0
20230212,2023,2,12,東京,2597,108.2,,89,70,62,66,82,108,135,158,170,168,152,127,99,75,61,58,66,83,103,122,137,142,138,126,08:21,171,02:11,62,21:03,142,14:45,58,,,,,,,,,113,小潮相当,3,weak,0,0,1,0,0
20230213,2023,2,13,東京,2592,108.0,,109,94,85,83,91,107,127,148,162,166,158,139,114,89,70,60,58,65,78,94,111,124,130,130,08:50,167,02:40,83,22:23,131,15:41,58,,,,,,,,,109,小潮相当,3,weak,0,0,1,0,0
20230214,2023,2,14,東京,2593,108.0,L,123,115,108,105,106,113,124,138,152,160,159,148,129,108,87,71,61,56,58,66,80,95,110,121,09:24,161,03:15,105,,,17:14,56,,,,,,,,,105,小潮相当,3,weak,0,0,1,0,0
20230215,2023,2,15,東京,2613,108.9,,127,129,129,128,126,125,127,133,141,149,154,152,143,128,111,92,75,60,49,45,50,62,80,98,01:27,129,04:52,125,10:13,154,18:57,45,,,,,,,,,109,小潮相当,3,weak,0,0,1,0,0
20230216,2023,2,16,東京,2643,110.1,,116,130,141,147,147,143,137,132,132,136,143,148,149,145,136,121,101,78,55,37,28,31,44,66,03:35,148,07:33,132,11:45,149,20:16,28,,,,,,,,,121,中潮相当,4,mid,0,1,0,0,0
20230217,2023,2,17,東京,2685,111.9,,91,118,141,157,165,162,152,139,128,124,127,135,145,153,156,150,134,109,77,46,22,11,13,30,04:13,165,09:03,124,13:52,156,21:19,10,,,,,,,,,155,中潮相当,4,mid,0,1,0,0,0
20230218,2023,2,18,東京,2728,113.7,,58,92,127,156,174,178,168,150,131,116,111,116,130,148,164,172,166,145,112,73,36,8,-4,1,04:45,178,09:58,111,15:06,172,22:12,-5,,,,,,,,,183,大潮相当,5,strong,1,0,0,0,0
20230219,2023,2,19,東京,2758,114.9,,24,59,102,142,172,186,182,164,139,115,99,96,108,130,157,179,188,178,150,110,66,26,-2,-12,05:15,186,10:41,95,16:00,188,22:59,-12,,,,,,,,,200,大潮相当,5,strong,1,0,0,0,0
20230220,2023,2,20,東京,2757,114.9,N,-2,29,72,120,160,185,190,176,150,120,94,80,83,103,135,169,192,198,182,148,104,58,18,-7,05:44,191,11:19,79,16:46,199,23:40,-12,,,,,,,,,211,大潮相当,5,strong,1,0,0,0,0
20230221,2023,2,21,東京,2733,113.9,,-11,8,46,94,141,176,191,185,162,130,97,72,63,75,105,143,179,199,199,177,140,95,51,16,06:12,191,11:55,63,17:29,202,,,,,,,,,,,139,中潮相当,4,mid,0,1,0,0,0
20230222,2023,2,22,東京,2694,112.3,,-1,4,31,74,122,162,186,188,172,141,106,73,53,53,74,110,150,182,197,190,165,128,86,48,06:37,190,00:17,-2,18:11,197,12:31,50,,,,,,,,,199,大潮相当,5,strong,1,0,0,0,0
20230223,2023,2,23,東京,2657,110.7,,22,15,30,64,107,148,177,187,178,152,118,82,54,42,51,78,116,153,178,186,175,149,115,80,07:00,187,00:50,15,18:53,186,13:05,42,,,,,,,,,172,大潮相当,5,strong,1,0,0,0,0
20230224,2023,2,24,東京,2630,109.6,,52,37,41,64,99,136,167,182,180,161,130,95,64,43,40,55,85,120,150,167,169,156,132,105,07:22,183,01:18,36,19:36,170,13:41,38,,,,,,,,,147,中潮相当,4,mid,0,1,0,0,0
20230225,2023,2,25,東京,2621,109.2,,80,63,60,72,98,129,157,175,178,166,141,110,79,54,41,45,63,90,119,141,152,150,138,120,07:41,179,01:42,59,20:22,153,14:18,41,,,,,,,,,138,中潮相当,4,mid,0,1,0,0,0
20230226,2023,2,26,東京,2627,109.5,,101,86,80,86,102,126,149,167,173,167,149,124,96,71,54,47,53,69,91,113,128,136,134,125,08:01,173,02:02,80,21:16,136,15:01,47,,,,,,,,,126,中潮相当,4,mid,0,1,0,0,0
20230227,2023,2,27,東京,2644,110.2,U,114,105,100,102,111,126,143,157,165,163,152,134,112,90,73,61,56,60,72,87,103,115,121,122,08:20,166,02:15,100,22:38,122,16:01,56,,,,,,,,,110,小潮相当,3,weak,0,0,1,0,0
20230228,2023,2,28,東京,2653,110.5,,119,116,115,117,121,128,138,147,154,155,150,139,124,109,94,80,69,63,62,68,79,92,103,111,08:42,156,02:00,115,,,17:34,62,,,,,,,,,94,小潮相当,3,weak,0,0,1,0,0
20230301,2023,3,1,東京,2665,111.0,,117,122,126,130,132,134,136,139,142,144,143,138,131,123,114,103,89,75,64,58,60,69,81,95,09:08,144,19:13,58,,,,,,,,,,,,,86,小潮相当,3,weak,0,0,1,0,0
20230302,2023,3,2,東京,2675,111.5,,108,121,132,140,143,142,138,134,131,131,131,132,133,133,131,124,112,94,74,58,49,50,59,75,04:14,143,08:57,131,12:37,133,20:26,48,,,,,,,,,95,小潮相当,3,weak,0,0,1,0,0
20230303,2023,3,3,東京,2684,111.8,,93,113,132,146,152,151,144,133,124,118,118,121,128,136,143,143,135,117,92,67,47,38,40,53,04:19,153,09:40,117,14:35,144,21:18,37,,,,,,,,,116,小潮相当,3,weak,0,0,1,0,0
20230304,2023,3,4,東京,2692,112.2,,74,100,126,147,159,160,151,136,121,109,104,108,118,133,148,157,155,140,114,83,54,34,27,34,04:34,161,10:06,104,15:21,157,22:00,27,,,,,,,,,134,中潮相当,4,mid,0,1,0,0,0
20230305,2023,3,5,東京,2696,112.3,,54,83,115,143,162,167,159,142,122,104,93,93,104,123,145,163,170,161,137,104,69,40,22,21,04:52,167,10:31,92,15:56,170,22:35,19,,,,,,,,,151,中潮相当,4,mid,0,1,0,0,0
20230306,2023,3,6,東京,2698,112.4,,36,65,101,136,161,172,167,149,126,102,85,79,88,108,136,162,177,177,159,127,89,53,27,16,05:10,172,10:55,79,16:28,179,23:07,16,,,,,,,,,163,大潮相当,5,strong,1,0,0,0,0
20230307,2023,3,7,東京,2689,112.0,F,23,48,85,125,157,174,173,158,132,104,81,68,71,89,119,151,176,185,176,149,112,73,40,20,05:28,176,11:20,67,16:59,185,23:36,16,,,,,,,,,169,大潮相当,5,strong,1,0,0,0,0
20230308,2023,3,8,東京,2682,111.8,,18,36,70,112,149,173,179,166,141,110,81,61,57,70,98,134,166,185,186,167,135,96,60,32,05:46,179,11:46,56,17:31,188,,,,,,,,,,,132,中潮相当,4,mid,0,1,0,0,0
20230309,2023,3,9,東京,2668,111.2,,21,31,59,99,140,170,182,174,150,118,85,59,46,52,76,111,148,175,186,178,154,120,83,51,06:06,182,00:03,21,18:04,186,12:12,46,,,,,,,,,165,大潮相当,5,strong,1,0,0,0,0
20230310,2023,3,10,東京,2653,110.5,,33,33,53,89,129,163,181,180,160,129,93,62,42,40,56,87,124,157,177,180,166,139,106,74,06:25,183,00:29,31,18:40,181,12:38,38,,,,,,,,,152,中潮相当,4,mid,0,1,0,0,0
20230311,2023,3,11,東京,2637,109.9,,51,44,55,82,119,154,177,182,168,140,105,70,45,34,41,64,98,132,159,172,169,152,126,98,06:46,182,00:55,44,19:19,173,13:07,34,,,,,,,,,148,中潮相当,4,mid,0,1,0,0,0
20230312,2023,3,12,東京,2621,109.2,,74,61,64,82,111,144,169,180,173,150,118,83,53,36,34,48,74,105,134,154,161,156,139,118,07:08,180,01:21,60,20:03,161,13:37,33,,,,,,,,,147,中潮相当,4,mid,0,1,0,0,0
20230313,2023,3,13,東京,2603,108.5,,97,82,79,88,109,135,159,173,173,158,131,98,68,46,36,39,55,79,105,128,143,148,143,131,07:31,175,01:47,79,20:58,148,14:14,35,,,,,,,,,140,中潮相当,4,mid,0,1,0,0,0
20230314,2023,3,14,東京,2594,108.1,,116,104,99,101,112,130,149,163,168,161,142,115,87,64,48,42,46,59,78,98,116,129,134,133,07:55,168,02:13,98,22:21,135,15:04,42,,,,,,,,,126,中潮相当,4,mid,0,1,0,0,0
20230315,2023,3,15,東京,2597,108.2,L,129,123,119,118,122,130,141,152,158,157,148,130,109,87,69,57,50,50,57,69,84,100,114,124,08:25,159,02:41,118,,,16:30,49,,,,,,,,,110,小潮相当,3,weak,0,0,1,0,0
20230316,2023,3,16,東京,2610,108.8,,131,134,136,136,136,136,137,141,145,147,145,138,127,113,98,82,68,56,48,48,54,67,84,103,02:40,137,04:39,136,09:08,147,18:35,47,,,,,,,,,100,小潮相当,3,weak,0,0,1,0,0
20230317,2023,3,17,東京,2641,110.0,,121,136,147,152,152,146,139,133,130,131,134,137,137,135,128,115,97,76,56,41,34,38,52,74,03:23,153,08:13,130,11:46,138,20:07,34,,,,,,,,,119,小潮相当,3,weak,0,0,1,0,0
20230318,2023,3,18,東京,2680,111.7,,100,126,148,163,166,160,146,131,119,113,115,123,135,146,151,147,133,109,80,51,30,20,25,43,03:51,166,09:13,113,14:09,151,21:11,20,,,,,,,,,146,中潮相当,4,mid,0,1,0,0,0
20230319,2023,3,19,東京,2719,113.3,,72,106,140,165,176,173,158,135,113,97,93,101,118,141,161,171,166,146,114,78,44,20,11,20,04:17,177,09:51,93,15:12,171,22:01,11,,,,,,,,,166,大潮相当,5,strong,1,0,0,0,0
20230320,2023,3,20,東京,2740,114.2,,45,82,123,158,180,184,170,144,114,88,73,74,92,121,153,178,188,178,151,113,72,36,14,9,04:42,184,10:26,71,16:00,188,22:43,,,,,,,,,,117,小潮相当,3,weak,0,0,1,0,0
20230321,2023,3,21,東京,2744,114.3,,26,59,103,145,176,189,181,156,122,87,61,51,61,90,129,167,192,197,181,149,108,66,33,15,05:06,189,11:00,51,16:44,198,23:20,14,,,,,,,,,184,大潮相当,5,strong,1,0,0,0,0
20230322,2023,3,22,東京,2732,113.8,N,19,44,84,129,167,189,188,168,135,95,59,37,36,58,96,141,178,199,197,176,140,100,62,35,05:29,191,11:33,34,17:26,201,23:53,27,,,,,,,,,174,大潮相当,5,strong,1,0,0,0,0
20230323,2023,3,23,東京,2712,113.0,,27,40,73,115,156,184,191,178,148,108,67,36,22,31,63,107,151,183,196,188,164,129,93,62,05:51,192,12:06,22,18:06,196,,,,,,,,,,,174,大潮相当,5,strong,1,0,0,0,0
20230324,2023,3,24,東京,2692,112.2,,45,48,70,106,145,176,190,184,160,123,82,45,21,17,37,74,118,156,180,186,173,149,118,89,06:12,190,00:23,44,18:47,186,12:39,16,,,,,,,,,174,大潮相当,5,strong,1,0,0,0,0
20230325,2023,3,25,東京,2675,111.5,,68,63,75,102,136,167,185,185,168,137,99,61,31,17,24,49,87,125,155,171,170,156,134,110,06:32,187,00:50,62,19:28,173,13:12,17,,,,,,,,,170,大潮相当,5,strong,1,0,0,0,0
20230326,2023,3,26,東京,2670,111.3,,91,81,85,103,130,157,176,182,171,147,114,80,49,29,25,37,64,97,127,149,157,154,141,124,06:50,182,01:13,81,20:11,158,13:46,24,,,,,,,,,158,中潮相当,4,mid,0,1,0,0,0
20230327,2023,3,27,東京,2669,111.2,,108,98,98,108,127,148,166,174,170,153,127,98,70,48,37,38,52,75,101,123,138,143,139,130,07:09,174,01:34,97,21:01,143,14:23,36,,,,,,,,,138,中潮相当,4,mid,0,1,0,0,0
20230328,2023,3,28,東京,2669,111.2,,120,113,110,115,126,141,155,163,163,153,135,113,90,70,56,50,52,64,81,99,115,126,130,129,07:27,164,01:50,110,22:16,130,15:13,50,,,,,,,,,114,小潮相当,3,weak,0,0,1,0,0
20230329,2023,3,29,東京,2668,111.2,U,126,123,122,124,129,136,145,151,152,147,137,122,107,92,79,69,63,62,68,79,93,105,115,122,07:44,152,01:52,122,,,16:33,62,,,,,,,,,90,小潮相当,3,weak,0,0,1,0,0
20230330,2023,3,30,東京,2667,111.1,,126,129,132,133,135,136,137,138,138,137,132,126,119,111,102,91,80,71,65,66,73,84,97,109,07:40,139,18:25,65,,,,,,,,,,,,,74,長潮相当,2,very_weak,0,0,0,1,0
20230331,2023,3,31,東京,2668,111.2,,121,131,138,142,142,139,134,129,125,123,123,123,124,124,122,115,102,87,72,61,58,64,76,93,03:29,143,09:51,123,12:37,125,19:50,58,,,,,,,,,85,小潮相当,3,weak,0,0,1,0,0
20230401,2023,4,1,東京,2676,111.5,,111,128,142,150,151,145,135,123,114,109,109,114,123,132,137,136,125,108,86,66,52,49,57,74,03:37,151,09:26,108,14:20,138,20:47,49,,,,,,,,,102,小潮相当,3,weak,0,0,1,0,0
20230402,2023,4,2,東京,2686,111.9,,97,120,141,155,159,153,139,122,106,96,94,100,114,131,146,152,147,131,106,79,56,43,43,56,03:52,159,09:43,93,15:06,152,21:29,41,,,,,,,,,118,小潮相当,3,weak,0,0,1,0,0
20230403,2023,4,3,東京,2696,112.3,,80,109,137,157,166,161,146,124,102,85,78,83,100,123,146,162,165,153,129,98,68,45,36,43,04:09,166,10:06,78,15:42,166,22:05,36,,,,,,,,,130,中潮相当,4,mid,0,1,0,0,0
20230404,2023,4,4,東京,2710,112.9,,65,96,129,156,171,169,154,130,102,78,64,64,80,107,138,164,177,173,153,122,87,57,38,36,04:26,172,10:29,62,16:16,177,22:37,35,,,,,,,,,142,中潮相当,4,mid,0,1,0,0,0
20230405,2023,4,5,東京,2718,113.3,,52,82,119,152,173,177,164,138,107,76,54,47,58,85,121,155,179,185,173,146,111,76,50,38,04:43,178,10:54,47,16:50,185,23:07,38,,,,,,,,,147,中潮相当,4,mid,0,1,0,0,0
20230406,2023,4,6,東京,2725,113.5,F,46,71,108,145,172,183,174,149,115,79,50,34,38,61,97,138,171,188,186,167,136,100,68,49,05:02,183,11:19,33,17:24,190,23:36,45,,,,,,,,,157,中潮相当,4,mid,0,1,0,0,0
20230407,2023,4,7,東京,2717,113.2,,46,64,97,135,168,185,182,160,126,87,52,28,23,38,71,112,152,180,190,181,157,125,92,66,05:21,186,11:46,22,18:00,190,,,,,,,,,,,168,大潮相当,5,strong,1,0,0,0,0
20230408,2023,4,8,東京,2708,112.8,,55,64,89,125,160,183,187,171,140,100,61,30,15,21,46,84,126,162,182,185,171,146,116,89,05:42,188,00:05,55,18:39,186,12:15,15,,,,,,,,,173,大潮相当,5,strong,1,0,0,0,0
20230409,2023,4,9,東京,2685,111.9,,72,70,87,116,150,176,187,178,152,115,75,40,17,12,27,58,97,135,163,177,175,159,136,111,06:04,187,00:34,69,19:21,178,12:45,12,,,,,,,,,175,大潮相当,5,strong,1,0,0,0,0
20230410,2023,4,10,東京,2667,111.1,,92,84,91,112,140,166,181,181,163,131,93,57,29,15,19,38,70,105,136,158,166,162,148,130,06:27,183,01:03,84,20:09,166,13:18,14,,,,,,,,,169,大潮相当,5,strong,1,0,0,0,0
20230411,2023,4,11,東京,2649,110.4,,113,102,101,113,133,155,172,177,167,144,112,78,49,29,22,30,50,77,105,130,146,153,150,141,06:52,177,01:33,100,21:11,153,13:58,22,,,,,,,,,155,中潮相当,4,mid,0,1,0,0,0
20230412,2023,4,12,東京,2639,110.0,,130,120,116,119,130,145,159,167,165,151,129,101,74,52,38,35,41,56,77,99,118,133,141,143,07:19,168,02:06,116,22:52,143,14:52,35,,,,,,,,,133,中潮相当,4,mid,0,1,0,0,0
20230413,2023,4,13,東京,2644,110.2,L,140,136,132,130,132,138,146,153,155,150,138,121,101,82,65,53,47,49,57,71,88,105,121,134,07:50,155,02:59,130,,,16:18,47,,,,,,,,,108,小潮相当,3,weak,0,0,1,0,0
20230414,2023,4,14,東京,2658,110.8,,142,146,146,143,139,136,136,137,138,139,137,132,123,111,97,82,67,56,50,52,61,76,96,116,01:30,146,05:55,136,08:55,139,18:18,50,,,,,,,,,96,小潮相当,3,weak,0,0,1,0,0
20230415,2023,4,15,東京,2693,112.2,,135,149,156,156,150,140,130,122,118,120,125,131,135,135,129,116,98,78,60,48,45,53,70,94,02:31,157,08:10,118,12:30,135,19:47,45,,,,,,,,,112,小潮相当,3,weak,0,0,1,0,0
20230416,2023,4,16,東京,2721,113.4,,120,144,160,167,162,148,130,112,100,96,102,115,132,145,152,148,133,110,84,59,43,39,49,71,03:04,167,08:52,96,14:09,152,20:47,39,,,,,,,,,128,中潮相当,4,mid,0,1,0,0,0
20230417,2023,4,17,東京,2754,114.8,,101,132,158,173,173,160,137,110,87,74,74,89,113,140,161,170,165,145,116,85,57,41,39,54,03:31,175,09:27,72,15:08,170,21:35,38,,,,,,,,,137,中潮相当,4,mid,0,1,0,0,0
20230418,2023,4,18,東京,2781,115.9,,83,118,151,174,182,172,148,116,83,58,49,58,84,119,153,177,185,175,150,117,83,56,43,47,03:56,182,10:00,49,15:56,185,22:15,42,,,,,,,,,143,中潮相当,4,mid,0,1,0,0,0
20230419,2023,4,19,東京,2791,116.3,,69,103,140,170,186,183,162,128,89,54,33,31,51,87,129,166,189,192,177,148,114,81,58,51,04:20,187,10:34,29,16:39,193,22:52,51,,,,,,,,,164,大潮相当,5,strong,1,0,0,0,0
20230420,2023,4,20,東京,2791,116.3,N,63,92,128,163,185,190,174,143,102,61,28,14,23,54,97,142,177,194,192,172,142,109,81,65,04:43,191,11:07,14,17:21,196,23:25,63,,,,,,,,,182,大潮相当,5,strong,1,0,0,0,0
20230421,2023,4,21,東京,2784,116.0,,66,86,118,153,180,192,184,158,119,75,36,11,7,26,64,111,153,182,192,185,163,134,105,84,05:06,192,11:40,6,18:02,193,23:56,77,,,,,,,,,187,大潮相当,5,strong,1,0,0,0,0
20230422,2023,4,22,東京,2774,115.6,,77,86,111,143,172,189,188,169,135,94,53,20,4,11,38,80,124,160,181,185,173,151,126,104,05:28,191,12:13,,18:42,185,,,,,,,,,,,185,大潮相当,5,strong,1,0,0,0,0
20230423,2023,4,23,東京,2762,115.1,,91,92,108,135,162,182,187,176,149,112,73,38,14,9,24,55,95,133,161,174,173,159,140,120,05:50,188,00:25,89,19:23,175,12:46,8,,,,,,,,,180,大潮相当,5,strong,1,0,0,0,0
20230424,2023,4,24,東京,2751,114.6,,105,101,109,128,152,172,182,177,158,128,93,59,33,19,21,41,72,106,137,156,164,159,147,132,06:12,182,00:52,101,20:05,164,13:21,18,,,,,,,,,164,大潮相当,5,strong,1,0,0,0,0
20230425,2023,4,25,東京,2739,114.1,,118,111,113,124,142,160,171,172,161,139,111,81,55,37,31,38,57,84,112,135,149,152,148,138,06:34,173,01:19,110,20:53,152,13:58,31,,,,,,,,,142,中潮相当,4,mid,0,1,0,0,0
20230426,2023,4,26,東京,2729,113.7,,128,121,119,124,135,148,159,163,158,144,124,100,78,59,48,45,53,70,91,112,129,139,142,140,06:58,163,01:47,119,21:58,142,14:44,45,,,,,,,,,118,小潮相当,3,weak,0,0,1,0,0
20230427,2023,4,27,東京,2717,113.2,,135,129,126,127,131,138,145,150,149,142,130,115,98,82,69,61,58,64,76,92,108,123,132,137,07:22,150,02:23,126,23:46,138,15:48,58,,,,,,,,,92,小潮相当,3,weak,0,0,1,0,0
20230428,2023,4,28,東京,2712,113.0,U,138,137,134,132,131,132,134,135,136,134,130,123,114,104,92,81,72,67,68,76,89,104,119,130,07:46,136,04:06,131,,,17:19,67,,,,,,,,,69,長潮相当,2,very_weak,0,0,0,1,0
20230429,2023,4,29,東京,2713,113.0,,138,142,142,140,136,130,125,122,120,121,122,124,124,121,114,104,91,79,70,68,73,86,102,119,01:38,142,08:13,120,11:29,124,18:48,67,,,,,,,,,75,長潮相当,2,very_weak,0,0,0,1,0
20230430,2023,4,30,東京,2722,113.4,,134,145,149,148,142,133,121,111,105,104,109,117,126,132,133,126,114,97,80,68,65,71,86,106,02:20,150,08:37,104,13:37,133,19:53,64,,,,,,,,,86,小潮相当,3,weak,0,0,1,0,0
20230501,2023,5,1,東京,2740,114.2,,127,144,155,157,151,138,121,104,92,87,91,103,120,135,145,146,137,120,98,78,65,62,72,92,02:46,157,09:02,87,14:35,147,20:41,62,,,,,,,,,95,小潮相当,3,weak,0,0,1,0,0
20230502,2023,5,2,東京,2766,115.3,,117,141,158,165,160,146,125,102,82,70,71,84,105,130,150,161,158,144,121,96,74,62,64,80,03:07,165,09:27,69,15:20,161,21:22,61,,,,,,,,,104,小潮相当,3,weak,0,0,1,0,0
20230503,2023,5,3,東京,2787,116.1,,105,134,157,171,170,157,133,104,76,57,51,60,84,115,145,166,174,167,147,119,91,70,63,71,03:28,172,09:53,51,16:00,174,21:59,63,,,,,,,,,123,中潮相当,4,mid,0,1,0,0,0
20230504,2023,5,4,東京,2803,116.8,,94,124,153,174,179,168,144,111,77,49,34,37,58,91,129,161,181,183,170,145,115,87,70,69,03:50,179,10:21,33,16:39,184,22:34,68,,,,,,,,,151,中潮相当,4,mid,0,1,0,0,0
20230505,2023,5,5,東京,2813,117.2,,85,113,146,172,185,179,157,123,85,49,25,18,32,63,104,145,176,190,187,168,140,110,86,75,04:13,185,10:50,18,17:18,191,23:08,75,,,,,,,,,173,大潮相当,5,strong,1,0,0,0,0
20230506,2023,5,6,東京,2812,117.2,F,82,104,136,166,186,188,171,139,99,58,25,8,11,35,74,118,158,184,193,184,163,134,107,89,04:37,190,11:21,6,17:59,193,23:42,84,,,,,,,,,187,大潮相当,5,strong,1,0,0,0,0
20230507,2023,5,7,東京,2794,116.4,,85,99,125,156,181,192,183,156,117,74,35,8,0,13,44,86,130,165,186,189,178,155,130,107,05:03,192,11:54,,18:42,190,,,,,,,,,,,192,大潮相当,5,strong,1,0,0,0,0
20230508,2023,5,8,東京,2773,115.5,,96,99,118,145,172,188,189,170,137,96,55,21,2,2,22,56,97,136,166,181,181,168,149,127,05:31,191,00:17,95,19:30,183,12:30,,,,,,,,,,96,小潮相当,3,weak,0,0,1,0,0
20230509,2023,5,9,東京,2748,114.5,,111,106,115,135,159,179,187,178,154,119,80,44,18,6,12,34,67,103,136,160,171,170,160,144,06:00,187,00:53,106,20:24,172,13:11,6,,,,,,,,,181,大潮相当,5,strong,1,0,0,0,0
20230510,2023,5,10,東京,2735,114.0,,128,118,118,128,146,165,177,178,164,139,107,73,44,24,17,25,46,74,105,132,151,161,161,154,06:32,179,01:32,116,21:30,162,13:58,17,,,,,,,,,162,大潮相当,5,strong,1,0,0,0,0
20230511,2023,5,11,東京,2732,113.8,,143,132,126,127,136,149,161,167,164,150,129,102,75,52,37,32,38,55,77,102,125,143,154,156,07:10,168,02:20,125,22:53,156,14:56,32,,,,,,,,,136,中潮相当,4,mid,0,1,0,0,0
20230512,2023,5,12,東京,2743,114.3,L,153,145,136,131,130,135,142,149,153,150,140,125,106,85,67,53,47,49,60,78,99,120,139,151,08:05,153,03:35,130,,,16:13,46,,,,,,,,,107,小潮相当,3,weak,0,0,1,0,0
20230513,2023,5,13,東京,2763,115.1,,156,155,148,139,131,125,124,127,132,137,139,137,129,116,100,83,69,59,57,64,78,98,120,140,00:15,156,05:44,124,10:02,139,17:45,57,,,,,,,,,99,小潮相当,3,weak,0,0,1,0,0
20230514,2023,5,14,東京,2789,116.2,,154,160,158,150,136,122,111,105,106,114,124,134,140,139,131,117,99,82,68,63,67,81,102,126,01:15,161,07:20,105,12:24,140,19:05,62,,,,,,,,,99,小潮相当,3,weak,0,0,1,0,0
20230515,2023,5,15,東京,2820,117.5,,147,162,167,161,147,127,106,89,82,85,98,117,135,149,153,146,132,112,91,75,67,72,88,112,01:57,167,08:12,82,13:54,153,20:07,67,,,,,,,,,100,小潮相当,3,weak,0,0,1,0,0
20230516,2023,5,16,東京,2848,118.7,,138,159,172,172,160,137,110,83,64,58,68,89,116,142,160,166,160,143,120,97,80,73,81,100,02:31,173,08:53,58,14:58,166,20:58,73,,,,,,,,,115,小潮相当,3,weak,0,0,1,0,0
20230517,2023,5,17,東京,2872,119.7,,126,153,172,180,172,152,121,87,57,40,40,57,88,122,153,173,178,169,149,124,100,84,82,93,03:01,180,09:30,37,15:50,178,21:41,81,,,,,,,,,143,中潮相当,4,mid,0,1,0,0,0
20230518,2023,5,18,東京,2887,120.3,,116,144,168,183,183,167,137,99,62,33,21,29,56,93,133,165,183,185,172,150,124,102,90,92,03:29,185,10:06,21,16:37,186,22:21,89,,,,,,,,,165,大潮相当,5,strong,1,0,0,0,0
20230519,2023,5,19,東京,2891,120.5,,108,134,161,181,189,179,154,117,76,39,15,11,28,62,104,145,174,188,186,170,147,122,104,97,03:57,189,10:42,10,17:20,189,22:59,97,,,,,,,,,179,大潮相当,5,strong,1,0,0,0,0
20230520,2023,5,20,東京,2893,120.5,N,105,125,151,175,189,187,169,136,96,55,22,6,10,36,75,118,156,180,189,182,164,141,120,106,04:25,190,11:17,5,18:01,189,23:34,104,,,,,,,,,185,大潮相当,5,strong,1,0,0,0,0
20230521,2023,5,21,東京,2882,120.1,,105,118,140,165,184,190,179,153,117,76,38,13,5,19,49,90,131,164,182,184,174,155,134,117,04:53,190,11:52,5,18:40,185,,,,,,,,,,,185,大潮相当,5,strong,1,0,0,0,0
20230522,2023,5,22,東京,2869,119.5,,110,114,131,154,174,186,184,166,135,98,60,30,12,13,33,66,105,141,167,178,176,163,145,128,05:21,187,00:07,109,19:18,179,12:27,10,,,,,,,,,177,大潮相当,5,strong,1,0,0,0,0
20230523,2023,5,23,東京,2851,118.8,,116,114,124,142,162,178,182,172,150,118,83,51,28,19,26,49,82,117,147,166,171,165,152,137,05:49,182,00:40,114,19:57,171,13:04,19,,,,,,,,,163,大潮相当,5,strong,1,0,0,0,0
20230524,2023,5,24,東京,2835,118.1,,124,117,120,132,149,165,174,172,158,134,104,74,49,33,30,42,65,96,125,148,161,163,156,144,06:19,175,01:12,117,20:39,163,13:42,30,,,,,,,,,145,中潮相当,4,mid,0,1,0,0,0
20230525,2023,5,25,東京,2822,117.6,,131,122,120,126,137,151,162,165,159,143,121,96,72,53,42,44,57,79,105,129,147,156,156,149,06:51,165,01:48,120,21:27,157,14:24,41,,,,,,,,,124,中潮相当,4,mid,0,1,0,0,0
20230526,2023,5,26,東京,2813,117.2,,139,129,123,123,128,138,147,153,153,146,132,114,94,75,61,54,57,69,88,110,131,145,152,152,07:29,154,02:32,122,22:23,153,15:13,54,,,,,,,,,100,小潮相当,3,weak,0,0,1,0,0
20230527,2023,5,27,東京,2808,117.0,,145,137,129,124,124,126,132,137,141,140,135,126,112,97,82,71,66,68,78,95,114,132,145,152,08:28,141,03:42,123,23:22,152,16:13,65,,,,,,,,,87,小潮相当,3,weak,0,0,1,0,0
20230528,2023,5,28,東京,2815,117.3,U,151,145,137,129,123,119,118,120,124,128,131,131,126,117,105,92,82,75,76,84,99,118,136,149,10:24,131,05:51,118,,,17:26,75,,,,,,,,,56,長潮相当,2,very_weak,0,0,0,1,0
20230529,2023,5,29,東京,2831,118.0,,154,153,147,137,126,116,108,103,104,110,119,128,133,132,126,116,103,91,83,82,89,105,124,142,00:18,155,07:19,103,12:26,133,18:38,81,,,,,,,,,74,長潮相当,2,very_weak,0,0,0,1,0
20230530,2023,5,30,東京,2852,118.8,,155,160,156,147,133,117,102,90,85,89,100,116,131,141,143,138,127,112,97,87,86,95,112,133,01:04,160,08:04,85,13:50,143,19:39,85,,,,,,,,,75,長潮相当,2,very_weak,0,0,0,1,0
20230531,2023,5,31,東京,2876,119.8,,152,163,165,158,143,123,101,81,68,66,76,96,119,140,153,157,151,137,119,102,91,91,102,122,01:43,166,08:39,65,14:53,157,20:31,89,,,,,,,,,101,小潮相当,3,weak,0,0,1,0,0
20230601,2023,6,1,東京,2899,120.8,,145,163,172,170,156,134,106,78,56,46,51,70,97,127,153,168,171,162,144,123,104,94,97,112,02:17,173,09:11,46,15:45,171,21:17,93,,,,,,,,,127,中潮相当,4,mid,0,1,0,0,0
20230602,2023,6,2,東京,2918,121.6,,135,159,175,180,170,149,118,84,53,32,28,41,69,104,139,167,181,182,169,148,124,106,99,106,02:50,180,09:45,27,16:31,183,22:01,99,,,,,,,,,156,中潮相当,4,mid,0,1,0,0,0
20230603,2023,6,3,東京,2925,121.9,,125,150,172,185,184,166,136,98,60,29,13,16,37,73,114,152,179,191,188,172,148,124,108,105,03:24,187,10:21,12,17:16,192,22:43,104,,,,,,,,,180,大潮相当,5,strong,1,0,0,0,0
20230604,2023,6,4,東京,2917,121.5,F,116,138,164,184,192,183,157,120,77,38,10,1,11,40,80,124,162,187,196,188,170,145,123,111,03:59,192,10:59,1,18:02,196,23:25,109,,,,,,,,,195,大潮相当,5,strong,1,0,0,0,0
20230605,2023,6,5,東京,2902,120.9,,112,127,152,176,193,194,177,145,103,59,23,0,-4,13,46,89,132,168,189,194,184,165,142,123,04:34,196,11:41,,18:48,194,,,,,,,,,,,198,大潮相当,5,strong,1,0,0,0,0
20230606,2023,6,6,東京,2886,120.3,,114,120,138,163,185,196,190,168,131,89,48,15,-2,0,20,56,98,138,170,187,188,177,159,138,05:12,196,00:07,114,19:37,189,12:25,-4,,,,,,,,,200,大潮相当,5,strong,1,0,0,0,0
20230607,2023,6,7,東京,2870,119.6,,123,118,127,146,169,187,192,182,156,120,80,44,16,4,9,32,66,106,141,168,181,181,170,152,05:52,192,00:50,118,20:28,182,13:12,4,,,,,,,,,188,大潮相当,5,strong,1,0,0,0,0
20230608,2023,6,8,東京,2864,119.3,,134,122,121,131,150,169,182,183,171,146,113,78,46,24,16,24,46,78,112,143,165,175,173,162,06:36,185,01:37,120,21:21,176,14:01,16,,,,,,,,,169,大潮相当,5,strong,1,0,0,0,0
20230609,2023,6,9,東京,2868,119.5,,146,131,121,121,131,147,162,172,171,160,138,111,81,55,38,32,41,61,88,118,144,162,170,167,07:28,173,02:29,120,22:13,170,14:53,32,,,,,,,,,141,中潮相当,4,mid,0,1,0,0,0
20230610,2023,6,10,東京,2886,120.3,,156,141,127,118,117,125,137,149,158,159,151,135,113,90,69,55,51,58,76,99,125,147,162,168,08:37,159,03:33,116,23:03,168,15:50,51,,,,,,,,,117,小潮相当,3,weak,0,0,1,0,0
20230611,2023,6,11,東京,2903,121.0,L,163,152,136,121,111,108,112,121,133,143,148,146,136,120,102,85,73,70,75,90,110,132,152,164,10:12,148,04:56,108,23:49,168,16:54,70,,,,,,,,,98,小潮相当,3,weak,0,0,1,0,0
20230612,2023,6,12,東京,2923,121.8,,167,161,148,131,113,100,93,94,103,117,131,142,145,141,130,116,102,91,86,90,102,121,141,158,11:55,145,06:20,92,,,18:05,86,,,,,,,,,59,長潮相当,2,very_weak,0,0,0,1,0
20230613,2023,6,13,東京,2946,122.8,,168,169,160,144,123,102,84,74,75,86,105,124,140,149,149,143,131,117,106,100,102,114,131,150,00:32,170,07:25,73,13:32,150,19:13,99,,,,,,,,,97,小潮相当,3,weak,0,0,1,0,0
20230614,2023,6,14,東京,2964,123.5,,165,173,170,158,138,112,86,65,54,58,74,98,123,144,156,160,155,144,129,116,109,112,124,141,01:15,173,08:15,54,14:53,160,20:14,109,,,,,,,,,119,小潮相当,3,weak,0,0,1,0,0
20230615,2023,6,15,東京,2981,124.2,,159,172,177,171,155,129,98,68,46,38,46,68,97,127,151,167,171,165,152,136,122,115,119,132,01:58,177,08:59,38,15:55,171,21:07,115,,,,,,,,,139,中潮相当,4,mid,0,1,0,0,0
20230616,2023,6,16,東京,2996,124.8,,150,167,178,180,170,148,117,81,50,30,27,41,69,103,136,162,177,179,171,155,137,124,119,125,02:40,181,09:40,26,16:43,180,21:56,119,,,,,,,,,155,中潮相当,4,mid,0,1,0,0,0
20230617,2023,6,17,東京,3004,125.2,,140,158,174,184,181,166,138,102,64,35,19,22,43,76,113,147,172,184,183,171,153,135,123,121,03:20,184,10:20,18,17:23,185,22:40,120,,,,,,,,,167,大潮相当,5,strong,1,0,0,0,0
20230618,2023,6,18,東京,3004,125.2,N,130,147,166,181,187,179,157,124,85,49,24,15,24,51,87,126,159,181,188,181,166,146,130,121,03:58,187,10:59,15,18:00,188,23:20,120,,,,,,,,,173,大潮相当,5,strong,1,0,0,0,0
20230619,2023,6,19,東京,2991,124.6,,123,135,154,173,186,187,173,145,108,70,38,18,16,32,63,101,139,169,184,185,174,156,138,124,04:34,188,11:37,15,18:34,187,23:57,119,,,,,,,,,173,大潮相当,5,strong,1,0,0,0,0
20230620,2023,6,20,東京,2978,124.1,,119,125,141,162,179,188,182,162,131,93,58,31,18,22,44,78,117,151,175,184,179,164,146,129,05:08,188,12:15,17,19:06,184,,,,,,,,,,,171,大潮相当,5,strong,1,0,0,0,0
20230621,2023,6,21,東京,2965,123.5,,118,118,129,148,168,182,185,173,149,116,81,50,29,23,34,60,96,132,161,177,179,169,153,135,05:42,186,00:31,117,19:39,180,12:52,23,,,,,,,,,163,大潮相当,5,strong,1,0,0,0,0
20230622,2023,6,22,東京,2951,123.0,,121,115,120,134,154,171,181,177,161,135,103,71,46,32,33,49,78,112,144,166,175,172,159,142,06:16,181,01:04,115,20:12,175,13:27,30,,,,,,,,,151,中潮相当,4,mid,0,1,0,0,0
20230623,2023,6,23,東京,2944,122.7,,126,116,114,123,138,156,169,174,166,148,122,93,67,48,40,47,67,96,127,153,168,172,164,150,06:52,174,01:39,113,20:47,172,14:03,40,,,,,,,,,134,中潮相当,4,mid,0,1,0,0,0
20230624,2023,6,24,東京,2936,122.3,,133,119,113,114,124,139,153,162,163,154,136,113,89,68,54,53,63,84,111,138,159,169,168,157,07:34,164,02:17,112,21:23,170,14:39,52,,,,,,,,,118,小潮相当,3,weak,0,0,1,0,0
20230625,2023,6,25,東京,2941,122.5,,142,126,115,111,114,123,135,146,152,152,144,129,109,90,74,66,68,80,100,124,147,163,168,163,08:28,153,03:04,111,22:01,168,15:19,66,,,,,,,,,102,小潮相当,3,weak,0,0,1,0,0
20230626,2023,6,26,東京,2949,122.9,U,151,135,121,111,107,109,116,125,135,142,144,138,126,111,96,85,81,84,95,114,135,154,166,168,09:43,144,04:09,107,22:40,168,16:07,81,,,,,,,,,87,小潮相当,3,weak,0,0,1,0,0
20230627,2023,6,27,東京,2965,123.5,,160,146,130,116,105,99,99,104,113,125,135,139,138,130,120,109,100,96,98,108,124,143,160,168,11:14,140,05:36,98,23:22,169,17:10,96,,,,,,,,,73,長潮相当,2,very_weak,0,0,0,1,0
20230628,2023,6,28,東京,2979,124.1,,167,157,142,125,109,95,86,84,89,101,117,131,141,143,140,133,123,114,108,109,117,133,150,165,12:55,143,06:50,84,,,18:27,108,,,,,,,,,59,長潮相当,2,very_weak,0,0,0,1,0
20230629,2023,6,29,東京,2997,124.9,,171,167,155,138,118,98,80,68,66,74,92,113,133,147,154,154,148,138,126,118,117,125,140,157,00:08,171,07:43,66,14:30,155,19:38,116,,,,,,,,,105,小潮相当,3,weak,0,0,1,0,0
20230630,2023,6,30,東京,3009,125.4,,170,174,169,155,134,109,83,61,48,48,62,85,112,138,157,168,169,162,149,134,124,122,130,146,00:58,174,08:29,46,15:39,170,20:39,121,,,,,,,,,128,中潮相当,4,mid,0,1,0,0,0
20230701,2023,7,1,東京,3016,125.7,,163,176,179,172,154,128,96,65,40,29,33,53,82,115,146,170,182,183,172,155,137,126,125,135,01:51,179,09:13,28,16:32,184,21:35,124,,,,,,,,,156,中潮相当,4,mid,0,1,0,0,0
20230702,2023,7,2,東京,3016,125.7,,152,170,183,186,176,152,119,81,46,22,13,22,47,82,121,156,182,194,191,176,156,137,126,126,02:44,186,09:59,13,17:18,194,22:27,125,,,,,,,,,181,大潮相当,5,strong,1,0,0,0,0
20230703,2023,7,3,東京,3012,125.5,F,138,158,178,191,192,178,148,109,67,31,8,3,16,46,86,129,166,191,200,193,175,153,133,123,03:35,194,10:47,2,18:02,200,23:16,123,,,,,,,,,198,大潮相当,5,strong,1,0,0,0,0
20230704,2023,7,4,東京,3006,125.3,,126,142,164,186,199,197,177,142,99,56,21,0,-2,16,50,94,138,174,196,200,189,169,146,127,04:23,200,11:36,,18:45,201,,,,,,,,,,,202,大潮相当,5,strong,1,0,0,0,0
20230705,2023,7,5,東京,3000,125.0,,119,126,145,170,192,203,197,172,135,91,49,16,-1,1,23,61,105,148,180,196,196,181,159,136,05:09,203,00:03,119,19:27,198,12:24,,,,,,,,,,84,小潮相当,3,weak,0,0,1,0,0
20230706,2023,7,6,東京,3001,125.0,,119,114,125,147,174,194,202,192,165,128,86,47,18,6,12,38,77,119,157,183,193,188,170,147,05:56,202,00:47,114,20:07,193,13:10,5,,,,,,,,,197,大潮相当,5,strong,1,0,0,0,0
20230707,2023,7,7,東京,3008,125.3,,124,110,110,124,148,173,190,194,182,156,122,84,50,27,20,32,59,96,134,165,184,188,178,158,06:45,195,01:32,108,20:44,188,13:53,20,,,,,,,,,175,大潮相当,5,strong,1,0,0,0,0
20230708,2023,7,8,東京,3019,125.8,,134,113,102,105,121,144,166,181,183,171,148,118,86,59,43,42,56,83,116,148,171,183,180,166,07:39,183,02:17,101,21:19,183,14:34,40,,,,,,,,,143,中潮相当,4,mid,0,1,0,0,0
20230709,2023,7,9,東京,3029,126.2,,145,121,103,95,100,115,135,154,167,169,160,141,117,92,73,64,67,83,107,135,159,175,180,172,08:41,170,03:08,95,21:52,180,15:14,63,,,,,,,,,117,小潮相当,3,weak,0,0,1,0,0
20230710,2023,7,10,東京,3043,126.8,L,155,134,112,96,89,93,105,123,140,152,156,151,137,120,104,92,88,93,107,127,149,167,177,176,09:54,156,04:08,89,22:25,178,15:56,87,,,,,,,,,91,小潮相当,3,weak,0,0,1,0,0
20230711,2023,7,11,東京,3053,127.2,,165,147,125,105,89,81,83,93,109,126,140,147,146,139,129,119,112,110,115,126,142,158,171,176,11:22,147,05:21,81,23:02,176,16:49,110,,,,,,,,,95,小潮相当,3,weak,0,0,1,0,0
20230712,2023,7,12,東京,3058,127.4,,171,159,141,121,100,82,72,71,80,96,115,131,142,146,145,141,136,130,127,130,138,150,163,171,13:19,146,06:35,70,23:47,174,18:05,127,,,,,,,,,104,小潮相当,3,weak,0,0,1,0,0
20230713,2023,7,13,東京,3065,127.7,,173,168,156,139,117,94,74,61,59,69,87,108,128,143,152,156,155,150,143,137,137,143,153,163,15:15,156,07:39,58,,,19:32,137,,,,,,,,,98,小潮相当,3,weak,0,0,1,0,0
20230714,2023,7,14,東京,3075,128.1,,170,172,168,156,138,114,87,63,50,49,61,82,107,130,150,163,169,167,158,148,140,138,143,152,00:49,172,08:33,48,16:13,169,20:47,138,,,,,,,,,124,中潮相当,4,mid,0,1,0,0,0
20230715,2023,7,15,東京,3082,128.4,,162,171,174,170,158,136,107,77,52,40,42,57,82,111,138,161,175,178,172,160,147,137,135,140,02:02,174,09:21,39,16:50,179,21:47,135,,,,,,,,,140,中潮相当,4,mid,0,1,0,0,0
20230716,2023,7,16,東京,3085,128.5,,151,163,174,179,174,157,130,97,65,41,32,38,58,87,120,151,174,184,183,171,155,140,131,130,03:04,179,10:06,32,17:21,185,22:35,129,,,,,,,,,153,中潮相当,4,mid,0,1,0,0,0
20230717,2023,7,17,東京,3082,128.4,,138,152,168,180,184,175,153,120,84,53,32,27,39,64,98,134,165,184,189,180,164,146,130,123,03:51,184,10:48,27,17:50,189,23:14,123,,,,,,,,,162,大潮相当,5,strong,1,0,0,0,0
20230718,2023,7,18,東京,3075,128.1,N,126,138,157,175,188,187,172,144,107,71,42,26,27,45,76,114,151,177,189,186,172,152,133,120,04:30,189,11:27,24,18:17,190,23:48,116,,,,,,,,,166,大潮相当,5,strong,1,0,0,0,0
20230719,2023,7,19,東京,3067,127.8,,116,125,143,165,184,192,186,164,130,93,59,34,24,32,57,94,133,166,185,189,178,160,138,120,05:05,193,12:03,24,18:43,189,,,,,,,,,,,169,大潮相当,5,strong,1,0,0,0,0
20230720,2023,7,20,東京,3063,127.6,,111,113,128,150,174,190,192,178,151,115,79,49,31,29,45,76,115,152,178,188,183,167,145,124,05:38,193,00:19,110,19:09,188,12:37,27,,,,,,,,,166,大潮相当,5,strong,1,0,0,0,0
20230721,2023,7,21,東京,3059,127.5,,109,105,114,134,159,180,190,185,166,136,101,69,44,34,40,64,99,137,167,184,186,173,153,130,06:12,190,00:49,104,19:35,187,13:07,33,,,,,,,,,157,中潮相当,4,mid,0,1,0,0,0
20230722,2023,7,22,東京,3053,127.2,,110,100,103,117,140,163,180,184,174,151,121,90,63,46,44,59,88,123,155,178,186,179,161,138,06:47,184,01:19,100,20:01,186,13:36,43,,,,,,,,,143,中潮相当,4,mid,0,1,0,0,0
20230723,2023,7,23,東京,3057,127.4,,116,100,96,104,121,144,163,174,174,161,138,111,84,64,56,62,82,112,143,169,183,183,169,148,07:27,176,01:51,96,20:28,185,14:05,56,,,,,,,,,129,中潮相当,4,mid,0,1,0,0,0
20230724,2023,7,24,東京,3065,127.7,,124,104,94,94,105,123,142,158,166,163,149,129,106,86,73,73,84,106,133,159,177,183,176,158,08:14,166,02:27,93,20:57,183,14:34,71,,,,,,,,,112,小潮相当,3,weak,0,0,1,0,0
20230725,2023,7,25,東京,3070,127.9,,134,112,96,90,93,104,120,136,150,156,153,142,125,108,95,89,93,106,126,148,168,180,179,167,09:12,156,03:11,90,21:28,181,15:07,89,,,,,,,,,92,小潮相当,3,weak,0,0,1,0,0
20230726,2023,7,26,東京,3076,128.2,U,146,124,104,91,86,88,98,112,127,140,148,147,140,129,118,111,108,113,124,140,158,173,178,173,10:25,148,04:09,86,22:03,178,15:51,108,,,,,,,,,92,小潮相当,3,weak,0,0,1,0,0
20230727,2023,7,27,東京,3079,128.3,,158,138,117,99,86,80,80,87,100,117,132,142,146,144,139,134,129,127,129,136,149,162,173,175,12:07,146,05:29,79,22:46,176,17:07,127,,,,,,,,,97,小潮相当,3,weak,0,0,1,0,0
20230728,2023,7,28,東京,3075,128.1,,168,153,134,114,95,80,69,66,73,87,106,125,140,150,155,155,152,146,140,138,142,152,163,172,14:33,156,06:48,66,23:44,174,18:52,138,,,,,,,,,108,小潮相当,3,weak,0,0,1,0,0
20230729,2023,7,29,東京,3073,128.0,,173,167,154,136,114,91,70,55,50,57,74,97,121,143,160,170,172,167,158,147,141,143,151,162,15:49,172,07:54,50,,,20:19,141,,,,,,,,,122,中潮相当,4,mid,0,1,0,0,0
20230730,2023,7,30,東京,3066,127.8,,171,175,172,160,140,114,84,57,39,33,42,62,91,121,150,173,185,186,177,162,147,139,139,147,01:05,175,08:53,33,16:35,187,21:28,138,,,,,,,,,154,中潮相当,4,mid,0,1,0,0,0
20230731,2023,7,31,東京,3069,127.9,,161,174,182,182,169,145,112,76,44,24,18,29,54,89,127,162,187,198,194,179,159,141,131,132,02:27,183,09:49,18,17:14,198,22:24,130,,,,,,,,,180,大潮相当,5,strong,1,0,0,0,0
20230801,2023,8,1,東京,3070,127.9,,143,162,181,193,193,178,147,108,67,32,11,7,22,53,94,138,175,198,204,194,173,149,129,119,03:31,195,10:42,7,17:50,205,23:12,119,,,,,,,,,198,大潮相当,5,strong,1,0,0,0,0
20230802,2023,8,2,東京,3088,128.7,F,124,141,166,190,205,203,182,146,102,59,24,4,4,24,61,107,153,188,205,204,187,161,134,114,04:24,206,11:31,,18:25,207,,,,,,,,,,,201,大潮相当,5,strong,1,0,0,0,0
20230803,2023,8,3,東京,3102,129.3,,107,117,141,172,198,212,206,180,141,96,53,21,5,10,37,79,126,169,197,206,196,173,144,116,05:12,212,12:15,4,18:57,206,,,,,,,,,,,208,大潮相当,5,strong,1,0,0,0,0
20230804,2023,8,4,東京,3114,129.8,,98,96,113,143,177,202,212,201,173,134,91,52,24,15,28,60,103,148,182,200,200,183,155,124,05:59,212,00:34,94,19:27,202,12:55,15,,,,,,,,,197,大潮相当,5,strong,1,0,0,0,0
20230805,2023,8,5,東京,3124,130.2,,97,84,89,112,145,177,199,204,191,163,126,88,56,36,36,55,90,130,167,191,198,189,166,135,06:46,205,01:14,83,19:55,199,13:31,34,,,,,,,,,171,大潮相当,5,strong,1,0,0,0,0
20230806,2023,8,6,東京,3134,130.6,,105,82,75,86,112,144,172,189,191,177,152,120,90,67,57,65,88,121,154,180,194,191,174,148,07:36,192,01:53,75,20:20,195,14:04,57,,,,,,,,,138,中潮相当,4,mid,0,1,0,0,0
20230807,2023,8,7,東京,3134,130.6,,117,90,74,72,86,111,138,162,175,175,162,142,118,97,84,83,96,119,146,171,187,190,180,159,08:30,176,02:36,71,20:44,191,14:33,82,,,,,,,,,120,中潮相当,4,mid,0,1,0,0,0
20230808,2023,8,8,東京,3131,130.5,L,132,105,83,71,72,86,107,129,148,159,159,150,136,122,110,106,111,124,143,163,179,186,182,168,09:31,160,03:24,70,21:09,186,15:00,106,,,,,,,,,116,小潮相当,3,weak,0,0,1,0,0
20230809,2023,8,9,東京,3127,130.3,,146,122,100,82,73,73,83,100,119,135,145,147,144,138,131,128,128,133,144,157,170,178,179,172,10:52,147,04:26,72,21:37,180,15:27,127,,,,,,,,,108,小潮相当,3,weak,0,0,1,0,0
20230810,2023,8,10,東京,3116,129.8,,157,139,119,100,85,74,72,78,91,108,123,135,141,144,145,145,145,145,147,153,160,168,172,170,22:17,172,05:46,72,,,,,,,,,,,,,100,小潮相当,3,weak,0,0,1,0,0
20230811,2023,8,11,東京,3116,129.8,,164,153,139,122,104,87,73,67,71,83,99,116,131,143,152,158,159,158,154,152,152,156,160,163,15:55,160,07:07,67,23:40,164,19:18,152,,,,,,,,,97,小潮相当,3,weak,0,0,1,0,0
20230812,2023,8,12,東京,3116,129.8,,164,161,155,144,128,107,85,68,60,63,75,93,114,134,151,164,171,170,163,154,148,145,147,152,16:20,171,08:14,60,,,21:02,145,,,,,,,,,111,小潮相当,3,weak,0,0,1,0,0
20230813,2023,8,13,東京,3113,129.7,,158,163,165,162,151,130,105,79,59,51,55,70,92,118,144,165,177,179,172,160,147,138,135,138,02:01,165,09:09,51,16:43,180,21:57,135,,,,,,,,,129,中潮相当,4,mid,0,1,0,0,0
20230814,2023,8,14,東京,3112,129.7,,147,158,169,174,170,154,128,97,68,49,43,51,70,99,130,159,179,186,181,167,150,134,125,124,03:07,175,09:56,43,17:05,186,22:34,124,,,,,,,,,143,中潮相当,4,mid,0,1,0,0,0
20230815,2023,8,15,東京,3113,129.7,,133,148,166,180,184,175,152,119,85,56,39,37,51,78,112,147,175,189,188,175,156,135,120,113,03:51,184,10:37,36,17:27,190,23:04,113,,,,,,,,,154,中潮相当,4,mid,0,1,0,0,0
20230816,2023,8,16,東京,3113,129.7,N,118,134,156,178,191,190,173,142,106,71,45,32,37,59,94,132,166,188,193,183,163,139,118,105,04:26,192,11:13,32,17:49,193,23:33,103,,,,,,,,,161,大潮相当,5,strong,1,0,0,0,0
20230817,2023,8,17,東京,3116,129.8,,105,118,141,168,190,198,189,164,129,91,58,37,32,46,77,116,155,183,194,189,170,145,120,101,04:59,198,11:45,31,18:10,195,,,,,,,,,,,167,大潮相当,5,strong,1,0,0,0,0
20230818,2023,8,18,東京,3116,129.8,,94,102,123,152,180,197,197,180,150,113,77,49,35,41,64,101,142,175,193,194,178,153,125,101,05:31,199,00:00,94,18:30,196,12:15,35,,,,,,,,,164,大潮相当,5,strong,1,0,0,0,0
20230819,2023,8,19,東京,3124,130.2,,87,88,105,133,164,188,197,190,167,134,98,67,47,43,59,90,129,166,190,196,186,162,133,105,06:04,197,00:27,86,18:51,196,12:42,42,,,,,,,,,155,中潮相当,4,mid,0,1,0,0,0
20230820,2023,8,20,東京,3127,130.3,,85,79,89,112,143,171,189,191,178,152,120,88,64,53,60,84,119,155,183,196,191,171,142,112,06:38,192,00:54,79,19:13,196,13:07,53,,,,,,,,,143,中潮相当,4,mid,0,1,0,0,0
20230821,2023,8,21,東京,3133,130.5,,88,75,77,94,121,150,173,184,181,164,138,110,85,69,69,84,112,145,174,192,194,179,153,122,07:16,185,01:22,74,19:35,195,13:33,67,,,,,,,,,128,中潮相当,4,mid,0,1,0,0,0
20230822,2023,8,22,東京,3134,130.6,,95,76,71,79,100,126,151,169,175,169,152,129,106,90,84,91,110,137,165,185,192,184,163,135,07:59,175,01:53,70,19:59,192,13:58,84,,,,,,,,,122,中潮相当,4,mid,0,1,0,0,0
20230823,2023,8,23,東京,3132,130.5,,106,83,71,71,83,103,126,147,161,164,158,143,126,111,103,104,115,133,156,175,187,186,172,148,08:50,165,02:28,69,20:26,188,14:25,102,,,,,,,,,119,小潮相当,3,weak,0,0,1,0,0
20230824,2023,8,24,東京,3121,130.0,U,120,95,78,70,73,84,101,121,138,150,154,150,141,131,124,121,125,135,150,165,178,182,176,159,09:57,154,03:14,70,20:56,182,14:55,121,,,,,,,,,112,小潮相当,3,weak,0,0,1,0,0
20230825,2023,8,25,東京,3108,129.5,,136,113,92,78,72,72,80,93,110,127,139,146,148,146,144,142,141,143,148,157,166,174,174,167,11:54,148,04:25,71,21:36,175,15:50,141,,,,,,,,,104,小潮相当,3,weak,0,0,1,0,0
20230826,2023,8,26,東京,3087,128.6,,152,133,114,96,81,71,66,70,80,96,114,130,143,153,158,161,159,156,153,152,155,161,166,167,15:08,161,06:06,66,22:45,168,18:39,152,,,,,,,,,102,小潮相当,3,weak,0,0,1,0,0
20230827,2023,8,27,東京,3070,127.9,,163,154,140,123,103,83,66,56,55,64,81,102,125,146,164,174,177,173,163,153,147,147,152,159,15:51,177,07:35,54,,,20:32,147,,,,,,,,,123,中潮相当,4,mid,0,1,0,0,0
20230828,2023,8,28,東京,3060,127.5,,165,167,164,153,134,109,82,57,42,39,48,68,96,128,157,179,190,189,177,160,145,135,134,142,00:59,167,08:45,38,16:23,191,21:35,133,,,,,,,,,153,中潮相当,4,mid,0,1,0,0,0
20230829,2023,8,29,東京,3065,127.7,,155,169,179,180,168,144,112,77,47,28,24,37,63,99,138,172,194,201,192,172,148,128,118,120,02:35,181,09:44,24,16:53,201,22:20,117,,,,,,,,,177,大潮相当,5,strong,1,0,0,0,0
20230830,2023,8,30,東京,3085,128.5,,134,156,179,195,197,181,150,110,70,36,17,16,34,68,112,155,189,206,203,185,157,129,107,99,03:35,198,10:34,14,17:22,207,22:59,99,,,,,,,,,193,大潮相当,5,strong,1,0,0,0,0
20230831,2023,8,31,東京,3114,129.8,F,107,131,163,192,210,208,186,149,105,63,30,14,18,44,85,133,175,202,209,197,169,136,104,84,04:25,211,11:18,13,17:50,210,23:36,81,,,,,,,,,198,大潮相当,5,strong,1,0,0,0,0
20230901,2023,9,1,東京,3147,131.1,,82,100,133,171,203,218,211,184,144,100,59,30,20,33,66,111,157,193,209,204,181,147,111,80,05:11,218,11:57,,18:16,210,,,,,,,,,,,198,大潮相当,5,strong,1,0,0,0,0
20230902,2023,9,2,東京,3172,132.2,,65,72,99,138,179,207,217,205,175,136,95,60,39,38,59,97,141,180,203,207,191,160,123,86,05:56,217,00:13,65,18:40,208,12:32,36,,,,,,,,,181,大潮相当,5,strong,1,0,0,0,0
20230903,2023,9,3,東京,3185,132.7,,61,54,69,103,144,181,204,207,192,163,128,93,67,56,66,93,131,168,195,205,196,172,137,100,06:40,208,00:48,53,19:02,205,13:03,56,,,,,,,,,155,中潮相当,4,mid,0,1,0,0,0
20230904,2023,9,4,東京,3184,132.7,,68,50,52,73,108,146,177,193,192,176,151,122,97,82,82,98,127,159,186,200,198,180,151,116,07:27,194,01:25,48,19:23,201,13:31,80,,,,,,,,,153,中潮相当,4,mid,0,1,0,0,0
20230905,2023,9,5,東京,3168,132.0,,83,58,49,57,81,113,144,167,177,174,161,141,121,107,102,109,128,153,177,192,195,184,162,133,08:16,178,02:03,49,19:43,195,13:54,102,,,,,,,,,146,中潮相当,4,mid,0,1,0,0,0
20230906,2023,9,6,東京,3146,131.1,,102,76,59,55,66,87,113,137,154,161,158,149,137,127,121,124,134,151,168,182,188,183,168,146,09:12,161,02:45,55,20:03,188,14:14,121,,,,,,,,,133,中潮相当,4,mid,0,1,0,0,0
20230907,2023,9,7,東京,3123,130.1,L,121,97,78,67,65,74,90,109,127,140,147,147,144,140,138,138,143,151,161,171,177,176,168,154,10:32,148,03:39,65,20:24,177,14:21,137,,,,,,,,,112,小潮相当,3,weak,0,0,1,0,0
20230908,2023,9,8,東京,3105,129.4,,137,119,102,87,77,73,77,88,102,117,129,137,143,146,149,151,152,154,157,161,164,165,162,156,20:48,165,05:00,73,,,,,,,,,,,,,92,小潮相当,3,weak,0,0,1,0,0
20230909,2023,9,9,東京,3089,128.7,,147,137,125,111,97,84,76,75,82,93,108,122,135,146,155,161,162,160,156,153,151,151,151,151,15:49,162,06:37,75,,,,,,,,,,,,,87,小潮相当,3,weak,0,0,1,0,0
20230910,2023,9,10,東京,3081,128.4,,151,149,144,135,121,103,85,72,68,73,86,103,122,141,157,168,171,168,159,149,141,137,137,141,15:58,171,07:56,68,,,21:27,136,,,,,,,,,103,小潮相当,3,weak,0,0,1,0,0
20230911,2023,9,11,東京,3075,128.1,,147,154,158,156,145,126,102,79,64,59,66,82,104,130,153,171,179,176,165,150,135,125,122,127,02:13,159,08:54,59,16:15,179,21:53,122,,,,,,,,,120,中潮相当,4,mid,0,1,0,0,0
20230912,2023,9,12,東京,3074,128.1,,138,152,165,171,166,149,123,94,69,54,51,63,85,115,145,169,183,184,173,154,134,117,109,111,03:06,171,09:39,51,16:33,185,22:18,108,,,,,,,,,134,中潮相当,4,mid,0,1,0,0,0
20230913,2023,9,13,東京,3082,128.4,,124,143,164,180,183,171,146,114,82,57,45,49,67,98,133,164,184,190,181,161,137,114,99,96,03:44,183,10:17,44,16:51,190,22:44,95,,,,,,,,,146,中潮相当,4,mid,0,1,0,0,0
20230914,2023,9,14,東京,3092,128.8,,106,128,156,180,192,188,168,137,101,69,48,42,54,82,119,155,182,194,189,169,142,115,93,83,04:17,193,10:50,42,17:10,194,23:09,83,,,,,,,,,152,中潮相当,4,mid,0,1,0,0,0
20230915,2023,9,15,東京,3108,129.5,N,89,109,140,171,193,199,186,159,124,88,59,44,47,69,105,145,178,196,195,178,150,119,91,74,04:49,199,11:19,43,17:28,198,23:34,71,,,,,,,,,156,中潮相当,4,mid,0,1,0,0,0
20230916,2023,9,16,東京,3119,130.0,,73,89,119,155,185,200,198,178,146,109,76,54,48,63,94,133,170,194,200,186,159,126,94,70,05:21,202,11:47,48,17:46,200,,,,,,,,,,,154,中潮相当,4,mid,0,1,0,0,0
20230917,2023,9,17,東京,3132,130.5,,61,71,97,133,168,193,201,190,165,131,98,70,57,63,87,123,161,190,201,194,170,136,101,71,05:54,201,00:00,61,18:06,201,12:13,57,,,,,,,,,144,中潮相当,4,mid,0,1,0,0,0
20230918,2023,9,18,東京,3134,130.6,,55,56,76,109,146,177,194,194,178,151,119,91,73,70,85,115,151,182,199,198,179,147,111,78,06:29,196,00:26,53,18:26,201,12:39,69,,,,,,,,,148,中潮相当,4,mid,0,1,0,0,0
20230919,2023,9,19,東京,3137,130.7,,55,49,60,86,121,155,179,189,183,165,139,112,92,83,90,112,143,173,194,199,186,159,124,89,07:07,189,00:53,49,18:47,199,13:04,83,,,,,,,,,150,中潮相当,4,mid,0,1,0,0,0
20230920,2023,9,20,東京,3127,130.3,,62,48,51,68,97,129,157,175,179,171,153,131,112,101,101,114,137,163,185,194,189,168,138,104,07:49,179,01:22,47,19:09,195,13:29,99,,,,,,,,,148,中潮相当,4,mid,0,1,0,0,0
20230921,2023,9,21,東京,3114,129.8,,75,56,50,58,77,104,131,152,165,167,159,145,131,120,116,122,136,156,174,186,187,174,151,122,08:40,167,01:55,50,19:33,188,13:55,116,,,,,,,,,138,中潮相当,4,mid,0,1,0,0,0
20230922,2023,9,22,東京,3090,128.8,,93,71,58,56,65,82,103,125,142,152,155,152,145,138,134,135,141,152,164,175,179,174,160,139,09:52,155,02:39,55,20:00,179,14:23,133,,,,,,,,,124,中潮相当,4,mid,0,1,0,0,0
20230923,2023,9,23,東京,3056,127.3,U,115,93,76,66,63,68,80,95,113,128,140,147,151,151,151,150,150,153,157,162,167,167,162,151,12:56,151,03:49,63,20:38,168,15:22,150,,,,,,,,,105,小潮相当,3,weak,0,0,1,0,0
20230924,2023,9,24,東京,3023,126.0,,136,119,102,87,74,67,65,71,82,98,115,132,146,157,164,166,164,159,154,151,151,153,155,155,14:55,166,05:44,65,22:24,155,19:27,151,,,,,,,,,101,小潮相当,3,weak,0,0,1,0,0
20230925,2023,9,25,東京,2997,124.9,,151,144,132,117,99,80,65,57,57,67,85,107,131,153,170,179,178,169,157,144,136,134,139,146,15:25,179,07:26,56,,,20:47,134,,,,,,,,,123,中潮相当,4,mid,0,1,0,0,0
20230926,2023,9,26,東京,2992,124.7,,155,161,160,151,132,108,81,59,45,44,55,78,108,140,168,185,190,182,165,144,125,115,115,126,01:25,161,08:36,43,15:51,190,21:27,114,,,,,,,,,147,中潮相当,4,mid,0,1,0,0,0
20230927,2023,9,27,東京,3008,125.3,,144,163,177,180,168,144,112,78,51,35,35,52,81,119,156,185,198,195,176,149,121,100,91,98,02:42,180,09:30,33,16:17,199,22:03,91,,,,,,,,,166,大潮相当,5,strong,1,0,0,0,0
20230928,2023,9,28,東京,3047,127.0,,120,149,177,195,197,180,150,111,74,45,30,35,59,96,139,177,200,204,189,160,125,93,72,70,03:35,198,10:15,30,16:42,205,22:37,69,,,,,,,,,175,大潮相当,5,strong,1,0,0,0,0
20230929,2023,9,29,東京,3096,129.0,F,87,120,159,192,210,207,185,149,108,70,43,35,47,78,121,164,195,208,200,173,136,96,64,49,04:22,211,10:55,34,17:06,208,23:12,49,,,,,,,,,177,大潮相当,5,strong,1,0,0,0,0
20230930,2023,9,30,東京,3139,130.8,,56,84,126,170,203,216,208,181,144,104,69,49,49,70,107,150,186,207,207,186,150,108,68,41,05:06,216,11:31,46,17:29,210,23:47,34,,,,,,,,,182,大潮相当,5,strong,1,0,0,0,0
20231001,2023,10,1,東京,3162,131.8,,34,52,89,136,178,206,213,200,172,136,101,74,63,72,100,138,176,201,209,195,165,124,82,46,05:50,214,12:03,63,17:51,209,,,,,,,,,,,151,中潮相当,4,mid,0,1,0,0,0
20231002,2023,10,2,東京,3169,132.0,,27,31,57,99,144,181,202,203,187,161,130,102,85,84,101,131,165,193,206,200,177,141,100,62,06:33,205,00:21,26,18:12,206,12:33,82,,,,,,,,,180,大潮相当,5,strong,1,0,0,0,0
20231003,2023,10,3,東京,3153,131.4,,35,25,38,69,109,149,178,191,188,172,149,126,108,100,108,129,157,183,199,199,184,155,119,83,07:18,192,00:56,25,18:32,201,13:00,100,,,,,,,,,176,大潮相当,5,strong,1,0,0,0,0
20231004,2023,10,4,東京,3123,130.1,,52,34,34,51,82,117,148,169,177,172,158,142,126,117,119,131,151,173,188,193,185,164,136,104,08:04,177,01:32,32,18:52,193,13:24,117,,,,,,,,,161,大潮相当,5,strong,1,0,0,0,0
20231005,2023,10,5,東京,3089,128.7,,75,54,44,48,66,92,120,143,157,162,158,149,139,132,130,136,148,163,176,182,179,167,147,122,08:58,162,02:12,43,19:12,183,13:45,130,,,,,,,,,140,中潮相当,4,mid,0,1,0,0,0
20231006,2023,10,6,東京,3055,127.3,L,98,78,63,58,63,77,97,117,134,145,149,149,146,142,141,143,148,156,164,169,169,163,151,135,10:18,150,03:01,58,19:30,170,14:02,141,,,,,,,,,112,小潮相当,3,weak,0,0,1,0,0
20231007,2023,10,7,東京,3024,126.0,,118,102,87,77,72,73,82,96,111,125,135,142,147,149,150,150,151,152,153,155,155,153,148,141,19:33,155,04:15,71,,,,,,,,,,,,,84,小潮相当,3,weak,0,0,1,0,0
20231008,2023,10,8,東京,3001,125.0,,132,123,112,100,88,80,77,81,90,104,118,131,143,152,157,159,157,152,147,142,140,138,139,139,14:56,159,05:57,77,23:57,140,21:22,138,,,,,,,,,82,小潮相当,3,weak,0,0,1,0,0
20231009,2023,10,9,東京,2989,124.5,,140,139,134,124,110,95,81,74,75,84,99,116,135,150,162,167,165,157,145,134,126,122,124,131,15:12,167,07:23,73,,,21:07,122,,,,,,,,,94,小潮相当,3,weak,0,0,1,0,0
20231010,2023,10,10,東京,2983,124.3,,139,147,151,146,134,115,94,76,67,68,80,99,122,145,163,173,173,164,148,131,116,107,108,117,01:59,151,08:23,66,15:30,174,21:27,106,,,,,,,,,108,小潮相当,3,weak,0,0,1,0,0
20231011,2023,10,11,東京,2987,124.5,,132,148,160,164,156,138,113,88,68,60,65,82,108,136,161,177,180,172,154,131,110,95,90,99,02:50,164,09:07,60,15:48,181,21:50,90,,,,,,,,,121,中潮相当,4,mid,0,1,0,0,0
20231012,2023,10,12,東京,3003,125.1,,117,141,162,175,175,160,135,106,79,61,57,69,93,125,156,178,187,181,162,136,108,86,75,79,03:28,177,09:44,56,16:05,187,22:14,74,,,,,,,,,131,中潮相当,4,mid,0,1,0,0,0
20231013,2023,10,13,東京,3021,125.9,,97,126,155,178,187,180,158,128,96,70,57,61,81,113,147,176,191,189,171,143,111,82,63,61,04:03,187,10:17,56,16:23,192,22:39,59,,,,,,,,,136,中潮相当,4,mid,0,1,0,0,0
20231014,2023,10,14,東京,3046,126.9,,75,105,140,172,191,193,179,151,118,87,65,60,73,102,138,171,192,196,181,153,118,83,57,46,04:37,195,10:48,60,16:41,197,23:05,46,,,,,,,,,151,中潮相当,4,mid,0,1,0,0,0
20231015,2023,10,15,東京,3068,127.8,N,54,81,118,156,186,199,193,172,141,108,81,67,71,93,128,163,190,200,191,164,128,89,57,38,05:12,199,11:17,66,17:01,200,23:31,35,,,,,,,,,165,大潮相当,5,strong,1,0,0,0,0
20231016,2023,10,16,東京,3085,128.5,,37,57,92,134,171,194,199,187,162,130,101,81,76,90,119,154,184,201,198,176,141,101,63,37,05:47,199,11:45,76,17:21,202,23:58,28,,,,,,,,,174,大潮相当,5,strong,1,0,0,0,0
20231017,2023,10,17,東京,3085,128.5,,28,38,67,107,148,179,195,193,176,151,122,99,87,92,113,144,175,196,200,185,155,115,76,44,06:24,196,12:13,87,17:43,201,,,,,,,,,,,114,小潮相当,3,weak,0,0,1,0,0
20231018,2023,10,18,東京,3077,128.2,,26,27,47,81,120,156,180,189,183,165,141,119,103,100,112,136,165,188,198,191,167,132,93,58,07:03,189,00:27,24,18:06,198,12:42,100,,,,,,,,,174,大潮相当,5,strong,1,0,0,0,0
20231019,2023,10,19,東京,3058,127.4,,34,26,35,59,93,128,157,174,179,171,155,137,121,113,117,133,155,177,190,190,175,147,113,79,07:49,179,00:59,26,18:30,192,13:11,113,,,,,,,,,166,大潮相当,5,strong,1,0,0,0,0
20231020,2023,10,20,東京,3023,126.0,,51,35,34,46,70,100,128,151,164,166,160,149,138,129,127,134,148,165,178,183,176,158,131,102,08:46,167,01:36,32,18:56,183,13:43,127,,,,,,,,,151,中潮相当,4,mid,0,1,0,0,0
20231021,2023,10,21,東京,2985,124.4,,74,54,44,45,57,76,99,122,140,152,156,155,150,144,140,141,146,155,164,171,170,161,145,124,10:12,156,02:25,43,19:27,171,14:27,140,,,,,,,,,128,中潮相当,4,mid,0,1,0,0,0
20231022,2023,10,22,東京,2942,122.6,U,101,81,65,56,55,62,75,93,111,129,142,151,156,156,154,151,149,149,151,154,156,155,150,140,12:37,156,03:37,55,20:15,156,16:31,148,,,,,,,,,101,小潮相当,3,weak,0,0,1,0,0
20231023,2023,10,23,東京,2905,121.0,,126,111,95,80,68,62,62,70,83,101,121,139,154,163,166,163,156,148,140,136,136,138,142,145,13:58,166,05:28,61,23:21,145,19:37,135,,,,,,,,,105,小潮相当,3,weak,0,0,1,0,0
20231024,2023,10,24,東京,2884,120.2,,144,138,128,112,94,77,64,58,62,75,96,121,144,163,174,175,167,152,135,121,113,114,122,135,14:35,176,07:06,58,,,20:26,113,,,,,,,,,118,小潮相当,3,weak,0,0,1,0,0
20231025,2023,10,25,東京,2894,120.6,,148,156,156,146,128,105,81,62,54,57,74,99,129,157,177,184,179,162,138,113,95,88,94,112,01:30,157,08:13,53,15:04,184,21:02,88,,,,,,,,,131,中潮相当,4,mid,0,1,0,0,0
20231026,2023,10,26,東京,2928,122.0,,135,158,173,174,163,140,111,82,61,52,59,80,112,146,174,190,190,174,147,114,84,66,64,79,02:38,175,09:04,52,15:30,192,21:36,62,,,,,,,,,140,中潮相当,4,mid,0,1,0,0,0
20231027,2023,10,27,東京,2976,124.0,,108,142,172,189,189,173,145,112,82,61,56,69,96,132,166,190,198,187,160,123,85,54,40,47,03:31,191,09:47,56,15:55,198,22:11,40,,,,,,,,,158,中潮相当,4,mid,0,1,0,0,0
20231028,2023,10,28,東京,3033,126.4,,73,112,153,185,201,197,177,146,112,83,66,67,86,119,155,186,202,198,175,138,95,56,29,22,04:18,202,10:27,64,16:19,203,22:46,22,,,,,,,,,181,大潮相当,5,strong,1,0,0,0,0
20231029,2023,10,29,東京,3081,128.4,F,40,76,122,165,195,206,198,174,143,111,86,76,85,110,144,177,200,204,188,156,113,68,32,12,05:03,206,11:03,76,16:43,205,23:21,11,,,,,,,,,195,大潮相当,5,strong,1,0,0,0,0
20231030,2023,10,30,東京,3101,129.2,,16,43,86,133,174,198,204,191,167,137,110,93,91,107,135,167,193,204,197,171,132,88,47,17,05:47,204,11:36,90,17:07,204,23:56,,,,,,,,,,114,小潮相当,3,weak,0,0,1,0,0
20231031,2023,10,31,東京,3097,129.0,,7,21,54,99,143,178,195,195,181,157,132,112,103,109,129,157,183,199,199,182,150,110,68,34,06:29,197,12:07,102,17:31,201,,,,,,,,,,,99,小潮相当,3,weak,0,0,1,0,0
20231101,2023,11,1,東京,3070,127.9,,14,13,34,70,112,150,176,187,183,168,148,129,116,115,126,147,171,189,195,186,163,129,92,57,07:12,187,00:31,11,17:55,195,12:37,114,,,,,,,,,184,大潮相当,5,strong,1,0,0,0,0
20231102,2023,11,2,東京,3025,126.0,,31,20,27,51,85,121,151,170,175,169,156,141,128,123,127,140,159,176,186,183,168,143,113,82,07:56,175,01:07,20,18:19,186,13:06,123,,,,,,,,,166,大潮相当,5,strong,1,0,0,0,0
20231103,2023,11,3,東京,2981,124.2,,55,38,34,44,67,97,125,148,160,163,158,148,138,131,130,137,149,163,172,175,167,151,128,103,08:46,163,01:46,33,18:43,175,13:37,130,,,,,,,,,142,中潮相当,4,mid,0,1,0,0,0
20231104,2023,11,4,東京,2938,122.4,,80,61,50,50,60,80,103,125,142,151,153,150,145,139,136,137,142,150,157,161,159,150,137,120,09:50,154,02:32,48,19:09,161,14:17,136,,,,,,,,,113,小潮相当,3,weak,0,0,1,0,0
20231105,2023,11,5,東京,2904,121.0,L,102,85,72,64,64,71,86,104,122,136,145,149,149,146,143,141,140,141,143,145,145,143,138,130,11:25,149,03:32,63,19:38,145,15:54,140,,,,,,,,,86,小潮相当,3,weak,0,0,1,0,0
20231106,2023,11,6,東京,2878,119.9,,119,108,95,84,75,73,77,88,102,119,133,144,150,152,151,147,142,136,132,129,129,130,131,132,13:04,152,04:55,73,22:58,132,19:51,129,,,,,,,,,79,長潮相当,2,very_weak,0,0,0,1,0
20231107,2023,11,7,東京,2863,119.3,,130,126,118,106,94,83,77,78,87,101,119,135,148,156,158,155,147,137,125,116,111,112,118,126,13:53,158,06:22,76,,,20:22,111,,,,,,,,,82,小潮相当,3,weak,0,0,1,0,0
20231108,2023,11,8,東京,2862,119.3,,134,138,137,129,116,100,85,76,77,86,104,124,143,158,165,164,155,141,123,107,96,93,99,112,01:18,138,07:29,75,14:22,165,20:48,93,,,,,,,,,90,小潮相当,3,weak,0,0,1,0,0
20231109,2023,11,9,東京,2871,119.6,,129,143,150,149,139,121,101,84,75,77,90,111,135,156,169,172,164,148,126,102,84,75,78,93,02:22,151,08:20,74,14:46,172,21:14,74,,,,,,,,,98,小潮相当,3,weak,0,0,1,0,0
20231110,2023,11,10,東京,2891,120.5,,115,138,156,164,160,145,123,99,81,74,81,99,125,151,171,179,174,157,132,103,77,60,57,70,03:09,164,09:02,74,15:08,179,21:40,56,,,,,,,,,123,中潮相当,4,mid,0,1,0,0,0
20231111,2023,11,11,東京,2920,121.7,,95,125,153,171,176,166,146,120,96,79,77,90,115,144,169,184,184,169,142,108,75,50,39,47,03:49,176,09:39,76,15:30,186,22:06,39,,,,,,,,,147,中潮相当,4,mid,0,1,0,0,0
20231112,2023,11,12,東京,2951,123.0,,70,104,140,169,184,183,168,143,116,92,81,86,105,134,164,185,191,181,155,119,80,47,28,26,04:28,186,10:13,81,15:52,192,22:34,24,,,,,,,,,168,大潮相当,5,strong,1,0,0,0,0
20231113,2023,11,13,東京,2980,124.2,N,45,78,118,156,182,192,185,165,138,111,92,87,99,124,155,182,195,191,169,134,92,53,24,13,05:05,192,10:47,87,16:17,196,23:04,13,,,,,,,,,183,大潮相当,5,strong,1,0,0,0,0
20231114,2023,11,14,東京,3001,125.0,,22,50,90,133,169,190,194,182,159,132,108,95,98,116,145,174,194,198,183,151,110,67,31,10,05:44,195,11:20,94,16:42,199,23:35,6,,,,,,,,,193,大潮相当,5,strong,1,0,0,0,0
20231115,2023,11,15,東京,3000,125.0,,8,26,61,104,145,176,191,190,175,151,127,108,102,112,134,163,187,198,192,168,130,87,47,18,06:24,193,11:53,102,17:10,199,,,,,,,,,,,97,小潮相当,3,weak,0,0,1,0,0
20231116,2023,11,16,東京,2983,124.3,,5,11,36,74,115,152,177,187,181,166,144,125,113,113,127,151,175,192,194,179,149,111,70,36,07:08,187,00:10,4,17:39,195,12:28,111,,,,,,,,,191,大潮相当,5,strong,1,0,0,0,0
20231117,2023,11,17,東京,2952,123.0,,14,9,21,49,85,122,153,172,178,172,158,141,126,120,125,140,161,179,188,183,164,133,97,62,07:57,178,00:48,8,18:10,188,13:05,120,,,,,,,,,180,大潮相当,5,strong,1,0,0,0,0
20231118,2023,11,18,東京,2903,121.0,,35,20,19,34,60,92,123,148,164,168,163,153,140,131,128,134,147,163,175,177,168,149,121,91,08:57,168,01:32,17,18:45,178,13:49,128,,,,,,,,,161,大潮相当,5,strong,1,0,0,0,0
20231119,2023,11,19,東京,2852,118.8,,64,42,31,33,46,68,94,120,142,156,161,159,152,143,135,133,137,146,155,162,162,154,139,118,10:11,161,02:24,30,19:32,163,14:51,133,,,,,,,,,133,中潮相当,4,mid,0,1,0,0,0
20231120,2023,11,20,東京,2806,116.9,U,95,73,56,46,46,56,73,94,117,137,151,159,159,154,145,137,132,131,135,140,144,147,144,135,11:32,160,03:30,45,20:59,147,16:41,131,,,,,,,,,115,小潮相当,3,weak,0,0,1,0,0
20231121,2023,11,21,東京,2773,115.5,,122,105,87,72,61,58,63,75,94,116,136,152,161,162,156,146,134,123,116,115,119,126,134,140,12:38,163,04:55,58,23:27,140,18:44,115,,,,,,,,,105,小潮相当,3,weak,0,0,1,0,0
20231122,2023,11,22,東京,2772,115.5,,139,133,120,104,88,74,67,68,79,97,120,142,159,168,167,157,141,122,105,93,91,98,112,128,13:25,168,06:23,66,,,19:46,90,,,,,,,,,102,小潮相当,3,weak,0,0,1,0,0
20231123,2023,11,23,東京,2790,116.3,,142,149,147,137,120,101,84,74,73,84,104,129,152,169,175,169,153,129,103,80,66,67,80,103,01:17,149,07:33,72,14:02,175,20:29,65,,,,,,,,,110,小潮相当,3,weak,0,0,1,0,0
20231124,2023,11,24,東京,2842,118.4,,129,150,162,162,152,133,111,92,80,81,94,116,143,166,180,180,168,143,111,78,52,41,48,70,02:31,163,08:28,79,14:34,182,21:08,41,,,,,,,,,141,中潮相当,4,mid,0,1,0,0,0
20231125,2023,11,25,東京,2898,120.8,,102,135,161,175,175,162,141,117,97,87,90,107,132,159,179,188,181,160,126,87,51,27,22,37,03:30,177,09:16,86,15:05,188,21:45,21,,,,,,,,,167,大潮相当,5,strong,1,0,0,0,0
20231126,2023,11,26,東京,2954,123.1,,68,107,145,172,186,183,168,144,120,101,94,102,122,149,174,190,191,176,145,105,63,28,9,12,04:20,187,09:58,94,15:35,193,22:22,7,,,,,,,,,186,大潮相当,5,strong,1,0,0,0,0
20231127,2023,11,27,東京,2991,124.6,F,35,74,117,156,182,192,186,167,143,120,104,103,115,138,165,186,195,188,164,126,83,41,11,0,05:06,192,10:38,101,16:05,195,22:59,0,,,,,,,,,195,大潮相当,5,strong,1,0,0,0,0
20231128,2023,11,28,東京,3002,125.1,,12,42,85,129,165,187,192,182,162,138,118,108,112,129,153,177,193,194,179,147,106,63,26,3,05:48,192,11:15,108,16:35,196,23:36,,,,,,,,,,88,小潮相当,3,weak,0,0,1,0,0
20231129,2023,11,29,東京,2987,124.5,,1,20,56,99,140,172,187,187,173,153,132,117,113,122,141,165,185,193,186,164,128,87,48,18,06:27,189,11:50,113,17:05,193,,,,,,,,,,,80,小潮相当,3,weak,0,0,1,0,0
20231130,2023,11,30,東京,2951,123.0,,4,10,34,72,113,149,173,182,177,162,143,127,117,118,131,151,172,186,187,173,146,111,73,40,07:06,182,00:13,4,17:35,188,12:24,116,,,,,,,,,184,大潮相当,5,strong,1,0,0,0,0
20231201,2023,12,1,東京,2908,121.2,,19,13,24,52,88,125,154,171,174,166,151,135,123,118,124,139,157,173,180,175,157,129,96,65,07:44,174,00:50,12,18:05,180,12:57,118,,,,,,,,,168,大潮相当,5,strong,1,0,0,0,0
20231202,2023,12,2,東京,2858,119.1,,39,25,26,41,69,102,133,155,165,164,155,142,129,121,121,129,143,158,168,169,160,141,115,88,08:24,166,01:28,23,18:37,170,13:33,120,,,,,,,,,147,中潮相当,4,mid,0,1,0,0,0
20231203,2023,12,3,東京,2814,117.3,,63,44,36,41,58,84,112,137,153,159,156,147,136,126,122,123,131,142,152,157,155,145,128,107,09:08,159,02:08,36,19:13,157,14:15,121,,,,,,,,,123,中潮相当,4,mid,0,1,0,0,0
20231204,2023,12,4,東京,2778,115.8,,85,66,53,50,56,73,95,119,138,151,155,151,143,133,126,122,123,128,135,140,143,140,133,120,09:58,155,02:52,49,20:03,143,15:17,122,,,,,,,,,106,小潮相当,3,weak,0,0,1,0,0
20231205,2023,12,5,東京,2755,114.8,L,105,89,74,65,63,70,84,103,123,140,150,153,149,142,133,125,120,118,119,121,125,129,129,126,10:53,153,03:45,63,21:45,130,17:16,118,,,,,,,,,90,小潮相当,3,weak,0,0,1,0,0
20231206,2023,12,6,東京,2746,114.4,,119,109,97,85,78,75,80,92,109,127,143,152,154,150,142,132,122,113,106,103,105,111,118,124,11:48,154,04:52,75,,,19:06,103,,,,,,,,,79,長潮相当,2,very_weak,0,0,0,1,0
20231207,2023,12,7,東京,2745,114.4,,127,124,118,108,97,89,84,87,98,114,133,148,156,157,152,141,127,112,98,88,84,89,100,114,00:01,127,06:08,84,12:37,158,19:54,84,,,,,,,,,74,長潮相当,2,very_weak,0,0,0,1,0
20231208,2023,12,8,東京,2761,115.0,,126,134,135,130,120,108,97,90,93,104,122,141,156,163,161,152,136,116,95,77,66,66,77,96,01:41,135,07:16,90,13:19,163,20:29,65,,,,,,,,,98,小潮相当,3,weak,0,0,1,0,0
20231209,2023,12,9,東京,2784,116.0,,117,134,146,148,143,131,115,101,94,98,112,131,151,165,170,164,148,125,98,72,53,45,52,71,02:49,148,08:11,94,13:56,170,21:01,45,,,,,,,,,125,中潮相当,4,mid,0,1,0,0,0
20231210,2023,12,10,東京,2815,117.3,,98,125,147,160,162,153,137,118,103,98,104,121,143,163,175,175,163,139,108,75,46,29,29,44,03:40,163,08:58,98,14:31,176,21:33,27,,,,,,,,,149,中潮相当,4,mid,0,1,0,0,0
20231211,2023,12,11,東京,2853,118.9,,72,106,138,162,174,173,160,139,118,104,102,112,133,156,175,183,177,157,125,86,50,22,11,18,04:24,175,09:41,101,15:06,183,22:07,11,,,,,,,,,172,大潮相当,5,strong,1,0,0,0,0
20231212,2023,12,12,東京,2889,120.4,,43,78,117,152,175,184,178,161,138,117,105,107,122,146,170,186,189,175,145,106,64,27,4,0,05:05,184,10:22,104,15:40,190,22:43,-1,,,,,,,,,191,大潮相当,5,strong,1,0,0,0,0
20231213,2023,12,13,東京,2905,121.0,N,15,47,88,129,164,184,188,178,157,134,115,107,114,133,159,181,194,189,167,130,86,43,10,-7,05:46,189,11:02,107,16:16,194,23:22,-9,,,,,,,,,203,大潮相当,5,strong,1,0,0,0,0
20231214,2023,12,14,東京,2908,121.2,,-4,18,55,99,140,172,188,187,173,151,129,114,111,122,144,170,190,196,184,155,114,70,29,1,06:27,189,11:42,110,16:52,196,,,,,,,,,,,86,小潮相当,3,weak,0,0,1,0,0
20231215,2023,12,15,東京,2882,120.1,,-10,-1,26,66,109,148,175,185,181,165,144,125,113,115,130,153,177,192,192,174,142,100,58,23,07:11,186,00:03,-10,17:30,194,12:24,112,,,,,,,,,204,大潮相当,5,strong,1,0,0,0,0
20231216,2023,12,16,東京,2836,118.2,,0,-5,8,38,77,118,152,173,180,173,157,138,121,114,119,135,157,177,187,182,161,129,91,54,07:57,180,00:47,-6,18:11,187,13:07,114,,,,,,,,,193,大潮相当,5,strong,1,0,0,0,0
20231217,2023,12,17,東京,2779,115.8,,24,7,6,22,52,89,125,153,169,173,165,149,132,118,113,120,136,155,170,176,169,149,120,87,08:45,173,01:32,4,18:57,176,13:54,113,,,,,,,,,172,大潮相当,5,strong,1,0,0,0,0
20231218,2023,12,18,東京,2724,113.5,,56,32,20,23,40,67,99,130,153,165,166,157,143,127,115,111,117,130,145,157,161,155,139,116,09:35,167,02:19,19,19:55,161,14:51,111,,,,,,,,,148,中潮相当,4,mid,0,1,0,0,0
20231219,2023,12,19,東京,2688,112.0,,90,65,47,39,43,59,82,109,135,153,163,162,152,137,122,110,105,108,117,129,140,145,143,133,10:23,163,03:09,38,21:16,145,16:05,105,,,,,,,,,125,中潮相当,4,mid,0,1,0,0,0
20231220,2023,12,20,東京,2672,111.3,U,117,97,79,65,59,63,76,96,119,140,156,162,159,148,132,116,102,94,93,99,110,122,132,136,11:10,162,04:06,59,23:02,136,17:38,92,,,,,,,,,103,小潮相当,3,weak,0,0,1,0,0
20231221,2023,12,21,東京,2685,111.9,,133,123,110,96,85,80,82,92,108,128,146,159,163,158,145,128,108,90,77,73,78,91,108,124,11:56,163,05:16,80,,,18:57,73,,,,,,,,,90,小潮相当,3,weak,0,0,1,0,0
20231222,2023,12,22,東京,2718,113.3,,134,138,134,125,115,104,97,96,104,118,136,153,163,165,158,143,121,97,73,57,51,59,77,100,00:56,138,06:35,96,12:43,166,19:54,51,,,,,,,,,115,小潮相当,3,weak,0,0,1,0,0
20231223,2023,12,23,東京,2767,115.3,,122,138,147,147,141,130,118,109,107,113,127,144,159,168,168,159,139,112,82,54,36,33,45,69,02:35,148,07:46,106,13:31,170,20:41,32,,,,,,,,,138,中潮相当,4,mid,0,1,0,0,0
20231224,2023,12,24,東京,2821,117.5,,98,125,146,159,161,154,141,126,115,113,120,134,151,166,174,172,158,133,99,64,35,19,20,38,03:44,161,08:46,113,14:19,174,21:25,17,,,,,,,,,157,中潮相当,4,mid,0,1,0,0,0
20231225,2023,12,25,東京,2862,119.3,,68,102,134,157,170,171,161,145,128,117,116,125,140,158,173,179,173,154,122,84,46,18,7,14,04:34,172,09:38,115,15:04,179,22:06,7,,,,,,,,,172,大潮相当,5,strong,1,0,0,0,0
20231226,2023,12,26,東京,2891,120.5,,39,73,111,145,169,179,176,162,143,126,116,117,128,147,166,180,183,172,145,108,67,30,7,2,05:14,179,10:24,115,15:45,183,22:46,1,,,,,,,,,182,大潮相当,5,strong,1,0,0,0,0
20231227,2023,12,27,東京,2891,120.5,F,16,46,85,124,157,177,182,173,156,136,120,113,118,133,154,173,185,183,165,132,92,51,19,1,05:49,183,11:05,113,16:22,186,23:25,-1,,,,,,,,,187,大潮相当,5,strong,1,0,0,0,0
20231228,2023,12,28,東京,2871,119.6,,3,23,58,100,139,167,181,179,165,145,126,113,111,120,139,162,180,187,178,153,116,76,38,12,06:21,182,11:42,110,16:57,187,,,,,,,,,,,77,長潮相当,2,very_weak,0,0,0,1,0
20231229,2023,12,29,東京,2840,118.3,,2,11,37,76,117,151,173,179,171,153,133,116,108,110,125,147,169,183,183,167,137,100,62,30,06:52,179,00:02,2,17:30,184,12:16,107,,,,,,,,,182,大潮相当,5,strong,1,0,0,0,0
20231230,2023,12,30,東京,2795,116.5,,10,8,24,56,95,133,161,174,172,159,140,121,108,104,113,131,153,172,179,173,152,120,85,52,07:22,175,00:38,7,18:03,179,12:48,104,,,,,,,,,172,大潮相当,5,strong,1,0,0,0,0
20231231,2023,12,31,東京,2748,114.5,,27,15,21,43,76,113,145,165,170,162,146,127,111,102,104,117,136,156,169,170,158,135,106,74,07:52,170,01:12,15,18:36,171,13:20,102,,,,,,,,,156,中潮相当,4,mid,0,1,0,0,0
20240101,2024,1,1,東京,2711,113.0,,47,30,26,38,64,97,129,153,165,164,152,134,117,104,100,106,120,137,152,160,157,143,121,95,08:23,166,01:44,26,19:14,160,13:55,100,,,,,,,,,140,中潮相当,4,mid,0,1,0,0,0
20240102,2024,1,2,東京,2683,111.8,,69,49,40,43,59,86,115,141,158,163,156,142,124,109,100,99,106,118,132,143,147,143,130,111,08:54,163,02:16,39,20:00,147,14:36,98,,,,,,,,,124,中潮相当,4,mid,0,1,0,0,0
20240103,2024,1,3,東京,2665,111.0,,90,71,58,55,63,80,104,129,149,160,159,149,133,116,104,97,97,102,111,122,130,134,131,121,09:27,161,02:48,55,21:04,134,15:31,96,,,,,,,,,106,小潮相当,3,weak,0,0,1,0,0
20240104,2024,1,4,東京,2660,110.8,L,107,92,80,73,74,83,98,119,139,153,159,155,142,126,111,100,92,90,93,99,109,118,124,124,10:03,159,03:25,72,22:35,125,16:57,90,,,,,,,,,87,小潮相当,3,weak,0,0,1,0,0
20240105,2024,1,5,東京,2662,110.9,,119,111,102,94,91,92,99,112,128,145,155,157,150,137,122,107,94,84,78,78,85,96,108,118,10:43,158,04:18,90,,,18:30,78,,,,,,,,,80,小潮相当,3,weak,0,0,1,0,0
20240106,2024,1,6,東京,2676,111.5,,124,124,121,117,111,107,106,110,121,135,148,156,156,148,135,119,102,85,70,62,61,70,85,103,00:38,124,05:46,106,11:30,157,19:32,60,,,,,,,,,97,小潮相当,3,weak,0,0,1,0,0
20240107,2024,1,7,東京,2699,112.5,,118,129,135,137,133,127,119,115,117,126,139,151,158,158,149,135,115,93,70,52,42,44,58,79,02:45,137,07:15,115,12:26,159,20:19,41,,,,,,,,,118,小潮相当,3,weak,0,0,1,0,0
20240108,2024,1,8,東京,2730,113.8,,102,124,141,151,153,148,137,126,118,119,128,142,155,162,162,153,135,110,80,52,31,23,29,49,03:48,153,08:24,118,13:28,163,21:03,23,,,,,,,,,140,中潮相当,4,mid,0,1,0,0,0
20240109,2024,1,9,東京,2765,115.2,,76,106,134,155,167,167,157,141,126,118,120,130,146,161,170,170,157,133,100,64,32,11,6,18,04:30,168,09:21,117,14:28,171,21:47,6,,,,,,,,,165,大潮相当,5,strong,1,0,0,0,0
20240110,2024,1,10,東京,2798,116.6,,44,78,115,147,170,179,175,159,139,123,115,118,132,151,169,180,178,160,128,88,47,14,-5,-6,05:08,179,10:11,115,15:21,181,22:32,-8,,,,,,,,,189,大潮相当,5,strong,1,0,0,0,0
20240111,2024,1,11,東京,2819,117.5,N,12,44,85,126,161,182,186,175,155,133,116,110,117,136,159,180,190,183,158,120,75,32,0,-16,05:45,187,10:57,110,16:07,190,23:17,-17,,,,,,,,,207,大潮相当,5,strong,1,0,0,0,0
20240112,2024,1,12,東京,2816,117.3,,-11,12,51,96,140,172,188,186,170,146,123,107,105,117,141,168,189,196,183,152,109,63,21,-8,06:22,189,11:40,104,16:52,196,,,,,,,,,,,92,小潮相当,3,weak,0,0,1,0,0
20240113,2024,1,13,東京,2786,116.1,,-19,-9,21,64,111,153,180,189,180,159,134,110,98,100,118,146,174,193,195,177,143,99,54,16,06:58,189,00:01,-19,17:36,197,12:21,97,,,,,,,,,216,大潮相当,5,strong,1,0,0,0,0
20240114,2024,1,14,東京,2738,114.1,,-8,-13,4,38,83,128,163,183,184,169,145,119,98,89,97,119,149,176,190,187,166,132,90,50,07:33,185,00:43,-14,18:21,191,13:02,89,,,,,,,,,205,大潮相当,5,strong,1,0,0,0,0
20240115,2024,1,15,東京,2684,111.8,,18,1,3,25,62,105,143,170,181,175,156,130,104,86,82,94,119,147,170,180,174,153,121,85,08:07,181,01:23,-1,19:09,180,13:44,82,,,,,,,,,182,大潮相当,5,strong,1,0,0,0,0
20240116,2024,1,16,東京,2637,109.9,,52,28,19,28,54,89,125,155,173,175,163,141,114,91,77,77,91,114,139,157,164,158,140,113,08:38,176,02:00,19,20:02,164,14:29,76,,,,,,,,,157,中潮相当,4,mid,0,1,0,0,0
20240117,2024,1,17,東京,2617,109.0,,85,61,46,45,58,83,114,142,163,172,167,150,127,102,82,72,73,86,105,125,140,147,143,129,09:08,172,02:35,43,21:07,147,15:22,71,,,,,,,,,129,中潮相当,4,mid,0,1,0,0,0
20240118,2024,1,18,東京,2621,109.2,U,110,91,76,70,74,88,109,133,153,166,167,158,139,117,94,77,68,68,77,92,109,123,131,131,09:37,168,03:08,70,22:28,132,16:29,66,,,,,,,,,102,小潮相当,3,weak,0,0,1,0,0
20240119,2024,1,19,東京,2647,110.3,,124,114,104,97,96,101,112,128,145,158,164,161,150,132,112,92,74,63,59,64,77,93,108,119,10:10,165,03:43,95,,,17:55,59,,,,,,,,,106,小潮相当,3,weak,0,0,1,0,0
20240120,2024,1,20,東京,2685,111.9,,124,125,123,121,118,118,121,128,138,150,158,160,156,145,130,112,91,71,56,48,51,63,80,98,00:41,125,04:42,118,10:52,161,19:14,48,,,,,,,,,113,小潮相当,3,weak,0,0,1,0,0
20240121,2024,1,21,東京,2723,113.5,,113,125,133,137,138,136,132,131,134,140,148,154,157,154,146,133,114,90,66,46,36,38,51,71,03:40,138,06:53,131,11:59,157,20:18,35,,,,,,,,,122,中潮相当,4,mid,0,1,0,0,0
20240122,2024,1,22,東京,2759,115.0,,94,115,133,146,152,152,146,138,132,132,136,144,151,156,157,152,137,114,85,56,34,24,28,45,04:23,153,08:34,131,13:41,157,21:12,24,,,,,,,,,133,中潮相当,4,mid,0,1,0,0,0
20240123,2024,1,23,東京,2785,116.0,,69,97,124,146,160,164,158,147,135,127,125,130,140,151,161,164,158,139,110,76,44,22,15,23,04:52,164,09:41,125,14:55,164,21:59,15,,,,,,,,,149,中潮相当,4,mid,0,1,0,0,0
20240124,2024,1,24,東京,2796,116.5,,44,74,107,138,160,171,168,156,140,125,117,117,126,141,157,170,172,161,136,101,63,31,12,9,05:18,171,10:28,116,15:44,173,22:41,8,,,,,,,,,165,大潮相当,5,strong,1,0,0,0,0
20240125,2024,1,25,東京,2791,116.3,,22,50,86,123,154,171,174,165,147,128,113,107,111,126,147,167,179,177,158,126,87,49,19,5,05:42,175,11:04,107,16:23,180,23:19,4,,,,,,,,,176,大潮相当,5,strong,1,0,0,0,0
20240126,2024,1,26,東京,2769,115.4,F,8,29,64,104,141,167,177,171,154,132,113,100,99,110,132,157,177,184,174,148,111,71,35,11,06:06,177,11:36,98,16:57,184,23:53,3,,,,,,,,,181,大潮相当,5,strong,1,0,0,0,0
20240127,2024,1,27,東京,2744,114.3,,3,16,45,85,126,158,175,174,160,139,116,98,90,96,115,142,168,183,183,165,133,94,55,25,06:28,177,12:04,90,17:29,185,,,,,,,,,,,95,小潮相当,3,weak,0,0,1,0,0
20240128,2024,1,28,東京,2711,113.0,,8,10,32,68,110,146,170,176,166,145,121,99,85,85,99,124,152,174,182,174,149,115,77,44,06:51,176,00:24,7,18:00,182,12:32,83,,,,,,,,,175,大潮相当,5,strong,1,0,0,0,0
20240129,2024,1,29,東京,2678,111.6,,21,14,26,56,95,134,162,174,170,152,128,103,85,77,85,105,132,158,173,174,159,132,98,65,07:13,175,00:52,14,18:33,176,13:00,77,,,,,,,,,162,大潮相当,5,strong,1,0,0,0,0
20240130,2024,1,30,東京,2654,110.6,,39,25,29,50,84,121,153,171,172,159,136,110,88,75,75,89,112,137,157,166,161,143,116,86,07:35,174,01:18,25,19:08,166,13:29,73,,,,,,,,,149,中潮相当,4,mid,0,1,0,0,0
20240131,2024,1,31,東京,2632,109.7,,60,42,39,52,78,111,142,164,172,164,144,119,94,77,71,77,93,115,136,150,154,146,128,104,07:59,172,01:43,39,19:48,154,14:00,71,,,,,,,,,133,中潮相当,4,mid,0,1,0,0,0
20240201,2024,2,1,東京,2623,109.3,,81,63,55,60,78,104,132,156,168,167,152,129,104,83,72,70,79,95,113,130,140,141,133,118,08:23,169,02:07,55,20:37,142,14:37,70,,,,,,,,,114,小潮相当,3,weak,0,0,1,0,0
20240202,2024,2,2,東京,2616,109.0,,100,84,75,74,84,102,124,146,161,166,157,139,116,94,78,70,71,78,91,106,119,128,129,124,08:50,166,02:31,73,21:43,130,15:25,69,,,,,,,,,97,小潮相当,3,weak,0,0,1,0,0
20240203,2024,2,3,東京,2615,109.0,L,114,103,96,93,96,106,120,137,152,161,159,147,128,107,89,76,69,68,72,82,94,107,117,122,09:21,161,02:58,93,23:26,122,16:43,68,,,,,,,,,93,小潮相当,3,weak,0,0,1,0,0
20240204,2024,2,4,東京,2619,109.1,,121,118,115,113,113,115,121,131,142,152,156,152,140,123,105,89,76,65,60,60,68,80,95,109,10:00,156,03:37,113,,,18:25,59,,,,,,,,,97,小潮相当,3,weak,0,0,1,0,0
20240205,2024,2,5,東京,2634,109.8,,119,126,130,132,132,130,128,129,134,141,148,151,148,139,125,109,91,73,57,46,44,51,66,85,03:18,132,06:16,128,10:59,151,19:42,44,,,,,,,,,107,小潮相当,3,weak,0,0,1,0,0
20240206,2024,2,6,東京,2660,110.8,,105,123,138,147,150,147,140,132,128,130,137,144,150,150,145,134,115,92,66,43,29,26,35,54,03:59,150,08:09,128,12:39,151,20:44,25,,,,,,,,,126,中潮相当,4,mid,0,1,0,0,0
20240207,2024,2,7,東京,2693,112.2,,80,107,133,154,164,164,155,141,129,122,123,131,143,154,160,158,145,120,89,55,27,10,8,21,04:30,166,09:20,121,14:17,161,21:37,7,,,,,,,,,159,中潮相当,4,mid,0,1,0,0,0
20240208,2024,2,8,東京,2729,113.7,,47,81,117,149,170,178,171,155,135,118,111,114,128,146,164,175,172,154,121,81,42,11,-6,-5,05:00,178,10:10,111,15:19,176,22:26,-8,,,,,,,,,186,大潮相当,5,strong,1,0,0,0,0
20240209,2024,2,9,東京,2754,114.8,,14,48,90,132,166,184,184,169,145,121,103,98,107,128,155,178,190,183,157,118,72,30,-2,-16,05:30,186,10:53,97,16:09,190,23:11,-16,,,,,,,,,206,大潮相当,5,strong,1,0,0,0,0
20240210,2024,2,10,東京,2751,114.6,N,-9,17,59,107,151,180,190,181,158,129,102,85,85,102,132,165,191,199,187,154,110,63,21,-8,06:00,190,11:31,83,16:55,200,23:53,-17,,,,,,,,,217,大潮相当,5,strong,1,0,0,0,0
20240211,2024,2,11,東京,2726,113.6,,-16,-2,33,80,129,168,189,188,170,140,108,81,69,76,102,138,174,197,201,182,146,101,55,17,06:29,191,12:09,68,17:39,202,,,,,,,,,,,134,中潮相当,4,mid,0,1,0,0,0
20240212,2024,2,12,東京,2685,111.9,,-4,-4,19,59,107,151,180,190,179,152,118,85,62,56,72,104,143,177,195,193,171,135,93,52,06:56,190,00:30,-7,18:23,197,12:46,56,,,,,,,,,204,大潮相当,5,strong,1,0,0,0,0
20240213,2024,2,13,東京,2642,110.1,,23,10,20,50,91,135,169,185,183,162,131,96,65,48,51,73,107,144,172,184,178,155,123,87,07:21,187,01:04,10,19:09,184,13:23,47,,,,,,,,,177,大潮相当,5,strong,1,0,0,0,0
20240214,2024,2,14,東京,2608,108.7,,56,37,35,53,85,123,157,178,182,169,143,110,77,52,42,51,75,107,138,160,167,159,139,113,07:44,183,01:35,34,19:58,167,14:02,42,,,,,,,,,149,中潮相当,4,mid,0,1,0,0,0
20240215,2024,2,15,東京,2601,108.4,,87,68,60,67,88,118,147,169,178,172,153,124,93,65,47,44,55,77,103,127,143,148,141,127,08:06,178,02:02,60,20:53,148,14:45,43,,,,,,,,,135,中潮相当,4,mid,0,1,0,0,0
20240216,2024,2,16,東京,2616,109.0,,109,94,86,87,99,118,141,160,172,171,159,137,111,85,63,51,49,58,75,95,113,126,130,127,08:28,173,02:24,85,22:04,130,15:39,48,,,,,,,,,125,中潮相当,4,mid,0,1,0,0,0
20240217,2024,2,17,東京,2638,109.9,U,120,113,108,107,113,124,138,152,162,165,159,145,126,105,85,69,58,54,58,69,83,98,110,117,08:50,165,02:35,107,,,16:59,54,,,,,,,,,111,小潮相当,3,weak,0,0,1,0,0
20240218,2024,2,18,東京,2669,111.2,,120,122,123,125,128,132,138,145,152,155,154,148,137,123,109,93,77,64,55,54,60,71,85,99,09:16,156,18:41,53,,,,,,,,,,,,,103,小潮相当,3,weak,0,0,1,0,0
20240219,2024,2,19,東京,2693,112.2,,111,122,131,137,141,141,140,140,141,143,144,143,141,136,129,118,103,84,65,51,45,49,61,77,04:41,141,06:50,140,10:10,144,20:04,45,,,,,,,,,99,小潮相当,3,weak,0,0,1,0,0
20240220,2024,2,20,東京,2709,112.9,,95,114,131,145,151,151,146,138,132,130,130,133,137,141,144,140,129,109,84,59,42,35,39,54,04:28,152,09:21,129,13:59,144,21:05,35,,,,,,,,,117,小潮相当,3,weak,0,0,1,0,0
20240221,2024,2,21,東京,2719,113.3,,75,101,126,146,158,160,153,141,128,119,115,118,127,139,150,156,151,134,108,77,49,30,25,33,04:41,161,10:00,115,15:06,156,21:53,25,,,,,,,,,136,中潮相当,4,mid,0,1,0,0,0
20240222,2024,2,22,東京,2724,113.5,,54,83,114,142,161,167,161,146,128,112,103,103,113,130,149,164,168,157,133,99,64,35,19,19,04:58,167,10:28,102,15:48,168,22:31,17,,,,,,,,,151,中潮相当,4,mid,0,1,0,0,0
20240223,2024,2,23,東京,2723,113.5,,35,63,99,134,160,172,168,153,131,110,94,89,96,115,140,164,177,175,155,123,85,49,23,13,05:16,172,10:55,89,16:22,178,23:05,13,,,,,,,,,165,大潮相当,5,strong,1,0,0,0,0
20240224,2024,2,24,東京,2713,113.0,F,21,45,82,121,154,172,174,160,137,112,90,78,81,98,125,155,177,184,173,145,108,69,36,16,05:35,175,11:21,77,16:53,184,23:35,12,,,,,,,,,172,大潮相当,5,strong,1,0,0,0,0
20240225,2024,2,25,東京,2695,112.3,,14,32,66,107,145,170,177,167,145,116,90,72,67,80,106,139,169,185,183,163,130,91,54,27,05:53,177,11:46,67,17:24,187,,,,,,,,,,,120,中潮相当,4,mid,0,1,0,0,0
20240226,2024,2,26,東京,2675,111.5,,16,26,54,94,135,165,179,173,152,123,93,70,58,64,86,119,153,177,185,174,148,112,75,44,06:11,179,00:02,16,17:54,185,12:11,58,,,,,,,,,169,大潮相当,5,strong,1,0,0,0,0
20240227,2024,2,27,東京,2659,110.8,,27,27,48,84,124,158,177,177,160,132,100,72,54,52,68,98,132,162,178,177,160,131,96,65,06:30,180,00:28,24,18:27,180,12:36,51,,,,,,,,,156,中潮相当,4,mid,0,1,0,0,0
20240228,2024,2,28,東京,2642,110.1,,43,36,48,77,114,150,173,179,167,141,109,78,55,46,54,77,109,141,164,172,164,144,115,86,06:49,180,00:52,36,19:01,172,13:02,46,,,,,,,,,144,中潮相当,4,mid,0,1,0,0,0
20240229,2024,2,29,東京,2629,109.5,,62,51,55,75,107,140,166,178,172,150,119,87,61,46,46,62,88,118,143,159,161,150,129,104,07:09,178,01:14,50,19:38,162,13:28,44,,,,,,,,,134,中潮相当,4,mid,0,1,0,0,0
20240301,2024,3,1,東京,2618,109.1,,82,69,67,79,103,132,158,173,173,157,130,99,71,52,45,52,70,95,120,139,149,148,136,119,07:30,175,01:37,66,20:22,150,13:58,45,,,,,,,,,130,中潮相当,4,mid,0,1,0,0,0
20240302,2024,3,2,東京,2606,108.6,,101,88,83,89,104,126,148,164,169,161,140,112,84,63,51,49,59,75,96,115,130,137,135,127,07:52,169,01:58,83,21:18,137,14:35,49,,,,,,,,,120,中潮相当,4,mid,0,1,0,0,0
20240303,2024,3,3,東京,2598,108.3,,116,106,101,103,111,124,140,154,162,160,147,125,101,79,63,55,55,62,74,89,104,117,124,126,08:18,163,02:18,101,22:54,126,15:32,54,,,,,,,,,109,小潮相当,3,weak,0,0,1,0,0
20240304,2024,3,4,東京,2596,108.2,L,124,121,119,119,122,127,135,144,152,154,149,136,118,99,83,70,61,57,58,64,76,90,103,115,08:49,154,02:29,119,,,17:18,56,,,,,,,,,98,小潮相当,3,weak,0,0,1,0,0
20240305,2024,3,5,東京,2603,108.5,,123,129,134,136,137,136,135,137,140,143,144,140,133,121,108,93,78,63,52,47,49,59,74,92,03:40,137,05:48,135,09:44,144,19:12,47,,,,,,,,,97,小潮相当,3,weak,0,0,1,0,0
20240306,2024,3,6,東京,2627,109.5,,111,128,142,151,152,148,140,133,129,129,132,136,139,139,134,123,106,84,61,42,31,31,43,63,03:46,153,08:29,128,12:29,140,20:29,30,,,,,,,,,123,中潮相当,4,mid,0,1,0,0,0
20240307,2024,3,7,東京,2665,111.0,,89,116,141,159,167,163,150,135,121,114,114,122,135,147,155,153,140,116,85,53,28,15,16,31,04:08,167,09:24,113,14:22,155,21:26,13,,,,,,,,,154,中潮相当,4,mid,0,1,0,0,0
20240308,2024,3,8,東京,2698,112.4,,59,94,130,159,175,176,163,142,119,101,94,100,117,140,162,174,172,152,120,81,44,15,2,7,04:33,178,10:03,94,15:21,175,22:14,2,,,,,,,,,176,大潮相当,5,strong,1,0,0,0,0
20240309,2024,3,9,東京,2730,113.8,,30,67,110,150,177,186,177,153,124,96,78,75,90,118,151,179,192,185,158,119,75,35,7,-2,04:58,186,10:38,74,16:09,192,22:56,,,,,,,,,,118,小潮相当,3,weak,0,0,1,0,0
20240310,2024,3,10,東京,2733,113.9,N,10,42,87,133,170,189,187,166,134,98,69,54,60,86,125,164,193,202,189,157,113,68,30,7,05:23,191,11:13,54,16:54,203,23:34,3,,,,,,,,,200,大潮相当,5,strong,1,0,0,0,0
20240311,2024,3,11,東京,2718,113.3,,5,27,66,114,158,186,193,178,147,108,70,43,36,52,88,134,175,200,203,184,149,106,64,32,05:48,193,11:48,36,17:38,205,,,,,,,,,,,169,大潮相当,5,strong,1,0,0,0,0
20240312,2024,3,12,東京,2686,111.9,,17,26,55,99,143,177,193,186,160,122,80,44,24,27,53,95,141,178,197,194,172,138,100,65,06:11,193,00:09,17,18:22,199,12:23,22,,,,,,,,,182,大潮相当,5,strong,1,0,0,0,0
20240313,2024,3,13,東京,2655,110.6,,42,38,56,90,131,167,188,189,170,137,96,56,26,15,28,60,103,144,174,186,179,157,127,96,06:33,191,00:40,37,19:07,186,12:58,15,,,,,,,,,176,大潮相当,5,strong,1,0,0,0,0
20240314,2024,3,14,東京,2638,109.9,,72,60,67,91,124,157,180,188,177,150,113,74,41,20,18,37,69,107,141,162,169,160,142,119,06:54,188,01:09,60,19:53,169,13:35,16,,,,,,,,,172,大潮相当,5,strong,1,0,0,0,0
20240315,2024,3,15,東京,2637,109.9,,98,85,84,98,122,149,171,182,177,159,129,95,62,37,25,29,49,77,107,132,147,150,143,130,07:13,182,01:33,83,20:45,150,14:15,25,,,,,,,,,157,中潮相当,4,mid,0,1,0,0,0
20240316,2024,3,16,東京,2646,110.3,,116,106,103,109,124,143,161,172,173,161,140,113,85,61,44,38,43,59,80,102,120,130,133,130,07:32,174,01:52,102,21:55,133,15:02,38,,,,,,,,,136,中潮相当,4,mid,0,1,0,0,0
20240317,2024,3,17,東京,2660,110.8,U,125,120,118,121,128,140,152,160,163,157,144,126,106,86,70,58,52,55,64,78,93,106,116,122,07:49,163,01:57,118,,,16:14,52,,,,,,,,,111,小潮相当,3,weak,0,0,1,0,0
20240318,2024,3,18,東京,2670,111.3,,125,127,129,132,135,139,144,148,149,147,141,132,121,109,97,84,72,63,59,62,71,82,95,107,07:59,149,18:04,59,,,,,,,,,,,,,90,小潮相当,3,weak,0,0,1,0,0
20240319,2024,3,19,東京,2681,111.7,,119,128,136,141,143,142,139,137,135,133,131,130,128,125,120,111,97,81,66,57,56,62,74,90,04:00,143,19:41,55,,,,,,,,,,,,,88,小潮相当,3,weak,0,0,1,0,0
20240320,2024,3,20,東京,2684,111.8,,107,124,139,148,151,147,139,129,122,117,117,121,127,133,137,134,123,104,82,62,50,47,54,70,03:53,151,09:34,117,14:08,137,20:45,47,,,,,,,,,104,小潮相当,3,weak,0,0,1,0,0
20240321,2024,3,21,東京,2690,112.1,,92,116,137,152,158,154,143,127,113,103,101,106,118,133,146,152,146,129,103,76,53,40,40,52,04:04,158,09:47,101,15:02,152,21:31,38,,,,,,,,,120,中潮相当,4,mid,0,1,0,0,0
20240322,2024,3,22,東京,2699,112.5,,75,104,132,154,164,162,149,129,109,93,85,89,104,125,147,162,164,152,127,96,65,42,32,38,04:20,165,10:09,85,15:40,165,22:07,32,,,,,,,,,133,中潮相当,4,mid,0,1,0,0,0
20240323,2024,3,23,東京,2710,112.9,,59,89,123,151,168,169,157,135,109,87,73,72,86,111,140,164,176,171,150,118,84,53,34,31,04:36,170,10:32,71,16:13,176,22:39,30,,,,,,,,,146,中潮相当,4,mid,0,1,0,0,0
20240324,2024,3,24,東京,2712,113.0,,46,75,112,145,168,175,165,143,114,85,64,57,67,91,125,157,178,182,169,141,106,71,44,32,04:53,175,10:57,57,16:44,183,23:08,32,,,,,,,,,151,中潮相当,4,mid,0,1,0,0,0
20240325,2024,3,25,東京,2710,112.9,F,39,64,100,137,166,178,173,151,121,88,61,46,49,70,104,141,172,186,182,160,128,92,61,41,05:10,179,11:21,45,17:16,187,23:35,38,,,,,,,,,149,中潮相当,4,mid,0,1,0,0,0
20240326,2024,3,26,東京,2704,112.7,,39,57,90,128,161,179,179,160,130,94,62,40,36,50,81,121,157,181,186,174,148,114,81,56,05:28,181,11:45,35,17:48,187,,,,,,,,,,,152,中潮相当,4,mid,0,1,0,0,0
20240327,2024,3,27,東京,2695,112.3,,46,56,82,119,154,177,183,169,140,104,68,40,28,35,60,97,136,167,182,180,162,133,102,75,05:45,183,00:01,46,18:21,183,12:10,28,,,,,,,,,155,中潮相当,4,mid,0,1,0,0,0
20240328,2024,3,28,東京,2681,111.7,,59,60,79,111,145,172,183,175,150,115,78,46,27,26,43,74,112,147,170,177,168,148,121,95,06:04,183,00:26,58,18:56,177,12:35,24,,,,,,,,,159,中潮相当,4,mid,0,1,0,0,0
20240329,2024,3,29,東京,2666,111.1,,76,70,81,106,137,164,180,178,159,127,91,57,33,24,32,55,89,123,150,165,166,155,135,113,06:24,181,00:51,70,19:34,168,13:02,24,,,,,,,,,157,中潮相当,4,mid,0,1,0,0,0
20240330,2024,3,30,東京,2645,110.2,,94,85,88,104,129,155,172,177,164,139,105,71,44,29,29,43,68,98,126,146,156,154,142,127,06:45,177,01:15,84,20:18,156,13:31,27,,,,,,,,,150,中潮相当,4,mid,0,1,0,0,0
20240331,2024,3,31,東京,2627,109.5,,111,101,99,108,125,145,163,170,165,147,120,89,62,42,34,39,54,76,100,121,137,143,142,134,07:08,171,01:39,99,21:17,144,14:08,34,,,,,,,,,137,中潮相当,4,mid,0,1,0,0,0
20240401,2024,4,1,東京,2616,109.0,,125,117,114,116,125,138,152,161,161,151,132,108,83,62,49,44,48,59,76,94,111,124,132,134,07:33,162,02:06,114,23:09,134,15:02,44,,,,,,,,,118,小潮相当,3,weak,0,0,1,0,0
20240402,2024,4,2,東京,2612,108.8,L,133,131,129,128,130,135,142,148,151,148,138,123,105,88,72,61,54,53,58,68,82,98,112,125,08:03,151,02:45,128,,,16:41,52,,,,,,,,,99,小潮相当,3,weak,0,0,1,0,0
20240403,2024,4,3,東京,2622,109.3,,134,140,143,142,140,137,135,135,136,137,136,132,125,114,102,87,72,59,51,50,55,68,86,106,02:21,143,06:35,135,09:11,137,18:43,49,,,,,,,,,94,小潮相当,3,weak,0,0,1,0,0
20240404,2024,4,4,東京,2652,110.5,,126,142,152,156,152,144,133,124,119,119,123,130,135,136,132,120,102,81,60,45,38,43,58,82,02:58,156,08:27,118,12:47,137,20:05,38,,,,,,,,,118,小潮相当,3,weak,0,0,1,0,0
20240405,2024,4,5,東京,2688,112.0,,109,135,156,166,165,154,136,117,103,97,101,114,131,146,155,153,138,114,85,57,36,29,35,56,03:24,167,09:05,97,14:18,156,21:03,29,,,,,,,,,138,中潮相当,4,mid,0,1,0,0,0
20240406,2024,4,6,東京,2727,113.6,,87,121,152,172,177,167,145,118,93,76,74,86,110,139,163,175,171,151,120,85,52,31,25,37,03:49,177,09:40,73,15:15,176,21:50,25,,,,,,,,,152,中潮相当,4,mid,0,1,0,0,0
20240407,2024,4,7,東京,2758,114.9,,65,103,141,171,184,179,158,126,91,63,49,55,78,114,152,181,192,183,158,121,83,50,31,30,04:14,185,10:14,49,16:04,192,22:31,28,,,,,,,,,164,大潮相当,5,strong,1,0,0,0,0
20240408,2024,4,8,東京,2768,115.3,,50,85,126,163,186,189,172,139,99,60,34,27,43,78,123,165,193,201,187,157,119,81,52,39,04:38,190,10:48,26,16:50,201,23:09,38,,,,,,,,,175,大潮相当,5,strong,1,0,0,0,0
20240409,2024,4,9,東京,2765,115.2,N,46,73,112,152,182,194,184,155,114,69,32,11,14,41,85,134,175,199,201,183,152,116,82,59,05:02,194,11:23,9,17:35,203,23:43,54,,,,,,,,,194,大潮相当,5,strong,1,0,0,0,0
20240410,2024,4,10,東京,2743,114.3,,55,70,102,141,175,193,191,169,132,86,43,11,-1,12,47,95,142,178,195,192,173,144,112,86,05:25,195,11:59,-1,18:20,197,,,,,,,,,,,198,大潮相当,5,strong,1,0,0,0,0
20240411,2024,4,11,東京,2724,113.5,,72,77,99,132,165,188,193,179,149,107,63,25,1,-1,21,59,105,146,174,185,179,160,135,111,05:48,194,00:16,72,19:06,185,12:35,,,,,,,,,,122,中潮相当,4,mid,0,1,0,0,0
20240412,2024,4,12,東京,2713,113.0,,94,90,102,126,155,178,189,183,161,127,87,48,18,4,11,36,73,112,145,165,170,163,147,129,06:10,190,00:45,89,19:53,170,13:12,4,,,,,,,,,186,大潮相当,5,strong,1,0,0,0,0
20240413,2024,4,13,東京,2705,112.7,,113,105,108,124,146,167,180,181,167,141,108,74,44,23,17,28,52,83,114,138,152,154,148,138,06:32,182,01:13,105,20:45,155,13:52,17,,,,,,,,,165,大潮相当,5,strong,1,0,0,0,0
20240414,2024,4,14,東京,2707,112.8,,126,118,117,125,139,155,168,172,165,149,125,97,71,50,37,35,45,65,89,111,129,139,141,139,06:54,172,01:38,117,21:54,141,14:38,34,,,,,,,,,138,中潮相当,4,mid,0,1,0,0,0
20240415,2024,4,15,東京,2708,112.8,,134,129,126,128,135,144,153,158,156,148,133,115,96,77,63,53,52,58,72,89,106,120,129,134,07:16,158,02:05,126,,,15:42,51,,,,,,,,,107,小潮相当,3,weak,0,0,1,0,0
20240416,2024,4,16,東京,2705,112.7,U,136,135,134,134,135,137,140,142,142,139,133,124,114,102,90,78,68,63,65,72,85,99,113,125,00:19,136,02:59,134,07:31,143,17:16,63,,,,,,,,,80,小潮相当,3,weak,0,0,1,0,0
20240417,2024,4,17,東京,2706,112.8,,133,139,141,141,138,134,130,128,126,125,125,125,124,121,114,103,90,77,67,65,70,81,96,113,02:18,142,18:51,65,,,,,,,,,,,,,77,長潮相当,2,very_weak,0,0,0,1,0
20240418,2024,4,18,東京,2711,113.0,,128,140,147,149,144,136,126,116,110,108,111,118,126,132,133,127,114,97,79,66,61,66,79,98,02:45,149,08:49,108,13:40,133,20:00,61,,,,,,,,,88,小潮相当,3,weak,0,0,1,0,0
20240419,2024,4,19,東京,2723,113.5,,119,138,151,156,152,142,126,110,97,91,94,104,119,135,145,146,137,120,97,76,61,57,66,84,03:06,156,09:11,91,14:39,147,20:49,57,,,,,,,,,99,小潮相当,3,weak,0,0,1,0,0
20240420,2024,4,20,東京,2737,114.0,,108,132,151,162,161,149,130,108,88,76,75,86,106,129,149,159,157,143,120,93,70,57,57,71,03:25,163,09:35,74,15:21,160,21:28,55,,,,,,,,,108,小潮相当,3,weak,0,0,1,0,0
20240421,2024,4,21,東京,2753,114.7,,96,124,149,165,168,158,138,111,85,65,58,65,86,115,144,164,171,163,143,115,86,65,56,63,03:44,169,10:00,58,15:58,171,22:03,56,,,,,,,,,115,小潮相当,3,weak,0,0,1,0,0
20240422,2024,4,22,東京,2768,115.3,,85,114,144,166,174,167,147,118,86,59,44,46,64,95,130,160,177,178,164,138,107,80,63,62,04:03,174,10:25,43,16:33,180,22:35,60,,,,,,,,,137,中潮相当,4,mid,0,1,0,0,0
20240423,2024,4,23,東京,2780,115.8,,77,105,137,164,178,176,157,127,92,59,37,30,43,72,110,147,174,185,179,159,130,100,76,66,04:22,179,10:51,30,17:08,185,23:05,66,,,,,,,,,155,中潮相当,4,mid,0,1,0,0,0
20240424,2024,4,24,東京,2781,115.9,F,74,96,128,159,179,182,168,139,102,65,35,20,25,49,86,127,162,183,187,174,150,120,94,77,04:41,183,11:17,20,17:43,187,23:34,74,,,,,,,,,167,大潮相当,5,strong,1,0,0,0,0
20240425,2024,4,25,東京,2771,115.5,,76,91,119,151,176,185,177,151,115,75,41,18,14,29,61,102,142,171,185,182,165,140,113,92,05:02,185,11:44,13,18:18,186,,,,,,,,,,,173,大潮相当,5,strong,1,0,0,0,0
20240426,2024,4,26,東京,2755,114.8,,83,90,112,142,169,184,182,163,130,90,52,24,11,17,40,77,117,152,174,181,173,154,130,108,05:25,186,00:03,83,18:56,181,12:12,10,,,,,,,,,176,大潮相当,5,strong,1,0,0,0,0
20240427,2024,4,27,東京,2732,113.8,,95,94,108,132,159,178,183,171,144,107,69,37,16,13,26,55,91,126,155,170,172,162,144,125,05:48,184,00:32,93,19:38,173,12:43,12,,,,,,,,,172,大潮相当,5,strong,1,0,0,0,0
20240428,2024,4,28,東京,2711,113.0,,109,103,109,126,148,168,179,175,155,125,89,56,31,18,21,39,67,100,129,151,162,161,152,138,06:14,179,01:02,103,20:27,163,13:18,18,,,,,,,,,161,大潮相当,5,strong,1,0,0,0,0
20240429,2024,4,29,東京,2694,112.3,,124,115,114,123,139,156,169,171,161,139,110,79,52,34,27,33,50,75,102,126,143,152,153,147,06:42,172,01:36,113,21:33,153,14:01,27,,,,,,,,,145,中潮相当,4,mid,0,1,0,0,0
20240430,2024,4,30,東京,2681,111.7,,137,128,123,125,132,144,155,161,159,147,127,103,78,57,44,39,44,57,76,98,119,135,145,148,07:15,162,02:19,123,23:07,148,14:59,39,,,,,,,,,123,中潮相当,4,mid,0,1,0,0,0
20240501,2024,5,1,東京,2688,112.0,L,147,141,135,131,131,134,140,145,148,146,137,123,105,87,70,57,50,51,59,74,92,112,130,143,08:05,148,03:38,130,,,16:24,49,,,,,,,,,99,小潮相当,3,weak,0,0,1,0,0
20240502,2024,5,2,東京,2706,112.8,,150,152,148,141,134,128,125,126,129,133,136,134,128,117,102,85,70,59,54,58,69,88,109,131,00:44,152,06:17,125,10:11,136,18:05,54,,,,,,,,,98,小潮相当,3,weak,0,0,1,0,0
20240503,2024,5,3,東京,2736,114.0,,147,157,159,153,142,128,115,107,106,111,121,132,139,140,133,119,101,81,64,55,56,68,88,114,01:42,159,07:43,105,12:39,141,19:26,54,,,,,,,,,105,小潮相当,3,weak,0,0,1,0,0
20240504,2024,5,4,東京,2772,115.5,,139,158,167,165,153,134,112,93,82,82,94,113,134,150,157,152,136,114,89,68,56,57,71,96,02:20,168,08:28,81,14:04,157,20:26,55,,,,,,,,,113,小潮相当,3,weak,0,0,1,0,0
20240505,2024,5,5,東京,2813,117.2,,126,152,171,176,167,145,117,88,65,55,61,83,112,143,165,174,168,149,123,94,72,60,64,83,02:51,176,09:07,55,15:06,174,21:16,60,,,,,,,,,121,中潮相当,4,mid,0,1,0,0,0
20240506,2024,5,6,東京,2837,118.2,,111,143,169,182,179,160,129,93,59,36,31,47,78,117,154,179,187,179,157,128,98,76,68,77,03:20,183,09:44,31,15:59,187,22:00,68,,,,,,,,,156,中潮相当,4,mid,0,1,0,0,0
20240507,2024,5,7,東京,2851,118.8,,100,131,162,183,189,176,147,107,65,31,12,16,41,81,126,165,189,195,183,159,129,101,83,80,03:48,189,10:21,11,16:48,195,22:40,79,,,,,,,,,184,大潮相当,5,strong,1,0,0,0,0
20240508,2024,5,8,東京,2853,118.9,N,94,121,152,179,193,188,165,127,83,40,9,-2,10,43,89,136,173,194,195,181,157,129,105,92,04:15,193,10:59,-2,17:36,197,23:18,91,,,,,,,,,199,大潮相当,5,strong,1,0,0,0,0
20240509,2024,5,9,東京,2842,118.4,,95,114,142,170,190,194,180,148,106,61,21,-3,-6,15,53,100,144,177,192,190,174,151,126,108,04:43,195,11:37,,18:22,193,,,,,,,,,,,200,大潮相当,5,strong,1,0,0,0,0
20240510,2024,5,10,東京,2827,117.8,,102,111,133,159,182,193,188,165,129,87,45,12,-4,1,27,67,111,149,175,185,179,164,143,124,05:12,194,12:16,-5,19:07,185,,,,,,,,,,,199,大潮相当,5,strong,1,0,0,0,0
20240511,2024,5,11,東京,2816,117.3,,113,113,126,148,170,186,188,175,148,112,73,37,13,4,16,44,81,119,150,169,174,167,153,137,05:40,189,00:29,111,19:53,174,12:55,4,,,,,,,,,185,大潮相当,5,strong,1,0,0,0,0
20240512,2024,5,12,東京,2806,116.9,,124,118,123,137,156,173,181,177,159,132,99,66,38,21,19,33,60,93,124,148,161,163,156,145,06:10,181,01:03,118,20:40,163,13:37,18,,,,,,,,,163,大潮相当,5,strong,1,0,0,0,0
20240513,2024,5,13,東京,2799,116.6,,133,124,123,130,143,158,168,170,162,144,119,92,66,45,35,36,51,74,101,126,144,153,154,148,06:41,171,01:40,122,21:34,154,14:22,34,,,,,,,,,137,中潮相当,4,mid,0,1,0,0,0
20240514,2024,5,14,東京,2789,116.2,,139,131,126,127,133,143,152,157,155,147,132,112,91,72,57,50,52,64,84,105,125,140,147,148,07:17,157,02:24,126,22:38,149,15:15,49,,,,,,,,,108,小潮相当,3,weak,0,0,1,0,0
20240515,2024,5,15,東京,2785,116.0,U,144,138,132,128,127,130,135,140,142,141,135,125,112,97,82,70,63,64,74,89,108,125,138,146,08:08,142,03:36,127,23:48,147,16:20,63,,,,,,,,,84,小潮相当,3,weak,0,0,1,0,0
20240516,2024,5,16,東京,2785,116.0,,147,144,139,132,126,123,121,122,125,128,130,129,125,117,106,93,81,73,73,80,93,110,127,141,10:18,130,06:00,121,,,17:37,72,,,,,,,,,58,長潮相当,2,very_weak,0,0,0,1,0
20240517,2024,5,17,東京,2793,116.4,,148,150,147,140,130,120,112,106,106,110,118,125,130,131,126,116,103,90,80,77,83,97,115,133,00:49,150,07:34,106,12:37,132,18:49,77,,,,,,,,,73,長潮相当,2,very_weak,0,0,0,1,0
20240518,2024,5,18,東京,2809,117.0,,147,154,155,149,137,122,107,95,88,90,99,113,127,138,141,137,126,111,95,84,80,88,103,123,01:33,155,08:17,88,13:59,141,19:49,80,,,,,,,,,75,長潮相当,2,very_weak,0,0,0,1,0
20240519,2024,5,19,東京,2832,118.0,,142,156,161,158,146,129,108,88,74,71,78,95,116,136,149,154,148,134,116,97,85,84,94,113,02:07,161,08:50,70,14:56,154,20:38,83,,,,,,,,,91,小潮相当,3,weak,0,0,1,0,0
20240520,2024,5,20,東京,2853,118.9,,135,154,165,166,157,138,113,87,66,54,57,73,97,125,148,163,165,156,138,117,98,87,90,104,02:35,167,09:20,53,15:42,166,21:20,87,,,,,,,,,114,小潮相当,3,weak,0,0,1,0,0
20240521,2024,5,21,東京,2870,119.6,,126,149,167,173,167,150,123,92,63,43,38,49,74,107,138,163,175,174,160,138,115,97,91,98,03:02,173,09:49,38,16:24,176,21:58,91,,,,,,,,,138,中潮相当,4,mid,0,1,0,0,0
20240522,2024,5,22,東京,2879,120.0,,117,142,164,177,177,162,135,102,67,39,25,29,50,83,120,153,175,184,177,159,135,112,98,97,03:29,179,10:18,25,17:02,184,22:34,96,,,,,,,,,159,中潮相当,4,mid,0,1,0,0,0
20240523,2024,5,23,東京,2881,120.0,F,110,133,158,177,184,175,151,116,78,43,20,15,28,57,95,134,166,184,187,175,154,130,110,101,03:56,184,10:49,14,17:40,188,23:09,100,,,,,,,,,174,大潮相当,5,strong,1,0,0,0,0
20240524,2024,5,24,東京,2873,119.7,,106,124,149,172,186,184,166,134,95,56,25,9,12,33,68,109,147,175,187,185,170,147,125,109,04:25,187,11:22,8,18:19,188,23:45,105,,,,,,,,,180,大潮相当,5,strong,1,0,0,0,0
20240525,2024,5,25,東京,2854,118.9,,106,116,138,163,182,189,179,152,115,75,38,14,5,16,43,81,121,155,178,185,179,162,141,121,04:55,189,11:57,5,19:00,185,,,,,,,,,,,184,大潮相当,5,strong,1,0,0,0,0
20240526,2024,5,26,東京,2832,118.0,,111,113,128,150,173,186,185,168,137,98,60,29,10,9,25,55,92,129,159,176,179,171,154,135,05:27,188,00:21,110,19:44,180,12:35,7,,,,,,,,,181,大潮相当,5,strong,1,0,0,0,0
20240527,2024,5,27,東京,2812,117.2,,120,115,121,138,159,177,184,177,155,122,86,52,26,14,17,36,66,101,134,158,171,172,163,148,06:01,184,00:59,115,20:34,173,13:17,13,,,,,,,,,171,大潮相当,5,strong,1,0,0,0,0
20240528,2024,5,28,東京,2803,116.8,,133,121,119,128,144,161,174,176,165,143,112,80,52,31,23,29,48,76,107,135,156,166,166,158,06:40,176,01:42,119,21:30,168,14:04,23,,,,,,,,,153,中潮相当,4,mid,0,1,0,0,0
20240529,2024,5,29,東京,2805,116.9,,145,131,123,122,130,143,156,164,164,154,134,109,82,58,42,36,42,60,84,111,135,154,163,163,07:29,165,02:35,121,22:29,164,14:58,36,,,,,,,,,129,中潮相当,4,mid,0,1,0,0,0
20240530,2024,5,30,東京,2818,117.4,,155,143,130,122,120,125,134,144,151,153,146,132,112,90,70,56,51,55,70,90,115,137,154,163,08:41,153,03:46,120,23:25,164,16:01,51,,,,,,,,,113,小潮相当,3,weak,0,0,1,0,0
20240531,2024,5,31,東京,2840,118.3,L,162,154,141,127,116,111,112,118,128,138,144,143,135,121,103,85,72,65,68,79,98,120,142,158,10:27,145,05:22,110,,,17:15,65,,,,,,,,,80,小潮相当,3,weak,0,0,1,0,0
20240601,2024,6,1,東京,2870,119.6,,166,164,153,137,120,104,94,92,98,111,127,140,146,144,134,119,102,88,79,79,88,106,129,150,00:15,166,06:46,92,12:14,146,18:32,78,,,,,,,,,88,小潮相当,3,weak,0,0,1,0,0
20240602,2024,6,2,東京,2901,120.9,,165,170,165,151,130,107,86,72,69,78,97,120,141,153,156,149,135,118,102,91,90,99,117,140,00:59,170,07:43,68,13:45,156,19:39,89,,,,,,,,,102,小潮相当,3,weak,0,0,1,0,0
20240603,2024,6,3,東京,2927,122.0,,160,173,175,165,145,118,89,63,48,47,63,89,119,145,163,169,163,149,131,113,101,100,110,129,01:40,175,08:31,45,15:00,169,20:37,99,,,,,,,,,130,中潮相当,4,mid,0,1,0,0,0
20240604,2024,6,4,東京,2943,122.6,,152,170,180,178,163,136,102,67,39,26,31,53,86,122,153,173,180,175,159,139,120,109,109,121,02:20,181,09:14,25,16:01,180,21:28,107,,,,,,,,,156,中潮相当,4,mid,0,1,0,0,0
20240605,2024,6,5,東京,2956,123.2,,142,163,180,186,179,157,123,84,47,20,11,22,51,89,129,162,182,188,181,163,142,124,114,117,02:59,186,09:57,11,16:54,188,22:16,114,,,,,,,,,177,大潮相当,5,strong,1,0,0,0,0
20240606,2024,6,6,東京,2961,123.4,N,132,153,174,188,189,176,147,108,66,30,7,4,21,55,97,138,170,188,191,181,162,141,125,118,03:37,190,10:39,2,17:41,192,23:00,118,,,,,,,,,190,大潮相当,5,strong,1,0,0,0,0
20240607,2024,6,7,東京,2957,123.2,,125,141,163,182,192,188,168,135,93,52,19,2,5,28,65,107,147,176,190,188,175,156,137,123,04:15,193,11:21,,18:23,191,,,,,,,,,,,190,大潮相当,5,strong,1,0,0,0,0
20240608,2024,6,8,東京,2946,122.8,,121,131,149,171,187,192,182,157,121,80,42,15,4,13,40,78,119,155,178,186,181,166,147,131,04:52,192,12:03,4,19:03,186,,,,,,,,,,,188,大潮相当,5,strong,1,0,0,0,0
20240609,2024,6,9,東京,2933,122.2,,121,123,136,156,176,188,188,172,144,108,70,37,16,12,26,55,93,131,160,177,180,171,155,138,05:29,190,00:21,121,19:41,180,12:45,11,,,,,,,,,179,大潮相当,5,strong,1,0,0,0,0
20240610,2024,6,10,東京,2922,121.8,,125,120,125,141,160,176,184,178,159,131,97,64,38,23,25,43,73,108,140,163,173,171,160,145,06:05,184,00:59,120,20:18,174,13:25,22,,,,,,,,,162,大潮相当,5,strong,1,0,0,0,0
20240611,2024,6,11,東京,2914,121.4,,130,120,119,128,143,160,172,175,166,146,119,90,63,43,34,41,61,90,121,147,164,168,163,151,06:43,175,01:37,118,20:56,168,14:04,34,,,,,,,,,141,中潮相当,4,mid,0,1,0,0,0
20240612,2024,6,12,東京,2909,121.2,,136,124,117,119,128,142,156,163,163,153,135,112,87,66,51,48,58,79,105,132,152,163,164,156,07:26,164,02:18,117,21:34,165,14:44,48,,,,,,,,,117,小潮相当,3,weak,0,0,1,0,0
20240613,2024,6,13,東京,2905,121.0,,143,130,119,115,117,126,137,146,152,150,142,127,108,89,73,64,64,75,94,118,139,155,162,160,08:20,152,03:08,115,22:13,163,15:27,63,,,,,,,,,100,小潮相当,3,weak,0,0,1,0,0
20240614,2024,6,14,東京,2911,121.3,U,150,138,125,116,112,113,118,126,134,140,141,135,125,110,96,84,78,80,90,107,127,146,158,162,09:37,141,04:18,111,22:55,162,16:17,78,,,,,,,,,84,小潮相当,3,weak,0,0,1,0,0
20240615,2024,6,15,東京,2920,121.7,,157,147,134,121,111,105,103,106,113,123,131,135,134,127,118,107,97,92,93,102,117,135,151,161,11:16,136,05:52,103,23:37,163,17:21,92,,,,,,,,,71,長潮相当,2,very_weak,0,0,0,1,0
20240616,2024,6,16,東京,2936,122.3,,162,155,144,130,115,102,93,89,92,101,114,127,136,138,136,129,119,110,104,103,111,126,143,157,12:59,138,07:05,89,,,18:32,103,,,,,,,,,49,若潮相当,1,turning,0,0,0,0,1
20240617,2024,6,17,東京,2955,123.1,,164,163,154,141,124,106,89,76,73,78,93,111,128,141,148,148,142,131,120,112,111,119,133,150,00:22,165,07:54,72,14:28,148,19:37,110,,,,,,,,,93,小潮相当,3,weak,0,0,1,0,0
20240618,2024,6,18,東京,2969,123.7,,162,168,164,153,136,114,91,71,58,57,69,89,113,135,151,160,160,153,140,126,117,116,125,141,01:07,168,08:34,56,15:32,161,20:33,115,,,,,,,,,112,小潮相当,3,weak,0,0,1,0,0
20240619,2024,6,19,東京,2979,124.1,,157,169,172,166,150,127,100,72,51,41,46,64,90,119,145,164,173,171,160,144,128,119,120,131,01:52,172,09:11,41,16:19,174,21:23,118,,,,,,,,,133,中潮相当,4,mid,0,1,0,0,0
20240620,2024,6,20,東京,2982,124.3,,148,165,176,177,166,145,115,82,52,32,27,39,63,95,129,158,177,183,177,162,143,127,120,124,02:36,178,09:48,27,17:00,183,22:08,119,,,,,,,,,156,中潮相当,4,mid,0,1,0,0,0
20240621,2024,6,21,東京,2981,124.2,,138,157,174,183,181,164,136,100,63,34,18,19,36,67,104,141,170,187,189,178,159,139,124,120,03:18,184,10:27,16,17:39,190,22:51,120,,,,,,,,,174,大潮相当,5,strong,1,0,0,0,0
20240622,2024,6,22,東京,2971,123.8,F,127,145,166,183,190,182,158,123,84,46,20,8,15,39,74,115,152,179,192,189,175,154,134,121,03:59,190,11:07,8,18:18,193,23:34,119,,,,,,,,,185,大潮相当,5,strong,1,0,0,0,0
20240623,2024,6,23,東京,2961,123.4,,120,132,152,175,191,193,179,150,110,69,34,11,5,17,46,85,126,162,185,193,185,168,146,127,04:40,194,11:50,4,18:58,193,,,,,,,,,,,190,大潮相当,5,strong,1,0,0,0,0
20240624,2024,6,24,東京,2949,122.9,,117,121,137,160,182,195,192,172,139,99,59,27,8,7,24,57,97,137,169,187,189,178,159,137,05:21,196,00:16,117,19:39,190,12:33,5,,,,,,,,,191,大潮相当,5,strong,1,0,0,0,0
20240625,2024,6,25,東京,2944,122.7,,121,114,122,141,164,184,193,186,163,129,90,54,26,12,16,37,72,111,147,174,186,183,170,149,06:04,193,00:58,114,20:19,187,13:17,11,,,,,,,,,182,大潮相当,5,strong,1,0,0,0,0
20240626,2024,6,26,東京,2943,122.6,,128,114,111,122,142,164,181,186,177,153,121,86,54,31,23,31,55,89,124,156,176,183,176,160,06:51,186,01:42,111,20:59,183,14:00,23,,,,,,,,,163,大潮相当,5,strong,1,0,0,0,0
20240627,2024,6,27,東京,2955,123.1,,139,119,108,108,119,139,158,172,176,166,145,117,87,61,44,40,52,76,106,137,162,177,179,168,07:46,176,02:29,106,21:38,180,14:43,40,,,,,,,,,140,中潮相当,4,mid,0,1,0,0,0
20240628,2024,6,28,東京,2974,123.9,,150,129,111,101,102,113,129,147,160,164,157,141,118,94,73,62,62,75,96,123,148,168,177,174,08:53,164,03:25,100,22:15,177,15:28,61,,,,,,,,,116,小潮相当,3,weak,0,0,1,0,0
20240629,2024,6,29,東京,2993,124.7,L,161,141,120,102,92,92,101,116,133,147,154,151,140,123,106,91,84,85,96,115,137,158,172,176,10:14,154,04:32,91,22:52,176,16:20,83,,,,,,,,,93,小潮相当,3,weak,0,0,1,0,0
20240630,2024,6,30,東京,3009,125.4,,169,154,133,112,93,81,78,85,100,118,135,147,149,144,134,122,112,106,106,115,130,148,164,174,11:47,149,05:49,78,23:33,176,17:25,105,,,,,,,,,98,小潮相当,3,weak,0,0,1,0,0
20240701,2024,7,1,東京,3023,126.0,,175,166,149,128,105,83,68,62,68,85,106,127,143,151,152,147,139,131,124,122,128,140,155,169,13:37,153,06:59,62,,,18:44,122,,,,,,,,,91,小潮相当,3,weak,0,0,1,0,0
20240702,2024,7,2,東京,3036,126.5,,176,174,164,147,123,97,71,53,46,54,73,98,123,144,158,164,162,155,145,136,132,136,146,159,00:21,176,07:58,46,15:17,164,20:01,132,,,,,,,,,130,中潮相当,4,mid,0,1,0,0,0
20240703,2024,7,3,東京,3043,126.8,,171,177,176,165,146,119,87,58,38,33,43,65,95,124,150,167,176,174,165,152,141,135,138,148,01:19,178,08:51,33,16:20,176,21:08,135,,,,,,,,,145,中潮相当,4,mid,0,1,0,0,0
20240704,2024,7,4,東京,3050,127.1,,161,173,180,179,167,144,112,77,46,26,23,37,63,97,130,159,178,185,181,168,152,140,134,138,02:22,181,09:40,23,17:05,185,22:07,134,,,,,,,,,162,大潮相当,5,strong,1,0,0,0,0
20240705,2024,7,5,東京,3056,127.3,,148,163,177,185,183,168,140,103,66,35,18,19,37,67,104,141,170,187,190,180,164,147,134,130,03:19,186,10:28,16,17:43,190,22:56,130,,,,,,,,,174,大潮相当,5,strong,1,0,0,0,0
20240706,2024,7,6,東京,3053,127.2,N,135,149,167,183,190,185,164,132,93,55,27,14,20,42,77,117,153,179,191,188,174,155,137,126,04:08,191,11:13,14,18:16,191,23:37,123,,,,,,,,,177,大潮相当,5,strong,1,0,0,0,0
20240707,2024,7,7,東京,3050,127.1,,124,134,152,173,189,193,183,157,121,82,47,23,15,26,54,92,132,166,185,190,180,163,143,126,04:49,194,11:55,15,18:46,190,,,,,,,,,,,179,大潮相当,5,strong,1,0,0,0,0
20240708,2024,7,8,東京,3042,126.8,,117,121,136,157,179,192,191,175,145,108,71,41,22,22,39,72,112,149,175,187,184,169,149,129,05:28,194,00:14,117,19:15,187,12:33,20,,,,,,,,,174,大潮相当,5,strong,1,0,0,0,0
20240709,2024,7,9,東京,3036,126.5,,115,111,120,140,163,182,191,184,163,132,96,63,38,27,34,58,94,132,163,181,184,174,156,135,06:04,191,00:48,111,19:42,185,13:07,27,,,,,,,,,164,大潮相当,5,strong,1,0,0,0,0
20240710,2024,7,10,東京,3033,126.4,,116,107,109,123,144,166,181,184,172,149,119,87,59,41,39,53,82,117,149,173,182,178,162,141,06:41,184,01:20,106,20:09,182,13:39,38,,,,,,,,,146,中潮相当,4,mid,0,1,0,0,0
20240711,2024,7,11,東京,3034,126.4,,121,106,102,109,126,147,165,175,173,159,136,108,82,61,51,57,76,105,137,163,178,179,168,150,07:20,175,01:54,102,20:36,180,14:10,51,,,,,,,,,129,中潮相当,4,mid,0,1,0,0,0
20240712,2024,7,12,東京,3033,126.4,,128,110,100,100,110,126,144,158,164,160,147,126,103,83,70,68,78,99,126,152,171,179,173,158,08:06,164,02:31,99,21:04,179,14:40,67,,,,,,,,,112,小潮相当,3,weak,0,0,1,0,0
20240713,2024,7,13,東京,3037,126.5,,138,118,103,96,99,108,123,137,149,153,149,138,121,104,91,84,87,100,120,142,162,175,175,165,09:03,153,03:15,96,21:34,177,15:12,84,,,,,,,,,93,小潮相当,3,weak,0,0,1,0,0
20240714,2024,7,14,東京,3045,126.9,U,148,128,110,98,93,95,103,115,128,139,144,142,134,123,112,105,103,107,118,135,153,168,174,170,10:14,144,04:14,93,22:07,174,15:52,102,,,,,,,,,81,小潮相当,3,weak,0,0,1,0,0
20240715,2024,7,15,東京,3050,127.1,,157,139,121,105,94,88,88,93,105,118,131,138,140,137,132,126,121,120,123,131,144,159,169,171,11:49,140,05:34,87,22:46,172,16:56,120,,,,,,,,,85,小潮相当,3,weak,0,0,1,0,0
20240716,2024,7,16,東京,3057,127.4,,165,151,134,117,101,88,79,76,82,94,111,126,137,144,146,145,142,137,133,133,138,149,161,168,14:10,146,06:48,76,23:35,170,18:31,132,,,,,,,,,94,小潮相当,3,weak,0,0,1,0,0
20240717,2024,7,17,東京,3057,127.4,,169,162,149,133,114,95,77,65,63,70,85,105,125,141,153,159,160,155,147,140,137,141,151,161,15:36,161,07:47,62,,,19:53,137,,,,,,,,,99,小潮相当,3,weak,0,0,1,0,0
20240718,2024,7,18,東京,3057,127.4,,168,170,164,151,132,109,85,63,50,48,59,79,103,128,150,166,174,173,164,151,141,137,141,151,00:40,170,08:37,48,16:21,175,21:00,137,,,,,,,,,127,中潮相当,4,mid,0,1,0,0,0
20240719,2024,7,19,東京,3050,127.1,,162,171,174,169,155,131,102,72,47,34,35,50,75,105,136,163,180,186,180,166,149,137,133,138,01:54,174,09:26,33,16:58,186,21:55,133,,,,,,,,,153,中潮相当,4,mid,0,1,0,0,0
20240720,2024,7,20,東京,3048,127.0,,151,166,178,183,177,157,127,91,57,32,20,25,44,75,112,148,177,192,193,181,162,143,130,127,02:58,183,10:13,20,17:33,194,22:44,127,,,,,,,,,174,大潮相当,5,strong,1,0,0,0,0
20240721,2024,7,21,東京,3049,127.0,F,136,153,172,188,193,183,157,120,80,44,19,10,19,45,82,124,162,189,199,193,176,153,132,120,03:51,193,11:00,10,18:07,199,23:27,118,,,,,,,,,189,大潮相当,5,strong,1,0,0,0,0
20240722,2024,7,22,東京,3050,127.1,,120,134,157,181,198,200,184,153,111,69,33,10,6,20,53,95,140,176,197,201,188,165,140,119,04:38,202,11:45,,18:40,201,,,,,,,,,,,195,大潮相当,5,strong,1,0,0,0,0
20240723,2024,7,23,東京,3060,127.5,,109,115,135,163,189,205,202,181,145,102,61,27,9,10,31,69,114,157,187,201,196,177,151,124,05:23,206,00:08,109,19:13,201,12:27,6,,,,,,,,,200,大潮相当,5,strong,1,0,0,0,0
20240724,2024,7,24,東京,3069,127.9,,104,99,111,137,168,193,205,198,173,137,95,57,28,16,24,52,92,135,172,194,198,186,162,133,06:08,205,00:48,99,19:44,199,13:06,16,,,,,,,,,189,大潮相当,5,strong,1,0,0,0,0
20240725,2024,7,25,東京,3081,128.4,,107,91,92,109,138,168,191,198,189,164,129,91,58,37,33,48,79,118,155,183,195,191,172,145,06:56,198,01:28,89,20:14,196,13:43,32,,,,,,,,,166,大潮相当,5,strong,1,0,0,0,0
20240726,2024,7,26,東京,3093,128.9,,115,92,81,87,107,136,163,182,187,176,153,123,92,68,55,59,78,108,142,171,189,192,180,157,07:49,187,02:09,81,20:42,192,14:17,54,,,,,,,,,138,中潮相当,4,mid,0,1,0,0,0
20240727,2024,7,27,東京,3102,129.3,,128,101,81,75,84,104,129,153,169,173,164,145,122,100,84,80,88,108,134,160,180,189,184,167,08:48,173,02:55,75,21:09,189,14:51,80,,,,,,,,,114,小潮相当,3,weak,0,0,1,0,0
20240728,2024,7,28,東京,3104,129.3,L,142,115,91,75,71,79,97,119,140,154,159,154,141,126,113,106,107,116,133,153,171,183,184,175,09:57,159,03:49,71,21:37,185,15:24,105,,,,,,,,,114,小潮相当,3,weak,0,0,1,0,0
20240729,2024,7,29,東京,3105,129.4,,156,132,108,87,73,68,73,87,106,126,140,148,148,143,137,131,129,131,138,149,163,175,180,177,11:29,148,04:59,68,22:11,180,16:06,128,,,,,,,,,112,小潮相当,3,weak,0,0,1,0,0
20240730,2024,7,30,東京,3101,129.2,,166,149,129,107,87,72,63,65,76,94,113,130,141,148,151,151,149,147,147,149,156,165,172,174,14:34,151,06:21,63,22:59,174,17:43,146,,,,,,,,,111,小潮相当,3,weak,0,0,1,0,0
20240731,2024,7,31,東京,3097,129.0,,171,163,149,131,110,88,68,57,55,65,83,104,124,141,155,163,166,163,158,153,151,154,160,165,16:00,166,07:35,55,,,19:52,151,,,,,,,,,111,小潮相当,3,weak,0,0,1,0,0
20240801,2024,8,1,東京,3100,129.2,,169,169,165,154,137,113,86,63,48,46,56,76,100,125,148,166,176,177,170,160,151,146,147,152,00:34,170,08:39,45,16:35,177,21:20,145,,,,,,,,,132,中潮相当,4,mid,0,1,0,0,0
20240802,2024,8,2,東京,3104,129.3,,160,168,173,172,162,141,112,81,55,39,38,51,74,103,134,161,179,186,181,168,153,141,135,137,02:23,174,09:34,37,17:03,186,22:16,135,,,,,,,,,149,中潮相当,4,mid,0,1,0,0,0
20240803,2024,8,3,東京,3108,129.5,,146,159,173,182,181,167,140,106,72,45,31,33,50,79,114,148,175,189,189,177,159,141,128,124,03:26,183,10:23,30,17:29,191,22:56,124,,,,,,,,,161,大潮相当,5,strong,1,0,0,0,0
20240804,2024,8,4,東京,3112,129.7,N,130,144,164,182,191,186,166,134,96,61,36,26,34,57,93,131,165,187,193,185,166,145,126,114,04:11,191,11:05,26,17:53,193,23:29,113,,,,,,,,,167,大潮相当,5,strong,1,0,0,0,0
20240805,2024,8,5,東京,3116,129.8,,115,127,149,173,192,197,185,158,122,84,51,30,27,42,73,113,152,181,194,190,174,151,127,109,04:49,197,11:41,26,18:15,194,23:59,103,,,,,,,,,171,大潮相当,5,strong,1,0,0,0,0
20240806,2024,8,6,東京,3115,129.8,,103,110,131,158,184,198,196,177,145,108,71,43,30,35,59,97,137,171,191,193,180,157,132,109,05:24,200,12:14,29,18:37,194,,,,,,,,,,,171,大潮相当,5,strong,1,0,0,0,0
20240807,2024,8,7,東京,3120,130.0,,96,97,113,139,168,190,198,188,164,130,94,62,41,37,52,84,124,161,186,194,186,165,138,113,05:57,198,00:27,94,18:58,194,12:43,36,,,,,,,,,162,大潮相当,5,strong,1,0,0,0,0
20240808,2024,8,8,東京,3124,130.2,,94,87,96,119,148,175,190,191,176,149,116,84,59,47,54,77,113,149,178,193,190,173,147,119,06:31,193,00:55,87,19:20,193,13:10,47,,,,,,,,,146,中潮相当,4,mid,0,1,0,0,0
20240809,2024,8,9,東京,3123,130.1,,96,83,85,101,126,154,175,185,179,161,134,105,79,64,62,77,106,139,170,188,191,179,156,128,07:08,185,01:24,82,19:41,192,13:35,61,,,,,,,,,131,中潮相当,4,mid,0,1,0,0,0
20240810,2024,8,10,東京,3125,130.2,,102,84,79,87,107,132,155,170,174,166,147,124,100,83,77,84,104,132,160,181,190,184,165,138,07:48,175,01:54,79,20:04,190,13:59,77,,,,,,,,,113,小潮相当,3,weak,0,0,1,0,0
20240811,2024,8,11,東京,3126,130.3,,111,90,79,80,91,110,132,151,162,163,154,138,119,104,95,96,108,128,152,173,185,185,171,149,08:35,163,02:27,78,20:29,186,14:23,94,,,,,,,,,108,小潮相当,3,weak,0,0,1,0,0
20240812,2024,8,12,東京,3121,130.0,,123,100,85,78,82,93,110,128,143,151,152,145,134,122,115,113,118,129,146,163,177,181,175,158,09:33,153,03:08,78,20:56,181,14:48,112,,,,,,,,,103,小潮相当,3,weak,0,0,1,0,0
20240813,2024,8,13,東京,3111,129.6,U,136,114,95,84,79,82,91,104,119,133,142,144,142,137,133,130,131,136,144,155,167,174,174,165,10:56,144,04:07,79,21:29,176,15:18,130,,,,,,,,,97,小潮相当,3,weak,0,0,1,0,0
20240814,2024,8,14,東京,3101,129.2,,149,129,111,96,85,78,78,83,94,109,123,134,142,146,147,148,147,146,147,151,157,165,169,167,14:52,148,05:37,77,22:15,169,17:16,146,,,,,,,,,92,小潮相当,3,weak,0,0,1,0,0
20240815,2024,8,15,東京,3085,128.5,,159,146,130,114,98,83,72,68,71,82,98,115,132,145,156,162,164,160,155,150,150,153,159,163,15:46,164,07:05,68,23:40,164,19:38,149,,,,,,,,,96,小潮相当,3,weak,0,0,1,0,0
20240816,2024,8,16,東京,3072,128.0,,164,160,151,137,119,98,78,61,54,56,69,88,111,135,156,171,178,176,167,155,146,143,146,153,16:15,178,08:14,53,,,21:01,143,,,,,,,,,125,中潮相当,4,mid,0,1,0,0,0
20240817,2024,8,17,東京,3065,127.7,,161,168,169,162,147,123,95,67,47,38,42,58,83,114,145,171,187,190,181,165,148,135,132,137,01:42,169,09:12,37,16:43,190,21:54,132,,,,,,,,,153,中潮相当,4,mid,0,1,0,0,0
20240818,2024,8,18,東京,3066,127.8,,149,165,178,183,176,155,123,88,55,32,23,30,52,86,125,161,188,199,194,177,155,133,120,119,02:57,183,10:03,23,17:11,199,22:37,118,,,,,,,,,176,大潮相当,5,strong,1,0,0,0,0
20240819,2024,8,19,東京,3078,128.3,,130,150,174,193,198,186,158,119,78,43,20,14,26,56,98,142,179,201,204,190,166,137,114,102,03:50,198,10:50,13,17:40,205,23:15,102,,,,,,,,,192,大潮相当,5,strong,1,0,0,0,0
20240820,2024,8,20,東京,3102,129.3,F,106,126,156,186,206,208,190,156,113,70,34,14,13,34,72,119,163,195,208,201,178,147,115,92,04:37,210,11:32,,18:07,208,,,,,,,,,,,195,大潮相当,5,strong,1,0,0,0,0
20240821,2024,8,21,東京,3131,130.5,,86,98,127,164,196,214,211,188,150,106,63,32,17,25,54,97,144,183,206,207,189,159,123,92,05:22,216,12:10,17,18:34,209,,,,,,,,,,,199,大潮相当,5,strong,1,0,0,0,0
20240822,2024,8,22,東京,3155,131.5,,73,74,95,131,170,201,214,206,180,142,100,63,38,32,49,83,127,169,198,207,197,171,136,99,06:07,214,00:28,70,18:59,207,12:45,31,,,,,,,,,183,大潮相当,5,strong,1,0,0,0,0
20240823,2024,8,23,東京,3171,132.1,,71,59,68,96,135,172,198,206,195,168,134,98,69,54,58,81,117,156,187,203,201,182,150,113,06:54,206,01:05,59,19:23,205,13:18,53,,,,,,,,,153,中潮相当,4,mid,0,1,0,0,0
20240824,2024,8,24,東京,3171,132.1,,79,57,53,68,99,135,168,188,192,180,157,128,101,82,78,90,115,147,177,196,200,188,163,130,07:44,192,01:43,52,19:45,201,13:47,77,,,,,,,,,149,中潮相当,4,mid,0,1,0,0,0
20240825,2024,8,25,東京,3161,131.7,,96,68,52,54,72,100,131,157,173,175,165,147,127,111,103,106,121,144,169,187,195,190,172,146,08:39,176,02:24,51,20:07,196,14:13,102,,,,,,,,,145,中潮相当,4,mid,0,1,0,0,0
20240826,2024,8,26,東京,3147,131.1,L,115,87,66,56,60,75,99,123,144,156,158,153,143,133,126,125,132,146,163,178,187,187,177,158,09:45,159,03:13,55,20:30,188,14:34,125,,,,,,,,,133,中潮相当,4,mid,0,1,0,0,0
20240827,2024,8,27,東京,3122,130.1,,134,110,88,71,63,65,76,93,112,129,140,146,146,145,143,143,146,151,159,169,176,178,175,164,11:40,147,04:19,63,20:55,179,14:35,143,,,,,,,,,116,小潮相当,3,weak,0,0,1,0,0
20240828,2024,8,28,東京,3108,129.5,,149,132,114,96,81,70,67,72,85,100,116,130,140,148,154,157,159,159,159,161,164,166,166,163,21:34,166,05:52,67,,,,,,,,,,,,,99,小潮相当,3,weak,0,0,1,0,0
20240829,2024,8,29,東京,3097,129.0,,157,149,138,124,106,88,73,65,66,75,90,108,126,143,157,166,170,168,162,156,152,151,152,155,16:05,170,07:24,64,,,20:56,151,,,,,,,,,106,小潮相当,3,weak,0,0,1,0,0
20240830,2024,8,30,東京,3093,128.9,,157,159,157,150,135,113,90,70,58,57,67,84,107,131,153,170,178,176,168,156,144,137,136,140,01:06,159,08:34,56,16:21,178,21:43,136,,,,,,,,,122,中潮相当,4,mid,0,1,0,0,0
20240831,2024,8,31,東京,3095,129.0,,149,159,168,169,161,141,114,85,62,49,50,63,86,114,144,168,182,184,175,159,142,127,121,123,02:42,170,09:28,48,16:39,185,22:14,121,,,,,,,,,137,中潮相当,4,mid,0,1,0,0,0
20240901,2024,9,1,東京,3103,129.3,,134,151,169,181,181,167,140,107,76,52,41,46,66,96,131,162,183,190,183,165,143,123,109,107,03:31,183,10:11,41,16:58,190,22:42,106,,,,,,,,,149,中潮相当,4,mid,0,1,0,0,0
20240902,2024,9,2,東京,3117,129.9,,117,137,161,183,193,187,165,132,96,64,43,38,51,79,115,152,180,193,190,173,149,123,103,93,04:09,193,10:47,38,17:17,194,23:09,93,,,,,,,,,156,中潮相当,4,mid,0,1,0,0,0
20240903,2024,9,3,東京,3129,130.4,N,99,118,147,175,195,199,184,156,119,83,54,39,43,65,100,140,174,194,195,181,156,127,101,85,04:42,199,11:19,38,17:35,197,23:35,82,,,,,,,,,161,大潮相当,5,strong,1,0,0,0,0
20240904,2024,9,4,東京,3137,130.7,,83,99,127,160,188,202,197,175,142,105,71,49,43,57,88,128,165,191,198,188,164,133,103,81,05:15,202,11:48,43,17:54,198,,,,,,,,,,,159,中潮相当,4,mid,0,1,0,0,0
20240905,2024,9,5,東京,3148,131.2,,72,81,106,140,173,196,201,188,161,127,92,65,51,57,81,117,156,186,199,194,172,142,109,82,05:47,201,00:01,72,18:12,199,12:14,51,,,,,,,,,150,中潮相当,4,mid,0,1,0,0,0
20240906,2024,9,6,東京,3152,131.3,,66,67,86,118,153,181,196,193,175,146,114,85,66,63,79,110,146,178,197,197,180,151,118,87,06:20,197,00:26,64,18:31,199,12:39,62,,,,,,,,,137,中潮相当,4,mid,0,1,0,0,0
20240907,2024,9,7,東京,3154,131.4,,66,60,71,96,130,161,183,190,181,160,133,105,84,76,83,106,138,170,192,198,186,161,128,96,06:55,190,00:52,59,18:50,198,13:02,76,,,,,,,,,139,中潮相当,4,mid,0,1,0,0,0
20240908,2024,9,8,東京,3147,131.1,,71,58,61,79,108,138,164,178,179,167,147,123,103,92,93,108,133,161,184,194,189,169,140,108,07:33,180,01:19,57,19:11,194,13:25,91,,,,,,,,,137,中潮相当,4,mid,0,1,0,0,0
20240909,2024,9,9,東京,3133,130.5,,80,63,59,69,89,116,141,160,169,166,154,138,121,109,106,114,131,153,174,187,188,175,150,121,08:15,169,01:47,59,19:32,189,13:47,106,,,,,,,,,130,中潮相当,4,mid,0,1,0,0,0
20240910,2024,9,10,東京,3120,130.0,,94,73,63,65,77,96,118,138,152,157,155,146,135,126,122,125,134,149,165,178,182,176,159,135,09:08,157,02:22,63,19:56,182,14:07,122,,,,,,,,,119,小潮相当,3,weak,0,0,1,0,0
20240911,2024,9,11,東京,3098,129.1,U,110,89,75,69,71,81,96,113,129,141,146,147,144,140,138,138,142,149,158,167,173,172,163,147,10:33,147,03:10,69,20:24,173,14:23,138,,,,,,,,,104,小潮相当,3,weak,0,0,1,0,0
20240912,2024,9,12,東京,3071,128.0,,128,108,92,81,75,74,79,89,102,117,129,139,145,149,152,153,153,153,155,158,161,163,161,155,21:07,163,04:37,74,,,,,,,,,,,,,89,小潮相当,3,weak,0,0,1,0,0
20240913,2024,9,13,東京,3047,127.0,,144,130,116,101,88,77,70,70,76,89,105,122,138,151,162,167,167,162,156,151,149,150,152,154,15:27,167,06:33,69,23:22,155,20:06,149,,,,,,,,,98,小潮相当,3,weak,0,0,1,0,0
20240914,2024,9,14,東京,3021,125.9,,154,150,142,128,111,91,73,60,56,61,75,96,121,145,165,177,180,174,162,148,138,134,136,144,15:48,180,07:57,56,,,21:06,134,,,,,,,,,124,中潮相当,4,mid,0,1,0,0,0
20240915,2024,9,15,東京,3013,125.5,,154,162,165,158,142,118,90,64,47,41,48,67,96,129,160,182,191,187,172,151,131,118,116,124,01:49,165,08:57,41,16:11,192,21:43,115,,,,,,,,,151,中潮相当,4,mid,0,1,0,0,0
20240916,2024,9,16,東京,3032,126.3,,141,162,178,184,175,153,120,85,54,34,29,42,69,106,146,179,198,199,185,160,131,108,95,99,02:56,184,09:47,29,16:35,201,22:18,95,,,,,,,,,172,大潮相当,5,strong,1,0,0,0,0
20240917,2024,9,17,東京,3062,127.6,,117,145,175,196,201,187,157,118,78,45,26,26,46,82,126,168,197,207,197,172,138,105,80,73,03:46,201,10:30,,17:00,207,,,,,,,,,,,181,大潮相当,5,strong,1,0,0,0,0
20240918,2024,9,18,東京,3109,129.5,F,86,115,154,189,211,212,192,156,114,73,41,28,35,64,106,152,189,209,207,185,150,110,76,55,04:33,214,11:09,27,17:24,211,23:27,53,,,,,,,,,187,大潮相当,5,strong,1,0,0,0,0
20240919,2024,9,19,東京,3149,131.2,,56,80,119,164,200,218,214,189,151,109,71,46,40,56,92,136,177,205,211,196,164,123,82,50,05:18,219,11:46,39,17:48,212,,,,,,,,,,,180,大潮相当,5,strong,1,0,0,0,0
20240920,2024,9,20,東京,3179,132.5,,37,48,81,127,172,204,216,207,181,144,106,75,59,62,87,124,165,197,211,204,178,140,96,58,06:03,216,00:03,37,18:11,211,12:19,57,,,,,,,,,179,大潮相当,5,strong,1,0,0,0,0
20240921,2024,9,21,東京,3185,132.7,,33,29,49,87,133,174,200,206,194,169,138,107,86,80,92,120,155,187,205,206,188,156,116,75,06:50,206,00:39,28,18:33,208,12:50,79,,,,,,,,,180,大潮相当,5,strong,1,0,0,0,0
20240922,2024,9,22,東京,3170,132.1,,43,27,32,57,95,136,169,188,190,178,158,134,113,102,105,122,149,177,197,203,193,169,135,98,07:39,191,01:16,26,18:54,203,13:18,101,,,,,,,,,177,大潮相当,5,strong,1,0,0,0,0
20240923,2024,9,23,東京,3139,130.8,,64,41,33,43,68,101,133,158,172,172,163,149,134,124,122,130,147,168,186,194,191,176,150,120,08:34,173,01:57,33,19:14,195,13:42,121,,,,,,,,,162,大潮相当,5,strong,1,0,0,0,0
20240924,2024,9,24,東京,3103,129.3,,90,65,49,46,56,76,102,126,145,155,156,152,146,140,137,140,149,162,174,182,183,175,159,138,09:44,157,02:44,45,19:34,184,14:01,137,,,,,,,,,139,中潮相当,4,mid,0,1,0,0,0
20240925,2024,9,25,東京,3066,127.8,L,115,93,75,63,60,66,80,98,116,131,141,146,148,149,149,150,153,158,164,168,170,167,159,147,19:51,170,03:49,60,,,,,,,,,,,,,110,小潮相当,3,weak,0,0,1,0,0
20240926,2024,9,26,東京,3039,126.6,,134,119,104,90,78,71,71,79,91,106,120,133,143,152,157,159,159,158,156,154,154,152,151,148,15:24,160,05:27,70,,,,,,,,,,,,,90,小潮相当,3,weak,0,0,1,0,0
20240927,2024,9,27,東京,3026,126.1,,145,139,131,118,103,87,75,70,73,84,99,116,134,149,161,167,167,161,152,144,138,135,137,141,15:26,168,07:07,70,,,21:10,135,,,,,,,,,98,小潮相当,3,weak,0,0,1,0,0
20240928,2024,9,28,東京,3022,125.9,,146,151,151,145,130,110,89,73,65,67,79,98,120,143,161,172,174,167,154,138,126,118,119,126,01:35,152,08:17,64,15:41,175,21:27,118,,,,,,,,,111,小潮相当,3,weak,0,0,1,0,0
20240929,2024,9,29,東京,3030,126.3,,139,153,163,165,156,136,110,84,66,58,63,80,105,133,158,176,181,175,159,138,118,105,101,108,02:40,166,09:06,58,15:58,181,21:51,101,,,,,,,,,123,中潮相当,4,mid,0,1,0,0,0
20240930,2024,9,30,東京,3045,126.9,,125,146,166,178,176,160,134,103,76,58,54,65,89,121,152,175,187,183,167,143,117,96,85,89,03:22,179,09:45,53,16:15,187,22:16,85,,,,,,,,,134,中潮相当,4,mid,0,1,0,0,0
20241001,2024,10,1,東京,3061,127.5,,106,132,160,181,189,180,157,126,93,67,53,57,76,108,143,172,189,190,175,150,120,92,74,71,03:58,189,10:19,52,16:32,192,22:41,70,,,,,,,,,140,中潮相当,4,mid,0,1,0,0,0
20241002,2024,10,2,東京,3082,128.4,,85,112,146,176,193,194,177,149,115,83,61,55,68,96,132,166,189,195,184,159,126,94,69,58,04:32,196,10:49,55,16:50,195,23:06,58,,,,,,,,,141,中潮相当,4,mid,0,1,0,0,0
20241003,2024,10,3,東京,3102,129.3,N,66,90,126,162,189,199,192,169,137,103,76,62,66,88,122,158,186,198,191,168,135,99,69,51,05:05,199,11:18,61,17:08,198,23:31,48,,,,,,,,,151,中潮相当,4,mid,0,1,0,0,0
20241004,2024,10,4,東京,3114,129.8,,50,69,103,142,176,196,198,184,157,125,95,75,70,84,114,149,180,198,196,177,145,108,74,49,05:38,200,11:44,70,17:26,199,23:56,41,,,,,,,,,159,中潮相当,4,mid,0,1,0,0,0
20241005,2024,10,5,東京,3118,129.9,,41,52,80,118,156,184,196,191,172,144,115,91,80,86,108,141,172,194,199,185,156,120,83,54,06:11,196,12:10,80,17:45,199,,,,,,,,,,,119,小潮相当,3,weak,0,0,1,0,0
20241006,2024,10,6,東京,3110,129.6,,38,41,62,95,133,166,186,190,179,158,133,109,94,93,107,133,163,187,197,190,166,132,95,63,06:46,190,00:22,37,18:05,197,12:35,92,,,,,,,,,160,大潮相当,5,strong,1,0,0,0,0
20241007,2024,10,7,東京,3100,129.2,,43,38,49,76,110,143,168,180,179,166,146,126,110,104,111,129,155,178,192,190,174,145,110,78,07:23,181,00:48,37,18:26,193,12:59,104,,,,,,,,,156,中潮相当,4,mid,0,1,0,0,0
20241008,2024,10,8,東京,3076,128.2,,53,41,45,62,89,119,146,164,171,167,155,139,125,117,118,129,148,168,182,186,177,155,125,95,08:06,171,01:17,41,18:48,187,13:23,116,,,,,,,,,146,中潮相当,4,mid,0,1,0,0,0
20241009,2024,10,9,東京,3047,127.0,,69,52,48,55,73,97,121,141,155,159,156,148,138,131,129,134,145,159,171,178,175,161,139,113,09:02,159,01:52,48,19:12,178,13:49,129,,,,,,,,,130,中潮相当,4,mid,0,1,0,0,0
20241010,2024,10,10,東京,3012,125.5,,89,70,59,57,65,79,97,116,132,143,149,150,147,144,142,142,146,153,160,166,167,161,148,130,10:39,150,02:41,57,19:39,167,14:24,142,,,,,,,,,110,小潮相当,3,weak,0,0,1,0,0
20241011,2024,10,11,東京,2973,123.9,U,111,93,78,69,66,68,77,90,105,121,134,145,151,154,155,154,152,150,150,152,153,153,150,142,13:44,155,04:03,66,20:27,153,17:28,150,,,,,,,,,89,小潮相当,3,weak,0,0,1,0,0
20241012,2024,10,12,東京,2941,122.5,,132,119,105,91,78,69,66,69,79,94,113,131,148,160,166,166,161,153,144,138,136,137,141,145,14:32,167,06:02,66,23:53,146,20:06,136,,,,,,,,,101,小潮相当,3,weak,0,0,1,0,0
20241013,2024,10,13,東京,2920,121.7,,146,143,135,120,103,84,68,59,59,68,87,111,137,159,173,178,173,160,143,127,117,115,121,134,14:59,178,07:30,57,,,20:44,115,,,,,,,,,121,中潮相当,4,mid,0,1,0,0,0
20241014,2024,10,14,東京,2922,121.8,,148,159,161,153,136,111,85,63,50,50,63,88,119,150,174,187,186,171,148,123,102,91,94,110,01:46,161,08:31,48,15:24,188,21:17,91,,,,,,,,,140,中潮相当,4,mid,0,1,0,0,0
20241015,2024,10,15,東京,2954,123.1,,134,159,176,181,170,147,116,84,58,45,48,67,99,136,169,191,196,184,159,126,94,72,65,78,02:48,181,09:20,44,15:48,196,21:51,65,,,,,,,,,152,中潮相当,4,mid,0,1,0,0,0
20241016,2024,10,16,東京,3005,125.2,,105,141,173,194,197,182,153,117,82,56,46,55,81,119,158,189,203,197,173,137,97,62,43,45,03:40,199,10:03,46,16:12,203,22:25,41,,,,,,,,,162,大潮相当,5,strong,1,0,0,0,0
20241017,2024,10,17,東京,3065,127.7,F,68,107,151,188,208,207,187,154,116,82,60,56,72,105,145,181,204,206,187,152,109,66,33,21,04:27,210,10:42,55,16:37,208,23:01,21,,,,,,,,,189,大潮相当,5,strong,1,0,0,0,0
20241018,2024,10,18,東京,3113,129.7,,33,67,114,162,197,213,208,185,151,115,86,70,74,97,133,170,199,210,200,170,127,80,39,13,05:14,214,11:19,69,17:01,210,23:37,8,,,,,,,,,206,大潮相当,5,strong,1,0,0,0,0
20241019,2024,10,19,東京,3139,130.8,,10,32,73,123,169,200,211,201,178,147,116,93,86,98,125,159,190,208,206,185,148,102,57,22,06:01,211,11:53,86,17:26,209,,,,,,,,,,,125,中潮相当,4,mid,0,1,0,0,0
20241020,2024,10,20,東京,3135,130.6,,5,11,40,84,131,171,195,200,189,168,142,118,105,106,123,150,179,200,206,194,165,126,83,44,06:48,201,00:15,,17:50,206,,,,,,,,,,,201,大潮相当,5,strong,1,0,0,0,0
20241021,2024,10,21,東京,3097,129.0,,17,9,22,53,94,135,166,183,185,175,158,138,124,118,126,144,168,188,198,194,176,145,109,72,07:38,186,00:54,9,18:14,199,12:56,118,,,,,,,,,190,大潮相当,5,strong,1,0,0,0,0
20241022,2024,10,22,東京,3048,127.0,,42,24,22,38,67,101,134,157,169,170,162,150,138,131,132,141,158,174,186,187,178,157,130,100,08:33,171,01:35,21,18:39,188,13:26,130,,,,,,,,,167,大潮相当,5,strong,1,0,0,0,0
20241023,2024,10,23,東京,3000,125.0,,72,50,39,40,55,78,105,129,146,156,157,153,147,141,139,142,150,161,170,174,171,160,143,122,09:43,157,02:23,38,19:04,174,13:59,139,,,,,,,,,136,中潮相当,4,mid,0,1,0,0,0
20241024,2024,10,24,東京,2957,123.2,L,100,80,64,56,57,67,84,104,122,137,146,150,150,149,147,146,147,150,154,157,157,153,145,135,11:39,150,03:24,55,19:27,157,15:01,146,,,,,,,,,102,小潮相当,3,weak,0,0,1,0,0
20241025,2024,10,25,東京,2927,122.0,,122,108,93,80,71,69,74,85,100,117,131,142,150,153,154,151,148,144,141,139,139,139,139,138,13:35,154,04:49,69,,,,,,,,,,,,,85,小潮相当,3,weak,0,0,1,0,0
20241026,2024,10,26,東京,2914,121.4,,135,129,120,107,93,81,74,75,84,98,115,132,146,156,160,158,152,143,133,125,120,121,125,132,14:15,160,06:22,74,,,20:26,120,,,,,,,,,86,小潮相当,3,weak,0,0,1,0,0
20241027,2024,10,27,東京,2911,121.3,,139,143,141,132,117,100,84,74,74,83,99,119,139,155,165,166,160,147,130,115,104,101,106,118,01:12,143,07:33,73,14:40,167,20:51,101,,,,,,,,,94,小潮相当,3,weak,0,0,1,0,0
20241028,2024,10,28,東京,2922,121.8,,134,147,155,153,141,123,101,82,72,73,86,106,130,152,168,173,168,154,133,111,92,83,86,99,02:19,155,08:25,71,15:01,173,21:17,83,,,,,,,,,102,小潮相当,3,weak,0,0,1,0,0
20241029,2024,10,29,東京,2945,122.7,,120,143,160,167,162,146,123,98,79,71,76,94,120,146,168,179,177,163,140,112,87,70,66,78,03:06,167,09:06,70,15:22,180,21:44,66,,,,,,,,,114,小潮相当,3,weak,0,0,1,0,0
20241030,2024,10,30,東京,2971,123.8,,101,130,157,174,178,167,146,118,93,76,73,85,109,138,165,181,184,173,149,118,86,62,51,57,03:45,178,09:42,72,15:42,185,22:10,50,,,,,,,,,135,中潮相当,4,mid,0,1,0,0,0
20241031,2024,10,31,東京,2999,125.0,,79,111,145,172,185,183,167,141,112,88,77,81,100,129,159,181,190,182,159,127,91,60,41,39,04:22,186,10:15,76,16:01,190,22:36,37,,,,,,,,,153,中潮相当,4,mid,0,1,0,0,0
20241101,2024,11,1,東京,3018,125.8,N,56,88,126,160,184,192,183,161,133,106,87,82,94,120,151,177,192,189,170,138,100,64,38,27,04:57,192,10:46,82,16:22,193,23:02,27,,,,,,,,,166,大潮相当,5,strong,1,0,0,0,0
20241102,2024,11,2,東京,3034,126.4,,37,64,102,142,174,191,192,177,153,125,101,89,93,113,142,171,191,194,180,151,113,74,42,23,05:32,194,11:16,89,16:43,195,23:29,21,,,,,,,,,174,大潮相当,5,strong,1,0,0,0,0
20241103,2024,11,3,東京,3038,126.6,,24,43,78,119,156,182,192,186,168,143,118,101,97,109,133,162,185,195,188,164,128,88,52,27,06:07,192,11:45,96,17:06,196,23:57,18,,,,,,,,,178,大潮相当,5,strong,1,0,0,0,0
20241104,2024,11,4,東京,3023,126.0,,18,29,56,94,133,165,183,187,176,156,134,114,105,109,126,152,176,192,191,174,143,105,67,38,06:43,187,12:13,104,17:29,194,,,,,,,,,,,90,小潮相当,3,weak,0,0,1,0,0
20241105,2024,11,5,東京,2997,124.9,,21,22,40,71,108,142,167,179,177,165,147,128,116,113,123,142,165,183,189,180,156,123,86,54,07:22,180,00:27,20,17:55,189,12:42,113,,,,,,,,,169,大潮相当,5,strong,1,0,0,0,0
20241106,2024,11,6,東京,2965,123.5,,33,25,32,54,84,117,145,163,170,167,155,141,128,121,124,136,154,171,181,179,164,138,107,76,08:08,170,01:00,25,18:22,182,13:14,121,,,,,,,,,157,中潮相当,4,mid,0,1,0,0,0
20241107,2024,11,7,東京,2928,122.0,,51,36,34,44,65,92,119,141,156,161,159,150,140,132,130,134,145,158,169,172,166,149,126,99,09:07,161,01:40,33,18:53,172,13:53,130,,,,,,,,,139,中潮相当,4,mid,0,1,0,0,0
20241108,2024,11,8,東京,2884,120.2,,74,55,45,44,54,72,94,116,135,149,155,155,151,144,139,137,139,145,153,158,158,152,139,121,10:29,156,02:31,43,19:34,159,14:57,137,,,,,,,,,116,小潮相当,3,weak,0,0,1,0,0
20241109,2024,11,9,東京,2842,118.4,U,101,81,65,56,54,61,74,92,111,130,145,154,157,155,150,143,138,136,136,139,142,144,142,136,12:03,157,03:42,54,21:09,144,17:20,135,,,,,,,,,103,小潮相当,3,weak,0,0,1,0,0
20241110,2024,11,10,東京,2810,117.1,,125,110,94,79,67,62,63,72,88,108,129,147,159,164,161,153,142,131,122,117,119,125,133,140,13:08,164,05:18,61,23:49,142,19:16,117,,,,,,,,,103,小潮相当,3,weak,0,0,1,0,0
20241111,2024,11,11,東京,2801,116.7,,142,137,126,110,93,77,66,64,71,88,110,135,155,169,172,165,151,132,113,98,92,97,110,128,13:50,172,06:46,64,,,20:05,92,,,,,,,,,108,小潮相当,3,weak,0,0,1,0,0
20241112,2024,11,12,東京,2819,117.5,,144,154,154,144,126,105,84,70,65,73,92,119,146,168,179,178,164,140,113,87,69,66,78,101,01:29,155,07:52,65,14:22,180,20:43,65,,,,,,,,,115,小潮相当,3,weak,0,0,1,0,0
20241113,2024,11,13,東京,2862,119.3,,129,154,169,171,160,139,114,90,73,69,81,104,134,162,182,188,178,154,121,86,56,40,43,65,02:38,172,08:45,69,14:52,188,21:21,39,,,,,,,,,149,中潮相当,4,mid,0,1,0,0,0
20241114,2024,11,14,東京,2928,122.0,,99,136,167,185,186,173,148,120,94,79,78,94,121,153,179,194,191,171,137,96,56,27,16,28,03:35,188,09:31,76,15:22,195,21:58,16,,,,,,,,,179,大潮相当,5,strong,1,0,0,0,0
20241115,2024,11,15,東京,2995,124.8,,60,102,145,179,196,195,179,152,123,99,87,92,112,141,172,194,200,188,158,116,70,29,4,2,04:27,198,10:14,87,15:51,200,22:37,0,,,,,,,,,200,大潮相当,5,strong,1,0,0,0,0
20241116,2024,11,16,東京,3039,126.6,F,23,62,110,155,187,201,197,179,152,124,104,98,108,131,161,187,202,199,177,140,93,47,10,-8,05:16,202,10:54,98,16:21,203,23:16,,,,,,,,,,105,小潮相当,3,weak,0,0,1,0,0
20241117,2024,11,17,東京,3054,127.3,,-2,27,70,119,161,190,200,193,173,148,125,110,110,124,149,176,197,203,191,162,120,74,32,2,06:03,200,11:32,108,16:52,203,23:57,,,,,,,,,,95,小潮相当,3,weak,0,0,1,0,0
20241118,2024,11,18,東京,3032,126.3,,-8,5,37,82,127,164,187,192,183,165,143,125,117,121,139,163,185,198,196,177,144,103,61,26,06:50,192,12:09,116,17:23,199,,,,,,,,,,,83,小潮相当,3,weak,0,0,1,0,0
20241119,2024,11,19,東京,2987,124.5,,4,1,19,52,94,133,163,179,181,171,155,138,126,123,132,149,170,186,192,183,161,128,91,56,07:36,182,00:38,0,17:54,192,12:45,122,,,,,,,,,192,大潮相当,5,strong,1,0,0,0,0
20241120,2024,11,20,東京,2929,122.0,,28,14,17,36,68,104,136,159,169,169,160,147,134,127,128,138,154,170,179,179,167,144,116,86,08:24,170,01:21,13,18:27,180,13:23,126,,,,,,,,,167,大潮相当,5,strong,1,0,0,0,0
20241121,2024,11,21,東京,2873,119.7,,58,38,29,35,54,82,111,136,153,160,159,151,141,133,129,131,140,152,162,166,162,150,132,109,09:16,161,02:06,29,19:03,166,14:07,129,,,,,,,,,137,中潮相当,4,mid,0,1,0,0,0
20241122,2024,11,22,東京,2831,118.0,,86,65,51,46,53,69,92,115,135,149,154,152,147,139,132,129,131,136,143,148,150,146,138,125,10:15,154,02:56,46,19:51,150,15:11,129,,,,,,,,,108,小潮相当,3,weak,0,0,1,0,0
20241123,2024,11,23,東京,2806,116.9,L,109,92,76,65,62,67,80,99,119,135,147,152,151,146,139,132,127,125,125,128,131,134,134,131,11:18,152,03:54,62,21:38,134,17:15,125,,,,,,,,,90,小潮相当,3,weak,0,0,1,0,0
20241124,2024,11,24,東京,2790,116.3,,124,114,101,88,78,74,77,88,104,122,138,149,153,152,147,138,128,119,112,109,110,115,122,128,12:17,154,05:05,74,,,19:13,109,,,,,,,,,80,小潮相当,3,weak,0,0,1,0,0
20241125,2024,11,25,東京,2795,116.5,,131,129,123,112,100,89,83,84,94,109,127,143,154,158,155,147,134,119,105,94,90,94,104,117,00:09,131,06:20,82,13:04,158,20:02,90,,,,,,,,,76,長潮相当,2,very_weak,0,0,0,1,0
20241126,2024,11,26,東京,2810,117.1,,129,137,139,134,123,109,96,88,89,99,116,135,152,161,163,157,143,125,104,85,73,72,82,99,01:44,139,07:24,87,13:42,163,20:37,71,,,,,,,,,92,小潮相当,3,weak,0,0,1,0,0
20241127,2024,11,27,東京,2833,118.0,,119,137,148,151,145,131,114,99,91,94,106,126,146,162,169,166,154,133,108,82,62,54,59,77,02:48,151,08:17,91,14:14,169,21:07,54,,,,,,,,,115,小潮相当,3,weak,0,0,1,0,0
20241128,2024,11,28,東京,2863,119.3,,102,128,149,161,162,153,136,116,100,94,100,116,138,158,172,174,165,145,117,86,58,41,39,53,03:36,163,09:01,94,14:43,175,21:37,38,,,,,,,,,137,中潮相当,4,mid,0,1,0,0,0
20241129,2024,11,29,東京,2895,120.6,,79,111,141,163,173,171,157,136,115,101,98,109,129,152,171,180,175,158,129,94,61,35,25,32,04:17,174,09:41,97,15:12,180,22:06,25,,,,,,,,,155,中潮相当,4,mid,0,1,0,0,0
20241130,2024,11,30,東京,2916,121.5,,55,88,124,155,175,181,174,155,132,112,101,104,120,143,166,182,184,171,144,108,70,38,18,16,04:55,181,10:17,101,15:40,185,22:36,14,,,,,,,,,171,大潮相当,5,strong,1,0,0,0,0
20241201,2024,12,1,東京,2930,122.1,N,32,63,102,139,168,184,184,171,149,126,109,104,113,133,158,179,188,182,160,126,85,47,20,8,05:31,186,10:52,104,16:08,189,23:08,8,,,,,,,,,181,大潮相当,5,strong,1,0,0,0,0
20241202,2024,12,2,東京,2934,122.3,,15,39,76,116,152,177,186,181,164,141,121,109,110,124,147,171,187,190,175,145,105,64,30,9,06:06,186,11:26,107,16:38,191,23:41,4,,,,,,,,,187,大潮相当,5,strong,1,0,0,0,0
20241203,2024,12,3,東京,2913,121.4,,5,20,51,90,129,161,180,183,173,154,133,117,110,117,135,159,180,190,184,162,126,86,48,20,06:43,184,12:00,110,17:09,190,,,,,,,,,,,80,小潮相当,3,weak,0,0,1,0,0
20241204,2024,12,4,東京,2887,120.3,,6,10,31,64,103,139,165,178,177,164,146,128,116,114,125,145,167,183,186,173,146,110,72,39,07:23,179,00:17,5,17:42,187,12:36,113,,,,,,,,,182,大潮相当,5,strong,1,0,0,0,0
20241205,2024,12,5,東京,2842,118.4,,17,9,19,43,77,113,144,165,173,169,156,139,124,117,119,132,151,169,179,176,159,131,97,64,08:07,173,00:56,9,18:18,180,13:15,116,,,,,,,,,171,大潮相当,5,strong,1,0,0,0,0
20241206,2024,12,6,東京,2801,116.7,,37,21,19,32,57,88,120,146,162,167,162,150,135,123,118,123,135,151,164,169,163,146,121,92,08:57,167,01:38,18,19:00,169,14:02,118,,,,,,,,,151,中潮相当,4,mid,0,1,0,0,0
20241207,2024,12,7,東京,2756,114.8,,64,42,30,32,45,69,97,124,147,160,163,158,146,133,122,118,121,131,142,152,155,151,137,117,09:50,163,02:24,29,19:58,155,15:03,118,,,,,,,,,134,中潮相当,4,mid,0,1,0,0,0
20241208,2024,12,8,東京,2719,113.3,,93,70,53,44,47,59,79,104,128,148,159,162,156,144,130,119,113,113,118,127,136,142,141,134,10:45,162,03:18,44,21:29,142,16:31,112,,,,,,,,,118,小潮相当,3,weak,0,0,1,0,0
20241209,2024,12,9,東京,2698,112.4,U,119,101,83,69,61,62,72,89,111,133,151,161,162,155,142,126,111,101,96,98,107,119,131,138,11:36,163,04:24,60,23:23,138,18:09,96,,,,,,,,,103,小潮相当,3,weak,0,0,1,0,0
20241210,2024,12,10,東京,2704,112.7,,137,128,115,100,87,78,76,83,98,118,140,157,166,165,155,138,118,97,81,73,75,88,106,125,12:23,166,05:43,76,,,19:17,72,,,,,,,,,94,小潮相当,3,weak,0,0,1,0,0
20241211,2024,12,11,東京,2734,113.9,,139,145,142,132,119,104,93,89,93,108,128,149,164,171,167,153,131,104,77,57,47,53,71,98,01:08,145,07:01,89,13:08,171,20:08,47,,,,,,,,,124,中潮相当,4,mid,0,1,0,0,0
20241212,2024,12,12,東京,2786,116.1,,124,145,156,157,149,135,119,105,99,103,118,138,159,173,177,169,149,120,86,54,31,24,35,61,02:36,158,08:06,99,13:51,177,20:53,24,,,,,,,,,153,中潮相当,4,mid,0,1,0,0,0
20241213,2024,12,13,東京,2853,118.9,,95,128,154,169,172,163,147,128,113,106,112,128,149,169,181,182,169,143,106,66,31,10,7,25,03:43,172,09:02,106,14:34,183,21:37,6,,,,,,,,,177,大潮相当,5,strong,1,0,0,0,0
20241214,2024,12,14,東京,2910,121.3,,58,97,135,164,180,182,172,153,132,117,112,120,137,159,178,188,185,165,132,90,47,13,-5,-1,04:38,183,09:53,112,15:16,189,22:20,-6,,,,,,,,,195,大潮相当,5,strong,1,0,0,0,0
20241215,2024,12,15,東京,2945,122.7,F,22,60,104,144,173,188,186,173,152,132,118,116,127,146,169,186,193,184,158,119,74,31,1,-11,05:25,189,10:39,115,15:57,193,23:03,-11,,,,,,,,,204,大潮相当,5,strong,1,0,0,0,0
20241216,2024,12,16,東京,2943,122.6,,-2,27,69,113,153,179,189,184,167,146,128,117,119,133,154,176,192,193,178,146,105,60,21,-4,06:07,189,11:22,116,16:36,195,23:47,-10,,,,,,,,,205,大潮相当,5,strong,1,0,0,0,0
20241217,2024,12,17,東京,2914,121.4,,-10,6,38,81,125,160,181,185,176,158,138,122,115,121,138,161,181,192,188,167,133,91,50,17,06:47,185,12:02,115,17:14,193,,,,,,,,,,,78,長潮相当,2,very_weak,0,0,0,1,0
20241218,2024,12,18,東京,2865,119.4,,-1,-1,19,55,97,136,164,178,177,164,146,128,116,114,124,143,165,182,187,177,152,118,80,45,07:24,179,00:28,-4,17:51,187,12:40,113,,,,,,,,,191,大潮相当,5,strong,1,0,0,0,0
20241219,2024,12,19,東京,2812,117.2,,19,7,14,38,74,112,145,166,172,166,152,135,119,111,114,127,146,165,176,176,162,137,106,73,07:59,172,01:08,7,18:28,178,13:17,111,,,,,,,,,171,大潮相当,5,strong,1,0,0,0,0
20241220,2024,12,20,東京,2762,115.1,,44,25,21,33,59,93,126,151,164,165,156,141,125,113,108,114,128,145,159,165,161,146,123,97,08:33,166,01:46,21,19:07,165,13:56,108,,,,,,,,,145,中潮相当,4,mid,0,1,0,0,0
20241221,2024,12,21,東京,2722,113.4,,70,49,37,39,54,80,110,136,154,161,158,146,131,118,108,107,113,125,138,147,150,145,132,114,09:08,162,02:23,36,19:54,150,14:42,106,,,,,,,,,126,中潮相当,4,mid,0,1,0,0,0
20241222,2024,12,22,東京,2706,112.8,,93,73,58,53,59,75,98,123,144,156,158,152,139,125,113,106,104,109,117,126,133,136,133,123,09:44,159,03:00,53,21:00,136,15:43,104,,,,,,,,,106,小潮相当,3,weak,0,0,1,0,0
20241223,2024,12,23,東京,2696,112.3,L,110,95,81,72,71,78,93,112,133,148,156,155,147,134,121,109,101,98,99,104,111,119,124,125,10:22,157,03:42,70,22:38,125,17:18,98,,,,,,,,,87,小潮相当,3,weak,0,0,1,0,0
20241224,2024,12,24,東京,2698,112.4,,121,113,103,94,88,88,93,106,122,139,151,156,153,144,131,117,104,94,86,84,88,97,108,118,11:04,156,04:38,87,,,18:49,84,,,,,,,,,72,長潮相当,2,very_weak,0,0,0,1,0
20241225,2024,12,25,東京,2717,113.2,,124,125,122,116,109,104,101,105,115,129,144,154,157,152,142,128,112,96,80,70,68,74,87,103,00:43,125,05:58,101,11:51,157,19:46,67,,,,,,,,,90,小潮相当,3,weak,0,0,1,0,0
20241226,2024,12,26,東京,2741,114.2,,118,129,134,135,131,123,115,110,112,121,134,148,157,158,153,141,124,103,81,63,52,52,64,83,02:36,135,07:16,110,12:43,158,20:28,51,,,,,,,,,107,小潮相当,3,weak,0,0,1,0,0
20241227,2024,12,27,東京,2766,115.3,,104,124,139,148,149,143,132,121,114,116,125,139,153,161,161,154,138,116,89,63,43,35,41,58,03:39,149,08:19,113,13:35,162,21:05,35,,,,,,,,,127,中潮相当,4,mid,0,1,0,0,0
20241228,2024,12,28,東京,2793,116.4,,83,111,135,153,162,160,150,135,121,115,118,129,145,159,167,166,154,133,103,71,42,25,22,34,04:22,162,09:11,115,14:24,168,21:41,21,,,,,,,,,147,中潮相当,4,mid,0,1,0,0,0
20241229,2024,12,29,東京,2814,117.3,,58,89,121,149,167,172,166,151,133,119,114,120,134,152,167,175,170,152,122,86,51,23,10,13,04:57,172,09:56,114,15:08,175,22:18,9,,,,,,,,,166,大潮相当,5,strong,1,0,0,0,0
20241230,2024,12,30,東京,2826,117.8,,32,63,100,135,162,177,177,165,146,127,114,113,123,141,162,177,181,170,145,108,68,32,8,0,05:31,179,10:37,112,15:48,182,22:56,0,,,,,,,,,182,大潮相当,5,strong,1,0,0,0,0
20241231,2024,12,31,東京,2826,117.8,N,10,36,73,113,149,173,182,176,159,137,118,109,112,127,150,172,186,185,167,134,92,51,17,-2,06:04,182,11:15,109,16:27,188,23:35,-6,,,,,,,,,194,大潮相当,5,strong,1,0,0,0,0
20250101,2025,1,1,東京,2814,117.3,,-4,13,46,87,128,161,180,182,170,149,127,110,105,113,134,159,181,191,183,158,120,77,37,7,06:37,183,11:54,105,17:05,191,,,,,,,,,,,86,小潮相当,3,weak,0,0,1,0,0
20250102,2025,1,2,東京,2779,115.8,,-6,-1,23,60,103,143,170,181,177,159,137,115,101,101,115,139,166,185,189,176,146,106,65,29,07:10,182,00:13,-7,17:45,190,12:32,99,,,,,,,,,197,大潮相当,5,strong,1,0,0,0,0
20250103,2025,1,3,東京,2740,114.2,,5,-2,10,39,79,120,154,175,179,168,148,124,105,95,100,118,143,168,182,181,164,133,95,57,07:45,179,00:52,-2,18:27,184,13:11,95,,,,,,,,,186,大潮相当,5,strong,1,0,0,0,0
20250104,2025,1,4,東京,2696,112.3,,27,10,10,29,61,99,136,163,175,173,158,135,112,95,90,98,118,142,163,173,169,150,122,88,08:19,176,01:29,8,19:13,173,13:53,90,,,,,,,,,168,大潮相当,5,strong,1,0,0,0,0
20250105,2025,1,5,東京,2656,110.7,,57,34,24,31,52,84,118,148,167,172,164,146,123,101,88,85,95,114,134,151,159,155,139,115,08:53,173,02:06,24,20:10,159,14:41,85,,,,,,,,,149,中潮相当,4,mid,0,1,0,0,0
20250106,2025,1,6,東京,2635,109.8,,88,64,49,46,56,78,106,134,156,168,168,155,135,112,93,81,79,88,103,121,136,144,143,132,09:26,170,02:43,45,21:21,145,15:39,79,,,,,,,,,125,中潮相当,4,mid,0,1,0,0,0
20250107,2025,1,7,東京,2629,109.5,U,114,95,79,70,71,82,101,124,145,161,167,162,147,126,104,86,74,70,75,87,104,120,131,134,10:01,167,03:24,69,22:51,134,16:55,70,,,,,,,,,98,小潮相当,3,weak,0,0,1,0,0
20250108,2025,1,8,東京,2648,110.3,,129,119,108,99,95,96,105,119,136,152,163,164,156,141,121,100,80,65,57,59,70,87,106,121,10:40,165,04:15,94,,,18:20,57,,,,,,,,,108,小潮相当,3,weak,0,0,1,0,0
20250109,2025,1,9,東京,2685,111.9,,130,133,131,126,121,117,116,121,130,143,155,162,162,154,139,120,97,74,53,41,41,52,72,95,00:59,133,05:41,116,11:29,163,19:32,40,,,,,,,,,123,中潮相当,4,mid,0,1,0,0,0
20250110,2025,1,10,東京,2738,114.1,,116,132,142,146,145,140,133,128,129,135,145,155,162,162,156,142,121,94,65,40,25,25,38,62,03:18,146,07:28,128,12:37,163,20:32,23,,,,,,,,,140,中潮相当,4,mid,0,1,0,0,0
20250111,2025,1,11,東京,2789,116.2,,89,116,139,154,162,160,152,141,132,130,134,144,154,163,167,162,147,122,89,54,26,11,12,29,04:18,162,08:51,130,13:58,167,21:25,9,,,,,,,,,158,中潮相当,4,mid,0,1,0,0,0
20250112,2025,1,12,東京,2827,117.8,,57,90,123,150,168,173,168,155,140,129,125,130,142,156,168,174,169,150,119,80,42,14,0,5,04:58,173,09:54,125,15:05,174,22:14,0,,,,,,,,,174,大潮相当,5,strong,1,0,0,0,0
20250113,2025,1,13,東京,2842,118.4,,26,59,98,135,163,178,179,167,150,132,120,118,126,142,161,176,182,173,148,111,69,31,4,-6,05:32,180,10:43,118,15:56,182,23:00,-6,,,,,,,,,188,大潮相当,5,strong,1,0,0,0,0
20250114,2025,1,14,東京,2832,118.0,F,4,31,69,112,149,174,182,176,159,138,120,110,111,124,146,168,184,187,171,141,100,57,21,-2,06:02,182,11:23,109,16:39,188,23:41,-6,,,,,,,,,194,大潮相当,5,strong,1,0,0,0,0
20250115,2025,1,15,東京,2801,116.7,,-5,11,44,87,129,162,180,180,167,146,123,106,100,107,127,152,176,188,184,163,128,86,46,14,06:30,182,11:59,100,17:17,189,,,,,,,,,,,89,小潮相当,3,weak,0,0,1,0,0
20250116,2025,1,16,東京,2762,115.1,,-1,3,27,65,109,147,172,180,171,152,129,108,94,94,108,133,160,180,186,175,148,112,73,37,06:56,180,00:18,-2,17:52,186,12:31,92,,,,,,,,,188,大潮相当,5,strong,1,0,0,0,0
20250117,2025,1,17,東京,2717,113.2,,13,6,20,50,91,131,162,176,174,158,135,112,93,86,93,112,139,163,177,176,160,131,97,62,07:21,177,00:51,6,18:27,179,13:03,86,,,,,,,,,173,大潮相当,5,strong,1,0,0,0,0
20250118,2025,1,18,東京,2684,111.8,,34,19,23,44,78,117,150,170,174,163,143,118,97,83,83,95,117,142,161,168,162,143,115,85,07:44,174,01:21,18,19:03,168,13:34,81,,,,,,,,,156,中潮相当,4,mid,0,1,0,0,0
20250119,2025,1,19,東京,2661,110.9,,57,39,34,46,72,106,139,162,172,167,150,127,103,86,79,83,98,119,139,152,155,146,127,103,08:08,172,01:48,33,19:43,155,14:08,78,,,,,,,,,139,中潮相当,4,mid,0,1,0,0,0
20250120,2025,1,20,東京,2647,110.3,,79,60,51,55,72,99,128,153,167,168,156,136,113,93,80,78,85,99,116,131,140,140,132,116,08:33,169,02:13,51,20:32,141,14:46,77,,,,,,,,,118,小潮相当,3,weak,0,0,1,0,0
20250121,2025,1,21,東京,2643,110.1,,98,82,71,70,79,97,120,143,160,166,160,144,123,103,87,78,78,84,95,108,120,127,128,122,08:59,166,02:39,69,21:36,128,15:37,77,,,,,,,,,97,小潮相当,3,weak,0,0,1,0,0
20250122,2025,1,22,東京,2647,110.3,L,112,101,92,89,92,101,116,134,151,160,160,150,134,115,98,85,78,75,78,86,97,108,116,119,09:30,162,03:05,89,23:13,119,16:58,75,,,,,,,,,87,小潮相当,3,weak,0,0,1,0,0
20250123,2025,1,23,東京,2657,110.7,,118,115,111,108,108,111,117,128,141,152,157,153,143,128,112,97,84,74,68,68,74,85,97,108,10:07,157,03:41,108,,,18:34,67,,,,,,,,,90,小潮相当,3,weak,0,0,1,0,0
20250124,2025,1,24,東京,2669,111.2,,117,122,125,126,126,124,123,126,132,141,149,152,148,139,127,113,97,81,66,56,54,61,74,90,03:12,126,05:49,123,10:57,152,19:43,54,,,,,,,,,98,小潮相当,3,weak,0,0,1,0,0
20250125,2025,1,25,東京,2687,112.0,,106,121,132,140,142,140,134,128,127,131,139,146,150,149,142,131,115,94,72,53,41,39,49,66,03:57,142,07:43,127,12:16,150,20:37,39,,,,,,,,,111,小潮相当,3,weak,0,0,1,0,0
20250126,2025,1,26,東京,2704,112.7,,87,110,131,147,155,155,147,136,127,124,127,136,145,153,155,150,136,114,87,58,36,24,25,39,04:26,156,08:55,124,13:51,155,21:23,23,,,,,,,,,133,中潮相当,4,mid,0,1,0,0,0
20250127,2025,1,27,東京,2725,113.5,,63,91,121,146,162,167,160,146,131,120,117,123,135,150,162,166,159,139,109,74,42,18,9,15,04:53,167,09:48,117,14:55,166,22:07,9,,,,,,,,,158,中潮相当,4,mid,0,1,0,0,0
20250128,2025,1,28,東京,2741,114.2,,35,66,102,136,162,175,173,159,139,120,109,109,120,139,159,175,178,165,137,99,59,25,3,-3,05:20,176,10:30,108,15:43,178,22:48,-3,,,,,,,,,181,大潮相当,5,strong,1,0,0,0,0
20250129,2025,1,29,東京,2747,114.5,N,10,38,77,118,154,176,181,171,150,126,106,97,103,121,147,172,187,186,165,130,86,44,10,-8,05:48,182,11:09,97,16:26,189,23:28,-10,,,,,,,,,199,大潮相当,5,strong,1,0,0,0,0
20250130,2025,1,30,東京,2738,114.1,,-7,13,50,95,138,170,185,180,162,135,109,91,87,99,125,157,183,195,187,159,118,73,32,2,06:16,185,11:45,86,17:06,195,,,,,,,,,,,109,小潮相当,3,weak,0,0,1,0,0
20250131,2025,1,31,東京,2712,113.0,,-10,-1,28,71,118,157,181,186,172,147,117,90,76,79,99,131,165,189,195,181,148,106,62,25,06:43,186,00:05,-10,17:48,196,12:21,75,,,,,,,,,206,大潮相当,5,strong,1,0,0,0,0
20250201,2025,2,1,東京,2679,111.6,,2,-2,16,52,97,141,172,185,179,158,128,97,73,64,75,102,137,169,188,188,169,136,96,57,07:10,186,00:40,,18:31,190,,,,,,,,,,,190,大潮相当,5,strong,1,0,0,0,0
20250202,2025,2,2,東京,2639,110.0,,27,12,18,44,82,124,160,180,182,167,140,107,78,59,58,74,104,138,165,178,174,155,124,89,07:36,183,01:13,12,19:17,179,13:35,56,,,,,,,,,171,大潮相当,5,strong,1,0,0,0,0
20250203,2025,2,3,東京,2609,108.7,,58,38,34,48,76,113,147,171,180,172,151,120,89,64,52,56,75,103,132,154,163,158,140,115,08:01,180,01:44,33,20:08,164,14:15,51,,,,,,,,,147,中潮相当,4,mid,0,1,0,0,0
20250204,2025,2,4,東京,2599,108.3,,89,68,58,63,81,108,137,162,175,174,159,134,104,77,57,50,56,73,97,121,139,146,142,129,08:26,176,02:13,58,21:09,146,15:02,50,,,,,,,,,126,中潮相当,4,mid,0,1,0,0,0
20250205,2025,2,5,東京,2604,108.5,U,112,96,86,85,93,110,132,153,167,171,164,145,121,95,72,57,51,55,68,86,106,121,129,129,08:51,172,02:39,84,22:31,130,16:05,51,,,,,,,,,121,中潮相当,4,mid,0,1,0,0,0
20250206,2025,2,6,東京,2631,109.6,,124,117,111,108,111,119,132,146,158,165,163,153,135,115,94,75,60,52,51,59,73,89,105,116,09:19,165,02:59,108,,,17:35,50,,,,,,,,,115,小潮相当,3,weak,0,0,1,0,0
20250207,2025,2,7,東京,2663,111.0,,123,126,128,129,130,132,136,141,148,154,157,154,145,133,118,101,82,64,49,43,46,58,74,92,09:58,157,19:10,43,,,,,,,,,,,,,114,小潮相当,3,weak,0,0,1,0,0
20250208,2025,2,8,東京,2699,112.5,,109,124,135,143,147,146,143,140,140,142,145,148,148,145,139,128,110,87,63,43,32,33,45,64,04:18,147,07:36,140,11:37,148,20:25,31,,,,,,,,,117,小潮相当,3,weak,0,0,1,0,0
20250209,2025,2,9,東京,2732,113.8,,87,111,132,149,158,159,153,143,135,130,131,135,142,149,153,151,139,117,88,58,33,21,22,36,04:34,160,09:24,130,14:14,153,21:25,19,,,,,,,,,141,中潮相当,4,mid,0,1,0,0,0
20250210,2025,2,10,東京,2754,114.8,,60,90,121,147,164,169,163,149,134,122,116,119,129,143,157,166,163,147,118,82,48,22,10,15,04:55,169,10:11,116,15:19,166,22:13,10,,,,,,,,,159,中潮相当,4,mid,0,1,0,0,0
20250211,2025,2,11,東京,2759,115.0,,35,66,103,137,163,174,171,157,137,118,105,102,111,129,151,170,178,171,147,111,71,36,12,4,05:16,175,10:45,102,16:04,178,22:54,4,,,,,,,,,174,大潮相当,5,strong,1,0,0,0,0
20250212,2025,2,12,東京,2750,114.6,F,16,43,82,122,156,175,177,165,143,119,99,89,92,110,136,163,182,185,170,139,99,58,24,6,05:38,178,11:15,88,16:41,186,23:29,3,,,,,,,,,183,大潮相当,5,strong,1,0,0,0,0
20250213,2025,2,13,東京,2732,113.8,,6,27,63,106,145,172,180,172,151,124,98,81,77,90,116,147,175,189,184,160,124,83,45,17,05:58,180,11:44,77,17:15,189,,,,,,,,,,,112,小潮相当,3,weak,0,0,1,0,0
20250214,2025,2,14,東京,2706,112.8,,7,18,48,90,132,165,180,177,158,131,102,78,67,73,94,127,159,182,187,174,145,107,69,36,06:18,181,00:00,7,17:47,188,12:11,67,,,,,,,,,181,大潮相当,5,strong,1,0,0,0,0
20250215,2025,2,15,東京,2679,111.6,,18,19,40,77,120,156,177,180,165,139,108,81,63,60,75,104,138,166,181,178,158,127,91,58,06:37,181,00:28,15,18:20,182,12:38,59,,,,,,,,,167,大潮相当,5,strong,1,0,0,0,0
20250216,2025,2,16,東京,2658,110.8,,35,27,40,70,109,146,172,180,171,147,116,86,64,54,61,84,115,145,167,173,164,141,111,80,06:56,180,00:53,27,18:54,173,13:05,54,,,,,,,,,153,中潮相当,4,mid,0,1,0,0,0
20250217,2025,2,17,東京,2641,110.0,,55,43,47,68,101,137,165,178,174,155,126,95,69,54,54,68,93,122,146,160,160,147,125,99,07:16,179,01:16,42,19:30,162,13:33,52,,,,,,,,,137,中潮相当,4,mid,0,1,0,0,0
20250218,2025,2,18,東京,2630,109.6,,76,61,59,72,97,128,156,173,174,161,136,106,79,60,53,59,76,100,123,141,149,145,132,114,07:36,176,01:38,58,20:11,149,14:02,53,,,,,,,,,123,中潮相当,4,mid,0,1,0,0,0
20250219,2025,2,19,東京,2625,109.4,,95,81,76,82,98,122,146,164,171,163,144,118,91,70,58,57,66,82,101,119,131,136,132,122,07:58,171,01:59,76,21:01,136,14:37,56,,,,,,,,,115,小潮相当,3,weak,0,0,1,0,0
20250220,2025,2,20,東京,2617,109.0,,109,99,93,95,104,120,138,154,163,162,149,128,105,84,69,62,63,70,81,96,109,119,123,122,08:23,164,02:16,93,22:13,123,15:26,62,,,,,,,,,102,小潮相当,3,weak,0,0,1,0,0
20250221,2025,2,21,東京,2617,109.0,L,117,113,110,111,115,122,133,144,153,156,150,137,119,100,85,74,67,65,68,75,85,97,107,114,08:51,156,02:23,110,,,16:58,65,,,,,,,,,91,小潮相当,3,weak,0,0,1,0,0
20250222,2025,2,22,東京,2621,109.2,,118,121,124,126,128,129,132,137,143,147,147,141,130,117,104,91,79,69,61,59,63,72,85,98,09:30,147,18:53,59,,,,,,,,,,,,,88,小潮相当,3,weak,0,0,1,0,0
20250223,2025,2,23,東京,2632,109.7,,111,123,133,139,141,140,136,133,133,135,138,139,138,133,125,114,99,81,64,51,45,48,58,75,04:01,141,07:35,132,11:00,139,20:11,45,,,,,,,,,96,小潮相当,3,weak,0,0,1,0,0
20250224,2025,2,24,東京,2645,110.2,,95,116,135,148,154,152,144,133,125,123,125,131,138,143,144,138,124,103,77,53,35,28,33,48,04:12,155,09:01,123,13:41,144,21:07,28,,,,,,,,,127,中潮相当,4,mid,0,1,0,0,0
20250225,2025,2,25,東京,2668,111.2,,72,101,129,152,164,165,155,139,122,112,109,116,129,144,156,160,152,131,101,68,38,18,13,22,04:32,166,09:45,109,14:52,160,21:53,13,,,,,,,,,153,中潮相当,4,mid,0,1,0,0,0
20250226,2025,2,26,東京,2692,112.2,,45,78,115,148,169,176,167,148,125,105,94,96,111,133,157,174,177,162,133,94,55,23,4,3,04:54,176,10:21,93,15:40,178,22:34,1,,,,,,,,,177,大潮相当,5,strong,1,0,0,0,0
20250227,2025,2,27,東京,2709,112.9,,20,53,95,136,168,182,179,160,132,104,83,76,86,111,143,173,190,188,165,128,84,43,12,-2,05:17,183,10:55,76,16:23,192,23:12,,,,,,,,,,116,小潮相当,3,weak,0,0,1,0,0
20250228,2025,2,28,東京,2712,113.0,N,4,31,72,119,159,183,187,172,143,109,79,61,61,82,117,156,187,200,191,161,120,75,35,8,05:41,188,11:28,58,17:05,200,23:47,1,,,,,,,,,199,大潮相当,5,strong,1,0,0,0,0
20250301,2025,3,1,東京,2696,112.3,,2,18,54,100,145,178,191,182,156,120,82,54,42,53,83,126,167,194,201,185,152,110,68,33,06:05,191,12:02,42,17:47,201,,,,,,,,,,,159,中潮相当,4,mid,0,1,0,0,0
20250302,2025,3,2,東京,2667,111.1,,15,19,44,85,130,168,189,188,167,133,93,57,34,31,52,89,133,171,193,193,174,141,102,66,06:28,191,00:21,14,18:31,195,12:37,29,,,,,,,,,181,大潮相当,5,strong,1,0,0,0,0
20250303,2025,3,3,東京,2634,109.8,,41,33,47,78,118,156,182,189,176,147,108,69,38,23,29,56,95,136,167,182,178,159,129,98,06:50,189,00:52,33,19:17,183,13:12,22,,,,,,,,,167,大潮相当,5,strong,1,0,0,0,0
20250304,2025,3,4,東京,2612,108.8,,71,57,60,80,112,146,173,186,180,158,124,87,52,29,22,35,63,99,132,156,166,160,143,121,07:12,186,01:20,56,20:07,166,13:50,22,,,,,,,,,164,大潮相当,5,strong,1,0,0,0,0
20250305,2025,3,5,東京,2610,108.8,,99,84,81,91,113,140,164,178,179,165,139,106,73,46,30,30,43,68,97,122,140,147,143,132,07:32,181,01:46,80,21:05,147,14:34,28,,,,,,,,,153,中潮相当,4,mid,0,1,0,0,0
20250306,2025,3,6,東京,2620,109.2,,118,107,103,106,119,137,155,169,173,166,148,123,96,71,51,41,41,51,68,89,108,122,129,129,07:53,173,02:05,103,22:34,130,15:31,39,,,,,,,,,134,中潮相当,4,mid,0,1,0,0,0
20250307,2025,3,7,東京,2639,110.0,U,126,123,121,123,128,137,148,157,162,160,150,135,116,97,79,64,54,50,53,63,78,93,106,116,08:12,162,02:04,121,,,17:01,50,,,,,,,,,112,小潮相当,3,weak,0,0,1,0,0
20250308,2025,3,8,東京,2663,111.0,,123,129,133,137,139,141,144,147,148,148,145,138,130,119,108,94,78,64,53,50,54,65,80,96,08:24,149,18:55,50,,,,,,,,,,,,,99,小潮相当,3,weak,0,0,1,0,0
20250309,2025,3,9,東京,2683,111.8,,112,126,139,147,149,148,143,138,134,133,132,133,134,134,131,123,108,88,67,50,42,44,55,73,04:03,149,09:46,132,12:40,134,20:19,42,,,,,,,,,107,小潮相当,3,weak,0,0,1,0,0
20250310,2025,3,10,東京,2698,112.4,,94,117,138,152,158,155,146,134,123,116,115,120,129,139,147,147,137,117,90,63,42,33,36,50,04:10,158,09:41,115,14:34,148,21:16,32,,,,,,,,,126,中潮相当,4,mid,0,1,0,0,0
20250311,2025,3,11,東京,2710,112.9,,74,103,131,153,165,164,152,135,116,103,97,102,115,133,152,163,161,145,117,85,54,32,25,33,04:25,166,10:04,97,15:23,164,21:59,25,,,,,,,,,141,中潮相当,4,mid,0,1,0,0,0
20250312,2025,3,12,東京,2717,113.2,,55,87,121,150,168,171,160,140,116,95,82,82,96,119,146,167,176,168,144,110,74,43,24,23,04:42,172,10:29,81,16:02,176,22:35,21,,,,,,,,,155,中潮相当,4,mid,0,1,0,0,0
20250313,2025,3,13,東京,2716,113.2,,39,70,108,143,168,176,168,147,120,92,72,66,75,99,131,162,181,183,166,135,98,61,34,22,04:59,176,10:55,66,16:36,184,23:06,22,,,,,,,,,162,大潮相当,5,strong,1,0,0,0,0
20250314,2025,3,14,東京,2716,113.2,F,30,57,94,134,164,179,175,156,127,95,68,54,57,78,111,147,176,188,181,157,122,84,51,31,05:17,180,11:21,53,17:08,188,23:34,27,,,,,,,,,161,大潮相当,5,strong,1,0,0,0,0
20250315,2025,3,15,東京,2707,112.8,,29,48,83,123,158,179,181,164,135,101,70,48,43,57,88,127,162,184,187,172,143,107,72,46,05:35,182,11:46,43,17:40,188,,,,,,,,,,,145,中潮相当,4,mid,0,1,0,0,0
20250316,2025,3,16,東京,2694,112.3,,36,46,74,113,150,176,183,172,145,110,75,48,36,42,66,103,141,171,184,179,158,127,94,65,05:52,183,00:01,36,18:12,184,12:11,35,,,,,,,,,149,中潮相当,4,mid,0,1,0,0,0
20250317,2025,3,17,東京,2677,111.5,,49,51,71,104,141,170,183,177,154,120,84,53,34,33,49,81,118,151,172,177,165,142,113,85,06:10,183,00:26,47,18:46,177,12:36,31,,,,,,,,,152,中潮相当,4,mid,0,1,0,0,0
20250318,2025,3,18,東京,2664,111.0,,66,61,72,99,132,162,179,179,161,131,96,63,39,31,39,62,95,129,154,167,165,150,128,104,06:29,182,00:49,60,19:21,168,13:01,31,,,,,,,,,151,中潮相当,4,mid,0,1,0,0,0
20250319,2025,3,19,東京,2650,110.4,,84,75,79,97,125,153,172,177,166,141,108,76,49,35,36,51,76,106,133,150,156,151,136,118,06:49,178,01:12,74,19:59,156,13:28,34,,,,,,,,,144,中潮相当,4,mid,0,1,0,0,0
20250320,2025,3,20,東京,2635,109.8,,101,90,90,100,120,143,163,172,167,148,121,90,64,46,40,46,63,86,109,129,141,143,137,126,07:10,172,01:33,89,20:45,144,13:59,40,,,,,,,,,132,中潮相当,4,mid,0,1,0,0,0
20250321,2025,3,21,東京,2623,109.3,,114,105,103,108,120,136,152,163,163,152,131,105,80,61,51,49,57,71,88,106,120,129,131,128,07:32,164,01:53,103,21:53,131,14:39,49,,,,,,,,,115,小潮相当,3,weak,0,0,1,0,0
20250322,2025,3,22,東京,2612,108.8,L,123,118,116,118,124,133,143,151,155,150,137,119,99,81,67,60,58,62,71,83,96,108,117,123,07:56,155,02:07,116,,,15:48,58,,,,,,,,,97,小潮相当,3,weak,0,0,1,0,0
20250323,2025,3,23,東京,2605,108.5,,126,128,129,130,131,133,136,140,143,143,138,128,116,102,89,78,69,62,60,63,71,83,97,110,08:27,143,17:55,60,,,,,,,,,,,,,83,小潮相当,3,weak,0,0,1,0,0
20250324,2025,3,24,東京,2619,109.1,,123,133,140,143,142,138,134,131,130,130,131,131,129,123,115,103,88,73,59,51,51,58,72,91,03:16,143,07:59,130,10:24,131,19:35,50,,,,,,,,,93,小潮相当,3,weak,0,0,1,0,0
20250325,2025,3,25,東京,2638,109.9,,111,131,146,154,154,147,136,124,116,114,117,124,133,139,139,131,116,94,71,51,39,37,47,67,03:30,155,08:54,114,13:33,140,20:39,36,,,,,,,,,119,小潮相当,3,weak,0,0,1,0,0
20250326,2025,3,26,東京,2667,111.1,,93,122,146,162,166,159,142,123,105,96,96,107,124,143,156,158,148,125,95,65,40,26,27,43,03:50,166,09:26,95,14:42,159,21:27,25,,,,,,,,,141,中潮相当,4,mid,0,1,0,0,0
20250327,2025,3,27,東京,2703,112.6,,71,106,140,165,176,171,153,127,100,80,73,81,103,132,159,176,176,159,129,93,57,31,19,26,04:11,176,09:58,73,15:31,178,22:09,19,,,,,,,,,159,中潮相当,4,mid,0,1,0,0,0
20250328,2025,3,28,東京,2729,113.7,,50,86,127,161,181,182,166,136,102,71,53,53,72,106,145,177,193,188,165,128,88,51,27,21,04:33,184,10:30,50,16:17,194,22:47,21,,,,,,,,,173,大潮相当,5,strong,1,0,0,0,0
20250329,2025,3,29,東京,2738,114.1,N,36,69,111,152,180,190,178,150,111,72,41,29,39,70,114,158,191,202,192,163,124,84,50,32,04:56,190,11:04,29,17:01,202,23:24,30,,,,,,,,,173,大潮相当,5,strong,1,0,0,0,0
20250330,2025,3,30,東京,2728,113.7,,34,58,96,139,174,192,188,164,126,82,42,16,13,34,75,125,169,197,203,188,157,119,82,55,05:20,193,11:38,11,17:46,203,23:58,46,,,,,,,,,192,大潮相当,5,strong,1,0,0,0,0
20250331,2025,3,31,東京,2706,112.8,,46,57,87,127,164,189,194,177,143,99,54,19,1,8,38,84,133,172,194,195,177,148,115,85,05:43,195,12:14,,18:32,197,,,,,,,,,,,194,大潮相当,5,strong,1,0,0,0,0
20250401,2025,4,1,東京,2681,111.7,,68,68,86,119,154,181,193,185,158,119,75,34,6,-2,14,48,93,136,168,183,180,163,139,113,06:06,193,00:30,65,19:20,184,12:51,-2,,,,,,,,,195,大潮相当,5,strong,1,0,0,0,0
20250402,2025,4,2,東京,2666,111.1,,93,85,94,116,145,171,187,186,169,137,98,59,26,7,7,26,60,98,133,157,167,163,150,132,06:28,189,01:00,85,20:12,167,13:30,4,,,,,,,,,185,大潮相当,5,strong,1,0,0,0,0
20250403,2025,4,3,東京,2659,110.8,,115,105,106,118,139,161,176,181,172,150,119,85,54,30,18,22,41,68,98,124,142,149,147,139,06:51,181,01:27,104,21:15,149,14:15,18,,,,,,,,,163,大潮相当,5,strong,1,0,0,0,0
20250404,2025,4,4,東京,2669,111.2,,130,122,119,124,136,151,164,170,167,154,134,109,83,60,43,36,39,52,72,94,113,127,134,136,07:12,170,01:52,119,23:02,136,15:12,35,,,,,,,,,135,中潮相当,4,mid,0,1,0,0,0
20250405,2025,4,5,東京,2678,111.6,U,135,133,131,132,136,143,150,155,155,149,139,124,108,91,74,61,53,52,58,70,86,102,115,126,07:31,156,02:14,131,,,16:38,51,,,,,,,,,105,小潮相当,3,weak,0,0,1,0,0
20250406,2025,4,6,東京,2691,112.1,,133,138,140,140,140,139,139,139,138,137,134,130,124,116,105,91,77,65,58,58,66,79,94,111,02:42,141,18:27,57,,,,,,,,,,,,,84,小潮相当,3,weak,0,0,1,0,0
20250407,2025,4,7,東京,2702,112.6,,126,138,146,148,146,140,132,125,121,119,121,125,129,132,129,121,105,87,69,58,55,61,75,94,02:58,148,08:56,119,13:06,132,19:50,54,,,,,,,,,94,小潮相当,3,weak,0,0,1,0,0
20250408,2025,4,8,東京,2707,112.8,,115,135,149,155,153,144,130,116,105,100,102,111,124,137,145,144,133,113,89,67,53,50,59,78,03:16,156,09:11,100,14:25,146,20:45,50,,,,,,,,,106,小潮相当,3,weak,0,0,1,0,0
20250409,2025,4,9,東京,2725,113.5,,102,128,149,161,162,152,134,113,94,83,82,92,111,133,151,160,156,139,114,85,62,49,49,64,03:35,163,09:35,81,15:12,160,21:27,47,,,,,,,,,116,小潮相当,3,weak,0,0,1,0,0
20250410,2025,4,10,東京,2736,114.0,,89,118,145,164,169,161,141,116,90,71,64,71,91,119,147,166,171,161,138,108,78,56,47,55,03:53,169,10:00,64,15:51,172,22:02,47,,,,,,,,,125,中潮相当,4,mid,0,1,0,0,0
20250411,2025,4,11,東京,2752,114.7,,77,108,139,164,174,170,151,123,92,65,50,51,69,99,134,163,178,177,160,132,100,71,53,52,04:11,175,10:26,48,16:26,180,22:35,50,,,,,,,,,132,中潮相当,4,mid,0,1,0,0,0
20250412,2025,4,12,東京,2761,115.0,,68,97,131,160,177,177,161,132,98,66,43,36,48,77,114,150,176,185,177,153,122,91,66,56,04:30,179,10:52,36,17:00,185,23:05,56,,,,,,,,,149,中潮相当,4,mid,0,1,0,0,0
20250413,2025,4,13,東京,2761,115.0,F,64,88,121,154,176,182,170,143,107,71,42,27,31,54,91,131,165,184,185,170,143,112,84,66,04:48,182,11:18,26,17:34,187,23:33,64,,,,,,,,,161,大潮相当,5,strong,1,0,0,0,0
20250414,2025,4,14,東京,2755,114.8,,66,83,112,146,172,184,177,153,119,80,47,25,20,36,68,108,147,174,185,179,159,131,103,81,05:08,184,11:43,20,18:07,185,,,,,,,,,,,165,大潮相当,5,strong,1,0,0,0,0
20250415,2025,4,15,東京,2740,114.2,,73,82,105,137,165,182,181,163,131,93,56,29,17,24,49,85,124,157,176,179,168,146,120,98,05:28,184,00:00,73,18:41,180,12:09,17,,,,,,,,,167,大潮相当,5,strong,1,0,0,0,0
20250416,2025,4,16,東京,2723,113.5,,84,85,101,128,156,177,182,170,143,107,70,39,21,19,35,65,101,136,161,172,169,155,134,113,05:49,182,00:26,83,19:17,172,12:36,18,,,,,,,,,164,大潮相当,5,strong,1,0,0,0,0
20250417,2025,4,17,東京,2703,112.6,,97,93,101,121,146,168,178,173,153,121,86,54,32,23,29,50,80,112,140,157,163,157,143,126,06:11,178,00:52,93,19:56,163,13:04,23,,,,,,,,,155,中潮相当,4,mid,0,1,0,0,0
20250418,2025,4,18,東京,2683,111.8,,111,103,105,118,137,157,170,171,158,134,103,72,47,33,31,43,64,90,117,137,149,152,146,135,06:35,172,01:18,102,20:45,152,13:37,30,,,,,,,,,142,中潮相当,4,mid,0,1,0,0,0
20250419,2025,4,19,東京,2664,111.0,,123,115,113,119,131,146,159,164,159,142,118,91,67,49,41,43,54,72,93,114,130,140,142,139,07:00,164,01:47,113,21:54,142,14:19,40,,,,,,,,,124,中潮相当,4,mid,0,1,0,0,0
20250420,2025,4,20,東京,2654,110.6,,133,127,123,123,129,137,147,153,153,145,130,110,89,71,58,51,52,60,74,90,107,122,132,138,07:30,154,02:26,123,23:53,139,15:21,51,,,,,,,,,103,小潮相当,3,weak,0,0,1,0,0
20250421,2025,4,21,東京,2654,110.6,L,139,138,135,132,131,132,135,138,141,140,134,124,111,96,81,69,61,58,60,69,83,100,116,131,08:18,141,04:04,131,,,17:01,58,,,,,,,,,83,小潮相当,3,weak,0,0,1,0,0
20250422,2025,4,22,東京,2669,111.2,,141,146,146,143,137,130,125,123,123,126,130,131,128,121,110,95,80,67,58,56,63,77,96,117,01:34,147,07:14,122,10:53,131,18:43,56,,,,,,,,,91,小潮相当,3,weak,0,0,1,0,0
20250423,2025,4,23,東京,2694,112.3,,136,150,156,155,146,133,119,108,103,105,114,125,135,141,138,127,109,88,69,55,51,57,75,99,02:17,157,08:12,103,13:10,141,19:55,51,,,,,,,,,106,小潮相当,3,weak,0,0,1,0,0
20250424,2025,4,24,東京,2733,113.9,,126,148,163,166,158,141,120,98,84,80,88,106,128,147,158,157,143,120,94,69,52,48,58,81,02:47,167,08:49,79,14:23,159,20:49,48,,,,,,,,,119,小潮相当,3,weak,0,0,1,0,0
20250425,2025,4,25,東京,2770,115.4,,111,141,164,175,171,154,126,96,70,55,57,75,104,137,163,177,174,156,128,97,69,53,51,66,03:14,176,09:24,54,15:19,178,21:35,50,,,,,,,,,128,中潮相当,4,mid,0,1,0,0,0
20250426,2025,4,26,東京,2802,116.8,,95,129,160,180,183,168,139,103,66,39,29,40,69,109,149,179,192,186,164,132,99,72,58,62,03:40,184,10:00,29,16:09,192,22:17,57,,,,,,,,,163,大潮相当,5,strong,1,0,0,0,0
20250427,2025,4,27,東京,2811,117.1,,83,116,151,178,190,182,156,118,74,36,12,9,30,70,118,161,191,200,190,166,133,101,77,69,04:07,190,10:36,7,16:58,200,22:57,69,,,,,,,,,193,大潮相当,5,strong,1,0,0,0,0
20250428,2025,4,28,東京,2806,116.9,N,79,105,140,172,191,192,173,138,93,47,11,-7,0,30,77,127,169,195,201,188,163,132,104,86,04:33,195,11:14,-7,17:47,201,23:35,83,,,,,,,,,208,大潮相当,5,strong,1,0,0,0,0
20250429,2025,4,29,東京,2789,116.2,,85,101,129,161,186,196,187,158,117,69,26,-4,-14,2,38,86,134,172,192,194,180,156,130,108,05:01,196,11:53,-14,18:36,195,,,,,,,,,,,210,大潮相当,5,strong,1,0,0,0,0
20250430,2025,4,30,東京,2772,115.5,,98,103,122,150,177,193,192,174,140,97,53,15,-7,-9,12,50,95,137,168,183,182,169,149,129,05:29,195,00:11,97,19:26,184,12:34,-11,,,,,,,,,206,大潮相当,5,strong,1,0,0,0,0
20250501,2025,5,1,東京,2754,114.8,,114,110,120,140,164,183,189,181,158,123,83,45,16,1,5,27,62,101,135,159,170,168,157,143,05:58,189,00:46,110,20:20,170,13:17,0,,,,,,,,,189,大潮相当,5,strong,1,0,0,0,0
20250502,2025,5,2,東京,2753,114.7,,129,120,122,133,151,168,179,178,165,142,111,78,48,26,17,23,44,73,104,131,149,157,156,149,06:28,180,01:22,120,21:22,157,14:05,17,,,,,,,,,163,大潮相当,5,strong,1,0,0,0,0
20250503,2025,5,3,東京,2752,114.7,,139,130,127,130,140,152,163,167,163,150,130,105,80,58,41,35,41,57,80,104,125,140,147,148,07:01,167,02:03,127,22:38,149,15:01,35,,,,,,,,,132,中潮相当,4,mid,0,1,0,0,0
20250504,2025,5,4,東京,2754,114.8,U,144,139,133,131,132,138,145,149,150,146,137,124,107,89,72,58,52,55,67,84,103,121,135,143,07:43,151,03:05,131,,,16:11,52,,,,,,,,,99,小潮相当,3,weak,0,0,1,0,0
20250505,2025,5,5,東京,2761,115.0,,146,145,140,135,130,128,128,130,132,134,134,131,125,114,101,86,73,65,65,72,86,104,121,136,00:06,146,05:26,128,09:30,134,17:33,64,,,,,,,,,82,小潮相当,3,weak,0,0,1,0,0
20250506,2025,5,6,東京,2768,115.3,,145,149,147,142,133,124,116,112,111,115,121,127,132,131,125,114,98,84,73,70,76,89,108,126,01:12,149,07:35,111,12:27,132,18:50,70,,,,,,,,,79,長潮相当,2,very_weak,0,0,0,1,0
20250507,2025,5,7,東京,2782,115.9,,142,152,154,150,140,126,111,98,92,93,102,115,129,139,142,137,124,107,89,76,73,80,95,116,01:53,154,08:20,92,13:54,142,19:51,73,,,,,,,,,81,小潮相当,3,weak,0,0,1,0,0
20250508,2025,5,8,東京,2796,116.5,,136,152,160,159,149,132,111,92,77,73,80,96,117,136,150,154,147,131,110,90,77,76,86,105,02:23,161,08:53,73,14:51,154,20:39,75,,,,,,,,,88,小潮相当,3,weak,0,0,1,0,0
20250509,2025,5,9,東京,2818,117.4,,128,149,163,167,159,142,118,91,69,57,59,74,98,126,149,163,164,153,133,110,90,79,81,96,02:49,167,09:23,56,15:36,165,21:21,78,,,,,,,,,111,小潮相当,3,weak,0,0,1,0,0
20250510,2025,5,10,東京,2838,118.3,,119,143,163,172,169,153,127,97,68,48,42,52,76,108,139,163,174,171,155,132,107,89,82,89,03:14,172,09:52,41,16:17,174,21:58,82,,,,,,,,,133,中潮相当,4,mid,0,1,0,0,0
20250511,2025,5,11,東京,2847,118.6,,109,135,159,174,176,164,139,106,72,45,30,33,53,86,122,154,175,181,173,153,127,104,89,88,03:38,177,10:20,29,16:54,181,22:33,87,,,,,,,,,152,中潮相当,4,mid,0,1,0,0,0
20250512,2025,5,12,東京,2851,118.8,,102,126,152,173,181,174,151,119,82,49,26,21,33,62,100,138,167,183,183,169,146,121,101,92,04:02,181,10:49,20,17:30,185,23:06,92,,,,,,,,,165,大潮相当,5,strong,1,0,0,0,0
20250513,2025,5,13,東京,2843,118.5,F,98,117,143,168,182,181,164,133,96,59,30,15,19,41,76,116,152,176,185,179,161,137,115,100,04:27,183,11:17,15,18:05,185,23:37,97,,,,,,,,,170,大潮相当,5,strong,1,0,0,0,0
20250514,2025,5,14,東京,2832,118.0,,98,111,134,159,179,184,174,148,112,74,40,18,13,26,55,92,131,161,179,182,171,151,129,111,04:52,185,11:47,13,18:40,182,,,,,,,,,,,172,大潮相当,5,strong,1,0,0,0,0
20250515,2025,5,15,東京,2810,117.1,,102,107,125,149,171,183,180,161,129,92,56,28,15,18,38,70,107,141,165,176,174,160,141,122,05:19,184,00:08,102,19:17,177,12:18,14,,,,,,,,,170,大潮相当,5,strong,1,0,0,0,0
20250516,2025,5,16,東京,2789,116.2,,110,108,118,138,160,176,181,169,144,111,75,44,24,19,29,52,84,118,146,164,170,164,151,134,05:47,181,00:39,107,19:58,170,12:52,18,,,,,,,,,163,大潮相当,5,strong,1,0,0,0,0
20250517,2025,5,17,東京,2771,115.5,,120,112,116,129,148,165,175,172,156,128,96,65,41,27,27,41,65,95,124,146,160,163,156,144,06:17,175,01:13,112,20:46,163,13:30,25,,,,,,,,,150,中潮相当,4,mid,0,1,0,0,0
20250518,2025,5,18,東京,2753,114.7,,131,120,117,123,136,151,163,167,160,142,116,88,62,43,35,38,52,75,101,125,144,155,157,152,06:52,167,01:52,117,21:44,158,14:14,34,,,,,,,,,133,中潮相当,4,mid,0,1,0,0,0
20250519,2025,5,19,東京,2753,114.7,,142,131,123,122,127,137,147,155,156,148,133,111,88,66,51,45,49,61,81,103,125,143,153,156,07:37,157,02:44,121,22:49,156,15:08,45,,,,,,,,,112,小潮相当,3,weak,0,0,1,0,0
20250520,2025,5,20,東京,2761,115.0,L,151,142,132,125,121,123,129,137,143,145,141,130,113,94,76,63,56,58,68,84,105,126,144,155,08:52,145,04:06,121,23:51,158,16:18,56,,,,,,,,,102,小潮相当,3,weak,0,0,1,0,0
20250521,2025,5,21,東京,2784,116.0,,158,153,144,132,121,114,111,114,121,130,137,139,134,122,107,90,76,67,66,73,88,108,130,149,10:49,139,05:59,111,,,17:41,65,,,,,,,,,74,長潮相当,2,very_weak,0,0,0,1,0
20250522,2025,5,22,東京,2816,117.3,,160,162,156,143,127,110,98,91,94,104,119,134,143,145,137,123,106,89,77,73,78,93,115,139,00:44,163,07:14,91,12:37,145,18:58,73,,,,,,,,,90,小潮相当,3,weak,0,0,1,0,0
20250523,2025,5,23,東京,2851,118.8,,158,168,167,156,137,114,91,74,67,72,90,113,137,153,159,154,140,121,101,86,80,85,102,126,01:27,169,08:04,67,14:00,159,20:02,80,,,,,,,,,102,小潮相当,3,weak,0,0,1,0,0
20250524,2025,5,24,東京,2884,120.2,,150,168,176,170,153,126,95,66,46,42,54,80,113,144,166,174,170,155,133,111,94,88,95,115,02:05,176,08:47,41,15:09,175,20:57,88,,,,,,,,,135,中潮相当,4,mid,0,1,0,0,0
20250525,2025,5,25,東京,2903,121.0,,140,164,179,182,170,144,109,72,39,21,21,41,76,116,152,178,187,182,165,141,118,101,97,108,02:41,183,09:29,18,16:08,188,21:46,97,,,,,,,,,170,大潮相当,5,strong,1,0,0,0,0
20250526,2025,5,26,東京,2913,121.4,,129,155,177,189,185,165,131,90,48,16,1,8,36,77,122,161,187,196,188,170,145,122,108,107,03:17,189,10:11,1,17:02,196,22:33,106,,,,,,,,,195,大潮相当,5,strong,1,0,0,0,0
20250527,2025,5,27,東京,2908,121.2,N,121,144,169,188,194,183,156,116,71,29,-1,-10,4,37,82,129,167,191,197,188,169,145,125,114,03:54,194,10:54,-10,17:52,198,23:17,113,,,,,,,,,208,大潮相当,5,strong,1,0,0,0,0
20250528,2025,5,28,東京,2895,120.6,,117,133,156,180,194,194,177,144,101,56,17,-7,-11,8,45,91,135,170,190,193,182,163,142,125,04:31,196,11:39,-12,18:41,194,,,,,,,,,,,208,大潮相当,5,strong,1,0,0,0,0
20250529,2025,5,29,東京,2883,120.1,,119,125,143,166,186,195,189,167,131,89,47,13,-5,-3,19,57,100,140,170,185,185,173,155,137,05:08,195,00:00,119,19:29,187,12:24,-7,,,,,,,,,202,大潮相当,5,strong,1,0,0,0,0
20250530,2025,5,30,東京,2875,119.8,,124,122,132,150,171,186,190,179,155,120,81,45,17,5,11,35,70,110,144,167,177,174,163,147,05:47,191,00:42,122,20:15,177,13:10,4,,,,,,,,,187,大潮相当,5,strong,1,0,0,0,0
20250531,2025,5,31,東京,2872,119.7,,132,123,124,135,153,170,180,180,167,143,112,78,48,27,19,29,53,85,118,146,163,169,165,153,06:28,182,01:24,122,21:01,169,13:57,19,,,,,,,,,163,大潮相当,5,strong,1,0,0,0,0
20250601,2025,6,1,東京,2870,119.6,,139,127,121,124,135,150,163,169,166,154,133,107,80,56,40,37,48,70,98,126,147,160,163,157,07:12,169,02:10,121,21:46,163,14:43,37,,,,,,,,,132,中潮相当,4,mid,0,1,0,0,0
20250602,2025,6,2,東京,2871,119.6,,146,133,123,119,122,131,142,151,155,152,143,126,106,85,67,56,55,66,86,110,132,149,158,158,08:09,155,03:04,119,22:30,159,15:32,54,,,,,,,,,105,小潮相当,3,weak,0,0,1,0,0
20250603,2025,6,3,東京,2873,119.7,U,151,140,129,119,115,116,121,129,136,141,141,136,125,110,93,79,71,72,82,99,119,139,152,158,09:32,142,04:19,115,23:14,159,16:26,70,,,,,,,,,89,小潮相当,3,weak,0,0,1,0,0
20250604,2025,6,4,東京,2883,120.1,,157,148,137,125,114,107,105,107,114,123,131,135,134,128,117,104,93,86,86,94,109,128,145,156,11:20,135,05:57,105,23:58,160,17:30,85,,,,,,,,,75,長潮相当,2,very_weak,0,0,0,1,0
20250605,2025,6,5,東京,2896,120.7,,160,156,147,134,119,105,95,90,92,101,113,126,135,138,135,127,116,105,97,96,104,118,136,151,13:02,138,07:12,90,,,18:37,95,,,,,,,,,48,若潮相当,1,turning,0,0,0,0,1
20250606,2025,6,6,東京,2910,121.3,,161,162,156,144,128,110,92,78,73,78,91,109,127,140,147,146,139,127,114,105,103,111,126,143,00:42,163,08:01,73,14:24,147,19:40,103,,,,,,,,,90,小潮相当,3,weak,0,0,1,0,0
20250607,2025,6,7,東京,2929,122.0,,158,165,165,156,140,119,95,74,61,59,69,88,111,133,150,158,157,148,134,119,109,109,118,134,01:24,166,08:40,58,15:25,159,20:34,108,,,,,,,,,108,小潮相当,3,weak,0,0,1,0,0
20250608,2025,6,8,東京,2946,122.8,,151,165,170,166,153,131,105,77,55,45,48,65,91,119,144,162,170,167,154,137,121,112,113,125,02:05,170,09:15,44,16:12,170,21:21,111,,,,,,,,,126,中潮相当,4,mid,0,1,0,0,0
20250609,2025,6,9,東京,2954,123.1,,143,160,172,174,165,146,118,86,58,38,33,44,67,98,130,157,174,179,171,155,135,120,113,118,02:43,174,09:49,33,16:52,179,22:04,113,,,,,,,,,146,中潮相当,4,mid,0,1,0,0,0
20250610,2025,6,10,東京,2953,123.0,,133,152,169,178,176,161,134,101,67,40,25,27,45,75,110,143,169,183,182,170,150,131,117,115,03:20,179,10:23,24,17:28,184,22:43,114,,,,,,,,,160,大潮相当,5,strong,1,0,0,0,0
20250611,2025,6,11,東京,2944,122.7,F,124,142,162,178,183,174,152,119,82,49,26,18,27,52,86,123,156,178,186,180,164,143,125,115,03:54,183,10:57,18,18:03,186,23:20,114,,,,,,,,,168,大潮相当,5,strong,1,0,0,0,0
20250612,2025,6,12,東京,2928,122.0,,117,131,151,172,185,184,168,139,102,65,34,17,16,32,62,99,137,166,183,185,174,155,135,119,04:28,187,11:33,15,18:38,186,23:56,114,,,,,,,,,172,大潮相当,5,strong,1,0,0,0,0
20250613,2025,6,13,東京,2914,121.4,,114,121,139,161,180,188,181,158,124,86,51,25,14,20,42,75,113,148,173,183,180,165,146,127,05:03,188,12:09,14,19:14,184,,,,,,,,,,,174,大潮相当,5,strong,1,0,0,0,0
20250614,2025,6,14,東京,2900,120.8,,115,115,127,147,169,184,186,172,145,109,73,41,22,17,29,55,90,126,157,175,180,173,156,137,05:38,187,00:32,114,19:51,180,12:47,16,,,,,,,,,171,大潮相当,5,strong,1,0,0,0,0
20250615,2025,6,15,東京,2890,120.4,,121,113,117,132,153,172,183,179,161,132,97,64,38,24,25,41,70,104,137,162,176,176,165,148,06:16,183,01:10,113,20:31,177,13:26,22,,,,,,,,,161,大潮相当,5,strong,1,0,0,0,0
20250616,2025,6,16,東京,2888,120.3,,130,116,112,119,135,155,170,176,169,150,122,90,61,40,31,37,57,85,117,146,166,175,171,158,06:59,176,01:52,112,21:12,175,14:06,31,,,,,,,,,145,中潮相当,4,mid,0,1,0,0,0
20250617,2025,6,17,東京,2895,120.6,,140,123,112,110,118,133,150,162,166,159,142,117,89,65,49,45,53,73,100,128,153,169,173,166,07:52,166,02:40,109,21:53,173,14:50,45,,,,,,,,,128,中潮相当,4,mid,0,1,0,0,0
20250618,2025,6,18,東京,2914,121.4,,152,133,117,107,105,112,125,140,151,156,152,138,117,95,75,64,62,71,89,113,138,159,171,172,09:03,156,03:40,105,22:34,173,15:39,61,,,,,,,,,112,小潮相当,3,weak,0,0,1,0,0
20250619,2025,6,19,東京,2935,122.3,L,162,145,126,110,98,95,99,111,126,140,149,149,139,124,106,91,82,81,89,104,125,147,164,173,10:30,150,04:55,95,23:16,173,16:38,80,,,,,,,,,93,小潮相当,3,weak,0,0,1,0,0
20250620,2025,6,20,東京,2962,123.4,,170,158,140,119,100,86,79,82,94,112,130,144,150,146,136,123,111,102,99,104,117,136,155,169,12:05,150,06:13,79,,,17:53,99,,,,,,,,,71,長潮相当,2,very_weak,0,0,0,1,0
20250621,2025,6,21,東京,2981,124.2,,175,169,155,134,111,87,69,59,62,76,99,124,143,155,157,152,141,129,119,114,116,128,145,162,00:00,175,07:17,58,13:45,157,19:11,113,,,,,,,,,117,小潮相当,3,weak,0,0,1,0,0
20250622,2025,6,22,東京,2996,124.8,,174,177,170,153,129,100,72,49,38,43,62,90,120,146,163,170,168,158,145,132,124,125,136,152,00:48,177,08:12,38,15:14,170,20:21,123,,,,,,,,,139,中潮相当,4,mid,0,1,0,0,0
20250623,2025,6,23,東京,3005,125.2,,168,179,181,172,152,123,89,55,30,20,28,52,85,120,151,172,182,181,170,154,139,130,131,141,01:42,181,09:03,20,16:20,183,21:24,129,,,,,,,,,163,大潮相当,5,strong,1,0,0,0,0
20250624,2025,6,24,東京,3008,125.3,,157,173,184,185,174,151,116,77,40,15,8,19,47,84,124,158,182,192,188,174,156,140,131,133,02:38,186,09:54,8,17:12,192,22:21,130,,,,,,,,,184,大潮相当,5,strong,1,0,0,0,0
20250625,2025,6,25,東京,3011,125.5,N,144,161,179,190,190,176,147,108,66,29,6,1,16,48,89,131,166,189,196,189,172,153,136,129,03:32,192,10:43,0,17:57,196,23:11,128,,,,,,,,,196,大潮相当,5,strong,1,0,0,0,0
20250626,2025,6,26,東京,3005,125.2,,132,146,165,184,195,193,174,141,99,57,22,2,1,20,55,98,141,174,192,194,183,164,144,129,04:21,196,11:32,,18:38,195,,,,,,,,,,,194,大潮相当,5,strong,1,0,0,0,0
20250627,2025,6,27,東京,3006,125.3,,124,131,148,170,189,198,191,168,132,91,51,20,4,8,32,69,112,151,179,191,187,173,153,134,05:06,198,12:18,3,19:15,191,,,,,,,,,,,195,大潮相当,5,strong,1,0,0,0,0
20250628,2025,6,28,東京,3001,125.0,,121,119,130,150,173,190,195,184,158,123,84,48,22,12,22,49,88,128,161,181,186,177,160,140,05:49,195,00:38,118,19:48,186,13:01,12,,,,,,,,,183,大潮相当,5,strong,1,0,0,0,0
20250629,2025,6,29,東京,3002,125.1,,122,113,116,130,152,173,186,187,173,147,113,79,48,29,26,42,72,109,144,169,181,179,166,146,06:31,188,01:16,112,20:19,182,13:39,25,,,,,,,,,163,大潮相当,5,strong,1,0,0,0,0
20250630,2025,6,30,東京,3004,125.2,,127,112,107,114,131,151,169,178,174,159,135,106,77,53,42,46,66,96,129,157,174,178,170,153,07:15,178,01:55,107,20:48,178,14:15,41,,,,,,,,,137,中潮相当,4,mid,0,1,0,0,0
20250701,2025,7,1,東京,3004,125.2,,134,116,105,103,113,129,146,160,165,161,147,126,102,79,63,59,69,90,118,145,166,175,173,160,08:04,166,02:36,103,21:17,176,14:49,59,,,,,,,,,117,小潮相当,3,weak,0,0,1,0,0
20250702,2025,7,2,東京,3008,125.3,,142,123,108,100,101,109,123,138,149,153,149,138,121,103,87,79,80,91,112,135,157,170,174,166,09:03,153,03:24,99,21:47,174,15:24,78,,,,,,,,,96,小潮相当,3,weak,0,0,1,0,0
20250703,2025,7,3,東京,3012,125.5,U,151,133,116,103,96,96,103,114,127,137,142,141,133,122,110,101,96,100,111,128,147,163,172,170,10:17,143,04:27,95,22:21,172,16:06,96,,,,,,,,,77,長潮相当,2,very_weak,0,0,0,1,0
20250704,2025,7,4,東京,3016,125.7,,160,144,126,111,98,90,88,93,103,116,128,136,138,135,129,122,116,113,116,125,139,154,166,170,11:53,138,05:46,88,22:59,170,17:07,113,,,,,,,,,82,小潮相当,3,weak,0,0,1,0,0
20250705,2025,7,5,東京,3027,126.1,,166,154,139,122,106,92,81,78,82,93,109,123,135,141,143,142,137,131,126,127,133,144,157,166,14:01,143,06:58,78,23:45,168,18:30,126,,,,,,,,,90,小潮相当,3,weak,0,0,1,0,0
20250706,2025,7,6,東京,3034,126.4,,168,162,151,136,119,100,82,69,65,71,86,104,123,139,150,155,155,150,141,134,132,137,147,158,15:28,156,07:53,65,,,19:47,132,,,,,,,,,91,小潮相当,3,weak,0,0,1,0,0
20250707,2025,7,7,東京,3039,126.6,,166,167,162,151,134,113,90,69,56,54,63,82,105,128,147,162,168,166,157,145,135,133,138,148,00:45,168,08:40,53,16:15,168,20:51,133,,,,,,,,,115,小潮相当,3,weak,0,0,1,0,0
20250708,2025,7,8,東京,3037,126.5,,159,168,170,165,152,131,104,76,54,43,44,58,81,109,137,160,174,178,172,158,143,133,131,137,01:51,170,09:23,42,16:51,178,21:43,131,,,,,,,,,136,中潮相当,4,mid,0,1,0,0,0
20250709,2025,7,9,東京,3034,126.4,,149,163,173,176,169,151,123,91,61,40,32,38,57,86,118,149,173,184,183,171,154,137,128,128,02:49,176,10:04,32,17:24,185,22:29,126,,,,,,,,,153,中潮相当,4,mid,0,1,0,0,0
20250710,2025,7,10,東京,3027,126.1,,138,153,170,181,183,170,146,112,76,46,27,24,35,61,95,131,163,184,190,182,165,145,129,121,03:36,184,10:44,23,17:55,190,23:09,121,,,,,,,,,167,大潮相当,5,strong,1,0,0,0,0
20250711,2025,7,11,東京,3021,125.9,F,125,140,160,179,190,187,168,136,98,62,33,18,20,38,70,109,147,176,191,190,176,155,134,119,04:18,191,11:24,17,18:26,192,23:47,115,,,,,,,,,175,大潮相当,5,strong,1,0,0,0,0
20250712,2025,7,12,東京,3019,125.8,,115,125,145,169,188,196,186,161,124,84,49,24,14,23,48,85,126,162,186,193,185,166,143,122,04:57,196,12:02,14,18:56,193,,,,,,,,,,,182,大潮相当,5,strong,1,0,0,0,0
20250713,2025,7,13,東京,3019,125.8,,110,111,126,151,177,194,196,180,150,112,73,40,20,17,33,64,105,145,175,191,191,176,153,129,05:37,197,00:24,108,19:27,193,12:39,16,,,,,,,,,181,大潮相当,5,strong,1,0,0,0,0
20250714,2025,7,14,東京,3025,126.0,,109,102,109,130,157,181,194,191,171,138,101,65,37,24,29,51,86,126,161,184,192,184,164,139,06:18,195,01:01,102,19:58,192,13:15,23,,,,,,,,,172,大潮相当,5,strong,1,0,0,0,0
20250715,2025,7,15,東京,3031,126.3,,114,98,96,108,132,158,180,188,181,160,128,94,63,42,36,48,75,110,145,174,189,188,174,150,07:04,188,01:40,95,20:28,190,13:50,36,,,,,,,,,154,中潮相当,4,mid,0,1,0,0,0
20250716,2025,7,16,東京,3043,126.8,,123,101,89,91,107,130,155,173,179,171,150,122,93,69,55,57,73,100,132,161,182,188,181,161,07:56,179,02:21,88,20:58,188,14:24,54,,,,,,,,,134,中潮相当,4,mid,0,1,0,0,0
20250717,2025,7,17,東京,3058,127.4,,135,110,90,82,87,102,124,146,162,168,161,144,121,99,82,76,83,100,124,150,172,185,184,171,08:57,168,03:08,82,21:28,186,15:00,76,,,,,,,,,110,小潮相当,3,weak,0,0,1,0,0
20250718,2025,7,18,東京,3070,127.9,L,149,123,99,82,76,80,94,113,134,150,157,154,142,126,112,103,101,108,123,143,162,178,183,178,10:10,157,04:07,76,22:00,183,15:41,101,,,,,,,,,107,小潮相当,3,weak,0,0,1,0,0
20250719,2025,7,19,東京,3074,128.1,,162,139,115,93,77,68,70,81,100,121,138,148,150,146,138,130,125,124,129,140,154,168,178,180,11:43,151,05:21,68,22:39,180,16:39,124,,,,,,,,,112,小潮相当,3,weak,0,0,1,0,0
20250720,2025,7,20,東京,3076,128.2,,172,156,135,112,90,71,59,57,67,85,108,128,143,152,155,153,150,145,142,143,149,159,169,176,14:09,155,06:39,57,23:33,177,18:21,142,,,,,,,,,120,中潮相当,4,mid,0,1,0,0,0
20250721,2025,7,21,東京,3074,128.1,,176,169,156,137,113,88,64,48,44,53,72,97,122,143,158,167,170,166,159,151,148,150,157,166,15:51,170,07:49,44,,,20:06,148,,,,,,,,,126,中潮相当,4,mid,0,1,0,0,0
20250722,2025,7,22,東京,3073,128.0,,173,176,172,161,142,115,84,56,37,31,41,62,90,121,148,169,181,182,175,163,152,145,145,152,00:59,176,08:51,31,16:39,183,21:27,144,,,,,,,,,152,中潮相当,4,mid,0,1,0,0,0
20250723,2025,7,23,東京,3076,128.2,,162,173,180,180,169,147,115,79,47,26,21,32,57,90,126,158,181,191,188,176,160,145,136,137,02:31,181,09:48,21,17:15,192,22:26,136,,,,,,,,,171,大潮相当,5,strong,1,0,0,0,0
20250724,2025,7,24,東京,3086,128.6,,146,161,177,188,189,176,148,111,72,39,18,15,30,60,98,138,171,191,196,187,169,149,132,125,03:35,190,10:40,14,17:47,196,23:11,125,,,,,,,,,182,大潮相当,5,strong,1,0,0,0,0
20250725,2025,7,25,東京,3094,128.9,N,128,143,163,184,197,195,177,144,104,64,32,14,15,36,71,114,154,183,197,193,178,156,134,118,04:25,198,11:26,,18:17,197,,,,,,,,,,,183,大潮相当,5,strong,1,0,0,0,0
20250726,2025,7,26,東京,3102,129.3,,113,123,144,170,192,202,196,172,136,95,56,28,15,24,51,91,134,171,192,196,184,163,138,116,05:08,202,12:06,15,18:43,196,,,,,,,,,,,187,大潮相当,5,strong,1,0,0,0,0
20250727,2025,7,27,東京,3108,129.5,,104,106,122,148,176,196,201,189,161,124,85,51,28,25,41,75,117,156,184,195,189,170,145,120,05:47,202,00:24,103,19:07,195,12:41,24,,,,,,,,,178,大潮相当,5,strong,1,0,0,0,0
20250728,2025,7,28,東京,3112,129.7,,101,94,103,125,154,180,195,193,176,147,112,77,50,37,42,67,104,143,174,191,191,177,153,126,06:26,196,00:56,94,19:30,193,13:12,36,,,,,,,,,160,大潮相当,5,strong,1,0,0,0,0
20250729,2025,7,29,東京,3113,129.7,,103,89,90,105,130,158,178,187,181,161,133,102,74,56,53,67,96,132,164,185,191,182,161,135,07:04,187,01:28,87,19:52,192,13:40,52,,,,,,,,,140,中潮相当,4,mid,0,1,0,0,0
20250730,2025,7,30,東京,3111,129.6,,109,90,83,90,109,133,157,172,175,166,147,122,97,78,69,75,95,124,155,178,189,185,169,144,07:46,175,02:01,83,20:14,189,14:07,69,,,,,,,,,120,中潮相当,4,mid,0,1,0,0,0
20250731,2025,7,31,東京,3113,129.7,,119,97,84,83,93,111,133,151,161,162,153,136,117,100,89,89,100,121,146,169,184,186,175,154,08:33,163,02:36,82,20:39,186,14:32,88,,,,,,,,,104,小潮相当,3,weak,0,0,1,0,0
20250801,2025,8,1,東京,3108,129.5,U,130,107,90,82,84,94,110,127,142,150,150,143,132,119,110,107,111,123,141,160,175,182,177,162,09:31,151,03:19,82,21:06,182,14:58,107,,,,,,,,,100,小潮相当,3,weak,0,0,1,0,0
20250802,2025,8,2,東京,3105,129.4,,142,120,102,89,83,85,92,105,119,132,140,142,139,134,129,125,125,130,139,152,165,174,175,167,10:51,142,04:20,83,21:37,176,15:31,125,,,,,,,,,93,小潮相当,3,weak,0,0,1,0,0
20250803,2025,8,3,東京,3101,129.2,,152,134,116,101,90,83,81,86,97,110,123,133,139,142,143,143,142,141,142,147,155,164,169,168,14:15,143,05:45,81,22:18,169,17:00,141,,,,,,,,,88,小潮相当,3,weak,0,0,1,0,0
20250804,2025,8,4,東京,3091,128.8,,160,147,132,117,102,89,78,74,77,87,101,117,130,142,151,156,157,154,150,147,148,153,159,163,15:44,157,07:06,74,23:24,164,19:13,147,,,,,,,,,90,小潮相当,3,weak,0,0,1,0,0
20250805,2025,8,5,東京,3085,128.5,,163,158,149,136,120,102,83,69,63,66,77,95,114,134,151,164,170,168,160,151,145,144,148,155,16:15,170,08:10,63,,,20:40,144,,,,,,,,,107,小潮相当,3,weak,0,0,1,0,0
20250806,2025,8,6,東京,3075,128.1,,161,164,163,155,141,121,96,73,56,50,55,70,92,118,144,165,178,180,172,159,146,138,136,142,01:15,164,09:03,50,16:42,180,21:38,136,,,,,,,,,130,中潮相当,4,mid,0,1,0,0,0
20250807,2025,8,7,東京,3070,127.9,,152,164,171,172,164,144,117,86,59,42,38,47,67,96,129,159,180,189,184,169,151,135,127,128,02:38,173,09:50,37,17:08,189,22:22,126,,,,,,,,,152,中潮相当,4,mid,0,1,0,0,0
20250808,2025,8,8,東京,3072,128.0,,139,155,172,184,183,169,142,108,73,45,29,28,43,72,108,145,176,193,194,181,160,137,121,115,03:30,185,10:33,27,17:33,195,22:59,115,,,,,,,,,168,大潮相当,5,strong,1,0,0,0,0
20250809,2025,8,9,東京,3077,128.2,F,121,139,163,185,196,191,169,135,96,59,32,20,25,48,85,127,165,191,200,191,170,144,120,105,04:13,196,11:12,19,17:59,200,23:34,102,,,,,,,,,181,大潮相当,5,strong,1,0,0,0,0
20250810,2025,8,10,東京,3094,128.9,,104,118,145,174,197,204,193,164,125,83,47,24,18,32,64,106,150,184,201,199,182,154,125,101,04:54,204,11:48,,18:24,203,,,,,,,,,,,186,大潮相当,5,strong,1,0,0,0,0
20250811,2025,8,11,東京,3109,129.5,,90,96,120,152,184,205,206,188,154,113,73,41,24,26,49,88,132,172,197,204,192,166,134,103,05:35,208,00:08,90,18:50,204,12:23,22,,,,,,,,,186,大潮相当,5,strong,1,0,0,0,0
20250812,2025,8,12,東京,3127,130.3,,82,79,94,124,160,190,205,201,178,144,104,68,42,34,46,76,117,158,189,203,198,177,146,112,06:17,206,00:43,78,19:14,203,12:55,34,,,,,,,,,172,大潮相当,5,strong,1,0,0,0,0
20250813,2025,8,13,東京,3138,130.8,,83,69,73,95,128,163,189,199,190,167,134,99,70,54,55,74,107,145,178,198,200,186,158,124,07:02,199,01:18,68,19:39,202,13:26,52,,,,,,,,,150,中潮相当,4,mid,0,1,0,0,0
20250814,2025,8,14,東京,3144,131.0,,92,69,61,71,97,129,160,181,187,177,156,128,100,81,74,83,106,137,167,190,198,191,170,139,07:52,187,01:56,61,20:02,198,13:56,74,,,,,,,,,137,中潮相当,4,mid,0,1,0,0,0
20250815,2025,8,15,東京,3143,131.0,,106,78,61,59,72,97,126,152,169,173,164,147,127,109,99,100,113,135,159,181,193,192,178,153,08:49,173,02:38,58,20:27,194,14:24,98,,,,,,,,,136,中潮相当,4,mid,0,1,0,0,0
20250816,2025,8,16,東京,3135,130.6,L,124,95,73,61,61,73,93,117,139,154,158,154,144,132,124,122,127,139,155,172,184,188,181,165,09:58,158,03:30,59,20:53,188,14:50,122,,,,,,,,,129,中潮相当,4,mid,0,1,0,0,0
20250817,2025,8,17,東京,3118,129.9,,142,117,94,75,64,62,70,85,105,124,139,146,148,147,144,143,144,148,155,164,173,179,179,171,11:54,148,04:42,62,21:26,180,15:12,143,,,,,,,,,118,小潮相当,3,weak,0,0,1,0,0
20250818,2025,8,18,東京,3104,129.3,,157,139,120,100,82,68,61,63,74,91,110,127,140,150,156,160,161,160,159,159,163,166,169,169,15:50,161,06:15,60,22:25,169,18:08,159,,,,,,,,,109,小潮相当,3,weak,0,0,1,0,0
20250819,2025,8,19,東京,3090,128.8,,165,157,145,129,109,88,68,56,53,62,78,99,121,141,158,170,174,172,166,159,154,152,155,159,16:10,174,07:42,53,,,20:49,152,,,,,,,,,121,中潮相当,4,mid,0,1,0,0,0
20250820,2025,8,20,東京,3085,128.5,,163,166,165,157,141,117,90,64,47,43,51,69,95,123,150,171,183,184,175,162,149,140,138,142,01:19,166,08:51,43,16:34,184,21:50,138,,,,,,,,,141,中潮相当,4,mid,0,1,0,0,0
20250821,2025,8,21,東京,3095,129.0,,152,164,175,178,170,150,120,86,57,38,34,45,68,100,135,165,185,191,185,169,149,133,123,123,02:51,178,09:47,33,16:57,192,22:28,122,,,,,,,,,159,中潮相当,4,mid,0,1,0,0,0
20250822,2025,8,22,東京,3112,129.7,,134,152,172,188,191,179,152,116,79,48,30,29,46,77,115,153,182,195,193,177,154,131,113,106,03:44,191,10:33,28,17:19,196,23:00,106,,,,,,,,,168,大潮相当,5,strong,1,0,0,0,0
20250823,2025,8,23,東京,3128,130.3,N,113,132,159,184,199,198,179,146,107,69,40,27,33,58,96,138,174,195,198,185,161,134,109,94,04:26,201,11:11,27,17:41,199,23:31,92,,,,,,,,,174,大潮相当,5,strong,1,0,0,0,0
20250824,2025,8,24,東京,3148,131.2,,94,110,138,170,195,206,197,172,135,95,60,37,32,47,81,123,163,190,200,192,170,141,111,89,05:04,206,11:45,31,18:01,200,,,,,,,,,,,175,大潮相当,5,strong,1,0,0,0,0
20250825,2025,8,25,東京,3160,131.7,,80,89,114,148,180,201,204,189,159,122,85,55,41,46,71,110,151,184,200,197,178,149,117,90,05:39,205,00:00,80,18:20,201,12:14,40,,,,,,,,,165,大潮相当,5,strong,1,0,0,0,0
20250826,2025,8,26,東京,3167,132.0,,73,74,92,124,159,187,200,195,175,144,109,78,57,53,69,102,141,175,197,199,185,158,126,95,06:14,200,00:29,71,18:39,201,12:41,52,,,,,,,,,149,中潮相当,4,mid,0,1,0,0,0
20250827,2025,8,27,東京,3168,132.0,,73,65,75,101,134,166,187,192,182,159,130,101,78,67,75,98,132,166,191,199,190,167,136,104,06:50,192,00:56,65,18:59,199,13:06,67,,,,,,,,,134,中潮相当,4,mid,0,1,0,0,0
20250828,2025,8,28,東京,3163,131.8,,78,64,66,83,111,142,167,180,180,167,145,120,98,85,85,100,127,157,183,195,192,175,147,116,07:28,182,01:25,63,19:19,196,13:30,83,,,,,,,,,133,中潮相当,4,mid,0,1,0,0,0
20250829,2025,8,29,東京,3153,131.4,,88,69,64,72,92,118,144,162,170,166,153,135,117,104,100,108,126,150,173,188,191,179,156,128,08:10,170,01:54,64,19:40,191,13:52,100,,,,,,,,,127,中潮相当,4,mid,0,1,0,0,0
20250830,2025,8,30,東京,3138,130.8,,101,80,69,69,80,99,121,140,153,158,154,144,132,121,116,119,129,145,164,178,184,179,163,140,09:00,158,02:28,68,20:04,185,14:12,116,,,,,,,,,117,小潮相当,3,weak,0,0,1,0,0
20250831,2025,8,31,東京,3119,130.0,U,115,94,80,74,76,86,101,117,132,142,146,145,140,135,132,132,137,145,156,168,175,175,166,150,10:10,147,03:13,74,20:30,176,14:27,132,,,,,,,,,102,小潮相当,3,weak,0,0,1,0,0
20250901,2025,9,1,東京,3100,129.2,,130,111,96,86,80,81,86,96,109,122,132,138,142,144,145,146,147,149,153,158,164,166,164,155,21:04,166,04:28,80,,,,,,,,,,,,,86,小潮相当,3,weak,0,0,1,0,0
20250902,2025,9,2,東京,3080,128.3,,143,129,115,102,92,83,79,80,87,98,111,124,136,146,154,159,159,157,154,152,153,155,156,156,15:42,160,06:19,78,22:13,157,19:14,152,,,,,,,,,82,小潮相当,3,weak,0,0,1,0,0
20250903,2025,9,3,東京,3062,127.6,,152,145,135,124,109,94,80,71,69,75,87,104,123,142,158,168,171,167,159,150,144,142,144,149,15:56,171,07:44,68,,,20:51,142,,,,,,,,,103,小潮相当,3,weak,0,0,1,0,0
20250904,2025,9,4,東京,3047,127.0,,154,156,155,147,133,112,90,70,58,55,63,80,104,130,155,173,181,179,167,152,138,130,129,136,01:11,157,08:44,55,16:15,182,21:33,128,,,,,,,,,127,中潮相当,4,mid,0,1,0,0,0
20250905,2025,9,5,東京,3047,127.0,,148,160,169,169,159,138,110,81,57,43,43,56,81,113,146,173,188,190,178,158,137,120,113,117,02:33,171,09:32,42,16:35,191,22:07,113,,,,,,,,,149,中潮相当,4,mid,0,1,0,0,0
20250906,2025,9,6,東京,3058,127.4,,132,153,174,186,184,166,137,102,68,43,32,37,58,91,130,166,191,199,190,168,141,115,99,96,03:23,187,10:13,31,16:57,199,22:39,95,,,,,,,,,168,大潮相当,5,strong,1,0,0,0,0
20250907,2025,9,7,東京,3083,128.5,,110,135,165,190,201,193,168,132,92,57,33,27,40,70,112,154,187,203,200,180,149,117,90,78,04:06,201,10:50,,17:19,204,,,,,,,,,,,176,大潮相当,5,strong,1,0,0,0,0
20250908,2025,9,8,東京,3117,129.9,F,84,108,143,179,204,210,196,164,124,83,49,31,33,55,93,138,178,203,207,192,162,125,90,66,04:48,211,11:26,29,17:42,208,23:44,60,,,,,,,,,182,大潮相当,5,strong,1,0,0,0,0
20250909,2025,9,9,東京,3147,131.1,,61,77,112,154,191,212,212,191,156,115,77,49,39,50,81,123,166,197,210,201,175,137,97,64,05:30,215,11:59,39,18:05,210,,,,,,,,,,,176,大潮相当,5,strong,1,0,0,0,0
20250910,2025,9,10,東京,3171,132.1,,47,52,78,119,162,196,211,206,182,147,110,77,58,58,78,113,154,188,207,206,186,152,111,73,06:13,212,00:18,46,18:27,210,12:31,55,,,,,,,,,166,大潮相当,5,strong,1,0,0,0,0
20250911,2025,9,11,東京,3179,132.5,,45,37,51,83,126,166,194,203,194,170,139,108,85,76,85,110,144,178,201,207,194,166,128,89,06:59,203,00:53,37,18:50,207,13:01,76,,,,,,,,,170,大潮相当,5,strong,1,0,0,0,0
20250912,2025,9,12,東京,3170,132.1,,56,36,36,56,90,129,162,184,189,179,159,134,113,100,100,115,140,169,191,202,197,177,146,110,07:49,189,01:30,34,19:11,202,13:29,98,,,,,,,,,168,大潮相当,5,strong,1,0,0,0,0
20250913,2025,9,13,東京,3144,131.0,,76,50,38,44,64,94,126,153,168,172,164,150,135,123,119,126,141,162,181,193,194,182,159,130,08:46,172,02:12,38,19:33,195,13:54,119,,,,,,,,,157,中潮相当,4,mid,0,1,0,0,0
20250914,2025,9,14,東京,3112,129.7,L,100,74,55,48,54,70,93,118,138,151,156,153,147,141,138,140,147,159,171,181,185,180,166,147,10:04,156,03:03,48,19:56,185,14:12,138,,,,,,,,,137,中潮相当,4,mid,0,1,0,0,0
20250915,2025,9,15,東京,3078,128.3,,124,102,82,67,60,62,72,88,106,123,136,144,149,151,152,153,155,159,164,168,171,170,165,155,20:18,171,04:19,60,,,,,,,,,,,,,111,小潮相当,3,weak,0,0,1,0,0
20250916,2025,9,16,東京,3051,127.1,,143,129,113,96,81,69,65,68,78,93,110,127,141,152,160,165,165,162,159,156,155,155,155,154,15:34,165,06:06,65,,,,,,,,,,,,,100,小潮相当,3,weak,0,0,1,0,0
20250917,2025,9,17,東京,3039,126.6,,153,149,141,128,111,91,73,62,60,68,84,104,126,146,163,172,174,169,159,148,140,137,138,143,15:43,174,07:39,60,,,21:15,136,,,,,,,,,114,小潮相当,3,weak,0,0,1,0,0
20250918,2025,9,18,東京,3044,126.8,,151,159,162,157,142,120,94,70,56,53,62,81,107,135,159,176,182,177,163,146,130,119,118,125,01:57,162,08:44,52,16:01,182,21:41,117,,,,,,,,,130,中潮相当,4,mid,0,1,0,0,0
20250919,2025,9,19,東京,3059,127.5,,139,157,172,177,170,150,121,90,63,48,48,62,87,120,152,176,188,185,171,149,125,107,99,103,02:59,177,09:33,46,16:19,188,22:09,99,,,,,,,,,142,中潮相当,4,mid,0,1,0,0,0
20250920,2025,9,20,東京,3084,128.5,,120,144,169,186,190,177,150,116,82,56,44,49,71,104,141,172,190,193,179,155,127,101,85,83,03:42,190,10:12,44,16:38,194,22:37,82,,,,,,,,,150,中潮相当,4,mid,0,1,0,0,0
20250921,2025,9,21,東京,3109,129.5,,97,124,156,183,198,195,175,143,106,73,51,46,60,90,128,165,190,198,188,164,133,102,77,67,04:20,199,10:45,45,16:56,198,23:05,67,,,,,,,,,154,中潮相当,4,mid,0,1,0,0,0
20250922,2025,9,22,東京,3131,130.5,N,75,100,135,170,195,203,193,166,131,95,67,52,57,80,117,155,186,200,195,174,142,107,77,59,04:55,203,11:16,51,17:15,200,23:32,56,,,,,,,,,152,中潮相当,4,mid,0,1,0,0,0
20250923,2025,9,23,東京,3147,131.1,,58,77,111,149,183,201,201,184,154,119,87,66,61,76,107,145,179,199,200,183,152,116,82,57,05:30,204,11:44,61,17:33,202,23:58,48,,,,,,,,,156,中潮相当,4,mid,0,1,0,0,0
20250924,2025,9,24,東京,3155,131.5,,48,59,87,125,163,190,200,192,171,140,109,84,72,78,102,136,171,195,201,190,163,127,91,61,06:04,200,12:11,72,17:51,202,,,,,,,,,,,130,中潮相当,4,mid,0,1,0,0,0
20250925,2025,9,25,東京,3151,131.3,,45,47,67,101,139,171,190,192,180,156,129,104,88,86,101,129,161,187,199,194,172,139,103,71,06:39,193,00:24,44,18:11,200,12:36,85,,,,,,,,,156,中潮相当,4,mid,0,1,0,0,0
20250926,2025,9,26,東京,3142,130.9,,50,44,55,81,115,149,173,184,181,166,144,122,104,98,105,125,152,178,194,194,178,150,116,84,07:15,184,00:51,43,18:31,196,13:00,98,,,,,,,,,153,中潮相当,4,mid,0,1,0,0,0
20250927,2025,9,27,東京,3120,130.0,,60,48,50,68,95,125,152,168,173,167,153,136,120,112,113,125,146,168,184,189,180,159,130,99,07:55,173,01:18,47,18:52,190,13:23,111,,,,,,,,,143,中潮相当,4,mid,0,1,0,0,0
20250928,2025,9,28,東京,3092,128.8,,74,58,54,62,80,104,129,148,159,161,155,144,133,125,124,129,142,159,173,181,178,164,141,115,08:42,161,01:49,54,19:14,181,13:44,123,,,,,,,,,127,中潮相当,4,mid,0,1,0,0,0
20250929,2025,9,29,東京,3062,127.6,,91,73,64,64,73,88,107,125,139,148,150,147,142,137,135,137,143,153,163,170,171,164,149,129,09:51,150,02:29,63,19:38,171,14:04,135,,,,,,,,,108,小潮相当,3,weak,0,0,1,0,0
20250930,2025,9,30,東京,3032,126.3,U,109,92,80,73,73,79,89,103,117,129,138,143,146,147,147,147,148,151,154,158,160,158,151,140,20:05,160,03:31,73,,,,,,,,,,,,,87,小潮相当,3,weak,0,0,1,0,0
20251001,2025,10,1,東京,3000,125.0,,127,113,100,89,81,77,78,83,93,106,120,133,144,152,157,158,156,153,149,146,146,147,147,145,14:51,158,05:25,77,,,,,,,,,,,,,81,小潮相当,3,weak,0,0,1,0,0
20251002,2025,10,2,東京,2975,124.0,,140,133,123,111,98,84,74,70,73,83,98,117,136,153,164,169,167,159,148,138,131,131,134,141,15:09,169,07:07,70,,,20:40,130,,,,,,,,,99,小潮相当,3,weak,0,0,1,0,0
20251003,2025,10,3,東京,2963,123.5,,147,150,147,137,121,101,82,66,59,62,75,97,123,148,168,178,178,168,151,133,118,112,115,127,01:04,150,08:13,59,15:28,180,21:10,112,,,,,,,,,121,中潮相当,4,mid,0,1,0,0,0
20251004,2025,10,4,東京,2970,123.8,,143,158,166,164,150,128,100,75,56,49,56,75,105,137,166,184,189,179,159,133,109,94,92,103,02:19,167,09:01,49,15:48,189,21:40,91,,,,,,,,,140,中潮相当,4,mid,0,1,0,0,0
20251005,2025,10,5,東京,2992,124.7,,126,152,174,185,179,159,129,96,67,48,44,57,85,122,158,185,197,191,170,139,107,80,68,74,03:11,185,09:43,43,16:10,197,22:11,68,,,,,,,,,154,中潮相当,4,mid,0,1,0,0,0
20251006,2025,10,6,東京,3040,126.7,,98,132,167,192,200,190,163,127,91,61,45,48,70,105,146,181,201,202,183,151,112,76,52,47,03:56,200,10:21,44,16:32,204,22:43,46,,,,,,,,,160,大潮相当,5,strong,1,0,0,0,0
20251007,2025,10,7,東京,3087,128.6,F,64,99,142,182,206,210,193,162,124,87,61,51,63,92,132,171,199,208,196,166,124,81,46,28,04:40,211,10:58,51,16:55,209,23:17,27,,,,,,,,,184,大潮相当,5,strong,1,0,0,0,0
20251008,2025,10,8,東京,3133,130.5,,34,62,106,154,193,213,211,190,157,120,88,68,67,86,120,160,193,210,206,181,142,96,53,23,05:25,215,11:33,65,17:19,211,23:52,14,,,,,,,,,201,大潮相当,5,strong,1,0,0,0,0
20251009,2025,10,9,東京,3152,131.3,,14,30,67,115,162,196,211,204,182,151,119,93,82,90,114,149,183,205,209,193,160,117,72,34,06:11,211,12:07,82,17:42,210,,,,,,,,,,,129,中潮相当,4,mid,0,1,0,0,0
20251010,2025,10,10,東京,3146,131.1,,12,12,36,76,123,164,192,201,192,171,145,120,104,101,115,142,172,196,207,199,175,139,96,56,06:59,201,00:29,,18:07,207,,,,,,,,,,,195,大潮相当,5,strong,1,0,0,0,0
20251011,2025,10,11,東京,3114,129.8,,26,13,20,47,85,126,159,180,185,177,161,142,126,118,123,139,162,184,198,198,183,156,121,85,07:52,185,01:09,13,18:31,200,13:09,118,,,,,,,,,187,大潮相当,5,strong,1,0,0,0,0
20251012,2025,10,12,東京,3068,127.8,,53,31,24,34,59,91,123,149,165,169,164,153,142,134,133,141,155,172,185,189,183,166,141,112,08:54,169,01:54,24,18:56,189,13:38,133,,,,,,,,,165,大潮相当,5,strong,1,0,0,0,0
20251013,2025,10,13,東京,3016,125.7,,84,60,45,41,49,68,92,116,136,149,155,155,151,147,144,146,152,161,169,174,173,165,151,133,10:26,155,02:49,41,19:20,174,14:11,144,,,,,,,,,133,中潮相当,4,mid,0,1,0,0,0
20251014,2025,10,14,東京,2975,124.0,L,113,93,75,62,57,61,72,89,107,125,138,147,152,154,154,153,152,153,155,156,157,155,151,144,13:20,154,04:06,57,19:43,157,16:00,152,,,,,,,,,100,小潮相当,3,weak,0,0,1,0,0
20251015,2025,10,15,東京,2950,122.9,,135,122,108,92,78,69,66,72,84,100,118,134,148,157,161,160,156,150,144,139,137,137,140,143,14:22,161,05:47,66,,,20:20,137,,,,,,,,,95,小潮相当,3,weak,0,0,1,0,0
20251016,2025,10,16,東京,2943,122.6,,145,143,137,124,106,88,74,67,69,80,98,119,139,156,166,168,163,152,138,126,117,116,121,131,00:11,145,07:15,67,14:48,168,20:45,116,,,,,,,,,101,小潮相当,3,weak,0,0,1,0,0
20251017,2025,10,17,東京,2953,123.0,,143,153,157,151,136,114,92,74,65,68,81,103,128,151,168,175,171,158,139,119,103,95,98,111,01:54,157,08:16,64,15:09,175,21:12,95,,,,,,,,,111,小潮相当,3,weak,0,0,1,0,0
20251018,2025,10,18,東京,2975,124.0,,131,151,166,170,161,142,116,90,70,63,70,89,116,144,168,180,180,167,145,119,94,79,76,88,02:50,170,09:01,63,15:29,182,21:40,76,,,,,,,,,119,小潮相当,3,weak,0,0,1,0,0
20251019,2025,10,19,東京,3005,125.2,,111,139,164,179,180,166,142,112,85,68,65,79,104,135,164,183,187,177,154,124,93,70,59,65,03:33,182,09:39,64,15:48,188,22:08,59,,,,,,,,,129,中潮相当,4,mid,0,1,0,0,0
20251020,2025,10,20,東京,3038,126.6,,88,119,153,178,190,185,165,136,105,81,69,74,94,125,157,182,192,186,165,133,98,68,48,47,04:11,190,10:13,68,16:08,192,22:35,45,,,,,,,,,147,中潮相当,4,mid,0,1,0,0,0
20251021,2025,10,21,東京,3065,127.7,N,64,96,134,168,190,195,183,159,128,99,79,75,88,115,148,177,194,193,175,145,108,72,45,35,04:47,195,10:45,74,16:28,196,23:02,35,,,,,,,,,161,大潮相当,5,strong,1,0,0,0,0
20251022,2025,10,22,東京,3081,128.4,,44,72,110,150,180,196,194,176,149,120,95,83,87,108,139,170,191,197,184,156,119,81,49,31,05:22,197,11:15,82,16:48,197,23:29,29,,,,,,,,,168,大潮相当,5,strong,1,0,0,0,0
20251023,2025,10,23,東京,3087,128.6,,31,51,86,127,163,188,195,187,166,139,113,95,91,104,130,160,186,197,191,167,133,94,59,34,05:57,195,11:43,91,17:09,197,23:56,26,,,,,,,,,171,大潮相当,5,strong,1,0,0,0,0
20251024,2025,10,24,東京,3079,128.3,,26,37,65,103,142,172,188,189,176,154,129,109,100,105,123,151,177,193,193,176,146,109,72,44,06:32,191,12:11,99,17:31,195,,,,,,,,,,,96,小潮相当,3,weak,0,0,1,0,0
20251025,2025,10,25,東京,3057,127.4,,29,31,50,81,118,151,174,183,178,163,143,123,111,109,120,142,166,185,191,181,157,124,89,58,07:08,183,00:23,27,17:54,191,12:38,108,,,,,,,,,164,大潮相当,5,strong,1,0,0,0,0
20251026,2025,10,26,東京,3026,126.1,,38,32,42,65,96,128,154,170,173,166,152,135,122,117,121,136,155,174,184,181,165,138,106,76,07:47,173,00:52,32,18:18,185,13:04,116,,,,,,,,,153,中潮相当,4,mid,0,1,0,0,0
20251027,2025,10,27,東京,2989,124.5,,53,41,42,56,79,106,132,151,161,162,155,144,133,126,126,133,147,162,173,176,167,147,122,95,08:34,163,01:25,40,18:43,176,13:33,125,,,,,,,,,136,中潮相当,4,mid,0,1,0,0,0
20251028,2025,10,28,東京,2947,122.8,,71,56,49,54,67,87,109,129,144,152,153,149,143,137,133,135,142,151,160,165,162,152,134,113,09:40,154,02:05,49,19:12,165,14:11,133,,,,,,,,,116,小潮相当,3,weak,0,0,1,0,0
20251029,2025,10,29,東京,2915,121.5,,92,75,64,60,64,74,89,107,124,137,146,150,150,147,143,141,141,143,147,150,152,149,141,129,11:23,150,03:00,60,19:52,152,15:34,140,,,,,,,,,92,小潮相当,3,weak,0,0,1,0,0
20251030,2025,10,30,東京,2882,120.1,U,114,98,84,74,68,69,75,87,102,119,134,146,153,156,154,149,144,138,135,134,135,138,139,137,13:02,156,04:26,68,22:03,139,18:51,134,,,,,,,,,88,小潮相当,3,weak,0,0,1,0,0
20251031,2025,10,31,東京,2856,119.0,,132,122,110,96,83,73,69,72,82,98,117,137,152,162,164,160,150,138,126,117,115,118,127,136,13:50,165,06:08,69,,,19:55,115,,,,,,,,,96,小潮相当,3,weak,0,0,1,0,0
20251101,2025,11,1,東京,2849,118.7,,142,143,137,124,107,89,75,67,68,79,99,123,146,164,173,172,161,143,122,104,93,93,104,121,00:36,144,07:24,66,14:21,174,20:31,92,,,,,,,,,108,小潮相当,3,weak,0,0,1,0,0
20251102,2025,11,2,東京,2863,119.3,,140,155,160,154,138,116,93,74,64,66,82,107,136,162,178,183,173,152,125,97,75,66,73,94,01:57,160,08:19,63,14:48,183,21:04,66,,,,,,,,,120,中潮相当,4,mid,0,1,0,0,0
20251103,2025,11,3,東京,2905,121.0,,123,151,171,178,169,149,123,95,74,65,71,92,122,154,179,191,186,166,135,99,66,45,42,59,02:56,178,09:06,65,15:14,191,21:38,41,,,,,,,,,150,中潮相当,4,mid,0,1,0,0,0
20251104,2025,11,4,東京,2964,123.5,,92,130,165,188,193,181,157,126,97,76,71,83,109,142,174,194,197,182,151,110,68,35,18,25,03:47,193,09:49,70,15:41,198,22:14,18,,,,,,,,,180,大潮相当,5,strong,1,0,0,0,0
20251105,2025,11,5,東京,3023,126.0,F,53,95,141,178,200,202,187,159,127,99,82,83,100,130,164,191,204,196,170,130,83,39,9,1,04:36,204,10:30,80,16:09,204,22:51,1,,,,,,,,,203,大潮相当,5,strong,1,0,0,0,0
20251106,2025,11,6,東京,3069,127.9,,17,54,102,150,187,206,204,186,158,128,104,93,99,121,153,183,203,205,188,152,106,58,18,-6,05:25,207,11:09,92,16:37,207,23:30,,,,,,,,,,115,小潮相当,3,weak,0,0,1,0,0
20251107,2025,11,7,東京,3083,128.5,,-6,18,61,111,157,189,203,199,180,154,128,110,106,117,142,171,196,206,199,173,133,87,42,7,06:14,204,11:46,105,17:07,207,,,,,,,,,,,102,小潮相当,3,weak,0,0,1,0,0
20251108,2025,11,8,東京,3061,127.5,,-8,-1,27,71,118,158,185,194,188,171,149,129,118,119,135,158,183,199,201,186,156,116,74,35,07:04,194,00:12,,17:38,202,,,,,,,,,,,209,大潮相当,5,strong,1,0,0,0,0
20251109,2025,11,9,東京,3008,125.3,,8,0,11,41,80,121,155,175,181,175,161,145,131,126,132,147,167,185,193,189,170,141,105,69,07:57,181,00:56,-1,18:10,193,13:00,126,,,,,,,,,194,大潮相当,5,strong,1,0,0,0,0
20251110,2025,11,10,東京,2949,122.9,,39,19,15,28,55,88,121,148,164,168,164,154,143,134,133,140,153,167,178,180,172,155,130,101,08:57,168,01:44,14,18:44,180,13:42,132,,,,,,,,,166,大潮相当,5,strong,1,0,0,0,0
20251111,2025,11,11,東京,2889,120.4,,73,50,35,34,45,67,94,120,141,154,158,156,150,142,137,136,141,149,158,163,162,156,143,125,10:08,158,02:38,33,19:26,163,14:38,136,,,,,,,,,130,中潮相当,4,mid,0,1,0,0,0
20251112,2025,11,12,東京,2848,118.7,L,104,83,65,54,52,60,76,97,118,136,148,154,153,149,143,138,135,135,138,141,144,145,143,137,11:28,154,03:42,51,20:50,145,16:25,135,,,,,,,,,103,小潮相当,3,weak,0,0,1,0,0
20251113,2025,11,13,東京,2829,117.9,,126,113,97,81,70,66,70,82,100,119,136,148,154,155,151,143,135,127,121,120,121,126,132,136,12:36,155,04:59,66,23:44,137,19:00,120,,,,,,,,,89,小潮相当,3,weak,0,0,1,0,0
20251114,2025,11,14,東京,2828,117.8,,137,133,124,110,95,82,76,77,88,104,123,141,153,159,158,151,139,125,112,102,99,103,112,125,13:22,160,06:18,75,,,19:57,99,,,,,,,,,85,小潮相当,3,weak,0,0,1,0,0
20251115,2025,11,15,東京,2846,118.6,,137,143,143,135,121,105,90,81,83,94,111,132,150,162,166,161,148,130,109,91,80,79,89,106,01:28,144,07:23,81,13:56,166,20:34,78,,,,,,,,,88,小潮相当,3,weak,0,0,1,0,0
20251116,2025,11,16,東京,2875,119.8,,126,144,154,154,145,129,110,93,85,88,102,122,144,162,171,170,159,139,114,88,68,60,65,83,02:34,155,08:15,85,14:25,172,21:06,60,,,,,,,,,112,小潮相当,3,weak,0,0,1,0,0
20251117,2025,11,17,東京,2907,121.1,,108,134,155,166,164,152,133,111,94,88,95,112,136,158,173,178,170,150,123,92,64,47,45,59,03:24,167,08:59,88,14:52,178,21:37,44,,,,,,,,,134,中潮相当,4,mid,0,1,0,0,0
20251118,2025,11,18,東京,2941,122.5,,86,117,147,168,176,171,155,132,110,95,93,104,126,151,171,182,179,163,135,101,67,42,31,39,04:07,176,09:39,92,15:18,183,22:06,31,,,,,,,,,152,中潮相当,4,mid,0,1,0,0,0
20251119,2025,11,19,東京,2966,123.6,,62,96,131,161,180,183,173,152,128,107,96,100,117,141,166,182,186,174,148,114,76,44,25,24,04:45,184,10:15,96,15:44,186,22:35,22,,,,,,,,,164,大潮相当,5,strong,1,0,0,0,0
20251120,2025,11,20,東京,2982,124.3,N,40,72,110,146,174,187,185,169,146,122,105,100,110,131,157,178,189,183,162,129,90,54,27,16,05:21,188,10:49,100,16:10,189,23:04,16,,,,,,,,,173,大潮相当,5,strong,1,0,0,0,0
20251121,2025,11,21,東京,2985,124.4,,24,50,86,126,160,182,188,180,161,137,116,105,107,123,147,171,187,189,174,144,107,68,36,17,05:55,188,11:21,104,16:36,190,23:34,14,,,,,,,,,176,大潮相当,5,strong,1,0,0,0,0
20251122,2025,11,22,東京,2970,123.8,,16,32,64,102,140,169,184,184,171,150,129,113,108,116,136,160,181,189,182,159,124,86,50,25,06:29,185,11:52,108,17:04,189,,,,,,,,,,,81,小潮相当,3,weak,0,0,1,0,0
20251123,2025,11,23,東京,2940,122.5,,15,22,45,79,117,150,172,180,175,159,140,122,112,114,127,148,170,184,185,169,141,105,69,40,07:05,180,00:05,15,17:32,186,12:23,111,,,,,,,,,171,大潮相当,5,strong,1,0,0,0,0
20251124,2025,11,24,東京,2902,120.9,,22,20,34,60,94,128,155,170,173,164,149,132,119,115,121,137,157,174,181,174,153,123,89,58,07:43,173,00:38,19,18:01,181,12:55,115,,,,,,,,,162,大潮相当,5,strong,1,0,0,0,0
20251125,2025,11,25,東京,2866,119.4,,36,26,30,47,74,105,134,155,165,165,156,142,129,120,120,129,144,160,171,171,160,138,109,80,08:26,166,01:13,25,18:33,173,13:32,119,,,,,,,,,148,中潮相当,4,mid,0,1,0,0,0
20251126,2025,11,26,東京,2825,117.7,,55,39,34,42,60,86,113,137,153,160,159,150,139,128,122,124,132,144,155,161,158,146,126,102,09:17,161,01:53,34,19:12,161,14:18,122,,,,,,,,,127,中潮相当,4,mid,0,1,0,0,0
20251127,2025,11,27,東京,2790,116.3,,78,58,46,45,54,71,93,117,137,152,158,156,148,138,129,124,124,129,137,144,148,146,137,121,10:15,158,02:39,44,20:12,148,15:28,123,,,,,,,,,114,小潮相当,3,weak,0,0,1,0,0
20251128,2025,11,28,東京,2758,114.9,U,102,83,67,58,57,64,79,98,119,139,152,158,157,149,138,128,120,116,117,122,129,135,137,134,11:15,159,03:37,56,21:57,137,17:19,116,,,,,,,,,103,小潮相当,3,weak,0,0,1,0,0
20251129,2025,11,29,東京,2742,114.3,,124,110,94,80,71,68,73,85,103,123,143,157,162,159,150,136,122,109,100,98,102,113,125,135,12:08,162,04:53,68,23:56,138,18:49,97,,,,,,,,,94,小潮相当,3,weak,0,0,1,0,0
20251130,2025,11,30,東京,2738,114.1,,138,134,123,109,95,83,78,80,90,108,130,150,164,168,162,148,129,108,89,76,73,82,100,121,12:54,168,06:17,77,,,19:43,73,,,,,,,,,95,小潮相当,3,weak,0,0,1,0,0
20251201,2025,12,1,東京,2764,115.2,,139,148,149,140,126,110,95,86,86,97,117,140,160,173,173,163,143,116,87,62,48,49,65,92,01:31,150,07:28,85,13:35,175,20:26,47,,,,,,,,,128,中潮相当,4,mid,0,1,0,0,0
20251202,2025,12,2,東京,2814,117.3,,122,147,162,165,157,141,122,104,93,94,107,128,153,172,181,178,160,132,96,61,34,22,29,54,02:46,166,08:27,92,14:13,182,21:07,22,,,,,,,,,160,大潮相当,5,strong,1,0,0,0,0
20251203,2025,12,3,東京,2882,120.1,,90,127,158,176,180,171,153,130,111,100,103,118,142,166,184,189,179,154,117,74,35,8,1,16,03:47,181,09:18,99,14:52,189,21:49,1,,,,,,,,,188,大潮相当,5,strong,1,0,0,0,0
20251204,2025,12,4,東京,2944,122.7,,49,92,134,168,188,191,179,158,135,115,107,112,130,155,179,193,193,176,143,99,53,14,-9,-10,04:42,191,10:06,107,15:30,195,22:32,-13,,,,,,,,,208,大潮相当,5,strong,1,0,0,0,0
20251205,2025,12,5,東京,2981,124.2,F,11,50,97,142,176,194,194,181,159,135,118,113,122,142,167,189,199,193,169,130,82,36,0,-18,05:32,196,10:52,113,16:10,200,23:17,-19,,,,,,,,,219,大潮相当,5,strong,1,0,0,0,0
20251206,2025,12,6,東京,2981,124.2,,-13,14,56,104,148,180,194,191,176,154,133,119,118,130,152,177,195,200,188,158,116,70,26,-5,06:20,195,11:35,117,16:49,201,,,,,,,,,,,84,小潮相当,3,weak,0,0,1,0,0
20251207,2025,12,7,東京,2944,122.7,,-17,-7,23,66,112,152,179,188,183,167,147,129,119,122,137,159,181,195,195,177,146,105,62,24,07:06,189,00:03,-17,17:28,197,12:18,119,,,,,,,,,214,大潮相当,5,strong,1,0,0,0,0
20251208,2025,12,8,東京,2887,120.3,,-1,-7,6,38,79,121,154,174,180,172,157,139,124,119,125,141,162,180,188,183,164,133,96,60,07:51,180,00:49,-8,18:09,189,13:00,119,,,,,,,,,197,大潮相当,5,strong,1,0,0,0,0
20251209,2025,12,9,東京,2824,117.7,,29,10,8,25,56,93,128,155,169,170,161,146,131,120,118,125,141,158,172,176,168,150,123,92,08:35,171,01:35,7,18:52,176,13:44,117,,,,,,,,,169,大潮相当,5,strong,1,0,0,0,0
20251210,2025,12,10,東京,2767,115.3,,62,38,26,28,46,74,106,134,154,163,161,151,138,125,116,116,123,136,149,157,159,152,137,116,09:18,163,02:20,25,19:42,160,14:34,115,,,,,,,,,138,中潮相当,4,mid,0,1,0,0,0
20251211,2025,12,11,東京,2737,114.0,,92,69,52,45,50,67,91,117,140,154,159,155,144,132,120,112,111,116,125,134,141,143,139,129,10:00,159,03:05,45,20:53,143,15:40,111,,,,,,,,,114,小潮相当,3,weak,0,0,1,0,0
20251212,2025,12,12,東京,2724,113.5,L,114,96,80,68,64,70,85,106,127,145,155,156,151,140,127,116,107,103,104,109,117,124,130,130,10:42,157,03:53,64,22:39,131,17:17,103,,,,,,,,,93,小潮相当,3,weak,0,0,1,0,0
20251213,2025,12,13,東京,2731,113.8,,126,117,105,93,85,82,87,100,117,135,149,156,156,149,137,123,110,98,90,88,92,101,113,122,11:25,157,04:52,82,,,18:50,88,,,,,,,,,75,長潮相当,2,very_weak,0,0,0,1,0
20251214,2025,12,14,東京,2751,114.6,,128,129,125,117,108,100,96,99,110,125,142,154,159,156,148,134,118,100,84,74,71,77,90,107,00:38,129,06:04,96,12:10,159,19:47,71,,,,,,,,,88,小潮相当,3,weak,0,0,1,0,0
20251215,2025,12,15,東京,2781,115.9,,122,133,138,137,130,121,111,105,107,117,132,147,158,161,158,147,130,109,86,67,56,56,67,86,02:19,138,07:15,105,12:58,161,20:30,54,,,,,,,,,107,小潮相当,3,weak,0,0,1,0,0
20251216,2025,12,16,東京,2813,117.2,,108,128,143,150,150,142,129,117,110,112,123,138,153,163,165,158,144,122,95,68,48,39,45,63,03:25,151,08:16,110,13:46,165,21:06,39,,,,,,,,,126,中潮相当,4,mid,0,1,0,0,0
20251217,2025,12,17,東京,2840,118.3,,88,115,139,156,163,160,148,132,118,112,116,128,145,159,168,168,157,137,108,76,48,31,28,40,04:11,163,09:07,111,14:29,169,21:41,27,,,,,,,,,142,中潮相当,4,mid,0,1,0,0,0
20251218,2025,12,18,東京,2861,119.2,,65,96,127,152,169,172,164,148,130,116,112,119,134,152,167,174,170,153,125,90,56,30,18,22,04:49,173,09:51,112,15:09,174,22:15,18,,,,,,,,,156,中潮相当,4,mid,0,1,0,0,0
20251219,2025,12,19,東京,2874,119.8,,42,73,108,141,166,178,176,163,143,124,113,112,123,142,161,175,179,168,143,108,71,38,16,11,05:22,179,10:31,111,15:44,179,22:49,11,,,,,,,,,168,大潮相当,5,strong,1,0,0,0,0
20251220,2025,12,20,東京,2867,119.5,N,23,49,85,122,154,175,181,173,155,134,117,110,114,130,152,171,182,179,160,128,90,52,23,8,05:54,181,11:07,110,16:18,183,23:23,7,,,,,,,,,176,大潮相当,5,strong,1,0,0,0,0
20251221,2025,12,21,東京,2852,118.8,,10,29,61,100,137,165,180,179,165,145,124,111,108,119,139,162,180,185,174,148,111,71,36,13,06:25,181,11:41,108,16:51,185,23:57,5,,,,,,,,,180,大潮相当,5,strong,1,0,0,0,0
20251222,2025,12,22,東京,2824,117.7,,5,15,41,77,116,150,172,179,171,154,133,115,106,110,125,148,170,184,182,164,132,93,56,26,06:57,179,12:15,106,17:24,185,,,,,,,,,,,79,長潮相当,2,very_weak,0,0,0,1,0
20251223,2025,12,23,東京,2789,116.2,,9,9,26,56,94,131,159,174,174,162,143,123,109,105,113,132,155,174,181,173,149,115,78,45,07:30,176,00:31,7,17:58,181,12:50,104,,,,,,,,,174,大潮相当,5,strong,1,0,0,0,0
20251224,2025,12,24,東京,2754,114.8,,21,12,19,41,74,111,143,164,172,167,152,133,115,104,105,117,137,158,171,173,160,134,102,69,08:04,173,01:05,12,18:36,174,13:27,103,,,,,,,,,162,大潮相当,5,strong,1,0,0,0,0
20251225,2025,12,25,東京,2719,113.3,,41,24,21,34,59,92,125,151,167,169,160,143,124,108,101,105,118,136,153,163,161,147,123,94,08:40,170,01:40,20,19:21,163,14:10,101,,,,,,,,,150,中潮相当,4,mid,0,1,0,0,0
20251226,2025,12,26,東京,2682,111.8,,65,44,33,36,53,78,108,136,157,167,165,152,134,116,102,97,102,114,129,143,150,149,136,116,09:18,168,02:17,33,20:19,151,15:01,97,,,,,,,,,135,中潮相当,4,mid,0,1,0,0,0
20251227,2025,12,27,東京,2661,110.9,,92,70,55,49,56,72,96,122,145,161,166,160,145,127,109,96,91,93,103,116,129,138,139,131,09:56,166,02:57,49,21:38,140,16:10,91,,,,,,,,,117,小潮相当,3,weak,0,0,1,0,0
20251228,2025,12,28,東京,2653,110.5,U,116,98,82,72,70,76,91,111,133,152,163,165,156,139,120,102,87,79,79,86,99,115,128,134,10:37,165,03:46,69,23:15,134,17:35,78,,,,,,,,,96,小潮相当,3,weak,0,0,1,0,0
20251229,2025,12,29,東京,2661,110.9,,132,123,112,101,93,90,94,106,122,141,157,165,163,153,135,115,94,75,62,58,65,82,102,121,11:21,166,04:54,90,,,18:51,58,,,,,,,,,108,小潮相当,3,weak,0,0,1,0,0
20251230,2025,12,30,東京,2689,112.0,,134,138,136,130,121,113,108,109,116,130,147,160,167,164,152,133,109,83,58,41,36,46,66,92,01:09,138,06:26,108,12:12,167,19:51,36,,,,,,,,,131,中潮相当,4,mid,0,1,0,0,0
20251231,2025,12,31,東京,2746,114.4,,118,137,149,153,150,141,131,122,119,125,137,151,164,169,166,153,131,102,69,39,20,16,29,55,03:01,153,07:51,119,13:10,169,20:43,15,,,,,,,,,154,中潮相当,4,mid,0,1,0,0,0
20260101,2026,1,1,東京,2808,117.0,,87,119,145,162,169,166,154,140,128,123,128,140,155,168,175,172,157,130,94,55,22,2,0,17,04:08,169,09:01,123,14:15,176,21:35,-2,,,,,,,,,178,大潮相当,5,strong,1,0,0,0,0
20260102,2026,1,2,東京,2856,119.0,,48,86,124,155,175,182,176,160,142,128,122,127,140,158,174,182,179,160,126,84,42,7,-11,-10,04:58,182,10:02,122,15:14,183,22:25,-13,,,,,,,,,196,大潮相当,5,strong,1,0,0,0,0
20260103,2026,1,3,東京,2879,120.0,F,11,47,90,133,166,185,188,177,157,137,122,118,125,142,163,182,190,183,159,120,74,31,-3,-18,05:40,188,10:53,118,16:05,190,23:14,-19,,,,,,,,,209,大潮相当,5,strong,1,0,0,0,0
20260104,2026,1,4,東京,2870,119.6,,-12,14,55,101,144,175,189,186,170,148,127,113,111,123,145,169,189,195,183,153,111,65,23,-7,06:17,190,11:37,111,16:51,195,23:59,-17,,,,,,,,,212,大潮相当,5,strong,1,0,0,0,0
20260105,2026,1,5,東京,2829,117.9,,-17,-6,26,70,117,156,181,187,178,158,134,114,103,106,123,149,174,191,192,175,142,100,57,19,06:52,187,12:17,103,17:34,194,,,,,,,,,,,91,小潮相当,3,weak,0,0,1,0,0
20260106,2026,1,6,東京,2777,115.7,,-4,-8,10,46,91,134,166,182,180,165,142,119,101,95,104,125,152,175,187,182,162,129,90,52,07:23,183,00:40,-9,18:15,187,12:55,95,,,,,,,,,196,大潮相当,5,strong,1,0,0,0,0
20260107,2026,1,7,東京,2722,113.4,,21,6,10,34,72,114,150,172,178,169,150,126,104,91,90,103,126,151,169,176,167,146,115,82,07:52,178,01:17,5,18:56,176,13:33,89,,,,,,,,,173,大潮相当,5,strong,1,0,0,0,0
20260108,2026,1,8,東京,2683,111.8,,51,29,23,35,63,99,135,161,173,171,156,134,111,93,84,88,104,125,145,158,160,150,130,105,08:19,174,01:50,23,19:40,161,14:11,84,,,,,,,,,151,中潮相当,4,mid,0,1,0,0,0
20260109,2026,1,9,東京,2666,111.1,,78,56,44,46,64,92,123,150,167,171,161,143,121,100,86,82,88,102,119,134,143,143,134,119,08:45,171,02:21,43,20:31,144,14:55,82,,,,,,,,,128,中潮相当,4,mid,0,1,0,0,0
20260110,2026,1,10,東京,2664,111.0,,99,81,68,64,72,91,116,141,159,168,164,151,131,111,94,83,80,85,96,109,121,128,129,123,09:12,168,02:50,64,21:38,130,15:50,80,,,,,,,,,104,小潮相当,3,weak,0,0,1,0,0
20260111,2026,1,11,東京,2672,111.3,L,113,101,91,85,86,96,112,132,150,162,164,156,141,123,105,91,81,77,79,86,97,108,116,120,09:42,165,03:20,84,23:17,120,17:11,77,,,,,,,,,88,小潮相当,3,weak,0,0,1,0,0
20260112,2026,1,12,東京,2688,112.0,,119,115,110,106,104,106,113,126,140,153,160,159,149,135,119,104,89,77,70,69,74,85,97,109,10:19,161,04:03,104,,,18:41,68,,,,,,,,,93,小潮相当,3,weak,0,0,1,0,0
20260113,2026,1,13,東京,2709,112.9,,117,122,124,124,123,120,120,123,132,142,152,156,154,146,134,119,103,85,70,59,56,62,75,91,02:31,125,05:42,119,11:09,156,19:47,56,,,,,,,,,100,小潮相当,3,weak,0,0,1,0,0
20260114,2026,1,14,東京,2729,113.7,,107,121,132,138,140,136,130,126,126,132,141,149,153,152,146,136,120,99,77,57,45,44,53,69,03:46,140,07:28,125,12:21,153,20:38,43,,,,,,,,,110,小潮相当,3,weak,0,0,1,0,0
20260115,2026,1,15,東京,2745,114.4,,90,111,131,145,153,151,143,133,125,124,129,138,148,154,156,151,138,118,91,64,42,31,33,46,04:21,153,08:42,123,13:48,156,21:22,30,,,,,,,,,126,中潮相当,4,mid,0,1,0,0,0
20260116,2026,1,16,東京,2763,115.1,,68,95,122,145,160,163,156,143,129,120,119,126,138,151,161,164,157,138,110,78,48,27,19,26,04:49,163,09:36,118,14:49,164,22:02,19,,,,,,,,,145,中潮相当,4,mid,0,1,0,0,0
20260117,2026,1,17,東京,2768,115.3,,45,74,106,137,160,170,167,154,136,120,112,114,125,142,159,171,172,159,132,97,61,31,13,11,05:16,171,10:19,111,15:34,173,22:40,10,,,,,,,,,163,大潮相当,5,strong,1,0,0,0,0
20260118,2026,1,18,東京,2764,115.2,,24,50,86,122,153,171,174,164,145,124,109,104,111,128,151,171,181,176,155,120,81,44,16,4,05:42,175,10:55,104,16:12,181,23:15,3,,,,,,,,,178,大潮相当,5,strong,1,0,0,0,0
20260119,2026,1,19,東京,2751,114.6,N,8,29,63,103,141,167,178,172,154,131,110,98,98,112,136,162,182,187,174,144,105,63,28,6,06:08,178,11:29,96,16:47,187,23:48,0,,,,,,,,,187,大潮相当,5,strong,1,0,0,0,0
20260120,2026,1,20,東京,2732,113.8,,0,13,43,83,125,158,177,178,164,141,116,96,88,95,116,145,172,188,186,165,129,88,48,18,06:33,179,12:02,88,17:23,189,,,,,,,,,,,101,小潮相当,3,weak,0,0,1,0,0
20260121,2026,1,21,東京,2704,112.7,,2,5,28,64,107,145,171,180,172,151,124,99,83,82,96,123,154,178,187,178,151,113,73,38,06:59,180,00:20,1,17:59,187,12:36,80,,,,,,,,,186,大潮相当,5,strong,1,0,0,0,0
20260122,2026,1,22,東京,2677,111.5,,14,8,21,50,90,130,162,178,177,160,135,107,84,73,79,100,129,158,177,180,165,136,100,64,07:25,180,00:51,8,18:39,181,13:10,73,,,,,,,,,173,大潮相当,5,strong,1,0,0,0,0
20260123,2026,1,23,東京,2649,110.4,,35,21,24,44,78,116,150,172,178,168,145,117,90,72,68,79,103,131,156,169,168,151,123,91,07:51,178,01:21,20,19:23,171,13:46,67,,,,,,,,,158,中潮相当,4,mid,0,1,0,0,0
20260124,2026,1,24,東京,2625,109.4,,62,42,37,48,73,105,138,163,175,172,155,129,101,77,64,65,79,102,127,147,157,154,138,115,08:17,176,01:50,37,20:15,157,14:27,63,,,,,,,,,139,中潮相当,4,mid,0,1,0,0,0
20260125,2026,1,25,東京,2609,108.7,,90,69,59,61,76,100,128,153,169,172,162,141,114,88,69,60,63,76,95,117,134,143,141,129,08:44,173,02:20,58,21:20,143,15:17,60,,,,,,,,,115,小潮相当,3,weak,0,0,1,0,0
20260126,2026,1,26,東京,2607,108.6,U,113,96,85,82,88,103,123,144,161,169,165,151,129,105,82,66,57,58,67,83,102,118,129,131,09:13,169,02:50,82,22:46,131,16:26,57,,,,,,,,,112,小潮相当,3,weak,0,0,1,0,0
20260127,2026,1,27,東京,2619,109.1,,126,118,111,107,107,113,123,137,151,161,164,157,143,123,102,82,65,54,49,54,67,85,103,117,09:49,164,03:25,106,,,17:59,49,,,,,,,,,115,小潮相当,3,weak,0,0,1,0,0
20260128,2026,1,28,東京,2655,110.6,,126,130,131,130,129,129,130,135,142,151,157,158,152,141,126,107,86,64,47,37,38,50,69,90,01:56,131,04:55,129,10:40,158,19:24,36,,,,,,,,,122,中潮相当,4,mid,0,1,0,0,0
20260129,2026,1,29,東京,2697,112.4,,111,128,140,148,150,147,142,137,136,139,145,151,154,154,147,135,115,89,61,37,22,21,33,55,03:55,150,07:46,136,12:21,155,20:34,20,,,,,,,,,135,中潮相当,4,mid,0,1,0,0,0
20260130,2026,1,30,東京,2744,114.3,,83,111,136,155,164,164,157,145,135,130,131,137,147,156,162,159,146,122,89,54,24,8,7,22,04:30,165,09:18,129,14:17,162,21:33,5,,,,,,,,,160,大潮相当,5,strong,1,0,0,0,0
20260131,2026,1,31,東京,2777,115.7,,49,83,119,149,170,176,171,156,139,124,118,120,131,147,164,174,173,155,124,84,44,13,-4,-2,05:00,176,10:13,117,15:23,175,22:24,-6,,,,,,,,,182,大潮相当,5,strong,1,0,0,0,0
20260201,2026,2,1,東京,2790,116.3,,18,51,93,133,165,181,181,167,146,125,109,104,111,129,153,175,187,181,158,120,76,34,3,-10,05:29,183,10:55,104,16:13,187,23:09,-11,,,,,,,,,198,大潮相当,5,strong,1,0,0,0,0
20260202,2026,2,2,東京,2777,115.7,F,-3,24,65,111,152,178,186,176,155,129,106,92,91,107,133,163,186,194,182,152,110,65,25,-2,05:55,186,11:31,90,16:55,194,23:48,-9,,,,,,,,,203,大潮相当,5,strong,1,0,0,0,0
20260203,2026,2,3,東京,2747,114.5,,-8,7,42,88,134,168,185,182,164,137,109,86,77,85,108,140,172,191,193,174,140,98,55,20,06:20,186,12:04,77,17:34,194,,,,,,,,,,,117,小潮相当,3,weak,0,0,1,0,0
20260204,2026,2,4,東京,2709,112.9,,1,4,29,70,116,156,180,184,171,146,116,88,70,68,84,114,148,176,189,183,159,124,85,48,06:43,185,00:22,0,18:11,189,12:36,67,,,,,,,,,189,大潮相当,5,strong,1,0,0,0,0
20260205,2026,2,5,東京,2674,111.4,,22,14,27,60,102,143,172,183,176,154,124,94,70,60,67,89,121,152,173,178,167,142,109,75,07:05,183,00:53,14,18:48,178,13:07,60,,,,,,,,,169,大潮相当,5,strong,1,0,0,0,0
20260206,2026,2,6,東京,2654,110.6,,47,32,35,58,93,132,163,180,179,162,134,104,77,60,57,71,96,126,150,164,163,149,125,97,07:25,182,01:20,31,19:27,165,13:39,56,,,,,,,,,151,中潮相当,4,mid,0,1,0,0,0
20260207,2026,2,7,東京,2640,110.0,,71,54,50,63,90,123,154,174,178,167,144,115,87,66,57,61,77,101,125,143,150,146,132,112,07:46,179,01:44,50,20:09,150,14:11,56,,,,,,,,,129,中潮相当,4,mid,0,1,0,0,0
20260208,2026,2,8,東京,2638,109.9,,92,76,69,74,92,118,145,165,174,169,152,126,100,77,63,60,67,82,101,119,131,135,131,120,08:08,175,02:05,69,20:58,135,14:49,60,,,,,,,,,115,小潮相当,3,weak,0,0,1,0,0
20260209,2026,2,9,東京,2641,110.0,L,107,95,89,89,99,116,136,155,167,167,156,136,113,92,76,66,65,71,82,95,109,118,122,120,08:32,168,02:25,88,22:09,122,15:42,65,,,,,,,,,103,小潮相当,3,weak,0,0,1,0,0
20260210,2026,2,10,東京,2644,110.2,,115,110,106,106,110,118,131,145,156,160,156,143,126,107,91,79,71,68,69,76,86,97,106,112,09:01,160,02:36,106,,,17:12,68,,,,,,,,,92,小潮相当,3,weak,0,0,1,0,0
20260211,2026,2,11,東京,2656,110.7,,116,118,120,122,123,126,130,136,144,150,151,145,135,122,109,97,85,74,66,63,66,74,86,98,09:38,151,18:59,63,,,,,,,,,,,,,88,小潮相当,3,weak,0,0,1,0,0
20260212,2026,2,12,東京,2664,111.0,,109,120,129,135,137,136,133,132,134,138,141,142,140,134,127,116,103,86,70,57,51,53,63,78,04:06,137,06:57,132,10:49,142,20:13,51,,,,,,,,,91,小潮相当,3,weak,0,0,1,0,0
20260213,2026,2,13,東京,2673,111.4,,95,113,130,143,149,147,141,132,127,126,129,134,139,142,142,136,124,105,82,60,44,37,41,55,04:17,149,08:43,125,13:26,143,21:06,37,,,,,,,,,112,小潮相当,3,weak,0,0,1,0,0
20260214,2026,2,14,東京,2680,111.7,,76,100,125,145,157,158,150,137,124,116,115,121,132,143,152,154,146,127,100,71,45,29,24,33,04:36,159,09:36,115,14:43,154,21:50,24,,,,,,,,,135,中潮相当,4,mid,0,1,0,0,0
20260215,2026,2,15,東京,2692,112.2,,53,82,114,142,161,167,160,144,126,110,103,106,119,137,155,166,166,151,124,90,56,29,15,16,04:56,167,10:12,103,15:29,168,22:27,13,,,,,,,,,155,中潮相当,4,mid,0,1,0,0,0
20260216,2026,2,16,東京,2696,112.3,,32,61,97,133,160,173,170,154,131,109,94,90,101,122,148,170,180,173,149,114,75,39,15,6,05:17,174,10:44,90,16:07,180,23:01,6,,,,,,,,,174,大潮相当,5,strong,1,0,0,0,0
20260217,2026,2,17,東京,2697,112.4,N,15,41,79,120,155,175,178,164,140,112,89,77,81,101,131,162,184,188,173,141,100,59,26,6,05:38,179,11:15,77,16:43,189,23:32,3,,,,,,,,,186,大潮相当,5,strong,1,0,0,0,0
20260218,2026,2,18,東京,2689,112.0,,6,25,60,104,145,173,183,174,150,119,89,69,64,77,107,144,175,192,189,165,128,86,47,18,06:00,183,11:46,63,17:20,194,,,,,,,,,,,131,中潮相当,4,mid,0,1,0,0,0
20260219,2026,2,19,東京,2675,111.5,,7,17,46,88,132,167,184,181,161,130,96,67,52,56,80,116,155,183,193,182,153,115,74,40,06:22,185,00:03,7,17:58,193,12:18,51,,,,,,,,,186,大潮相当,5,strong,1,0,0,0,0
20260220,2026,2,20,東京,2654,110.6,,20,20,40,76,118,157,181,185,171,142,106,72,48,41,55,86,125,161,183,186,170,140,103,68,06:44,186,00:32,17,18:39,187,12:50,41,,,,,,,,,170,大潮相当,5,strong,1,0,0,0,0
20260221,2026,2,21,東京,2629,109.5,,43,33,43,70,108,146,174,185,177,153,119,83,53,36,38,59,93,130,160,175,173,155,127,96,07:05,185,01:00,33,19:23,176,13:24,35,,,,,,,,,152,中潮相当,4,mid,0,1,0,0,0
20260222,2026,2,22,東京,2606,108.6,,70,55,56,73,102,136,164,180,179,162,133,98,65,42,33,41,65,96,128,151,161,157,141,118,07:27,182,01:27,53,20:12,162,14:01,33,,,,,,,,,149,中潮相当,4,mid,0,1,0,0,0
20260223,2026,2,23,東京,2597,108.2,,96,80,76,84,104,130,155,172,177,167,145,115,83,57,40,37,47,68,94,118,137,144,141,130,07:50,177,01:53,75,21:12,145,14:45,36,,,,,,,,,141,中潮相当,4,mid,0,1,0,0,0
20260224,2026,2,24,東京,2596,108.2,U,116,104,98,100,111,128,147,163,170,167,153,130,104,79,58,46,43,50,65,84,104,119,128,129,08:13,170,02:15,98,22:43,129,15:47,43,,,,,,,,,127,中潮相当,4,mid,0,1,0,0,0
20260225,2026,2,25,東京,2615,109.0,,126,122,119,119,124,132,142,153,160,161,154,141,123,103,84,68,55,48,48,57,71,87,103,115,08:39,161,02:24,119,,,17:26,47,,,,,,,,,114,小潮相当,3,weak,0,0,1,0,0
20260226,2026,2,26,東京,2640,110.0,,124,130,134,137,138,140,141,144,147,149,148,144,136,126,113,98,80,62,48,41,44,55,71,90,09:17,149,19:14,41,,,,,,,,,,,,,108,小潮相当,3,weak,0,0,1,0,0
20260227,2026,2,27,東京,2671,111.3,,109,127,140,149,152,150,145,139,135,134,135,138,140,141,138,129,112,89,64,43,30,30,41,61,04:02,152,08:54,134,12:52,141,20:32,29,,,,,,,,,123,中潮相当,4,mid,0,1,0,0,0
20260228,2026,2,28,東京,2703,112.6,,86,113,138,155,164,162,152,138,126,118,117,122,133,145,154,156,145,123,92,60,33,19,19,33,04:17,164,09:40,117,14:38,156,21:30,17,,,,,,,,,147,中潮相当,4,mid,0,1,0,0,0
20260301,2026,3,1,東京,2726,113.6,,60,93,127,154,170,172,161,143,122,106,98,102,115,136,157,171,171,156,126,88,51,23,10,14,04:37,173,10:12,98,15:32,173,22:15,9,,,,,,,,,164,大潮相当,5,strong,1,0,0,0,0
20260302,2026,3,2,東京,2733,113.9,,36,70,110,146,171,179,171,150,124,100,84,80,92,116,146,172,185,180,157,121,79,42,15,7,04:58,179,10:43,80,16:15,186,22:54,,,,,,,,,,106,小潮相当,3,weak,0,0,1,0,0
20260303,2026,3,3,東京,2733,113.9,F,20,50,92,134,166,182,179,160,131,101,76,64,69,91,125,159,185,193,180,150,110,68,34,14,05:19,183,11:13,63,16:53,193,23:28,11,,,,,,,,,182,大潮相当,5,strong,1,0,0,0,0
20260304,2026,3,4,東京,2715,113.1,,15,37,75,120,158,181,184,169,141,107,75,54,50,66,98,137,171,191,191,171,137,97,59,31,05:39,186,11:42,49,17:29,194,23:58,21,,,,,,,,,173,大潮相当,5,strong,1,0,0,0,0
20260305,2026,3,5,東京,2698,112.4,,21,33,64,107,148,177,187,177,151,116,81,53,40,47,72,110,149,178,189,181,156,122,85,54,05:59,187,12:11,40,18:04,189,,,,,,,,,,,149,中潮相当,4,mid,0,1,0,0,0
20260306,2026,3,6,東京,2681,111.7,,36,38,60,97,138,170,186,182,160,127,91,59,38,35,52,84,123,157,177,180,166,140,108,77,06:17,187,00:25,34,18:39,181,12:39,34,,,,,,,,,153,中潮相当,4,mid,0,1,0,0,0
20260307,2026,3,7,東京,2667,111.1,,56,50,62,91,128,162,182,184,168,138,103,69,44,33,40,64,98,132,157,169,166,149,124,98,06:36,185,00:50,49,19:15,170,13:06,33,,,,,,,,,152,中潮相当,4,mid,0,1,0,0,0
20260308,2026,3,8,東京,2654,110.6,,76,66,70,90,121,152,174,182,172,148,116,82,55,38,37,51,77,107,134,152,157,150,134,113,06:56,182,01:13,65,19:53,157,13:35,36,,,,,,,,,146,中潮相当,4,mid,0,1,0,0,0
20260309,2026,3,9,東京,2646,110.3,,95,83,82,94,116,142,164,176,172,155,127,97,69,50,43,48,64,87,111,130,141,142,135,123,07:17,176,01:35,81,20:37,143,14:06,42,,,,,,,,,134,中潮相当,4,mid,0,1,0,0,0
20260310,2026,3,10,東京,2636,109.8,,109,99,96,102,115,134,153,166,167,157,136,111,86,66,55,52,59,73,90,107,121,128,129,125,07:39,168,01:54,96,21:37,129,14:44,52,,,,,,,,,116,小潮相当,3,weak,0,0,1,0,0
20260311,2026,3,11,東京,2627,109.5,L,118,113,110,112,119,130,143,154,158,154,141,122,102,84,71,64,62,66,75,86,98,109,116,120,08:03,158,02:07,110,,,15:47,62,,,,,,,,,96,小潮相当,3,weak,0,0,1,0,0
20260312,2026,3,12,東京,2628,109.5,,121,122,123,124,127,130,136,142,146,146,141,130,117,103,91,81,73,68,67,70,77,87,98,108,08:31,147,17:51,67,,,,,,,,,,,,,80,小潮相当,3,weak,0,0,1,0,0
20260313,2026,3,13,東京,2628,109.5,,117,126,132,136,137,135,133,132,133,134,134,132,127,120,112,102,90,78,67,60,59,65,76,91,03:46,137,06:58,132,09:26,134,19:35,59,,,,,,,,,78,長潮相当,2,very_weak,0,0,0,1,0
20260314,2026,3,14,東京,2635,109.8,,107,123,137,145,147,143,135,127,122,120,122,126,131,133,132,125,112,94,75,58,48,47,55,71,03:47,147,08:50,120,13:14,133,20:38,46,,,,,,,,,101,小潮相当,3,weak,0,0,1,0,0
20260315,2026,3,15,東京,2651,110.5,,92,116,137,152,157,153,141,126,113,106,107,114,126,139,147,147,137,117,92,66,45,35,36,50,04:01,157,09:25,105,14:31,148,21:23,34,,,,,,,,,123,中潮相当,4,mid,0,1,0,0,0
20260316,2026,3,16,東京,2669,111.2,,74,103,132,155,166,163,149,129,108,93,89,96,113,134,154,164,161,144,116,84,54,32,24,32,04:19,166,09:54,89,15:17,165,22:01,24,,,,,,,,,142,中潮相当,4,mid,0,1,0,0,0
20260317,2026,3,17,東京,2688,112.0,,54,87,123,153,171,173,160,136,108,85,72,74,91,119,149,172,180,170,144,109,72,42,23,21,04:37,174,10:22,71,15:57,180,22:35,20,,,,,,,,,160,大潮相当,5,strong,1,0,0,0,0
20260318,2026,3,18,東京,2702,112.6,,38,70,109,147,173,181,171,146,114,82,59,52,65,94,131,166,187,189,172,139,100,62,34,21,04:57,181,10:52,52,16:36,191,23:08,21,,,,,,,,,170,大潮相当,5,strong,1,0,0,0,0
20260319,2026,3,19,東京,2705,112.7,N,29,55,95,136,169,185,181,159,124,86,54,36,39,63,102,146,180,197,191,167,131,91,56,33,05:17,186,11:23,35,17:15,197,23:40,29,,,,,,,,,168,大潮相当,5,strong,1,0,0,0,0
20260320,2026,3,20,東京,2698,112.4,,30,48,82,124,162,185,188,171,138,97,58,30,20,34,69,114,158,188,197,186,158,121,84,56,05:38,190,11:54,20,17:56,197,,,,,,,,,,,177,大潮相当,5,strong,1,0,0,0,0
20260321,2026,3,21,東京,2678,111.6,,42,49,75,113,152,180,191,180,152,112,70,34,13,14,38,79,124,164,187,190,175,147,114,83,06:00,191,00:10,42,18:39,191,12:27,11,,,,,,,,,180,大潮相当,5,strong,1,0,0,0,0
20260322,2026,3,22,東京,2655,110.6,,64,60,76,106,141,172,188,185,164,129,88,48,19,8,18,47,88,130,162,178,177,161,136,110,06:22,189,00:40,59,19:25,179,13:02,8,,,,,,,,,181,大潮相当,5,strong,1,0,0,0,0
20260323,2026,3,23,東京,2633,109.7,,89,79,85,105,134,162,181,184,171,144,107,69,37,16,13,28,57,94,127,152,163,160,147,129,06:44,185,01:09,79,20:16,164,13:41,12,,,,,,,,,173,大潮相当,5,strong,1,0,0,0,0
20260324,2026,3,24,東京,2625,109.4,,111,100,99,110,130,152,170,178,173,154,126,93,62,37,24,25,40,64,93,119,137,146,145,137,07:06,178,01:35,98,21:22,146,14:26,23,,,,,,,,,155,中潮相当,4,mid,0,1,0,0,0
20260325,2026,3,25,東京,2627,109.5,,127,119,116,120,130,145,159,167,167,157,138,114,89,66,48,38,38,48,65,86,105,121,130,134,07:29,168,01:59,116,23:24,134,15:30,37,,,,,,,,,131,中潮相当,4,mid,0,1,0,0,0
20260326,2026,3,26,東京,2642,110.1,U,134,132,131,131,135,141,147,153,154,151,142,129,113,96,80,65,53,48,51,61,75,92,107,121,07:51,154,02:15,131,,,17:10,48,,,,,,,,,106,小潮相当,3,weak,0,0,1,0,0
20260327,2026,3,27,東京,2661,110.9,,131,138,142,143,142,140,139,138,138,137,136,133,129,122,112,97,81,64,52,48,52,64,82,101,03:02,143,19:00,48,,,,,,,,,,,,,95,小潮相当,3,weak,0,0,1,0,0
20260328,2026,3,28,東京,2684,111.8,,120,136,148,153,151,145,135,126,120,118,120,126,133,138,138,130,113,91,69,51,42,44,58,79,03:15,153,08:57,118,13:29,139,20:16,41,,,,,,,,,112,小潮相当,3,weak,0,0,1,0,0
20260329,2026,3,29,東京,2707,112.8,,104,129,149,160,161,152,137,120,105,98,99,109,124,141,153,155,145,123,95,67,45,36,41,59,03:34,162,09:22,97,14:41,156,21:09,36,,,,,,,,,126,中潮相当,4,mid,0,1,0,0,0
20260330,2026,3,30,東京,2726,113.6,,87,118,145,164,169,161,143,120,97,81,77,85,105,131,155,169,169,153,125,92,61,40,34,45,03:54,169,09:50,76,15:29,171,21:51,33,,,,,,,,,138,中潮相当,4,mid,0,1,0,0,0
20260331,2026,3,31,東京,2740,114.2,,70,104,138,164,175,171,153,125,96,71,58,61,81,111,144,170,182,176,153,121,85,55,38,38,04:14,176,10:19,57,16:09,182,22:27,36,,,,,,,,,146,中潮相当,4,mid,0,1,0,0,0
20260401,2026,4,1,東京,2745,114.4,,58,90,127,160,178,179,163,135,101,69,47,41,55,85,123,159,183,188,175,147,112,77,51,42,04:33,181,10:47,41,16:47,189,22:59,42,,,,,,,,,148,中潮相当,4,mid,0,1,0,0,0
20260402,2026,4,2,東京,2747,114.5,F,52,79,116,152,177,185,173,147,111,74,44,29,35,59,98,139,172,189,187,167,136,102,71,53,04:53,185,11:15,29,17:23,190,23:29,51,,,,,,,,,161,大潮相当,5,strong,1,0,0,0,0
20260403,2026,4,3,東京,2743,114.3,,53,73,106,143,173,187,181,158,123,84,49,26,22,38,72,114,153,179,188,179,155,124,93,70,05:13,187,11:43,21,17:58,188,23:58,61,,,,,,,,,167,大潮相当,5,strong,1,0,0,0,0
20260404,2026,4,4,東京,2732,113.8,,61,72,98,133,165,185,185,168,136,97,60,31,18,24,50,88,129,162,180,181,166,141,113,89,05:33,187,12:10,17,18:33,182,,,,,,,,,,,170,大潮相当,5,strong,1,0,0,0,0
20260405,2026,4,5,東京,2717,113.2,,74,76,94,124,156,178,186,174,147,111,73,42,22,20,36,67,104,139,164,174,169,152,129,106,05:53,186,00:24,73,19:08,174,12:38,18,,,,,,,,,168,大潮相当,5,strong,1,0,0,0,0
20260406,2026,4,6,東京,2701,112.5,,89,85,94,117,145,169,181,177,156,125,89,57,33,24,30,52,83,116,143,159,163,155,139,120,06:15,182,00:50,84,19:46,163,13:06,24,,,,,,,,,158,中潮相当,4,mid,0,1,0,0,0
20260407,2026,4,7,東京,2681,111.7,,104,96,99,113,135,158,172,174,161,136,105,74,49,35,33,45,67,94,120,140,150,150,142,129,06:37,175,01:15,95,20:29,151,13:36,32,,,,,,,,,143,中潮相当,4,mid,0,1,0,0,0
20260408,2026,4,8,東京,2669,111.2,,117,108,106,114,129,146,161,167,161,144,119,92,68,51,43,46,59,78,99,118,132,139,139,133,07:01,167,01:40,106,21:26,139,14:12,43,,,,,,,,,124,中潮相当,4,mid,0,1,0,0,0
20260409,2026,4,9,東京,2652,110.5,,126,119,116,118,126,137,148,155,155,146,129,108,87,70,59,55,58,67,81,97,111,123,129,132,07:27,156,02:07,116,23:12,132,15:04,55,,,,,,,,,101,小潮相当,3,weak,0,0,1,0,0
20260410,2026,4,10,東京,2644,110.2,L,131,129,127,126,128,131,137,142,144,141,133,120,105,91,79,70,65,65,69,78,90,103,115,125,07:58,144,02:53,126,,,16:35,64,,,,,,,,,80,小潮相当,3,weak,0,0,1,0,0
20260411,2026,4,11,東京,2643,110.1,,132,136,137,136,133,130,129,128,130,130,130,126,120,112,102,90,79,70,65,65,71,82,97,113,01:57,137,06:34,128,09:11,131,18:30,64,,,,,,,,,73,長潮相当,2,very_weak,0,0,0,1,0
20260412,2026,4,12,東京,2656,110.7,,128,139,145,146,141,133,124,117,113,115,119,125,129,129,125,115,101,85,70,60,57,64,78,98,02:37,146,08:15,113,12:37,130,19:47,57,,,,,,,,,89,小潮相当,3,weak,0,0,1,0,0
20260413,2026,4,13,東京,2677,111.5,,119,138,151,156,152,140,124,109,98,95,101,113,128,139,144,140,127,107,85,65,53,51,61,81,03:00,156,08:49,95,14:04,144,20:39,50,,,,,,,,,106,小潮相当,3,weak,0,0,1,0,0
20260414,2026,4,14,東京,2708,112.8,,107,133,154,165,163,150,129,105,85,75,77,92,115,138,156,162,155,136,109,82,59,47,49,65,03:22,165,09:19,74,14:57,162,21:22,46,,,,,,,,,119,小潮相当,3,weak,0,0,1,0,0
20260415,2026,4,15,東京,2737,114.0,,92,124,152,170,173,162,138,108,79,58,52,64,90,123,154,174,178,165,140,108,77,55,46,55,03:43,174,09:50,52,15:43,179,22:01,46,,,,,,,,,133,中潮相当,4,mid,0,1,0,0,0
20260416,2026,4,16,東京,2761,115.0,,78,111,146,171,182,174,151,117,80,48,32,35,58,95,137,171,189,188,170,140,105,75,55,53,04:05,182,10:21,30,16:27,191,22:38,52,,,,,,,,,161,大潮相当,5,strong,1,0,0,0,0
20260417,2026,4,17,東京,2767,115.3,N,69,99,135,167,186,185,166,131,89,49,21,11,25,59,105,150,184,198,192,169,137,103,75,62,04:29,188,10:55,11,17:11,199,23:14,62,,,,,,,,,188,大潮相当,5,strong,1,0,0,0,0
20260418,2026,4,18,東京,2761,115.0,,67,90,124,159,184,192,179,149,107,61,23,0,0,25,67,116,161,190,199,189,164,132,102,81,04:53,192,11:30,-3,17:56,199,23:49,75,,,,,,,,,202,大潮相当,5,strong,1,0,0,0,0
20260419,2026,4,19,東京,2743,114.3,,75,88,115,148,177,193,189,166,128,82,38,5,-9,0,32,77,125,165,188,192,180,156,129,104,05:19,194,12:07,,18:43,193,,,,,,,,,,,202,大潮相当,5,strong,1,0,0,0,0
20260420,2026,4,20,東京,2719,113.3,,91,93,110,138,167,187,191,178,147,107,63,25,-1,-7,9,43,86,129,162,179,180,168,148,126,05:45,192,00:23,90,19:33,181,12:46,-8,,,,,,,,,200,大潮相当,5,strong,1,0,0,0,0
20260421,2026,4,21,東京,2705,112.7,,110,104,112,131,155,176,186,182,162,130,92,54,22,5,5,23,55,92,127,153,165,166,156,142,06:13,187,00:57,104,20:30,167,13:30,2,,,,,,,,,185,大潮相当,5,strong,1,0,0,0,0
20260422,2026,4,22,東京,2693,112.2,,127,118,118,127,144,162,174,177,167,146,117,85,54,31,19,21,37,63,93,120,141,151,153,148,06:42,177,01:32,117,21:41,153,14:21,18,,,,,,,,,159,中潮相当,4,mid,0,1,0,0,0
20260423,2026,4,23,東京,2698,112.4,,139,131,127,128,136,148,158,164,161,151,134,111,87,65,46,37,37,49,68,91,113,130,141,146,07:15,164,02:15,127,23:20,146,15:25,36,,,,,,,,,128,中潮相当,4,mid,0,1,0,0,0
20260424,2026,4,24,東京,2709,112.9,U,145,141,136,133,133,136,141,145,147,145,139,128,114,98,80,64,54,50,56,69,87,107,124,137,08:01,147,03:32,133,,,16:51,50,,,,,,,,,97,小潮相当,3,weak,0,0,1,0,0
20260425,2026,4,25,東京,2725,113.5,,145,147,145,140,134,129,126,125,126,129,131,133,131,124,112,97,80,66,59,60,69,86,106,125,01:01,147,06:54,125,10:57,133,18:23,58,,,,,,,,,89,小潮相当,3,weak,0,0,1,0,0
20260426,2026,4,26,東京,2739,114.1,,140,150,153,149,140,128,116,108,104,106,114,124,134,139,137,128,111,91,73,62,61,71,89,111,01:55,153,08:06,104,13:17,140,19:35,61,,,,,,,,,92,小潮相当,3,weak,0,0,1,0,0
20260427,2026,4,27,東京,2763,115.1,,133,150,159,158,149,133,114,97,85,83,90,106,125,142,152,151,140,120,97,76,64,64,77,98,02:27,160,08:44,82,14:27,153,20:29,62,,,,,,,,,98,小潮相当,3,weak,0,0,1,0,0
20260428,2026,4,28,東京,2782,115.9,,123,146,162,167,160,142,119,93,73,63,66,82,106,133,154,165,162,147,123,97,76,66,70,87,02:54,167,09:16,62,15:18,165,21:13,65,,,,,,,,,105,小潮相当,3,weak,0,0,1,0,0
20260429,2026,4,29,東京,2800,116.7,,113,140,162,173,170,154,128,98,69,49,45,56,82,114,145,167,175,168,149,122,95,76,70,80,03:18,173,09:47,44,16:01,175,21:52,70,,,,,,,,,131,中潮相当,4,mid,0,1,0,0,0
20260430,2026,4,30,東京,2818,117.4,,103,131,158,175,178,166,141,108,73,45,31,35,57,90,128,159,179,182,169,146,117,92,77,78,03:42,179,10:17,30,16:41,182,22:28,76,,,,,,,,,152,中潮相当,4,mid,0,1,0,0,0
20260501,2026,5,1,東京,2826,117.8,,94,121,151,173,183,176,154,121,83,49,26,21,35,65,105,143,172,185,182,165,139,111,90,82,04:05,183,10:47,20,17:18,186,23:01,82,,,,,,,,,166,大潮相当,5,strong,1,0,0,0,0
20260502,2026,5,2,東京,2823,117.6,F,90,112,141,167,183,183,166,135,97,59,30,15,20,43,80,121,156,179,186,177,156,130,106,91,04:29,185,11:16,14,17:54,186,23:33,89,,,,,,,,,172,大潮相当,5,strong,1,0,0,0,0
20260503,2026,5,3,東京,2815,117.3,,90,105,130,158,179,186,175,149,113,74,40,18,13,27,58,97,136,166,181,181,168,146,122,103,04:54,186,11:45,12,18:29,183,,,,,,,,,,,174,大潮相当,5,strong,1,0,0,0,0
20260504,2026,5,4,東京,2798,116.6,,95,101,121,147,171,184,181,161,129,91,55,28,15,20,41,75,113,146,169,177,172,156,135,115,05:19,185,00:03,95,19:05,177,12:15,14,,,,,,,,,171,大潮相当,5,strong,1,0,0,0,0
20260505,2026,5,5,東京,2776,115.7,,103,102,115,136,160,177,181,169,143,109,73,43,24,20,32,57,90,124,151,166,169,160,145,127,05:45,181,00:33,101,19:43,169,12:46,20,,,,,,,,,161,大潮相当,5,strong,1,0,0,0,0
20260506,2026,5,6,東京,2757,114.9,,113,107,112,127,148,166,175,171,153,125,93,62,40,28,31,47,72,102,130,150,160,159,150,136,06:12,176,01:03,107,20:25,160,13:19,28,,,,,,,,,148,中潮相当,4,mid,0,1,0,0,0
20260507,2026,5,7,東京,2733,113.9,,123,114,113,121,136,153,165,167,158,137,110,82,58,43,37,44,60,83,108,130,146,152,150,143,06:42,168,01:36,112,21:16,152,13:57,37,,,,,,,,,131,中潮相当,4,mid,0,1,0,0,0
20260508,2026,5,8,東京,2722,113.4,,132,123,118,120,128,140,151,158,155,144,125,102,79,61,50,48,56,70,90,110,128,141,147,146,07:16,158,02:15,118,22:21,147,14:43,48,,,,,,,,,110,小潮相当,3,weak,0,0,1,0,0
20260509,2026,5,9,東京,2720,113.3,,140,133,126,122,124,129,136,143,146,143,133,118,101,83,69,61,59,64,76,92,110,127,139,146,08:02,146,03:16,122,23:37,147,15:45,58,,,,,,,,,89,小潮相当,3,weak,0,0,1,0,0
20260510,2026,5,10,東京,2729,113.7,L,147,142,136,129,123,121,122,125,130,134,134,129,120,107,93,80,71,67,69,78,92,110,128,142,09:34,134,05:14,121,,,17:08,67,,,,,,,,,67,長潮相当,2,very_weak,0,0,0,1,0
20260511,2026,5,11,東京,2745,114.4,,150,151,146,138,127,117,110,107,109,116,125,131,133,128,118,105,91,79,72,71,79,94,114,134,00:42,151,07:02,107,11:47,133,18:33,70,,,,,,,,,81,小潮相当,3,weak,0,0,1,0,0
20260512,2026,5,12,東京,2771,115.5,,149,157,157,149,135,119,102,90,86,92,105,121,136,143,142,133,118,101,85,75,73,82,99,122,01:28,158,07:55,86,13:23,144,19:40,72,,,,,,,,,86,小潮相当,3,weak,0,0,1,0,0
20260513,2026,5,13,東京,2804,116.8,,144,160,166,161,147,125,101,79,65,64,77,99,125,146,159,159,149,130,109,89,77,76,88,109,02:04,166,08:34,63,14:32,160,20:35,75,,,,,,,,,103,小潮相当,3,weak,0,0,1,0,0
20260514,2026,5,14,東京,2837,118.2,,135,158,172,173,161,138,108,76,51,39,45,67,99,133,160,175,175,161,140,115,93,81,83,99,02:36,174,09:11,39,15:29,176,21:22,80,,,,,,,,,137,中潮相当,4,mid,0,1,0,0,0
20260515,2026,5,15,東京,2856,119.0,,124,151,172,182,176,155,122,84,48,23,17,31,63,104,144,174,188,186,170,145,118,97,88,94,03:08,182,09:49,17,16:21,189,22:07,88,,,,,,,,,172,大潮相当,5,strong,1,0,0,0,0
20260516,2026,5,16,東京,2863,119.3,,113,141,167,185,188,173,142,102,59,22,1,2,25,65,112,154,184,197,192,173,147,120,102,97,03:40,189,10:28,-1,17:11,197,22:50,97,,,,,,,,,198,大潮相当,5,strong,1,0,0,0,0
20260517,2026,5,17,東京,2854,118.9,N,107,130,158,181,193,188,164,126,81,37,3,-12,-4,26,71,120,162,189,198,191,171,145,122,107,04:13,194,11:09,-12,18:01,198,23:32,105,,,,,,,,,210,大潮相当,5,strong,1,0,0,0,0
20260518,2026,5,18,東京,2838,118.3,,107,121,146,172,191,196,182,152,110,64,22,-7,-15,-1,33,79,126,164,188,194,184,165,142,123,04:47,196,11:53,-15,18:51,194,,,,,,,,,,,211,大潮相当,5,strong,1,0,0,0,0
20260519,2026,5,19,東京,2820,117.5,,113,117,134,158,180,193,191,172,139,97,54,17,-6,-9,9,44,87,130,163,181,184,175,158,139,05:23,195,00:13,113,19:42,185,12:39,-10,,,,,,,,,205,大潮相当,5,strong,1,0,0,0,0
20260520,2026,5,20,東京,2810,117.1,,124,119,126,143,164,182,189,182,160,127,89,51,20,3,4,24,56,95,131,158,173,174,165,151,06:01,189,00:55,119,20:36,175,13:27,1,,,,,,,,,188,大潮相当,5,strong,1,0,0,0,0
20260521,2026,5,21,東京,2810,117.1,,135,124,123,131,147,164,175,178,169,148,120,87,56,31,19,22,40,69,102,131,153,164,165,157,06:43,178,01:40,122,21:32,166,14:18,18,,,,,,,,,160,大潮相当,5,strong,1,0,0,0,0
20260522,2026,5,22,東京,2816,117.3,,145,132,124,124,131,143,155,163,163,155,139,117,91,66,46,37,41,56,80,108,132,150,159,159,07:34,164,02:34,123,22:28,160,15:14,37,,,,,,,,,127,中潮相当,4,mid,0,1,0,0,0
20260523,2026,5,23,東京,2826,117.8,U,151,141,130,122,120,124,132,141,147,149,145,134,118,99,79,63,55,58,71,91,114,135,150,157,08:51,149,03:46,120,23:22,157,16:15,55,,,,,,,,,102,小潮相当,3,weak,0,0,1,0,0
20260524,2026,5,24,東京,2837,118.2,,156,149,138,126,117,112,112,116,123,131,137,139,134,124,109,93,79,72,73,83,100,121,140,153,10:48,139,05:30,111,,,17:23,71,,,,,,,,,68,長潮相当,2,very_weak,0,0,0,1,0
20260525,2026,5,25,東京,2850,118.8,,158,156,147,134,120,107,98,95,98,107,119,131,138,139,133,121,107,93,85,84,94,110,129,147,00:10,158,06:59,95,12:38,139,18:31,83,,,,,,,,,75,長潮相当,2,very_weak,0,0,0,1,0
20260526,2026,5,26,東京,2868,119.5,,159,162,157,145,129,110,92,80,76,82,95,113,131,143,147,144,133,118,103,94,93,103,120,139,00:53,162,07:54,76,14:03,147,19:33,92,,,,,,,,,86,小潮相当,3,weak,0,0,1,0,0
20260527,2026,5,27,東京,2883,120.1,,156,165,166,157,141,119,95,74,61,59,70,90,114,136,152,158,154,142,125,109,99,100,111,130,01:33,167,08:36,58,15:06,158,20:26,98,,,,,,,,,109,小潮相当,3,weak,0,0,1,0,0
20260528,2026,5,28,東京,2902,120.9,,149,164,171,168,154,132,105,76,54,44,48,66,93,122,147,163,169,162,147,128,111,103,106,120,02:11,171,09:13,44,15:57,169,21:13,103,,,,,,,,,127,中潮相当,4,mid,0,1,0,0,0
20260529,2026,5,29,東京,2917,121.5,,140,159,172,175,167,147,118,86,57,37,32,44,69,101,133,159,174,176,166,148,127,111,106,113,02:46,176,09:47,32,16:39,177,21:56,106,,,,,,,,,145,中潮相当,4,mid,0,1,0,0,0
20260530,2026,5,30,東京,2929,122.0,,130,151,169,179,177,161,134,101,66,39,25,27,47,78,114,147,171,182,180,165,144,123,110,109,03:20,180,10:20,24,17:17,183,22:36,108,,,,,,,,,159,中潮相当,4,mid,0,1,0,0,0
20260531,2026,5,31,東京,2927,122.0,F,120,140,161,177,183,174,151,118,81,48,25,19,29,55,91,128,160,180,185,177,159,137,119,110,03:53,183,10:53,18,17:53,185,23:13,109,,,,,,,,,167,大潮相当,5,strong,1,0,0,0,0
20260601,2026,6,1,東京,2912,121.3,,113,129,150,171,183,182,166,136,100,63,34,18,19,37,68,106,142,169,183,182,169,149,129,114,04:25,185,11:27,16,18:27,184,23:48,110,,,,,,,,,169,大潮相当,5,strong,1,0,0,0,0
20260602,2026,6,2,東京,2895,120.6,,110,119,138,161,179,185,177,153,119,82,49,26,17,26,49,83,120,153,174,181,175,159,139,121,04:57,185,12:00,17,19:01,181,,,,,,,,,,,168,大潮相当,5,strong,1,0,0,0,0
20260603,2026,6,3,東京,2877,119.9,,111,113,127,148,169,182,182,166,138,103,68,40,23,22,37,64,99,133,160,174,175,165,148,130,05:28,184,00:21,111,19:35,177,12:35,21,,,,,,,,,163,大潮相当,5,strong,1,0,0,0,0
20260604,2026,6,4,東京,2861,119.2,,116,111,118,135,156,173,181,173,153,122,89,58,36,26,31,51,80,113,142,163,171,168,156,139,06:01,181,00:55,111,20:12,172,13:09,26,,,,,,,,,155,中潮相当,4,mid,0,1,0,0,0
20260605,2026,6,5,東京,2849,118.7,,123,113,113,123,141,159,172,173,162,139,109,79,54,38,34,44,66,94,124,148,164,168,161,148,06:37,174,01:31,112,20:52,168,13:45,34,,,,,,,,,140,中潮相当,4,mid,0,1,0,0,0
20260606,2026,6,6,東京,2842,118.4,,132,119,112,115,127,142,157,165,163,149,127,101,75,55,44,46,58,80,107,132,152,164,164,156,07:18,165,02:12,112,21:34,165,14:24,43,,,,,,,,,122,中潮相当,4,mid,0,1,0,0,0
20260607,2026,6,7,東京,2848,118.7,,142,127,116,112,115,125,138,149,155,152,140,121,99,77,62,55,59,73,93,117,139,156,164,162,08:12,155,03:04,112,22:18,164,15:08,55,,,,,,,,,109,小潮相当,3,weak,0,0,1,0,0
20260608,2026,6,8,東京,2861,119.2,L,152,138,123,113,108,109,117,127,138,145,145,136,121,103,86,74,69,73,85,104,125,145,160,165,09:29,146,04:14,108,23:03,165,16:02,69,,,,,,,,,96,小潮相当,3,weak,0,0,1,0,0
20260609,2026,6,9,東京,2884,120.2,,161,149,134,118,106,98,97,103,114,127,138,142,138,128,113,99,89,84,87,97,113,133,152,164,11:03,142,05:40,97,23:48,167,17:11,84,,,,,,,,,83,小潮相当,3,weak,0,0,1,0,0
20260610,2026,6,10,東京,2908,121.2,,167,160,147,129,110,93,82,78,85,99,118,135,145,146,140,129,116,105,98,98,106,122,141,159,12:39,147,06:51,78,,,18:31,97,,,,,,,,,69,長潮相当,2,very_weak,0,0,0,1,0
20260611,2026,6,11,東京,2933,122.2,,169,170,161,143,121,97,75,60,57,67,87,113,136,152,159,156,146,133,119,109,107,115,131,150,00:33,171,07:45,56,14:09,159,19:43,107,,,,,,,,,115,小潮相当,3,weak,0,0,1,0,0
20260612,2026,6,12,東京,2950,122.9,,166,175,173,161,139,110,80,53,37,36,51,79,111,141,162,173,172,162,146,129,117,115,123,139,01:21,176,08:33,34,15:24,174,20:45,114,,,,,,,,,142,中潮相当,4,mid,0,1,0,0,0
20260613,2026,6,13,東京,2960,123.3,,158,174,181,177,160,132,97,61,31,15,19,40,74,112,148,173,186,185,173,154,136,123,121,130,02:09,182,09:20,14,16:25,187,21:41,120,,,,,,,,,173,大潮相当,5,strong,1,0,0,0,0
20260614,2026,6,14,東京,2962,123.4,,147,167,182,188,181,159,124,83,43,13,0,7,34,73,116,155,182,195,192,178,157,137,125,124,02:58,188,10:08,-1,17:18,195,22:34,123,,,,,,,,,196,大潮相当,5,strong,1,0,0,0,0
20260615,2026,6,15,東京,2958,123.3,N,135,154,175,190,194,182,155,115,70,29,0,-9,3,34,76,122,162,188,198,193,176,155,136,125,03:46,194,10:57,-9,18:06,199,23:24,124,,,,,,,,,208,大潮相当,5,strong,1,0,0,0,0
20260616,2026,6,16,東京,2953,123.0,,126,139,160,182,196,197,181,148,106,61,21,-4,-10,5,39,84,130,168,191,197,188,170,148,130,04:33,199,11:46,-11,18:52,197,,,,,,,,,,,210,大潮相当,5,strong,1,0,0,0,0
20260617,2026,6,17,東京,2946,122.8,,122,126,142,165,186,198,195,175,141,99,56,20,-2,-4,15,51,95,138,171,189,190,179,160,139,05:19,199,00:11,122,19:35,191,12:35,-6,,,,,,,,,205,大潮相当,5,strong,1,0,0,0,0
20260618,2026,6,18,東京,2949,122.9,,123,118,126,144,167,186,195,188,166,133,94,55,24,7,10,32,68,110,147,173,185,182,168,148,06:05,195,00:55,118,20:16,185,13:22,6,,,,,,,,,189,大潮相当,5,strong,1,0,0,0,0
20260619,2026,6,19,東京,2951,123.0,,129,116,114,124,143,164,180,185,177,156,126,91,58,33,22,30,54,88,125,155,174,179,172,156,06:54,185,01:39,113,20:53,179,14:05,22,,,,,,,,,163,大潮相当,5,strong,1,0,0,0,0
20260620,2026,6,20,東京,2958,123.3,,136,119,109,109,121,139,157,169,172,164,146,120,92,65,47,43,54,78,108,139,162,174,173,162,07:47,172,02:25,108,21:27,175,14:47,42,,,,,,,,,133,中潮相当,4,mid,0,1,0,0,0
20260621,2026,6,21,東京,2964,123.5,,145,126,110,103,105,115,130,145,155,158,152,138,118,96,77,65,66,78,100,126,150,167,172,167,08:51,158,03:18,102,22:00,172,15:28,64,,,,,,,,,108,小潮相当,3,weak,0,0,1,0,0
20260622,2026,6,22,東京,2973,123.9,U,154,136,118,104,97,98,106,118,131,141,146,143,134,120,104,92,85,88,100,119,140,159,170,170,10:10,146,04:23,96,22:34,171,16:13,85,,,,,,,,,86,小潮相当,3,weak,0,0,1,0,0
20260623,2026,6,23,東京,2980,124.2,,162,147,129,112,98,90,88,94,105,118,130,138,140,135,127,117,108,104,106,116,132,150,164,170,11:44,140,05:42,88,23:12,170,17:10,103,,,,,,,,,82,小潮相当,3,weak,0,0,1,0,0
20260624,2026,6,24,東京,2989,124.5,,168,157,142,124,106,91,80,76,81,93,109,124,136,141,142,138,131,123,118,119,127,141,156,166,13:35,142,06:55,76,23:56,170,18:22,117,,,,,,,,,94,小潮相当,3,weak,0,0,1,0,0
20260625,2026,6,25,東京,3000,125.0,,170,165,154,139,120,99,81,67,64,70,85,105,124,139,149,153,150,143,134,127,126,133,145,158,15:06,153,07:52,64,,,19:35,125,,,,,,,,,89,小潮相当,3,weak,0,0,1,0,0
20260626,2026,6,26,東京,3009,125.4,,167,170,165,153,136,113,89,68,54,53,63,82,105,128,148,160,165,161,151,138,130,128,135,147,00:50,170,08:38,52,16:02,165,20:39,128,,,,,,,,,118,小潮相当,3,weak,0,0,1,0,0
20260627,2026,6,27,東京,3020,125.8,,160,169,171,166,152,131,104,76,54,43,45,60,83,111,138,160,173,175,167,152,138,128,128,136,01:50,171,09:20,42,16:42,175,21:33,127,,,,,,,,,133,中潮相当,4,mid,0,1,0,0,0
20260628,2026,6,28,東京,3020,125.8,,149,163,173,175,167,149,122,91,62,41,34,41,61,90,121,150,172,182,179,166,148,133,125,126,02:45,175,10:00,34,17:16,182,22:19,124,,,,,,,,,148,中潮相当,4,mid,0,1,0,0,0
20260629,2026,6,29,東京,3017,125.7,,137,153,169,179,179,167,142,110,76,48,31,28,41,67,100,135,164,182,186,177,160,140,126,120,03:31,180,10:38,27,17:47,186,23:00,120,,,,,,,,,159,中潮相当,4,mid,0,1,0,0,0
20260630,2026,6,30,東京,3007,125.3,F,126,140,160,177,185,181,162,131,95,61,36,24,28,47,78,115,149,175,187,184,169,149,130,118,04:11,186,11:16,23,18:17,187,23:36,116,,,,,,,,,164,大潮相当,5,strong,1,0,0,0,0
20260701,2026,7,1,東京,2998,124.9,,117,127,147,169,185,189,178,152,117,80,48,28,22,32,58,93,131,163,182,187,177,159,137,120,04:47,189,11:51,22,18:47,187,,,,,,,,,,,167,大潮相当,5,strong,1,0,0,0,0
20260702,2026,7,2,東京,2987,124.5,,111,116,132,155,177,190,188,169,138,101,66,39,24,25,43,74,112,148,174,185,182,167,146,125,05:22,191,00:11,111,19:16,186,12:25,22,,,,,,,,,169,大潮相当,5,strong,1,0,0,0,0
20260703,2026,7,3,東京,2978,124.1,,110,107,117,138,163,182,189,180,157,123,88,56,34,26,35,60,94,131,162,180,184,174,155,133,05:57,189,00:45,107,19:45,185,12:58,26,,,,,,,,,163,大潮相当,5,strong,1,0,0,0,0
20260704,2026,7,4,東京,2981,124.2,,114,103,106,121,144,167,182,183,169,143,110,77,51,36,36,52,81,115,148,172,183,180,165,143,06:35,185,01:19,103,20:15,184,13:29,34,,,,,,,,,151,中潮相当,4,mid,0,1,0,0,0
20260705,2026,7,5,東京,2986,124.4,,121,104,98,106,124,146,166,176,174,158,131,101,73,52,45,52,73,103,134,162,179,182,173,153,07:18,177,01:57,98,20:45,183,14:01,45,,,,,,,,,138,中潮相当,4,mid,0,1,0,0,0
20260706,2026,7,6,東京,2998,124.9,,130,110,97,95,105,123,143,160,168,164,148,124,98,76,62,61,73,95,123,150,171,181,178,163,08:10,168,02:38,94,21:16,181,14:35,60,,,,,,,,,121,中潮相当,4,mid,0,1,0,0,0
20260707,2026,7,7,東京,3008,125.3,,142,119,100,90,90,100,117,135,151,158,155,142,122,102,86,79,82,95,115,139,161,176,180,172,09:13,159,03:28,89,21:49,180,15:13,79,,,,,,,,,101,小潮相当,3,weak,0,0,1,0,0
20260708,2026,7,8,東京,3023,126.0,L,154,131,109,92,83,82,91,106,124,141,150,150,142,128,114,103,100,103,115,131,151,168,178,177,10:30,152,04:33,81,22:26,179,16:01,100,,,,,,,,,98,小潮相当,3,weak,0,0,1,0,0
20260709,2026,7,9,東京,3034,126.4,,165,146,124,102,85,73,70,77,92,112,131,145,150,147,139,131,124,120,122,130,143,158,171,177,12:05,150,05:49,70,23:09,177,17:14,120,,,,,,,,,107,小潮相当,3,weak,0,0,1,0,0
20260710,2026,7,10,東京,3038,126.6,,174,161,143,120,97,76,60,54,60,77,100,123,142,153,157,155,150,143,137,135,139,149,161,172,14:10,157,07:01,54,,,18:54,135,,,,,,,,,103,小潮相当,3,weak,0,0,1,0,0
20260711,2026,7,11,東京,3038,126.6,,177,173,162,144,119,92,65,45,37,43,62,89,118,143,161,171,172,167,157,147,141,142,150,161,00:07,177,08:04,37,15:43,173,20:22,141,,,,,,,,,140,中潮相当,4,mid,0,1,0,0,0
20260712,2026,7,12,東京,3039,126.6,,172,178,177,167,148,119,86,54,30,21,29,51,82,116,147,171,184,186,178,164,150,141,140,148,01:24,179,09:03,21,16:38,187,21:35,139,,,,,,,,,166,大潮相当,5,strong,1,0,0,0,0
20260713,2026,7,13,東京,3038,126.6,,160,174,184,185,175,152,118,79,43,17,8,18,43,79,119,156,182,195,193,181,163,145,135,134,02:41,186,09:59,8,17:22,196,22:34,133,,,,,,,,,188,大潮相当,5,strong,1,0,0,0,0
20260714,2026,7,14,東京,3046,126.9,N,144,160,178,192,195,182,155,115,72,34,8,0,13,43,84,129,167,192,200,193,176,154,135,125,03:43,195,10:52,0,18:00,200,23:23,124,,,,,,,,,200,大潮相当,5,strong,1,0,0,0,0
20260715,2026,7,15,東京,3058,127.4,,127,140,162,184,200,202,185,153,110,66,28,4,0,17,52,97,142,178,198,199,186,165,141,122,04:35,203,11:42,,18:35,201,,,,,,,,,,,202,大潮相当,5,strong,1,0,0,0,0
20260716,2026,7,16,東京,3066,127.8,,113,119,139,165,190,205,202,182,147,104,61,26,6,8,31,70,116,158,187,198,192,174,149,124,05:23,206,00:05,113,19:07,198,12:26,4,,,,,,,,,202,大潮相当,5,strong,1,0,0,0,0
20260717,2026,7,17,東京,3077,128.2,,107,103,115,139,168,192,203,196,173,138,97,58,29,17,26,54,95,138,173,192,194,181,158,131,06:08,203,00:45,103,19:36,195,13:05,16,,,,,,,,,187,大潮相当,5,strong,1,0,0,0,0
20260718,2026,7,18,東京,3088,128.7,,108,95,97,114,141,168,188,194,184,161,128,92,60,39,35,52,84,123,159,183,192,185,166,140,06:53,194,01:22,93,20:02,192,13:40,34,,,,,,,,,160,大潮相当,5,strong,1,0,0,0,0
20260719,2026,7,19,東京,3092,128.8,,114,94,87,94,114,140,164,179,181,170,148,119,90,67,55,61,82,114,147,174,188,187,173,150,07:40,182,02:00,87,20:26,190,14:12,55,,,,,,,,,135,中潮相当,4,mid,0,1,0,0,0
20260720,2026,7,20,東京,3092,128.8,,124,100,86,83,94,113,136,155,166,166,155,137,115,94,80,77,89,111,139,165,182,187,178,160,08:31,167,02:40,83,20:51,187,14:41,77,,,,,,,,,110,小潮相当,3,weak,0,0,1,0,0
20260721,2026,7,21,東京,3085,128.5,U,135,111,92,82,83,93,110,128,143,152,152,144,131,116,104,98,101,114,134,156,174,183,181,168,09:31,153,03:27,81,21:17,184,15:11,98,,,,,,,,,103,小潮相当,3,weak,0,0,1,0,0
20260722,2026,7,22,東京,3085,128.5,,147,125,105,90,82,82,90,103,118,132,140,142,139,132,125,119,118,122,133,149,165,176,179,172,10:49,143,04:28,81,21:48,179,15:46,118,,,,,,,,,98,小潮相当,3,weak,0,0,1,0,0
20260723,2026,7,23,東京,3085,128.5,,158,139,120,103,90,81,79,84,95,109,123,133,138,140,140,138,135,134,137,144,155,166,172,172,13:14,141,05:48,79,22:28,173,16:54,134,,,,,,,,,94,小潮相当,3,weak,0,0,1,0,0
20260724,2026,7,24,東京,3082,128.4,,164,152,136,120,103,88,77,72,76,86,101,117,130,141,149,152,152,149,145,143,147,154,162,166,15:26,153,07:05,72,23:26,167,18:49,143,,,,,,,,,95,小潮相当,3,weak,0,0,1,0,0
20260725,2026,7,25,東京,3084,128.5,,166,161,151,138,122,103,84,69,63,67,79,96,115,134,150,161,166,163,156,147,143,144,149,157,16:08,166,08:08,63,,,20:20,142,,,,,,,,,103,小潮相当,3,weak,0,0,1,0,0
20260726,2026,7,26,東京,3079,128.3,,162,165,163,155,141,121,98,75,59,53,59,74,95,119,143,162,174,175,168,155,144,137,138,144,01:04,165,09:00,53,16:38,176,21:25,136,,,,,,,,,123,中潮相当,4,mid,0,1,0,0,0
20260727,2026,7,27,東京,3077,128.2,,154,163,170,170,161,142,116,88,63,48,44,53,73,100,129,157,176,183,179,165,148,135,129,131,02:31,171,09:46,44,17:06,183,22:12,128,,,,,,,,,139,中潮相当,4,mid,0,1,0,0,0
20260728,2026,7,28,東京,3074,128.1,,141,156,170,179,177,164,138,107,75,50,37,37,52,78,111,145,172,187,187,175,156,137,123,120,03:23,180,10:28,35,17:31,189,22:50,119,,,,,,,,,154,中潮相当,4,mid,0,1,0,0,0
20260729,2026,7,29,東京,3073,128.0,F,127,143,163,181,189,182,161,129,93,61,38,29,36,58,91,129,162,185,192,184,165,142,122,111,04:04,189,11:05,29,17:56,192,23:24,110,,,,,,,,,163,大潮相当,5,strong,1,0,0,0,0
20260730,2026,7,30,東京,3075,128.1,,113,127,150,174,192,195,180,152,115,78,48,29,27,42,72,111,150,179,193,191,174,150,126,107,04:40,195,11:38,26,18:20,194,23:56,101,,,,,,,,,169,大潮相当,5,strong,1,0,0,0,0
20260731,2026,7,31,東京,3079,128.3,,101,110,132,160,185,198,194,172,139,100,64,38,27,33,57,94,135,170,191,195,183,160,133,108,05:16,199,12:09,26,18:44,196,,,,,,,,,,,173,大潮相当,5,strong,1,0,0,0,0
20260801,2026,8,1,東京,3085,128.5,,94,94,111,139,170,192,199,187,160,124,87,55,35,33,49,80,120,158,186,197,190,170,142,113,05:52,199,00:28,92,19:07,197,12:39,31,,,,,,,,,168,大潮相当,5,strong,1,0,0,0,0
20260802,2026,8,2,東京,3095,129.0,,92,84,92,116,147,176,193,193,176,147,111,78,52,41,48,73,108,146,177,195,195,179,153,123,06:31,195,01:00,84,19:31,197,13:07,41,,,,,,,,,156,中潮相当,4,mid,0,1,0,0,0
20260803,2026,8,3,東京,3104,129.3,,96,79,78,94,121,152,176,188,183,164,135,103,75,59,57,72,101,135,167,189,196,186,164,134,07:13,188,01:33,77,19:55,196,13:35,56,,,,,,,,,140,中潮相当,4,mid,0,1,0,0,0
20260804,2026,8,4,東京,3111,129.6,,104,81,71,77,96,123,151,171,179,172,153,127,101,82,74,80,100,128,157,181,193,190,173,147,08:01,179,02:09,71,20:19,193,14:03,74,,,,,,,,,122,中潮相当,4,mid,0,1,0,0,0
20260805,2026,8,5,東京,3115,129.8,,117,90,73,68,76,96,121,145,162,168,161,145,125,107,97,96,107,126,149,171,186,190,180,159,08:58,168,02:51,68,20:46,190,14:33,95,,,,,,,,,122,中潮相当,4,mid,0,1,0,0,0
20260806,2026,8,6,東京,3111,129.6,L,132,105,83,69,66,74,91,113,134,150,156,153,143,131,121,117,121,130,146,163,177,185,182,169,10:08,156,03:46,66,21:17,185,15:05,117,,,,,,,,,119,小潮相当,3,weak,0,0,1,0,0
20260807,2026,8,7,東京,3100,129.2,,149,124,101,82,69,64,68,81,100,120,137,147,149,147,143,140,139,141,147,156,167,176,179,174,11:56,149,05:02,64,21:57,179,15:52,139,,,,,,,,,115,小潮相当,3,weak,0,0,1,0,0
20260808,2026,8,8,東京,3085,128.5,,163,145,125,104,84,68,58,58,67,85,106,126,141,151,157,160,159,157,154,154,158,164,169,172,15:16,160,06:32,56,23:06,172,18:31,154,,,,,,,,,116,小潮相当,3,weak,0,0,1,0,0
20260809,2026,8,9,東京,3075,128.1,,170,163,151,133,111,87,65,49,44,52,70,94,119,142,160,172,176,174,166,158,152,151,155,161,16:06,176,07:52,44,,,20:39,151,,,,,,,,,132,中潮相当,4,mid,0,1,0,0,0
20260810,2026,8,10,東京,3073,128.0,,168,172,171,163,145,119,88,58,38,31,38,58,87,119,149,173,186,188,180,166,151,142,139,144,01:23,172,08:59,31,16:38,189,21:49,139,,,,,,,,,158,中潮相当,4,mid,0,1,0,0,0
20260811,2026,8,11,東京,3082,128.4,,155,169,180,185,177,155,122,85,50,27,19,29,53,89,128,163,187,197,192,176,156,137,126,125,02:53,185,09:57,19,17:08,197,22:35,124,,,,,,,,,178,大潮相当,5,strong,1,0,0,0,0
20260812,2026,8,12,東京,3101,129.2,,135,154,175,193,198,187,159,121,79,42,19,13,28,59,101,144,179,199,200,187,164,139,118,108,03:51,198,10:46,,17:36,202,,,,,,,,,,,187,大潮相当,5,strong,1,0,0,0,0
20260813,2026,8,13,東京,3125,130.2,N,112,130,157,185,204,207,190,157,115,72,36,16,16,38,76,122,165,194,204,196,174,145,117,97,04:38,208,11:29,,18:02,204,,,,,,,,,,,191,大潮相当,5,strong,1,0,0,0,0
20260814,2026,8,14,東京,3147,131.1,,92,104,131,164,194,210,207,185,149,106,65,34,21,30,60,103,148,184,202,201,183,155,123,96,05:21,212,12:07,21,18:26,204,,,,,,,,,,,191,大潮相当,5,strong,1,0,0,0,0
20260815,2026,8,15,東京,3162,131.8,,80,82,103,136,171,198,208,200,174,138,98,62,39,36,54,90,133,172,197,203,190,165,132,101,06:03,208,00:23,79,18:48,203,12:40,35,,,,,,,,,173,大潮相当,5,strong,1,0,0,0,0
20260816,2026,8,16,東京,3169,132.0,,77,69,80,107,142,174,195,199,186,160,126,92,65,53,60,86,123,161,190,202,195,174,143,110,06:43,200,00:56,69,19:09,202,13:09,53,,,,,,,,,149,中潮相当,4,mid,0,1,0,0,0
20260817,2026,8,17,東京,3167,132.0,,82,66,67,84,114,146,172,186,185,170,145,117,91,75,74,89,118,152,181,198,197,181,154,123,07:25,187,01:28,64,19:29,200,13:35,72,,,,,,,,,136,中潮相当,4,mid,0,1,0,0,0
20260818,2026,8,18,東京,3163,131.8,,93,72,64,71,91,119,146,165,173,169,155,135,114,98,92,99,118,145,172,190,196,186,164,136,08:09,173,02:02,64,19:51,196,13:59,92,,,,,,,,,132,中潮相当,4,mid,0,1,0,0,0
20260819,2026,8,19,東京,3150,131.3,,107,84,70,68,78,97,120,141,154,159,155,144,130,118,111,112,123,141,163,181,189,186,171,148,09:00,159,02:39,67,20:14,190,14:22,110,,,,,,,,,123,中潮相当,4,mid,0,1,0,0,0
20260820,2026,8,20,東京,3132,130.5,U,122,99,83,74,75,84,99,116,132,143,147,145,139,133,128,127,131,141,155,169,179,181,173,157,10:08,147,03:25,73,20:41,181,14:42,127,,,,,,,,,108,小潮相当,3,weak,0,0,1,0,0
20260821,2026,8,21,東京,3118,129.9,,137,117,100,87,81,80,85,96,109,122,132,138,141,142,142,142,143,146,151,159,167,171,169,161,21:14,171,04:37,79,,,,,,,,,,,,,92,小潮相当,3,weak,0,0,1,0,0
20260822,2026,8,22,東京,3103,129.3,,148,133,119,105,94,85,80,81,88,100,113,125,135,144,151,155,155,154,152,152,155,158,161,160,15:38,156,06:18,80,22:11,161,18:26,151,,,,,,,,,81,小潮相当,3,weak,0,0,1,0,0
20260823,2026,8,23,東京,3089,128.7,,155,147,138,126,112,97,83,74,73,79,91,106,123,140,154,164,167,164,157,149,145,145,148,152,15:57,167,07:42,72,,,20:28,145,,,,,,,,,95,小潮相当,3,weak,0,0,1,0,0
20260824,2026,8,24,東京,3078,128.3,,155,156,154,147,133,115,94,76,64,62,69,85,105,129,151,168,176,174,165,152,140,134,134,140,00:50,156,08:44,62,16:19,177,21:26,133,,,,,,,,,115,小潮相当,3,weak,0,0,1,0,0
20260825,2026,8,25,東京,3075,128.1,,150,159,166,165,155,137,111,85,64,52,52,64,85,113,142,167,181,184,174,157,140,126,121,125,02:28,166,09:31,51,16:40,184,22:03,121,,,,,,,,,133,中潮相当,4,mid,0,1,0,0,0
20260826,2026,8,26,東京,3080,128.3,,138,154,170,179,176,160,133,102,73,51,42,46,65,94,129,160,183,191,184,166,143,122,110,109,03:17,179,10:10,41,17:01,191,22:34,108,,,,,,,,,150,中潮相当,4,mid,0,1,0,0,0
20260827,2026,8,27,東京,3085,128.5,,120,141,165,184,191,181,157,124,89,59,40,36,48,76,113,150,180,195,192,175,150,123,102,94,03:56,191,10:45,35,17:21,196,23:04,94,,,,,,,,,161,大潮相当,5,strong,1,0,0,0,0
20260828,2026,8,28,東京,3103,129.3,F,101,122,151,180,197,198,180,149,111,75,47,34,38,61,97,138,174,196,199,185,159,128,100,83,04:32,200,11:16,33,17:41,200,23:34,80,,,,,,,,,167,大潮相当,5,strong,1,0,0,0,0
20260829,2026,8,29,東京,3124,130.2,,82,99,129,164,193,205,198,173,137,98,64,42,37,51,83,124,164,193,203,195,170,138,104,78,05:08,205,11:46,36,18:02,203,,,,,,,,,,,169,大潮相当,5,strong,1,0,0,0,0
20260830,2026,8,30,東京,3141,130.9,,67,76,103,140,176,201,206,191,162,124,88,59,45,50,75,112,153,186,203,201,181,149,113,80,05:45,206,00:04,67,18:23,205,12:14,45,,,,,,,,,161,大潮相当,5,strong,1,0,0,0,0
20260831,2026,8,31,東京,3154,131.4,,60,59,77,111,150,184,201,200,180,149,114,83,62,58,74,104,142,177,200,204,190,161,125,89,06:25,203,00:35,57,18:44,205,12:42,58,,,,,,,,,148,中潮相当,4,mid,0,1,0,0,0
20260901,2026,9,1,東京,3160,131.7,,61,49,57,83,120,157,184,195,189,168,139,109,85,75,81,103,134,167,192,203,195,172,139,103,07:07,195,01:07,49,19:05,203,13:10,75,,,,,,,,,154,中潮相当,4,mid,0,1,0,0,0
20260902,2026,9,2,東京,3156,131.5,,71,51,47,62,90,125,156,177,184,175,156,132,110,97,95,108,131,159,183,197,196,181,153,120,07:55,184,01:42,46,19:28,199,13:36,94,,,,,,,,,153,中潮相当,4,mid,0,1,0,0,0
20260903,2026,9,3,東京,3140,130.8,,87,62,49,51,68,94,123,149,165,169,162,148,132,119,114,119,134,154,174,188,192,184,165,138,08:50,169,02:22,48,19:51,192,14:01,114,,,,,,,,,144,中潮相当,4,mid,0,1,0,0,0
20260904,2026,9,4,東京,3116,129.8,L,108,82,63,54,57,71,92,116,136,150,155,152,146,138,134,135,141,153,166,177,184,182,171,153,10:06,155,03:15,54,20:18,184,14:22,134,,,,,,,,,130,中潮相当,4,mid,0,1,0,0,0
20260905,2026,9,5,東京,3084,128.5,,130,107,87,71,62,61,69,84,103,121,135,144,149,150,151,151,153,156,161,166,171,172,169,161,20:52,172,04:35,61,,,,,,,,,,,,,111,小潮相当,3,weak,0,0,1,0,0
20260906,2026,9,6,東京,3062,127.6,,149,134,117,99,82,68,61,62,72,88,106,125,140,153,162,166,166,163,160,157,156,157,159,160,15:33,167,06:21,60,23:00,160,19:49,156,,,,,,,,,107,小潮相当,3,weak,0,0,1,0,0
20260907,2026,9,7,東京,3048,127.0,,159,155,146,132,112,90,69,55,51,58,75,97,122,145,164,176,179,174,164,152,144,140,141,148,15:51,179,07:50,51,,,21:11,140,,,,,,,,,128,中潮相当,4,mid,0,1,0,0,0
20260908,2026,9,8,東京,3047,127.0,,157,165,168,163,147,122,93,65,46,40,48,68,97,129,158,179,188,185,171,153,135,123,120,127,01:58,168,08:56,40,16:12,188,21:48,120,,,,,,,,,148,中潮相当,4,mid,0,1,0,0,0
20260909,2026,9,9,東京,3070,127.9,,142,161,178,185,179,158,126,90,58,37,33,45,72,108,145,176,193,194,181,159,134,112,101,103,03:04,186,09:47,32,16:35,195,22:21,100,,,,,,,,,163,大潮相当,5,strong,1,0,0,0,0
20260910,2026,9,10,東京,3103,129.3,,119,144,172,193,200,189,161,123,84,51,33,33,52,87,128,166,192,201,191,168,138,109,88,81,03:53,200,10:30,30,16:57,201,22:53,81,,,,,,,,,171,大潮相当,5,strong,1,0,0,0,0
20260911,2026,9,11,東京,3137,130.7,N,92,118,152,185,205,207,189,157,116,77,47,35,43,71,112,154,187,203,199,179,147,113,83,66,04:35,209,11:07,34,17:18,204,23:25,65,,,,,,,,,175,大潮相当,5,strong,1,0,0,0,0
20260912,2026,9,12,東京,3168,132.0,,68,89,124,164,195,211,206,182,147,107,72,49,46,64,99,141,179,202,205,189,159,122,87,61,05:15,211,11:40,44,17:39,206,23:56,53,,,,,,,,,167,大潮相当,5,strong,1,0,0,0,0
20260913,2026,9,13,東京,3183,132.6,,53,65,95,135,174,200,208,196,170,135,100,71,58,66,92,131,169,197,206,196,170,134,97,65,05:54,208,12:10,58,17:59,207,,,,,,,,,,,150,中潮相当,4,mid,0,1,0,0,0
20260914,2026,9,14,東京,3186,132.8,,47,49,71,106,146,179,197,198,183,156,125,96,77,75,92,123,159,189,204,201,180,147,110,76,06:32,200,00:26,46,18:18,205,12:37,74,,,,,,,,,159,中潮相当,4,mid,0,1,0,0,0
20260915,2026,9,15,東京,3177,132.4,,52,44,55,82,118,153,178,189,184,167,143,118,98,90,97,120,151,180,198,201,186,159,124,90,07:11,189,00:55,44,18:38,202,13:02,90,,,,,,,,,158,中潮相当,4,mid,0,1,0,0,0
20260916,2026,9,16,東京,3157,131.5,,63,49,50,67,95,127,154,172,176,169,153,134,117,106,107,121,144,169,189,196,188,167,138,106,07:52,176,01:26,47,19:00,196,13:26,105,,,,,,,,,149,中潮相当,4,mid,0,1,0,0,0
20260917,2026,9,17,東京,3133,130.5,,79,61,54,61,80,105,130,150,161,163,156,144,131,122,119,126,140,159,177,187,185,172,149,122,08:38,163,01:58,54,19:22,188,13:49,119,,,,,,,,,134,中潮相当,4,mid,0,1,0,0,0
20260918,2026,9,18,東京,3102,129.3,,97,77,66,65,73,89,108,127,141,149,151,147,141,135,132,134,141,152,165,174,177,170,155,136,09:42,151,02:37,64,19:47,177,14:10,132,,,,,,,,,113,小潮相当,3,weak,0,0,1,0,0
20260919,2026,9,19,東京,3075,128.1,U,115,97,84,77,76,81,92,105,119,131,139,143,144,144,144,144,146,150,155,161,165,163,156,144,20:16,165,03:37,75,,,,,,,,,,,,,90,小潮相当,3,weak,0,0,1,0,0
20260920,2026,9,20,東京,3052,127.2,,130,116,104,94,86,82,82,88,98,110,122,133,142,149,153,155,154,152,150,150,151,152,151,148,15:03,155,05:23,82,21:09,152,18:37,150,,,,,,,,,73,長潮相当,2,very_weak,0,0,0,1,0
20260921,2026,9,21,東京,3028,126.2,,142,134,125,114,102,90,81,77,80,88,102,117,133,148,159,165,164,158,149,142,137,137,140,144,15:21,165,07:08,77,,,20:35,137,,,,,,,,,88,小潮相当,3,weak,0,0,1,0,0
20260922,2026,9,22,東京,3019,125.8,,147,148,145,137,123,106,88,74,68,70,81,99,121,143,161,172,174,166,153,138,127,122,124,132,00:48,148,08:15,67,15:40,174,21:10,122,,,,,,,,,107,小潮相当,3,weak,0,0,1,0,0
20260923,2026,9,23,東京,3014,125.6,,144,155,160,158,146,126,103,80,64,58,63,80,105,133,158,176,182,176,160,139,120,107,106,115,02:15,161,09:02,58,15:58,182,21:39,105,,,,,,,,,124,中潮相当,4,mid,0,1,0,0,0
20260924,2026,9,24,東京,3024,126.0,,132,152,169,175,169,151,124,95,69,54,51,63,88,120,152,177,189,186,169,144,117,97,88,93,03:02,175,09:40,50,16:17,190,22:07,88,,,,,,,,,140,中潮相当,4,mid,0,1,0,0,0
20260925,2026,9,25,東京,3046,126.9,,113,140,167,185,188,175,149,117,84,59,47,52,73,105,142,174,193,195,180,153,120,91,73,71,03:42,189,10:14,47,16:36,196,22:36,69,,,,,,,,,149,中潮相当,4,mid,0,1,0,0,0
20260926,2026,9,26,東京,3076,128.2,,87,118,153,183,199,196,175,143,107,75,54,48,62,92,130,167,194,202,191,164,128,92,64,52,04:20,200,10:46,48,16:55,202,23:05,52,,,,,,,,,154,中潮相当,4,mid,0,1,0,0,0
20260927,2026,9,27,東京,3112,129.7,F,61,89,129,168,197,207,197,170,135,99,70,55,59,82,118,158,190,205,200,177,141,100,64,41,04:59,207,11:18,54,17:16,206,23:36,37,,,,,,,,,170,大潮相当,5,strong,1,0,0,0,0
20260928,2026,9,28,東京,3138,130.8,,39,59,97,142,181,204,208,191,162,126,94,71,66,79,109,147,182,204,206,188,155,114,73,41,05:39,209,11:48,65,17:37,208,,,,,,,,,,,144,中潮相当,4,mid,0,1,0,0,0
20260929,2026,9,29,東京,3152,131.3,,27,36,65,108,153,187,204,201,181,152,120,94,81,84,105,138,172,198,207,197,170,131,89,52,06:20,205,00:08,27,17:59,207,12:18,80,,,,,,,,,180,大潮相当,5,strong,1,0,0,0,0
20260930,2026,9,30,東京,3146,131.1,,28,23,41,75,118,158,185,196,189,170,144,119,101,97,108,132,162,188,203,200,181,148,109,71,07:05,196,00:42,,18:22,204,,,,,,,,,,,180,大潮相当,5,strong,1,0,0,0,0
20261001,2026,10,1,東京,3122,130.1,,41,25,29,51,85,123,155,176,182,175,159,139,123,114,117,132,155,178,193,197,186,162,130,95,07:55,183,01:20,24,18:45,197,13:15,114,,,,,,,,,173,大潮相当,5,strong,1,0,0,0,0
20261002,2026,10,2,東京,3084,128.5,,64,41,33,40,61,90,121,146,162,167,162,152,140,132,130,137,150,167,181,188,184,170,147,119,08:56,167,02:03,33,19:10,188,13:43,130,,,,,,,,,155,中潮相当,4,mid,0,1,0,0,0
20261003,2026,10,3,東京,3041,126.7,L,92,68,52,46,51,67,89,113,133,147,153,154,150,146,144,145,151,159,168,174,175,169,156,139,10:31,154,03:00,46,19:36,175,14:13,144,,,,,,,,,129,中潮相当,4,mid,0,1,0,0,0
20261004,2026,10,4,東京,2999,125.0,,119,99,81,66,59,59,68,83,102,120,135,146,152,155,156,155,155,155,156,158,158,158,155,149,13:53,156,04:26,58,20:10,159,16:24,155,,,,,,,,,101,小潮相当,3,weak,0,0,1,0,0
20261005,2026,10,5,東京,2972,123.8,,140,129,114,97,81,68,62,64,75,91,111,130,146,158,165,166,162,155,148,142,139,139,143,147,14:41,166,06:13,62,,,20:22,139,,,,,,,,,104,小潮相当,3,weak,0,0,1,0,0
20261006,2026,10,6,東京,2965,123.5,,151,151,145,131,112,91,72,60,58,68,86,110,134,155,169,175,171,160,145,130,120,117,121,133,00:31,151,07:38,58,15:05,175,20:54,117,,,,,,,,,117,小潮相当,3,weak,0,0,1,0,0
20261007,2026,10,7,東京,2980,124.2,,147,160,166,162,146,122,94,70,56,54,66,89,118,147,170,182,181,169,149,126,106,95,96,109,02:07,166,08:37,53,15:27,183,21:25,94,,,,,,,,,130,中潮相当,4,mid,0,1,0,0,0
20261008,2026,10,8,東京,3012,125.5,,131,155,174,182,175,155,125,93,67,53,55,72,101,135,165,185,190,179,157,128,100,80,73,82,03:03,182,09:23,52,15:48,190,21:56,73,,,,,,,,,138,中潮相当,4,mid,0,1,0,0,0
20261009,2026,10,9,東京,3053,127.2,,105,137,167,189,194,182,156,122,89,64,54,63,88,122,157,184,196,190,168,137,103,73,56,57,03:48,194,10:02,54,16:10,196,22:27,54,,,,,,,,,142,中潮相当,4,mid,0,1,0,0,0
20261010,2026,10,10,東京,3094,128.9,,77,110,148,181,199,199,182,152,117,85,65,63,79,110,147,179,198,198,180,149,112,75,49,40,04:30,202,10:37,61,16:31,200,22:57,40,,,,,,,,,162,大潮相当,5,strong,1,0,0,0,0
20261011,2026,10,11,東京,3124,130.2,N,51,81,122,162,191,204,197,175,143,110,83,71,78,102,137,171,196,203,191,162,124,85,52,33,05:08,204,11:10,71,16:52,203,23:27,31,,,,,,,,,173,大潮相当,5,strong,1,0,0,0,0
20261012,2026,10,12,東京,3136,130.7,,34,56,93,136,173,196,202,189,164,134,105,86,83,98,127,161,189,203,197,174,139,99,62,36,05:46,202,11:40,82,17:13,203,23:56,27,,,,,,,,,176,大潮相当,5,strong,1,0,0,0,0
20261013,2026,10,13,東京,3134,130.6,,27,39,69,109,149,180,195,193,177,152,125,103,93,99,121,151,180,198,200,183,153,115,77,46,06:23,196,12:09,93,17:35,201,,,,,,,,,,,108,小潮相当,3,weak,0,0,1,0,0
20261014,2026,10,14,東京,3117,129.9,,30,31,51,85,123,157,180,188,181,164,142,120,106,105,118,142,169,190,197,188,164,130,94,62,07:01,188,00:25,28,17:57,197,12:37,104,,,,,,,,,169,大潮相当,5,strong,1,0,0,0,0
20261015,2026,10,15,東京,3084,128.5,,40,33,43,67,100,133,159,174,177,168,152,134,120,113,119,135,157,178,190,187,171,143,111,80,07:40,177,00:55,33,18:21,191,13:04,113,,,,,,,,,158,中潮相当,4,mid,0,1,0,0,0
20261016,2026,10,16,東京,3052,127.2,,57,44,44,58,82,110,137,156,165,164,156,144,132,124,124,132,148,165,178,181,172,153,127,99,08:25,166,01:27,42,18:46,182,13:32,123,,,,,,,,,140,中潮相当,4,mid,0,1,0,0,0
20261017,2026,10,17,東京,3012,125.5,,76,60,54,58,72,92,114,134,148,154,154,148,141,134,131,134,142,154,164,170,168,156,138,116,09:24,155,02:05,53,19:13,170,14:03,131,,,,,,,,,117,小潮相当,3,weak,0,0,1,0,0
20261018,2026,10,18,東京,2978,124.1,,96,79,69,65,70,81,96,113,128,139,146,148,147,144,141,140,141,145,151,156,157,153,143,130,11:02,148,02:55,65,19:45,157,14:59,140,,,,,,,,,92,小潮相当,3,weak,0,0,1,0,0
20261019,2026,10,19,東京,2944,122.7,U,115,100,88,79,75,77,83,94,107,121,134,143,149,151,150,148,144,142,140,141,142,143,141,137,13:15,151,04:17,75,20:55,143,18:10,140,,,,,,,,,76,長潮相当,2,very_weak,0,0,0,1,0
20261020,2026,10,20,東京,2920,121.7,,130,120,110,98,88,81,78,80,89,102,118,134,147,155,159,157,151,142,133,127,125,127,132,137,14:09,159,06:04,78,,,19:58,125,,,,,,,,,81,小潮相当,3,weak,0,0,1,0,0
20261021,2026,10,21,東京,2911,121.3,,139,138,132,121,107,93,81,74,75,85,101,121,141,157,166,167,160,147,131,117,108,108,115,127,00:11,139,07:22,73,14:37,168,20:34,107,,,,,,,,,95,小潮相当,3,weak,0,0,1,0,0
20261022,2026,10,22,東京,2913,121.4,,140,149,151,145,131,112,93,77,69,71,85,107,132,155,171,176,170,155,133,111,93,87,92,108,01:45,151,08:16,68,14:59,176,21:04,87,,,,,,,,,108,小潮相当,3,weak,0,0,1,0,0
20261023,2026,10,23,東京,2930,122.1,,130,151,164,166,156,137,113,89,72,65,73,92,120,149,172,184,181,165,140,110,84,68,67,82,02:40,167,08:59,65,15:20,184,21:33,65,,,,,,,,,119,小潮相当,3,weak,0,0,1,0,0
20261024,2026,10,24,東京,2963,123.5,,109,140,166,181,180,164,139,111,85,69,67,81,107,139,169,188,191,178,151,116,81,54,44,53,03:26,182,09:37,66,15:42,192,22:03,44,,,,,,,,,148,中潮相当,4,mid,0,1,0,0,0
20261025,2026,10,25,東京,3008,125.3,,80,117,155,183,195,189,168,138,107,82,70,75,96,128,162,188,198,191,165,128,87,51,28,27,04:09,195,10:13,70,16:05,198,22:35,25,,,,,,,,,173,大潮相当,5,strong,1,0,0,0,0
20261026,2026,10,26,東京,3056,127.3,F,47,84,129,169,196,203,192,166,135,105,84,78,91,118,152,183,201,201,181,146,102,58,25,10,04:52,203,10:49,78,16:30,203,23:09,10,,,,,,,,,193,大潮相当,5,strong,1,0,0,0,0
20261027,2026,10,27,東京,3084,128.5,,18,49,94,141,180,202,204,188,162,131,105,90,92,111,141,173,198,206,194,164,122,76,35,8,05:36,206,11:24,89,16:55,206,23:45,,,,,,,,,,117,小潮相当,3,weak,0,0,1,0,0
20261028,2026,10,28,東京,3091,128.8,,2,20,57,104,150,184,201,198,181,155,129,108,101,110,132,162,189,204,201,180,144,101,57,21,06:21,202,11:58,101,17:22,205,,,,,,,,,,,104,小潮相当,3,weak,0,0,1,0,0
20261029,2026,10,29,東京,3069,127.9,,2,5,28,68,113,153,181,192,187,171,149,128,115,115,128,151,176,195,201,190,163,126,85,47,07:10,192,00:24,,17:51,201,,,,,,,,,,,199,大潮相当,5,strong,1,0,0,0,0
20261030,2026,10,30,東京,3026,126.1,,19,8,15,41,77,117,150,172,179,175,161,145,131,125,129,143,163,181,192,189,174,147,114,79,08:04,180,01:07,7,18:21,192,13:08,125,,,,,,,,,185,大潮相当,5,strong,1,0,0,0,0
20261031,2026,10,31,東京,2970,123.8,,48,27,21,30,53,84,116,142,160,166,164,155,145,136,134,139,151,165,176,180,174,159,136,109,09:10,166,01:56,21,18:55,180,13:49,134,,,,,,,,,159,中潮相当,4,mid,0,1,0,0,0
20261101,2026,11,1,東京,2914,121.4,,82,59,42,37,44,62,86,112,134,149,157,157,153,147,142,140,143,150,157,162,162,158,147,132,10:36,158,02:55,37,19:39,163,14:52,140,,,,,,,,,126,中潮相当,4,mid,0,1,0,0,0
20261102,2026,11,2,東京,2871,119.6,L,113,93,74,60,53,56,68,86,107,127,143,153,157,155,151,145,140,138,138,140,142,145,145,142,12:12,157,04:11,53,21:42,145,17:28,138,,,,,,,,,104,小潮相当,3,weak,0,0,1,0,0
20261103,2026,11,3,東京,2853,118.9,,135,124,108,91,76,66,64,71,86,106,126,144,156,161,159,153,143,132,123,118,118,123,131,139,13:17,161,05:41,64,,,19:33,118,,,,,,,,,97,小潮相当,3,weak,0,0,1,0,0
20261104,2026,11,4,東京,2860,119.2,,145,145,138,124,106,88,74,69,74,89,110,132,151,163,167,162,150,134,116,102,95,96,107,123,00:31,146,07:00,69,13:56,167,20:18,94,,,,,,,,,98,小潮相当,3,weak,0,0,1,0,0
20261105,2026,11,5,東京,2888,120.3,,140,153,157,152,137,116,95,79,73,79,96,120,144,163,173,172,161,141,117,93,77,72,80,98,01:57,157,07:59,73,14:26,174,20:54,72,,,,,,,,,102,小潮相当,3,weak,0,0,1,0,0
20261106,2026,11,6,東京,2926,121.9,,123,147,164,170,163,145,121,98,81,77,87,108,135,159,176,181,173,153,125,94,68,53,54,71,02:56,170,08:47,77,14:53,181,21:27,52,,,,,,,,,129,中潮相当,4,mid,0,1,0,0,0
20261107,2026,11,7,東京,2972,123.8,,99,131,159,177,180,170,148,122,98,84,84,99,124,152,175,186,184,166,137,103,69,44,36,45,03:44,181,09:29,82,15:18,187,21:59,35,,,,,,,,,152,中潮相当,4,mid,0,1,0,0,0
20261108,2026,11,8,東京,3010,125.4,,71,107,143,172,187,186,171,146,119,98,88,94,115,142,169,187,191,179,152,116,78,45,27,27,04:27,189,10:06,88,15:44,192,22:30,24,,,,,,,,,168,大潮相当,5,strong,1,0,0,0,0
20261109,2026,11,9,東京,3034,126.4,N,46,80,120,157,182,193,186,167,141,115,98,95,107,132,160,183,194,188,166,132,92,55,28,17,05:06,193,10:42,94,16:10,194,23:01,17,,,,,,,,,177,大潮相当,5,strong,1,0,0,0,0
20261110,2026,11,10,東京,3043,126.8,,27,55,94,135,169,189,193,181,159,133,112,100,104,122,149,175,192,194,178,148,109,70,37,18,05:43,193,11:15,100,16:36,195,23:32,15,,,,,,,,,180,大潮相当,5,strong,1,0,0,0,0
20261111,2026,11,11,東京,3035,126.5,,18,36,70,110,148,176,189,187,172,149,126,110,105,116,138,164,185,194,186,162,127,88,52,27,06:19,190,11:47,105,17:02,194,,,,,,,,,,,89,小潮相当,3,weak,0,0,1,0,0
20261112,2026,11,12,東京,3008,125.3,,17,26,51,86,125,157,178,184,177,160,139,120,111,113,128,151,174,188,188,172,143,107,71,42,06:55,184,00:03,17,17:29,190,12:19,110,,,,,,,,,173,大潮相当,5,strong,1,0,0,0,0
20261113,2026,11,13,東京,2973,123.9,,25,24,39,67,102,135,161,175,175,165,148,131,118,114,122,140,161,178,185,177,155,124,91,61,07:32,176,00:34,22,17:58,185,12:50,114,,,,,,,,,163,大潮相当,5,strong,1,0,0,0,0
20261114,2026,11,14,東京,2931,122.1,,39,30,36,54,82,113,141,160,168,165,154,140,127,119,121,131,148,165,175,174,161,138,109,81,08:13,168,01:08,30,18:27,176,13:23,119,,,,,,,,,146,中潮相当,4,mid,0,1,0,0,0
20261115,2026,11,15,東京,2890,120.4,,58,43,40,49,69,94,120,141,155,160,156,147,136,127,123,127,137,150,161,165,160,146,125,101,09:01,160,01:44,40,19:00,165,14:01,123,,,,,,,,,125,中潮相当,4,mid,0,1,0,0,0
20261116,2026,11,16,東京,2851,118.8,,78,61,52,52,62,80,101,122,140,151,154,151,144,136,129,127,129,136,145,151,152,147,134,117,10:00,154,02:26,51,19:42,152,14:57,127,,,,,,,,,103,小潮相当,3,weak,0,0,1,0,0
20261117,2026,11,17,東京,2821,117.5,U,99,81,69,62,64,72,87,105,123,139,149,153,151,145,137,131,126,126,128,133,137,139,136,129,11:08,153,03:20,62,21:00,139,16:42,126,,,,,,,,,91,小潮相当,3,weak,0,0,1,0,0
20261118,2026,11,18,東京,2798,116.6,,117,103,90,79,73,73,79,91,107,125,140,151,156,154,147,138,128,119,114,113,116,123,129,133,12:11,156,04:32,72,23:12,133,18:43,113,,,,,,,,,84,小潮相当,3,weak,0,0,1,0,0
20261119,2026,11,19,東京,2789,116.2,,131,124,113,101,90,82,79,83,94,110,129,146,157,161,158,148,134,118,104,95,93,100,113,126,13:00,161,05:59,79,,,19:40,93,,,,,,,,,82,小潮相当,3,weak,0,0,1,0,0
20261120,2026,11,20,東京,2799,116.6,,137,140,137,127,114,100,88,83,86,98,117,138,156,166,168,160,143,122,99,81,71,73,87,108,00:59,140,07:11,83,13:38,168,20:19,70,,,,,,,,,98,小潮相当,3,weak,0,0,1,0,0
20261121,2026,11,21,東京,2822,117.6,,130,147,154,152,141,125,107,92,86,90,105,127,150,168,176,172,157,132,102,74,53,46,56,80,02:14,155,08:08,86,14:11,176,20:54,46,,,,,,,,,130,中潮相当,4,mid,0,1,0,0,0
20261122,2026,11,22,東京,2863,119.3,,110,140,161,170,167,153,133,111,95,90,97,116,141,164,180,183,172,147,114,77,45,26,26,45,03:12,171,08:57,90,14:43,184,21:30,24,,,,,,,,,160,大潮相当,5,strong,1,0,0,0,0
20261123,2026,11,23,東京,2918,121.6,,79,117,152,176,185,179,161,137,114,98,96,107,130,156,179,191,187,166,132,91,50,18,4,13,04:04,185,09:41,95,15:16,191,22:08,4,,,,,,,,,187,大潮相当,5,strong,1,0,0,0,0
20261124,2026,11,24,東京,2970,123.8,F,41,83,127,164,188,194,185,164,138,115,103,104,120,145,172,192,197,185,156,114,68,26,-2,-9,04:52,194,10:24,102,15:50,197,22:48,-9,,,,,,,,,206,大潮相当,5,strong,1,0,0,0,0
20261125,2026,11,25,東京,3002,125.1,,8,43,90,136,173,194,197,184,162,137,117,108,115,134,160,185,200,198,178,141,96,49,10,-13,05:39,198,11:05,108,16:25,201,23:30,-15,,,,,,,,,216,大潮相当,5,strong,1,0,0,0,0
20261126,2026,11,26,東京,2999,125.0,,-13,10,50,98,143,177,194,193,179,157,134,118,115,125,146,172,193,201,193,166,127,81,37,3,06:27,196,11:46,114,17:01,201,,,,,,,,,,,87,小潮相当,3,weak,0,0,1,0,0
20261127,2026,11,27,東京,2964,123.5,,-13,-8,19,60,106,147,176,188,185,170,150,132,120,121,134,155,178,194,196,182,153,114,72,33,07:16,189,00:15,-14,17:39,197,12:28,119,,,,,,,,,211,大潮相当,5,strong,1,0,0,0,0
20261128,2026,11,28,東京,2906,121.1,,6,-5,4,32,71,112,147,171,179,175,161,144,129,122,125,139,159,177,187,185,169,141,106,70,08:07,179,01:02,-5,18:20,188,13:12,121,,,,,,,,,193,大潮相当,5,strong,1,0,0,0,0
20261129,2026,11,29,東京,2838,118.3,,38,16,10,21,47,82,117,146,164,170,165,153,139,127,122,127,139,154,168,173,169,155,132,104,08:59,170,01:52,10,19:07,173,14:01,122,,,,,,,,,163,大潮相当,5,strong,1,0,0,0,0
20261130,2026,11,30,東京,2782,115.9,,74,49,32,29,40,63,92,122,145,159,163,158,147,134,124,120,123,132,143,152,156,154,144,127,09:53,163,02:43,28,20:10,156,15:04,120,,,,,,,,,135,中潮相当,4,mid,0,1,0,0,0
20261201,2026,12,1,東京,2751,114.6,L,106,84,64,51,49,59,78,102,126,146,157,159,153,143,131,121,115,114,118,125,133,139,141,137,10:45,159,03:39,49,21:53,141,16:36,114,,,,,,,,,110,小潮相当,3,weak,0,0,1,0,0
20261202,2026,12,2,東京,2746,114.4,,128,113,96,81,70,68,76,91,112,132,149,158,158,152,140,127,114,104,99,99,105,115,126,133,11:34,159,04:43,68,23:56,136,18:24,98,,,,,,,,,91,小潮相当,3,weak,0,0,1,0,0
20261203,2026,12,3,東京,2763,115.1,,136,133,123,111,97,87,84,89,103,121,140,154,161,160,151,137,120,103,88,79,79,87,102,118,12:20,161,05:54,84,,,19:32,78,,,,,,,,,83,小潮相当,3,weak,0,0,1,0,0
20261204,2026,12,4,東京,2798,116.6,,132,141,142,136,125,111,100,95,99,112,130,148,161,165,162,150,132,110,87,69,59,62,75,95,01:39,142,07:03,95,13:04,165,20:18,59,,,,,,,,,106,小潮相当,3,weak,0,0,1,0,0
20261205,2026,12,5,東京,2840,118.3,,118,137,150,153,148,136,121,108,102,107,121,139,156,167,170,163,147,123,95,68,49,42,50,70,02:54,153,08:03,102,13:46,170,20:58,42,,,,,,,,,128,中潮相当,4,mid,0,1,0,0,0
20261206,2026,12,6,東京,2878,119.9,,96,124,147,161,165,158,143,125,111,107,113,129,148,165,174,173,161,139,109,76,48,31,30,45,03:49,165,08:54,107,14:26,175,21:34,29,,,,,,,,,146,中潮相当,4,mid,0,1,0,0,0
20261207,2026,12,7,東京,2908,121.2,,72,104,135,159,173,173,162,144,124,111,110,119,137,157,173,179,174,155,126,91,56,30,19,25,04:32,175,09:40,109,15:04,179,22:08,19,,,,,,,,,160,大潮相当,5,strong,1,0,0,0,0
20261208,2026,12,8,東京,2929,122.0,,48,80,116,149,172,181,176,161,140,121,110,112,126,146,166,180,182,170,144,109,71,38,17,14,05:09,181,10:21,109,15:39,183,22:42,13,,,,,,,,,170,大潮相当,5,strong,1,0,0,0,0
20261209,2026,12,9,東京,2929,122.0,N,28,56,93,131,162,180,184,173,154,132,115,109,116,133,156,175,185,181,161,128,90,52,24,11,05:43,184,10:58,109,16:13,186,23:16,10,,,,,,,,,176,大潮相当,5,strong,1,0,0,0,0
20261210,2026,12,10,東京,2916,121.5,,15,36,70,109,145,171,183,180,165,143,123,111,110,122,143,166,182,186,174,147,110,71,38,16,06:16,184,11:34,109,16:45,187,23:50,10,,,,,,,,,177,大潮相当,5,strong,1,0,0,0,0
20261211,2026,12,11,東京,2885,120.2,,11,22,49,86,124,156,176,180,171,153,132,115,108,113,129,152,174,185,181,162,129,92,56,29,06:48,181,12:07,108,17:16,186,,,,,,,,,,,78,長潮相当,2,very_weak,0,0,0,1,0
20261212,2026,12,12,東京,2850,118.8,,14,16,35,66,103,138,163,175,173,160,141,122,110,108,118,138,160,177,182,171,146,112,76,46,07:20,176,00:23,13,17:48,182,12:40,107,,,,,,,,,169,大潮相当,5,strong,1,0,0,0,0
20261213,2026,12,13,東京,2808,117.0,,25,18,28,51,84,118,147,166,171,164,149,130,115,107,110,124,144,163,174,172,156,129,97,66,07:53,171,00:55,18,18:21,175,13:14,107,,,,,,,,,157,中潮相当,4,mid,0,1,0,0,0
20261214,2026,12,14,東京,2771,115.5,,41,28,28,43,69,100,131,154,165,165,155,139,122,110,107,113,128,146,160,166,159,141,115,86,08:28,167,01:28,26,18:58,166,13:51,107,,,,,,,,,141,中潮相当,4,mid,0,1,0,0,0
20261215,2026,12,15,東京,2738,114.1,,61,43,36,42,60,86,114,140,157,163,159,147,132,117,108,107,114,127,141,151,153,145,129,106,09:06,163,02:01,36,19:44,153,14:37,106,,,,,,,,,127,中潮相当,4,mid,0,1,0,0,0
20261216,2026,12,16,東京,2714,113.1,,82,63,51,50,59,77,101,125,146,159,161,155,141,126,113,105,104,110,119,130,139,141,135,122,09:46,161,02:37,49,20:48,141,15:38,104,,,,,,,,,112,小潮相当,3,weak,0,0,1,0,0
20261217,2026,12,17,東京,2698,112.4,U,104,86,72,64,66,76,92,113,134,151,160,160,151,137,121,108,99,96,98,106,116,126,132,130,10:28,161,03:20,64,22:19,132,17:05,96,,,,,,,,,97,小潮相当,3,weak,0,0,1,0,0
20261218,2026,12,18,東京,2691,112.1,,122,109,96,86,81,82,90,104,122,141,155,162,159,148,133,116,100,88,80,81,89,102,117,128,11:12,162,04:18,81,,,18:29,80,,,,,,,,,82,小潮相当,3,weak,0,0,1,0,0
20261219,2026,12,19,東京,2697,112.4,,132,129,121,112,103,97,96,101,113,130,147,159,164,159,147,129,108,87,70,59,60,71,91,112,00:03,132,05:43,96,12:00,164,19:28,58,,,,,,,,,106,小潮相当,3,weak,0,0,1,0,0
20261220,2026,12,20,東京,2729,113.7,,130,140,142,138,130,120,111,107,110,120,136,153,165,168,161,146,124,97,69,47,36,39,57,83,01:49,142,07:09,107,12:50,168,20:17,35,,,,,,,,,133,中潮相当,4,mid,0,1,0,0,0
20261221,2026,12,21,東京,2772,115.5,,111,136,151,158,156,146,133,120,113,115,126,143,160,171,173,165,145,116,82,48,23,13,22,46,03:12,158,08:18,113,13:44,174,21:03,13,,,,,,,,,161,大潮相当,5,strong,1,0,0,0,0
20261222,2026,12,22,東京,2827,117.8,,79,114,145,165,173,170,157,140,125,117,119,132,150,167,179,180,168,142,106,65,27,2,-4,9,04:12,174,09:16,117,14:36,181,21:49,-5,,,,,,,,,186,大潮相当,5,strong,1,0,0,0,0
20261223,2026,12,23,東京,2878,119.9,,40,79,120,155,177,185,179,162,142,125,118,122,136,157,176,188,187,170,137,94,48,10,-13,-16,05:01,185,10:09,118,15:26,190,22:37,-17,,,,,,,,,207,大潮相当,5,strong,1,0,0,0,0
20261224,2026,12,24,東京,2905,121.0,F,3,39,84,128,165,186,190,180,160,139,122,116,123,141,164,185,196,191,168,129,82,36,-1,-21,05:46,191,10:58,116,16:13,196,23:25,-23,,,,,,,,,219,大潮相当,5,strong,1,0,0,0,0
20261225,2026,12,25,東京,2895,120.6,,-19,4,44,92,138,172,189,189,175,153,132,117,114,124,145,170,191,199,189,161,120,73,28,-5,06:28,191,11:44,113,16:59,199,,,,,,,,,,,86,小潮相当,3,weak,0,0,1,0,0
20261226,2026,12,26,東京,2853,118.9,,-21,-14,14,57,104,147,176,187,182,165,143,122,110,110,125,148,174,192,196,182,151,111,66,26,07:09,187,00:12,-21,17:43,196,12:28,108,,,,,,,,,217,大潮相当,5,strong,1,0,0,0,0
20261227,2026,12,27,東京,2789,116.2,,-2,-12,0,31,74,118,155,176,181,171,152,130,112,103,107,125,149,172,186,185,169,140,103,64,07:47,181,00:57,-12,18:29,188,13:11,102,,,,,,,,,200,大潮相当,5,strong,1,0,0,0,0
20261228,2026,12,28,東京,2726,113.6,,30,8,5,22,54,94,132,161,174,173,159,139,118,102,97,104,122,145,163,173,170,155,129,97,08:23,175,01:40,4,19:17,174,13:54,97,,,,,,,,,171,大潮相当,5,strong,1,0,0,0,0
20261229,2026,12,29,東京,2685,111.9,,65,40,26,29,49,80,114,144,164,170,163,147,127,107,95,92,101,117,135,149,156,154,141,120,08:56,170,02:19,25,20:14,157,14:42,92,,,,,,,,,145,中潮相当,4,mid,0,1,0,0,0
20261230,2026,12,30,東京,2664,111.0,,96,72,55,49,56,76,103,131,153,165,165,154,136,117,100,89,88,94,106,120,132,139,138,130,09:28,166,02:57,49,21:25,140,15:41,87,,,,,,,,,117,小潮相当,3,weak,0,0,1,0,0
20261231,2026,12,31,東京,2678,111.6,L,116,99,84,75,74,84,102,125,146,161,166,160,146,128,109,94,83,80,83,92,104,116,124,127,09:57,166,03:33,73,23:01,127,17:00,80,,,,,,,,,93,小潮相当,3,weak,0,0,1,0,0
