year,date,datetime,type,tide_cm,tide_type_est,tide_range_cm
2023,20230101,2023-01-01 00:18,満潮,128,小潮相当,100
2023,20230101,2023-01-01 05:42,干潮,101,小潮相当,100
2023,20230101,2023-01-01 11:58,満潮,160,小潮相当,100
2023,20230101,2023-01-01 19:29,干潮,60,小潮相当,100
2023,20230102,2023-01-02 02:27,満潮,134,小潮相当,119
2023,20230102,2023-01-02 07:00,干潮,114,小潮相当,119
2023,20230102,2023-01-02 12:46,満潮,162,小潮相当,119
2023,20230102,2023-01-02 20:19,干潮,43,小潮相当,119
2023,20230103,2023-01-03 03:43,満潮,148,中潮相当,135
2023,20230103,2023-01-03 08:13,干潮,119,中潮相当,135
2023,20230103,2023-01-03 13:45,満潮,165,中潮相当,135
2023,20230103,2023-01-03 21:04,干潮,30,中潮相当,135
2023,20230104,2023-01-04 04:26,満潮,160,中潮相当,150
2023,20230104,2023-01-04 09:12,干潮,119,中潮相当,150
2023,20230104,2023-01-04 14:39,満潮,169,中潮相当,150
2023,20230104,2023-01-04 21:44,干潮,19,中潮相当,150
2023,20230105,2023-01-05 05:00,満潮,169,大潮相当,162
2023,20230105,2023-01-05 10:00,干潮,117,大潮相当,162
2023,20230105,2023-01-05 15:24,満潮,174,大潮相当,162
2023,20230105,2023-01-05 22:23,干潮,12,大潮相当,162
2023,20230106,2023-01-06 05:29,満潮,174,大潮相当,172
2023,20230106,2023-01-06 10:41,干潮,113,大潮相当,172
2023,20230106,2023-01-06 16:02,満潮,179,大潮相当,172
2023,20230106,2023-01-06 23:01,干潮,7,大潮相当,172
2023,20230107,2023-01-07 05:58,満潮,177,大潮相当,178
2023,20230107,2023-01-07 11:16,干潮,108,大潮相当,178
2023,20230107,2023-01-07 16:36,満潮,182,大潮相当,178
2023,20230107,2023-01-07 23:36,干潮,4,大潮相当,178
2023,20230108,2023-01-08 06:25,満潮,176,小潮相当,80
2023,20230108,2023-01-08 11:48,干潮,104,小潮相当,80
2023,20230108,2023-01-08 17:08,満潮,184,小潮相当,80
2023,20230109,2023-01-09 00:10,干潮,5,大潮相当,177
2023,20230109,2023-01-09 06:52,満潮,175,大潮相当,177
2023,20230109,2023-01-09 12:18,干潮,100,大潮相当,177
2023,20230109,2023-01-09 17:39,満潮,182,大潮相当,177
2023,20230110,2023-01-10 00:43,干潮,9,大潮相当,169
2023,20230110,2023-01-10 07:20,満潮,172,大潮相当,169
2023,20230110,2023-01-10 12:49,干潮,96,大潮相当,169
2023,20230110,2023-01-10 18:11,満潮,178,大潮相当,169
2023,20230111,2023-01-11 01:13,干潮,16,中潮相当,154
2023,20230111,2023-01-11 07:48,満潮,170,中潮相当,154
2023,20230111,2023-01-11 13:20,干潮,93,中潮相当,154
2023,20230111,2023-01-11 18:45,満潮,170,中潮相当,154
2023,20230112,2023-01-12 01:43,干潮,26,中潮相当,142
2023,20230112,2023-01-12 08:17,満潮,168,中潮相当,142
2023,20230112,2023-01-12 13:55,干潮,91,中潮相当,142
2023,20230112,2023-01-12 19:24,満潮,159,中潮相当,142
2023,20230113,2023-01-13 02:13,干潮,39,中潮相当,127
2023,20230113,2023-01-13 08:48,満潮,166,中潮相当,127
2023,20230113,2023-01-13 14:36,干潮,88,中潮相当,127
2023,20230113,2023-01-13 20:15,満潮,147,中潮相当,127
2023,20230114,2023-01-14 02:46,干潮,56,小潮相当,108
2023,20230114,2023-01-14 09:21,満潮,164,小潮相当,108
2023,20230114,2023-01-14 15:31,干潮,85,小潮相当,108
2023,20230114,2023-01-14 21:24,満潮,135,小潮相当,108
2023,20230115,2023-01-15 03:26,干潮,75,小潮相当,87
2023,20230115,2023-01-15 09:57,満潮,162,小潮相当,87
2023,20230115,2023-01-15 16:53,干潮,78,小潮相当,87
2023,20230115,2023-01-15 22:58,満潮,128,小潮相当,87
2023,20230116,2023-01-16 04:26,干潮,95,小潮相当,97
2023,20230116,2023-01-16 10:40,満潮,161,小潮相当,97
2023,20230116,2023-01-16 18:26,干潮,64,小潮相当,97
2023,20230117,2023-01-17 01:11,満潮,131,小潮相当,115
2023,20230117,2023-01-17 06:06,干潮,112,小潮相当,115
2023,20230117,2023-01-17 11:32,満潮,160,小潮相当,115
2023,20230117,2023-01-17 19:34,干潮,45,小潮相当,115
2023,20230118,2023-01-18 03:10,満潮,147,中潮相当,137
2023,20230118,2023-01-18 07:40,干潮,120,中潮相当,137
2023,20230118,2023-01-18 12:39,満潮,161,中潮相当,137
2023,20230118,2023-01-18 20:31,干潮,24,中潮相当,137
2023,20230119,2023-01-19 04:08,満潮,165,大潮相当,163
2023,20230119,2023-01-19 08:53,干潮,121,大潮相当,163
2023,20230119,2023-01-19 13:54,満潮,168,大潮相当,163
2023,20230119,2023-01-19 21:24,干潮,5,大潮相当,163
2023,20230120,2023-01-20 04:52,満潮,180,大潮相当,191
2023,20230120,2023-01-20 09:53,干潮,117,大潮相当,191
2023,20230120,2023-01-20 15:00,満潮,178,大潮相当,191
2023,20230120,2023-01-20 22:15,干潮,-11,大潮相当,191
2023,20230121,2023-01-21 05:32,満潮,189,大潮相当,209
2023,20230121,2023-01-21 10:44,干潮,111,大潮相当,209
2023,20230121,2023-01-21 15:54,満潮,189,大潮相当,209
2023,20230121,2023-01-21 23:05,干潮,-20,大潮相当,209
2023,20230122,2023-01-22 06:09,満潮,192,大潮相当,219
2023,20230122,2023-01-22 11:29,干潮,102,大潮相当,219
2023,20230122,2023-01-22 16:42,満潮,197,大潮相当,219
2023,20230122,2023-01-22 23:51,干潮,-22,大潮相当,219
2023,20230123,2023-01-23 06:45,満潮,192,小潮相当,107
2023,20230123,2023-01-23 12:10,干潮,92,小潮相当,107
2023,20230123,2023-01-23 17:27,満潮,199,小潮相当,107
2023,20230124,2023-01-24 00:34,干潮,-16,大潮相当,211
2023,20230124,2023-01-24 07:18,満潮,188,大潮相当,211
2023,20230124,2023-01-24 12:50,干潮,82,大潮相当,211
2023,20230124,2023-01-24 18:12,満潮,195,大潮相当,211
2023,20230125,2023-01-25 01:12,干潮,-2,大潮相当,185
2023,20230125,2023-01-25 07:48,満潮,183,大潮相当,185
2023,20230125,2023-01-25 13:29,干潮,74,大潮相当,185
2023,20230125,2023-01-25 18:57,満潮,183,大潮相当,185
2023,20230126,2023-01-26 01:46,干潮,19,中潮相当,159
2023,20230126,2023-01-26 08:16,満潮,178,中潮相当,159
2023,20230126,2023-01-26 14:10,干潮,69,中潮相当,159
2023,20230126,2023-01-26 19:45,満潮,167,中潮相当,159
2023,20230127,2023-01-27 02:17,干潮,43,中潮相当,130
2023,20230127,2023-01-27 08:42,満潮,173,中潮相当,130
2023,20230127,2023-01-27 14:55,干潮,66,中潮相当,130
2023,20230127,2023-01-27 20:39,満潮,149,中潮相当,130
2023,20230128,2023-01-28 02:44,干潮,67,小潮相当,103
2023,20230128,2023-01-28 09:07,満潮,169,小潮相当,103
2023,20230128,2023-01-28 15:51,干潮,66,小潮相当,103
2023,20230128,2023-01-28 21:44,満潮,132,小潮相当,103
2023,20230129,2023-01-29 03:07,干潮,90,小潮相当,99
2023,20230129,2023-01-29 09:34,満潮,164,小潮相当,99
2023,20230129,2023-01-29 17:08,干潮,65,小潮相当,99
2023,20230129,2023-01-29 23:23,満潮,120,小潮相当,99
2023,20230130,2023-01-30 03:27,干潮,111,小潮相当,99
2023,20230130,2023-01-30 10:08,満潮,158,小潮相当,99
2023,20230130,2023-01-30 18:36,干潮,59,小潮相当,99
2023,20230131,2023-01-31 11:01,満潮,151,小潮相当,102
2023,20230131,2023-01-31 19:48,干潮,49,小潮相当,102
2023,20230201,2023-02-01 04:15,満潮,143,小潮相当,110
2023,20230201,2023-02-01 07:58,干潮,131,小潮相当,110
2023,20230201,2023-02-01 12:55,満潮,148,小潮相当,110
2023,20230201,2023-02-01 20:45,干潮,38,小潮相当,110
2023,20230202,2023-02-02 04:35,満潮,155,中潮相当,128
2023,20230202,2023-02-02 09:18,干潮,124,中潮相当,128
2023,20230202,2023-02-02 14:31,満潮,154,中潮相当,128
2023,20230202,2023-02-02 21:33,干潮,27,中潮相当,128
2023,20230203,2023-02-03 04:57,満潮,163,中潮相当,145
2023,20230203,2023-02-03 10:06,干潮,115,中潮相当,145
2023,20230203,2023-02-03 15:23,満潮,163,中潮相当,145
2023,20230203,2023-02-03 22:15,干潮,18,中潮相当,145
2023,20230204,2023-02-04 05:19,満潮,169,大潮相当,162
2023,20230204,2023-02-04 10:41,干潮,106,大潮相当,162
2023,20230204,2023-02-04 16:01,満潮,173,大潮相当,162
2023,20230204,2023-02-04 22:52,干潮,11,大潮相当,162
2023,20230205,2023-02-05 05:41,満潮,173,大潮相当,174
2023,20230205,2023-02-05 11:11,干潮,97,大潮相当,174
2023,20230205,2023-02-05 16:34,満潮,180,大潮相当,174
2023,20230205,2023-02-05 23:26,干潮,6,大潮相当,174
2023,20230206,2023-02-06 06:02,満潮,175,大潮相当,178
2023,20230206,2023-02-06 11:38,干潮,88,大潮相当,178
2023,20230206,2023-02-06 17:05,満潮,184,大潮相当,178
2023,20230206,2023-02-06 23:57,干潮,6,大潮相当,178
2023,20230207,2023-02-07 06:24,満潮,176,小潮相当,105
2023,20230207,2023-02-07 12:06,干潮,80,小潮相当,105
2023,20230207,2023-02-07 17:36,満潮,185,小潮相当,105
2023,20230208,2023-02-08 00:26,干潮,9,大潮相当,173
2023,20230208,2023-02-08 06:46,満潮,177,大潮相当,173
2023,20230208,2023-02-08 12:33,干潮,73,大潮相当,173
2023,20230208,2023-02-08 18:08,満潮,182,大潮相当,173
2023,20230209,2023-02-09 00:53,干潮,16,大潮相当,161
2023,20230209,2023-02-09 07:08,満潮,177,大潮相当,161
2023,20230209,2023-02-09 13:01,干潮,67,大潮相当,161
2023,20230209,2023-02-09 18:43,満潮,175,大潮相当,161
2023,20230210,2023-02-10 01:19,干潮,28,中潮相当,148
2023,20230210,2023-02-10 07:31,満潮,176,中潮相当,148
2023,20230210,2023-02-10 13:31,干潮,62,中潮相当,148
2023,20230210,2023-02-10 19:21,満潮,166,中潮相当,148
2023,20230211,2023-02-11 01:45,干潮,43,中潮相当,131
2023,20230211,2023-02-11 07:55,満潮,174,中潮相当,131
2023,20230211,2023-02-11 14:04,干潮,59,中潮相当,131
2023,20230211,2023-02-11 20:07,満潮,155,中潮相当,131
2023,20230212,2023-02-12 02:11,干潮,62,小潮相当,113
2023,20230212,2023-02-12 08:21,満潮,171,小潮相当,113
2023,20230212,2023-02-12 14:45,干潮,58,小潮相当,113
2023,20230212,2023-02-12 21:03,満潮,142,小潮相当,113
2023,20230213,2023-02-13 02:40,干潮,83,小潮相当,109
2023,20230213,2023-02-13 08:50,満潮,167,小潮相当,109
2023,20230213,2023-02-13 15:41,干潮,58,小潮相当,109
2023,20230213,2023-02-13 22:23,満潮,131,小潮相当,109
2023,20230214,2023-02-14 03:15,干潮,105,小潮相当,105
2023,20230214,2023-02-14 09:24,満潮,161,小潮相当,105
2023,20230214,2023-02-14 17:14,干潮,56,小潮相当,105
2023,20230215,2023-02-15 01:27,満潮,129,小潮相当,109
2023,20230215,2023-02-15 04:52,干潮,125,小潮相当,109
2023,20230215,2023-02-15 10:13,満潮,154,小潮相当,109
2023,20230215,2023-02-15 18:57,干潮,45,小潮相当,109
2023,20230216,2023-02-16 03:35,満潮,148,中潮相当,121
2023,20230216,2023-02-16 07:33,干潮,132,中潮相当,121
2023,20230216,2023-02-16 11:45,満潮,149,中潮相当,121
2023,20230216,2023-02-16 20:16,干潮,28,中潮相当,121
2023,20230217,2023-02-17 04:13,満潮,165,中潮相当,155
2023,20230217,2023-02-17 09:03,干潮,124,中潮相当,155
2023,20230217,2023-02-17 13:52,満潮,156,中潮相当,155
2023,20230217,2023-02-17 21:19,干潮,10,中潮相当,155
2023,20230218,2023-02-18 04:45,満潮,178,大潮相当,183
2023,20230218,2023-02-18 09:58,干潮,111,大潮相当,183
2023,20230218,2023-02-18 15:06,満潮,172,大潮相当,183
2023,20230218,2023-02-18 22:12,干潮,-5,大潮相当,183
2023,20230219,2023-02-19 05:15,満潮,186,大潮相当,200
2023,20230219,2023-02-19 10:41,干潮,95,大潮相当,200
2023,20230219,2023-02-19 16:00,満潮,188,大潮相当,200
2023,20230219,2023-02-19 22:59,干潮,-12,大潮相当,200
2023,20230220,2023-02-20 05:44,満潮,191,大潮相当,211
2023,20230220,2023-02-20 11:19,干潮,79,大潮相当,211
2023,20230220,2023-02-20 16:46,満潮,199,大潮相当,211
2023,20230220,2023-02-20 23:40,干潮,-12,大潮相当,211
2023,20230221,2023-02-21 06:12,満潮,191,中潮相当,139
2023,20230221,2023-02-21 11:55,干潮,63,中潮相当,139
2023,20230221,2023-02-21 17:29,満潮,202,中潮相当,139
2023,20230222,2023-02-22 00:17,干潮,-2,大潮相当,199
2023,20230222,2023-02-22 06:37,満潮,190,大潮相当,199
2023,20230222,2023-02-22 12:31,干潮,50,大潮相当,199
2023,20230222,2023-02-22 18:11,満潮,197,大潮相当,199
2023,20230223,2023-02-23 00:50,干潮,15,大潮相当,172
2023,20230223,2023-02-23 07:00,満潮,187,大潮相当,172
2023,20230223,2023-02-23 13:05,干潮,42,大潮相当,172
2023,20230223,2023-02-23 18:53,満潮,186,大潮相当,172
2023,20230224,2023-02-24 01:18,干潮,36,中潮相当,147
2023,20230224,2023-02-24 07:22,満潮,183,中潮相当,147
2023,20230224,2023-02-24 13:41,干潮,38,中潮相当,147
2023,20230224,2023-02-24 19:36,満潮,170,中潮相当,147
2023,20230225,2023-02-25 01:42,干潮,59,中潮相当,138
2023,20230225,2023-02-25 07:41,満潮,179,中潮相当,138
2023,20230225,2023-02-25 14:18,干潮,41,中潮相当,138
2023,20230225,2023-02-25 20:22,満潮,153,中潮相当,138
2023,20230226,2023-02-26 02:02,干潮,80,中潮相当,126
2023,20230226,2023-02-26 08:01,満潮,173,中潮相当,126
2023,20230226,2023-02-26 15:01,干潮,47,中潮相当,126
2023,20230226,2023-02-26 21:16,満潮,136,中潮相当,126
2023,20230227,2023-02-27 02:15,干潮,100,小潮相当,110
2023,20230227,2023-02-27 08:20,満潮,166,小潮相当,110
2023,20230227,2023-02-27 16:01,干潮,56,小潮相当,110
2023,20230227,2023-02-27 22:38,満潮,122,小潮相当,110
2023,20230228,2023-02-28 02:00,干潮,115,小潮相当,94
2023,20230228,2023-02-28 08:42,満潮,156,小潮相当,94
2023,20230228,2023-02-28 17:34,干潮,62,小潮相当,94
2023,20230301,2023-03-01 09:08,満潮,144,小潮相当,86
2023,20230301,2023-03-01 19:13,干潮,58,小潮相当,86
2023,20230302,2023-03-02 04:14,満潮,143,小潮相当,95
2023,20230302,2023-03-02 08:57,干潮,131,小潮相当,95
2023,20230302,2023-03-02 12:37,満潮,133,小潮相当,95
2023,20230302,2023-03-02 20:26,干潮,48,小潮相当,95
2023,20230303,2023-03-03 04:19,満潮,153,小潮相当,116
2023,20230303,2023-03-03 09:40,干潮,117,小潮相当,116
2023,20230303,2023-03-03 14:35,満潮,144,小潮相当,116
2023,20230303,2023-03-03 21:18,干潮,37,小潮相当,116
2023,20230304,2023-03-04 04:34,満潮,161,中潮相当,134
2023,20230304,2023-03-04 10:06,干潮,104,中潮相当,134
2023,20230304,2023-03-04 15:21,満潮,157,中潮相当,134
2023,20230304,2023-03-04 22:00,干潮,27,中潮相当,134
2023,20230305,2023-03-05 04:52,満潮,167,中潮相当,151
2023,20230305,2023-03-05 10:31,干潮,92,中潮相当,151
2023,20230305,2023-03-05 15:56,満潮,170,中潮相当,151
2023,20230305,2023-03-05 22:35,干潮,19,中潮相当,151
2023,20230306,2023-03-06 05:10,満潮,172,大潮相当,163
2023,20230306,2023-03-06 10:55,干潮,79,大潮相当,163
2023,20230306,2023-03-06 16:28,満潮,179,大潮相当,163
2023,20230306,2023-03-06 23:07,干潮,16,大潮相当,163
2023,20230307,2023-03-07 05:28,満潮,176,大潮相当,169
2023,20230307,2023-03-07 11:20,干潮,67,大潮相当,169
2023,20230307,2023-03-07 16:59,満潮,185,大潮相当,169
2023,20230307,2023-03-07 23:36,干潮,16,大潮相当,169
2023,20230308,2023-03-08 05:46,満潮,179,中潮相当,132
2023,20230308,2023-03-08 11:46,干潮,56,中潮相当,132
2023,20230308,2023-03-08 17:31,満潮,188,中潮相当,132
2023,20230309,2023-03-09 00:03,干潮,21,大潮相当,165
2023,20230309,2023-03-09 06:06,満潮,182,大潮相当,165
2023,20230309,2023-03-09 12:12,干潮,46,大潮相当,165
2023,20230309,2023-03-09 18:04,満潮,186,大潮相当,165
2023,20230310,2023-03-10 00:29,干潮,31,中潮相当,152
2023,20230310,2023-03-10 06:25,満潮,183,中潮相当,152
2023,20230310,2023-03-10 12:38,干潮,38,中潮相当,152
2023,20230310,2023-03-10 18:40,満潮,181,中潮相当,152
2023,20230311,2023-03-11 00:55,干潮,44,中潮相当,148
2023,20230311,2023-03-11 06:46,満潮,182,中潮相当,148
2023,20230311,2023-03-11 13:07,干潮,34,中潮相当,148
2023,20230311,2023-03-11 19:19,満潮,173,中潮相当,148
2023,20230312,2023-03-12 01:21,干潮,60,中潮相当,147
2023,20230312,2023-03-12 07:08,満潮,180,中潮相当,147
2023,20230312,2023-03-12 13:37,干潮,33,中潮相当,147
2023,20230312,2023-03-12 20:03,満潮,161,中潮相当,147
2023,20230313,2023-03-13 01:47,干潮,79,中潮相当,140
2023,20230313,2023-03-13 07:31,満潮,175,中潮相当,140
2023,20230313,2023-03-13 14:14,干潮,35,中潮相当,140
2023,20230313,2023-03-13 20:58,満潮,148,中潮相当,140
2023,20230314,2023-03-14 02:13,干潮,98,中潮相当,126
2023,20230314,2023-03-14 07:55,満潮,168,中潮相当,126
2023,20230314,2023-03-14 15:04,干潮,42,中潮相当,126
2023,20230314,2023-03-14 22:21,満潮,135,中潮相当,126
2023,20230315,2023-03-15 02:41,干潮,118,小潮相当,110
2023,20230315,2023-03-15 08:25,満潮,159,小潮相当,110
2023,20230315,2023-03-15 16:30,干潮,49,小潮相当,110
2023,20230316,2023-03-16 02:40,満潮,137,小潮相当,100
2023,20230316,2023-03-16 04:39,干潮,136,小潮相当,100
2023,20230316,2023-03-16 09:08,満潮,147,小潮相当,100
2023,20230316,2023-03-16 18:35,干潮,47,小潮相当,100
2023,20230317,2023-03-17 03:23,満潮,153,小潮相当,119
2023,20230317,2023-03-17 08:13,干潮,130,小潮相当,119
2023,20230317,2023-03-17 11:46,満潮,138,小潮相当,119
2023,20230317,2023-03-17 20:07,干潮,34,小潮相当,119
2023,20230318,2023-03-18 03:51,満潮,166,中潮相当,146
2023,20230318,2023-03-18 09:13,干潮,113,中潮相当,146
2023,20230318,2023-03-18 14:09,満潮,151,中潮相当,146
2023,20230318,2023-03-18 21:11,干潮,20,中潮相当,146
2023,20230319,2023-03-19 04:17,満潮,177,大潮相当,166
2023,20230319,2023-03-19 09:51,干潮,93,大潮相当,166
2023,20230319,2023-03-19 15:12,満潮,171,大潮相当,166
2023,20230319,2023-03-19 22:01,干潮,11,大潮相当,166
2023,20230320,2023-03-20 04:42,満潮,184,小潮相当,117
2023,20230320,2023-03-20 10:26,干潮,71,小潮相当,117
2023,20230320,2023-03-20 16:00,満潮,188,小潮相当,117
2023,20230321,2023-03-21 05:06,満潮,189,大潮相当,184
2023,20230321,2023-03-21 11:00,干潮,51,大潮相当,184
2023,20230321,2023-03-21 16:44,満潮,198,大潮相当,184
2023,20230321,2023-03-21 23:20,干潮,14,大潮相当,184
2023,20230322,2023-03-22 05:29,満潮,191,大潮相当,174
2023,20230322,2023-03-22 11:33,干潮,34,大潮相当,174
2023,20230322,2023-03-22 17:26,満潮,201,大潮相当,174
2023,20230322,2023-03-22 23:53,干潮,27,大潮相当,174
2023,20230323,2023-03-23 05:51,満潮,192,大潮相当,174
2023,20230323,2023-03-23 12:06,干潮,22,大潮相当,174
2023,20230323,2023-03-23 18:06,満潮,196,大潮相当,174
2023,20230324,2023-03-24 00:23,干潮,44,大潮相当,174
2023,20230324,2023-03-24 06:12,満潮,190,大潮相当,174
2023,20230324,2023-03-24 12:39,干潮,16,大潮相当,174
2023,20230324,2023-03-24 18:47,満潮,186,大潮相当,174
2023,20230325,2023-03-25 00:50,干潮,62,大潮相当,170
2023,20230325,2023-03-25 06:32,満潮,187,大潮相当,170
2023,20230325,2023-03-25 13:12,干潮,17,大潮相当,170
2023,20230325,2023-03-25 19:28,満潮,173,大潮相当,170
2023,20230326,2023-03-26 01:13,干潮,81,中潮相当,158
2023,20230326,2023-03-26 06:50,満潮,182,中潮相当,158
2023,20230326,2023-03-26 13:46,干潮,24,中潮相当,158
2023,20230326,2023-03-26 20:11,満潮,158,中潮相当,158
2023,20230327,2023-03-27 01:34,干潮,97,中潮相当,138
2023,20230327,2023-03-27 07:09,満潮,174,中潮相当,138
2023,20230327,2023-03-27 14:23,干潮,36,中潮相当,138
2023,20230327,2023-03-27 21:01,満潮,143,中潮相当,138
2023,20230328,2023-03-28 01:50,干潮,110,小潮相当,114
2023,20230328,2023-03-28 07:27,満潮,164,小潮相当,114
2023,20230328,2023-03-28 15:13,干潮,50,小潮相当,114
2023,20230328,2023-03-28 22:16,満潮,130,小潮相当,114
2023,20230329,2023-03-29 01:52,干潮,122,小潮相当,90
2023,20230329,2023-03-29 07:44,満潮,152,小潮相当,90
2023,20230329,2023-03-29 16:33,干潮,62,小潮相当,90
2023,20230330,2023-03-30 07:40,満潮,139,長潮相当,74
2023,20230330,2023-03-30 18:25,干潮,65,長潮相当,74
2023,20230331,2023-03-31 03:29,満潮,143,小潮相当,85
2023,20230331,2023-03-31 09:51,干潮,123,小潮相当,85
2023,20230331,2023-03-31 12:37,満潮,125,小潮相当,85
2023,20230331,2023-03-31 19:50,干潮,58,小潮相当,85
2023,20230401,2023-04-01 03:37,満潮,151,小潮相当,102
2023,20230401,2023-04-01 09:26,干潮,108,小潮相当,102
2023,20230401,2023-04-01 14:20,満潮,138,小潮相当,102
2023,20230401,2023-04-01 20:47,干潮,49,小潮相当,102
2023,20230402,2023-04-02 03:52,満潮,159,小潮相当,118
2023,20230402,2023-04-02 09:43,干潮,93,小潮相当,118
2023,20230402,2023-04-02 15:06,満潮,152,小潮相当,118
2023,20230402,2023-04-02 21:29,干潮,41,小潮相当,118
2023,20230403,2023-04-03 04:09,満潮,166,中潮相当,130
2023,20230403,2023-04-03 10:06,干潮,78,中潮相当,130
2023,20230403,2023-04-03 15:42,満潮,166,中潮相当,130
2023,20230403,2023-04-03 22:05,干潮,36,中潮相当,130
2023,20230404,2023-04-04 04:26,満潮,172,中潮相当,142
2023,20230404,2023-04-04 10:29,干潮,62,中潮相当,142
2023,20230404,2023-04-04 16:16,満潮,177,中潮相当,142
2023,20230404,2023-04-04 22:37,干潮,35,中潮相当,142
2023,20230405,2023-04-05 04:43,満潮,178,中潮相当,147
2023,20230405,2023-04-05 10:54,干潮,47,中潮相当,147
2023,20230405,2023-04-05 16:50,満潮,185,中潮相当,147
2023,20230405,2023-04-05 23:07,干潮,38,中潮相当,147
2023,20230406,2023-04-06 05:02,満潮,183,中潮相当,157
2023,20230406,2023-04-06 11:19,干潮,33,中潮相当,157
2023,20230406,2023-04-06 17:24,満潮,190,中潮相当,157
2023,20230406,2023-04-06 23:36,干潮,45,中潮相当,157
2023,20230407,2023-04-07 05:21,満潮,186,大潮相当,168
2023,20230407,2023-04-07 11:46,干潮,22,大潮相当,168
2023,20230407,2023-04-07 18:00,満潮,190,大潮相当,168
2023,20230408,2023-04-08 00:05,干潮,55,大潮相当,173
2023,20230408,2023-04-08 05:42,満潮,188,大潮相当,173
2023,20230408,2023-04-08 12:15,干潮,15,大潮相当,173
2023,20230408,2023-04-08 18:39,満潮,186,大潮相当,173
2023,20230409,2023-04-09 00:34,干潮,69,大潮相当,175
2023,20230409,2023-04-09 06:04,満潮,187,大潮相当,175
2023,20230409,2023-04-09 12:45,干潮,12,大潮相当,175
2023,20230409,2023-04-09 19:21,満潮,178,大潮相当,175
2023,20230410,2023-04-10 01:03,干潮,84,大潮相当,169
2023,20230410,2023-04-10 06:27,満潮,183,大潮相当,169
2023,20230410,2023-04-10 13:18,干潮,14,大潮相当,169
2023,20230410,2023-04-10 20:09,満潮,166,大潮相当,169
2023,20230411,2023-04-11 01:33,干潮,100,中潮相当,155
2023,20230411,2023-04-11 06:52,満潮,177,中潮相当,155
2023,20230411,2023-04-11 13:58,干潮,22,中潮相当,155
2023,20230411,2023-04-11 21:11,満潮,153,中潮相当,155
2023,20230412,2023-04-12 02:06,干潮,116,中潮相当,133
2023,20230412,2023-04-12 07:19,満潮,168,中潮相当,133
2023,20230412,2023-04-12 14:52,干潮,35,中潮相当,133
2023,20230412,2023-04-12 22:52,満潮,143,中潮相当,133
2023,20230413,2023-04-13 02:59,干潮,130,小潮相当,108
2023,20230413,2023-04-13 07:50,満潮,155,小潮相当,108
2023,20230413,2023-04-13 16:18,干潮,47,小潮相当,108
2023,20230414,2023-04-14 01:30,満潮,146,小潮相当,96
2023,20230414,2023-04-14 05:55,干潮,136,小潮相当,96
2023,20230414,2023-04-14 08:55,満潮,139,小潮相当,96
2023,20230414,2023-04-14 18:18,干潮,50,小潮相当,96
2023,20230415,2023-04-15 02:31,満潮,157,小潮相当,112
2023,20230415,2023-04-15 08:10,干潮,118,小潮相当,112
2023,20230415,2023-04-15 12:30,満潮,135,小潮相当,112
2023,20230415,2023-04-15 19:47,干潮,45,小潮相当,112
2023,20230416,2023-04-16 03:04,満潮,167,中潮相当,128
2023,20230416,2023-04-16 08:52,干潮,96,中潮相当,128
2023,20230416,2023-04-16 14:09,満潮,152,中潮相当,128
2023,20230416,2023-04-16 20:47,干潮,39,中潮相当,128
2023,20230417,2023-04-17 03:31,満潮,175,中潮相当,137
2023,20230417,2023-04-17 09:27,干潮,72,中潮相当,137
2023,20230417,2023-04-17 15:08,満潮,170,中潮相当,137
2023,20230417,2023-04-17 21:35,干潮,38,中潮相当,137
2023,20230418,2023-04-18 03:56,満潮,182,中潮相当,143
2023,20230418,2023-04-18 10:00,干潮,49,中潮相当,143
2023,20230418,2023-04-18 15:56,満潮,185,中潮相当,143
2023,20230418,2023-04-18 22:15,干潮,42,中潮相当,143
2023,20230419,2023-04-19 04:20,満潮,187,大潮相当,164
2023,20230419,2023-04-19 10:34,干潮,29,大潮相当,164
2023,20230419,2023-04-19 16:39,満潮,193,大潮相当,164
2023,20230419,2023-04-19 22:52,干潮,51,大潮相当,164
2023,20230420,2023-04-20 04:43,満潮,191,大潮相当,182
2023,20230420,2023-04-20 11:07,干潮,14,大潮相当,182
2023,20230420,2023-04-20 17:21,満潮,196,大潮相当,182
2023,20230420,2023-04-20 23:25,干潮,63,大潮相当,182
2023,20230421,2023-04-21 05:06,満潮,192,大潮相当,187
2023,20230421,2023-04-21 11:40,干潮,6,大潮相当,187
2023,20230421,2023-04-21 18:02,満潮,193,大潮相当,187
2023,20230421,2023-04-21 23:56,干潮,77,大潮相当,187
2023,20230422,2023-04-22 05:28,満潮,191,大潮相当,185
2023,20230422,2023-04-22 18:42,満潮,185,大潮相当,185
2023,20230423,2023-04-23 00:25,干潮,89,大潮相当,180
2023,20230423,2023-04-23 05:50,満潮,188,大潮相当,180
2023,20230423,2023-04-23 12:46,干潮,8,大潮相当,180
2023,20230423,2023-04-23 19:23,満潮,175,大潮相当,180
2023,20230424,2023-04-24 00:52,干潮,101,大潮相当,164
2023,20230424,2023-04-24 06:12,満潮,182,大潮相当,164
2023,20230424,2023-04-24 13:21,干潮,18,大潮相当,164
2023,20230424,2023-04-24 20:05,満潮,164,大潮相当,164
2023,20230425,2023-04-25 01:19,干潮,110,中潮相当,142
2023,20230425,2023-04-25 06:34,満潮,173,中潮相当,142
2023,20230425,2023-04-25 13:58,干潮,31,中潮相当,142
2023,20230425,2023-04-25 20:53,満潮,152,中潮相当,142
2023,20230426,2023-04-26 01:47,干潮,119,小潮相当,118
2023,20230426,2023-04-26 06:58,満潮,163,小潮相当,118
2023,20230426,2023-04-26 14:44,干潮,45,小潮相当,118
2023,20230426,2023-04-26 21:58,満潮,142,小潮相当,118
2023,20230427,2023-04-27 02:23,干潮,126,小潮相当,92
2023,20230427,2023-04-27 07:22,満潮,150,小潮相当,92
2023,20230427,2023-04-27 15:48,干潮,58,小潮相当,92
2023,20230427,2023-04-27 23:46,満潮,138,小潮相当,92
2023,20230428,2023-04-28 04:06,干潮,131,長潮相当,69
2023,20230428,2023-04-28 07:46,満潮,136,長潮相当,69
2023,20230428,2023-04-28 17:19,干潮,67,長潮相当,69
2023,20230429,2023-04-29 01:38,満潮,142,長潮相当,75
2023,20230429,2023-04-29 08:13,干潮,120,長潮相当,75
2023,20230429,2023-04-29 11:29,満潮,124,長潮相当,75
2023,20230429,2023-04-29 18:48,干潮,67,長潮相当,75
2023,20230430,2023-04-30 02:20,満潮,150,小潮相当,86
2023,20230430,2023-04-30 08:37,干潮,104,小潮相当,86
2023,20230430,2023-04-30 13:37,満潮,133,小潮相当,86
2023,20230430,2023-04-30 19:53,干潮,64,小潮相当,86
2023,20230501,2023-05-01 02:46,満潮,157,小潮相当,95
2023,20230501,2023-05-01 09:02,干潮,87,小潮相当,95
2023,20230501,2023-05-01 14:35,満潮,147,小潮相当,95
2023,20230501,2023-05-01 20:41,干潮,62,小潮相当,95
2023,20230502,2023-05-02 03:07,満潮,165,小潮相当,104
2023,20230502,2023-05-02 09:27,干潮,69,小潮相当,104
2023,20230502,2023-05-02 15:20,満潮,161,小潮相当,104
2023,20230502,2023-05-02 21:22,干潮,61,小潮相当,104
2023,20230503,2023-05-03 03:28,満潮,172,中潮相当,123
2023,20230503,2023-05-03 09:53,干潮,51,中潮相当,123
2023,20230503,2023-05-03 16:00,満潮,174,中潮相当,123
2023,20230503,2023-05-03 21:59,干潮,63,中潮相当,123
2023,20230504,2023-05-04 03:50,満潮,179,中潮相当,151
2023,20230504,2023-05-04 10:21,干潮,33,中潮相当,151
2023,20230504,2023-05-04 16:39,満潮,184,中潮相当,151
2023,20230504,2023-05-04 22:34,干潮,68,中潮相当,151
2023,20230505,2023-05-05 04:13,満潮,185,大潮相当,173
2023,20230505,2023-05-05 10:50,干潮,18,大潮相当,173
2023,20230505,2023-05-05 17:18,満潮,191,大潮相当,173
2023,20230505,2023-05-05 23:08,干潮,75,大潮相当,173
2023,20230506,2023-05-06 04:37,満潮,190,大潮相当,187
2023,20230506,2023-05-06 11:21,干潮,6,大潮相当,187
2023,20230506,2023-05-06 17:59,満潮,193,大潮相当,187
2023,20230506,2023-05-06 23:42,干潮,84,大潮相当,187
2023,20230507,2023-05-07 05:03,満潮,192,大潮相当,192
2023,20230507,2023-05-07 18:42,満潮,190,大潮相当,192
2023,20230508,2023-05-08 00:17,干潮,95,小潮相当,96
2023,20230508,2023-05-08 05:31,満潮,191,小潮相当,96
2023,20230508,2023-05-08 19:30,満潮,183,小潮相当,96
2023,20230509,2023-05-09 00:53,干潮,106,大潮相当,181
2023,20230509,2023-05-09 06:00,満潮,187,大潮相当,181
2023,20230509,2023-05-09 13:11,干潮,6,大潮相当,181
2023,20230509,2023-05-09 20:24,満潮,172,大潮相当,181
2023,20230510,2023-05-10 01:32,干潮,116,大潮相当,162
2023,20230510,2023-05-10 06:32,満潮,179,大潮相当,162
2023,20230510,2023-05-10 13:58,干潮,17,大潮相当,162
2023,20230510,2023-05-10 21:30,満潮,162,大潮相当,162
2023,20230511,2023-05-11 02:20,干潮,125,中潮相当,136
2023,20230511,2023-05-11 07:10,満潮,168,中潮相当,136
2023,20230511,2023-05-11 14:56,干潮,32,中潮相当,136
2023,20230511,2023-05-11 22:53,満潮,156,中潮相当,136
2023,20230512,2023-05-12 03:35,干潮,130,小潮相当,107
2023,20230512,2023-05-12 08:05,満潮,153,小潮相当,107
2023,20230512,2023-05-12 16:13,干潮,46,小潮相当,107
2023,20230513,2023-05-13 00:15,満潮,156,小潮相当,99
2023,20230513,2023-05-13 05:44,干潮,124,小潮相当,99
2023,20230513,2023-05-13 10:02,満潮,139,小潮相当,99
2023,20230513,2023-05-13 17:45,干潮,57,小潮相当,99
2023,20230514,2023-05-14 01:15,満潮,161,小潮相当,99
2023,20230514,2023-05-14 07:20,干潮,105,小潮相当,99
2023,20230514,2023-05-14 12:24,満潮,140,小潮相当,99
2023,20230514,2023-05-14 19:05,干潮,62,小潮相当,99
2023,20230515,2023-05-15 01:57,満潮,167,小潮相当,100
2023,20230515,2023-05-15 08:12,干潮,82,小潮相当,100
2023,20230515,2023-05-15 13:54,満潮,153,小潮相当,100
2023,20230515,2023-05-15 20:07,干潮,67,小潮相当,100
2023,20230516,2023-05-16 02:31,満潮,173,小潮相当,115
2023,20230516,2023-05-16 08:53,干潮,58,小潮相当,115
2023,20230516,2023-05-16 14:58,満潮,166,小潮相当,115
2023,20230516,2023-05-16 20:58,干潮,73,小潮相当,115
2023,20230517,2023-05-17 03:01,満潮,180,中潮相当,143
2023,20230517,2023-05-17 09:30,干潮,37,中潮相当,143
2023,20230517,2023-05-17 15:50,満潮,178,中潮相当,143
2023,20230517,2023-05-17 21:41,干潮,81,中潮相当,143
2023,20230518,2023-05-18 03:29,満潮,185,大潮相当,165
2023,20230518,2023-05-18 10:06,干潮,21,大潮相当,165
2023,20230518,2023-05-18 16:37,満潮,186,大潮相当,165
2023,20230518,2023-05-18 22:21,干潮,89,大潮相当,165
2023,20230519,2023-05-19 03:57,満潮,189,大潮相当,179
2023,20230519,2023-05-19 10:42,干潮,10,大潮相当,179
2023,20230519,2023-05-19 17:20,満潮,189,大潮相当,179
2023,20230519,2023-05-19 22:59,干潮,97,大潮相当,179
2023,20230520,2023-05-20 04:25,満潮,190,大潮相当,185
2023,20230520,2023-05-20 11:17,干潮,5,大潮相当,185
2023,20230520,2023-05-20 18:01,満潮,189,大潮相当,185
2023,20230520,2023-05-20 23:34,干潮,104,大潮相当,185
2023,20230521,2023-05-21 04:53,満潮,190,大潮相当,185
2023,20230521,2023-05-21 11:52,干潮,5,大潮相当,185
2023,20230521,2023-05-21 18:40,満潮,185,大潮相当,185
2023,20230522,2023-05-22 00:07,干潮,109,大潮相当,177
2023,20230522,2023-05-22 05:21,満潮,187,大潮相当,177
2023,20230522,2023-05-22 12:27,干潮,10,大潮相当,177
2023,20230522,2023-05-22 19:18,満潮,179,大潮相当,177
2023,20230523,2023-05-23 00:40,干潮,114,大潮相当,163
2023,20230523,2023-05-23 05:49,満潮,182,大潮相当,163
2023,20230523,2023-05-23 13:04,干潮,19,大潮相当,163
2023,20230523,2023-05-23 19:57,満潮,171,大潮相当,163
2023,20230524,2023-05-24 01:12,干潮,117,中潮相当,145
2023,20230524,2023-05-24 06:19,満潮,175,中潮相当,145
2023,20230524,2023-05-24 13:42,干潮,30,中潮相当,145
2023,20230524,2023-05-24 20:39,満潮,163,中潮相当,145
2023,20230525,2023-05-25 01:48,干潮,120,中潮相当,124
2023,20230525,2023-05-25 06:51,満潮,165,中潮相当,124
2023,20230525,2023-05-25 14:24,干潮,41,中潮相当,124
2023,20230525,2023-05-25 21:27,満潮,157,中潮相当,124
2023,20230526,2023-05-26 02:32,干潮,122,小潮相当,100
2023,20230526,2023-05-26 07:29,満潮,154,小潮相当,100
2023,20230526,2023-05-26 15:13,干潮,54,小潮相当,100
2023,20230526,2023-05-26 22:23,満潮,153,小潮相当,100
2023,20230527,2023-05-27 03:42,干潮,123,小潮相当,87
2023,20230527,2023-05-27 08:28,満潮,141,小潮相当,87
2023,20230527,2023-05-27 16:13,干潮,65,小潮相当,87
2023,20230527,2023-05-27 23:22,満潮,152,小潮相当,87
2023,20230528,2023-05-28 05:51,干潮,118,長潮相当,56
2023,20230528,2023-05-28 10:24,満潮,131,長潮相当,56
2023,20230528,2023-05-28 17:26,干潮,75,長潮相当,56
2023,20230529,2023-05-29 00:18,満潮,155,長潮相当,74
2023,20230529,2023-05-29 07:19,干潮,103,長潮相当,74
2023,20230529,2023-05-29 12:26,満潮,133,長潮相当,74
2023,20230529,2023-05-29 18:38,干潮,81,長潮相当,74
2023,20230530,2023-05-30 01:04,満潮,160,長潮相当,75
2023,20230530,2023-05-30 08:04,干潮,85,長潮相当,75
2023,20230530,2023-05-30 13:50,満潮,143,長潮相当,75
2023,20230530,2023-05-30 19:39,干潮,85,長潮相当,75
2023,20230531,2023-05-31 01:43,満潮,166,小潮相当,101
2023,20230531,2023-05-31 08:39,干潮,65,小潮相当,101
2023,20230531,2023-05-31 14:53,満潮,157,小潮相当,101
2023,20230531,2023-05-31 20:31,干潮,89,小潮相当,101
2023,20230601,2023-06-01 02:17,満潮,173,中潮相当,127
2023,20230601,2023-06-01 09:11,干潮,46,中潮相当,127
2023,20230601,2023-06-01 15:45,満潮,171,中潮相当,127
2023,20230601,2023-06-01 21:17,干潮,93,中潮相当,127
2023,20230602,2023-06-02 02:50,満潮,180,中潮相当,156
2023,20230602,2023-06-02 09:45,干潮,27,中潮相当,156
2023,20230602,2023-06-02 16:31,満潮,183,中潮相当,156
2023,20230602,2023-06-02 22:01,干潮,99,中潮相当,156
2023,20230603,2023-06-03 03:24,満潮,187,大潮相当,180
2023,20230603,2023-06-03 10:21,干潮,12,大潮相当,180
2023,20230603,2023-06-03 17:16,満潮,192,大潮相当,180
2023,20230603,2023-06-03 22:43,干潮,104,大潮相当,180
2023,20230604,2023-06-04 03:59,満潮,192,大潮相当,195
2023,20230604,2023-06-04 10:59,干潮,1,大潮相当,195
2023,20230604,2023-06-04 18:02,満潮,196,大潮相当,195
2023,20230604,2023-06-04 23:25,干潮,109,大潮相当,195
2023,20230605,2023-06-05 04:34,満潮,196,大潮相当,198
2023,20230605,2023-06-05 18:48,満潮,194,大潮相当,198
2023,20230606,2023-06-06 00:07,干潮,114,大潮相当,200
2023,20230606,2023-06-06 05:12,満潮,196,大潮相当,200
2023,20230606,2023-06-06 12:25,干潮,-4,大潮相当,200
2023,20230606,2023-06-06 19:37,満潮,189,大潮相当,200
2023,20230607,2023-06-07 00:50,干潮,118,大潮相当,188
2023,20230607,2023-06-07 05:52,満潮,192,大潮相当,188
2023,20230607,2023-06-07 13:12,干潮,4,大潮相当,188
2023,20230607,2023-06-07 20:28,満潮,182,大潮相当,188
2023,20230608,2023-06-08 01:37,干潮,120,大潮相当,169
2023,20230608,2023-06-08 06:36,満潮,185,大潮相当,169
2023,20230608,2023-06-08 14:01,干潮,16,大潮相当,169
2023,20230608,2023-06-08 21:21,満潮,176,大潮相当,169
2023,20230609,2023-06-09 02:29,干潮,120,中潮相当,141
2023,20230609,2023-06-09 07:28,満潮,173,中潮相当,141
2023,20230609,2023-06-09 14:53,干潮,32,中潮相当,141
2023,20230609,2023-06-09 22:13,満潮,170,中潮相当,141
2023,20230610,2023-06-10 03:33,干潮,116,小潮相当,117
2023,20230610,2023-06-10 08:37,満潮,159,小潮相当,117
2023,20230610,2023-06-10 15:50,干潮,51,小潮相当,117
2023,20230610,2023-06-10 23:03,満潮,168,小潮相当,117
2023,20230611,2023-06-11 04:56,干潮,108,小潮相当,98
2023,20230611,2023-06-11 10:12,満潮,148,小潮相当,98
2023,20230611,2023-06-11 16:54,干潮,70,小潮相当,98
2023,20230611,2023-06-11 23:49,満潮,168,小潮相当,98
2023,20230612,2023-06-12 06:20,干潮,92,長潮相当,59
2023,20230612,2023-06-12 11:55,満潮,145,長潮相当,59
2023,20230612,2023-06-12 18:05,干潮,86,長潮相当,59
2023,20230613,2023-06-13 00:32,満潮,170,小潮相当,97
2023,20230613,2023-06-13 07:25,干潮,73,小潮相当,97
2023,20230613,2023-06-13 13:32,満潮,150,小潮相当,97
2023,20230613,2023-06-13 19:13,干潮,99,小潮相当,97
2023,20230614,2023-06-14 01:15,満潮,173,小潮相当,119
2023,20230614,2023-06-14 08:15,干潮,54,小潮相当,119
2023,20230614,2023-06-14 14:53,満潮,160,小潮相当,119
2023,20230614,2023-06-14 20:14,干潮,109,小潮相当,119
2023,20230615,2023-06-15 01:58,満潮,177,中潮相当,139
2023,20230615,2023-06-15 08:59,干潮,38,中潮相当,139
2023,20230615,2023-06-15 15:55,満潮,171,中潮相当,139
2023,20230615,2023-06-15 21:07,干潮,115,中潮相当,139
2023,20230616,2023-06-16 02:40,満潮,181,中潮相当,155
2023,20230616,2023-06-16 09:40,干潮,26,中潮相当,155
2023,20230616,2023-06-16 16:43,満潮,180,中潮相当,155
2023,20230616,2023-06-16 21:56,干潮,119,中潮相当,155
2023,20230617,2023-06-17 03:20,満潮,184,大潮相当,167
2023,20230617,2023-06-17 10:20,干潮,18,大潮相当,167
2023,20230617,2023-06-17 17:23,満潮,185,大潮相当,167
2023,20230617,2023-06-17 22:40,干潮,120,大潮相当,167
2023,20230618,2023-06-18 03:58,満潮,187,大潮相当,173
2023,20230618,2023-06-18 10:59,干潮,15,大潮相当,173
2023,20230618,2023-06-18 18:00,満潮,188,大潮相当,173
2023,20230618,2023-06-18 23:20,干潮,120,大潮相当,173
2023,20230619,2023-06-19 04:34,満潮,188,大潮相当,173
2023,20230619,2023-06-19 11:37,干潮,15,大潮相当,173
2023,20230619,2023-06-19 18:34,満潮,187,大潮相当,173
2023,20230619,2023-06-19 23:57,干潮,119,大潮相当,173
2023,20230620,2023-06-20 05:08,満潮,188,大潮相当,171
2023,20230620,2023-06-20 12:15,干潮,17,大潮相当,171
2023,20230620,2023-06-20 19:06,満潮,184,大潮相当,171
2023,20230621,2023-06-21 00:31,干潮,117,大潮相当,163
2023,20230621,2023-06-21 05:42,満潮,186,大潮相当,163
2023,20230621,2023-06-21 12:52,干潮,23,大潮相当,163
2023,20230621,2023-06-21 19:39,満潮,180,大潮相当,163
2023,20230622,2023-06-22 01:04,干潮,115,中潮相当,151
2023,20230622,2023-06-22 06:16,満潮,181,中潮相当,151
2023,20230622,2023-06-22 13:27,干潮,30,中潮相当,151
2023,20230622,2023-06-22 20:12,満潮,175,中潮相当,151
2023,20230623,2023-06-23 01:39,干潮,113,中潮相当,134
2023,20230623,2023-06-23 06:52,満潮,174,中潮相当,134
2023,20230623,2023-06-23 14:03,干潮,40,中潮相当,134
2023,20230623,2023-06-23 20:47,満潮,172,中潮相当,134
2023,20230624,2023-06-24 02:17,干潮,112,小潮相当,118
2023,20230624,2023-06-24 07:34,満潮,164,小潮相当,118
2023,20230624,2023-06-24 14:39,干潮,52,小潮相当,118
2023,20230624,2023-06-24 21:23,満潮,170,小潮相当,118
2023,20230625,2023-06-25 03:04,干潮,111,小潮相当,102
2023,20230625,2023-06-25 08:28,満潮,153,小潮相当,102
2023,20230625,2023-06-25 15:19,干潮,66,小潮相当,102
2023,20230625,2023-06-25 22:01,満潮,168,小潮相当,102
2023,20230626,2023-06-26 04:09,干潮,107,小潮相当,87
2023,20230626,2023-06-26 09:43,満潮,144,小潮相当,87
2023,20230626,2023-06-26 16:07,干潮,81,小潮相当,87
2023,20230626,2023-06-26 22:40,満潮,168,小潮相当,87
2023,20230627,2023-06-27 05:36,干潮,98,長潮相当,73
2023,20230627,2023-06-27 11:14,満潮,140,長潮相当,73
2023,20230627,2023-06-27 17:10,干潮,96,長潮相当,73
2023,20230627,2023-06-27 23:22,満潮,169,長潮相当,73
2023,20230628,2023-06-28 06:50,干潮,84,長潮相当,59
2023,20230628,2023-06-28 12:55,満潮,143,長潮相当,59
2023,20230628,2023-06-28 18:27,干潮,108,長潮相当,59
2023,20230629,2023-06-29 00:08,満潮,171,小潮相当,105
2023,20230629,2023-06-29 07:43,干潮,66,小潮相当,105
2023,20230629,2023-06-29 14:30,満潮,155,小潮相当,105
2023,20230629,2023-06-29 19:38,干潮,116,小潮相当,105
2023,20230630,2023-06-30 00:58,満潮,174,中潮相当,128
2023,20230630,2023-06-30 08:29,干潮,46,中潮相当,128
2023,20230630,2023-06-30 15:39,満潮,170,中潮相当,128
2023,20230630,2023-06-30 20:39,干潮,121,中潮相当,128
2023,20230701,2023-07-01 01:51,満潮,179,中潮相当,156
2023,20230701,2023-07-01 09:13,干潮,28,中潮相当,156
2023,20230701,2023-07-01 16:32,満潮,184,中潮相当,156
2023,20230701,2023-07-01 21:35,干潮,124,中潮相当,156
2023,20230702,2023-07-02 02:44,満潮,186,大潮相当,181
2023,20230702,2023-07-02 09:59,干潮,13,大潮相当,181
2023,20230702,2023-07-02 17:18,満潮,194,大潮相当,181
2023,20230702,2023-07-02 22:27,干潮,125,大潮相当,181
2023,20230703,2023-07-03 03:35,満潮,194,大潮相当,198
2023,20230703,2023-07-03 10:47,干潮,2,大潮相当,198
2023,20230703,2023-07-03 18:02,満潮,200,大潮相当,198
2023,20230703,2023-07-03 23:16,干潮,123,大潮相当,198
2023,20230704,2023-07-04 04:23,満潮,200,大潮相当,202
2023,20230704,2023-07-04 18:45,満潮,201,大潮相当,202
2023,20230705,2023-07-05 00:03,干潮,119,小潮相当,84
2023,20230705,2023-07-05 05:09,満潮,203,小潮相当,84
2023,20230705,2023-07-05 19:27,満潮,198,小潮相当,84
2023,20230706,2023-07-06 00:47,干潮,114,大潮相当,197
2023,20230706,2023-07-06 05:56,満潮,202,大潮相当,197
2023,20230706,2023-07-06 13:10,干潮,5,大潮相当,197
2023,20230706,2023-07-06 20:07,満潮,193,大潮相当,197
2023,20230707,2023-07-07 01:32,干潮,108,大潮相当,175
2023,20230707,2023-07-07 06:45,満潮,195,大潮相当,175
2023,20230707,2023-07-07 13:53,干潮,20,大潮相当,175
2023,20230707,2023-07-07 20:44,満潮,188,大潮相当,175
2023,20230708,2023-07-08 02:17,干潮,101,中潮相当,143
2023,20230708,2023-07-08 07:39,満潮,183,中潮相当,143
2023,20230708,2023-07-08 14:34,干潮,40,中潮相当,143
2023,20230708,2023-07-08 21:19,満潮,183,中潮相当,143
2023,20230709,2023-07-09 03:08,干潮,95,小潮相当,117
2023,20230709,2023-07-09 08:41,満潮,170,小潮相当,117
2023,20230709,2023-07-09 15:14,干潮,63,小潮相当,117
2023,20230709,2023-07-09 21:52,満潮,180,小潮相当,117
2023,20230710,2023-07-10 04:08,干潮,89,小潮相当,91
2023,20230710,2023-07-10 09:54,満潮,156,小潮相当,91
2023,20230710,2023-07-10 15:56,干潮,87,小潮相当,91
2023,20230710,2023-07-10 22:25,満潮,178,小潮相当,91
2023,20230711,2023-07-11 05:21,干潮,81,小潮相当,95
2023,20230711,2023-07-11 11:22,満潮,147,小潮相当,95
2023,20230711,2023-07-11 16:49,干潮,110,小潮相当,95
2023,20230711,2023-07-11 23:02,満潮,176,小潮相当,95
2023,20230712,2023-07-12 06:35,干潮,70,小潮相当,104
2023,20230712,2023-07-12 13:19,満潮,146,小潮相当,104
2023,20230712,2023-07-12 18:05,干潮,127,小潮相当,104
2023,20230712,2023-07-12 23:47,満潮,174,小潮相当,104
2023,20230713,2023-07-13 07:39,干潮,58,小潮相当,98
2023,20230713,2023-07-13 15:15,満潮,156,小潮相当,98
2023,20230713,2023-07-13 19:32,干潮,137,小潮相当,98
2023,20230714,2023-07-14 00:49,満潮,172,中潮相当,124
2023,20230714,2023-07-14 08:33,干潮,48,中潮相当,124
2023,20230714,2023-07-14 16:13,満潮,169,中潮相当,124
2023,20230714,2023-07-14 20:47,干潮,138,中潮相当,124
2023,20230715,2023-07-15 02:02,満潮,174,中潮相当,140
2023,20230715,2023-07-15 09:21,干潮,39,中潮相当,140
2023,20230715,2023-07-15 16:50,満潮,179,中潮相当,140
2023,20230715,2023-07-15 21:47,干潮,135,中潮相当,140
2023,20230716,2023-07-16 03:04,満潮,179,中潮相当,153
2023,20230716,2023-07-16 10:06,干潮,32,中潮相当,153
2023,20230716,2023-07-16 17:21,満潮,185,中潮相当,153
2023,20230716,2023-07-16 22:35,干潮,129,中潮相当,153
2023,20230717,2023-07-17 03:51,満潮,184,大潮相当,162
2023,20230717,2023-07-17 10:48,干潮,27,大潮相当,162
2023,20230717,2023-07-17 17:50,満潮,189,大潮相当,162
2023,20230717,2023-07-17 23:14,干潮,123,大潮相当,162
2023,20230718,2023-07-18 04:30,満潮,189,大潮相当,166
2023,20230718,2023-07-18 11:27,干潮,24,大潮相当,166
2023,20230718,2023-07-18 18:17,満潮,190,大潮相当,166
2023,20230718,2023-07-18 23:48,干潮,116,大潮相当,166
2023,20230719,2023-07-19 05:05,満潮,193,大潮相当,169
2023,20230719,2023-07-19 12:03,干潮,24,大潮相当,169
2023,20230719,2023-07-19 18:43,満潮,189,大潮相当,169
2023,20230720,2023-07-20 00:19,干潮,110,大潮相当,166
2023,20230720,2023-07-20 05:38,満潮,193,大潮相当,166
2023,20230720,2023-07-20 12:37,干潮,27,大潮相当,166
2023,20230720,2023-07-20 19:09,満潮,188,大潮相当,166
2023,20230721,2023-07-21 00:49,干潮,104,中潮相当,157
2023,20230721,2023-07-21 06:12,満潮,190,中潮相当,157
2023,20230721,2023-07-21 13:07,干潮,33,中潮相当,157
2023,20230721,2023-07-21 19:35,満潮,187,中潮相当,157
2023,20230722,2023-07-22 01:19,干潮,100,中潮相当,143
2023,20230722,2023-07-22 06:47,満潮,184,中潮相当,143
2023,20230722,2023-07-22 13:36,干潮,43,中潮相当,143
2023,20230722,2023-07-22 20:01,満潮,186,中潮相当,143
2023,20230723,2023-07-23 01:51,干潮,96,中潮相当,129
2023,20230723,2023-07-23 07:27,満潮,176,中潮相当,129
2023,20230723,2023-07-23 14:05,干潮,56,中潮相当,129
2023,20230723,2023-07-23 20:28,満潮,185,中潮相当,129
2023,20230724,2023-07-24 02:27,干潮,93,小潮相当,112
2023,20230724,2023-07-24 08:14,満潮,166,小潮相当,112
2023,20230724,2023-07-24 14:34,干潮,71,小潮相当,112
2023,20230724,2023-07-24 20:57,満潮,183,小潮相当,112
2023,20230725,2023-07-25 03:11,干潮,90,小潮相当,92
2023,20230725,2023-07-25 09:12,満潮,156,小潮相当,92
2023,20230725,2023-07-25 15:07,干潮,89,小潮相当,92
2023,20230725,2023-07-25 21:28,満潮,181,小潮相当,92
2023,20230726,2023-07-26 04:09,干潮,86,小潮相当,92
2023,20230726,2023-07-26 10:25,満潮,148,小潮相当,92
2023,20230726,2023-07-26 15:51,干潮,108,小潮相当,92
2023,20230726,2023-07-26 22:03,満潮,178,小潮相当,92
2023,20230727,2023-07-27 05:29,干潮,79,小潮相当,97
2023,20230727,2023-07-27 12:07,満潮,146,小潮相当,97
2023,20230727,2023-07-27 17:07,干潮,127,小潮相当,97
2023,20230727,2023-07-27 22:46,満潮,176,小潮相当,97
2023,20230728,2023-07-28 06:48,干潮,66,小潮相当,108
2023,20230728,2023-07-28 14:33,満潮,156,小潮相当,108
2023,20230728,2023-07-28 18:52,干潮,138,小潮相当,108
2023,20230728,2023-07-28 23:44,満潮,174,小潮相当,108
2023,20230729,2023-07-29 07:54,干潮,50,中潮相当,122
2023,20230729,2023-07-29 15:49,満潮,172,中潮相当,122
2023,20230729,2023-07-29 20:19,干潮,141,中潮相当,122
2023,20230730,2023-07-30 01:05,満潮,175,中潮相当,154
2023,20230730,2023-07-30 08:53,干潮,33,中潮相当,154
2023,20230730,2023-07-30 16:35,満潮,187,中潮相当,154
2023,20230730,2023-07-30 21:28,干潮,138,中潮相当,154
2023,20230731,2023-07-31 02:27,満潮,183,大潮相当,180
2023,20230731,2023-07-31 09:49,干潮,18,大潮相当,180
2023,20230731,2023-07-31 17:14,満潮,198,大潮相当,180
2023,20230731,2023-07-31 22:24,干潮,130,大潮相当,180
2023,20230801,2023-08-01 03:31,満潮,195,大潮相当,198
2023,20230801,2023-08-01 10:42,干潮,7,大潮相当,198
2023,20230801,2023-08-01 17:50,満潮,205,大潮相当,198
2023,20230801,2023-08-01 23:12,干潮,119,大潮相当,198
2023,20230802,2023-08-02 04:24,満潮,206,大潮相当,201
2023,20230802,2023-08-02 18:25,満潮,207,大潮相当,201
2023,20230803,2023-08-03 05:12,満潮,212,大潮相当,208
2023,20230803,2023-08-03 12:15,干潮,4,大潮相当,208
2023,20230803,2023-08-03 18:57,満潮,206,大潮相当,208
2023,20230804,2023-08-04 00:34,干潮,94,大潮相当,197
2023,20230804,2023-08-04 05:59,満潮,212,大潮相当,197
2023,20230804,2023-08-04 12:55,干潮,15,大潮相当,197
2023,20230804,2023-08-04 19:27,満潮,202,大潮相当,197
2023,20230805,2023-08-05 01:14,干潮,83,大潮相当,171
2023,20230805,2023-08-05 06:46,満潮,205,大潮相当,171
2023,20230805,2023-08-05 13:31,干潮,34,大潮相当,171
2023,20230805,2023-08-05 19:55,満潮,199,大潮相当,171
2023,20230806,2023-08-06 01:53,干潮,75,中潮相当,138
2023,20230806,2023-08-06 07:36,満潮,192,中潮相当,138
2023,20230806,2023-08-06 14:04,干潮,57,中潮相当,138
2023,20230806,2023-08-06 20:20,満潮,195,中潮相当,138
2023,20230807,2023-08-07 02:36,干潮,71,中潮相当,120
2023,20230807,2023-08-07 08:30,満潮,176,中潮相当,120
2023,20230807,2023-08-07 14:33,干潮,82,中潮相当,120
2023,20230807,2023-08-07 20:44,満潮,191,中潮相当,120
2023,20230808,2023-08-08 03:24,干潮,70,小潮相当,116
2023,20230808,2023-08-08 09:31,満潮,160,小潮相当,116
2023,20230808,2023-08-08 15:00,干潮,106,小潮相当,116
2023,20230808,2023-08-08 21:09,満潮,186,小潮相当,116
2023,20230809,2023-08-09 04:26,干潮,72,小潮相当,108
2023,20230809,2023-08-09 10:52,満潮,147,小潮相当,108
2023,20230809,2023-08-09 15:27,干潮,127,小潮相当,108
2023,20230809,2023-08-09 21:37,満潮,180,小潮相当,108
2023,20230810,2023-08-10 05:46,干潮,72,小潮相当,100
2023,20230810,2023-08-10 22:17,満潮,172,小潮相当,100
2023,20230811,2023-08-11 07:07,干潮,67,小潮相当,97
2023,20230811,2023-08-11 15:55,満潮,160,小潮相当,97
2023,20230811,2023-08-11 19:18,干潮,152,小潮相当,97
2023,20230811,2023-08-11 23:40,満潮,164,小潮相当,97
2023,20230812,2023-08-12 08:14,干潮,60,小潮相当,111
2023,20230812,2023-08-12 16:20,満潮,171,小潮相当,111
2023,20230812,2023-08-12 21:02,干潮,145,小潮相当,111
2023,20230813,2023-08-13 02:01,満潮,165,中潮相当,129
2023,20230813,2023-08-13 09:09,干潮,51,中潮相当,129
2023,20230813,2023-08-13 16:43,満潮,180,中潮相当,129
2023,20230813,2023-08-13 21:57,干潮,135,中潮相当,129
2023,20230814,2023-08-14 03:07,満潮,175,中潮相当,143
2023,20230814,2023-08-14 09:56,干潮,43,中潮相当,143
2023,20230814,2023-08-14 17:05,満潮,186,中潮相当,143
2023,20230814,2023-08-14 22:34,干潮,124,中潮相当,143
2023,20230815,2023-08-15 03:51,満潮,184,中潮相当,154
2023,20230815,2023-08-15 10:37,干潮,36,中潮相当,154
2023,20230815,2023-08-15 17:27,満潮,190,中潮相当,154
2023,20230815,2023-08-15 23:04,干潮,113,中潮相当,154
2023,20230816,2023-08-16 04:26,満潮,192,大潮相当,161
2023,20230816,2023-08-16 11:13,干潮,32,大潮相当,161
2023,20230816,2023-08-16 17:49,満潮,193,大潮相当,161
2023,20230816,2023-08-16 23:33,干潮,103,大潮相当,161
2023,20230817,2023-08-17 04:59,満潮,198,大潮相当,167
2023,20230817,2023-08-17 11:45,干潮,31,大潮相当,167
2023,20230817,2023-08-17 18:10,満潮,195,大潮相当,167
2023,20230818,2023-08-18 00:00,干潮,94,大潮相当,164
2023,20230818,2023-08-18 05:31,満潮,199,大潮相当,164
2023,20230818,2023-08-18 12:15,干潮,35,大潮相当,164
2023,20230818,2023-08-18 18:30,満潮,196,大潮相当,164
2023,20230819,2023-08-19 00:27,干潮,86,中潮相当,155
2023,20230819,2023-08-19 06:04,満潮,197,中潮相当,155
2023,20230819,2023-08-19 12:42,干潮,42,中潮相当,155
2023,20230819,2023-08-19 18:51,満潮,196,中潮相当,155
2023,20230820,2023-08-20 00:54,干潮,79,中潮相当,143
2023,20230820,2023-08-20 06:38,満潮,192,中潮相当,143
2023,20230820,2023-08-20 13:07,干潮,53,中潮相当,143
2023,20230820,2023-08-20 19:13,満潮,196,中潮相当,143
2023,20230821,2023-08-21 01:22,干潮,74,中潮相当,128
2023,20230821,2023-08-21 07:16,満潮,185,中潮相当,128
2023,20230821,2023-08-21 13:33,干潮,67,中潮相当,128
2023,20230821,2023-08-21 19:35,満潮,195,中潮相当,128
2023,20230822,2023-08-22 01:53,干潮,70,中潮相当,122
2023,20230822,2023-08-22 07:59,満潮,175,中潮相当,122
2023,20230822,2023-08-22 13:58,干潮,84,中潮相当,122
2023,20230822,2023-08-22 19:59,満潮,192,中潮相当,122
2023,20230823,2023-08-23 02:28,干潮,69,小潮相当,119
2023,20230823,2023-08-23 08:50,満潮,165,小潮相当,119
2023,20230823,2023-08-23 14:25,干潮,102,小潮相当,119
2023,20230823,2023-08-23 20:26,満潮,188,小潮相当,119
2023,20230824,2023-08-24 03:14,干潮,70,小潮相当,112
2023,20230824,2023-08-24 09:57,満潮,154,小潮相当,112
2023,20230824,2023-08-24 14:55,干潮,121,小潮相当,112
2023,20230824,2023-08-24 20:56,満潮,182,小潮相当,112
2023,20230825,2023-08-25 04:25,干潮,71,小潮相当,104
2023,20230825,2023-08-25 11:54,満潮,148,小潮相当,104
2023,20230825,2023-08-25 15:50,干潮,141,小潮相当,104
2023,20230825,2023-08-25 21:36,満潮,175,小潮相当,104
2023,20230826,2023-08-26 06:06,干潮,66,小潮相当,102
2023,20230826,2023-08-26 15:08,満潮,161,小潮相当,102
2023,20230826,2023-08-26 18:39,干潮,152,小潮相当,102
2023,20230826,2023-08-26 22:45,満潮,168,小潮相当,102
2023,20230827,2023-08-27 07:35,干潮,54,中潮相当,123
2023,20230827,2023-08-27 15:51,満潮,177,中潮相当,123
2023,20230827,2023-08-27 20:32,干潮,147,中潮相当,123
2023,20230828,2023-08-28 00:59,満潮,167,中潮相当,153
2023,20230828,2023-08-28 08:45,干潮,38,中潮相当,153
2023,20230828,2023-08-28 16:23,満潮,191,中潮相当,153
2023,20230828,2023-08-28 21:35,干潮,133,中潮相当,153
2023,20230829,2023-08-29 02:35,満潮,181,大潮相当,177
2023,20230829,2023-08-29 09:44,干潮,24,大潮相当,177
2023,20230829,2023-08-29 16:53,満潮,201,大潮相当,177
2023,20230829,2023-08-29 22:20,干潮,117,大潮相当,177
2023,20230830,2023-08-30 03:35,満潮,198,大潮相当,193
2023,20230830,2023-08-30 10:34,干潮,14,大潮相当,193
2023,20230830,2023-08-30 17:22,満潮,207,大潮相当,193
2023,20230830,2023-08-30 22:59,干潮,99,大潮相当,193
2023,20230831,2023-08-31 04:25,満潮,211,大潮相当,198
2023,20230831,2023-08-31 11:18,干潮,13,大潮相当,198
2023,20230831,2023-08-31 17:50,満潮,210,大潮相当,198
2023,20230831,2023-08-31 23:36,干潮,81,大潮相当,198
2023,20230901,2023-09-01 05:11,満潮,218,大潮相当,198
2023,20230901,2023-09-01 18:16,満潮,210,大潮相当,198
2023,20230902,2023-09-02 00:13,干潮,65,大潮相当,181
2023,20230902,2023-09-02 05:56,満潮,217,大潮相当,181
2023,20230902,2023-09-02 12:32,干潮,36,大潮相当,181
2023,20230902,2023-09-02 18:40,満潮,208,大潮相当,181
2023,20230903,2023-09-03 00:48,干潮,53,中潮相当,155
2023,20230903,2023-09-03 06:40,満潮,208,中潮相当,155
2023,20230903,2023-09-03 13:03,干潮,56,中潮相当,155
2023,20230903,2023-09-03 19:02,満潮,205,中潮相当,155
2023,20230904,2023-09-04 01:25,干潮,48,中潮相当,153
2023,20230904,2023-09-04 07:27,満潮,194,中潮相当,153
2023,20230904,2023-09-04 13:31,干潮,80,中潮相当,153
2023,20230904,2023-09-04 19:23,満潮,201,中潮相当,153
2023,20230905,2023-09-05 02:03,干潮,49,中潮相当,146
2023,20230905,2023-09-05 08:16,満潮,178,中潮相当,146
2023,20230905,2023-09-05 13:54,干潮,102,中潮相当,146
2023,20230905,2023-09-05 19:43,満潮,195,中潮相当,146
2023,20230906,2023-09-06 02:45,干潮,55,中潮相当,133
2023,20230906,2023-09-06 09:12,満潮,161,中潮相当,133
2023,20230906,2023-09-06 14:14,干潮,121,中潮相当,133
2023,20230906,2023-09-06 20:03,満潮,188,中潮相当,133
2023,20230907,2023-09-07 03:39,干潮,65,小潮相当,112
2023,20230907,2023-09-07 10:32,満潮,148,小潮相当,112
2023,20230907,2023-09-07 14:21,干潮,137,小潮相当,112
2023,20230907,2023-09-07 20:24,満潮,177,小潮相当,112
2023,20230908,2023-09-08 05:00,干潮,73,小潮相当,92
2023,20230908,2023-09-08 20:48,満潮,165,小潮相当,92
2023,20230909,2023-09-09 06:37,干潮,75,小潮相当,87
2023,20230909,2023-09-09 15:49,満潮,162,小潮相当,87
2023,20230910,2023-09-10 07:56,干潮,68,小潮相当,103
2023,20230910,2023-09-10 15:58,満潮,171,小潮相当,103
2023,20230910,2023-09-10 21:27,干潮,136,小潮相当,103
2023,20230911,2023-09-11 02:13,満潮,159,中潮相当,120
2023,20230911,2023-09-11 08:54,干潮,59,中潮相当,120
2023,20230911,2023-09-11 16:15,満潮,179,中潮相当,120
2023,20230911,2023-09-11 21:53,干潮,122,中潮相当,120
2023,20230912,2023-09-12 03:06,満潮,171,中潮相当,134
2023,20230912,2023-09-12 09:39,干潮,51,中潮相当,134
2023,20230912,2023-09-12 16:33,満潮,185,中潮相当,134
2023,20230912,2023-09-12 22:18,干潮,108,中潮相当,134
2023,20230913,2023-09-13 03:44,満潮,183,中潮相当,146
2023,20230913,2023-09-13 10:17,干潮,44,中潮相当,146
2023,20230913,2023-09-13 16:51,満潮,190,中潮相当,146
2023,20230913,2023-09-13 22:44,干潮,95,中潮相当,146
2023,20230914,2023-09-14 04:17,満潮,193,中潮相当,152
2023,20230914,2023-09-14 10:50,干潮,42,中潮相当,152
2023,20230914,2023-09-14 17:10,満潮,194,中潮相当,152
2023,20230914,2023-09-14 23:09,干潮,83,中潮相当,152
2023,20230915,2023-09-15 04:49,満潮,199,中潮相当,156
2023,20230915,2023-09-15 11:19,干潮,43,中潮相当,156
2023,20230915,2023-09-15 17:28,満潮,198,中潮相当,156
2023,20230915,2023-09-15 23:34,干潮,71,中潮相当,156
2023,20230916,2023-09-16 05:21,満潮,202,中潮相当,154
2023,20230916,2023-09-16 11:47,干潮,48,中潮相当,154
2023,20230916,2023-09-16 17:46,満潮,200,中潮相当,154
2023,20230917,2023-09-17 00:00,干潮,61,中潮相当,144
2023,20230917,2023-09-17 05:54,満潮,201,中潮相当,144
2023,20230917,2023-09-17 12:13,干潮,57,中潮相当,144
2023,20230917,2023-09-17 18:06,満潮,201,中潮相当,144
2023,20230918,2023-09-18 00:26,干潮,53,中潮相当,148
2023,20230918,2023-09-18 06:29,満潮,196,中潮相当,148
2023,20230918,2023-09-18 12:39,干潮,69,中潮相当,148
2023,20230918,2023-09-18 18:26,満潮,201,中潮相当,148
2023,20230919,2023-09-19 00:53,干潮,49,中潮相当,150
2023,20230919,2023-09-19 07:07,満潮,189,中潮相当,150
2023,20230919,2023-09-19 13:04,干潮,83,中潮相当,150
2023,20230919,2023-09-19 18:47,満潮,199,中潮相当,150
2023,20230920,2023-09-20 01:22,干潮,47,中潮相当,148
2023,20230920,2023-09-20 07:49,満潮,179,中潮相当,148
2023,20230920,2023-09-20 13:29,干潮,99,中潮相当,148
2023,20230920,2023-09-20 19:09,満潮,195,中潮相当,148
2023,20230921,2023-09-21 01:55,干潮,50,中潮相当,138
2023,20230921,2023-09-21 08:40,満潮,167,中潮相当,138
2023,20230921,2023-09-21 13:55,干潮,116,中潮相当,138
2023,20230921,2023-09-21 19:33,満潮,188,中潮相当,138
2023,20230922,2023-09-22 02:39,干潮,55,中潮相当,124
2023,20230922,2023-09-22 09:52,満潮,155,中潮相当,124
2023,20230922,2023-09-22 14:23,干潮,133,中潮相当,124
2023,20230922,2023-09-22 20:00,満潮,179,中潮相当,124
2023,20230923,2023-09-23 03:49,干潮,63,小潮相当,105
2023,20230923,2023-09-23 12:56,満潮,151,小潮相当,105
2023,20230923,2023-09-23 15:22,干潮,150,小潮相当,105
2023,20230923,2023-09-23 20:38,満潮,168,小潮相当,105
2023,20230924,2023-09-24 05:44,干潮,65,小潮相当,101
2023,20230924,2023-09-24 14:55,満潮,166,小潮相当,101
2023,20230924,2023-09-24 19:27,干潮,151,小潮相当,101
2023,20230924,2023-09-24 22:24,満潮,155,小潮相当,101
2023,20230925,2023-09-25 07:26,干潮,56,中潮相当,123
2023,20230925,2023-09-25 15:25,満潮,179,中潮相当,123
2023,20230925,2023-09-25 20:47,干潮,134,中潮相当,123
2023,20230926,2023-09-26 01:25,満潮,161,中潮相当,147
2023,20230926,2023-09-26 08:36,干潮,43,中潮相当,147
2023,20230926,2023-09-26 15:51,満潮,190,中潮相当,147
2023,20230926,2023-09-26 21:27,干潮,114,中潮相当,147
2023,20230927,2023-09-27 02:42,満潮,180,大潮相当,166
2023,20230927,2023-09-27 09:30,干潮,33,大潮相当,166
2023,20230927,2023-09-27 16:17,満潮,199,大潮相当,166
2023,20230927,2023-09-27 22:03,干潮,91,大潮相当,166
2023,20230928,2023-09-28 03:35,満潮,198,大潮相当,175
2023,20230928,2023-09-28 10:15,干潮,30,大潮相当,175
2023,20230928,2023-09-28 16:42,満潮,205,大潮相当,175
2023,20230928,2023-09-28 22:37,干潮,69,大潮相当,175
2023,20230929,2023-09-29 04:22,満潮,211,大潮相当,177
2023,20230929,2023-09-29 10:55,干潮,34,大潮相当,177
2023,20230929,2023-09-29 17:06,満潮,208,大潮相当,177
2023,20230929,2023-09-29 23:12,干潮,49,大潮相当,177
2023,20230930,2023-09-30 05:06,満潮,216,大潮相当,182
2023,20230930,2023-09-30 11:31,干潮,46,大潮相当,182
2023,20230930,2023-09-30 17:29,満潮,210,大潮相当,182
2023,20230930,2023-09-30 23:47,干潮,34,大潮相当,182
2023,20231001,2023-10-01 05:50,満潮,214,中潮相当,151
2023,20231001,2023-10-01 12:03,干潮,63,中潮相当,151
2023,20231001,2023-10-01 17:51,満潮,209,中潮相当,151
2023,20231002,2023-10-02 00:21,干潮,26,大潮相当,180
2023,20231002,2023-10-02 06:33,満潮,205,大潮相当,180
2023,20231002,2023-10-02 12:33,干潮,82,大潮相当,180
2023,20231002,2023-10-02 18:12,満潮,206,大潮相当,180
2023,20231003,2023-10-03 00:56,干潮,25,大潮相当,176
2023,20231003,2023-10-03 07:18,満潮,192,大潮相当,176
2023,20231003,2023-10-03 13:00,干潮,100,大潮相当,176
2023,20231003,2023-10-03 18:32,満潮,201,大潮相当,176
2023,20231004,2023-10-04 01:32,干潮,32,大潮相当,161
2023,20231004,2023-10-04 08:04,満潮,177,大潮相当,161
2023,20231004,2023-10-04 13:24,干潮,117,大潮相当,161
2023,20231004,2023-10-04 18:52,満潮,193,大潮相当,161
2023,20231005,2023-10-05 02:12,干潮,43,中潮相当,140
2023,20231005,2023-10-05 08:58,満潮,162,中潮相当,140
2023,20231005,2023-10-05 13:45,干潮,130,中潮相当,140
2023,20231005,2023-10-05 19:12,満潮,183,中潮相当,140
2023,20231006,2023-10-06 03:01,干潮,58,小潮相当,112
2023,20231006,2023-10-06 10:18,満潮,150,小潮相当,112
2023,20231006,2023-10-06 14:02,干潮,141,小潮相当,112
2023,20231006,2023-10-06 19:30,満潮,170,小潮相当,112
2023,20231007,2023-10-07 04:15,干潮,71,小潮相当,84
2023,20231007,2023-10-07 19:33,満潮,155,小潮相当,84
2023,20231008,2023-10-08 05:57,干潮,77,小潮相当,82
2023,20231008,2023-10-08 14:56,満潮,159,小潮相当,82
2023,20231008,2023-10-08 21:22,干潮,138,小潮相当,82
2023,20231008,2023-10-08 23:57,満潮,140,小潮相当,82
2023,20231009,2023-10-09 07:23,干潮,73,小潮相当,94
2023,20231009,2023-10-09 15:12,満潮,167,小潮相当,94
2023,20231009,2023-10-09 21:07,干潮,122,小潮相当,94
2023,20231010,2023-10-10 01:59,満潮,151,小潮相当,108
2023,20231010,2023-10-10 08:23,干潮,66,小潮相当,108
2023,20231010,2023-10-10 15:30,満潮,174,小潮相当,108
2023,20231010,2023-10-10 21:27,干潮,106,小潮相当,108
2023,20231011,2023-10-11 02:50,満潮,164,中潮相当,121
2023,20231011,2023-10-11 09:07,干潮,60,中潮相当,121
2023,20231011,2023-10-11 15:48,満潮,181,中潮相当,121
2023,20231011,2023-10-11 21:50,干潮,90,中潮相当,121
2023,20231012,2023-10-12 03:28,満潮,177,中潮相当,131
2023,20231012,2023-10-12 09:44,干潮,56,中潮相当,131
2023,20231012,2023-10-12 16:05,満潮,187,中潮相当,131
2023,20231012,2023-10-12 22:14,干潮,74,中潮相当,131
2023,20231013,2023-10-13 04:03,満潮,187,中潮相当,136
2023,20231013,2023-10-13 10:17,干潮,56,中潮相当,136
2023,20231013,2023-10-13 16:23,満潮,192,中潮相当,136
2023,20231013,2023-10-13 22:39,干潮,59,中潮相当,136
2023,20231014,2023-10-14 04:37,満潮,195,中潮相当,151
2023,20231014,2023-10-14 10:48,干潮,60,中潮相当,151
2023,20231014,2023-10-14 16:41,満潮,197,中潮相当,151
2023,20231014,2023-10-14 23:05,干潮,46,中潮相当,151
2023,20231015,2023-10-15 05:12,満潮,199,大潮相当,165
2023,20231015,2023-10-15 11:17,干潮,66,大潮相当,165
2023,20231015,2023-10-15 17:01,満潮,200,大潮相当,165
2023,20231015,2023-10-15 23:31,干潮,35,大潮相当,165
2023,20231016,2023-10-16 05:47,満潮,199,大潮相当,174
2023,20231016,2023-10-16 11:45,干潮,76,大潮相当,174
2023,20231016,2023-10-16 17:21,満潮,202,大潮相当,174
2023,20231016,2023-10-16 23:58,干潮,28,大潮相当,174
2023,20231017,2023-10-17 06:24,満潮,196,小潮相当,114
2023,20231017,2023-10-17 12:13,干潮,87,小潮相当,114
2023,20231017,2023-10-17 17:43,満潮,201,小潮相当,114
2023,20231018,2023-10-18 00:27,干潮,24,大潮相当,174
2023,20231018,2023-10-18 07:03,満潮,189,大潮相当,174
2023,20231018,2023-10-18 12:42,干潮,100,大潮相当,174
2023,20231018,2023-10-18 18:06,満潮,198,大潮相当,174
2023,20231019,2023-10-19 00:59,干潮,26,大潮相当,166
2023,20231019,2023-10-19 07:49,満潮,179,大潮相当,166
2023,20231019,2023-10-19 13:11,干潮,113,大潮相当,166
2023,20231019,2023-10-19 18:30,満潮,192,大潮相当,166
2023,20231020,2023-10-20 01:36,干潮,32,中潮相当,151
2023,20231020,2023-10-20 08:46,満潮,167,中潮相当,151
2023,20231020,2023-10-20 13:43,干潮,127,中潮相当,151
2023,20231020,2023-10-20 18:56,満潮,183,中潮相当,151
2023,20231021,2023-10-21 02:25,干潮,43,中潮相当,128
2023,20231021,2023-10-21 10:12,満潮,156,中潮相当,128
2023,20231021,2023-10-21 14:27,干潮,140,中潮相当,128
2023,20231021,2023-10-21 19:27,満潮,171,中潮相当,128
2023,20231022,2023-10-22 03:37,干潮,55,小潮相当,101
2023,20231022,2023-10-22 12:37,満潮,156,小潮相当,101
2023,20231022,2023-10-22 16:31,干潮,148,小潮相当,101
2023,20231022,2023-10-22 20:15,満潮,156,小潮相当,101
2023,20231023,2023-10-23 05:28,干潮,61,小潮相当,105
2023,20231023,2023-10-23 13:58,満潮,166,小潮相当,105
2023,20231023,2023-10-23 19:37,干潮,135,小潮相当,105
2023,20231023,2023-10-23 23:21,満潮,145,小潮相当,105
2023,20231024,2023-10-24 07:06,干潮,58,小潮相当,118
2023,20231024,2023-10-24 14:35,満潮,176,小潮相当,118
2023,20231024,2023-10-24 20:26,干潮,113,小潮相当,118
2023,20231025,2023-10-25 01:30,満潮,157,中潮相当,131
2023,20231025,2023-10-25 08:13,干潮,53,中潮相当,131
2023,20231025,2023-10-25 15:04,満潮,184,中潮相当,131
2023,20231025,2023-10-25 21:02,干潮,88,中潮相当,131
2023,20231026,2023-10-26 02:38,満潮,175,中潮相当,140
2023,20231026,2023-10-26 09:04,干潮,52,中潮相当,140
2023,20231026,2023-10-26 15:30,満潮,192,中潮相当,140
2023,20231026,2023-10-26 21:36,干潮,62,中潮相当,140
2023,20231027,2023-10-27 03:31,満潮,191,中潮相当,158
2023,20231027,2023-10-27 09:47,干潮,56,中潮相当,158
2023,20231027,2023-10-27 15:55,満潮,198,中潮相当,158
2023,20231027,2023-10-27 22:11,干潮,40,中潮相当,158
2023,20231028,2023-10-28 04:18,満潮,202,大潮相当,181
2023,20231028,2023-10-28 10:27,干潮,64,大潮相当,181
2023,20231028,2023-10-28 16:19,満潮,203,大潮相当,181
2023,20231028,2023-10-28 22:46,干潮,22,大潮相当,181
2023,20231029,2023-10-29 05:03,満潮,206,大潮相当,195
2023,20231029,2023-10-29 11:03,干潮,76,大潮相当,195
2023,20231029,2023-10-29 16:43,満潮,205,大潮相当,195
2023,20231029,2023-10-29 23:21,干潮,11,大潮相当,195
2023,20231030,2023-10-30 05:47,満潮,204,小潮相当,114
2023,20231030,2023-10-30 11:36,干潮,90,小潮相当,114
2023,20231030,2023-10-30 17:07,満潮,204,小潮相当,114
2023,20231031,2023-10-31 06:29,満潮,197,小潮相当,99
2023,20231031,2023-10-31 12:07,干潮,102,小潮相当,99
2023,20231031,2023-10-31 17:31,満潮,201,小潮相当,99
2023,20231101,2023-11-01 00:31,干潮,11,大潮相当,184
2023,20231101,2023-11-01 07:12,満潮,187,大潮相当,184
2023,20231101,2023-11-01 12:37,干潮,114,大潮相当,184
2023,20231101,2023-11-01 17:55,満潮,195,大潮相当,184
2023,20231102,2023-11-02 01:07,干潮,20,大潮相当,166
2023,20231102,2023-11-02 07:56,満潮,175,大潮相当,166
2023,20231102,2023-11-02 13:06,干潮,123,大潮相当,166
2023,20231102,2023-11-02 18:19,満潮,186,大潮相当,166
2023,20231103,2023-11-03 01:46,干潮,33,中潮相当,142
2023,20231103,2023-11-03 08:46,満潮,163,中潮相当,142
2023,20231103,2023-11-03 13:37,干潮,130,中潮相当,142
2023,20231103,2023-11-03 18:43,満潮,175,中潮相当,142
2023,20231104,2023-11-04 02:32,干潮,48,小潮相当,113
2023,20231104,2023-11-04 09:50,満潮,154,小潮相当,113
2023,20231104,2023-11-04 14:17,干潮,136,小潮相当,113
2023,20231104,2023-11-04 19:09,満潮,161,小潮相当,113
2023,20231105,2023-11-05 03:32,干潮,63,小潮相当,86
2023,20231105,2023-11-05 11:25,満潮,149,小潮相当,86
2023,20231105,2023-11-05 15:54,干潮,140,小潮相当,86
2023,20231105,2023-11-05 19:38,満潮,145,小潮相当,86
2023,20231106,2023-11-06 04:55,干潮,73,長潮相当,79
2023,20231106,2023-11-06 13:04,満潮,152,長潮相当,79
2023,20231106,2023-11-06 19:51,干潮,129,長潮相当,79
2023,20231106,2023-11-06 22:58,満潮,132,長潮相当,79
2023,20231107,2023-11-07 06:22,干潮,76,小潮相当,82
2023,20231107,2023-11-07 13:53,満潮,158,小潮相当,82
2023,20231107,2023-11-07 20:22,干潮,111,小潮相当,82
2023,20231108,2023-11-08 01:18,満潮,138,小潮相当,90
2023,20231108,2023-11-08 07:29,干潮,75,小潮相当,90
2023,20231108,2023-11-08 14:22,満潮,165,小潮相当,90
2023,20231108,2023-11-08 20:48,干潮,93,小潮相当,90
2023,20231109,2023-11-09 02:22,満潮,151,小潮相当,98
2023,20231109,2023-11-09 08:20,干潮,74,小潮相当,98
2023,20231109,2023-11-09 14:46,満潮,172,小潮相当,98
2023,20231109,2023-11-09 21:14,干潮,74,小潮相当,98
2023,20231110,2023-11-10 03:09,満潮,164,中潮相当,123
2023,20231110,2023-11-10 09:02,干潮,74,中潮相当,123
2023,20231110,2023-11-10 15:08,満潮,179,中潮相当,123
2023,20231110,2023-11-10 21:40,干潮,56,中潮相当,123
2023,20231111,2023-11-11 03:49,満潮,176,中潮相当,147
2023,20231111,2023-11-11 09:39,干潮,76,中潮相当,147
2023,20231111,2023-11-11 15:30,満潮,186,中潮相当,147
2023,20231111,2023-11-11 22:06,干潮,39,中潮相当,147
2023,20231112,2023-11-12 04:28,満潮,186,大潮相当,168
2023,20231112,2023-11-12 10:13,干潮,81,大潮相当,168
2023,20231112,2023-11-12 15:52,満潮,192,大潮相当,168
2023,20231112,2023-11-12 22:34,干潮,24,大潮相当,168
2023,20231113,2023-11-13 05:05,満潮,192,大潮相当,183
2023,20231113,2023-11-13 10:47,干潮,87,大潮相当,183
2023,20231113,2023-11-13 16:17,満潮,196,大潮相当,183
2023,20231113,2023-11-13 23:04,干潮,13,大潮相当,183
2023,20231114,2023-11-14 05:44,満潮,195,大潮相当,193
2023,20231114,2023-11-14 11:20,干潮,94,大潮相当,193
2023,20231114,2023-11-14 16:42,満潮,199,大潮相当,193
2023,20231114,2023-11-14 23:35,干潮,6,大潮相当,193
2023,20231115,2023-11-15 06:24,満潮,193,小潮相当,97
2023,20231115,2023-11-15 11:53,干潮,102,小潮相当,97
2023,20231115,2023-11-15 17:10,満潮,199,小潮相当,97
2023,20231116,2023-11-16 00:10,干潮,4,大潮相当,191
2023,20231116,2023-11-16 07:08,満潮,187,大潮相当,191
2023,20231116,2023-11-16 12:28,干潮,111,大潮相当,191
2023,20231116,2023-11-16 17:39,満潮,195,大潮相当,191
2023,20231117,2023-11-17 00:48,干潮,8,大潮相当,180
2023,20231117,2023-11-17 07:57,満潮,178,大潮相当,180
2023,20231117,2023-11-17 13:05,干潮,120,大潮相当,180
2023,20231117,2023-11-17 18:10,満潮,188,大潮相当,180
2023,20231118,2023-11-18 01:32,干潮,17,大潮相当,161
2023,20231118,2023-11-18 08:57,満潮,168,大潮相当,161
2023,20231118,2023-11-18 13:49,干潮,128,大潮相当,161
2023,20231118,2023-11-18 18:45,満潮,178,大潮相当,161
2023,20231119,2023-11-19 02:24,干潮,30,中潮相当,133
2023,20231119,2023-11-19 10:11,満潮,161,中潮相当,133
2023,20231119,2023-11-19 14:51,干潮,133,中潮相当,133
2023,20231119,2023-11-19 19:32,満潮,163,中潮相当,133
2023,20231120,2023-11-20 03:30,干潮,45,小潮相当,115
2023,20231120,2023-11-20 11:32,満潮,160,小潮相当,115
2023,20231120,2023-11-20 16:41,干潮,131,小潮相当,115
2023,20231120,2023-11-20 20:59,満潮,147,小潮相当,115
2023,20231121,2023-11-21 04:55,干潮,58,小潮相当,105
2023,20231121,2023-11-21 12:38,満潮,163,小潮相当,105
2023,20231121,2023-11-21 18:44,干潮,115,小潮相当,105
2023,20231121,2023-11-21 23:27,満潮,140,小潮相当,105
2023,20231122,2023-11-22 06:23,干潮,66,小潮相当,102
2023,20231122,2023-11-22 13:25,満潮,168,小潮相当,102
2023,20231122,2023-11-22 19:46,干潮,90,小潮相当,102
2023,20231123,2023-11-23 01:17,満潮,149,小潮相当,110
2023,20231123,2023-11-23 07:33,干潮,72,小潮相当,110
2023,20231123,2023-11-23 14:02,満潮,175,小潮相当,110
2023,20231123,2023-11-23 20:29,干潮,65,小潮相当,110
2023,20231124,2023-11-24 02:31,満潮,163,中潮相当,141
2023,20231124,2023-11-24 08:28,干潮,79,中潮相当,141
2023,20231124,2023-11-24 14:34,満潮,182,中潮相当,141
2023,20231124,2023-11-24 21:08,干潮,41,中潮相当,141
2023,20231125,2023-11-25 03:30,満潮,177,大潮相当,167
2023,20231125,2023-11-25 09:16,干潮,86,大潮相当,167
2023,20231125,2023-11-25 15:05,満潮,188,大潮相当,167
2023,20231125,2023-11-25 21:45,干潮,21,大潮相当,167
2023,20231126,2023-11-26 04:20,満潮,187,大潮相当,186
2023,20231126,2023-11-26 09:58,干潮,94,大潮相当,186
2023,20231126,2023-11-26 15:35,満潮,193,大潮相当,186
2023,20231126,2023-11-26 22:22,干潮,7,大潮相当,186
2023,20231127,2023-11-27 05:06,満潮,192,大潮相当,195
2023,20231127,2023-11-27 10:38,干潮,101,大潮相当,195
2023,20231127,2023-11-27 16:05,満潮,195,大潮相当,195
2023,20231127,2023-11-27 22:59,干潮,0,大潮相当,195
2023,20231128,2023-11-28 05:48,満潮,192,小潮相当,88
2023,20231128,2023-11-28 11:15,干潮,108,小潮相当,88
2023,20231128,2023-11-28 16:35,満潮,196,小潮相当,88
2023,20231129,2023-11-29 06:27,満潮,189,小潮相当,80
2023,20231129,2023-11-29 11:50,干潮,113,小潮相当,80
2023,20231129,2023-11-29 17:05,満潮,193,小潮相当,80
2023,20231130,2023-11-30 00:13,干潮,4,大潮相当,184
2023,20231130,2023-11-30 07:06,満潮,182,大潮相当,184
2023,20231130,2023-11-30 12:24,干潮,116,大潮相当,184
2023,20231130,2023-11-30 17:35,満潮,188,大潮相当,184
2023,20231201,2023-12-01 00:50,干潮,12,大潮相当,168
2023,20231201,2023-12-01 07:44,満潮,174,大潮相当,168
2023,20231201,2023-12-01 12:57,干潮,118,大潮相当,168
2023,20231201,2023-12-01 18:05,満潮,180,大潮相当,168
2023,20231202,2023-12-02 01:28,干潮,23,中潮相当,147
2023,20231202,2023-12-02 08:24,満潮,166,中潮相当,147
2023,20231202,2023-12-02 13:33,干潮,120,中潮相当,147
2023,20231202,2023-12-02 18:37,満潮,170,中潮相当,147
2023,20231203,2023-12-03 02:08,干潮,36,中潮相当,123
2023,20231203,2023-12-03 09:08,満潮,159,中潮相当,123
2023,20231203,2023-12-03 14:15,干潮,121,中潮相当,123
2023,20231203,2023-12-03 19:13,満潮,157,中潮相当,123
2023,20231204,2023-12-04 02:52,干潮,49,小潮相当,106
2023,20231204,2023-12-04 09:58,満潮,155,小潮相当,106
2023,20231204,2023-12-04 15:17,干潮,122,小潮相当,106
2023,20231204,2023-12-04 20:03,満潮,143,小潮相当,106
2023,20231205,2023-12-05 03:45,干潮,63,小潮相当,90
2023,20231205,2023-12-05 10:53,満潮,153,小潮相当,90
2023,20231205,2023-12-05 17:16,干潮,118,小潮相当,90
2023,20231205,2023-12-05 21:45,満潮,130,小潮相当,90
2023,20231206,2023-12-06 04:52,干潮,75,長潮相当,79
2023,20231206,2023-12-06 11:48,満潮,154,長潮相当,79
2023,20231206,2023-12-06 19:06,干潮,103,長潮相当,79
2023,20231207,2023-12-07 00:01,満潮,127,長潮相当,74
2023,20231207,2023-12-07 06:08,干潮,84,長潮相当,74
2023,20231207,2023-12-07 12:37,満潮,158,長潮相当,74
2023,20231207,2023-12-07 19:54,干潮,84,長潮相当,74
2023,20231208,2023-12-08 01:41,満潮,135,小潮相当,98
2023,20231208,2023-12-08 07:16,干潮,90,小潮相当,98
2023,20231208,2023-12-08 13:19,満潮,163,小潮相当,98
2023,20231208,2023-12-08 20:29,干潮,65,小潮相当,98
2023,20231209,2023-12-09 02:49,満潮,148,中潮相当,125
2023,20231209,2023-12-09 08:11,干潮,94,中潮相当,125
2023,20231209,2023-12-09 13:56,満潮,170,中潮相当,125
2023,20231209,2023-12-09 21:01,干潮,45,中潮相当,125
2023,20231210,2023-12-10 03:40,満潮,163,中潮相当,149
2023,20231210,2023-12-10 08:58,干潮,98,中潮相当,149
2023,20231210,2023-12-10 14:31,満潮,176,中潮相当,149
2023,20231210,2023-12-10 21:33,干潮,27,中潮相当,149
2023,20231211,2023-12-11 04:24,満潮,175,大潮相当,172
2023,20231211,2023-12-11 09:41,干潮,101,大潮相当,172
2023,20231211,2023-12-11 15:06,満潮,183,大潮相当,172
2023,20231211,2023-12-11 22:07,干潮,11,大潮相当,172
2023,20231212,2023-12-12 05:05,満潮,184,大潮相当,191
2023,20231212,2023-12-12 10:22,干潮,104,大潮相当,191
2023,20231212,2023-12-12 15:40,満潮,190,大潮相当,191
2023,20231212,2023-12-12 22:43,干潮,-1,大潮相当,191
2023,20231213,2023-12-13 05:46,満潮,189,大潮相当,203
2023,20231213,2023-12-13 11:02,干潮,107,大潮相当,203
2023,20231213,2023-12-13 16:16,満潮,194,大潮相当,203
2023,20231213,2023-12-13 23:22,干潮,-9,大潮相当,203
2023,20231214,2023-12-14 06:27,満潮,189,小潮相当,86
2023,20231214,2023-12-14 11:42,干潮,110,小潮相当,86
2023,20231214,2023-12-14 16:52,満潮,196,小潮相当,86
2023,20231215,2023-12-15 00:03,干潮,-10,大潮相当,204
2023,20231215,2023-12-15 07:11,満潮,186,大潮相当,204
2023,20231215,2023-12-15 12:24,干潮,112,大潮相当,204
2023,20231215,2023-12-15 17:30,満潮,194,大潮相当,204
2023,20231216,2023-12-16 00:47,干潮,-6,大潮相当,193
2023,20231216,2023-12-16 07:57,満潮,180,大潮相当,193
2023,20231216,2023-12-16 13:07,干潮,114,大潮相当,193
2023,20231216,2023-12-16 18:11,満潮,187,大潮相当,193
2023,20231217,2023-12-17 01:32,干潮,4,大潮相当,172
2023,20231217,2023-12-17 08:45,満潮,173,大潮相当,172
2023,20231217,2023-12-17 13:54,干潮,113,大潮相当,172
2023,20231217,2023-12-17 18:57,満潮,176,大潮相当,172
2023,20231218,2023-12-18 02:19,干潮,19,中潮相当,148
2023,20231218,2023-12-18 09:35,満潮,167,中潮相当,148
2023,20231218,2023-12-18 14:51,干潮,111,中潮相当,148
2023,20231218,2023-12-18 19:55,満潮,161,中潮相当,148
2023,20231219,2023-12-19 03:09,干潮,38,中潮相当,125
2023,20231219,2023-12-19 10:23,満潮,163,中潮相当,125
2023,20231219,2023-12-19 16:05,干潮,105,中潮相当,125
2023,20231219,2023-12-19 21:16,満潮,145,中潮相当,125
2023,20231220,2023-12-20 04:06,干潮,59,小潮相当,103
2023,20231220,2023-12-20 11:10,満潮,162,小潮相当,103
2023,20231220,2023-12-20 17:38,干潮,92,小潮相当,103
2023,20231220,2023-12-20 23:02,満潮,136,小潮相当,103
2023,20231221,2023-12-21 05:16,干潮,80,小潮相当,90
2023,20231221,2023-12-21 11:56,満潮,163,小潮相当,90
2023,20231221,2023-12-21 18:57,干潮,73,小潮相当,90
2023,20231222,2023-12-22 00:56,満潮,138,小潮相当,115
2023,20231222,2023-12-22 06:35,干潮,96,小潮相当,115
2023,20231222,2023-12-22 12:43,満潮,166,小潮相当,115
2023,20231222,2023-12-22 19:54,干潮,51,小潮相当,115
2023,20231223,2023-12-23 02:35,満潮,148,中潮相当,138
2023,20231223,2023-12-23 07:46,干潮,106,中潮相当,138
2023,20231223,2023-12-23 13:31,満潮,170,中潮相当,138
2023,20231223,2023-12-23 20:41,干潮,32,中潮相当,138
2023,20231224,2023-12-24 03:44,満潮,161,中潮相当,157
2023,20231224,2023-12-24 08:46,干潮,113,中潮相当,157
2023,20231224,2023-12-24 14:19,満潮,174,中潮相当,157
2023,20231224,2023-12-24 21:25,干潮,17,中潮相当,157
2023,20231225,2023-12-25 04:34,満潮,172,大潮相当,172
2023,20231225,2023-12-25 09:38,干潮,115,大潮相当,172
2023,20231225,2023-12-25 15:04,満潮,179,大潮相当,172
2023,20231225,2023-12-25 22:06,干潮,7,大潮相当,172
2023,20231226,2023-12-26 05:14,満潮,179,大潮相当,182
2023,20231226,2023-12-26 10:24,干潮,115,大潮相当,182
2023,20231226,2023-12-26 15:45,満潮,183,大潮相当,182
2023,20231226,2023-12-26 22:46,干潮,1,大潮相当,182
2023,20231227,2023-12-27 05:49,満潮,183,大潮相当,187
2023,20231227,2023-12-27 11:05,干潮,113,大潮相当,187
2023,20231227,2023-12-27 16:22,満潮,186,大潮相当,187
2023,20231227,2023-12-27 23:25,干潮,-1,大潮相当,187
2023,20231228,2023-12-28 06:21,満潮,182,長潮相当,77
2023,20231228,2023-12-28 11:42,干潮,110,長潮相当,77
2023,20231228,2023-12-28 16:57,満潮,187,長潮相当,77
2023,20231229,2023-12-29 00:02,干潮,2,大潮相当,182
2023,20231229,2023-12-29 06:52,満潮,179,大潮相当,182
2023,20231229,2023-12-29 12:16,干潮,107,大潮相当,182
2023,20231229,2023-12-29 17:30,満潮,184,大潮相当,182
2023,20231230,2023-12-30 00:38,干潮,7,大潮相当,172
2023,20231230,2023-12-30 07:22,満潮,175,大潮相当,172
2023,20231230,2023-12-30 12:48,干潮,104,大潮相当,172
2023,20231230,2023-12-30 18:03,満潮,179,大潮相当,172
2023,20231231,2023-12-31 01:12,干潮,15,中潮相当,156
2023,20231231,2023-12-31 07:52,満潮,170,中潮相当,156
2023,20231231,2023-12-31 13:20,干潮,102,中潮相当,156
2023,20231231,2023-12-31 18:36,満潮,171,中潮相当,156
2024,20240101,2024-01-01 01:44,干潮,26,中潮相当,140
2024,20240101,2024-01-01 08:23,満潮,166,中潮相当,140
2024,20240101,2024-01-01 13:55,干潮,100,中潮相当,140
2024,20240101,2024-01-01 19:14,満潮,160,中潮相当,140
2024,20240102,2024-01-02 02:16,干潮,39,中潮相当,124
2024,20240102,2024-01-02 08:54,満潮,163,中潮相当,124
2024,20240102,2024-01-02 14:36,干潮,98,中潮相当,124
2024,20240102,2024-01-02 20:00,満潮,147,中潮相当,124
2024,20240103,2024-01-03 02:48,干潮,55,小潮相当,106
2024,20240103,2024-01-03 09:27,満潮,161,小潮相当,106
2024,20240103,2024-01-03 15:31,干潮,96,小潮相当,106
2024,20240103,2024-01-03 21:04,満潮,134,小潮相当,106
2024,20240104,2024-01-04 03:25,干潮,72,小潮相当,87
2024,20240104,2024-01-04 10:03,満潮,159,小潮相当,87
2024,20240104,2024-01-04 16:57,干潮,90,小潮相当,87
2024,20240104,2024-01-04 22:35,満潮,125,小潮相当,87
2024,20240105,2024-01-05 04:18,干潮,90,小潮相当,80
2024,20240105,2024-01-05 10:43,満潮,158,小潮相当,80
2024,20240105,2024-01-05 18:30,干潮,78,小潮相当,80
2024,20240106,2024-01-06 00:38,満潮,124,小潮相当,97
2024,20240106,2024-01-06 05:46,干潮,106,小潮相当,97
2024,20240106,2024-01-06 11:30,満潮,157,小潮相当,97
2024,20240106,2024-01-06 19:32,干潮,60,小潮相当,97
2024,20240107,2024-01-07 02:45,満潮,137,小潮相当,118
2024,20240107,2024-01-07 07:15,干潮,115,小潮相当,118
2024,20240107,2024-01-07 12:26,満潮,159,小潮相当,118
2024,20240107,2024-01-07 20:19,干潮,41,小潮相当,118
2024,20240108,2024-01-08 03:48,満潮,153,中潮相当,140
2024,20240108,2024-01-08 08:24,干潮,118,中潮相当,140
2024,20240108,2024-01-08 13:28,満潮,163,中潮相当,140
2024,20240108,2024-01-08 21:03,干潮,23,中潮相当,140
2024,20240109,2024-01-09 04:30,満潮,168,大潮相当,165
2024,20240109,2024-01-09 09:21,干潮,117,大潮相当,165
2024,20240109,2024-01-09 14:28,満潮,171,大潮相当,165
2024,20240109,2024-01-09 21:47,干潮,6,大潮相当,165
2024,20240110,2024-01-10 05:08,満潮,179,大潮相当,189
2024,20240110,2024-01-10 10:11,干潮,115,大潮相当,189
2024,20240110,2024-01-10 15:21,満潮,181,大潮相当,189
2024,20240110,2024-01-10 22:32,干潮,-8,大潮相当,189
2024,20240111,2024-01-11 05:45,満潮,187,大潮相当,207
2024,20240111,2024-01-11 10:57,干潮,110,大潮相当,207
2024,20240111,2024-01-11 16:07,満潮,190,大潮相当,207
2024,20240111,2024-01-11 23:17,干潮,-17,大潮相当,207
2024,20240112,2024-01-12 06:22,満潮,189,小潮相当,92
2024,20240112,2024-01-12 11:40,干潮,104,小潮相当,92
2024,20240112,2024-01-12 16:52,満潮,196,小潮相当,92
2024,20240113,2024-01-13 00:01,干潮,-19,大潮相当,216
2024,20240113,2024-01-13 06:58,満潮,189,大潮相当,216
2024,20240113,2024-01-13 12:21,干潮,97,大潮相当,216
2024,20240113,2024-01-13 17:36,満潮,197,大潮相当,216
2024,20240114,2024-01-14 00:43,干潮,-14,大潮相当,205
2024,20240114,2024-01-14 07:33,満潮,185,大潮相当,205
2024,20240114,2024-01-14 13:02,干潮,89,大潮相当,205
2024,20240114,2024-01-14 18:21,満潮,191,大潮相当,205
2024,20240115,2024-01-15 01:23,干潮,-1,大潮相当,182
2024,20240115,2024-01-15 08:07,満潮,181,大潮相当,182
2024,20240115,2024-01-15 13:44,干潮,82,大潮相当,182
2024,20240115,2024-01-15 19:09,満潮,180,大潮相当,182
2024,20240116,2024-01-16 02:00,干潮,19,中潮相当,157
2024,20240116,2024-01-16 08:38,満潮,176,中潮相当,157
2024,20240116,2024-01-16 14:29,干潮,76,中潮相当,157
2024,20240116,2024-01-16 20:02,満潮,164,中潮相当,157
2024,20240117,2024-01-17 02:35,干潮,43,中潮相当,129
2024,20240117,2024-01-17 09:08,満潮,172,中潮相当,129
2024,20240117,2024-01-17 15:22,干潮,71,中潮相当,129
2024,20240117,2024-01-17 21:07,満潮,147,中潮相当,129
2024,20240118,2024-01-18 03:08,干潮,70,小潮相当,102
2024,20240118,2024-01-18 09:37,満潮,168,小潮相当,102
2024,20240118,2024-01-18 16:29,干潮,66,小潮相当,102
2024,20240118,2024-01-18 22:28,満潮,132,小潮相当,102
2024,20240119,2024-01-19 03:43,干潮,95,小潮相当,106
2024,20240119,2024-01-19 10:10,満潮,165,小潮相当,106
2024,20240119,2024-01-19 17:55,干潮,59,小潮相当,106
2024,20240120,2024-01-20 00:41,満潮,125,小潮相当,113
2024,20240120,2024-01-20 04:42,干潮,118,小潮相当,113
2024,20240120,2024-01-20 10:52,満潮,161,小潮相当,113
2024,20240120,2024-01-20 19:14,干潮,48,小潮相当,113
2024,20240121,2024-01-21 03:40,満潮,138,中潮相当,122
2024,20240121,2024-01-21 06:53,干潮,131,中潮相当,122
2024,20240121,2024-01-21 11:59,満潮,157,中潮相当,122
2024,20240121,2024-01-21 20:18,干潮,35,中潮相当,122
2024,20240122,2024-01-22 04:23,満潮,153,中潮相当,133
2024,20240122,2024-01-22 08:34,干潮,131,中潮相当,133
2024,20240122,2024-01-22 13:41,満潮,157,中潮相当,133
2024,20240122,2024-01-22 21:12,干潮,24,中潮相当,133
2024,20240123,2024-01-23 04:52,満潮,164,中潮相当,149
2024,20240123,2024-01-23 09:41,干潮,125,中潮相当,149
2024,20240123,2024-01-23 14:55,満潮,164,中潮相当,149
2024,20240123,2024-01-23 21:59,干潮,15,中潮相当,149
2024,20240124,2024-01-24 05:18,満潮,171,大潮相当,165
2024,20240124,2024-01-24 10:28,干潮,116,大潮相当,165
2024,20240124,2024-01-24 15:44,満潮,173,大潮相当,165
2024,20240124,2024-01-24 22:41,干潮,8,大潮相当,165
2024,20240125,2024-01-25 05:42,満潮,175,大潮相当,176
2024,20240125,2024-01-25 11:04,干潮,107,大潮相当,176
2024,20240125,2024-01-25 16:23,満潮,180,大潮相当,176
2024,20240125,2024-01-25 23:19,干潮,4,大潮相当,176
2024,20240126,2024-01-26 06:06,満潮,177,大潮相当,181
2024,20240126,2024-01-26 11:36,干潮,98,大潮相当,181
2024,20240126,2024-01-26 16:57,満潮,184,大潮相当,181
2024,20240126,2024-01-26 23:53,干潮,3,大潮相当,181
2024,20240127,2024-01-27 06:28,満潮,177,小潮相当,95
2024,20240127,2024-01-27 12:04,干潮,90,小潮相当,95
2024,20240127,2024-01-27 17:29,満潮,185,小潮相当,95
2024,20240128,2024-01-28 00:24,干潮,7,大潮相当,175
2024,20240128,2024-01-28 06:51,満潮,176,大潮相当,175
2024,20240128,2024-01-28 12:32,干潮,83,大潮相当,175
2024,20240128,2024-01-28 18:00,満潮,182,大潮相当,175
2024,20240129,2024-01-29 00:52,干潮,14,大潮相当,162
2024,20240129,2024-01-29 07:13,満潮,175,大潮相当,162
2024,20240129,2024-01-29 13:00,干潮,77,大潮相当,162
2024,20240129,2024-01-29 18:33,満潮,176,大潮相当,162
2024,20240130,2024-01-30 01:18,干潮,25,中潮相当,149
2024,20240130,2024-01-30 07:35,満潮,174,中潮相当,149
2024,20240130,2024-01-30 13:29,干潮,73,中潮相当,149
2024,20240130,2024-01-30 19:08,満潮,166,中潮相当,149
2024,20240131,2024-01-31 01:43,干潮,39,中潮相当,133
2024,20240131,2024-01-31 07:59,満潮,172,中潮相当,133
2024,20240131,2024-01-31 14:00,干潮,71,中潮相当,133
2024,20240131,2024-01-31 19:48,満潮,154,中潮相当,133
2024,20240201,2024-02-01 02:07,干潮,55,小潮相当,114
2024,20240201,2024-02-01 08:23,満潮,169,小潮相当,114
2024,20240201,2024-02-01 14:37,干潮,70,小潮相当,114
2024,20240201,2024-02-01 20:37,満潮,142,小潮相当,114
2024,20240202,2024-02-02 02:31,干潮,73,小潮相当,97
2024,20240202,2024-02-02 08:50,満潮,166,小潮相当,97
2024,20240202,2024-02-02 15:25,干潮,69,小潮相当,97
2024,20240202,2024-02-02 21:43,満潮,130,小潮相当,97
2024,20240203,2024-02-03 02:58,干潮,93,小潮相当,93
2024,20240203,2024-02-03 09:21,満潮,161,小潮相当,93
2024,20240203,2024-02-03 16:43,干潮,68,小潮相当,93
2024,20240203,2024-02-03 23:26,満潮,122,小潮相当,93
2024,20240204,2024-02-04 03:37,干潮,113,小潮相当,97
2024,20240204,2024-02-04 10:00,満潮,156,小潮相当,97
2024,20240204,2024-02-04 18:25,干潮,59,小潮相当,97
2024,20240205,2024-02-05 03:18,満潮,132,小潮相当,107
2024,20240205,2024-02-05 06:16,干潮,128,小潮相当,107
2024,20240205,2024-02-05 10:59,満潮,151,小潮相当,107
2024,20240205,2024-02-05 19:42,干潮,44,小潮相当,107
2024,20240206,2024-02-06 03:59,満潮,150,中潮相当,126
2024,20240206,2024-02-06 08:09,干潮,128,中潮相当,126
2024,20240206,2024-02-06 12:39,満潮,151,中潮相当,126
2024,20240206,2024-02-06 20:44,干潮,25,中潮相当,126
2024,20240207,2024-02-07 04:30,満潮,166,中潮相当,159
2024,20240207,2024-02-07 09:20,干潮,121,中潮相当,159
2024,20240207,2024-02-07 14:17,満潮,161,中潮相当,159
2024,20240207,2024-02-07 21:37,干潮,7,中潮相当,159
2024,20240208,2024-02-08 05:00,満潮,178,大潮相当,186
2024,20240208,2024-02-08 10:10,干潮,111,大潮相当,186
2024,20240208,2024-02-08 15:19,満潮,176,大潮相当,186
2024,20240208,2024-02-08 22:26,干潮,-8,大潮相当,186
2024,20240209,2024-02-09 05:30,満潮,186,大潮相当,206
2024,20240209,2024-02-09 10:53,干潮,97,大潮相当,206
2024,20240209,2024-02-09 16:09,満潮,190,大潮相当,206
2024,20240209,2024-02-09 23:11,干潮,-16,大潮相当,206
2024,20240210,2024-02-10 06:00,満潮,190,大潮相当,217
2024,20240210,2024-02-10 11:31,干潮,83,大潮相当,217
2024,20240210,2024-02-10 16:55,満潮,200,大潮相当,217
2024,20240210,2024-02-10 23:53,干潮,-17,大潮相当,217
2024,20240211,2024-02-11 06:29,満潮,191,中潮相当,134
2024,20240211,2024-02-11 12:09,干潮,68,中潮相当,134
2024,20240211,2024-02-11 17:39,満潮,202,中潮相当,134
2024,20240212,2024-02-12 00:30,干潮,-7,大潮相当,204
2024,20240212,2024-02-12 06:56,満潮,190,大潮相当,204
2024,20240212,2024-02-12 12:46,干潮,56,大潮相当,204
2024,20240212,2024-02-12 18:23,満潮,197,大潮相当,204
2024,20240213,2024-02-13 01:04,干潮,10,大潮相当,177
2024,20240213,2024-02-13 07:21,満潮,187,大潮相当,177
2024,20240213,2024-02-13 13:23,干潮,47,大潮相当,177
2024,20240213,2024-02-13 19:09,満潮,184,大潮相当,177
2024,20240214,2024-02-14 01:35,干潮,34,中潮相当,149
2024,20240214,2024-02-14 07:44,満潮,183,中潮相当,149
2024,20240214,2024-02-14 14:02,干潮,42,中潮相当,149
2024,20240214,2024-02-14 19:58,満潮,167,中潮相当,149
2024,20240215,2024-02-15 02:02,干潮,60,中潮相当,135
2024,20240215,2024-02-15 08:06,満潮,178,中潮相当,135
2024,20240215,2024-02-15 14:45,干潮,43,中潮相当,135
2024,20240215,2024-02-15 20:53,満潮,148,中潮相当,135
2024,20240216,2024-02-16 02:24,干潮,85,中潮相当,125
2024,20240216,2024-02-16 08:28,満潮,173,中潮相当,125
2024,20240216,2024-02-16 15:39,干潮,48,中潮相当,125
2024,20240216,2024-02-16 22:04,満潮,130,中潮相当,125
2024,20240217,2024-02-17 02:35,干潮,107,小潮相当,111
2024,20240217,2024-02-17 08:50,満潮,165,小潮相当,111
2024,20240217,2024-02-17 16:59,干潮,54,小潮相当,111
2024,20240218,2024-02-18 09:16,満潮,156,小潮相当,103
2024,20240218,2024-02-18 18:41,干潮,53,小潮相当,103
2024,20240219,2024-02-19 04:41,満潮,141,小潮相当,99
2024,20240219,2024-02-19 06:50,干潮,140,小潮相当,99
2024,20240219,2024-02-19 10:10,満潮,144,小潮相当,99
2024,20240219,2024-02-19 20:04,干潮,45,小潮相当,99
2024,20240220,2024-02-20 04:28,満潮,152,小潮相当,117
2024,20240220,2024-02-20 09:21,干潮,129,小潮相当,117
2024,20240220,2024-02-20 13:59,満潮,144,小潮相当,117
2024,20240220,2024-02-20 21:05,干潮,35,小潮相当,117
2024,20240221,2024-02-21 04:41,満潮,161,中潮相当,136
2024,20240221,2024-02-21 10:00,干潮,115,中潮相当,136
2024,20240221,2024-02-21 15:06,満潮,156,中潮相当,136
2024,20240221,2024-02-21 21:53,干潮,25,中潮相当,136
2024,20240222,2024-02-22 04:58,満潮,167,中潮相当,151
2024,20240222,2024-02-22 10:28,干潮,102,中潮相当,151
2024,20240222,2024-02-22 15:48,満潮,168,中潮相当,151
2024,20240222,2024-02-22 22:31,干潮,17,中潮相当,151
2024,20240223,2024-02-23 05:16,満潮,172,大潮相当,165
2024,20240223,2024-02-23 10:55,干潮,89,大潮相当,165
2024,20240223,2024-02-23 16:22,満潮,178,大潮相当,165
2024,20240223,2024-02-23 23:05,干潮,13,大潮相当,165
2024,20240224,2024-02-24 05:35,満潮,175,大潮相当,172
2024,20240224,2024-02-24 11:21,干潮,77,大潮相当,172
2024,20240224,2024-02-24 16:53,満潮,184,大潮相当,172
2024,20240224,2024-02-24 23:35,干潮,12,大潮相当,172
2024,20240225,2024-02-25 05:53,満潮,177,中潮相当,120
2024,20240225,2024-02-25 11:46,干潮,67,中潮相当,120
2024,20240225,2024-02-25 17:24,満潮,187,中潮相当,120
2024,20240226,2024-02-26 00:02,干潮,16,大潮相当,169
2024,20240226,2024-02-26 06:11,満潮,179,大潮相当,169
2024,20240226,2024-02-26 12:11,干潮,58,大潮相当,169
2024,20240226,2024-02-26 17:54,満潮,185,大潮相当,169
2024,20240227,2024-02-27 00:28,干潮,24,中潮相当,156
2024,20240227,2024-02-27 06:30,満潮,180,中潮相当,156
2024,20240227,2024-02-27 12:36,干潮,51,中潮相当,156
2024,20240227,2024-02-27 18:27,満潮,180,中潮相当,156
2024,20240228,2024-02-28 00:52,干潮,36,中潮相当,144
2024,20240228,2024-02-28 06:49,満潮,180,中潮相当,144
2024,20240228,2024-02-28 13:02,干潮,46,中潮相当,144
2024,20240228,2024-02-28 19:01,満潮,172,中潮相当,144
2024,20240229,2024-02-29 01:14,干潮,50,中潮相当,134
2024,20240229,2024-02-29 07:09,満潮,178,中潮相当,134
2024,20240229,2024-02-29 13:28,干潮,44,中潮相当,134
2024,20240229,2024-02-29 19:38,満潮,162,中潮相当,134
2024,20240301,2024-03-01 01:37,干潮,66,中潮相当,130
2024,20240301,2024-03-01 07:30,満潮,175,中潮相当,130
2024,20240301,2024-03-01 13:58,干潮,45,中潮相当,130
2024,20240301,2024-03-01 20:22,満潮,150,中潮相当,130
2024,20240302,2024-03-02 01:58,干潮,83,中潮相当,120
2024,20240302,2024-03-02 07:52,満潮,169,中潮相当,120
2024,20240302,2024-03-02 14:35,干潮,49,中潮相当,120
2024,20240302,2024-03-02 21:18,満潮,137,中潮相当,120
2024,20240303,2024-03-03 02:18,干潮,101,小潮相当,109
2024,20240303,2024-03-03 08:18,満潮,163,小潮相当,109
2024,20240303,2024-03-03 15:32,干潮,54,小潮相当,109
2024,20240303,2024-03-03 22:54,満潮,126,小潮相当,109
2024,20240304,2024-03-04 02:29,干潮,119,小潮相当,98
2024,20240304,2024-03-04 08:49,満潮,154,小潮相当,98
2024,20240304,2024-03-04 17:18,干潮,56,小潮相当,98
2024,20240305,2024-03-05 03:40,満潮,137,小潮相当,97
2024,20240305,2024-03-05 05:48,干潮,135,小潮相当,97
2024,20240305,2024-03-05 09:44,満潮,144,小潮相当,97
2024,20240305,2024-03-05 19:12,干潮,47,小潮相当,97
2024,20240306,2024-03-06 03:46,満潮,153,中潮相当,123
2024,20240306,2024-03-06 08:29,干潮,128,中潮相当,123
2024,20240306,2024-03-06 12:29,満潮,140,中潮相当,123
2024,20240306,2024-03-06 20:29,干潮,30,中潮相当,123
2024,20240307,2024-03-07 04:08,満潮,167,中潮相当,154
2024,20240307,2024-03-07 09:24,干潮,113,中潮相当,154
2024,20240307,2024-03-07 14:22,満潮,155,中潮相当,154
2024,20240307,2024-03-07 21:26,干潮,13,中潮相当,154
2024,20240308,2024-03-08 04:33,満潮,178,大潮相当,176
2024,20240308,2024-03-08 10:03,干潮,94,大潮相当,176
2024,20240308,2024-03-08 15:21,満潮,175,大潮相当,176
2024,20240308,2024-03-08 22:14,干潮,2,大潮相当,176
2024,20240309,2024-03-09 04:58,満潮,186,小潮相当,118
2024,20240309,2024-03-09 10:38,干潮,74,小潮相当,118
2024,20240309,2024-03-09 16:09,満潮,192,小潮相当,118
2024,20240310,2024-03-10 05:23,満潮,191,大潮相当,200
2024,20240310,2024-03-10 11:13,干潮,54,大潮相当,200
2024,20240310,2024-03-10 16:54,満潮,203,大潮相当,200
2024,20240310,2024-03-10 23:34,干潮,3,大潮相当,200
2024,20240311,2024-03-11 05:48,満潮,193,大潮相当,169
2024,20240311,2024-03-11 11:48,干潮,36,大潮相当,169
2024,20240311,2024-03-11 17:38,満潮,205,大潮相当,169
2024,20240312,2024-03-12 00:09,干潮,17,大潮相当,182
2024,20240312,2024-03-12 06:11,満潮,193,大潮相当,182
2024,20240312,2024-03-12 12:23,干潮,22,大潮相当,182
2024,20240312,2024-03-12 18:22,満潮,199,大潮相当,182
2024,20240313,2024-03-13 00:40,干潮,37,大潮相当,176
2024,20240313,2024-03-13 06:33,満潮,191,大潮相当,176
2024,20240313,2024-03-13 12:58,干潮,15,大潮相当,176
2024,20240313,2024-03-13 19:07,満潮,186,大潮相当,176
2024,20240314,2024-03-14 01:09,干潮,60,大潮相当,172
2024,20240314,2024-03-14 06:54,満潮,188,大潮相当,172
2024,20240314,2024-03-14 13:35,干潮,16,大潮相当,172
2024,20240314,2024-03-14 19:53,満潮,169,大潮相当,172
2024,20240315,2024-03-15 01:33,干潮,83,中潮相当,157
2024,20240315,2024-03-15 07:13,満潮,182,中潮相当,157
2024,20240315,2024-03-15 14:15,干潮,25,中潮相当,157
2024,20240315,2024-03-15 20:45,満潮,150,中潮相当,157
2024,20240316,2024-03-16 01:52,干潮,102,中潮相当,136
2024,20240316,2024-03-16 07:32,満潮,174,中潮相当,136
2024,20240316,2024-03-16 15:02,干潮,38,中潮相当,136
2024,20240316,2024-03-16 21:55,満潮,133,中潮相当,136
2024,20240317,2024-03-17 01:57,干潮,118,小潮相当,111
2024,20240317,2024-03-17 07:49,満潮,163,小潮相当,111
2024,20240317,2024-03-17 16:14,干潮,52,小潮相当,111
2024,20240318,2024-03-18 07:59,満潮,149,小潮相当,90
2024,20240318,2024-03-18 18:04,干潮,59,小潮相当,90
2024,20240319,2024-03-19 04:00,満潮,143,小潮相当,88
2024,20240319,2024-03-19 19:41,干潮,55,小潮相当,88
2024,20240320,2024-03-20 03:53,満潮,151,小潮相当,104
2024,20240320,2024-03-20 09:34,干潮,117,小潮相当,104
2024,20240320,2024-03-20 14:08,満潮,137,小潮相当,104
2024,20240320,2024-03-20 20:45,干潮,47,小潮相当,104
2024,20240321,2024-03-21 04:04,満潮,158,中潮相当,120
2024,20240321,2024-03-21 09:47,干潮,101,中潮相当,120
2024,20240321,2024-03-21 15:02,満潮,152,中潮相当,120
2024,20240321,2024-03-21 21:31,干潮,38,中潮相当,120
2024,20240322,2024-03-22 04:20,満潮,165,中潮相当,133
2024,20240322,2024-03-22 10:09,干潮,85,中潮相当,133
2024,20240322,2024-03-22 15:40,満潮,165,中潮相当,133
2024,20240322,2024-03-22 22:07,干潮,32,中潮相当,133
2024,20240323,2024-03-23 04:36,満潮,170,中潮相当,146
2024,20240323,2024-03-23 10:32,干潮,71,中潮相当,146
2024,20240323,2024-03-23 16:13,満潮,176,中潮相当,146
2024,20240323,2024-03-23 22:39,干潮,30,中潮相当,146
2024,20240324,2024-03-24 04:53,満潮,175,中潮相当,151
2024,20240324,2024-03-24 10:57,干潮,57,中潮相当,151
2024,20240324,2024-03-24 16:44,満潮,183,中潮相当,151
2024,20240324,2024-03-24 23:08,干潮,32,中潮相当,151
2024,20240325,2024-03-25 05:10,満潮,179,中潮相当,149
2024,20240325,2024-03-25 11:21,干潮,45,中潮相当,149
2024,20240325,2024-03-25 17:16,満潮,187,中潮相当,149
2024,20240325,2024-03-25 23:35,干潮,38,中潮相当,149
2024,20240326,2024-03-26 05:28,満潮,181,中潮相当,152
2024,20240326,2024-03-26 11:45,干潮,35,中潮相当,152
2024,20240326,2024-03-26 17:48,満潮,187,中潮相当,152
2024,20240327,2024-03-27 00:01,干潮,46,中潮相当,155
2024,20240327,2024-03-27 05:45,満潮,183,中潮相当,155
2024,20240327,2024-03-27 12:10,干潮,28,中潮相当,155
2024,20240327,2024-03-27 18:21,満潮,183,中潮相当,155
2024,20240328,2024-03-28 00:26,干潮,58,中潮相当,159
2024,20240328,2024-03-28 06:04,満潮,183,中潮相当,159
2024,20240328,2024-03-28 12:35,干潮,24,中潮相当,159
2024,20240328,2024-03-28 18:56,満潮,177,中潮相当,159
2024,20240329,2024-03-29 00:51,干潮,70,中潮相当,157
2024,20240329,2024-03-29 06:24,満潮,181,中潮相当,157
2024,20240329,2024-03-29 13:02,干潮,24,中潮相当,157
2024,20240329,2024-03-29 19:34,満潮,168,中潮相当,157
2024,20240330,2024-03-30 01:15,干潮,84,中潮相当,150
2024,20240330,2024-03-30 06:45,満潮,177,中潮相当,150
2024,20240330,2024-03-30 13:31,干潮,27,中潮相当,150
2024,20240330,2024-03-30 20:18,満潮,156,中潮相当,150
2024,20240331,2024-03-31 01:39,干潮,99,中潮相当,137
2024,20240331,2024-03-31 07:08,満潮,171,中潮相当,137
2024,20240331,2024-03-31 14:08,干潮,34,中潮相当,137
2024,20240331,2024-03-31 21:17,満潮,144,中潮相当,137
2024,20240401,2024-04-01 02:06,干潮,114,小潮相当,118
2024,20240401,2024-04-01 07:33,満潮,162,小潮相当,118
2024,20240401,2024-04-01 15:02,干潮,44,小潮相当,118
2024,20240401,2024-04-01 23:09,満潮,134,小潮相当,118
2024,20240402,2024-04-02 02:45,干潮,128,小潮相当,99
2024,20240402,2024-04-02 08:03,満潮,151,小潮相当,99
2024,20240402,2024-04-02 16:41,干潮,52,小潮相当,99
2024,20240403,2024-04-03 02:21,満潮,143,小潮相当,94
2024,20240403,2024-04-03 06:35,干潮,135,小潮相当,94
2024,20240403,2024-04-03 09:11,満潮,137,小潮相当,94
2024,20240403,2024-04-03 18:43,干潮,49,小潮相当,94
2024,20240404,2024-04-04 02:58,満潮,156,小潮相当,118
2024,20240404,2024-04-04 08:27,干潮,118,小潮相当,118
2024,20240404,2024-04-04 12:47,満潮,137,小潮相当,118
2024,20240404,2024-04-04 20:05,干潮,38,小潮相当,118
2024,20240405,2024-04-05 03:24,満潮,167,中潮相当,138
2024,20240405,2024-04-05 09:05,干潮,97,中潮相当,138
2024,20240405,2024-04-05 14:18,満潮,156,中潮相当,138
2024,20240405,2024-04-05 21:03,干潮,29,中潮相当,138
2024,20240406,2024-04-06 03:49,満潮,177,中潮相当,152
2024,20240406,2024-04-06 09:40,干潮,73,中潮相当,152
2024,20240406,2024-04-06 15:15,満潮,176,中潮相当,152
2024,20240406,2024-04-06 21:50,干潮,25,中潮相当,152
2024,20240407,2024-04-07 04:14,満潮,185,大潮相当,164
2024,20240407,2024-04-07 10:14,干潮,49,大潮相当,164
2024,20240407,2024-04-07 16:04,満潮,192,大潮相当,164
2024,20240407,2024-04-07 22:31,干潮,28,大潮相当,164
2024,20240408,2024-04-08 04:38,満潮,190,大潮相当,175
2024,20240408,2024-04-08 10:48,干潮,26,大潮相当,175
2024,20240408,2024-04-08 16:50,満潮,201,大潮相当,175
2024,20240408,2024-04-08 23:09,干潮,38,大潮相当,175
2024,20240409,2024-04-09 05:02,満潮,194,大潮相当,194
2024,20240409,2024-04-09 11:23,干潮,9,大潮相当,194
2024,20240409,2024-04-09 17:35,満潮,203,大潮相当,194
2024,20240409,2024-04-09 23:43,干潮,54,大潮相当,194
2024,20240410,2024-04-10 05:25,満潮,195,大潮相当,198
2024,20240410,2024-04-10 11:59,干潮,-1,大潮相当,198
2024,20240410,2024-04-10 18:20,満潮,197,大潮相当,198
2024,20240411,2024-04-11 00:16,干潮,72,中潮相当,122
2024,20240411,2024-04-11 05:48,満潮,194,中潮相当,122
2024,20240411,2024-04-11 19:06,満潮,185,中潮相当,122
2024,20240412,2024-04-12 00:45,干潮,89,大潮相当,186
2024,20240412,2024-04-12 06:10,満潮,190,大潮相当,186
2024,20240412,2024-04-12 13:12,干潮,4,大潮相当,186
2024,20240412,2024-04-12 19:53,満潮,170,大潮相当,186
2024,20240413,2024-04-13 01:13,干潮,105,大潮相当,165
2024,20240413,2024-04-13 06:32,満潮,182,大潮相当,165
2024,20240413,2024-04-13 13:52,干潮,17,大潮相当,165
2024,20240413,2024-04-13 20:45,満潮,155,大潮相当,165
2024,20240414,2024-04-14 01:38,干潮,117,中潮相当,138
2024,20240414,2024-04-14 06:54,満潮,172,中潮相当,138
2024,20240414,2024-04-14 14:38,干潮,34,中潮相当,138
2024,20240414,2024-04-14 21:54,満潮,141,中潮相当,138
2024,20240415,2024-04-15 02:05,干潮,126,小潮相当,107
2024,20240415,2024-04-15 07:16,満潮,158,小潮相当,107
2024,20240415,2024-04-15 15:42,干潮,51,小潮相当,107
2024,20240416,2024-04-16 00:19,満潮,136,小潮相当,80
2024,20240416,2024-04-16 02:59,干潮,134,小潮相当,80
2024,20240416,2024-04-16 07:31,満潮,143,小潮相当,80
2024,20240416,2024-04-16 17:16,干潮,63,小潮相当,80
2024,20240417,2024-04-17 02:18,満潮,142,長潮相当,77
2024,20240417,2024-04-17 18:51,干潮,65,長潮相当,77
2024,20240418,2024-04-18 02:45,満潮,149,小潮相当,88
2024,20240418,2024-04-18 08:49,干潮,108,小潮相当,88
2024,20240418,2024-04-18 13:40,満潮,133,小潮相当,88
2024,20240418,2024-04-18 20:00,干潮,61,小潮相当,88
2024,20240419,2024-04-19 03:06,満潮,156,小潮相当,99
2024,20240419,2024-04-19 09:11,干潮,91,小潮相当,99
2024,20240419,2024-04-19 14:39,満潮,147,小潮相当,99
2024,20240419,2024-04-19 20:49,干潮,57,小潮相当,99
2024,20240420,2024-04-20 03:25,満潮,163,小潮相当,108
2024,20240420,2024-04-20 09:35,干潮,74,小潮相当,108
2024,20240420,2024-04-20 15:21,満潮,160,小潮相当,108
2024,20240420,2024-04-20 21:28,干潮,55,小潮相当,108
2024,20240421,2024-04-21 03:44,満潮,169,小潮相当,115
2024,20240421,2024-04-21 10:00,干潮,58,小潮相当,115
2024,20240421,2024-04-21 15:58,満潮,171,小潮相当,115
2024,20240421,2024-04-21 22:03,干潮,56,小潮相当,115
2024,20240422,2024-04-22 04:03,満潮,174,中潮相当,137
2024,20240422,2024-04-22 10:25,干潮,43,中潮相当,137
2024,20240422,2024-04-22 16:33,満潮,180,中潮相当,137
2024,20240422,2024-04-22 22:35,干潮,60,中潮相当,137
2024,20240423,2024-04-23 04:22,満潮,179,中潮相当,155
2024,20240423,2024-04-23 10:51,干潮,30,中潮相当,155
2024,20240423,2024-04-23 17:08,満潮,185,中潮相当,155
2024,20240423,2024-04-23 23:05,干潮,66,中潮相当,155
2024,20240424,2024-04-24 04:41,満潮,183,大潮相当,167
2024,20240424,2024-04-24 11:17,干潮,20,大潮相当,167
2024,20240424,2024-04-24 17:43,満潮,187,大潮相当,167
2024,20240424,2024-04-24 23:34,干潮,74,大潮相当,167
2024,20240425,2024-04-25 05:02,満潮,185,大潮相当,173
2024,20240425,2024-04-25 11:44,干潮,13,大潮相当,173
2024,20240425,2024-04-25 18:18,満潮,186,大潮相当,173
2024,20240426,2024-04-26 00:03,干潮,83,大潮相当,176
2024,20240426,2024-04-26 05:25,満潮,186,大潮相当,176
2024,20240426,2024-04-26 12:12,干潮,10,大潮相当,176
2024,20240426,2024-04-26 18:56,満潮,181,大潮相当,176
2024,20240427,2024-04-27 00:32,干潮,93,大潮相当,172
2024,20240427,2024-04-27 05:48,満潮,184,大潮相当,172
2024,20240427,2024-04-27 12:43,干潮,12,大潮相当,172
2024,20240427,2024-04-27 19:38,満潮,173,大潮相当,172
2024,20240428,2024-04-28 01:02,干潮,103,大潮相当,161
2024,20240428,2024-04-28 06:14,満潮,179,大潮相当,161
2024,20240428,2024-04-28 13:18,干潮,18,大潮相当,161
2024,20240428,2024-04-28 20:27,満潮,163,大潮相当,161
2024,20240429,2024-04-29 01:36,干潮,113,中潮相当,145
2024,20240429,2024-04-29 06:42,満潮,172,中潮相当,145
2024,20240429,2024-04-29 14:01,干潮,27,中潮相当,145
2024,20240429,2024-04-29 21:33,満潮,153,中潮相当,145
2024,20240430,2024-04-30 02:19,干潮,123,中潮相当,123
2024,20240430,2024-04-30 07:15,満潮,162,中潮相当,123
2024,20240430,2024-04-30 14:59,干潮,39,中潮相当,123
2024,20240430,2024-04-30 23:07,満潮,148,中潮相当,123
2024,20240501,2024-05-01 03:38,干潮,130,小潮相当,99
2024,20240501,2024-05-01 08:05,満潮,148,小潮相当,99
2024,20240501,2024-05-01 16:24,干潮,49,小潮相当,99
2024,20240502,2024-05-02 00:44,満潮,152,小潮相当,98
2024,20240502,2024-05-02 06:17,干潮,125,小潮相当,98
2024,20240502,2024-05-02 10:11,満潮,136,小潮相当,98
2024,20240502,2024-05-02 18:05,干潮,54,小潮相当,98
2024,20240503,2024-05-03 01:42,満潮,159,小潮相当,105
2024,20240503,2024-05-03 07:43,干潮,105,小潮相当,105
2024,20240503,2024-05-03 12:39,満潮,141,小潮相当,105
2024,20240503,2024-05-03 19:26,干潮,54,小潮相当,105
2024,20240504,2024-05-04 02:20,満潮,168,小潮相当,113
2024,20240504,2024-05-04 08:28,干潮,81,小潮相当,113
2024,20240504,2024-05-04 14:04,満潮,157,小潮相当,113
2024,20240504,2024-05-04 20:26,干潮,55,小潮相当,113
2024,20240505,2024-05-05 02:51,満潮,176,中潮相当,121
2024,20240505,2024-05-05 09:07,干潮,55,中潮相当,121
2024,20240505,2024-05-05 15:06,満潮,174,中潮相当,121
2024,20240505,2024-05-05 21:16,干潮,60,中潮相当,121
2024,20240506,2024-05-06 03:20,満潮,183,中潮相当,156
2024,20240506,2024-05-06 09:44,干潮,31,中潮相当,156
2024,20240506,2024-05-06 15:59,満潮,187,中潮相当,156
2024,20240506,2024-05-06 22:00,干潮,68,中潮相当,156
2024,20240507,2024-05-07 03:48,満潮,189,大潮相当,184
2024,20240507,2024-05-07 10:21,干潮,11,大潮相当,184
2024,20240507,2024-05-07 16:48,満潮,195,大潮相当,184
2024,20240507,2024-05-07 22:40,干潮,79,大潮相当,184
2024,20240508,2024-05-08 04:15,満潮,193,大潮相当,199
2024,20240508,2024-05-08 10:59,干潮,-2,大潮相当,199
2024,20240508,2024-05-08 17:36,満潮,197,大潮相当,199
2024,20240508,2024-05-08 23:18,干潮,91,大潮相当,199
2024,20240509,2024-05-09 04:43,満潮,195,大潮相当,200
2024,20240509,2024-05-09 18:22,満潮,193,大潮相当,200
2024,20240510,2024-05-10 05:12,満潮,194,大潮相当,199
2024,20240510,2024-05-10 12:16,干潮,-5,大潮相当,199
2024,20240510,2024-05-10 19:07,満潮,185,大潮相当,199
2024,20240511,2024-05-11 00:29,干潮,111,大潮相当,185
2024,20240511,2024-05-11 05:40,満潮,189,大潮相当,185
2024,20240511,2024-05-11 12:55,干潮,4,大潮相当,185
2024,20240511,2024-05-11 19:53,満潮,174,大潮相当,185
2024,20240512,2024-05-12 01:03,干潮,118,大潮相当,163
2024,20240512,2024-05-12 06:10,満潮,181,大潮相当,163
2024,20240512,2024-05-12 13:37,干潮,18,大潮相当,163
2024,20240512,2024-05-12 20:40,満潮,163,大潮相当,163
2024,20240513,2024-05-13 01:40,干潮,122,中潮相当,137
2024,20240513,2024-05-13 06:41,満潮,171,中潮相当,137
2024,20240513,2024-05-13 14:22,干潮,34,中潮相当,137
2024,20240513,2024-05-13 21:34,満潮,154,中潮相当,137
2024,20240514,2024-05-14 02:24,干潮,126,小潮相当,108
2024,20240514,2024-05-14 07:17,満潮,157,小潮相当,108
2024,20240514,2024-05-14 15:15,干潮,49,小潮相当,108
2024,20240514,2024-05-14 22:38,満潮,149,小潮相当,108
2024,20240515,2024-05-15 03:36,干潮,127,小潮相当,84
2024,20240515,2024-05-15 08:08,満潮,142,小潮相当,84
2024,20240515,2024-05-15 16:20,干潮,63,小潮相当,84
2024,20240515,2024-05-15 23:48,満潮,147,小潮相当,84
2024,20240516,2024-05-16 06:00,干潮,121,長潮相当,58
2024,20240516,2024-05-16 10:18,満潮,130,長潮相当,58
2024,20240516,2024-05-16 17:37,干潮,72,長潮相当,58
2024,20240517,2024-05-17 00:49,満潮,150,長潮相当,73
2024,20240517,2024-05-17 07:34,干潮,106,長潮相当,73
2024,20240517,2024-05-17 12:37,満潮,132,長潮相当,73
2024,20240517,2024-05-17 18:49,干潮,77,長潮相当,73
2024,20240518,2024-05-18 01:33,満潮,155,長潮相当,75
2024,20240518,2024-05-18 08:17,干潮,88,長潮相当,75
2024,20240518,2024-05-18 13:59,満潮,141,長潮相当,75
2024,20240518,2024-05-18 19:49,干潮,80,長潮相当,75
2024,20240519,2024-05-19 02:07,満潮,161,小潮相当,91
2024,20240519,2024-05-19 08:50,干潮,70,小潮相当,91
2024,20240519,2024-05-19 14:56,満潮,154,小潮相当,91
2024,20240519,2024-05-19 20:38,干潮,83,小潮相当,91
2024,20240520,2024-05-20 02:35,満潮,167,小潮相当,114
2024,20240520,2024-05-20 09:20,干潮,53,小潮相当,114
2024,20240520,2024-05-20 15:42,満潮,166,小潮相当,114
2024,20240520,2024-05-20 21:20,干潮,87,小潮相当,114
2024,20240521,2024-05-21 03:02,満潮,173,中潮相当,138
2024,20240521,2024-05-21 09:49,干潮,38,中潮相当,138
2024,20240521,2024-05-21 16:24,満潮,176,中潮相当,138
2024,20240521,2024-05-21 21:58,干潮,91,中潮相当,138
2024,20240522,2024-05-22 03:29,満潮,179,中潮相当,159
2024,20240522,2024-05-22 10:18,干潮,25,中潮相当,159
2024,20240522,2024-05-22 17:02,満潮,184,中潮相当,159
2024,20240522,2024-05-22 22:34,干潮,96,中潮相当,159
2024,20240523,2024-05-23 03:56,満潮,184,大潮相当,174
2024,20240523,2024-05-23 10:49,干潮,14,大潮相当,174
2024,20240523,2024-05-23 17:40,満潮,188,大潮相当,174
2024,20240523,2024-05-23 23:09,干潮,100,大潮相当,174
2024,20240524,2024-05-24 04:25,満潮,187,大潮相当,180
2024,20240524,2024-05-24 11:22,干潮,8,大潮相当,180
2024,20240524,2024-05-24 18:19,満潮,188,大潮相当,180
2024,20240524,2024-05-24 23:45,干潮,105,大潮相当,180
2024,20240525,2024-05-25 04:55,満潮,189,大潮相当,184
2024,20240525,2024-05-25 11:57,干潮,5,大潮相当,184
2024,20240525,2024-05-25 19:00,満潮,185,大潮相当,184
2024,20240526,2024-05-26 00:21,干潮,110,大潮相当,181
2024,20240526,2024-05-26 05:27,満潮,188,大潮相当,181
2024,20240526,2024-05-26 12:35,干潮,7,大潮相当,181
2024,20240526,2024-05-26 19:44,満潮,180,大潮相当,181
2024,20240527,2024-05-27 00:59,干潮,115,大潮相当,171
2024,20240527,2024-05-27 06:01,満潮,184,大潮相当,171
2024,20240527,2024-05-27 13:17,干潮,13,大潮相当,171
2024,20240527,2024-05-27 20:34,満潮,173,大潮相当,171
2024,20240528,2024-05-28 01:42,干潮,119,中潮相当,153
2024,20240528,2024-05-28 06:40,満潮,176,中潮相当,153
2024,20240528,2024-05-28 14:04,干潮,23,中潮相当,153
2024,20240528,2024-05-28 21:30,満潮,168,中潮相当,153
2024,20240529,2024-05-29 02:35,干潮,121,中潮相当,129
2024,20240529,2024-05-29 07:29,満潮,165,中潮相当,129
2024,20240529,2024-05-29 14:58,干潮,36,中潮相当,129
2024,20240529,2024-05-29 22:29,満潮,164,中潮相当,129
2024,20240530,2024-05-30 03:46,干潮,120,小潮相当,113
2024,20240530,2024-05-30 08:41,満潮,153,小潮相当,113
2024,20240530,2024-05-30 16:01,干潮,51,小潮相当,113
2024,20240530,2024-05-30 23:25,満潮,164,小潮相当,113
2024,20240531,2024-05-31 05:22,干潮,110,小潮相当,80
2024,20240531,2024-05-31 10:27,満潮,145,小潮相当,80
2024,20240531,2024-05-31 17:15,干潮,65,小潮相当,80
2024,20240601,2024-06-01 00:15,満潮,166,小潮相当,88
2024,20240601,2024-06-01 06:46,干潮,92,小潮相当,88
2024,20240601,2024-06-01 12:14,満潮,146,小潮相当,88
2024,20240601,2024-06-01 18:32,干潮,78,小潮相当,88
2024,20240602,2024-06-02 00:59,満潮,170,小潮相当,102
2024,20240602,2024-06-02 07:43,干潮,68,小潮相当,102
2024,20240602,2024-06-02 13:45,満潮,156,小潮相当,102
2024,20240602,2024-06-02 19:39,干潮,89,小潮相当,102
2024,20240603,2024-06-03 01:40,満潮,175,中潮相当,130
2024,20240603,2024-06-03 08:31,干潮,45,中潮相当,130
2024,20240603,2024-06-03 15:00,満潮,169,中潮相当,130
2024,20240603,2024-06-03 20:37,干潮,99,中潮相当,130
2024,20240604,2024-06-04 02:20,満潮,181,中潮相当,156
2024,20240604,2024-06-04 09:14,干潮,25,中潮相当,156
2024,20240604,2024-06-04 16:01,満潮,180,中潮相当,156
2024,20240604,2024-06-04 21:28,干潮,107,中潮相当,156
2024,20240605,2024-06-05 02:59,満潮,186,大潮相当,177
2024,20240605,2024-06-05 09:57,干潮,11,大潮相当,177
2024,20240605,2024-06-05 16:54,満潮,188,大潮相当,177
2024,20240605,2024-06-05 22:16,干潮,114,大潮相当,177
2024,20240606,2024-06-06 03:37,満潮,190,大潮相当,190
2024,20240606,2024-06-06 10:39,干潮,2,大潮相当,190
2024,20240606,2024-06-06 17:41,満潮,192,大潮相当,190
2024,20240606,2024-06-06 23:00,干潮,118,大潮相当,190
2024,20240607,2024-06-07 04:15,満潮,193,大潮相当,190
2024,20240607,2024-06-07 18:23,満潮,191,大潮相当,190
2024,20240608,2024-06-08 04:52,満潮,192,大潮相当,188
2024,20240608,2024-06-08 12:03,干潮,4,大潮相当,188
2024,20240608,2024-06-08 19:03,満潮,186,大潮相当,188
2024,20240609,2024-06-09 00:21,干潮,121,大潮相当,179
2024,20240609,2024-06-09 05:29,満潮,190,大潮相当,179
2024,20240609,2024-06-09 12:45,干潮,11,大潮相当,179
2024,20240609,2024-06-09 19:41,満潮,180,大潮相当,179
2024,20240610,2024-06-10 00:59,干潮,120,大潮相当,162
2024,20240610,2024-06-10 06:05,満潮,184,大潮相当,162
2024,20240610,2024-06-10 13:25,干潮,22,大潮相当,162
2024,20240610,2024-06-10 20:18,満潮,174,大潮相当,162
2024,20240611,2024-06-11 01:37,干潮,118,中潮相当,141
2024,20240611,2024-06-11 06:43,満潮,175,中潮相当,141
2024,20240611,2024-06-11 14:04,干潮,34,中潮相当,141
2024,20240611,2024-06-11 20:56,満潮,168,中潮相当,141
2024,20240612,2024-06-12 02:18,干潮,117,小潮相当,117
2024,20240612,2024-06-12 07:26,満潮,164,小潮相当,117
2024,20240612,2024-06-12 14:44,干潮,48,小潮相当,117
2024,20240612,2024-06-12 21:34,満潮,165,小潮相当,117
2024,20240613,2024-06-13 03:08,干潮,115,小潮相当,100
2024,20240613,2024-06-13 08:20,満潮,152,小潮相当,100
2024,20240613,2024-06-13 15:27,干潮,63,小潮相当,100
2024,20240613,2024-06-13 22:13,満潮,163,小潮相当,100
2024,20240614,2024-06-14 04:18,干潮,111,小潮相当,84
2024,20240614,2024-06-14 09:37,満潮,141,小潮相当,84
2024,20240614,2024-06-14 16:17,干潮,78,小潮相当,84
2024,20240614,2024-06-14 22:55,満潮,162,小潮相当,84
2024,20240615,2024-06-15 05:52,干潮,103,長潮相当,71
2024,20240615,2024-06-15 11:16,満潮,136,長潮相当,71
2024,20240615,2024-06-15 17:21,干潮,92,長潮相当,71
2024,20240615,2024-06-15 23:37,満潮,163,長潮相当,71
2024,20240616,2024-06-16 07:05,干潮,89,若潮相当,49
2024,20240616,2024-06-16 12:59,満潮,138,若潮相当,49
2024,20240616,2024-06-16 18:32,干潮,103,若潮相当,49
2024,20240617,2024-06-17 00:22,満潮,165,小潮相当,93
2024,20240617,2024-06-17 07:54,干潮,72,小潮相当,93
2024,20240617,2024-06-17 14:28,満潮,148,小潮相当,93
2024,20240617,2024-06-17 19:37,干潮,110,小潮相当,93
2024,20240618,2024-06-18 01:07,満潮,168,小潮相当,112
2024,20240618,2024-06-18 08:34,干潮,56,小潮相当,112
2024,20240618,2024-06-18 15:32,満潮,161,小潮相当,112
2024,20240618,2024-06-18 20:33,干潮,115,小潮相当,112
2024,20240619,2024-06-19 01:52,満潮,172,中潮相当,133
2024,20240619,2024-06-19 09:11,干潮,41,中潮相当,133
2024,20240619,2024-06-19 16:19,満潮,174,中潮相当,133
2024,20240619,2024-06-19 21:23,干潮,118,中潮相当,133
2024,20240620,2024-06-20 02:36,満潮,178,中潮相当,156
2024,20240620,2024-06-20 09:48,干潮,27,中潮相当,156
2024,20240620,2024-06-20 17:00,満潮,183,中潮相当,156
2024,20240620,2024-06-20 22:08,干潮,119,中潮相当,156
2024,20240621,2024-06-21 03:18,満潮,184,大潮相当,174
2024,20240621,2024-06-21 10:27,干潮,16,大潮相当,174
2024,20240621,2024-06-21 17:39,満潮,190,大潮相当,174
2024,20240621,2024-06-21 22:51,干潮,120,大潮相当,174
2024,20240622,2024-06-22 03:59,満潮,190,大潮相当,185
2024,20240622,2024-06-22 11:07,干潮,8,大潮相当,185
2024,20240622,2024-06-22 18:18,満潮,193,大潮相当,185
2024,20240622,2024-06-22 23:34,干潮,119,大潮相当,185
2024,20240623,2024-06-23 04:40,満潮,194,大潮相当,190
2024,20240623,2024-06-23 11:50,干潮,4,大潮相当,190
2024,20240623,2024-06-23 18:58,満潮,193,大潮相当,190
2024,20240624,2024-06-24 00:16,干潮,117,大潮相当,191
2024,20240624,2024-06-24 05:21,満潮,196,大潮相当,191
2024,20240624,2024-06-24 12:33,干潮,5,大潮相当,191
2024,20240624,2024-06-24 19:39,満潮,190,大潮相当,191
2024,20240625,2024-06-25 00:58,干潮,114,大潮相当,182
2024,20240625,2024-06-25 06:04,満潮,193,大潮相当,182
2024,20240625,2024-06-25 13:17,干潮,11,大潮相当,182
2024,20240625,2024-06-25 20:19,満潮,187,大潮相当,182
2024,20240626,2024-06-26 01:42,干潮,111,大潮相当,163
2024,20240626,2024-06-26 06:51,満潮,186,大潮相当,163
2024,20240626,2024-06-26 14:00,干潮,23,大潮相当,163
2024,20240626,2024-06-26 20:59,満潮,183,大潮相当,163
2024,20240627,2024-06-27 02:29,干潮,106,中潮相当,140
2024,20240627,2024-06-27 07:46,満潮,176,中潮相当,140
2024,20240627,2024-06-27 14:43,干潮,40,中潮相当,140
2024,20240627,2024-06-27 21:38,満潮,180,中潮相当,140
2024,20240628,2024-06-28 03:25,干潮,100,小潮相当,116
2024,20240628,2024-06-28 08:53,満潮,164,小潮相当,116
2024,20240628,2024-06-28 15:28,干潮,61,小潮相当,116
2024,20240628,2024-06-28 22:15,満潮,177,小潮相当,116
2024,20240629,2024-06-29 04:32,干潮,91,小潮相当,93
2024,20240629,2024-06-29 10:14,満潮,154,小潮相当,93
2024,20240629,2024-06-29 16:20,干潮,83,小潮相当,93
2024,20240629,2024-06-29 22:52,満潮,176,小潮相当,93
2024,20240630,2024-06-30 05:49,干潮,78,小潮相当,98
2024,20240630,2024-06-30 11:47,満潮,149,小潮相当,98
2024,20240630,2024-06-30 17:25,干潮,105,小潮相当,98
2024,20240630,2024-06-30 23:33,満潮,176,小潮相当,98
2024,20240701,2024-07-01 06:59,干潮,62,小潮相当,91
2024,20240701,2024-07-01 13:37,満潮,153,小潮相当,91
2024,20240701,2024-07-01 18:44,干潮,122,小潮相当,91
2024,20240702,2024-07-02 00:21,満潮,176,中潮相当,130
2024,20240702,2024-07-02 07:58,干潮,46,中潮相当,130
2024,20240702,2024-07-02 15:17,満潮,164,中潮相当,130
2024,20240702,2024-07-02 20:01,干潮,132,中潮相当,130
2024,20240703,2024-07-03 01:19,満潮,178,中潮相当,145
2024,20240703,2024-07-03 08:51,干潮,33,中潮相当,145
2024,20240703,2024-07-03 16:20,満潮,176,中潮相当,145
2024,20240703,2024-07-03 21:08,干潮,135,中潮相当,145
2024,20240704,2024-07-04 02:22,満潮,181,大潮相当,162
2024,20240704,2024-07-04 09:40,干潮,23,大潮相当,162
2024,20240704,2024-07-04 17:05,満潮,185,大潮相当,162
2024,20240704,2024-07-04 22:07,干潮,134,大潮相当,162
2024,20240705,2024-07-05 03:19,満潮,186,大潮相当,174
2024,20240705,2024-07-05 10:28,干潮,16,大潮相当,174
2024,20240705,2024-07-05 17:43,満潮,190,大潮相当,174
2024,20240705,2024-07-05 22:56,干潮,130,大潮相当,174
2024,20240706,2024-07-06 04:08,満潮,191,大潮相当,177
2024,20240706,2024-07-06 11:13,干潮,14,大潮相当,177
2024,20240706,2024-07-06 18:16,満潮,191,大潮相当,177
2024,20240706,2024-07-06 23:37,干潮,123,大潮相当,177
2024,20240707,2024-07-07 04:49,満潮,194,大潮相当,179
2024,20240707,2024-07-07 11:55,干潮,15,大潮相当,179
2024,20240707,2024-07-07 18:46,満潮,190,大潮相当,179
2024,20240708,2024-07-08 00:14,干潮,117,大潮相当,174
2024,20240708,2024-07-08 05:28,満潮,194,大潮相当,174
2024,20240708,2024-07-08 12:33,干潮,20,大潮相当,174
2024,20240708,2024-07-08 19:15,満潮,187,大潮相当,174
2024,20240709,2024-07-09 00:48,干潮,111,大潮相当,164
2024,20240709,2024-07-09 06:04,満潮,191,大潮相当,164
2024,20240709,2024-07-09 13:07,干潮,27,大潮相当,164
2024,20240709,2024-07-09 19:42,満潮,185,大潮相当,164
2024,20240710,2024-07-10 01:20,干潮,106,中潮相当,146
2024,20240710,2024-07-10 06:41,満潮,184,中潮相当,146
2024,20240710,2024-07-10 13:39,干潮,38,中潮相当,146
2024,20240710,2024-07-10 20:09,満潮,182,中潮相当,146
2024,20240711,2024-07-11 01:54,干潮,102,中潮相当,129
2024,20240711,2024-07-11 07:20,満潮,175,中潮相当,129
2024,20240711,2024-07-11 14:10,干潮,51,中潮相当,129
2024,20240711,2024-07-11 20:36,満潮,180,中潮相当,129
2024,20240712,2024-07-12 02:31,干潮,99,小潮相当,112
2024,20240712,2024-07-12 08:06,満潮,164,小潮相当,112
2024,20240712,2024-07-12 14:40,干潮,67,小潮相当,112
2024,20240712,2024-07-12 21:04,満潮,179,小潮相当,112
2024,20240713,2024-07-13 03:15,干潮,96,小潮相当,93
2024,20240713,2024-07-13 09:03,満潮,153,小潮相当,93
2024,20240713,2024-07-13 15:12,干潮,84,小潮相当,93
2024,20240713,2024-07-13 21:34,満潮,177,小潮相当,93
2024,20240714,2024-07-14 04:14,干潮,93,小潮相当,81
2024,20240714,2024-07-14 10:14,満潮,144,小潮相当,81
2024,20240714,2024-07-14 15:52,干潮,102,小潮相当,81
2024,20240714,2024-07-14 22:07,満潮,174,小潮相当,81
2024,20240715,2024-07-15 05:34,干潮,87,小潮相当,85
2024,20240715,2024-07-15 11:49,満潮,140,小潮相当,85
2024,20240715,2024-07-15 16:56,干潮,120,小潮相当,85
2024,20240715,2024-07-15 22:46,満潮,172,小潮相当,85
2024,20240716,2024-07-16 06:48,干潮,76,小潮相当,94
2024,20240716,2024-07-16 14:10,満潮,146,小潮相当,94
2024,20240716,2024-07-16 18:31,干潮,132,小潮相当,94
2024,20240716,2024-07-16 23:35,満潮,170,小潮相当,94
2024,20240717,2024-07-17 07:47,干潮,62,小潮相当,99
2024,20240717,2024-07-17 15:36,満潮,161,小潮相当,99
2024,20240717,2024-07-17 19:53,干潮,137,小潮相当,99
2024,20240718,2024-07-18 00:40,満潮,170,中潮相当,127
2024,20240718,2024-07-18 08:37,干潮,48,中潮相当,127
2024,20240718,2024-07-18 16:21,満潮,175,中潮相当,127
2024,20240718,2024-07-18 21:00,干潮,137,中潮相当,127
2024,20240719,2024-07-19 01:54,満潮,174,中潮相当,153
2024,20240719,2024-07-19 09:26,干潮,33,中潮相当,153
2024,20240719,2024-07-19 16:58,満潮,186,中潮相当,153
2024,20240719,2024-07-19 21:55,干潮,133,中潮相当,153
2024,20240720,2024-07-20 02:58,満潮,183,大潮相当,174
2024,20240720,2024-07-20 10:13,干潮,20,大潮相当,174
2024,20240720,2024-07-20 17:33,満潮,194,大潮相当,174
2024,20240720,2024-07-20 22:44,干潮,127,大潮相当,174
2024,20240721,2024-07-21 03:51,満潮,193,大潮相当,189
2024,20240721,2024-07-21 11:00,干潮,10,大潮相当,189
2024,20240721,2024-07-21 18:07,満潮,199,大潮相当,189
2024,20240721,2024-07-21 23:27,干潮,118,大潮相当,189
2024,20240722,2024-07-22 04:38,満潮,202,大潮相当,195
2024,20240722,2024-07-22 18:40,満潮,201,大潮相当,195
2024,20240723,2024-07-23 00:08,干潮,109,大潮相当,200
2024,20240723,2024-07-23 05:23,満潮,206,大潮相当,200
2024,20240723,2024-07-23 12:27,干潮,6,大潮相当,200
2024,20240723,2024-07-23 19:13,満潮,201,大潮相当,200
2024,20240724,2024-07-24 00:48,干潮,99,大潮相当,189
2024,20240724,2024-07-24 06:08,満潮,205,大潮相当,189
2024,20240724,2024-07-24 13:06,干潮,16,大潮相当,189
2024,20240724,2024-07-24 19:44,満潮,199,大潮相当,189
2024,20240725,2024-07-25 01:28,干潮,89,大潮相当,166
2024,20240725,2024-07-25 06:56,満潮,198,大潮相当,166
2024,20240725,2024-07-25 13:43,干潮,32,大潮相当,166
2024,20240725,2024-07-25 20:14,満潮,196,大潮相当,166
2024,20240726,2024-07-26 02:09,干潮,81,中潮相当,138
2024,20240726,2024-07-26 07:49,満潮,187,中潮相当,138
2024,20240726,2024-07-26 14:17,干潮,54,中潮相当,138
2024,20240726,2024-07-26 20:42,満潮,192,中潮相当,138
2024,20240727,2024-07-27 02:55,干潮,75,小潮相当,114
2024,20240727,2024-07-27 08:48,満潮,173,小潮相当,114
2024,20240727,2024-07-27 14:51,干潮,80,小潮相当,114
2024,20240727,2024-07-27 21:09,満潮,189,小潮相当,114
2024,20240728,2024-07-28 03:49,干潮,71,小潮相当,114
2024,20240728,2024-07-28 09:57,満潮,159,小潮相当,114
2024,20240728,2024-07-28 15:24,干潮,105,小潮相当,114
2024,20240728,2024-07-28 21:37,満潮,185,小潮相当,114
2024,20240729,2024-07-29 04:59,干潮,68,小潮相当,112
2024,20240729,2024-07-29 11:29,満潮,148,小潮相当,112
2024,20240729,2024-07-29 16:06,干潮,128,小潮相当,112
2024,20240729,2024-07-29 22:11,満潮,180,小潮相当,112
2024,20240730,2024-07-30 06:21,干潮,63,小潮相当,111
2024,20240730,2024-07-30 14:34,満潮,151,小潮相当,111
2024,20240730,2024-07-30 17:43,干潮,146,小潮相当,111
2024,20240730,2024-07-30 22:59,満潮,174,小潮相当,111
2024,20240731,2024-07-31 07:35,干潮,55,小潮相当,111
2024,20240731,2024-07-31 16:00,満潮,166,小潮相当,111
2024,20240731,2024-07-31 19:52,干潮,151,小潮相当,111
2024,20240801,2024-08-01 00:34,満潮,170,中潮相当,132
2024,20240801,2024-08-01 08:39,干潮,45,中潮相当,132
2024,20240801,2024-08-01 16:35,満潮,177,中潮相当,132
2024,20240801,2024-08-01 21:20,干潮,145,中潮相当,132
2024,20240802,2024-08-02 02:23,満潮,174,中潮相当,149
2024,20240802,2024-08-02 09:34,干潮,37,中潮相当,149
2024,20240802,2024-08-02 17:03,満潮,186,中潮相当,149
2024,20240802,2024-08-02 22:16,干潮,135,中潮相当,149
2024,20240803,2024-08-03 03:26,満潮,183,大潮相当,161
2024,20240803,2024-08-03 10:23,干潮,30,大潮相当,161
2024,20240803,2024-08-03 17:29,満潮,191,大潮相当,161
2024,20240803,2024-08-03 22:56,干潮,124,大潮相当,161
2024,20240804,2024-08-04 04:11,満潮,191,大潮相当,167
2024,20240804,2024-08-04 11:05,干潮,26,大潮相当,167
2024,20240804,2024-08-04 17:53,満潮,193,大潮相当,167
2024,20240804,2024-08-04 23:29,干潮,113,大潮相当,167
2024,20240805,2024-08-05 04:49,満潮,197,大潮相当,171
2024,20240805,2024-08-05 11:41,干潮,26,大潮相当,171
2024,20240805,2024-08-05 18:15,満潮,194,大潮相当,171
2024,20240805,2024-08-05 23:59,干潮,103,大潮相当,171
2024,20240806,2024-08-06 05:24,満潮,200,大潮相当,171
2024,20240806,2024-08-06 12:14,干潮,29,大潮相当,171
2024,20240806,2024-08-06 18:37,満潮,194,大潮相当,171
2024,20240807,2024-08-07 00:27,干潮,94,大潮相当,162
2024,20240807,2024-08-07 05:57,満潮,198,大潮相当,162
2024,20240807,2024-08-07 12:43,干潮,36,大潮相当,162
2024,20240807,2024-08-07 18:58,満潮,194,大潮相当,162
2024,20240808,2024-08-08 00:55,干潮,87,中潮相当,146
2024,20240808,2024-08-08 06:31,満潮,193,中潮相当,146
2024,20240808,2024-08-08 13:10,干潮,47,中潮相当,146
2024,20240808,2024-08-08 19:20,満潮,193,中潮相当,146
2024,20240809,2024-08-09 01:24,干潮,82,中潮相当,131
2024,20240809,2024-08-09 07:08,満潮,185,中潮相当,131
2024,20240809,2024-08-09 13:35,干潮,61,中潮相当,131
2024,20240809,2024-08-09 19:41,満潮,192,中潮相当,131
2024,20240810,2024-08-10 01:54,干潮,79,小潮相当,113
2024,20240810,2024-08-10 07:48,満潮,175,小潮相当,113
2024,20240810,2024-08-10 13:59,干潮,77,小潮相当,113
2024,20240810,2024-08-10 20:04,満潮,190,小潮相当,113
2024,20240811,2024-08-11 02:27,干潮,78,小潮相当,108
2024,20240811,2024-08-11 08:35,満潮,163,小潮相当,108
2024,20240811,2024-08-11 14:23,干潮,94,小潮相当,108
2024,20240811,2024-08-11 20:29,満潮,186,小潮相当,108
2024,20240812,2024-08-12 03:08,干潮,78,小潮相当,103
2024,20240812,2024-08-12 09:33,満潮,153,小潮相当,103
2024,20240812,2024-08-12 14:48,干潮,112,小潮相当,103
2024,20240812,2024-08-12 20:56,満潮,181,小潮相当,103
2024,20240813,2024-08-13 04:07,干潮,79,小潮相当,97
2024,20240813,2024-08-13 10:56,満潮,144,小潮相当,97
2024,20240813,2024-08-13 15:18,干潮,130,小潮相当,97
2024,20240813,2024-08-13 21:29,満潮,176,小潮相当,97
2024,20240814,2024-08-14 05:37,干潮,77,小潮相当,92
2024,20240814,2024-08-14 14:52,満潮,148,小潮相当,92
2024,20240814,2024-08-14 17:16,干潮,146,小潮相当,92
2024,20240814,2024-08-14 22:15,満潮,169,小潮相当,92
2024,20240815,2024-08-15 07:05,干潮,68,小潮相当,96
2024,20240815,2024-08-15 15:46,満潮,164,小潮相当,96
2024,20240815,2024-08-15 19:38,干潮,149,小潮相当,96
2024,20240815,2024-08-15 23:40,満潮,164,小潮相当,96
2024,20240816,2024-08-16 08:14,干潮,53,中潮相当,125
2024,20240816,2024-08-16 16:15,満潮,178,中潮相当,125
2024,20240816,2024-08-16 21:01,干潮,143,中潮相当,125
2024,20240817,2024-08-17 01:42,満潮,169,中潮相当,153
2024,20240817,2024-08-17 09:12,干潮,37,中潮相当,153
2024,20240817,2024-08-17 16:43,満潮,190,中潮相当,153
2024,20240817,2024-08-17 21:54,干潮,132,中潮相当,153
2024,20240818,2024-08-18 02:57,満潮,183,大潮相当,176
2024,20240818,2024-08-18 10:03,干潮,23,大潮相当,176
2024,20240818,2024-08-18 17:11,満潮,199,大潮相当,176
2024,20240818,2024-08-18 22:37,干潮,118,大潮相当,176
2024,20240819,2024-08-19 03:50,満潮,198,大潮相当,192
2024,20240819,2024-08-19 10:50,干潮,13,大潮相当,192
2024,20240819,2024-08-19 17:40,満潮,205,大潮相当,192
2024,20240819,2024-08-19 23:15,干潮,102,大潮相当,192
2024,20240820,2024-08-20 04:37,満潮,210,大潮相当,195
2024,20240820,2024-08-20 18:07,満潮,208,大潮相当,195
2024,20240821,2024-08-21 05:22,満潮,216,大潮相当,199
2024,20240821,2024-08-21 12:10,干潮,17,大潮相当,199
2024,20240821,2024-08-21 18:34,満潮,209,大潮相当,199
2024,20240822,2024-08-22 00:28,干潮,70,大潮相当,183
2024,20240822,2024-08-22 06:07,満潮,214,大潮相当,183
2024,20240822,2024-08-22 12:45,干潮,31,大潮相当,183
2024,20240822,2024-08-22 18:59,満潮,207,大潮相当,183
2024,20240823,2024-08-23 01:05,干潮,59,中潮相当,153
2024,20240823,2024-08-23 06:54,満潮,206,中潮相当,153
2024,20240823,2024-08-23 13:18,干潮,53,中潮相当,153
2024,20240823,2024-08-23 19:23,満潮,205,中潮相当,153
2024,20240824,2024-08-24 01:43,干潮,52,中潮相当,149
2024,20240824,2024-08-24 07:44,満潮,192,中潮相当,149
2024,20240824,2024-08-24 13:47,干潮,77,中潮相当,149
2024,20240824,2024-08-24 19:45,満潮,201,中潮相当,149
2024,20240825,2024-08-25 02:24,干潮,51,中潮相当,145
2024,20240825,2024-08-25 08:39,満潮,176,中潮相当,145
2024,20240825,2024-08-25 14:13,干潮,102,中潮相当,145
2024,20240825,2024-08-25 20:07,満潮,196,中潮相当,145
2024,20240826,2024-08-26 03:13,干潮,55,中潮相当,133
2024,20240826,2024-08-26 09:45,満潮,159,中潮相当,133
2024,20240826,2024-08-26 14:34,干潮,125,中潮相当,133
2024,20240826,2024-08-26 20:30,満潮,188,中潮相当,133
2024,20240827,2024-08-27 04:19,干潮,63,小潮相当,116
2024,20240827,2024-08-27 11:40,満潮,147,小潮相当,116
2024,20240827,2024-08-27 14:35,干潮,143,小潮相当,116
2024,20240827,2024-08-27 20:55,満潮,179,小潮相当,116
2024,20240828,2024-08-28 05:52,干潮,67,小潮相当,99
2024,20240828,2024-08-28 21:34,満潮,166,小潮相当,99
2024,20240829,2024-08-29 07:24,干潮,64,小潮相当,106
2024,20240829,2024-08-29 16:05,満潮,170,小潮相当,106
2024,20240829,2024-08-29 20:56,干潮,151,小潮相当,106
2024,20240830,2024-08-30 01:06,満潮,159,中潮相当,122
2024,20240830,2024-08-30 08:34,干潮,56,中潮相当,122
2024,20240830,2024-08-30 16:21,満潮,178,中潮相当,122
2024,20240830,2024-08-30 21:43,干潮,136,中潮相当,122
2024,20240831,2024-08-31 02:42,満潮,170,中潮相当,137
2024,20240831,2024-08-31 09:28,干潮,48,中潮相当,137
2024,20240831,2024-08-31 16:39,満潮,185,中潮相当,137
2024,20240831,2024-08-31 22:14,干潮,121,中潮相当,137
2024,20240901,2024-09-01 03:31,満潮,183,中潮相当,149
2024,20240901,2024-09-01 10:11,干潮,41,中潮相当,149
2024,20240901,2024-09-01 16:58,満潮,190,中潮相当,149
2024,20240901,2024-09-01 22:42,干潮,106,中潮相当,149
2024,20240902,2024-09-02 04:09,満潮,193,中潮相当,156
2024,20240902,2024-09-02 10:47,干潮,38,中潮相当,156
2024,20240902,2024-09-02 17:17,満潮,194,中潮相当,156
2024,20240902,2024-09-02 23:09,干潮,93,中潮相当,156
2024,20240903,2024-09-03 04:42,満潮,199,大潮相当,161
2024,20240903,2024-09-03 11:19,干潮,38,大潮相当,161
2024,20240903,2024-09-03 17:35,満潮,197,大潮相当,161
2024,20240903,2024-09-03 23:35,干潮,82,大潮相当,161
2024,20240904,2024-09-04 05:15,満潮,202,中潮相当,159
2024,20240904,2024-09-04 11:48,干潮,43,中潮相当,159
2024,20240904,2024-09-04 17:54,満潮,198,中潮相当,159
2024,20240905,2024-09-05 00:01,干潮,72,中潮相当,150
2024,20240905,2024-09-05 05:47,満潮,201,中潮相当,150
2024,20240905,2024-09-05 12:14,干潮,51,中潮相当,150
2024,20240905,2024-09-05 18:12,満潮,199,中潮相当,150
2024,20240906,2024-09-06 00:26,干潮,64,中潮相当,137
2024,20240906,2024-09-06 06:20,満潮,197,中潮相当,137
2024,20240906,2024-09-06 12:39,干潮,62,中潮相当,137
2024,20240906,2024-09-06 18:31,満潮,199,中潮相当,137
2024,20240907,2024-09-07 00:52,干潮,59,中潮相当,139
2024,20240907,2024-09-07 06:55,満潮,190,中潮相当,139
2024,20240907,2024-09-07 13:02,干潮,76,中潮相当,139
2024,20240907,2024-09-07 18:50,満潮,198,中潮相当,139
2024,20240908,2024-09-08 01:19,干潮,57,中潮相当,137
2024,20240908,2024-09-08 07:33,満潮,180,中潮相当,137
2024,20240908,2024-09-08 13:25,干潮,91,中潮相当,137
2024,20240908,2024-09-08 19:11,満潮,194,中潮相当,137
2024,20240909,2024-09-09 01:47,干潮,59,中潮相当,130
2024,20240909,2024-09-09 08:15,満潮,169,中潮相当,130
2024,20240909,2024-09-09 13:47,干潮,106,中潮相当,130
2024,20240909,2024-09-09 19:32,満潮,189,中潮相当,130
2024,20240910,2024-09-10 02:22,干潮,63,小潮相当,119
2024,20240910,2024-09-10 09:08,満潮,157,小潮相当,119
2024,20240910,2024-09-10 14:07,干潮,122,小潮相当,119
2024,20240910,2024-09-10 19:56,満潮,182,小潮相当,119
2024,20240911,2024-09-11 03:10,干潮,69,小潮相当,104
2024,20240911,2024-09-11 10:33,満潮,147,小潮相当,104
2024,20240911,2024-09-11 14:23,干潮,138,小潮相当,104
2024,20240911,2024-09-11 20:24,満潮,173,小潮相当,104
2024,20240912,2024-09-12 04:37,干潮,74,小潮相当,89
2024,20240912,2024-09-12 21:07,満潮,163,小潮相当,89
2024,20240913,2024-09-13 06:33,干潮,69,小潮相当,98
2024,20240913,2024-09-13 15:27,満潮,167,小潮相当,98
2024,20240913,2024-09-13 20:06,干潮,149,小潮相当,98
2024,20240913,2024-09-13 23:22,満潮,155,小潮相当,98
2024,20240914,2024-09-14 07:57,干潮,56,中潮相当,124
2024,20240914,2024-09-14 15:48,満潮,180,中潮相当,124
2024,20240914,2024-09-14 21:06,干潮,134,中潮相当,124
2024,20240915,2024-09-15 01:49,満潮,165,中潮相当,151
2024,20240915,2024-09-15 08:57,干潮,41,中潮相当,151
2024,20240915,2024-09-15 16:11,満潮,192,中潮相当,151
2024,20240915,2024-09-15 21:43,干潮,115,中潮相当,151
2024,20240916,2024-09-16 02:56,満潮,184,大潮相当,172
2024,20240916,2024-09-16 09:47,干潮,29,大潮相当,172
2024,20240916,2024-09-16 16:35,満潮,201,大潮相当,172
2024,20240916,2024-09-16 22:18,干潮,95,大潮相当,172
2024,20240917,2024-09-17 03:46,満潮,201,大潮相当,181
2024,20240917,2024-09-17 17:00,満潮,207,大潮相当,181
2024,20240918,2024-09-18 04:33,満潮,214,大潮相当,187
2024,20240918,2024-09-18 11:09,干潮,27,大潮相当,187
2024,20240918,2024-09-18 17:24,満潮,211,大潮相当,187
2024,20240918,2024-09-18 23:27,干潮,53,大潮相当,187
2024,20240919,2024-09-19 05:18,満潮,219,大潮相当,180
2024,20240919,2024-09-19 11:46,干潮,39,大潮相当,180
2024,20240919,2024-09-19 17:48,満潮,212,大潮相当,180
2024,20240920,2024-09-20 00:03,干潮,37,大潮相当,179
2024,20240920,2024-09-20 06:03,満潮,216,大潮相当,179
2024,20240920,2024-09-20 12:19,干潮,57,大潮相当,179
2024,20240920,2024-09-20 18:11,満潮,211,大潮相当,179
2024,20240921,2024-09-21 00:39,干潮,28,大潮相当,180
2024,20240921,2024-09-21 06:50,満潮,206,大潮相当,180
2024,20240921,2024-09-21 12:50,干潮,79,大潮相当,180
2024,20240921,2024-09-21 18:33,満潮,208,大潮相当,180
2024,20240922,2024-09-22 01:16,干潮,26,大潮相当,177
2024,20240922,2024-09-22 07:39,満潮,191,大潮相当,177
2024,20240922,2024-09-22 13:18,干潮,101,大潮相当,177
2024,20240922,2024-09-22 18:54,満潮,203,大潮相当,177
2024,20240923,2024-09-23 01:57,干潮,33,大潮相当,162
2024,20240923,2024-09-23 08:34,満潮,173,大潮相当,162
2024,20240923,2024-09-23 13:42,干潮,121,大潮相当,162
2024,20240923,2024-09-23 19:14,満潮,195,大潮相当,162
2024,20240924,2024-09-24 02:44,干潮,45,中潮相当,139
2024,20240924,2024-09-24 09:44,満潮,157,中潮相当,139
2024,20240924,2024-09-24 14:01,干潮,137,中潮相当,139
2024,20240924,2024-09-24 19:34,満潮,184,中潮相当,139
2024,20240925,2024-09-25 03:49,干潮,60,小潮相当,110
2024,20240925,2024-09-25 19:51,満潮,170,小潮相当,110
2024,20240926,2024-09-26 05:27,干潮,70,小潮相当,90
2024,20240926,2024-09-26 15:24,満潮,160,小潮相当,90
2024,20240927,2024-09-27 07:07,干潮,70,小潮相当,98
2024,20240927,2024-09-27 15:26,満潮,168,小潮相当,98
2024,20240927,2024-09-27 21:10,干潮,135,小潮相当,98
2024,20240928,2024-09-28 01:35,満潮,152,小潮相当,111
2024,20240928,2024-09-28 08:17,干潮,64,小潮相当,111
2024,20240928,2024-09-28 15:41,満潮,175,小潮相当,111
2024,20240928,2024-09-28 21:27,干潮,118,小潮相当,111
2024,20240929,2024-09-29 02:40,満潮,166,中潮相当,123
2024,20240929,2024-09-29 09:06,干潮,58,中潮相当,123
2024,20240929,2024-09-29 15:58,満潮,181,中潮相当,123
2024,20240929,2024-09-29 21:51,干潮,101,中潮相当,123
2024,20240930,2024-09-30 03:22,満潮,179,中潮相当,134
2024,20240930,2024-09-30 09:45,干潮,53,中潮相当,134
2024,20240930,2024-09-30 16:15,満潮,187,中潮相当,134
2024,20240930,2024-09-30 22:16,干潮,85,中潮相当,134
2024,20241001,2024-10-01 03:58,満潮,189,中潮相当,140
2024,20241001,2024-10-01 10:19,干潮,52,中潮相当,140
2024,20241001,2024-10-01 16:32,満潮,192,中潮相当,140
2024,20241001,2024-10-01 22:41,干潮,70,中潮相当,140
2024,20241002,2024-10-02 04:32,満潮,196,中潮相当,141
2024,20241002,2024-10-02 10:49,干潮,55,中潮相当,141
2024,20241002,2024-10-02 16:50,満潮,195,中潮相当,141
2024,20241002,2024-10-02 23:06,干潮,58,中潮相当,141
2024,20241003,2024-10-03 05:05,満潮,199,中潮相当,151
2024,20241003,2024-10-03 11:18,干潮,61,中潮相当,151
2024,20241003,2024-10-03 17:08,満潮,198,中潮相当,151
2024,20241003,2024-10-03 23:31,干潮,48,中潮相当,151
2024,20241004,2024-10-04 05:38,満潮,200,中潮相当,159
2024,20241004,2024-10-04 11:44,干潮,70,中潮相当,159
2024,20241004,2024-10-04 17:26,満潮,199,中潮相当,159
2024,20241004,2024-10-04 23:56,干潮,41,中潮相当,159
2024,20241005,2024-10-05 06:11,満潮,196,小潮相当,119
2024,20241005,2024-10-05 12:10,干潮,80,小潮相当,119
2024,20241005,2024-10-05 17:45,満潮,199,小潮相当,119
2024,20241006,2024-10-06 00:22,干潮,37,大潮相当,160
2024,20241006,2024-10-06 06:46,満潮,190,大潮相当,160
2024,20241006,2024-10-06 12:35,干潮,92,大潮相当,160
2024,20241006,2024-10-06 18:05,満潮,197,大潮相当,160
2024,20241007,2024-10-07 00:48,干潮,37,中潮相当,156
2024,20241007,2024-10-07 07:23,満潮,181,中潮相当,156
2024,20241007,2024-10-07 12:59,干潮,104,中潮相当,156
2024,20241007,2024-10-07 18:26,満潮,193,中潮相当,156
2024,20241008,2024-10-08 01:17,干潮,41,中潮相当,146
2024,20241008,2024-10-08 08:06,満潮,171,中潮相当,146
2024,20241008,2024-10-08 13:23,干潮,116,中潮相当,146
2024,20241008,2024-10-08 18:48,満潮,187,中潮相当,146
2024,20241009,2024-10-09 01:52,干潮,48,中潮相当,130
2024,20241009,2024-10-09 09:02,満潮,159,中潮相当,130
2024,20241009,2024-10-09 13:49,干潮,129,中潮相当,130
2024,20241009,2024-10-09 19:12,満潮,178,中潮相当,130
2024,20241010,2024-10-10 02:41,干潮,57,小潮相当,110
2024,20241010,2024-10-10 10:39,満潮,150,小潮相当,110
2024,20241010,2024-10-10 14:24,干潮,142,小潮相当,110
2024,20241010,2024-10-10 19:39,満潮,167,小潮相当,110
2024,20241011,2024-10-11 04:03,干潮,66,小潮相当,89
2024,20241011,2024-10-11 13:44,満潮,155,小潮相当,89
2024,20241011,2024-10-11 17:28,干潮,150,小潮相当,89
2024,20241011,2024-10-11 20:27,満潮,153,小潮相当,89
2024,20241012,2024-10-12 06:02,干潮,66,小潮相当,101
2024,20241012,2024-10-12 14:32,満潮,167,小潮相当,101
2024,20241012,2024-10-12 20:06,干潮,136,小潮相当,101
2024,20241012,2024-10-12 23:53,満潮,146,小潮相当,101
2024,20241013,2024-10-13 07:30,干潮,57,中潮相当,121
2024,20241013,2024-10-13 14:59,満潮,178,中潮相当,121
2024,20241013,2024-10-13 20:44,干潮,115,中潮相当,121
2024,20241014,2024-10-14 01:46,満潮,161,中潮相当,140
2024,20241014,2024-10-14 08:31,干潮,48,中潮相当,140
2024,20241014,2024-10-14 15:24,満潮,188,中潮相当,140
2024,20241014,2024-10-14 21:17,干潮,91,中潮相当,140
2024,20241015,2024-10-15 02:48,満潮,181,中潮相当,152
2024,20241015,2024-10-15 09:20,干潮,44,中潮相当,152
2024,20241015,2024-10-15 15:48,満潮,196,中潮相当,152
2024,20241015,2024-10-15 21:51,干潮,65,中潮相当,152
2024,20241016,2024-10-16 03:40,満潮,199,大潮相当,162
2024,20241016,2024-10-16 10:03,干潮,46,大潮相当,162
2024,20241016,2024-10-16 16:12,満潮,203,大潮相当,162
2024,20241016,2024-10-16 22:25,干潮,41,大潮相当,162
2024,20241017,2024-10-17 04:27,満潮,210,大潮相当,189
2024,20241017,2024-10-17 10:42,干潮,55,大潮相当,189
2024,20241017,2024-10-17 16:37,満潮,208,大潮相当,189
2024,20241017,2024-10-17 23:01,干潮,21,大潮相当,189
2024,20241018,2024-10-18 05:14,満潮,214,大潮相当,206
2024,20241018,2024-10-18 11:19,干潮,69,大潮相当,206
2024,20241018,2024-10-18 17:01,満潮,210,大潮相当,206
2024,20241018,2024-10-18 23:37,干潮,8,大潮相当,206
2024,20241019,2024-10-19 06:01,満潮,211,中潮相当,125
2024,20241019,2024-10-19 11:53,干潮,86,中潮相当,125
2024,20241019,2024-10-19 17:26,満潮,209,中潮相当,125
2024,20241020,2024-10-20 06:48,満潮,201,大潮相当,201
2024,20241020,2024-10-20 17:50,満潮,206,大潮相当,201
2024,20241021,2024-10-21 00:54,干潮,9,大潮相当,190
2024,20241021,2024-10-21 07:38,満潮,186,大潮相当,190
2024,20241021,2024-10-21 12:56,干潮,118,大潮相当,190
2024,20241021,2024-10-21 18:14,満潮,199,大潮相当,190
2024,20241022,2024-10-22 01:35,干潮,21,大潮相当,167
2024,20241022,2024-10-22 08:33,満潮,171,大潮相当,167
2024,20241022,2024-10-22 13:26,干潮,130,大潮相当,167
2024,20241022,2024-10-22 18:39,満潮,188,大潮相当,167
2024,20241023,2024-10-23 02:23,干潮,38,中潮相当,136
2024,20241023,2024-10-23 09:43,満潮,157,中潮相当,136
2024,20241023,2024-10-23 13:59,干潮,139,中潮相当,136
2024,20241023,2024-10-23 19:04,満潮,174,中潮相当,136
2024,20241024,2024-10-24 03:24,干潮,55,小潮相当,102
2024,20241024,2024-10-24 11:39,満潮,150,小潮相当,102
2024,20241024,2024-10-24 15:01,干潮,146,小潮相当,102
2024,20241024,2024-10-24 19:27,満潮,157,小潮相当,102
2024,20241025,2024-10-25 04:49,干潮,69,小潮相当,85
2024,20241025,2024-10-25 13:35,満潮,154,小潮相当,85
2024,20241026,2024-10-26 06:22,干潮,74,小潮相当,86
2024,20241026,2024-10-26 14:15,満潮,160,小潮相当,86
2024,20241026,2024-10-26 20:26,干潮,120,小潮相当,86
2024,20241027,2024-10-27 01:12,満潮,143,小潮相当,94
2024,20241027,2024-10-27 07:33,干潮,73,小潮相当,94
2024,20241027,2024-10-27 14:40,満潮,167,小潮相当,94
2024,20241027,2024-10-27 20:51,干潮,101,小潮相当,94
2024,20241028,2024-10-28 02:19,満潮,155,小潮相当,102
2024,20241028,2024-10-28 08:25,干潮,71,小潮相当,102
2024,20241028,2024-10-28 15:01,満潮,173,小潮相当,102
2024,20241028,2024-10-28 21:17,干潮,83,小潮相当,102
2024,20241029,2024-10-29 03:06,満潮,167,小潮相当,114
2024,20241029,2024-10-29 09:06,干潮,70,小潮相当,114
2024,20241029,2024-10-29 15:22,満潮,180,小潮相当,114
2024,20241029,2024-10-29 21:44,干潮,66,小潮相当,114
2024,20241030,2024-10-30 03:45,満潮,178,中潮相当,135
2024,20241030,2024-10-30 09:42,干潮,72,中潮相当,135
2024,20241030,2024-10-30 15:42,満潮,185,中潮相当,135
2024,20241030,2024-10-30 22:10,干潮,50,中潮相当,135
2024,20241031,2024-10-31 04:22,満潮,186,中潮相当,153
2024,20241031,2024-10-31 10:15,干潮,76,中潮相当,153
2024,20241031,2024-10-31 16:01,満潮,190,中潮相当,153
2024,20241031,2024-10-31 22:36,干潮,37,中潮相当,153
2024,20241101,2024-11-01 04:57,満潮,192,大潮相当,166
2024,20241101,2024-11-01 10:46,干潮,82,大潮相当,166
2024,20241101,2024-11-01 16:22,満潮,193,大潮相当,166
2024,20241101,2024-11-01 23:02,干潮,27,大潮相当,166
2024,20241102,2024-11-02 05:32,満潮,194,大潮相当,174
2024,20241102,2024-11-02 11:16,干潮,89,大潮相当,174
2024,20241102,2024-11-02 16:43,満潮,195,大潮相当,174
2024,20241102,2024-11-02 23:29,干潮,21,大潮相当,174
2024,20241103,2024-11-03 06:07,満潮,192,大潮相当,178
2024,20241103,2024-11-03 11:45,干潮,96,大潮相当,178
2024,20241103,2024-11-03 17:06,満潮,196,大潮相当,178
2024,20241103,2024-11-03 23:57,干潮,18,大潮相当,178
2024,20241104,2024-11-04 06:43,満潮,187,小潮相当,90
2024,20241104,2024-11-04 12:13,干潮,104,小潮相当,90
2024,20241104,2024-11-04 17:29,満潮,194,小潮相当,90
2024,20241105,2024-11-05 00:27,干潮,20,大潮相当,169
2024,20241105,2024-11-05 07:22,満潮,180,大潮相当,169
2024,20241105,2024-11-05 12:42,干潮,113,大潮相当,169
2024,20241105,2024-11-05 17:55,満潮,189,大潮相当,169
2024,20241106,2024-11-06 01:00,干潮,25,中潮相当,157
2024,20241106,2024-11-06 08:08,満潮,170,中潮相当,157
2024,20241106,2024-11-06 13:14,干潮,121,中潮相当,157
2024,20241106,2024-11-06 18:22,満潮,182,中潮相当,157
2024,20241107,2024-11-07 01:40,干潮,33,中潮相当,139
2024,20241107,2024-11-07 09:07,満潮,161,中潮相当,139
2024,20241107,2024-11-07 13:53,干潮,130,中潮相当,139
2024,20241107,2024-11-07 18:53,満潮,172,中潮相当,139
2024,20241108,2024-11-08 02:31,干潮,43,小潮相当,116
2024,20241108,2024-11-08 10:29,満潮,156,小潮相当,116
2024,20241108,2024-11-08 14:57,干潮,137,小潮相当,116
2024,20241108,2024-11-08 19:34,満潮,159,小潮相当,116
2024,20241109,2024-11-09 03:42,干潮,54,小潮相当,103
2024,20241109,2024-11-09 12:03,満潮,157,小潮相当,103
2024,20241109,2024-11-09 17:20,干潮,135,小潮相当,103
2024,20241109,2024-11-09 21:09,満潮,144,小潮相当,103
2024,20241110,2024-11-10 05:18,干潮,61,小潮相当,103
2024,20241110,2024-11-10 13:08,満潮,164,小潮相当,103
2024,20241110,2024-11-10 19:16,干潮,117,小潮相当,103
2024,20241110,2024-11-10 23:49,満潮,142,小潮相当,103
2024,20241111,2024-11-11 06:46,干潮,64,小潮相当,108
2024,20241111,2024-11-11 13:50,満潮,172,小潮相当,108
2024,20241111,2024-11-11 20:05,干潮,92,小潮相当,108
2024,20241112,2024-11-12 01:29,満潮,155,小潮相当,115
2024,20241112,2024-11-12 07:52,干潮,65,小潮相当,115
2024,20241112,2024-11-12 14:22,満潮,180,小潮相当,115
2024,20241112,2024-11-12 20:43,干潮,65,小潮相当,115
2024,20241113,2024-11-13 02:38,満潮,172,中潮相当,149
2024,20241113,2024-11-13 08:45,干潮,69,中潮相当,149
2024,20241113,2024-11-13 14:52,満潮,188,中潮相当,149
2024,20241113,2024-11-13 21:21,干潮,39,中潮相当,149
2024,20241114,2024-11-14 03:35,満潮,188,大潮相当,179
2024,20241114,2024-11-14 09:31,干潮,76,大潮相当,179
2024,20241114,2024-11-14 15:22,満潮,195,大潮相当,179
2024,20241114,2024-11-14 21:58,干潮,16,大潮相当,179
2024,20241115,2024-11-15 04:27,満潮,198,大潮相当,200
2024,20241115,2024-11-15 10:14,干潮,87,大潮相当,200
2024,20241115,2024-11-15 15:51,満潮,200,大潮相当,200
2024,20241115,2024-11-15 22:37,干潮,0,大潮相当,200
2024,20241116,2024-11-16 05:16,満潮,202,小潮相当,105
2024,20241116,2024-11-16 10:54,干潮,98,小潮相当,105
2024,20241116,2024-11-16 16:21,満潮,203,小潮相当,105
2024,20241117,2024-11-17 06:03,満潮,200,小潮相当,95
2024,20241117,2024-11-17 11:32,干潮,108,小潮相当,95
2024,20241117,2024-11-17 16:52,満潮,203,小潮相当,95
2024,20241118,2024-11-18 06:50,満潮,192,小潮相当,83
2024,20241118,2024-11-18 12:09,干潮,116,小潮相当,83
2024,20241118,2024-11-18 17:23,満潮,199,小潮相当,83
2024,20241119,2024-11-19 00:38,干潮,0,大潮相当,192
2024,20241119,2024-11-19 07:36,満潮,182,大潮相当,192
2024,20241119,2024-11-19 12:45,干潮,122,大潮相当,192
2024,20241119,2024-11-19 17:54,満潮,192,大潮相当,192
2024,20241120,2024-11-20 01:21,干潮,13,大潮相当,167
2024,20241120,2024-11-20 08:24,満潮,170,大潮相当,167
2024,20241120,2024-11-20 13:23,干潮,126,大潮相当,167
2024,20241120,2024-11-20 18:27,満潮,180,大潮相当,167
2024,20241121,2024-11-21 02:06,干潮,29,中潮相当,137
2024,20241121,2024-11-21 09:16,満潮,161,中潮相当,137
2024,20241121,2024-11-21 14:07,干潮,129,中潮相当,137
2024,20241121,2024-11-21 19:03,満潮,166,中潮相当,137
2024,20241122,2024-11-22 02:56,干潮,46,小潮相当,108
2024,20241122,2024-11-22 10:15,満潮,154,小潮相当,108
2024,20241122,2024-11-22 15:11,干潮,129,小潮相当,108
2024,20241122,2024-11-22 19:51,満潮,150,小潮相当,108
2024,20241123,2024-11-23 03:54,干潮,62,小潮相当,90
2024,20241123,2024-11-23 11:18,満潮,152,小潮相当,90
2024,20241123,2024-11-23 17:15,干潮,125,小潮相当,90
2024,20241123,2024-11-23 21:38,満潮,134,小潮相当,90
2024,20241124,2024-11-24 05:05,干潮,74,小潮相当,80
2024,20241124,2024-11-24 12:17,満潮,154,小潮相当,80
2024,20241124,2024-11-24 19:13,干潮,109,小潮相当,80
2024,20241125,2024-11-25 00:09,満潮,131,長潮相当,76
2024,20241125,2024-11-25 06:20,干潮,82,長潮相当,76
2024,20241125,2024-11-25 13:04,満潮,158,長潮相当,76
2024,20241125,2024-11-25 20:02,干潮,90,長潮相当,76
2024,20241126,2024-11-26 01:44,満潮,139,小潮相当,92
2024,20241126,2024-11-26 07:24,干潮,87,小潮相当,92
2024,20241126,2024-11-26 13:42,満潮,163,小潮相当,92
2024,20241126,2024-11-26 20:37,干潮,71,小潮相当,92
2024,20241127,2024-11-27 02:48,満潮,151,小潮相当,115
2024,20241127,2024-11-27 08:17,干潮,91,小潮相当,115
2024,20241127,2024-11-27 14:14,満潮,169,小潮相当,115
2024,20241127,2024-11-27 21:07,干潮,54,小潮相当,115
2024,20241128,2024-11-28 03:36,満潮,163,中潮相当,137
2024,20241128,2024-11-28 09:01,干潮,94,中潮相当,137
2024,20241128,2024-11-28 14:43,満潮,175,中潮相当,137
2024,20241128,2024-11-28 21:37,干潮,38,中潮相当,137
2024,20241129,2024-11-29 04:17,満潮,174,中潮相当,155
2024,20241129,2024-11-29 09:41,干潮,97,中潮相当,155
2024,20241129,2024-11-29 15:12,満潮,180,中潮相当,155
2024,20241129,2024-11-29 22:06,干潮,25,中潮相当,155
2024,20241130,2024-11-30 04:55,満潮,181,大潮相当,171
2024,20241130,2024-11-30 10:17,干潮,101,大潮相当,171
2024,20241130,2024-11-30 15:40,満潮,185,大潮相当,171
2024,20241130,2024-11-30 22:36,干潮,14,大潮相当,171
2024,20241201,2024-12-01 05:31,満潮,186,大潮相当,181
2024,20241201,2024-12-01 10:52,干潮,104,大潮相当,181
2024,20241201,2024-12-01 16:08,満潮,189,大潮相当,181
2024,20241201,2024-12-01 23:08,干潮,8,大潮相当,181
2024,20241202,2024-12-02 06:06,満潮,186,大潮相当,187
2024,20241202,2024-12-02 11:26,干潮,107,大潮相当,187
2024,20241202,2024-12-02 16:38,満潮,191,大潮相当,187
2024,20241202,2024-12-02 23:41,干潮,4,大潮相当,187
2024,20241203,2024-12-03 06:43,満潮,184,小潮相当,80
2024,20241203,2024-12-03 12:00,干潮,110,小潮相当,80
2024,20241203,2024-12-03 17:09,満潮,190,小潮相当,80
2024,20241204,2024-12-04 00:17,干潮,5,大潮相当,182
2024,20241204,2024-12-04 07:23,満潮,179,大潮相当,182
2024,20241204,2024-12-04 12:36,干潮,113,大潮相当,182
2024,20241204,2024-12-04 17:42,満潮,187,大潮相当,182
2024,20241205,2024-12-05 00:56,干潮,9,大潮相当,171
2024,20241205,2024-12-05 08:07,満潮,173,大潮相当,171
2024,20241205,2024-12-05 13:15,干潮,116,大潮相当,171
2024,20241205,2024-12-05 18:18,満潮,180,大潮相当,171
2024,20241206,2024-12-06 01:38,干潮,18,中潮相当,151
2024,20241206,2024-12-06 08:57,満潮,167,中潮相当,151
2024,20241206,2024-12-06 14:02,干潮,118,中潮相当,151
2024,20241206,2024-12-06 19:00,満潮,169,中潮相当,151
2024,20241207,2024-12-07 02:24,干潮,29,中潮相当,134
2024,20241207,2024-12-07 09:50,満潮,163,中潮相当,134
2024,20241207,2024-12-07 15:03,干潮,118,中潮相当,134
2024,20241207,2024-12-07 19:58,満潮,155,中潮相当,134
2024,20241208,2024-12-08 03:18,干潮,44,小潮相当,118
2024,20241208,2024-12-08 10:45,満潮,162,小潮相当,118
2024,20241208,2024-12-08 16:31,干潮,112,小潮相当,118
2024,20241208,2024-12-08 21:29,満潮,142,小潮相当,118
2024,20241209,2024-12-09 04:24,干潮,60,小潮相当,103
2024,20241209,2024-12-09 11:36,満潮,163,小潮相当,103
2024,20241209,2024-12-09 18:09,干潮,96,小潮相当,103
2024,20241209,2024-12-09 23:23,満潮,138,小潮相当,103
2024,20241210,2024-12-10 05:43,干潮,76,小潮相当,94
2024,20241210,2024-12-10 12:23,満潮,166,小潮相当,94
2024,20241210,2024-12-10 19:17,干潮,72,小潮相当,94
2024,20241211,2024-12-11 01:08,満潮,145,中潮相当,124
2024,20241211,2024-12-11 07:01,干潮,89,中潮相当,124
2024,20241211,2024-12-11 13:08,満潮,171,中潮相当,124
2024,20241211,2024-12-11 20:08,干潮,47,中潮相当,124
2024,20241212,2024-12-12 02:36,満潮,158,中潮相当,153
2024,20241212,2024-12-12 08:06,干潮,99,中潮相当,153
2024,20241212,2024-12-12 13:51,満潮,177,中潮相当,153
2024,20241212,2024-12-12 20:53,干潮,24,中潮相当,153
2024,20241213,2024-12-13 03:43,満潮,172,大潮相当,177
2024,20241213,2024-12-13 09:02,干潮,106,大潮相当,177
2024,20241213,2024-12-13 14:34,満潮,183,大潮相当,177
2024,20241213,2024-12-13 21:37,干潮,6,大潮相当,177
2024,20241214,2024-12-14 04:38,満潮,183,大潮相当,195
2024,20241214,2024-12-14 09:53,干潮,112,大潮相当,195
2024,20241214,2024-12-14 15:16,満潮,189,大潮相当,195
2024,20241214,2024-12-14 22:20,干潮,-6,大潮相当,195
2024,20241215,2024-12-15 05:25,満潮,189,大潮相当,204
2024,20241215,2024-12-15 10:39,干潮,115,大潮相当,204
2024,20241215,2024-12-15 15:57,満潮,193,大潮相当,204
2024,20241215,2024-12-15 23:03,干潮,-11,大潮相当,204
2024,20241216,2024-12-16 06:07,満潮,189,大潮相当,205
2024,20241216,2024-12-16 11:22,干潮,116,大潮相当,205
2024,20241216,2024-12-16 16:36,満潮,195,大潮相当,205
2024,20241216,2024-12-16 23:47,干潮,-10,大潮相当,205
2024,20241217,2024-12-17 06:47,満潮,185,長潮相当,78
2024,20241217,2024-12-17 12:02,干潮,115,長潮相当,78
2024,20241217,2024-12-17 17:14,満潮,193,長潮相当,78
2024,20241218,2024-12-18 00:28,干潮,-4,大潮相当,191
2024,20241218,2024-12-18 07:24,満潮,179,大潮相当,191
2024,20241218,2024-12-18 12:40,干潮,113,大潮相当,191
2024,20241218,2024-12-18 17:51,満潮,187,大潮相当,191
2024,20241219,2024-12-19 01:08,干潮,7,大潮相当,171
2024,20241219,2024-12-19 07:59,満潮,172,大潮相当,171
2024,20241219,2024-12-19 13:17,干潮,111,大潮相当,171
2024,20241219,2024-12-19 18:28,満潮,178,大潮相当,171
2024,20241220,2024-12-20 01:46,干潮,21,中潮相当,145
2024,20241220,2024-12-20 08:33,満潮,166,中潮相当,145
2024,20241220,2024-12-20 13:56,干潮,108,中潮相当,145
2024,20241220,2024-12-20 19:07,満潮,165,中潮相当,145
2024,20241221,2024-12-21 02:23,干潮,36,中潮相当,126
2024,20241221,2024-12-21 09:08,満潮,162,中潮相当,126
2024,20241221,2024-12-21 14:42,干潮,106,中潮相当,126
2024,20241221,2024-12-21 19:54,満潮,150,中潮相当,126
2024,20241222,2024-12-22 03:00,干潮,53,小潮相当,106
2024,20241222,2024-12-22 09:44,満潮,159,小潮相当,106
2024,20241222,2024-12-22 15:43,干潮,104,小潮相当,106
2024,20241222,2024-12-22 21:00,満潮,136,小潮相当,106
2024,20241223,2024-12-23 03:42,干潮,70,小潮相当,87
2024,20241223,2024-12-23 10:22,満潮,157,小潮相当,87
2024,20241223,2024-12-23 17:18,干潮,98,小潮相当,87
2024,20241223,2024-12-23 22:38,満潮,125,小潮相当,87
2024,20241224,2024-12-24 04:38,干潮,87,長潮相当,72
2024,20241224,2024-12-24 11:04,満潮,156,長潮相当,72
2024,20241224,2024-12-24 18:49,干潮,84,長潮相当,72
2024,20241225,2024-12-25 00:43,満潮,125,小潮相当,90
2024,20241225,2024-12-25 05:58,干潮,101,小潮相当,90
2024,20241225,2024-12-25 11:51,満潮,157,小潮相当,90
2024,20241225,2024-12-25 19:46,干潮,67,小潮相当,90
2024,20241226,2024-12-26 02:36,満潮,135,小潮相当,107
2024,20241226,2024-12-26 07:16,干潮,110,小潮相当,107
2024,20241226,2024-12-26 12:43,満潮,158,小潮相当,107
2024,20241226,2024-12-26 20:28,干潮,51,小潮相当,107
2024,20241227,2024-12-27 03:39,満潮,149,中潮相当,127
2024,20241227,2024-12-27 08:19,干潮,113,中潮相当,127
2024,20241227,2024-12-27 13:35,満潮,162,中潮相当,127
2024,20241227,2024-12-27 21:05,干潮,35,中潮相当,127
2024,20241228,2024-12-28 04:22,満潮,162,中潮相当,147
2024,20241228,2024-12-28 09:11,干潮,115,中潮相当,147
2024,20241228,2024-12-28 14:24,満潮,168,中潮相当,147
2024,20241228,2024-12-28 21:41,干潮,21,中潮相当,147
2024,20241229,2024-12-29 04:57,満潮,172,大潮相当,166
2024,20241229,2024-12-29 09:56,干潮,114,大潮相当,166
2024,20241229,2024-12-29 15:08,満潮,175,大潮相当,166
2024,20241229,2024-12-29 22:18,干潮,9,大潮相当,166
2024,20241230,2024-12-30 05:31,満潮,179,大潮相当,182
2024,20241230,2024-12-30 10:37,干潮,112,大潮相当,182
2024,20241230,2024-12-30 15:48,満潮,182,大潮相当,182
2024,20241230,2024-12-30 22:56,干潮,0,大潮相当,182
2024,20241231,2024-12-31 06:04,満潮,182,大潮相当,194
2024,20241231,2024-12-31 11:15,干潮,109,大潮相当,194
2024,20241231,2024-12-31 16:27,満潮,188,大潮相当,194
2024,20241231,2024-12-31 23:35,干潮,-6,大潮相当,194
2025,20250101,2025-01-01 06:37,満潮,183,小潮相当,86
2025,20250101,2025-01-01 11:54,干潮,105,小潮相当,86
2025,20250101,2025-01-01 17:05,満潮,191,小潮相当,86
2025,20250102,2025-01-02 00:13,干潮,-7,大潮相当,197
2025,20250102,2025-01-02 07:10,満潮,182,大潮相当,197
2025,20250102,2025-01-02 12:32,干潮,99,大潮相当,197
2025,20250102,2025-01-02 17:45,満潮,190,大潮相当,197
2025,20250103,2025-01-03 00:52,干潮,-2,大潮相当,186
2025,20250103,2025-01-03 07:45,満潮,179,大潮相当,186
2025,20250103,2025-01-03 13:11,干潮,95,大潮相当,186
2025,20250103,2025-01-03 18:27,満潮,184,大潮相当,186
2025,20250104,2025-01-04 01:29,干潮,8,大潮相当,168
2025,20250104,2025-01-04 08:19,満潮,176,大潮相当,168
2025,20250104,2025-01-04 13:53,干潮,90,大潮相当,168
2025,20250104,2025-01-04 19:13,満潮,173,大潮相当,168
2025,20250105,2025-01-05 02:06,干潮,24,中潮相当,149
2025,20250105,2025-01-05 08:53,満潮,173,中潮相当,149
2025,20250105,2025-01-05 14:41,干潮,85,中潮相当,149
2025,20250105,2025-01-05 20:10,満潮,159,中潮相当,149
2025,20250106,2025-01-06 02:43,干潮,45,中潮相当,125
2025,20250106,2025-01-06 09:26,満潮,170,中潮相当,125
2025,20250106,2025-01-06 15:39,干潮,79,中潮相当,125
2025,20250106,2025-01-06 21:21,満潮,145,中潮相当,125
2025,20250107,2025-01-07 03:24,干潮,69,小潮相当,98
2025,20250107,2025-01-07 10:01,満潮,167,小潮相当,98
2025,20250107,2025-01-07 16:55,干潮,70,小潮相当,98
2025,20250107,2025-01-07 22:51,満潮,134,小潮相当,98
2025,20250108,2025-01-08 04:15,干潮,94,小潮相当,108
2025,20250108,2025-01-08 10:40,満潮,165,小潮相当,108
2025,20250108,2025-01-08 18:20,干潮,57,小潮相当,108
2025,20250109,2025-01-09 00:59,満潮,133,中潮相当,123
2025,20250109,2025-01-09 05:41,干潮,116,中潮相当,123
2025,20250109,2025-01-09 11:29,満潮,163,中潮相当,123
2025,20250109,2025-01-09 19:32,干潮,40,中潮相当,123
2025,20250110,2025-01-10 03:18,満潮,146,中潮相当,140
2025,20250110,2025-01-10 07:28,干潮,128,中潮相当,140
2025,20250110,2025-01-10 12:37,満潮,163,中潮相当,140
2025,20250110,2025-01-10 20:32,干潮,23,中潮相当,140
2025,20250111,2025-01-11 04:18,満潮,162,中潮相当,158
2025,20250111,2025-01-11 08:51,干潮,130,中潮相当,158
2025,20250111,2025-01-11 13:58,満潮,167,中潮相当,158
2025,20250111,2025-01-11 21:25,干潮,9,中潮相当,158
2025,20250112,2025-01-12 04:58,満潮,173,大潮相当,174
2025,20250112,2025-01-12 09:54,干潮,125,大潮相当,174
2025,20250112,2025-01-12 15:05,満潮,174,大潮相当,174
2025,20250112,2025-01-12 22:14,干潮,0,大潮相当,174
2025,20250113,2025-01-13 05:32,満潮,180,大潮相当,188
2025,20250113,2025-01-13 10:43,干潮,118,大潮相当,188
2025,20250113,2025-01-13 15:56,満潮,182,大潮相当,188
2025,20250113,2025-01-13 23:00,干潮,-6,大潮相当,188
2025,20250114,2025-01-14 06:02,満潮,182,大潮相当,194
2025,20250114,2025-01-14 11:23,干潮,109,大潮相当,194
2025,20250114,2025-01-14 16:39,満潮,188,大潮相当,194
2025,20250114,2025-01-14 23:41,干潮,-6,大潮相当,194
2025,20250115,2025-01-15 06:30,満潮,182,小潮相当,89
2025,20250115,2025-01-15 11:59,干潮,100,小潮相当,89
2025,20250115,2025-01-15 17:17,満潮,189,小潮相当,89
2025,20250116,2025-01-16 00:18,干潮,-2,大潮相当,188
2025,20250116,2025-01-16 06:56,満潮,180,大潮相当,188
2025,20250116,2025-01-16 12:31,干潮,92,大潮相当,188
2025,20250116,2025-01-16 17:52,満潮,186,大潮相当,188
2025,20250117,2025-01-17 00:51,干潮,6,大潮相当,173
2025,20250117,2025-01-17 07:21,満潮,177,大潮相当,173
2025,20250117,2025-01-17 13:03,干潮,86,大潮相当,173
2025,20250117,2025-01-17 18:27,満潮,179,大潮相当,173
2025,20250118,2025-01-18 01:21,干潮,18,中潮相当,156
2025,20250118,2025-01-18 07:44,満潮,174,中潮相当,156
2025,20250118,2025-01-18 13:34,干潮,81,中潮相当,156
2025,20250118,2025-01-18 19:03,満潮,168,中潮相当,156
2025,20250119,2025-01-19 01:48,干潮,33,中潮相当,139
2025,20250119,2025-01-19 08:08,満潮,172,中潮相当,139
2025,20250119,2025-01-19 14:08,干潮,78,中潮相当,139
2025,20250119,2025-01-19 19:43,満潮,155,中潮相当,139
2025,20250120,2025-01-20 02:13,干潮,51,小潮相当,118
2025,20250120,2025-01-20 08:33,満潮,169,小潮相当,118
2025,20250120,2025-01-20 14:46,干潮,77,小潮相当,118
2025,20250120,2025-01-20 20:32,満潮,141,小潮相当,118
2025,20250121,2025-01-21 02:39,干潮,69,小潮相当,97
2025,20250121,2025-01-21 08:59,満潮,166,小潮相当,97
2025,20250121,2025-01-21 15:37,干潮,77,小潮相当,97
2025,20250121,2025-01-21 21:36,満潮,128,小潮相当,97
2025,20250122,2025-01-22 03:05,干潮,89,小潮相当,87
2025,20250122,2025-01-22 09:30,満潮,162,小潮相当,87
2025,20250122,2025-01-22 16:58,干潮,75,小潮相当,87
2025,20250122,2025-01-22 23:13,満潮,119,小潮相当,87
2025,20250123,2025-01-23 03:41,干潮,108,小潮相当,90
2025,20250123,2025-01-23 10:07,満潮,157,小潮相当,90
2025,20250123,2025-01-23 18:34,干潮,67,小潮相当,90
2025,20250124,2025-01-24 03:12,満潮,126,小潮相当,98
2025,20250124,2025-01-24 05:49,干潮,123,小潮相当,98
2025,20250124,2025-01-24 10:57,満潮,152,小潮相当,98
2025,20250124,2025-01-24 19:43,干潮,54,小潮相当,98
2025,20250125,2025-01-25 03:57,満潮,142,小潮相当,111
2025,20250125,2025-01-25 07:43,干潮,127,小潮相当,111
2025,20250125,2025-01-25 12:16,満潮,150,小潮相当,111
2025,20250125,2025-01-25 20:37,干潮,39,小潮相当,111
2025,20250126,2025-01-26 04:26,満潮,156,中潮相当,133
2025,20250126,2025-01-26 08:55,干潮,124,中潮相当,133
2025,20250126,2025-01-26 13:51,満潮,155,中潮相当,133
2025,20250126,2025-01-26 21:23,干潮,23,中潮相当,133
2025,20250127,2025-01-27 04:53,満潮,167,中潮相当,158
2025,20250127,2025-01-27 09:48,干潮,117,中潮相当,158
2025,20250127,2025-01-27 14:55,満潮,166,中潮相当,158
2025,20250127,2025-01-27 22:07,干潮,9,中潮相当,158
2025,20250128,2025-01-28 05:20,満潮,176,大潮相当,181
2025,20250128,2025-01-28 10:30,干潮,108,大潮相当,181
2025,20250128,2025-01-28 15:43,満潮,178,大潮相当,181
2025,20250128,2025-01-28 22:48,干潮,-3,大潮相当,181
2025,20250129,2025-01-29 05:48,満潮,182,大潮相当,199
2025,20250129,2025-01-29 11:09,干潮,97,大潮相当,199
2025,20250129,2025-01-29 16:26,満潮,189,大潮相当,199
2025,20250129,2025-01-29 23:28,干潮,-10,大潮相当,199
2025,20250130,2025-01-30 06:16,満潮,185,小潮相当,109
2025,20250130,2025-01-30 11:45,干潮,86,小潮相当,109
2025,20250130,2025-01-30 17:06,満潮,195,小潮相当,109
2025,20250131,2025-01-31 00:05,干潮,-10,大潮相当,206
2025,20250131,2025-01-31 06:43,満潮,186,大潮相当,206
2025,20250131,2025-01-31 12:21,干潮,75,大潮相当,206
2025,20250131,2025-01-31 17:48,満潮,196,大潮相当,206
2025,20250201,2025-02-01 07:10,満潮,186,大潮相当,190
2025,20250201,2025-02-01 18:31,満潮,190,大潮相当,190
2025,20250202,2025-02-02 01:13,干潮,12,大潮相当,171
2025,20250202,2025-02-02 07:36,満潮,183,大潮相当,171
2025,20250202,2025-02-02 13:35,干潮,56,大潮相当,171
2025,20250202,2025-02-02 19:17,満潮,179,大潮相当,171
2025,20250203,2025-02-03 01:44,干潮,33,中潮相当,147
2025,20250203,2025-02-03 08:01,満潮,180,中潮相当,147
2025,20250203,2025-02-03 14:15,干潮,51,中潮相当,147
2025,20250203,2025-02-03 20:08,満潮,164,中潮相当,147
2025,20250204,2025-02-04 02:13,干潮,58,中潮相当,126
2025,20250204,2025-02-04 08:26,満潮,176,中潮相当,126
2025,20250204,2025-02-04 15:02,干潮,50,中潮相当,126
2025,20250204,2025-02-04 21:09,満潮,146,中潮相当,126
2025,20250205,2025-02-05 02:39,干潮,84,中潮相当,121
2025,20250205,2025-02-05 08:51,満潮,172,中潮相当,121
2025,20250205,2025-02-05 16:05,干潮,51,中潮相当,121
2025,20250205,2025-02-05 22:31,満潮,130,中潮相当,121
2025,20250206,2025-02-06 02:59,干潮,108,小潮相当,115
2025,20250206,2025-02-06 09:19,満潮,165,小潮相当,115
2025,20250206,2025-02-06 17:35,干潮,50,小潮相当,115
2025,20250207,2025-02-07 09:58,満潮,157,小潮相当,114
2025,20250207,2025-02-07 19:10,干潮,43,小潮相当,114
2025,20250208,2025-02-08 04:18,満潮,147,小潮相当,117
2025,20250208,2025-02-08 07:36,干潮,140,小潮相当,117
2025,20250208,2025-02-08 11:37,満潮,148,小潮相当,117
2025,20250208,2025-02-08 20:25,干潮,31,小潮相当,117
2025,20250209,2025-02-09 04:34,満潮,160,中潮相当,141
2025,20250209,2025-02-09 09:24,干潮,130,中潮相当,141
2025,20250209,2025-02-09 14:14,満潮,153,中潮相当,141
2025,20250209,2025-02-09 21:25,干潮,19,中潮相当,141
2025,20250210,2025-02-10 04:55,満潮,169,中潮相当,159
2025,20250210,2025-02-10 10:11,干潮,116,中潮相当,159
2025,20250210,2025-02-10 15:19,満潮,166,中潮相当,159
2025,20250210,2025-02-10 22:13,干潮,10,中潮相当,159
2025,20250211,2025-02-11 05:16,満潮,175,大潮相当,174
2025,20250211,2025-02-11 10:45,干潮,102,大潮相当,174
2025,20250211,2025-02-11 16:04,満潮,178,大潮相当,174
2025,20250211,2025-02-11 22:54,干潮,4,大潮相当,174
2025,20250212,2025-02-12 05:38,満潮,178,大潮相当,183
2025,20250212,2025-02-12 11:15,干潮,88,大潮相当,183
2025,20250212,2025-02-12 16:41,満潮,186,大潮相当,183
2025,20250212,2025-02-12 23:29,干潮,3,大潮相当,183
2025,20250213,2025-02-13 05:58,満潮,180,小潮相当,112
2025,20250213,2025-02-13 11:44,干潮,77,小潮相当,112
2025,20250213,2025-02-13 17:15,満潮,189,小潮相当,112
2025,20250214,2025-02-14 00:00,干潮,7,大潮相当,181
2025,20250214,2025-02-14 06:18,満潮,181,大潮相当,181
2025,20250214,2025-02-14 12:11,干潮,67,大潮相当,181
2025,20250214,2025-02-14 17:47,満潮,188,大潮相当,181
2025,20250215,2025-02-15 00:28,干潮,15,大潮相当,167
2025,20250215,2025-02-15 06:37,満潮,181,大潮相当,167
2025,20250215,2025-02-15 12:38,干潮,59,大潮相当,167
2025,20250215,2025-02-15 18:20,満潮,182,大潮相当,167
2025,20250216,2025-02-16 00:53,干潮,27,中潮相当,153
2025,20250216,2025-02-16 06:56,満潮,180,中潮相当,153
2025,20250216,2025-02-16 13:05,干潮,54,中潮相当,153
2025,20250216,2025-02-16 18:54,満潮,173,中潮相当,153
2025,20250217,2025-02-17 01:16,干潮,42,中潮相当,137
2025,20250217,2025-02-17 07:16,満潮,179,中潮相当,137
2025,20250217,2025-02-17 13:33,干潮,52,中潮相当,137
2025,20250217,2025-02-17 19:30,満潮,162,中潮相当,137
2025,20250218,2025-02-18 01:38,干潮,58,中潮相当,123
2025,20250218,2025-02-18 07:36,満潮,176,中潮相当,123
2025,20250218,2025-02-18 14:02,干潮,53,中潮相当,123
2025,20250218,2025-02-18 20:11,満潮,149,中潮相当,123
2025,20250219,2025-02-19 01:59,干潮,76,小潮相当,115
2025,20250219,2025-02-19 07:58,満潮,171,小潮相当,115
2025,20250219,2025-02-19 14:37,干潮,56,小潮相当,115
2025,20250219,2025-02-19 21:01,満潮,136,小潮相当,115
2025,20250220,2025-02-20 02:16,干潮,93,小潮相当,102
2025,20250220,2025-02-20 08:23,満潮,164,小潮相当,102
2025,20250220,2025-02-20 15:26,干潮,62,小潮相当,102
2025,20250220,2025-02-20 22:13,満潮,123,小潮相当,102
2025,20250221,2025-02-21 02:23,干潮,110,小潮相当,91
2025,20250221,2025-02-21 08:51,満潮,156,小潮相当,91
2025,20250221,2025-02-21 16:58,干潮,65,小潮相当,91
2025,20250222,2025-02-22 09:30,満潮,147,小潮相当,88
2025,20250222,2025-02-22 18:53,干潮,59,小潮相当,88
2025,20250223,2025-02-23 04:01,満潮,141,小潮相当,96
2025,20250223,2025-02-23 07:35,干潮,132,小潮相当,96
2025,20250223,2025-02-23 11:00,満潮,139,小潮相当,96
2025,20250223,2025-02-23 20:11,干潮,45,小潮相当,96
2025,20250224,2025-02-24 04:12,満潮,155,中潮相当,127
2025,20250224,2025-02-24 09:01,干潮,123,中潮相当,127
2025,20250224,2025-02-24 13:41,満潮,144,中潮相当,127
2025,20250224,2025-02-24 21:07,干潮,28,中潮相当,127
2025,20250225,2025-02-25 04:32,満潮,166,中潮相当,153
2025,20250225,2025-02-25 09:45,干潮,109,中潮相当,153
2025,20250225,2025-02-25 14:52,満潮,160,中潮相当,153
2025,20250225,2025-02-25 21:53,干潮,13,中潮相当,153
2025,20250226,2025-02-26 04:54,満潮,176,大潮相当,177
2025,20250226,2025-02-26 10:21,干潮,93,大潮相当,177
2025,20250226,2025-02-26 15:40,満潮,178,大潮相当,177
2025,20250226,2025-02-26 22:34,干潮,1,大潮相当,177
2025,20250227,2025-02-27 05:17,満潮,183,小潮相当,116
2025,20250227,2025-02-27 10:55,干潮,76,小潮相当,116
2025,20250227,2025-02-27 16:23,満潮,192,小潮相当,116
2025,20250228,2025-02-28 05:41,満潮,188,大潮相当,199
2025,20250228,2025-02-28 11:28,干潮,58,大潮相当,199
2025,20250228,2025-02-28 17:05,満潮,200,大潮相当,199
2025,20250228,2025-02-28 23:47,干潮,1,大潮相当,199
2025,20250301,2025-03-01 06:05,満潮,191,中潮相当,159
2025,20250301,2025-03-01 12:02,干潮,42,中潮相当,159
2025,20250301,2025-03-01 17:47,満潮,201,中潮相当,159
2025,20250302,2025-03-02 00:21,干潮,14,大潮相当,181
2025,20250302,2025-03-02 06:28,満潮,191,大潮相当,181
2025,20250302,2025-03-02 12:37,干潮,29,大潮相当,181
2025,20250302,2025-03-02 18:31,満潮,195,大潮相当,181
2025,20250303,2025-03-03 00:52,干潮,33,大潮相当,167
2025,20250303,2025-03-03 06:50,満潮,189,大潮相当,167
2025,20250303,2025-03-03 13:12,干潮,22,大潮相当,167
2025,20250303,2025-03-03 19:17,満潮,183,大潮相当,167
2025,20250304,2025-03-04 01:20,干潮,56,大潮相当,164
2025,20250304,2025-03-04 07:12,満潮,186,大潮相当,164
2025,20250304,2025-03-04 13:50,干潮,22,大潮相当,164
2025,20250304,2025-03-04 20:07,満潮,166,大潮相当,164
2025,20250305,2025-03-05 01:46,干潮,80,中潮相当,153
2025,20250305,2025-03-05 07:32,満潮,181,中潮相当,153
2025,20250305,2025-03-05 14:34,干潮,28,中潮相当,153
2025,20250305,2025-03-05 21:05,満潮,147,中潮相当,153
2025,20250306,2025-03-06 02:05,干潮,103,中潮相当,134
2025,20250306,2025-03-06 07:53,満潮,173,中潮相当,134
2025,20250306,2025-03-06 15:31,干潮,39,中潮相当,134
2025,20250306,2025-03-06 22:34,満潮,130,中潮相当,134
2025,20250307,2025-03-07 02:04,干潮,121,小潮相当,112
2025,20250307,2025-03-07 08:12,満潮,162,小潮相当,112
2025,20250307,2025-03-07 17:01,干潮,50,小潮相当,112
2025,20250308,2025-03-08 08:24,満潮,149,小潮相当,99
2025,20250308,2025-03-08 18:55,干潮,50,小潮相当,99
2025,20250309,2025-03-09 04:03,満潮,149,小潮相当,107
2025,20250309,2025-03-09 09:46,干潮,132,小潮相当,107
2025,20250309,2025-03-09 12:40,満潮,134,小潮相当,107
2025,20250309,2025-03-09 20:19,干潮,42,小潮相当,107
2025,20250310,2025-03-10 04:10,満潮,158,中潮相当,126
2025,20250310,2025-03-10 09:41,干潮,115,中潮相当,126
2025,20250310,2025-03-10 14:34,満潮,148,中潮相当,126
2025,20250310,2025-03-10 21:16,干潮,32,中潮相当,126
2025,20250311,2025-03-11 04:25,満潮,166,中潮相当,141
2025,20250311,2025-03-11 10:04,干潮,97,中潮相当,141
2025,20250311,2025-03-11 15:23,満潮,164,中潮相当,141
2025,20250311,2025-03-11 21:59,干潮,25,中潮相当,141
2025,20250312,2025-03-12 04:42,満潮,172,中潮相当,155
2025,20250312,2025-03-12 10:29,干潮,81,中潮相当,155
2025,20250312,2025-03-12 16:02,満潮,176,中潮相当,155
2025,20250312,2025-03-12 22:35,干潮,21,中潮相当,155
2025,20250313,2025-03-13 04:59,満潮,176,大潮相当,162
2025,20250313,2025-03-13 10:55,干潮,66,大潮相当,162
2025,20250313,2025-03-13 16:36,満潮,184,大潮相当,162
2025,20250313,2025-03-13 23:06,干潮,22,大潮相当,162
2025,20250314,2025-03-14 05:17,満潮,180,大潮相当,161
2025,20250314,2025-03-14 11:21,干潮,53,大潮相当,161
2025,20250314,2025-03-14 17:08,満潮,188,大潮相当,161
2025,20250314,2025-03-14 23:34,干潮,27,大潮相当,161
2025,20250315,2025-03-15 05:35,満潮,182,中潮相当,145
2025,20250315,2025-03-15 11:46,干潮,43,中潮相当,145
2025,20250315,2025-03-15 17:40,満潮,188,中潮相当,145
2025,20250316,2025-03-16 00:01,干潮,36,中潮相当,149
2025,20250316,2025-03-16 05:52,満潮,183,中潮相当,149
2025,20250316,2025-03-16 12:11,干潮,35,中潮相当,149
2025,20250316,2025-03-16 18:12,満潮,184,中潮相当,149
2025,20250317,2025-03-17 00:26,干潮,47,中潮相当,152
2025,20250317,2025-03-17 06:10,満潮,183,中潮相当,152
2025,20250317,2025-03-17 12:36,干潮,31,中潮相当,152
2025,20250317,2025-03-17 18:46,満潮,177,中潮相当,152
2025,20250318,2025-03-18 00:49,干潮,60,中潮相当,151
2025,20250318,2025-03-18 06:29,満潮,182,中潮相当,151
2025,20250318,2025-03-18 13:01,干潮,31,中潮相当,151
2025,20250318,2025-03-18 19:21,満潮,168,中潮相当,151
2025,20250319,2025-03-19 01:12,干潮,74,中潮相当,144
2025,20250319,2025-03-19 06:49,満潮,178,中潮相当,144
2025,20250319,2025-03-19 13:28,干潮,34,中潮相当,144
2025,20250319,2025-03-19 19:59,満潮,156,中潮相当,144
2025,20250320,2025-03-20 01:33,干潮,89,中潮相当,132
2025,20250320,2025-03-20 07:10,満潮,172,中潮相当,132
2025,20250320,2025-03-20 13:59,干潮,40,中潮相当,132
2025,20250320,2025-03-20 20:45,満潮,144,中潮相当,132
2025,20250321,2025-03-21 01:53,干潮,103,小潮相当,115
2025,20250321,2025-03-21 07:32,満潮,164,小潮相当,115
2025,20250321,2025-03-21 14:39,干潮,49,小潮相当,115
2025,20250321,2025-03-21 21:53,満潮,131,小潮相当,115
2025,20250322,2025-03-22 02:07,干潮,116,小潮相当,97
2025,20250322,2025-03-22 07:56,満潮,155,小潮相当,97
2025,20250322,2025-03-22 15:48,干潮,58,小潮相当,97
2025,20250323,2025-03-23 08:27,満潮,143,小潮相当,83
2025,20250323,2025-03-23 17:55,干潮,60,小潮相当,83
2025,20250324,2025-03-24 03:16,満潮,143,小潮相当,93
2025,20250324,2025-03-24 07:59,干潮,130,小潮相当,93
2025,20250324,2025-03-24 10:24,満潮,131,小潮相当,93
2025,20250324,2025-03-24 19:35,干潮,50,小潮相当,93
2025,20250325,2025-03-25 03:30,満潮,155,小潮相当,119
2025,20250325,2025-03-25 08:54,干潮,114,小潮相当,119
2025,20250325,2025-03-25 13:33,満潮,140,小潮相当,119
2025,20250325,2025-03-25 20:39,干潮,36,小潮相当,119
2025,20250326,2025-03-26 03:50,満潮,166,中潮相当,141
2025,20250326,2025-03-26 09:26,干潮,95,中潮相当,141
2025,20250326,2025-03-26 14:42,満潮,159,中潮相当,141
2025,20250326,2025-03-26 21:27,干潮,25,中潮相当,141
2025,20250327,2025-03-27 04:11,満潮,176,中潮相当,159
2025,20250327,2025-03-27 09:58,干潮,73,中潮相当,159
2025,20250327,2025-03-27 15:31,満潮,178,中潮相当,159
2025,20250327,2025-03-27 22:09,干潮,19,中潮相当,159
2025,20250328,2025-03-28 04:33,満潮,184,大潮相当,173
2025,20250328,2025-03-28 10:30,干潮,50,大潮相当,173
2025,20250328,2025-03-28 16:17,満潮,194,大潮相当,173
2025,20250328,2025-03-28 22:47,干潮,21,大潮相当,173
2025,20250329,2025-03-29 04:56,満潮,190,大潮相当,173
2025,20250329,2025-03-29 11:04,干潮,29,大潮相当,173
2025,20250329,2025-03-29 17:01,満潮,202,大潮相当,173
2025,20250329,2025-03-29 23:24,干潮,30,大潮相当,173
2025,20250330,2025-03-30 05:20,満潮,193,大潮相当,192
2025,20250330,2025-03-30 11:38,干潮,11,大潮相当,192
2025,20250330,2025-03-30 17:46,満潮,203,大潮相当,192
2025,20250330,2025-03-30 23:58,干潮,46,大潮相当,192
2025,20250331,2025-03-31 05:43,満潮,195,大潮相当,194
2025,20250331,2025-03-31 18:32,満潮,197,大潮相当,194
2025,20250401,2025-04-01 00:30,干潮,65,大潮相当,195
2025,20250401,2025-04-01 06:06,満潮,193,大潮相当,195
2025,20250401,2025-04-01 12:51,干潮,-2,大潮相当,195
2025,20250401,2025-04-01 19:20,満潮,184,大潮相当,195
2025,20250402,2025-04-02 01:00,干潮,85,大潮相当,185
2025,20250402,2025-04-02 06:28,満潮,189,大潮相当,185
2025,20250402,2025-04-02 13:30,干潮,4,大潮相当,185
2025,20250402,2025-04-02 20:12,満潮,167,大潮相当,185
2025,20250403,2025-04-03 01:27,干潮,104,大潮相当,163
2025,20250403,2025-04-03 06:51,満潮,181,大潮相当,163
2025,20250403,2025-04-03 14:15,干潮,18,大潮相当,163
2025,20250403,2025-04-03 21:15,満潮,149,大潮相当,163
2025,20250404,2025-04-04 01:52,干潮,119,中潮相当,135
2025,20250404,2025-04-04 07:12,満潮,170,中潮相当,135
2025,20250404,2025-04-04 15:12,干潮,35,中潮相当,135
2025,20250404,2025-04-04 23:02,満潮,136,中潮相当,135
2025,20250405,2025-04-05 02:14,干潮,131,小潮相当,105
2025,20250405,2025-04-05 07:31,満潮,156,小潮相当,105
2025,20250405,2025-04-05 16:38,干潮,51,小潮相当,105
2025,20250406,2025-04-06 02:42,満潮,141,小潮相当,84
2025,20250406,2025-04-06 18:27,干潮,57,小潮相当,84
2025,20250407,2025-04-07 02:58,満潮,148,小潮相当,94
2025,20250407,2025-04-07 08:56,干潮,119,小潮相当,94
2025,20250407,2025-04-07 13:06,満潮,132,小潮相当,94
2025,20250407,2025-04-07 19:50,干潮,54,小潮相当,94
2025,20250408,2025-04-08 03:16,満潮,156,小潮相当,106
2025,20250408,2025-04-08 09:11,干潮,100,小潮相当,106
2025,20250408,2025-04-08 14:25,満潮,146,小潮相当,106
2025,20250408,2025-04-08 20:45,干潮,50,小潮相当,106
2025,20250409,2025-04-09 03:35,満潮,163,小潮相当,116
2025,20250409,2025-04-09 09:35,干潮,81,小潮相当,116
2025,20250409,2025-04-09 15:12,満潮,160,小潮相当,116
2025,20250409,2025-04-09 21:27,干潮,47,小潮相当,116
2025,20250410,2025-04-10 03:53,満潮,169,中潮相当,125
2025,20250410,2025-04-10 10:00,干潮,64,中潮相当,125
2025,20250410,2025-04-10 15:51,満潮,172,中潮相当,125
2025,20250410,2025-04-10 22:02,干潮,47,中潮相当,125
2025,20250411,2025-04-11 04:11,満潮,175,中潮相当,132
2025,20250411,2025-04-11 10:26,干潮,48,中潮相当,132
2025,20250411,2025-04-11 16:26,満潮,180,中潮相当,132
2025,20250411,2025-04-11 22:35,干潮,50,中潮相当,132
2025,20250412,2025-04-12 04:30,満潮,179,中潮相当,149
2025,20250412,2025-04-12 10:52,干潮,36,中潮相当,149
2025,20250412,2025-04-12 17:00,満潮,185,中潮相当,149
2025,20250412,2025-04-12 23:05,干潮,56,中潮相当,149
2025,20250413,2025-04-13 04:48,満潮,182,大潮相当,161
2025,20250413,2025-04-13 11:18,干潮,26,大潮相当,161
2025,20250413,2025-04-13 17:34,満潮,187,大潮相当,161
2025,20250413,2025-04-13 23:33,干潮,64,大潮相当,161
2025,20250414,2025-04-14 05:08,満潮,184,大潮相当,165
2025,20250414,2025-04-14 11:43,干潮,20,大潮相当,165
2025,20250414,2025-04-14 18:07,満潮,185,大潮相当,165
2025,20250415,2025-04-15 00:00,干潮,73,大潮相当,167
2025,20250415,2025-04-15 05:28,満潮,184,大潮相当,167
2025,20250415,2025-04-15 12:09,干潮,17,大潮相当,167
2025,20250415,2025-04-15 18:41,満潮,180,大潮相当,167
2025,20250416,2025-04-16 00:26,干潮,83,大潮相当,164
2025,20250416,2025-04-16 05:49,満潮,182,大潮相当,164
2025,20250416,2025-04-16 12:36,干潮,18,大潮相当,164
2025,20250416,2025-04-16 19:17,満潮,172,大潮相当,164
2025,20250417,2025-04-17 00:52,干潮,93,中潮相当,155
2025,20250417,2025-04-17 06:11,満潮,178,中潮相当,155
2025,20250417,2025-04-17 13:04,干潮,23,中潮相当,155
2025,20250417,2025-04-17 19:56,満潮,163,中潮相当,155
2025,20250418,2025-04-18 01:18,干潮,102,中潮相当,142
2025,20250418,2025-04-18 06:35,満潮,172,中潮相当,142
2025,20250418,2025-04-18 13:37,干潮,30,中潮相当,142
2025,20250418,2025-04-18 20:45,満潮,152,中潮相当,142
2025,20250419,2025-04-19 01:47,干潮,113,中潮相当,124
2025,20250419,2025-04-19 07:00,満潮,164,中潮相当,124
2025,20250419,2025-04-19 14:19,干潮,40,中潮相当,124
2025,20250419,2025-04-19 21:54,満潮,142,中潮相当,124
2025,20250420,2025-04-20 02:26,干潮,123,小潮相当,103
2025,20250420,2025-04-20 07:30,満潮,154,小潮相当,103
2025,20250420,2025-04-20 15:21,干潮,51,小潮相当,103
2025,20250420,2025-04-20 23:53,満潮,139,小潮相当,103
2025,20250421,2025-04-21 04:04,干潮,131,小潮相当,83
2025,20250421,2025-04-21 08:18,満潮,141,小潮相当,83
2025,20250421,2025-04-21 17:01,干潮,58,小潮相当,83
2025,20250422,2025-04-22 01:34,満潮,147,小潮相当,91
2025,20250422,2025-04-22 07:14,干潮,122,小潮相当,91
2025,20250422,2025-04-22 10:53,満潮,131,小潮相当,91
2025,20250422,2025-04-22 18:43,干潮,56,小潮相当,91
2025,20250423,2025-04-23 02:17,満潮,157,小潮相当,106
2025,20250423,2025-04-23 08:12,干潮,103,小潮相当,106
2025,20250423,2025-04-23 13:10,満潮,141,小潮相当,106
2025,20250423,2025-04-23 19:55,干潮,51,小潮相当,106
2025,20250424,2025-04-24 02:47,満潮,167,小潮相当,119
2025,20250424,2025-04-24 08:49,干潮,79,小潮相当,119
2025,20250424,2025-04-24 14:23,満潮,159,小潮相当,119
2025,20250424,2025-04-24 20:49,干潮,48,小潮相当,119
2025,20250425,2025-04-25 03:14,満潮,176,中潮相当,128
2025,20250425,2025-04-25 09:24,干潮,54,中潮相当,128
2025,20250425,2025-04-25 15:19,満潮,178,中潮相当,128
2025,20250425,2025-04-25 21:35,干潮,50,中潮相当,128
2025,20250426,2025-04-26 03:40,満潮,184,大潮相当,163
2025,20250426,2025-04-26 10:00,干潮,29,大潮相当,163
2025,20250426,2025-04-26 16:09,満潮,192,大潮相当,163
2025,20250426,2025-04-26 22:17,干潮,57,大潮相当,163
2025,20250427,2025-04-27 04:07,満潮,190,大潮相当,193
2025,20250427,2025-04-27 10:36,干潮,7,大潮相当,193
2025,20250427,2025-04-27 16:58,満潮,200,大潮相当,193
2025,20250427,2025-04-27 22:57,干潮,69,大潮相当,193
2025,20250428,2025-04-28 04:33,満潮,195,大潮相当,208
2025,20250428,2025-04-28 11:14,干潮,-7,大潮相当,208
2025,20250428,2025-04-28 17:47,満潮,201,大潮相当,208
2025,20250428,2025-04-28 23:35,干潮,83,大潮相当,208
2025,20250429,2025-04-29 05:01,満潮,196,大潮相当,210
2025,20250429,2025-04-29 11:53,干潮,-14,大潮相当,210
2025,20250429,2025-04-29 18:36,満潮,195,大潮相当,210
2025,20250430,2025-04-30 00:11,干潮,97,大潮相当,206
2025,20250430,2025-04-30 05:29,満潮,195,大潮相当,206
2025,20250430,2025-04-30 12:34,干潮,-11,大潮相当,206
2025,20250430,2025-04-30 19:26,満潮,184,大潮相当,206
2025,20250501,2025-05-01 00:46,干潮,110,大潮相当,189
2025,20250501,2025-05-01 05:58,満潮,189,大潮相当,189
2025,20250501,2025-05-01 13:17,干潮,0,大潮相当,189
2025,20250501,2025-05-01 20:20,満潮,170,大潮相当,189
2025,20250502,2025-05-02 01:22,干潮,120,大潮相当,163
2025,20250502,2025-05-02 06:28,満潮,180,大潮相当,163
2025,20250502,2025-05-02 14:05,干潮,17,大潮相当,163
2025,20250502,2025-05-02 21:22,満潮,157,大潮相当,163
2025,20250503,2025-05-03 02:03,干潮,127,中潮相当,132
2025,20250503,2025-05-03 07:01,満潮,167,中潮相当,132
2025,20250503,2025-05-03 15:01,干潮,35,中潮相当,132
2025,20250503,2025-05-03 22:38,満潮,149,中潮相当,132
2025,20250504,2025-05-04 03:05,干潮,131,小潮相当,99
2025,20250504,2025-05-04 07:43,満潮,151,小潮相当,99
2025,20250504,2025-05-04 16:11,干潮,52,小潮相当,99
2025,20250505,2025-05-05 00:06,満潮,146,小潮相当,82
2025,20250505,2025-05-05 05:26,干潮,128,小潮相当,82
2025,20250505,2025-05-05 09:30,満潮,134,小潮相当,82
2025,20250505,2025-05-05 17:33,干潮,64,小潮相当,82
2025,20250506,2025-05-06 01:12,満潮,149,長潮相当,79
2025,20250506,2025-05-06 07:35,干潮,111,長潮相当,79
2025,20250506,2025-05-06 12:27,満潮,132,長潮相当,79
2025,20250506,2025-05-06 18:50,干潮,70,長潮相当,79
2025,20250507,2025-05-07 01:53,満潮,154,小潮相当,81
2025,20250507,2025-05-07 08:20,干潮,92,小潮相当,81
2025,20250507,2025-05-07 13:54,満潮,142,小潮相当,81
2025,20250507,2025-05-07 19:51,干潮,73,小潮相当,81
2025,20250508,2025-05-08 02:23,満潮,161,小潮相当,88
2025,20250508,2025-05-08 08:53,干潮,73,小潮相当,88
2025,20250508,2025-05-08 14:51,満潮,154,小潮相当,88
2025,20250508,2025-05-08 20:39,干潮,75,小潮相当,88
2025,20250509,2025-05-09 02:49,満潮,167,小潮相当,111
2025,20250509,2025-05-09 09:23,干潮,56,小潮相当,111
2025,20250509,2025-05-09 15:36,満潮,165,小潮相当,111
2025,20250509,2025-05-09 21:21,干潮,78,小潮相当,111
2025,20250510,2025-05-10 03:14,満潮,172,中潮相当,133
2025,20250510,2025-05-10 09:52,干潮,41,中潮相当,133
2025,20250510,2025-05-10 16:17,満潮,174,中潮相当,133
2025,20250510,2025-05-10 21:58,干潮,82,中潮相当,133
2025,20250511,2025-05-11 03:38,満潮,177,中潮相当,152
2025,20250511,2025-05-11 10:20,干潮,29,中潮相当,152
2025,20250511,2025-05-11 16:54,満潮,181,中潮相当,152
2025,20250511,2025-05-11 22:33,干潮,87,中潮相当,152
2025,20250512,2025-05-12 04:02,満潮,181,大潮相当,165
2025,20250512,2025-05-12 10:49,干潮,20,大潮相当,165
2025,20250512,2025-05-12 17:30,満潮,185,大潮相当,165
2025,20250512,2025-05-12 23:06,干潮,92,大潮相当,165
2025,20250513,2025-05-13 04:27,満潮,183,大潮相当,170
2025,20250513,2025-05-13 11:17,干潮,15,大潮相当,170
2025,20250513,2025-05-13 18:05,満潮,185,大潮相当,170
2025,20250513,2025-05-13 23:37,干潮,97,大潮相当,170
2025,20250514,2025-05-14 04:52,満潮,185,大潮相当,172
2025,20250514,2025-05-14 11:47,干潮,13,大潮相当,172
2025,20250514,2025-05-14 18:40,満潮,182,大潮相当,172
2025,20250515,2025-05-15 00:08,干潮,102,大潮相当,170
2025,20250515,2025-05-15 05:19,満潮,184,大潮相当,170
2025,20250515,2025-05-15 12:18,干潮,14,大潮相当,170
2025,20250515,2025-05-15 19:17,満潮,177,大潮相当,170
2025,20250516,2025-05-16 00:39,干潮,107,大潮相当,163
2025,20250516,2025-05-16 05:47,満潮,181,大潮相当,163
2025,20250516,2025-05-16 12:52,干潮,18,大潮相当,163
2025,20250516,2025-05-16 19:58,満潮,170,大潮相当,163
2025,20250517,2025-05-17 01:13,干潮,112,中潮相当,150
2025,20250517,2025-05-17 06:17,満潮,175,中潮相当,150
2025,20250517,2025-05-17 13:30,干潮,25,中潮相当,150
2025,20250517,2025-05-17 20:46,満潮,163,中潮相当,150
2025,20250518,2025-05-18 01:52,干潮,117,中潮相当,133
2025,20250518,2025-05-18 06:52,満潮,167,中潮相当,133
2025,20250518,2025-05-18 14:14,干潮,34,中潮相当,133
2025,20250518,2025-05-18 21:44,満潮,158,中潮相当,133
2025,20250519,2025-05-19 02:44,干潮,121,小潮相当,112
2025,20250519,2025-05-19 07:37,満潮,157,小潮相当,112
2025,20250519,2025-05-19 15:08,干潮,45,小潮相当,112
2025,20250519,2025-05-19 22:49,満潮,156,小潮相当,112
2025,20250520,2025-05-20 04:06,干潮,121,小潮相当,102
2025,20250520,2025-05-20 08:52,満潮,145,小潮相当,102
2025,20250520,2025-05-20 16:18,干潮,56,小潮相当,102
2025,20250520,2025-05-20 23:51,満潮,158,小潮相当,102
2025,20250521,2025-05-21 05:59,干潮,111,長潮相当,74
2025,20250521,2025-05-21 10:49,満潮,139,長潮相当,74
2025,20250521,2025-05-21 17:41,干潮,65,長潮相当,74
2025,20250522,2025-05-22 00:44,満潮,163,小潮相当,90
2025,20250522,2025-05-22 07:14,干潮,91,小潮相当,90
2025,20250522,2025-05-22 12:37,満潮,145,小潮相当,90
2025,20250522,2025-05-22 18:58,干潮,73,小潮相当,90
2025,20250523,2025-05-23 01:27,満潮,169,小潮相当,102
2025,20250523,2025-05-23 08:04,干潮,67,小潮相当,102
2025,20250523,2025-05-23 14:00,満潮,159,小潮相当,102
2025,20250523,2025-05-23 20:02,干潮,80,小潮相当,102
2025,20250524,2025-05-24 02:05,満潮,176,中潮相当,135
2025,20250524,2025-05-24 08:47,干潮,41,中潮相当,135
2025,20250524,2025-05-24 15:09,満潮,175,中潮相当,135
2025,20250524,2025-05-24 20:57,干潮,88,中潮相当,135
2025,20250525,2025-05-25 02:41,満潮,183,大潮相当,170
2025,20250525,2025-05-25 09:29,干潮,18,大潮相当,170
2025,20250525,2025-05-25 16:08,満潮,188,大潮相当,170
2025,20250525,2025-05-25 21:46,干潮,97,大潮相当,170
2025,20250526,2025-05-26 03:17,満潮,189,大潮相当,195
2025,20250526,2025-05-26 10:11,干潮,1,大潮相当,195
2025,20250526,2025-05-26 17:02,満潮,196,大潮相当,195
2025,20250526,2025-05-26 22:33,干潮,106,大潮相当,195
2025,20250527,2025-05-27 03:54,満潮,194,大潮相当,208
2025,20250527,2025-05-27 10:54,干潮,-10,大潮相当,208
2025,20250527,2025-05-27 17:52,満潮,198,大潮相当,208
2025,20250527,2025-05-27 23:17,干潮,113,大潮相当,208
2025,20250528,2025-05-28 04:31,満潮,196,大潮相当,208
2025,20250528,2025-05-28 11:39,干潮,-12,大潮相当,208
2025,20250528,2025-05-28 18:41,満潮,194,大潮相当,208
2025,20250529,2025-05-29 00:00,干潮,119,大潮相当,202
2025,20250529,2025-05-29 05:08,満潮,195,大潮相当,202
2025,20250529,2025-05-29 12:24,干潮,-7,大潮相当,202
2025,20250529,2025-05-29 19:29,満潮,187,大潮相当,202
2025,20250530,2025-05-30 00:42,干潮,122,大潮相当,187
2025,20250530,2025-05-30 05:47,満潮,191,大潮相当,187
2025,20250530,2025-05-30 13:10,干潮,4,大潮相当,187
2025,20250530,2025-05-30 20:15,満潮,177,大潮相当,187
2025,20250531,2025-05-31 01:24,干潮,122,大潮相当,163
2025,20250531,2025-05-31 06:28,満潮,182,大潮相当,163
2025,20250531,2025-05-31 13:57,干潮,19,大潮相当,163
2025,20250531,2025-05-31 21:01,満潮,169,大潮相当,163
2025,20250601,2025-06-01 02:10,干潮,121,中潮相当,132
2025,20250601,2025-06-01 07:12,満潮,169,中潮相当,132
2025,20250601,2025-06-01 14:43,干潮,37,中潮相当,132
2025,20250601,2025-06-01 21:46,満潮,163,中潮相当,132
2025,20250602,2025-06-02 03:04,干潮,119,小潮相当,105
2025,20250602,2025-06-02 08:09,満潮,155,小潮相当,105
2025,20250602,2025-06-02 15:32,干潮,54,小潮相当,105
2025,20250602,2025-06-02 22:30,満潮,159,小潮相当,105
2025,20250603,2025-06-03 04:19,干潮,115,小潮相当,89
2025,20250603,2025-06-03 09:32,満潮,142,小潮相当,89
2025,20250603,2025-06-03 16:26,干潮,70,小潮相当,89
2025,20250603,2025-06-03 23:14,満潮,159,小潮相当,89
2025,20250604,2025-06-04 05:57,干潮,105,長潮相当,75
2025,20250604,2025-06-04 11:20,満潮,135,長潮相当,75
2025,20250604,2025-06-04 17:30,干潮,85,長潮相当,75
2025,20250604,2025-06-04 23:58,満潮,160,長潮相当,75
2025,20250605,2025-06-05 07:12,干潮,90,若潮相当,48
2025,20250605,2025-06-05 13:02,満潮,138,若潮相当,48
2025,20250605,2025-06-05 18:37,干潮,95,若潮相当,48
2025,20250606,2025-06-06 00:42,満潮,163,小潮相当,90
2025,20250606,2025-06-06 08:01,干潮,73,小潮相当,90
2025,20250606,2025-06-06 14:24,満潮,147,小潮相当,90
2025,20250606,2025-06-06 19:40,干潮,103,小潮相当,90
2025,20250607,2025-06-07 01:24,満潮,166,小潮相当,108
2025,20250607,2025-06-07 08:40,干潮,58,小潮相当,108
2025,20250607,2025-06-07 15:25,満潮,159,小潮相当,108
2025,20250607,2025-06-07 20:34,干潮,108,小潮相当,108
2025,20250608,2025-06-08 02:05,満潮,170,中潮相当,126
2025,20250608,2025-06-08 09:15,干潮,44,中潮相当,126
2025,20250608,2025-06-08 16:12,満潮,170,中潮相当,126
2025,20250608,2025-06-08 21:21,干潮,111,中潮相当,126
2025,20250609,2025-06-09 02:43,満潮,174,中潮相当,146
2025,20250609,2025-06-09 09:49,干潮,33,中潮相当,146
2025,20250609,2025-06-09 16:52,満潮,179,中潮相当,146
2025,20250609,2025-06-09 22:04,干潮,113,中潮相当,146
2025,20250610,2025-06-10 03:20,満潮,179,大潮相当,160
2025,20250610,2025-06-10 10:23,干潮,24,大潮相当,160
2025,20250610,2025-06-10 17:28,満潮,184,大潮相当,160
2025,20250610,2025-06-10 22:43,干潮,114,大潮相当,160
2025,20250611,2025-06-11 03:54,満潮,183,大潮相当,168
2025,20250611,2025-06-11 10:57,干潮,18,大潮相当,168
2025,20250611,2025-06-11 18:03,満潮,186,大潮相当,168
2025,20250611,2025-06-11 23:20,干潮,114,大潮相当,168
2025,20250612,2025-06-12 04:28,満潮,187,大潮相当,172
2025,20250612,2025-06-12 11:33,干潮,15,大潮相当,172
2025,20250612,2025-06-12 18:38,満潮,186,大潮相当,172
2025,20250612,2025-06-12 23:56,干潮,114,大潮相当,172
2025,20250613,2025-06-13 05:03,満潮,188,大潮相当,174
2025,20250613,2025-06-13 12:09,干潮,14,大潮相当,174
2025,20250613,2025-06-13 19:14,満潮,184,大潮相当,174
2025,20250614,2025-06-14 00:32,干潮,114,大潮相当,171
2025,20250614,2025-06-14 05:38,満潮,187,大潮相当,171
2025,20250614,2025-06-14 12:47,干潮,16,大潮相当,171
2025,20250614,2025-06-14 19:51,満潮,180,大潮相当,171
2025,20250615,2025-06-15 01:10,干潮,113,大潮相当,161
2025,20250615,2025-06-15 06:16,満潮,183,大潮相当,161
2025,20250615,2025-06-15 13:26,干潮,22,大潮相当,161
2025,20250615,2025-06-15 20:31,満潮,177,大潮相当,161
2025,20250616,2025-06-16 01:52,干潮,112,中潮相当,145
2025,20250616,2025-06-16 06:59,満潮,176,中潮相当,145
2025,20250616,2025-06-16 14:06,干潮,31,中潮相当,145
2025,20250616,2025-06-16 21:12,満潮,175,中潮相当,145
2025,20250617,2025-06-17 02:40,干潮,109,中潮相当,128
2025,20250617,2025-06-17 07:52,満潮,166,中潮相当,128
2025,20250617,2025-06-17 14:50,干潮,45,中潮相当,128
2025,20250617,2025-06-17 21:53,満潮,173,中潮相当,128
2025,20250618,2025-06-18 03:40,干潮,105,小潮相当,112
2025,20250618,2025-06-18 09:03,満潮,156,小潮相当,112
2025,20250618,2025-06-18 15:39,干潮,61,小潮相当,112
2025,20250618,2025-06-18 22:34,満潮,173,小潮相当,112
2025,20250619,2025-06-19 04:55,干潮,95,小潮相当,93
2025,20250619,2025-06-19 10:30,満潮,150,小潮相当,93
2025,20250619,2025-06-19 16:38,干潮,80,小潮相当,93
2025,20250619,2025-06-19 23:16,満潮,173,小潮相当,93
2025,20250620,2025-06-20 06:13,干潮,79,長潮相当,71
2025,20250620,2025-06-20 12:05,満潮,150,長潮相当,71
2025,20250620,2025-06-20 17:53,干潮,99,長潮相当,71
2025,20250621,2025-06-21 00:00,満潮,175,小潮相当,117
2025,20250621,2025-06-21 07:17,干潮,58,小潮相当,117
2025,20250621,2025-06-21 13:45,満潮,157,小潮相当,117
2025,20250621,2025-06-21 19:11,干潮,113,小潮相当,117
2025,20250622,2025-06-22 00:48,満潮,177,中潮相当,139
2025,20250622,2025-06-22 08:12,干潮,38,中潮相当,139
2025,20250622,2025-06-22 15:14,満潮,170,中潮相当,139
2025,20250622,2025-06-22 20:21,干潮,123,中潮相当,139
2025,20250623,2025-06-23 01:42,満潮,181,大潮相当,163
2025,20250623,2025-06-23 09:03,干潮,20,大潮相当,163
2025,20250623,2025-06-23 16:20,満潮,183,大潮相当,163
2025,20250623,2025-06-23 21:24,干潮,129,大潮相当,163
2025,20250624,2025-06-24 02:38,満潮,186,大潮相当,184
2025,20250624,2025-06-24 09:54,干潮,8,大潮相当,184
2025,20250624,2025-06-24 17:12,満潮,192,大潮相当,184
2025,20250624,2025-06-24 22:21,干潮,130,大潮相当,184
2025,20250625,2025-06-25 03:32,満潮,192,大潮相当,196
2025,20250625,2025-06-25 10:43,干潮,0,大潮相当,196
2025,20250625,2025-06-25 17:57,満潮,196,大潮相当,196
2025,20250625,2025-06-25 23:11,干潮,128,大潮相当,196
2025,20250626,2025-06-26 04:21,満潮,196,大潮相当,194
2025,20250626,2025-06-26 18:38,満潮,195,大潮相当,194
2025,20250627,2025-06-27 05:06,満潮,198,大潮相当,195
2025,20250627,2025-06-27 12:18,干潮,3,大潮相当,195
2025,20250627,2025-06-27 19:15,満潮,191,大潮相当,195
2025,20250628,2025-06-28 00:38,干潮,118,大潮相当,183
2025,20250628,2025-06-28 05:49,満潮,195,大潮相当,183
2025,20250628,2025-06-28 13:01,干潮,12,大潮相当,183
2025,20250628,2025-06-28 19:48,満潮,186,大潮相当,183
2025,20250629,2025-06-29 01:16,干潮,112,大潮相当,163
2025,20250629,2025-06-29 06:31,満潮,188,大潮相当,163
2025,20250629,2025-06-29 13:39,干潮,25,大潮相当,163
2025,20250629,2025-06-29 20:19,満潮,182,大潮相当,163
2025,20250630,2025-06-30 01:55,干潮,107,中潮相当,137
2025,20250630,2025-06-30 07:15,満潮,178,中潮相当,137
2025,20250630,2025-06-30 14:15,干潮,41,中潮相当,137
2025,20250630,2025-06-30 20:48,満潮,178,中潮相当,137
2025,20250701,2025-07-01 02:36,干潮,103,小潮相当,117
2025,20250701,2025-07-01 08:04,満潮,166,小潮相当,117
2025,20250701,2025-07-01 14:49,干潮,59,小潮相当,117
2025,20250701,2025-07-01 21:17,満潮,176,小潮相当,117
2025,20250702,2025-07-02 03:24,干潮,99,小潮相当,96
2025,20250702,2025-07-02 09:03,満潮,153,小潮相当,96
2025,20250702,2025-07-02 15:24,干潮,78,小潮相当,96
2025,20250702,2025-07-02 21:47,満潮,174,小潮相当,96
2025,20250703,2025-07-03 04:27,干潮,95,長潮相当,77
2025,20250703,2025-07-03 10:17,満潮,143,長潮相当,77
2025,20250703,2025-07-03 16:06,干潮,96,長潮相当,77
2025,20250703,2025-07-03 22:21,満潮,172,長潮相当,77
2025,20250704,2025-07-04 05:46,干潮,88,小潮相当,82
2025,20250704,2025-07-04 11:53,満潮,138,小潮相当,82
2025,20250704,2025-07-04 17:07,干潮,113,小潮相当,82
2025,20250704,2025-07-04 22:59,満潮,170,小潮相当,82
2025,20250705,2025-07-05 06:58,干潮,78,小潮相当,90
2025,20250705,2025-07-05 14:01,満潮,143,小潮相当,90
2025,20250705,2025-07-05 18:30,干潮,126,小潮相当,90
2025,20250705,2025-07-05 23:45,満潮,168,小潮相当,90
2025,20250706,2025-07-06 07:53,干潮,65,小潮相当,91
2025,20250706,2025-07-06 15:28,満潮,156,小潮相当,91
2025,20250706,2025-07-06 19:47,干潮,132,小潮相当,91
2025,20250707,2025-07-07 00:45,満潮,168,小潮相当,115
2025,20250707,2025-07-07 08:40,干潮,53,小潮相当,115
2025,20250707,2025-07-07 16:15,満潮,168,小潮相当,115
2025,20250707,2025-07-07 20:51,干潮,133,小潮相当,115
2025,20250708,2025-07-08 01:51,満潮,170,中潮相当,136
2025,20250708,2025-07-08 09:23,干潮,42,中潮相当,136
2025,20250708,2025-07-08 16:51,満潮,178,中潮相当,136
2025,20250708,2025-07-08 21:43,干潮,131,中潮相当,136
2025,20250709,2025-07-09 02:49,満潮,176,中潮相当,153
2025,20250709,2025-07-09 10:04,干潮,32,中潮相当,153
2025,20250709,2025-07-09 17:24,満潮,185,中潮相当,153
2025,20250709,2025-07-09 22:29,干潮,126,中潮相当,153
2025,20250710,2025-07-10 03:36,満潮,184,大潮相当,167
2025,20250710,2025-07-10 10:44,干潮,23,大潮相当,167
2025,20250710,2025-07-10 17:55,満潮,190,大潮相当,167
2025,20250710,2025-07-10 23:09,干潮,121,大潮相当,167
2025,20250711,2025-07-11 04:18,満潮,191,大潮相当,175
2025,20250711,2025-07-11 11:24,干潮,17,大潮相当,175
2025,20250711,2025-07-11 18:26,満潮,192,大潮相当,175
2025,20250711,2025-07-11 23:47,干潮,115,大潮相当,175
2025,20250712,2025-07-12 04:57,満潮,196,大潮相当,182
2025,20250712,2025-07-12 12:02,干潮,14,大潮相当,182
2025,20250712,2025-07-12 18:56,満潮,193,大潮相当,182
2025,20250713,2025-07-13 00:24,干潮,108,大潮相当,181
2025,20250713,2025-07-13 05:37,満潮,197,大潮相当,181
2025,20250713,2025-07-13 12:39,干潮,16,大潮相当,181
2025,20250713,2025-07-13 19:27,満潮,193,大潮相当,181
2025,20250714,2025-07-14 01:01,干潮,102,大潮相当,172
2025,20250714,2025-07-14 06:18,満潮,195,大潮相当,172
2025,20250714,2025-07-14 13:15,干潮,23,大潮相当,172
2025,20250714,2025-07-14 19:58,満潮,192,大潮相当,172
2025,20250715,2025-07-15 01:40,干潮,95,中潮相当,154
2025,20250715,2025-07-15 07:04,満潮,188,中潮相当,154
2025,20250715,2025-07-15 13:50,干潮,36,中潮相当,154
2025,20250715,2025-07-15 20:28,満潮,190,中潮相当,154
2025,20250716,2025-07-16 02:21,干潮,88,中潮相当,134
2025,20250716,2025-07-16 07:56,満潮,179,中潮相当,134
2025,20250716,2025-07-16 14:24,干潮,54,中潮相当,134
2025,20250716,2025-07-16 20:58,満潮,188,中潮相当,134
2025,20250717,2025-07-17 03:08,干潮,82,小潮相当,110
2025,20250717,2025-07-17 08:57,満潮,168,小潮相当,110
2025,20250717,2025-07-17 15:00,干潮,76,小潮相当,110
2025,20250717,2025-07-17 21:28,満潮,186,小潮相当,110
2025,20250718,2025-07-18 04:07,干潮,76,小潮相当,107
2025,20250718,2025-07-18 10:10,満潮,157,小潮相当,107
2025,20250718,2025-07-18 15:41,干潮,101,小潮相当,107
2025,20250718,2025-07-18 22:00,満潮,183,小潮相当,107
2025,20250719,2025-07-19 05:21,干潮,68,小潮相当,112
2025,20250719,2025-07-19 11:43,満潮,151,小潮相当,112
2025,20250719,2025-07-19 16:39,干潮,124,小潮相当,112
2025,20250719,2025-07-19 22:39,満潮,180,小潮相当,112
2025,20250720,2025-07-20 06:39,干潮,57,中潮相当,120
2025,20250720,2025-07-20 14:09,満潮,155,中潮相当,120
2025,20250720,2025-07-20 18:21,干潮,142,中潮相当,120
2025,20250720,2025-07-20 23:33,満潮,177,中潮相当,120
2025,20250721,2025-07-21 07:49,干潮,44,中潮相当,126
2025,20250721,2025-07-21 15:51,満潮,170,中潮相当,126
2025,20250721,2025-07-21 20:06,干潮,148,中潮相当,126
2025,20250722,2025-07-22 00:59,満潮,176,中潮相当,152
2025,20250722,2025-07-22 08:51,干潮,31,中潮相当,152
2025,20250722,2025-07-22 16:39,満潮,183,中潮相当,152
2025,20250722,2025-07-22 21:27,干潮,144,中潮相当,152
2025,20250723,2025-07-23 02:31,満潮,181,大潮相当,171
2025,20250723,2025-07-23 09:48,干潮,21,大潮相当,171
2025,20250723,2025-07-23 17:15,満潮,192,大潮相当,171
2025,20250723,2025-07-23 22:26,干潮,136,大潮相当,171
2025,20250724,2025-07-24 03:35,満潮,190,大潮相当,182
2025,20250724,2025-07-24 10:40,干潮,14,大潮相当,182
2025,20250724,2025-07-24 17:47,満潮,196,大潮相当,182
2025,20250724,2025-07-24 23:11,干潮,125,大潮相当,182
2025,20250725,2025-07-25 04:25,満潮,198,大潮相当,183
2025,20250725,2025-07-25 18:17,満潮,197,大潮相当,183
2025,20250726,2025-07-26 05:08,満潮,202,大潮相当,187
2025,20250726,2025-07-26 12:06,干潮,15,大潮相当,187
2025,20250726,2025-07-26 18:43,満潮,196,大潮相当,187
2025,20250727,2025-07-27 00:24,干潮,103,大潮相当,178
2025,20250727,2025-07-27 05:47,満潮,202,大潮相当,178
2025,20250727,2025-07-27 12:41,干潮,24,大潮相当,178
2025,20250727,2025-07-27 19:07,満潮,195,大潮相当,178
2025,20250728,2025-07-28 00:56,干潮,94,大潮相当,160
2025,20250728,2025-07-28 06:26,満潮,196,大潮相当,160
2025,20250728,2025-07-28 13:12,干潮,36,大潮相当,160
2025,20250728,2025-07-28 19:30,満潮,193,大潮相当,160
2025,20250729,2025-07-29 01:28,干潮,87,中潮相当,140
2025,20250729,2025-07-29 07:04,満潮,187,中潮相当,140
2025,20250729,2025-07-29 13:40,干潮,52,中潮相当,140
2025,20250729,2025-07-29 19:52,満潮,192,中潮相当,140
2025,20250730,2025-07-30 02:01,干潮,83,中潮相当,120
2025,20250730,2025-07-30 07:46,満潮,175,中潮相当,120
2025,20250730,2025-07-30 14:07,干潮,69,中潮相当,120
2025,20250730,2025-07-30 20:14,満潮,189,中潮相当,120
2025,20250731,2025-07-31 02:36,干潮,82,小潮相当,104
2025,20250731,2025-07-31 08:33,満潮,163,小潮相当,104
2025,20250731,2025-07-31 14:32,干潮,88,小潮相当,104
2025,20250731,2025-07-31 20:39,満潮,186,小潮相当,104
2025,20250801,2025-08-01 03:19,干潮,82,小潮相当,100
2025,20250801,2025-08-01 09:31,満潮,151,小潮相当,100
2025,20250801,2025-08-01 14:58,干潮,107,小潮相当,100
2025,20250801,2025-08-01 21:06,満潮,182,小潮相当,100
2025,20250802,2025-08-02 04:20,干潮,83,小潮相当,93
2025,20250802,2025-08-02 10:51,満潮,142,小潮相当,93
2025,20250802,2025-08-02 15:31,干潮,125,小潮相当,93
2025,20250802,2025-08-02 21:37,満潮,176,小潮相当,93
2025,20250803,2025-08-03 05:45,干潮,81,小潮相当,88
2025,20250803,2025-08-03 14:15,満潮,143,小潮相当,88
2025,20250803,2025-08-03 17:00,干潮,141,小潮相当,88
2025,20250803,2025-08-03 22:18,満潮,169,小潮相当,88
2025,20250804,2025-08-04 07:06,干潮,74,小潮相当,90
2025,20250804,2025-08-04 15:44,満潮,157,小潮相当,90
2025,20250804,2025-08-04 19:13,干潮,147,小潮相当,90
2025,20250804,2025-08-04 23:24,満潮,164,小潮相当,90
2025,20250805,2025-08-05 08:10,干潮,63,小潮相当,107
2025,20250805,2025-08-05 16:15,満潮,170,小潮相当,107
2025,20250805,2025-08-05 20:40,干潮,144,小潮相当,107
2025,20250806,2025-08-06 01:15,満潮,164,中潮相当,130
2025,20250806,2025-08-06 09:03,干潮,50,中潮相当,130
2025,20250806,2025-08-06 16:42,満潮,180,中潮相当,130
2025,20250806,2025-08-06 21:38,干潮,136,中潮相当,130
2025,20250807,2025-08-07 02:38,満潮,173,中潮相当,152
2025,20250807,2025-08-07 09:50,干潮,37,中潮相当,152
2025,20250807,2025-08-07 17:08,満潮,189,中潮相当,152
2025,20250807,2025-08-07 22:22,干潮,126,中潮相当,152
2025,20250808,2025-08-08 03:30,満潮,185,大潮相当,168
2025,20250808,2025-08-08 10:33,干潮,27,大潮相当,168
2025,20250808,2025-08-08 17:33,満潮,195,大潮相当,168
2025,20250808,2025-08-08 22:59,干潮,115,大潮相当,168
2025,20250809,2025-08-09 04:13,満潮,196,大潮相当,181
2025,20250809,2025-08-09 11:12,干潮,19,大潮相当,181
2025,20250809,2025-08-09 17:59,満潮,200,大潮相当,181
2025,20250809,2025-08-09 23:34,干潮,102,大潮相当,181
2025,20250810,2025-08-10 04:54,満潮,204,大潮相当,186
2025,20250810,2025-08-10 18:24,満潮,203,大潮相当,186
2025,20250811,2025-08-11 00:08,干潮,90,大潮相当,186
2025,20250811,2025-08-11 05:35,満潮,208,大潮相当,186
2025,20250811,2025-08-11 12:23,干潮,22,大潮相当,186
2025,20250811,2025-08-11 18:50,満潮,204,大潮相当,186
2025,20250812,2025-08-12 00:43,干潮,78,大潮相当,172
2025,20250812,2025-08-12 06:17,満潮,206,大潮相当,172
2025,20250812,2025-08-12 12:55,干潮,34,大潮相当,172
2025,20250812,2025-08-12 19:14,満潮,203,大潮相当,172
2025,20250813,2025-08-13 01:18,干潮,68,中潮相当,150
2025,20250813,2025-08-13 07:02,満潮,199,中潮相当,150
2025,20250813,2025-08-13 13:26,干潮,52,中潮相当,150
2025,20250813,2025-08-13 19:39,満潮,202,中潮相当,150
2025,20250814,2025-08-14 01:56,干潮,61,中潮相当,137
2025,20250814,2025-08-14 07:52,満潮,187,中潮相当,137
2025,20250814,2025-08-14 13:56,干潮,74,中潮相当,137
2025,20250814,2025-08-14 20:02,満潮,198,中潮相当,137
2025,20250815,2025-08-15 02:38,干潮,58,中潮相当,136
2025,20250815,2025-08-15 08:49,満潮,173,中潮相当,136
2025,20250815,2025-08-15 14:24,干潮,98,中潮相当,136
2025,20250815,2025-08-15 20:27,満潮,194,中潮相当,136
2025,20250816,2025-08-16 03:30,干潮,59,中潮相当,129
2025,20250816,2025-08-16 09:58,満潮,158,中潮相当,129
2025,20250816,2025-08-16 14:50,干潮,122,中潮相当,129
2025,20250816,2025-08-16 20:53,満潮,188,中潮相当,129
2025,20250817,2025-08-17 04:42,干潮,62,小潮相当,118
2025,20250817,2025-08-17 11:54,満潮,148,小潮相当,118
2025,20250817,2025-08-17 15:12,干潮,143,小潮相当,118
2025,20250817,2025-08-17 21:26,満潮,180,小潮相当,118
2025,20250818,2025-08-18 06:15,干潮,60,小潮相当,109
2025,20250818,2025-08-18 15:50,満潮,161,小潮相当,109
2025,20250818,2025-08-18 18:08,干潮,159,小潮相当,109
2025,20250818,2025-08-18 22:25,満潮,169,小潮相当,109
2025,20250819,2025-08-19 07:42,干潮,53,中潮相当,121
2025,20250819,2025-08-19 16:10,満潮,174,中潮相当,121
2025,20250819,2025-08-19 20:49,干潮,152,中潮相当,121
2025,20250820,2025-08-20 01:19,満潮,166,中潮相当,141
2025,20250820,2025-08-20 08:51,干潮,43,中潮相当,141
2025,20250820,2025-08-20 16:34,満潮,184,中潮相当,141
2025,20250820,2025-08-20 21:50,干潮,138,中潮相当,141
2025,20250821,2025-08-21 02:51,満潮,178,中潮相当,159
2025,20250821,2025-08-21 09:47,干潮,33,中潮相当,159
2025,20250821,2025-08-21 16:57,満潮,192,中潮相当,159
2025,20250821,2025-08-21 22:28,干潮,122,中潮相当,159
2025,20250822,2025-08-22 03:44,満潮,191,大潮相当,168
2025,20250822,2025-08-22 10:33,干潮,28,大潮相当,168
2025,20250822,2025-08-22 17:19,満潮,196,大潮相当,168
2025,20250822,2025-08-22 23:00,干潮,106,大潮相当,168
2025,20250823,2025-08-23 04:26,満潮,201,大潮相当,174
2025,20250823,2025-08-23 11:11,干潮,27,大潮相当,174
2025,20250823,2025-08-23 17:41,満潮,199,大潮相当,174
2025,20250823,2025-08-23 23:31,干潮,92,大潮相当,174
2025,20250824,2025-08-24 05:04,満潮,206,大潮相当,175
2025,20250824,2025-08-24 11:45,干潮,31,大潮相当,175
2025,20250824,2025-08-24 18:01,満潮,200,大潮相当,175
2025,20250825,2025-08-25 00:00,干潮,80,大潮相当,165
2025,20250825,2025-08-25 05:39,満潮,205,大潮相当,165
2025,20250825,2025-08-25 12:14,干潮,40,大潮相当,165
2025,20250825,2025-08-25 18:20,満潮,201,大潮相当,165
2025,20250826,2025-08-26 00:29,干潮,71,中潮相当,149
2025,20250826,2025-08-26 06:14,満潮,200,中潮相当,149
2025,20250826,2025-08-26 12:41,干潮,52,中潮相当,149
2025,20250826,2025-08-26 18:39,満潮,201,中潮相当,149
2025,20250827,2025-08-27 00:56,干潮,65,中潮相当,134
2025,20250827,2025-08-27 06:50,満潮,192,中潮相当,134
2025,20250827,2025-08-27 13:06,干潮,67,中潮相当,134
2025,20250827,2025-08-27 18:59,満潮,199,中潮相当,134
2025,20250828,2025-08-28 01:25,干潮,63,中潮相当,133
2025,20250828,2025-08-28 07:28,満潮,182,中潮相当,133
2025,20250828,2025-08-28 13:30,干潮,83,中潮相当,133
2025,20250828,2025-08-28 19:19,満潮,196,中潮相当,133
2025,20250829,2025-08-29 01:54,干潮,64,中潮相当,127
2025,20250829,2025-08-29 08:10,満潮,170,中潮相当,127
2025,20250829,2025-08-29 13:52,干潮,100,中潮相当,127
2025,20250829,2025-08-29 19:40,満潮,191,中潮相当,127
2025,20250830,2025-08-30 02:28,干潮,68,小潮相当,117
2025,20250830,2025-08-30 09:00,満潮,158,小潮相当,117
2025,20250830,2025-08-30 14:12,干潮,116,小潮相当,117
2025,20250830,2025-08-30 20:04,満潮,185,小潮相当,117
2025,20250831,2025-08-31 03:13,干潮,74,小潮相当,102
2025,20250831,2025-08-31 10:10,満潮,147,小潮相当,102
2025,20250831,2025-08-31 14:27,干潮,132,小潮相当,102
2025,20250831,2025-08-31 20:30,満潮,176,小潮相当,102
2025,20250901,2025-09-01 04:28,干潮,80,小潮相当,86
2025,20250901,2025-09-01 21:04,満潮,166,小潮相当,86
2025,20250902,2025-09-02 06:19,干潮,78,小潮相当,82
2025,20250902,2025-09-02 15:42,満潮,160,小潮相当,82
2025,20250902,2025-09-02 19:14,干潮,152,小潮相当,82
2025,20250902,2025-09-02 22:13,満潮,157,小潮相当,82
2025,20250903,2025-09-03 07:44,干潮,68,小潮相当,103
2025,20250903,2025-09-03 15:56,満潮,171,小潮相当,103
2025,20250903,2025-09-03 20:51,干潮,142,小潮相当,103
2025,20250904,2025-09-04 01:11,満潮,157,中潮相当,127
2025,20250904,2025-09-04 08:44,干潮,55,中潮相当,127
2025,20250904,2025-09-04 16:15,満潮,182,中潮相当,127
2025,20250904,2025-09-04 21:33,干潮,128,中潮相当,127
2025,20250905,2025-09-05 02:33,満潮,171,中潮相当,149
2025,20250905,2025-09-05 09:32,干潮,42,中潮相当,149
2025,20250905,2025-09-05 16:35,満潮,191,中潮相当,149
2025,20250905,2025-09-05 22:07,干潮,113,中潮相当,149
2025,20250906,2025-09-06 03:23,満潮,187,大潮相当,168
2025,20250906,2025-09-06 10:13,干潮,31,大潮相当,168
2025,20250906,2025-09-06 16:57,満潮,199,大潮相当,168
2025,20250906,2025-09-06 22:39,干潮,95,大潮相当,168
2025,20250907,2025-09-07 04:06,満潮,201,大潮相当,176
2025,20250907,2025-09-07 17:19,満潮,204,大潮相当,176
2025,20250908,2025-09-08 04:48,満潮,211,大潮相当,182
2025,20250908,2025-09-08 11:26,干潮,29,大潮相当,182
2025,20250908,2025-09-08 17:42,満潮,208,大潮相当,182
2025,20250908,2025-09-08 23:44,干潮,60,大潮相当,182
2025,20250909,2025-09-09 05:30,満潮,215,大潮相当,176
2025,20250909,2025-09-09 11:59,干潮,39,大潮相当,176
2025,20250909,2025-09-09 18:05,満潮,210,大潮相当,176
2025,20250910,2025-09-10 00:18,干潮,46,大潮相当,166
2025,20250910,2025-09-10 06:13,満潮,212,大潮相当,166
2025,20250910,2025-09-10 12:31,干潮,55,大潮相当,166
2025,20250910,2025-09-10 18:27,満潮,210,大潮相当,166
2025,20250911,2025-09-11 00:53,干潮,37,大潮相当,170
2025,20250911,2025-09-11 06:59,満潮,203,大潮相当,170
2025,20250911,2025-09-11 13:01,干潮,76,大潮相当,170
2025,20250911,2025-09-11 18:50,満潮,207,大潮相当,170
2025,20250912,2025-09-12 01:30,干潮,34,大潮相当,168
2025,20250912,2025-09-12 07:49,満潮,189,大潮相当,168
2025,20250912,2025-09-12 13:29,干潮,98,大潮相当,168
2025,20250912,2025-09-12 19:11,満潮,202,大潮相当,168
2025,20250913,2025-09-13 02:12,干潮,38,中潮相当,157
2025,20250913,2025-09-13 08:46,満潮,172,中潮相当,157
2025,20250913,2025-09-13 13:54,干潮,119,中潮相当,157
2025,20250913,2025-09-13 19:33,満潮,195,中潮相当,157
2025,20250914,2025-09-14 03:03,干潮,48,中潮相当,137
2025,20250914,2025-09-14 10:04,満潮,156,中潮相当,137
2025,20250914,2025-09-14 14:12,干潮,138,中潮相当,137
2025,20250914,2025-09-14 19:56,満潮,185,中潮相当,137
2025,20250915,2025-09-15 04:19,干潮,60,小潮相当,111
2025,20250915,2025-09-15 20:18,満潮,171,小潮相当,111
2025,20250916,2025-09-16 06:06,干潮,65,小潮相当,100
2025,20250916,2025-09-16 15:34,満潮,165,小潮相当,100
2025,20250917,2025-09-17 07:39,干潮,60,小潮相当,114
2025,20250917,2025-09-17 15:43,満潮,174,小潮相当,114
2025,20250917,2025-09-17 21:15,干潮,136,小潮相当,114
2025,20250918,2025-09-18 01:57,満潮,162,中潮相当,130
2025,20250918,2025-09-18 08:44,干潮,52,中潮相当,130
2025,20250918,2025-09-18 16:01,満潮,182,中潮相当,130
2025,20250918,2025-09-18 21:41,干潮,117,中潮相当,130
2025,20250919,2025-09-19 02:59,満潮,177,中潮相当,142
2025,20250919,2025-09-19 09:33,干潮,46,中潮相当,142
2025,20250919,2025-09-19 16:19,満潮,188,中潮相当,142
2025,20250919,2025-09-19 22:09,干潮,99,中潮相当,142
2025,20250920,2025-09-20 03:42,満潮,190,中潮相当,150
2025,20250920,2025-09-20 10:12,干潮,44,中潮相当,150
2025,20250920,2025-09-20 16:38,満潮,194,中潮相当,150
2025,20250920,2025-09-20 22:37,干潮,82,中潮相当,150
2025,20250921,2025-09-21 04:20,満潮,199,中潮相当,154
2025,20250921,2025-09-21 10:45,干潮,45,中潮相当,154
2025,20250921,2025-09-21 16:56,満潮,198,中潮相当,154
2025,20250921,2025-09-21 23:05,干潮,67,中潮相当,154
2025,20250922,2025-09-22 04:55,満潮,203,中潮相当,152
2025,20250922,2025-09-22 11:16,干潮,51,中潮相当,152
2025,20250922,2025-09-22 17:15,満潮,200,中潮相当,152
2025,20250922,2025-09-22 23:32,干潮,56,中潮相当,152
2025,20250923,2025-09-23 05:30,満潮,204,中潮相当,156
2025,20250923,2025-09-23 11:44,干潮,61,中潮相当,156
2025,20250923,2025-09-23 17:33,満潮,202,中潮相当,156
2025,20250923,2025-09-23 23:58,干潮,48,中潮相当,156
2025,20250924,2025-09-24 06:04,満潮,200,中潮相当,130
2025,20250924,2025-09-24 12:11,干潮,72,中潮相当,130
2025,20250924,2025-09-24 17:51,満潮,202,中潮相当,130
2025,20250925,2025-09-25 00:24,干潮,44,中潮相当,156
2025,20250925,2025-09-25 06:39,満潮,193,中潮相当,156
2025,20250925,2025-09-25 12:36,干潮,85,中潮相当,156
2025,20250925,2025-09-25 18:11,満潮,200,中潮相当,156
2025,20250926,2025-09-26 00:51,干潮,43,中潮相当,153
2025,20250926,2025-09-26 07:15,満潮,184,中潮相当,153
2025,20250926,2025-09-26 13:00,干潮,98,中潮相当,153
2025,20250926,2025-09-26 18:31,満潮,196,中潮相当,153
2025,20250927,2025-09-27 01:18,干潮,47,中潮相当,143
2025,20250927,2025-09-27 07:55,満潮,173,中潮相当,143
2025,20250927,2025-09-27 13:23,干潮,111,中潮相当,143
2025,20250927,2025-09-27 18:52,満潮,190,中潮相当,143
2025,20250928,2025-09-28 01:49,干潮,54,中潮相当,127
2025,20250928,2025-09-28 08:42,満潮,161,中潮相当,127
2025,20250928,2025-09-28 13:44,干潮,123,中潮相当,127
2025,20250928,2025-09-28 19:14,満潮,181,中潮相当,127
2025,20250929,2025-09-29 02:29,干潮,63,小潮相当,108
2025,20250929,2025-09-29 09:51,満潮,150,小潮相当,108
2025,20250929,2025-09-29 14:04,干潮,135,小潮相当,108
2025,20250929,2025-09-29 19:38,満潮,171,小潮相当,108
2025,20250930,2025-09-30 03:31,干潮,73,小潮相当,87
2025,20250930,2025-09-30 20:05,満潮,160,小潮相当,87
2025,20251001,2025-10-01 05:25,干潮,77,小潮相当,81
2025,20251001,2025-10-01 14:51,満潮,158,小潮相当,81
2025,20251002,2025-10-02 07:07,干潮,70,小潮相当,99
2025,20251002,2025-10-02 15:09,満潮,169,小潮相当,99
2025,20251002,2025-10-02 20:40,干潮,130,小潮相当,99
2025,20251003,2025-10-03 01:04,満潮,150,中潮相当,121
2025,20251003,2025-10-03 08:13,干潮,59,中潮相当,121
2025,20251003,2025-10-03 15:28,満潮,180,中潮相当,121
2025,20251003,2025-10-03 21:10,干潮,112,中潮相当,121
2025,20251004,2025-10-04 02:19,満潮,167,中潮相当,140
2025,20251004,2025-10-04 09:01,干潮,49,中潮相当,140
2025,20251004,2025-10-04 15:48,満潮,189,中潮相当,140
2025,20251004,2025-10-04 21:40,干潮,91,中潮相当,140
2025,20251005,2025-10-05 03:11,満潮,185,中潮相当,154
2025,20251005,2025-10-05 09:43,干潮,43,中潮相当,154
2025,20251005,2025-10-05 16:10,満潮,197,中潮相当,154
2025,20251005,2025-10-05 22:11,干潮,68,中潮相当,154
2025,20251006,2025-10-06 03:56,満潮,200,大潮相当,160
2025,20251006,2025-10-06 10:21,干潮,44,大潮相当,160
2025,20251006,2025-10-06 16:32,満潮,204,大潮相当,160
2025,20251006,2025-10-06 22:43,干潮,46,大潮相当,160
2025,20251007,2025-10-07 04:40,満潮,211,大潮相当,184
2025,20251007,2025-10-07 10:58,干潮,51,大潮相当,184
2025,20251007,2025-10-07 16:55,満潮,209,大潮相当,184
2025,20251007,2025-10-07 23:17,干潮,27,大潮相当,184
2025,20251008,2025-10-08 05:25,満潮,215,大潮相当,201
2025,20251008,2025-10-08 11:33,干潮,65,大潮相当,201
2025,20251008,2025-10-08 17:19,満潮,211,大潮相当,201
2025,20251008,2025-10-08 23:52,干潮,14,大潮相当,201
2025,20251009,2025-10-09 06:11,満潮,211,中潮相当,129
2025,20251009,2025-10-09 12:07,干潮,82,中潮相当,129
2025,20251009,2025-10-09 17:42,満潮,210,中潮相当,129
2025,20251010,2025-10-10 06:59,満潮,201,大潮相当,195
2025,20251010,2025-10-10 18:07,満潮,207,大潮相当,195
2025,20251011,2025-10-11 01:09,干潮,13,大潮相当,187
2025,20251011,2025-10-11 07:52,満潮,185,大潮相当,187
2025,20251011,2025-10-11 13:09,干潮,118,大潮相当,187
2025,20251011,2025-10-11 18:31,満潮,200,大潮相当,187
2025,20251012,2025-10-12 01:54,干潮,24,大潮相当,165
2025,20251012,2025-10-12 08:54,満潮,169,大潮相当,165
2025,20251012,2025-10-12 13:38,干潮,133,大潮相当,165
2025,20251012,2025-10-12 18:56,満潮,189,大潮相当,165
2025,20251013,2025-10-13 02:49,干潮,41,中潮相当,133
2025,20251013,2025-10-13 10:26,満潮,155,中潮相当,133
2025,20251013,2025-10-13 14:11,干潮,144,中潮相当,133
2025,20251013,2025-10-13 19:20,満潮,174,中潮相当,133
2025,20251014,2025-10-14 04:06,干潮,57,小潮相当,100
2025,20251014,2025-10-14 13:20,満潮,154,小潮相当,100
2025,20251014,2025-10-14 16:00,干潮,152,小潮相当,100
2025,20251014,2025-10-14 19:43,満潮,157,小潮相当,100
2025,20251015,2025-10-15 05:47,干潮,66,小潮相当,95
2025,20251015,2025-10-15 14:22,満潮,161,小潮相当,95
2025,20251015,2025-10-15 20:20,干潮,137,小潮相当,95
2025,20251016,2025-10-16 00:11,満潮,145,小潮相当,101
2025,20251016,2025-10-16 07:15,干潮,67,小潮相当,101
2025,20251016,2025-10-16 14:48,満潮,168,小潮相当,101
2025,20251016,2025-10-16 20:45,干潮,116,小潮相当,101
2025,20251017,2025-10-17 01:54,満潮,157,小潮相当,111
2025,20251017,2025-10-17 08:16,干潮,64,小潮相当,111
2025,20251017,2025-10-17 15:09,満潮,175,小潮相当,111
2025,20251017,2025-10-17 21:12,干潮,95,小潮相当,111
2025,20251018,2025-10-18 02:50,満潮,170,小潮相当,119
2025,20251018,2025-10-18 09:01,干潮,63,小潮相当,119
2025,20251018,2025-10-18 15:29,満潮,182,小潮相当,119
2025,20251018,2025-10-18 21:40,干潮,76,小潮相当,119
2025,20251019,2025-10-19 03:33,満潮,182,中潮相当,129
2025,20251019,2025-10-19 09:39,干潮,64,中潮相当,129
2025,20251019,2025-10-19 15:48,満潮,188,中潮相当,129
2025,20251019,2025-10-19 22:08,干潮,59,中潮相当,129
2025,20251020,2025-10-20 04:11,満潮,190,中潮相当,147
2025,20251020,2025-10-20 10:13,干潮,68,中潮相当,147
2025,20251020,2025-10-20 16:08,満潮,192,中潮相当,147
2025,20251020,2025-10-20 22:35,干潮,45,中潮相当,147
2025,20251021,2025-10-21 04:47,満潮,195,大潮相当,161
2025,20251021,2025-10-21 10:45,干潮,74,大潮相当,161
2025,20251021,2025-10-21 16:28,満潮,196,大潮相当,161
2025,20251021,2025-10-21 23:02,干潮,35,大潮相当,161
2025,20251022,2025-10-22 05:22,満潮,197,大潮相当,168
2025,20251022,2025-10-22 11:15,干潮,82,大潮相当,168
2025,20251022,2025-10-22 16:48,満潮,197,大潮相当,168
2025,20251022,2025-10-22 23:29,干潮,29,大潮相当,168
2025,20251023,2025-10-23 05:57,満潮,195,大潮相当,171
2025,20251023,2025-10-23 11:43,干潮,91,大潮相当,171
2025,20251023,2025-10-23 17:09,満潮,197,大潮相当,171
2025,20251023,2025-10-23 23:56,干潮,26,大潮相当,171
2025,20251024,2025-10-24 06:32,満潮,191,小潮相当,96
2025,20251024,2025-10-24 12:11,干潮,99,小潮相当,96
2025,20251024,2025-10-24 17:31,満潮,195,小潮相当,96
2025,20251025,2025-10-25 00:23,干潮,27,大潮相当,164
2025,20251025,2025-10-25 07:08,満潮,183,大潮相当,164
2025,20251025,2025-10-25 12:38,干潮,108,大潮相当,164
2025,20251025,2025-10-25 17:54,満潮,191,大潮相当,164
2025,20251026,2025-10-26 00:52,干潮,32,中潮相当,153
2025,20251026,2025-10-26 07:47,満潮,173,中潮相当,153
2025,20251026,2025-10-26 13:04,干潮,116,中潮相当,153
2025,20251026,2025-10-26 18:18,満潮,185,中潮相当,153
2025,20251027,2025-10-27 01:25,干潮,40,中潮相当,136
2025,20251027,2025-10-27 08:34,満潮,163,中潮相当,136
2025,20251027,2025-10-27 13:33,干潮,125,中潮相当,136
2025,20251027,2025-10-27 18:43,満潮,176,中潮相当,136
2025,20251028,2025-10-28 02:05,干潮,49,小潮相当,116
2025,20251028,2025-10-28 09:40,満潮,154,小潮相当,116
2025,20251028,2025-10-28 14:11,干潮,133,小潮相当,116
2025,20251028,2025-10-28 19:12,満潮,165,小潮相当,116
2025,20251029,2025-10-29 03:00,干潮,60,小潮相当,92
2025,20251029,2025-10-29 11:23,満潮,150,小潮相当,92
2025,20251029,2025-10-29 15:34,干潮,140,小潮相当,92
2025,20251029,2025-10-29 19:52,満潮,152,小潮相当,92
2025,20251030,2025-10-30 04:26,干潮,68,小潮相当,88
2025,20251030,2025-10-30 13:02,満潮,156,小潮相当,88
2025,20251030,2025-10-30 18:51,干潮,134,小潮相当,88
2025,20251030,2025-10-30 22:03,満潮,139,小潮相当,88
2025,20251031,2025-10-31 06:08,干潮,69,小潮相当,96
2025,20251031,2025-10-31 13:50,満潮,165,小潮相当,96
2025,20251031,2025-10-31 19:55,干潮,115,小潮相当,96
2025,20251101,2025-11-01 00:36,満潮,144,小潮相当,108
2025,20251101,2025-11-01 07:24,干潮,66,小潮相当,108
2025,20251101,2025-11-01 14:21,満潮,174,小潮相当,108
2025,20251101,2025-11-01 20:31,干潮,92,小潮相当,108
2025,20251102,2025-11-02 01:57,満潮,160,中潮相当,120
2025,20251102,2025-11-02 08:19,干潮,63,中潮相当,120
2025,20251102,2025-11-02 14:48,満潮,183,中潮相当,120
2025,20251102,2025-11-02 21:04,干潮,66,中潮相当,120
2025,20251103,2025-11-03 02:56,満潮,178,中潮相当,150
2025,20251103,2025-11-03 09:06,干潮,65,中潮相当,150
2025,20251103,2025-11-03 15:14,満潮,191,中潮相当,150
2025,20251103,2025-11-03 21:38,干潮,41,中潮相当,150
2025,20251104,2025-11-04 03:47,満潮,193,大潮相当,180
2025,20251104,2025-11-04 09:49,干潮,70,大潮相当,180
2025,20251104,2025-11-04 15:41,満潮,198,大潮相当,180
2025,20251104,2025-11-04 22:14,干潮,18,大潮相当,180
2025,20251105,2025-11-05 04:36,満潮,204,大潮相当,203
2025,20251105,2025-11-05 10:30,干潮,80,大潮相当,203
2025,20251105,2025-11-05 16:09,満潮,204,大潮相当,203
2025,20251105,2025-11-05 22:51,干潮,1,大潮相当,203
2025,20251106,2025-11-06 05:25,満潮,207,小潮相当,115
2025,20251106,2025-11-06 11:09,干潮,92,小潮相当,115
2025,20251106,2025-11-06 16:37,満潮,207,小潮相当,115
2025,20251107,2025-11-07 06:14,満潮,204,小潮相当,102
2025,20251107,2025-11-07 11:46,干潮,105,小潮相当,102
2025,20251107,2025-11-07 17:07,満潮,207,小潮相当,102
2025,20251108,2025-11-08 07:04,満潮,194,大潮相当,209
2025,20251108,2025-11-08 17:38,満潮,202,大潮相当,209
2025,20251109,2025-11-09 00:56,干潮,-1,大潮相当,194
2025,20251109,2025-11-09 07:57,満潮,181,大潮相当,194
2025,20251109,2025-11-09 13:00,干潮,126,大潮相当,194
2025,20251109,2025-11-09 18:10,満潮,193,大潮相当,194
2025,20251110,2025-11-10 01:44,干潮,14,大潮相当,166
2025,20251110,2025-11-10 08:57,満潮,168,大潮相当,166
2025,20251110,2025-11-10 13:42,干潮,132,大潮相当,166
2025,20251110,2025-11-10 18:44,満潮,180,大潮相当,166
2025,20251111,2025-11-11 02:38,干潮,33,中潮相当,130
2025,20251111,2025-11-11 10:08,満潮,158,中潮相当,130
2025,20251111,2025-11-11 14:38,干潮,136,中潮相当,130
2025,20251111,2025-11-11 19:26,満潮,163,中潮相当,130
2025,20251112,2025-11-12 03:42,干潮,51,小潮相当,103
2025,20251112,2025-11-12 11:28,満潮,154,小潮相当,103
2025,20251112,2025-11-12 16:25,干潮,135,小潮相当,103
2025,20251112,2025-11-12 20:50,満潮,145,小潮相当,103
2025,20251113,2025-11-13 04:59,干潮,66,小潮相当,89
2025,20251113,2025-11-13 12:36,満潮,155,小潮相当,89
2025,20251113,2025-11-13 19:00,干潮,120,小潮相当,89
2025,20251113,2025-11-13 23:44,満潮,137,小潮相当,89
2025,20251114,2025-11-14 06:18,干潮,75,小潮相当,85
2025,20251114,2025-11-14 13:22,満潮,160,小潮相当,85
2025,20251114,2025-11-14 19:57,干潮,99,小潮相当,85
2025,20251115,2025-11-15 01:28,満潮,144,小潮相当,88
2025,20251115,2025-11-15 07:23,干潮,81,小潮相当,88
2025,20251115,2025-11-15 13:56,満潮,166,小潮相当,88
2025,20251115,2025-11-15 20:34,干潮,78,小潮相当,88
2025,20251116,2025-11-16 02:34,満潮,155,小潮相当,112
2025,20251116,2025-11-16 08:15,干潮,85,小潮相当,112
2025,20251116,2025-11-16 14:25,満潮,172,小潮相当,112
2025,20251116,2025-11-16 21:06,干潮,60,小潮相当,112
2025,20251117,2025-11-17 03:24,満潮,167,中潮相当,134
2025,20251117,2025-11-17 08:59,干潮,88,中潮相当,134
2025,20251117,2025-11-17 14:52,満潮,178,中潮相当,134
2025,20251117,2025-11-17 21:37,干潮,44,中潮相当,134
2025,20251118,2025-11-18 04:07,満潮,176,中潮相当,152
2025,20251118,2025-11-18 09:39,干潮,92,中潮相当,152
2025,20251118,2025-11-18 15:18,満潮,183,中潮相当,152
2025,20251118,2025-11-18 22:06,干潮,31,中潮相当,152
2025,20251119,2025-11-19 04:45,満潮,184,大潮相当,164
2025,20251119,2025-11-19 10:15,干潮,96,大潮相当,164
2025,20251119,2025-11-19 15:44,満潮,186,大潮相当,164
2025,20251119,2025-11-19 22:35,干潮,22,大潮相当,164
2025,20251120,2025-11-20 05:21,満潮,188,大潮相当,173
2025,20251120,2025-11-20 10:49,干潮,100,大潮相当,173
2025,20251120,2025-11-20 16:10,満潮,189,大潮相当,173
2025,20251120,2025-11-20 23:04,干潮,16,大潮相当,173
2025,20251121,2025-11-21 05:55,満潮,188,大潮相当,176
2025,20251121,2025-11-21 11:21,干潮,104,大潮相当,176
2025,20251121,2025-11-21 16:36,満潮,190,大潮相当,176
2025,20251121,2025-11-21 23:34,干潮,14,大潮相当,176
2025,20251122,2025-11-22 06:29,満潮,185,小潮相当,81
2025,20251122,2025-11-22 11:52,干潮,108,小潮相当,81
2025,20251122,2025-11-22 17:04,満潮,189,小潮相当,81
2025,20251123,2025-11-23 00:05,干潮,15,大潮相当,171
2025,20251123,2025-11-23 07:05,満潮,180,大潮相当,171
2025,20251123,2025-11-23 12:23,干潮,111,大潮相当,171
2025,20251123,2025-11-23 17:32,満潮,186,大潮相当,171
2025,20251124,2025-11-24 00:38,干潮,19,大潮相当,162
2025,20251124,2025-11-24 07:43,満潮,173,大潮相当,162
2025,20251124,2025-11-24 12:55,干潮,115,大潮相当,162
2025,20251124,2025-11-24 18:01,満潮,181,大潮相当,162
2025,20251125,2025-11-25 01:13,干潮,25,中潮相当,148
2025,20251125,2025-11-25 08:26,満潮,166,中潮相当,148
2025,20251125,2025-11-25 13:32,干潮,119,中潮相当,148
2025,20251125,2025-11-25 18:33,満潮,173,中潮相当,148
2025,20251126,2025-11-26 01:53,干潮,34,中潮相当,127
2025,20251126,2025-11-26 09:17,満潮,161,中潮相当,127
2025,20251126,2025-11-26 14:18,干潮,122,中潮相当,127
2025,20251126,2025-11-26 19:12,満潮,161,中潮相当,127
2025,20251127,2025-11-27 02:39,干潮,44,小潮相当,114
2025,20251127,2025-11-27 10:15,満潮,158,小潮相当,114
2025,20251127,2025-11-27 15:28,干潮,123,小潮相当,114
2025,20251127,2025-11-27 20:12,満潮,148,小潮相当,114
2025,20251128,2025-11-28 03:37,干潮,56,小潮相当,103
2025,20251128,2025-11-28 11:15,満潮,159,小潮相当,103
2025,20251128,2025-11-28 17:19,干潮,116,小潮相当,103
2025,20251128,2025-11-28 21:57,満潮,137,小潮相当,103
2025,20251129,2025-11-29 04:53,干潮,68,小潮相当,94
2025,20251129,2025-11-29 12:08,満潮,162,小潮相当,94
2025,20251129,2025-11-29 18:49,干潮,97,小潮相当,94
2025,20251129,2025-11-29 23:56,満潮,138,小潮相当,94
2025,20251130,2025-11-30 06:17,干潮,77,小潮相当,95
2025,20251130,2025-11-30 12:54,満潮,168,小潮相当,95
2025,20251130,2025-11-30 19:43,干潮,73,小潮相当,95
2025,20251201,2025-12-01 01:31,満潮,150,中潮相当,128
2025,20251201,2025-12-01 07:28,干潮,85,中潮相当,128
2025,20251201,2025-12-01 13:35,満潮,175,中潮相当,128
2025,20251201,2025-12-01 20:26,干潮,47,中潮相当,128
2025,20251202,2025-12-02 02:46,満潮,166,大潮相当,160
2025,20251202,2025-12-02 08:27,干潮,92,大潮相当,160
2025,20251202,2025-12-02 14:13,満潮,182,大潮相当,160
2025,20251202,2025-12-02 21:07,干潮,22,大潮相当,160
2025,20251203,2025-12-03 03:47,満潮,181,大潮相当,188
2025,20251203,2025-12-03 09:18,干潮,99,大潮相当,188
2025,20251203,2025-12-03 14:52,満潮,189,大潮相当,188
2025,20251203,2025-12-03 21:49,干潮,1,大潮相当,188
2025,20251204,2025-12-04 04:42,満潮,191,大潮相当,208
2025,20251204,2025-12-04 10:06,干潮,107,大潮相当,208
2025,20251204,2025-12-04 15:30,満潮,195,大潮相当,208
2025,20251204,2025-12-04 22:32,干潮,-13,大潮相当,208
2025,20251205,2025-12-05 05:32,満潮,196,大潮相当,219
2025,20251205,2025-12-05 10:52,干潮,113,大潮相当,219
2025,20251205,2025-12-05 16:10,満潮,200,大潮相当,219
2025,20251205,2025-12-05 23:17,干潮,-19,大潮相当,219
2025,20251206,2025-12-06 06:20,満潮,195,小潮相当,84
2025,20251206,2025-12-06 11:35,干潮,117,小潮相当,84
2025,20251206,2025-12-06 16:49,満潮,201,小潮相当,84
2025,20251207,2025-12-07 00:03,干潮,-17,大潮相当,214
2025,20251207,2025-12-07 07:06,満潮,189,大潮相当,214
2025,20251207,2025-12-07 12:18,干潮,119,大潮相当,214
2025,20251207,2025-12-07 17:28,満潮,197,大潮相当,214
2025,20251208,2025-12-08 00:49,干潮,-8,大潮相当,197
2025,20251208,2025-12-08 07:51,満潮,180,大潮相当,197
2025,20251208,2025-12-08 13:00,干潮,119,大潮相当,197
2025,20251208,2025-12-08 18:09,満潮,189,大潮相当,197
2025,20251209,2025-12-09 01:35,干潮,7,大潮相当,169
2025,20251209,2025-12-09 08:35,満潮,171,大潮相当,169
2025,20251209,2025-12-09 13:44,干潮,117,大潮相当,169
2025,20251209,2025-12-09 18:52,満潮,176,大潮相当,169
2025,20251210,2025-12-10 02:20,干潮,25,中潮相当,138
2025,20251210,2025-12-10 09:18,満潮,163,中潮相当,138
2025,20251210,2025-12-10 14:34,干潮,115,中潮相当,138
2025,20251210,2025-12-10 19:42,満潮,160,中潮相当,138
2025,20251211,2025-12-11 03:05,干潮,45,小潮相当,114
2025,20251211,2025-12-11 10:00,満潮,159,小潮相当,114
2025,20251211,2025-12-11 15:40,干潮,111,小潮相当,114
2025,20251211,2025-12-11 20:53,満潮,143,小潮相当,114
2025,20251212,2025-12-12 03:53,干潮,64,小潮相当,93
2025,20251212,2025-12-12 10:42,満潮,157,小潮相当,93
2025,20251212,2025-12-12 17:17,干潮,103,小潮相当,93
2025,20251212,2025-12-12 22:39,満潮,131,小潮相当,93
2025,20251213,2025-12-13 04:52,干潮,82,長潮相当,75
2025,20251213,2025-12-13 11:25,満潮,157,長潮相当,75
2025,20251213,2025-12-13 18:50,干潮,88,長潮相当,75
2025,20251214,2025-12-14 00:38,満潮,129,小潮相当,88
2025,20251214,2025-12-14 06:04,干潮,96,小潮相当,88
2025,20251214,2025-12-14 12:10,満潮,159,小潮相当,88
2025,20251214,2025-12-14 19:47,干潮,71,小潮相当,88
2025,20251215,2025-12-15 02:19,満潮,138,小潮相当,107
2025,20251215,2025-12-15 07:15,干潮,105,小潮相当,107
2025,20251215,2025-12-15 12:58,満潮,161,小潮相当,107
2025,20251215,2025-12-15 20:30,干潮,54,小潮相当,107
2025,20251216,2025-12-16 03:25,満潮,151,中潮相当,126
2025,20251216,2025-12-16 08:16,干潮,110,中潮相当,126
2025,20251216,2025-12-16 13:46,満潮,165,中潮相当,126
2025,20251216,2025-12-16 21:06,干潮,39,中潮相当,126
2025,20251217,2025-12-17 04:11,満潮,163,中潮相当,142
2025,20251217,2025-12-17 09:07,干潮,111,中潮相当,142
2025,20251217,2025-12-17 14:29,満潮,169,中潮相当,142
2025,20251217,2025-12-17 21:41,干潮,27,中潮相当,142
2025,20251218,2025-12-18 04:49,満潮,173,中潮相当,156
2025,20251218,2025-12-18 09:51,干潮,112,中潮相当,156
2025,20251218,2025-12-18 15:09,満潮,174,中潮相当,156
2025,20251218,2025-12-18 22:15,干潮,18,中潮相当,156
2025,20251219,2025-12-19 05:22,満潮,179,大潮相当,168
2025,20251219,2025-12-19 10:31,干潮,111,大潮相当,168
2025,20251219,2025-12-19 15:44,満潮,179,大潮相当,168
2025,20251219,2025-12-19 22:49,干潮,11,大潮相当,168
2025,20251220,2025-12-20 05:54,満潮,181,大潮相当,176
2025,20251220,2025-12-20 11:07,干潮,110,大潮相当,176
2025,20251220,2025-12-20 16:18,満潮,183,大潮相当,176
2025,20251220,2025-12-20 23:23,干潮,7,大潮相当,176
2025,20251221,2025-12-21 06:25,満潮,181,大潮相当,180
2025,20251221,2025-12-21 11:41,干潮,108,大潮相当,180
2025,20251221,2025-12-21 16:51,満潮,185,大潮相当,180
2025,20251221,2025-12-21 23:57,干潮,5,大潮相当,180
2025,20251222,2025-12-22 06:57,満潮,179,長潮相当,79
2025,20251222,2025-12-22 12:15,干潮,106,長潮相当,79
2025,20251222,2025-12-22 17:24,満潮,185,長潮相当,79
2025,20251223,2025-12-23 00:31,干潮,7,大潮相当,174
2025,20251223,2025-12-23 07:30,満潮,176,大潮相当,174
2025,20251223,2025-12-23 12:50,干潮,104,大潮相当,174
2025,20251223,2025-12-23 17:58,満潮,181,大潮相当,174
2025,20251224,2025-12-24 01:05,干潮,12,大潮相当,162
2025,20251224,2025-12-24 08:04,満潮,173,大潮相当,162
2025,20251224,2025-12-24 13:27,干潮,103,大潮相当,162
2025,20251224,2025-12-24 18:36,満潮,174,大潮相当,162
2025,20251225,2025-12-25 01:40,干潮,20,中潮相当,150
2025,20251225,2025-12-25 08:40,満潮,170,中潮相当,150
2025,20251225,2025-12-25 14:10,干潮,101,中潮相当,150
2025,20251225,2025-12-25 19:21,満潮,163,中潮相当,150
2025,20251226,2025-12-26 02:17,干潮,33,中潮相当,135
2025,20251226,2025-12-26 09:18,満潮,168,中潮相当,135
2025,20251226,2025-12-26 15:01,干潮,97,中潮相当,135
2025,20251226,2025-12-26 20:19,満潮,151,中潮相当,135
2025,20251227,2025-12-27 02:57,干潮,49,小潮相当,117
2025,20251227,2025-12-27 09:56,満潮,166,小潮相当,117
2025,20251227,2025-12-27 16:10,干潮,91,小潮相当,117
2025,20251227,2025-12-27 21:38,満潮,140,小潮相当,117
2025,20251228,2025-12-28 03:46,干潮,69,小潮相当,96
2025,20251228,2025-12-28 10:37,満潮,165,小潮相当,96
2025,20251228,2025-12-28 17:35,干潮,78,小潮相当,96
2025,20251228,2025-12-28 23:15,満潮,134,小潮相当,96
2025,20251229,2025-12-29 04:54,干潮,90,小潮相当,108
2025,20251229,2025-12-29 11:21,満潮,166,小潮相当,108
2025,20251229,2025-12-29 18:51,干潮,58,小潮相当,108
2025,20251230,2025-12-30 01:09,満潮,138,中潮相当,131
2025,20251230,2025-12-30 06:26,干潮,108,中潮相当,131
2025,20251230,2025-12-30 12:12,満潮,167,中潮相当,131
2025,20251230,2025-12-30 19:51,干潮,36,中潮相当,131
2025,20251231,2025-12-31 03:01,満潮,153,中潮相当,154
2025,20251231,2025-12-31 07:51,干潮,119,中潮相当,154
2025,20251231,2025-12-31 13:10,満潮,169,中潮相当,154
2025,20251231,2025-12-31 20:43,干潮,15,中潮相当,154
2026,20260101,2026-01-01 04:08,満潮,169,大潮相当,178
2026,20260101,2026-01-01 09:01,干潮,123,大潮相当,178
2026,20260101,2026-01-01 14:15,満潮,176,大潮相当,178
2026,20260101,2026-01-01 21:35,干潮,-2,大潮相当,178
2026,20260102,2026-01-02 04:58,満潮,182,大潮相当,196
2026,20260102,2026-01-02 10:02,干潮,122,大潮相当,196
2026,20260102,2026-01-02 15:14,満潮,183,大潮相当,196
2026,20260102,2026-01-02 22:25,干潮,-13,大潮相当,196
2026,20260103,2026-01-03 05:40,満潮,188,大潮相当,209
2026,20260103,2026-01-03 10:53,干潮,118,大潮相当,209
2026,20260103,2026-01-03 16:05,満潮,190,大潮相当,209
2026,20260103,2026-01-03 23:14,干潮,-19,大潮相当,209
2026,20260104,2026-01-04 06:17,満潮,190,大潮相当,212
2026,20260104,2026-01-04 11:37,干潮,111,大潮相当,212
2026,20260104,2026-01-04 16:51,満潮,195,大潮相当,212
2026,20260104,2026-01-04 23:59,干潮,-17,大潮相当,212
2026,20260105,2026-01-05 06:52,満潮,187,小潮相当,91
2026,20260105,2026-01-05 12:17,干潮,103,小潮相当,91
2026,20260105,2026-01-05 17:34,満潮,194,小潮相当,91
2026,20260106,2026-01-06 00:40,干潮,-9,大潮相当,196
2026,20260106,2026-01-06 07:23,満潮,183,大潮相当,196
2026,20260106,2026-01-06 12:55,干潮,95,大潮相当,196
2026,20260106,2026-01-06 18:15,満潮,187,大潮相当,196
2026,20260107,2026-01-07 01:17,干潮,5,大潮相当,173
2026,20260107,2026-01-07 07:52,満潮,178,大潮相当,173
2026,20260107,2026-01-07 13:33,干潮,89,大潮相当,173
2026,20260107,2026-01-07 18:56,満潮,176,大潮相当,173
2026,20260108,2026-01-08 01:50,干潮,23,中潮相当,151
2026,20260108,2026-01-08 08:19,満潮,174,中潮相当,151
2026,20260108,2026-01-08 14:11,干潮,84,中潮相当,151
2026,20260108,2026-01-08 19:40,満潮,161,中潮相当,151
2026,20260109,2026-01-09 02:21,干潮,43,中潮相当,128
2026,20260109,2026-01-09 08:45,満潮,171,中潮相当,128
2026,20260109,2026-01-09 14:55,干潮,82,中潮相当,128
2026,20260109,2026-01-09 20:31,満潮,144,中潮相当,128
2026,20260110,2026-01-10 02:50,干潮,64,小潮相当,104
2026,20260110,2026-01-10 09:12,満潮,168,小潮相当,104
2026,20260110,2026-01-10 15:50,干潮,80,小潮相当,104
2026,20260110,2026-01-10 21:38,満潮,130,小潮相当,104
2026,20260111,2026-01-11 03:20,干潮,84,小潮相当,88
2026,20260111,2026-01-11 09:42,満潮,165,小潮相当,88
2026,20260111,2026-01-11 17:11,干潮,77,小潮相当,88
2026,20260111,2026-01-11 23:17,満潮,120,小潮相当,88
2026,20260112,2026-01-12 04:03,干潮,104,小潮相当,93
2026,20260112,2026-01-12 10:19,満潮,161,小潮相当,93
2026,20260112,2026-01-12 18:41,干潮,68,小潮相当,93
2026,20260113,2026-01-13 02:31,満潮,125,小潮相当,100
2026,20260113,2026-01-13 05:42,干潮,119,小潮相当,100
2026,20260113,2026-01-13 11:09,満潮,156,小潮相当,100
2026,20260113,2026-01-13 19:47,干潮,56,小潮相当,100
2026,20260114,2026-01-14 03:46,満潮,140,小潮相当,110
2026,20260114,2026-01-14 07:28,干潮,125,小潮相当,110
2026,20260114,2026-01-14 12:21,満潮,153,小潮相当,110
2026,20260114,2026-01-14 20:38,干潮,43,小潮相当,110
2026,20260115,2026-01-15 04:21,満潮,153,中潮相当,126
2026,20260115,2026-01-15 08:42,干潮,123,中潮相当,126
2026,20260115,2026-01-15 13:48,満潮,156,中潮相当,126
2026,20260115,2026-01-15 21:22,干潮,30,中潮相当,126
2026,20260116,2026-01-16 04:49,満潮,163,中潮相当,145
2026,20260116,2026-01-16 09:36,干潮,118,中潮相当,145
2026,20260116,2026-01-16 14:49,満潮,164,中潮相当,145
2026,20260116,2026-01-16 22:02,干潮,19,中潮相当,145
2026,20260117,2026-01-17 05:16,満潮,171,大潮相当,163
2026,20260117,2026-01-17 10:19,干潮,111,大潮相当,163
2026,20260117,2026-01-17 15:34,満潮,173,大潮相当,163
2026,20260117,2026-01-17 22:40,干潮,10,大潮相当,163
2026,20260118,2026-01-18 05:42,満潮,175,大潮相当,178
2026,20260118,2026-01-18 10:55,干潮,104,大潮相当,178
2026,20260118,2026-01-18 16:12,満潮,181,大潮相当,178
2026,20260118,2026-01-18 23:15,干潮,3,大潮相当,178
2026,20260119,2026-01-19 06:08,満潮,178,大潮相当,187
2026,20260119,2026-01-19 11:29,干潮,96,大潮相当,187
2026,20260119,2026-01-19 16:47,満潮,187,大潮相当,187
2026,20260119,2026-01-19 23:48,干潮,0,大潮相当,187
2026,20260120,2026-01-20 06:33,満潮,179,小潮相当,101
2026,20260120,2026-01-20 12:02,干潮,88,小潮相当,101
2026,20260120,2026-01-20 17:23,満潮,189,小潮相当,101
2026,20260121,2026-01-21 00:20,干潮,1,大潮相当,186
2026,20260121,2026-01-21 06:59,満潮,180,大潮相当,186
2026,20260121,2026-01-21 12:36,干潮,80,大潮相当,186
2026,20260121,2026-01-21 17:59,満潮,187,大潮相当,186
2026,20260122,2026-01-22 00:51,干潮,8,大潮相当,173
2026,20260122,2026-01-22 07:25,満潮,180,大潮相当,173
2026,20260122,2026-01-22 13:10,干潮,73,大潮相当,173
2026,20260122,2026-01-22 18:39,満潮,181,大潮相当,173
2026,20260123,2026-01-23 01:21,干潮,20,中潮相当,158
2026,20260123,2026-01-23 07:51,満潮,178,中潮相当,158
2026,20260123,2026-01-23 13:46,干潮,67,中潮相当,158
2026,20260123,2026-01-23 19:23,満潮,171,中潮相当,158
2026,20260124,2026-01-24 01:50,干潮,37,中潮相当,139
2026,20260124,2026-01-24 08:17,満潮,176,中潮相当,139
2026,20260124,2026-01-24 14:27,干潮,63,中潮相当,139
2026,20260124,2026-01-24 20:15,満潮,157,中潮相当,139
2026,20260125,2026-01-25 02:20,干潮,58,小潮相当,115
2026,20260125,2026-01-25 08:44,満潮,173,小潮相当,115
2026,20260125,2026-01-25 15:17,干潮,60,小潮相当,115
2026,20260125,2026-01-25 21:20,満潮,143,小潮相当,115
2026,20260126,2026-01-26 02:50,干潮,82,小潮相当,112
2026,20260126,2026-01-26 09:13,満潮,169,小潮相当,112
2026,20260126,2026-01-26 16:26,干潮,57,小潮相当,112
2026,20260126,2026-01-26 22:46,満潮,131,小潮相当,112
2026,20260127,2026-01-27 03:25,干潮,106,小潮相当,115
2026,20260127,2026-01-27 09:49,満潮,164,小潮相当,115
2026,20260127,2026-01-27 17:59,干潮,49,小潮相当,115
2026,20260128,2026-01-28 01:56,満潮,131,中潮相当,122
2026,20260128,2026-01-28 04:55,干潮,129,中潮相当,122
2026,20260128,2026-01-28 10:40,満潮,158,中潮相当,122
2026,20260128,2026-01-28 19:24,干潮,36,中潮相当,122
2026,20260129,2026-01-29 03:55,満潮,150,中潮相当,135
2026,20260129,2026-01-29 07:46,干潮,136,中潮相当,135
2026,20260129,2026-01-29 12:21,満潮,155,中潮相当,135
2026,20260129,2026-01-29 20:34,干潮,20,中潮相当,135
2026,20260130,2026-01-30 04:30,満潮,165,大潮相当,160
2026,20260130,2026-01-30 09:18,干潮,129,大潮相当,160
2026,20260130,2026-01-30 14:17,満潮,162,大潮相当,160
2026,20260130,2026-01-30 21:33,干潮,5,大潮相当,160
2026,20260131,2026-01-31 05:00,満潮,176,大潮相当,182
2026,20260131,2026-01-31 10:13,干潮,117,大潮相当,182
2026,20260131,2026-01-31 15:23,満潮,175,大潮相当,182
2026,20260131,2026-01-31 22:24,干潮,-6,大潮相当,182
2026,20260201,2026-02-01 05:29,満潮,183,大潮相当,198
2026,20260201,2026-02-01 10:55,干潮,104,大潮相当,198
2026,20260201,2026-02-01 16:13,満潮,187,大潮相当,198
2026,20260201,2026-02-01 23:09,干潮,-11,大潮相当,198
2026,20260202,2026-02-02 05:55,満潮,186,大潮相当,203
2026,20260202,2026-02-02 11:31,干潮,90,大潮相当,203
2026,20260202,2026-02-02 16:55,満潮,194,大潮相当,203
2026,20260202,2026-02-02 23:48,干潮,-9,大潮相当,203
2026,20260203,2026-02-03 06:20,満潮,186,小潮相当,117
2026,20260203,2026-02-03 12:04,干潮,77,小潮相当,117
2026,20260203,2026-02-03 17:34,満潮,194,小潮相当,117
2026,20260204,2026-02-04 00:22,干潮,0,大潮相当,189
2026,20260204,2026-02-04 06:43,満潮,185,大潮相当,189
2026,20260204,2026-02-04 12:36,干潮,67,大潮相当,189
2026,20260204,2026-02-04 18:11,満潮,189,大潮相当,189
2026,20260205,2026-02-05 00:53,干潮,14,大潮相当,169
2026,20260205,2026-02-05 07:05,満潮,183,大潮相当,169
2026,20260205,2026-02-05 13:07,干潮,60,大潮相当,169
2026,20260205,2026-02-05 18:48,満潮,178,大潮相当,169
2026,20260206,2026-02-06 01:20,干潮,31,中潮相当,151
2026,20260206,2026-02-06 07:25,満潮,182,中潮相当,151
2026,20260206,2026-02-06 13:39,干潮,56,中潮相当,151
2026,20260206,2026-02-06 19:27,満潮,165,中潮相当,151
2026,20260207,2026-02-07 01:44,干潮,50,中潮相当,129
2026,20260207,2026-02-07 07:46,満潮,179,中潮相当,129
2026,20260207,2026-02-07 14:11,干潮,56,中潮相当,129
2026,20260207,2026-02-07 20:09,満潮,150,中潮相当,129
2026,20260208,2026-02-08 02:05,干潮,69,小潮相当,115
2026,20260208,2026-02-08 08:08,満潮,175,小潮相当,115
2026,20260208,2026-02-08 14:49,干潮,60,小潮相当,115
2026,20260208,2026-02-08 20:58,満潮,135,小潮相当,115
2026,20260209,2026-02-09 02:25,干潮,88,小潮相当,103
2026,20260209,2026-02-09 08:32,満潮,168,小潮相当,103
2026,20260209,2026-02-09 15:42,干潮,65,小潮相当,103
2026,20260209,2026-02-09 22:09,満潮,122,小潮相当,103
2026,20260210,2026-02-10 02:36,干潮,106,小潮相当,92
2026,20260210,2026-02-10 09:01,満潮,160,小潮相当,92
2026,20260210,2026-02-10 17:12,干潮,68,小潮相当,92
2026,20260211,2026-02-11 09:38,満潮,151,小潮相当,88
2026,20260211,2026-02-11 18:59,干潮,63,小潮相当,88
2026,20260212,2026-02-12 04:06,満潮,137,小潮相当,91
2026,20260212,2026-02-12 06:57,干潮,132,小潮相当,91
2026,20260212,2026-02-12 10:49,満潮,142,小潮相当,91
2026,20260212,2026-02-12 20:13,干潮,51,小潮相当,91
2026,20260213,2026-02-13 04:17,満潮,149,小潮相当,112
2026,20260213,2026-02-13 08:43,干潮,125,小潮相当,112
2026,20260213,2026-02-13 13:26,満潮,143,小潮相当,112
2026,20260213,2026-02-13 21:06,干潮,37,小潮相当,112
2026,20260214,2026-02-14 04:36,満潮,159,中潮相当,135
2026,20260214,2026-02-14 09:36,干潮,115,中潮相当,135
2026,20260214,2026-02-14 14:43,満潮,154,中潮相当,135
2026,20260214,2026-02-14 21:50,干潮,24,中潮相当,135
2026,20260215,2026-02-15 04:56,満潮,167,中潮相当,155
2026,20260215,2026-02-15 10:12,干潮,103,中潮相当,155
2026,20260215,2026-02-15 15:29,満潮,168,中潮相当,155
2026,20260215,2026-02-15 22:27,干潮,13,中潮相当,155
2026,20260216,2026-02-16 05:17,満潮,174,大潮相当,174
2026,20260216,2026-02-16 10:44,干潮,90,大潮相当,174
2026,20260216,2026-02-16 16:07,満潮,180,大潮相当,174
2026,20260216,2026-02-16 23:01,干潮,6,大潮相当,174
2026,20260217,2026-02-17 05:38,満潮,179,大潮相当,186
2026,20260217,2026-02-17 11:15,干潮,77,大潮相当,186
2026,20260217,2026-02-17 16:43,満潮,189,大潮相当,186
2026,20260217,2026-02-17 23:32,干潮,3,大潮相当,186
2026,20260218,2026-02-18 06:00,満潮,183,中潮相当,131
2026,20260218,2026-02-18 11:46,干潮,63,中潮相当,131
2026,20260218,2026-02-18 17:20,満潮,194,中潮相当,131
2026,20260219,2026-02-19 00:03,干潮,7,大潮相当,186
2026,20260219,2026-02-19 06:22,満潮,185,大潮相当,186
2026,20260219,2026-02-19 12:18,干潮,51,大潮相当,186
2026,20260219,2026-02-19 17:58,満潮,193,大潮相当,186
2026,20260220,2026-02-20 00:32,干潮,17,大潮相当,170
2026,20260220,2026-02-20 06:44,満潮,186,大潮相当,170
2026,20260220,2026-02-20 12:50,干潮,41,大潮相当,170
2026,20260220,2026-02-20 18:39,満潮,187,大潮相当,170
2026,20260221,2026-02-21 01:00,干潮,33,中潮相当,152
2026,20260221,2026-02-21 07:05,満潮,185,中潮相当,152
2026,20260221,2026-02-21 13:24,干潮,35,中潮相当,152
2026,20260221,2026-02-21 19:23,満潮,176,中潮相当,152
2026,20260222,2026-02-22 01:27,干潮,53,中潮相当,149
2026,20260222,2026-02-22 07:27,満潮,182,中潮相当,149
2026,20260222,2026-02-22 14:01,干潮,33,中潮相当,149
2026,20260222,2026-02-22 20:12,満潮,162,中潮相当,149
2026,20260223,2026-02-23 01:53,干潮,75,中潮相当,141
2026,20260223,2026-02-23 07:50,満潮,177,中潮相当,141
2026,20260223,2026-02-23 14:45,干潮,36,中潮相当,141
2026,20260223,2026-02-23 21:12,満潮,145,中潮相当,141
2026,20260224,2026-02-24 02:15,干潮,98,中潮相当,127
2026,20260224,2026-02-24 08:13,満潮,170,中潮相当,127
2026,20260224,2026-02-24 15:47,干潮,43,中潮相当,127
2026,20260224,2026-02-24 22:43,満潮,129,中潮相当,127
2026,20260225,2026-02-25 02:24,干潮,119,小潮相当,114
2026,20260225,2026-02-25 08:39,満潮,161,小潮相当,114
2026,20260225,2026-02-25 17:26,干潮,47,小潮相当,114
2026,20260226,2026-02-26 09:17,満潮,149,小潮相当,108
2026,20260226,2026-02-26 19:14,干潮,41,小潮相当,108
2026,20260227,2026-02-27 04:02,満潮,152,中潮相当,123
2026,20260227,2026-02-27 08:54,干潮,134,中潮相当,123
2026,20260227,2026-02-27 12:52,満潮,141,中潮相当,123
2026,20260227,2026-02-27 20:32,干潮,29,中潮相当,123
2026,20260228,2026-02-28 04:17,満潮,164,中潮相当,147
2026,20260228,2026-02-28 09:40,干潮,117,中潮相当,147
2026,20260228,2026-02-28 14:38,満潮,156,中潮相当,147
2026,20260228,2026-02-28 21:30,干潮,17,中潮相当,147
2026,20260301,2026-03-01 04:37,満潮,173,大潮相当,164
2026,20260301,2026-03-01 10:12,干潮,98,大潮相当,164
2026,20260301,2026-03-01 15:32,満潮,173,大潮相当,164
2026,20260301,2026-03-01 22:15,干潮,9,大潮相当,164
2026,20260302,2026-03-02 04:58,満潮,179,小潮相当,106
2026,20260302,2026-03-02 10:43,干潮,80,小潮相当,106
2026,20260302,2026-03-02 16:15,満潮,186,小潮相当,106
2026,20260303,2026-03-03 05:19,満潮,183,大潮相当,182
2026,20260303,2026-03-03 11:13,干潮,63,大潮相当,182
2026,20260303,2026-03-03 16:53,満潮,193,大潮相当,182
2026,20260303,2026-03-03 23:28,干潮,11,大潮相当,182
2026,20260304,2026-03-04 05:39,満潮,186,大潮相当,173
2026,20260304,2026-03-04 11:42,干潮,49,大潮相当,173
2026,20260304,2026-03-04 17:29,満潮,194,大潮相当,173
2026,20260304,2026-03-04 23:58,干潮,21,大潮相当,173
2026,20260305,2026-03-05 05:59,満潮,187,中潮相当,149
2026,20260305,2026-03-05 12:11,干潮,40,中潮相当,149
2026,20260305,2026-03-05 18:04,満潮,189,中潮相当,149
2026,20260306,2026-03-06 00:25,干潮,34,中潮相当,153
2026,20260306,2026-03-06 06:17,満潮,187,中潮相当,153
2026,20260306,2026-03-06 12:39,干潮,34,中潮相当,153
2026,20260306,2026-03-06 18:39,満潮,181,中潮相当,153
2026,20260307,2026-03-07 00:50,干潮,49,中潮相当,152
2026,20260307,2026-03-07 06:36,満潮,185,中潮相当,152
2026,20260307,2026-03-07 13:06,干潮,33,中潮相当,152
2026,20260307,2026-03-07 19:15,満潮,170,中潮相当,152
2026,20260308,2026-03-08 01:13,干潮,65,中潮相当,146
2026,20260308,2026-03-08 06:56,満潮,182,中潮相当,146
2026,20260308,2026-03-08 13:35,干潮,36,中潮相当,146
2026,20260308,2026-03-08 19:53,満潮,157,中潮相当,146
2026,20260309,2026-03-09 01:35,干潮,81,中潮相当,134
2026,20260309,2026-03-09 07:17,満潮,176,中潮相当,134
2026,20260309,2026-03-09 14:06,干潮,42,中潮相当,134
2026,20260309,2026-03-09 20:37,満潮,143,中潮相当,134
2026,20260310,2026-03-10 01:54,干潮,96,小潮相当,116
2026,20260310,2026-03-10 07:39,満潮,168,小潮相当,116
2026,20260310,2026-03-10 14:44,干潮,52,小潮相当,116
2026,20260310,2026-03-10 21:37,満潮,129,小潮相当,116
2026,20260311,2026-03-11 02:07,干潮,110,小潮相当,96
2026,20260311,2026-03-11 08:03,満潮,158,小潮相当,96
2026,20260311,2026-03-11 15:47,干潮,62,小潮相当,96
2026,20260312,2026-03-12 08:31,満潮,147,小潮相当,80
2026,20260312,2026-03-12 17:51,干潮,67,小潮相当,80
2026,20260313,2026-03-13 03:46,満潮,137,長潮相当,78
2026,20260313,2026-03-13 06:58,干潮,132,長潮相当,78
2026,20260313,2026-03-13 09:26,満潮,134,長潮相当,78
2026,20260313,2026-03-13 19:35,干潮,59,長潮相当,78
2026,20260314,2026-03-14 03:47,満潮,147,小潮相当,101
2026,20260314,2026-03-14 08:50,干潮,120,小潮相当,101
2026,20260314,2026-03-14 13:14,満潮,133,小潮相当,101
2026,20260314,2026-03-14 20:38,干潮,46,小潮相当,101
2026,20260315,2026-03-15 04:01,満潮,157,中潮相当,123
2026,20260315,2026-03-15 09:25,干潮,105,中潮相当,123
2026,20260315,2026-03-15 14:31,満潮,148,中潮相当,123
2026,20260315,2026-03-15 21:23,干潮,34,中潮相当,123
2026,20260316,2026-03-16 04:19,満潮,166,中潮相当,142
2026,20260316,2026-03-16 09:54,干潮,89,中潮相当,142
2026,20260316,2026-03-16 15:17,満潮,165,中潮相当,142
2026,20260316,2026-03-16 22:01,干潮,24,中潮相当,142
2026,20260317,2026-03-17 04:37,満潮,174,大潮相当,160
2026,20260317,2026-03-17 10:22,干潮,71,大潮相当,160
2026,20260317,2026-03-17 15:57,満潮,180,大潮相当,160
2026,20260317,2026-03-17 22:35,干潮,20,大潮相当,160
2026,20260318,2026-03-18 04:57,満潮,181,大潮相当,170
2026,20260318,2026-03-18 10:52,干潮,52,大潮相当,170
2026,20260318,2026-03-18 16:36,満潮,191,大潮相当,170
2026,20260318,2026-03-18 23:08,干潮,21,大潮相当,170
2026,20260319,2026-03-19 05:17,満潮,186,大潮相当,168
2026,20260319,2026-03-19 11:23,干潮,35,大潮相当,168
2026,20260319,2026-03-19 17:15,満潮,197,大潮相当,168
2026,20260319,2026-03-19 23:40,干潮,29,大潮相当,168
2026,20260320,2026-03-20 05:38,満潮,190,大潮相当,177
2026,20260320,2026-03-20 11:54,干潮,20,大潮相当,177
2026,20260320,2026-03-20 17:56,満潮,197,大潮相当,177
2026,20260321,2026-03-21 00:10,干潮,42,大潮相当,180
2026,20260321,2026-03-21 06:00,満潮,191,大潮相当,180
2026,20260321,2026-03-21 12:27,干潮,11,大潮相当,180
2026,20260321,2026-03-21 18:39,満潮,191,大潮相当,180
2026,20260322,2026-03-22 00:40,干潮,59,大潮相当,181
2026,20260322,2026-03-22 06:22,満潮,189,大潮相当,181
2026,20260322,2026-03-22 13:02,干潮,8,大潮相当,181
2026,20260322,2026-03-22 19:25,満潮,179,大潮相当,181
2026,20260323,2026-03-23 01:09,干潮,79,大潮相当,173
2026,20260323,2026-03-23 06:44,満潮,185,大潮相当,173
2026,20260323,2026-03-23 13:41,干潮,12,大潮相当,173
2026,20260323,2026-03-23 20:16,満潮,164,大潮相当,173
2026,20260324,2026-03-24 01:35,干潮,98,中潮相当,155
2026,20260324,2026-03-24 07:06,満潮,178,中潮相当,155
2026,20260324,2026-03-24 14:26,干潮,23,中潮相当,155
2026,20260324,2026-03-24 21:22,満潮,146,中潮相当,155
2026,20260325,2026-03-25 01:59,干潮,116,中潮相当,131
2026,20260325,2026-03-25 07:29,満潮,168,中潮相当,131
2026,20260325,2026-03-25 15:30,干潮,37,中潮相当,131
2026,20260325,2026-03-25 23:24,満潮,134,中潮相当,131
2026,20260326,2026-03-26 02:15,干潮,131,小潮相当,106
2026,20260326,2026-03-26 07:51,満潮,154,小潮相当,106
2026,20260326,2026-03-26 17:10,干潮,48,小潮相当,106
2026,20260327,2026-03-27 03:02,満潮,143,小潮相当,95
2026,20260327,2026-03-27 19:00,干潮,48,小潮相当,95
2026,20260328,2026-03-28 03:15,満潮,153,小潮相当,112
2026,20260328,2026-03-28 08:57,干潮,118,小潮相当,112
2026,20260328,2026-03-28 13:29,満潮,139,小潮相当,112
2026,20260328,2026-03-28 20:16,干潮,41,小潮相当,112
2026,20260329,2026-03-29 03:34,満潮,162,中潮相当,126
2026,20260329,2026-03-29 09:22,干潮,97,中潮相当,126
2026,20260329,2026-03-29 14:41,満潮,156,中潮相当,126
2026,20260329,2026-03-29 21:09,干潮,36,中潮相当,126
2026,20260330,2026-03-30 03:54,満潮,169,中潮相当,138
2026,20260330,2026-03-30 09:50,干潮,76,中潮相当,138
2026,20260330,2026-03-30 15:29,満潮,171,中潮相当,138
2026,20260330,2026-03-30 21:51,干潮,33,中潮相当,138
2026,20260331,2026-03-31 04:14,満潮,176,中潮相当,146
2026,20260331,2026-03-31 10:19,干潮,57,中潮相当,146
2026,20260331,2026-03-31 16:09,満潮,182,中潮相当,146
2026,20260331,2026-03-31 22:27,干潮,36,中潮相当,146
2026,20260401,2026-04-01 04:33,満潮,181,中潮相当,148
2026,20260401,2026-04-01 10:47,干潮,41,中潮相当,148
2026,20260401,2026-04-01 16:47,満潮,189,中潮相当,148
2026,20260401,2026-04-01 22:59,干潮,42,中潮相当,148
2026,20260402,2026-04-02 04:53,満潮,185,大潮相当,161
2026,20260402,2026-04-02 11:15,干潮,29,大潮相当,161
2026,20260402,2026-04-02 17:23,満潮,190,大潮相当,161
2026,20260402,2026-04-02 23:29,干潮,51,大潮相当,161
2026,20260403,2026-04-03 05:13,満潮,187,大潮相当,167
2026,20260403,2026-04-03 11:43,干潮,21,大潮相当,167
2026,20260403,2026-04-03 17:58,満潮,188,大潮相当,167
2026,20260403,2026-04-03 23:58,干潮,61,大潮相当,167
2026,20260404,2026-04-04 05:33,満潮,187,大潮相当,170
2026,20260404,2026-04-04 12:10,干潮,17,大潮相当,170
2026,20260404,2026-04-04 18:33,満潮,182,大潮相当,170
2026,20260405,2026-04-05 00:24,干潮,73,大潮相当,168
2026,20260405,2026-04-05 05:53,満潮,186,大潮相当,168
2026,20260405,2026-04-05 12:38,干潮,18,大潮相当,168
2026,20260405,2026-04-05 19:08,満潮,174,大潮相当,168
2026,20260406,2026-04-06 00:50,干潮,84,中潮相当,158
2026,20260406,2026-04-06 06:15,満潮,182,中潮相当,158
2026,20260406,2026-04-06 13:06,干潮,24,中潮相当,158
2026,20260406,2026-04-06 19:46,満潮,163,中潮相当,158
2026,20260407,2026-04-07 01:15,干潮,95,中潮相当,143
2026,20260407,2026-04-07 06:37,満潮,175,中潮相当,143
2026,20260407,2026-04-07 13:36,干潮,32,中潮相当,143
2026,20260407,2026-04-07 20:29,満潮,151,中潮相当,143
2026,20260408,2026-04-08 01:40,干潮,106,中潮相当,124
2026,20260408,2026-04-08 07:01,満潮,167,中潮相当,124
2026,20260408,2026-04-08 14:12,干潮,43,中潮相当,124
2026,20260408,2026-04-08 21:26,満潮,139,中潮相当,124
2026,20260409,2026-04-09 02:07,干潮,116,小潮相当,101
2026,20260409,2026-04-09 07:27,満潮,156,小潮相当,101
2026,20260409,2026-04-09 15:04,干潮,55,小潮相当,101
2026,20260409,2026-04-09 23:12,満潮,132,小潮相当,101
2026,20260410,2026-04-10 02:53,干潮,126,小潮相当,80
2026,20260410,2026-04-10 07:58,満潮,144,小潮相当,80
2026,20260410,2026-04-10 16:35,干潮,64,小潮相当,80
2026,20260411,2026-04-11 01:57,満潮,137,長潮相当,73
2026,20260411,2026-04-11 06:34,干潮,128,長潮相当,73
2026,20260411,2026-04-11 09:11,満潮,131,長潮相当,73
2026,20260411,2026-04-11 18:30,干潮,64,長潮相当,73
2026,20260412,2026-04-12 02:37,満潮,146,小潮相当,89
2026,20260412,2026-04-12 08:15,干潮,113,小潮相当,89
2026,20260412,2026-04-12 12:37,満潮,130,小潮相当,89
2026,20260412,2026-04-12 19:47,干潮,57,小潮相当,89
2026,20260413,2026-04-13 03:00,満潮,156,小潮相当,106
2026,20260413,2026-04-13 08:49,干潮,95,小潮相当,106
2026,20260413,2026-04-13 14:04,満潮,144,小潮相当,106
2026,20260413,2026-04-13 20:39,干潮,50,小潮相当,106
2026,20260414,2026-04-14 03:22,満潮,165,小潮相当,119
2026,20260414,2026-04-14 09:19,干潮,74,小潮相当,119
2026,20260414,2026-04-14 14:57,満潮,162,小潮相当,119
2026,20260414,2026-04-14 21:22,干潮,46,小潮相当,119
2026,20260415,2026-04-15 03:43,満潮,174,中潮相当,133
2026,20260415,2026-04-15 09:50,干潮,52,中潮相当,133
2026,20260415,2026-04-15 15:43,満潮,179,中潮相当,133
2026,20260415,2026-04-15 22:01,干潮,46,中潮相当,133
2026,20260416,2026-04-16 04:05,満潮,182,大潮相当,161
2026,20260416,2026-04-16 10:21,干潮,30,大潮相当,161
2026,20260416,2026-04-16 16:27,満潮,191,大潮相当,161
2026,20260416,2026-04-16 22:38,干潮,52,大潮相当,161
2026,20260417,2026-04-17 04:29,満潮,188,大潮相当,188
2026,20260417,2026-04-17 10:55,干潮,11,大潮相当,188
2026,20260417,2026-04-17 17:11,満潮,199,大潮相当,188
2026,20260417,2026-04-17 23:14,干潮,62,大潮相当,188
2026,20260418,2026-04-18 04:53,満潮,192,大潮相当,202
2026,20260418,2026-04-18 11:30,干潮,-3,大潮相当,202
2026,20260418,2026-04-18 17:56,満潮,199,大潮相当,202
2026,20260418,2026-04-18 23:49,干潮,75,大潮相当,202
2026,20260419,2026-04-19 05:19,満潮,194,大潮相当,202
2026,20260419,2026-04-19 18:43,満潮,193,大潮相当,202
2026,20260420,2026-04-20 00:23,干潮,90,大潮相当,200
2026,20260420,2026-04-20 05:45,満潮,192,大潮相当,200
2026,20260420,2026-04-20 12:46,干潮,-8,大潮相当,200
2026,20260420,2026-04-20 19:33,満潮,181,大潮相当,200
2026,20260421,2026-04-21 00:57,干潮,104,大潮相当,185
2026,20260421,2026-04-21 06:13,満潮,187,大潮相当,185
2026,20260421,2026-04-21 13:30,干潮,2,大潮相当,185
2026,20260421,2026-04-21 20:30,満潮,167,大潮相当,185
2026,20260422,2026-04-22 01:32,干潮,117,中潮相当,159
2026,20260422,2026-04-22 06:42,満潮,177,中潮相当,159
2026,20260422,2026-04-22 14:21,干潮,18,中潮相当,159
2026,20260422,2026-04-22 21:41,満潮,153,中潮相当,159
2026,20260423,2026-04-23 02:15,干潮,127,中潮相当,128
2026,20260423,2026-04-23 07:15,満潮,164,中潮相当,128
2026,20260423,2026-04-23 15:25,干潮,36,中潮相当,128
2026,20260423,2026-04-23 23:20,満潮,146,中潮相当,128
2026,20260424,2026-04-24 03:32,干潮,133,小潮相当,97
2026,20260424,2026-04-24 08:01,満潮,147,小潮相当,97
2026,20260424,2026-04-24 16:51,干潮,50,小潮相当,97
2026,20260425,2026-04-25 01:01,満潮,147,小潮相当,89
2026,20260425,2026-04-25 06:54,干潮,125,小潮相当,89
2026,20260425,2026-04-25 10:57,満潮,133,小潮相当,89
2026,20260425,2026-04-25 18:23,干潮,58,小潮相当,89
2026,20260426,2026-04-26 01:55,満潮,153,小潮相当,92
2026,20260426,2026-04-26 08:06,干潮,104,小潮相当,92
2026,20260426,2026-04-26 13:17,満潮,140,小潮相当,92
2026,20260426,2026-04-26 19:35,干潮,61,小潮相当,92
2026,20260427,2026-04-27 02:27,満潮,160,小潮相当,98
2026,20260427,2026-04-27 08:44,干潮,82,小潮相当,98
2026,20260427,2026-04-27 14:27,満潮,153,小潮相当,98
2026,20260427,2026-04-27 20:29,干潮,62,小潮相当,98
2026,20260428,2026-04-28 02:54,満潮,167,小潮相当,105
2026,20260428,2026-04-28 09:16,干潮,62,小潮相当,105
2026,20260428,2026-04-28 15:18,満潮,165,小潮相当,105
2026,20260428,2026-04-28 21:13,干潮,65,小潮相当,105
2026,20260429,2026-04-29 03:18,満潮,173,中潮相当,131
2026,20260429,2026-04-29 09:47,干潮,44,中潮相当,131
2026,20260429,2026-04-29 16:01,満潮,175,中潮相当,131
2026,20260429,2026-04-29 21:52,干潮,70,中潮相当,131
2026,20260430,2026-04-30 03:42,満潮,179,中潮相当,152
2026,20260430,2026-04-30 10:17,干潮,30,中潮相当,152
2026,20260430,2026-04-30 16:41,満潮,182,中潮相当,152
2026,20260430,2026-04-30 22:28,干潮,76,中潮相当,152
2026,20260501,2026-05-01 04:05,満潮,183,大潮相当,166
2026,20260501,2026-05-01 10:47,干潮,20,大潮相当,166
2026,20260501,2026-05-01 17:18,満潮,186,大潮相当,166
2026,20260501,2026-05-01 23:01,干潮,82,大潮相当,166
2026,20260502,2026-05-02 04:29,満潮,185,大潮相当,172
2026,20260502,2026-05-02 11:16,干潮,14,大潮相当,172
2026,20260502,2026-05-02 17:54,満潮,186,大潮相当,172
2026,20260502,2026-05-02 23:33,干潮,89,大潮相当,172
2026,20260503,2026-05-03 04:54,満潮,186,大潮相当,174
2026,20260503,2026-05-03 11:45,干潮,12,大潮相当,174
2026,20260503,2026-05-03 18:29,満潮,183,大潮相当,174
2026,20260504,2026-05-04 00:03,干潮,95,大潮相当,171
2026,20260504,2026-05-04 05:19,満潮,185,大潮相当,171
2026,20260504,2026-05-04 12:15,干潮,14,大潮相当,171
2026,20260504,2026-05-04 19:05,満潮,177,大潮相当,171
2026,20260505,2026-05-05 00:33,干潮,101,大潮相当,161
2026,20260505,2026-05-05 05:45,満潮,181,大潮相当,161
2026,20260505,2026-05-05 12:46,干潮,20,大潮相当,161
2026,20260505,2026-05-05 19:43,満潮,169,大潮相当,161
2026,20260506,2026-05-06 01:03,干潮,107,中潮相当,148
2026,20260506,2026-05-06 06:12,満潮,176,中潮相当,148
2026,20260506,2026-05-06 13:19,干潮,28,中潮相当,148
2026,20260506,2026-05-06 20:25,満潮,160,中潮相当,148
2026,20260507,2026-05-07 01:36,干潮,112,中潮相当,131
2026,20260507,2026-05-07 06:42,満潮,168,中潮相当,131
2026,20260507,2026-05-07 13:57,干潮,37,中潮相当,131
2026,20260507,2026-05-07 21:16,満潮,152,中潮相当,131
2026,20260508,2026-05-08 02:15,干潮,118,小潮相当,110
2026,20260508,2026-05-08 07:16,満潮,158,小潮相当,110
2026,20260508,2026-05-08 14:43,干潮,48,小潮相当,110
2026,20260508,2026-05-08 22:21,満潮,147,小潮相当,110
2026,20260509,2026-05-09 03:16,干潮,122,小潮相当,89
2026,20260509,2026-05-09 08:02,満潮,146,小潮相当,89
2026,20260509,2026-05-09 15:45,干潮,58,小潮相当,89
2026,20260509,2026-05-09 23:37,満潮,147,小潮相当,89
2026,20260510,2026-05-10 05:14,干潮,121,長潮相当,67
2026,20260510,2026-05-10 09:34,満潮,134,長潮相当,67
2026,20260510,2026-05-10 17:08,干潮,67,長潮相当,67
2026,20260511,2026-05-11 00:42,満潮,151,小潮相当,81
2026,20260511,2026-05-11 07:02,干潮,107,小潮相当,81
2026,20260511,2026-05-11 11:47,満潮,133,小潮相当,81
2026,20260511,2026-05-11 18:33,干潮,70,小潮相当,81
2026,20260512,2026-05-12 01:28,満潮,158,小潮相当,86
2026,20260512,2026-05-12 07:55,干潮,86,小潮相当,86
2026,20260512,2026-05-12 13:23,満潮,144,小潮相当,86
2026,20260512,2026-05-12 19:40,干潮,72,小潮相当,86
2026,20260513,2026-05-13 02:04,満潮,166,小潮相当,103
2026,20260513,2026-05-13 08:34,干潮,63,小潮相当,103
2026,20260513,2026-05-13 14:32,満潮,160,小潮相当,103
2026,20260513,2026-05-13 20:35,干潮,75,小潮相当,103
2026,20260514,2026-05-14 02:36,満潮,174,中潮相当,137
2026,20260514,2026-05-14 09:11,干潮,39,中潮相当,137
2026,20260514,2026-05-14 15:29,満潮,176,中潮相当,137
2026,20260514,2026-05-14 21:22,干潮,80,中潮相当,137
2026,20260515,2026-05-15 03:08,満潮,182,大潮相当,172
2026,20260515,2026-05-15 09:49,干潮,17,大潮相当,172
2026,20260515,2026-05-15 16:21,満潮,189,大潮相当,172
2026,20260515,2026-05-15 22:07,干潮,88,大潮相当,172
2026,20260516,2026-05-16 03:40,満潮,189,大潮相当,198
2026,20260516,2026-05-16 10:28,干潮,-1,大潮相当,198
2026,20260516,2026-05-16 17:11,満潮,197,大潮相当,198
2026,20260516,2026-05-16 22:50,干潮,97,大潮相当,198
2026,20260517,2026-05-17 04:13,満潮,194,大潮相当,210
2026,20260517,2026-05-17 11:09,干潮,-12,大潮相当,210
2026,20260517,2026-05-17 18:01,満潮,198,大潮相当,210
2026,20260517,2026-05-17 23:32,干潮,105,大潮相当,210
2026,20260518,2026-05-18 04:47,満潮,196,大潮相当,211
2026,20260518,2026-05-18 11:53,干潮,-15,大潮相当,211
2026,20260518,2026-05-18 18:51,満潮,194,大潮相当,211
2026,20260519,2026-05-19 00:13,干潮,113,大潮相当,205
2026,20260519,2026-05-19 05:23,満潮,195,大潮相当,205
2026,20260519,2026-05-19 12:39,干潮,-10,大潮相当,205
2026,20260519,2026-05-19 19:42,満潮,185,大潮相当,205
2026,20260520,2026-05-20 00:55,干潮,119,大潮相当,188
2026,20260520,2026-05-20 06:01,満潮,189,大潮相当,188
2026,20260520,2026-05-20 13:27,干潮,1,大潮相当,188
2026,20260520,2026-05-20 20:36,満潮,175,大潮相当,188
2026,20260521,2026-05-21 01:40,干潮,122,大潮相当,160
2026,20260521,2026-05-21 06:43,満潮,178,大潮相当,160
2026,20260521,2026-05-21 14:18,干潮,18,大潮相当,160
2026,20260521,2026-05-21 21:32,満潮,166,大潮相当,160
2026,20260522,2026-05-22 02:34,干潮,123,中潮相当,127
2026,20260522,2026-05-22 07:34,満潮,164,中潮相当,127
2026,20260522,2026-05-22 15:14,干潮,37,中潮相当,127
2026,20260522,2026-05-22 22:28,満潮,160,中潮相当,127
2026,20260523,2026-05-23 03:46,干潮,120,小潮相当,102
2026,20260523,2026-05-23 08:51,満潮,149,小潮相当,102
2026,20260523,2026-05-23 16:15,干潮,55,小潮相当,102
2026,20260523,2026-05-23 23:22,満潮,157,小潮相当,102
2026,20260524,2026-05-24 05:30,干潮,111,長潮相当,68
2026,20260524,2026-05-24 10:48,満潮,139,長潮相当,68
2026,20260524,2026-05-24 17:23,干潮,71,長潮相当,68
2026,20260525,2026-05-25 00:10,満潮,158,長潮相当,75
2026,20260525,2026-05-25 06:59,干潮,95,長潮相当,75
2026,20260525,2026-05-25 12:38,満潮,139,長潮相当,75
2026,20260525,2026-05-25 18:31,干潮,83,長潮相当,75
2026,20260526,2026-05-26 00:53,満潮,162,小潮相当,86
2026,20260526,2026-05-26 07:54,干潮,76,小潮相当,86
2026,20260526,2026-05-26 14:03,満潮,147,小潮相当,86
2026,20260526,2026-05-26 19:33,干潮,92,小潮相当,86
2026,20260527,2026-05-27 01:33,満潮,167,小潮相当,109
2026,20260527,2026-05-27 08:36,干潮,58,小潮相当,109
2026,20260527,2026-05-27 15:06,満潮,158,小潮相当,109
2026,20260527,2026-05-27 20:26,干潮,98,小潮相当,109
2026,20260528,2026-05-28 02:11,満潮,171,中潮相当,127
2026,20260528,2026-05-28 09:13,干潮,44,中潮相当,127
2026,20260528,2026-05-28 15:57,満潮,169,中潮相当,127
2026,20260528,2026-05-28 21:13,干潮,103,中潮相当,127
2026,20260529,2026-05-29 02:46,満潮,176,中潮相当,145
2026,20260529,2026-05-29 09:47,干潮,32,中潮相当,145
2026,20260529,2026-05-29 16:39,満潮,177,中潮相当,145
2026,20260529,2026-05-29 21:56,干潮,106,中潮相当,145
2026,20260530,2026-05-30 03:20,満潮,180,中潮相当,159
2026,20260530,2026-05-30 10:20,干潮,24,中潮相当,159
2026,20260530,2026-05-30 17:17,満潮,183,中潮相当,159
2026,20260530,2026-05-30 22:36,干潮,108,中潮相当,159
2026,20260531,2026-05-31 03:53,満潮,183,大潮相当,167
2026,20260531,2026-05-31 10:53,干潮,18,大潮相当,167
2026,20260531,2026-05-31 17:53,満潮,185,大潮相当,167
2026,20260531,2026-05-31 23:13,干潮,109,大潮相当,167
2026,20260601,2026-06-01 04:25,満潮,185,大潮相当,169
2026,20260601,2026-06-01 11:27,干潮,16,大潮相当,169
2026,20260601,2026-06-01 18:27,満潮,184,大潮相当,169
2026,20260601,2026-06-01 23:48,干潮,110,大潮相当,169
2026,20260602,2026-06-02 04:57,満潮,185,大潮相当,168
2026,20260602,2026-06-02 12:00,干潮,17,大潮相当,168
2026,20260602,2026-06-02 19:01,満潮,181,大潮相当,168
2026,20260603,2026-06-03 00:21,干潮,111,大潮相当,163
2026,20260603,2026-06-03 05:28,満潮,184,大潮相当,163
2026,20260603,2026-06-03 12:35,干潮,21,大潮相当,163
2026,20260603,2026-06-03 19:35,満潮,177,大潮相当,163
2026,20260604,2026-06-04 00:55,干潮,111,中潮相当,155
2026,20260604,2026-06-04 06:01,満潮,181,中潮相当,155
2026,20260604,2026-06-04 13:09,干潮,26,中潮相当,155
2026,20260604,2026-06-04 20:12,満潮,172,中潮相当,155
2026,20260605,2026-06-05 01:31,干潮,112,中潮相当,140
2026,20260605,2026-06-05 06:37,満潮,174,中潮相当,140
2026,20260605,2026-06-05 13:45,干潮,34,中潮相当,140
2026,20260605,2026-06-05 20:52,満潮,168,中潮相当,140
2026,20260606,2026-06-06 02:12,干潮,112,中潮相当,122
2026,20260606,2026-06-06 07:18,満潮,165,中潮相当,122
2026,20260606,2026-06-06 14:24,干潮,43,中潮相当,122
2026,20260606,2026-06-06 21:34,満潮,165,中潮相当,122
2026,20260607,2026-06-07 03:04,干潮,112,小潮相当,109
2026,20260607,2026-06-07 08:12,満潮,155,小潮相当,109
2026,20260607,2026-06-07 15:08,干潮,55,小潮相当,109
2026,20260607,2026-06-07 22:18,満潮,164,小潮相当,109
2026,20260608,2026-06-08 04:14,干潮,108,小潮相当,96
2026,20260608,2026-06-08 09:29,満潮,146,小潮相当,96
2026,20260608,2026-06-08 16:02,干潮,69,小潮相当,96
2026,20260608,2026-06-08 23:03,満潮,165,小潮相当,96
2026,20260609,2026-06-09 05:40,干潮,97,小潮相当,83
2026,20260609,2026-06-09 11:03,満潮,142,小潮相当,83
2026,20260609,2026-06-09 17:11,干潮,84,小潮相当,83
2026,20260609,2026-06-09 23:48,満潮,167,小潮相当,83
2026,20260610,2026-06-10 06:51,干潮,78,長潮相当,69
2026,20260610,2026-06-10 12:39,満潮,147,長潮相当,69
2026,20260610,2026-06-10 18:31,干潮,97,長潮相当,69
2026,20260611,2026-06-11 00:33,満潮,171,小潮相当,115
2026,20260611,2026-06-11 07:45,干潮,56,小潮相当,115
2026,20260611,2026-06-11 14:09,満潮,159,小潮相当,115
2026,20260611,2026-06-11 19:43,干潮,107,小潮相当,115
2026,20260612,2026-06-12 01:21,満潮,176,中潮相当,142
2026,20260612,2026-06-12 08:33,干潮,34,中潮相当,142
2026,20260612,2026-06-12 15:24,満潮,174,中潮相当,142
2026,20260612,2026-06-12 20:45,干潮,114,中潮相当,142
2026,20260613,2026-06-13 02:09,満潮,182,大潮相当,173
2026,20260613,2026-06-13 09:20,干潮,14,大潮相当,173
2026,20260613,2026-06-13 16:25,満潮,187,大潮相当,173
2026,20260613,2026-06-13 21:41,干潮,120,大潮相当,173
2026,20260614,2026-06-14 02:58,満潮,188,大潮相当,196
2026,20260614,2026-06-14 10:08,干潮,-1,大潮相当,196
2026,20260614,2026-06-14 17:18,満潮,195,大潮相当,196
2026,20260614,2026-06-14 22:34,干潮,123,大潮相当,196
2026,20260615,2026-06-15 03:46,満潮,194,大潮相当,208
2026,20260615,2026-06-15 10:57,干潮,-9,大潮相当,208
2026,20260615,2026-06-15 18:06,満潮,199,大潮相当,208
2026,20260615,2026-06-15 23:24,干潮,124,大潮相当,208
2026,20260616,2026-06-16 04:33,満潮,199,大潮相当,210
2026,20260616,2026-06-16 11:46,干潮,-11,大潮相当,210
2026,20260616,2026-06-16 18:52,満潮,197,大潮相当,210
2026,20260617,2026-06-17 00:11,干潮,122,大潮相当,205
2026,20260617,2026-06-17 05:19,満潮,199,大潮相当,205
2026,20260617,2026-06-17 12:35,干潮,-6,大潮相当,205
2026,20260617,2026-06-17 19:35,満潮,191,大潮相当,205
2026,20260618,2026-06-18 00:55,干潮,118,大潮相当,189
2026,20260618,2026-06-18 06:05,満潮,195,大潮相当,189
2026,20260618,2026-06-18 13:22,干潮,6,大潮相当,189
2026,20260618,2026-06-18 20:16,満潮,185,大潮相当,189
2026,20260619,2026-06-19 01:39,干潮,113,大潮相当,163
2026,20260619,2026-06-19 06:54,満潮,185,大潮相当,163
2026,20260619,2026-06-19 14:05,干潮,22,大潮相当,163
2026,20260619,2026-06-19 20:53,満潮,179,大潮相当,163
2026,20260620,2026-06-20 02:25,干潮,108,中潮相当,133
2026,20260620,2026-06-20 07:47,満潮,172,中潮相当,133
2026,20260620,2026-06-20 14:47,干潮,42,中潮相当,133
2026,20260620,2026-06-20 21:27,満潮,175,中潮相当,133
2026,20260621,2026-06-21 03:18,干潮,102,小潮相当,108
2026,20260621,2026-06-21 08:51,満潮,158,小潮相当,108
2026,20260621,2026-06-21 15:28,干潮,64,小潮相当,108
2026,20260621,2026-06-21 22:00,満潮,172,小潮相当,108
2026,20260622,2026-06-22 04:23,干潮,96,小潮相当,86
2026,20260622,2026-06-22 10:10,満潮,146,小潮相当,86
2026,20260622,2026-06-22 16:13,干潮,85,小潮相当,86
2026,20260622,2026-06-22 22:34,満潮,171,小潮相当,86
2026,20260623,2026-06-23 05:42,干潮,88,小潮相当,82
2026,20260623,2026-06-23 11:44,満潮,140,小潮相当,82
2026,20260623,2026-06-23 17:10,干潮,103,小潮相当,82
2026,20260623,2026-06-23 23:12,満潮,170,小潮相当,82
2026,20260624,2026-06-24 06:55,干潮,76,小潮相当,94
2026,20260624,2026-06-24 13:35,満潮,142,小潮相当,94
2026,20260624,2026-06-24 18:22,干潮,117,小潮相当,94
2026,20260624,2026-06-24 23:56,満潮,170,小潮相当,94
2026,20260625,2026-06-25 07:52,干潮,64,小潮相当,89
2026,20260625,2026-06-25 15:06,満潮,153,小潮相当,89
2026,20260625,2026-06-25 19:35,干潮,125,小潮相当,89
2026,20260626,2026-06-26 00:50,満潮,170,小潮相当,118
2026,20260626,2026-06-26 08:38,干潮,52,小潮相当,118
2026,20260626,2026-06-26 16:02,満潮,165,小潮相当,118
2026,20260626,2026-06-26 20:39,干潮,128,小潮相当,118
2026,20260627,2026-06-27 01:50,満潮,171,中潮相当,133
2026,20260627,2026-06-27 09:20,干潮,42,中潮相当,133
2026,20260627,2026-06-27 16:42,満潮,175,中潮相当,133
2026,20260627,2026-06-27 21:33,干潮,127,中潮相当,133
2026,20260628,2026-06-28 02:45,満潮,175,中潮相当,148
2026,20260628,2026-06-28 10:00,干潮,34,中潮相当,148
2026,20260628,2026-06-28 17:16,満潮,182,中潮相当,148
2026,20260628,2026-06-28 22:19,干潮,124,中潮相当,148
2026,20260629,2026-06-29 03:31,満潮,180,中潮相当,159
2026,20260629,2026-06-29 10:38,干潮,27,中潮相当,159
2026,20260629,2026-06-29 17:47,満潮,186,中潮相当,159
2026,20260629,2026-06-29 23:00,干潮,120,中潮相当,159
2026,20260630,2026-06-30 04:11,満潮,186,大潮相当,164
2026,20260630,2026-06-30 11:16,干潮,23,大潮相当,164
2026,20260630,2026-06-30 18:17,満潮,187,大潮相当,164
2026,20260630,2026-06-30 23:36,干潮,116,大潮相当,164
2026,20260701,2026-07-01 04:47,満潮,189,大潮相当,167
2026,20260701,2026-07-01 11:51,干潮,22,大潮相当,167
2026,20260701,2026-07-01 18:47,満潮,187,大潮相当,167
2026,20260702,2026-07-02 00:11,干潮,111,大潮相当,169
2026,20260702,2026-07-02 05:22,満潮,191,大潮相当,169
2026,20260702,2026-07-02 12:25,干潮,22,大潮相当,169
2026,20260702,2026-07-02 19:16,満潮,186,大潮相当,169
2026,20260703,2026-07-03 00:45,干潮,107,大潮相当,163
2026,20260703,2026-07-03 05:57,満潮,189,大潮相当,163
2026,20260703,2026-07-03 12:58,干潮,26,大潮相当,163
2026,20260703,2026-07-03 19:45,満潮,185,大潮相当,163
2026,20260704,2026-07-04 01:19,干潮,103,中潮相当,151
2026,20260704,2026-07-04 06:35,満潮,185,中潮相当,151
2026,20260704,2026-07-04 13:29,干潮,34,中潮相当,151
2026,20260704,2026-07-04 20:15,満潮,184,中潮相当,151
2026,20260705,2026-07-05 01:57,干潮,98,中潮相当,138
2026,20260705,2026-07-05 07:18,満潮,177,中潮相当,138
2026,20260705,2026-07-05 14:01,干潮,45,中潮相当,138
2026,20260705,2026-07-05 20:45,満潮,183,中潮相当,138
2026,20260706,2026-07-06 02:38,干潮,94,中潮相当,121
2026,20260706,2026-07-06 08:10,満潮,168,中潮相当,121
2026,20260706,2026-07-06 14:35,干潮,60,中潮相当,121
2026,20260706,2026-07-06 21:16,満潮,181,中潮相当,121
2026,20260707,2026-07-07 03:28,干潮,89,小潮相当,101
2026,20260707,2026-07-07 09:13,満潮,159,小潮相当,101
2026,20260707,2026-07-07 15:13,干潮,79,小潮相当,101
2026,20260707,2026-07-07 21:49,満潮,180,小潮相当,101
2026,20260708,2026-07-08 04:33,干潮,81,小潮相当,98
2026,20260708,2026-07-08 10:30,満潮,152,小潮相当,98
2026,20260708,2026-07-08 16:01,干潮,100,小潮相当,98
2026,20260708,2026-07-08 22:26,満潮,179,小潮相当,98
2026,20260709,2026-07-09 05:49,干潮,70,小潮相当,107
2026,20260709,2026-07-09 12:05,満潮,150,小潮相当,107
2026,20260709,2026-07-09 17:14,干潮,120,小潮相当,107
2026,20260709,2026-07-09 23:09,満潮,177,小潮相当,107
2026,20260710,2026-07-10 07:01,干潮,54,小潮相当,103
2026,20260710,2026-07-10 14:10,満潮,157,小潮相当,103
2026,20260710,2026-07-10 18:54,干潮,135,小潮相当,103
2026,20260711,2026-07-11 00:07,満潮,177,中潮相当,140
2026,20260711,2026-07-11 08:04,干潮,37,中潮相当,140
2026,20260711,2026-07-11 15:43,満潮,173,中潮相当,140
2026,20260711,2026-07-11 20:22,干潮,141,中潮相当,140
2026,20260712,2026-07-12 01:24,満潮,179,大潮相当,166
2026,20260712,2026-07-12 09:03,干潮,21,大潮相当,166
2026,20260712,2026-07-12 16:38,満潮,187,大潮相当,166
2026,20260712,2026-07-12 21:35,干潮,139,大潮相当,166
2026,20260713,2026-07-13 02:41,満潮,186,大潮相当,188
2026,20260713,2026-07-13 09:59,干潮,8,大潮相当,188
2026,20260713,2026-07-13 17:22,満潮,196,大潮相当,188
2026,20260713,2026-07-13 22:34,干潮,133,大潮相当,188
2026,20260714,2026-07-14 03:43,満潮,195,大潮相当,200
2026,20260714,2026-07-14 10:52,干潮,0,大潮相当,200
2026,20260714,2026-07-14 18:00,満潮,200,大潮相当,200
2026,20260714,2026-07-14 23:23,干潮,124,大潮相当,200
2026,20260715,2026-07-15 04:35,満潮,203,大潮相当,202
2026,20260715,2026-07-15 18:35,満潮,201,大潮相当,202
2026,20260716,2026-07-16 00:05,干潮,113,大潮相当,202
2026,20260716,2026-07-16 05:23,満潮,206,大潮相当,202
2026,20260716,2026-07-16 12:26,干潮,4,大潮相当,202
2026,20260716,2026-07-16 19:07,満潮,198,大潮相当,202
2026,20260717,2026-07-17 00:45,干潮,103,大潮相当,187
2026,20260717,2026-07-17 06:08,満潮,203,大潮相当,187
2026,20260717,2026-07-17 13:05,干潮,16,大潮相当,187
2026,20260717,2026-07-17 19:36,満潮,195,大潮相当,187
2026,20260718,2026-07-18 01:22,干潮,93,大潮相当,160
2026,20260718,2026-07-18 06:53,満潮,194,大潮相当,160
2026,20260718,2026-07-18 13:40,干潮,34,大潮相当,160
2026,20260718,2026-07-18 20:02,満潮,192,大潮相当,160
2026,20260719,2026-07-19 02:00,干潮,87,中潮相当,135
2026,20260719,2026-07-19 07:40,満潮,182,中潮相当,135
2026,20260719,2026-07-19 14:12,干潮,55,中潮相当,135
2026,20260719,2026-07-19 20:26,満潮,190,中潮相当,135
2026,20260720,2026-07-20 02:40,干潮,83,小潮相当,110
2026,20260720,2026-07-20 08:31,満潮,167,小潮相当,110
2026,20260720,2026-07-20 14:41,干潮,77,小潮相当,110
2026,20260720,2026-07-20 20:51,満潮,187,小潮相当,110
2026,20260721,2026-07-21 03:27,干潮,81,小潮相当,103
2026,20260721,2026-07-21 09:31,満潮,153,小潮相当,103
2026,20260721,2026-07-21 15:11,干潮,98,小潮相当,103
2026,20260721,2026-07-21 21:17,満潮,184,小潮相当,103
2026,20260722,2026-07-22 04:28,干潮,81,小潮相当,98
2026,20260722,2026-07-22 10:49,満潮,143,小潮相当,98
2026,20260722,2026-07-22 15:46,干潮,118,小潮相当,98
2026,20260722,2026-07-22 21:48,満潮,179,小潮相当,98
2026,20260723,2026-07-23 05:48,干潮,79,小潮相当,94
2026,20260723,2026-07-23 13:14,満潮,141,小潮相当,94
2026,20260723,2026-07-23 16:54,干潮,134,小潮相当,94
2026,20260723,2026-07-23 22:28,満潮,173,小潮相当,94
2026,20260724,2026-07-24 07:05,干潮,72,小潮相当,95
2026,20260724,2026-07-24 15:26,満潮,153,小潮相当,95
2026,20260724,2026-07-24 18:49,干潮,143,小潮相当,95
2026,20260724,2026-07-24 23:26,満潮,167,小潮相当,95
2026,20260725,2026-07-25 08:08,干潮,63,小潮相当,103
2026,20260725,2026-07-25 16:08,満潮,166,小潮相当,103
2026,20260725,2026-07-25 20:20,干潮,142,小潮相当,103
2026,20260726,2026-07-26 01:04,満潮,165,中潮相当,123
2026,20260726,2026-07-26 09:00,干潮,53,中潮相当,123
2026,20260726,2026-07-26 16:38,満潮,176,中潮相当,123
2026,20260726,2026-07-26 21:25,干潮,136,中潮相当,123
2026,20260727,2026-07-27 02:31,満潮,171,中潮相当,139
2026,20260727,2026-07-27 09:46,干潮,44,中潮相当,139
2026,20260727,2026-07-27 17:06,満潮,183,中潮相当,139
2026,20260727,2026-07-27 22:12,干潮,128,中潮相当,139
2026,20260728,2026-07-28 03:23,満潮,180,中潮相当,154
2026,20260728,2026-07-28 10:28,干潮,35,中潮相当,154
2026,20260728,2026-07-28 17:31,満潮,189,中潮相当,154
2026,20260728,2026-07-28 22:50,干潮,119,中潮相当,154
2026,20260729,2026-07-29 04:04,満潮,189,大潮相当,163
2026,20260729,2026-07-29 11:05,干潮,29,大潮相当,163
2026,20260729,2026-07-29 17:56,満潮,192,大潮相当,163
2026,20260729,2026-07-29 23:24,干潮,110,大潮相当,163
2026,20260730,2026-07-30 04:40,満潮,195,大潮相当,169
2026,20260730,2026-07-30 11:38,干潮,26,大潮相当,169
2026,20260730,2026-07-30 18:20,満潮,194,大潮相当,169
2026,20260730,2026-07-30 23:56,干潮,101,大潮相当,169
2026,20260731,2026-07-31 05:16,満潮,199,大潮相当,173
2026,20260731,2026-07-31 12:09,干潮,26,大潮相当,173
2026,20260731,2026-07-31 18:44,満潮,196,大潮相当,173
2026,20260801,2026-08-01 00:28,干潮,92,大潮相当,168
2026,20260801,2026-08-01 05:52,満潮,199,大潮相当,168
2026,20260801,2026-08-01 12:39,干潮,31,大潮相当,168
2026,20260801,2026-08-01 19:07,満潮,197,大潮相当,168
2026,20260802,2026-08-02 01:00,干潮,84,中潮相当,156
2026,20260802,2026-08-02 06:31,満潮,195,中潮相当,156
2026,20260802,2026-08-02 13:07,干潮,41,中潮相当,156
2026,20260802,2026-08-02 19:31,満潮,197,中潮相当,156
2026,20260803,2026-08-03 01:33,干潮,77,中潮相当,140
2026,20260803,2026-08-03 07:13,満潮,188,中潮相当,140
2026,20260803,2026-08-03 13:35,干潮,56,中潮相当,140
2026,20260803,2026-08-03 19:55,満潮,196,中潮相当,140
2026,20260804,2026-08-04 02:09,干潮,71,中潮相当,122
2026,20260804,2026-08-04 08:01,満潮,179,中潮相当,122
2026,20260804,2026-08-04 14:03,干潮,74,中潮相当,122
2026,20260804,2026-08-04 20:19,満潮,193,中潮相当,122
2026,20260805,2026-08-05 02:51,干潮,68,中潮相当,122
2026,20260805,2026-08-05 08:58,満潮,168,中潮相当,122
2026,20260805,2026-08-05 14:33,干潮,95,中潮相当,122
2026,20260805,2026-08-05 20:46,満潮,190,中潮相当,122
2026,20260806,2026-08-06 03:46,干潮,66,小潮相当,119
2026,20260806,2026-08-06 10:08,満潮,156,小潮相当,119
2026,20260806,2026-08-06 15:05,干潮,117,小潮相当,119
2026,20260806,2026-08-06 21:17,満潮,185,小潮相当,119
2026,20260807,2026-08-07 05:02,干潮,64,小潮相当,115
2026,20260807,2026-08-07 11:56,満潮,149,小潮相当,115
2026,20260807,2026-08-07 15:52,干潮,139,小潮相当,115
2026,20260807,2026-08-07 21:57,満潮,179,小潮相当,115
2026,20260808,2026-08-08 06:32,干潮,56,小潮相当,116
2026,20260808,2026-08-08 15:16,満潮,160,小潮相当,116
2026,20260808,2026-08-08 18:31,干潮,154,小潮相当,116
2026,20260808,2026-08-08 23:06,満潮,172,小潮相当,116
2026,20260809,2026-08-09 07:52,干潮,44,中潮相当,132
2026,20260809,2026-08-09 16:06,満潮,176,中潮相当,132
2026,20260809,2026-08-09 20:39,干潮,151,中潮相当,132
2026,20260810,2026-08-10 01:23,満潮,172,中潮相当,158
2026,20260810,2026-08-10 08:59,干潮,31,中潮相当,158
2026,20260810,2026-08-10 16:38,満潮,189,中潮相当,158
2026,20260810,2026-08-10 21:49,干潮,139,中潮相当,158
2026,20260811,2026-08-11 02:53,満潮,185,大潮相当,178
2026,20260811,2026-08-11 09:57,干潮,19,大潮相当,178
2026,20260811,2026-08-11 17:08,満潮,197,大潮相当,178
2026,20260811,2026-08-11 22:35,干潮,124,大潮相当,178
2026,20260812,2026-08-12 03:51,満潮,198,大潮相当,187
2026,20260812,2026-08-12 17:36,満潮,202,大潮相当,187
2026,20260813,2026-08-13 04:38,満潮,208,大潮相当,191
2026,20260813,2026-08-13 18:02,満潮,204,大潮相当,191
2026,20260814,2026-08-14 05:21,満潮,212,大潮相当,191
2026,20260814,2026-08-14 12:07,干潮,21,大潮相当,191
2026,20260814,2026-08-14 18:26,満潮,204,大潮相当,191
2026,20260815,2026-08-15 00:23,干潮,79,大潮相当,173
2026,20260815,2026-08-15 06:03,満潮,208,大潮相当,173
2026,20260815,2026-08-15 12:40,干潮,35,大潮相当,173
2026,20260815,2026-08-15 18:48,満潮,203,大潮相当,173
2026,20260816,2026-08-16 00:56,干潮,69,中潮相当,149
2026,20260816,2026-08-16 06:43,満潮,200,中潮相当,149
2026,20260816,2026-08-16 13:09,干潮,53,中潮相当,149
2026,20260816,2026-08-16 19:09,満潮,202,中潮相当,149
2026,20260817,2026-08-17 01:28,干潮,64,中潮相当,136
2026,20260817,2026-08-17 07:25,満潮,187,中潮相当,136
2026,20260817,2026-08-17 13:35,干潮,72,中潮相当,136
2026,20260817,2026-08-17 19:29,満潮,200,中潮相当,136
2026,20260818,2026-08-18 02:02,干潮,64,中潮相当,132
2026,20260818,2026-08-18 08:09,満潮,173,中潮相当,132
2026,20260818,2026-08-18 13:59,干潮,92,中潮相当,132
2026,20260818,2026-08-18 19:51,満潮,196,中潮相当,132
2026,20260819,2026-08-19 02:39,干潮,67,中潮相当,123
2026,20260819,2026-08-19 09:00,満潮,159,中潮相当,123
2026,20260819,2026-08-19 14:22,干潮,110,中潮相当,123
2026,20260819,2026-08-19 20:14,満潮,190,中潮相当,123
2026,20260820,2026-08-20 03:25,干潮,73,小潮相当,108
2026,20260820,2026-08-20 10:08,満潮,147,小潮相当,108
2026,20260820,2026-08-20 14:42,干潮,127,小潮相当,108
2026,20260820,2026-08-20 20:41,満潮,181,小潮相当,108
2026,20260821,2026-08-21 04:37,干潮,79,小潮相当,92
2026,20260821,2026-08-21 21:14,満潮,171,小潮相当,92
2026,20260822,2026-08-22 06:18,干潮,80,小潮相当,81
2026,20260822,2026-08-22 15:38,満潮,156,小潮相当,81
2026,20260822,2026-08-22 18:26,干潮,151,小潮相当,81
2026,20260822,2026-08-22 22:11,満潮,161,小潮相当,81
2026,20260823,2026-08-23 07:42,干潮,72,小潮相当,95
2026,20260823,2026-08-23 15:57,満潮,167,小潮相当,95
2026,20260823,2026-08-23 20:28,干潮,145,小潮相当,95
2026,20260824,2026-08-24 00:50,満潮,156,小潮相当,115
2026,20260824,2026-08-24 08:44,干潮,62,小潮相当,115
2026,20260824,2026-08-24 16:19,満潮,177,小潮相当,115
2026,20260824,2026-08-24 21:26,干潮,133,小潮相当,115
2026,20260825,2026-08-25 02:28,満潮,166,中潮相当,133
2026,20260825,2026-08-25 09:31,干潮,51,中潮相当,133
2026,20260825,2026-08-25 16:40,満潮,184,中潮相当,133
2026,20260825,2026-08-25 22:03,干潮,121,中潮相当,133
2026,20260826,2026-08-26 03:17,満潮,179,中潮相当,150
2026,20260826,2026-08-26 10:10,干潮,41,中潮相当,150
2026,20260826,2026-08-26 17:01,満潮,191,中潮相当,150
2026,20260826,2026-08-26 22:34,干潮,108,中潮相当,150
2026,20260827,2026-08-27 03:56,満潮,191,大潮相当,161
2026,20260827,2026-08-27 10:45,干潮,35,大潮相当,161
2026,20260827,2026-08-27 17:21,満潮,196,大潮相当,161
2026,20260827,2026-08-27 23:04,干潮,94,大潮相当,161
2026,20260828,2026-08-28 04:32,満潮,200,大潮相当,167
2026,20260828,2026-08-28 11:16,干潮,33,大潮相当,167
2026,20260828,2026-08-28 17:41,満潮,200,大潮相当,167
2026,20260828,2026-08-28 23:34,干潮,80,大潮相当,167
2026,20260829,2026-08-29 05:08,満潮,205,大潮相当,169
2026,20260829,2026-08-29 11:46,干潮,36,大潮相当,169
2026,20260829,2026-08-29 18:02,満潮,203,大潮相当,169
2026,20260830,2026-08-30 00:04,干潮,67,大潮相当,161
2026,20260830,2026-08-30 05:45,満潮,206,大潮相当,161
2026,20260830,2026-08-30 12:14,干潮,45,大潮相当,161
2026,20260830,2026-08-30 18:23,満潮,205,大潮相当,161
2026,20260831,2026-08-31 00:35,干潮,57,中潮相当,148
2026,20260831,2026-08-31 06:25,満潮,203,中潮相当,148
2026,20260831,2026-08-31 12:42,干潮,58,中潮相当,148
2026,20260831,2026-08-31 18:44,満潮,205,中潮相当,148
2026,20260901,2026-09-01 01:07,干潮,49,中潮相当,154
2026,20260901,2026-09-01 07:07,満潮,195,中潮相当,154
2026,20260901,2026-09-01 13:10,干潮,75,中潮相当,154
2026,20260901,2026-09-01 19:05,満潮,203,中潮相当,154
2026,20260902,2026-09-02 01:42,干潮,46,中潮相当,153
2026,20260902,2026-09-02 07:55,満潮,184,中潮相当,153
2026,20260902,2026-09-02 13:36,干潮,94,中潮相当,153
2026,20260902,2026-09-02 19:28,満潮,199,中潮相当,153
2026,20260903,2026-09-03 02:22,干潮,48,中潮相当,144
2026,20260903,2026-09-03 08:50,満潮,169,中潮相当,144
2026,20260903,2026-09-03 14:01,干潮,114,中潮相当,144
2026,20260903,2026-09-03 19:51,満潮,192,中潮相当,144
2026,20260904,2026-09-04 03:15,干潮,54,中潮相当,130
2026,20260904,2026-09-04 10:06,満潮,155,中潮相当,130
2026,20260904,2026-09-04 14:22,干潮,134,中潮相当,130
2026,20260904,2026-09-04 20:18,満潮,184,中潮相当,130
2026,20260905,2026-09-05 04:35,干潮,61,小潮相当,111
2026,20260905,2026-09-05 20:52,満潮,172,小潮相当,111
2026,20260906,2026-09-06 06:21,干潮,60,小潮相当,107
2026,20260906,2026-09-06 15:33,満潮,167,小潮相当,107
2026,20260906,2026-09-06 19:49,干潮,156,小潮相当,107
2026,20260906,2026-09-06 23:00,満潮,160,小潮相当,107
2026,20260907,2026-09-07 07:50,干潮,51,中潮相当,128
2026,20260907,2026-09-07 15:51,満潮,179,中潮相当,128
2026,20260907,2026-09-07 21:11,干潮,140,中潮相当,128
2026,20260908,2026-09-08 01:58,満潮,168,中潮相当,148
2026,20260908,2026-09-08 08:56,干潮,40,中潮相当,148
2026,20260908,2026-09-08 16:12,満潮,188,中潮相当,148
2026,20260908,2026-09-08 21:48,干潮,120,中潮相当,148
2026,20260909,2026-09-09 03:04,満潮,186,大潮相当,163
2026,20260909,2026-09-09 09:47,干潮,32,大潮相当,163
2026,20260909,2026-09-09 16:35,満潮,195,大潮相当,163
2026,20260909,2026-09-09 22:21,干潮,100,大潮相当,163
2026,20260910,2026-09-10 03:53,満潮,200,大潮相当,171
2026,20260910,2026-09-10 10:30,干潮,30,大潮相当,171
2026,20260910,2026-09-10 16:57,満潮,201,大潮相当,171
2026,20260910,2026-09-10 22:53,干潮,81,大潮相当,171
2026,20260911,2026-09-11 04:35,満潮,209,大潮相当,175
2026,20260911,2026-09-11 11:07,干潮,34,大潮相当,175
2026,20260911,2026-09-11 17:18,満潮,204,大潮相当,175
2026,20260911,2026-09-11 23:25,干潮,65,大潮相当,175
2026,20260912,2026-09-12 05:15,満潮,211,大潮相当,167
2026,20260912,2026-09-12 11:40,干潮,44,大潮相当,167
2026,20260912,2026-09-12 17:39,満潮,206,大潮相当,167
2026,20260912,2026-09-12 23:56,干潮,53,大潮相当,167
2026,20260913,2026-09-13 05:54,満潮,208,中潮相当,150
2026,20260913,2026-09-13 12:10,干潮,58,中潮相当,150
2026,20260913,2026-09-13 17:59,満潮,207,中潮相当,150
2026,20260914,2026-09-14 00:26,干潮,46,中潮相当,159
2026,20260914,2026-09-14 06:32,満潮,200,中潮相当,159
2026,20260914,2026-09-14 12:37,干潮,74,中潮相当,159
2026,20260914,2026-09-14 18:18,満潮,205,中潮相当,159
2026,20260915,2026-09-15 00:55,干潮,44,中潮相当,158
2026,20260915,2026-09-15 07:11,満潮,189,中潮相当,158
2026,20260915,2026-09-15 13:02,干潮,90,中潮相当,158
2026,20260915,2026-09-15 18:38,満潮,202,中潮相当,158
2026,20260916,2026-09-16 01:26,干潮,47,中潮相当,149
2026,20260916,2026-09-16 07:52,満潮,176,中潮相当,149
2026,20260916,2026-09-16 13:26,干潮,105,中潮相当,149
2026,20260916,2026-09-16 19:00,満潮,196,中潮相当,149
2026,20260917,2026-09-17 01:58,干潮,54,中潮相当,134
2026,20260917,2026-09-17 08:38,満潮,163,中潮相当,134
2026,20260917,2026-09-17 13:49,干潮,119,中潮相当,134
2026,20260917,2026-09-17 19:22,満潮,188,中潮相当,134
2026,20260918,2026-09-18 02:37,干潮,64,小潮相当,113
2026,20260918,2026-09-18 09:42,満潮,151,小潮相当,113
2026,20260918,2026-09-18 14:10,干潮,132,小潮相当,113
2026,20260918,2026-09-18 19:47,満潮,177,小潮相当,113
2026,20260919,2026-09-19 03:37,干潮,75,小潮相当,90
2026,20260919,2026-09-19 20:16,満潮,165,小潮相当,90
2026,20260920,2026-09-20 05:23,干潮,82,長潮相当,73
2026,20260920,2026-09-20 15:03,満潮,155,長潮相当,73
2026,20260920,2026-09-20 18:37,干潮,150,長潮相当,73
2026,20260920,2026-09-20 21:09,満潮,152,長潮相当,73
2026,20260921,2026-09-21 07:08,干潮,77,小潮相当,88
2026,20260921,2026-09-21 15:21,満潮,165,小潮相当,88
2026,20260921,2026-09-21 20:35,干潮,137,小潮相当,88
2026,20260922,2026-09-22 00:48,満潮,148,小潮相当,107
2026,20260922,2026-09-22 08:15,干潮,67,小潮相当,107
2026,20260922,2026-09-22 15:40,満潮,174,小潮相当,107
2026,20260922,2026-09-22 21:10,干潮,122,小潮相当,107
2026,20260923,2026-09-23 02:15,満潮,161,中潮相当,124
2026,20260923,2026-09-23 09:02,干潮,58,中潮相当,124
2026,20260923,2026-09-23 15:58,満潮,182,中潮相当,124
2026,20260923,2026-09-23 21:39,干潮,105,中潮相当,124
2026,20260924,2026-09-24 03:02,満潮,175,中潮相当,140
2026,20260924,2026-09-24 09:40,干潮,50,中潮相当,140
2026,20260924,2026-09-24 16:17,満潮,190,中潮相当,140
2026,20260924,2026-09-24 22:07,干潮,88,中潮相当,140
2026,20260925,2026-09-25 03:42,満潮,189,中潮相当,149
2026,20260925,2026-09-25 10:14,干潮,47,中潮相当,149
2026,20260925,2026-09-25 16:36,満潮,196,中潮相当,149
2026,20260925,2026-09-25 22:36,干潮,69,中潮相当,149
2026,20260926,2026-09-26 04:20,満潮,200,中潮相当,154
2026,20260926,2026-09-26 10:46,干潮,48,中潮相当,154
2026,20260926,2026-09-26 16:55,満潮,202,中潮相当,154
2026,20260926,2026-09-26 23:05,干潮,52,中潮相当,154
2026,20260927,2026-09-27 04:59,満潮,207,大潮相当,170
2026,20260927,2026-09-27 11:18,干潮,54,大潮相当,170
2026,20260927,2026-09-27 17:16,満潮,206,大潮相当,170
2026,20260927,2026-09-27 23:36,干潮,37,大潮相当,170
2026,20260928,2026-09-28 05:39,満潮,209,中潮相当,144
2026,20260928,2026-09-28 11:48,干潮,65,中潮相当,144
2026,20260928,2026-09-28 17:37,満潮,208,中潮相当,144
2026,20260929,2026-09-29 00:08,干潮,27,大潮相当,180
2026,20260929,2026-09-29 06:20,満潮,205,大潮相当,180
2026,20260929,2026-09-29 12:18,干潮,80,大潮相当,180
2026,20260929,2026-09-29 17:59,満潮,207,大潮相当,180
2026,20260930,2026-09-30 07:05,満潮,196,大潮相当,180
2026,20260930,2026-09-30 18:22,満潮,204,大潮相当,180
2026,20261001,2026-10-01 01:20,干潮,24,大潮相当,173
2026,20261001,2026-10-01 07:55,満潮,183,大潮相当,173
2026,20261001,2026-10-01 13:15,干潮,114,大潮相当,173
2026,20261001,2026-10-01 18:45,満潮,197,大潮相当,173
2026,20261002,2026-10-02 02:03,干潮,33,中潮相当,155
2026,20261002,2026-10-02 08:56,満潮,167,中潮相当,155
2026,20261002,2026-10-02 13:43,干潮,130,中潮相当,155
2026,20261002,2026-10-02 19:10,満潮,188,中潮相当,155
2026,20261003,2026-10-03 03:00,干潮,46,中潮相当,129
2026,20261003,2026-10-03 10:31,満潮,154,中潮相当,129
2026,20261003,2026-10-03 14:13,干潮,144,中潮相当,129
2026,20261003,2026-10-03 19:36,満潮,175,中潮相当,129
2026,20261004,2026-10-04 04:26,干潮,58,小潮相当,101
2026,20261004,2026-10-04 13:53,満潮,156,小潮相当,101
2026,20261004,2026-10-04 16:24,干潮,155,小潮相当,101
2026,20261004,2026-10-04 20:10,満潮,159,小潮相当,101
2026,20261005,2026-10-05 06:13,干潮,62,小潮相当,104
2026,20261005,2026-10-05 14:41,満潮,166,小潮相当,104
2026,20261005,2026-10-05 20:22,干潮,139,小潮相当,104
2026,20261006,2026-10-06 00:31,満潮,151,小潮相当,117
2026,20261006,2026-10-06 07:38,干潮,58,小潮相当,117
2026,20261006,2026-10-06 15:05,満潮,175,小潮相当,117
2026,20261006,2026-10-06 20:54,干潮,117,小潮相当,117
2026,20261007,2026-10-07 02:07,満潮,166,中潮相当,130
2026,20261007,2026-10-07 08:37,干潮,53,中潮相当,130
2026,20261007,2026-10-07 15:27,満潮,183,中潮相当,130
2026,20261007,2026-10-07 21:25,干潮,94,中潮相当,130
2026,20261008,2026-10-08 03:03,満潮,182,中潮相当,138
2026,20261008,2026-10-08 09:23,干潮,52,中潮相当,138
2026,20261008,2026-10-08 15:48,満潮,190,中潮相当,138
2026,20261008,2026-10-08 21:56,干潮,73,中潮相当,138
2026,20261009,2026-10-09 03:48,満潮,194,中潮相当,142
2026,20261009,2026-10-09 10:02,干潮,54,中潮相当,142
2026,20261009,2026-10-09 16:10,満潮,196,中潮相当,142
2026,20261009,2026-10-09 22:27,干潮,54,中潮相当,142
2026,20261010,2026-10-10 04:30,満潮,202,大潮相当,162
2026,20261010,2026-10-10 10:37,干潮,61,大潮相当,162
2026,20261010,2026-10-10 16:31,満潮,200,大潮相当,162
2026,20261010,2026-10-10 22:57,干潮,40,大潮相当,162
2026,20261011,2026-10-11 05:08,満潮,204,大潮相当,173
2026,20261011,2026-10-11 11:10,干潮,71,大潮相当,173
2026,20261011,2026-10-11 16:52,満潮,203,大潮相当,173
2026,20261011,2026-10-11 23:27,干潮,31,大潮相当,173
2026,20261012,2026-10-12 05:46,満潮,202,大潮相当,176
2026,20261012,2026-10-12 11:40,干潮,82,大潮相当,176
2026,20261012,2026-10-12 17:13,満潮,203,大潮相当,176
2026,20261012,2026-10-12 23:56,干潮,27,大潮相当,176
2026,20261013,2026-10-13 06:23,満潮,196,小潮相当,108
2026,20261013,2026-10-13 12:09,干潮,93,小潮相当,108
2026,20261013,2026-10-13 17:35,満潮,201,小潮相当,108
2026,20261014,2026-10-14 00:25,干潮,28,大潮相当,169
2026,20261014,2026-10-14 07:01,満潮,188,大潮相当,169
2026,20261014,2026-10-14 12:37,干潮,104,大潮相当,169
2026,20261014,2026-10-14 17:57,満潮,197,大潮相当,169
2026,20261015,2026-10-15 00:55,干潮,33,中潮相当,158
2026,20261015,2026-10-15 07:40,満潮,177,中潮相当,158
2026,20261015,2026-10-15 13:04,干潮,113,中潮相当,158
2026,20261015,2026-10-15 18:21,満潮,191,中潮相当,158
2026,20261016,2026-10-16 01:27,干潮,42,中潮相当,140
2026,20261016,2026-10-16 08:25,満潮,166,中潮相当,140
2026,20261016,2026-10-16 13:32,干潮,123,中潮相当,140
2026,20261016,2026-10-16 18:46,満潮,182,中潮相当,140
2026,20261017,2026-10-17 02:05,干潮,53,小潮相当,117
2026,20261017,2026-10-17 09:24,満潮,155,小潮相当,117
2026,20261017,2026-10-17 14:03,干潮,131,小潮相当,117
2026,20261017,2026-10-17 19:13,満潮,170,小潮相当,117
2026,20261018,2026-10-18 02:55,干潮,65,小潮相当,92
2026,20261018,2026-10-18 11:02,満潮,148,小潮相当,92
2026,20261018,2026-10-18 14:59,干潮,140,小潮相当,92
2026,20261018,2026-10-18 19:45,満潮,157,小潮相当,92
2026,20261019,2026-10-19 04:17,干潮,75,長潮相当,76
2026,20261019,2026-10-19 13:15,満潮,151,長潮相当,76
2026,20261019,2026-10-19 18:10,干潮,140,長潮相当,76
2026,20261019,2026-10-19 20:55,満潮,143,長潮相当,76
2026,20261020,2026-10-20 06:04,干潮,78,小潮相当,81
2026,20261020,2026-10-20 14:09,満潮,159,小潮相当,81
2026,20261020,2026-10-20 19:58,干潮,125,小潮相当,81
2026,20261021,2026-10-21 00:11,満潮,139,小潮相当,95
2026,20261021,2026-10-21 07:22,干潮,73,小潮相当,95
2026,20261021,2026-10-21 14:37,満潮,168,小潮相当,95
2026,20261021,2026-10-21 20:34,干潮,107,小潮相当,95
2026,20261022,2026-10-22 01:45,満潮,151,小潮相当,108
2026,20261022,2026-10-22 08:16,干潮,68,小潮相当,108
2026,20261022,2026-10-22 14:59,満潮,176,小潮相当,108
2026,20261022,2026-10-22 21:04,干潮,87,小潮相当,108
2026,20261023,2026-10-23 02:40,満潮,167,小潮相当,119
2026,20261023,2026-10-23 08:59,干潮,65,小潮相当,119
2026,20261023,2026-10-23 15:20,満潮,184,小潮相当,119
2026,20261023,2026-10-23 21:33,干潮,65,小潮相当,119
2026,20261024,2026-10-24 03:26,満潮,182,中潮相当,148
2026,20261024,2026-10-24 09:37,干潮,66,中潮相当,148
2026,20261024,2026-10-24 15:42,満潮,192,中潮相当,148
2026,20261024,2026-10-24 22:03,干潮,44,中潮相当,148
2026,20261025,2026-10-25 04:09,満潮,195,大潮相当,173
2026,20261025,2026-10-25 10:13,干潮,70,大潮相当,173
2026,20261025,2026-10-25 16:05,満潮,198,大潮相当,173
2026,20261025,2026-10-25 22:35,干潮,25,大潮相当,173
2026,20261026,2026-10-26 04:52,満潮,203,大潮相当,193
2026,20261026,2026-10-26 10:49,干潮,78,大潮相当,193
2026,20261026,2026-10-26 16:30,満潮,203,大潮相当,193
2026,20261026,2026-10-26 23:09,干潮,10,大潮相当,193
2026,20261027,2026-10-27 05:36,満潮,206,小潮相当,117
2026,20261027,2026-10-27 11:24,干潮,89,小潮相当,117
2026,20261027,2026-10-27 16:55,満潮,206,小潮相当,117
2026,20261028,2026-10-28 06:21,満潮,202,小潮相当,104
2026,20261028,2026-10-28 11:58,干潮,101,小潮相当,104
2026,20261028,2026-10-28 17:22,満潮,205,小潮相当,104
2026,20261029,2026-10-29 07:10,満潮,192,大潮相当,199
2026,20261029,2026-10-29 17:51,満潮,201,大潮相当,199
2026,20261030,2026-10-30 01:07,干潮,7,大潮相当,185
2026,20261030,2026-10-30 08:04,満潮,180,大潮相当,185
2026,20261030,2026-10-30 13:08,干潮,125,大潮相当,185
2026,20261030,2026-10-30 18:21,満潮,192,大潮相当,185
2026,20261031,2026-10-31 01:56,干潮,21,中潮相当,159
2026,20261031,2026-10-31 09:10,満潮,166,中潮相当,159
2026,20261031,2026-10-31 13:49,干潮,134,中潮相当,159
2026,20261031,2026-10-31 18:55,満潮,180,中潮相当,159
2026,20261101,2026-11-01 02:55,干潮,37,中潮相当,126
2026,20261101,2026-11-01 10:36,満潮,158,中潮相当,126
2026,20261101,2026-11-01 14:52,干潮,140,中潮相当,126
2026,20261101,2026-11-01 19:39,満潮,163,中潮相当,126
2026,20261102,2026-11-02 04:11,干潮,53,小潮相当,104
2026,20261102,2026-11-02 12:12,満潮,157,小潮相当,104
2026,20261102,2026-11-02 17:28,干潮,138,小潮相当,104
2026,20261102,2026-11-02 21:42,満潮,145,小潮相当,104
2026,20261103,2026-11-03 05:41,干潮,64,小潮相当,97
2026,20261103,2026-11-03 13:17,満潮,161,小潮相当,97
2026,20261103,2026-11-03 19:33,干潮,118,小潮相当,97
2026,20261104,2026-11-04 00:31,満潮,146,小潮相当,98
2026,20261104,2026-11-04 07:00,干潮,69,小潮相当,98
2026,20261104,2026-11-04 13:56,満潮,167,小潮相当,98
2026,20261104,2026-11-04 20:18,干潮,94,小潮相当,98
2026,20261105,2026-11-05 01:57,満潮,157,小潮相当,102
2026,20261105,2026-11-05 07:59,干潮,73,小潮相当,102
2026,20261105,2026-11-05 14:26,満潮,174,小潮相当,102
2026,20261105,2026-11-05 20:54,干潮,72,小潮相当,102
2026,20261106,2026-11-06 02:56,満潮,170,中潮相当,129
2026,20261106,2026-11-06 08:47,干潮,77,中潮相当,129
2026,20261106,2026-11-06 14:53,満潮,181,中潮相当,129
2026,20261106,2026-11-06 21:27,干潮,52,中潮相当,129
2026,20261107,2026-11-07 03:44,満潮,181,中潮相当,152
2026,20261107,2026-11-07 09:29,干潮,82,中潮相当,152
2026,20261107,2026-11-07 15:18,満潮,187,中潮相当,152
2026,20261107,2026-11-07 21:59,干潮,35,中潮相当,152
2026,20261108,2026-11-08 04:27,満潮,189,大潮相当,168
2026,20261108,2026-11-08 10:06,干潮,88,大潮相当,168
2026,20261108,2026-11-08 15:44,満潮,192,大潮相当,168
2026,20261108,2026-11-08 22:30,干潮,24,大潮相当,168
2026,20261109,2026-11-09 05:06,満潮,193,大潮相当,177
2026,20261109,2026-11-09 10:42,干潮,94,大潮相当,177
2026,20261109,2026-11-09 16:10,満潮,194,大潮相当,177
2026,20261109,2026-11-09 23:01,干潮,17,大潮相当,177
2026,20261110,2026-11-10 05:43,満潮,193,大潮相当,180
2026,20261110,2026-11-10 11:15,干潮,100,大潮相当,180
2026,20261110,2026-11-10 16:36,満潮,195,大潮相当,180
2026,20261110,2026-11-10 23:32,干潮,15,大潮相当,180
2026,20261111,2026-11-11 06:19,満潮,190,小潮相当,89
2026,20261111,2026-11-11 11:47,干潮,105,小潮相当,89
2026,20261111,2026-11-11 17:02,満潮,194,小潮相当,89
2026,20261112,2026-11-12 00:03,干潮,17,大潮相当,173
2026,20261112,2026-11-12 06:55,満潮,184,大潮相当,173
2026,20261112,2026-11-12 12:19,干潮,110,大潮相当,173
2026,20261112,2026-11-12 17:29,満潮,190,大潮相当,173
2026,20261113,2026-11-13 00:34,干潮,22,大潮相当,163
2026,20261113,2026-11-13 07:32,満潮,176,大潮相当,163
2026,20261113,2026-11-13 12:50,干潮,114,大潮相当,163
2026,20261113,2026-11-13 17:58,満潮,185,大潮相当,163
2026,20261114,2026-11-14 01:08,干潮,30,中潮相当,146
2026,20261114,2026-11-14 08:13,満潮,168,中潮相当,146
2026,20261114,2026-11-14 13:23,干潮,119,中潮相当,146
2026,20261114,2026-11-14 18:27,満潮,176,中潮相当,146
2026,20261115,2026-11-15 01:44,干潮,40,中潮相当,125
2026,20261115,2026-11-15 09:01,満潮,160,中潮相当,125
2026,20261115,2026-11-15 14:01,干潮,123,中潮相当,125
2026,20261115,2026-11-15 19:00,満潮,165,中潮相当,125
2026,20261116,2026-11-16 02:26,干潮,51,小潮相当,103
2026,20261116,2026-11-16 10:00,満潮,154,小潮相当,103
2026,20261116,2026-11-16 14:57,干潮,127,小潮相当,103
2026,20261116,2026-11-16 19:42,満潮,152,小潮相当,103
2026,20261117,2026-11-17 03:20,干潮,62,小潮相当,91
2026,20261117,2026-11-17 11:08,満潮,153,小潮相当,91
2026,20261117,2026-11-17 16:42,干潮,126,小潮相当,91
2026,20261117,2026-11-17 21:00,満潮,139,小潮相当,91
2026,20261118,2026-11-18 04:32,干潮,72,小潮相当,84
2026,20261118,2026-11-18 12:11,満潮,156,小潮相当,84
2026,20261118,2026-11-18 18:43,干潮,113,小潮相当,84
2026,20261118,2026-11-18 23:12,満潮,133,小潮相当,84
2026,20261119,2026-11-19 05:59,干潮,79,小潮相当,82
2026,20261119,2026-11-19 13:00,満潮,161,小潮相当,82
2026,20261119,2026-11-19 19:40,干潮,93,小潮相当,82
2026,20261120,2026-11-20 00:59,満潮,140,小潮相当,98
2026,20261120,2026-11-20 07:11,干潮,83,小潮相当,98
2026,20261120,2026-11-20 13:38,満潮,168,小潮相当,98
2026,20261120,2026-11-20 20:19,干潮,70,小潮相当,98
2026,20261121,2026-11-21 02:14,満潮,155,中潮相当,130
2026,20261121,2026-11-21 08:08,干潮,86,中潮相当,130
2026,20261121,2026-11-21 14:11,満潮,176,中潮相当,130
2026,20261121,2026-11-21 20:54,干潮,46,中潮相当,130
2026,20261122,2026-11-22 03:12,満潮,171,大潮相当,160
2026,20261122,2026-11-22 08:57,干潮,90,大潮相当,160
2026,20261122,2026-11-22 14:43,満潮,184,大潮相当,160
2026,20261122,2026-11-22 21:30,干潮,24,大潮相当,160
2026,20261123,2026-11-23 04:04,満潮,185,大潮相当,187
2026,20261123,2026-11-23 09:41,干潮,95,大潮相当,187
2026,20261123,2026-11-23 15:16,満潮,191,大潮相当,187
2026,20261123,2026-11-23 22:08,干潮,4,大潮相当,187
2026,20261124,2026-11-24 04:52,満潮,194,大潮相当,206
2026,20261124,2026-11-24 10:24,干潮,102,大潮相当,206
2026,20261124,2026-11-24 15:50,満潮,197,大潮相当,206
2026,20261124,2026-11-24 22:48,干潮,-9,大潮相当,206
2026,20261125,2026-11-25 05:39,満潮,198,大潮相当,216
2026,20261125,2026-11-25 11:05,干潮,108,大潮相当,216
2026,20261125,2026-11-25 16:25,満潮,201,大潮相当,216
2026,20261125,2026-11-25 23:30,干潮,-15,大潮相当,216
2026,20261126,2026-11-26 06:27,満潮,196,小潮相当,87
2026,20261126,2026-11-26 11:46,干潮,114,小潮相当,87
2026,20261126,2026-11-26 17:01,満潮,201,小潮相当,87
2026,20261127,2026-11-27 00:15,干潮,-14,大潮相当,211
2026,20261127,2026-11-27 07:16,満潮,189,大潮相当,211
2026,20261127,2026-11-27 12:28,干潮,119,大潮相当,211
2026,20261127,2026-11-27 17:39,満潮,197,大潮相当,211
2026,20261128,2026-11-28 01:02,干潮,-5,大潮相当,193
2026,20261128,2026-11-28 08:07,満潮,179,大潮相当,193
2026,20261128,2026-11-28 13:12,干潮,121,大潮相当,193
2026,20261128,2026-11-28 18:20,満潮,188,大潮相当,193
2026,20261129,2026-11-29 01:52,干潮,10,大潮相当,163
2026,20261129,2026-11-29 08:59,満潮,170,大潮相当,163
2026,20261129,2026-11-29 14:01,干潮,122,大潮相当,163
2026,20261129,2026-11-29 19:07,満潮,173,大潮相当,163
2026,20261130,2026-11-30 02:43,干潮,28,中潮相当,135
2026,20261130,2026-11-30 09:53,満潮,163,中潮相当,135
2026,20261130,2026-11-30 15:04,干潮,120,中潮相当,135
2026,20261130,2026-11-30 20:10,満潮,156,中潮相当,135
2026,20261201,2026-12-01 03:39,干潮,49,小潮相当,110
2026,20261201,2026-12-01 10:45,満潮,159,小潮相当,110
2026,20261201,2026-12-01 16:36,干潮,114,小潮相当,110
2026,20261201,2026-12-01 21:53,満潮,141,小潮相当,110
2026,20261202,2026-12-02 04:43,干潮,68,小潮相当,91
2026,20261202,2026-12-02 11:34,満潮,159,小潮相当,91
2026,20261202,2026-12-02 18:24,干潮,98,小潮相当,91
2026,20261202,2026-12-02 23:56,満潮,136,小潮相当,91
2026,20261203,2026-12-03 05:54,干潮,84,小潮相当,83
2026,20261203,2026-12-03 12:20,満潮,161,小潮相当,83
2026,20261203,2026-12-03 19:32,干潮,78,小潮相当,83
2026,20261204,2026-12-04 01:39,満潮,142,小潮相当,106
2026,20261204,2026-12-04 07:03,干潮,95,小潮相当,106
2026,20261204,2026-12-04 13:04,満潮,165,小潮相当,106
2026,20261204,2026-12-04 20:18,干潮,59,小潮相当,106
2026,20261205,2026-12-05 02:54,満潮,153,中潮相当,128
2026,20261205,2026-12-05 08:03,干潮,102,中潮相当,128
2026,20261205,2026-12-05 13:46,満潮,170,中潮相当,128
2026,20261205,2026-12-05 20:58,干潮,42,中潮相当,128
2026,20261206,2026-12-06 03:49,満潮,165,中潮相当,146
2026,20261206,2026-12-06 08:54,干潮,107,中潮相当,146
2026,20261206,2026-12-06 14:26,満潮,175,中潮相当,146
2026,20261206,2026-12-06 21:34,干潮,29,中潮相当,146
2026,20261207,2026-12-07 04:32,満潮,175,大潮相当,160
2026,20261207,2026-12-07 09:40,干潮,109,大潮相当,160
2026,20261207,2026-12-07 15:04,満潮,179,大潮相当,160
2026,20261207,2026-12-07 22:08,干潮,19,大潮相当,160
2026,20261208,2026-12-08 05:09,満潮,181,大潮相当,170
2026,20261208,2026-12-08 10:21,干潮,109,大潮相当,170
2026,20261208,2026-12-08 15:39,満潮,183,大潮相当,170
2026,20261208,2026-12-08 22:42,干潮,13,大潮相当,170
2026,20261209,2026-12-09 05:43,満潮,184,大潮相当,176
2026,20261209,2026-12-09 10:58,干潮,109,大潮相当,176
2026,20261209,2026-12-09 16:13,満潮,186,大潮相当,176
2026,20261209,2026-12-09 23:16,干潮,10,大潮相当,176
2026,20261210,2026-12-10 06:16,満潮,184,大潮相当,177
2026,20261210,2026-12-10 11:34,干潮,109,大潮相当,177
2026,20261210,2026-12-10 16:45,満潮,187,大潮相当,177
2026,20261210,2026-12-10 23:50,干潮,10,大潮相当,177
2026,20261211,2026-12-11 06:48,満潮,181,長潮相当,78
2026,20261211,2026-12-11 12:07,干潮,108,長潮相当,78
2026,20261211,2026-12-11 17:16,満潮,186,長潮相当,78
2026,20261212,2026-12-12 00:23,干潮,13,大潮相当,169
2026,20261212,2026-12-12 07:20,満潮,176,大潮相当,169
2026,20261212,2026-12-12 12:40,干潮,107,大潮相当,169
2026,20261212,2026-12-12 17:48,満潮,182,大潮相当,169
2026,20261213,2026-12-13 00:55,干潮,18,中潮相当,157
2026,20261213,2026-12-13 07:53,満潮,171,中潮相当,157
2026,20261213,2026-12-13 13:14,干潮,107,中潮相当,157
2026,20261213,2026-12-13 18:21,満潮,175,中潮相当,157
2026,20261214,2026-12-14 01:28,干潮,26,中潮相当,141
2026,20261214,2026-12-14 08:28,満潮,167,中潮相当,141
2026,20261214,2026-12-14 13:51,干潮,107,中潮相当,141
2026,20261214,2026-12-14 18:58,満潮,166,中潮相当,141
2026,20261215,2026-12-15 02:01,干潮,36,中潮相当,127
2026,20261215,2026-12-15 09:06,満潮,163,中潮相当,127
2026,20261215,2026-12-15 14:37,干潮,106,中潮相当,127
2026,20261215,2026-12-15 19:44,満潮,153,中潮相当,127
2026,20261216,2026-12-16 02:37,干潮,49,小潮相当,112
2026,20261216,2026-12-16 09:46,満潮,161,小潮相当,112
2026,20261216,2026-12-16 15:38,干潮,104,小潮相当,112
2026,20261216,2026-12-16 20:48,満潮,141,小潮相当,112
2026,20261217,2026-12-17 03:20,干潮,64,小潮相当,97
2026,20261217,2026-12-17 10:28,満潮,161,小潮相当,97
2026,20261217,2026-12-17 17:05,干潮,96,小潮相当,97
2026,20261217,2026-12-17 22:19,満潮,132,小潮相当,97
2026,20261218,2026-12-18 04:18,干潮,81,小潮相当,82
2026,20261218,2026-12-18 11:12,満潮,162,小潮相当,82
2026,20261218,2026-12-18 18:29,干潮,80,小潮相当,82
2026,20261219,2026-12-19 00:03,満潮,132,小潮相当,106
2026,20261219,2026-12-19 05:43,干潮,96,小潮相当,106
2026,20261219,2026-12-19 12:00,満潮,164,小潮相当,106
2026,20261219,2026-12-19 19:28,干潮,58,小潮相当,106
2026,20261220,2026-12-20 01:49,満潮,142,中潮相当,133
2026,20261220,2026-12-20 07:09,干潮,107,中潮相当,133
2026,20261220,2026-12-20 12:50,満潮,168,中潮相当,133
2026,20261220,2026-12-20 20:17,干潮,35,中潮相当,133
2026,20261221,2026-12-21 03:12,満潮,158,大潮相当,161
2026,20261221,2026-12-21 08:18,干潮,113,大潮相当,161
2026,20261221,2026-12-21 13:44,満潮,174,大潮相当,161
2026,20261221,2026-12-21 21:03,干潮,13,大潮相当,161
2026,20261222,2026-12-22 04:12,満潮,174,大潮相当,186
2026,20261222,2026-12-22 09:16,干潮,117,大潮相当,186
2026,20261222,2026-12-22 14:36,満潮,181,大潮相当,186
2026,20261222,2026-12-22 21:49,干潮,-5,大潮相当,186
2026,20261223,2026-12-23 05:01,満潮,185,大潮相当,207
2026,20261223,2026-12-23 10:09,干潮,118,大潮相当,207
2026,20261223,2026-12-23 15:26,満潮,190,大潮相当,207
2026,20261223,2026-12-23 22:37,干潮,-17,大潮相当,207
2026,20261224,2026-12-24 05:46,満潮,191,大潮相当,219
2026,20261224,2026-12-24 10:58,干潮,116,大潮相当,219
2026,20261224,2026-12-24 16:13,満潮,196,大潮相当,219
2026,20261224,2026-12-24 23:25,干潮,-23,大潮相当,219
2026,20261225,2026-12-25 06:28,満潮,191,小潮相当,86
2026,20261225,2026-12-25 11:44,干潮,113,小潮相当,86
2026,20261225,2026-12-25 16:59,満潮,199,小潮相当,86
2026,20261226,2026-12-26 00:12,干潮,-21,大潮相当,217
2026,20261226,2026-12-26 07:09,満潮,187,大潮相当,217
2026,20261226,2026-12-26 12:28,干潮,108,大潮相当,217
2026,20261226,2026-12-26 17:43,満潮,196,大潮相当,217
2026,20261227,2026-12-27 00:57,干潮,-12,大潮相当,200
2026,20261227,2026-12-27 07:47,満潮,181,大潮相当,200
2026,20261227,2026-12-27 13:11,干潮,102,大潮相当,200
2026,20261227,2026-12-27 18:29,満潮,188,大潮相当,200
2026,20261228,2026-12-28 01:40,干潮,4,大潮相当,171
2026,20261228,2026-12-28 08:23,満潮,175,大潮相当,171
2026,20261228,2026-12-28 13:54,干潮,97,大潮相当,171
2026,20261228,2026-12-28 19:17,満潮,174,大潮相当,171
2026,20261229,2026-12-29 02:19,干潮,25,中潮相当,145
2026,20261229,2026-12-29 08:56,満潮,170,中潮相当,145
2026,20261229,2026-12-29 14:42,干潮,92,中潮相当,145
2026,20261229,2026-12-29 20:14,満潮,157,中潮相当,145
2026,20261230,2026-12-30 02:57,干潮,49,小潮相当,117
2026,20261230,2026-12-30 09:28,満潮,166,小潮相当,117
2026,20261230,2026-12-30 15:41,干潮,87,小潮相当,117
2026,20261230,2026-12-30 21:25,満潮,140,小潮相当,117
2026,20261231,2026-12-31 03:33,干潮,73,小潮相当,93
2026,20261231,2026-12-31 09:57,満潮,166,小潮相当,93
2026,20261231,2026-12-31 17:00,干潮,80,小潮相当,93
2026,20261231,2026-12-31 23:01,満潮,127,小潮相当,93
