reg_no,name,branch,grade,age,weight,grade_num,is_A1,is_B2,age_group,is_A2,is_B1,has_player_master
310,安 岐 義 晴,香川,B2,19.6,,1.0,0,1,~25,0,0,1
928,森 田 敏,長崎,B1,16.9,,2.0,0,0,~25,0,1,1
1370,小 澤 成 吉,愛知,B1,11.5,,2.0,0,0,~25,0,1,1
1481,北 原 友 次,岡山,B1,10.7,,2.0,0,0,~25,0,1,1
1485,加 藤 峻 二,埼玉,B1,9.0,,2.0,0,0,~25,0,1,1
1531,井 上 弘,群馬,B1,11.1,,2.0,0,0,~25,0,1,1
1620,星 野 幸 正,群馬,B2,9.8,,1.0,0,1,~25,0,0,1
1629,須 藤 経 夫,群馬,B1,8.1,,2.0,0,0,~25,0,1,1
1643,武 田 章,岡山,B1,8.9,,2.0,0,0,~25,0,1,1
1670,岩 口 昭 三,福井,B2,8.8,,1.0,0,1,~25,0,0,1
1710,万 谷 章,岡山,B1,7.1,,2.0,0,0,~25,0,1,1
1738,松 本 進,愛知,B2,9.1,,1.0,0,1,~25,0,0,1
1754,伊 達 哲,兵庫,B1,6.6,,2.0,0,0,~25,0,1,1
1759,酒 井 忠 義,香川,B1,4.3,,2.0,0,0,~25,0,1,1
1781,谷 川 宏 之,愛知,B1,10.9,,2.0,0,0,~25,0,1,1
1812,長 嶺 豊,大阪,B1,7.2,,2.0,0,0,~25,0,1,1
1825,森 満 弘,香川,B1,3.9,,2.0,0,0,~25,0,1,1
1843,小 林 一 生,福岡,B1,9.4,,2.0,0,0,~25,0,1,1
1849,田 中 理,茨城,B1,8.3,,2.0,0,0,~25,0,1,1
1853,大 平 浩 士,岡山,B1,7.8,,2.0,0,0,~25,0,1,1
1860,黒 石 旦 明,香川,B1,6.4,,2.0,0,0,~25,0,1,1
1864,安 岐 真 人,香川,B1,6.0,,2.0,0,0,~25,0,1,1
1875,縄 谷 博 一,千葉,B1,9.0,,2.0,0,0,~25,0,1,1
1884,柴 田 稔,静岡,B1,10.3,,2.0,0,0,~25,0,1,1
1897,石 塚 憲 明,静岡,B2,7.6,,1.0,0,1,~25,0,0,1
1910,大 森 健 二,岡山,B2,3.3,,1.0,0,1,~25,0,0,1
1911,加 藤 元 三,福井,B1,2.6,,2.0,0,0,~25,0,1,1
1914,佐 竹 孝 雄,滋賀,B2,5.1,,1.0,0,1,~25,0,0,1
1924,野 口 徳 三,大阪,B1,8.8,,2.0,0,0,~25,0,1,1
1932,高 崎 靖 徳,香川,B2,7.5,,1.0,0,1,~25,0,0,1
1936,大 屋 勝 利,福岡,B2,7.1,,1.0,0,1,~25,0,0,1
1938,浮 田 明,岡山,B2,6.2,,1.0,0,1,~25,0,0,1
1939,柿 本 清 春,長崎,B1,6.1,,2.0,0,0,~25,0,1,1
1942,石 田 栄 章,岡山,B1,5.5,,2.0,0,0,~25,0,1,1
1948,脇 山 久 夫,佐賀,B2,4.2,,1.0,0,1,~25,0,0,1
1952,村 田 瑞 穂,三重,B1,3.3,,2.0,0,0,~25,0,1,1
1962,井 上 利 明,大阪,B1,9.2,,2.0,0,0,~25,0,1,1
1974,村 井 重 俊,滋賀,B1,6.7,,2.0,0,0,~25,0,1,1
1976,川 端 寛,福岡,B2,6.1,,1.0,0,1,~25,0,0,1
1977,藤 井 輝 夫,佐賀,B1,6.0,,2.0,0,0,~25,0,1,1
1985,児 玉 冨美雄,福岡,B2,3.7,,1.0,0,1,~25,0,0,1
2006,益 田 訓 夫,大阪,B1,6.3,,2.0,0,0,~25,0,1,1
2014,高 塚 清 一,静岡,B1,3.8,,2.0,0,0,~25,0,1,1
2015,近 藤 幸 男ｺﾝﾄﾞ,,,,,,0,0,,0,0,1
2016,森 田 謙 治,長崎,B2,3.5,,1.0,0,1,~25,0,0,1
2021,古 賀 武日児,福岡,B1,1.7,,2.0,0,0,~25,0,1,1
2022,平 野 小 六,福井,B1,1.3,,2.0,0,0,~25,0,1,1
2023,堤 栄一郎,長崎,B2,1.3,,1.0,0,1,~25,0,0,1
2031,中 西 寛 治,福岡,B1,8.0,,2.0,0,0,~25,0,1,1
2034,谷 口 誠,広島,B1,7.3,,2.0,0,0,~25,0,1,1
2036,倉 重 宏 明,福岡,B1,7.0,,2.0,0,0,~25,0,1,1
2038,鈴 木 錦 一,愛知,B1,6.7,,2.0,0,0,~25,0,1,1
2042,金 井 秀 夫,群馬,B1,5.7,,2.0,0,0,~25,0,1,1
2044,友 永 健 策,福岡,B1,5.7,,2.0,0,0,~25,0,1,1
2046,榊 原 利 行,愛知,B2,5.2,,1.0,0,1,~25,0,0,1
2049,佐 口 芳 男,群馬,B1,4.1,,2.0,0,0,~25,0,1,1
2054,安 岐 保,香川,B1,3.6,,2.0,0,0,~25,0,1,1
2055,赤 峰 敏 春,佐賀,B1,1.7,,2.0,0,0,~25,0,1,1
2056,池 畑 照 正,香川,B1,1.5,,2.0,0,0,~25,0,1,1
2057,向 井 康 博,岡山,B2,1.3,,1.0,0,1,~25,0,0,1
2061,沢 田 茂 晴,兵庫,B2,9.0,,1.0,0,1,~25,0,0,1
2070,山 本 忠,岡山,B1,5.9,,2.0,0,0,~25,0,1,1
2073,村 上 一 行,岡山,B1,5.5,,2.0,0,0,~25,0,1,1
2074,広 瀬 政 憲,兵庫,B1,5.5,,2.0,0,0,~25,0,1,1
2083,森 永 修,福岡,B1,3.7,,2.0,0,0,~25,0,1,1
2084,納 富 英 昭,佐賀,A2,3.7,,3.0,0,0,~25,1,0,1
2086,戸 田 千 秋,岡山,B2,3.5,,1.0,0,1,~25,0,0,1
2090,黒 明 良 光,岡山,B2,3.1,,1.0,0,1,~25,0,0,1
2091,小 池 正 治,埼玉,B1,3.0,,2.0,0,0,~25,0,1,1
2092,広 田 信 男,徳島,B1,2.4,,2.0,0,0,~25,0,1,1
2094,浦 本 正 喜,広島,B1,2.0,,2.0,0,0,~25,0,1,1
2104,宮 野 日富美,福岡,B1,8.4,,2.0,0,0,~25,0,1,1
2111,鎌 野 武,香川,B1,7.1,,2.0,0,0,~25,0,1,1
2118,山 口 勲,愛知,B2,5.9,,1.0,0,1,~25,0,0,1
2121,高 橋 渉,香川,B1,5.1,,2.0,0,0,~25,0,1,1
2124,田 鍋 慶 一,岡山,B2,4.4,,1.0,0,1,~25,0,0,1
2127,村 島 昇,徳島,B1,4.3,,2.0,0,0,~25,0,1,1
2128,練 木 正 義,三重,B2,4.1,,1.0,0,1,~25,0,0,1
2129,山 中 貞 治,福岡,B1,3.9,,2.0,0,0,~25,0,1,1
2134,橋 本 恵 治,群馬,B1,3.0,,2.0,0,0,~25,0,1,1
2136,丸 山 隆,兵庫,B2,2.7,,1.0,0,1,~25,0,0,1
2143,東 昭 廣,長崎,B1,7.2,,2.0,0,0,~25,0,1,1
2144,倉 橋 良 彦,静岡,B2,7.0,,1.0,0,1,~25,0,0,1
2145,西 島 一 光,福岡,B1,6.6,,2.0,0,0,~25,0,1,1
2146,白 木 満,福岡,B1,6.3,,2.0,0,0,~25,0,1,1
2148,近 藤 克 行,静岡,B1,5.4,,2.0,0,0,~25,0,1,1
2154,新 田 吉 夫,岡山,B1,4.0,,2.0,0,0,~25,0,1,1
2160,立 山 一 馬,大阪,B1,3.4,,2.0,0,0,~25,0,1,1
2162,渡 辺 定 雄,埼玉,B2,3.1,,1.0,0,1,~25,0,0,1
2167,田 代 敏 明,福岡,B1,2.0,,2.0,0,0,~25,0,1,1
2169,山 口 雅 司,東京,B1,1.8,,2.0,0,0,~25,0,1,1
2170,古 川 文 雄,佐賀,B2,1.8,,1.0,0,1,~25,0,0,1
2179,吉 岡 勤,大阪,B2,6.4,,1.0,0,1,~25,0,0,1
2190,岩 下 太 男,佐賀,B1,4.1,,2.0,0,0,~25,0,1,1
2192,伊 達 喬,兵庫,B2,3.7,,1.0,0,1,~25,0,0,1
2194,神ノ口 国 光,三重,B2,3.6,,1.0,0,1,~25,0,0,1
2195,樋 口 保 宏,長崎,B2,3.5,,1.0,0,1,~25,0,0,1
2198,森 實,徳島,B2,3.3,,1.0,0,1,~25,0,0,1
2199,川 上 良 雄,福岡,B2,3.3,,1.0,0,1,~25,0,0,1
2200,荒 木 保 昌,兵庫,B1,3.3,,2.0,0,0,~25,0,1,1
2201,神 山 義 雄,東京,B2,3.2,,1.0,0,1,~25,0,0,1
2205,福 永 達 夫,山口,B2,2.8,,1.0,0,1,~25,0,0,1
2207,西 影 喜 春,兵庫,B2,2.7,,1.0,0,1,~25,0,0,1
2209,内 堀 和 雄,埼玉,B2,2.5,,1.0,0,1,~25,0,0,1
2210,水 本 昭 博,香川,B1,2.3,,2.0,0,0,~25,0,1,1
2212,後 川 博,大阪,B1,1.9,,2.0,0,0,~25,0,1,1
2214,吉 田 芳 夫,兵庫,B1,1.4,,2.0,0,0,~25,0,1,1
2218,上 野 賢 裕,山口,B1,7.1,,2.0,0,0,~25,0,1,1
2223,山 下 恭 文,佐賀,B1,6.1,,2.0,0,0,~25,0,1,1
2224,梶 原 浩 一,福岡,B1,5.9,,2.0,0,0,~25,0,1,1
2226,町 田 正 明,埼玉,B1,5.8,,2.0,0,0,~25,0,1,1
2238,金 谷 英 男,大阪,B1,4.4,,2.0,0,0,~25,0,1,1
2243,松 井 正 男,高知,B2,3.6,,1.0,0,1,~25,0,0,1
2248,木 村 正太郎,福岡,B2,2.8,,1.0,0,1,~25,0,0,1
2249,福 田 栄 治,群馬,B1,2.9,,2.0,0,0,~25,0,1,1
2253,横 山 進 一,三重,B1,2.6,,2.0,0,0,~25,0,1,1
2256,西 尾 照 雄,兵庫,B2,2.4,,1.0,0,1,~25,0,0,1
2260,林 通,岡山,B1,2.2,,2.0,0,0,~25,0,1,1
2265,山 本 義 隆,佐賀,B2,1.9,,1.0,0,1,~25,0,0,1
2273,原 田 順 一,福岡,B1,1.1,,2.0,0,0,~25,0,1,1
2275,江 原 正 義,群馬,B1,1.0,,2.0,0,0,~25,0,1,1
2276,古 谷 猛,岡山,B1,0.9,,2.0,0,0,~25,0,1,1
2277,藤 井 孝 臣,山口,B1,0.9,,2.0,0,0,~25,0,1,1
2278,元 井 秀 行,三重,B1,0.8,,2.0,0,0,~25,0,1,1
2283,内 田 功,埼玉,B1,5.5,,2.0,0,0,~25,0,1,1
2285,古 賀 藤 太,福岡,B1,4.1,,2.0,0,0,~25,0,1,1
2288,吉 田 重 義,大阪,B1,1.8,,2.0,0,0,~25,0,1,1
2289,上 船 俊 一,奈良,B2,7.3,,1.0,0,1,~25,0,0,1
2291,野 中 和 夫,大阪,B2,7.0,,1.0,0,1,~25,0,0,1
2299,鍵和田 勇,東京,B1,4.9,,2.0,0,0,~25,0,1,1
2300,野 畑 哲 男,愛知,B2,4.8,,1.0,0,1,~25,0,0,1
2301,窪 田 稔,岡山,B2,4.5,,1.0,0,1,~25,0,0,1
2305,竹 村 一 雄,兵庫,B2,4.3,,1.0,0,1,~25,0,0,1
2307,柚 木 益 巳 ﾕﾉｷ,,,,,,0,0,,0,0,1
2308,筒 井 賢四郎,佐賀,B1,4.1,,2.0,0,0,~25,0,1,1
2309,田 中 道 男,愛知,B2,4.1,,1.0,0,1,~25,0,0,1
2311,小 西 元 親,佐賀,B2,4.0,,1.0,0,1,~25,0,0,1
2312,本 井 伸 一,香川,B1,4.0,,2.0,0,0,~25,0,1,1
2314,橋 本 淳 二,福岡,B1,3.8,,2.0,0,0,~25,0,1,1
2315,近 藤 三 幹,愛知,B2,3.8,,1.0,0,1,~25,0,0,1
2319,土 澤 栄,栃木,B2,3.2,,1.0,0,1,~25,0,0,1
2320,石 田 哲 実,岡山,B1,3.1,,2.0,0,0,~25,0,1,1
2322,浜 地 冨美雄,大阪,B1,3.0,,2.0,0,0,~25,0,1,1
2323,矢 内 久 功,群馬,B2,2.8,,1.0,0,1,~25,0,0,1
2325,渡 辺 義 則,宮崎,A1,2.5,,4.0,1,0,~25,0,0,1
2326,紫 垣 順 一,熊本,B1,2.4,,2.0,0,0,~25,0,1,1
2329,永 滝 芳 行,埼玉,B1,2.0,,2.0,0,0,~25,0,1,1
2330,磯 野 勇 治,静岡,B2,1.9,,1.0,0,1,~25,0,0,1
2331,溝 口 聖 悟,福岡,B1,1.8,,2.0,0,0,~25,0,1,1
2342,小 林 旭,群馬,B1,6.4,,2.0,0,0,~25,0,1,1
2345,三 島 豊 弘,福岡,A2,4.5,,3.0,0,0,~25,1,0,1
2348,糸 平 邦 功,埼玉,B2,3.9,,1.0,0,1,~25,0,0,1
2349,野 末 昌 男,静岡,B2,3.6,,1.0,0,1,~25,0,0,1
2350,杉 本 博 明,熊本,B1,3.5,,2.0,0,0,~25,0,1,1
2352,渡 辺 一三六,愛知,B1,3.4,,2.0,0,0,~25,0,1,1
2355,茂 木 敏 男,埼玉,B2,3.3,,1.0,0,1,~25,0,0,1
2357,羽 尾 勉,埼玉,B1,3.2,,2.0,0,0,~25,0,1,1
2358,谷 添 悟,熊本,B1,3.2,,2.0,0,0,~25,0,1,1
2359,柳 川 晃 広,徳島,A2,3.2,,3.0,0,0,~25,1,0,1
2361,鍛 治 義 晴,徳島,B1,3.0,,2.0,0,0,~25,0,1,1
2362,淺 香 登,三重,B1,2.9,,2.0,0,0,~25,0,1,1
2364,井 芹 巧,熊本,B1,2.5,,2.0,0,0,~25,0,1,1
2370,上 中 俊 夫,大阪,B2,1.9,,1.0,0,1,~25,0,0,1
2371,古 川 吉 郎,徳島,B1,1.9,,2.0,0,0,~25,0,1,1
2372,石 川 正 美,愛知,B1,1.8,,2.0,0,0,~25,0,1,1
2376,新 開 文 夫,徳島,B1,0.6,,2.0,0,0,~25,0,1,1
2377,倉 尾 良 一,福岡,B1,0.6,,2.0,0,0,~25,0,1,1
2380,関 忠 志,岡山,B1,0.1,,2.0,0,0,~25,0,1,1
2382,生 部 守,京都,B2,6.3,,1.0,0,1,~25,0,0,1
2383,田 中 進 一,栃木,B2,6.3,,1.0,0,1,~25,0,0,1
2385,大 岩 章,東京,B2,2.9,,1.0,0,1,~25,0,0,1
2386,三小田 昭 光,福岡,B1,0.4,,2.0,0,0,~25,0,1,1
2387,小 川 忠 良,埼玉,B1,6.0,,2.0,0,0,~25,0,1,1
2391,大 場 利 彦 ｵｵﾊﾞ,,,,,,0,0,,0,0,1
2392,長 岡 隆 雄,群馬,B1,4.9,,2.0,0,0,~25,0,1,1
2398,白 木 正 夫,福岡,B2,3.5,,1.0,0,1,~25,0,0,1
2404,小 野 卓 生,大分,B2,3.0,,1.0,0,1,~25,0,0,1
2405,藤 井 映 二,福岡,B2,3.0,,1.0,0,1,~25,0,0,1
2407,石 川 博 美,福岡,B1,2.8,,2.0,0,0,~25,0,1,1
2408,浅 井 重 良,徳島,B1,2.7,,2.0,0,0,~25,0,1,1
2410,陶 山 優 公,茨城,B1,2.6,,2.0,0,0,~25,0,1,1
2415,須 江 雅 明,山梨,B2,2.3,,1.0,0,1,~25,0,0,1
2417,小 畑 建 策,福岡,B1,2.2,,2.0,0,0,~25,0,1,1
2418,長 島 修,佐賀,B2,2.1,,1.0,0,1,~25,0,0,1
2420,白 石 正,福岡,B2,1.8,,1.0,0,1,~25,0,0,1
2423,中 島 義 郎,福岡,B1,1.3,,2.0,0,0,~25,0,1,1
2425,内 田 光 信,埼玉,B1,0.6,,2.0,0,0,~25,0,1,1
2426,大 森 千 恵,岡山,B2,0.3,,1.0,0,1,~25,0,0,1
2429,柴 田 哲 男,三重,B2,-0.1,,1.0,0,1,,0,0,1
2430,林 貢,岡山,B1,-0.4,,2.0,0,0,,0,1,1
2434,古 藤 昇,静岡,B1,5.9,,2.0,0,0,~25,0,1,1
2438,市 川 澄 男,静岡,B1,4.1,,2.0,0,0,~25,0,1,1
2440,松 元 秀 治,福岡,B1,3.9,,2.0,0,0,~25,0,1,1
2442,山 形 義 裕,福岡,B1,3.4,,2.0,0,0,~25,0,1,1
2443,中 西 順 一,兵庫,B2,3.2,,1.0,0,1,~25,0,0,1
2445,水 野 正 三,東京,B1,3.0,,2.0,0,0,~25,0,1,1
2446,高 橋 博 文,大阪,B1,2.9,,2.0,0,0,~25,0,1,1
2447,上 島 久 男,愛知,B1,2.8,,2.0,0,0,~25,0,1,1
2448,奥 保 和 明,大阪,B1,2.8,,2.0,0,0,~25,0,1,1
2449,木 下 青 海,佐賀,B1,2.8,,2.0,0,0,~25,0,1,1
2452,鳥 居 幸 栄,愛知,B1,2.5,,2.0,0,0,~25,0,1,1
2457,堀 江 喜一郎,福岡,B2,1.6,,1.0,0,1,~25,0,0,1
2458,片 岡 行 晴,岡山,B1,1.6,,2.0,0,0,~25,0,1,1
2461,西 田 栄 二 ﾆｼﾀﾞ,,,,,,0,0,,0,0,1
2462,井 上 英 一,愛知,B1,1.0,,2.0,0,0,~25,0,1,1
2464,岩 津 宅 一,岡山,B1,0.6,,2.0,0,0,~25,0,1,1
2468,赤 峰 澄 雄,佐賀,B2,-0.8,,1.0,0,1,,0,0,1
2469,山 田 和 広,山口,B2,-0.8,,1.0,0,1,,0,0,1
2474,大 村 征 夫,広島,B2,5.8,,1.0,0,1,~25,0,0,1
2477,林 侃,大阪,B1,4.3,,2.0,0,0,~25,0,1,1
2479,上 園 正 明 ｳｴｿﾞ,,,,,,0,0,,0,0,1
2485,平 尾 修 二,香川,B2,3.0,,1.0,0,1,~25,0,0,1
2486,森 岡 正,香川,B1,2.9,,2.0,0,0,~25,0,1,1
2487,石 川 幸 夫,香川,B1,2.6,,2.0,0,0,~25,0,1,1
2488,山 路 善 己,三重,B2,2.6,,1.0,0,1,~25,0,0,1
2491,宮 原 博 昭,福岡,B2,2.2,,1.0,0,1,~25,0,0,1
2496,梶 房 幸 夫,岡山,B1,1.2,,2.0,0,0,~25,0,1,1
2497,野 崎 進,京都,B1,1.0,,2.0,0,0,~25,0,1,1
2500,富 田 章,福岡,B2,0.3,,1.0,0,1,~25,0,0,1
2501,廣 町 恵 三,群馬,B1,0.2,,2.0,0,0,~25,0,1,1
2503,須 江 直 己,東京,B2,0.0,,1.0,0,1,,0,0,1
2504,國 浦 英 徳,東京,B2,-0.0,,1.0,0,1,,0,0,1
2505,小 泉 秀 人,長崎,B1,-0.2,,2.0,0,0,,0,1,1
2507,石 野 美 好,大阪,B1,-0.6,,2.0,0,0,,0,1,1
2509,三 根 政 治,福岡,A2,4.5,,3.0,0,0,~25,1,0,1
2513,石 井 順 一,岡山,B1,3.9,,2.0,0,0,~25,0,1,1
2516,岡 正 広,香川,B1,3.3,,2.0,0,0,~25,0,1,1
2517,永 瀬 三 男 ﾅｶﾞｾ,,,,,,0,0,,0,0,1
2520,池 田 正 美,長崎,B1,3.2,,2.0,0,0,~25,0,1,1
2523,岩 科 雅 夫,静岡,B1,3.0,,2.0,0,0,~25,0,1,1
2524,柳 順 一,福岡,B2,2.9,,1.0,0,1,~25,0,0,1
2525,光 山 武,長崎,B1,2.9,,2.0,0,0,~25,0,1,1
2528,新 井 敏 司,群馬,B1,2.8,,2.0,0,0,~25,0,1,1
2529,深 見 康 司,愛知,B2,2.7,,1.0,0,1,~25,0,0,1
2531,村 外 等,福井,B2,2.4,,1.0,0,1,~25,0,0,1
2532,金 丸 和 廣,佐賀,B1,2.3,,2.0,0,0,~25,0,1,1
2533,豊 川 二 郎,徳島,B1,2.2,,2.0,0,0,~25,0,1,1
2535,矢 定 政 雄,岡山,B2,2.0,,1.0,0,1,~25,0,0,1
2536,原 準,東京,B1,1.8,,2.0,0,0,~25,0,1,1
2538,高 橋 二 朗,東京,B1,1.7,,2.0,0,0,~25,0,1,1
2542,高 辻 幸 信,愛知,B2,1.0,,1.0,0,1,~25,0,0,1
2544,大河内 修,愛知,B2,0.8,,1.0,0,1,~25,0,0,1
2545,青 山 登,群馬,B1,0.1,,2.0,0,0,~25,0,1,1
2552,金 子 文 雄,群馬,B2,4.0,,1.0,0,1,~25,0,0,1
2554,佐久間 理,佐賀,A1,3.5,,4.0,1,0,~25,0,0,1
2555,播 口 昌 司,大阪,B2,3.5,,1.0,0,1,~25,0,0,1
2560,片 山 徳 雄,山口,B1,2.3,,2.0,0,0,~25,0,1,1
2562,酒 井 壽賀夫,福岡,B1,2.2,,2.0,0,0,~25,0,1,1
2564,清 水 健,静岡,B2,2.1,,1.0,0,1,~25,0,0,1
2565,堀 田 三知治,大阪,B1,1.9,,2.0,0,0,~25,0,1,1
2568,中 村 義 雄,長崎,B1,1.4,,2.0,0,0,~25,0,1,1
2569,西 島 洋 一,兵庫,B2,1.3,,1.0,0,1,~25,0,0,1
2570,今 野 英 典,香川,B1,1.1,,2.0,0,0,~25,0,1,1
2574,大 谷 利 夫,山口,B1,0.4,,2.0,0,0,~25,0,1,1
2576,芝 岡 春 繁,広島,A2,-0.1,,3.0,0,0,,1,0,1
2579,青 野 豊,愛媛,B2,-0.2,,1.0,0,1,,0,0,1
2582,増 沢 良 二,群馬,B1,-1.5,,2.0,0,0,,0,1,1
2584,桑 村 忍 三,埼玉,B1,-1.7,,2.0,0,0,,0,1,1
2585,原 由樹夫,岡山,B1,-1.9,,2.0,0,0,,0,1,1
2586,大 坪 茂,大阪,B2,-1.9,,1.0,0,1,,0,0,1
2589,榊 原 孝,愛知,B2,3.9,,1.0,0,1,~25,0,0,1
2590,永 井 三 郎,福岡,B2,3.8,,1.0,0,1,~25,0,0,1
2593,妻夫木 重 則,佐賀,B1,3.3,,2.0,0,0,~25,0,1,1
2596,館 野 友 良,群馬,B1,2.9,,2.0,0,0,~25,0,1,1
2599,酒 井 雄 一,福井,B1,2.7,,2.0,0,0,~25,0,1,1
2602,小 池 康 夫,東京,B1,2.5,,2.0,0,0,~25,0,1,1
2604,重 成 達 郎,香川,B1,2.0,,2.0,0,0,~25,0,1,1
2606,半 田 幸 男,広島,B1,1.6,,2.0,0,0,~25,0,1,1
2611,伊 藤 幸 孝,福岡,B1,0.9,,2.0,0,0,~25,0,1,1
2612,武 岡 泰 治,徳島,B1,0.8,,2.0,0,0,~25,0,1,1
2613,難 波 雄 三,岡山,B1,0.5,,2.0,0,0,~25,0,1,1
2614,福 山 明 広,大阪,B2,-0.1,,1.0,0,1,,0,0,1
2615,内 田 孝 三,福岡,B2,-0.1,,1.0,0,1,,0,0,1
2618,志 気 英 勝,佐賀,B2,-0.3,,1.0,0,1,,0,0,1
2620,竹 内 将 浩,岡山,B1,-0.4,,2.0,0,0,,0,1,1
2623,木 村 祥 二,福岡,B1,-1.3,,2.0,0,0,,0,1,1
2624,前 野 聡,長崎,B2,-2.1,,1.0,0,1,,0,0,1
2628,木 村 四 郎,佐賀,B1,1.4,,2.0,0,0,~25,0,1,1
2629,山 根 強,広島,B1,3.7,,2.0,0,0,~25,0,1,1
2630,西 山 弘 文,香川,B1,3.4,,2.0,0,0,~25,0,1,1
2631,立 石 尚 人,兵庫,B1,3.3,,2.0,0,0,~25,0,1,1
2632,藤 原 信 吾,兵庫,B2,2.9,,1.0,0,1,~25,0,0,1
2635,酒 井 始 ｻｶｲ,,,,,,0,0,,0,0,1
2638,斉 藤 廣,熊本,B1,2.3,,2.0,0,0,~25,0,1,1
2641,橋 本 博 治,徳島,A2,2.1,,3.0,0,0,~25,1,0,1
2642,田 村 吉 三,東京,B1,2.1,,2.0,0,0,~25,0,1,1
2644,中 西 精 二,愛知,B2,1.8,,1.0,0,1,~25,0,0,1
2645,松 下 豊 治,徳島,B2,1.7,,1.0,0,1,~25,0,0,1
2646,山 本 恭 嗣,香川,B1,1.6,,2.0,0,0,~25,0,1,1
2648,池 上 哲 二,広島,B1,1.3,,2.0,0,0,~25,0,1,1
2649,大 田 豊,兵庫,B2,1.2,,1.0,0,1,~25,0,0,1
2651,木 村 文 明,大阪,B2,0.9,,1.0,0,1,~25,0,0,1
2652,田 中 徳 行,徳島,B1,0.9,,2.0,0,0,~25,0,1,1
2654,宮 崎 哲 司,徳島,B1,0.7,,2.0,0,0,~25,0,1,1
2655,益 子 良,千葉,B1,0.6,,2.0,0,0,~25,0,1,1
2659,山 内 直 人,福岡,A2,-1.6,,3.0,0,0,,1,0,1
2660,楢 崎 英 樹,佐賀,B1,-1.8,,2.0,0,0,,0,1,1
2661,秋 山 行 延,岡山,B1,-2.5,,2.0,0,0,,0,1,1
2662,粒 崎 雅 二,長崎,B2,-2.7,,1.0,0,1,,0,0,1
2664,今 垣 武 志,石川,B1,3.1,,2.0,0,0,~25,0,1,1
2665,佐久間 文 雄,埼玉,B1,3.1,,2.0,0,0,~25,0,1,1
2666,今 林 伸 正,福岡,B2,3.0,,1.0,0,1,~25,0,0,1
2667,坂 本 勝 美,大分,B1,2.9,,2.0,0,0,~25,0,1,1
2671,徳 平 弘 次,千葉,B1,2.4,,2.0,0,0,~25,0,1,1
2672,高 山 秀 則,宮崎,A1,2.1,,4.0,1,0,~25,0,0,1
2676,小 川 春 三,兵庫,B2,1.7,,1.0,0,1,~25,0,0,1
2677,出 晴 政 信,香川,B2,1.7,,1.0,0,1,~25,0,0,1
2678,中 村 二三男,佐賀,B2,1.3,,1.0,0,1,~25,0,0,1
2679,飯 田 加 一,東京,B1,1.2,,2.0,0,0,~25,0,1,1
2681,上 野 正 博,愛知,B2,1.1,,1.0,0,1,~25,0,0,1
2682,栄 幸 敏,徳島,B2,1.0,,1.0,0,1,~25,0,0,1
2683,東海林 敬 司,栃木,B1,0.7,,2.0,0,0,~25,0,1,1
2687,角 井 義 則,大阪,B2,-0.1,,1.0,0,1,,0,0,1
2688,川 口 憲 一,福岡,B1,-0.3,,2.0,0,0,,0,1,1
2692,水 野 文 明,兵庫,B1,-1.1,,2.0,0,0,,0,1,1
2694,早 馬 拓 郎,静岡,B1,-2.1,,2.0,0,0,,0,1,1
2695,藤 野 禎 知,山口,B1,-2.6,,2.0,0,0,,0,1,1
2696,太 田 和 徳,愛知,B1,-2.7,,2.0,0,0,,0,1,1
2698,角 川 政 志,香川,B1,-3.0,,2.0,0,0,,0,1,1
2699,網 谷 茂,大阪,B2,-3.1,,1.0,0,1,,0,0,1
2700,北 郷 賀 一,東京,B1,3.0,,2.0,0,0,~25,0,1,1
2701,古 里 良 一 ﾌﾙｻﾄ,,,,,,0,0,,0,0,1
2705,平 塚 幸 一,大阪,B1,2.0,,2.0,0,0,~25,0,1,1
2707,椎 原 工 幸,福岡,B2,2.0,,1.0,0,1,~25,0,0,1
2708,小 林 政 広,山口,B1,1.9,,2.0,0,0,~25,0,1,1
2709,田 中 節 男,埼玉,B1,1.9,,2.0,0,0,~25,0,1,1
2712,河 合 良 夫,愛知,B1,1.1,,2.0,0,0,~25,0,1,1
2713,小野寺 繁 雄,東京,B2,1.0,,1.0,0,1,~25,0,0,1
2714,川 島 敏 昭,福岡,B2,1.0,,1.0,0,1,~25,0,0,1
2715,富 田 佳 昭,愛知,B1,0.7,,2.0,0,0,~25,0,1,1
2717,津 田 富士男,大阪,B2,-1.0,,1.0,0,1,,0,0,1
2718,石 井 敏 雄,香川,B1,-1.5,,2.0,0,0,,0,1,1
2719,沖 口 幸 栄,京都,B1,-1.9,,2.0,0,0,,0,1,1
2723,梅 木 敏 昭 ｳﾒｷ,,,,,,0,0,,0,0,1
2725,田 中 栄 ﾀﾅｶ,,,,,,0,0,,0,0,1
2726,湊 哲 男,埼玉,B1,1.0,,2.0,0,0,~25,0,1,1
2727,川 島 和 敏,福岡,B1,1.0,,2.0,0,0,~25,0,1,1
2728,木 村 周 三,兵庫,B1,1.0,,2.0,0,0,~25,0,1,1
2730,山 野 陽 一,大阪,B1,0.8,,2.0,0,0,~25,0,1,1
2731,田 中 義 信,徳島,B1,0.7,,2.0,0,0,~25,0,1,1
2734,小 林 敏 夫,群馬,B2,0.1,,1.0,0,1,~25,0,0,1
2736,三 根 恵 助,佐賀,B1,-1.0,,2.0,0,0,,0,1,1
2737,冨 田 博 雄,埼玉,B1,-1.2,,2.0,0,0,,0,1,1
2738,松 尾 繁 明,佐賀,B1,-3.3,,2.0,0,0,,0,1,1
2739,一 瀬 英 明,長崎,B1,1.1,,2.0,0,0,~25,0,1,1
2741,品 川 洋,広島,B1,1.4,,2.0,0,0,~25,0,1,1
2743,玉 生 正 人,富山,A2,1.2,,3.0,0,0,~25,1,0,1
2745,佐 藤 政 行,長崎,B1,0.9,,2.0,0,0,~25,0,1,1
2746,広 田 耕 作 ﾋﾛﾀ,,,,,,0,0,,0,0,1
2747,生 方 利 宗,群馬,B2,0.2,,1.0,0,1,~25,0,0,1
2748,牧 野 俊 英,静岡,B2,-0.1,,1.0,0,1,,0,0,1
2750,田 辺 敬,大分,B1,-0.4,,2.0,0,0,,0,1,1
2752,岩 崎 辰 己,福岡,B1,-1.0,,2.0,0,0,,0,1,1
2757,宮 内 忠 志,東京,B2,-1.4,,1.0,0,1,,0,0,1
2758,高 月 澄 夫,長崎,B1,-1.9,,2.0,0,0,,0,1,1
2759,田 辺 通 治,岡山,B1,-2.2,,2.0,0,0,,0,1,1
2760,中 本 逸 郎,広島,B2,-2.5,,1.0,0,1,,0,0,1
2761,浮 田 俊 彦,岡山,B2,-3.8,,1.0,0,1,,0,0,1
2762,武 田 哲,千葉,B2,96.0,,1.0,0,1,51+,0,0,1
2763,桑 原 淳 一,東京,B1,94.9,,2.0,0,0,51+,0,1,1
2764,竹 本 幸 造,広島,B2,0.4,,1.0,0,1,~25,0,0,1
2769,上 船 幹 夫 ｳｴﾌﾈ,,,,,,0,0,,0,0,1
2771,宮 下 時 政,香川,B1,-1.2,,2.0,0,0,,0,1,1
2772,坂 野 豊,徳島,B2,-1.5,,1.0,0,1,,0,0,1
2774,竹 内 知 樹,香川,B2,-1.7,,1.0,0,1,,0,0,1
2776,三 谷 征 伸,大阪,B1,-2.6,,2.0,0,0,,0,1,1
2778,河 内 正 一,長崎,B1,-3.0,,2.0,0,0,,0,1,1
2779,山 口 一 男,大分,B1,-3.0,,2.0,0,0,,0,1,1
2781,鈴 木 光 男,三重,B2,-3.2,,1.0,0,1,,0,0,1
2782,岩 口 留 男,福井,B1,-3.3,,2.0,0,0,,0,1,1
2783,松 尾 辰 雄,長崎,B1,-3.3,,2.0,0,0,,0,1,1
2784,尾 崎 明 男,愛知,B2,-3.7,,1.0,0,1,,0,0,1
2785,水 野 要,兵庫,B1,-3.7,,2.0,0,0,,0,1,1
2786,船 津 俊 郎,長崎,B2,96.0,,1.0,0,1,51+,0,0,1
2787,藤 井 定 美,群馬,B1,95.9,,2.0,0,0,51+,0,1,1
2788,難 波 茂,岡山,B1,95.7,,2.0,0,0,51+,0,1,1
2789,白 石 桂 三,滋賀,B2,95.5,,1.0,0,1,51+,0,0,1
2790,今 川 恒 幸,福岡,B1,95.4,,2.0,0,0,51+,0,1,1
2791,荻 野 廉,岡山,A2,95.1,,3.0,0,0,51+,1,0,1
2792,松 尾 孝 明,佐賀,B1,94.7,,2.0,0,0,51+,0,1,1
2793,西 和 則,佐賀,B1,94.2,,2.0,0,0,51+,0,1,1
2795,吉 野 光 弘,長崎,B2,94.1,,1.0,0,1,51+,0,0,1
2796,鈴 木 実,愛知,B2,94.0,,1.0,0,1,51+,0,0,1
2799,宮 崎 通 泰,長崎,B2,-1.3,,1.0,0,1,,0,0,1
2800,砂 川 元,大阪,B1,-1.8,,2.0,0,0,,0,1,1
2801,久 家 善 裕,福岡,B1,-1.8,,2.0,0,0,,0,1,1
2802,福 島 英 之,高知,B1,-2.3,,2.0,0,0,,0,1,1
2803,渥 美 敏 男,静岡,B2,-2.5,,1.0,0,1,,0,0,1
2804,佐々野 正 行,岡山,B2,-2.5,,1.0,0,1,,0,0,1
2805,岡 村 利 継,熊本,B2,-2.9,,1.0,0,1,,0,0,1
2808,田 嶋 登,群馬,B2,95.2,,1.0,0,1,51+,0,0,1
2809,大 西 英 一,東京,B1,94.7,,2.0,0,0,51+,0,1,1
2810,沖 原 弘 志,福岡,B2,94.2,,1.0,0,1,51+,0,0,1
2811,齋 藤 築 夫,栃木,B1,-1.2,,2.0,0,0,,0,1,1
2812,黒 崎 優 司 ｸﾛｻｷ,,,,,,0,0,,0,0,1
2813,横 畠 澄 雄,広島,B1,-1.7,,2.0,0,0,,0,1,1
2815,泥 谷 重 次,大阪,B2,-1.8,,1.0,0,1,,0,0,1
2816,陶 山 秀 徳,福岡,B1,-2.0,,2.0,0,0,,0,1,1
2817,河 野 政 利,大分,B1,-2.1,,2.0,0,0,,0,1,1
2819,足 立 保 孝,大阪,A2,-2.3,,3.0,0,0,,1,0,1
2820,久 間 繁,愛知,B2,-2.4,,1.0,0,1,,0,0,1
2821,沖 村 信 夫,広島,B2,-2.5,,1.0,0,1,,0,0,1
2822,松 本 秀 樹,佐賀,B1,-2.5,,2.0,0,0,,0,1,1
2823,平 野 勇 志,愛知,B1,-2.6,,2.0,0,0,,0,1,1
2824,田 畑 和 義,福岡,B1,-2.6,,2.0,0,0,,0,1,1
2825,木 塚 定 文,福岡,B2,-3.0,,1.0,0,1,,0,0,1
2826,高 橋 四 郎,東京,B1,-3.4,,2.0,0,0,,0,1,1
2827,大 野 俊 明,愛媛,B2,-3.6,,1.0,0,1,,0,0,1
2828,明 野 年 博,岡山,B1,-4.0,,2.0,0,0,,0,1,1
2831,船 田 尚,栃木,B2,95.7,,1.0,0,1,51+,0,0,1
2833,荘 林 幸 輝,熊本,B1,95.6,,2.0,0,0,51+,0,1,1
2834,峯 保 男,埼玉,B2,95.6,,1.0,0,1,51+,0,0,1
2835,田 中 実,佐賀,B2,95.5,,1.0,0,1,51+,0,0,1
2836,弘 中 清 司,山口,B1,95.4,,2.0,0,0,51+,0,1,1
2837,村 上 信 二,岡山,B1,94.9,,2.0,0,0,51+,0,1,1
2838,松 本 功,群馬,B1,94.7,,2.0,0,0,51+,0,1,1
2840,橋 本 龍 也,熊本,B1,94.2,,2.0,0,0,51+,0,1,1
2841,吉 田 稔,群馬,B1,94.1,,2.0,0,0,51+,0,1,1
2842,刀 根 辰 治,大阪,B1,94.0,,2.0,0,0,51+,0,1,1
2843,友 永 明 夫,福岡,B2,93.7,,1.0,0,1,51+,0,0,1
2844,田 中 伸 二,広島,B1,93.6,,2.0,0,0,51+,0,1,1
2845,神 田 三十志,埼玉,B1,92.6,,2.0,0,0,51+,0,1,1
2847,中 村 利 幸,福岡,B1,92.4,,2.0,0,0,51+,0,1,1
2848,田 代 真 吾,佐賀,B1,92.3,,2.0,0,0,51+,0,1,1
2849,岸 正 明,徳島,B2,94.2,,1.0,0,1,51+,0,0,1
2850,小 松 昇 司,兵庫,B2,-1.8,,1.0,0,1,,0,0,1
2851,米 田 順 一,大阪,B1,-2.4,,2.0,0,0,,0,1,1
2852,山 本 實,岡山,B1,-2.6,,2.0,0,0,,0,1,1
2853,真 保 敬 義,大阪,B1,-3.2,,2.0,0,0,,0,1,1
2854,河 津 弘 司,香川,B1,-3.5,,2.0,0,0,,0,1,1
2855,竹 内 尉 宏,愛知,B2,-3.5,,1.0,0,1,,0,0,1
2856,佐 藤 邦 彦,香川,B1,-3.9,,2.0,0,0,,0,1,1
2857,兼 島 敏 弘,沖縄,B1,95.9,,2.0,0,0,51+,0,1,1
2858,後 明 俊 夫,京都,B1,95.8,,2.0,0,0,51+,0,1,1
2859,徳 増 富士雄,静岡,B2,95.8,,1.0,0,1,51+,0,0,1
2860,勝 元 博 文,大阪,B2,95.8,,1.0,0,1,51+,0,0,1
2861,東 出 周 二,三重,B1,95.7,,2.0,0,0,51+,0,1,1
2862,松 本 敏 彦 ﾏﾂﾓﾄ,,,,,,0,0,,0,0,1
2863,太 田 国 広,長崎,B1,95.4,,2.0,0,0,51+,0,1,1
2864,伊 東 重 敏,佐賀,B1,95.3,,2.0,0,0,51+,0,1,1
2866,山 田 均,滋賀,B1,95.2,,2.0,0,0,51+,0,1,1
2867,大 茂 和 義,東京,B1,95.1,,2.0,0,0,51+,0,1,1
2868,佐 村 敏 彦,熊本,B2,94.9,,1.0,0,1,51+,0,0,1
2869,鈴 木 昭 男,埼玉,B2,94.9,,1.0,0,1,51+,0,0,1
2870,佐 藤 勝 生,広島,A2,94.8,,3.0,0,0,51+,1,0,1
2871,藤 田 治 義,山口,B2,94.8,,1.0,0,1,51+,0,0,1
2873,栗 山 茂 光,愛知,B1,94.3,,2.0,0,0,51+,0,1,1
2874,久 保 隆,東京,B2,94.0,,1.0,0,1,51+,0,0,1
2876,鈴 木 幸 夫,愛知,B1,93.4,,2.0,0,0,51+,0,1,1
2877,太 田 輝 男,佐賀,B1,92.9,,2.0,0,0,51+,0,1,1
2878,富 山 弘 幸,大阪,B1,92.5,,2.0,0,0,51+,0,1,1
2881,中 西 照 彦,広島,B2,-2.5,,1.0,0,1,,0,0,1
2882,木 村 栄二郎,福岡,B2,-2.9,,1.0,0,1,,0,0,1
2883,柾 田 敏 行,東京,B1,-3.0,,2.0,0,0,,0,1,1
2885,田 中 博,佐賀,B1,-3.8,,2.0,0,0,,0,1,1
2886,久次米 弘 之,徳島,B2,-4.0,,1.0,0,1,,0,0,1
2887,大 井 崇 夫,香川,B1,95.7,,2.0,0,0,51+,0,1,1
2888,田 中 寛,広島,B1,95.3,,2.0,0,0,51+,0,1,1
2890,小 林 昌 敏,山口,B1,94.9,,2.0,0,0,51+,0,1,1
2891,土 性 弘 行,三重,B1,94.9,,2.0,0,0,51+,0,1,1
2892,田 内 康 博,徳島,B1,94.9,,2.0,0,0,51+,0,1,1
2893,森久保 亨,東京,B1,94.8,,2.0,0,0,51+,0,1,1
2894,佐々木 輝 雄,大分,B2,94.5,,1.0,0,1,51+,0,0,1
2895,小 島 督 生,山口,B2,94.2,,1.0,0,1,51+,0,0,1
2896,正 木 勇 輔,長崎,B1,93.6,,2.0,0,0,51+,0,1,1
2897,平 子 茂,岡山,B1,93.5,,2.0,0,0,51+,0,1,1
2898,増 田 一 豊,香川,B2,92.8,,1.0,0,1,51+,0,0,1
2899,夏 山 博 史,大阪,B1,92.2,,2.0,0,0,51+,0,1,1
2900,義 藤 満 則,岡山,B2,92.0,,1.0,0,1,51+,0,0,1
2901,森 洋,埼玉,B1,92.0,,2.0,0,0,51+,0,1,1
2902,中 元 浩 司,広島,B2,91.6,,1.0,0,1,51+,0,0,1
2903,山 崎 毅,福岡,B1,91.5,,2.0,0,0,51+,0,1,1
2904,河 野 武 士,岡山,B1,91.3,,2.0,0,0,51+,0,1,1
2905,尾 崎 和 彦,大阪,B2,-2.9,,1.0,0,1,,0,0,1
2907,土井内 大 助,香川,B1,-3.9,,2.0,0,0,,0,1,1
2909,田 中 太,大阪,B2,95.5,,1.0,0,1,51+,0,0,1
2910,片 山 晃,岡山,B1,95.3,,2.0,0,0,51+,0,1,1
2911,加 藤 英 則,福岡,B1,95.2,,2.0,0,0,51+,0,1,1
2912,尾 崎 鉄 也,長崎,B1,95.1,,2.0,0,0,51+,0,1,1
2913,西 重 次,佐賀,B1,95.0,,2.0,0,0,51+,0,1,1
2914,岡 孝,徳島,A2,93.9,,3.0,0,0,51+,1,0,1
2916,折 上 善 一,徳島,B2,93.4,,1.0,0,1,51+,0,0,1
2918,若 杉 匡 宏,埼玉,B2,93.3,,1.0,0,1,51+,0,0,1
2920,中 尾 英 彦,静岡,B1,92.7,,2.0,0,0,51+,0,1,1
2922,柳 瀬 展 大,福井,B1,92.4,,2.0,0,0,51+,0,1,1
2923,岡 本 暢 之,福岡,B1,92.1,,2.0,0,0,51+,0,1,1
2925,市 川 透,埼玉,B2,91.7,,1.0,0,1,51+,0,0,1
2926,若 村 哲 治,山口,B2,91.6,,1.0,0,1,51+,0,0,1
2927,山 口 承 則,佐賀,B1,90.4,,2.0,0,0,51+,0,1,1
2928,山 崎 俊 介,山口,B1,95.6,,2.0,0,0,51+,0,1,1
2930,新 良 一 規,山口,B2,94.4,,1.0,0,1,51+,0,0,1
2931,小 山 隆,山口,B2,94.0,,1.0,0,1,51+,0,0,1
2934,齋 宮 和 明,山口,B1,92.7,,2.0,0,0,51+,0,1,1
2935,幸 本 誠,広島,B1,92.6,,2.0,0,0,51+,0,1,1
2936,冨 好 和 幸,兵庫,B1,92.6,,2.0,0,0,51+,0,1,1
2937,今 井 順 一,兵庫,B2,92.6,,1.0,0,1,51+,0,0,1
2939,竹 本 貞 明,広島,B1,91.5,,2.0,0,0,51+,0,1,1
2941,田 嶋 茂,群馬,B1,90.9,,2.0,0,0,51+,0,1,1
2942,瀬 尾 達 也,徳島,A2,90.8,,3.0,0,0,51+,1,0,1
2943,栗 田 浩 明,山口,B1,90.5,,2.0,0,0,51+,0,1,1
2944,廣 光 尚 治,東京,B2,90.4,,1.0,0,1,51+,0,0,1
2946,庄 司 泰 久,静岡,B1,89.9,,2.0,0,0,51+,0,1,1
2947,坂 本 啓 行,佐賀,B1,89.8,,2.0,0,0,51+,0,1,1
2948,藤 井 泰 治,広島,B1,95.0,,2.0,0,0,51+,0,1,1
2949,美 濃 直 行,大阪,B2,95.7,,1.0,0,1,51+,0,0,1
2950,大 原 憲 二,福岡,B1,95.7,,2.0,0,0,51+,0,1,1
2951,長 勝 敏,福岡,B2,95.5,,1.0,0,1,51+,0,0,1
2953,岡 崎 秀 治,広島,B1,94.1,,2.0,0,0,51+,0,1,1
2954,織 田 哲 男,広島,B2,94.0,,1.0,0,1,51+,0,0,1
2955,中 村 訓 政,広島,B1,93.7,,2.0,0,0,51+,0,1,1
2957,今 泉 敏 行,愛知,B1,93.2,,2.0,0,0,51+,0,1,1
2958,井 川 正 人,長崎,B1,93.0,,2.0,0,0,51+,0,1,1
2959,高 田 悌 二,山口,B1,92.7,,2.0,0,0,51+,0,1,1
2960,掛 水 義 盛,香川,B1,92.7,,2.0,0,0,51+,0,1,1
2961,橋 本 開 新,愛知,B1,92.5,,2.0,0,0,51+,0,1,1
2963,辻 林 佳 幸,香川,B1,91.9,,2.0,0,0,51+,0,1,1
2964,吉 岡 修,山口,B1,91.9,,2.0,0,0,51+,0,1,1
2966,伊 藤 公 二,岡山,B2,89.4,,1.0,0,1,51+,0,0,1
2968,篠 原 和 幸,佐賀,B1,95.2,,2.0,0,0,51+,0,1,1
2969,久 田 正 晴,群馬,B2,95.0,,1.0,0,1,51+,0,0,1
2970,荒 川 昭,東京,B1,94.5,,2.0,0,0,51+,0,1,1
2971,中 元 幸 司,広島,B2,94.0,,1.0,0,1,51+,0,0,1
2972,木 村 隆,滋賀,B1,93.7,,2.0,0,0,51+,0,1,1
2973,長 谷 浩,佐賀,B1,93.3,,2.0,0,0,51+,0,1,1
2974,木 下 繁 美,福岡,B2,93.1,,1.0,0,1,51+,0,0,1
2975,勝 元 忠 司,京都,B2,93.0,,1.0,0,1,51+,0,0,1
2976,三ッ井 高 行,大阪,B2,92.9,,1.0,0,1,51+,0,0,1
2977,佐 藤 桂 士,静岡,B1,92.2,,2.0,0,0,51+,0,1,1
2978,永 松 修 次 ﾅｶﾞﾏ,,,,,,0,0,,0,0,1
2979,渕 田 修 市,長崎,B1,91.9,,2.0,0,0,51+,0,1,1
2983,鵜 飼 菜穂子,愛知,B1,91.2,,2.0,0,0,51+,0,1,1
2985,橋 爪 由 紀,石川,B2,91.1,,1.0,0,1,51+,0,0,1
2987,諏 訪 馨,埼玉,B1,90.7,,2.0,0,0,51+,0,1,1
2988,鈴 木 詔 子,東京,B2,89.9,,1.0,0,1,51+,0,0,1
2989,飯 田 清,東京,B1,89.8,,2.0,0,0,51+,0,1,1
2991,吉 田 博 憲,長崎,B2,89.7,,1.0,0,1,51+,0,0,1
2992,今 村 豊,山口,A1,89.5,,4.0,1,0,51+,0,0,1
2994,茂 垣 達 也,東京,B2,89.3,,1.0,0,1,51+,0,0,1
2995,小神野 紀代子,東京,B2,89.1,,1.0,0,1,51+,0,0,1
2997,池 上 正 浩,岡山,B1,88.9,,2.0,0,0,51+,0,1,1
2998,西 本 二 郎,福岡,B2,88.9,,1.0,0,1,51+,0,0,1
3001,梅 田 正 弘,三重,B2,95.1,,1.0,0,1,51+,0,0,1
3002,末 本 敏 雄,広島,B2,94.8,,1.0,0,1,51+,0,0,1
3003,松 岡 秀 司,岡山,B2,94.5,,1.0,0,1,51+,0,0,1
3004,早 川 清 一,愛知,B2,93.7,,1.0,0,1,51+,0,0,1
3005,板 谷 茂 樹,岡山,B2,93.6,,1.0,0,1,51+,0,0,1
3006,上 條 信 一,大阪,B1,93.3,,2.0,0,0,51+,0,1,1
3008,貞 廣 徳 夫,香川,B2,93.1,,1.0,0,1,51+,0,0,1
3009,倉 西 吉 朗,広島,B2,93.0,,1.0,0,1,51+,0,0,1
3010,大 嶋 一 也,愛知,A1,92.9,,4.0,1,0,51+,0,0,1
3012,關 戸 保 生,兵庫,B1,92.3,,2.0,0,0,51+,0,1,1
3013,鈴 木 敏 裕,東京,B1,92.0,,2.0,0,0,51+,0,1,1
3016,山 崎 稔 ﾔﾏｻﾞ,,,,,,0,0,,0,0,1
3019,古 藤 寿二郎,福岡,B1,91.2,,2.0,0,0,51+,0,1,1
3020,若女井 正,東京,B1,90.8,,2.0,0,0,51+,0,1,1
3022,西 山 昇 一,愛知,B1,90.2,,2.0,0,0,51+,0,1,1
3024,西 島 義 則,広島,A1,89.2,,4.0,1,0,51+,0,0,1
3025,山 口 哲 治,長崎,B1,89.0,,2.0,0,0,51+,0,1,1
3031,小 暮 茂,埼玉,B1,93.9,,2.0,0,0,51+,0,1,1
3033,安 部 紀 夫,島根,B1,93.8,,2.0,0,0,51+,0,1,1
3035,上 川 靖 弘,佐賀,B1,93.1,,2.0,0,0,51+,0,1,1
3036,吉 本 正 昭,山口,B1,92.7,,2.0,0,0,51+,0,1,1
3037,鈴 木 勝 博,千葉,B1,92.6,,2.0,0,0,51+,0,1,1
3038,森 本 邦 夫,山口,B2,92.4,,1.0,0,1,51+,0,0,1
3041,井 上 嘉 広,佐賀,B2,91.6,,1.0,0,1,51+,0,0,1
3044,三 宅 爾 士,福井,B1,90.1,,2.0,0,0,51+,0,1,1
3047,山 出 豊 年,徳島,B2,88.9,,1.0,0,1,51+,0,0,1
3051,山 口 俊 英,佐賀,B1,88.1,,2.0,0,0,51+,0,1,1
3052,原 田 正 己,徳島,B1,88.1,,2.0,0,0,51+,0,1,1
3054,北 川 幸 典,広島,B1,88.0,,2.0,0,0,51+,0,1,1
3055,川 上 司 朗,徳島,B1,87.8,,2.0,0,0,51+,0,1,1
3056,松 野 京 吾,山口,B1,94.1,,2.0,0,0,51+,0,1,1
3058,原 義 昭,岡山,B1,93.3,,2.0,0,0,51+,0,1,1
3060,青 木 孝 司,滋賀,B1,92.3,,2.0,0,0,51+,0,1,1
3062,小 林 拓 児 ｺﾊﾞﾔ,,,,,,0,0,,0,0,1
3064,山 崎 昭 生,香川,A2,91.1,,3.0,0,0,51+,1,0,1
3065,増 田 弘 喜,埼玉,B1,91.1,,2.0,0,0,51+,0,1,1
3066,田 中 定 雄,埼玉,B1,90.9,,2.0,0,0,51+,0,1,1
3067,上 村 敏 弘,徳島,B2,90.8,,1.0,0,1,51+,0,0,1
3069,長谷川 清,愛知,B1,90.3,,2.0,0,0,51+,0,1,1
3070,山 室 展 弘,岡山,B1,89.6,,2.0,0,0,51+,0,1,1
3071,加 藤 友 史,愛知,B2,89.4,,1.0,0,1,51+,0,0,1
3072,西 田 靖,東京,B1,89.2,,2.0,0,0,51+,0,1,1
3073,北 岡 淳,佐賀,B1,88.4,,2.0,0,0,51+,0,1,1
3074,斎 藤 眞 治,栃木,B2,88.4,,1.0,0,1,51+,0,0,1
3075,中 村 裕 将,埼玉,B1,88.4,,2.0,0,0,51+,0,1,1
3076,西 川 美智代,徳島,B2,88.2,,1.0,0,1,51+,0,0,1
3078,二 瓶 徹,東京,B2,88.0,,1.0,0,1,51+,0,0,1
3079,新 地 雅 洋,大阪,B1,87.5,,2.0,0,0,51+,0,1,1
3081,岡 本 慎 治,山口,B1,87.5,,2.0,0,0,51+,0,1,1
3083,大 塚 治 美,埼玉,B2,91.4,,1.0,0,1,51+,0,0,1
3085,川 名 稔,東京,B1,91.0,,2.0,0,0,51+,0,1,1
3086,沼 田 嘉 弘,兵庫,B1,90.3,,2.0,0,0,51+,0,1,1
3089,稲 垣 一 恵,岡山,B2,89.7,,1.0,0,1,51+,0,0,1
3090,土 屋 昭,東京,B1,89.6,,2.0,0,0,51+,0,1,1
3091,櫻 井 誠,滋賀,B1,89.6,,2.0,0,0,51+,0,1,1
3092,中 村 照 美,福井,B2,89.4,,1.0,0,1,51+,0,0,1
3094,藤 井 昌 子,兵庫,B2,88.9,,1.0,0,1,51+,0,0,1
3095,岩 津 英 人,岡山,B1,88.8,,2.0,0,0,51+,0,1,1
3100,若 山 美 穂,愛知,B2,87.7,,1.0,0,1,51+,0,0,1
3103,水 上 浩 充,福井,B1,87.5,,2.0,0,0,51+,0,1,1
3104,三 浦 高 志,福岡,B2,87.5,,1.0,0,1,51+,0,0,1
3105,内 山 文 典,東京,B1,87.5,,2.0,0,0,51+,0,1,1
3107,平 岡 重 典,大阪,B1,87.1,,2.0,0,0,51+,0,1,1
3108,松 本 真 吾,徳島,B1,87.1,,2.0,0,0,51+,0,1,1
3109,上 田 新 次,香川,B2,92.5,,1.0,0,1,51+,0,0,1
3110,佐 藤 佳 伸,宮城,B2,92.2,,1.0,0,1,51+,0,0,1
3112,樋 田 栄 祐,群馬,B1,90.5,,2.0,0,0,51+,0,1,1
3113,濱 田 和 弘,福岡,B1,90.5,,2.0,0,0,51+,0,1,1
3114,渡 邊 博 子,愛知,B1,90.4,,2.0,0,0,51+,0,1,1
3115,鈴 木 正 人,群馬,B1,90.0,,2.0,0,0,51+,0,1,1
3116,三 浦 星 子,熊本,B2,89.6,,1.0,0,1,51+,0,0,1
3117,長 田 光 子,東京,B1,89.5,,2.0,0,0,51+,0,1,1
3119,竹 内 好 一,栃木,B1,89.4,,2.0,0,0,51+,0,1,1
3120,竹 村 明,大阪,B1,89.3,,2.0,0,0,51+,0,1,1
3121,占 部 彰 二,福岡,B1,89.2,,2.0,0,0,51+,0,1,1
3122,高 山 哲 也,兵庫,B1,89.1,,2.0,0,0,51+,0,1,1
3123,中 西 宏 文,滋賀,B1,88.5,,2.0,0,0,51+,0,1,1
3128,鳥 居 智 恵,福岡,B1,87.3,,2.0,0,0,51+,0,1,1
3131,近 藤 昌 義,福岡,B2,87.0,,1.0,0,1,51+,0,0,1
3135,山 口 博 司,長崎,B2,92.4,,1.0,0,1,51+,0,0,1
3136,渋 谷 正 義,埼玉,B1,92.0,,2.0,0,0,51+,0,1,1
3137,岩 井 範 光,香川,B1,91.0,,2.0,0,0,51+,0,1,1
3138,椎 名 政 浩,東京,B2,90.8,,1.0,0,1,51+,0,0,1
3139,松 尾 美和子,長崎,B1,90.3,,2.0,0,0,51+,0,1,1
3140,佐 藤 幸 子,岡山,B1,89.2,,2.0,0,0,51+,0,1,1
3141,山 来 和 人,東京,B1,89.1,,2.0,0,0,51+,0,1,1
3142,西 茂登子,徳島,B1,88.2,,2.0,0,0,51+,0,1,1
3145,安 藤 大 将,奈良,B2,88.1,,1.0,0,1,51+,0,0,1
3147,能登屋 亮 一,埼玉,A2,87.9,,3.0,0,0,51+,1,0,1
3149,原 田 みゆき,岡山,B2,87.2,,1.0,0,1,51+,0,0,1
3150,加 藤 金 治,埼玉,B1,86.9,,2.0,0,0,51+,0,1,1
3151,落 合 敬 一,長崎,A2,86.7,,3.0,0,0,51+,1,0,1
3153,前 川 竜 次,佐賀,B1,86.6,,2.0,0,0,51+,0,1,1
3156,金 子 良 昭,静岡,B1,86.2,,2.0,0,0,51+,0,1,1
3158,島 川 光 男,広島,A2,85.9,,3.0,0,0,51+,1,0,1
3159,江 口 晃 生,群馬,A1,85.9,,4.0,1,0,51+,0,0,1
3160,木 下 頼 房,三重,B1,90.9,,2.0,0,0,51+,0,1,1
3161,古 場 輝 義,大阪,B1,90.8,,2.0,0,0,51+,0,1,1
3162,小 玉 種 生,東京,B2,90.8,,1.0,0,1,51+,0,0,1
3163,三 川 正 一,福岡,B1,90.0,,2.0,0,0,51+,0,1,1
3164,森 脇 徹,山口,B1,89.9,,2.0,0,0,51+,0,1,1
3165,平 岡 君 江,千葉,B2,89.5,,1.0,0,1,51+,0,0,1
3166,谷 田 昭 利,香川,B1,89.2,,2.0,0,0,51+,0,1,1
3167,小 澤 利 徳,埼玉,B2,89.1,,1.0,0,1,51+,0,0,1
3168,大 塚 勝 見,山口,B1,88.9,,2.0,0,0,51+,0,1,1
3169,松 堂 留 美,東京,B1,88.1,,2.0,0,0,51+,0,1,1
3170,谷 口 勝,大阪,B1,87.8,,2.0,0,0,51+,0,1,1
3171,田 川 忠 志,長崎,B1,87.6,,2.0,0,0,51+,0,1,1
3174,古 賀 勝 則,福岡,B1,87.3,,2.0,0,0,51+,0,1,1
3175,渡 辺 千 草,東京,B1,87.0,,2.0,0,0,51+,0,1,1
3176,長谷川 巌,山口,B1,86.6,,2.0,0,0,51+,0,1,1
3177,宮 本 紀 美,東京,B1,86.6,,2.0,0,0,51+,0,1,1
3181,林 慎 一,愛知,B1,86.3,,2.0,0,0,51+,0,1,1
3182,久保田 美 紀,群馬,B2,85.9,,1.0,0,1,51+,0,0,1
3183,秋 葉 弘 美,東京,B1,85.4,,2.0,0,0,51+,0,1,1
3184,山 田 省 二,愛知,B1,91.5,,2.0,0,0,51+,0,1,1
3185,佐 藤 雄 治ｻﾄｳ,,,,,,0,0,,0,0,1
3186,沖 悟,大阪,B1,90.7,,2.0,0,0,51+,0,1,1
3187,篠 原 俊 夫,香川,B2,89.9,,1.0,0,1,51+,0,0,1
3188,日 高 逸 子,福岡,A2,89.2,,3.0,0,0,51+,1,0,1
3189,矢 野 素 也,香川,B1,88.7,,2.0,0,0,51+,0,1,1
3190,片 山 友多加,静岡,B1,88.6,,2.0,0,0,51+,0,1,1
3191,井 坂 友 則,東京,B2,88.4,,1.0,0,1,51+,0,0,1
3192,中 間 麻由美,福岡,B2,88.2,,1.0,0,1,51+,0,0,1
3194,徳 増 宏 美,静岡,B1,87.9,,2.0,0,0,51+,0,1,1
3195,井 手 晴 美,福岡,B2,87.1,,1.0,0,1,51+,0,0,1
3196,木 村 厚 子,埼玉,B1,86.4,,2.0,0,0,51+,0,1,1
3200,熊 谷 直 樹,東京,A2,85.8,,3.0,0,0,51+,1,0,1
3201,秋 山 基 裕 ｱｷﾔﾏ,,,,,,0,0,,0,0,1
3202,三 品 隆 浩,東京,B1,85.7,,2.0,0,0,51+,0,1,1
3205,新 井 悟,埼玉,B1,85.4,,2.0,0,0,51+,0,1,1
3207,田 村 美 和,東京,B1,85.2,,2.0,0,0,51+,0,1,1
3209,小 嶋 忠 寛,兵庫,B1,84.8,,2.0,0,0,51+,0,1,1
3210,金 場 省 三,香川,B2,89.0,,1.0,0,1,51+,0,0,1
3211,北 川 敏 弘,佐賀,B1,88.9,,2.0,0,0,51+,0,1,1
3212,亀 本 勇 樹,広島,B1,88.9,,2.0,0,0,51+,0,1,1
3213,篠 原 正 知,滋賀,B2,88.6,,1.0,0,1,51+,0,0,1
3214,中 西 長 松,岡山,B1,88.3,,2.0,0,0,51+,0,1,1
3215,能 見 稔,山口,B1,88.2,,2.0,0,0,51+,0,1,1
3218,横 山 節 明,岡山,A2,87.4,,3.0,0,0,51+,1,0,1
3219,村 田 孝 雄,埼玉,B1,87.2,,2.0,0,0,51+,0,1,1
3220,二 橋 学,静岡,B1,86.7,,2.0,0,0,51+,0,1,1
3221,細 田 昌 弘,埼玉,B1,86.6,,2.0,0,0,51+,0,1,1
3223,藤 原 輝 吉,兵庫,B2,86.5,,1.0,0,1,51+,0,0,1
3224,栗 山 繁 洋,佐賀,B1,85.6,,2.0,0,0,51+,0,1,1
3225,松 村 昌 子,東京,B1,85.4,,2.0,0,0,51+,0,1,1
3226,浦 田 信 義,東京,B1,85.4,,2.0,0,0,51+,0,1,1
3227,長 岡 茂 一,東京,B1,85.4,,2.0,0,0,51+,0,1,1
3228,伸 澤 進,群馬,B2,85.3,,1.0,0,1,51+,0,0,1
3231,吉 田 隆 義,愛知,B1,85.0,,2.0,0,0,51+,0,1,1
3232,山 川 美由紀,香川,A2,84.2,,3.0,0,0,51+,1,0,1
3233,小 畑 実 成,岡山,B1,83.9,,2.0,0,0,51+,0,1,1
3234,金 森 史 吉,香川,B2,83.9,,1.0,0,1,51+,0,0,1
3235,鈴 木 唯 由,群馬,B1,88.7,,2.0,0,0,51+,0,1,1
3236,田 上 晋 六,東京,B1,88.7,,2.0,0,0,51+,0,1,1
3239,中 石 勝 也,愛知,B2,87.8,,1.0,0,1,51+,0,0,1
3240,稲 崎 伸 幸,香川,B1,87.2,,2.0,0,0,51+,0,1,1
3241,新 城 京 也,静岡,B1,86.6,,2.0,0,0,51+,0,1,1
3242,尾 崎 朋 美,千葉,B1,86.6,,2.0,0,0,51+,0,1,1
3243,佐 野 隆 仁,大阪,B1,86.6,,2.0,0,0,51+,0,1,1
3244,後 藤 道 也,三重,B1,86.6,,2.0,0,0,51+,0,1,1
3245,池 上 裕 次,埼玉,B1,86.3,,2.0,0,0,51+,0,1,1
3246,星 野 政 彦,兵庫,B2,86.3,,1.0,0,1,51+,0,0,1
3247,大 島 聖 子,静岡,B2,86.2,,1.0,0,1,51+,0,0,1
3249,金 平 久美子,大阪,B2,85.6,,1.0,0,1,51+,0,0,1
3251,平 石 和 男,埼玉,A2,84.5,,3.0,0,0,51+,1,0,1
3253,岩 原 かほ美,静岡,B2,84.4,,1.0,0,1,51+,0,0,1
3254,柳 澤 千 春,香川,B2,83.9,,1.0,0,1,51+,0,0,1
3256,三 角 哲 男,東京,A2,83.8,,3.0,0,0,51+,1,0,1
3257,田 頭 実,福岡,A2,83.8,,3.0,0,0,51+,1,0,1
3258,藤 家 妙 子,岐阜,B2,83.8,,1.0,0,1,51+,0,0,1
3259,宮 井 良 昌,広島,B2,88.1,,1.0,0,1,51+,0,0,1
3261,大 川 茂 実,岡山,B1,87.7,,2.0,0,0,51+,0,1,1
3262,森 岡 正 博,三重,B2,87.2,,1.0,0,1,51+,0,0,1
3263,松 本 浩 一,大阪,B2,87.0,,1.0,0,1,51+,0,0,1
3264,吉 本 稔,山口,B1,86.6,,2.0,0,0,51+,0,1,1
3265,今 村 暢 孝,福岡,A1,86.0,,4.0,1,0,51+,0,0,1
3266,横 山 武 志,東京,B2,85.9,,1.0,0,1,51+,0,0,1
3267,宮 武 準,広島,B1,85.7,,2.0,0,0,51+,0,1,1
3268,森 竜 也,三重,B1,85.6,,2.0,0,0,51+,0,1,1
3269,柴 田 明 宏,群馬,B1,85.6,,2.0,0,0,51+,0,1,1
3271,崎 野 俊 樹,福岡,B1,85.3,,2.0,0,0,51+,0,1,1
3273,石 田 豪,広島,B1,85.1,,2.0,0,0,51+,0,1,1
3275,吉 村 直 博,大阪,B1,84.7,,2.0,0,0,51+,0,1,1
3276,鈴 木 貴 司,愛知,B1,84.5,,2.0,0,0,51+,0,1,1
3277,齋 藤 勇,東京,B1,84.4,,2.0,0,0,51+,0,1,1
3278,山 田 豊,滋賀,A1,84.3,,4.0,1,0,51+,0,0,1
3279,石 川 俊 成,東京,B1,84.0,,2.0,0,0,51+,0,1,1
3280,垣 内 清 美,三重,B1,83.9,,2.0,0,0,51+,0,1,1
3281,塚 本 太二郎,大阪,B1,83.9,,2.0,0,0,51+,0,1,1
3282,池 本 輝 明,広島,B1,83.9,,2.0,0,0,51+,0,1,1
3283,窪 田 好 弘,福井,B1,83.5,,2.0,0,0,51+,0,1,1
3284,渡 邊 伸太郎,佐賀,B1,83.2,,2.0,0,0,51+,0,1,1
3285,植 木 通 彦,福岡,A1,82.7,,4.0,1,0,51+,0,0,1
3286,坂 東 満,静岡,B1,82.3,,2.0,0,0,51+,0,1,1
3287,多 田 芳 徳,香川,B1,87.0,,2.0,0,0,51+,0,1,1
3289,高 橋 淳 美,大阪,B1,87.6,,2.0,0,0,51+,0,1,1
3290,倉 谷 和 信,大阪,B1,87.2,,2.0,0,0,51+,0,1,1
3291,河 原 順 一,福岡,B1,86.3,,2.0,0,0,51+,0,1,1
3293,宮 内 由紀英,東京,B1,85.4,,2.0,0,0,51+,0,1,1
3294,野 中 義 生,静岡,B1,85.4,,2.0,0,0,51+,0,1,1
3295,濱 村 芳 宏,徳島,B1,84.4,,2.0,0,0,51+,0,1,1
3296,高 柳 成 聡,群馬,B1,83.9,,2.0,0,0,51+,0,1,1
3297,藤 丸 光 一,福岡,B1,83.9,,2.0,0,0,51+,0,1,1
3298,定 野 久 恵,静岡,B1,83.9,,2.0,0,0,51+,0,1,1
3299,東 郷 晴 美,福岡,B2,83.8,,1.0,0,1,51+,0,0,1
3300,川 崎 智 幸,岡山,A1,83.7,,4.0,1,0,51+,0,0,1
3302,谷 川 里 江,愛知,B1,83.5,,2.0,0,0,51+,0,1,1
3303,渡 辺 豊,東京,B1,83.3,,2.0,0,0,51+,0,1,1
3304,烏 野 賢 太,徳島,A2,83.0,,3.0,0,0,51+,1,0,1
3305,小 野 信 樹,岡山,B1,83.0,,2.0,0,0,51+,0,1,1
3306,武 田 正 紀,埼玉,B1,83.0,,2.0,0,0,51+,0,1,1
3307,上 瀧 和 則,佐賀,A2,82.6,,3.0,0,0,51+,1,0,1
3308,大城戸 学,埼玉,B1,87.4,,2.0,0,0,51+,0,1,1
3309,大 塚 信 行,東京,B1,87.4,,2.0,0,0,51+,0,1,1
3310,金 澤 一 洋,群馬,B1,86.9,,2.0,0,0,51+,0,1,1
3311,大 釜 謙一郎,福岡,B1,86.3,,2.0,0,0,51+,0,1,1
3312,新 美 進 司,愛知,A2,85.9,,3.0,0,0,51+,1,0,1
3313,本 吉 正 樹,東京,B1,85.4,,2.0,0,0,51+,0,1,1
3314,仲 野 卓 巳,福岡,B1,85.3,,2.0,0,0,51+,0,1,1
3315,広 瀬 聖 仁,愛知,B1,85.3,,2.0,0,0,51+,0,1,1
3317,大 山 博 美,福岡,B1,85.0,,2.0,0,0,51+,0,1,1
3318,池 浦 千登志,福岡,B2,85.0,,1.0,0,1,51+,0,0,1
3319,山 崎 義 明,埼玉,B1,83.9,,2.0,0,0,51+,0,1,1
3320,中世古 充,三重,B1,83.8,,2.0,0,0,51+,0,1,1
3322,山 口 浩 司,佐賀,B1,83.7,,2.0,0,0,51+,0,1,1
3324,登 みつよ,兵庫,B1,83.6,,2.0,0,0,51+,0,1,1
3325,福 本 忠 治,長崎,B1,83.4,,2.0,0,0,51+,0,1,1
3326,生 方 厚 成,群馬,A1,83.4,,4.0,1,0,51+,0,0,1
3327,野長瀬 正 孝,静岡,A2,83.4,,3.0,0,0,51+,1,0,1
3328,糸 數 由 里,東京,B1,83.2,,2.0,0,0,51+,0,1,1
3329,作 野 恒,愛知,A1,83.1,,4.0,1,0,51+,0,0,1
3331,新 美 恵 一,愛知,A2,82.7,,3.0,0,0,51+,1,0,1
3333,丸 尾 義 孝,徳島,A2,82.6,,3.0,0,0,51+,1,0,1
3334,角 ひとみ,広島,A2,82.3,,3.0,0,0,51+,1,0,1
3335,小 菅 文 隆,佐賀,B1,81.7,,2.0,0,0,51+,0,1,1
3336,遠 藤 晃 司,東京,B1,86.8,,2.0,0,0,51+,0,1,1
3338,出 本 正 博,広島,B1,85.7,,2.0,0,0,51+,0,1,1
3339,泉 具 巳,兵庫,B1,85.6,,2.0,0,0,51+,0,1,1
3340,池 田 雷 太,東京,B1,85.5,,2.0,0,0,51+,0,1,1
3341,國 井 隆,群馬,B2,85.2,,1.0,0,1,51+,0,0,1
3342,藤 井 勝 巳,愛知,B1,85.0,,2.0,0,0,51+,0,1,1
3343,齊 藤 寛 人,福井,B1,85.0,,2.0,0,0,51+,0,1,1
3344,中 島 浩 喜,静岡,B1,84.5,,2.0,0,0,51+,0,1,1
3346,宮 本 裕 之,兵庫,B1,84.1,,2.0,0,0,51+,0,1,1
3347,矢 後 剛,東京,B1,83.9,,2.0,0,0,51+,0,1,1
3349,吉 田 一 郎,長崎,A2,82.9,,3.0,0,0,51+,1,0,1
3350,藤 本 佳 史,山口,A2,82.7,,3.0,0,0,51+,1,0,1
3352,小 川 晃 司,福岡,B1,82.5,,2.0,0,0,51+,0,1,1
3353,前 田 光 昭,埼玉,B2,82.5,,1.0,0,1,51+,0,0,1
3354,小 林 茂 幸,愛知,B1,82.5,,2.0,0,0,51+,0,1,1
3355,橋谷田 佳 織,東京,B2,82.4,,1.0,0,1,51+,0,0,1
3357,福 島 陽 子,岡山,B1,82.1,,2.0,0,0,51+,0,1,1
3358,桑 原 明,山口,B2,81.9,,1.0,0,1,51+,0,0,1
3359,小 松 里 香,長崎,B2,81.9,,1.0,0,1,51+,0,0,1
3360,原 田 富士男,福岡,A1,81.9,,4.0,1,0,51+,0,0,1
3361,岡 部 浩,徳島,B1,81.8,,2.0,0,0,51+,0,1,1
3362,間 嶋 仁 志,三重,B1,81.4,,2.0,0,0,51+,0,1,1
3363,豊 村 功,長崎,B1,86.4,,2.0,0,0,51+,0,1,1
3365,野 田 貴 博,大阪,B1,85.5,,2.0,0,0,51+,0,1,1
3367,杉 浦 良 行,愛知,B1,85.1,,2.0,0,0,51+,0,1,1
3368,新 名 文 博,山口,B1,85.0,,2.0,0,0,51+,0,1,1
3369,筧 由 寛,大分,B1,84.3,,2.0,0,0,51+,0,1,1
3370,坪 内 実,大阪,B1,84.1,,2.0,0,0,51+,0,1,1
3372,加 藤 雅 之,広島,B1,84.1,,2.0,0,0,51+,0,1,1
3373,黒 瀬 三 幸,福岡,B1,83.8,,2.0,0,0,51+,0,1,1
3374,林 明 治,佐賀,B1,83.8,,2.0,0,0,51+,0,1,1
3376,萩 原 善 行,群馬,B1,83.6,,2.0,0,0,51+,0,1,1
3377,塚 田 修 二,東京,B1,83.3,,2.0,0,0,51+,0,1,1
3378,八 木 富 重,愛知,B1,83.0,,2.0,0,0,51+,0,1,1
3379,打 越 晶,福岡,B2,82.5,,1.0,0,1,51+,0,0,1
3380,田 中 雅 文,群馬,B2,82.4,,1.0,0,1,51+,0,0,1
3381,滝 沢 芳 行,埼玉,B1,82.4,,2.0,0,0,51+,0,1,1
3382,岩 谷 真,東京,B2,82.3,,1.0,0,1,51+,0,0,1
3383,濱 西 惠 美,徳島,B2,82.0,,1.0,0,1,51+,0,0,1
3385,渡 邉 睦 広,東京,A2,81.8,,3.0,0,0,51+,1,0,1
3388,今 垣 光太郎,福井,A1,81.3,,4.0,1,0,51+,0,0,1
3389,越 智 宣 恵,大分,B1,85.7,,2.0,0,0,51+,0,1,1
3390,十 河 伸 吉,東京,B1,85.7,,2.0,0,0,51+,0,1,1
3391,鈴 木 茂 正,東京,B2,85.6,,1.0,0,1,51+,0,0,1
3392,小 森 信 雄,三重,B1,85.4,,2.0,0,0,51+,0,1,1
3393,行 谷 吉 範,東京,B1,85.2,,2.0,0,0,51+,0,1,1
3394,宮 内 博 文ﾐﾔｳﾁ,,,,,,0,0,,0,0,1
3396,海老原 孝 志,群馬,B2,84.5,,1.0,0,1,51+,0,0,1
3397,沖 本 健 二,広島,B1,84.5,,2.0,0,0,51+,0,1,1
3398,有 田 岳,埼玉,B1,84.0,,2.0,0,0,51+,0,1,1
3400,樋江井 愼 祐,愛知,B1,83.6,,2.0,0,0,51+,0,1,1
3401,上 田 隆 章,香川,B1,83.3,,2.0,0,0,51+,0,1,1
3402,原 拓 民 ﾊﾗ ﾀ,,,,,,0,0,,0,0,1
3404,矢 崎 誠 一,東京,B1,83.1,,2.0,0,0,51+,0,1,1
3405,辺 見 新 治,徳島,B2,83.0,,1.0,0,1,51+,0,0,1
3406,中 里 英 夫,群馬,A2,82.4,,3.0,0,0,51+,1,0,1
3407,道 見 数 成,東京,B1,82.1,,2.0,0,0,51+,0,1,1
3408,大 貫 英 治,東京,B2,81.6,,1.0,0,1,51+,0,0,1
3409,三 好 一,福井,B1,81.5,,2.0,0,0,51+,0,1,1
3411,池 上 隆 行,広島,B1,81.4,,2.0,0,0,51+,0,1,1
3412,鈴 木 博,埼玉,A2,81.3,,3.0,0,0,51+,1,0,1
3413,吉 村 重 行,長崎,B2,81.3,,1.0,0,1,51+,0,0,1
3414,加 瀬 智 宏,群馬,B1,81.2,,2.0,0,0,51+,0,1,1
3415,松 井 繁,大阪,A1,81.1,,4.0,1,0,51+,0,0,1
3417,河 相 秀 行,東京,B1,81.1,,2.0,0,0,51+,0,1,1
3418,海 野 八重子,静岡,B2,81.1,,1.0,0,1,51+,0,0,1
3419,栗 原 謙 治,群馬,B2,81.1,,1.0,0,1,51+,0,0,1
3420,荒 金 順,岡山,B1,81.0,,2.0,0,0,51+,0,1,1
3422,服 部 幸 男,静岡,A1,80.0,,4.0,1,0,51+,0,0,1
3424,松 浦 努,岡山,B1,84.8,,2.0,0,0,51+,0,1,1
3425,中 谷 有 希,東京,B2,84.1,,1.0,0,1,51+,0,0,1
3426,金 子 勝 利,埼玉,B2,84.1,,1.0,0,1,51+,0,0,1
3427,大 賀 広 幸,山口,B1,83.8,,2.0,0,0,51+,0,1,1
3428,吉 岡 政 浩,広島,B1,83.4,,2.0,0,0,51+,0,1,1
3430,角 浜 修,広島,B1,82.8,,2.0,0,0,51+,0,1,1
3431,阿 部 雅 子,茨城,B1,82.7,,2.0,0,0,51+,0,1,1
3432,宮 迫 暢 彦,大阪,B1,82.6,,2.0,0,0,51+,0,1,1
3433,諏 訪 忠 宏,埼玉,B1,82.5,,2.0,0,0,51+,0,1,1
3434,松 尾 宣 邦,福岡,B1,81.9,,2.0,0,0,51+,0,1,1
3435,寺 田 千 恵,岡山,A1,81.7,,4.0,1,0,51+,0,0,1
3436,柏 野 幸 二,岡山,A2,81.7,,3.0,0,0,51+,1,0,1
3438,須 田 秀 一,群馬,B1,81.5,,2.0,0,0,51+,0,1,1
3439,大 平 誉史明,大阪,A2,81.5,,3.0,0,0,51+,1,0,1
3440,大 西 源 喜,東京,B2,81.4,,1.0,0,1,51+,0,0,1
3441,土 屋 太 朗,群馬,B1,81.4,,2.0,0,0,51+,0,1,1
3442,宮 武 英 司,香川,B1,81.4,,2.0,0,0,51+,0,1,1
3443,森 秋 光,岡山,B1,81.3,,2.0,0,0,51+,0,1,1
3444,香 月 大 介,福岡,B1,81.3,,2.0,0,0,51+,0,1,1
3445,加 藤 高 史,埼玉,A2,81.2,,3.0,0,0,51+,1,0,1
3446,小 杉 志津江,広島,B1,81.2,,2.0,0,0,51+,0,1,1
3447,湯 浅 康 弘,大阪,B2,81.1,,1.0,0,1,51+,0,0,1
3448,高 山 秀 雄,群馬,B1,80.9,,2.0,0,0,51+,0,1,1
3452,吉 田 徳 夫,愛知,B1,80.2,,2.0,0,0,51+,0,1,1
3453,松 本 英 夫,佐賀,B2,79.9,,1.0,0,1,51+,0,0,1
3454,井 川 大 作,岡山,B1,79.8,,2.0,0,0,51+,0,1,1
3455,谷 本 幸 司,愛知,B1,79.8,,2.0,0,0,51+,0,1,1
3456,松 下 潤,徳島,B1,79.5,,2.0,0,0,51+,0,1,1
3457,篠 田 智 昭,山口,B1,84.7,,2.0,0,0,51+,0,1,1
3458,東 健 介,岡山,B1,84.2,,2.0,0,0,51+,0,1,1
3459,中 野 和 裕,佐賀,B1,84.0,,2.0,0,0,51+,0,1,1
3460,堤 健 一,東京,B1,84.0,,2.0,0,0,51+,0,1,1
3461,渡 邊 哲 也,静岡,B1,83.9,,2.0,0,0,51+,0,1,1
3462,竹 上 真 司,岡山,B1,83.5,,2.0,0,0,51+,0,1,1
3463,乙 津 康 志,東京,B1,83.4,,2.0,0,0,51+,0,1,1
3464,前 田 靖 広,大阪,B2,83.2,,1.0,0,1,51+,0,0,1
3465,塚 崎 勝,東京,B1,83.0,,2.0,0,0,51+,0,1,1
3466,松 岡 晃 司,香川,B2,82.9,,1.0,0,1,51+,0,0,1
3467,森 弘 行,東京,B1,82.3,,2.0,0,0,51+,0,1,1
3468,榊 原 直 樹,愛知,B1,81.9,,2.0,0,0,51+,0,1,1
3469,潮 田 浩 子,福井,B2,81.3,,1.0,0,1,51+,0,0,1
3470,新 田 芳 美,徳島,B1,81.1,,2.0,0,0,51+,0,1,1
3471,赤 峰 和 也,佐賀,B1,81.0,,2.0,0,0,51+,0,1,1
3472,浅 和 重 哉,東京,B2,80.8,,1.0,0,1,51+,0,0,1
3473,石 川 真 二,福岡,A1,80.7,,4.0,1,0,51+,0,0,1
3474,松 瀬 弘 美,静岡,B1,80.5,,2.0,0,0,51+,0,1,1
3475,橋 本 久 和,群馬,B1,80.5,,2.0,0,0,51+,0,1,1
3476,中 村 稔 宏,徳島,B1,80.4,,2.0,0,0,51+,0,1,1
3477,近 藤 稔 也,徳島,B1,80.3,,2.0,0,0,51+,0,1,1
3478,嶋 田 貴 支,香川,B1,80.2,,2.0,0,0,51+,0,1,1
3479,川 田 久 子,埼玉,B2,80.2,,1.0,0,1,51+,0,0,1
3480,金 子 建 二,群馬,B1,80.1,,2.0,0,0,51+,0,1,1
3481,小松原 恵 美,香川,B2,80.0,,1.0,0,1,51+,0,0,1
3482,金 子 猛 志,群馬,A2,79.9,,3.0,0,0,51+,1,0,1
3483,入 船 幸 子,佐賀,B2,79.4,,1.0,0,1,51+,0,0,1
3484,芝 田 浩 治,兵庫,A2,79.2,,3.0,0,0,51+,1,0,1
3485,竹 村 祥 司,大阪,B1,79.2,,2.0,0,0,51+,0,1,1
3486,渋 田 治 代,福岡,B2,84.7,,1.0,0,1,51+,0,0,1
3487,伊 藤 健 次,兵庫,B2,83.7,,1.0,0,1,51+,0,0,1
3488,柳 田 英 明,東京,B1,83.8,,2.0,0,0,51+,0,1,1
3489,大 場 敏,静岡,A2,83.8,,3.0,0,0,51+,1,0,1
3490,岡 山 保 雄,千葉,B2,83.7,,1.0,0,1,51+,0,0,1
3491,富 永 茂,福岡,B1,83.2,,2.0,0,0,51+,0,1,1
3492,山 下 和 彦,香川,B1,83.2,,2.0,0,0,51+,0,1,1
3493,小 島 幸 弘,大阪,B1,82.9,,2.0,0,0,51+,0,1,1
3494,新鶴田 文 広,愛知,B2,82.9,,1.0,0,1,51+,0,0,1
3495,柴 田 大 樹,愛知,B1,82.8,,2.0,0,0,51+,0,1,1
3496,赤 坂 等,群馬,B1,82.7,,2.0,0,0,51+,0,1,1
3497,後 藤 浩,埼玉,B1,82.5,,2.0,0,0,51+,0,1,1
3498,白 石 浩 二,兵庫,B1,82.5,,2.0,0,0,51+,0,1,1
3499,市 川 哲 也,広島,A2,82.3,,3.0,0,0,51+,1,0,1
3501,川 上 昇 平,長崎,B1,81.6,,2.0,0,0,51+,0,1,1
3502,渡 邉 英 児,静岡,B1,81.5,,2.0,0,0,51+,0,1,1
3503,堂 原 洋 史,埼玉,B1,81.0,,2.0,0,0,51+,0,1,1
3504,能 仁 政 治,広島,B2,80.6,,1.0,0,1,51+,0,0,1
3505,山 田 竜 一,東京,B1,79.8,,2.0,0,0,51+,0,1,1
3506,宮 西 真 昭,佐賀,B1,79.6,,2.0,0,0,51+,0,1,1
3507,藤 井 徹,大阪,B1,79.6,,2.0,0,0,51+,0,1,1
3508,久 富 政 弘,佐賀,B1,79.4,,2.0,0,0,51+,0,1,1
3509,池 千 夏,香川,B1,79.2,,2.0,0,0,51+,0,1,1
3510,田 口 羊 一,佐賀,B2,78.9,,1.0,0,1,51+,0,0,1
3513,作 野 敦,福岡,B1,83.8,,2.0,0,0,51+,0,1,1
3514,山 一 鉄 也,福岡,A2,83.7,,3.0,0,0,51+,1,0,1
3516,吉 原 聖 人,広島,B1,83.1,,2.0,0,0,51+,0,1,1
3517,高 橋 勲,東京,A2,83.0,,3.0,0,0,51+,1,0,1
3518,倉 田 郁 美,静岡,B1,,,2.0,0,0,,0,1,1
3519,冨 田 秀 幸,愛知,B1,82.6,,2.0,0,0,51+,0,1,1
3520,岩 本 豊 志,佐賀,B2,82.5,,1.0,0,1,51+,0,0,1
3521,今 村 賢二郎,福岡,B1,82.5,,2.0,0,0,51+,0,1,1
3522,長 溝 一 生,佐賀,A2,82.4,,3.0,0,0,51+,1,0,1
3523,寳 田 亮 治,福岡,B1,82.1,,2.0,0,0,51+,0,1,1
3524,小 林 大 輔,東京,B1,81.9,,2.0,0,0,51+,0,1,1
3525,阿波連 二美子 ｱﾊﾚﾝ,,,,,,0,0,,0,0,1
3527,中 嶋 誠一郎,長崎,B1,80.0,,2.0,0,0,51+,0,1,1
3528,笠 野 友紀恵,愛知,B1,79.8,,2.0,0,0,51+,0,1,1
3529,松 本 勝 也,兵庫,A1,79.3,,4.0,1,0,51+,0,0,1
3531,吉 原 美穂子,佐賀,A2,79.1,,3.0,0,0,51+,1,0,1
3532,柴 田 光,群馬,A1,79.1,,4.0,1,0,51+,0,0,1
3533,佐 川 正 道,埼玉,B1,78.9,,2.0,0,0,51+,0,1,1
3534,野 澤 大 二,東京,A2,78.8,,3.0,0,0,51+,1,0,1
3535,渡 修 平,兵庫,B1,78.4,,2.0,0,0,51+,0,1,1
3536,一 色 雅 昭,愛知,B1,84.1,,2.0,0,0,51+,0,1,1
3537,田 山 和 広,福岡,B1,82.9,,2.0,0,0,51+,0,1,1
3538,菊 池 峰 晴,群馬,B1,82.8,,2.0,0,0,51+,0,1,1
3539,金 子 順 一,山口,B1,82.8,,2.0,0,0,51+,0,1,1
3540,大 橋 庸 志,群馬,B1,82.5,,2.0,0,0,51+,0,1,1
3541,三 嶌 誠 司,香川,A1,82.5,,4.0,1,0,51+,0,0,1
3542,清 水 紀 克,愛知,B1,82.3,,2.0,0,0,51+,0,1,1
3543,福 田 雅 一,香川,B1,82.2,,2.0,0,0,51+,0,1,1
3544,豊 田 訓 靖,静岡,B2,82.0,,1.0,0,1,51+,0,0,1
3545,高 田 謙 一,福岡,B1,82.0,,2.0,0,0,51+,0,1,1
3546,中 里 昌 志,埼玉,B1,81.8,,2.0,0,0,51+,0,1,1
3548,室 田 泰 史,福井,A2,80.9,,3.0,0,0,51+,1,0,1
3549,松 田 和 久,滋賀,B2,79.6,,1.0,0,1,51+,0,0,1
3550,都 築 正 治,愛知,A2,79.5,,3.0,0,0,51+,1,0,1
3551,藤 田 美 代,福岡,B1,79.3,,2.0,0,0,51+,0,1,1
3552,片 山 竜 輔,岡山,B1,79.2,,2.0,0,0,51+,0,1,1
3553,平 池 仁 志,香川,B1,79.0,,2.0,0,0,51+,0,1,1
3554,仲 口 博 崇,愛知,A1,78.4,,4.0,1,0,51+,0,0,1
3555,野 添 貴 裕,大阪,A1,78.2,,4.0,1,0,51+,0,0,1
3556,田 中 信一郎,大阪,A1,78.1,,4.0,1,0,51+,0,0,1
3557,太 田 和 美,大阪,A1,78.0,,4.0,1,0,51+,0,0,1
3558,山 本 浩 次,岡山,B1,77.9,,2.0,0,0,51+,0,1,1
3559,水 長 照 雄,山口,B1,82.9,,2.0,0,0,51+,0,1,1
3560,太 田 克 哉,群馬,B2,82.8,,1.0,0,1,51+,0,0,1
3561,池 田 真 治,岡山,B1,82.7,,2.0,0,0,51+,0,1,1
3562,山 下 和 彦,広島,A2,81.6,,3.0,0,0,51+,1,0,1
3563,堤 昇,静岡,B1,81.0,,2.0,0,0,51+,0,1,1
3564,桑 原 啓,福岡,B1,80.8,,2.0,0,0,51+,0,1,1
3565,坂 本 徳 克,東京,B1,80.7,,2.0,0,0,51+,0,1,1
3566,川 添 英 正,福岡,B1,80.7,,2.0,0,0,51+,0,1,1
3567,吉 岡 誠,山口,B1,80.4,,2.0,0,0,51+,0,1,1
3568,木 村 光 宏,香川,B1,79.9,,2.0,0,0,51+,0,1,1
3569,増 田 進,東京,B1,79.7,,2.0,0,0,51+,0,1,1
3570,田 中 雄,青森,B1,79.6,,2.0,0,0,51+,0,1,1
3571,寺 本 武 司,長崎,B1,79.4,,2.0,0,0,51+,0,1,1
3572,安 田 政 彦,兵庫,A2,79.3,,3.0,0,0,51+,1,0,1
3573,前 本 泰 和,広島,A1,78.7,,4.0,1,0,51+,0,0,1
3574,大 神 康 司,福岡,A2,78.4,,3.0,0,0,51+,1,0,1
3575,田野邊 秀 樹,埼玉,B1,78.3,,2.0,0,0,51+,0,1,1
3576,白 水 勝 也,福岡,A1,78.2,,4.0,1,0,51+,0,0,1
3577,向 所 浩 二,兵庫,B1,78.1,,2.0,0,0,51+,0,1,1
3578,塩 田 雄 一,香川,B1,78.1,,2.0,0,0,51+,0,1,1
3579,中 里 優 子,埼玉,B1,78.0,,2.0,0,0,51+,0,1,1
3580,水 口 由 紀,滋賀,B1,78.0,,2.0,0,0,51+,0,1,1
3581,加 木 郁,山口,B1,78.0,,2.0,0,0,51+,0,1,1
3582,吉 川 昭 男,滋賀,A2,77.9,,3.0,0,0,51+,1,0,1
3583,齋 藤 智 裕,埼玉,B1,77.9,,2.0,0,0,51+,0,1,1
3584,佐々木 英 樹,広島,B1,77.9,,2.0,0,0,51+,0,1,1
3585,井 川 真 人,岡山,B1,77.8,,2.0,0,0,51+,0,1,1
3586,新 井 亨,群馬,B1,77.8,,2.0,0,0,51+,0,1,1
3587,武 田 信 一,徳島,B1,77.8,,2.0,0,0,51+,0,1,1
3588,新 藤 哲 三,静岡,B1,77.5,,2.0,0,0,51+,0,1,1
3589,西 村 勝,埼玉,B1,77.3,,2.0,0,0,51+,0,1,1
3590,濱野谷 憲 吾,東京,A1,77.1,,4.0,1,0,51+,0,0,1
3591,後 藤 孝 義,静岡,B2,82.5,,1.0,0,1,51+,0,0,1
3592,橋 本 健 造,大阪,B1,82.4,,2.0,0,0,51+,0,1,1
3593,横 井 光 弘,長崎,B2,82.3,,1.0,0,1,51+,0,0,1
3594,塚 原 武 之,埼玉,B1,82.2,,2.0,0,0,51+,0,1,1
3595,反 町 泰 明,群馬,B1,82.1,,2.0,0,0,51+,0,1,1
3596,河 上 年 昭,埼玉,B1,81.4,,2.0,0,0,51+,0,1,1
3597,豊 村 究,長崎,B1,81.0,,2.0,0,0,51+,0,1,1
3599,柿 本 達 也,長崎,B2,81.0,,1.0,0,1,51+,0,0,1
3600,玄 馬 徹,岡山,B2,80.8,,1.0,0,1,51+,0,0,1
3601,田 村 勇 一,山口,B2,80.8,,1.0,0,1,51+,0,0,1
3602,奥 平 拓 也,東京,B1,80.7,,2.0,0,0,51+,0,1,1
3604,武 藤 綾 子,福岡,B1,80.3,,2.0,0,0,51+,0,1,1
3605,中 村 守 成,三重,B1,79.2,,2.0,0,0,51+,0,1,1
3606,川 北 浩 貴,滋賀,B1,79.1,,2.0,0,0,51+,0,1,1
3607,原 田 智 和,大阪,B2,78.9,,1.0,0,1,51+,0,0,1
3608,森 仁 志,愛知,B1,78.8,,2.0,0,0,51+,0,1,1
3609,泉 祥 史,岡山,B1,78.7,,2.0,0,0,51+,0,1,1
3610,木 内 敏 幸,三重,B1,78.4,,2.0,0,0,51+,0,1,1
3611,岩 崎 芳 美,徳島,A2,78.4,,3.0,0,0,51+,1,0,1
3612,馬 袋 義 則,兵庫,A1,78.2,,4.0,1,0,51+,0,0,1
3613,角 谷 健 吾,東京,A1,78.0,,4.0,1,0,51+,0,0,1
3614,谷 勝 幸,広島,B1,78.0,,2.0,0,0,51+,0,1,1
3615,横 田 茂,広島,B1,77.9,,2.0,0,0,51+,0,1,1
3616,中 村 真,福岡,B1,77.8,,2.0,0,0,51+,0,1,1
3617,竹 田 広 樹,佐賀,B1,77.6,,2.0,0,0,51+,0,1,1
3618,海 野 ゆかり,広島,A1,77.1,,4.0,1,0,51+,0,0,1
3619,長谷川 充,群馬,B1,77.0,,2.0,0,0,51+,0,1,1
3620,信 濃 由 行,福井,B1,77.0,,2.0,0,0,51+,0,1,1
3621,天 野 晶 夫,愛知,B1,76.8,,2.0,0,0,51+,0,1,1
3622,山 崎 智 也,群馬,A1,76.8,,4.0,1,0,51+,0,0,1
3623,深 川 真 二,佐賀,A1,76.6,,4.0,1,0,51+,0,0,1
3624,大 石 和 彦,静岡,B1,82.0,,2.0,0,0,51+,0,1,1
3626,中 林 秀 人,大阪,B1,81.5,,2.0,0,0,51+,0,1,1
3627,井 上 恵 一,福岡,A2,81.4,,3.0,0,0,51+,1,0,1
3628,石 間 徹,滋賀,B1,81.3,,2.0,0,0,51+,0,1,1
3629,浅 見 昌 克,埼玉,A2,81.2,,3.0,0,0,51+,1,0,1
3630,黒 田 誠 司,静岡,B2,81.1,,1.0,0,1,51+,0,0,1
3631,田 添 康 介,長崎,B1,81.1,,2.0,0,0,51+,0,1,1
3632,江 並 浩 一,埼玉,B1,81.0,,2.0,0,0,51+,0,1,1
3633,山 本 修 次,滋賀,B1,80.7,,2.0,0,0,51+,0,1,1
3635,石 田 政 吾,福井,B1,80.2,,2.0,0,0,51+,0,1,1
3636,坂 野 泰 章,山口,B1,80.1,,2.0,0,0,51+,0,1,1
3637,齋 藤 和 政,愛知,B1,80.1,,2.0,0,0,51+,0,1,1
3638,前 田 努,大阪,B2,80.1,,1.0,0,1,51+,0,0,1
3639,関 谷 聖 二,群馬,B2,80.0,,1.0,0,1,51+,0,0,1
3640,小 野 肇 也,群馬,B1,79.9,,2.0,0,0,51+,0,1,1
3641,一 瀬 明,東京,A2,79.6,,3.0,0,0,51+,1,0,1
3642,大 塚 浩 二,静岡,B1,79.5,,2.0,0,0,51+,0,1,1
3643,米 田 隆 弘,岡山,B1,78.5,,2.0,0,0,51+,0,1,1
3644,矢 橋 成 介,三重,B2,78.4,,1.0,0,1,51+,0,0,1
3645,淺 田 千亜希,徳島,B2,78.3,,1.0,0,1,51+,0,0,1
3646,平 井 佐緒里,岡山,B1,78.2,,2.0,0,0,51+,0,1,1
3647,伊 藤 雄 二,埼玉,B1,78.2,,2.0,0,0,51+,0,1,1
3648,原 田 通 雅,東京,B1,77.9,,2.0,0,0,51+,0,1,1
3649,坂 元 真 一,福岡,B1,77.8,,2.0,0,0,51+,0,1,1
3650,太 田 雅 美,佐賀,B1,77.5,,2.0,0,0,51+,0,1,1
3651,中 野 秀 彦,東京,B1,77.4,,2.0,0,0,51+,0,1,1
3652,森 下 勇,群馬,B1,77.4,,2.0,0,0,51+,0,1,1
3653,品 川 賢 次,群馬,B1,77.3,,2.0,0,0,51+,0,1,1
3654,武 田 光 史,福井,A1,77.3,,4.0,1,0,51+,0,0,1
3655,本 橋 克 洋,群馬,A2,77.2,,3.0,0,0,51+,1,0,1
3656,伯 母 芳 恒,東京,B1,77.2,,2.0,0,0,51+,0,1,1
3658,阪 本 聖 秀,大阪,B1,76.8,,2.0,0,0,51+,0,1,1
3659,藤 生 雄 人,群馬,B1,76.3,,2.0,0,0,51+,0,1,1
3660,長谷川 親 王,香川,B1,81.5,,2.0,0,0,51+,0,1,1
3661,柳 瀬 興 志,山口,B1,81.4,,2.0,0,0,51+,0,1,1
3662,大 庭 元 明,福岡,B1,81.0,,2.0,0,0,51+,0,1,1
3663,木 山 和 幸,広島,A2,81.0,,3.0,0,0,51+,1,0,1
3664,鈴 木 賢 一,埼玉,B1,80.8,,2.0,0,0,51+,0,1,1
3666,内 野 省 一,愛知,B1,80.5,,2.0,0,0,51+,0,1,1
3667,田 川 晴 美,群馬,B1,80.0,,2.0,0,0,51+,0,1,1
3668,市 川 猛,広島,B1,79.8,,2.0,0,0,51+,0,1,1
3669,大 屋 賢 司,福岡,B2,79.7,,1.0,0,1,51+,0,0,1
3670,古 澤 信 二,福岡,B2,79.2,,1.0,0,1,51+,0,0,1
3671,後 藤 博,福井,B1,78.5,,2.0,0,0,51+,0,1,1
3672,坂 上 毅,兵庫,B1,78.5,,2.0,0,0,51+,0,1,1
3673,小 林 享,群馬,B1,78.3,,2.0,0,0,51+,0,1,1
3674,岸 恵 子,徳島,B1,78.2,,2.0,0,0,51+,0,1,1
3675,寺 島 和 典,埼玉,B2,78.2,,1.0,0,1,51+,0,0,1
3676,八 島 貴美子,佐賀,B2,78.0,,1.0,0,1,51+,0,0,1
3677,早 坂 こずえ,栃木,B2,77.9,,1.0,0,1,51+,0,0,1
3678,小 林 純 一,佐賀,B1,77.9,,2.0,0,0,51+,0,1,1
3679,飯 島 昌 弘,埼玉,A1,77.8,,4.0,1,0,51+,0,0,1
3680,森 林 太,長崎,B1,77.7,,2.0,0,0,51+,0,1,1
3681,山 谷 央,東京,B1,77.5,,2.0,0,0,51+,0,1,1
3682,切 田 潤 二,山口,B1,77.5,,2.0,0,0,51+,0,1,1
3683,小 羽 正 作,福岡,A2,77.0,,3.0,0,0,51+,1,0,1
3684,清 水 攻 二,山口,A2,76.9,,3.0,0,0,51+,1,0,1
3685,荒 井 輝 年,岡山,B1,76.8,,2.0,0,0,51+,0,1,1
3686,鳥居塚 孝 博,群馬,A2,75.9,,3.0,0,0,51+,1,0,1
3687,花 田 和 明,愛知,B1,81.1,,2.0,0,0,51+,0,1,1
3688,入 倉 数 広,広島,B1,80.6,,2.0,0,0,51+,0,1,1
3689,秋 山 昌 宏,東京,B1,80.3,,2.0,0,0,51+,0,1,1
3690,河 合 三 弘,愛知,B1,80.2,,2.0,0,0,51+,0,1,1
3691,加 藤 知 弘,群馬,B1,80.1,,2.0,0,0,51+,0,1,1
3692,竹 腰 正 樹,福井,A2,79.7,,3.0,0,0,51+,1,0,1
3693,栢 場 優 子,東京,B1,79.4,,2.0,0,0,51+,0,1,1
3694,木 村 恒 一,大阪,B1,79.3,,2.0,0,0,51+,0,1,1
3695,安 東 将,山口,B1,79.2,,2.0,0,0,51+,0,1,1
3696,白 井 友 晴,埼玉,B1,78.7,,2.0,0,0,51+,0,1,1
3697,勝 野 竜 司,兵庫,B2,78.5,,1.0,0,1,51+,0,0,1
3698,小 巻 良 至,埼玉,B1,78.5,,2.0,0,0,51+,0,1,1
3699,富 永 正 人,埼玉,B1,78.1,,2.0,0,0,51+,0,1,1
3701,大 西 隆 洋,香川,B1,77.9,,2.0,0,0,51+,0,1,1
3702,貞 兼 淳 二,福岡,B1,77.7,,2.0,0,0,51+,0,1,1
3703,鳥 飼 眞,福岡,A2,77.2,,3.0,0,0,51+,1,0,1
3704,本 部 めぐみ,三重,B1,77.1,,2.0,0,0,51+,0,1,1
3705,濱 田 隆 浩,大阪,B1,77.0,,2.0,0,0,51+,0,1,1
3707,野 辺 香 織,埼玉,B1,76.6,,2.0,0,0,51+,0,1,1
3708,岡 部 貴 司,岡山,B1,76.5,,2.0,0,0,51+,0,1,1
3709,田 中 浩 之,山口,B1,76.5,,2.0,0,0,51+,0,1,1
3710,吉 永 泰 弘,香川,B1,76.5,,2.0,0,0,51+,0,1,1
3711,江 本 真 治,山口,A2,76.4,,3.0,0,0,51+,1,0,1
3712,淺 香 文 武,三重,B1,76.4,,2.0,0,0,51+,0,1,1
3713,伊 藤 誠 二,愛知,A2,76.3,,3.0,0,0,51+,1,0,1
3714,梶 原 正,福岡,B1,76.1,,2.0,0,0,51+,0,1,1
3715,倉 尾 大 介,福岡,A2,76.1,,3.0,0,0,51+,1,0,1
3716,石 渡 鉄 兵,東京,A1,76.1,,4.0,1,0,51+,0,0,1
3717,立 間 充 宏,岡山,B1,75.9,,2.0,0,0,51+,0,1,1
3718,伊 達 正 利,静岡,B1,75.9,,2.0,0,0,51+,0,1,1
3719,辻 栄 蔵,広島,A1,75.8,,4.0,1,0,51+,0,0,1
3720,吉 村 輝,広島,B2,75.8,,1.0,0,1,51+,0,0,1
3721,守 田 俊 介,滋賀,A1,75.4,,4.0,1,0,51+,0,0,1
3722,西 村 秀 樹,福岡,B1,80.5,,2.0,0,0,51+,0,1,1
3723,白 井 弘 文,山口,B1,80.3,,2.0,0,0,51+,0,1,1
3725,向 達 哉,大阪,B1,79.6,,2.0,0,0,51+,0,1,1
3726,桂 林 寛,福岡,B2,79.5,,1.0,0,1,51+,0,0,1
3727,新 井 康 行,愛知,B1,79.5,,2.0,0,0,51+,0,1,1
3728,雨 宮 昌 一ｱﾒﾐﾔ,,,,,,0,0,,0,0,1
3729,松 田 英 数,佐賀,B1,79.0,,2.0,0,0,51+,0,1,1
3730,塩 崎 優 司,愛知,B1,78.5,,2.0,0,0,51+,0,1,1
3731,高 濱 芳 久,広島,B1,77.5,,2.0,0,0,51+,0,1,1
3733,濱 村 美鹿子,東京,A1,77.3,,4.0,1,0,51+,0,0,1
3734,宮 田 政 勝,福岡,B1,77.2,,2.0,0,0,51+,0,1,1
3736,岡 本 猛,大阪,B1,77.1,,2.0,0,0,51+,0,1,1
3737,上 平 真 二,広島,A1,77.1,,4.0,1,0,51+,0,0,1
3738,田 島 美 和,愛知,B2,77.0,,1.0,0,1,51+,0,0,1
3739,渡 三 紀,兵庫,B1,76.8,,2.0,0,0,51+,0,1,1
3740,大 澤 普 司,群馬,A1,76.7,,4.0,1,0,51+,0,0,1
3741,松 尾 基 成,福岡,B1,76.6,,2.0,0,0,51+,0,1,1
3742,宮 地 秀 祈,福岡,B1,76.5,,2.0,0,0,51+,0,1,1
3743,林 美 憲,徳島,A1,76.1,,4.0,1,0,51+,0,0,1
3744,徳 増 秀 樹,静岡,A1,76.1,,4.0,1,0,51+,0,0,1
3745,橋 本 年 光,兵庫,B1,76.0,,2.0,0,0,51+,0,1,1
3746,岡 瀬 正 人,岡山,A2,75.8,,3.0,0,0,51+,1,0,1
3747,國 崎 良 春,福岡,B1,75.8,,2.0,0,0,51+,0,1,1
3748,小 黒 竜 吾,埼玉,B1,75.5,,2.0,0,0,51+,0,1,1
3749,今 坂 勝 広,静岡,B2,75.0,,1.0,0,1,51+,0,0,1
3750,笠 井 広 幸,徳島,B1,80.1,,2.0,0,0,51+,0,1,1
3751,中 島 晃,広島,B1,79.7,,2.0,0,0,51+,0,1,1
3752,宇 土 泰 就,福岡,B1,79.6,,2.0,0,0,51+,0,1,1
3753,河 上 哲 也,香川,B2,79.5,,1.0,0,1,51+,0,0,1
3754,江野澤 秀 明,東京,B1,79.4,,2.0,0,0,51+,0,1,1
3755,吉 村 和 也,長崎,B1,79.4,,2.0,0,0,51+,0,1,1
3757,畑 和 宏,広島,B1,79.2,,2.0,0,0,51+,0,1,1
3758,津 川 和 郎,徳島,B2,79.1,,1.0,0,1,51+,0,0,1
3759,前 田 義 哲,福井,B2,79.0,,1.0,0,1,51+,0,0,1
3760,松 村 賢 一,愛媛,B1,78.9,,2.0,0,0,51+,0,1,1
3761,山 本 光 雄,滋賀,B1,78.9,,2.0,0,0,51+,0,1,1
3762,豊 田 光 紀,福井,B2,78.3,,1.0,0,1,51+,0,0,1
3763,鈴 木 綾,愛知,B2,78.3,,1.0,0,1,51+,0,0,1
3764,小 林 謙 次,愛知,B1,78.1,,2.0,0,0,51+,0,1,1
3765,澤 中 信 吾,福岡,B2,78.1,,1.0,0,1,51+,0,0,1
3766,清 水 久美子,東京,B2,77.8,,1.0,0,1,51+,0,0,1
3768,飯 野 秀 樹,東京,B1,77.6,,2.0,0,0,51+,0,1,1
3769,佐 竹 恒 彦,滋賀,B1,77.3,,2.0,0,0,51+,0,1,1
3770,根 木 康 弘,愛知,B2,76.9,,1.0,0,1,51+,0,0,1
3771,折 下 寛 法,東京,B1,76.8,,2.0,0,0,51+,0,1,1
3772,一 柳 和 孝,埼玉,B1,76.7,,2.0,0,0,51+,0,1,1
3773,津 留 浩一郎,長崎,B1,76.6,,2.0,0,0,51+,0,1,1
3774,横 西 奏 恵,徳島,A1,76.5,,4.0,1,0,51+,0,0,1
3775,泉 啓 文,岡山,B1,76.4,,2.0,0,0,51+,0,1,1
3776,横 井 健 太,愛知,B1,75.6,,2.0,0,0,51+,0,1,1
3777,樋 口 亮,長崎,A2,75.4,,3.0,0,0,51+,1,0,1
3778,安 達 美 帆,埼玉,B1,75.2,,2.0,0,0,51+,0,1,1
3779,原 田 幸 哉,長崎,A1,75.2,,4.0,1,0,51+,0,0,1
3780,魚 谷 智 之,兵庫,A1,75.2,,4.0,1,0,51+,0,0,1
3781,秋 元 誠,福井,B1,74.9,,2.0,0,0,51+,0,1,1
3782,伊 藤 宏,福岡,A1,74.8,,4.0,1,0,51+,0,0,1
3783,瓜 生 正 義,福岡,A1,74.8,,4.0,1,0,51+,0,0,1
3784,中 島 友 和,佐賀,B1,74.3,,2.0,0,0,51+,0,1,1
3785,宮 井 健 雄,広島,B2,79.6,,1.0,0,1,51+,0,0,1
3786,納 富 一 樹,滋賀,B2,79.3,,1.0,0,1,51+,0,0,1
3787,天 野 誠,岡山,B1,79.3,,2.0,0,0,51+,0,1,1
3788,一 宮 稔 弘,徳島,A2,79.3,,3.0,0,0,51+,1,0,1
3789,和 田 敏 彦,福岡,B1,78.8,,2.0,0,0,51+,0,1,1
3790,佐 口 達 也,群馬,B1,78.5,,2.0,0,0,51+,0,1,1
3791,川 俣 昌 史,群馬,B1,78.5,,2.0,0,0,51+,0,1,1
3792,田 中 豪,東京,A2,78.2,,3.0,0,0,51+,1,0,1
3793,高 橋 真 吾,埼玉,B1,78.2,,2.0,0,0,51+,0,1,1
3794,前 田 昭 広,佐賀,B1,78.0,,2.0,0,0,51+,0,1,1
3795,金 子 龍 介,兵庫,B2,77.9,,1.0,0,1,51+,0,0,1
3796,長 野 道 臣,静岡,B1,77.6,,2.0,0,0,51+,0,1,1
3797,岩 井 繁,広島,B1,77.5,,2.0,0,0,51+,0,1,1
3798,稲 毛 正 剛,岡山,B1,77.2,,2.0,0,0,51+,0,1,1
3799,今 泉 和 則,愛知,B1,77.1,,2.0,0,0,51+,0,1,1
3800,牧 宏 次,東京,B1,77.0,,2.0,0,0,51+,0,1,1
3801,五反田 忍,大阪,B2,77.0,,1.0,0,1,51+,0,0,1
3802,森 岡 ま き,岡山,B1,76.9,,2.0,0,0,51+,0,1,1
3804,中 渡 修 作,福岡,B1,76.8,,2.0,0,0,51+,0,1,1
3805,高 橋 英 之,東京,A2,76.6,,3.0,0,0,51+,1,0,1
3806,武 原 誠,岡山,B2,76.5,,1.0,0,1,51+,0,0,1
3807,岡 部 哲,埼玉,B1,76.2,,2.0,0,0,51+,0,1,1
3808,秋 田 健太郎,埼玉,B1,75.8,,2.0,0,0,51+,0,1,1
3809,吉 田 光,佐賀,B1,75.6,,2.0,0,0,51+,0,1,1
3810,森 岡 賢 至,大阪,B2,75.1,,1.0,0,1,51+,0,0,1
3811,石 田 章 央,静岡,A2,75.1,,3.0,0,0,51+,1,0,1
3812,山 崎 聖 司,東京,B1,75.0,,2.0,0,0,51+,0,1,1
3813,佐 藤 大 介,愛知,A1,74.9,,4.0,1,0,51+,0,0,1
3814,金 子 貴 志,福井,B1,74.8,,2.0,0,0,51+,0,1,1
3815,森 岡 満 郎,岡山,B1,74.8,,2.0,0,0,51+,0,1,1
3816,萩 原 陽 子,福井,B2,74.7,,1.0,0,1,51+,0,0,1
3817,森 脇 まどか,兵庫,B1,73.9,,2.0,0,0,51+,0,1,1
3818,山 崎 康 弘,長崎,B1,79.2,,2.0,0,0,51+,0,1,1
3819,大 内 裕 樹,滋賀,B1,79.0,,2.0,0,0,51+,0,1,1
3820,樫 葉 次 郎,徳島,B1,78.8,,2.0,0,0,51+,0,1,1
3821,菊 原 隆 司,香川,B2,78.6,,1.0,0,1,51+,0,0,1
3822,平 尾 崇 典,岡山,A1,78.2,,4.0,1,0,51+,0,0,1
3823,本 部 真 吾,三重,B1,78.2,,2.0,0,0,51+,0,1,1
3824,中 村 智 也,広島,B2,77.9,,1.0,0,1,51+,0,0,1
3825,宮 嵜 隆太郎,福岡,B1,77.5,,2.0,0,0,51+,0,1,1
3826,村 田 修 次,東京,A2,77.5,,3.0,0,0,51+,1,0,1
3827,今 泉 徹,群馬,B1,77.5,,2.0,0,0,51+,0,1,1
3828,明 石 正 之,兵庫,B1,77.4,,2.0,0,0,51+,0,1,1
3829,落 合 純,福岡,B2,77.2,,1.0,0,1,51+,0,0,1
3830,萩 原 篤,群馬,B2,77.0,,1.0,0,1,51+,0,0,1
3831,安 藤 裕 貴,愛知,B1,76.5,,2.0,0,0,51+,0,1,1
3832,下 田 哲 也,香川,B1,76.4,,2.0,0,0,51+,0,1,1
3833,中 辻 博 訓,福井,A1,76.3,,4.0,1,0,51+,0,0,1
3834,細 川 明 人,岡山,B1,76.0,,2.0,0,0,51+,0,1,1
3835,三 野 勝 重,兵庫,B2,75.8,,1.0,0,1,51+,0,0,1
3836,山 元 愛,滋賀,B1,75.6,,2.0,0,0,51+,0,1,1
3837,秋 山 広 一,香川,A2,75.6,,3.0,0,0,51+,1,0,1
3838,伊 藤 啓 三,埼玉,B1,75.5,,2.0,0,0,51+,0,1,1
3839,川 合 理 司,静岡,B1,75.4,,2.0,0,0,51+,0,1,1
3840,瀧 本 純,静岡,B2,75.4,,1.0,0,1,51+,0,0,1
3841,佐々木 和 伸,徳島,A2,74.6,,3.0,0,0,51+,1,0,1
3842,星 野 太 郎,三重,B1,74.5,,2.0,0,0,51+,0,1,1
3843,上 之 晃 弘,長崎,B1,74.5,,2.0,0,0,51+,0,1,1
3844,岩 木 真 美,長崎,B1,74.4,,2.0,0,0,51+,0,1,1
3845,中 谷 朋 子,兵庫,B1,74.3,,2.0,0,0,51+,0,1,1
3846,藤 井 理,山口,B2,74.0,,1.0,0,1,51+,0,0,1
3847,鈴 木 孝 之,静岡,B2,74.0,,1.0,0,1,51+,0,0,1
3848,川 上 聡 介,愛知,A2,73.5,,3.0,0,0,51+,1,0,1
3849,中 岡 正 彦,香川,A1,73.2,,4.0,1,0,51+,0,0,1
3850,小 川 知 行,群馬,B1,78.5,,2.0,0,0,51+,0,1,1
3851,森 田 昭 彦,福岡,B1,78.4,,2.0,0,0,51+,0,1,1
3852,澤 大 介,三重,B1,78.3,,2.0,0,0,51+,0,1,1
3853,岩 崎 正 哉,福岡,B1,78.3,,2.0,0,0,51+,0,1,1
3854,吉 川 元 浩,兵庫,A1,78.3,,4.0,1,0,51+,0,0,1
3855,大 熊 辰 弥,香川,B2,78.2,,1.0,0,1,51+,0,0,1
3856,水 野 暁 広,愛知,B1,78.1,,2.0,0,0,51+,0,1,1
3857,阿 波 勝 哉,東京,B1,77.7,,2.0,0,0,51+,0,1,1
3858,織 田 猛,佐賀,B1,77.6,,2.0,0,0,51+,0,1,1
3859,多羅尾 達 之,東京,B1,77.6,,2.0,0,0,51+,0,1,1
3860,松 本 浩 貴,埼玉,B1,77.6,,2.0,0,0,51+,0,1,1
3861,岩 永 高 弘,長崎,B1,77.2,,2.0,0,0,51+,0,1,1
3862,松 元 弥佑紀,滋賀,B1,77.0,,2.0,0,0,51+,0,1,1
3863,海老澤 泰 行,東京,B1,76.7,,2.0,0,0,51+,0,1,1
3864,小 島 大 輔,山口,B1,76.4,,2.0,0,0,51+,0,1,1
3865,関 道,埼玉,B1,75.9,,2.0,0,0,51+,0,1,1
3866,木 山 誠 一,岡山,B1,75.8,,2.0,0,0,51+,0,1,1
3867,松 浦 勝,愛知,B1,75.6,,2.0,0,0,51+,0,1,1
3868,尾 形 栄 治,東京,B1,75.4,,2.0,0,0,51+,0,1,1
3869,井 芹 大 志,福岡,B1,75.3,,2.0,0,0,51+,0,1,1
3870,寺 嶋 雄,福井,B1,75.2,,2.0,0,0,51+,0,1,1
3871,池 田 紫 乃,長崎,B1,75.2,,2.0,0,0,51+,0,1,1
3872,岡 田 憲 行,大阪,B1,74.8,,2.0,0,0,51+,0,1,1
3873,別 府 昌 樹,広島,A2,74.7,,3.0,0,0,51+,1,0,1
3874,山 本 寛 久,岡山,A1,74.6,,4.0,1,0,51+,0,0,1
3875,廣 中 良 一,山口,B1,74.2,,2.0,0,0,51+,0,1,1
3876,中 辻 崇 人,福岡,A1,73.9,,4.0,1,0,51+,0,0,1
3877,松 浦 博 人,三重,B1,73.8,,2.0,0,0,51+,0,1,1
3878,胡 本 悟 志,山口,B1,73.6,,2.0,0,0,51+,0,1,1
3879,中 村 格,岡山,B1,78.0,,2.0,0,0,51+,0,1,1
3880,浅 見 宗 孝,埼玉,B1,78.0,,2.0,0,0,51+,0,1,1
3881,浦 上 拓 也,大阪,B1,77.9,,2.0,0,0,51+,0,1,1
3882,新 田 智 彰,大阪,B1,77.5,,2.0,0,0,51+,0,1,1
3883,山 根 大 樹,広島,B1,77.3,,2.0,0,0,51+,0,1,1
3884,豊 田 聡,徳島,B2,77.1,,1.0,0,1,51+,0,0,1
3885,久 田 武,愛知,B1,77.0,,2.0,0,0,51+,0,1,1
3886,岸 川 千 里 ｷｼｶﾜ,,,,,,0,0,,0,0,1
3887,鎌 田 義,兵庫,B2,76.6,,1.0,0,1,51+,0,0,1
3888,山 本 英 志,東京,A2,75.8,,3.0,0,0,51+,1,0,1
3889,須 藤 隆 雄,群馬,B1,75.8,,2.0,0,0,51+,0,1,1
3890,小 宮 淳 史,岡山,A2,75.2,,3.0,0,0,51+,1,0,1
3891,谷 口 健 一,福井,B1,75.2,,2.0,0,0,51+,0,1,1
3892,草 場 康 幸,佐賀,B1,74.9,,2.0,0,0,51+,0,1,1
3893,汐 崎 正 則,愛知,B1,74.7,,2.0,0,0,51+,0,1,1
3894,池 田 明 美,静岡,B2,74.6,,1.0,0,1,51+,0,0,1
3895,堀 本 裕 也,愛知,B1,74.5,,2.0,0,0,51+,0,1,1
3896,上 田 洋 平,滋賀,B1,74.4,,2.0,0,0,51+,0,1,1
3897,白 井 英 治,山口,A1,74.2,,4.0,1,0,51+,0,0,1
3898,平 田 忠 則,福岡,A1,74.1,,4.0,1,0,51+,0,0,1
3899,吉 田 弘 文,福岡,B2,74.1,,1.0,0,1,51+,0,0,1
3900,香 川 素 子,滋賀,A1,74.0,,4.0,1,0,51+,0,0,1
3901,松 田 憲 幸,山口,B1,73.7,,2.0,0,0,51+,0,1,1
3902,蜷 川 哲 平,東京,B2,73.6,,1.0,0,1,51+,0,0,1
3903,白 石 健,兵庫,B2,73.5,,1.0,0,1,51+,0,0,1
3904,森 貴 洋,大阪,B2,73.5,,1.0,0,1,51+,0,0,1
3905,天 野 友 和,愛知,A2,73.3,,3.0,0,0,51+,1,0,1
3906,飯 山 晃 三,長崎,B1,73.2,,2.0,0,0,51+,0,1,1
3907,村 越 篤,香川,A2,72.9,,3.0,0,0,51+,1,0,1
3908,重 成 一 人,香川,A1,72.3,,4.0,1,0,51+,0,0,1
3909,佐々木 康 幸,静岡,A1,77.4,,4.0,1,0,51+,0,0,1
3910,松 下 知 幸,香川,B1,77.2,,2.0,0,0,51+,0,1,1
3911,鈴 木 猛,東京,A2,77.1,,3.0,0,0,51+,1,0,1
3912,川 原 正 明,福井,A2,77.0,,3.0,0,0,51+,1,0,1
3913,安 岐 奈緒子,香川,A2,76.9,,3.0,0,0,51+,1,0,1
3914,猿 田 寛,群馬,B1,76.8,,2.0,0,0,51+,0,1,1
3915,繁野谷 圭 介,大阪,A2,76.7,,3.0,0,0,51+,1,0,1
3916,深 澤 勉,群馬,B2,76.5,,1.0,0,1,51+,0,0,1
3917,田 中 覚,静岡,B1,76.5,,2.0,0,0,51+,0,1,1
3918,深 井 利 寿,滋賀,A2,76.4,,3.0,0,0,51+,1,0,1
3919,村 上 純,岡山,B1,76.1,,2.0,0,0,51+,0,1,1
3920,正 木 聖 賢,広島,A2,76.1,,3.0,0,0,51+,1,0,1
3921,川 村 正 輝,福井,B1,76.0,,2.0,0,0,51+,0,1,1
3922,菅 沼 佳 昭,愛知,B1,75.5,,2.0,0,0,51+,0,1,1
3924,平 井 紀 之,東京,B1,75.5,,2.0,0,0,51+,0,1,1
3925,大 田 誠,山口,B1,75.4,,2.0,0,0,51+,0,1,1
3926,大古場 貴,佐賀,B1,75.3,,2.0,0,0,51+,0,1,1
3927,平 賀 圭,岡山,B1,75.2,,2.0,0,0,51+,0,1,1
3928,林 恵 祐,福岡,B1,75.2,,2.0,0,0,51+,0,1,1
3929,杢 野 誓 良,愛知,B1,75.2,,2.0,0,0,51+,0,1,1
3930,岸 本 隆,岡山,B1,74.9,,2.0,0,0,51+,0,1,1
3931,黒 崎 竜 也,三重,B1,74.6,,2.0,0,0,51+,0,1,1
3932,池 田 浩 美,静岡,B1,74.6,,2.0,0,0,51+,0,1,1
3933,山 地 正 樹,岡山,B1,74.5,,2.0,0,0,51+,0,1,1
3934,鋤 柄 貴 俊,愛知,B1,73.8,,2.0,0,0,51+,0,1,1
3935,岩 津 徹 郎,岡山,B1,73.4,,2.0,0,0,51+,0,1,1
3936,三 瀬 譲,長崎,B1,73.4,,2.0,0,0,51+,0,1,1
3937,高 橋 知 絵,愛知,B2,73.3,,1.0,0,1,51+,0,0,1
3938,芹 口 喜久子,広島,B2,73.1,,1.0,0,1,51+,0,0,1
3939,渡 辺 真 至,愛知,B2,73.0,,1.0,0,1,51+,0,0,1
3940,飯 山 泰,東京,A1,72.9,,4.0,1,0,51+,0,0,1
3941,池 田 浩 二,愛知,A1,72.7,,4.0,1,0,51+,0,0,1
3942,寺 田 祥,山口,A1,72.3,,4.0,1,0,51+,0,0,1
3943,三 松 直 美,岡山,B2,72.1,,1.0,0,1,51+,0,0,1
3944,山 口 裕 二,長崎,A2,71.9,,3.0,0,0,51+,1,0,1
3945,橋 口 真 樹,愛知,B1,75.1,,2.0,0,0,51+,0,1,1
3946,赤 岩 善 生,愛知,A1,74.9,,4.0,1,0,51+,0,0,1
3947,寺 本 昇 平,群馬,B1,74.9,,2.0,0,0,51+,0,1,1
3948,大 町 利 克,大阪,B1,74.8,,2.0,0,0,51+,0,1,1
3949,今 出 晋 二,岡山,B1,74.7,,2.0,0,0,51+,0,1,1
3950,石 川 哲 秀,大阪,B1,74.7,,2.0,0,0,51+,0,1,1
3951,石 川 吉 鎬,大阪,A2,74.5,,3.0,0,0,51+,1,0,1
3952,中 澤 和 志,埼玉,A1,74.4,,4.0,1,0,51+,0,0,1
3953,志 道 吉 和,福岡,B1,74.3,,2.0,0,0,51+,0,1,1
3954,坂 本 誠 治,香川,B1,74.1,,2.0,0,0,51+,0,1,1
3955,眞 田 英 二,徳島,B1,73.7,,2.0,0,0,51+,0,1,1
3956,横 澤 剛 治,静岡,A1,73.5,,4.0,1,0,51+,0,0,1
3957,大 谷 直 弘,愛知,B1,73.5,,2.0,0,0,51+,0,1,1
3958,石 丸 雅 人,石川,B2,73.4,,1.0,0,1,51+,0,0,1
3959,坪 井 康 晴,静岡,A1,73.2,,4.0,1,0,51+,0,0,1
3960,菊 地 孝 平,静岡,A1,72.4,,4.0,1,0,51+,0,0,1
3961,谷 村 一 哉,山口,A2,72.0,,3.0,0,0,51+,1,0,1
3962,池 田 幸 美,福井,B1,72.0,,2.0,0,0,51+,0,1,1
3963,原 田 秀 弥,大阪,B1,71.9,,2.0,0,0,51+,0,1,1
3964,宮 地 博 士,長崎,B1,71.8,,2.0,0,0,51+,0,1,1
3965,北 中 元 樹,滋賀,A2,71.6,,3.0,0,0,51+,1,0,1
3966,作 間 章,東京,A1,71.5,,4.0,1,0,51+,0,0,1
3967,鈴 木 茂 高,愛知,B1,71.3,,2.0,0,0,51+,0,1,1
3968,茶 谷 信 次,滋賀,A2,74.5,,3.0,0,0,51+,1,0,1
3969,田 上 直 樹,福岡,B2,74.4,,1.0,0,1,51+,0,0,1
3970,亀 山 高 雅,群馬,B1,74.4,,2.0,0,0,51+,0,1,1
3971,植 田 剛,香川,B2,74.4,,1.0,0,1,51+,0,0,1
3972,富 永 恭 史,長崎,B2,74.4,,1.0,0,1,51+,0,0,1
3973,崎 利 仁,群馬,B1,74.4,,2.0,0,0,51+,0,1,1
3974,深 山 祐 二,佐賀,B1,74.2,,2.0,0,0,51+,0,1,1
3975,小野寺 智 洋,香川,B1,73.9,,2.0,0,0,51+,0,1,1
3976,内 田 圭,山口,B1,73.9,,2.0,0,0,51+,0,1,1
3977,山 本 兼 士,大阪,B1,73.6,,2.0,0,0,51+,0,1,1
3978,齊 藤 仁,東京,A1,73.5,,4.0,1,0,51+,0,0,1
3979,杉 本 洋 一,山口,B1,73.5,,2.0,0,0,51+,0,1,1
3980,青 木 義 一,山口,B1,73.4,,2.0,0,0,51+,0,1,1
3981,今 坂 晃 広,静岡,B1,73.3,,2.0,0,0,51+,0,1,1
3982,福 田 理,岡山,B1,73.3,,2.0,0,0,51+,0,1,1
3983,須 藤 博 倫,埼玉,A2,73.2,,3.0,0,0,51+,1,0,1
3984,坂 口 周,三重,A2,73.0,,3.0,0,0,51+,1,0,1
3985,内 田 貴 士,静岡,A2,72.9,,3.0,0,0,51+,1,0,1
3986,沖 島 広 和,福岡,B1,72.8,,2.0,0,0,51+,0,1,1
3987,後 藤 正 宗,静岡,B1,72.8,,2.0,0,0,51+,0,1,1
3988,古 川 誠 之,愛知,A2,72.4,,3.0,0,0,51+,1,0,1
3989,熊 本 英 一,佐賀,B1,72.4,,2.0,0,0,51+,0,1,1
3990,芹 澤 克 彦,静岡,B1,72.3,,2.0,0,0,51+,0,1,1
3991,新 美 愛,静岡,B2,72.1,,1.0,0,1,51+,0,0,1
3992,関 口 智 久,埼玉,B1,72.1,,2.0,0,0,51+,0,1,1
3993,永 井 聖 美,東京,A2,72.0,,3.0,0,0,51+,1,0,1
3994,小 野 桜,滋賀,B1,71.9,,2.0,0,0,51+,0,1,1
3995,重 野 哲 之,静岡,A1,71.8,,4.0,1,0,51+,0,0,1
3996,秋 山 直 之,群馬,A2,71.7,,3.0,0,0,51+,1,0,1
3997,北 村 征 嗣,大阪,A1,71.7,,4.0,1,0,51+,0,0,1
3998,冨 成 謙 児,佐賀,B1,71.6,,2.0,0,0,51+,0,1,1
3999,大 瀧 明日香,愛知,A1,71.4,,4.0,1,0,51+,0,0,1
4000,松 本 博 昭,広島,A2,73.9,,3.0,0,0,51+,1,0,1
4001,谷 岡 学,大阪,B2,73.6,,1.0,0,1,51+,0,0,1
4002,古 結 宏,兵庫,A1,73.2,,4.0,1,0,51+,0,0,1
4003,表 憲 一,福井,B1,73.1,,2.0,0,0,51+,0,1,1
4004,山 本 浩 輔,長崎,B1,72.9,,2.0,0,0,51+,0,1,1
4005,瀬 川 公 則,山口,B1,72.8,,2.0,0,0,51+,0,1,1
4006,小 野 勇 作,佐賀,B1,72.6,,2.0,0,0,51+,0,1,1
4007,榮 田 将 彦,山口,B1,71.9,,2.0,0,0,51+,0,1,1
4008,中 尾 誠,佐賀,A1,71.8,,4.0,1,0,51+,0,0,1
4009,小 林 一 樹,山口,A2,71.7,,3.0,0,0,51+,1,0,1
4010,越 智 照 浩,香川,B1,71.3,,2.0,0,0,51+,0,1,1
4011,堀之内 紀代子,岡山,A1,71.3,,4.0,1,0,51+,0,0,1
4012,中 村 有 裕,滋賀,A2,71.3,,3.0,0,0,51+,1,0,1
4013,中 島 孝 平,福井,A1,71.1,,4.0,1,0,51+,0,0,1
4014,片 岡 恵 里,山口,A2,71.1,,3.0,0,0,51+,1,0,1
4015,前 野 竜 一,山口,A2,71.1,,3.0,0,0,51+,1,0,1
4016,西 川 新太郎,愛知,B1,71.0,,2.0,0,0,51+,0,1,1
4017,向 井 美 鈴,山口,A2,71.0,,3.0,0,0,51+,1,0,1
4018,原 野 将 徳,山口,B2,71.0,,1.0,0,1,51+,0,0,1
4019,笠 原 亮,静岡,A1,71.0,,4.0,1,0,51+,0,0,1
4020,川 上 清 人,香川,B1,70.9,,2.0,0,0,51+,0,1,1
4021,吉 田 健太郎,愛知,B1,70.8,,2.0,0,0,51+,0,1,1
4022,待 鳥 雄 紀,福岡,B1,70.8,,2.0,0,0,51+,0,1,1
4023,柴 田 友 和,福岡,B1,73.4,,2.0,0,0,51+,0,1,1
4024,井 口 佳 典,三重,A1,73.4,,4.0,1,0,51+,0,0,1
4025,山 本 隆 幸,兵庫,A1,73.3,,4.0,1,0,51+,0,0,1
4026,小 林 晋,東京,B1,73.2,,2.0,0,0,51+,0,1,1
4027,松 江 秀 徳,佐賀,B1,72.9,,2.0,0,0,51+,0,1,1
4028,田 村 隆 信,徳島,A1,72.8,,4.0,1,0,51+,0,0,1
4029,中 島 康 孝,愛知,B1,72.8,,2.0,0,0,51+,0,1,1
4030,森 高 一 真,香川,A1,72.6,,4.0,1,0,51+,0,0,1
4031,飯 島 誠,埼玉,B1,72.4,,2.0,0,0,51+,0,1,1
4032,加 納 直 人,広島,B2,72.3,,1.0,0,1,51+,0,0,1
4033,伊 藤 将 吉,静岡,A1,72.3,,4.0,1,0,51+,0,0,1
4034,西 原 明 生,香川,B1,72.2,,2.0,0,0,51+,0,1,1
4035,杉 江 浩 明,愛知,B1,72.1,,2.0,0,0,51+,0,1,1
4036,金 田 諭,埼玉,A1,72.1,,4.0,1,0,51+,0,0,1
4037,別 府 正 幸,埼玉,B1,72.1,,2.0,0,0,51+,0,1,1
4038,田 中 健太郎,岡山,B2,72.0,,1.0,0,1,51+,0,0,1
4039,村 上 功 祐,大阪,A2,72.0,,3.0,0,0,51+,1,0,1
4040,廣 瀬 将 亨,兵庫,A2,71.9,,3.0,0,0,51+,1,0,1
4041,小 林 基 樹,山口,B2,71.5,,1.0,0,1,51+,0,0,1
4042,丸 岡 正 典,大阪,A2,71.4,,3.0,0,0,51+,1,0,1
4043,桐 本 康 臣,三重,A2,71.3,,3.0,0,0,51+,1,0,1
4044,湯 川 浩 司,大阪,A1,71.3,,4.0,1,0,51+,0,0,1
4045,佐々木 裕 美,山口,B1,71.2,,2.0,0,0,51+,0,1,1
4046,谷 村 啓 司,福岡,B2,71.1,,1.0,0,1,51+,0,0,1
4047,吉 永 浩 則,大阪,B1,70.8,,2.0,0,0,51+,0,1,1
4048,坂 谷 真 史,福井,A1,70.8,,4.0,1,0,51+,0,0,1
4049,荒 川 健 太,三重,A2,70.3,,3.0,0,0,51+,1,0,1
4050,田 口 節 子,岡山,A1,70.0,,4.0,1,0,51+,0,0,1
4051,清 水 敦 揮,岡山,A1,69.9,,4.0,1,0,51+,0,0,1
4052,興 津 藍,徳島,A2,69.8,,3.0,0,0,51+,1,0,1
4053,芦 澤 望,東京,A2,72.9,,3.0,0,0,51+,1,0,1
4054,福 嶋 智 之,岡山,B1,72.7,,2.0,0,0,51+,0,1,1
4055,吉 田 俊 彦,兵庫,A1,72.5,,4.0,1,0,51+,0,0,1
4056,小 西 英 輝,福井,B1,72.3,,2.0,0,0,51+,0,1,1
4057,松 井 賢 治,兵庫,A2,71.9,,3.0,0,0,51+,1,0,1
4058,野 末 智 一,静岡,A2,71.8,,3.0,0,0,51+,1,0,1
4059,入 澤 友 治,東京,A2,71.8,,3.0,0,0,51+,1,0,1
4060,島 田 一 生,福岡,B1,71.8,,2.0,0,0,51+,0,1,1
4061,萩 原 秀 人,福井,A1,71.6,,4.0,1,0,51+,0,0,1
4062,後 藤 陽 介,愛知,B1,71.5,,2.0,0,0,51+,0,1,1
4063,市 橋 卓 士,徳島,A1,71.3,,4.0,1,0,51+,0,0,1
4064,原 田 篤 志,山口,A1,71.2,,4.0,1,0,51+,0,0,1
4065,金 田 幸 子,岡山,B1,71.1,,2.0,0,0,51+,0,1,1
4066,東 本 勝 利,三重,A1,71.0,,4.0,1,0,51+,0,0,1
4067,永 井 源,愛知,A1,70.8,,4.0,1,0,51+,0,0,1
4068,幸 田 智 裕,静岡,B1,70.6,,2.0,0,0,51+,0,1,1
4069,山 本 修 一,岡山,A1,70.4,,4.0,1,0,51+,0,0,1
4070,中 村 亮 太,長崎,A1,70.1,,4.0,1,0,51+,0,0,1
4071,古 賀 千 晶,兵庫,B1,70.1,,2.0,0,0,51+,0,1,1
4072,森 永 淳,佐賀,A1,70.0,,4.0,1,0,51+,0,0,1
4073,大 橋 純一郎,静岡,A2,69.8,,3.0,0,0,51+,1,0,1
4074,柳 沢 一,愛知,A1,69.7,,4.0,1,0,51+,0,0,1
4075,中 野 次 郎,東京,A1,69.6,,4.0,1,0,51+,0,0,1
4076,杉 田 篤 光,静岡,A2,72.4,,3.0,0,0,51+,1,0,1
4077,品 田 直 樹,東京,B1,72.2,,2.0,0,0,51+,0,1,1
4078,渡 辺 史 之,群馬,B1,72.2,,2.0,0,0,51+,0,1,1
4079,出 畑 孝 典,福岡,A2,72.0,,3.0,0,0,51+,1,0,1
4080,山 崎 哲 司,愛知,A1,72.0,,4.0,1,0,51+,0,0,1
4081,樋 口 範 政,愛知,B1,71.9,,2.0,0,0,51+,0,1,1
4082,濱 崎 誠,大阪,B1,71.4,,2.0,0,0,51+,0,1,1
4083,福 島 勇 樹,東京,A1,71.4,,4.0,1,0,51+,0,0,1
4084,杉 山 正 樹,愛知,A1,71.3,,4.0,1,0,51+,0,0,1
4085,荻 野 裕 介,東京,B1,71.1,,2.0,0,0,51+,0,1,1
4086,寺 本 重 宣,東京,A2,70.6,,3.0,0,0,51+,1,0,1
4087,吉 田 敦 志,長崎,B1,70.6,,2.0,0,0,51+,0,1,1
4088,野 田 祥 子,長崎,B1,70.4,,2.0,0,0,51+,0,1,1
4089,妹 尾 忠 幸,岡山,A2,70.3,,3.0,0,0,51+,1,0,1
4090,中 村 尊,埼玉,A1,70.3,,4.0,1,0,51+,0,0,1
4091,荒 田 泰 明,埼玉,B1,70.0,,2.0,0,0,51+,0,1,1
4092,岡 部 大 輔,佐賀,B1,70.0,,2.0,0,0,51+,0,1,1
4093,吉 田 宗 弘,東京,B1,69.8,,2.0,0,0,51+,0,1,1
4094,中 島 真 二,福岡,B1,69.6,,2.0,0,0,51+,0,1,1
4095,福 来 剛,東京,A1,69.6,,4.0,1,0,51+,0,0,1
4096,石 橋 道 友,長崎,A1,69.1,,4.0,1,0,51+,0,0,1
4097,貫地谷 直 人,広島,B1,68.9,,2.0,0,0,51+,0,1,1
4098,赤 澤 文 香,岡山,B1,68.8,,2.0,0,0,51+,0,1,1
4099,吉 永 則 雄,大阪,A1,72.1,,4.0,1,0,51+,0,0,1
4100,松 田 隆 司,福岡,B1,72.0,,2.0,0,0,51+,0,1,1
4101,三井所 尊 春,佐賀,B2,71.7,,1.0,0,1,51+,0,0,1
4102,益 田 啓 司,福岡,A1,71.7,,4.0,1,0,51+,0,0,1
4103,山 崎 善 庸,埼玉,B1,71.5,,2.0,0,0,51+,0,1,1
4104,木 下 陽 介,東京,B1,71.3,,2.0,0,0,51+,0,1,1
4105,松 下 直 也,兵庫,B1,71.2,,2.0,0,0,51+,0,1,1
4106,坂 井 康 嗣,佐賀,B1,71.2,,2.0,0,0,51+,0,1,1
4107,吉 村 茂 樹,群馬,B1,71.1,,2.0,0,0,51+,0,1,1
4108,吉 村 正 明,山口,B1,71.0,,2.0,0,0,51+,0,1,1
4109,谷 津 幸 宏,埼玉,A1,70.7,,4.0,1,0,51+,0,0,1
4110,小 澤 和 也,埼玉,B1,70.6,,2.0,0,0,51+,0,1,1
4111,奥 田 誠,広島,B1,70.5,,2.0,0,0,51+,0,1,1
4112,大久保 信一郎,佐賀,B1,70.5,,2.0,0,0,51+,0,1,1
4113,木 村 浩 士,群馬,B1,70.4,,2.0,0,0,51+,0,1,1
4114,深 澤 達 徳,東京,B1,70.3,,2.0,0,0,51+,0,1,1
4115,今 川 直 樹,福岡,B1,70.1,,2.0,0,0,51+,0,1,1
4116,川 田 正 人,徳島,B1,69.9,,2.0,0,0,51+,0,1,1
4117,廣 中 智紗衣,東京,A1,69.9,,4.0,1,0,51+,0,0,1
4118,宇佐見 淳,愛知,A1,69.8,,4.0,1,0,51+,0,0,1
4119,泥 谷 一 毅,大阪,A2,69.5,,3.0,0,0,51+,1,0,1
4120,柘 植 政 浩,滋賀,A2,69.5,,3.0,0,0,51+,1,0,1
4121,富 永 修 一,福岡,A1,69.1,,4.0,1,0,51+,0,0,1
4122,安 東 幸 治,福岡,A2,69.1,,3.0,0,0,51+,1,0,1
4123,細 川 裕 子,愛知,A1,69.1,,4.0,1,0,51+,0,0,1
4124,池 田 雄 一,静岡,A1,68.8,,4.0,1,0,51+,0,0,1
4125,内 田 亜希子,東京,B2,71.6,,1.0,0,1,51+,0,0,1
4126,吉 本 玲 緒,広島,B2,71.5,,1.0,0,1,51+,0,0,1
4127,古 賀 宗 勝,福岡,B1,71.5,,2.0,0,0,51+,0,1,1
4128,川 口 貴 久,東京,B1,70.8,,2.0,0,0,51+,0,1,1
4129,宇 野 博 之,愛知,B1,70.8,,2.0,0,0,51+,0,1,1
4130,梶 野 真 未,東京,B2,70.6,,1.0,0,1,51+,0,0,1
4131,原 豊 土,静岡,A2,70.6,,3.0,0,0,51+,1,0,1
4132,森 年 省 吾,岡山,B2,70.6,,1.0,0,1,51+,0,0,1
4133,高 橋 正 男,兵庫,A1,70.5,,4.0,1,0,51+,0,0,1
4134,杉 山 貴 博,東京,A2,70.5,,3.0,0,0,51+,1,0,1
4135,森 永 愛,福岡,B1,70.4,,2.0,0,0,51+,0,1,1
4136,江 夏 満,福岡,A1,70.4,,4.0,1,0,51+,0,0,1
4137,君 島 秀 三,滋賀,A1,70.3,,4.0,1,0,51+,0,0,1
4138,中 井 俊 祐,大阪,B1,70.2,,2.0,0,0,51+,0,1,1
4139,丹 下 健,愛知,B1,70.2,,2.0,0,0,51+,0,1,1
4140,梶 野 学 志,東京,A1,70.1,,4.0,1,0,51+,0,0,1
4141,浜 田 博,愛知,B1,69.9,,2.0,0,0,51+,0,1,1
4142,平 野 和 明,愛知,A2,69.8,,3.0,0,0,51+,1,0,1
4143,浦 田 晃 嗣,佐賀,B1,69.5,,2.0,0,0,51+,0,1,1
4144,石 塚 久 也,埼玉,A2,69.4,,3.0,0,0,51+,1,0,1
4145,小 澤 学,東京,B1,69.2,,2.0,0,0,51+,0,1,1
4146,柳 橋 宏 紀,滋賀,B1,69.1,,2.0,0,0,51+,0,1,1
4147,石 田 一 吉,愛知,B1,69.1,,2.0,0,0,51+,0,1,1
4148,枝 尾 賢,福岡,A2,69.0,,3.0,0,0,51+,1,0,1
4149,眞 鍋 賢 司,岡山,B2,68.9,,1.0,0,1,51+,0,0,1
4150,山 田 雄 太,静岡,B1,68.8,,2.0,0,0,51+,0,1,1
4151,下 河 誉 史,福岡,B1,68.4,,2.0,0,0,51+,0,1,1
4152,深 水 慎一郎,東京,B1,70.6,,2.0,0,0,51+,0,1,1
4153,佐々木 巌,山口,B1,70.6,,2.0,0,0,51+,0,1,1
4154,森 安 弘 雅,香川,B1,70.6,,2.0,0,0,51+,0,1,1
4155,長 野 壮志郎,福岡,A1,70.0,,4.0,1,0,51+,0,0,1
4156,浜 野 孝 志,三重,A2,69.9,,3.0,0,0,51+,1,0,1
4157,田 崎 豊,福岡,B1,69.8,,2.0,0,0,51+,0,1,1
4158,木 場 雄二郎,山口,B1,69.6,,2.0,0,0,51+,0,1,1
4159,向 後 龍 一,埼玉,A2,69.5,,3.0,0,0,51+,1,0,1
4160,浅 野 由 将,愛知,B1,69.1,,2.0,0,0,51+,0,1,1
4161,黒 柳 浩 孝,愛知,A2,69.1,,3.0,0,0,51+,1,0,1
4162,竹 本 太 樹,大阪,B1,69.0,,2.0,0,0,51+,0,1,1
4163,山 崎 裕 司,広島,A2,69.0,,3.0,0,0,51+,1,0,1
4164,岩 永 節 也,長崎,B1,68.9,,2.0,0,0,51+,0,1,1
4165,鳥 飼 周 平,福岡,B1,68.7,,2.0,0,0,51+,0,1,1
4166,吉 田 拡 郎,岡山,A1,68.7,,4.0,1,0,51+,0,0,1
4167,片 岡 秀 樹,徳島,B1,68.6,,2.0,0,0,51+,0,1,1
4168,石 野 貴 之,大阪,A1,68.6,,4.0,1,0,51+,0,0,1
4169,多 田 有 佑,東京,B1,68.4,,2.0,0,0,51+,0,1,1
4170,西 坂 香 松,香川,B1,68.4,,2.0,0,0,51+,0,1,1
4171,榎 幸 司,長崎,A2,68.3,,3.0,0,0,51+,1,0,1
4172,森 定 晃 史,岡山,A2,68.2,,3.0,0,0,51+,1,0,1
4173,岡 谷 健 吾,広島,B1,68.2,,2.0,0,0,51+,0,1,1
4174,赤 坂 俊 輔,長崎,A1,68.2,,4.0,1,0,51+,0,0,1
4175,川 尻 泰 輔,埼玉,B1,68.2,,2.0,0,0,51+,0,1,1
4176,樋 口 喜 彦,兵庫,B1,68.2,,2.0,0,0,51+,0,1,1
4177,萬 正 嗣,群馬,B1,68.1,,2.0,0,0,51+,0,1,1
4178,井 口 真 弓,三重,B2,68.0,,1.0,0,1,51+,0,0,1
4179,広 次 修,山口,B1,67.9,,2.0,0,0,51+,0,1,1
4180,上 野 秀 和,福岡,B1,67.8,,2.0,0,0,51+,0,1,1
4181,花 本 夏 樹,三重,B1,67.4,,2.0,0,0,51+,0,1,1
4182,吉 田 和 仁,滋賀,B1,67.3,,2.0,0,0,51+,0,1,1
4183,宇 野 弥 生,愛知,A2,64.8,,3.0,0,0,51+,1,0,1
4184,渡 邊 雄一郎,大阪,A1,64.8,,4.0,1,0,51+,0,0,1
4185,藤 原 真 也,香川,B2,70.6,,1.0,0,1,51+,0,0,1
4186,小 川 時 光,埼玉,B1,70.0,,2.0,0,0,51+,0,1,1
4187,香 川 友 尚,香川,B1,69.9,,2.0,0,0,51+,0,1,1
4188,久 田 敏 之,群馬,A1,69.7,,4.0,1,0,51+,0,0,1
4189,川 上 剛,福岡,A2,69.7,,3.0,0,0,51+,1,0,1
4190,長 嶋 万 記,静岡,A1,69.6,,4.0,1,0,51+,0,0,1
4191,赤 羽 克 也,埼玉,A2,69.5,,3.0,0,0,51+,1,0,1
4192,先 山 健 司,東京,B2,69.4,,1.0,0,1,51+,0,0,1
4193,郷 原 章 平,福岡,A1,69.3,,4.0,1,0,51+,0,0,1
4194,齋 藤 篤,東京,B1,69.2,,2.0,0,0,51+,0,1,1
4195,前 川 守 嗣,福岡,B1,68.9,,2.0,0,0,51+,0,1,1
4196,田 中 太一郎,佐賀,B1,68.9,,2.0,0,0,51+,0,1,1
4197,渥 美 卓 郎,静岡,B1,68.6,,2.0,0,0,51+,0,1,1
4198,沼 田 克 彦,徳島,B1,68.6,,2.0,0,0,51+,0,1,1
4199,北 川 潤 二,愛知,A2,68.5,,3.0,0,0,51+,1,0,1
4200,早 川 尚 人,大阪,B1,68.5,,2.0,0,0,51+,0,1,1
4201,佐 竹 友 樹,埼玉,B1,68.4,,2.0,0,0,51+,0,1,1
4202,浮 田 圭 浩,岡山,B1,68.4,,2.0,0,0,51+,0,1,1
4203,小 倉 康 典,群馬,B1,68.4,,2.0,0,0,51+,0,1,1
4204,柴 田 大 輔,福岡,B1,68.4,,2.0,0,0,51+,0,1,1
4205,山 口 剛,広島,A1,68.4,,4.0,1,0,51+,0,0,1
4206,川 邉 加奈子,愛知,B2,68.1,,1.0,0,1,51+,0,0,1
4207,松 下 一 也,静岡,A2,67.9,,3.0,0,0,51+,1,0,1
4208,三 浦 永 理,静岡,A1,67.9,,4.0,1,0,51+,0,0,1
4209,藤 田 竜 弘,静岡,B1,67.9,,2.0,0,0,51+,0,1,1
4210,松 村 康 太,福井,A2,67.7,,3.0,0,0,51+,1,0,1
4211,村 田 敦,東京,B1,67.6,,2.0,0,0,51+,0,1,1
4212,宮 地 孝四朗,福岡,B2,66.7,,1.0,0,1,51+,0,0,1
4213,重 富 伸 也,長崎,B1,66.5,,2.0,0,0,51+,0,1,1
4214,林 祐 介,岡山,A2,66.4,,3.0,0,0,51+,1,0,1
4215,吉 島 祥 之,愛知,A2,66.4,,3.0,0,0,51+,1,0,1
4216,星 栄 爾,静岡,B1,65.7,,2.0,0,0,51+,0,1,1
4217,栩 本 佑 介,福岡,B1,69.4,,2.0,0,0,51+,0,1,1
4218,吉 川 喜 継,滋賀,A1,69.4,,4.0,1,0,51+,0,0,1
4219,本 岡 勝 利,広島,B1,69.2,,2.0,0,0,51+,0,1,1
4220,深 川 和 仁,香川,B1,69.2,,2.0,0,0,51+,0,1,1
4221,南 部 圭 史,香川,B2,69.1,,1.0,0,1,51+,0,0,1
4222,山 口 高 志,佐賀,B1,69.1,,2.0,0,0,51+,0,1,1
4223,平 井 誉志郎,福井,B2,69.0,,1.0,0,1,51+,0,0,1
4224,大 橋 栄里佳,福岡,A2,68.9,,3.0,0,0,51+,1,0,1
4225,土 屋 千 明,群馬,A2,68.5,,3.0,0,0,51+,1,0,1
4226,村 田 浩 司,山口,B1,68.3,,2.0,0,0,51+,0,1,1
4227,安 達 裕 樹,三重,A2,67.9,,3.0,0,0,51+,1,0,1
4228,吉 田 慎二郎,愛知,A2,67.8,,3.0,0,0,51+,1,0,1
4229,市 川 美 宏,静岡,B1,67.7,,2.0,0,0,51+,0,1,1
4230,濱 崎 直 矢,埼玉,A1,67.7,,4.0,1,0,51+,0,0,1
4231,鈴 木 裕 隆,愛知,A2,67.5,,3.0,0,0,51+,1,0,1
4232,笠 雅 雄,福岡,B1,67.5,,2.0,0,0,51+,0,1,1
4233,亀 山 雅 幸,群馬,A2,67.4,,3.0,0,0,51+,1,0,1
4234,野 相 弘 司,福岡,B1,67.3,,2.0,0,0,51+,0,1,1
4235,進 藤 侑,群馬,A1,67.3,,4.0,1,0,51+,0,0,1
4236,松 村 敏,福岡,A1,67.3,,4.0,1,0,51+,0,0,1
4237,大 峯 豊,山口,A1,67.2,,4.0,1,0,51+,0,0,1
4238,毒 島 誠,群馬,B2,67.0,,1.0,0,1,51+,0,0,1
4239,竹 田 辰 也,山口,A1,66.9,,4.0,1,0,51+,0,0,1
4240,今 井 裕 梨,群馬,A2,66.8,,3.0,0,0,51+,1,0,1
4241,大 串 重 幸,長崎,A2,66.0,,3.0,0,0,51+,1,0,1
4242,古 野 智 丈,佐賀,B2,66.0,,1.0,0,1,51+,0,0,1
4243,西 村 歩,大阪,A2,65.0,,3.0,0,0,51+,1,0,1
4244,鈴 木 成 美,静岡,B1,64.2,,2.0,0,0,51+,0,1,1
4245,高 橋 直 哉,東京,B1,69.1,,2.0,0,0,51+,0,1,1
4246,喜 多 那由夏,静岡,B1,68.7,,2.0,0,0,51+,0,1,1
4247,齊 藤 優,徳島,B1,68.7,,2.0,0,0,51+,0,1,1
4248,岡 本 大,長崎,B1,68.6,,2.0,0,0,51+,0,1,1
4249,曾 根 孝 仁,香川,B1,68.5,,2.0,0,0,51+,0,1,1
4250,藤 川 利 文,福岡,B1,68.0,,2.0,0,0,51+,0,1,1
4251,川 崎 誠 志,山口,B1,68.0,,2.0,0,0,51+,0,1,1
4252,松 下 哲 也,福岡,B1,67.7,,2.0,0,0,51+,0,1,1
4253,西 川 真 人,滋賀,B1,67.6,,2.0,0,0,51+,0,1,1
4254,川 島 圭 司,滋賀,A2,67.5,,3.0,0,0,51+,1,0,1
4255,野 中 建太郎,埼玉,B2,67.3,,1.0,0,1,51+,0,0,1
4256,渡 辺 浩 司,福岡,A1,67.1,,4.0,1,0,51+,0,0,1
4257,古 川 健,広島,B1,67.1,,2.0,0,0,51+,0,1,1
4258,関 根 彰 人,埼玉,B1,67.1,,2.0,0,0,51+,0,1,1
4259,真 庭 明 志,長崎,A2,66.9,,3.0,0,0,51+,1,0,1
4260,中 越 博 紀,香川,A2,66.8,,3.0,0,0,51+,1,0,1
4261,岡 祐 臣,三重,A1,66.8,,4.0,1,0,51+,0,0,1
4262,馬 場 貴 也,滋賀,A1,66.8,,4.0,1,0,51+,0,0,1
4263,武 重 雄 介,山口,A2,66.6,,3.0,0,0,51+,1,0,1
4264,長 尾 章 平,山口,A1,66.0,,4.0,1,0,51+,0,0,1
4265,村 上 祐 次,東京,B1,65.8,,2.0,0,0,51+,0,1,1
4266,長 田 頼 宗,東京,A1,65.5,,4.0,1,0,51+,0,0,1
4267,大 峯 明 菜,山口,B2,65.4,,1.0,0,1,51+,0,0,1
4268,和 合 俊 介,福岡,B1,65.3,,2.0,0,0,51+,0,1,1
4269,杉 山 裕 也,愛知,A1,65.3,,4.0,1,0,51+,0,0,1
4270,岸 本 雄 貴,三重,B1,68.7,,2.0,0,0,51+,0,1,1
4271,川 崎 公 靖,広島,B1,68.7,,2.0,0,0,51+,0,1,1
4272,大 場 広 孝,福岡,B1,68.7,,2.0,0,0,51+,0,1,1
4273,佐 藤 旭,静岡,B1,68.5,,2.0,0,0,51+,0,1,1
4274,長 畑 友 輔,東京,B1,68.4,,2.0,0,0,51+,0,1,1
4275,菅 野 はやか,広島,B2,68.3,,1.0,0,1,51+,0,0,1
4276,鈴 木 勝 博,愛知,A2,67.9,,3.0,0,0,51+,1,0,1
4277,金 田 大 輔,岡山,B1,67.5,,2.0,0,0,51+,0,1,1
4278,藤 岡 俊 介,兵庫,A1,67.5,,4.0,1,0,51+,0,0,1
4279,小 島 寿 人,群馬,B2,67.5,,1.0,0,1,51+,0,0,1
4280,山 本 章 博,岡山,B1,67.4,,2.0,0,0,51+,0,1,1
4281,大 澤 大 夢,埼玉,B1,67.1,,2.0,0,0,51+,0,1,1
4282,黄金井 裕 子,埼玉,B1,67.0,,2.0,0,0,51+,0,1,1
4283,石 井 裕 美,東京,B1,67.0,,2.0,0,0,51+,0,1,1
4284,山 本 良 一,埼玉,B1,66.9,,2.0,0,0,51+,0,1,1
4285,伴 将 典,愛知,B1,66.5,,2.0,0,0,51+,0,1,1
4286,平 田 さやか,東京,A2,66.5,,3.0,0,0,51+,1,0,1
4287,今 井 貴 士,福岡,A1,66.4,,4.0,1,0,51+,0,0,1
4288,永 田 啓 二,福岡,A1,66.3,,4.0,1,0,51+,0,0,1
4289,落 合 直 子,大阪,A2,66.2,,3.0,0,0,51+,1,0,1
4290,稲 田 浩 二,兵庫,A1,66.1,,4.0,1,0,51+,0,0,1
4291,山 崎 紳 弘,福岡,B1,65.8,,2.0,0,0,51+,0,1,1
4292,麻 生 慎 介,広島,A1,65.8,,4.0,1,0,51+,0,0,1
4293,鈴 木 智 啓,愛知,A2,65.4,,3.0,0,0,51+,1,0,1
4294,古 賀 繁 輝,佐賀,A1,64.5,,4.0,1,0,51+,0,0,1
4295,小 坂 尚 哉,兵庫,A1,64.3,,4.0,1,0,51+,0,0,1
4296,岡 崎 恭 裕,福岡,A1,64.0,,4.0,1,0,51+,0,0,1
4297,山 田 哲 也,東京,A1,68.2,,4.0,1,0,51+,0,0,1
4298,宮 下 元 胤,愛知,A1,68.1,,4.0,1,0,51+,0,0,1
4299,中 島 浩 哉,長崎,B1,68.1,,2.0,0,0,51+,0,1,1
4300,加 藤 綾,三重,B1,67.8,,2.0,0,0,51+,0,1,1
4301,関 裕 也,福岡,B1,67.8,,2.0,0,0,51+,0,1,1
4302,西 野 翔 太,広島,A2,67.7,,3.0,0,0,51+,1,0,1
4303,牧 原 崇,愛知,B1,67.7,,2.0,0,0,51+,0,1,1
4304,藤 崎 小百合,福岡,B2,67.5,,1.0,0,1,51+,0,0,1
4305,金 子 拓 矢,群馬,A1,67.2,,4.0,1,0,51+,0,0,1
4306,畔 柳 俊 吾,愛知,A2,67.2,,3.0,0,0,51+,1,0,1
4307,村 上 橋 蔵,愛知,B1,67.1,,2.0,0,0,51+,0,1,1
4308,河 村 了,愛知,A1,67.0,,4.0,1,0,51+,0,0,1
4309,坂 口 明 義,香川,B2,67.0,,1.0,0,1,51+,0,0,1
4310,横 家 翔 一,愛知,B1,67.0,,2.0,0,0,51+,0,1,1
4311,岡 村 仁,大阪,A1,66.9,,4.0,1,0,51+,0,0,1
4312,齋 藤 陽 介,愛知,B2,66.7,,1.0,0,1,51+,0,0,1
4313,西 村 美智子,香川,B2,66.7,,1.0,0,1,51+,0,0,1
4314,青 木 幸太郎,福岡,A2,66.7,,3.0,0,0,51+,1,0,1
4315,山 崎 昂 介,長崎,B1,66.6,,2.0,0,0,51+,0,1,1
4316,山 口 裕 太,広島,B2,66.5,,1.0,0,1,51+,0,0,1
4317,木 村 紗友希,静岡,B1,66.5,,2.0,0,0,51+,0,1,1
4318,桑 原 将 光,東京,B1,66.4,,2.0,0,0,51+,0,1,1
4319,三 宅 潤,大阪,A2,65.8,,3.0,0,0,51+,1,0,1
4320,峰 竜 太,佐賀,A1,65.8,,4.0,1,0,51+,0,0,1
4321,岩 田 優 一,静岡,B2,65.8,,1.0,0,1,51+,0,0,1
4322,永 瀬 巧,群馬,B1,64.5,,2.0,0,0,51+,0,1,1
4323,山 田 佑 樹,岡山,B1,64.2,,2.0,0,0,51+,0,1,1
4324,海 野 康志郎,山口,A1,63.0,,4.0,1,0,51+,0,0,1
4325,新 出 浩 司,大阪,B1,67.7,,2.0,0,0,51+,0,1,1
4326,増 田 大 雅,愛知,B2,67.7,,1.0,0,1,51+,0,0,1
4327,加 藤 翔,静岡,B1,67.6,,2.0,0,0,51+,0,1,1
4328,貞 本 拓 哉,広島,B2,67.6,,1.0,0,1,51+,0,0,1
4329,小 松 卓 司,福岡,B1,67.5,,2.0,0,0,51+,0,1,1
4330,奈 須 啓 太,福岡,A2,67.4,,3.0,0,0,51+,1,0,1
4331,三 好 勇 人,香川,A2,67.3,,3.0,0,0,51+,1,0,1
4332,村 上 彰 一,福岡,B1,67.3,,2.0,0,0,51+,0,1,1
4333,村 田 友 也,徳島,B2,67.2,,1.0,0,1,51+,0,0,1
4334,児 玉 旭,兵庫,B1,67.1,,2.0,0,0,51+,0,1,1
4335,若 林 将,東京,A1,67.0,,4.0,1,0,51+,0,0,1
4336,松 田 竜 馬,福岡,B1,66.9,,2.0,0,0,51+,0,1,1
4337,平 本 真 之,愛知,A1,66.7,,4.0,1,0,51+,0,0,1
4338,飯 田 佳 江,滋賀,B1,66.7,,2.0,0,0,51+,0,1,1
4339,平 瀬 城 啓,福井,B1,66.5,,2.0,0,0,51+,0,1,1
4340,土 性 雅 也,三重,B2,66.4,,1.0,0,1,51+,0,0,1
4341,足 立 かなえ,東京,B2,66.4,,1.0,0,1,51+,0,0,1
4342,谷 野 錬 志,静岡,A1,66.3,,4.0,1,0,51+,0,0,1
4343,村 岡 賢,広島,B1,66.3,,2.0,0,0,51+,0,1,1
4344,新 田 雄 史,三重,A1,65.9,,4.0,1,0,51+,0,0,1
4345,西 舘 健,東京,A2,65.8,,3.0,0,0,51+,1,0,1
4346,前 田 健太郎,福岡,B1,65.7,,2.0,0,0,51+,0,1,1
4347,魚 谷 香 織,福岡,A2,65.7,,3.0,0,0,51+,1,0,1
4348,宮 崎 奨,香川,A2,65.4,,3.0,0,0,51+,1,0,1
4349,犬 童 千 秋,福岡,B1,65.3,,2.0,0,0,51+,0,1,1
4350,篠 崎 元 志,福岡,A1,64.8,,4.0,1,0,51+,0,0,1
4351,里 岡 右 貴,福岡,A1,64.8,,4.0,1,0,51+,0,0,1
4352,下 條 雄太郎,長崎,A1,64.8,,4.0,1,0,51+,0,0,1
4353,下 出 秀 明,福井,B2,62.8,,1.0,0,1,51+,0,0,1
4354,古 川 舞,東京,B1,67.2,,2.0,0,0,51+,0,1,1
4355,小 川 広 大,福岡,B1,67.0,,2.0,0,0,51+,0,1,1
4356,長 岡 良 也,兵庫,A1,66.8,,4.0,1,0,51+,0,0,1
4357,田 中 和 也,大阪,A1,66.5,,4.0,1,0,51+,0,0,1
4358,松 本 庸 平,三重,B1,66.4,,2.0,0,0,51+,0,1,1
4359,横 川 聖 志,徳島,A2,66.3,,3.0,0,0,51+,1,0,1
4360,庄 司 孝 輔,静岡,B1,66.2,,2.0,0,0,51+,0,1,1
4361,柳 生 泰 二,山口,A1,66.2,,4.0,1,0,51+,0,0,1
4362,土 屋 智 則,群馬,A1,65.9,,4.0,1,0,51+,0,0,1
4363,大 野 芳 顕,福岡,A2,65.9,,3.0,0,0,51+,1,0,1
4364,池 永 太,福岡,A1,65.8,,4.0,1,0,51+,0,0,1
4365,盛 本 真 輔,兵庫,B1,65.3,,2.0,0,0,51+,0,1,1
4366,前 沢 丈 史,東京,A1,65.2,,4.0,1,0,51+,0,0,1
4367,山 口 修 路,福岡,B1,65.2,,2.0,0,0,51+,0,1,1
4368,山 口 隆 史,福岡,B1,65.2,,2.0,0,0,51+,0,1,1
4369,丹 下 将,愛知,A2,65.2,,3.0,0,0,51+,1,0,1
4370,山 口 達 也,岡山,A1,64.3,,4.0,1,0,51+,0,0,1
4371,西 山 貴 浩,福岡,A1,63.6,,4.0,1,0,51+,0,0,1
4372,原 田 佑 実,大阪,A2,63.4,,3.0,0,0,51+,1,0,1
4373,若 狭 奈美子,岡山,A1,62.5,,4.0,1,0,51+,0,0,1
4374,永 田 義 紘,広島,B1,66.7,,2.0,0,0,51+,0,1,1
4375,照 屋 厚 仁,兵庫,A2,66.7,,3.0,0,0,51+,1,0,1
4376,藤 田 靖 弘,静岡,A2,66.6,,3.0,0,0,51+,1,0,1
4377,濱 本 優 一,大阪,A1,66.5,,4.0,1,0,51+,0,0,1
4378,川 下 晃 司,広島,A2,66.5,,3.0,0,0,51+,1,0,1
4379,桑 島 和 宏,東京,A1,66.4,,4.0,1,0,51+,0,0,1
4380,鈴 木 峻 佑,静岡,B1,66.4,,2.0,0,0,51+,0,1,1
4381,田 路 朋 史,兵庫,A2,66.3,,3.0,0,0,51+,1,0,1
4382,高 山 智 至,滋賀,B1,66.2,,2.0,0,0,51+,0,1,1
4383,竹 田 吉 行,徳島,A2,65.7,,3.0,0,0,51+,1,0,1
4384,鶴 本 崇 文,大阪,A1,65.6,,4.0,1,0,51+,0,0,1
4385,鈴 木 祐美子,三重,B1,65.5,,2.0,0,0,51+,0,1,1
4386,森 下 祐 丞,兵庫,B2,65.5,,1.0,0,1,51+,0,0,1
4387,平 山 智 加,香川,A1,65.5,,4.0,1,0,51+,0,0,1
4388,是 澤 孝 宏,滋賀,A2,65.5,,3.0,0,0,51+,1,0,1
4389,伊 藤 喜 智,大阪,B1,65.3,,2.0,0,0,51+,0,1,1
4390,松 本 弓 雄,徳島,B1,64.8,,2.0,0,0,51+,0,1,1
4391,松 田 祐 季,福井,A1,64.7,,4.0,1,0,51+,0,0,1
4392,石 田 剛 大,群馬,B1,64.7,,2.0,0,0,51+,0,1,1
4393,田 中 孝 明,福岡,B1,64.7,,2.0,0,0,51+,0,1,1
4394,永 嶋 裕 一,福岡,A2,64.6,,3.0,0,0,51+,1,0,1
4395,下 河 雅 史,福岡,B1,64.6,,2.0,0,0,51+,0,1,1
4396,大 田 直 弥,山口,A2,64.5,,3.0,0,0,51+,1,0,1
4397,西 村 拓 也,大阪,A1,64.1,,4.0,1,0,51+,0,0,1
4398,船 岡 洋一郎,広島,A1,63.9,,4.0,1,0,51+,0,0,1
4399,松 本 晶 恵,群馬,B2,63.6,,1.0,0,1,51+,0,0,1
4400,加 藤 奈 月,福井,B1,62.4,,2.0,0,0,51+,0,1,1
4401,小 林 泰,東京,A2,66.1,,3.0,0,0,51+,1,0,1
4402,乙 藤 智 史,福岡,A2,65.9,,3.0,0,0,51+,1,0,1
4403,木 下 大 將,福岡,A2,65.8,,3.0,0,0,51+,1,0,1
4404,岸 蔭 亮,兵庫,B1,65.7,,2.0,0,0,51+,0,1,1
4405,南 野 利 騰,福井,B1,65.7,,2.0,0,0,51+,0,1,1
4406,幸 野 史 明,福岡,B1,65.5,,2.0,0,0,51+,0,1,1
4407,鹿 島 敏 弘,群馬,B1,65.0,,2.0,0,0,51+,0,1,1
4408,仁 科 さやか,長崎,B1,65.0,,2.0,0,0,51+,0,1,1
4409,坂 元 浩 仁,愛知,A2,64.9,,3.0,0,0,51+,1,0,1
4410,井 上 大 輔,岡山,B1,64.8,,2.0,0,0,51+,0,1,1
4411,沢 田 昭 宏,大阪,A2,64.8,,3.0,0,0,51+,1,0,1
4412,大 原 由 子,大阪,B2,64.7,,1.0,0,1,51+,0,0,1
4413,水 摩 敦,福岡,A2,64.6,,3.0,0,0,51+,1,0,1
4414,大 澤 真 菜,東京,B1,64.3,,2.0,0,0,51+,0,1,1
4415,下 出 卓 矢,福井,A2,64.1,,3.0,0,0,51+,1,0,1
4416,三 宅 健 太,広島,B1,64.1,,2.0,0,0,51+,0,1,1
4417,服 部 剛,静岡,B1,64.0,,2.0,0,0,51+,0,1,1
4418,茅 原 悠 紀,岡山,A1,63.5,,4.0,1,0,51+,0,0,1
4419,原 加央理,埼玉,B1,63.4,,2.0,0,0,51+,0,1,1
4420,津久井 拓 也,群馬,A2,63.2,,3.0,0,0,51+,1,0,1
4421,森 作 広 大,東京,B1,62.5,,2.0,0,0,51+,0,1,1
4422,永 井 亮 次,大阪,B1,62.4,,2.0,0,0,51+,0,1,1
4423,坂 口 貴 彦,岡山,B1,24.7,,2.0,0,0,~25,0,1,1
4424,松 尾 昂 明,福岡,A2,65.6,,3.0,0,0,51+,1,0,1
4425,大 井 清 貴,山口,B1,65.3,,2.0,0,0,51+,0,1,1
4426,中 上 勝 貴,福岡,B1,65.3,,2.0,0,0,51+,0,1,1
4427,秦 英 悟,大阪,A1,65.3,,4.0,1,0,51+,0,0,1
4428,有 賀 達 也,埼玉,A1,65.3,,4.0,1,0,51+,0,0,1
4429,豊 田 泰 洋,広島,B1,65.3,,2.0,0,0,51+,0,1,1
4430,永 田 秀 二,東京,A2,65.2,,3.0,0,0,51+,1,0,1
4431,石 塚 裕 介,三重,B1,64.8,,2.0,0,0,51+,0,1,1
4432,黄金井 力 良,埼玉,B1,64.8,,2.0,0,0,51+,0,1,1
4433,川 野 芽 唯,福岡,A1,64.8,,4.0,1,0,51+,0,0,1
4434,田 中 辰 彦,広島,A1,64.7,,4.0,1,0,51+,0,0,1
4435,服 部 達 哉,愛知,B1,64.7,,2.0,0,0,51+,0,1,1
4436,渋 谷 明 憲,大阪,A2,64.6,,3.0,0,0,51+,1,0,1
4437,中 田 元 泰,香川,A1,64.6,,4.0,1,0,51+,0,0,1
4438,森 作 雄 大,東京,A2,64.5,,3.0,0,0,51+,1,0,1
4439,近 藤 友 宝,埼玉,B1,64.4,,2.0,0,0,51+,0,1,1
4440,萩 原 知 哉,東京,B1,64.3,,2.0,0,0,51+,0,1,1
4441,末 永 由 楽,岡山,A2,64.3,,3.0,0,0,51+,1,0,1
4442,松 竹 大 輔,愛知,B1,64.3,,2.0,0,0,51+,0,1,1
4443,津 田 裕 絵,山口,A2,64.3,,3.0,0,0,51+,1,0,1
4444,桐 生 順 平,埼玉,A1,64.2,,4.0,1,0,51+,0,0,1
4445,宮 地 元 輝,佐賀,A1,64.1,,4.0,1,0,51+,0,0,1
4446,和 田 兼 輔,兵庫,A1,64.0,,4.0,1,0,51+,0,0,1
4447,深 川 麻奈美,福岡,A1,63.9,,4.0,1,0,51+,0,0,1
4448,青 木 玄 太,滋賀,A1,63.9,,4.0,1,0,51+,0,0,1
4449,中 嶋 達 也,兵庫,B1,63.6,,2.0,0,0,51+,0,1,1
4450,平 高 奈 菜,香川,A2,63.5,,3.0,0,0,51+,1,0,1
4451,松 崎 祐太郎,福岡,A1,63.2,,4.0,1,0,51+,0,0,1
4452,松 尾 祭,香川,A2,63.1,,3.0,0,0,51+,1,0,1
4453,永 田 郁 弥,愛知,B1,63.0,,2.0,0,0,51+,0,1,1
4454,梅 崎 恵 美,佐賀,B2,63.0,,1.0,0,1,51+,0,0,1
4455,平 本 さやか,愛知,B2,62.6,,1.0,0,1,51+,0,0,1
4456,鎌 倉 涼,大阪,A1,24.7,,4.0,1,0,~25,0,0,1
4457,神 田 達 也,愛知,B1,65.0,,2.0,0,0,51+,0,1,1
4458,抹 香 雄 三,広島,B1,64.9,,2.0,0,0,51+,0,1,1
4459,片 岡 雅 裕,香川,A1,64.9,,4.0,1,0,51+,0,0,1
4460,後 藤 翔 之,東京,A2,64.8,,3.0,0,0,51+,1,0,1
4461,安 田 吉 宏,三重,B1,64.7,,2.0,0,0,51+,0,1,1
4462,夏 山 亮 平,大阪,B1,64.6,,2.0,0,0,51+,0,1,1
4463,三 苫 晃 幸,福岡,B1,64.6,,2.0,0,0,51+,0,1,1
4464,山 下 友 貴,静岡,B1,64.6,,2.0,0,0,51+,0,1,1
4465,大 西 賢,東京,B1,64.4,,2.0,0,0,51+,0,1,1
4466,南 佑 典,三重,A2,64.4,,3.0,0,0,51+,1,0,1
4467,渡 邉 俊 介,愛知,A2,64.3,,3.0,0,0,51+,1,0,1
4468,大 池 佑 来,東京,A1,64.0,,4.0,1,0,51+,0,0,1
4469,土 山 卓 也,福井,A2,64.0,,3.0,0,0,51+,1,0,1
4470,平 田 健之佑,三重,A1,63.8,,4.0,1,0,51+,0,0,1
4471,新 田 泰 章,広島,A1,63.7,,4.0,1,0,51+,0,0,1
4472,尾 嶋 一 広,兵庫,A1,63.6,,4.0,1,0,51+,0,0,1
4473,藤 堂 里 香,福井,A2,63.4,,3.0,0,0,51+,1,0,1
4474,渡 辺 崇,福岡,B1,63.3,,2.0,0,0,51+,0,1,1
4475,末 永 祐 輝,山口,A2,63.3,,3.0,0,0,51+,1,0,1
4476,竹 中 晶 ﾀｹﾅｶ,,,,,,0,0,,0,0,1
4477,篠 崎 仁 志,福岡,A1,63.1,,4.0,1,0,51+,0,0,1
4478,櫻 本 あゆみ,群馬,A2,62.9,,3.0,0,0,51+,1,0,1
4479,矢 野 真梨菜,山口,B1,62.7,,2.0,0,0,51+,0,1,1
4480,小 林 靖 菜,群馬,B2,62.7,,1.0,0,1,51+,0,0,1
4481,前 田 梓,愛知,B2,62.5,,1.0,0,1,51+,0,0,1
4482,守 屋 美 穂,岡山,A1,24.9,,4.0,1,0,~25,0,0,1
4483,北 野 輝 季,愛知,A1,24.8,,4.0,1,0,~25,0,0,1
4484,稲 生 夏 季,東京,B1,23.4,,2.0,0,0,~25,0,1,1
4485,楠 原 正 剛,福岡,A2,64.7,,3.0,0,0,51+,1,0,1
4486,野 村 誠,群馬,B1,64.7,,2.0,0,0,51+,0,1,1
4487,三 原 司,福岡,B1,64.6,,2.0,0,0,51+,0,1,1
4488,小 山 勉,埼玉,A1,64.6,,4.0,1,0,51+,0,0,1
4489,岩 川 仁 士,大阪,B1,64.3,,2.0,0,0,51+,0,1,1
4490,椎 原 健,滋賀,B1,64.0,,2.0,0,0,51+,0,1,1
4491,田 中 堅,群馬,B1,63.9,,2.0,0,0,51+,0,1,1
4492,本 多 宏 和,愛知,B1,63.9,,2.0,0,0,51+,0,1,1
4493,滝 澤 友 恵,福岡,B2,63.9,,1.0,0,1,51+,0,0,1
4494,河 合 佑 樹,静岡,A1,63.8,,4.0,1,0,51+,0,0,1
4495,森 晋太郎,福岡,A2,63.7,,3.0,0,0,51+,1,0,1
4496,内 堀 学,東京,A2,63.6,,3.0,0,0,51+,1,0,1
4497,桑 原 悠,長崎,A1,63.6,,4.0,1,0,51+,0,0,1
4498,宮 本 夏 樹,長崎,B1,63.4,,2.0,0,0,51+,0,1,1
4499,滝 川 真由子,長崎,B1,63.3,,2.0,0,0,51+,0,1,1
4500,山 田 康 二,佐賀,A1,63.0,,4.0,1,0,51+,0,0,1
4501,樋 口 由加里,岡山,A2,63.0,,3.0,0,0,51+,1,0,1
4502,遠 藤 エ ミ,滋賀,A1,62.9,,4.0,1,0,51+,0,0,1
4503,上 野 真之介,佐賀,A1,62.9,,4.0,1,0,51+,0,0,1
4504,前 田 将 太,福岡,A1,62.8,,4.0,1,0,51+,0,0,1
4505,島 田 賢 人,埼玉,A2,62.7,,3.0,0,0,51+,1,0,1
4506,稗 田 聖 也,福岡,B1,62.7,,2.0,0,0,51+,0,1,1
4507,寺 田 絵理香,福岡,B2,62.4,,1.0,0,1,51+,0,0,1
4508,野 間 大 樹,大阪,B1,62.3,,2.0,0,0,51+,0,1,1
4509,平 見 真 彦,愛知,B1,62.0,,2.0,0,0,51+,0,1,1
4510,坂 本 奈 央,福岡,B2,62.0,,1.0,0,1,51+,0,0,1
4511,中 岡 健 人,香川,B1,24.8,,2.0,0,0,~25,0,1,1
4512,高 野 哲 史,兵庫,A1,24.7,,4.0,1,0,~25,0,0,1
4513,河 野 真 也,福岡,A2,24.7,,3.0,0,0,~25,1,0,1
4514,上 條 嘉 嗣,大阪,A1,24.1,,4.0,1,0,~25,0,0,1
4515,藤 田 浩 人,佐賀,A2,64.6,,3.0,0,0,51+,1,0,1
4516,野 口 勝 弘,愛知,A2,64.1,,3.0,0,0,51+,1,0,1
4517,平 野 恭 兵,東京,B1,64.0,,2.0,0,0,51+,0,1,1
4518,大須賀 友,愛知,A2,63.9,,3.0,0,0,51+,1,0,1
4519,清 水 沙 樹,東京,A2,63.9,,3.0,0,0,51+,1,0,1
4520,高 倉 孝 太,福井,B1,63.8,,2.0,0,0,51+,0,1,1
4521,小 池 公 生,福岡,A1,63.8,,4.0,1,0,51+,0,0,1
4522,古 澤 光 紀,福岡,A1,63.2,,4.0,1,0,51+,0,0,1
4523,中 村 辰 也,長崎,A2,62.8,,3.0,0,0,51+,1,0,1
4524,深 谷 知 博,静岡,A1,62.8,,4.0,1,0,51+,0,0,1
4525,真 子 奈津実,福岡,B1,62.7,,2.0,0,0,51+,0,1,1
4526,池 田 雄 祐,愛知,A2,62.6,,3.0,0,0,51+,1,0,1
4527,高 野 心 吾,愛知,B1,62.5,,2.0,0,0,51+,0,1,1
4528,黒 井 達 矢,埼玉,A1,62.4,,4.0,1,0,51+,0,0,1
4529,嶋 義 信,香川,B1,62.3,,2.0,0,0,51+,0,1,1
4530,小 野 生 奈,福岡,A1,62.3,,4.0,1,0,51+,0,0,1
4531,武 富 智 亮,佐賀,A2,62.2,,3.0,0,0,51+,1,0,1
4532,秋 元 哲,埼玉,A1,62.2,,4.0,1,0,51+,0,0,1
4533,峰 重 侑 治,岡山,B2,62.1,,1.0,0,1,51+,0,0,1
4534,坂 咲友理,大阪,B1,24.3,,2.0,0,0,~25,0,1,1
4535,北 山 康 介,東京,A1,24.1,,4.0,1,0,~25,0,0,1
4536,喜 井 つかさ,岡山,A2,24.0,,3.0,0,0,~25,1,0,1
4537,渡 邉 和 将,岡山,A1,23.9,,4.0,1,0,~25,0,0,1
4538,笠 置 博 之,大阪,A2,23.4,,3.0,0,0,~25,1,0,1
4539,金 子 賢 志,群馬,A1,23.2,,4.0,1,0,~25,0,0,1
4540,相 原 利 章,東京,A2,63.4,,3.0,0,0,51+,1,0,1
4541,牛 田 祥 二,愛知,B1,63.2,,2.0,0,0,51+,0,1,1
4542,高 木 圭 右,東京,B1,63.1,,2.0,0,0,51+,0,1,1
4543,重 木 輝 彦,兵庫,A1,63.1,,4.0,1,0,51+,0,0,1
4544,松 田 大志郎,福岡,A1,63.1,,4.0,1,0,51+,0,0,1
4545,岡 村 慶 太,福岡,A1,62.9,,4.0,1,0,51+,0,0,1
4546,浜 田 亜理沙,埼玉,A1,62.8,,4.0,1,0,51+,0,0,1
4547,中 田 竜 太,埼玉,A1,62.7,,4.0,1,0,51+,0,0,1
4548,篠 木 亜衣花,三重,B2,62.6,,1.0,0,1,51+,0,0,1
4549,小 林 文 彦,福岡,B1,62.3,,2.0,0,0,51+,0,1,1
4550,石 岡 将 太,群馬,B1,62.2,,2.0,0,0,51+,0,1,1
4551,三 川 昂 暁,福岡,A2,62.1,,3.0,0,0,51+,1,0,1
4552,杉 山 勝 匡,佐賀,B1,24.9,,2.0,0,0,~25,0,1,1
4553,坪 口 竜 也,長崎,A2,24.7,,3.0,0,0,~25,1,0,1
4554,花 本 大 樹,福岡,B1,24.6,,2.0,0,0,~25,0,1,1
4555,富 永 大 一,福岡,A2,24.5,,3.0,0,0,~25,1,0,1
4556,竹 井 奈 美,福岡,A1,24.4,,4.0,1,0,~25,0,0,1
4557,松 尾 光 広,岡山,B1,24.0,,2.0,0,0,~25,0,1,1
4558,宮 野 仁,岡山,B1,23.9,,2.0,0,0,~25,0,1,1
4559,西 川 昌 希,三重,A1,23.8,,4.0,1,0,~25,0,0,1
4560,庄 司 樹良々,東京,A2,23.0,,3.0,0,0,~25,1,0,1
4561,藤 山 翔 大,大阪,A2,22.9,,3.0,0,0,~25,1,0,1
4562,阪 本 勇 介,岡山,B1,63.2,,2.0,0,0,51+,0,1,1
4563,齋 藤 真 之,岡山,B1,63.1,,2.0,0,0,51+,0,1,1
4564,山 本 景士郎,広島,B1,63.1,,2.0,0,0,51+,0,1,1
4565,西 村 豪 洋,愛知,B1,63.1,,2.0,0,0,51+,0,1,1
4566,塩 田 北 斗,福岡,A1,63.0,,4.0,1,0,51+,0,0,1
4567,上 村 慎太郎,山口,B1,63.0,,2.0,0,0,51+,0,1,1
4568,廣 瀬 真 也,東京,A2,63.0,,3.0,0,0,51+,1,0,1
4569,中 澤 宏 奈,東京,B2,62.8,,1.0,0,1,51+,0,0,1
4570,前 田 聖 文,愛知,A1,62.7,,4.0,1,0,51+,0,0,1
4571,菅 章 哉,徳島,A1,62.5,,4.0,1,0,51+,0,0,1
4572,渡 部 悟,大阪,A2,62.4,,3.0,0,0,51+,1,0,1
4573,佐 藤 翼,埼玉,A1,62.3,,4.0,1,0,51+,0,0,1
4574,東 潤 樹,広島,B1,62.3,,2.0,0,0,51+,0,1,1
4575,戸 塚 邦 好,東京,A1,62.3,,4.0,1,0,51+,0,0,1
4576,田 中 孝 征,福岡,B1,24.7,,2.0,0,0,~25,0,1,1
4577,渡 邊 佳 子,東京,B2,24.7,,1.0,0,1,~25,0,0,1
4578,藤 山 雅 弘,大阪,A1,24.6,,4.0,1,0,~25,0,0,1
4579,中 嶋 健一郎,三重,A1,24.5,,4.0,1,0,~25,0,0,1
4580,長谷川 雅 和,岡山,B1,24.5,,2.0,0,0,~25,0,1,1
4581,吉 村 誠,静岡,A1,24.5,,4.0,1,0,~25,0,0,1
4582,児 玉 強太郎,福岡,B2,24.4,,1.0,0,1,~25,0,0,1
4583,古 田 祐 貴,香川,A2,24.4,,3.0,0,0,~25,1,0,1
4584,村 岡 賢 人,岡山,A1,24.0,,4.0,1,0,~25,0,0,1
4585,麻 生 千 晴,広島,B2,23.8,,1.0,0,1,~25,0,0,1
4586,磯 部 誠,愛知,A1,23.3,,4.0,1,0,~25,0,0,1
4587,木 田 峰由季,福井,A2,23.0,,3.0,0,0,~25,1,0,1
4588,田 中 京 介,福岡,A2,22.8,,3.0,0,0,~25,1,0,1
4589,塩 崎 桐 加,三重,A2,21.7,,3.0,0,0,~25,1,0,1
4590,渡 邉 優 美,福岡,A1,21.3,,4.0,1,0,~25,0,0,1
4591,坂井田 晃,三重,B1,70.4,,2.0,0,0,51+,0,1,1
4592,小 林 孝 弘,山口,B1,70.1,,2.0,0,0,51+,0,1,1
4593,小 坂 宗 司,大阪,A2,70.0,,3.0,0,0,51+,1,0,1
4594,谷 川 祐 一,滋賀,A2,69.2,,3.0,0,0,51+,1,0,1
4595,花 井 潤,東京,B2,68.9,,1.0,0,1,51+,0,0,1
4596,葛 原 大 陽,徳島,A1,67.6,,4.0,1,0,51+,0,0,1
4597,牧 宏 和,愛知,B2,66.8,,1.0,0,1,51+,0,0,1
4598,加 藤 政 彦,東京,A1,66.6,,4.0,1,0,51+,0,0,1
4599,坂 口 愛,大阪,B2,66.3,,1.0,0,1,51+,0,0,1
4600,井 内 将太郎,広島,A2,66.0,,3.0,0,0,51+,1,0,1
4601,森 野 正 弘,山口,A2,65.9,,3.0,0,0,51+,1,0,1
4602,三 上 泰 教,東京,B2,65.2,,1.0,0,1,51+,0,0,1
4603,谷 川 将 太,長崎,B1,63.0,,2.0,0,0,51+,0,1,1
4604,岩 瀬 裕 亮,愛知,A1,62.6,,4.0,1,0,51+,0,0,1
4605,森 世 里,滋賀,B2,62.3,,1.0,0,1,51+,0,0,1
4606,喜 川 照 正,東京,B2,62.3,,1.0,0,1,51+,0,0,1
4607,鶴 田 勇 雄,福岡,A2,24.8,,3.0,0,0,~25,1,0,1
4608,荒 井 翔 伍,東京,A2,24.3,,3.0,0,0,~25,1,0,1
4609,梅 内 駿 佑,東京,B2,23.6,,1.0,0,1,~25,0,0,1
4610,佐 藤 大 佑,東京,A2,23.4,,3.0,0,0,~25,1,0,1
4611,今 井 美 亜,福井,A2,23.4,,3.0,0,0,~25,1,0,1
4612,志々目 裕 樹,福岡,B2,22.9,,1.0,0,1,~25,0,0,1
4613,竹 内 吉 弘,東京,B2,76.6,,1.0,0,1,51+,0,0,1
4614,石 倉 洋 行,福岡,A1,70.8,,4.0,1,0,51+,0,0,1
4615,板 倉 敦 史,東京,B1,70.5,,2.0,0,0,51+,0,1,1
4616,小 川 真 人,福岡,B2,69.0,,1.0,0,1,51+,0,0,1
4617,若 林 友,東京,B1,68.6,,2.0,0,0,51+,0,1,1
4618,乃 村 康 友,三重,B1,67.9,,2.0,0,0,51+,0,1,1
4619,伏 田 裕 隆,東京,A2,67.9,,3.0,0,0,51+,1,0,1
4620,佐 藤 裕 紀,大阪,B1,67.4,,2.0,0,0,51+,0,1,1
4621,坂 田 麻 衣,徳島,B1,67.1,,2.0,0,0,51+,0,1,1
4622,出 村 卓 也,福井,B2,66.9,,1.0,0,1,51+,0,0,1
4623,中 北 将 史,三重,B1,66.1,,2.0,0,0,51+,0,1,1
4624,高 田 明,佐賀,A1,65.7,,4.0,1,0,51+,0,0,1
4625,渡 邊 裕 貴,静岡,B1,64.8,,2.0,0,0,51+,0,1,1
4626,伊 藤 紘 章,愛知,B1,64.7,,2.0,0,0,51+,0,1,1
4627,藤 原 菜 希,東京,A2,64.7,,3.0,0,0,51+,1,0,1
4628,山 田 達 也,大阪,B1,64.6,,2.0,0,0,51+,0,1,1
4629,遠 藤 ゆ み,滋賀,B2,64.4,,1.0,0,1,51+,0,0,1
4630,岩 永 雅 人,愛知,A2,63.9,,3.0,0,0,51+,1,0,1
4631,新 井 英 孝,大阪,B1,63.5,,2.0,0,0,51+,0,1,1
4632,長 尾 京志郎,福岡,B1,24.8,,2.0,0,0,~25,0,1,1
4633,森 智 也,兵庫,A2,24.6,,3.0,0,0,~25,1,0,1
4634,嶌 明 憲,静岡,B1,24.1,,2.0,0,0,~25,0,1,1
4635,峰 重 力 也,岡山,B1,23.9,,2.0,0,0,~25,0,1,1
4636,赤 池 修 平,徳島,B1,23.8,,2.0,0,0,~25,0,1,1
4637,中 田 友 也,埼玉,A2,23.8,,3.0,0,0,~25,1,0,1
4638,小 林 遼 太,福岡,B1,23.2,,2.0,0,0,~25,0,1,1
4639,雑 賀 勇 貴,大阪,B1,23.1,,2.0,0,0,~25,0,1,1
4640,山ノ内 雅 人,福岡,A2,22.9,,3.0,0,0,~25,1,0,1
4641,磯 村 匠,東京,B1,22.6,,2.0,0,0,~25,0,1,1
4642,松 尾 夏 海,香川,A1,22.2,,4.0,1,0,~25,0,0,1
4643,近 江 翔 吾,香川,A1,20.9,,4.0,1,0,~25,0,0,1
4644,山 田 亮 太,東京,A2,71.8,,3.0,0,0,51+,1,0,1
4645,上 村 純 一,群馬,A1,70.6,,4.0,1,0,51+,0,0,1
4646,赤 羽 大 樹,埼玉,B2,70.5,,1.0,0,1,51+,0,0,1
4647,磯 部 温 志,山口,B2,68.6,,1.0,0,1,51+,0,0,1
4648,木 村 亮 太,兵庫,B1,66.7,,2.0,0,0,51+,0,1,1
4649,和 田 操 拓,滋賀,A2,66.6,,3.0,0,0,51+,1,0,1
4650,中 山 雄 太,愛知,A2,66.5,,3.0,0,0,51+,1,0,1
4651,佐 藤 大 騎,大阪,B1,66.1,,2.0,0,0,51+,0,1,1
4652,酒 見 峻 介,佐賀,A2,65.4,,3.0,0,0,51+,1,0,1
4653,小 野 達 哉,大阪,A1,64.9,,4.0,1,0,51+,0,0,1
4654,篠 田 優 也,兵庫,A2,64.6,,3.0,0,0,51+,1,0,1
4655,三 宅 諒,大阪,B1,63.9,,2.0,0,0,51+,0,1,1
4656,大 崎 翔,兵庫,B1,63.5,,2.0,0,0,51+,0,1,1
4657,江 崎 一 雄,福岡,B1,63.4,,2.0,0,0,51+,0,1,1
4658,古 賀 雅 晟,愛知,B1,22.9,,2.0,0,0,~25,0,1,1
4659,木 下 翔 太,大阪,A1,22.7,,4.0,1,0,~25,0,0,1
4660,宇田川 信 一,東京,B2,22.5,,1.0,0,1,~25,0,0,1
4661,中 島 昂 章,佐賀,B1,21.9,,2.0,0,0,~25,0,1,1
4662,片 山 雅 雄,滋賀,B1,68.4,,2.0,0,0,51+,0,1,1
4663,籾 山 佳 岳,愛知,B2,68.3,,1.0,0,1,51+,0,0,1
4664,東 口 晃,福井,B1,67.4,,2.0,0,0,51+,0,1,1
4665,加 藤 啓 太,愛知,B1,67.2,,2.0,0,0,51+,0,1,1
4666,日 笠 勝 弘,大阪,B2,67.1,,1.0,0,1,51+,0,0,1
4667,土 屋 幸 宏,埼玉,B1,67.0,,2.0,0,0,51+,0,1,1
4668,楠 本 晃 嗣,福岡,B1,66.3,,2.0,0,0,51+,0,1,1
4669,井 上 茂,福岡,B1,65.7,,2.0,0,0,51+,0,1,1
4670,芦 村 幸 香,山口,B2,65.6,,1.0,0,1,51+,0,0,1
4671,三 好 祐 樹,愛知,B1,65.1,,2.0,0,0,51+,0,1,1
4672,守 屋 大 地,岡山,B1,64.8,,2.0,0,0,51+,0,1,1
4673,伊 藤 葵和子,東京,B2,64.1,,1.0,0,1,51+,0,0,1
4674,池 田 剛 規,福岡,A2,63.4,,3.0,0,0,51+,1,0,1
4675,井 手 良 太,大阪,B1,63.1,,2.0,0,0,51+,0,1,1
4676,後 藤 隼 之,東京,B1,62.8,,2.0,0,0,51+,0,1,1
4677,片 橋 幸 貴,滋賀,B2,62.5,,1.0,0,1,51+,0,0,1
4678,水 野 望 美,愛知,B1,62.1,,2.0,0,0,51+,0,1,1
4679,植 田 太 一,福岡,A1,24.5,,4.0,1,0,~25,0,0,1
4680,後 藤 美 翼,東京,B1,23.9,,2.0,0,0,~25,0,1,1
4681,太 田 潮,愛知,B1,23.5,,2.0,0,0,~25,0,1,1
4682,大 上 卓 人,広島,A1,23.3,,4.0,1,0,~25,0,0,1
4683,向井田 直 弥,広島,B2,23.3,,1.0,0,1,~25,0,0,1
4684,楠 原 翔 太,福岡,A2,23.1,,3.0,0,0,~25,1,0,1
4685,島 村 隆 幸,徳島,A1,23.0,,4.0,1,0,~25,0,0,1
4686,丸 野 一 樹,滋賀,A1,22.4,,4.0,1,0,~25,0,0,1
4687,宮 地 佐 季,広島,B2,21.9,,1.0,0,1,~25,0,0,1
4688,永 井 彪 也,東京,A1,21.1,,4.0,1,0,~25,0,0,1
4689,豊 田 結,静岡,A2,20.5,,3.0,0,0,~25,1,0,1
4690,高 石 梨 菜,東京,B2,20.1,,1.0,0,1,~25,0,0,1
4691,水 原 慎,徳島,B1,67.6,,2.0,0,0,51+,0,1,1
4692,酒 井 俊 弘,福井,B1,66.8,,2.0,0,0,51+,0,1,1
4693,松 下 誉 士,福岡,B1,66.7,,2.0,0,0,51+,0,1,1
4694,高 田 綾,福岡,B1,66.0,,2.0,0,0,51+,0,1,1
4695,尾 崎 雄 二,長崎,B1,65.3,,2.0,0,0,51+,0,1,1
4696,齋 藤 竜 次,東京,B1,64.8,,2.0,0,0,51+,0,1,1
4697,國 弘 翔 平,福岡,B1,64.4,,2.0,0,0,51+,0,1,1
4698,高 山 隆 成,福岡,B1,64.4,,2.0,0,0,51+,0,1,1
4699,八十岡 恵 美,福井,B2,64.1,,1.0,0,1,51+,0,0,1
4700,金 子 和 之,埼玉,A2,63.7,,3.0,0,0,51+,1,0,1
4701,福 本 悠,大阪,B1,63.7,,2.0,0,0,51+,0,1,1
4702,三 浦 敬 太,東京,A1,63.6,,4.0,1,0,51+,0,0,1
4703,森 永 隆,山口,A2,62.8,,3.0,0,0,51+,1,0,1
4704,河 野 大,徳島,A2,62.5,,3.0,0,0,51+,1,0,1
4705,吉 川 勇 作,長崎,B1,62.4,,2.0,0,0,51+,0,1,1
4706,三 浦 洋次朗,愛知,A2,62.2,,3.0,0,0,51+,1,0,1
4707,岸 田 崇,大阪,B2,62.1,,1.0,0,1,51+,0,0,1
4708,半 田 尚 也,広島,B1,24.6,,2.0,0,0,~25,0,1,1
4709,岡 村 将 也,福岡,A2,24.5,,3.0,0,0,~25,1,0,1
4710,福 田 宗 平,大阪,A1,24.1,,4.0,1,0,~25,0,0,1
4711,前 出 達 吉,福井,B1,23.9,,2.0,0,0,~25,0,1,1
4712,冨 好 祐 真,兵庫,B1,23.6,,2.0,0,0,~25,0,1,1
4713,白 神 優,岡山,A1,23.3,,4.0,1,0,~25,0,0,1
4714,喜多須 杏 奈,徳島,B1,23.3,,2.0,0,0,~25,0,1,1
4715,村 上 遼,長崎,A1,21.6,,4.0,1,0,~25,0,0,1
4716,近 久 大 志,大阪,B1,21.5,,2.0,0,0,~25,0,1,1
4717,永 田 純 也,東京,B2,21.1,,1.0,0,1,~25,0,0,1
4718,北 川 太 一,佐賀,A2,21.0,,3.0,0,0,~25,1,0,1
4719,上 條 暢 嵩,大阪,A1,20.0,,4.0,1,0,~25,0,0,1
4720,西 澤 日花里,長崎,B1,19.6,,2.0,0,0,~25,0,1,1
4721,金 光 佑 治,大阪,B2,66.6,,1.0,0,1,51+,0,0,1
4722,竹 野 未 華,福岡,B1,66.2,,2.0,0,0,51+,0,1,1
4723,寺 島 吉 彦,東京,B1,65.1,,2.0,0,0,51+,0,1,1
4724,吉 田 祐 貴,佐賀,B2,65.0,,1.0,0,1,51+,0,0,1
4725,佐 竹 太 一,兵庫,B1,64.3,,2.0,0,0,51+,0,1,1
4726,島 田 なぎさ,埼玉,B2,63.7,,1.0,0,1,51+,0,0,1
4727,安 部 慎 一,福岡,B1,63.4,,2.0,0,0,51+,0,1,1
4728,山 口 亮,東京,B1,63.2,,2.0,0,0,51+,0,1,1
4729,佐 藤 謙史朗,福岡,B2,24.9,,1.0,0,1,~25,0,0,1
4730,土 屋 実沙希,静岡,A2,24.9,,3.0,0,0,~25,1,0,1
4731,間 野 兼 礼,愛知,B1,24.8,,2.0,0,0,~25,0,1,1
4732,堀 本 和 也,徳島,A1,24.8,,4.0,1,0,~25,0,0,1
4733,赤 井 睦,徳島,B1,24.7,,2.0,0,0,~25,0,1,1
4734,安河内 将,佐賀,A1,24.2,,4.0,1,0,~25,0,0,1
4735,角 山 雄 哉,兵庫,B1,23.2,,2.0,0,0,~25,0,1,1
4736,高 倉 和 士,福岡,A1,22.5,,4.0,1,0,~25,0,0,1
4737,竹 井 貴 史,福岡,A2,22.5,,3.0,0,0,~25,1,0,1
4738,清 埜 翔 子,埼玉,A2,22.4,,3.0,0,0,~25,1,0,1
4739,中 村 晃 朋,香川,A1,22.2,,4.0,1,0,~25,0,0,1
4740,齋 藤 達 希,静岡,B1,21.9,,2.0,0,0,~25,0,1,1
4741,中 村 直 喜,福岡,B2,21.6,,1.0,0,1,~25,0,0,1
4742,横 田 悠 衣,愛知,B2,21.4,,1.0,0,1,~25,0,0,1
4743,木 村 仁 紀,滋賀,A1,21.3,,4.0,1,0,~25,0,0,1
4744,伊 藤 玲 奈,福岡,B1,21.3,,2.0,0,0,~25,0,1,1
4745,関 野 龍,福岡,B2,21.1,,1.0,0,1,~25,0,0,1
4746,大豆生田 蒼,埼玉,A2,19.1,,3.0,0,0,~25,1,0,1
4747,山 戸 信 二,長崎,B1,65.4,,2.0,0,0,51+,0,1,1
4748,渡 邉 雄 朗,東京,A1,64.7,,4.0,1,0,51+,0,0,1
4749,山 口 貢 輝,福岡,B1,64.2,,2.0,0,0,51+,0,1,1
4750,井 上 尚 悟,大阪,B1,63.5,,2.0,0,0,51+,0,1,1
4751,鈴 木 諒 祐,静岡,B1,63.3,,2.0,0,0,51+,0,1,1
4752,西 尾 亮 輔,愛知,B1,62.7,,2.0,0,0,51+,0,1,1
4753,森 照 夫,福岡,B1,62.5,,2.0,0,0,51+,0,1,1
4754,松 尾 充,三重,A1,62.3,,4.0,1,0,51+,0,0,1
4755,山 田 貴 愛,長崎,B2,62.2,,1.0,0,1,51+,0,0,1
4756,渡 邉 昌 成,静岡,B2,25.0,,1.0,0,1,~25,0,0,1
4757,山 田 祐 也,徳島,A1,24.5,,4.0,1,0,~25,0,0,1
4758,富 樫 麗 加,東京,A2,24.1,,3.0,0,0,~25,1,0,1
4759,今 泉 友 吾,東京,A1,24.1,,4.0,1,0,~25,0,0,1
4760,山 崎 郡,大阪,A1,24.1,,4.0,1,0,~25,0,0,1
4761,山 田 晃 大,滋賀,A2,24.0,,3.0,0,0,~25,1,0,1
4762,藤 原 啓史朗,岡山,A1,23.8,,4.0,1,0,~25,0,0,1
4763,清 水 敬 太,広島,B1,23.8,,2.0,0,0,~25,0,1,1
4764,小 池 礼 乃,福岡,B1,23.6,,2.0,0,0,~25,0,1,1
4765,野田部 宏 子,福岡,B1,23.5,,2.0,0,0,~25,0,1,1
4766,石 井 孝 之,群馬,B1,23.0,,2.0,0,0,~25,0,1,1
4767,米 井 里 実,東京,B1,22.2,,2.0,0,0,~25,0,1,1
4768,田 代 元 気,福岡,B2,21.6,,1.0,0,1,~25,0,0,1
4769,馬 場 剛,東京,A2,21.5,,3.0,0,0,~25,1,0,1
4770,小 野 真 歩,福岡,B1,21.4,,2.0,0,0,~25,0,1,1
4771,下 寺 秀 和,広島,A1,20.9,,4.0,1,0,~25,0,0,1
4772,石 丸 海 渡,香川,A1,20.5,,4.0,1,0,~25,0,0,1
4773,中 川 り な,福岡,A2,20.5,,3.0,0,0,~25,1,0,1
4774,丸 山 龍太郎,福岡,B1,20.4,,2.0,0,0,~25,0,1,1
4775,千 葉 真 弥,静岡,A2,20.2,,3.0,0,0,~25,1,0,1
4776,竹 田 和 哉,香川,A1,20.0,,4.0,1,0,~25,0,0,1
4777,五十嵐 一 聡,山口,B1,67.0,,2.0,0,0,51+,0,1,1
4778,堤 啓 輔,佐賀,B1,65.1,,2.0,0,0,51+,0,1,1
4779,伊 倉 光,東京,B1,65.0,,2.0,0,0,51+,0,1,1
4780,マイケル 田 代,東京,B1,64.9,,2.0,0,0,51+,0,1,1
4781,西 舘 果 里,東京,B2,64.1,,1.0,0,1,51+,0,0,1
4782,浜 崎 準 也,岡山,B1,63.9,,2.0,0,0,51+,0,1,1
4783,木 村 詳 子,山口,B2,63.3,,1.0,0,1,51+,0,0,1
4784,向井田 真 紀,広島,B1,63.2,,2.0,0,0,51+,0,1,1
4785,木 幡 純 也,愛知,B1,63.0,,2.0,0,0,51+,0,1,1
4786,佐 藤 博 亮,愛知,A1,62.8,,4.0,1,0,51+,0,0,1
4787,椎 名 豊,群馬,A1,62.3,,4.0,1,0,51+,0,0,1
4788,小 池 哲 也,大阪,A2,24.5,,3.0,0,0,~25,1,0,1
4789,古 賀 智 之,福岡,A2,24.4,,3.0,0,0,~25,1,0,1
4790,柳 内 敬 太,兵庫,A2,24.3,,3.0,0,0,~25,1,0,1
4791,黒 澤 めぐみ,東京,A2,24.1,,3.0,0,0,~25,1,0,1
4792,杉 村 賢 也,東京,A2,23.7,,3.0,0,0,~25,1,0,1
4793,金 子 萌,静岡,A2,23.7,,3.0,0,0,~25,1,0,1
4794,和 田 拓 也,兵庫,A1,23.5,,4.0,1,0,~25,0,0,1
4795,落 合 正 侑,埼玉,B1,23.3,,2.0,0,0,~25,0,1,1
4796,春 園 功 太,三重,A2,22.4,,3.0,0,0,~25,1,0,1
4797,中 山 将,三重,A2,21.9,,3.0,0,0,~25,1,0,1
4798,浜 先 真 範,広島,A1,20.7,,4.0,1,0,~25,0,0,1
4799,大 山 大 我,大阪,B1,20.7,,2.0,0,0,~25,0,1,1
4800,小 寺 拳 人,福井,B1,20.5,,2.0,0,0,~25,0,1,1
4801,小 城 千 奈,福岡,B2,20.4,,1.0,0,1,~25,0,0,1
4802,中 田 達 也,福岡,A1,20.3,,4.0,1,0,~25,0,0,1
4803,飯 田 庄 吾,福岡,B1,20.1,,2.0,0,0,~25,0,1,1
4804,高 田 ひかる,三重,A1,19.4,,4.0,1,0,~25,0,0,1
4805,今 林 由 喜,福岡,B1,63.4,,2.0,0,0,51+,0,1,1
4806,佐 藤 享 子,大阪,B1,63.3,,2.0,0,0,51+,0,1,1
4807,岡 悠 平,東京,B2,62.7,,1.0,0,1,51+,0,0,1
4808,松 尾 拓,三重,A1,62.3,,4.0,1,0,51+,0,0,1
4809,外 崎 悟,埼玉,A2,25.0,,3.0,0,0,~25,1,0,1
4810,後 藤 麦,兵庫,B2,24.7,,1.0,0,1,~25,0,0,1
4811,向井田 佑 紀,広島,B1,24.6,,2.0,0,0,~25,0,1,1
4812,西 野 雄 貴,徳島,A1,24.1,,4.0,1,0,~25,0,0,1
4813,宮 内 直 哉,東京,B1,24.0,,2.0,0,0,~25,0,1,1
4814,加 藤 裕 太,愛知,B2,23.8,,1.0,0,1,~25,0,0,1
4815,伏 島 祐 介,東京,A2,23.5,,3.0,0,0,~25,1,0,1
4816,村 松 修 二,広島,A2,22.8,,3.0,0,0,~25,1,0,1
4817,渡 邉 翼,山口,A2,22.7,,3.0,0,0,~25,1,0,1
4818,伏 見 俊 介,東京,B2,22.6,,1.0,0,1,~25,0,0,1
4819,蜂 須 瑞 生,群馬,A2,22.6,,3.0,0,0,~25,1,0,1
4820,上 野 励,福岡,B1,22.2,,2.0,0,0,~25,0,1,1
4821,妻 鳥 晋 也,香川,B1,22.1,,2.0,0,0,~25,0,1,1
4822,百 武 翔,佐賀,A2,21.0,,3.0,0,0,~25,1,0,1
4823,中 村 桃 佳,香川,A1,20.9,,4.0,1,0,~25,0,0,1
4824,松 井 洪 弥,三重,A1,20.8,,4.0,1,0,~25,0,0,1
4825,倉 持 莉 々,東京,A1,20.3,,4.0,1,0,~25,0,0,1
4826,井 上 一 輝,大阪,A1,19.7,,4.0,1,0,~25,0,0,1
4827,鈴 木 雄 斗,静岡,B1,19.4,,2.0,0,0,~25,0,1,1
4828,松 山 将 吾,滋賀,A1,19.4,,4.0,1,0,~25,0,0,1
4829,塚 脇 奈 美,広島,B2,19.0,,1.0,0,1,~25,0,0,1
4830,勝 又 桜,静岡,B2,18.8,,1.0,0,1,~25,0,0,1
4831,羽 野 直 也,福岡,A1,18.8,,4.0,1,0,~25,0,0,1
4832,権 藤 俊 光,大阪,A1,64.1,,4.0,1,0,51+,0,0,1
4833,吉 崎 悠 司,福井,B2,63.3,,1.0,0,1,51+,0,0,1
4834,浜 本 裕 己,大阪,A2,63.2,,3.0,0,0,51+,1,0,1
4835,橋 本 明,広島,B1,62.6,,2.0,0,0,51+,0,1,1
4836,大 谷 健 太,埼玉,B2,62.1,,1.0,0,1,51+,0,0,1
4837,酒 井 陽 祐,愛知,B1,24.8,,2.0,0,0,~25,0,1,1
4838,彦 坂 真太郎,愛知,B1,24.1,,2.0,0,0,~25,0,1,1
4839,四 宮 与 寛,徳島,A2,23.5,,3.0,0,0,~25,1,0,1
4840,鈴 木 秀 茉,静岡,B1,22.4,,2.0,0,0,~25,0,1,1
4841,高 橋 悠 花,岡山,B1,22.2,,2.0,0,0,~25,0,1,1
4842,山 下 昂 大,岡山,A2,21.7,,3.0,0,0,~25,1,0,1
4843,深 尾 巴 恵,静岡,B2,21.3,,1.0,0,1,~25,0,0,1
4844,村 上 奈 穂,広島,B1,21.0,,2.0,0,0,~25,0,1,1
4845,前 田 紗 希,埼玉,A1,20.9,,4.0,1,0,~25,0,0,1
4846,佐 藤 駿 介,山口,B1,20.3,,2.0,0,0,~25,0,1,1
4847,佐 藤 隆太郎,東京,A1,19.7,,4.0,1,0,~25,0,0,1
4848,仲 谷 颯 仁,福岡,A1,19.4,,4.0,1,0,~25,0,0,1
4849,森 田 太 陽,滋賀,B2,19.3,,1.0,0,1,~25,0,0,1
4850,野 中 一 平,愛知,A1,19.2,,4.0,1,0,~25,0,0,1
4851,関 浩 哉,群馬,A1,19.1,,4.0,1,0,~25,0,0,1
4852,川 原 祐 明,香川,A1,19.0,,4.0,1,0,~25,0,0,1
4853,前 原 哉,岡山,B2,18.9,,1.0,0,1,~25,0,0,1
4854,大 橋 由 珠,東京,B2,18.8,,1.0,0,1,~25,0,0,1
4855,江 頭 賢 太,長崎,B2,17.9,,1.0,0,1,~25,0,0,1
4856,豊 田 健士郎,三重,A1,17.8,,4.0,1,0,~25,0,0,1
4857,加 藤 翔 馬,兵庫,A1,16.6,,4.0,1,0,~25,0,0,1
4858,須 田 大 輝,東京,B2,63.6,,1.0,0,1,51+,0,0,1
4859,染 川 直 哉,埼玉,B2,63.1,,1.0,0,1,51+,0,0,1
4860,伏 見 卓,愛知,B1,62.8,,2.0,0,0,51+,0,1,1
4861,田 中 宏 樹,福岡,B1,62.7,,2.0,0,0,51+,0,1,1
4862,武 藤 直 志,群馬,B1,62.2,,2.0,0,0,51+,0,1,1
4863,三 浦 裕 貴,東京,B1,62.0,,2.0,0,0,51+,0,1,1
4864,小 川 日紀太,福岡,B1,24.3,,2.0,0,0,~25,0,1,1
4865,立 具 敬 司,大阪,B1,23.9,,2.0,0,0,~25,0,1,1
4866,橋 本 英 一,福岡,B1,23.7,,2.0,0,0,~25,0,1,1
4867,松 山 靖,三重,B1,23.2,,2.0,0,0,~25,0,1,1
4868,松 本 峻,福岡,B1,22.7,,2.0,0,0,~25,0,1,1
4869,寺 垣 光,福井,B2,22.4,,1.0,0,1,~25,0,0,1
4870,新 田 有 理,広島,B2,22.0,,1.0,0,1,~25,0,0,1
4871,菊 池 宏 志,山口,B1,21.5,,2.0,0,0,~25,0,1,1
4872,山 下 流 心,広島,B1,20.8,,2.0,0,0,~25,0,1,1
4873,蒲 原 健 太,佐賀,A2,20.2,,3.0,0,0,~25,1,0,1
4874,池 田 奈津美,福岡,B1,20.0,,2.0,0,0,~25,0,1,1
4875,大 塚 康 雅,東京,B1,19.5,,2.0,0,0,~25,0,1,1
4876,梅 木 敬 太,福井,B1,19.4,,2.0,0,0,~25,0,1,1
4877,鈴 谷 一 平,兵庫,A1,19.3,,4.0,1,0,~25,0,0,1
4878,西 岡 育 未,徳島,B1,19.1,,2.0,0,0,~25,0,1,1
4879,山 崎 鉄 平,佐賀,B1,19.0,,2.0,0,0,~25,0,1,1
4880,澤 崎 雄 哉,東京,B1,18.7,,2.0,0,0,~25,0,1,1
4881,檀 将 太,福岡,B1,18.1,,2.0,0,0,~25,0,1,1
4882,瀧 川 千 依,広島,B1,18.1,,2.0,0,0,~25,0,1,1
4883,岡 部 大 輝,東京,B1,18.0,,2.0,0,0,~25,0,1,1
4884,勝 浦 真 帆,岡山,B1,18.0,,2.0,0,0,~25,0,1,1
4885,大 山 千 広,福岡,B2,17.9,,1.0,0,1,~25,0,0,1
4886,入 海 馨,岡山,A1,17.8,,4.0,1,0,~25,0,0,1
4887,富 澤 祐 作,群馬,B1,64.1,,2.0,0,0,51+,0,1,1
4888,金 児 隆 太,群馬,B1,63.3,,2.0,0,0,51+,0,1,1
4889,後 藤 盛 也,東京,B1,62.2,,2.0,0,0,51+,0,1,1
4890,石 川 諒,山口,B1,24.9,,2.0,0,0,~25,0,1,1
4891,寺 島 美 里,東京,B1,24.2,,2.0,0,0,~25,0,1,1
4892,柴 田 直 哉,福岡,B1,23.5,,2.0,0,0,~25,0,1,1
4893,渡 邉 真奈美,東京,B1,23.3,,2.0,0,0,~25,0,1,1
4894,原 村 拓 也,香川,B1,22.8,,2.0,0,0,~25,0,1,1
4895,門 間 雄 大,東京,B1,22.7,,2.0,0,0,~25,0,1,1
4896,花 本 剛,山口,B1,22.2,,2.0,0,0,~25,0,1,1
4897,深 見 亜由美,愛知,B2,22.2,,1.0,0,1,~25,0,0,1
4898,菊 地 敬 介,埼玉,B1,22.1,,2.0,0,0,~25,0,1,1
4899,占 部 一 真,福岡,B1,22.0,,2.0,0,0,~25,0,1,1
4900,中 田 夕 貴,埼玉,A2,21.3,,3.0,0,0,~25,1,0,1
4901,出 口 舞有子,愛知,B2,21.1,,1.0,0,1,~25,0,0,1
4902,山 川 雄 大,兵庫,B1,20.8,,2.0,0,0,~25,0,1,1
4903,吉 田 凌太朗,愛知,A1,20.3,,4.0,1,0,~25,0,0,1
4904,松 本 一 毅,大阪,A2,19.3,,3.0,0,0,~25,1,0,1
4905,土 井 祥 伍,大阪,B1,19.1,,2.0,0,0,~25,0,1,1
4906,鈴 木 雅 希,東京,B1,18.7,,2.0,0,0,~25,0,1,1
4907,小 池 修 平,大阪,A1,18.6,,4.0,1,0,~25,0,0,1
4908,上 田 龍 星,大阪,A1,18.5,,4.0,1,0,~25,0,0,1
4909,薮 内 瑞 希,岡山,B1,18.2,,2.0,0,0,~25,0,1,1
4910,中 村 泰 平,愛知,A1,17.9,,4.0,1,0,~25,0,0,1
4911,片 岡 大 地,東京,B1,17.9,,2.0,0,0,~25,0,1,1
4912,中 山 将 太,福井,B1,17.8,,2.0,0,0,~25,0,1,1
4913,清 水 さくら,愛知,B1,17.7,,2.0,0,0,~25,0,1,1
4914,吉 田 裕 平,愛知,A1,17.1,,4.0,1,0,~25,0,0,1
4915,彦 坂 径 冶,愛知,B2,17.0,,1.0,0,1,~25,0,0,1
4916,中 村 聡 志,群馬,B1,63.5,,2.0,0,0,51+,0,1,1
4917,岩 橋 裕 馬,兵庫,B1,62.4,,2.0,0,0,51+,0,1,1
4918,川 島 拓 郎,静岡,B1,62.0,,2.0,0,0,51+,0,1,1
4919,吉 田 翔 悟,長崎,B1,23.0,,2.0,0,0,~25,0,1,1
4920,桐 村 翔 太,大阪,B1,22.7,,2.0,0,0,~25,0,1,1
4921,二 宮 博 貴,東京,B2,22.5,,1.0,0,1,~25,0,0,1
4922,小 林 祐 介,東京,B2,22.1,,1.0,0,1,~25,0,0,1
4923,末 武 里奈子,山口,B2,21.7,,1.0,0,1,~25,0,0,1
4924,中 北 涼,長崎,B1,21.2,,2.0,0,0,~25,0,1,1
4925,森 悠 稀,兵庫,A2,21.1,,3.0,0,0,~25,1,0,1
4926,吉 川 貴 仁,三重,A1,20.5,,4.0,1,0,~25,0,0,1
4927,関 野 文,大阪,A2,20.2,,3.0,0,0,~25,1,0,1
4928,栗 城 匠,東京,A1,18.6,,4.0,1,0,~25,0,0,1
4929,梅 内 夕貴奈,東京,B1,18.3,,2.0,0,0,~25,0,1,1
4930,佐 藤 悠,福井,A2,18.2,,3.0,0,0,~25,1,0,1
4931,木 谷 賢 太,香川,A1,18.1,,4.0,1,0,~25,0,0,1
4932,新 開 航,福岡,A1,17.9,,4.0,1,0,~25,0,0,1
4933,板 橋 侑 我,静岡,A1,17.6,,4.0,1,0,~25,0,0,1
4934,佐々木 翔 斗,大阪,A2,17.5,,3.0,0,0,~25,1,0,1
4935,圓 井 勇 輝,山口,B2,17.4,,1.0,0,1,~25,0,0,1
4936,戸 敷 晃 美,福岡,A2,17.4,,3.0,0,0,~25,1,0,1
4937,山 本 宝 姫,山口,B2,17.2,,1.0,0,1,~25,0,0,1
4938,小 芦 るり華,佐賀,A1,16.3,,4.0,1,0,~25,0,0,1
4939,宮之原 輝 紀,東京,A1,16.1,,4.0,1,0,~25,0,0,1
4940,白 石 有 美,東京,B1,15.4,,2.0,0,0,~25,0,1,1
4941,孫 崎 百 世,滋賀,B1,62.2,,2.0,0,0,51+,0,1,1
4942,柴 田 朋 哉,福岡,A2,23.5,,3.0,0,0,~25,1,0,1
4943,八 木 治 樹,愛知,B1,22.8,,2.0,0,0,~25,0,1,1
4944,田 代 達 也,東京,B1,22.7,,2.0,0,0,~25,0,1,1
4945,上 村 宏 太,東京,B1,21.8,,2.0,0,0,~25,0,1,1
4946,船 越 健 吾,香川,B1,21.8,,2.0,0,0,~25,0,1,1
4947,間 庭 菜 摘,福岡,B1,21.4,,2.0,0,0,~25,0,1,1
4948,木 場 悠 介,長崎,B1,21.2,,2.0,0,0,~25,0,1,1
4949,横 田 貴 満,佐賀,A1,21.2,,4.0,1,0,~25,0,0,1
4950,高 岡 竜 也,山口,A2,20.6,,3.0,0,0,~25,1,0,1
4951,新 田 洋 一,広島,B1,20.3,,2.0,0,0,~25,0,1,1
4952,吉 武 真 也,福岡,B1,19.9,,2.0,0,0,~25,0,1,1
4953,尾 上 雅 也,埼玉,A1,19.2,,4.0,1,0,~25,0,0,1
4954,内 山 峻 輔,東京,B2,19.0,,1.0,0,1,~25,0,0,1
4955,福 田 慶 尚,広島,B1,18.6,,2.0,0,0,~25,0,1,1
4956,齊 藤 大 将,東京,B2,18.6,,1.0,0,1,~25,0,0,1
4957,竹之内 極,福岡,B1,18.6,,2.0,0,0,~25,0,1,1
4958,溝 口 海義也,福岡,A2,18.5,,3.0,0,0,~25,1,0,1
4959,井 上 忠 政,大阪,A1,17.8,,4.0,1,0,~25,0,0,1
4960,黒 野 元 基,愛知,A1,17.6,,4.0,1,0,~25,0,0,1
4961,西 橋 奈 未,福井,A1,17.5,,4.0,1,0,~25,0,0,1
4962,畑 竜 生,三重,A2,17.4,,3.0,0,0,~25,1,0,1
4963,實 森 美 祐,広島,A1,17.3,,4.0,1,0,~25,0,0,1
4964,土 屋 南,岡山,B2,16.9,,1.0,0,1,~25,0,0,1
4965,福 岡 泉 水,兵庫,B1,16.3,,2.0,0,0,~25,0,1,1
4966,田 川 大 貴,長崎,A2,16.1,,3.0,0,0,~25,1,0,1
4967,中 村 魁 生,大阪,A1,15.5,,4.0,1,0,~25,0,0,1
4968,宮 崎 光 基,徳島,B2,23.4,,1.0,0,1,~25,0,0,1
4969,町 田 洸 希,長崎,B1,22.7,,2.0,0,0,~25,0,1,1
4970,井 町 泰,山口,B2,22.3,,1.0,0,1,~25,0,0,1
4971,秦 直 也,岡山,B2,22.0,,1.0,0,1,~25,0,0,1
4972,横 川 光 弥,福井,B2,21.9,,1.0,0,1,~25,0,0,1
4973,栗 原 直 也,埼玉,A2,21.5,,3.0,0,0,~25,1,0,1
4974,安 井 瑞 紀,岡山,A1,20.6,,4.0,1,0,~25,0,0,1
4975,神 開 一 輝,福岡,B2,20.4,,1.0,0,1,~25,0,0,1
4976,金 山 立 樹,東京,B2,19.9,,1.0,0,1,~25,0,0,1
4977,馬 野 耀,大阪,A2,19.8,,3.0,0,0,~25,1,0,1
4978,山 田 和 佐,広島,B1,19.6,,2.0,0,0,~25,0,1,1
4979,中 野 夢 斗,愛知,A2,17.7,,3.0,0,0,~25,1,0,1
4980,佐々木 完 太,山口,A1,17.6,,4.0,1,0,~25,0,0,1
4981,牧 山 敦 也,佐賀,B1,17.4,,2.0,0,0,~25,0,1,1
4982,中 村 将 隆,兵庫,B1,17.4,,2.0,0,0,~25,0,1,1
4983,前 田 篤 哉,愛知,A1,17.1,,4.0,1,0,~25,0,0,1
4984,森 下 愛 梨,静岡,A2,17.0,,3.0,0,0,~25,1,0,1
4985,井 本 昌 也,山口,A1,16.8,,4.0,1,0,~25,0,0,1
4986,西 山 祐 希,兵庫,B1,16.8,,2.0,0,0,~25,0,1,1
4987,島 倉 都,群馬,B1,16.7,,2.0,0,0,~25,0,1,1
4988,牟 田 奨 太,静岡,B1,16.7,,2.0,0,0,~25,0,1,1
4989,石 原 翼,静岡,A2,16.6,,3.0,0,0,~25,1,0,1
4990,田 中 博 子,福岡,B2,16.6,,1.0,0,1,~25,0,0,1
4991,宗 行 治 哉,広島,A2,16.4,,3.0,0,0,~25,1,0,1
4992,廣 瀬 篤 哉,滋賀,B1,16.3,,2.0,0,0,~25,0,1,1
4993,下 野 京 香,東京,B1,16.3,,2.0,0,0,~25,0,1,1
4994,山 本 梨 菜,佐賀,A1,15.8,,4.0,1,0,~25,0,0,1
4995,田 邉 亮 蔵,東京,B1,22.7,,2.0,0,0,~25,0,1,1
4996,中 尾 智 博,佐賀,B2,20.9,,1.0,0,1,~25,0,0,1
4997,濱 崎 寿里矢,埼玉,B1,20.8,,2.0,0,0,~25,0,1,1
4998,中 村 かなえ,東京,B2,20.3,,1.0,0,1,~25,0,0,1
4999,沓 名 貴 輝,愛知,B2,19.9,,1.0,0,1,~25,0,0,1
5000,岡 本 翔太郎,山口,B1,19.4,,2.0,0,0,~25,0,1,1
5001,坂 本 雅 佳,岡山,B1,18.8,,2.0,0,0,~25,0,1,1
5002,上 田 健 太,愛知,A2,17.9,,3.0,0,0,~25,1,0,1
5003,来 田 衣 織,兵庫,B1,17.7,,2.0,0,0,~25,0,1,1
5004,河 野 主 樹,大阪,B1,17.7,,2.0,0,0,~25,0,1,1
5005,石 田 貴 洋,埼玉,B1,17.7,,2.0,0,0,~25,0,1,1
5006,久保原 秀 人,群馬,B1,17.3,,2.0,0,0,~25,0,1,1
5007,近 藤 雄一郎,東京,B1,17.2,,2.0,0,0,~25,0,1,1
5008,羽 野 諒,福岡,B1,16.9,,2.0,0,0,~25,0,1,1
5009,大 賀 龍之介,福岡,B1,16.9,,2.0,0,0,~25,0,1,1
5010,宇留田 翔 平,三重,A2,16.8,,3.0,0,0,~25,1,0,1
5011,高 木 圭 大,長崎,B1,16.6,,2.0,0,0,~25,0,1,1
5012,加 倉 侑 征,福岡,A2,16.5,,3.0,0,0,~25,1,0,1
5013,山 下 夏 鈴,三重,B1,16.4,,2.0,0,0,~25,0,1,1
5014,梶 山 涼 斗,佐賀,B1,16.0,,2.0,0,0,~25,0,1,1
5015,高 橋 竜 矢,広島,A1,15.9,,4.0,1,0,~25,0,0,1
5016,宮 田 龍 馬,兵庫,A1,15.8,,4.0,1,0,~25,0,0,1
5017,澤 田 尚 也,滋賀,A1,14.9,,4.0,1,0,~25,0,0,1
5018,竹 下 大 樹,福岡,A1,14.9,,4.0,1,0,~25,0,0,1
5019,柴 田 百 恵,静岡,A2,14.2,,3.0,0,0,~25,1,0,1
5020,宮 村 勇 哉,三重,B1,21.7,,2.0,0,0,~25,0,1,1
5021,計 盛 光,大阪,B2,19.6,,1.0,0,1,~25,0,0,1
5022,伊 藤 尚 汰,福岡,B1,19.0,,2.0,0,0,~25,0,1,1
5023,久 永 祥 平,東京,B1,18.8,,2.0,0,0,~25,0,1,1
5024,古 場 健 也,福井,B2,18.7,,1.0,0,1,~25,0,0,1
5025,粟 田 祥,徳島,B1,18.6,,2.0,0,0,~25,0,1,1
5026,安河内 健,佐賀,A1,18.4,,4.0,1,0,~25,0,0,1
5027,重 冨 勇 哉,山口,B1,17.3,,2.0,0,0,~25,0,1,1
5028,原 田 才一郎,福岡,A1,17.2,,4.0,1,0,~25,0,0,1
5029,中 亮 太,福岡,A2,16.7,,3.0,0,0,~25,1,0,1
5030,金 子 千 穂,群馬,B2,16.3,,1.0,0,1,~25,0,0,1
5031,渡 辺 空 依,福岡,B1,16.3,,2.0,0,0,~25,0,1,1
5032,谷 口 知 優,香川,B1,16.0,,2.0,0,0,~25,0,1,1
5033,藤 原 孝 斗,愛知,B1,16.0,,2.0,0,0,~25,0,1,1
5034,若 林 義 人,静岡,A1,15.9,,4.0,1,0,~25,0,0,1
5035,櫻 井 優,埼玉,B1,15.8,,2.0,0,0,~25,0,1,1
5036,福 田 翔 吾,大阪,B1,15.8,,2.0,0,0,~25,0,1,1
5037,田 頭 虎 親,香川,B1,15.8,,2.0,0,0,~25,0,1,1
5038,金 田 智 博,福井,A2,15.7,,3.0,0,0,~25,1,0,1
5039,倉 田 茂 将,愛知,A2,15.6,,3.0,0,0,~25,1,0,1
5040,木 村 颯,山口,B2,15.5,,1.0,0,1,~25,0,0,1
5041,荒 牧 凪 沙,福岡,B1,15.3,,2.0,0,0,~25,0,1,1
5042,畑 田 汰 一,埼玉,A1,15.2,,4.0,1,0,~25,0,0,1
5043,中 村 日 向,香川,A1,15.1,,4.0,1,0,~25,0,0,1
5044,渡 邉 健,東京,B1,14.7,,2.0,0,0,~25,0,1,1
5045,平 川 香 織,埼玉,A2,13.4,,3.0,0,0,~25,1,0,1
5046,松 山 裕 基,大阪,B1,19.8,,2.0,0,0,~25,0,1,1
5047,國 分 将太郎,東京,B1,19.8,,2.0,0,0,~25,0,1,1
5048,眞 鳥 康 太,長崎,B1,19.6,,2.0,0,0,~25,0,1,1
5049,松 井 友 汰,大阪,A2,18.9,,3.0,0,0,~25,1,0,1
5050,木 下 雄 介,滋賀,A2,18.8,,3.0,0,0,~25,1,0,1
5051,松 本 純 平,埼玉,A1,18.8,,4.0,1,0,~25,0,0,1
5052,赤 井 星璃菜,大阪,B2,18.6,,1.0,0,1,~25,0,0,1
5053,山 口 広 樹,福岡,B1,18.1,,2.0,0,0,~25,0,1,1
5054,佐々木 大 河,大阪,A2,18.0,,3.0,0,0,~25,1,0,1
5055,眞 鳥 章 太,長崎,A2,18.0,,3.0,0,0,~25,1,0,1
5056,西 岡 成 美,徳島,B2,17.7,,1.0,0,1,~25,0,0,1
5057,上 田 紗 奈,大阪,B1,17.5,,2.0,0,0,~25,0,1,1
5058,前 原 大 道,岡山,A1,17.3,,4.0,1,0,~25,0,0,1
5059,冨 田 祥,香川,B2,17.0,,1.0,0,1,~25,0,0,1
5060,数 原 魁,兵庫,B1,16.7,,2.0,0,0,~25,0,1,1
5061,中 村 駿 平,愛知,B1,16.7,,2.0,0,0,~25,0,1,1
5062,田 嶋 塁,東京,B2,16.5,,1.0,0,1,~25,0,0,1
5063,大 塚 雅 治,東京,B1,16.1,,2.0,0,0,~25,0,1,1
5064,品 川 二千翔,山口,A2,15.5,,3.0,0,0,~25,1,0,1
5065,伊久間 陽 優,群馬,B1,15.5,,2.0,0,0,~25,0,1,1
5066,鈴 木 孝 明,埼玉,A2,15.4,,3.0,0,0,~25,1,0,1
5067,山 田 真 聖,山口,B1,15.1,,2.0,0,0,~25,0,1,1
5068,前 田 滉,愛知,A1,13.8,,4.0,1,0,~25,0,0,1
5069,山 崎 小葉音,群馬,B1,13.2,,2.0,0,0,~25,0,1,1
5070,中 島 航,東京,B1,19.7,,2.0,0,0,~25,0,1,1
5071,野見山 拓 己,福岡,B1,19.4,,2.0,0,0,~25,0,1,1
5072,吉 田 杏 美,埼玉,B2,19.1,,1.0,0,1,~25,0,0,1
5073,上 原 健次郎,福岡,A2,18.4,,3.0,0,0,~25,1,0,1
5074,大 澤 誠 也,愛知,B1,18.1,,2.0,0,0,~25,0,1,1
5075,中 島 秀 治,滋賀,A2,18.1,,3.0,0,0,~25,1,0,1
5076,石 原 光,静岡,B1,17.8,,2.0,0,0,~25,0,1,1
5077,滝 沢 崚,埼玉,B2,16.7,,1.0,0,1,~25,0,0,1
5078,山 川 波 乙,三重,B1,16.3,,2.0,0,0,~25,0,1,1
5079,大 石 真 央,静岡,B1,15.7,,2.0,0,0,~25,0,1,1
5080,鈴 木 慶 太,静岡,B2,15.3,,1.0,0,1,~25,0,0,1
5081,篠 原 飛 翔,福岡,A2,15.2,,3.0,0,0,~25,1,0,1
5082,一 色 凌 雅,愛知,B1,15.1,,2.0,0,0,~25,0,1,1
5083,柳 瀬 幹 太,山口,B1,15.1,,2.0,0,0,~25,0,1,1
5084,末 永 和 也,佐賀,A1,14.9,,4.0,1,0,~25,0,0,1
5085,中 村 栄 治,福井,B1,14.7,,2.0,0,0,~25,0,1,1
5086,本 村 大,長崎,B1,14.6,,2.0,0,0,~25,0,1,1
5087,佐 藤 航,埼玉,A2,14.2,,3.0,0,0,~25,1,0,1
5088,高 憧 四 季,大阪,A1,14.1,,4.0,1,0,~25,0,0,1
5089,前 田 翔,愛知,A1,13.8,,4.0,1,0,~25,0,0,1
5090,生 方 靖 亜,群馬,B1,13.2,,2.0,0,0,~25,0,1,1
5091,為 本 智 也,福井,B1,13.1,,2.0,0,0,~25,0,1,1
5092,篠 原 晟 弥,福岡,A2,13.1,,3.0,0,0,~25,1,0,1
5093,浦 野 海,福岡,A2,11.7,,3.0,0,0,~25,1,0,1
5094,生 田 波美音,東京,B2,11.3,,1.0,0,1,~25,0,0,1
5095,小 原 聡 将,東京,A2,19.7,,3.0,0,0,~25,1,0,1
5096,上 原 崚,東京,A2,18.5,,3.0,0,0,~25,1,0,1
5097,東 本 千 佳,大阪,B2,18.1,,1.0,0,1,~25,0,0,1
5098,大 江 純,愛知,B1,18.1,,2.0,0,0,~25,0,1,1
5099,原 田 俊 法,広島,B2,18.0,,1.0,0,1,~25,0,0,1
5100,栗 原 一 馬,群馬,B1,17.3,,2.0,0,0,~25,0,1,1
5101,表 健 太,福岡,B1,17.1,,2.0,0,0,~25,0,1,1
5102,原 田 雄 次,福岡,B1,15.9,,2.0,0,0,~25,0,1,1
5103,芝 田 京 介,埼玉,B1,15.8,,2.0,0,0,~25,0,1,1
5104,山 田 丈,福岡,A2,15.3,,3.0,0,0,~25,1,0,1
5105,富 田 恕 生,福岡,B1,15.2,,2.0,0,0,~25,0,1,1
5106,山 崎 祥,山口,B1,14.9,,2.0,0,0,~25,0,1,1
5107,松 本 真 広,福岡,B1,14.9,,2.0,0,0,~25,0,1,1
5108,柴 田 愛 梨,群馬,B2,14.9,,1.0,0,1,~25,0,0,1
5109,川 崎 智 稔,岡山,B1,14.5,,2.0,0,0,~25,0,1,1
5110,杉 山 喜 一,静岡,B1,14.3,,2.0,0,0,~25,0,1,1
5111,三 村 岳 人,岡山,B2,14.2,,1.0,0,1,~25,0,0,1
5112,砂 長 知 輝,埼玉,A1,14.2,,4.0,1,0,~25,0,0,1
5113,黒 明 花 夢,岡山,B1,14.1,,2.0,0,0,~25,0,1,1
5114,小 林 孝 彰,福井,A2,14.0,,3.0,0,0,~25,1,0,1
5115,香 川 颯 太,滋賀,B2,13.9,,1.0,0,1,~25,0,0,1
5116,金 子 七 海,福井,B2,13.7,,1.0,0,1,~25,0,0,1
5117,冨名腰 桃 奈,福岡,B1,13.7,,2.0,0,0,~25,0,1,1
5118,野 田 なづき,佐賀,B1,13.5,,2.0,0,0,~25,0,1,1
5119,真 田 翔 磨,福岡,B2,13.4,,1.0,0,1,~25,0,0,1
5120,山 本 稔太朗,愛知,B1,12.8,,2.0,0,0,~25,0,1,1
5121,定 松 勇 樹,佐賀,A1,12.7,,4.0,1,0,~25,0,0,1
5122,相 馬 翔,埼玉,B2,12.5,,1.0,0,1,~25,0,0,1
5123,福 山 恵里奈,山口,B1,17.7,,2.0,0,0,~25,0,1,1
5124,上 瀧 絢 也,佐賀,B2,17.7,,1.0,0,1,~25,0,0,1
5125,高 井 雄 基,愛知,A2,17.5,,3.0,0,0,~25,1,0,1
5126,山 下 大 輝,兵庫,A1,17.3,,4.0,1,0,~25,0,0,1
5127,沼 田 大 都,愛知,B1,17.2,,2.0,0,0,~25,0,1,1
5128,坪 井 爽 佑,三重,B1,17.0,,2.0,0,0,~25,0,1,1
5129,山 口 真喜子,長崎,A2,16.8,,3.0,0,0,~25,1,0,1
5130,上 野 拓 馬,三重,B1,16.0,,2.0,0,0,~25,0,1,1
5131,江 藤 敦 宏,福岡,B1,14.7,,2.0,0,0,~25,0,1,1
5132,中 野 希 一,埼玉,A1,14.7,,4.0,1,0,~25,0,0,1
5133,堀 越 雄 貴,東京,B1,14.4,,2.0,0,0,~25,0,1,1
5134,大 原 祥 昌,広島,B1,14.4,,2.0,0,0,~25,0,1,1
5135,仲 航 太,東京,A2,14.1,,3.0,0,0,~25,1,0,1
5136,濱 野 斗 馬,香川,A2,14.0,,3.0,0,0,~25,1,0,1
5137,川 原 涼,愛知,B1,13.9,,2.0,0,0,~25,0,1,1
5138,村 本 大 成,福岡,B2,13.7,,1.0,0,1,~25,0,0,1
5139,大 場 恒 季,愛知,A2,13.5,,3.0,0,0,~25,1,0,1
5140,吉 田 彩 乃,静岡,B1,13.3,,2.0,0,0,~25,0,1,1
5141,大 澤 風 葵,群馬,A2,13.0,,3.0,0,0,~25,1,0,1
5142,常 住 蓮,佐賀,A1,13.0,,4.0,1,0,~25,0,0,1
5143,常 盤 海 心,徳島,B1,12.9,,2.0,0,0,~25,0,1,1
5144,中 尾 彩 香,福岡,B1,12.5,,2.0,0,0,~25,0,1,1
5145,島 川 海 輝,山口,A2,10.8,,3.0,0,0,~25,1,0,1
5146,野 田 彩 加,山口,B1,10.7,,2.0,0,0,~25,0,1,1
5147,田 中 勇 輔,埼玉,B2,20.0,,1.0,0,1,~25,0,0,1
5148,松 本 怜,福岡,B1,19.9,,2.0,0,0,~25,0,1,1
5149,小 形 綾,東京,B2,19.3,,1.0,0,1,~25,0,0,1
5150,坂 本 雄 紀,群馬,A2,19.2,,3.0,0,0,~25,1,0,1
5151,山 下 奈 緒,大阪,B1,18.7,,2.0,0,0,~25,0,1,1
5152,丸 山 祐 也,福岡,B1,18.4,,2.0,0,0,~25,0,1,1
5153,佐 藤 ほのか,東京,B1,17.7,,2.0,0,0,~25,0,1,1
5154,村 松 栄 太,広島,B1,17.5,,2.0,0,0,~25,0,1,1
5155,内 山 七 海,福岡,B1,17.1,,2.0,0,0,~25,0,1,1
5156,坂 野 さくら,福井,B1,16.9,,2.0,0,0,~25,0,1,1
5157,市 川 健 太,滋賀,B1,16.2,,2.0,0,0,~25,0,1,1
5158,宮 脇 遼 太,福岡,A2,15.9,,3.0,0,0,~25,1,0,1
5159,笠 間 憲 哉,愛知,B1,15.6,,2.0,0,0,~25,0,1,1
5160,藤 森 陸 斗,福岡,A2,14.9,,3.0,0,0,~25,1,0,1
5161,登 玉 隼 百,兵庫,A2,14.6,,3.0,0,0,~25,1,0,1
5162,松 尾 怜 実,福岡,B1,14.2,,2.0,0,0,~25,0,1,1
5163,清 水 愛 海,山口,A1,14.1,,4.0,1,0,~25,0,0,1
5164,森 田 梨 湖,福岡,B2,14.1,,1.0,0,1,~25,0,0,1
5165,小 林 愛 実,岡山,B1,13.7,,2.0,0,0,~25,0,1,1
5166,仲 道 大 輔,愛知,A2,13.7,,3.0,0,0,~25,1,0,1
5167,小 川 竜太朗,埼玉,B1,13.6,,2.0,0,0,~25,0,1,1
5168,池 田 な な,大阪,B2,13.5,,1.0,0,1,~25,0,0,1
5169,堀 本 翔 太,愛知,B1,13.0,,2.0,0,0,~25,0,1,1
5170,佐 藤 太 亮,岡山,B1,13.0,,2.0,0,0,~25,0,1,1
5171,清 水 未 唯,滋賀,B1,13.0,,2.0,0,0,~25,0,1,1
5172,田 村 慶,徳島,B1,12.9,,2.0,0,0,~25,0,1,1
5173,谷 口 佳 蓮,香川,B1,12.1,,2.0,0,0,~25,0,1,1
5174,川 井 萌,静岡,B2,12.0,,1.0,0,1,~25,0,0,1
5175,島 崎 丈一朗,東京,B2,10.0,,1.0,0,1,~25,0,0,1
5176,石 倉 拓 美,山口,B2,20.6,,1.0,0,1,~25,0,0,1
5177,松 井 貫 太,福岡,B1,17.5,,2.0,0,0,~25,0,1,1
5178,成 貞 琳 平,愛知,B1,17.5,,2.0,0,0,~25,0,1,1
5179,藤 本 元 輝,兵庫,B1,16.7,,2.0,0,0,~25,0,1,1
5180,藤 本 紗弥香,山口,B2,15.9,,1.0,0,1,~25,0,0,1
5181,森 智 哉,岡山,B1,15.9,,2.0,0,0,~25,0,1,1
5182,宮 崎 安 奈,埼玉,B1,15.6,,2.0,0,0,~25,0,1,1
5183,中 野 孝 二,三重,B1,15.1,,2.0,0,0,~25,0,1,1
5184,飯 塚 響,群馬,B2,14.6,,1.0,0,1,~25,0,0,1
5185,加 藤 優 弥,福井,B1,14.1,,2.0,0,0,~25,0,1,1
5186,遠 藤 圭 吾,東京,B1,13.7,,2.0,0,0,~25,0,1,1
5187,小 坂 風 太,福井,B1,13.6,,2.0,0,0,~25,0,1,1
5188,武 井 莉里佳,兵庫,A2,13.3,,3.0,0,0,~25,1,0,1
5189,藤 原 早 菜,岡山,A2,13.2,,3.0,0,0,~25,1,0,1
5190,大 月 遊 雅,東京,B1,13.0,,2.0,0,0,~25,0,1,1
5191,飛 田 江 己,埼玉,A1,12.6,,4.0,1,0,~25,0,0,1
5192,中 尾 優 香,福岡,A2,12.5,,3.0,0,0,~25,1,0,1
5193,米 丸 乃 絵,福岡,A1,12.4,,4.0,1,0,~25,0,0,1
5194,大久保 佑 香,埼玉,B1,12.3,,2.0,0,0,~25,0,1,1
5195,北 村 寧 々,長崎,B1,12.3,,2.0,0,0,~25,0,1,1
5196,鰐 部 太空海,愛知,A1,12.2,,4.0,1,0,~25,0,0,1
5197,中 野 仁 照,愛知,A2,12.2,,3.0,0,0,~25,1,0,1
5198,奥 村 明日香,福岡,B1,12.1,,2.0,0,0,~25,0,1,1
5199,垂 水 悠,徳島,B1,11.8,,2.0,0,0,~25,0,1,1
5200,筒 井 美 琴,福岡,B2,11.8,,1.0,0,1,~25,0,0,1
5201,村 上 宗太郎,東京,B1,11.2,,2.0,0,0,~25,0,1,1
5202,宮 崎 つぐみ,大阪,B2,9.9,,1.0,0,1,~25,0,0,1
5203,神 里 琴 音,福岡,B1,9.5,,2.0,0,0,~25,0,1,1
5204,宇 恵 有 香,三重,B2,17.0,,1.0,0,1,~25,0,0,1
5205,刑 部 亜里紗,静岡,A2,16.6,,3.0,0,0,~25,1,0,1
5206,梅 原 祥 平,岡山,B1,16.4,,2.0,0,0,~25,0,1,1
5207,高 山 敬 悟,福岡,B1,16.4,,2.0,0,0,~25,0,1,1
5208,屋 良 龍 紀,長崎,B1,16.3,,2.0,0,0,~25,0,1,1
5209,小 野 京 平,福岡,B2,16.0,,1.0,0,1,~25,0,0,1
5210,藤 井 公 人,福岡,B2,15.3,,1.0,0,1,~25,0,0,1
5211,高 井 駿 弥,愛知,B1,15.3,,2.0,0,0,~25,0,1,1
5212,西 川 拓 利,福岡,B1,15.2,,2.0,0,0,~25,0,1,1
5213,湯 淺 紀 香,群馬,A2,15.2,,3.0,0,0,~25,1,0,1
5214,田 中 宏 典,佐賀,B1,14.5,,2.0,0,0,~25,0,1,1
5215,石 丸 小 槙,香川,B2,13.9,,1.0,0,1,~25,0,0,1
5216,長谷川 晴 哉,群馬,A2,13.8,,3.0,0,0,~25,1,0,1
5217,藤 原 碧 生,岡山,A1,13.8,,4.0,1,0,~25,0,0,1
5218,山 田 理 央,香川,A2,13.6,,3.0,0,0,~25,1,0,1
5219,森 口 和 紀,福岡,B2,13.2,,1.0,0,1,~25,0,0,1
5220,青 木 蓮,埼玉,A1,13.2,,4.0,1,0,~25,0,0,1
5221,竹 間 隆 晟,大阪,A1,13.1,,4.0,1,0,~25,0,0,1
5222,津 田 陸 翔,広島,A2,12.9,,3.0,0,0,~25,1,0,1
5223,森 清 友 翔,福岡,B1,12.7,,2.0,0,0,~25,0,1,1
5224,西 岡 顕 心,香川,A1,12.5,,4.0,1,0,~25,0,0,1
5225,斎 藤 凜,埼玉,B2,12.2,,1.0,0,1,~25,0,0,1
5226,藤 田 俊 祐,東京,A2,11.8,,3.0,0,0,~25,1,0,1
5227,川 原 愛 未,福岡,B2,11.5,,1.0,0,1,~25,0,0,1
5228,若 林 樹 蘭,東京,B2,11.3,,1.0,0,1,~25,0,0,1
5229,吉 川 晴 人,滋賀,A2,11.0,,3.0,0,0,~25,1,0,1
5230,石 原 凪 紗,愛知,B2,10.4,,1.0,0,1,~25,0,0,1
5231,寺 田 空 詩,山口,A2,10.2,,3.0,0,0,~25,1,0,1
5232,樅 山 拓 馬,愛知,B1,16.4,,2.0,0,0,~25,0,1,1
5233,村 田 佳奈子,大阪,B2,15.5,,1.0,0,1,~25,0,0,1
5234,塚 越 海 斗,群馬,A2,15.4,,3.0,0,0,~25,1,0,1
5235,岩 田 凌,大阪,B2,15.0,,1.0,0,1,~25,0,0,1
5236,小 宮 涼 雅,岡山,B1,14.9,,2.0,0,0,~25,0,1,1
5237,永 松 良 教,福岡,B1,14.3,,2.0,0,0,~25,0,1,1
5238,笹 木 香 吾,山口,A2,14.2,,3.0,0,0,~25,1,0,1
5239,上 野 俊 樹,福岡,B1,13.6,,2.0,0,0,~25,0,1,1
5240,高 橋 龍 治,福岡,B1,13.6,,2.0,0,0,~25,0,1,1
5241,門 田 栞,香川,B1,13.5,,2.0,0,0,~25,0,1,1
5242,高 山 弘 斗,埼玉,B1,13.4,,2.0,0,0,~25,0,1,1
5243,三 馬 崇 史,広島,A2,13.3,,3.0,0,0,~25,1,0,1
5244,黒 田 剛,福岡,B1,13.3,,2.0,0,0,~25,0,1,1
5245,倉 富 大 誠,愛知,B1,12.3,,2.0,0,0,~25,0,1,1
5246,楠 将太郎,埼玉,B1,12.0,,2.0,0,0,~25,0,1,1
5247,大 森 翼,兵庫,B1,11.8,,2.0,0,0,~25,0,1,1
5248,本 田 愛,静岡,B1,11.8,,2.0,0,0,~25,0,1,1
5249,三 木 晴 斗,徳島,B1,11.7,,2.0,0,0,~25,0,1,1
5250,嶋 田 有 里,長崎,B1,11.6,,2.0,0,0,~25,0,1,1
5251,沼 田 七 華,福井,B2,11.4,,1.0,0,1,~25,0,0,1
5252,荒 木 颯 斗,愛知,A2,11.3,,3.0,0,0,~25,1,0,1
5253,藤 井 太 雅,東京,B1,11.2,,2.0,0,0,~25,0,1,1
5254,羽 田 妃 希,愛知,B1,10.9,,2.0,0,0,~25,0,1,1
5255,藤 原 仙 二,滋賀,A2,10.2,,3.0,0,0,~25,1,0,1
5256,中 山 翔 太,三重,A1,9.9,,4.0,1,0,~25,0,0,1
5257,西 丸 侑太朗,香川,A1,9.7,,4.0,1,0,~25,0,0,1
5258,仲 本 舜,福岡,B1,8.5,,2.0,0,0,~25,0,1,1
5259,野 田 昇 吾,埼玉,B1,20.5,,2.0,0,0,~25,0,1,1
5260,佐々木 海 成,大阪,B2,16.1,,1.0,0,1,~25,0,0,1
5261,岡 暢 祐,長崎,B1,15.9,,2.0,0,0,~25,0,1,1
5262,鈴 木 章 司,愛知,B1,15.8,,2.0,0,0,~25,0,1,1
5263,花 田 凱 成,福岡,B1,15.2,,2.0,0,0,~25,0,1,1
5264,登 みひ果,兵庫,B1,14.2,,2.0,0,0,~25,0,1,1
5265,大 廣 咲 季,香川,B1,14.1,,2.0,0,0,~25,0,1,1
5266,石 田 勇 斗,愛知,B1,13.5,,2.0,0,0,~25,0,1,1
5267,石 本 裕 武,大阪,A1,13.4,,4.0,1,0,~25,0,0,1
5268,山 本 幸 也,福岡,B1,13.2,,2.0,0,0,~25,0,1,1
5269,山 口 晃 朋,静岡,B1,13.0,,2.0,0,0,~25,0,1,1
5270,小 玉 啓 太,佐賀,B1,12.8,,2.0,0,0,~25,0,1,1
5271,杉 山 太 陽,福岡,B1,12.5,,2.0,0,0,~25,0,1,1
5272,松 田 真 実,愛知,B1,12.4,,2.0,0,0,~25,0,1,1
5273,山 下 拓 巳,兵庫,B1,12.3,,2.0,0,0,~25,0,1,1
5274,城 間 盛 渚,福岡,B1,12.1,,2.0,0,0,~25,0,1,1
5275,松 田 淳 平,三重,A2,11.9,,3.0,0,0,~25,1,0,1
5276,大 島 隆乃介,福岡,B1,11.7,,2.0,0,0,~25,0,1,1
5277,井 上 未 都,福岡,B1,11.7,,2.0,0,0,~25,0,1,1
5278,田 中 駿 兵,徳島,A1,11.3,,4.0,1,0,~25,0,0,1
5279,石 渡 翔一郎,東京,B1,11.2,,2.0,0,0,~25,0,1,1
5280,廣 瀬 凜,滋賀,A2,11.1,,3.0,0,0,~25,1,0,1
5281,井 上 遥 妃,徳島,A1,10.8,,4.0,1,0,~25,0,0,1
5282,中 本 大 樹,福井,B1,10.8,,2.0,0,0,~25,0,1,1
5283,植 木 美 帆,東京,B1,9.9,,2.0,0,0,~25,0,1,1
5284,嘉手苅 徹 哉,福岡,B2,15.2,,1.0,0,1,~25,0,0,1
5285,若 林 麗,東京,B1,14.7,,2.0,0,0,~25,0,1,1
5286,坂 井 滉 哉,福岡,B1,14.5,,2.0,0,0,~25,0,1,1
5287,滝 沢 織 寧,埼玉,B1,14.3,,2.0,0,0,~25,0,1,1
5288,尾 道 佳 諭,埼玉,B1,14.2,,2.0,0,0,~25,0,1,1
5289,佃 來 紀,大阪,B1,13.0,,2.0,0,0,~25,0,1,1
5290,坂 本 一 真,東京,B1,12.5,,2.0,0,0,~25,0,1,1
5291,三 嶌 こころ,香川,B1,12.5,,2.0,0,0,~25,0,1,1
5292,佐 藤 右 京,東京,B1,12.2,,2.0,0,0,~25,0,1,1
5293,眞 崎 武 蔵,静岡,B2,12.1,,1.0,0,1,~25,0,0,1
5294,豊 田 祥 生,静岡,B1,11.9,,2.0,0,0,~25,0,1,1
5295,田 上 凜,大阪,B1,11.7,,2.0,0,0,~25,0,1,1
5296,永 田 楽,愛知,B1,11.5,,2.0,0,0,~25,0,1,1
5297,南 彩 寧,兵庫,B1,11.5,,2.0,0,0,~25,0,1,1
5298,水 谷 理 人,香川,A2,11.5,,3.0,0,0,~25,1,0,1
5299,西 丸 敦 基,香川,B1,11.3,,2.0,0,0,~25,0,1,1
5300,横 田 海 人,愛知,B1,11.3,,2.0,0,0,~25,0,1,1
5301,岩 下 巧 斗,群馬,B1,11.2,,2.0,0,0,~25,0,1,1
5302,秋 末 秦 悟,大阪,B1,11.0,,2.0,0,0,~25,0,1,1
5303,土 井 歩 夢,福岡,B1,10.8,,2.0,0,0,~25,0,1,1
5304,井 田 涼 介,群馬,B2,10.7,,1.0,0,1,~25,0,0,1
5305,伊 藤 栞,愛知,B1,10.7,,2.0,0,0,~25,0,1,1
5306,河 内 悠利杏,群馬,B1,10.6,,2.0,0,0,~25,0,1,1
5307,富 永 夏哉人,佐賀,B1,10.4,,2.0,0,0,~25,0,1,1
5308,藤 森 拓 海,福岡,B1,9.4,,2.0,0,0,~25,0,1,1
5309,森 雄 利,長崎,B2,9.4,,1.0,0,1,~25,0,0,1
5310,土 屋 蘭,岡山,B1,9.0,,2.0,0,0,~25,0,1,1
5311,小 林 京 平,山口,B1,15.8,,2.0,0,0,~25,0,1,1
5312,川 辺 郭 人,佐賀,B1,13.4,,2.0,0,0,~25,0,1,1
5313,鈴 木 唯 央,群馬,B1,13.4,,2.0,0,0,~25,0,1,1
5314,中 曽 瑠 華,東京,B2,13.3,,1.0,0,1,~25,0,0,1
5315,浅 井 翼,埼玉,B1,13.3,,2.0,0,0,~25,0,1,1
5316,村 松 将 平,静岡,B1,13.2,,2.0,0,0,~25,0,1,1
5317,長 尾 萌 加,岡山,B1,12.9,,2.0,0,0,~25,0,1,1
5318,河 内 一 馬,愛知,B1,12.8,,2.0,0,0,~25,0,1,1
5319,近 藤 颯 斗,愛知,B1,12.6,,2.0,0,0,~25,0,1,1
5320,岩 崎 麗 子,群馬,B1,12.4,,2.0,0,0,~25,0,1,1
5321,一 色 颯 輝,愛知,B2,12.0,,1.0,0,1,~25,0,0,1
5322,根 岸 真 優,埼玉,B2,11.9,,1.0,0,1,~25,0,0,1
5323,香 川 陽 太,滋賀,B1,10.8,,2.0,0,0,~25,0,1,1
5324,畑 田 希 咲,兵庫,B2,10.5,,1.0,0,1,~25,0,0,1
5325,澁 川 夏,大阪,B1,10.5,,2.0,0,0,~25,0,1,1
5326,三 嶌 さらら,香川,B1,10.2,,2.0,0,0,~25,0,1,1
5327,西 田 和 加,埼玉,B2,10.2,,1.0,0,1,~25,0,0,1
5328,井 上 慧 人,福岡,B1,10.2,,2.0,0,0,~25,0,1,1
5329,金 子 龍 斗,兵庫,B1,10.1,,2.0,0,0,~25,0,1,1
5330,安河内 鈴之介,福岡,A2,10.0,,3.0,0,0,~25,1,0,1
5331,佐 藤 永 梧,東京,B1,10.0,,2.0,0,0,~25,0,1,1
5332,村 松 遥 輝,静岡,B1,9.8,,2.0,0,0,~25,0,1,1
5333,山 下 智 己,兵庫,B1,9.8,,2.0,0,0,~25,0,1,1
5334,樫 葉 新 心,徳島,B1,9.5,,2.0,0,0,~25,0,1,1
5335,森 陽 多,長崎,B1,9.0,,2.0,0,0,~25,0,1,1
5336,瀬 川 大 地,山口,B1,8.0,,2.0,0,0,~25,0,1,1
5337,出 畑 孝 成,福岡,B1,7.7,,2.0,0,0,~25,0,1,1
5338,香 月 大 輝,福岡,B1,13.4,,2.0,0,0,~25,0,1,1
5339,石 井 伸 長,香川,B1,13.4,,2.0,0,0,~25,0,1,1
5340,樋江井 舞,愛知,B1,12.4,,2.0,0,0,~25,0,1,1
5341,山 道 諄 也,群馬,B2,12.3,,1.0,0,1,~25,0,0,1
5342,原 村 百 那,山口,B2,12.1,,1.0,0,1,~25,0,0,1
5343,小 林 礼 央,広島,B1,11.3,,2.0,0,0,~25,0,1,1
5344,谷 口 丞,滋賀,B1,10.7,,2.0,0,0,~25,0,1,1
5345,牧 村 俊 輝,愛知,B1,10.5,,2.0,0,0,~25,0,1,1
5346,中 村 紋夕梨,愛知,B2,10.5,,1.0,0,1,~25,0,0,1
5347,井 澤 聖 奈,愛知,B2,10.3,,1.0,0,1,~25,0,0,1
5348,小 林 甘 寧,広島,B1,10.1,,2.0,0,0,~25,0,1,1
5349,宮 崎 奏 磨,静岡,B2,9.8,,1.0,0,1,~25,0,0,1
5350,網 代 良 芽,兵庫,B1,9.8,,2.0,0,0,~25,0,1,1
5351,齊 藤 廉,福岡,B1,9.4,,2.0,0,0,~25,0,1,1
5352,西 岡 蒼 志,香川,B1,9.4,,2.0,0,0,~25,0,1,1
5353,草 川 壮 良,滋賀,B1,9.4,,2.0,0,0,~25,0,1,1
5354,渡 邊 雄 斗,三重,B2,9.2,,1.0,0,1,~25,0,0,1
5355,萩 原 丈太朗,福井,B1,9.1,,2.0,0,0,~25,0,1,1
5356,長谷川 暖,岡山,B1,9.0,,2.0,0,0,~25,0,1,1
5357,田 中 瀬里奈,埼玉,B2,8.8,,1.0,0,1,~25,0,0,1
5358,増 本 杏 珠,福岡,B1,8.3,,2.0,0,0,~25,0,1,1
5359,佐 藤 世 那,東京,B1,7.9,,2.0,0,0,~25,0,1,1
5360,高 木 茉 白,埼玉,B1,7.3,,2.0,0,0,~25,0,1,1
5361,植 竹 玲 奈,東京,B2,7.1,,1.0,0,1,~25,0,0,1
5362,中 嶋 世 奈,静岡,B2,6.8,,1.0,0,1,~25,0,0,1
5363,山 本 凱 立,広島,B2,14.2,,1.0,0,1,~25,0,0,1
5364,金 子 怜 央,群馬,B2,14.1,,1.0,0,1,~25,0,0,1
5365,石 村 日奈那,東京,B1,12.5,,2.0,0,0,~25,0,1,1
5366,塩 嶋 泰 空,福井,B2,12.3,,1.0,0,1,~25,0,0,1
5367,赤 松 咲 香,徳島,B2,11.9,,1.0,0,1,~25,0,0,1
5368,宮 崎 心之介,埼玉,B2,11.8,,1.0,0,1,~25,0,0,1
5369,岡 崎 凪 汰,長崎,B1,11.8,,2.0,0,0,~25,0,1,1
5370,日 隈 茜,福岡,B2,11.8,,1.0,0,1,~25,0,0,1
5371,早 川 颯 太,東京,B2,11.4,,1.0,0,1,~25,0,0,1
5372,上 岡 巧 汰,広島,B2,11.3,,1.0,0,1,~25,0,0,1
5373,諏 訪 玲 奈,岡山,B2,11.2,,1.0,0,1,~25,0,0,1
5374,木 山 大 聖,岡山,B1,10.8,,2.0,0,0,~25,0,1,1
5375,庄 島 潤 成,山口,B2,9.9,,1.0,0,1,~25,0,0,1
5376,吉 田 一 心,大阪,B1,9.8,,2.0,0,0,~25,0,1,1
5377,鳥居塚 嶺 王,群馬,B1,9.7,,2.0,0,0,~25,0,1,1
5378,鈴 木 結平太,静岡,B2,9.6,,1.0,0,1,~25,0,0,1
5379,廣 部 大 明,滋賀,B2,9.6,,1.0,0,1,~25,0,0,1
5380,野 田 亜 湖,徳島,B2,9.4,,1.0,0,1,~25,0,0,1
5381,有 山 望,大阪,B1,9.3,,2.0,0,0,~25,0,1,1
5382,山 下 心 一,福岡,B1,9.2,,2.0,0,0,~25,0,1,1
5383,中 村 楓,三重,B2,9.2,,1.0,0,1,~25,0,0,1
5384,八 戸 琉 楓,長崎,B1,9.0,,2.0,0,0,~25,0,1,1
5385,鈴 木 柊 介,静岡,B2,9.0,,1.0,0,1,~25,0,0,1
5386,米玉利 大 悟,兵庫,B1,7.9,,2.0,0,0,~25,0,1,1
5387,戸 田 海咲音,山口,B2,7.7,,1.0,0,1,~25,0,0,1
5388,佐 野 優 都,徳島,B1,7.3,,2.0,0,0,~25,0,1,1
5389,恵 良 琴 美,福岡,B2,6.7,,1.0,0,1,~25,0,0,1
5390,高 橋 涼 夏,群馬,B2,6.4,,1.0,0,1,~25,0,0,1
5391,出 穂 和 鼓,山口,B2,6.0,,1.0,0,1,~25,0,0,1
5392,安 武 一 也,福岡,B2,13.3,,1.0,0,1,~25,0,0,1
5393,藤 原 駿,大阪,B2,12.7,,1.0,0,1,~25,0,0,1
5394,福 西 広太郎,埼玉,B1,12.3,,2.0,0,0,~25,0,1,1
5395,日 高 龍之介,佐賀,B2,12.3,,1.0,0,1,~25,0,0,1
5396,近 藤 来 希,兵庫,B2,12.2,,1.0,0,1,~25,0,0,1
5397,寺 田 夢 生,山口,B2,12.2,,1.0,0,1,~25,0,0,1
5398,鐘ヶ江 真 司,福岡,B1,12.0,,2.0,0,0,~25,0,1,1
5399,長 野 未 来,三重,B2,11.8,,1.0,0,1,~25,0,0,1
5400,高 村 諒,滋賀,B2,11.4,,1.0,0,1,~25,0,0,1
5401,谷 海夏人,広島,B2,11.4,,1.0,0,1,~25,0,0,1
5402,塚 越 陸 斗,群馬,B2,10.8,,1.0,0,1,~25,0,0,1
5403,藤 山 湧 太,徳島,B2,10.0,,1.0,0,1,~25,0,0,1
5404,内 田 壮,山口,B2,9.7,,1.0,0,1,~25,0,0,1
5405,竹 内 来,愛知,B2,9.5,,1.0,0,1,~25,0,0,1
5406,小 畑 楓 夏,山口,B2,9.3,,1.0,0,1,~25,0,0,1
5407,中 岡 駿,香川,B2,9.2,,1.0,0,1,~25,0,0,1
5408,中 山 鷹 輔,福岡,B2,8.6,,1.0,0,1,~25,0,0,1
5409,宮 本 琉 正,福岡,B2,8.5,,1.0,0,1,~25,0,0,1
5410,今 泉 澪,愛知,B2,8.4,,1.0,0,1,~25,0,0,1
5411,木 下 虎之輔,東京,B2,8.4,,1.0,0,1,~25,0,0,1
5412,久保田 凪 紗,佐賀,B2,8.3,,1.0,0,1,~25,0,0,1
5413,宮 城 那 菜,福岡,B2,8.2,,1.0,0,1,~25,0,0,1
5414,中 澤 英 里,埼玉,B2,8.2,,1.0,0,1,~25,0,0,1
5415,阿 部 未 侑,東京,B2,8.0,,1.0,0,1,~25,0,0,1
5416,龍 田 真 白,三重,B2,7.9,,1.0,0,1,~25,0,0,1
5417,小 柳 勝 希,佐賀,B2,7.9,,1.0,0,1,~25,0,0,1
5418,堀 内 亜 海,大阪,B2,7.8,,1.0,0,1,~25,0,0,1
5419,櫻 井 隼,埼玉,B2,7.8,,1.0,0,1,~25,0,0,1
5420,吉 原 快 誓,長崎,B2,7.6,,1.0,0,1,~25,0,0,1
5421,原 田 朱 理,兵庫,B2,12.2,,1.0,0,1,~25,0,0,1
5422,真 田 聖 也,埼玉,B2,12.0,,1.0,0,1,~25,0,0,1
5423,高 橋 嗣 穏,徳島,B2,11.9,,1.0,0,1,~25,0,0,1
5424,熊 倉 幹 太,東京,B2,11.6,,1.0,0,1,~25,0,0,1
5425,西 山 育,三重,B2,11.6,,1.0,0,1,~25,0,0,1
5426,甲 斐 貴 大,福岡,B2,11.5,,1.0,0,1,~25,0,0,1
5427,港 理 樹,東京,B2,11.5,,1.0,0,1,~25,0,0,1
5428,古園井 綾 南,佐賀,B2,11.3,,1.0,0,1,~25,0,0,1
5429,吉 川 颯 汰,佐賀,B2,10.6,,1.0,0,1,~25,0,0,1
5430,鳥 本 智 史,三重,B2,9.8,,1.0,0,1,~25,0,0,1
5431,得 山 大 輝,広島,B2,9.3,,1.0,0,1,~25,0,0,1
5432,安 藤 瑠 希,静岡,B2,9.2,,1.0,0,1,~25,0,0,1
5433,米 本 圭 佑,東京,B2,9.0,,1.0,0,1,~25,0,0,1
5434,藤 田 康 生,静岡,B2,8.9,,1.0,0,1,~25,0,0,1
5435,中 西 月 輝,広島,B2,8.7,,1.0,0,1,~25,0,0,1
5436,市 川 瑚 幸,東京,B2,8.6,,1.0,0,1,~25,0,0,1
5437,中 澤 里 桜,香川,B2,8.5,,1.0,0,1,~25,0,0,1
5438,星 田 夢 結,福岡,B2,8.4,,1.0,0,1,~25,0,0,1
5439,志 賀 美 優,愛知,B2,8.3,,1.0,0,1,~25,0,0,1
5440,薗 頭 心,兵庫,B2,8.3,,1.0,0,1,~25,0,0,1
5441,鈴 木 雄 登,愛知,B2,8.2,,1.0,0,1,~25,0,0,1
5442,池 田 美 優,広島,B2,7.1,,1.0,0,1,~25,0,0,1
5443,西 村 仁 吾,長崎,B2,6.2,,1.0,0,1,~25,0,0,1
5444,林 風 音,愛知,B2,5.6,,1.0,0,1,~25,0,0,1
