player_id,player_name,lane,entry_course,starts,win_rate,second_rate,third_rate,top3_rate,avg_st,min_st,max_st,top_st_rate,course_avg_top3_rate,top3_vs_course_avg,entry_shift_count,entry_shift_rate,course_strength,reliability
3717,立間充宏,1,1,14,78.57,7.14,0.0,85.71,0.119,0.04,0.28,64.29,85.37,0.34,0,0.0,得意,B
3636,坂野泰章,2,2,5,20.0,20.0,20.0,60.0,0.244,0.2,0.34,0.0,57.15,2.85,0,0.0,標準,C
3476,中村稔宏,3,3,3,0.0,0.0,0.0,0.0,0.347,0.27,0.47,0.0,55.75,-55.75,0,0.0,少数参考,参考
4776,竹田和哉,4,4,7,28.57,28.57,28.57,85.71,0.149,0.02,0.3,14.29,47.51,38.2,0,0.0,得意,C
4846,佐藤駿介,6,6,29,0.0,0.0,3.45,3.45,0.178,0.09,0.27,17.24,22.5,-19.05,0,0.0,苦手,A
4571,菅章哉,1,1,14,35.71,28.57,14.29,78.57,0.177,0.01,0.45,14.29,85.37,-6.8,0,0.0,得意,B
4739,中村晃朋,2,2,12,8.33,25.0,33.33,66.67,0.154,0.09,0.25,8.33,57.15,9.52,0,0.0,得意,B
3442,宮武英司,3,3,9,11.11,0.0,33.33,44.44,0.137,0.06,0.21,33.33,55.75,-11.31,0,0.0,苦手,C
3682,切田潤二,4,4,7,0.0,28.57,28.57,57.14,0.197,0.16,0.23,14.29,47.51,9.63,0,0.0,得意,C
4798,浜先真範,5,6,3,0.0,0.0,0.0,0.0,0.24,0.2,0.29,0.0,22.5,-22.5,3,100.0,少数参考,参考
3539,金子順一,2,2,30,0.0,20.0,20.0,40.0,0.194,0.08,0.41,3.33,57.15,-17.15,0,0.0,苦手,A
4158,木場雄二郎,3,3,29,6.9,37.93,20.69,65.52,0.158,0.06,0.29,34.48,55.75,9.77,0,0.0,得意,A
4475,末永祐輝,5,5,26,11.54,7.69,26.92,46.15,0.165,0.05,0.32,19.23,35.28,10.87,0,0.0,得意,A
3661,柳瀬興志,1,1,22,45.45,27.27,13.64,86.36,0.215,0.06,0.46,9.09,85.37,0.99,0,0.0,標準,A
4034,西原明生,2,2,7,0.0,28.57,28.57,57.14,0.213,0.11,0.29,0.0,57.15,-0.01,0,0.0,標準,C
4471,新田泰章,3,3,15,6.67,53.33,20.0,80.0,0.109,0.01,0.2,26.67,55.75,24.25,0,0.0,得意,B
4164,岩永節也,5,5,5,0.0,0.0,0.0,0.0,0.198,0.16,0.23,0.0,35.28,-35.28,0,0.0,苦手,C
3350,藤本佳史,6,6,8,0.0,0.0,12.5,12.5,0.199,0.11,0.33,0.0,22.5,-10.0,0,0.0,苦手,C
3427,大賀広幸,1,1,27,62.96,22.22,0.0,85.19,0.168,0.07,0.29,25.93,85.37,-0.18,0,0.0,得意,A
3636,坂野泰章,3,3,4,25.0,25.0,25.0,75.0,0.212,0.02,0.34,25.0,55.75,19.25,0,0.0,少数参考,参考
4558,宮野仁,5,5,7,0.0,0.0,28.57,28.57,0.161,0.09,0.29,14.29,35.28,-6.71,0,0.0,標準,C
3832,下田哲也,6,6,5,0.0,20.0,0.0,20.0,0.212,0.19,0.27,20.0,22.5,-2.5,0,0.0,標準,C
2930,新良一規,1,1,15,40.0,33.33,13.33,86.67,0.203,0.04,0.29,33.33,85.37,1.3,0,0.0,標準,B
4601,森野正弘,4,4,22,18.18,31.82,13.64,63.64,0.132,0.03,0.2,45.45,47.51,16.13,0,0.0,得意,A
4064,原田篤志,6,5,4,0.0,50.0,25.0,75.0,0.185,0.14,0.23,0.0,35.28,39.72,4,100.0,少数参考,参考
3773,津留浩一郎,1,1,9,55.56,22.22,22.22,100.0,0.128,0.03,0.24,22.22,85.37,14.63,0,0.0,得意,C
3305,小野信樹,2,2,16,6.25,0.0,31.25,37.5,0.178,0.1,0.33,6.25,57.15,-19.65,0,0.0,苦手,B
4798,浜先真範,6,6,10,0.0,0.0,10.0,10.0,0.21,0.13,0.32,20.0,22.5,-12.5,0,0.0,苦手,B
3361,岡部浩,1,1,3,33.33,33.33,0.0,66.67,0.223,0.16,0.32,33.33,85.37,-18.7,0,0.0,少数参考,参考
3661,柳瀬興志,2,2,25,24.0,20.0,8.0,52.0,0.209,0.08,0.28,8.0,57.15,-5.15,0,0.0,標準,A
3897,白井英治,3,3,15,33.33,53.33,6.67,93.33,0.149,0.05,0.32,6.67,55.75,37.58,0,0.0,得意,B
3539,金子順一,4,4,13,0.0,0.0,7.69,7.69,0.188,0.04,0.29,0.0,47.51,-39.82,0,0.0,苦手,B
3935,岩津徹郎,5,5,6,0.0,16.67,16.67,33.33,0.187,0.15,0.28,0.0,35.28,-1.95,0,0.0,標準,C
4471,新田泰章,1,1,18,94.44,5.56,0.0,100.0,0.147,0.05,0.29,50.0,85.37,14.63,0,0.0,得意,B
3682,切田潤二,2,2,12,0.0,25.0,16.67,41.67,0.189,0.09,0.26,8.33,57.15,-15.48,0,0.0,苦手,B
3788,一宮稔弘,3,3,7,0.0,42.86,14.29,57.14,0.143,0.07,0.24,14.29,55.75,1.39,0,0.0,標準,C
3609,泉祥史,4,4,3,0.0,33.33,0.0,33.33,0.163,0.14,0.2,0.0,47.51,-14.18,0,0.0,少数参考,参考
3980,青木義一,5,5,5,0.0,60.0,20.0,80.0,0.164,0.13,0.26,40.0,35.28,44.72,0,0.0,得意,C
4361,柳生泰二,6,6,19,10.53,5.26,36.84,52.63,0.133,0.06,0.21,15.79,22.5,30.13,0,0.0,得意,B
3305,小野信樹,1,1,17,35.29,17.65,11.76,64.71,0.194,0.07,0.35,5.88,85.37,-20.66,0,0.0,苦手,B
3368,新名文博,2,2,6,16.67,16.67,16.67,50.0,0.22,0.09,0.39,0.0,57.15,-7.15,0,0.0,標準,C
4009,小林一樹,3,3,43,9.3,20.93,39.53,69.77,0.116,0.01,0.19,39.53,55.75,14.02,0,0.0,得意,A
4179,広次修,4,4,18,0.0,38.89,33.33,72.22,0.164,0.04,0.27,22.22,47.51,24.71,0,0.0,得意,B
3436,柏野幸二,1,1,13,69.23,23.08,0.0,92.31,0.109,0.06,0.16,53.85,85.37,6.94,0,0.0,得意,B
3361,岡部浩,2,2,5,20.0,0.0,0.0,20.0,0.226,0.13,0.33,0.0,57.15,-37.15,0,0.0,苦手,C
4571,菅章哉,3,3,7,14.29,14.29,14.29,42.86,0.156,0.08,0.27,0.0,55.75,-12.89,0,0.0,苦手,C
3717,立間充宏,4,4,9,22.22,11.11,33.33,66.67,0.154,0.03,0.3,22.22,47.51,19.16,0,0.0,得意,C
4158,木場雄二郎,5,5,30,3.33,6.67,16.67,26.67,0.147,0.07,0.24,13.33,35.28,-8.61,0,0.0,標準,A
4601,森野正弘,6,6,25,8.0,12.0,24.0,44.0,0.154,0.03,0.29,28.0,22.5,21.5,0,0.0,得意,A
3897,白井英治,1,1,59,72.88,20.34,3.39,96.61,0.142,0.02,0.25,25.42,85.37,11.24,0,0.0,得意,A
3427,大賀広幸,2,2,18,0.0,33.33,22.22,55.56,0.191,0.1,0.33,0.0,57.15,-1.59,0,0.0,標準,B
3350,藤本佳史,3,3,10,30.0,10.0,10.0,50.0,0.147,0.07,0.26,30.0,55.75,-5.75,0,0.0,標準,B
4064,原田篤志,4,4,45,20.0,20.0,22.22,62.22,0.155,0.05,0.26,15.56,47.51,14.71,0,0.0,得意,A
4361,柳生泰二,5,5,27,25.93,18.52,22.22,66.67,0.146,0.05,0.27,25.93,35.28,31.39,0,0.0,得意,A
3711,江本真治,6,6,22,4.55,9.09,13.64,27.27,0.198,0.07,0.35,4.55,22.5,4.77,0,0.0,やや得意,A
4361,柳生泰二,1,1,64,85.94,10.94,1.56,98.44,0.133,0.03,0.25,45.31,85.37,13.07,0,0.0,得意,A
4558,宮野仁,2,2,7,0.0,57.14,14.29,71.43,0.156,0.05,0.24,14.29,57.15,14.28,0,0.0,得意,C
4034,西原明生,3,3,4,0.0,25.0,0.0,25.0,0.253,0.19,0.29,0.0,55.75,-30.75,0,0.0,少数参考,参考
4846,佐藤駿介,5,6,11,0.0,0.0,9.09,9.09,0.196,0.05,0.3,18.18,22.5,-13.41,11,100.0,苦手,B
4009,小林一樹,1,1,44,63.64,15.91,13.64,93.18,0.137,0.05,0.27,47.73,85.37,7.81,0,0.0,得意,A
3935,岩津徹郎,2,2,9,22.22,33.33,22.22,77.78,0.188,0.1,0.35,0.0,57.15,20.63,0,0.0,得意,C
2930,新良一規,3,3,14,21.43,7.14,42.86,71.43,0.159,0.01,0.45,14.29,55.75,15.68,0,0.0,得意,B
3539,金子順一,6,4,5,0.0,0.0,20.0,20.0,0.228,0.14,0.31,0.0,47.51,-27.51,5,100.0,苦手,C
4157,田崎豊,2,2,3,0.0,66.67,33.33,100.0,0.167,0.14,0.19,66.67,57.15,42.85,0,0.0,少数参考,参考
4164,岩永節也,3,3,6,16.67,16.67,16.67,50.0,0.185,0.09,0.28,0.0,55.75,-5.75,0,0.0,標準,C
3361,岡部浩,4,4,4,0.0,25.0,50.0,75.0,0.152,0.1,0.23,0.0,47.51,27.49,0,0.0,少数参考,参考
3682,切田潤二,5,5,3,0.0,0.0,0.0,0.0,0.203,0.07,0.28,0.0,35.28,-35.28,0,0.0,少数参考,参考
3636,坂野泰章,6,6,4,0.0,0.0,50.0,50.0,0.223,0.12,0.35,25.0,22.5,27.5,0,0.0,少数参考,参考
4158,木場雄二郎,4,4,27,14.81,18.52,22.22,55.56,0.153,0.05,0.25,18.52,47.51,8.05,0,0.0,得意,A
4776,竹田和哉,5,6,3,0.0,0.0,0.0,0.0,0.327,0.3,0.36,0.0,22.5,-22.5,3,100.0,少数参考,参考
3436,柏野幸二,6,5,3,0.0,0.0,100.0,100.0,0.16,0.1,0.19,33.33,35.28,64.72,3,100.0,少数参考,参考
4179,広次修,1,1,27,70.37,25.93,3.7,100.0,0.15,0.07,0.24,44.44,85.37,14.63,0,0.0,得意,A
3980,青木義一,2,2,4,0.0,0.0,25.0,25.0,0.202,0.08,0.31,0.0,57.15,-32.15,0,0.0,少数参考,参考
4558,宮野仁,3,3,5,20.0,40.0,40.0,100.0,0.098,0.04,0.18,60.0,55.75,44.25,0,0.0,得意,C
3661,柳瀬興志,4,4,21,0.0,9.52,42.86,52.38,0.194,0.1,0.29,4.76,47.51,4.87,0,0.0,やや得意,A
3350,藤本佳史,5,5,6,0.0,0.0,50.0,50.0,0.177,0.11,0.25,0.0,35.28,14.72,0,0.0,得意,C
3773,津留浩一郎,6,6,6,0.0,0.0,50.0,50.0,0.105,0.04,0.15,33.33,22.5,27.5,0,0.0,得意,C
3935,岩津徹郎,1,1,7,42.86,14.29,0.0,57.14,0.173,0.08,0.23,28.57,85.37,-28.23,0,0.0,苦手,C
3711,江本真治,2,2,34,5.88,26.47,29.41,61.76,0.153,0.03,0.31,14.71,57.15,4.61,0,0.0,やや得意,A
4475,末永祐輝,3,3,24,12.5,37.5,12.5,62.5,0.143,0.05,0.28,29.17,55.75,6.75,0,0.0,やや得意,A
4361,柳生泰二,4,4,36,33.33,16.67,25.0,75.0,0.131,0.02,0.27,38.89,47.51,27.49,0,0.0,得意,A
3897,白井英治,6,2,3,66.67,33.33,0.0,100.0,0.23,0.2,0.28,0.0,57.15,42.85,3,100.0,少数参考,参考
3788,一宮稔弘,1,1,9,55.56,33.33,11.11,100.0,0.121,0.07,0.2,33.33,85.37,14.63,0,0.0,得意,C
3442,宮武英司,2,2,9,0.0,55.56,22.22,77.78,0.163,0.13,0.21,11.11,57.15,20.63,0,0.0,得意,C
4064,原田篤志,3,3,47,12.77,27.66,29.79,70.21,0.162,0.08,0.28,14.89,55.75,14.46,0,0.0,得意,A
3661,柳瀬興志,5,4,3,0.0,66.67,0.0,66.67,0.17,0.14,0.19,0.0,47.51,19.16,3,100.0,少数参考,参考
4601,森野正弘,1,1,36,77.78,8.33,5.56,91.67,0.153,0.04,0.36,33.33,85.37,6.3,0,0.0,得意,A
3846,藤井理,2,2,4,0.0,0.0,0.0,0.0,0.21,0.09,0.28,0.0,57.15,-57.15,0,0.0,少数参考,参考
3350,藤本佳史,4,4,9,11.11,11.11,44.44,66.67,0.167,0.01,0.3,22.22,47.51,19.16,0,0.0,得意,C
3717,立間充宏,5,5,5,40.0,0.0,0.0,40.0,0.154,0.06,0.22,40.0,35.28,4.72,0,0.0,やや得意,C
3711,江本真治,1,1,50,70.0,10.0,12.0,92.0,0.136,0.05,0.23,38.0,85.37,6.63,0,0.0,得意,A
2930,新良一規,2,2,13,7.69,30.77,23.08,61.54,0.192,0.09,0.33,0.0,57.15,4.39,0,0.0,やや得意,B
4739,中村晃朋,3,3,8,0.0,50.0,0.0,50.0,0.136,0.05,0.22,25.0,55.75,-5.75,0,0.0,標準,C
3427,大賀広幸,4,4,13,0.0,0.0,38.46,38.46,0.192,0.1,0.3,0.0,47.51,-9.05,0,0.0,標準,B
4034,西原明生,5,5,6,0.0,0.0,0.0,0.0,0.173,0.11,0.29,16.67,35.28,-35.28,0,0.0,苦手,C
4471,新田泰章,6,6,15,6.67,13.33,13.33,33.33,0.174,0.1,0.29,6.67,22.5,10.83,0,0.0,得意,B
3442,宮武英司,1,1,13,76.92,15.38,0.0,92.31,0.145,0.07,0.22,15.38,85.37,6.94,0,0.0,得意,B
4009,小林一樹,2,2,27,3.7,22.22,22.22,48.15,0.118,0.03,0.19,29.63,57.15,-9.0,0,0.0,標準,A
3832,下田哲也,3,3,8,0.0,0.0,37.5,37.5,0.171,0.05,0.37,0.0,55.75,-18.25,0,0.0,苦手,C
3897,白井英治,4,4,18,38.89,38.89,5.56,83.33,0.116,0.03,0.25,16.67,47.51,35.82,0,0.0,得意,B
3773,津留浩一郎,5,5,11,9.09,0.0,18.18,27.27,0.165,0.05,0.54,18.18,35.28,-8.01,0,0.0,標準,B
4158,木場雄二郎,6,6,25,4.0,16.0,4.0,24.0,0.159,0.05,0.23,16.0,22.5,1.5,0,0.0,標準,A
4064,原田篤志,1,1,79,75.95,17.72,2.53,96.2,0.141,0.02,0.3,40.51,85.37,10.83,0,0.0,得意,A
4475,末永祐輝,2,2,27,3.7,55.56,18.52,77.78,0.171,0.09,0.3,11.11,57.15,20.63,0,0.0,得意,A
4179,広次修,3,3,17,0.0,35.29,11.76,47.06,0.149,0.09,0.37,29.41,55.75,-8.69,0,0.0,標準,B
3305,小野信樹,4,4,9,11.11,0.0,11.11,22.22,0.159,0.05,0.27,33.33,47.51,-25.29,0,0.0,苦手,C
3361,岡部浩,5,5,3,0.0,0.0,0.0,0.0,0.14,0.09,0.21,0.0,35.28,-35.28,0,0.0,少数参考,参考
3717,立間充宏,6,6,11,0.0,27.27,18.18,45.45,0.188,0.06,0.35,36.36,22.5,22.95,0,0.0,得意,B
3350,藤本佳史,1,1,14,78.57,21.43,0.0,100.0,0.138,0.07,0.29,50.0,85.37,14.63,0,0.0,得意,B
3773,津留浩一郎,2,2,17,11.76,29.41,17.65,58.82,0.178,0.07,0.48,11.76,57.15,1.67,0,0.0,標準,B
3539,金子順一,3,3,32,0.0,15.62,18.75,34.38,0.181,0.07,0.26,0.0,55.75,-21.37,0,0.0,苦手,A
3636,坂野泰章,4,4,5,0.0,0.0,0.0,0.0,0.214,0.15,0.34,0.0,47.51,-47.51,0,0.0,苦手,C
4157,田崎豊,5,5,4,25.0,0.0,25.0,50.0,0.175,0.09,0.27,0.0,35.28,14.72,0,0.0,少数参考,参考
4812,西野雄貴,6,6,15,6.67,6.67,33.33,46.67,0.155,0.06,0.25,33.33,22.5,24.17,0,0.0,得意,B
3832,下田哲也,2,2,6,0.0,16.67,16.67,33.33,0.172,0.07,0.26,16.67,57.15,-23.82,0,0.0,苦手,C
3711,江本真治,4,4,24,29.17,12.5,20.83,62.5,0.16,0.06,0.28,8.33,47.51,14.99,0,0.0,得意,A
4034,西原明生,1,1,4,0.0,0.0,25.0,25.0,0.16,0.08,0.25,0.0,85.37,-60.37,0,0.0,少数参考,参考
4167,片岡秀樹,2,2,7,14.29,0.0,14.29,28.57,0.143,0.03,0.36,28.57,57.15,-28.58,0,0.0,苦手,C
4798,浜先真範,4,5,3,0.0,0.0,33.33,33.33,0.14,0.03,0.35,66.67,35.28,-1.95,3,100.0,少数参考,参考
3682,切田潤二,1,1,8,12.5,37.5,50.0,100.0,0.18,0.05,0.44,0.0,85.37,14.63,0,0.0,得意,C
4571,菅章哉,2,2,5,40.0,40.0,0.0,80.0,0.122,0.06,0.19,20.0,57.15,22.85,0,0.0,得意,C
4739,中村晃朋,4,4,6,33.33,0.0,33.33,66.67,0.147,0.06,0.28,50.0,47.51,19.16,0,0.0,得意,C
3368,新名文博,5,5,3,0.0,0.0,0.0,0.0,0.25,0.22,0.27,0.0,35.28,-35.28,0,0.0,少数参考,参考
3539,金子順一,1,1,20,30.0,25.0,10.0,65.0,0.167,0.1,0.26,5.0,85.37,-20.37,0,0.0,得意,A
4601,森野正弘,2,2,18,27.78,33.33,5.56,66.67,0.133,0.03,0.25,33.33,57.15,9.52,0,0.0,得意,B
3361,岡部浩,3,3,3,33.33,0.0,0.0,33.33,0.143,0.1,0.19,0.0,55.75,-22.42,0,0.0,少数参考,参考
4179,広次修,5,6,4,0.0,0.0,25.0,25.0,0.16,0.13,0.19,0.0,22.5,2.5,4,100.0,少数参考,参考
3436,柏野幸二,6,4,3,0.0,0.0,100.0,100.0,0.127,0.06,0.19,66.67,47.51,52.49,3,100.0,少数参考,参考
4167,片岡秀樹,3,3,7,14.29,28.57,14.29,57.14,0.126,0.07,0.2,14.29,55.75,1.39,0,0.0,標準,C
3773,津留浩一郎,4,4,9,33.33,11.11,11.11,55.56,0.18,0.08,0.37,33.33,47.51,8.05,0,0.0,得意,C
4009,小林一樹,5,5,21,9.52,14.29,19.05,42.86,0.131,0.04,0.25,23.81,35.28,7.58,0,0.0,やや得意,A
4776,竹田和哉,6,6,9,0.0,0.0,11.11,11.11,0.198,0.12,0.28,11.11,22.5,-11.39,0,0.0,苦手,C
3832,下田哲也,1,1,6,83.33,0.0,16.67,100.0,0.137,0.09,0.25,83.33,85.37,14.63,0,0.0,得意,C
3897,白井英治,2,2,27,37.04,37.04,11.11,85.19,0.147,0.05,0.27,22.22,57.15,28.04,0,0.0,得意,A
4558,宮野仁,4,4,7,14.29,0.0,42.86,57.14,0.179,0.12,0.25,0.0,47.51,9.63,0,0.0,得意,C
3636,坂野泰章,5,5,4,0.0,0.0,0.0,0.0,0.2,0.11,0.29,0.0,35.28,-35.28,0,0.0,少数参考,参考
4158,木場雄二郎,2,2,37,8.11,18.92,18.92,45.95,0.174,0.1,0.27,10.81,57.15,-11.2,0,0.0,苦手,A
3682,切田潤二,3,3,8,0.0,25.0,25.0,50.0,0.184,0.09,0.33,0.0,55.75,-5.75,0,0.0,標準,C
3442,宮武英司,5,5,9,0.0,11.11,11.11,22.22,0.17,0.12,0.26,0.0,35.28,-13.06,0,0.0,苦手,C
4361,柳生泰二,2,2,37,32.43,27.03,21.62,81.08,0.138,0.07,0.21,21.62,57.15,23.93,0,0.0,得意,A
4157,田崎豊,4,4,5,0.0,20.0,0.0,20.0,0.214,0.16,0.29,0.0,47.51,-27.51,0,0.0,苦手,C
4064,原田篤志,5,5,26,7.69,19.23,15.38,42.31,0.151,0.06,0.29,11.54,35.28,7.03,0,0.0,やや得意,A
3361,岡部浩,6,6,5,0.0,0.0,0.0,0.0,0.18,0.1,0.27,20.0,22.5,-22.5,0,0.0,苦手,C
3846,藤井理,3,3,5,0.0,0.0,0.0,0.0,0.188,0.17,0.21,20.0,55.75,-55.75,0,0.0,苦手,C
4034,西原明生,4,4,4,0.0,25.0,0.0,25.0,0.16,0.11,0.22,0.0,47.51,-22.51,0,0.0,少数参考,参考
3788,一宮稔弘,5,5,5,0.0,40.0,20.0,60.0,0.156,0.08,0.25,40.0,35.28,24.72,0,0.0,得意,C
4179,広次修,6,6,18,0.0,11.11,22.22,33.33,0.184,0.08,0.34,11.11,22.5,10.83,0,0.0,得意,B
4471,新田泰章,2,2,12,16.67,33.33,25.0,75.0,0.163,0.09,0.26,0.0,57.15,17.85,0,0.0,得意,B
4601,森野正弘,3,3,31,12.9,16.13,32.26,61.29,0.142,0.03,0.33,35.48,55.75,5.54,0,0.0,やや得意,A
3935,岩津徹郎,4,4,7,0.0,14.29,42.86,57.14,0.141,0.08,0.2,28.57,47.51,9.63,0,0.0,得意,C
4009,小林一樹,6,6,20,5.0,5.0,10.0,20.0,0.144,0.07,0.2,40.0,22.5,-2.5,0,0.0,標準,A
3368,新名文博,3,3,4,0.0,0.0,75.0,75.0,0.165,0.1,0.23,0.0,55.75,19.25,0,0.0,少数参考,参考
4475,末永祐輝,4,4,24,16.67,29.17,37.5,83.33,0.124,0.02,0.24,25.0,47.51,35.82,0,0.0,得意,A
3305,小野信樹,3,3,13,7.69,30.77,23.08,61.54,0.196,0.11,0.29,7.69,55.75,5.79,0,0.0,やや得意,B
3539,金子順一,5,5,11,0.0,0.0,0.0,0.0,0.27,0.18,0.46,0.0,35.28,-35.28,0,0.0,苦手,B
4158,木場雄二郎,1,1,29,62.07,17.24,3.45,82.76,0.152,0.07,0.26,27.59,85.37,-2.61,0,0.0,得意,A
3773,津留浩一郎,3,3,9,11.11,44.44,11.11,66.67,0.134,0.04,0.25,22.22,55.75,10.92,0,0.0,得意,C
3350,藤本佳史,2,2,7,14.29,14.29,57.14,85.71,0.187,0.09,0.47,0.0,57.15,28.56,0,0.0,得意,C
3717,立間充宏,3,3,9,11.11,33.33,11.11,55.56,0.152,0.08,0.23,55.56,55.75,-0.19,0,0.0,標準,C
3846,藤井理,5,5,4,0.0,25.0,0.0,25.0,0.143,0.12,0.16,25.0,35.28,-10.28,0,0.0,少数参考,参考
3636,坂野泰章,1,1,3,33.33,33.33,0.0,66.67,0.183,0.1,0.25,0.0,85.37,-18.7,0,0.0,少数参考,参考
3427,大賀広幸,6,5,3,0.0,33.33,0.0,33.33,0.163,0.13,0.21,0.0,35.28,-1.95,3,100.0,少数参考,参考
4179,広次修,2,2,22,13.64,27.27,13.64,54.55,0.167,0.02,0.28,18.18,57.15,-2.6,0,0.0,標準,A
3711,江本真治,3,3,24,12.5,37.5,12.5,62.5,0.151,0.07,0.43,25.0,55.75,6.75,0,0.0,やや得意,A
3682,切田潤二,6,6,4,0.0,0.0,0.0,0.0,0.245,0.19,0.31,0.0,22.5,-22.5,0,0.0,少数参考,参考
3717,立間充宏,2,2,6,0.0,50.0,33.33,83.33,0.155,0.07,0.27,16.67,57.15,26.18,0,0.0,得意,C
3935,岩津徹郎,3,3,9,11.11,44.44,22.22,77.78,0.154,0.05,0.32,22.22,55.75,22.03,0,0.0,得意,C
3305,小野信樹,6,6,9,0.0,11.11,0.0,11.11,0.162,0.09,0.24,22.22,22.5,-11.39,0,0.0,苦手,C
4064,原田篤志,2,2,40,20.0,27.5,12.5,60.0,0.143,0.04,0.28,10.0,57.15,2.85,0,0.0,標準,A
4009,小林一樹,5,4,5,0.0,20.0,80.0,100.0,0.122,0.02,0.21,80.0,47.51,52.49,5,100.0,得意,C
4034,西原明生,6,6,4,0.0,0.0,25.0,25.0,0.273,0.19,0.4,0.0,22.5,2.5,0,0.0,少数参考,参考
4739,中村晃朋,1,1,11,63.64,9.09,0.0,72.73,0.168,0.09,0.21,18.18,85.37,-12.64,0,0.0,得意,B
4776,竹田和哉,5,5,8,0.0,12.5,25.0,37.5,0.158,0.07,0.24,0.0,35.28,2.22,0,0.0,標準,C
4558,宮野仁,1,1,5,40.0,60.0,0.0,100.0,0.166,0.1,0.22,40.0,85.37,14.63,0,0.0,得意,C
3788,一宮稔弘,4,4,5,40.0,0.0,0.0,40.0,0.102,0.05,0.14,40.0,47.51,-7.51,0,0.0,標準,C
4571,菅章哉,5,5,7,14.29,14.29,14.29,42.86,0.181,0.08,0.29,57.14,35.28,7.58,0,0.0,やや得意,C
4164,岩永節也,6,6,5,0.0,0.0,40.0,40.0,0.22,0.13,0.33,0.0,22.5,17.5,0,0.0,得意,C
4167,片岡秀樹,4,4,9,0.0,0.0,11.11,11.11,0.167,0.07,0.26,22.22,47.51,-36.4,0,0.0,苦手,C
4475,末永祐輝,1,1,39,53.85,12.82,12.82,79.49,0.173,0.07,0.31,38.46,85.37,-5.88,0,0.0,得意,A
4361,柳生泰二,3,3,25,24.0,32.0,28.0,84.0,0.151,0.07,0.4,24.0,55.75,28.25,0,0.0,得意,A
4009,小林一樹,4,4,30,16.67,30.0,16.67,63.33,0.12,0.02,0.26,43.33,47.51,15.82,0,0.0,得意,A
4158,木場雄二郎,6,5,5,20.0,20.0,20.0,60.0,0.152,0.14,0.17,40.0,35.28,24.72,5,100.0,得意,C
3539,金子順一,3,2,3,0.0,33.33,33.33,66.67,0.173,0.07,0.26,0.0,57.15,9.52,3,100.0,少数参考,参考
3897,白井英治,4,3,3,66.67,0.0,0.0,66.67,0.18,0.13,0.22,0.0,55.75,10.92,3,100.0,少数参考,参考
4471,新田泰章,4,4,17,0.0,23.53,23.53,47.06,0.136,0.06,0.19,11.76,47.51,-0.45,0,0.0,標準,B
3661,柳瀬興志,5,5,16,0.0,18.75,25.0,43.75,0.198,0.06,0.54,18.75,35.28,8.47,0,0.0,得意,B
3442,宮武英司,6,6,7,0.0,14.29,14.29,28.57,0.199,0.16,0.23,0.0,22.5,6.07,0,0.0,やや得意,C
2930,新良一規,6,6,7,0.0,14.29,0.0,14.29,0.264,0.07,0.48,0.0,22.5,-8.21,0,0.0,標準,C
3980,青木義一,3,3,3,33.33,33.33,0.0,66.67,0.147,0.11,0.19,33.33,55.75,10.92,0,0.0,少数参考,参考
4739,中村晃朋,6,6,4,0.0,25.0,0.0,25.0,0.105,0.07,0.16,25.0,22.5,2.5,0,0.0,少数参考,参考
4571,菅章哉,4,4,8,37.5,0.0,37.5,75.0,0.149,0.07,0.51,37.5,47.51,27.49,0,0.0,得意,C
4164,岩永節也,1,1,5,20.0,0.0,40.0,60.0,0.162,0.1,0.25,40.0,85.37,-25.37,0,0.0,苦手,C
3427,大賀広幸,5,5,13,0.0,38.46,7.69,46.15,0.167,0.08,0.26,7.69,35.28,10.87,0,0.0,得意,B
4739,中村晃朋,5,5,12,0.0,16.67,16.67,33.33,0.118,0.01,0.22,41.67,35.28,-1.95,0,0.0,標準,B
3436,柏野幸二,4,4,10,0.0,10.0,30.0,40.0,0.136,0.07,0.26,20.0,47.51,-7.51,0,0.0,標準,B
4167,片岡秀樹,1,1,6,33.33,0.0,16.67,50.0,0.223,0.12,0.31,16.67,85.37,-35.37,0,0.0,苦手,C
4164,岩永節也,2,2,6,0.0,16.67,33.33,50.0,0.198,0.11,0.31,0.0,57.15,-7.15,0,0.0,標準,C
3427,大賀広幸,3,3,15,13.33,20.0,20.0,53.33,0.168,0.07,0.29,13.33,55.75,-2.42,0,0.0,標準,B
3436,柏野幸二,5,5,12,8.33,33.33,0.0,41.67,0.155,0.09,0.23,25.0,35.28,6.39,0,0.0,やや得意,B
4475,末永祐輝,6,6,24,0.0,8.33,54.17,62.5,0.165,0.07,0.34,16.67,22.5,40.0,0,0.0,得意,A
3442,宮武英司,4,4,6,16.67,16.67,16.67,50.0,0.177,0.12,0.28,16.67,47.51,2.49,0,0.0,標準,C
3832,下田哲也,5,5,6,0.0,16.67,0.0,16.67,0.178,0.03,0.44,33.33,35.28,-18.61,0,0.0,苦手,C
4157,田崎豊,6,6,3,0.0,0.0,33.33,33.33,0.31,0.23,0.36,0.0,22.5,10.83,0,0.0,少数参考,参考
4558,宮野仁,6,6,5,0.0,20.0,0.0,20.0,0.19,0.13,0.24,0.0,22.5,-2.5,0,0.0,標準,C
4064,原田篤志,3,4,4,0.0,50.0,50.0,100.0,0.198,0.16,0.24,0.0,47.51,52.49,4,100.0,少数参考,参考
4361,柳生泰二,4,5,3,33.33,0.0,33.33,66.67,0.153,0.13,0.18,33.33,35.28,31.39,3,100.0,少数参考,参考
4586,磯部誠,1,1,7,57.14,14.29,0.0,71.43,0.126,0.06,0.18,42.86,85.37,-13.94,0,0.0,得意,C
4772,石丸海渡,2,2,3,0.0,66.67,0.0,66.67,0.13,0.06,0.18,66.67,57.15,9.52,0,0.0,少数参考,参考
4656,大崎翔,3,3,5,20.0,0.0,20.0,40.0,0.18,0.12,0.25,40.0,55.75,-15.75,0,0.0,苦手,C
4789,古賀智之,4,4,5,0.0,40.0,0.0,40.0,0.174,0.11,0.26,0.0,47.51,-7.51,0,0.0,標準,C
4592,小林孝弘,6,6,11,0.0,0.0,0.0,0.0,0.174,0.03,0.3,0.0,22.5,-22.5,0,0.0,苦手,B
4540,相原利章,2,2,6,33.33,16.67,16.67,66.67,0.148,0.07,0.28,33.33,57.15,9.52,0,0.0,得意,C
4587,木田峰由季,4,4,4,0.0,0.0,25.0,25.0,0.205,0.17,0.24,25.0,47.51,-22.51,0,0.0,少数参考,参考
4618,乃村康友,5,5,8,12.5,37.5,0.0,50.0,0.165,0.08,0.36,12.5,35.28,14.72,0,0.0,得意,C
4777,五十嵐一聡,6,6,16,0.0,0.0,0.0,0.0,0.169,0.09,0.25,50.0,22.5,-22.5,0,0.0,苦手,B
4567,上村慎太郎,1,1,18,22.22,33.33,16.67,72.22,0.164,0.03,0.37,16.67,85.37,-13.15,0,0.0,得意,B
4681,太田潮,2,2,4,0.0,25.0,0.0,25.0,0.225,0.1,0.42,25.0,57.15,-32.15,0,0.0,少数参考,参考
4633,森智也,3,3,4,25.0,25.0,0.0,50.0,0.135,0.11,0.16,25.0,55.75,-5.75,0,0.0,少数参考,参考
4754,松尾充,5,5,7,0.0,28.57,28.57,57.14,0.137,0.08,0.26,57.14,35.28,21.86,0,0.0,得意,C
4721,金光佑治,6,6,3,0.0,0.0,0.0,0.0,0.253,0.2,0.34,0.0,22.5,-22.5,0,0.0,少数参考,参考
4731,間野兼礼,1,1,7,42.86,14.29,0.0,57.14,0.147,0.05,0.22,28.57,85.37,-28.23,0,0.0,苦手,C
4564,山本景士郎,2,2,7,14.29,28.57,0.0,42.86,0.154,0.07,0.25,14.29,57.15,-14.29,0,0.0,苦手,C
4598,加藤政彦,3,3,8,0.0,37.5,25.0,62.5,0.169,0.05,0.33,25.0,55.75,6.75,0,0.0,やや得意,C
4711,前出達吉,4,4,5,0.0,20.0,20.0,40.0,0.104,0.04,0.13,60.0,47.51,-7.51,0,0.0,標準,C
4817,渡邉翼,5,6,6,0.0,16.67,33.33,50.0,0.11,0.07,0.16,16.67,22.5,27.5,6,100.0,得意,C
4688,永井彪也,2,2,6,16.67,16.67,16.67,50.0,0.15,0.04,0.23,50.0,57.15,-7.15,0,0.0,標準,C
4757,山田祐也,3,3,9,11.11,22.22,22.22,55.56,0.172,0.04,0.32,22.22,55.75,-0.19,0,0.0,標準,C
4574,東潤樹,4,4,8,0.0,0.0,25.0,25.0,0.235,0.13,0.41,0.0,47.51,-22.51,0,0.0,苦手,C
4789,古賀智之,5,5,9,0.0,11.11,11.11,22.22,0.102,0.05,0.18,33.33,35.28,-13.06,0,0.0,苦手,C
4625,渡邊裕貴,6,6,4,0.0,25.0,25.0,50.0,0.133,0.01,0.25,50.0,22.5,27.5,0,0.0,少数参考,参考
4708,半田尚也,2,2,13,0.0,0.0,23.08,23.08,0.246,0.15,0.37,0.0,57.15,-34.07,0,0.0,苦手,B
4581,吉村誠,4,4,5,20.0,0.0,60.0,80.0,0.222,0.1,0.34,20.0,47.51,32.49,0,0.0,得意,C
4777,五十嵐一聡,5,6,4,0.0,0.0,0.0,0.0,0.163,0.04,0.34,25.0,22.5,-22.5,4,100.0,少数参考,参考
4656,大崎翔,1,1,4,50.0,25.0,0.0,75.0,0.185,0.03,0.37,25.0,85.37,-10.37,0,0.0,少数参考,参考
4600,井内将太郎,2,2,8,0.0,25.0,37.5,62.5,0.156,0.07,0.4,50.0,57.15,5.35,0,0.0,やや得意,C
4545,岡村慶太,3,3,7,14.29,42.86,28.57,85.71,0.174,0.08,0.38,42.86,55.75,29.96,0,0.0,得意,C
4703,森永隆,5,6,3,33.33,33.33,0.0,66.67,0.153,0.13,0.18,33.33,22.5,44.17,3,100.0,少数参考,参考
4540,相原利章,1,1,8,87.5,12.5,0.0,100.0,0.113,0.03,0.19,62.5,85.37,14.63,0,0.0,得意,C
4663,籾山佳岳,2,2,4,0.0,0.0,0.0,0.0,0.208,0.12,0.33,0.0,57.15,-57.15,0,0.0,少数参考,参考
4564,山本景士郎,3,3,6,0.0,33.33,33.33,66.67,0.182,0.1,0.24,0.0,55.75,10.92,0,0.0,得意,C
4544,松田大志郎,4,4,10,20.0,10.0,30.0,60.0,0.181,0.07,0.29,30.0,47.51,12.49,0,0.0,得意,B
4592,小林孝弘,5,5,15,0.0,6.67,6.67,13.33,0.172,0.07,0.39,40.0,35.28,-21.95,0,0.0,苦手,B
4754,松尾充,6,6,8,0.0,25.0,12.5,37.5,0.179,0.03,0.32,25.0,22.5,15.0,0,0.0,得意,C
4583,古田祐貴,1,1,13,46.15,30.77,0.0,76.92,0.144,0.08,0.23,23.08,85.37,-8.45,0,0.0,得意,B
4567,上村慎太郎,2,2,31,0.0,29.03,22.58,51.61,0.177,0.03,0.36,3.23,57.15,-5.54,0,0.0,標準,A
4604,岩瀬裕亮,3,3,4,0.0,25.0,50.0,75.0,0.15,0.1,0.19,0.0,55.75,19.25,0,0.0,少数参考,参考
4618,乃村康友,4,4,5,0.0,40.0,40.0,80.0,0.202,0.06,0.33,0.0,47.51,32.49,0,0.0,得意,C
4757,山田祐也,5,5,4,25.0,25.0,0.0,50.0,0.163,0.09,0.31,0.0,35.28,14.72,0,0.0,少数参考,参考
4727,安部慎一,6,6,12,0.0,8.33,0.0,8.33,0.148,0.01,0.33,50.0,22.5,-14.17,0,0.0,苦手,B
4574,東潤樹,1,1,9,55.56,11.11,11.11,77.78,0.159,0.08,0.21,11.11,85.37,-7.59,0,0.0,得意,C
4711,前出達吉,3,3,5,20.0,20.0,0.0,40.0,0.158,0.08,0.27,40.0,55.75,-15.75,0,0.0,苦手,C
4586,磯部誠,4,4,4,25.0,0.0,25.0,50.0,0.082,0.03,0.12,0.0,47.51,2.49,0,0.0,少数参考,参考
4545,岡村慶太,1,1,8,75.0,0.0,0.0,75.0,0.128,0.08,0.16,37.5,85.37,-10.37,0,0.0,得意,C
4704,河野大,2,2,4,0.0,75.0,0.0,75.0,0.152,0.12,0.19,0.0,57.15,17.85,0,0.0,少数参考,参考
4578,藤山雅弘,3,3,6,16.67,33.33,33.33,83.33,0.138,0.06,0.25,16.67,55.75,27.58,0,0.0,得意,C
4702,三浦敬太,4,4,7,14.29,14.29,57.14,85.71,0.13,0.07,0.19,42.86,47.51,38.2,0,0.0,得意,C
4625,渡邊裕貴,5,5,4,25.0,25.0,25.0,75.0,0.09,0.01,0.17,75.0,35.28,39.72,0,0.0,少数参考,参考
4544,松田大志郎,1,1,11,90.91,0.0,0.0,90.91,0.144,0.07,0.28,18.18,85.37,5.54,0,0.0,得意,B
4604,岩瀬裕亮,2,2,6,33.33,33.33,0.0,66.67,0.155,0.08,0.27,16.67,57.15,9.52,0,0.0,得意,C
4579,中嶋健一郎,5,5,5,40.0,20.0,0.0,60.0,0.102,0.04,0.15,40.0,35.28,24.72,0,0.0,得意,C
4598,加藤政彦,6,6,9,0.0,0.0,22.22,22.22,0.197,0.14,0.31,0.0,22.5,-0.28,0,0.0,標準,C
4604,岩瀬裕亮,1,1,13,92.31,7.69,0.0,100.0,0.109,0.04,0.18,46.15,85.37,14.63,0,0.0,得意,B
4745,関野龍,3,3,3,0.0,33.33,33.33,66.67,0.15,0.1,0.25,66.67,55.75,10.92,0,0.0,少数参考,参考
4817,渡邉翼,6,5,8,12.5,25.0,25.0,62.5,0.152,0.11,0.19,37.5,35.28,27.22,8,100.0,得意,C
4592,小林孝弘,1,1,14,7.14,21.43,28.57,57.14,0.166,0.05,0.24,28.57,85.37,-28.23,0,0.0,苦手,B
4656,大崎翔,2,2,6,16.67,0.0,33.33,50.0,0.185,0.17,0.21,0.0,57.15,-7.15,0,0.0,標準,C
4731,間野兼礼,3,3,4,0.0,0.0,25.0,25.0,0.165,0.11,0.21,25.0,55.75,-30.75,0,0.0,少数参考,参考
4727,安部慎一,4,4,9,0.0,0.0,0.0,0.0,0.239,0.12,0.38,11.11,47.51,-47.51,0,0.0,苦手,C
4708,半田尚也,5,5,7,0.0,28.57,0.0,28.57,0.187,0.12,0.26,0.0,35.28,-6.71,0,0.0,標準,C
4618,乃村康友,1,1,6,33.33,16.67,33.33,83.33,0.137,0.04,0.25,16.67,85.37,-2.04,0,0.0,得意,C
4754,松尾充,2,2,6,16.67,16.67,16.67,50.0,0.125,0.04,0.2,33.33,57.15,-7.15,0,0.0,標準,C
4567,上村慎太郎,6,6,15,0.0,0.0,0.0,0.0,0.254,0.14,0.35,0.0,22.5,-22.5,0,0.0,苦手,B
4702,三浦敬太,1,1,12,58.33,16.67,0.0,75.0,0.163,0.07,0.31,50.0,85.37,-10.37,0,0.0,得意,B
4703,森永隆,2,2,18,22.22,33.33,22.22,77.78,0.156,0.07,0.45,5.56,57.15,20.63,0,0.0,得意,B
4540,相原利章,3,3,8,12.5,50.0,37.5,100.0,0.114,0.09,0.15,50.0,55.75,44.25,0,0.0,得意,C
4579,中嶋健一郎,2,2,7,42.86,28.57,14.29,85.71,0.16,0.06,0.31,28.57,57.15,28.56,0,0.0,得意,C
4663,籾山佳岳,3,3,3,0.0,0.0,33.33,33.33,0.15,0.11,0.19,33.33,55.75,-22.42,0,0.0,少数参考,参考
4625,渡邊裕貴,4,4,4,0.0,0.0,25.0,25.0,0.122,0.05,0.23,25.0,47.51,-22.51,0,0.0,少数参考,参考
4598,加藤政彦,1,1,10,70.0,10.0,10.0,90.0,0.16,0.09,0.24,50.0,85.37,4.63,0,0.0,得意,B
4591,坂井田晃,3,3,3,0.0,0.0,33.33,33.33,0.237,0.13,0.37,0.0,55.75,-22.42,0,0.0,少数参考,参考
4578,藤山雅弘,4,4,4,0.0,0.0,25.0,25.0,0.25,0.18,0.34,0.0,47.51,-22.51,0,0.0,少数参考,参考
4727,安部慎一,5,5,10,0.0,10.0,30.0,40.0,0.189,0.05,0.28,30.0,35.28,4.72,0,0.0,やや得意,B
4564,山本景士郎,6,6,4,0.0,0.0,0.0,0.0,0.203,0.14,0.28,0.0,22.5,-22.5,0,0.0,少数参考,参考
4587,木田峰由季,1,1,6,66.67,33.33,0.0,100.0,0.13,0.04,0.19,50.0,85.37,14.63,0,0.0,得意,C
4633,森智也,2,2,7,14.29,14.29,14.29,42.86,0.166,0.13,0.22,14.29,57.15,-14.29,0,0.0,苦手,C
4544,松田大志郎,3,3,9,22.22,33.33,11.11,66.67,0.183,0.1,0.28,11.11,55.75,10.92,0,0.0,得意,C
4708,半田尚也,4,4,7,0.0,14.29,28.57,42.86,0.197,0.14,0.26,0.0,47.51,-4.65,0,0.0,標準,C
4772,石丸海渡,5,5,3,0.0,0.0,33.33,33.33,0.21,0.05,0.39,33.33,35.28,-1.95,0,0.0,少数参考,参考
4586,磯部誠,6,6,4,0.0,25.0,25.0,50.0,0.11,0.03,0.24,0.0,22.5,27.5,0,0.0,少数参考,参考
4702,三浦敬太,2,2,7,14.29,57.14,0.0,71.43,0.107,0.07,0.15,42.86,57.15,14.28,0,0.0,得意,C
4579,中嶋健一郎,1,1,9,88.89,0.0,0.0,88.89,0.166,0.04,0.3,44.44,85.37,3.52,0,0.0,得意,C
4618,乃村康友,2,2,11,36.36,18.18,18.18,72.73,0.178,0.05,0.28,9.09,57.15,15.58,0,0.0,得意,B
4703,森永隆,3,3,24,8.33,33.33,16.67,58.33,0.141,0.04,0.31,25.0,55.75,2.58,0,0.0,標準,A
4604,岩瀬裕亮,4,4,8,12.5,50.0,25.0,87.5,0.161,0.09,0.25,12.5,47.51,39.99,0,0.0,得意,C
4574,東潤樹,5,5,9,0.0,0.0,33.33,33.33,0.204,0.12,0.28,0.0,35.28,-1.95,0,0.0,標準,C
4578,藤山雅弘,6,6,6,0.0,0.0,16.67,16.67,0.178,0.08,0.28,16.67,22.5,-5.83,0,0.0,標準,C
4559,西川昌希,1,1,3,100.0,0.0,0.0,100.0,0.063,0.03,0.1,100.0,85.37,14.63,0,0.0,少数参考,参考
4598,加藤政彦,2,2,7,14.29,14.29,14.29,42.86,0.147,0.09,0.23,0.0,57.15,-14.29,0,0.0,苦手,C
4583,古田祐貴,4,4,8,0.0,0.0,25.0,25.0,0.118,0.05,0.24,12.5,47.51,-22.51,0,0.0,苦手,C
4708,半田尚也,6,6,7,0.0,14.29,14.29,28.57,0.223,0.06,0.28,0.0,22.5,6.07,0,0.0,やや得意,C
4757,山田祐也,2,2,4,0.0,25.0,0.0,25.0,0.152,0.09,0.22,25.0,57.15,-32.15,0,0.0,少数参考,参考
4777,五十嵐一聡,5,5,10,10.0,10.0,10.0,30.0,0.209,0.0,0.32,20.0,35.28,-5.28,0,0.0,標準,B
4618,乃村康友,6,6,3,0.0,33.33,33.33,66.67,0.2,0.13,0.32,33.33,22.5,44.17,0,0.0,少数参考,参考
4711,前出達吉,2,2,4,0.0,50.0,50.0,100.0,0.118,0.08,0.17,25.0,57.15,42.85,0,0.0,少数参考,参考
4802,中田達也,4,4,3,33.33,0.0,0.0,33.33,0.203,0.06,0.4,0.0,47.51,-14.18,0,0.0,少数参考,参考
4789,古賀智之,6,5,4,0.0,25.0,25.0,50.0,0.148,0.06,0.28,0.0,35.28,14.72,4,100.0,少数参考,参考
4592,小林孝弘,2,2,25,0.0,44.0,20.0,64.0,0.148,0.0,0.29,28.0,57.15,6.85,0,0.0,やや得意,A
4567,上村慎太郎,3,3,18,0.0,16.67,11.11,27.78,0.198,0.08,0.34,5.56,55.75,-27.97,0,0.0,苦手,B
4564,山本景士郎,4,4,9,0.0,33.33,11.11,44.44,0.174,0.09,0.24,11.11,47.51,-3.07,0,0.0,標準,C
4702,三浦敬太,5,5,6,16.67,16.67,16.67,50.0,0.128,0.06,0.2,66.67,35.28,14.72,0,0.0,得意,C
4625,渡邊裕貴,2,2,6,16.67,0.0,33.33,50.0,0.167,0.09,0.27,0.0,57.15,-7.15,0,0.0,標準,C
4600,井内将太郎,3,3,8,25.0,25.0,12.5,62.5,0.102,0.06,0.22,62.5,55.75,6.75,0,0.0,得意,C
4731,間野兼礼,4,4,8,12.5,12.5,12.5,37.5,0.134,0.01,0.42,50.0,47.51,-10.01,0,0.0,苦手,C
4601,森野正弘,5,5,15,6.67,26.67,6.67,40.0,0.149,0.02,0.27,26.67,35.28,4.72,0,0.0,やや得意,B
4703,森永隆,6,6,11,0.0,9.09,45.45,54.55,0.162,0.05,0.28,9.09,22.5,32.05,0,0.0,得意,B
4754,松尾充,1,1,9,66.67,11.11,0.0,77.78,0.124,0.02,0.18,33.33,85.37,-7.59,0,0.0,得意,C
4586,磯部誠,2,2,9,22.22,55.56,22.22,100.0,0.139,0.06,0.24,44.44,57.15,42.85,0,0.0,得意,C
4708,半田尚也,3,3,10,0.0,40.0,0.0,40.0,0.195,0.05,0.34,10.0,55.75,-15.75,0,0.0,苦手,B
4598,加藤政彦,5,5,5,0.0,40.0,0.0,40.0,0.186,0.14,0.25,20.0,35.28,4.72,0,0.0,やや得意,C
4802,中田達也,6,6,3,0.0,33.33,0.0,33.33,0.21,0.19,0.24,0.0,22.5,10.83,0,0.0,少数参考,参考
4544,松田大志郎,2,2,9,11.11,22.22,55.56,88.89,0.147,0.09,0.27,11.11,57.15,31.74,0,0.0,得意,C
4772,石丸海渡,3,3,4,0.0,25.0,0.0,25.0,0.155,0.12,0.22,25.0,55.75,-30.75,0,0.0,少数参考,参考
4656,大崎翔,6,6,4,0.0,25.0,25.0,50.0,0.135,0.04,0.27,25.0,22.5,27.5,0,0.0,少数参考,参考
4711,前出達吉,1,1,6,16.67,33.33,33.33,83.33,0.117,0.06,0.19,33.33,85.37,-2.04,0,0.0,標準,C
4564,山本景士郎,5,5,7,0.0,0.0,28.57,28.57,0.203,0.11,0.29,0.0,35.28,-6.71,0,0.0,標準,C
4681,太田潮,3,3,3,33.33,0.0,0.0,33.33,0.2,0.15,0.25,0.0,55.75,-22.42,0,0.0,少数参考,参考
4592,小林孝弘,4,4,21,0.0,14.29,19.05,33.33,0.162,0.04,0.35,14.29,47.51,-14.18,0,0.0,苦手,A
4600,井内将太郎,6,6,10,10.0,20.0,30.0,60.0,0.137,0.04,0.31,50.0,22.5,37.5,0,0.0,得意,B
4578,藤山雅弘,2,2,3,33.33,0.0,33.33,66.67,0.167,0.15,0.19,0.0,57.15,9.52,0,0.0,少数参考,参考
4583,古田祐貴,3,3,15,6.67,20.0,13.33,40.0,0.131,0.03,0.26,26.67,55.75,-15.75,0,0.0,苦手,B
4731,間野兼礼,6,6,7,0.0,0.0,14.29,14.29,0.129,0.06,0.22,28.57,22.5,-8.21,0,0.0,標準,C
4574,東潤樹,2,2,11,9.09,45.45,9.09,63.64,0.171,0.13,0.29,9.09,57.15,6.49,0,0.0,やや得意,B
4754,松尾充,3,3,11,9.09,27.27,18.18,54.55,0.146,0.08,0.2,27.27,55.75,-1.2,0,0.0,標準,B
4633,森智也,4,4,5,20.0,0.0,20.0,40.0,0.182,0.11,0.25,20.0,47.51,-7.51,0,0.0,標準,C
4540,相原利章,5,5,6,33.33,33.33,16.67,83.33,0.097,0.03,0.16,50.0,35.28,48.05,0,0.0,得意,C
4831,羽野直也,5,5,4,0.0,75.0,25.0,100.0,0.177,0.13,0.22,50.0,35.28,64.72,0,0.0,少数参考,参考
4564,山本景士郎,1,1,5,20.0,20.0,20.0,60.0,0.192,0.13,0.28,20.0,85.37,-25.37,0,0.0,苦手,C
4638,小林遼太,2,2,6,0.0,16.67,33.33,50.0,0.193,0.15,0.26,0.0,57.15,-7.15,0,0.0,標準,C
4669,井上茂,3,3,5,0.0,20.0,0.0,20.0,0.212,0.13,0.29,0.0,55.75,-35.75,0,0.0,苦手,C
4703,森永隆,1,1,25,64.0,16.0,4.0,84.0,0.144,0.01,0.29,44.0,85.37,-1.37,0,0.0,得意,A
4633,森智也,6,6,8,0.0,0.0,37.5,37.5,0.209,0.09,0.33,0.0,22.5,15.0,0,0.0,得意,C
4708,半田尚也,1,1,5,0.0,20.0,40.0,60.0,0.232,0.13,0.4,20.0,85.37,-25.37,0,0.0,苦手,C
4567,上村慎太郎,5,5,21,4.76,9.52,14.29,28.57,0.22,0.13,0.31,0.0,35.28,-6.71,0,0.0,標準,A
4831,羽野直也,6,6,12,0.0,8.33,16.67,25.0,0.137,0.04,0.22,41.67,22.5,2.5,0,0.0,標準,B
4625,渡邊裕貴,1,1,3,100.0,0.0,0.0,100.0,0.137,0.11,0.18,100.0,85.37,14.63,0,0.0,少数参考,参考
4638,小林遼太,3,3,7,14.29,42.86,14.29,71.43,0.164,0.1,0.24,0.0,55.75,15.68,0,0.0,得意,C
4754,松尾充,4,4,10,10.0,20.0,30.0,60.0,0.154,0.08,0.26,40.0,47.51,12.49,0,0.0,得意,B
4681,太田潮,6,6,3,0.0,0.0,0.0,0.0,0.163,0.09,0.27,0.0,22.5,-22.5,0,0.0,少数参考,参考
4578,藤山雅弘,1,1,3,33.33,33.33,0.0,66.67,0.157,0.1,0.23,0.0,85.37,-18.7,0,0.0,少数参考,参考
4586,磯部誠,3,3,7,14.29,0.0,57.14,71.43,0.151,0.03,0.25,14.29,55.75,15.68,0,0.0,得意,C
4757,山田祐也,4,4,6,33.33,16.67,0.0,50.0,0.155,0.08,0.25,33.33,47.51,2.49,0,0.0,標準,C
4618,乃村康友,3,4,3,0.0,33.33,33.33,66.67,0.17,0.15,0.2,0.0,47.51,19.16,3,100.0,少数参考,参考
4731,間野兼礼,2,2,8,12.5,25.0,12.5,50.0,0.124,0.05,0.2,37.5,57.15,-7.15,0,0.0,標準,C
4702,三浦敬太,3,3,5,0.0,80.0,20.0,100.0,0.146,0.04,0.24,80.0,55.75,44.25,0,0.0,得意,C
4586,磯部誠,5,5,5,0.0,20.0,0.0,20.0,0.19,0.09,0.32,20.0,35.28,-15.28,0,0.0,苦手,C
4711,前出達吉,6,6,5,0.0,0.0,20.0,20.0,0.17,0.11,0.27,0.0,22.5,-2.5,0,0.0,標準,C
4669,井上茂,2,2,9,0.0,0.0,22.22,22.22,0.188,0.12,0.33,0.0,57.15,-34.93,0,0.0,苦手,C
4567,上村慎太郎,4,4,21,0.0,9.52,28.57,38.1,0.225,0.1,0.36,0.0,47.51,-9.41,0,0.0,標準,A
4681,太田潮,5,5,3,0.0,0.0,66.67,66.67,0.123,0.06,0.2,33.33,35.28,31.39,0,0.0,少数参考,参考
4703,森永隆,4,4,19,0.0,21.05,31.58,52.63,0.168,0.07,0.31,0.0,47.51,5.12,0,0.0,やや得意,B
4638,小林遼太,6,6,4,0.0,0.0,25.0,25.0,0.18,0.13,0.24,0.0,22.5,2.5,0,0.0,少数参考,参考
4749,山口貢輝,6,6,6,0.0,0.0,0.0,0.0,0.187,0.11,0.28,0.0,22.5,-22.5,0,0.0,苦手,C
4656,大崎翔,5,5,4,0.0,0.0,0.0,0.0,0.147,0.08,0.24,25.0,35.28,-35.28,0,0.0,少数参考,参考
4625,渡邊裕貴,3,3,5,0.0,40.0,0.0,40.0,0.17,0.14,0.19,20.0,55.75,-15.75,0,0.0,苦手,C
4789,古賀智之,6,6,5,0.0,20.0,20.0,40.0,0.234,0.19,0.28,0.0,22.5,17.5,0,0.0,得意,C
4757,山田祐也,1,1,7,71.43,0.0,28.57,100.0,0.173,0.01,0.28,14.29,85.37,14.63,0,0.0,得意,C
4669,井上茂,4,4,5,0.0,20.0,40.0,60.0,0.188,0.14,0.27,0.0,47.51,12.49,0,0.0,得意,C
4633,森智也,5,5,4,0.0,0.0,0.0,0.0,0.138,0.06,0.24,0.0,35.28,-35.28,0,0.0,少数参考,参考
4817,渡邉翼,6,6,24,0.0,8.33,12.5,20.83,0.148,0.05,0.28,41.67,22.5,-1.67,0,0.0,標準,A
4600,井内将太郎,1,1,13,69.23,15.38,0.0,84.62,0.114,0.01,0.21,69.23,85.37,-0.75,0,0.0,得意,B
4579,中嶋健一郎,4,4,5,0.0,60.0,0.0,60.0,0.116,0.06,0.15,40.0,47.51,12.49,0,0.0,得意,C
4749,山口貢輝,5,5,5,0.0,0.0,20.0,20.0,0.194,0.12,0.35,20.0,35.28,-15.28,0,0.0,苦手,C
4772,石丸海渡,1,1,3,66.67,33.33,0.0,100.0,0.117,0.08,0.18,66.67,85.37,14.63,0,0.0,少数参考,参考
4638,小林遼太,5,5,6,0.0,16.67,33.33,50.0,0.173,0.11,0.28,0.0,35.28,14.72,0,0.0,得意,C
4625,渡邊裕貴,4,5,3,0.0,33.33,66.67,100.0,0.1,0.05,0.17,33.33,35.28,64.72,3,100.0,少数参考,参考
4708,半田尚也,5,6,5,0.0,0.0,0.0,0.0,0.152,0.03,0.24,20.0,22.5,-22.5,5,100.0,苦手,C
4583,古田祐貴,2,2,5,40.0,20.0,20.0,80.0,0.112,0.04,0.16,40.0,57.15,22.85,0,0.0,得意,C
4545,岡村慶太,4,4,4,0.0,25.0,0.0,25.0,0.147,0.08,0.31,50.0,47.51,-22.51,0,0.0,少数参考,参考
4574,東潤樹,6,6,7,0.0,0.0,28.57,28.57,0.181,0.07,0.26,14.29,22.5,6.07,0,0.0,やや得意,C
4817,渡邉翼,4,4,21,0.0,38.1,19.05,57.14,0.132,0.02,0.35,47.62,47.51,9.63,0,0.0,得意,A
4772,石丸海渡,6,6,3,0.0,33.33,33.33,66.67,0.097,0.03,0.15,66.67,22.5,44.17,0,0.0,少数参考,参考
4727,安部慎一,5,6,4,0.0,0.0,25.0,25.0,0.1,0.05,0.18,75.0,22.5,2.5,4,100.0,少数参考,参考
4669,井上茂,5,5,6,0.0,0.0,16.67,16.67,0.185,0.1,0.21,0.0,35.28,-18.61,0,0.0,苦手,C
4731,間野兼礼,5,5,7,0.0,14.29,57.14,71.43,0.127,0.08,0.21,42.86,35.28,36.15,0,0.0,得意,C
4803,飯田庄吾,5,5,3,0.0,0.0,0.0,0.0,0.177,0.07,0.32,33.33,35.28,-35.28,0,0.0,少数参考,参考
4749,山口貢輝,4,4,3,0.0,0.0,0.0,0.0,0.207,0.08,0.33,0.0,47.51,-47.51,0,0.0,少数参考,参考
4802,中田達也,5,5,3,0.0,0.0,0.0,0.0,0.197,0.17,0.23,0.0,35.28,-35.28,0,0.0,少数参考,参考
4604,岩瀬裕亮,6,6,8,0.0,0.0,37.5,37.5,0.159,0.06,0.22,25.0,22.5,15.0,0,0.0,得意,C
4540,相原利章,6,6,4,0.0,50.0,0.0,50.0,0.107,0.05,0.24,50.0,22.5,27.5,0,0.0,少数参考,参考
4757,山田祐也,6,6,5,20.0,0.0,0.0,20.0,0.228,0.12,0.31,20.0,22.5,-2.5,0,0.0,標準,C
2878,富山弘幸,1,1,14,35.71,28.57,21.43,85.71,0.204,0.09,0.31,21.43,85.37,0.34,0,0.0,標準,B
4441,末永由楽,4,4,9,33.33,22.22,22.22,77.78,0.162,0.04,0.24,44.44,47.51,30.27,0,0.0,得意,C
4005,瀬川公則,5,5,17,5.88,0.0,35.29,41.18,0.171,0.06,0.29,5.88,35.28,5.9,0,0.0,やや得意,B
4031,飯島誠,1,1,6,50.0,16.67,16.67,83.33,0.172,0.1,0.26,33.33,85.37,-2.04,0,0.0,得意,C
4710,福田宗平,2,2,4,25.0,25.0,25.0,75.0,0.113,0.08,0.15,50.0,57.15,17.85,0,0.0,少数参考,参考
3643,米田隆弘,3,3,10,0.0,20.0,20.0,40.0,0.182,0.06,0.31,10.0,55.75,-15.75,0,0.0,苦手,B
3349,吉田一郎,4,4,7,42.86,28.57,0.0,71.43,0.159,0.11,0.22,28.57,47.51,23.92,0,0.0,得意,C
4531,武富智亮,5,5,9,0.0,22.22,22.22,44.44,0.184,0.06,0.33,11.11,35.28,9.16,0,0.0,得意,C
3979,杉本洋一,6,6,3,0.0,0.0,0.0,0.0,0.207,0.13,0.33,0.0,22.5,-22.5,0,0.0,少数参考,参考
3164,森脇徹,2,2,7,14.29,42.86,14.29,71.43,0.214,0.17,0.31,0.0,57.15,14.28,0,0.0,得意,C
3355,橋谷田佳織,3,3,3,0.0,0.0,0.0,0.0,0.223,0.14,0.27,0.0,55.75,-55.75,0,0.0,少数参考,参考
4041,小林基樹,5,5,20,0.0,20.0,15.0,35.0,0.209,0.05,0.38,0.0,35.28,-0.28,0,0.0,標準,A
4469,土山卓也,6,6,5,0.0,20.0,80.0,100.0,0.222,0.14,0.36,0.0,22.5,77.5,0,0.0,得意,C
3409,三好一,1,1,3,100.0,0.0,0.0,100.0,0.17,0.11,0.29,100.0,85.37,14.63,0,0.0,少数参考,参考
4495,森晋太郎,2,2,5,0.0,60.0,40.0,100.0,0.182,0.09,0.34,40.0,57.15,42.85,0,0.0,得意,C
4404,岸蔭亮,3,3,5,0.0,40.0,0.0,40.0,0.218,0.12,0.32,0.0,55.75,-15.75,0,0.0,苦手,C
4670,芦村幸香,4,4,4,0.0,25.0,0.0,25.0,0.242,0.17,0.42,0.0,47.51,-22.51,0,0.0,少数参考,参考
4420,津久井拓也,6,6,4,0.0,25.0,25.0,50.0,0.2,0.14,0.29,25.0,22.5,27.5,0,0.0,少数参考,参考
4441,末永由楽,2,2,10,20.0,40.0,30.0,90.0,0.12,0.03,0.31,60.0,57.15,32.85,0,0.0,得意,B
4783,津田詳子,5,6,4,0.0,0.0,0.0,0.0,0.195,0.1,0.33,0.0,22.5,-22.5,4,100.0,少数参考,参考
3868,尾形栄治,2,2,8,0.0,12.5,0.0,12.5,0.221,0.15,0.27,12.5,57.15,-44.65,0,0.0,苦手,C
4425,大井清貴,5,6,4,0.0,0.0,25.0,25.0,0.253,0.2,0.32,0.0,22.5,2.5,4,100.0,少数参考,参考
2850,小松昇司,3,3,4,0.0,25.0,0.0,25.0,0.225,0.12,0.37,0.0,55.75,-30.75,0,0.0,少数参考,参考
3681,山谷央,2,2,3,33.33,33.33,33.33,100.0,0.233,0.17,0.28,33.33,57.15,42.85,0,0.0,少数参考,参考
4670,芦村幸香,3,3,4,0.0,25.0,25.0,50.0,0.205,0.07,0.36,0.0,55.75,-5.75,0,0.0,少数参考,参考
3355,橋谷田佳織,5,5,4,0.0,0.0,25.0,25.0,0.323,0.26,0.39,0.0,35.28,-10.28,0,0.0,少数参考,参考
4233,亀山雅幸,6,6,7,0.0,14.29,0.0,14.29,0.21,0.12,0.32,14.29,22.5,-8.21,0,0.0,標準,C
4456,鎌倉涼,1,1,6,100.0,0.0,0.0,100.0,0.113,0.05,0.17,50.0,85.37,14.63,0,0.0,得意,C
3643,米田隆弘,2,2,8,0.0,25.0,37.5,62.5,0.171,0.11,0.25,0.0,57.15,5.35,0,0.0,やや得意,C
4495,森晋太郎,4,4,5,0.0,0.0,20.0,20.0,0.19,0.15,0.22,0.0,47.51,-27.51,0,0.0,苦手,C
4518,大須賀友,5,5,3,0.0,66.67,0.0,66.67,0.123,0.05,0.18,0.0,35.28,31.39,0,0.0,少数参考,参考
4783,津田詳子,6,6,4,0.0,0.0,0.0,0.0,0.255,0.16,0.39,25.0,22.5,-22.5,0,0.0,少数参考,参考
3164,森脇徹,1,1,10,50.0,20.0,20.0,90.0,0.223,0.13,0.38,10.0,85.37,4.63,0,0.0,やや得意,B
2878,富山弘幸,2,2,10,10.0,10.0,30.0,50.0,0.185,0.08,0.33,0.0,57.15,-7.15,0,0.0,標準,B
4531,武富智亮,4,4,8,0.0,37.5,12.5,50.0,0.185,0.13,0.25,0.0,47.51,2.49,0,0.0,標準,C
4016,西川新太郎,5,5,3,0.0,0.0,0.0,0.0,0.193,0.13,0.23,0.0,35.28,-35.28,0,0.0,少数参考,参考
4121,富永修一,6,6,6,0.0,0.0,33.33,33.33,0.153,0.11,0.22,50.0,22.5,10.83,0,0.0,得意,C
3784,中島友和,1,1,7,71.43,0.0,0.0,71.43,0.153,0.08,0.21,42.86,85.37,-13.94,0,0.0,得意,C
4031,飯島誠,2,2,7,14.29,28.57,14.29,57.14,0.209,0.12,0.27,14.29,57.15,-0.01,0,0.0,標準,C
4041,小林基樹,3,3,24,0.0,37.5,8.33,45.83,0.198,0.07,0.35,12.5,55.75,-9.92,0,0.0,標準,A
4233,亀山雅幸,4,4,5,0.0,0.0,60.0,60.0,0.16,0.14,0.17,0.0,47.51,12.49,0,0.0,得意,C
4404,岸蔭亮,5,5,5,0.0,0.0,20.0,20.0,0.202,0.14,0.34,0.0,35.28,-15.28,0,0.0,苦手,C
4496,内堀学,6,6,4,0.0,25.0,25.0,50.0,0.143,0.11,0.19,50.0,22.5,27.5,0,0.0,少数参考,参考
3681,山谷央,1,1,3,100.0,0.0,0.0,100.0,0.19,0.11,0.26,33.33,85.37,14.63,0,0.0,少数参考,参考
3349,吉田一郎,2,2,7,28.57,42.86,0.0,71.43,0.167,0.12,0.22,28.57,57.15,14.28,0,0.0,得意,C
4456,鎌倉涼,3,3,4,0.0,50.0,25.0,75.0,0.185,0.13,0.29,0.0,55.75,19.25,0,0.0,少数参考,参考
2930,新良一規,4,4,10,20.0,0.0,10.0,30.0,0.227,0.12,0.37,0.0,47.51,-17.51,0,0.0,苦手,B
3075,中村裕将,5,5,3,0.0,0.0,33.33,33.33,0.257,0.17,0.39,0.0,35.28,-1.95,0,0.0,少数参考,参考
4233,亀山雅幸,1,1,6,50.0,50.0,0.0,100.0,0.125,0.04,0.19,33.33,85.37,14.63,0,0.0,得意,C
4005,瀬川公則,2,2,20,5.0,25.0,25.0,55.0,0.125,0.05,0.21,20.0,57.15,-2.15,0,0.0,標準,A
4495,森晋太郎,5,5,5,20.0,0.0,40.0,60.0,0.156,0.1,0.21,40.0,35.28,24.72,0,0.0,得意,C
3643,米田隆弘,6,6,8,0.0,12.5,12.5,25.0,0.204,0.12,0.27,12.5,22.5,2.5,0,0.0,標準,C
4496,内堀学,1,1,8,62.5,0.0,12.5,75.0,0.232,0.09,0.35,12.5,85.37,-10.37,0,0.0,苦手,C
4041,小林基樹,1,1,22,59.09,4.55,13.64,77.27,0.176,0.02,0.39,13.64,85.37,-8.1,0,0.0,得意,A
4420,津久井拓也,2,2,10,20.0,20.0,40.0,80.0,0.174,0.07,0.38,10.0,57.15,22.85,0,0.0,得意,B
3571,寺本武司,1,1,7,42.86,42.86,0.0,85.71,0.154,0.0,0.44,57.14,85.37,0.34,0,0.0,得意,C
3289,高橋淳美,1,1,3,66.67,33.33,0.0,100.0,0.133,0.09,0.17,100.0,85.37,14.63,0,0.0,少数参考,参考
4670,芦村幸香,2,2,5,0.0,40.0,40.0,80.0,0.156,0.1,0.21,0.0,57.15,22.85,0,0.0,得意,C
3349,吉田一郎,3,3,7,0.0,42.86,28.57,71.43,0.139,0.04,0.28,28.57,55.75,15.68,0,0.0,得意,C
2878,富山弘幸,4,4,10,0.0,20.0,40.0,60.0,0.171,0.11,0.22,20.0,47.51,12.49,0,0.0,得意,B
2850,小松昇司,5,5,3,0.0,0.0,33.33,33.33,0.267,0.18,0.39,0.0,35.28,-1.95,0,0.0,少数参考,参考
3164,森脇徹,6,6,3,0.0,33.33,33.33,66.67,0.223,0.12,0.29,66.67,22.5,44.17,0,0.0,少数参考,参考
4005,瀬川公則,1,1,19,47.37,15.79,5.26,68.42,0.131,0.0,0.23,47.37,85.37,-16.95,0,0.0,得意,B
4531,武富智亮,2,2,9,11.11,33.33,11.11,55.56,0.177,0.07,0.25,0.0,57.15,-1.59,0,0.0,標準,C
4425,大井清貴,3,3,24,4.17,29.17,25.0,58.33,0.185,0.09,0.78,20.83,55.75,2.58,0,0.0,標準,A
4674,池田剛規,4,4,6,0.0,16.67,33.33,50.0,0.142,0.04,0.21,16.67,47.51,2.49,0,0.0,標準,C
4121,富永修一,5,5,4,25.0,0.0,0.0,25.0,0.175,0.08,0.25,25.0,35.28,-10.28,0,0.0,少数参考,参考
3868,尾形栄治,1,1,5,0.0,60.0,0.0,60.0,0.166,0.09,0.23,20.0,85.37,-25.37,0,0.0,苦手,C
3643,米田隆弘,5,5,6,0.0,0.0,50.0,50.0,0.14,0.07,0.22,0.0,35.28,14.72,0,0.0,得意,C
3075,中村裕将,1,1,5,60.0,20.0,0.0,80.0,0.214,0.14,0.25,20.0,85.37,-5.37,0,0.0,標準,C
4031,飯島誠,3,3,8,0.0,25.0,12.5,37.5,0.19,0.15,0.23,25.0,55.75,-18.25,0,0.0,苦手,C
4441,末永由楽,5,5,8,0.0,50.0,25.0,75.0,0.129,0.02,0.19,37.5,35.28,39.72,0,0.0,得意,C
4404,岸蔭亮,6,6,5,0.0,0.0,20.0,20.0,0.176,0.14,0.22,40.0,22.5,-2.5,0,0.0,標準,C
3571,寺本武司,2,2,10,10.0,30.0,20.0,60.0,0.145,0.02,0.24,30.0,57.15,2.85,0,0.0,標準,B
4495,森晋太郎,3,3,7,0.0,28.57,28.57,57.14,0.161,0.03,0.32,14.29,55.75,1.39,0,0.0,標準,C
4420,津久井拓也,4,4,9,22.22,11.11,11.11,44.44,0.112,0.07,0.16,22.22,47.51,-3.07,0,0.0,標準,C
2844,田中伸二,5,5,3,0.0,33.33,0.0,33.33,0.233,0.07,0.35,0.0,35.28,-1.95,0,0.0,少数参考,参考
4456,鎌倉涼,6,6,6,0.0,33.33,16.67,50.0,0.16,0.02,0.28,33.33,22.5,27.5,0,0.0,得意,C
4016,西川新太郎,1,1,4,50.0,25.0,0.0,75.0,0.138,0.12,0.16,50.0,85.37,-10.37,0,0.0,少数参考,参考
4518,大須賀友,2,2,3,33.33,0.0,33.33,66.67,0.13,0.09,0.17,0.0,57.15,9.52,0,0.0,少数参考,参考
3868,尾形栄治,4,4,5,0.0,0.0,0.0,0.0,0.224,0.17,0.32,20.0,47.51,-47.51,0,0.0,苦手,C
2878,富山弘幸,6,6,5,0.0,0.0,40.0,40.0,0.25,0.17,0.32,0.0,22.5,17.5,0,0.0,得意,C
3349,吉田一郎,1,1,9,77.78,22.22,0.0,100.0,0.153,0.05,0.25,33.33,85.37,14.63,0,0.0,得意,C
4233,亀山雅幸,2,2,4,0.0,0.0,50.0,50.0,0.182,0.16,0.23,25.0,57.15,-7.15,0,0.0,少数参考,参考
4496,内堀学,3,3,5,20.0,40.0,0.0,60.0,0.194,0.16,0.21,0.0,55.75,4.25,0,0.0,やや得意,C
4425,大井清貴,2,2,20,0.0,15.0,10.0,25.0,0.176,0.07,0.26,10.0,57.15,-32.15,0,0.0,苦手,A
3979,杉本洋一,3,3,4,25.0,0.0,25.0,50.0,0.195,0.14,0.22,25.0,55.75,-5.75,0,0.0,少数参考,参考
3798,稲毛正剛,4,4,3,0.0,0.0,0.0,0.0,0.19,0.16,0.23,0.0,47.51,-47.51,0,0.0,少数参考,参考
4420,津久井拓也,1,1,8,100.0,0.0,0.0,100.0,0.164,0.02,0.28,25.0,85.37,14.63,0,0.0,得意,C
2844,田中伸二,2,2,3,0.0,66.67,33.33,100.0,0.137,0.11,0.16,33.33,57.15,42.85,0,0.0,少数参考,参考
3643,米田隆弘,1,1,11,45.45,45.45,9.09,100.0,0.165,0.04,0.27,18.18,85.37,14.63,0,0.0,得意,B
4496,内堀学,2,2,4,50.0,0.0,25.0,75.0,0.193,0.14,0.24,0.0,57.15,17.85,0,0.0,少数参考,参考
4441,末永由楽,3,3,8,12.5,37.5,25.0,75.0,0.133,0.03,0.19,25.0,55.75,19.25,0,0.0,得意,C
3868,尾形栄治,5,5,5,0.0,20.0,0.0,20.0,0.218,0.13,0.29,0.0,35.28,-15.28,0,0.0,苦手,C
4005,瀬川公則,3,3,22,4.55,9.09,22.73,36.36,0.132,0.04,0.25,31.82,55.75,-19.39,0,0.0,苦手,A
3075,中村裕将,4,4,4,0.0,25.0,50.0,75.0,0.163,0.13,0.21,25.0,47.51,27.49,0,0.0,少数参考,参考
4710,福田宗平,6,6,9,0.0,0.0,33.33,33.33,0.251,0.12,0.46,11.11,22.5,10.83,0,0.0,得意,C
4425,大井清貴,1,1,17,35.29,41.18,11.76,88.24,0.173,0.08,0.25,29.41,85.37,2.87,0,0.0,得意,B
4121,富永修一,4,4,7,0.0,28.57,14.29,42.86,0.166,0.07,0.31,14.29,47.51,-4.65,0,0.0,標準,C
3784,中島友和,5,5,4,25.0,0.0,25.0,50.0,0.122,0.07,0.2,50.0,35.28,14.72,0,0.0,少数参考,参考
3164,森脇徹,3,3,6,0.0,50.0,16.67,66.67,0.248,0.15,0.5,16.67,55.75,10.92,0,0.0,得意,C
4456,鎌倉涼,4,4,4,0.0,25.0,0.0,25.0,0.16,0.1,0.19,25.0,47.51,-22.51,0,0.0,少数参考,参考
4674,池田剛規,6,6,6,0.0,0.0,33.33,33.33,0.108,0.07,0.18,33.33,22.5,10.83,0,0.0,得意,C
4121,富永修一,2,2,6,16.67,33.33,16.67,66.67,0.172,0.07,0.29,16.67,57.15,9.52,0,0.0,得意,C
2844,田中伸二,3,3,5,20.0,20.0,0.0,40.0,0.252,0.19,0.35,0.0,55.75,-15.75,0,0.0,苦手,C
3681,山谷央,4,4,4,25.0,25.0,0.0,50.0,0.217,0.19,0.27,25.0,47.51,2.49,0,0.0,少数参考,参考
4016,西川新太郎,3,3,3,33.33,0.0,0.0,33.33,0.18,0.14,0.24,33.33,55.75,-22.42,0,0.0,少数参考,参考
3349,吉田一郎,5,5,5,20.0,20.0,0.0,40.0,0.158,0.11,0.18,20.0,35.28,4.72,0,0.0,やや得意,C
3868,尾形栄治,6,6,4,0.0,25.0,25.0,50.0,0.212,0.14,0.24,0.0,22.5,27.5,0,0.0,少数参考,参考
3075,中村裕将,2,2,3,0.0,66.67,0.0,66.67,0.217,0.17,0.3,33.33,57.15,9.52,0,0.0,少数参考,参考
4420,津久井拓也,3,3,5,20.0,20.0,20.0,60.0,0.174,0.1,0.42,20.0,55.75,4.25,0,0.0,やや得意,C
4496,内堀学,4,4,5,20.0,20.0,0.0,40.0,0.15,0.09,0.21,20.0,47.51,-7.51,0,0.0,標準,C
3571,寺本武司,5,5,8,0.0,12.5,25.0,37.5,0.194,0.15,0.27,12.5,35.28,2.22,0,0.0,標準,C
4041,小林基樹,6,6,16,0.0,18.75,12.5,31.25,0.222,0.06,0.44,12.5,22.5,8.75,0,0.0,得意,B
4233,亀山雅幸,3,3,5,20.0,40.0,20.0,80.0,0.152,0.1,0.2,20.0,55.75,24.25,0,0.0,得意,C
4031,飯島誠,4,4,4,0.0,0.0,50.0,50.0,0.17,0.09,0.23,25.0,47.51,2.49,0,0.0,少数参考,参考
3784,中島友和,6,6,6,0.0,0.0,0.0,0.0,0.2,0.14,0.26,0.0,22.5,-22.5,0,0.0,苦手,C
3979,杉本洋一,2,2,3,66.67,0.0,33.33,100.0,0.24,0.09,0.32,33.33,57.15,42.85,0,0.0,少数参考,参考
4005,瀬川公則,6,6,14,0.0,0.0,0.0,0.0,0.174,0.07,0.24,7.14,22.5,-22.5,0,0.0,苦手,B
4425,大井清貴,5,5,19,0.0,0.0,36.84,36.84,0.165,0.05,0.29,15.79,35.28,1.56,0,0.0,標準,B
4121,富永修一,1,1,7,85.71,14.29,0.0,100.0,0.089,0.01,0.22,85.71,85.37,14.63,0,0.0,得意,C
4456,鎌倉涼,2,2,4,25.0,75.0,0.0,100.0,0.143,0.11,0.16,0.0,57.15,42.85,0,0.0,少数参考,参考
3164,森脇徹,4,4,4,0.0,25.0,0.0,25.0,0.23,0.17,0.29,0.0,47.51,-22.51,0,0.0,少数参考,参考
4031,飯島誠,5,5,6,0.0,0.0,16.67,16.67,0.2,0.14,0.29,16.67,35.28,-18.61,0,0.0,苦手,C
4670,芦村幸香,1,1,3,0.0,0.0,0.0,0.0,0.307,0.24,0.39,0.0,85.37,-85.37,0,0.0,少数参考,参考
2878,富山弘幸,5,4,3,0.0,33.33,0.0,33.33,0.24,0.19,0.31,0.0,47.51,-14.18,3,100.0,少数参考,参考
4005,瀬川公則,4,4,15,20.0,0.0,0.0,20.0,0.175,0.07,0.29,13.33,47.51,-27.51,0,0.0,苦手,B
4126,吉本玲緒,5,5,4,0.0,0.0,0.0,0.0,0.228,0.1,0.37,0.0,35.28,-35.28,0,0.0,少数参考,参考
3798,稲毛正剛,6,6,3,0.0,0.0,0.0,0.0,0.253,0.19,0.33,0.0,22.5,-22.5,0,0.0,少数参考,参考
3075,中村裕将,3,3,3,0.0,0.0,33.33,33.33,0.24,0.11,0.42,33.33,55.75,-22.42,0,0.0,少数参考,参考
4531,武富智亮,1,1,12,83.33,0.0,8.33,91.67,0.161,0.08,0.24,8.33,85.37,6.3,0,0.0,得意,B
4041,小林基樹,2,2,25,8.0,28.0,40.0,76.0,0.198,0.01,0.38,8.0,57.15,18.85,0,0.0,得意,A
3784,中島友和,2,2,8,12.5,12.5,37.5,62.5,0.189,0.09,0.27,0.0,57.15,5.35,0,0.0,やや得意,C
4518,大須賀友,3,3,4,50.0,25.0,0.0,75.0,0.122,0.09,0.17,50.0,55.75,19.25,0,0.0,少数参考,参考
2878,富山弘幸,3,3,7,0.0,0.0,14.29,14.29,0.207,0.13,0.34,0.0,55.75,-41.46,0,0.0,苦手,C
4126,吉本玲緒,4,4,3,0.0,33.33,0.0,33.33,0.21,0.12,0.31,33.33,47.51,-14.18,0,0.0,少数参考,参考
3164,森脇徹,5,5,6,16.67,33.33,16.67,66.67,0.243,0.12,0.35,0.0,35.28,31.39,0,0.0,得意,C
4031,飯島誠,6,6,5,0.0,0.0,0.0,0.0,0.216,0.14,0.31,20.0,22.5,-22.5,0,0.0,苦手,C
4126,吉本玲緒,2,2,5,0.0,20.0,0.0,20.0,0.218,0.13,0.32,20.0,57.15,-37.15,0,0.0,苦手,C
4404,岸蔭亮,4,4,6,16.67,0.0,0.0,16.67,0.203,0.14,0.26,50.0,47.51,-30.84,0,0.0,苦手,C
4495,森晋太郎,1,1,4,50.0,0.0,0.0,50.0,0.13,0.01,0.2,50.0,85.37,-35.37,0,0.0,少数参考,参考
3798,稲毛正剛,5,5,3,0.0,0.0,33.33,33.33,0.223,0.13,0.33,0.0,35.28,-1.95,0,0.0,少数参考,参考
4441,末永由楽,1,1,13,76.92,7.69,15.38,100.0,0.136,0.08,0.19,69.23,85.37,14.63,0,0.0,得意,B
4531,武富智亮,3,3,7,14.29,28.57,28.57,71.43,0.183,0.11,0.33,14.29,55.75,15.68,0,0.0,得意,C
4518,大須賀友,6,6,3,0.0,33.33,0.0,33.33,0.243,0.21,0.26,0.0,22.5,10.83,0,0.0,少数参考,参考
4404,岸蔭亮,1,1,3,33.33,33.33,0.0,66.67,0.153,0.09,0.19,33.33,85.37,-18.7,0,0.0,少数参考,参考
4674,池田剛規,2,2,5,40.0,20.0,0.0,60.0,0.126,0.08,0.17,0.0,57.15,2.85,0,0.0,標準,C
4469,土山卓也,4,4,3,0.0,0.0,33.33,33.33,0.183,0.13,0.27,0.0,47.51,-14.18,0,0.0,少数参考,参考
3868,尾形栄治,3,3,4,0.0,50.0,0.0,50.0,0.168,0.11,0.22,50.0,55.75,-5.75,0,0.0,少数参考,参考
4531,武富智亮,6,6,10,0.0,20.0,10.0,30.0,0.185,0.09,0.33,0.0,22.5,7.5,0,0.0,やや得意,B
4518,大須賀友,1,1,4,75.0,25.0,0.0,100.0,0.115,0.08,0.17,75.0,85.37,14.63,0,0.0,少数参考,参考
3784,中島友和,3,3,6,16.67,0.0,33.33,50.0,0.14,0.08,0.19,33.33,55.75,-5.75,0,0.0,標準,C
4495,森晋太郎,6,6,5,0.0,0.0,20.0,20.0,0.148,0.12,0.21,20.0,22.5,-2.5,0,0.0,標準,C
4425,大井清貴,4,4,15,6.67,26.67,40.0,73.33,0.161,0.04,0.36,20.0,47.51,25.82,0,0.0,得意,B
4126,吉本玲緒,1,1,3,66.67,0.0,33.33,100.0,0.153,0.13,0.18,66.67,85.37,14.63,0,0.0,少数参考,参考
4469,土山卓也,5,5,3,0.0,0.0,33.33,33.33,0.19,0.11,0.25,33.33,35.28,-1.95,0,0.0,少数参考,参考
4674,池田剛規,1,1,6,33.33,66.67,0.0,100.0,0.175,0.11,0.26,0.0,85.37,14.63,0,0.0,得意,C
2930,新良一規,4,3,3,0.0,66.67,33.33,100.0,0.187,0.16,0.24,0.0,55.75,44.25,3,100.0,少数参考,参考
2844,田中伸二,4,4,3,0.0,0.0,33.33,33.33,0.147,0.09,0.21,33.33,47.51,-14.18,0,0.0,少数参考,参考
4404,岸蔭亮,2,2,7,0.0,14.29,42.86,57.14,0.183,0.07,0.28,14.29,57.15,-0.01,0,0.0,標準,C
4041,小林基樹,4,4,18,0.0,27.78,16.67,44.44,0.178,0.09,0.33,0.0,47.51,-3.07,0,0.0,標準,B
3784,中島友和,4,4,5,0.0,40.0,40.0,80.0,0.128,0.03,0.24,20.0,47.51,32.49,0,0.0,得意,C
3571,寺本武司,6,6,7,0.0,0.0,14.29,14.29,0.231,0.18,0.34,0.0,22.5,-8.21,0,0.0,標準,C
4483,北野輝季,1,1,6,33.33,66.67,0.0,100.0,0.183,0.09,0.28,50.0,85.37,14.63,0,0.0,得意,C
3005,板谷茂樹,2,2,5,0.0,20.0,20.0,40.0,0.222,0.09,0.38,0.0,57.15,-17.15,0,0.0,苦手,C
3964,宮地博士,4,4,9,11.11,11.11,22.22,44.44,0.162,0.09,0.23,0.0,47.51,-3.07,0,0.0,標準,C
4505,島田賢人,1,1,5,80.0,20.0,0.0,100.0,0.15,0.09,0.24,20.0,85.37,14.63,0,0.0,得意,C
4390,松本弓雄,2,2,9,11.11,11.11,11.11,33.33,0.181,0.1,0.33,0.0,57.15,-23.82,0,0.0,苦手,C
3058,原義昭,3,3,3,0.0,0.0,33.33,33.33,0.257,0.23,0.28,0.0,55.75,-22.42,0,0.0,少数参考,参考
3684,清水攻二,4,4,11,9.09,18.18,9.09,36.36,0.176,0.13,0.26,9.09,47.51,-11.15,0,0.0,苦手,B
4367,山口修路,5,5,5,0.0,0.0,20.0,20.0,0.244,0.08,0.43,40.0,35.28,-15.28,0,0.0,苦手,C
3593,横井光弘,6,6,7,0.0,14.29,14.29,28.57,0.214,0.14,0.33,0.0,22.5,6.07,0,0.0,やや得意,C
4263,武重雄介,2,2,25,20.0,32.0,16.0,68.0,0.169,0.09,0.29,28.0,57.15,10.85,0,0.0,得意,A
3841,佐々木和伸,3,4,4,0.0,75.0,0.0,75.0,0.23,0.16,0.31,25.0,47.51,27.49,4,100.0,少数参考,参考
4849,森田太陽,5,6,11,0.0,0.0,0.0,0.0,0.231,0.07,0.36,18.18,22.5,-22.5,11,100.0,苦手,B
3563,堤昇,6,3,3,0.0,0.0,66.67,66.67,0.19,0.18,0.21,0.0,55.75,10.92,3,100.0,少数参考,参考
4515,藤田浩人,1,1,12,50.0,41.67,0.0,91.67,0.163,0.08,0.24,16.67,85.37,6.3,0,0.0,得意,B
3151,落合敬一,2,2,3,33.33,33.33,0.0,66.67,0.07,0.01,0.15,66.67,57.15,9.52,0,0.0,少数参考,参考
4333,村田友也,3,3,3,0.0,0.0,0.0,0.0,0.13,0.07,0.19,33.33,55.75,-55.75,0,0.0,少数参考,参考
4406,幸野史明,4,4,5,0.0,20.0,0.0,20.0,0.178,0.11,0.31,0.0,47.51,-27.51,0,0.0,苦手,C
4021,吉田健太郎,5,5,4,25.0,25.0,0.0,50.0,0.122,0.09,0.15,50.0,35.28,14.72,0,0.0,少数参考,参考
3357,福島陽子,1,1,4,50.0,25.0,0.0,75.0,0.225,0.21,0.25,0.0,85.37,-10.37,0,0.0,少数参考,参考
4045,佐々木裕美,3,3,31,6.45,64.52,12.9,83.87,0.152,0.06,0.29,41.94,55.75,28.12,0,0.0,得意,A
3611,岩崎芳美,4,4,10,20.0,30.0,20.0,70.0,0.127,0.06,0.17,30.0,47.51,22.49,0,0.0,得意,B
4246,喜多那由夏,5,5,9,0.0,0.0,22.22,22.22,0.194,0.05,0.27,11.11,35.28,-13.06,0,0.0,苦手,C
4765,野田部宏子,6,6,8,0.0,0.0,0.0,0.0,0.175,0.08,0.35,0.0,22.5,-22.5,0,0.0,苦手,C
3233,小畑実成,3,3,9,11.11,0.0,22.22,33.33,0.181,0.11,0.23,11.11,55.75,-22.42,0,0.0,苦手,C
3391,鈴木茂正,4,4,3,66.67,33.33,0.0,100.0,0.127,0.09,0.16,66.67,47.51,52.49,0,0.0,少数参考,参考
3927,平賀圭,3,3,3,0.0,0.0,33.33,33.33,0.163,0.15,0.18,66.67,55.75,-22.42,0,0.0,少数参考,参考
4367,山口修路,4,4,5,40.0,0.0,0.0,40.0,0.226,0.15,0.29,0.0,47.51,-7.51,0,0.0,標準,C
4784,向井田真紀,6,6,5,0.0,0.0,0.0,0.0,0.198,0.14,0.26,20.0,22.5,-22.5,0,0.0,苦手,C
3987,後藤正宗,2,2,7,28.57,0.0,0.0,28.57,0.163,0.11,0.23,42.86,57.15,-28.58,0,0.0,苦手,C
3629,浅見昌克,3,3,3,0.0,66.67,33.33,100.0,0.21,0.14,0.27,0.0,55.75,44.25,0,0.0,少数参考,参考
3151,落合敬一,4,4,8,0.0,25.0,25.0,50.0,0.18,0.14,0.26,25.0,47.51,2.49,0,0.0,標準,C
4226,村田浩司,5,5,16,0.0,12.5,0.0,12.5,0.159,0.03,0.29,12.5,35.28,-22.78,0,0.0,苦手,B
4116,川田正人,6,6,8,0.0,12.5,37.5,50.0,0.245,0.04,0.44,0.0,22.5,27.5,0,0.0,得意,C
4263,武重雄介,1,1,29,75.86,10.34,3.45,89.66,0.166,0.01,0.43,31.03,85.37,4.29,0,0.0,得意,A
3058,原義昭,2,2,7,14.29,0.0,28.57,42.86,0.199,0.13,0.33,28.57,57.15,-14.29,0,0.0,苦手,C
3291,河原順一,3,3,3,0.0,0.0,33.33,33.33,0.17,0.13,0.19,0.0,55.75,-22.42,0,0.0,少数参考,参考
3477,近藤稔也,4,4,4,25.0,0.0,0.0,25.0,0.14,0.08,0.2,50.0,47.51,-22.51,0,0.0,少数参考,参考
4406,幸野史明,5,5,6,0.0,0.0,33.33,33.33,0.135,0.01,0.22,50.0,35.28,-1.95,0,0.0,標準,C
3964,宮地博士,6,6,11,0.0,9.09,18.18,27.27,0.195,0.08,0.25,9.09,22.5,4.77,0,0.0,やや得意,B
3841,佐々木和伸,1,1,12,66.67,16.67,16.67,100.0,0.164,0.09,0.24,25.0,85.37,14.63,0,0.0,得意,B
3357,福島陽子,2,2,7,0.0,0.0,28.57,28.57,0.261,0.19,0.36,0.0,57.15,-28.58,0,0.0,苦手,C
3987,後藤正宗,1,1,14,78.57,7.14,14.29,100.0,0.149,0.04,0.27,35.71,85.37,14.63,0,0.0,得意,B
4515,藤田浩人,4,4,13,0.0,23.08,23.08,46.15,0.176,0.02,0.31,23.08,47.51,-1.36,0,0.0,標準,B
4396,大田直弥,6,6,19,0.0,5.26,36.84,42.11,0.186,0.07,0.34,10.53,22.5,19.61,0,0.0,得意,B
3684,清水攻二,1,1,12,41.67,50.0,0.0,91.67,0.158,0.04,0.27,33.33,85.37,6.3,0,0.0,得意,B
3233,小畑実成,2,2,14,14.29,28.57,21.43,64.29,0.144,0.07,0.26,21.43,57.15,7.14,0,0.0,やや得意,B
3532,柴田光,3,3,7,42.86,14.29,28.57,85.71,0.146,0.05,0.23,0.0,55.75,29.96,0,0.0,得意,C
3563,堤昇,4,4,5,0.0,20.0,20.0,40.0,0.206,0.13,0.29,0.0,47.51,-7.51,0,0.0,標準,C
3611,岩崎芳美,5,5,6,0.0,16.67,0.0,16.67,0.172,0.12,0.23,16.67,35.28,-18.61,0,0.0,苦手,C
3629,浅見昌克,6,6,3,0.0,0.0,33.33,33.33,0.203,0.18,0.22,66.67,22.5,10.83,0,0.0,少数参考,参考
3563,堤昇,1,1,11,72.73,18.18,9.09,100.0,0.174,0.05,0.27,18.18,85.37,14.63,0,0.0,得意,B
4333,村田友也,2,2,3,0.0,33.33,33.33,66.67,0.19,0.14,0.24,0.0,57.15,9.52,0,0.0,少数参考,参考
4390,松本弓雄,3,3,5,0.0,20.0,0.0,20.0,0.206,0.05,0.48,0.0,55.75,-35.75,0,0.0,苦手,C
4765,野田部宏子,5,6,3,0.0,0.0,0.0,0.0,0.207,0.18,0.23,33.33,22.5,-22.5,3,100.0,少数参考,参考
3151,落合敬一,1,1,6,83.33,0.0,0.0,83.33,0.162,0.06,0.23,50.0,85.37,-2.04,0,0.0,得意,C
4406,幸野史明,2,2,3,33.33,0.0,33.33,66.67,0.193,0.07,0.26,0.0,57.15,9.52,0,0.0,少数参考,参考
4226,村田浩司,3,3,18,5.56,22.22,33.33,61.11,0.154,0.08,0.25,44.44,55.75,5.36,0,0.0,やや得意,B
3233,小畑実成,4,4,12,16.67,25.0,16.67,58.33,0.156,0.07,0.31,16.67,47.51,10.82,0,0.0,得意,B
3058,原義昭,1,1,4,50.0,25.0,25.0,100.0,0.185,0.17,0.2,25.0,85.37,14.63,0,0.0,少数参考,参考
3927,平賀圭,4,4,4,0.0,0.0,0.0,0.0,0.26,0.21,0.32,0.0,47.51,-47.51,0,0.0,少数参考,参考
4263,武重雄介,6,5,4,0.0,0.0,50.0,50.0,0.297,0.18,0.36,0.0,35.28,14.72,4,100.0,少数参考,参考
3611,岩崎芳美,1,1,13,76.92,0.0,15.38,92.31,0.149,0.04,0.21,30.77,85.37,6.94,0,0.0,得意,B
4367,山口修路,2,2,6,16.67,16.67,33.33,66.67,0.158,0.08,0.22,0.0,57.15,9.52,0,0.0,得意,C
3593,横井光弘,3,3,10,10.0,10.0,30.0,50.0,0.187,0.08,0.33,10.0,55.75,-5.75,0,0.0,標準,B
3357,福島陽子,6,6,5,0.0,0.0,0.0,0.0,0.224,0.08,0.3,0.0,22.5,-22.5,0,0.0,苦手,C
4021,吉田健太郎,1,1,6,33.33,33.33,16.67,83.33,0.158,0.09,0.29,50.0,85.37,-2.04,0,0.0,得意,C
4226,村田浩司,2,2,15,6.67,20.0,13.33,40.0,0.186,0.1,0.33,13.33,57.15,-17.15,0,0.0,苦手,B
4246,喜多那由夏,3,3,8,0.0,0.0,25.0,25.0,0.173,0.06,0.31,12.5,55.75,-30.75,0,0.0,苦手,C
3532,柴田光,4,4,5,40.0,40.0,20.0,100.0,0.13,0.07,0.18,20.0,47.51,52.49,0,0.0,得意,C
3964,宮地博士,1,1,9,11.11,11.11,44.44,66.67,0.19,0.1,0.3,0.0,85.37,-18.7,0,0.0,苦手,C
3699,富永正人,2,2,3,33.33,0.0,66.67,100.0,0.303,0.27,0.37,33.33,57.15,42.85,0,0.0,少数参考,参考
3987,後藤正宗,3,3,8,25.0,0.0,12.5,37.5,0.18,0.13,0.23,0.0,55.75,-18.25,0,0.0,苦手,C
3477,近藤稔也,1,1,3,66.67,0.0,0.0,66.67,0.173,0.13,0.21,0.0,85.37,-18.7,0,0.0,少数参考,参考
4045,佐々木裕美,2,2,30,16.67,26.67,16.67,60.0,0.137,0.03,0.23,30.0,57.15,2.85,0,0.0,標準,A
4849,森田太陽,4,6,3,0.0,0.0,0.0,0.0,0.217,0.16,0.31,33.33,22.5,-22.5,3,100.0,少数参考,参考
3563,堤昇,2,1,3,100.0,0.0,0.0,100.0,0.16,0.14,0.2,33.33,85.37,14.63,3,100.0,少数参考,参考
3233,小畑実成,1,1,13,15.38,30.77,15.38,61.54,0.148,0.02,0.31,30.77,85.37,-23.83,0,0.0,苦手,B
4246,喜多那由夏,2,2,10,10.0,30.0,20.0,60.0,0.211,0.11,0.31,10.0,57.15,2.85,0,0.0,標準,B
4116,川田正人,3,3,8,0.0,37.5,37.5,75.0,0.211,0.08,0.45,0.0,55.75,19.25,0,0.0,得意,C
3629,浅見昌克,1,1,5,80.0,20.0,0.0,100.0,0.188,0.1,0.26,40.0,85.37,14.63,0,0.0,得意,C
3477,近藤稔也,2,2,5,0.0,20.0,0.0,20.0,0.17,0.11,0.21,0.0,57.15,-37.15,0,0.0,苦手,C
4515,藤田浩人,6,6,12,0.0,0.0,25.0,25.0,0.196,0.09,0.34,0.0,22.5,2.5,0,0.0,標準,B
3391,鈴木茂正,1,1,5,60.0,40.0,0.0,100.0,0.156,0.1,0.24,40.0,85.37,14.63,0,0.0,得意,C
4021,吉田健太郎,2,2,3,0.0,66.67,0.0,66.67,0.173,0.11,0.21,33.33,57.15,9.52,0,0.0,少数参考,参考
3151,落合敬一,3,3,4,0.0,50.0,0.0,50.0,0.117,0.08,0.16,25.0,55.75,-5.75,0,0.0,少数参考,参考
3357,福島陽子,4,4,6,0.0,0.0,50.0,50.0,0.188,0.1,0.27,0.0,47.51,2.49,0,0.0,標準,C
3684,清水攻二,5,5,3,0.0,0.0,33.33,33.33,0.19,0.12,0.3,0.0,35.28,-1.95,0,0.0,少数参考,参考
3532,柴田光,1,1,12,75.0,25.0,0.0,100.0,0.135,0.06,0.23,33.33,85.37,14.63,0,0.0,得意,B
4116,川田正人,2,2,8,0.0,12.5,25.0,37.5,0.239,0.13,0.34,0.0,57.15,-19.65,0,0.0,苦手,C
4263,武重雄介,3,3,19,10.53,21.05,31.58,63.16,0.151,0.05,0.24,21.05,55.75,7.41,0,0.0,やや得意,B
3987,後藤正宗,4,4,8,37.5,12.5,12.5,62.5,0.122,0.06,0.17,62.5,47.51,14.99,0,0.0,得意,C
4505,島田賢人,5,5,7,0.0,14.29,0.0,14.29,0.103,0.06,0.14,57.14,35.28,-20.99,0,0.0,苦手,C
4483,北野輝季,6,6,4,0.0,0.0,25.0,25.0,0.138,0.1,0.18,50.0,22.5,2.5,0,0.0,少数参考,参考
4226,村田浩司,4,5,4,0.0,75.0,0.0,75.0,0.107,0.09,0.13,25.0,35.28,39.72,4,100.0,少数参考,参考
4849,森田太陽,6,6,11,0.0,0.0,0.0,0.0,0.215,0.05,0.3,9.09,22.5,-22.5,0,0.0,苦手,B
4116,川田正人,1,1,11,54.55,18.18,9.09,81.82,0.157,0.05,0.27,0.0,85.37,-3.55,0,0.0,得意,B
4515,藤田浩人,2,2,9,11.11,44.44,11.11,66.67,0.128,0.06,0.21,11.11,57.15,9.52,0,0.0,得意,C
3927,平賀圭,2,2,3,0.0,0.0,66.67,66.67,0.21,0.12,0.28,0.0,57.15,9.52,0,0.0,少数参考,参考
4263,武重雄介,4,4,19,0.0,15.79,26.32,42.11,0.157,0.04,0.24,10.53,47.51,-5.4,0,0.0,標準,B
3987,後藤正宗,5,5,7,14.29,0.0,14.29,28.57,0.143,0.02,0.21,14.29,35.28,-6.71,0,0.0,標準,C
4021,吉田健太郎,6,6,6,0.0,0.0,0.0,0.0,0.168,0.1,0.24,33.33,22.5,-22.5,0,0.0,苦手,C
4505,島田賢人,3,3,7,14.29,42.86,14.29,71.43,0.139,0.04,0.24,14.29,55.75,15.68,0,0.0,得意,C
3477,近藤稔也,5,5,5,0.0,20.0,20.0,40.0,0.156,0.1,0.22,0.0,35.28,4.72,0,0.0,やや得意,C
4396,大田直弥,2,2,17,23.53,17.65,23.53,64.71,0.191,0.13,0.27,11.76,57.15,7.56,0,0.0,やや得意,B
3684,清水攻二,3,3,9,0.0,33.33,11.11,44.44,0.189,0.12,0.25,11.11,55.75,-11.31,0,0.0,苦手,C
4483,北野輝季,4,4,4,0.0,50.0,0.0,50.0,0.158,0.09,0.26,50.0,47.51,2.49,0,0.0,少数参考,参考
3357,福島陽子,5,5,5,0.0,0.0,20.0,20.0,0.198,0.15,0.25,0.0,35.28,-15.28,0,0.0,苦手,C
4045,佐々木裕美,1,1,25,52.0,20.0,4.0,76.0,0.183,0.07,0.34,20.0,85.37,-9.37,0,0.0,標準,A
4021,吉田健太郎,3,3,4,0.0,25.0,25.0,50.0,0.13,0.12,0.14,25.0,55.75,-5.75,0,0.0,少数参考,参考
4396,大田直弥,1,1,28,57.14,7.14,14.29,78.57,0.191,0.04,0.45,25.0,85.37,-6.8,0,0.0,標準,A
3964,宮地博士,2,2,16,0.0,43.75,18.75,62.5,0.19,0.1,0.31,0.0,57.15,5.35,0,0.0,やや得意,B
3987,後藤正宗,6,6,7,0.0,14.29,0.0,14.29,0.149,0.02,0.33,42.86,22.5,-8.21,0,0.0,標準,C
3841,佐々木和伸,6,6,9,0.0,0.0,11.11,11.11,0.172,0.12,0.25,0.0,22.5,-11.39,0,0.0,苦手,C
4263,武重雄介,5,5,17,11.76,17.65,17.65,47.06,0.179,0.08,0.33,5.88,35.28,11.78,0,0.0,得意,B
3477,近藤稔也,6,6,3,33.33,0.0,0.0,33.33,0.217,0.15,0.27,0.0,22.5,10.83,0,0.0,少数参考,参考
4390,松本弓雄,6,6,5,0.0,0.0,40.0,40.0,0.18,0.04,0.28,20.0,22.5,17.5,0,0.0,得意,C
4226,村田浩司,1,1,16,56.25,31.25,6.25,93.75,0.149,0.04,0.28,37.5,85.37,8.38,0,0.0,得意,B
3964,宮地博士,3,3,10,0.0,30.0,10.0,40.0,0.155,0.06,0.32,10.0,55.75,-15.75,0,0.0,苦手,B
3611,岩崎芳美,6,6,6,0.0,16.67,16.67,33.33,0.18,0.1,0.27,0.0,22.5,10.83,0,0.0,得意,C
3629,浅見昌克,4,4,4,50.0,0.0,25.0,75.0,0.178,0.11,0.28,0.0,47.51,27.49,0,0.0,少数参考,参考
3684,清水攻二,2,2,7,28.57,28.57,28.57,85.71,0.183,0.12,0.24,0.0,57.15,28.56,0,0.0,得意,C
4390,松本弓雄,5,5,7,0.0,14.29,0.0,14.29,0.17,0.08,0.25,0.0,35.28,-20.99,0,0.0,苦手,C
4367,山口修路,1,1,3,33.33,66.67,0.0,100.0,0.143,0.07,0.19,66.67,85.37,14.63,0,0.0,少数参考,参考
3291,河原順一,2,2,3,0.0,33.33,33.33,66.67,0.213,0.17,0.27,0.0,57.15,9.52,0,0.0,少数参考,参考
4045,佐々木裕美,5,5,28,3.57,14.29,7.14,25.0,0.153,0.04,0.29,32.14,35.28,-10.28,0,0.0,苦手,A
3532,柴田光,2,2,9,11.11,44.44,44.44,100.0,0.136,0.01,0.3,33.33,57.15,42.85,0,0.0,得意,C
4396,大田直弥,4,4,25,12.0,12.0,28.0,52.0,0.169,0.07,0.33,12.0,47.51,4.49,0,0.0,やや得意,A
4406,幸野史明,6,6,5,20.0,0.0,20.0,40.0,0.15,0.11,0.21,20.0,22.5,17.5,0,0.0,得意,C
3357,福島陽子,3,3,8,0.0,50.0,25.0,75.0,0.176,0.11,0.3,0.0,55.75,19.25,0,0.0,得意,C
4021,吉田健太郎,4,4,4,25.0,25.0,0.0,50.0,0.193,0.17,0.25,25.0,47.51,2.49,0,0.0,少数参考,参考
3593,横井光弘,5,5,5,0.0,40.0,20.0,60.0,0.166,0.06,0.23,40.0,35.28,24.72,0,0.0,得意,C
4246,喜多那由夏,6,6,5,0.0,20.0,0.0,20.0,0.182,0.11,0.25,20.0,22.5,-2.5,0,0.0,標準,C
4396,大田直弥,3,3,25,20.0,24.0,20.0,64.0,0.159,0.07,0.24,20.0,55.75,8.25,0,0.0,得意,A
3841,佐々木和伸,4,4,9,11.11,11.11,33.33,55.56,0.158,0.11,0.27,22.22,47.51,8.05,0,0.0,得意,C
4765,野田部宏子,5,5,5,0.0,20.0,0.0,20.0,0.134,0.08,0.21,40.0,35.28,-15.28,0,0.0,苦手,C
3927,平賀圭,6,6,3,0.0,0.0,0.0,0.0,0.25,0.19,0.29,0.0,22.5,-22.5,0,0.0,少数参考,参考
4390,松本弓雄,1,1,5,20.0,20.0,20.0,60.0,0.238,0.12,0.31,20.0,85.37,-25.37,0,0.0,苦手,C
4515,藤田浩人,3,3,12,8.33,16.67,41.67,66.67,0.166,0.07,0.34,8.33,55.75,10.92,0,0.0,得意,B
3593,横井光弘,4,4,8,0.0,12.5,25.0,37.5,0.166,0.08,0.33,12.5,47.51,-10.01,0,0.0,苦手,C
4246,喜多那由夏,1,1,5,0.0,40.0,0.0,40.0,0.17,0.08,0.31,40.0,85.37,-45.37,0,0.0,苦手,C
3593,横井光弘,2,2,8,12.5,12.5,37.5,62.5,0.151,0.03,0.23,25.0,57.15,5.35,0,0.0,やや得意,C
4406,幸野史明,1,1,5,40.0,20.0,0.0,60.0,0.154,0.07,0.24,20.0,85.37,-25.37,0,0.0,苦手,C
3841,佐々木和伸,2,2,6,16.67,50.0,33.33,100.0,0.163,0.11,0.28,16.67,57.15,42.85,0,0.0,得意,C
3151,落合敬一,5,5,3,33.33,0.0,33.33,66.67,0.163,0.11,0.22,33.33,35.28,31.39,0,0.0,少数参考,参考
4367,山口修路,6,6,4,0.0,0.0,25.0,25.0,0.28,0.23,0.35,0.0,22.5,2.5,0,0.0,少数参考,参考
4505,島田賢人,4,4,3,0.0,33.33,0.0,33.33,0.183,0.14,0.21,0.0,47.51,-14.18,0,0.0,少数参考,参考
4515,藤田浩人,5,5,7,0.0,14.29,28.57,42.86,0.174,0.11,0.28,0.0,35.28,7.58,0,0.0,やや得意,C
4263,武重雄介,6,6,26,0.0,7.69,3.85,11.54,0.205,0.11,0.31,3.85,22.5,-10.96,0,0.0,苦手,A
3841,佐々木和伸,3,3,5,20.0,20.0,0.0,40.0,0.192,0.12,0.25,0.0,55.75,-15.75,0,0.0,苦手,C
3233,小畑実成,5,5,12,0.0,16.67,50.0,66.67,0.153,0.03,0.26,33.33,35.28,31.39,0,0.0,得意,B
3563,堤昇,3,2,5,0.0,60.0,20.0,80.0,0.14,0.08,0.28,40.0,57.15,22.85,5,100.0,得意,C
3629,浅見昌克,5,5,3,0.0,33.33,0.0,33.33,0.14,0.09,0.19,66.67,35.28,-1.95,0,0.0,少数参考,参考
4247,齊藤優,2,2,3,0.0,33.33,0.0,33.33,0.183,0.15,0.23,0.0,57.15,-23.82,0,0.0,少数参考,参考
3306,武田正紀,3,3,5,20.0,40.0,0.0,60.0,0.184,0.13,0.27,0.0,55.75,4.25,0,0.0,やや得意,C
4424,松尾昂明,1,1,10,80.0,20.0,0.0,100.0,0.15,0.01,0.26,30.0,85.37,14.63,0,0.0,得意,B
4592,小林孝弘,3,3,15,0.0,6.67,20.0,26.67,0.149,0.06,0.26,40.0,55.75,-29.08,0,0.0,苦手,B
3998,冨成謙児,4,4,6,16.67,16.67,0.0,33.33,0.168,0.12,0.2,0.0,47.51,-14.18,0,0.0,苦手,C
4271,川崎公靖,5,5,8,0.0,12.5,25.0,37.5,0.158,0.01,0.23,25.0,35.28,2.22,0,0.0,標準,C
4848,仲谷颯仁,6,6,10,0.0,0.0,10.0,10.0,0.182,0.09,0.37,30.0,22.5,-12.5,0,0.0,苦手,B
4196,田中太一郎,1,1,4,0.0,25.0,25.0,50.0,0.122,0.09,0.15,0.0,85.37,-35.37,0,0.0,少数参考,参考
4154,森安弘雅,3,3,11,18.18,9.09,27.27,54.55,0.189,0.1,0.33,18.18,55.75,-1.2,0,0.0,標準,B
4811,向井田佑紀,5,6,4,0.0,0.0,50.0,50.0,0.182,0.06,0.23,25.0,22.5,27.5,4,100.0,少数参考,参考
4241,大串重幸,6,5,3,0.0,33.33,0.0,33.33,0.113,0.1,0.12,33.33,35.28,-1.95,3,100.0,少数参考,参考
4506,稗田聖也,1,1,6,50.0,0.0,16.67,66.67,0.112,0.06,0.17,50.0,85.37,-18.7,0,0.0,得意,C
4052,興津藍,2,2,6,33.33,66.67,0.0,100.0,0.122,0.06,0.19,0.0,57.15,42.85,0,0.0,得意,C
4743,木村仁紀,3,3,8,25.0,37.5,12.5,75.0,0.113,0.05,0.17,12.5,55.75,19.25,0,0.0,得意,C
4500,山田康二,4,4,5,40.0,0.0,20.0,60.0,0.134,0.1,0.16,0.0,47.51,12.49,0,0.0,得意,C
4148,枝尾賢,6,5,4,0.0,0.0,25.0,25.0,0.115,0.07,0.17,0.0,35.28,-10.28,4,100.0,少数参考,参考
3546,中里昌志,1,1,3,66.67,0.0,33.33,100.0,0.093,0.02,0.15,66.67,85.37,14.63,0,0.0,少数参考,参考
4416,三宅健太,5,5,4,0.0,0.0,0.0,0.0,0.218,0.16,0.28,0.0,35.28,-35.28,0,0.0,少数参考,参考
4163,山崎裕司,3,3,18,33.33,27.78,27.78,88.89,0.174,0.06,0.28,11.11,55.75,33.14,0,0.0,得意,B
4846,佐藤駿介,4,6,4,25.0,0.0,0.0,25.0,0.228,0.08,0.31,25.0,22.5,2.5,4,100.0,少数参考,参考
4288,永田啓二,6,5,3,0.0,0.0,66.67,66.67,0.123,0.05,0.21,33.33,35.28,31.39,3,100.0,少数参考,参考
4239,竹田辰也,1,1,35,68.57,11.43,8.57,88.57,0.145,0.01,0.3,31.43,85.37,3.2,0,0.0,得意,A
4004,山本浩輔,3,3,5,0.0,60.0,20.0,80.0,0.122,0.07,0.17,40.0,55.75,24.25,0,0.0,得意,C
3303,渡辺豊,2,2,11,0.0,36.36,9.09,45.45,0.185,0.08,0.3,0.0,57.15,-11.7,0,0.0,苦手,B
4251,川崎誠志,3,4,3,0.0,0.0,0.0,0.0,0.227,0.14,0.28,0.0,47.51,-47.51,3,100.0,少数参考,参考
4848,仲谷颯仁,5,6,3,0.0,33.33,0.0,33.33,0.19,0.14,0.22,0.0,22.5,10.83,3,100.0,少数参考,参考
4237,大峯豊,1,1,38,81.58,5.26,10.53,97.37,0.181,0.07,0.29,21.05,85.37,12.0,0,0.0,得意,A
4332,村上彰一,2,2,7,14.29,42.86,28.57,85.71,0.151,0.07,0.19,42.86,57.15,28.56,0,0.0,得意,C
4359,横川聖志,3,3,5,0.0,80.0,0.0,80.0,0.122,0.07,0.17,80.0,55.75,24.25,0,0.0,得意,C
3546,中里昌志,4,4,3,0.0,33.33,33.33,66.67,0.143,0.11,0.18,0.0,47.51,19.16,0,0.0,少数参考,参考
4743,木村仁紀,5,5,8,0.0,25.0,12.5,37.5,0.129,0.03,0.19,0.0,35.28,2.22,0,0.0,標準,C
4271,川崎公靖,6,6,5,0.0,0.0,20.0,20.0,0.158,0.1,0.26,0.0,22.5,-2.5,0,0.0,標準,C
3998,冨成謙児,1,1,11,63.64,27.27,0.0,90.91,0.121,0.08,0.18,36.36,85.37,5.54,0,0.0,得意,B
3965,北中元樹,2,2,6,16.67,50.0,16.67,83.33,0.187,0.14,0.25,0.0,57.15,26.18,0,0.0,得意,C
4239,竹田辰也,3,3,29,13.79,27.59,24.14,65.52,0.16,0.04,0.26,24.14,55.75,9.77,0,0.0,得意,A
4163,山崎裕司,4,4,14,14.29,21.43,28.57,64.29,0.175,0.11,0.27,21.43,47.51,16.78,0,0.0,得意,B
4154,森安弘雅,6,5,4,0.0,0.0,0.0,0.0,0.168,0.09,0.28,0.0,35.28,-35.28,4,100.0,少数参考,参考
4052,興津藍,1,1,7,71.43,14.29,0.0,85.71,0.153,0.03,0.32,71.43,85.37,0.34,0,0.0,得意,C
4424,松尾昂明,2,2,8,25.0,25.0,12.5,62.5,0.172,0.12,0.25,12.5,57.15,5.35,0,0.0,得意,C
4288,永田啓二,3,3,7,0.0,28.57,14.29,42.86,0.154,0.09,0.21,0.0,55.75,-12.89,0,0.0,苦手,C
4004,山本浩輔,5,5,7,0.0,14.29,14.29,28.57,0.166,0.02,0.39,14.29,35.28,-6.71,0,0.0,標準,C
4416,三宅健太,6,6,4,0.0,0.0,0.0,0.0,0.188,0.13,0.34,0.0,22.5,-22.5,0,0.0,少数参考,参考
3744,徳増秀樹,2,2,12,8.33,50.0,8.33,66.67,0.128,0.06,0.19,8.33,57.15,9.52,0,0.0,得意,B
3543,福田雅一,3,3,9,0.0,33.33,0.0,33.33,0.127,0.09,0.21,0.0,55.75,-22.42,0,0.0,苦手,C
4237,大峯豊,4,4,27,22.22,22.22,33.33,77.78,0.165,0.07,0.26,22.22,47.51,30.27,0,0.0,得意,A
4500,山田康二,5,5,4,25.0,0.0,50.0,75.0,0.107,0.07,0.13,25.0,35.28,39.72,0,0.0,少数参考,参考
4544,松田大志郎,6,6,3,33.33,0.0,0.0,33.33,0.18,0.16,0.2,33.33,22.5,10.83,0,0.0,少数参考,参考
4693,松下誉士,4,4,8,0.0,0.0,25.0,25.0,0.199,0.16,0.26,12.5,47.51,-22.51,0,0.0,苦手,C
4241,大串重幸,1,1,8,62.5,25.0,12.5,100.0,0.171,0.1,0.23,12.5,85.37,14.63,0,0.0,得意,C
4004,山本浩輔,2,2,4,0.0,25.0,0.0,25.0,0.195,0.11,0.34,0.0,57.15,-32.15,0,0.0,少数参考,参考
3543,福田雅一,4,4,7,28.57,0.0,28.57,57.14,0.154,0.1,0.23,0.0,47.51,9.63,0,0.0,得意,C
4332,村上彰一,3,3,9,11.11,11.11,33.33,55.56,0.186,0.13,0.28,44.44,55.75,-0.19,0,0.0,標準,C
4416,三宅健太,1,1,3,100.0,0.0,0.0,100.0,0.117,0.07,0.16,33.33,85.37,14.63,0,0.0,少数参考,参考
4163,山崎裕司,2,2,17,11.76,47.06,17.65,76.47,0.162,0.09,0.29,0.0,57.15,19.32,0,0.0,得意,B
3744,徳増秀樹,3,3,11,0.0,9.09,54.55,63.64,0.125,0.09,0.19,36.36,55.75,7.89,0,0.0,やや得意,B
4288,永田啓二,1,1,15,80.0,6.67,6.67,93.33,0.129,0.06,0.23,40.0,85.37,7.96,0,0.0,得意,B
4743,木村仁紀,2,2,8,0.0,12.5,50.0,62.5,0.182,0.07,0.34,0.0,57.15,5.35,0,0.0,やや得意,C
4500,山田康二,3,3,5,0.0,60.0,20.0,80.0,0.132,0.09,0.18,0.0,55.75,24.25,0,0.0,得意,C
4196,田中太一郎,4,4,5,20.0,20.0,20.0,60.0,0.16,0.06,0.23,20.0,47.51,12.49,0,0.0,得意,C
4148,枝尾賢,1,1,11,72.73,0.0,18.18,90.91,0.146,0.05,0.22,36.36,85.37,5.54,0,0.0,得意,B
4718,北川太一,2,2,6,16.67,0.0,16.67,33.33,0.175,0.11,0.28,0.0,57.15,-23.82,0,0.0,苦手,C
4237,大峯豊,3,3,21,19.05,38.1,14.29,71.43,0.171,0.11,0.31,23.81,55.75,15.68,0,0.0,得意,A
4154,森安弘雅,4,4,7,0.0,14.29,28.57,42.86,0.186,0.04,0.27,0.0,47.51,-4.65,0,0.0,標準,C
4251,川崎誠志,1,1,17,47.06,23.53,11.76,82.35,0.19,0.07,0.33,35.29,85.37,-3.02,0,0.0,標準,B
4271,川崎公靖,2,2,11,0.0,18.18,36.36,54.55,0.197,0.12,0.29,18.18,57.15,-2.6,0,0.0,標準,B
3339,泉具巳,3,3,4,0.0,50.0,25.0,75.0,0.17,0.13,0.22,25.0,55.75,19.25,0,0.0,少数参考,参考
3303,渡辺豊,4,4,5,0.0,20.0,40.0,60.0,0.21,0.14,0.31,0.0,47.51,12.49,0,0.0,得意,C
3306,武田正紀,5,5,5,0.0,0.0,20.0,20.0,0.14,0.07,0.23,0.0,35.28,-15.28,0,0.0,苦手,C
4332,村上彰一,1,1,6,16.67,0.0,50.0,66.67,0.118,0.03,0.18,16.67,85.37,-18.7,0,0.0,苦手,C
4239,竹田辰也,2,2,30,26.67,33.33,26.67,86.67,0.132,0.01,0.34,36.67,57.15,29.52,0,0.0,得意,A
4359,横川聖志,4,4,7,14.29,28.57,0.0,42.86,0.107,0.05,0.16,71.43,47.51,-4.65,0,0.0,標準,C
3998,冨成謙児,6,6,7,0.0,0.0,0.0,0.0,0.199,0.13,0.31,0.0,22.5,-22.5,0,0.0,苦手,C
3543,福田雅一,1,1,10,80.0,0.0,20.0,100.0,0.13,0.02,0.21,20.0,85.37,14.63,0,0.0,得意,B
4506,稗田聖也,4,4,5,20.0,20.0,40.0,80.0,0.14,0.09,0.18,20.0,47.51,32.49,0,0.0,得意,C
4693,松下誉士,5,5,11,0.0,36.36,0.0,36.36,0.174,0.11,0.29,9.09,35.28,1.08,0,0.0,標準,B
3965,北中元樹,6,6,5,20.0,20.0,0.0,40.0,0.116,0.03,0.21,60.0,22.5,17.5,0,0.0,得意,C
4163,山崎裕司,1,1,18,88.89,11.11,0.0,100.0,0.179,0.09,0.27,27.78,85.37,14.63,0,0.0,得意,B
4500,山田康二,2,2,4,0.0,50.0,25.0,75.0,0.168,0.12,0.23,0.0,57.15,17.85,0,0.0,少数参考,参考
4237,大峯豊,5,5,14,0.0,28.57,21.43,50.0,0.182,0.11,0.32,14.29,35.28,14.72,0,0.0,得意,B
4154,森安弘雅,1,1,10,30.0,30.0,10.0,70.0,0.154,0.03,0.24,20.0,85.37,-15.37,0,0.0,得意,B
4424,松尾昂明,4,4,8,12.5,37.5,37.5,87.5,0.2,0.09,0.28,12.5,47.51,39.99,0,0.0,得意,C
3303,渡辺豊,5,5,8,0.0,0.0,37.5,37.5,0.172,0.11,0.31,0.0,35.28,2.22,0,0.0,標準,C
4359,横川聖志,6,6,6,0.0,0.0,50.0,50.0,0.11,0.01,0.2,50.0,22.5,27.5,0,0.0,得意,C
3744,徳増秀樹,1,1,14,78.57,14.29,0.0,92.86,0.135,0.08,0.28,21.43,85.37,7.49,0,0.0,得意,B
4241,大串重幸,2,2,8,12.5,25.0,25.0,62.5,0.168,0.11,0.25,12.5,57.15,5.35,0,0.0,やや得意,C
4052,興津藍,4,4,7,0.0,0.0,28.57,28.57,0.223,0.06,0.61,0.0,47.51,-18.94,0,0.0,苦手,C
3998,冨成謙児,5,5,10,0.0,0.0,10.0,10.0,0.178,0.06,0.31,10.0,35.28,-25.28,0,0.0,苦手,B
3546,中里昌志,6,6,3,0.0,33.33,0.0,33.33,0.16,0.12,0.2,33.33,22.5,10.83,0,0.0,少数参考,参考
4271,川崎公靖,3,3,7,14.29,0.0,57.14,71.43,0.123,0.07,0.16,28.57,55.75,15.68,0,0.0,得意,C
4416,三宅健太,2,2,5,0.0,40.0,0.0,40.0,0.126,0.04,0.17,0.0,57.15,-17.15,0,0.0,苦手,C
4148,枝尾賢,4,4,6,16.67,0.0,16.67,33.33,0.128,0.09,0.19,66.67,47.51,-14.18,0,0.0,苦手,C
4251,川崎誠志,6,6,15,0.0,6.67,6.67,13.33,0.225,0.14,0.33,0.0,22.5,-9.17,0,0.0,標準,B
3998,冨成謙児,2,2,10,20.0,30.0,10.0,60.0,0.118,0.04,0.19,40.0,57.15,2.85,0,0.0,標準,B
4506,稗田聖也,3,3,7,14.29,14.29,28.57,57.14,0.124,0.09,0.21,57.14,55.75,1.39,0,0.0,標準,C
4241,大串重幸,3,3,9,11.11,22.22,11.11,44.44,0.119,0.03,0.19,11.11,55.75,-11.31,0,0.0,苦手,C
4179,広次修,5,5,16,31.25,6.25,6.25,43.75,0.157,0.04,0.23,31.25,35.28,8.47,0,0.0,得意,B
4811,向井田佑紀,6,6,6,0.0,33.33,33.33,66.67,0.183,0.08,0.33,0.0,22.5,44.17,0,0.0,得意,C
4359,横川聖志,1,1,7,71.43,14.29,14.29,100.0,0.124,0.03,0.24,57.14,85.37,14.63,0,0.0,得意,C
3859,多羅尾達之,4,4,3,0.0,0.0,33.33,33.33,0.11,0.03,0.19,0.0,47.51,-14.18,0,0.0,少数参考,参考
4239,竹田辰也,5,5,23,8.7,30.43,21.74,60.87,0.126,0.0,0.23,26.09,35.28,25.59,0,0.0,得意,A
4196,田中太一郎,6,6,5,20.0,0.0,20.0,40.0,0.158,0.08,0.21,20.0,22.5,17.5,0,0.0,得意,C
3744,徳増秀樹,4,4,8,0.0,25.0,25.0,50.0,0.129,0.07,0.19,25.0,47.51,2.49,0,0.0,標準,C
3339,泉具巳,5,5,3,0.0,0.0,33.33,33.33,0.147,0.08,0.25,33.33,35.28,-1.95,0,0.0,少数参考,参考
4718,北川太一,3,3,6,16.67,0.0,33.33,50.0,0.173,0.12,0.26,16.67,55.75,-5.75,0,0.0,標準,C
4416,三宅健太,4,4,5,0.0,20.0,20.0,40.0,0.168,0.03,0.27,20.0,47.51,-7.51,0,0.0,標準,C
4332,村上彰一,5,5,6,0.0,0.0,0.0,0.0,0.168,0.03,0.28,16.67,35.28,-35.28,0,0.0,苦手,C
3965,北中元樹,1,1,4,25.0,50.0,0.0,75.0,0.14,0.06,0.24,50.0,85.37,-10.37,0,0.0,少数参考,参考
3543,福田雅一,2,2,11,18.18,18.18,18.18,54.55,0.148,0.08,0.25,9.09,57.15,-2.6,0,0.0,標準,B
3303,渡辺豊,3,3,6,0.0,16.67,50.0,66.67,0.17,0.11,0.21,16.67,55.75,10.92,0,0.0,得意,C
4004,山本浩輔,4,4,5,0.0,0.0,0.0,0.0,0.192,0.14,0.28,0.0,47.51,-47.51,0,0.0,苦手,C
3859,多羅尾達之,2,2,3,0.0,66.67,0.0,66.67,0.137,0.04,0.22,0.0,57.15,9.52,0,0.0,少数参考,参考
4817,渡邉翼,5,5,16,12.5,18.75,31.25,62.5,0.131,0.03,0.24,56.25,35.28,27.22,0,0.0,得意,B
4163,山崎裕司,6,6,6,0.0,0.0,16.67,16.67,0.135,0.1,0.19,16.67,22.5,-5.83,0,0.0,標準,C
4239,竹田辰也,6,6,21,4.76,9.52,28.57,42.86,0.169,0.09,0.31,28.57,22.5,20.36,0,0.0,得意,A
4237,大峯豊,2,2,22,9.09,54.55,13.64,77.27,0.179,0.08,0.3,18.18,57.15,20.12,0,0.0,得意,A
4148,枝尾賢,3,3,10,10.0,40.0,30.0,80.0,0.154,0.08,0.22,20.0,55.75,24.25,0,0.0,得意,B
3744,徳増秀樹,5,5,8,12.5,12.5,25.0,50.0,0.139,0.09,0.21,12.5,35.28,14.72,0,0.0,得意,C
3303,渡辺豊,6,6,7,0.0,0.0,42.86,42.86,0.203,0.04,0.26,0.0,22.5,20.36,0,0.0,得意,C
4500,山田康二,1,1,9,66.67,11.11,0.0,77.78,0.222,0.08,0.48,0.0,85.37,-7.59,0,0.0,標準,C
4359,横川聖志,2,2,4,0.0,25.0,25.0,50.0,0.128,0.06,0.23,75.0,57.15,-7.15,0,0.0,少数参考,参考
4424,松尾昂明,3,3,6,33.33,0.0,16.67,50.0,0.155,0.07,0.27,33.33,55.75,-5.75,0,0.0,標準,C
4288,永田啓二,5,5,5,40.0,0.0,20.0,60.0,0.128,0.1,0.17,20.0,35.28,24.72,0,0.0,得意,C
4251,川崎誠志,2,2,24,12.5,25.0,16.67,54.17,0.215,0.03,0.41,4.17,57.15,-2.98,0,0.0,標準,A
4196,田中太一郎,3,3,7,0.0,28.57,14.29,42.86,0.224,0.17,0.27,0.0,55.75,-12.89,0,0.0,苦手,C
4848,仲谷颯仁,5,5,3,0.0,66.67,0.0,66.67,0.223,0.14,0.35,33.33,35.28,31.39,0,0.0,少数参考,参考
4271,川崎公靖,4,4,10,0.0,10.0,20.0,30.0,0.158,0.04,0.24,20.0,47.51,-17.51,0,0.0,苦手,B
3303,渡辺豊,1,1,11,72.73,9.09,9.09,90.91,0.183,0.12,0.25,0.0,85.37,5.54,0,0.0,やや得意,B
3339,泉具巳,1,1,3,33.33,66.67,0.0,100.0,0.2,0.17,0.24,0.0,85.37,14.63,0,0.0,少数参考,参考
4288,永田啓二,2,2,7,28.57,28.57,14.29,71.43,0.143,0.08,0.2,57.14,57.15,14.28,0,0.0,得意,C
4241,大串重幸,4,4,5,0.0,0.0,0.0,0.0,0.202,0.16,0.24,0.0,47.51,-47.51,0,0.0,苦手,C
3306,武田正紀,1,1,5,20.0,20.0,40.0,80.0,0.164,0.09,0.25,20.0,85.37,-5.37,0,0.0,得意,C
4359,横川聖志,5,5,7,0.0,14.29,28.57,42.86,0.129,0.02,0.18,14.29,35.28,7.58,0,0.0,やや得意,C
4271,川崎公靖,1,1,5,80.0,0.0,0.0,80.0,0.18,0.11,0.29,60.0,85.37,-5.37,0,0.0,得意,C
3859,多羅尾達之,3,3,3,33.33,0.0,0.0,33.33,0.14,0.12,0.15,0.0,55.75,-22.42,0,0.0,少数参考,参考
3965,北中元樹,4,4,4,25.0,50.0,25.0,100.0,0.13,0.06,0.21,25.0,47.51,52.49,0,0.0,少数参考,参考
4196,田中太一郎,5,5,4,0.0,0.0,50.0,50.0,0.118,0.05,0.16,0.0,35.28,14.72,0,0.0,少数参考,参考
4506,稗田聖也,2,2,3,66.67,0.0,0.0,66.67,0.173,0.09,0.25,0.0,57.15,9.52,0,0.0,少数参考,参考
4052,興津藍,3,3,3,33.33,33.33,0.0,66.67,0.217,0.18,0.26,33.33,55.75,10.92,0,0.0,少数参考,参考
4693,松下誉士,6,6,8,0.0,0.0,0.0,0.0,0.196,0.14,0.29,25.0,22.5,-22.5,0,0.0,苦手,C
4718,北川太一,4,4,4,25.0,0.0,0.0,25.0,0.095,0.02,0.13,0.0,47.51,-22.51,0,0.0,少数参考,参考
4424,松尾昂明,6,6,7,14.29,0.0,28.57,42.86,0.113,0.06,0.16,42.86,22.5,20.36,0,0.0,得意,C
4251,川崎誠志,3,3,22,9.09,22.73,18.18,50.0,0.175,0.08,0.29,4.55,55.75,-5.75,0,0.0,標準,A
4332,村上彰一,4,4,5,0.0,0.0,40.0,40.0,0.11,0.03,0.16,20.0,47.51,-7.51,0,0.0,標準,C
3965,北中元樹,5,5,3,0.0,0.0,66.67,66.67,0.097,0.04,0.14,66.67,35.28,31.39,0,0.0,少数参考,参考
4052,興津藍,6,6,5,0.0,0.0,60.0,60.0,0.204,0.13,0.28,20.0,22.5,37.5,0,0.0,得意,C
4163,山崎裕司,5,5,19,0.0,15.79,31.58,47.37,0.144,0.03,0.27,10.53,35.28,12.09,0,0.0,得意,B
4148,枝尾賢,6,6,6,0.0,0.0,16.67,16.67,0.177,0.12,0.29,16.67,22.5,-5.83,0,0.0,標準,C
3306,武田正紀,2,2,5,0.0,0.0,40.0,40.0,0.172,0.06,0.27,0.0,57.15,-17.15,0,0.0,苦手,C
4251,川崎誠志,5,5,19,0.0,5.26,5.26,10.53,0.187,0.09,0.29,0.0,35.28,-24.75,0,0.0,苦手,B
4743,木村仁紀,1,1,5,40.0,20.0,20.0,80.0,0.138,0.09,0.23,60.0,85.37,-5.37,0,0.0,得意,C
4506,稗田聖也,6,6,6,16.67,16.67,16.67,50.0,0.197,0.12,0.29,16.67,22.5,27.5,0,0.0,得意,C
3998,冨成謙児,3,3,5,0.0,60.0,0.0,60.0,0.12,0.07,0.19,0.0,55.75,4.25,0,0.0,やや得意,C
4288,永田啓二,4,4,6,16.67,33.33,16.67,66.67,0.123,0.05,0.19,33.33,47.51,19.16,0,0.0,得意,C
4743,木村仁紀,4,4,5,0.0,20.0,20.0,40.0,0.186,0.11,0.25,40.0,47.51,-7.51,0,0.0,標準,C
4196,田中太一郎,2,2,5,20.0,0.0,20.0,40.0,0.142,0.05,0.19,20.0,57.15,-17.15,0,0.0,苦手,C
4271,川崎公靖,5,4,4,25.0,25.0,0.0,50.0,0.147,0.11,0.23,0.0,47.51,2.49,4,100.0,少数参考,参考
4416,三宅健太,3,3,5,20.0,40.0,20.0,80.0,0.154,0.09,0.2,20.0,55.75,24.25,0,0.0,得意,C
4251,川崎誠志,4,4,15,6.67,0.0,20.0,26.67,0.195,0.06,0.27,6.67,47.51,-20.84,0,0.0,苦手,B
3859,多羅尾達之,5,5,3,0.0,0.0,0.0,0.0,0.233,0.18,0.31,0.0,35.28,-35.28,0,0.0,少数参考,参考
4154,森安弘雅,5,5,9,22.22,11.11,11.11,44.44,0.161,0.08,0.24,33.33,35.28,9.16,0,0.0,得意,C
4718,北川太一,6,6,5,0.0,0.0,0.0,0.0,0.156,0.03,0.27,20.0,22.5,-22.5,0,0.0,苦手,C
4004,山本浩輔,6,6,3,0.0,0.0,0.0,0.0,0.233,0.23,0.24,0.0,22.5,-22.5,0,0.0,少数参考,参考
4148,枝尾賢,2,2,6,16.67,50.0,16.67,83.33,0.168,0.09,0.21,16.67,57.15,26.18,0,0.0,得意,C
4718,北川太一,5,5,6,33.33,0.0,0.0,33.33,0.133,0.06,0.18,33.33,35.28,-1.95,0,0.0,標準,C
4743,木村仁紀,6,6,7,0.0,14.29,14.29,28.57,0.171,0.1,0.25,14.29,22.5,6.07,0,0.0,やや得意,C
4424,松尾昂明,5,5,7,14.29,14.29,28.57,57.14,0.154,0.05,0.29,57.14,35.28,21.86,0,0.0,得意,C
4171,榎幸司,1,1,22,77.27,0.0,9.09,86.36,0.156,0.07,0.27,36.36,85.37,0.99,0,0.0,得意,A
3878,胡本悟志,3,3,19,0.0,15.79,15.79,31.58,0.211,0.02,0.44,5.26,55.75,-24.17,0,0.0,苦手,B
4788,小池哲也,5,5,5,20.0,40.0,20.0,80.0,0.106,0.06,0.19,40.0,35.28,44.72,0,0.0,得意,C
3811,石田章央,1,1,12,50.0,41.67,0.0,91.67,0.176,0.1,0.23,25.0,85.37,6.3,0,0.0,得意,B
4762,藤原啓史朗,6,6,10,0.0,10.0,10.0,20.0,0.102,0.04,0.21,30.0,22.5,-2.5,0,0.0,標準,B
4794,和田拓也,5,5,8,0.0,0.0,25.0,25.0,0.144,0.09,0.23,12.5,35.28,-10.28,0,0.0,苦手,C
3501,川上昇平,6,6,3,0.0,33.33,33.33,66.67,0.143,0.11,0.21,33.33,22.5,44.17,0,0.0,少数参考,参考
4133,高橋正男,1,1,11,54.55,18.18,18.18,90.91,0.182,0.07,0.32,36.36,85.37,5.54,0,0.0,やや得意,B
3620,信濃由行,3,3,8,0.0,12.5,12.5,25.0,0.159,0.05,0.37,12.5,55.75,-30.75,0,0.0,苦手,C
4494,河合佑樹,4,4,4,25.0,75.0,0.0,100.0,0.185,0.12,0.29,25.0,47.51,52.49,0,0.0,少数参考,参考
4228,吉田慎二郎,5,5,4,0.0,25.0,25.0,50.0,0.233,0.19,0.33,0.0,35.28,14.72,0,0.0,少数参考,参考
4119,泥谷一毅,6,6,5,0.0,0.0,0.0,0.0,0.204,0.06,0.31,20.0,22.5,-22.5,0,0.0,苦手,C
3056,松野京吾,1,1,3,66.67,0.0,33.33,100.0,0.197,0.15,0.25,33.33,85.37,14.63,0,0.0,少数参考,参考
3787,天野誠,3,3,11,0.0,18.18,36.36,54.55,0.203,0.12,0.34,18.18,55.75,-1.2,0,0.0,標準,B
4205,山口剛,4,4,8,25.0,25.0,12.5,62.5,0.145,0.02,0.34,37.5,47.51,14.99,0,0.0,得意,C
4650,中山雄太,5,5,4,0.0,0.0,25.0,25.0,0.18,0.11,0.24,25.0,35.28,-10.28,0,0.0,少数参考,参考
3878,胡本悟志,6,6,13,0.0,0.0,23.08,23.08,0.158,0.03,0.36,15.38,22.5,0.58,0,0.0,標準,B
3930,岸本隆,1,1,11,81.82,9.09,0.0,90.91,0.127,0.07,0.2,45.45,85.37,5.54,0,0.0,得意,B
4007,榮田将彦,2,2,23,17.39,34.78,8.7,60.87,0.137,0.05,0.28,30.43,57.15,3.72,0,0.0,標準,A
4477,篠崎仁志,4,4,8,12.5,0.0,12.5,25.0,0.139,0.09,0.21,25.0,47.51,-22.51,0,0.0,苦手,C
4401,小林泰,5,5,3,0.0,33.33,0.0,33.33,0.12,0.11,0.14,0.0,35.28,-1.95,0,0.0,少数参考,参考
4788,小池哲也,6,6,9,0.0,0.0,33.33,33.33,0.177,0.09,0.35,33.33,22.5,10.83,0,0.0,得意,C
3925,大田誠,1,1,3,0.0,100.0,0.0,100.0,0.217,0.04,0.37,33.33,85.37,14.63,0,0.0,少数参考,参考
4659,木下翔太,5,5,3,0.0,0.0,0.0,0.0,0.177,0.11,0.23,33.33,35.28,-35.28,0,0.0,少数参考,参考
3620,信濃由行,1,1,8,37.5,25.0,0.0,62.5,0.175,0.12,0.28,25.0,85.37,-22.87,0,0.0,得意,C
4180,上野秀和,3,3,7,0.0,28.57,14.29,42.86,0.154,0.04,0.22,28.57,55.75,-12.89,0,0.0,苦手,C
4084,杉山正樹,4,4,4,0.0,50.0,50.0,100.0,0.147,0.07,0.21,50.0,47.51,52.49,0,0.0,少数参考,参考
4713,白神優,5,5,9,0.0,22.22,11.11,33.33,0.156,0.07,0.27,11.11,35.28,-1.95,0,0.0,標準,C
4397,西村拓也,6,6,5,0.0,20.0,60.0,80.0,0.146,0.08,0.25,0.0,22.5,57.5,0,0.0,得意,C
4683,向井田直弥,3,3,6,16.67,33.33,33.33,83.33,0.155,0.01,0.24,33.33,55.75,27.58,0,0.0,得意,C
4762,藤原啓史朗,4,4,7,28.57,28.57,0.0,57.14,0.113,0.06,0.19,57.14,47.51,9.63,0,0.0,得意,C
4353,下出秀明,5,5,3,0.0,0.0,33.33,33.33,0.24,0.23,0.26,0.0,35.28,-1.95,0,0.0,少数参考,参考
4228,吉田慎二郎,6,6,8,0.0,0.0,25.0,25.0,0.181,0.09,0.3,0.0,22.5,2.5,0,0.0,標準,C
4076,杉田篤光,1,1,13,53.85,15.38,0.0,69.23,0.137,0.03,0.22,30.77,85.37,-16.14,0,0.0,得意,B
4363,大野芳顕,2,2,9,0.0,33.33,22.22,55.56,0.178,0.01,0.35,22.22,57.15,-1.59,0,0.0,標準,C
4659,木下翔太,3,3,5,40.0,20.0,0.0,60.0,0.116,0.08,0.19,0.0,55.75,4.25,0,0.0,やや得意,C
3501,川上昇平,5,5,6,16.67,0.0,16.67,33.33,0.127,0.08,0.19,50.0,35.28,-1.95,0,0.0,標準,C
3787,天野誠,6,6,6,0.0,0.0,0.0,0.0,0.178,0.11,0.27,16.67,22.5,-22.5,0,0.0,苦手,C
4180,上野秀和,5,5,10,0.0,10.0,10.0,20.0,0.176,0.09,0.28,0.0,35.28,-15.28,0,0.0,苦手,B
4401,小林泰,6,6,4,0.0,0.0,25.0,25.0,0.145,0.11,0.19,25.0,22.5,2.5,0,0.0,少数参考,参考
4477,篠崎仁志,1,1,11,90.91,9.09,0.0,100.0,0.113,0.04,0.18,72.73,85.37,14.63,0,0.0,得意,B
4205,山口剛,2,2,8,25.0,75.0,0.0,100.0,0.09,0.02,0.18,50.0,57.15,42.85,0,0.0,得意,C
4397,西村拓也,3,3,9,11.11,0.0,33.33,44.44,0.173,0.11,0.28,11.11,55.75,-11.31,0,0.0,苦手,C
3373,黒瀬三幸,2,2,5,20.0,0.0,20.0,40.0,0.172,0.09,0.24,0.0,57.15,-17.15,0,0.0,苦手,C
3720,吉村輝,4,5,3,0.0,33.33,33.33,66.67,0.16,0.07,0.28,0.0,35.28,31.39,3,100.0,少数参考,参考
4228,吉田慎二郎,2,2,3,0.0,0.0,66.67,66.67,0.293,0.17,0.4,0.0,57.15,9.52,0,0.0,少数参考,参考
4650,中山雄太,3,3,3,0.0,0.0,33.33,33.33,0.223,0.13,0.4,0.0,55.75,-22.42,0,0.0,少数参考,参考
4788,小池哲也,5,6,4,0.0,25.0,0.0,25.0,0.24,0.09,0.3,0.0,22.5,2.5,4,100.0,少数参考,参考
4477,篠崎仁志,6,5,3,0.0,33.33,33.33,66.67,0.127,0.08,0.21,33.33,35.28,31.39,3,100.0,少数参考,参考
3787,天野誠,1,1,7,14.29,57.14,0.0,71.43,0.167,0.04,0.29,14.29,85.37,-13.94,0,0.0,苦手,C
4363,大野芳顕,5,5,5,0.0,20.0,20.0,40.0,0.162,0.09,0.21,0.0,35.28,4.72,0,0.0,やや得意,C
3501,川上昇平,2,2,8,12.5,12.5,50.0,75.0,0.141,0.07,0.26,25.0,57.15,17.85,0,0.0,得意,C
4205,山口剛,3,3,10,30.0,60.0,0.0,90.0,0.113,0.01,0.23,40.0,55.75,34.25,0,0.0,得意,B
3562,山下和彦,4,4,3,0.0,33.33,0.0,33.33,0.187,0.06,0.29,33.33,47.51,-14.18,0,0.0,少数参考,参考
4076,杉田篤光,5,5,10,10.0,10.0,20.0,40.0,0.224,0.13,0.35,0.0,35.28,4.72,0,0.0,やや得意,B
4397,西村拓也,1,1,10,70.0,20.0,0.0,90.0,0.17,0.11,0.21,40.0,85.37,4.63,0,0.0,得意,B
4353,下出秀明,2,2,3,0.0,33.33,66.67,100.0,0.15,0.05,0.21,33.33,57.15,42.85,0,0.0,少数参考,参考
4119,泥谷一毅,3,3,5,40.0,0.0,0.0,40.0,0.182,0.13,0.25,20.0,55.75,-15.75,0,0.0,苦手,C
4007,榮田将彦,5,4,3,0.0,33.33,33.33,66.67,0.173,0.13,0.23,0.0,47.51,19.16,3,100.0,少数参考,参考
4401,小林泰,1,1,3,66.67,0.0,0.0,66.67,0.137,0.08,0.22,66.67,85.37,-18.7,0,0.0,少数参考,参考
4133,高橋正男,2,2,10,0.0,30.0,50.0,80.0,0.162,0.05,0.22,20.0,57.15,22.85,0,0.0,得意,B
3711,江本真治,3,4,3,0.0,0.0,66.67,66.67,0.167,0.13,0.2,0.0,47.51,19.16,3,100.0,少数参考,参考
3720,吉村輝,5,5,5,0.0,20.0,0.0,20.0,0.216,0.16,0.28,20.0,35.28,-15.28,0,0.0,苦手,C
3878,胡本悟志,1,1,14,28.57,21.43,14.29,64.29,0.17,0.05,0.32,21.43,85.37,-21.08,0,0.0,得意,B
4650,中山雄太,2,2,3,0.0,33.33,33.33,66.67,0.193,0.11,0.29,0.0,57.15,9.52,0,0.0,少数参考,参考
4713,白神優,4,4,4,25.0,50.0,0.0,75.0,0.163,0.09,0.23,25.0,47.51,27.49,0,0.0,少数参考,参考
4794,和田拓也,6,6,8,0.0,12.5,25.0,37.5,0.164,0.12,0.25,37.5,22.5,15.0,0,0.0,得意,C
4494,河合佑樹,2,2,6,16.67,33.33,33.33,83.33,0.172,0.14,0.22,16.67,57.15,26.18,0,0.0,得意,C
3930,岸本隆,3,3,11,9.09,27.27,27.27,63.64,0.15,0.08,0.22,36.36,55.75,7.89,0,0.0,やや得意,B
4683,向井田直弥,4,4,5,0.0,20.0,0.0,20.0,0.124,0.05,0.19,20.0,47.51,-27.51,0,0.0,苦手,C
3305,小野信樹,5,5,14,0.0,28.57,7.14,35.71,0.204,0.1,0.33,7.14,35.28,0.43,0,0.0,標準,B
4076,杉田篤光,6,6,8,0.0,0.0,25.0,25.0,0.199,0.13,0.28,0.0,22.5,2.5,0,0.0,標準,C
4119,泥谷一毅,1,1,9,77.78,0.0,11.11,88.89,0.136,0.09,0.19,11.11,85.37,3.52,0,0.0,得意,C
4084,杉山正樹,3,3,7,14.29,28.57,42.86,85.71,0.161,0.07,0.25,28.57,55.75,29.96,0,0.0,得意,C
3811,石田章央,5,5,4,25.0,25.0,25.0,75.0,0.147,0.01,0.24,25.0,35.28,39.72,0,0.0,少数参考,参考
4171,榎幸司,6,6,10,0.0,20.0,30.0,50.0,0.222,0.15,0.28,0.0,22.5,27.5,0,0.0,得意,B
3501,川上昇平,1,1,9,22.22,33.33,22.22,77.78,0.151,0.05,0.21,22.22,85.37,-7.59,0,0.0,得意,C
4133,高橋正男,4,5,3,0.0,0.0,0.0,0.0,0.12,0.07,0.15,66.67,35.28,-35.28,3,100.0,少数参考,参考
4494,河合佑樹,1,1,7,85.71,0.0,14.29,100.0,0.154,0.06,0.19,14.29,85.37,14.63,0,0.0,得意,C
3562,山下和彦,2,2,3,33.33,0.0,0.0,33.33,0.1,0.09,0.11,0.0,57.15,-23.82,0,0.0,少数参考,参考
4007,榮田将彦,4,4,16,12.5,12.5,12.5,37.5,0.114,0.04,0.19,43.75,47.51,-10.01,0,0.0,苦手,B
4363,大野芳顕,6,6,8,0.0,0.0,25.0,25.0,0.195,0.05,0.28,12.5,22.5,2.5,0,0.0,標準,C
4205,山口剛,1,1,16,81.25,12.5,6.25,100.0,0.143,0.03,0.23,43.75,85.37,14.63,0,0.0,得意,B
4180,上野秀和,2,2,6,0.0,0.0,50.0,50.0,0.227,0.12,0.37,0.0,57.15,-7.15,0,0.0,標準,C
4397,西村拓也,4,4,10,10.0,40.0,30.0,80.0,0.174,0.07,0.42,20.0,47.51,32.49,0,0.0,得意,B
3930,岸本隆,5,5,12,8.33,16.67,8.33,33.33,0.198,0.12,0.38,25.0,35.28,-1.95,0,0.0,標準,B
3811,石田章央,6,6,9,0.0,11.11,11.11,22.22,0.153,0.08,0.22,22.22,22.5,-0.28,0,0.0,標準,C
4084,杉山正樹,1,1,6,66.67,0.0,16.67,83.33,0.19,0.12,0.25,0.0,85.37,-2.04,0,0.0,標準,C
3787,天野誠,2,2,8,0.0,12.5,37.5,50.0,0.207,0.11,0.29,0.0,57.15,-7.15,0,0.0,標準,C
3878,胡本悟志,4,4,16,12.5,12.5,43.75,68.75,0.141,0.06,0.24,43.75,47.51,21.24,0,0.0,得意,B
4363,大野芳顕,1,1,10,70.0,30.0,0.0,100.0,0.159,0.08,0.25,40.0,85.37,14.63,0,0.0,得意,B
4494,河合佑樹,3,3,4,25.0,50.0,25.0,100.0,0.128,0.03,0.21,25.0,55.75,44.25,0,0.0,少数参考,参考
4076,杉田篤光,2,2,9,11.11,22.22,33.33,66.67,0.169,0.1,0.24,11.11,57.15,9.52,0,0.0,得意,C
4401,小林泰,3,3,4,0.0,0.0,25.0,25.0,0.16,0.09,0.21,50.0,55.75,-30.75,0,0.0,少数参考,参考
4228,吉田慎二郎,4,4,7,0.0,0.0,14.29,14.29,0.166,0.11,0.22,28.57,47.51,-33.22,0,0.0,苦手,C
4119,泥谷一毅,5,5,8,0.0,25.0,12.5,37.5,0.188,0.05,0.31,25.0,35.28,2.22,0,0.0,標準,C
4650,中山雄太,1,1,3,66.67,33.33,0.0,100.0,0.067,0.03,0.09,66.67,85.37,14.63,0,0.0,少数参考,参考
4397,西村拓也,2,2,7,14.29,57.14,14.29,85.71,0.109,0.08,0.16,0.0,57.15,28.56,0,0.0,得意,C
3373,黒瀬三幸,4,4,4,0.0,0.0,25.0,25.0,0.182,0.09,0.26,0.0,47.51,-22.51,0,0.0,少数参考,参考
4133,高橋正男,6,5,4,0.0,0.0,25.0,25.0,0.147,0.08,0.19,0.0,35.28,-10.28,4,100.0,少数参考,参考
3878,胡本悟志,2,2,23,4.35,13.04,17.39,34.78,0.169,0.05,0.28,26.09,57.15,-22.37,0,0.0,苦手,A
4171,榎幸司,3,3,10,20.0,0.0,30.0,50.0,0.169,0.1,0.26,30.0,55.75,-5.75,0,0.0,標準,B
3930,岸本隆,4,4,11,18.18,0.0,9.09,27.27,0.136,0.04,0.23,36.36,47.51,-20.24,0,0.0,苦手,B
3811,石田章央,2,2,5,40.0,20.0,20.0,80.0,0.124,0.03,0.18,20.0,57.15,22.85,0,0.0,得意,C
3501,川上昇平,3,3,8,12.5,12.5,25.0,50.0,0.14,0.05,0.22,37.5,55.75,-5.75,0,0.0,標準,C
4007,榮田将彦,1,1,18,44.44,33.33,11.11,88.89,0.139,0.04,0.22,50.0,85.37,3.52,0,0.0,得意,B
3620,信濃由行,2,2,9,11.11,11.11,0.0,22.22,0.15,0.04,0.21,11.11,57.15,-34.93,0,0.0,苦手,C
4477,篠崎仁志,2,2,11,18.18,45.45,9.09,72.73,0.139,0.04,0.24,9.09,57.15,15.58,0,0.0,得意,B
3562,山下和彦,3,3,8,0.0,37.5,25.0,62.5,0.154,0.07,0.29,12.5,55.75,6.75,0,0.0,やや得意,C
4119,泥谷一毅,4,4,6,0.0,0.0,16.67,16.67,0.18,0.07,0.31,16.67,47.51,-30.84,0,0.0,苦手,C
3925,大田誠,6,6,3,0.0,0.0,66.67,66.67,0.26,0.25,0.27,0.0,22.5,44.17,0,0.0,少数参考,参考
4401,小林泰,2,2,5,40.0,40.0,0.0,80.0,0.202,0.17,0.25,20.0,57.15,22.85,0,0.0,得意,C
4363,大野芳顕,3,3,9,11.11,22.22,22.22,55.56,0.129,0.04,0.2,33.33,55.75,-0.19,0,0.0,標準,C
4310,横家翔一,5,5,3,0.0,0.0,33.33,33.33,0.23,0.15,0.34,0.0,35.28,-1.95,0,0.0,少数参考,参考
4180,上野秀和,1,1,5,80.0,20.0,0.0,100.0,0.132,0.06,0.23,40.0,85.37,14.63,0,0.0,得意,C
4076,杉田篤光,3,3,10,0.0,20.0,50.0,70.0,0.176,0.06,0.29,10.0,55.75,14.25,0,0.0,得意,B
3620,信濃由行,4,4,9,11.11,11.11,11.11,33.33,0.141,0.07,0.21,22.22,47.51,-14.18,0,0.0,苦手,C
4205,山口剛,6,6,4,0.0,50.0,0.0,50.0,0.143,0.1,0.18,25.0,22.5,27.5,0,0.0,少数参考,参考
3562,山下和彦,1,1,8,50.0,25.0,12.5,87.5,0.116,0.04,0.22,50.0,85.37,2.13,0,0.0,得意,C
4084,杉山正樹,2,2,3,33.33,33.33,0.0,66.67,0.15,0.13,0.19,0.0,57.15,9.52,0,0.0,少数参考,参考
4007,榮田将彦,3,3,24,8.33,12.5,33.33,54.17,0.134,0.0,0.23,41.67,55.75,-1.58,0,0.0,標準,A
3501,川上昇平,4,4,9,11.11,11.11,33.33,55.56,0.178,0.08,0.27,11.11,47.51,8.05,0,0.0,得意,C
4133,高橋正男,5,5,6,0.0,0.0,16.67,16.67,0.165,0.07,0.24,33.33,35.28,-18.61,0,0.0,苦手,C
3930,岸本隆,6,6,10,0.0,0.0,10.0,10.0,0.159,0.09,0.25,0.0,22.5,-12.5,0,0.0,苦手,B
3056,松野京吾,2,2,3,0.0,33.33,66.67,100.0,0.17,0.11,0.25,0.0,57.15,42.85,0,0.0,少数参考,参考
4171,榎幸司,4,4,17,0.0,23.53,35.29,58.82,0.162,0.07,0.27,5.88,47.51,11.31,0,0.0,得意,B
4494,河合佑樹,5,5,3,0.0,33.33,33.33,66.67,0.14,0.09,0.21,33.33,35.28,31.39,0,0.0,少数参考,参考
3811,石田章央,3,3,9,11.11,44.44,0.0,55.56,0.147,0.06,0.26,22.22,55.75,-0.19,0,0.0,標準,C
3925,大田誠,4,4,4,25.0,50.0,0.0,75.0,0.133,0.08,0.2,25.0,47.51,27.49,0,0.0,少数参考,参考
4831,羽野直也,5,6,4,0.0,0.0,25.0,25.0,0.115,0.07,0.15,25.0,22.5,2.5,4,100.0,少数参考,参考
4228,吉田慎二郎,1,1,10,60.0,10.0,10.0,80.0,0.178,0.08,0.33,10.0,85.37,-5.37,0,0.0,得意,B
3711,江本真治,5,5,20,10.0,15.0,10.0,35.0,0.144,0.04,0.26,10.0,35.28,-0.28,0,0.0,標準,A
3930,岸本隆,2,2,11,9.09,36.36,27.27,72.73,0.172,0.09,0.31,18.18,57.15,15.58,0,0.0,得意,B
4477,篠崎仁志,3,3,8,25.0,37.5,12.5,75.0,0.193,0.13,0.32,25.0,55.75,19.25,0,0.0,得意,C
3787,天野誠,4,4,8,0.0,25.0,12.5,37.5,0.186,0.11,0.27,0.0,47.51,-10.01,0,0.0,苦手,C
4659,木下翔太,1,1,4,100.0,0.0,0.0,100.0,0.152,0.06,0.19,25.0,85.37,14.63,0,0.0,少数参考,参考
4133,高橋正男,3,3,9,22.22,33.33,44.44,100.0,0.16,0.09,0.24,11.11,55.75,44.25,0,0.0,得意,C
3562,山下和彦,6,6,4,0.0,0.0,0.0,0.0,0.203,0.17,0.25,0.0,22.5,-22.5,0,0.0,少数参考,参考
4119,泥谷一毅,2,2,10,0.0,40.0,30.0,70.0,0.161,0.04,0.32,30.0,57.15,12.85,0,0.0,得意,B
4180,上野秀和,4,4,8,0.0,25.0,25.0,50.0,0.174,0.1,0.37,37.5,47.51,2.49,0,0.0,標準,C
3620,信濃由行,5,5,7,14.29,0.0,0.0,14.29,0.186,0.08,0.31,28.57,35.28,-20.99,0,0.0,苦手,C
3787,天野誠,5,5,9,0.0,0.0,11.11,11.11,0.213,0.14,0.39,0.0,35.28,-24.17,0,0.0,苦手,C
4007,榮田将彦,6,6,19,10.53,0.0,15.79,26.32,0.111,0.0,0.2,52.63,22.5,3.82,0,0.0,標準,B
3056,松野京吾,3,3,3,0.0,0.0,33.33,33.33,0.173,0.12,0.24,0.0,55.75,-22.42,0,0.0,少数参考,参考
4076,杉田篤光,4,4,10,10.0,20.0,60.0,90.0,0.195,0.11,0.38,0.0,47.51,42.49,0,0.0,得意,B
4205,山口剛,5,5,3,0.0,66.67,0.0,66.67,0.107,0.04,0.17,66.67,35.28,31.39,0,0.0,少数参考,参考
4007,榮田将彦,5,5,16,6.25,12.5,31.25,50.0,0.125,0.04,0.28,37.5,35.28,14.72,0,0.0,得意,B
4171,榎幸司,2,2,13,30.77,30.77,7.69,69.23,0.161,0.09,0.29,15.38,57.15,12.08,0,0.0,得意,B
4005,瀬川公則,5,6,5,0.0,20.0,20.0,40.0,0.218,0.18,0.29,40.0,22.5,17.5,5,100.0,得意,C
4713,白神優,6,6,7,0.0,42.86,42.86,85.71,0.164,0.12,0.22,28.57,22.5,63.21,0,0.0,得意,C
4659,木下翔太,6,6,3,0.0,0.0,66.67,66.67,0.213,0.12,0.27,0.0,22.5,44.17,0,0.0,少数参考,参考
4683,向井田直弥,6,6,3,0.0,0.0,33.33,33.33,0.243,0.14,0.42,0.0,22.5,10.83,0,0.0,少数参考,参考
4683,向井田直弥,5,6,3,0.0,33.33,0.0,33.33,0.153,0.11,0.18,33.33,22.5,10.83,3,100.0,少数参考,参考
3121,占部彰二,4,4,3,0.0,66.67,33.33,100.0,0.15,0.12,0.19,0.0,47.51,52.49,0,0.0,少数参考,参考
4180,上野秀和,6,6,6,0.0,16.67,16.67,33.33,0.182,0.12,0.33,0.0,22.5,10.83,0,0.0,得意,C
4084,杉山正樹,5,5,3,0.0,33.33,0.0,33.33,0.16,0.08,0.22,0.0,35.28,-1.95,0,0.0,少数参考,参考
3684,清水攻二,6,6,5,0.0,0.0,40.0,40.0,0.2,0.11,0.28,0.0,22.5,17.5,0,0.0,得意,C
4370,山口達也,1,1,8,75.0,12.5,0.0,87.5,0.18,0.12,0.31,25.0,85.37,2.13,0,0.0,得意,C
4104,木下陽介,3,3,8,62.5,25.0,0.0,87.5,0.163,0.06,0.39,25.0,55.75,31.75,0,0.0,得意,C
4805,今林由喜,6,6,5,0.0,0.0,0.0,0.0,0.194,0.09,0.34,20.0,22.5,-22.5,0,0.0,苦手,C
3578,塩田雄一,1,1,6,50.0,0.0,16.67,66.67,0.185,0.06,0.26,0.0,85.37,-18.7,0,0.0,苦手,C
3358,桑原明,2,2,6,0.0,16.67,0.0,16.67,0.22,0.09,0.37,0.0,57.15,-40.48,0,0.0,苦手,C
3981,今坂晃広,4,4,8,37.5,0.0,25.0,62.5,0.174,0.07,0.27,37.5,47.51,14.99,0,0.0,得意,C
3346,宮本裕之,5,5,10,10.0,10.0,10.0,30.0,0.143,0.06,0.24,10.0,35.28,-5.28,0,0.0,標準,B
4768,田代元気,6,6,6,0.0,0.0,0.0,0.0,0.232,0.15,0.4,16.67,22.5,-22.5,0,0.0,苦手,C
4552,杉山勝匡,4,4,7,14.29,0.0,14.29,28.57,0.23,0.08,0.34,14.29,47.51,-18.94,0,0.0,苦手,C
4105,松下直也,5,5,4,50.0,0.0,0.0,50.0,0.18,0.11,0.29,50.0,35.28,14.72,0,0.0,少数参考,参考
4122,安東幸治,6,6,4,0.0,0.0,25.0,25.0,0.147,0.01,0.26,25.0,22.5,2.5,0,0.0,少数参考,参考
3680,森林太,2,2,19,15.79,21.05,26.32,63.16,0.227,0.17,0.38,0.0,57.15,6.01,0,0.0,やや得意,B
3051,山口俊英,3,3,3,0.0,0.0,100.0,100.0,0.18,0.12,0.27,33.33,55.75,44.25,0,0.0,少数参考,参考
3737,上平真二,5,5,7,14.29,28.57,28.57,71.43,0.217,0.11,0.31,0.0,35.28,36.15,0,0.0,得意,C
4308,河村了,1,1,4,75.0,0.0,0.0,75.0,0.147,0.08,0.21,50.0,85.37,-10.37,0,0.0,少数参考,参考
3825,宮嵜隆太郎,2,2,5,40.0,40.0,20.0,100.0,0.136,0.08,0.16,40.0,57.15,42.85,0,0.0,得意,C
3529,松本勝也,4,4,3,0.0,33.33,33.33,66.67,0.16,0.07,0.29,0.0,47.51,19.16,0,0.0,少数参考,参考
4134,杉山貴博,1,1,7,57.14,14.29,14.29,85.71,0.186,0.1,0.34,28.57,85.37,0.34,0,0.0,標準,C
4213,重富伸也,2,2,7,14.29,0.0,57.14,71.43,0.187,0.07,0.39,14.29,57.15,14.28,0,0.0,得意,C
4150,山田雄太,3,3,8,50.0,25.0,25.0,100.0,0.125,0.07,0.2,50.0,55.75,44.25,0,0.0,得意,C
3346,宮本裕之,4,4,5,20.0,20.0,20.0,60.0,0.202,0.12,0.26,40.0,47.51,12.49,0,0.0,得意,C
4805,今林由喜,5,6,4,0.0,0.0,0.0,0.0,0.203,0.19,0.21,0.0,22.5,-22.5,4,100.0,少数参考,参考
3617,竹田広樹,2,2,10,0.0,30.0,0.0,30.0,0.16,0.1,0.21,10.0,57.15,-27.15,0,0.0,苦手,B
4552,杉山勝匡,3,3,8,0.0,25.0,25.0,50.0,0.173,0.09,0.25,0.0,55.75,-5.75,0,0.0,標準,C
3809,吉田光,4,4,9,0.0,33.33,44.44,77.78,0.181,0.13,0.35,0.0,47.51,30.27,0,0.0,得意,C
4389,伊藤喜智,6,6,3,0.0,33.33,66.67,100.0,0.173,0.09,0.22,0.0,22.5,77.5,0,0.0,少数参考,参考
2887,大井崇夫,2,2,3,0.0,33.33,0.0,33.33,0.207,0.18,0.22,33.33,57.15,-23.82,0,0.0,少数参考,参考
4381,田路朋史,3,3,6,16.67,16.67,33.33,66.67,0.147,0.02,0.22,66.67,55.75,10.92,0,0.0,得意,C
3901,松田憲幸,4,4,26,7.69,11.54,34.62,53.85,0.181,0.09,0.37,3.85,47.51,6.34,0,0.0,やや得意,A
4835,橋本明,6,6,8,0.0,12.5,12.5,25.0,0.146,0.08,0.22,37.5,22.5,2.5,0,0.0,標準,C
3981,今坂晃広,1,1,6,50.0,16.67,0.0,66.67,0.142,0.07,0.23,33.33,85.37,-18.7,0,0.0,得意,C
3892,草場康幸,2,2,11,0.0,36.36,36.36,72.73,0.152,0.05,0.21,27.27,57.15,15.58,0,0.0,得意,B
4105,松下直也,3,3,7,14.29,14.29,28.57,57.14,0.183,0.12,0.24,14.29,55.75,1.39,0,0.0,標準,C
4308,河村了,4,4,3,0.0,0.0,33.33,33.33,0.143,0.08,0.2,66.67,47.51,-14.18,0,0.0,少数参考,参考
4104,木下陽介,5,5,11,9.09,18.18,9.09,36.36,0.138,0.01,0.25,27.27,35.28,1.08,0,0.0,標準,B
4150,山田雄太,1,1,11,90.91,9.09,0.0,100.0,0.144,0.09,0.18,45.45,85.37,14.63,0,0.0,得意,B
3578,塩田雄一,2,2,7,14.29,28.57,0.0,42.86,0.217,0.13,0.37,0.0,57.15,-14.29,0,0.0,苦手,C
3680,森林太,3,3,20,20.0,20.0,15.0,55.0,0.18,0.09,0.25,5.0,55.75,-0.75,0,0.0,標準,A
4370,山口達也,4,4,4,0.0,25.0,0.0,25.0,0.165,0.11,0.19,0.0,47.51,-22.51,0,0.0,少数参考,参考
4122,安東幸治,5,5,3,0.0,33.33,0.0,33.33,0.133,0.07,0.17,0.0,35.28,-1.95,0,0.0,少数参考,参考
3809,吉田光,6,6,3,0.0,0.0,66.67,66.67,0.15,0.1,0.19,0.0,22.5,44.17,0,0.0,少数参考,参考
3573,前本泰和,1,1,3,100.0,0.0,0.0,100.0,0.11,0.07,0.17,33.33,85.37,14.63,0,0.0,少数参考,参考
3529,松本勝也,2,2,4,0.0,50.0,25.0,75.0,0.155,0.1,0.22,25.0,57.15,17.85,0,0.0,少数参考,参考
2841,吉田稔,3,3,6,0.0,16.67,0.0,16.67,0.183,0.12,0.26,0.0,55.75,-39.08,0,0.0,苦手,C
3737,上平真二,4,4,13,23.08,0.0,23.08,46.15,0.176,0.07,0.26,0.0,47.51,-1.36,0,0.0,標準,B
3901,松田憲幸,5,5,21,9.52,19.05,38.1,66.67,0.155,0.03,0.29,9.52,35.28,31.39,0,0.0,得意,A
3901,松田憲幸,1,1,27,70.37,14.81,3.7,88.89,0.166,0.09,0.31,25.93,85.37,3.52,0,0.0,得意,A
3617,竹田広樹,3,3,7,0.0,14.29,14.29,28.57,0.15,0.09,0.21,14.29,55.75,-27.18,0,0.0,苦手,C
4213,重富伸也,4,4,7,14.29,28.57,0.0,42.86,0.216,0.14,0.25,0.0,47.51,-4.65,0,0.0,標準,C
3680,森林太,1,1,16,31.25,43.75,6.25,81.25,0.166,0.05,0.26,25.0,85.37,-4.12,0,0.0,得意,B
4308,河村了,3,3,4,0.0,50.0,25.0,75.0,0.16,0.15,0.18,0.0,55.75,19.25,0,0.0,少数参考,参考
4134,杉山貴博,2,2,5,20.0,40.0,0.0,60.0,0.15,0.07,0.23,20.0,57.15,2.85,0,0.0,標準,C
3358,桑原明,3,3,4,25.0,25.0,0.0,50.0,0.195,0.1,0.27,0.0,55.75,-5.75,0,0.0,少数参考,参考
3346,宮本裕之,1,1,8,50.0,25.0,0.0,75.0,0.121,0.04,0.19,62.5,85.37,-10.37,0,0.0,得意,C
4276,鈴木勝博,2,2,7,42.86,14.29,0.0,57.14,0.136,0.05,0.31,28.57,57.15,-0.01,0,0.0,標準,C
4381,田路朋史,4,4,9,0.0,33.33,22.22,55.56,0.166,0.07,0.25,11.11,47.51,8.05,0,0.0,得意,C
3578,塩田雄一,5,5,3,0.0,33.33,33.33,66.67,0.18,0.15,0.22,0.0,35.28,31.39,0,0.0,少数参考,参考
3825,宮嵜隆太郎,6,6,5,0.0,0.0,0.0,0.0,0.112,0.05,0.16,0.0,22.5,-22.5,0,0.0,苦手,C
2841,吉田稔,1,1,8,37.5,37.5,12.5,87.5,0.122,0.01,0.23,25.0,85.37,2.13,0,0.0,得意,C
3529,松本勝也,3,3,4,25.0,50.0,25.0,100.0,0.125,0.06,0.15,0.0,55.75,44.25,0,0.0,少数参考,参考
4104,木下陽介,4,4,6,16.67,16.67,33.33,66.67,0.107,0.07,0.16,50.0,47.51,19.16,0,0.0,得意,C
3617,竹田広樹,5,5,8,12.5,0.0,0.0,12.5,0.195,0.06,0.38,12.5,35.28,-22.78,0,0.0,苦手,C
4150,山田雄太,2,2,5,20.0,60.0,0.0,80.0,0.092,0.07,0.14,20.0,57.15,22.85,0,0.0,得意,C
4122,安東幸治,3,3,3,0.0,33.33,0.0,33.33,0.147,0.11,0.21,0.0,55.75,-22.42,0,0.0,少数参考,参考
4835,橋本明,5,6,6,0.0,0.0,0.0,0.0,0.157,0.01,0.36,16.67,22.5,-22.5,6,100.0,苦手,C
3358,桑原明,1,1,3,33.33,33.33,33.33,100.0,0.197,0.07,0.3,66.67,85.37,14.63,0,0.0,少数参考,参考
4552,杉山勝匡,2,2,7,0.0,0.0,14.29,14.29,0.179,0.03,0.29,0.0,57.15,-42.86,0,0.0,苦手,C
3809,吉田光,1,1,11,72.73,18.18,0.0,90.91,0.173,0.03,0.37,36.36,85.37,5.54,0,0.0,得意,B
3737,上平真二,3,3,11,36.36,27.27,18.18,81.82,0.204,0.13,0.3,9.09,55.75,26.07,0,0.0,得意,B
4389,伊藤喜智,4,4,6,0.0,16.67,33.33,50.0,0.193,0.11,0.29,16.67,47.51,2.49,0,0.0,標準,C
4370,山口達也,5,5,4,0.0,0.0,50.0,50.0,0.25,0.09,0.32,25.0,35.28,14.72,0,0.0,少数参考,参考
3892,草場康幸,1,1,8,75.0,12.5,0.0,87.5,0.146,0.08,0.23,37.5,85.37,2.13,0,0.0,得意,C
3639,関谷聖二,2,2,4,0.0,0.0,0.0,0.0,0.19,0.16,0.23,25.0,57.15,-57.15,0,0.0,少数参考,参考
3672,坂上毅,3,3,3,0.0,0.0,0.0,0.0,0.187,0.17,0.21,0.0,55.75,-55.75,0,0.0,少数参考,参考
2841,吉田稔,4,4,4,0.0,0.0,50.0,50.0,0.152,0.08,0.21,0.0,47.51,2.49,0,0.0,少数参考,参考
3825,宮嵜隆太郎,5,5,4,0.0,25.0,0.0,25.0,0.087,0.05,0.11,25.0,35.28,-10.28,0,0.0,少数参考,参考
4213,重富伸也,6,6,10,0.0,30.0,10.0,40.0,0.124,0.06,0.21,20.0,22.5,17.5,0,0.0,得意,B
4104,木下陽介,2,2,7,42.86,28.57,14.29,85.71,0.117,0.04,0.2,57.14,57.15,28.56,0,0.0,得意,C
3346,宮本裕之,3,3,8,0.0,0.0,0.0,0.0,0.216,0.11,0.29,0.0,55.75,-55.75,0,0.0,苦手,C
4276,鈴木勝博,1,1,8,75.0,12.5,0.0,87.5,0.199,0.12,0.28,12.5,85.37,2.13,0,0.0,標準,C
4389,伊藤喜智,2,2,3,0.0,0.0,33.33,33.33,0.233,0.15,0.35,0.0,57.15,-23.82,0,0.0,少数参考,参考
3901,松田憲幸,3,3,33,9.09,18.18,21.21,48.48,0.194,0.07,0.28,9.09,55.75,-7.27,0,0.0,標準,A
3680,森林太,4,4,17,0.0,11.76,17.65,29.41,0.181,0.08,0.28,5.88,47.51,-18.1,0,0.0,苦手,B
4105,松下直也,6,6,6,0.0,0.0,33.33,33.33,0.178,0.13,0.24,33.33,22.5,10.83,0,0.0,得意,C
3529,松本勝也,1,1,3,66.67,0.0,33.33,100.0,0.143,0.07,0.21,33.33,85.37,14.63,0,0.0,少数参考,参考
4122,安東幸治,2,2,4,25.0,25.0,0.0,50.0,0.16,0.13,0.19,0.0,57.15,-7.15,0,0.0,少数参考,参考
4370,山口達也,3,3,6,33.33,33.33,16.67,83.33,0.133,0.07,0.22,33.33,55.75,27.58,0,0.0,得意,C
3892,草場康幸,4,4,9,0.0,22.22,22.22,44.44,0.193,0.13,0.22,0.0,47.51,-3.07,0,0.0,標準,C
4381,田路朋史,5,5,6,16.67,16.67,16.67,50.0,0.167,0.05,0.25,33.33,35.28,14.72,0,0.0,得意,C
4308,河村了,6,6,3,0.0,0.0,0.0,0.0,0.153,0.11,0.22,0.0,22.5,-22.5,0,0.0,少数参考,参考
4389,伊藤喜智,1,1,6,33.33,33.33,0.0,66.67,0.152,0.09,0.23,16.67,85.37,-18.7,0,0.0,得意,C
4768,田代元気,4,4,4,0.0,0.0,0.0,0.0,0.2,0.07,0.31,0.0,47.51,-47.51,0,0.0,少数参考,参考
4727,安部慎一,4,5,3,33.33,33.33,33.33,100.0,0.097,0.08,0.12,66.67,35.28,64.72,3,100.0,少数参考,参考
3578,塩田雄一,3,3,6,16.67,0.0,16.67,33.33,0.192,0.09,0.31,16.67,55.75,-22.42,0,0.0,苦手,C
4213,重富伸也,4,5,4,25.0,25.0,0.0,50.0,0.143,0.11,0.17,50.0,35.28,14.72,4,100.0,少数参考,参考
3174,古賀勝則,3,3,3,0.0,0.0,0.0,0.0,0.117,0.11,0.13,33.33,55.75,-55.75,0,0.0,少数参考,参考
3825,宮嵜隆太郎,1,1,4,50.0,25.0,25.0,100.0,0.12,0.07,0.17,50.0,85.37,14.63,0,0.0,少数参考,参考
3346,宮本裕之,2,2,9,0.0,22.22,22.22,44.44,0.147,0.08,0.23,22.22,57.15,-12.71,0,0.0,苦手,C
3892,草場康幸,5,5,8,0.0,25.0,25.0,50.0,0.16,0.11,0.26,12.5,35.28,14.72,0,0.0,得意,C
4213,重富伸也,3,3,6,16.67,0.0,33.33,50.0,0.165,0.08,0.23,50.0,55.75,-5.75,0,0.0,標準,C
4104,木下陽介,1,1,6,33.33,16.67,16.67,66.67,0.175,0.05,0.28,16.67,85.37,-18.7,0,0.0,得意,C
4381,田路朋史,2,2,7,0.0,42.86,14.29,57.14,0.173,0.02,0.23,0.0,57.15,-0.01,0,0.0,標準,C
3809,吉田光,3,3,7,0.0,28.57,28.57,57.14,0.174,0.09,0.26,28.57,55.75,1.39,0,0.0,標準,C
4276,鈴木勝博,6,6,8,0.0,0.0,25.0,25.0,0.205,0.06,0.37,0.0,22.5,2.5,0,0.0,標準,C
4122,安東幸治,1,1,5,80.0,20.0,0.0,100.0,0.146,0.09,0.19,60.0,85.37,14.63,0,0.0,得意,C
3737,上平真二,2,2,16,12.5,50.0,12.5,75.0,0.182,0.09,0.35,12.5,57.15,17.85,0,0.0,得意,B
3680,森林太,5,5,21,4.76,9.52,4.76,19.05,0.212,0.13,0.33,4.76,35.28,-16.23,0,0.0,苦手,A
4105,松下直也,1,1,7,85.71,0.0,0.0,85.71,0.179,0.04,0.28,14.29,85.37,0.34,0,0.0,得意,C
3529,松本勝也,5,5,4,0.0,0.0,0.0,0.0,0.177,0.12,0.23,0.0,35.28,-35.28,0,0.0,少数参考,参考
3901,松田憲幸,6,6,20,5.0,10.0,15.0,30.0,0.206,0.1,0.35,0.0,22.5,7.5,0,0.0,やや得意,A
4381,田路朋史,1,1,8,50.0,12.5,12.5,75.0,0.176,0.1,0.37,12.5,85.37,-10.37,0,0.0,得意,C
4389,伊藤喜智,3,3,8,0.0,37.5,12.5,50.0,0.156,0.07,0.25,25.0,55.75,-5.75,0,0.0,標準,C
2841,吉田稔,5,5,4,0.0,0.0,25.0,25.0,0.22,0.18,0.26,0.0,35.28,-10.28,0,0.0,少数参考,参考
3892,草場康幸,6,6,6,0.0,0.0,16.67,16.67,0.133,0.08,0.2,33.33,22.5,-5.83,0,0.0,標準,C
3737,上平真二,1,1,24,62.5,25.0,8.33,95.83,0.176,0.03,0.29,4.17,85.37,10.46,0,0.0,得意,A
3809,吉田光,2,2,6,0.0,16.67,33.33,50.0,0.18,0.14,0.2,0.0,57.15,-7.15,0,0.0,標準,C
3981,今坂晃広,3,3,7,14.29,14.29,0.0,28.57,0.129,0.09,0.17,14.29,55.75,-27.18,0,0.0,苦手,C
4134,杉山貴博,4,4,6,16.67,0.0,33.33,50.0,0.155,0.09,0.33,0.0,47.51,2.49,0,0.0,標準,C
4150,山田雄太,5,5,5,0.0,20.0,60.0,80.0,0.098,0.07,0.12,20.0,35.28,44.72,0,0.0,得意,C
3545,高田謙一,3,3,3,0.0,33.33,33.33,66.67,0.25,0.2,0.29,0.0,55.75,10.92,0,0.0,少数参考,参考
4105,松下直也,4,4,10,0.0,20.0,10.0,30.0,0.164,0.01,0.29,30.0,47.51,-17.51,0,0.0,苦手,B
4475,末永祐輝,6,5,4,0.0,0.0,25.0,25.0,0.158,0.12,0.21,0.0,35.28,-10.28,4,100.0,少数参考,参考
2841,吉田稔,2,2,4,0.0,100.0,0.0,100.0,0.128,0.11,0.18,25.0,57.15,42.85,0,0.0,少数参考,参考
4122,安東幸治,4,4,4,25.0,0.0,25.0,50.0,0.125,0.1,0.15,25.0,47.51,2.49,0,0.0,少数参考,参考
4389,伊藤喜智,5,5,3,0.0,0.0,0.0,0.0,0.153,0.08,0.21,0.0,35.28,-35.28,0,0.0,少数参考,参考
3901,松田憲幸,2,2,31,6.45,22.58,16.13,45.16,0.188,0.07,0.34,6.45,57.15,-11.99,0,0.0,苦手,A
4552,杉山勝匡,5,5,8,12.5,12.5,0.0,25.0,0.155,0.02,0.25,12.5,35.28,-10.28,0,0.0,苦手,C
4381,田路朋史,6,6,7,14.29,0.0,0.0,14.29,0.184,0.05,0.29,42.86,22.5,-8.21,0,0.0,標準,C
4213,重富伸也,1,1,6,66.67,0.0,16.67,83.33,0.152,0.08,0.23,33.33,85.37,-2.04,0,0.0,得意,C
3680,森林太,6,5,3,0.0,0.0,33.33,33.33,0.263,0.2,0.35,0.0,35.28,-1.95,3,100.0,少数参考,参考
3617,竹田広樹,1,1,7,42.86,28.57,0.0,71.43,0.199,0.15,0.25,14.29,85.37,-13.94,0,0.0,苦手,C
4308,河村了,2,2,4,0.0,25.0,50.0,75.0,0.2,0.11,0.32,0.0,57.15,17.85,0,0.0,少数参考,参考
4105,松下直也,2,2,7,0.0,14.29,42.86,57.14,0.164,0.08,0.28,28.57,57.15,-0.01,0,0.0,標準,C
4104,木下陽介,6,6,6,0.0,16.67,16.67,33.33,0.14,0.09,0.24,33.33,22.5,10.83,0,0.0,得意,C
4134,杉山貴博,6,6,6,0.0,16.67,0.0,16.67,0.17,0.09,0.29,16.67,22.5,-5.83,0,0.0,標準,C
3981,今坂晃広,2,2,6,0.0,16.67,50.0,66.67,0.152,0.08,0.2,0.0,57.15,9.52,0,0.0,得意,C
3892,草場康幸,3,3,5,0.0,20.0,40.0,60.0,0.138,0.11,0.24,20.0,55.75,4.25,0,0.0,やや得意,C
3578,塩田雄一,6,6,8,0.0,0.0,12.5,12.5,0.2,0.02,0.32,12.5,22.5,-10.0,0,0.0,苦手,C
3617,竹田広樹,4,4,8,0.0,0.0,12.5,12.5,0.215,0.09,0.31,12.5,47.51,-35.01,0,0.0,苦手,C
4276,鈴木勝博,5,5,6,0.0,0.0,0.0,0.0,0.187,0.1,0.25,0.0,35.28,-35.28,0,0.0,苦手,C
4213,重富伸也,5,5,5,0.0,40.0,20.0,60.0,0.116,0.04,0.17,60.0,35.28,24.72,0,0.0,得意,C
4552,杉山勝匡,1,1,5,80.0,0.0,20.0,100.0,0.19,0.16,0.25,0.0,85.37,14.63,0,0.0,得意,C
4134,杉山貴博,3,3,4,25.0,25.0,25.0,75.0,0.198,0.16,0.24,50.0,55.75,19.25,0,0.0,少数参考,参考
3809,吉田光,5,5,4,25.0,25.0,0.0,50.0,0.133,0.1,0.16,50.0,35.28,14.72,0,0.0,少数参考,参考
4552,杉山勝匡,6,6,6,0.0,0.0,33.33,33.33,0.218,0.15,0.28,16.67,22.5,10.83,0,0.0,得意,C
4370,山口達也,2,2,4,50.0,25.0,25.0,100.0,0.138,0.08,0.22,0.0,57.15,42.85,0,0.0,少数参考,参考
3981,今坂晃広,6,6,4,0.0,25.0,25.0,50.0,0.15,0.09,0.2,25.0,22.5,27.5,0,0.0,少数参考,参考
4177,萬正嗣,1,1,10,70.0,20.0,0.0,90.0,0.144,0.02,0.23,30.0,85.37,4.63,0,0.0,得意,B
3335,小菅文隆,2,2,3,0.0,33.33,33.33,66.67,0.153,0.11,0.22,0.0,57.15,9.52,0,0.0,少数参考,参考
4724,吉田祐貴,6,6,10,0.0,10.0,0.0,10.0,0.146,0.07,0.21,70.0,22.5,-12.5,0,0.0,苦手,B
4000,松本博昭,1,1,12,50.0,41.67,0.0,91.67,0.177,0.05,0.35,16.67,85.37,6.3,0,0.0,得意,B
3946,赤岩善生,4,2,3,66.67,0.0,0.0,66.67,0.14,0.13,0.16,0.0,57.15,9.52,3,100.0,少数参考,参考
4790,柳内敬太,5,6,3,0.0,0.0,0.0,0.0,0.3,0.16,0.49,0.0,22.5,-22.5,3,100.0,少数参考,参考
3929,杢野誓良,2,2,8,12.5,50.0,0.0,62.5,0.141,0.02,0.21,50.0,57.15,5.35,0,0.0,やや得意,C
3461,渡邊哲也,3,3,3,33.33,0.0,0.0,33.33,0.17,0.08,0.31,66.67,55.75,-22.42,0,0.0,少数参考,参考
3934,鋤柄貴俊,2,2,7,28.57,28.57,14.29,71.43,0.166,0.13,0.22,28.57,57.15,14.28,0,0.0,得意,C
3976,内田圭,3,3,15,13.33,13.33,20.0,46.67,0.168,0.11,0.22,13.33,55.75,-9.08,0,0.0,標準,B
3441,土屋太朗,5,4,3,0.0,0.0,66.67,66.67,0.193,0.05,0.36,33.33,47.51,19.16,3,100.0,少数参考,参考
3872,岡田憲行,6,6,4,25.0,25.0,25.0,75.0,0.163,0.05,0.26,25.0,22.5,52.5,0,0.0,少数参考,参考
3612,馬袋義則,1,1,11,45.45,36.36,9.09,90.91,0.15,0.07,0.21,27.27,85.37,5.54,0,0.0,得意,B
4523,中村辰也,2,2,10,20.0,50.0,0.0,70.0,0.168,0.07,0.29,30.0,57.15,12.85,0,0.0,得意,B
3986,沖島広和,4,4,5,0.0,60.0,40.0,100.0,0.148,0.07,0.22,40.0,47.51,52.49,0,0.0,得意,C
3459,中野和裕,6,6,7,0.0,0.0,0.0,0.0,0.174,0.01,0.38,14.29,22.5,-22.5,0,0.0,苦手,C
3782,伊藤宏,1,1,4,50.0,50.0,0.0,100.0,0.17,0.15,0.2,25.0,85.37,14.63,0,0.0,少数参考,参考
2276,古谷猛,2,2,4,25.0,25.0,25.0,75.0,0.193,0.15,0.27,50.0,57.15,17.85,0,0.0,少数参考,参考
3881,浦上拓也,6,6,5,0.0,20.0,0.0,20.0,0.216,0.09,0.33,0.0,22.5,-2.5,0,0.0,標準,C
3875,廣中良一,1,1,16,37.5,25.0,6.25,68.75,0.156,0.09,0.31,6.25,85.37,-16.62,0,0.0,得意,B
3936,三瀬譲,2,2,3,33.33,0.0,33.33,66.67,0.163,0.14,0.18,33.33,57.15,9.52,0,0.0,少数参考,参考
3335,小菅文隆,3,3,3,0.0,0.0,66.67,66.67,0.177,0.16,0.21,0.0,55.75,10.92,0,0.0,少数参考,参考
4411,沢田昭宏,5,5,7,14.29,0.0,42.86,57.14,0.127,0.09,0.18,14.29,35.28,21.86,0,0.0,得意,C
3975,小野寺智洋,1,1,10,40.0,50.0,10.0,100.0,0.124,0.09,0.16,30.0,85.37,14.63,0,0.0,得意,B
4366,前沢丈史,3,3,4,25.0,25.0,50.0,100.0,0.165,0.13,0.21,25.0,55.75,44.25,0,0.0,少数参考,参考
4417,服部剛,5,5,4,0.0,0.0,0.0,0.0,0.185,0.15,0.22,0.0,35.28,-35.28,0,0.0,少数参考,参考
4290,稲田浩二,6,6,5,20.0,0.0,20.0,40.0,0.164,0.09,0.29,20.0,22.5,17.5,0,0.0,得意,C
3459,中野和裕,3,3,8,12.5,12.5,12.5,37.5,0.216,0.15,0.32,25.0,55.75,-18.25,0,0.0,苦手,C
4410,井上大輔,4,4,11,18.18,9.09,9.09,36.36,0.183,0.1,0.28,18.18,47.51,-11.15,0,0.0,苦手,B
4111,奥田誠,5,5,7,0.0,0.0,28.57,28.57,0.17,0.11,0.22,0.0,35.28,-6.71,0,0.0,標準,C
4790,柳内敬太,6,6,8,0.0,0.0,25.0,25.0,0.199,0.13,0.29,0.0,22.5,2.5,0,0.0,標準,C
3986,沖島広和,1,1,6,100.0,0.0,0.0,100.0,0.108,0.08,0.15,100.0,85.37,14.63,0,0.0,得意,C
3875,廣中良一,2,2,19,10.53,26.32,26.32,63.16,0.179,0.12,0.25,10.53,57.15,6.01,0,0.0,やや得意,B
4472,尾嶋一広,3,3,7,14.29,42.86,28.57,85.71,0.136,0.05,0.26,42.86,55.75,29.96,0,0.0,得意,C
3934,鋤柄貴俊,4,4,5,0.0,40.0,40.0,80.0,0.204,0.19,0.22,20.0,47.51,32.49,0,0.0,得意,C
4253,西川真人,6,6,3,33.33,0.0,0.0,33.33,0.127,0.09,0.19,33.33,22.5,10.83,0,0.0,少数参考,参考
3761,山本光雄,1,1,4,50.0,50.0,0.0,100.0,0.143,0.11,0.21,50.0,85.37,14.63,0,0.0,少数参考,参考
4000,松本博昭,2,2,7,0.0,0.0,57.14,57.14,0.163,0.11,0.26,0.0,57.15,-0.01,0,0.0,標準,C
3929,杢野誓良,3,3,10,20.0,10.0,20.0,50.0,0.152,0.06,0.27,20.0,55.75,-5.75,0,0.0,標準,B
4177,萬正嗣,4,4,9,33.33,0.0,11.11,44.44,0.172,0.11,0.3,11.11,47.51,-3.07,0,0.0,標準,C
3881,浦上拓也,5,5,7,0.0,0.0,28.57,28.57,0.189,0.14,0.25,0.0,35.28,-6.71,0,0.0,標準,C
4417,服部剛,6,6,5,0.0,0.0,20.0,20.0,0.19,0.09,0.25,0.0,22.5,-2.5,0,0.0,標準,C
3623,深川真二,1,1,17,76.47,17.65,0.0,94.12,0.124,0.02,0.21,23.53,85.37,8.75,0,0.0,得意,B
3946,赤岩善生,2,2,7,0.0,28.57,0.0,28.57,0.149,0.12,0.19,0.0,57.15,-28.58,0,0.0,苦手,C
3612,馬袋義則,3,3,9,22.22,22.22,44.44,88.89,0.139,0.09,0.23,33.33,55.75,33.14,0,0.0,得意,C
3872,岡田憲行,5,5,7,14.29,14.29,28.57,57.14,0.153,0.09,0.24,14.29,35.28,21.86,0,0.0,得意,C
4366,前沢丈史,6,6,5,0.0,0.0,20.0,20.0,0.144,0.09,0.18,40.0,22.5,-2.5,0,0.0,標準,C
4290,稲田浩二,1,1,4,75.0,25.0,0.0,100.0,0.113,0.07,0.14,100.0,85.37,14.63,0,0.0,少数参考,参考
4411,沢田昭宏,2,2,7,0.0,28.57,14.29,42.86,0.163,0.12,0.29,0.0,57.15,-14.29,0,0.0,苦手,C
4158,木場雄二郎,4,5,3,0.0,0.0,33.33,33.33,0.157,0.12,0.19,0.0,35.28,-1.95,3,100.0,少数参考,参考
3875,廣中良一,5,6,3,0.0,0.0,33.33,33.33,0.283,0.24,0.36,0.0,22.5,10.83,3,100.0,少数参考,参考
3401,上田隆章,1,1,3,33.33,66.67,0.0,100.0,0.18,0.15,0.21,33.33,85.37,14.63,0,0.0,少数参考,参考
3459,中野和裕,2,2,14,0.0,21.43,14.29,35.71,0.168,0.05,0.29,28.57,57.15,-21.44,0,0.0,苦手,B
3855,大熊辰弥,3,3,4,0.0,25.0,25.0,50.0,0.253,0.16,0.41,0.0,55.75,-5.75,0,0.0,少数参考,参考
3441,土屋太朗,4,4,6,0.0,16.67,50.0,66.67,0.152,0.12,0.21,33.33,47.51,19.16,0,0.0,得意,C
4724,吉田祐貴,5,5,7,0.0,14.29,14.29,28.57,0.19,0.14,0.35,0.0,35.28,-6.71,0,0.0,標準,C
3539,金子順一,6,6,6,0.0,0.0,0.0,0.0,0.28,0.16,0.36,0.0,22.5,-22.5,0,0.0,苦手,C
3623,深川真二,5,2,7,28.57,14.29,28.57,71.43,0.197,0.14,0.35,0.0,57.15,14.28,7,100.0,得意,C
3929,杢野誓良,1,1,8,62.5,12.5,0.0,75.0,0.166,0.04,0.25,37.5,85.37,-10.37,0,0.0,得意,C
3461,渡邊哲也,2,2,3,0.0,66.67,0.0,66.67,0.177,0.11,0.24,33.33,57.15,9.52,0,0.0,少数参考,参考
3975,小野寺智洋,3,3,6,16.67,66.67,0.0,83.33,0.183,0.07,0.26,16.67,55.75,27.58,0,0.0,得意,C
4253,西川真人,4,4,4,0.0,0.0,50.0,50.0,0.138,0.09,0.22,0.0,47.51,2.49,0,0.0,少数参考,参考
4472,尾嶋一広,2,2,11,54.55,18.18,0.0,72.73,0.166,0.01,0.23,27.27,57.15,15.58,0,0.0,得意,B
3936,三瀬譲,3,3,5,0.0,20.0,20.0,40.0,0.128,0.06,0.21,40.0,55.75,-15.75,0,0.0,苦手,C
3872,岡田憲行,4,4,8,12.5,0.0,12.5,25.0,0.17,0.11,0.25,0.0,47.51,-22.51,0,0.0,苦手,C
2816,陶山秀徳,6,6,4,0.0,25.0,25.0,50.0,0.198,0.13,0.29,0.0,22.5,27.5,0,0.0,少数参考,参考
4111,奥田誠,2,2,8,25.0,0.0,25.0,50.0,0.216,0.11,0.32,0.0,57.15,-7.15,0,0.0,標準,C
3946,赤岩善生,3,3,8,12.5,25.0,25.0,62.5,0.186,0.12,0.26,25.0,55.75,6.75,0,0.0,やや得意,C
3875,廣中良一,4,4,12,8.33,16.67,25.0,50.0,0.16,0.09,0.25,8.33,47.51,2.49,0,0.0,標準,B
3761,山本光雄,5,5,4,25.0,0.0,50.0,75.0,0.145,0.07,0.21,25.0,35.28,39.72,0,0.0,少数参考,参考
3934,鋤柄貴俊,6,6,3,0.0,0.0,0.0,0.0,0.153,0.13,0.17,66.67,22.5,-22.5,0,0.0,少数参考,参考
2276,古谷猛,1,1,4,75.0,0.0,0.0,75.0,0.17,0.13,0.2,75.0,85.37,-10.37,0,0.0,少数参考,参考
3976,内田圭,2,2,16,6.25,25.0,25.0,56.25,0.172,0.08,0.27,6.25,57.15,-0.9,0,0.0,標準,B
4410,井上大輔,3,3,10,10.0,30.0,10.0,50.0,0.181,0.05,0.31,20.0,55.75,-5.75,0,0.0,標準,B
4523,中村辰也,4,4,12,25.0,8.33,16.67,50.0,0.175,0.09,0.31,33.33,47.51,2.49,0,0.0,標準,B
4729,佐藤謙史朗,5,5,13,15.38,0.0,0.0,15.38,0.145,0.04,0.35,23.08,35.28,-19.9,0,0.0,苦手,B
3789,和田敏彦,6,6,3,0.0,0.0,33.33,33.33,0.32,0.27,0.37,0.0,22.5,10.83,0,0.0,少数参考,参考
3855,大熊辰弥,2,2,7,14.29,28.57,0.0,42.86,0.201,0.15,0.31,0.0,57.15,-14.29,0,0.0,苦手,C
3986,沖島広和,6,5,4,0.0,0.0,25.0,25.0,0.177,0.12,0.26,0.0,35.28,-10.28,4,100.0,少数参考,参考
4366,前沢丈史,1,1,8,75.0,12.5,12.5,100.0,0.169,0.1,0.2,12.5,85.37,14.63,0,0.0,得意,C
3881,浦上拓也,3,3,12,16.67,16.67,16.67,50.0,0.143,0.07,0.26,16.67,55.75,-5.75,0,0.0,標準,B
4000,松本博昭,5,5,8,0.0,12.5,25.0,37.5,0.175,0.12,0.26,25.0,35.28,2.22,0,0.0,標準,C
3441,土屋太朗,1,1,5,40.0,20.0,0.0,60.0,0.192,0.13,0.27,20.0,85.37,-25.37,0,0.0,苦手,C
3975,小野寺智洋,4,4,6,0.0,16.67,33.33,50.0,0.197,0.03,0.28,16.67,47.51,2.49,0,0.0,標準,C
3936,三瀬譲,5,5,4,0.0,25.0,0.0,25.0,0.177,0.12,0.31,25.0,35.28,-10.28,0,0.0,少数参考,参考
3872,岡田憲行,1,1,11,81.82,18.18,0.0,100.0,0.147,0.06,0.26,36.36,85.37,14.63,0,0.0,得意,B
3782,伊藤宏,2,2,4,0.0,25.0,25.0,50.0,0.152,0.03,0.23,0.0,57.15,-7.15,0,0.0,少数参考,参考
4290,稲田浩二,3,3,4,0.0,25.0,0.0,25.0,0.237,0.14,0.35,0.0,55.75,-30.75,0,0.0,少数参考,参考
3461,渡邊哲也,4,4,4,0.0,25.0,25.0,50.0,0.193,0.13,0.3,50.0,47.51,2.49,0,0.0,少数参考,参考
3934,鋤柄貴俊,5,5,6,16.67,16.67,33.33,66.67,0.178,0.08,0.3,16.67,35.28,31.39,0,0.0,得意,C
3612,馬袋義則,6,6,3,33.33,0.0,33.33,66.67,0.193,0.08,0.29,33.33,22.5,44.17,0,0.0,少数参考,参考
3946,赤岩善生,1,1,8,50.0,50.0,0.0,100.0,0.131,0.05,0.19,12.5,85.37,14.63,0,0.0,得意,C
4366,前沢丈史,4,4,6,16.67,50.0,33.33,100.0,0.112,0.03,0.2,33.33,47.51,52.49,0,0.0,得意,C
3986,沖島広和,5,5,7,0.0,28.57,14.29,42.86,0.146,0.06,0.2,28.57,35.28,7.58,0,0.0,やや得意,C
4177,萬正嗣,6,6,6,0.0,16.67,33.33,50.0,0.207,0.16,0.27,16.67,22.5,27.5,0,0.0,得意,C
3335,小菅文隆,4,4,3,0.0,0.0,0.0,0.0,0.223,0.12,0.28,33.33,47.51,-47.51,0,0.0,少数参考,参考
4729,佐藤謙史朗,6,6,10,0.0,0.0,10.0,10.0,0.194,0.12,0.3,0.0,22.5,-12.5,0,0.0,苦手,B
4417,服部剛,1,1,5,40.0,40.0,20.0,100.0,0.212,0.11,0.32,0.0,85.37,14.63,0,0.0,得意,C
4523,中村辰也,3,3,10,30.0,30.0,30.0,90.0,0.125,0.03,0.25,30.0,55.75,34.25,0,0.0,得意,B
3612,馬袋義則,4,4,6,0.0,16.67,33.33,50.0,0.145,0.07,0.24,16.67,47.51,2.49,0,0.0,標準,C
3855,大熊辰弥,5,5,7,0.0,0.0,57.14,57.14,0.253,0.19,0.38,0.0,35.28,21.86,0,0.0,得意,C
4111,奥田誠,6,6,8,0.0,0.0,12.5,12.5,0.25,0.16,0.42,0.0,22.5,-10.0,0,0.0,苦手,C
3461,渡邊哲也,1,1,4,50.0,0.0,25.0,75.0,0.145,0.1,0.2,25.0,85.37,-10.37,0,0.0,少数参考,参考
3153,前川竜次,2,2,4,25.0,25.0,25.0,75.0,0.205,0.15,0.24,0.0,57.15,17.85,0,0.0,少数参考,参考
3936,三瀬譲,1,1,4,75.0,0.0,25.0,100.0,0.15,0.07,0.19,50.0,85.37,14.63,0,0.0,少数参考,参考
3986,沖島広和,2,2,4,25.0,75.0,0.0,100.0,0.193,0.16,0.23,0.0,57.15,42.85,0,0.0,少数参考,参考
4000,松本博昭,4,4,7,14.29,14.29,42.86,71.43,0.149,0.02,0.27,42.86,47.51,23.92,0,0.0,得意,C
4366,前沢丈史,5,5,4,25.0,25.0,25.0,75.0,0.122,0.06,0.15,25.0,35.28,39.72,0,0.0,少数参考,参考
3459,中野和裕,1,1,7,14.29,14.29,42.86,71.43,0.187,0.07,0.3,28.57,85.37,-13.94,0,0.0,苦手,C
4177,萬正嗣,2,2,8,12.5,25.0,37.5,75.0,0.152,0.05,0.29,25.0,57.15,17.85,0,0.0,得意,C
3623,深川真二,3,3,4,25.0,50.0,25.0,100.0,0.128,0.1,0.17,25.0,55.75,44.25,0,0.0,少数参考,参考
4411,沢田昭宏,4,4,5,0.0,0.0,40.0,40.0,0.192,0.17,0.21,0.0,47.51,-7.51,0,0.0,標準,C
3975,小野寺智洋,5,5,6,0.0,0.0,33.33,33.33,0.15,0.08,0.2,16.67,35.28,-1.95,0,0.0,標準,C
3153,前川竜次,1,1,4,50.0,50.0,0.0,100.0,0.235,0.18,0.31,0.0,85.37,14.63,0,0.0,少数参考,参考
3506,宮西真昭,2,2,3,0.0,33.33,0.0,33.33,0.207,0.16,0.25,0.0,57.15,-23.82,0,0.0,少数参考,参考
3761,山本光雄,3,3,6,0.0,50.0,16.67,66.67,0.195,0.06,0.3,33.33,55.75,10.92,0,0.0,得意,C
3881,浦上拓也,4,4,9,0.0,11.11,0.0,11.11,0.194,0.12,0.34,11.11,47.51,-36.4,0,0.0,苦手,C
3929,杢野誓良,5,5,10,10.0,0.0,60.0,70.0,0.138,0.06,0.26,30.0,35.28,34.72,0,0.0,得意,B
3986,沖島広和,3,3,5,0.0,20.0,40.0,60.0,0.19,0.09,0.27,20.0,55.75,4.25,0,0.0,やや得意,C
4253,西川真人,1,1,3,66.67,0.0,33.33,100.0,0.167,0.11,0.2,33.33,85.37,14.63,0,0.0,少数参考,参考
3459,中野和裕,4,5,3,0.0,0.0,0.0,0.0,0.263,0.12,0.49,0.0,35.28,-35.28,3,100.0,少数参考,参考
3881,浦上拓也,1,1,8,50.0,12.5,0.0,62.5,0.13,0.07,0.2,37.5,85.37,-22.87,0,0.0,得意,C
3441,土屋太朗,3,3,7,0.0,14.29,0.0,14.29,0.176,0.13,0.24,0.0,55.75,-41.46,0,0.0,苦手,C
4111,奥田誠,4,4,8,12.5,12.5,25.0,50.0,0.19,0.1,0.31,0.0,47.51,2.49,0,0.0,標準,C
3782,伊藤宏,5,5,3,0.0,0.0,0.0,0.0,0.133,0.1,0.19,33.33,35.28,-35.28,0,0.0,少数参考,参考
3975,小野寺智洋,6,6,9,0.0,22.22,11.11,33.33,0.126,0.02,0.26,11.11,22.5,10.83,0,0.0,得意,C
3934,鋤柄貴俊,3,3,3,33.33,0.0,33.33,66.67,0.183,0.14,0.22,33.33,55.75,10.92,0,0.0,少数参考,参考
4417,服部剛,4,4,5,0.0,0.0,0.0,0.0,0.196,0.11,0.28,0.0,47.51,-47.51,0,0.0,苦手,C
4290,稲田浩二,5,5,5,0.0,0.0,0.0,0.0,0.132,0.07,0.19,20.0,35.28,-35.28,0,0.0,苦手,C
3929,杢野誓良,6,6,5,0.0,20.0,20.0,40.0,0.174,0.14,0.21,40.0,22.5,17.5,0,0.0,得意,C
4523,中村辰也,6,6,10,0.0,20.0,30.0,50.0,0.168,0.08,0.31,30.0,22.5,27.5,0,0.0,得意,B
2816,陶山秀徳,2,2,4,25.0,0.0,0.0,25.0,0.24,0.16,0.3,0.0,57.15,-32.15,0,0.0,少数参考,参考
3936,三瀬譲,4,4,4,0.0,25.0,50.0,75.0,0.163,0.11,0.22,25.0,47.51,27.49,0,0.0,少数参考,参考
3976,内田圭,1,1,11,45.45,27.27,0.0,72.73,0.128,0.01,0.21,45.45,85.37,-12.64,0,0.0,得意,B
3441,土屋太朗,2,2,5,0.0,20.0,40.0,60.0,0.236,0.13,0.38,0.0,57.15,2.85,0,0.0,標準,C
4472,尾嶋一広,4,4,7,14.29,28.57,28.57,71.43,0.101,0.07,0.15,42.86,47.51,23.92,0,0.0,得意,C
3612,馬袋義則,2,2,6,33.33,16.67,33.33,83.33,0.132,0.06,0.26,16.67,57.15,26.18,0,0.0,得意,C
4417,服部剛,3,3,3,0.0,0.0,66.67,66.67,0.193,0.15,0.24,0.0,55.75,10.92,0,0.0,少数参考,参考
2276,古谷猛,6,6,3,0.0,0.0,0.0,0.0,0.2,0.09,0.29,0.0,22.5,-22.5,0,0.0,少数参考,参考
3875,廣中良一,6,6,17,0.0,5.88,0.0,5.88,0.242,0.13,0.34,5.88,22.5,-16.62,0,0.0,苦手,B
4111,奥田誠,1,1,7,42.86,14.29,0.0,57.14,0.159,0.11,0.22,0.0,85.37,-28.23,0,0.0,苦手,C
3459,中野和裕,5,5,10,0.0,10.0,0.0,10.0,0.145,0.06,0.27,50.0,35.28,-25.28,0,0.0,苦手,B
4253,西川真人,2,2,3,0.0,0.0,33.33,33.33,0.217,0.19,0.25,0.0,57.15,-23.82,0,0.0,少数参考,参考
3789,和田敏彦,5,5,4,0.0,0.0,0.0,0.0,0.193,0.13,0.24,0.0,35.28,-35.28,0,0.0,少数参考,参考
4366,前沢丈史,2,2,6,0.0,33.33,0.0,33.33,0.155,0.07,0.25,0.0,57.15,-23.82,0,0.0,苦手,C
4411,沢田昭宏,6,6,5,0.0,0.0,0.0,0.0,0.158,0.09,0.22,20.0,22.5,-22.5,0,0.0,苦手,C
3623,深川真二,2,2,12,25.0,50.0,0.0,75.0,0.172,0.04,0.46,8.33,57.15,17.85,0,0.0,得意,B
4000,松本博昭,3,3,8,0.0,37.5,12.5,50.0,0.163,0.08,0.25,12.5,55.75,-5.75,0,0.0,標準,C
3929,杢野誓良,4,4,6,0.0,16.67,16.67,33.33,0.162,0.11,0.22,16.67,47.51,-14.18,0,0.0,苦手,C
3936,三瀬譲,6,6,4,0.0,25.0,50.0,75.0,0.168,0.1,0.27,50.0,22.5,52.5,0,0.0,少数参考,参考
4472,尾嶋一広,1,1,11,54.55,36.36,0.0,90.91,0.164,0.09,0.31,27.27,85.37,5.54,0,0.0,得意,B
4111,奥田誠,3,3,8,25.0,12.5,37.5,75.0,0.136,0.08,0.21,37.5,55.75,19.25,0,0.0,得意,C
4410,井上大輔,1,1,12,25.0,41.67,16.67,83.33,0.132,0.04,0.2,33.33,85.37,-2.04,0,0.0,得意,B
4523,中村辰也,1,1,14,64.29,14.29,21.43,100.0,0.119,0.07,0.17,50.0,85.37,14.63,0,0.0,得意,B
4472,尾嶋一広,6,6,8,12.5,25.0,25.0,62.5,0.128,0.06,0.21,12.5,22.5,40.0,0,0.0,得意,C
2276,古谷猛,5,5,3,0.0,0.0,0.0,0.0,0.183,0.11,0.28,33.33,35.28,-35.28,0,0.0,少数参考,参考
3441,土屋太朗,5,5,4,0.0,25.0,0.0,25.0,0.273,0.14,0.56,0.0,35.28,-10.28,0,0.0,少数参考,参考
4410,井上大輔,6,6,7,14.29,28.57,14.29,57.14,0.151,0.01,0.26,57.14,22.5,34.64,0,0.0,得意,C
4729,佐藤謙史朗,5,6,3,0.0,0.0,0.0,0.0,0.16,0.09,0.21,0.0,22.5,-22.5,3,100.0,少数参考,参考
4000,松本博昭,6,5,3,0.0,0.0,0.0,0.0,0.113,0.08,0.16,33.33,35.28,-35.28,3,100.0,少数参考,参考
3153,前川竜次,3,3,3,0.0,33.33,66.67,100.0,0.243,0.16,0.35,0.0,55.75,44.25,0,0.0,少数参考,参考
3976,内田圭,4,4,15,13.33,6.67,6.67,26.67,0.169,0.03,0.27,13.33,47.51,-20.84,0,0.0,苦手,B
4111,奥田誠,5,6,3,0.0,0.0,66.67,66.67,0.183,0.16,0.22,0.0,22.5,44.17,3,100.0,少数参考,参考
4448,青木玄太,1,1,5,60.0,20.0,20.0,100.0,0.168,0.12,0.26,20.0,85.37,14.63,0,0.0,得意,C
3601,田村勇一,4,4,4,25.0,0.0,0.0,25.0,0.3,0.08,0.56,0.0,47.51,-22.51,0,0.0,少数参考,参考
2568,中村義雄,5,5,3,0.0,33.33,33.33,66.67,0.167,0.12,0.22,0.0,35.28,31.39,0,0.0,少数参考,参考
4826,井上一輝,6,6,9,22.22,0.0,22.22,44.44,0.126,0.05,0.21,33.33,22.5,21.94,0,0.0,得意,C
3135,山口博司,2,2,3,0.0,0.0,0.0,0.0,0.24,0.22,0.26,0.0,57.15,-57.15,0,0.0,少数参考,参考
4236,松村敏,4,4,6,16.67,16.67,50.0,83.33,0.155,0.11,0.23,16.67,47.51,35.82,0,0.0,得意,C
4194,齋藤篤,5,5,3,33.33,33.33,33.33,100.0,0.19,0.18,0.2,0.0,35.28,64.72,0,0.0,少数参考,参考
4810,後藤麦,6,6,9,0.0,0.0,0.0,0.0,0.157,0.03,0.26,11.11,22.5,-22.5,0,0.0,苦手,C
3555,野添貴裕,4,4,3,66.67,0.0,33.33,100.0,0.087,0.06,0.11,100.0,47.51,52.49,0,0.0,少数参考,参考
4375,照屋厚仁,5,5,8,0.0,25.0,12.5,37.5,0.159,0.06,0.22,25.0,35.28,2.22,0,0.0,標準,C
4269,杉山裕也,6,6,8,12.5,12.5,37.5,62.5,0.16,0.11,0.22,12.5,22.5,40.0,0,0.0,得意,C
3568,木村光宏,1,1,4,75.0,0.0,0.0,75.0,0.175,0.09,0.31,0.0,85.37,-10.37,0,0.0,少数参考,参考
4516,野口勝弘,2,2,8,0.0,50.0,37.5,87.5,0.168,0.07,0.29,37.5,57.15,30.35,0,0.0,得意,C
3896,上田洋平,5,5,3,0.0,33.33,33.33,66.67,0.23,0.1,0.39,33.33,35.28,31.39,0,0.0,少数参考,参考
4799,大山大我,6,6,5,0.0,0.0,0.0,0.0,0.23,0.12,0.54,20.0,22.5,-22.5,0,0.0,苦手,C
3613,角谷健吾,1,1,10,70.0,20.0,10.0,100.0,0.142,0.07,0.22,20.0,85.37,14.63,0,0.0,得意,B
4229,市川美宏,2,2,6,0.0,33.33,33.33,66.67,0.187,0.14,0.26,0.0,57.15,9.52,0,0.0,得意,C
2568,中村義雄,3,3,3,0.0,0.0,0.0,0.0,0.173,0.09,0.22,0.0,55.75,-55.75,0,0.0,少数参考,参考
4452,松尾祭,4,4,6,0.0,33.33,33.33,66.67,0.222,0.12,0.26,0.0,47.51,19.16,0,0.0,得意,C
4153,佐々木巌,5,5,6,0.0,16.67,16.67,33.33,0.237,0.13,0.32,0.0,35.28,-1.95,0,0.0,標準,C
3537,田山和広,6,6,3,0.0,0.0,0.0,0.0,0.143,0.08,0.24,0.0,22.5,-22.5,0,0.0,少数参考,参考
3508,久富政弘,4,4,6,16.67,0.0,33.33,50.0,0.203,0.13,0.28,16.67,47.51,2.49,0,0.0,標準,C
4826,井上一輝,5,5,8,12.5,0.0,12.5,25.0,0.121,0.1,0.19,25.0,35.28,-10.28,0,0.0,苦手,C
3601,田村勇一,2,2,6,0.0,33.33,0.0,33.33,0.173,0.1,0.22,0.0,57.15,-23.82,0,0.0,苦手,C
4810,後藤麦,5,6,4,0.0,0.0,0.0,0.0,0.135,0.05,0.21,50.0,22.5,-22.5,4,100.0,少数参考,参考
3135,山口博司,1,1,3,33.33,66.67,0.0,100.0,0.213,0.14,0.28,33.33,85.37,14.63,0,0.0,少数参考,参考
3912,川原正明,2,2,5,20.0,20.0,0.0,40.0,0.15,0.09,0.25,40.0,57.15,-17.15,0,0.0,苦手,C
3743,林美憲,5,3,3,0.0,33.33,33.33,66.67,0.137,0.09,0.22,33.33,55.75,10.92,3,100.0,少数参考,参考
4072,森永淳,6,6,8,12.5,12.5,25.0,50.0,0.128,0.06,0.22,37.5,22.5,27.5,0,0.0,得意,C
3997,北村征嗣,1,1,12,75.0,0.0,16.67,91.67,0.179,0.12,0.26,16.67,85.37,6.3,0,0.0,得意,B
4153,佐々木巌,6,6,3,0.0,0.0,0.0,0.0,0.197,0.09,0.32,66.67,22.5,-22.5,0,0.0,少数参考,参考
3655,本橋克洋,1,1,6,66.67,0.0,16.67,83.33,0.208,0.18,0.25,33.33,85.37,-2.04,0,0.0,標準,C
4580,長谷川雅和,2,2,6,33.33,33.33,16.67,83.33,0.182,0.13,0.23,33.33,57.15,26.18,0,0.0,得意,C
4452,松尾祭,6,6,4,0.0,0.0,25.0,25.0,0.275,0.24,0.35,0.0,22.5,2.5,0,0.0,少数参考,参考
3743,林美憲,3,3,8,12.5,25.0,25.0,62.5,0.143,0.11,0.19,37.5,55.75,6.75,0,0.0,やや得意,C
3613,角谷健吾,2,2,7,0.0,0.0,28.57,28.57,0.19,0.14,0.28,0.0,57.15,-28.58,0,0.0,苦手,C
3997,北村征嗣,3,3,9,0.0,33.33,22.22,55.56,0.2,0.11,0.4,33.33,55.75,-0.19,0,0.0,標準,C
3568,木村光宏,4,4,3,0.0,66.67,0.0,66.67,0.163,0.12,0.24,0.0,47.51,19.16,0,0.0,少数参考,参考
4072,森永淳,5,5,7,14.29,28.57,42.86,85.71,0.16,0.11,0.24,42.86,35.28,50.43,0,0.0,得意,C
4236,松村敏,6,6,7,0.0,28.57,14.29,42.86,0.12,0.09,0.15,71.43,22.5,20.36,0,0.0,得意,C
4269,杉山裕也,1,1,14,85.71,0.0,7.14,92.86,0.122,0.03,0.2,57.14,85.37,7.49,0,0.0,得意,B
3507,藤井徹,3,3,5,0.0,60.0,0.0,60.0,0.19,0.15,0.24,0.0,55.75,4.25,0,0.0,やや得意,C
3896,上田洋平,1,1,4,75.0,0.0,0.0,75.0,0.125,0.01,0.22,50.0,85.37,-10.37,0,0.0,少数参考,参考
3666,内野省一,2,2,4,0.0,50.0,50.0,100.0,0.168,0.11,0.23,0.0,57.15,42.85,0,0.0,少数参考,参考
3508,久富政弘,3,3,6,0.0,66.67,16.67,83.33,0.192,0.08,0.26,16.67,55.75,27.58,0,0.0,得意,C
4375,照屋厚仁,2,2,9,0.0,44.44,11.11,55.56,0.18,0.13,0.25,0.0,57.15,-1.59,0,0.0,標準,C
3743,林美憲,4,4,10,10.0,20.0,40.0,70.0,0.146,0.09,0.22,40.0,47.51,22.49,0,0.0,得意,B
3655,本橋克洋,5,5,4,0.0,0.0,25.0,25.0,0.158,0.08,0.26,0.0,35.28,-10.28,0,0.0,少数参考,参考
3613,角谷健吾,6,6,6,0.0,16.67,0.0,16.67,0.18,0.08,0.25,16.67,22.5,-5.83,0,0.0,標準,C
4437,中田元泰,5,5,11,9.09,18.18,27.27,54.55,0.151,0.08,0.24,27.27,35.28,19.27,0,0.0,得意,B
4072,森永淳,3,3,8,12.5,50.0,25.0,87.5,0.168,0.09,0.27,12.5,55.75,31.75,0,0.0,得意,C
4580,長谷川雅和,5,5,4,0.0,0.0,0.0,0.0,0.22,0.11,0.34,0.0,35.28,-35.28,0,0.0,少数参考,参考
3555,野添貴裕,3,3,6,16.67,33.33,33.33,83.33,0.137,0.05,0.18,33.33,55.75,27.58,0,0.0,得意,C
4229,市川美宏,4,4,3,0.0,0.0,33.33,33.33,0.183,0.09,0.25,0.0,47.51,-14.18,0,0.0,少数参考,参考
3912,川原正明,5,5,5,20.0,0.0,0.0,20.0,0.108,0.03,0.18,80.0,35.28,-15.28,0,0.0,苦手,C
3997,北村征嗣,6,6,7,0.0,0.0,28.57,28.57,0.219,0.16,0.29,0.0,22.5,6.07,0,0.0,やや得意,C
4153,佐々木巌,2,2,7,14.29,14.29,28.57,57.14,0.203,0.13,0.28,14.29,57.15,-0.01,0,0.0,標準,C
4452,松尾祭,1,1,7,42.86,14.29,0.0,57.14,0.203,0.08,0.31,0.0,85.37,-28.23,0,0.0,苦手,C
3507,藤井徹,2,2,5,0.0,0.0,40.0,40.0,0.21,0.19,0.25,0.0,57.15,-17.15,0,0.0,苦手,C
3568,木村光宏,3,3,6,16.67,16.67,33.33,66.67,0.143,0.12,0.17,16.67,55.75,10.92,0,0.0,得意,C
3537,田山和広,2,2,3,0.0,33.33,0.0,33.33,0.143,0.08,0.2,0.0,57.15,-23.82,0,0.0,少数参考,参考
4826,井上一輝,4,4,9,0.0,22.22,11.11,33.33,0.133,0.03,0.24,22.22,47.51,-14.18,0,0.0,苦手,C
3508,久富政弘,5,5,4,0.0,25.0,0.0,25.0,0.163,0.09,0.23,25.0,35.28,-10.28,0,0.0,少数参考,参考
4236,松村敏,1,1,18,94.44,5.56,0.0,100.0,0.108,0.02,0.2,50.0,85.37,14.63,0,0.0,得意,B
3896,上田洋平,2,2,3,0.0,66.67,0.0,66.67,0.157,0.13,0.2,66.67,57.15,9.52,0,0.0,少数参考,参考
3743,林美憲,1,1,18,66.67,16.67,11.11,94.44,0.133,0.01,0.24,22.22,85.37,9.07,0,0.0,得意,B
4269,杉山裕也,2,2,12,0.0,33.33,33.33,66.67,0.133,0.04,0.19,33.33,57.15,9.52,0,0.0,得意,B
4072,森永淳,1,1,17,64.71,17.65,11.76,94.12,0.13,0.05,0.24,29.41,85.37,8.75,0,0.0,得意,B
3555,野添貴裕,2,2,3,33.33,33.33,33.33,100.0,0.147,0.1,0.23,0.0,57.15,42.85,0,0.0,少数参考,参考
3613,角谷健吾,3,3,8,25.0,25.0,12.5,62.5,0.12,0.08,0.17,37.5,55.75,6.75,0,0.0,得意,C
4437,中田元泰,6,6,8,0.0,12.5,25.0,37.5,0.152,0.1,0.24,25.0,22.5,15.0,0,0.0,得意,C
3537,田山和広,3,3,3,0.0,0.0,33.33,33.33,0.16,0.13,0.19,33.33,55.75,-22.42,0,0.0,少数参考,参考
4078,渡辺史之,5,5,3,0.0,66.67,0.0,66.67,0.227,0.19,0.28,0.0,35.28,31.39,0,0.0,少数参考,参考
3912,川原正明,1,1,6,100.0,0.0,0.0,100.0,0.115,0.07,0.16,50.0,85.37,14.63,0,0.0,得意,C
3507,藤井徹,4,4,5,0.0,0.0,20.0,20.0,0.228,0.15,0.29,0.0,47.51,-27.51,0,0.0,苦手,C
4229,市川美宏,1,1,4,100.0,0.0,0.0,100.0,0.177,0.16,0.2,0.0,85.37,14.63,0,0.0,少数参考,参考
4269,杉山裕也,3,3,8,0.0,12.5,25.0,37.5,0.134,0.07,0.24,25.0,55.75,-18.25,0,0.0,苦手,C
3601,田村勇一,1,1,4,50.0,25.0,0.0,75.0,0.13,0.05,0.24,25.0,85.37,-10.37,0,0.0,少数参考,参考
4452,松尾祭,2,2,5,20.0,40.0,20.0,80.0,0.146,0.1,0.21,0.0,57.15,22.85,0,0.0,得意,C
4153,佐々木巌,3,3,8,0.0,12.5,12.5,25.0,0.152,0.07,0.25,12.5,55.75,-30.75,0,0.0,苦手,C
4236,松村敏,5,5,8,12.5,25.0,37.5,75.0,0.131,0.07,0.2,37.5,35.28,39.72,0,0.0,得意,C
3613,角谷健吾,4,4,3,0.0,66.67,0.0,66.67,0.14,0.11,0.19,33.33,47.51,19.16,0,0.0,少数参考,参考
3666,内野省一,6,6,3,0.0,0.0,66.67,66.67,0.243,0.21,0.27,0.0,22.5,44.17,0,0.0,少数参考,参考
3743,林美憲,6,4,4,50.0,0.0,25.0,75.0,0.133,0.09,0.17,25.0,47.51,27.49,4,100.0,少数参考,参考
4516,野口勝弘,4,4,6,0.0,33.33,16.67,50.0,0.165,0.1,0.2,50.0,47.51,2.49,0,0.0,標準,C
4229,市川美宏,3,3,4,0.0,25.0,25.0,50.0,0.223,0.13,0.28,0.0,55.75,-5.75,0,0.0,少数参考,参考
3896,上田洋平,4,4,3,0.0,33.33,0.0,33.33,0.147,0.11,0.19,0.0,47.51,-14.18,0,0.0,少数参考,参考
4148,枝尾賢,5,5,5,0.0,20.0,40.0,60.0,0.152,0.1,0.21,0.0,35.28,24.72,0,0.0,得意,C
3655,本橋克洋,2,2,4,25.0,0.0,0.0,25.0,0.158,0.11,0.21,0.0,57.15,-32.15,0,0.0,少数参考,参考
3601,田村勇一,3,3,5,0.0,40.0,0.0,40.0,0.222,0.14,0.31,0.0,55.75,-15.75,0,0.0,苦手,C
4580,長谷川雅和,4,4,11,9.09,18.18,27.27,54.55,0.175,0.1,0.24,9.09,47.51,7.04,0,0.0,やや得意,B
4437,中田元泰,1,1,10,100.0,0.0,0.0,100.0,0.125,0.06,0.21,40.0,85.37,14.63,0,0.0,得意,B
4194,齋藤篤,2,2,3,0.0,0.0,33.33,33.33,0.24,0.17,0.35,0.0,57.15,-23.82,0,0.0,少数参考,参考
4236,松村敏,3,3,7,14.29,28.57,28.57,71.43,0.129,0.05,0.19,42.86,55.75,15.68,0,0.0,得意,C
3135,山口博司,4,4,4,0.0,0.0,25.0,25.0,0.198,0.07,0.26,0.0,47.51,-22.51,0,0.0,少数参考,参考
3912,川原正明,3,3,8,50.0,25.0,0.0,75.0,0.139,0.1,0.2,12.5,55.75,19.25,0,0.0,得意,C
3718,伊達正利,4,4,3,33.33,0.0,33.33,66.67,0.22,0.18,0.29,33.33,47.51,19.16,0,0.0,少数参考,参考
4269,杉山裕也,5,5,8,12.5,12.5,25.0,50.0,0.143,0.06,0.19,12.5,35.28,14.72,0,0.0,得意,C
3997,北村征嗣,2,2,8,37.5,37.5,12.5,87.5,0.176,0.08,0.23,12.5,57.15,30.35,0,0.0,得意,C
4448,青木玄太,3,3,3,0.0,0.0,66.67,66.67,0.213,0.19,0.24,0.0,55.75,10.92,0,0.0,少数参考,参考
3896,上田洋平,6,6,3,0.0,0.0,0.0,0.0,0.183,0.14,0.22,0.0,22.5,-22.5,0,0.0,少数参考,参考
4799,大山大我,4,4,3,0.0,33.33,0.0,33.33,0.287,0.26,0.31,0.0,47.51,-14.18,0,0.0,少数参考,参考
3601,田村勇一,5,5,3,0.0,0.0,0.0,0.0,0.273,0.17,0.33,0.0,35.28,-35.28,0,0.0,少数参考,参考
3537,田山和広,1,1,3,33.33,33.33,0.0,66.67,0.177,0.16,0.21,33.33,85.37,-18.7,0,0.0,少数参考,参考
4078,渡辺史之,2,2,3,0.0,0.0,0.0,0.0,0.237,0.18,0.27,0.0,57.15,-57.15,0,0.0,少数参考,参考
4269,杉山裕也,4,4,9,22.22,22.22,22.22,66.67,0.176,0.09,0.27,22.22,47.51,19.16,0,0.0,得意,C
3508,久富政弘,6,6,5,0.0,0.0,0.0,0.0,0.256,0.22,0.31,0.0,22.5,-22.5,0,0.0,苦手,C
4437,中田元泰,2,2,8,25.0,62.5,12.5,100.0,0.152,0.09,0.2,12.5,57.15,42.85,0,0.0,得意,C
4229,市川美宏,5,5,6,0.0,33.33,0.0,33.33,0.29,0.21,0.36,0.0,35.28,-1.95,0,0.0,標準,C
4448,青木玄太,2,2,3,33.33,66.67,0.0,100.0,0.187,0.15,0.25,0.0,57.15,42.85,0,0.0,少数参考,参考
4452,松尾祭,3,3,5,20.0,20.0,20.0,60.0,0.144,0.05,0.2,0.0,55.75,4.25,0,0.0,やや得意,C
3912,川原正明,4,4,3,33.33,0.0,0.0,33.33,0.167,0.14,0.19,33.33,47.51,-14.18,0,0.0,少数参考,参考
4516,野口勝弘,1,1,6,83.33,16.67,0.0,100.0,0.145,0.09,0.24,33.33,85.37,14.63,0,0.0,得意,C
3508,久富政弘,5,6,3,0.0,0.0,0.0,0.0,0.3,0.2,0.38,0.0,22.5,-22.5,3,100.0,少数参考,参考
3666,内野省一,5,5,4,0.0,0.0,25.0,25.0,0.193,0.16,0.25,0.0,35.28,-10.28,0,0.0,少数参考,参考
4229,市川美宏,6,6,4,0.0,0.0,0.0,0.0,0.217,0.17,0.25,0.0,22.5,-22.5,0,0.0,少数参考,参考
4452,松尾祭,5,5,4,25.0,0.0,0.0,25.0,0.203,0.15,0.27,0.0,35.28,-10.28,0,0.0,少数参考,参考
4437,中田元泰,3,3,10,30.0,10.0,40.0,80.0,0.138,0.08,0.21,30.0,55.75,24.25,0,0.0,得意,B
3997,北村征嗣,5,5,5,0.0,0.0,40.0,40.0,0.196,0.11,0.26,0.0,35.28,4.72,0,0.0,やや得意,C
4236,松村敏,2,2,9,33.33,33.33,11.11,77.78,0.124,0.07,0.19,66.67,57.15,20.63,0,0.0,得意,C
4072,森永淳,4,4,11,18.18,36.36,9.09,63.64,0.142,0.06,0.19,9.09,47.51,16.13,0,0.0,得意,B
3555,野添貴裕,5,5,4,0.0,25.0,0.0,25.0,0.147,0.11,0.18,0.0,35.28,-10.28,0,0.0,少数参考,参考
4516,野口勝弘,5,5,5,0.0,0.0,60.0,60.0,0.132,0.09,0.19,20.0,35.28,24.72,0,0.0,得意,C
4698,高山隆成,6,6,3,0.0,0.0,33.33,33.33,0.23,0.15,0.36,0.0,22.5,10.83,0,0.0,少数参考,参考
3568,木村光宏,2,2,3,0.0,66.67,0.0,66.67,0.12,0.09,0.17,0.0,57.15,9.52,0,0.0,少数参考,参考
3743,林美憲,2,2,13,15.38,30.77,15.38,61.54,0.142,0.01,0.22,15.38,57.15,4.39,0,0.0,やや得意,B
3896,上田洋平,3,3,4,0.0,0.0,50.0,50.0,0.13,0.04,0.25,25.0,55.75,-5.75,0,0.0,少数参考,参考
3997,北村征嗣,4,4,4,0.0,0.0,50.0,50.0,0.212,0.19,0.24,0.0,47.51,2.49,0,0.0,少数参考,参考
4437,中田元泰,4,4,7,42.86,0.0,14.29,57.14,0.139,0.09,0.21,42.86,47.51,9.63,0,0.0,得意,C
4396,大田直弥,5,5,16,6.25,12.5,6.25,25.0,0.18,0.08,0.27,0.0,35.28,-10.28,0,0.0,苦手,B
3508,久富政弘,1,1,5,40.0,20.0,0.0,60.0,0.192,0.11,0.26,0.0,85.37,-25.37,0,0.0,苦手,C
3666,内野省一,3,3,3,0.0,0.0,0.0,0.0,0.2,0.13,0.25,33.33,55.75,-55.75,0,0.0,少数参考,参考
4580,長谷川雅和,6,6,9,0.0,0.0,22.22,22.22,0.146,0.06,0.3,11.11,22.5,-0.28,0,0.0,標準,C
3470,新田芳美,1,1,6,83.33,0.0,16.67,100.0,0.155,0.07,0.22,16.67,85.37,14.63,0,0.0,得意,C
4224,大橋栄里佳,2,2,8,12.5,25.0,37.5,75.0,0.174,0.09,0.22,0.0,57.15,17.85,0,0.0,得意,C
4525,真子奈津実,3,3,7,14.29,0.0,14.29,28.57,0.147,0.1,0.19,0.0,55.75,-27.18,0,0.0,苦手,C
4720,西澤日花里,4,4,8,12.5,25.0,25.0,62.5,0.17,0.09,0.33,0.0,47.51,14.99,0,0.0,得意,C
4733,赤井睦,5,5,3,0.0,0.0,33.33,33.33,0.21,0.1,0.29,33.33,35.28,-1.95,0,0.0,少数参考,参考
4555,富永大一,2,2,8,0.0,12.5,25.0,37.5,0.228,0.12,0.39,0.0,57.15,-19.65,0,0.0,苦手,C
2997,池上正浩,2,2,4,50.0,50.0,0.0,100.0,0.253,0.22,0.28,0.0,57.15,42.85,0,0.0,少数参考,参考
3559,水長照雄,3,3,15,13.33,13.33,33.33,60.0,0.171,0.08,0.25,20.0,55.75,4.25,0,0.0,やや得意,B
4257,古川健,2,2,6,33.33,16.67,0.0,50.0,0.172,0.06,0.26,50.0,57.15,-7.15,0,0.0,標準,C
4722,竹野未華,5,6,3,0.0,0.0,0.0,0.0,0.213,0.1,0.28,0.0,22.5,-22.5,3,100.0,少数参考,参考
3443,森秋光,1,1,6,83.33,0.0,0.0,83.33,0.153,0.06,0.26,16.67,85.37,-2.04,0,0.0,得意,C
3928,林恵祐,2,2,8,0.0,62.5,12.5,75.0,0.171,0.06,0.24,0.0,57.15,17.85,0,0.0,得意,C
4736,高倉和士,2,2,10,30.0,50.0,10.0,90.0,0.095,0.04,0.21,40.0,57.15,32.85,0,0.0,得意,B
4720,西澤日花里,3,3,7,14.29,0.0,14.29,28.57,0.176,0.06,0.26,0.0,55.75,-27.18,0,0.0,苦手,C
3455,谷本幸司,4,4,7,0.0,14.29,14.29,28.57,0.143,0.11,0.17,28.57,47.51,-18.94,0,0.0,苦手,C
3561,池田真治,5,5,4,0.0,0.0,25.0,25.0,0.165,0.11,0.21,25.0,35.28,-10.28,0,0.0,少数参考,参考
3873,別府昌樹,6,6,3,0.0,33.33,0.0,33.33,0.19,0.14,0.26,0.0,22.5,10.83,0,0.0,少数参考,参考
2997,池上正浩,1,1,4,0.0,50.0,25.0,75.0,0.205,0.14,0.25,0.0,85.37,-10.37,0,0.0,少数参考,参考
4224,大橋栄里佳,3,3,6,16.67,0.0,33.33,50.0,0.2,0.11,0.31,16.67,55.75,-5.75,0,0.0,標準,C
4555,富永大一,4,4,6,0.0,50.0,33.33,83.33,0.14,0.07,0.25,33.33,47.51,35.82,0,0.0,得意,C
4538,笠置博之,5,5,3,0.0,33.33,0.0,33.33,0.17,0.1,0.29,33.33,35.28,-1.95,0,0.0,少数参考,参考
4672,守屋大地,2,2,8,0.0,37.5,37.5,75.0,0.198,0.1,0.27,0.0,57.15,17.85,0,0.0,得意,C
4234,野相弘司,4,4,5,0.0,20.0,40.0,60.0,0.19,0.07,0.34,40.0,47.51,12.49,0,0.0,得意,C
4037,別府正幸,6,6,4,0.0,0.0,25.0,25.0,0.18,0.06,0.31,25.0,22.5,2.5,0,0.0,少数参考,参考
4118,宇佐見淳,1,1,9,55.56,22.22,22.22,100.0,0.123,0.06,0.2,22.22,85.37,14.63,0,0.0,得意,C
3491,富永茂,3,3,3,0.0,0.0,66.67,66.67,0.233,0.18,0.28,33.33,55.75,10.92,0,0.0,少数参考,参考
3883,山根大樹,4,4,8,0.0,0.0,0.0,0.0,0.177,0.12,0.27,12.5,47.51,-47.51,0,0.0,苦手,C
4525,真子奈津実,5,5,7,14.29,14.29,0.0,28.57,0.181,0.11,0.3,28.57,35.28,-6.71,0,0.0,標準,C
4722,竹野未華,6,6,5,0.0,0.0,0.0,0.0,0.254,0.14,0.36,20.0,22.5,-22.5,0,0.0,苦手,C
3631,田添康介,1,1,8,62.5,12.5,12.5,87.5,0.181,0.09,0.25,12.5,85.37,2.13,0,0.0,標準,C
4023,柴田友和,2,2,11,9.09,0.0,9.09,18.18,0.188,0.06,0.32,18.18,57.15,-38.97,0,0.0,苦手,B
4522,古澤光紀,3,3,11,9.09,36.36,18.18,63.64,0.165,0.08,0.28,45.45,55.75,7.89,0,0.0,やや得意,B
3470,新田芳美,4,4,5,20.0,20.0,0.0,40.0,0.14,0.08,0.27,0.0,47.51,-7.51,0,0.0,標準,C
3559,水長照雄,5,5,14,0.0,21.43,7.14,28.57,0.15,0.03,0.31,21.43,35.28,-6.71,0,0.0,標準,B
3561,池田真治,6,6,3,0.0,0.0,0.0,0.0,0.243,0.11,0.48,33.33,22.5,-22.5,0,0.0,少数参考,参考
3025,山口哲治,2,2,3,0.0,0.0,66.67,66.67,0.143,0.13,0.15,0.0,57.15,9.52,0,0.0,少数参考,参考
4219,本岡勝利,4,4,4,0.0,0.0,50.0,50.0,0.195,0.14,0.24,0.0,47.51,2.49,0,0.0,少数参考,参考
4521,小池公生,5,5,6,16.67,50.0,0.0,66.67,0.198,0.13,0.29,0.0,35.28,31.39,0,0.0,得意,C
3455,谷本幸司,1,1,7,42.86,14.29,14.29,71.43,0.223,0.14,0.37,0.0,85.37,-13.94,0,0.0,苦手,C
3443,森秋光,2,2,4,25.0,25.0,0.0,50.0,0.113,0.05,0.17,25.0,57.15,-7.15,0,0.0,少数参考,参考
3736,岡本猛,3,3,10,10.0,40.0,20.0,70.0,0.152,0.05,0.29,20.0,55.75,14.25,0,0.0,得意,B
4118,宇佐見淳,4,4,4,25.0,0.0,50.0,75.0,0.158,0.12,0.21,0.0,47.51,27.49,0,0.0,少数参考,参考
4037,別府正幸,5,5,6,0.0,16.67,16.67,33.33,0.208,0.08,0.38,16.67,35.28,-1.95,0,0.0,標準,C
4501,樋口由加里,6,6,9,0.0,0.0,11.11,11.11,0.132,0.07,0.23,22.22,22.5,-11.39,0,0.0,苦手,C
4037,別府正幸,1,1,5,20.0,60.0,20.0,100.0,0.206,0.1,0.33,20.0,85.37,14.63,0,0.0,得意,C
3883,山根大樹,2,2,7,0.0,14.29,14.29,28.57,0.216,0.08,0.32,0.0,57.15,-28.58,0,0.0,苦手,C
4733,赤井睦,3,3,4,50.0,0.0,50.0,100.0,0.105,0.04,0.21,50.0,55.75,44.25,0,0.0,少数参考,参考
4234,野相弘司,1,1,6,50.0,16.67,16.67,83.33,0.212,0.05,0.41,50.0,85.37,-2.04,0,0.0,標準,C
3873,別府昌樹,3,3,3,33.33,0.0,33.33,66.67,0.22,0.14,0.26,33.33,55.75,10.92,0,0.0,少数参考,参考
4555,富永大一,5,5,5,0.0,0.0,20.0,20.0,0.212,0.11,0.28,20.0,35.28,-15.28,0,0.0,苦手,C
3491,富永茂,1,1,3,100.0,0.0,0.0,100.0,0.177,0.11,0.23,33.33,85.37,14.63,0,0.0,少数参考,参考
2997,池上正浩,5,2,3,66.67,33.33,0.0,100.0,0.227,0.18,0.3,0.0,57.15,42.85,3,100.0,少数参考,参考
4538,笠置博之,2,2,5,0.0,20.0,0.0,20.0,0.172,0.1,0.25,60.0,57.15,-37.15,0,0.0,苦手,C
3470,新田芳美,3,3,4,0.0,50.0,25.0,75.0,0.19,0.11,0.26,50.0,55.75,19.25,0,0.0,少数参考,参考
4501,樋口由加里,1,1,11,36.36,54.55,0.0,90.91,0.13,0.05,0.26,54.55,85.37,5.54,0,0.0,得意,B
3561,池田真治,2,2,6,16.67,16.67,0.0,33.33,0.185,0.11,0.27,33.33,57.15,-23.82,0,0.0,苦手,C
3928,林恵祐,3,3,5,20.0,20.0,20.0,60.0,0.186,0.11,0.24,0.0,55.75,4.25,0,0.0,やや得意,C
3559,水長照雄,1,1,12,50.0,16.67,8.33,75.0,0.182,0.06,0.36,16.67,85.37,-10.37,0,0.0,苦手,B
4733,赤井睦,2,2,4,0.0,25.0,25.0,50.0,0.253,0.17,0.37,0.0,57.15,-7.15,0,0.0,少数参考,参考
4118,宇佐見淳,6,6,5,0.0,0.0,60.0,60.0,0.194,0.1,0.33,20.0,22.5,37.5,0,0.0,得意,C
4720,西澤日花里,2,2,7,28.57,28.57,0.0,57.14,0.219,0.15,0.4,0.0,57.15,-0.01,0,0.0,標準,C
4672,守屋大地,3,3,7,28.57,0.0,14.29,42.86,0.206,0.07,0.39,14.29,55.75,-12.89,0,0.0,苦手,C
4219,本岡勝利,5,5,8,0.0,25.0,0.0,25.0,0.199,0.06,0.5,25.0,35.28,-10.28,0,0.0,苦手,C
4023,柴田友和,1,1,7,57.14,0.0,0.0,57.14,0.193,0.07,0.37,28.57,85.37,-28.23,0,0.0,苦手,C
2997,池上正浩,3,2,3,0.0,66.67,33.33,100.0,0.317,0.27,0.34,0.0,57.15,42.85,3,100.0,少数参考,参考
4538,笠置博之,4,4,5,60.0,0.0,20.0,80.0,0.196,0.17,0.23,0.0,47.51,32.49,0,0.0,得意,C
4257,古川健,5,5,9,0.0,0.0,0.0,0.0,0.191,0.08,0.28,11.11,35.28,-35.28,0,0.0,苦手,C
3455,谷本幸司,6,6,8,0.0,12.5,12.5,25.0,0.185,0.12,0.24,25.0,22.5,2.5,0,0.0,標準,C
3873,別府昌樹,1,1,6,33.33,0.0,33.33,66.67,0.272,0.18,0.38,0.0,85.37,-18.7,0,0.0,苦手,C
3736,岡本猛,4,4,6,33.33,33.33,16.67,83.33,0.135,0.05,0.21,16.67,47.51,35.82,0,0.0,得意,C
4736,高倉和士,5,5,9,11.11,11.11,0.0,22.22,0.152,0.07,0.25,22.22,35.28,-13.06,0,0.0,苦手,C
4521,小池公生,1,1,8,87.5,12.5,0.0,100.0,0.113,0.04,0.18,37.5,85.37,14.63,0,0.0,得意,C
4501,樋口由加里,2,2,5,0.0,20.0,40.0,60.0,0.158,0.12,0.21,0.0,57.15,2.85,0,0.0,標準,C
4037,別府正幸,4,4,5,0.0,40.0,20.0,60.0,0.182,0.15,0.21,0.0,47.51,12.49,0,0.0,得意,C
2878,富山弘幸,5,5,5,0.0,20.0,20.0,40.0,0.228,0.12,0.43,20.0,35.28,4.72,0,0.0,やや得意,C
4522,古澤光紀,1,1,11,90.91,0.0,9.09,100.0,0.152,0.04,0.34,45.45,85.37,14.63,0,0.0,得意,B
3631,田添康介,4,4,13,0.0,23.08,23.08,46.15,0.189,0.09,0.33,0.0,47.51,-1.36,0,0.0,標準,B
4224,大橋栄里佳,5,5,8,0.0,12.5,25.0,37.5,0.184,0.14,0.21,12.5,35.28,2.22,0,0.0,標準,C
3736,岡本猛,1,1,8,12.5,37.5,37.5,87.5,0.171,0.08,0.28,37.5,85.37,2.13,0,0.0,標準,C
4234,野相弘司,2,2,5,20.0,20.0,0.0,40.0,0.228,0.17,0.36,20.0,57.15,-17.15,0,0.0,苦手,C
4257,古川健,3,3,7,0.0,14.29,42.86,57.14,0.157,0.12,0.22,28.57,55.75,1.39,0,0.0,標準,C
3722,西村秀樹,3,3,5,0.0,20.0,40.0,60.0,0.228,0.17,0.3,20.0,55.75,4.25,0,0.0,やや得意,C
4736,高倉和士,4,4,9,22.22,55.56,22.22,100.0,0.167,0.05,0.33,22.22,47.51,52.49,0,0.0,得意,C
4722,竹野未華,5,5,5,0.0,0.0,20.0,20.0,0.162,0.06,0.3,20.0,35.28,-15.28,0,0.0,苦手,C
4525,真子奈津実,2,2,8,12.5,25.0,12.5,50.0,0.156,0.06,0.28,25.0,57.15,-7.15,0,0.0,標準,C
3443,森秋光,4,4,3,33.33,33.33,0.0,66.67,0.187,0.15,0.21,33.33,47.51,19.16,0,0.0,少数参考,参考
3631,田添康介,2,2,7,0.0,0.0,14.29,14.29,0.123,0.08,0.17,28.57,57.15,-42.86,0,0.0,苦手,C
3025,山口哲治,3,3,3,0.0,33.33,0.0,33.33,0.133,0.1,0.16,0.0,55.75,-22.42,0,0.0,少数参考,参考
3561,池田真治,1,1,4,25.0,50.0,0.0,75.0,0.145,0.08,0.28,0.0,85.37,-10.37,0,0.0,少数参考,参考
4118,宇佐見淳,3,3,5,20.0,20.0,20.0,60.0,0.128,0.08,0.2,0.0,55.75,4.25,0,0.0,やや得意,C
4234,野相弘司,5,5,5,0.0,0.0,20.0,20.0,0.206,0.14,0.26,0.0,35.28,-15.28,0,0.0,苦手,C
3491,富永茂,2,2,5,0.0,20.0,20.0,40.0,0.166,0.08,0.3,0.0,57.15,-17.15,0,0.0,苦手,C
4538,笠置博之,3,3,4,25.0,25.0,0.0,50.0,0.14,0.07,0.32,25.0,55.75,-5.75,0,0.0,少数参考,参考
3928,林恵祐,1,1,5,60.0,20.0,0.0,80.0,0.152,0.07,0.21,20.0,85.37,-5.37,0,0.0,得意,C
3883,山根大樹,5,5,5,0.0,20.0,0.0,20.0,0.192,0.1,0.25,20.0,35.28,-15.28,0,0.0,苦手,C
4023,柴田友和,6,6,7,0.0,0.0,0.0,0.0,0.179,0.14,0.27,0.0,22.5,-22.5,0,0.0,苦手,C
4224,大橋栄里佳,1,1,5,40.0,20.0,20.0,80.0,0.224,0.18,0.29,0.0,85.37,-5.37,0,0.0,標準,C
3873,別府昌樹,2,2,3,33.33,33.33,0.0,66.67,0.19,0.09,0.25,0.0,57.15,9.52,0,0.0,少数参考,参考
4501,樋口由加里,3,3,8,25.0,12.5,12.5,50.0,0.168,0.08,0.24,25.0,55.75,-5.75,0,0.0,標準,C
3358,桑原明,4,4,3,33.33,0.0,33.33,66.67,0.157,0.08,0.24,0.0,47.51,19.16,0,0.0,少数参考,参考
3722,西村秀樹,5,5,6,0.0,0.0,33.33,33.33,0.132,0.05,0.21,0.0,35.28,-1.95,0,0.0,標準,C
3559,水長照雄,6,6,12,0.0,16.67,8.33,25.0,0.171,0.02,0.27,25.0,22.5,2.5,0,0.0,標準,B
4219,本岡勝利,3,3,6,0.0,33.33,50.0,83.33,0.135,0.09,0.21,33.33,55.75,27.58,0,0.0,得意,C
4257,古川健,4,4,8,0.0,12.5,12.5,25.0,0.151,0.09,0.21,0.0,47.51,-22.51,0,0.0,苦手,C
4672,守屋大地,5,5,8,0.0,0.0,0.0,0.0,0.164,0.11,0.24,25.0,35.28,-35.28,0,0.0,苦手,C
3561,池田真治,3,3,9,0.0,22.22,44.44,66.67,0.18,0.07,0.26,22.22,55.75,10.92,0,0.0,得意,C
3455,谷本幸司,2,2,7,28.57,42.86,0.0,71.43,0.181,0.13,0.28,14.29,57.15,14.28,0,0.0,得意,C
3873,別府昌樹,4,4,3,0.0,0.0,33.33,33.33,0.163,0.15,0.18,0.0,47.51,-14.18,0,0.0,少数参考,参考
4521,小池公生,6,6,4,0.0,0.0,0.0,0.0,0.185,0.1,0.34,0.0,22.5,-22.5,0,0.0,少数参考,参考
4224,大橋栄里佳,6,6,5,0.0,0.0,20.0,20.0,0.178,0.07,0.28,0.0,22.5,-2.5,0,0.0,標準,C
3631,田添康介,5,5,10,0.0,0.0,20.0,20.0,0.155,0.03,0.25,10.0,35.28,-15.28,0,0.0,苦手,B
3722,西村秀樹,1,1,4,75.0,25.0,0.0,100.0,0.185,0.12,0.24,0.0,85.37,14.63,0,0.0,少数参考,参考
4501,樋口由加里,4,4,7,0.0,14.29,28.57,42.86,0.157,0.09,0.22,14.29,47.51,-4.65,0,0.0,標準,C
3883,山根大樹,1,1,4,50.0,0.0,50.0,100.0,0.125,0.08,0.16,75.0,85.37,14.63,0,0.0,少数参考,参考
3455,谷本幸司,3,3,4,0.0,50.0,0.0,50.0,0.158,0.12,0.24,25.0,55.75,-5.75,0,0.0,少数参考,参考
4037,別府正幸,3,3,6,16.67,16.67,0.0,33.33,0.267,0.15,0.39,0.0,55.75,-22.42,0,0.0,苦手,C
3722,西村秀樹,4,4,9,0.0,11.11,22.22,33.33,0.18,0.08,0.27,11.11,47.51,-14.18,0,0.0,苦手,C
4720,西澤日花里,5,5,5,0.0,0.0,20.0,20.0,0.172,0.1,0.22,0.0,35.28,-15.28,0,0.0,苦手,C
3928,林恵祐,4,4,7,0.0,14.29,0.0,14.29,0.181,0.12,0.24,28.57,47.51,-33.22,0,0.0,苦手,C
4522,古澤光紀,2,2,7,42.86,14.29,0.0,57.14,0.131,0.05,0.18,57.14,57.15,-0.01,0,0.0,標準,C
3631,田添康介,3,3,10,20.0,10.0,10.0,40.0,0.181,0.01,0.49,30.0,55.75,-15.75,0,0.0,苦手,B
4219,本岡勝利,6,6,3,0.0,0.0,0.0,0.0,0.193,0.19,0.2,0.0,22.5,-22.5,0,0.0,少数参考,参考
4736,高倉和士,1,1,11,90.91,0.0,9.09,100.0,0.106,0.02,0.18,54.55,85.37,14.63,0,0.0,得意,B
4538,笠置博之,6,6,4,25.0,0.0,0.0,25.0,0.15,0.11,0.21,75.0,22.5,2.5,0,0.0,少数参考,参考
4219,本岡勝利,2,2,7,0.0,28.57,14.29,42.86,0.186,0.11,0.24,0.0,57.15,-14.29,0,0.0,苦手,C
4234,野相弘司,3,3,4,25.0,25.0,0.0,50.0,0.15,0.08,0.21,25.0,55.75,-5.75,0,0.0,少数参考,参考
4118,宇佐見淳,5,5,6,0.0,16.67,16.67,33.33,0.163,0.11,0.23,16.67,35.28,-1.95,0,0.0,標準,C
4733,赤井睦,6,6,6,0.0,0.0,0.0,0.0,0.222,0.09,0.43,16.67,22.5,-22.5,0,0.0,苦手,C
4555,富永大一,6,6,3,0.0,0.0,33.33,33.33,0.143,0.07,0.18,0.0,22.5,10.83,0,0.0,少数参考,参考
4257,古川健,1,1,6,33.33,50.0,0.0,83.33,0.153,0.05,0.24,50.0,85.37,-2.04,0,0.0,得意,C
4179,広次修,3,4,3,0.0,33.33,0.0,33.33,0.143,0.13,0.16,33.33,47.51,-14.18,3,100.0,少数参考,参考
4525,真子奈津実,1,1,11,36.36,18.18,9.09,63.64,0.152,0.03,0.36,45.45,85.37,-21.73,0,0.0,得意,B
4672,守屋大地,1,1,4,25.0,50.0,0.0,75.0,0.198,0.15,0.26,0.0,85.37,-10.37,0,0.0,少数参考,参考
4521,小池公生,2,2,6,33.33,16.67,16.67,66.67,0.133,0.02,0.21,16.67,57.15,9.52,0,0.0,得意,C
3883,山根大樹,3,3,5,0.0,0.0,0.0,0.0,0.146,0.11,0.21,20.0,55.75,-55.75,0,0.0,苦手,C
4023,柴田友和,5,5,6,16.67,0.0,0.0,16.67,0.142,0.05,0.22,16.67,35.28,-18.61,0,0.0,苦手,C
3736,岡本猛,2,2,7,0.0,28.57,14.29,42.86,0.15,0.02,0.27,28.57,57.15,-14.29,0,0.0,苦手,C
4118,宇佐見淳,2,2,6,50.0,33.33,16.67,100.0,0.153,0.05,0.22,33.33,57.15,42.85,0,0.0,得意,C
3928,林恵祐,6,6,6,0.0,0.0,0.0,0.0,0.222,0.15,0.27,0.0,22.5,-22.5,0,0.0,苦手,C
4555,富永大一,3,3,6,16.67,66.67,16.67,100.0,0.188,0.09,0.31,0.0,55.75,44.25,0,0.0,得意,C
2997,池上正浩,4,2,3,0.0,0.0,33.33,33.33,0.197,0.1,0.26,0.0,57.15,-23.82,3,100.0,少数参考,参考
4538,笠置博之,1,1,3,66.67,0.0,33.33,100.0,0.123,0.09,0.15,66.67,85.37,14.63,0,0.0,少数参考,参考
4224,大橋栄里佳,4,4,5,20.0,20.0,20.0,60.0,0.206,0.16,0.24,0.0,47.51,12.49,0,0.0,得意,C
3736,岡本猛,5,5,7,14.29,28.57,28.57,71.43,0.167,0.11,0.2,0.0,35.28,36.15,0,0.0,得意,C
4525,真子奈津実,6,6,7,0.0,0.0,0.0,0.0,0.14,0.07,0.25,42.86,22.5,-22.5,0,0.0,苦手,C
4736,高倉和士,6,6,9,0.0,11.11,0.0,11.11,0.156,0.07,0.26,22.22,22.5,-11.39,0,0.0,苦手,C
4672,守屋大地,4,4,7,14.29,14.29,0.0,28.57,0.183,0.11,0.22,28.57,47.51,-18.94,0,0.0,苦手,C
4555,富永大一,1,1,4,75.0,0.0,0.0,75.0,0.228,0.15,0.3,0.0,85.37,-10.37,0,0.0,少数参考,参考
4736,高倉和士,3,3,8,0.0,25.0,37.5,62.5,0.13,0.05,0.21,12.5,55.75,6.75,0,0.0,やや得意,C
4672,守屋大地,6,6,5,0.0,20.0,40.0,60.0,0.124,0.04,0.16,20.0,22.5,37.5,0,0.0,得意,C
3470,新田芳美,2,2,6,33.33,0.0,16.67,50.0,0.115,0.02,0.21,33.33,57.15,-7.15,0,0.0,標準,C
4521,小池公生,3,3,6,16.67,0.0,33.33,50.0,0.158,0.08,0.23,16.67,55.75,-5.75,0,0.0,標準,C
4011,堀之内紀代子,1,1,5,60.0,20.0,0.0,80.0,0.1,0.05,0.15,80.0,85.37,-5.37,0,0.0,得意,C
4590,渡邉優美,4,4,6,16.67,50.0,16.67,83.33,0.145,0.11,0.24,16.67,47.51,35.82,0,0.0,得意,C
4447,深川麻奈美,5,5,5,0.0,0.0,40.0,40.0,0.196,0.15,0.27,0.0,35.28,4.72,0,0.0,やや得意,C
4770,小野真歩,6,6,5,0.0,0.0,0.0,0.0,0.276,0.24,0.35,0.0,22.5,-22.5,0,0.0,苦手,C
3616,中村真,1,1,13,30.77,30.77,7.69,69.23,0.163,0.01,0.27,23.08,85.37,-16.14,0,0.0,得意,B
4264,長尾章平,3,3,28,10.71,32.14,28.57,71.43,0.143,0.05,0.26,10.71,55.75,15.68,0,0.0,得意,A
3723,白井弘文,4,4,7,28.57,28.57,14.29,71.43,0.174,0.09,0.28,14.29,47.51,23.92,0,0.0,得意,C
3942,寺田祥,3,3,25,20.0,36.0,24.0,80.0,0.14,0.08,0.27,12.0,55.75,24.25,0,0.0,得意,A
4022,待鳥雄紀,6,6,11,0.0,0.0,45.45,45.45,0.152,0.04,0.26,36.36,22.5,22.95,0,0.0,得意,B
4205,山口剛,6,2,3,0.0,66.67,0.0,66.67,0.15,0.09,0.18,66.67,57.15,9.52,3,100.0,少数参考,参考
4324,海野康志郎,1,1,60,83.33,11.67,3.33,98.33,0.127,0.03,0.26,43.33,85.37,12.96,0,0.0,得意,A
4557,松尾光広,5,5,12,8.33,0.0,8.33,16.67,0.158,0.01,0.25,16.67,35.28,-18.61,0,0.0,苦手,B
3723,白井弘文,2,2,7,28.57,14.29,28.57,71.43,0.163,0.12,0.2,14.29,57.15,14.28,0,0.0,得意,C
3660,長谷川親王,3,3,5,0.0,0.0,20.0,20.0,0.202,0.15,0.27,0.0,55.75,-35.75,0,0.0,苦手,C
3567,吉岡誠,4,4,13,7.69,7.69,23.08,38.46,0.17,0.07,0.28,23.08,47.51,-9.05,0,0.0,標準,B
2992,今村豊,2,2,5,40.0,0.0,20.0,60.0,0.136,0.06,0.24,40.0,57.15,2.85,0,0.0,標準,C
3212,亀本勇樹,4,4,4,0.0,0.0,25.0,25.0,0.18,0.1,0.36,25.0,47.51,-22.51,0,0.0,少数参考,参考
3961,谷村一哉,1,1,46,82.61,13.04,2.17,97.83,0.144,0.0,0.27,47.83,85.37,12.46,0,0.0,得意,A
4533,峰重侑治,2,2,8,0.0,37.5,25.0,62.5,0.189,0.11,0.32,12.5,57.15,5.35,0,0.0,やや得意,C
4030,森高一真,1,1,10,90.0,0.0,0.0,90.0,0.146,0.08,0.25,20.0,85.37,4.63,0,0.0,得意,B
3567,吉岡誠,2,2,17,5.88,11.76,17.65,35.29,0.159,0.08,0.26,11.76,57.15,-21.86,0,0.0,苦手,B
3616,中村真,4,4,9,11.11,11.11,11.11,33.33,0.141,0.03,0.24,11.11,47.51,-14.18,0,0.0,苦手,C
3581,加木郁,5,5,11,0.0,18.18,18.18,36.36,0.178,0.1,0.26,0.0,35.28,1.08,0,0.0,標準,B
4089,妹尾忠幸,6,6,7,0.0,0.0,42.86,42.86,0.163,0.12,0.22,14.29,22.5,20.36,0,0.0,得意,C
3660,長谷川親王,2,2,6,0.0,0.0,0.0,0.0,0.192,0.13,0.25,0.0,57.15,-57.15,0,0.0,苦手,C
3890,小宮淳史,3,3,4,0.0,0.0,0.0,0.0,0.263,0.24,0.29,0.0,55.75,-55.75,0,0.0,少数参考,参考
4163,山崎裕司,6,5,4,0.0,50.0,0.0,50.0,0.182,0.1,0.22,0.0,35.28,14.72,4,100.0,少数参考,参考
2992,今村豊,1,1,6,83.33,0.0,0.0,83.33,0.138,0.1,0.19,33.33,85.37,-2.04,0,0.0,得意,C
3961,谷村一哉,2,2,31,29.03,29.03,22.58,80.65,0.166,0.07,0.29,25.81,57.15,23.5,0,0.0,得意,A
4011,堀之内紀代子,4,4,4,0.0,25.0,0.0,25.0,0.155,0.08,0.25,25.0,47.51,-22.51,0,0.0,少数参考,参考
4022,待鳥雄紀,5,5,5,0.0,40.0,0.0,40.0,0.076,0.04,0.11,60.0,35.28,4.72,0,0.0,やや得意,C
4264,長尾章平,6,6,20,5.0,0.0,35.0,40.0,0.169,0.06,0.29,10.0,22.5,17.5,0,0.0,得意,A
4089,妹尾忠幸,1,1,14,78.57,14.29,0.0,92.86,0.178,0.1,0.29,21.43,85.37,7.49,0,0.0,得意,B
4022,待鳥雄紀,1,1,12,50.0,16.67,0.0,66.67,0.151,0.09,0.27,41.67,85.37,-18.7,0,0.0,得意,B
4447,深川麻奈美,3,3,8,25.0,12.5,12.5,50.0,0.146,0.05,0.36,75.0,55.75,-5.75,0,0.0,標準,C
4030,森高一真,4,4,7,28.57,14.29,14.29,57.14,0.15,0.03,0.35,42.86,47.51,9.63,0,0.0,得意,C
4533,峰重侑治,5,5,10,0.0,20.0,0.0,20.0,0.181,0.12,0.26,10.0,35.28,-15.28,0,0.0,苦手,B
4045,佐々木裕美,6,6,18,0.0,5.56,5.56,11.11,0.18,0.07,0.28,11.11,22.5,-11.39,0,0.0,苦手,B
3581,加木郁,2,2,18,11.11,16.67,27.78,55.56,0.197,0.07,0.35,11.11,57.15,-1.59,0,0.0,標準,B
3709,田中浩之,1,1,13,30.77,30.77,30.77,92.31,0.178,0.08,0.34,0.0,85.37,6.94,0,0.0,得意,B
3890,小宮淳史,5,5,8,0.0,25.0,12.5,37.5,0.226,0.13,0.32,25.0,35.28,2.22,0,0.0,標準,C
2910,片山晃,3,3,3,0.0,0.0,33.33,33.33,0.13,0.08,0.17,66.67,55.75,-22.42,0,0.0,少数参考,参考
4264,長尾章平,1,1,40,65.0,27.5,0.0,92.5,0.153,0.04,0.31,10.0,85.37,7.13,0,0.0,得意,A
4533,峰重侑治,3,3,13,7.69,23.08,38.46,69.23,0.165,0.06,0.26,15.38,55.75,13.48,0,0.0,得意,B
3942,寺田祥,4,4,16,25.0,25.0,31.25,81.25,0.145,0.06,0.26,31.25,47.51,33.74,0,0.0,得意,B
4557,松尾光広,2,2,11,9.09,36.36,27.27,72.73,0.18,0.13,0.24,18.18,57.15,15.58,0,0.0,得意,B
4670,芦村幸香,4,5,3,0.0,33.33,0.0,33.33,0.167,0.06,0.27,33.33,35.28,-1.95,3,100.0,少数参考,参考
3723,白井弘文,1,1,4,25.0,25.0,0.0,50.0,0.177,0.14,0.23,0.0,85.37,-35.37,0,0.0,少数参考,参考
3709,田中浩之,3,3,27,0.0,11.11,25.93,37.04,0.187,0.07,0.32,18.52,55.75,-18.71,0,0.0,苦手,A
4324,海野康志郎,4,4,30,13.33,20.0,26.67,60.0,0.147,0.05,0.26,26.67,47.51,12.49,0,0.0,得意,A
3961,谷村一哉,6,6,21,0.0,23.81,28.57,52.38,0.194,0.06,0.31,14.29,22.5,29.88,0,0.0,得意,A
3845,中谷朋子,1,1,9,77.78,0.0,22.22,100.0,0.169,0.08,0.28,44.44,85.37,14.63,0,0.0,得意,C
4239,竹田辰也,4,4,26,23.08,11.54,34.62,69.23,0.147,0.0,0.65,38.46,47.51,21.72,0,0.0,得意,A
4447,深川麻奈美,2,2,10,10.0,30.0,20.0,60.0,0.181,0.12,0.24,0.0,57.15,2.85,0,0.0,標準,B
2992,今村豊,3,3,5,40.0,20.0,20.0,80.0,0.138,0.08,0.18,40.0,55.75,24.25,0,0.0,得意,C
3212,亀本勇樹,5,5,3,0.0,0.0,66.67,66.67,0.22,0.15,0.27,0.0,35.28,31.39,0,0.0,少数参考,参考
3567,吉岡誠,6,6,8,0.0,0.0,12.5,12.5,0.196,0.08,0.41,0.0,22.5,-10.0,0,0.0,苦手,C
4011,堀之内紀代子,2,2,4,0.0,0.0,50.0,50.0,0.147,0.12,0.18,0.0,57.15,-7.15,0,0.0,少数参考,参考
3616,中村真,5,5,8,12.5,25.0,12.5,50.0,0.17,0.09,0.36,12.5,35.28,14.72,0,0.0,得意,C
3942,寺田祥,1,1,50,74.0,16.0,0.0,90.0,0.156,0.08,0.23,8.0,85.37,4.63,0,0.0,得意,A
4030,森高一真,2,2,9,0.0,33.33,33.33,66.67,0.162,0.06,0.26,0.0,57.15,9.52,0,0.0,得意,C
3845,中谷朋子,3,3,5,0.0,0.0,60.0,60.0,0.17,0.08,0.26,20.0,55.75,4.25,0,0.0,やや得意,C
4089,妹尾忠幸,4,4,10,10.0,10.0,50.0,70.0,0.145,0.06,0.28,50.0,47.51,22.49,0,0.0,得意,B
4324,海野康志郎,6,6,4,0.0,50.0,0.0,50.0,0.173,0.09,0.26,25.0,22.5,27.5,0,0.0,少数参考,参考
3785,宮井健雄,2,2,3,0.0,0.0,0.0,0.0,0.273,0.25,0.29,0.0,57.15,-57.15,0,0.0,少数参考,参考
4557,松尾光広,3,3,7,0.0,14.29,42.86,57.14,0.197,0.11,0.28,0.0,55.75,1.39,0,0.0,標準,C
3581,加木郁,4,4,14,0.0,14.29,21.43,35.71,0.189,0.09,0.29,0.0,47.51,-11.8,0,0.0,苦手,B
3660,長谷川親王,5,5,6,0.0,0.0,16.67,16.67,0.227,0.18,0.31,0.0,35.28,-18.61,0,0.0,苦手,C
3567,吉岡誠,3,3,20,0.0,25.0,25.0,50.0,0.156,0.07,0.34,5.0,55.75,-5.75,0,0.0,標準,A
4447,深川麻奈美,4,4,9,0.0,22.22,55.56,77.78,0.183,0.1,0.29,22.22,47.51,30.27,0,0.0,得意,C
4264,長尾章平,4,4,27,11.11,14.81,25.93,51.85,0.154,0.08,0.28,11.11,47.51,4.34,0,0.0,やや得意,A
4590,渡邉優美,5,5,3,66.67,33.33,0.0,100.0,0.177,0.07,0.26,0.0,35.28,64.72,0,0.0,少数参考,参考
3890,小宮淳史,2,2,6,16.67,33.33,16.67,66.67,0.168,0.08,0.22,16.67,57.15,9.52,0,0.0,得意,C
3961,谷村一哉,3,3,24,25.0,25.0,12.5,62.5,0.164,0.05,0.28,16.67,55.75,6.75,0,0.0,得意,A
3845,中谷朋子,5,5,3,0.0,66.67,0.0,66.67,0.19,0.18,0.21,0.0,35.28,31.39,0,0.0,少数参考,参考
3661,柳瀬興志,3,3,18,11.11,16.67,27.78,55.56,0.176,0.02,0.28,5.56,55.75,-0.19,0,0.0,標準,B
3942,寺田祥,6,4,7,28.57,0.0,42.86,71.43,0.144,0.07,0.21,28.57,47.51,23.92,7,100.0,得意,C
3567,吉岡誠,1,1,15,26.67,26.67,13.33,66.67,0.16,0.01,0.23,13.33,85.37,-18.7,0,0.0,得意,B
4324,海野康志郎,2,2,32,21.88,40.62,15.62,78.12,0.152,0.05,0.38,9.38,57.15,20.97,0,0.0,得意,A
4089,妹尾忠幸,3,3,12,0.0,16.67,25.0,41.67,0.152,0.09,0.24,8.33,55.75,-14.08,0,0.0,苦手,B
4770,小野真歩,5,6,3,0.0,0.0,0.0,0.0,0.253,0.18,0.32,0.0,22.5,-22.5,3,100.0,少数参考,参考
3709,田中浩之,6,6,15,0.0,6.67,0.0,6.67,0.203,0.13,0.38,0.0,22.5,-15.83,0,0.0,苦手,B
3212,亀本勇樹,1,1,7,42.86,42.86,0.0,85.71,0.156,0.02,0.27,28.57,85.37,0.34,0,0.0,得意,C
4022,待鳥雄紀,2,2,6,16.67,16.67,16.67,50.0,0.147,0.03,0.25,16.67,57.15,-7.15,0,0.0,標準,C
3581,加木郁,3,3,21,9.52,9.52,19.05,38.1,0.19,0.06,0.3,9.52,55.75,-17.65,0,0.0,苦手,A
3890,小宮淳史,1,1,5,40.0,60.0,0.0,100.0,0.134,0.09,0.25,0.0,85.37,14.63,0,0.0,得意,C
4590,渡邉優美,3,3,4,25.0,25.0,0.0,50.0,0.128,0.06,0.24,25.0,55.75,-5.75,0,0.0,少数参考,参考
3660,長谷川親王,4,4,4,0.0,0.0,0.0,0.0,0.128,0.06,0.21,0.0,47.51,-47.51,0,0.0,少数参考,参考
4089,妹尾忠幸,5,5,6,0.0,16.67,16.67,33.33,0.117,0.04,0.18,33.33,35.28,-1.95,0,0.0,標準,C
4264,長尾章平,2,2,21,4.76,33.33,23.81,61.9,0.17,0.11,0.29,4.76,57.15,4.75,0,0.0,やや得意,A
3845,中谷朋子,4,4,5,0.0,40.0,20.0,60.0,0.16,0.06,0.21,20.0,47.51,12.49,0,0.0,得意,C
3709,田中浩之,5,5,14,0.0,0.0,14.29,14.29,0.167,0.11,0.24,0.0,35.28,-20.99,0,0.0,苦手,B
3723,白井弘文,6,6,4,0.0,0.0,0.0,0.0,0.155,0.1,0.23,75.0,22.5,-22.5,0,0.0,少数参考,参考
4022,待鳥雄紀,3,3,10,10.0,20.0,20.0,50.0,0.143,0.07,0.22,60.0,55.75,-5.75,0,0.0,標準,B
4030,森高一真,3,3,7,0.0,14.29,0.0,14.29,0.173,0.09,0.23,14.29,55.75,-41.46,0,0.0,苦手,C
3661,柳瀬興志,6,6,7,0.0,0.0,14.29,14.29,0.189,0.08,0.27,14.29,22.5,-8.21,0,0.0,標準,C
3845,中谷朋子,2,2,6,33.33,33.33,16.67,83.33,0.198,0.11,0.32,16.67,57.15,26.18,0,0.0,得意,C
4324,海野康志郎,3,3,33,24.24,27.27,24.24,75.76,0.16,0.05,0.31,15.15,55.75,20.01,0,0.0,得意,A
3709,田中浩之,4,4,16,12.5,6.25,31.25,50.0,0.194,0.09,0.47,12.5,47.51,2.49,0,0.0,標準,B
4557,松尾光広,6,6,7,0.0,0.0,14.29,14.29,0.149,0.07,0.2,0.0,22.5,-8.21,0,0.0,標準,C
3942,寺田祥,2,2,31,22.58,38.71,19.35,80.65,0.169,0.08,0.29,19.35,57.15,23.5,0,0.0,得意,A
4045,佐々木裕美,4,4,14,7.14,0.0,21.43,28.57,0.159,0.07,0.25,21.43,47.51,-18.94,0,0.0,苦手,B
3961,谷村一哉,5,5,18,11.11,27.78,33.33,72.22,0.182,0.08,0.34,5.56,35.28,36.94,0,0.0,得意,B
4447,深川麻奈美,1,1,10,50.0,30.0,0.0,80.0,0.194,0.11,0.28,20.0,85.37,-5.37,0,0.0,標準,B
4590,渡邉優美,2,2,6,16.67,50.0,0.0,66.67,0.157,0.05,0.28,16.67,57.15,9.52,0,0.0,得意,C
3660,長谷川親王,1,1,3,33.33,33.33,0.0,66.67,0.173,0.11,0.23,0.0,85.37,-18.7,0,0.0,少数参考,参考
4089,妹尾忠幸,2,2,10,30.0,20.0,20.0,70.0,0.157,0.02,0.27,30.0,57.15,12.85,0,0.0,得意,B
3723,白井弘文,5,5,5,0.0,0.0,20.0,20.0,0.18,0.09,0.28,0.0,35.28,-15.28,0,0.0,苦手,C
3709,田中浩之,2,2,16,12.5,6.25,18.75,37.5,0.198,0.11,0.32,0.0,57.15,-19.65,0,0.0,苦手,B
4022,待鳥雄紀,4,4,9,11.11,33.33,22.22,66.67,0.12,0.04,0.19,55.56,47.51,19.16,0,0.0,得意,C
3567,吉岡誠,5,5,10,10.0,0.0,0.0,10.0,0.161,0.07,0.23,20.0,35.28,-25.28,0,0.0,苦手,B
4324,海野康志郎,6,3,6,16.67,16.67,33.33,66.67,0.19,0.06,0.32,33.33,55.75,10.92,6,100.0,得意,C
4670,芦村幸香,5,5,3,0.0,0.0,0.0,0.0,0.207,0.17,0.27,0.0,35.28,-35.28,0,0.0,少数参考,参考
4590,渡邉優美,6,6,4,0.0,25.0,25.0,50.0,0.185,0.14,0.23,0.0,22.5,27.5,0,0.0,少数参考,参考
3567,吉岡誠,6,5,3,0.0,33.33,0.0,33.33,0.147,0.12,0.17,66.67,35.28,-1.95,3,100.0,少数参考,参考
4264,長尾章平,5,5,14,14.29,14.29,35.71,64.29,0.163,0.08,0.22,28.57,35.28,29.01,0,0.0,得意,B
4533,峰重侑治,1,1,9,44.44,44.44,0.0,88.89,0.181,0.07,0.25,22.22,85.37,3.52,0,0.0,標準,C
3581,加木郁,6,6,17,0.0,5.88,11.76,17.65,0.188,0.07,0.35,23.53,22.5,-4.85,0,0.0,標準,B
4557,松尾光広,1,1,7,71.43,14.29,14.29,100.0,0.136,0.07,0.29,14.29,85.37,14.63,0,0.0,得意,C
4011,堀之内紀代子,6,6,4,25.0,0.0,0.0,25.0,0.115,0.07,0.19,75.0,22.5,2.5,0,0.0,少数参考,参考
4447,深川麻奈美,6,6,9,0.0,11.11,0.0,11.11,0.186,0.03,0.42,22.22,22.5,-11.39,0,0.0,苦手,C
4533,峰重侑治,6,5,4,0.0,0.0,0.0,0.0,0.163,0.09,0.26,25.0,35.28,-35.28,4,100.0,少数参考,参考
4590,渡邉優美,1,1,9,66.67,11.11,11.11,88.89,0.197,0.1,0.28,11.11,85.37,3.52,0,0.0,標準,C
3581,加木郁,1,1,17,64.71,11.76,5.88,82.35,0.174,0.02,0.36,52.94,85.37,-3.02,0,0.0,得意,B
4533,峰重侑治,6,6,3,0.0,0.0,33.33,33.33,0.223,0.18,0.28,0.0,22.5,10.83,0,0.0,少数参考,参考
4030,森高一真,6,6,8,0.0,0.0,25.0,25.0,0.171,0.11,0.23,0.0,22.5,2.5,0,0.0,標準,C
3805,高橋英之,1,1,11,63.64,18.18,9.09,90.91,0.159,0.11,0.27,27.27,85.37,5.54,0,0.0,得意,B
4675,井手良太,3,3,7,14.29,42.86,28.57,85.71,0.15,0.06,0.26,57.14,55.75,29.96,0,0.0,得意,C
4636,赤池修平,4,4,5,0.0,20.0,40.0,60.0,0.18,0.1,0.28,20.0,47.51,12.49,0,0.0,得意,C
4828,松山将吾,6,6,11,0.0,0.0,36.36,36.36,0.199,0.11,0.45,9.09,22.5,13.86,0,0.0,得意,B
3814,金子貴志,1,1,6,83.33,0.0,0.0,83.33,0.193,0.12,0.22,16.67,85.37,-2.04,0,0.0,標準,C
4296,岡崎恭裕,4,4,7,0.0,28.57,42.86,71.43,0.146,0.03,0.29,42.86,47.51,23.92,0,0.0,得意,C
4202,浮田圭浩,6,6,3,0.0,0.0,33.33,33.33,0.25,0.17,0.34,0.0,22.5,10.83,0,0.0,少数参考,参考
3522,長溝一生,2,2,4,25.0,50.0,0.0,75.0,0.205,0.09,0.31,75.0,57.15,17.85,0,0.0,少数参考,参考
4415,下出卓矢,3,3,6,66.67,0.0,16.67,83.33,0.162,0.09,0.27,16.67,55.75,27.58,0,0.0,得意,C
4526,池田雄祐,4,4,6,0.0,0.0,0.0,0.0,0.117,0.08,0.21,50.0,47.51,-47.51,0,0.0,苦手,C
3478,嶋田貴支,5,5,5,0.0,20.0,0.0,20.0,0.206,0.13,0.26,0.0,35.28,-15.28,0,0.0,苦手,C
3790,佐口達也,6,6,10,0.0,0.0,30.0,30.0,0.201,0.11,0.33,10.0,22.5,7.5,0,0.0,やや得意,B
3647,伊藤雄二,1,1,5,60.0,0.0,20.0,80.0,0.14,0.05,0.21,40.0,85.37,-5.37,0,0.0,得意,C
4434,田中辰彦,4,4,14,7.14,7.14,42.86,57.14,0.156,0.06,0.36,14.29,47.51,9.63,0,0.0,得意,B
3921,川村正輝,5,5,8,0.0,0.0,25.0,25.0,0.18,0.09,0.35,12.5,35.28,-10.28,0,0.0,苦手,C
3742,宮地秀祈,6,6,3,0.0,0.0,33.33,33.33,0.213,0.12,0.28,0.0,22.5,10.83,0,0.0,少数参考,参考
3072,西田靖,1,1,7,42.86,14.29,0.0,57.14,0.209,0.12,0.32,28.57,85.37,-28.23,0,0.0,苦手,C
4732,堀本和也,3,3,6,0.0,16.67,16.67,33.33,0.145,0.09,0.18,16.67,55.75,-22.42,0,0.0,苦手,C
4319,三宅潤,4,4,6,16.67,0.0,33.33,50.0,0.178,0.13,0.22,16.67,47.51,2.49,0,0.0,標準,C
3397,沖本健二,5,5,3,0.0,0.0,0.0,0.0,0.217,0.18,0.27,0.0,35.28,-35.28,0,0.0,少数参考,参考
4365,盛本真輔,6,6,4,0.0,0.0,0.0,0.0,0.232,0.18,0.29,0.0,22.5,-22.5,0,0.0,少数参考,参考
4369,丹下将,2,2,7,28.57,28.57,28.57,85.71,0.19,0.09,0.25,28.57,57.15,28.56,0,0.0,得意,C
3653,品川賢次,5,5,6,0.0,0.0,16.67,16.67,0.255,0.17,0.34,0.0,35.28,-18.61,0,0.0,苦手,C
4294,古賀繁輝,6,6,5,20.0,20.0,40.0,80.0,0.168,0.07,0.26,40.0,22.5,57.5,0,0.0,得意,C
3475,橋本久和,1,1,3,33.33,33.33,0.0,66.67,0.13,0.08,0.18,66.67,85.37,-18.7,0,0.0,少数参考,参考
4526,池田雄祐,2,2,7,0.0,28.57,42.86,71.43,0.131,0.04,0.2,42.86,57.15,14.28,0,0.0,得意,C
4295,小坂尚哉,3,3,11,36.36,9.09,18.18,63.64,0.148,0.06,0.29,0.0,55.75,7.89,0,0.0,得意,B
3647,伊藤雄二,4,4,7,28.57,14.29,14.29,57.14,0.176,0.07,0.29,14.29,47.51,9.63,0,0.0,得意,C
3955,眞田英二,5,5,9,0.0,22.22,11.11,33.33,0.181,0.11,0.26,0.0,35.28,-1.95,0,0.0,標準,C
3710,吉永泰弘,6,6,3,0.0,0.0,0.0,0.0,0.197,0.15,0.26,33.33,22.5,-22.5,0,0.0,少数参考,参考
4218,吉川喜継,1,1,15,80.0,13.33,6.67,100.0,0.124,0.01,0.27,40.0,85.37,14.63,0,0.0,得意,B
4675,井手良太,4,4,8,12.5,12.5,12.5,37.5,0.121,0.02,0.35,75.0,47.51,-10.01,0,0.0,苦手,C
4293,鈴木智啓,5,5,6,0.0,16.67,33.33,50.0,0.202,0.13,0.3,16.67,35.28,14.72,0,0.0,得意,C
4434,田中辰彦,6,6,14,0.0,0.0,21.43,21.43,0.199,0.09,0.36,21.43,22.5,-1.07,0,0.0,標準,B
4732,堀本和也,2,2,9,0.0,22.22,22.22,44.44,0.169,0.06,0.39,0.0,57.15,-12.71,0,0.0,苦手,C
4277,金田大輔,3,3,8,37.5,12.5,0.0,50.0,0.198,0.1,0.33,37.5,55.75,-5.75,0,0.0,標準,C
3805,高橋英之,4,4,5,0.0,20.0,20.0,40.0,0.136,0.09,0.19,40.0,47.51,-7.51,0,0.0,標準,C
4415,下出卓矢,5,5,6,50.0,0.0,16.67,66.67,0.145,0.09,0.24,33.33,35.28,31.39,0,0.0,得意,C
3522,長溝一生,1,1,4,0.0,25.0,25.0,50.0,0.177,0.08,0.3,25.0,85.37,-35.37,0,0.0,少数参考,参考
4319,三宅潤,2,2,5,20.0,40.0,20.0,80.0,0.168,0.12,0.21,0.0,57.15,22.85,0,0.0,得意,C
3653,品川賢次,3,3,4,0.0,0.0,0.0,0.0,0.225,0.18,0.26,0.0,55.75,-55.75,0,0.0,少数参考,参考
3814,金子貴志,4,4,4,25.0,0.0,25.0,50.0,0.115,0.06,0.15,25.0,47.51,2.49,0,0.0,少数参考,参考
3742,宮地秀祈,5,5,6,0.0,16.67,0.0,16.67,0.143,0.09,0.21,16.67,35.28,-18.61,0,0.0,苦手,C
3955,眞田英二,6,6,5,0.0,0.0,20.0,20.0,0.214,0.19,0.23,0.0,22.5,-2.5,0,0.0,標準,C
3072,西田靖,2,1,3,0.0,33.33,0.0,33.33,0.237,0.2,0.26,66.67,85.37,-52.04,3,100.0,少数参考,参考
4218,吉川喜継,3,3,8,12.5,25.0,37.5,75.0,0.164,0.12,0.23,0.0,55.75,19.25,0,0.0,得意,C
4294,古賀繁輝,4,4,5,0.0,60.0,0.0,60.0,0.146,0.06,0.27,20.0,47.51,12.49,0,0.0,得意,C
4295,小坂尚哉,5,5,9,11.11,33.33,22.22,66.67,0.203,0.05,0.31,11.11,35.28,31.39,0,0.0,得意,C
3790,佐口達也,1,1,11,36.36,9.09,27.27,72.73,0.206,0.11,0.35,18.18,85.37,-12.64,0,0.0,苦手,B
4293,鈴木智啓,3,3,7,0.0,14.29,28.57,42.86,0.197,0.11,0.23,14.29,55.75,-12.89,0,0.0,苦手,C
4365,盛本真輔,4,4,6,16.67,16.67,16.67,50.0,0.203,0.15,0.26,0.0,47.51,2.49,0,0.0,標準,C
4526,池田雄祐,5,5,5,0.0,0.0,20.0,20.0,0.148,0.1,0.23,60.0,35.28,-15.28,0,0.0,苦手,C
3921,川村正輝,1,1,5,20.0,0.0,40.0,60.0,0.148,0.1,0.23,40.0,85.37,-25.37,0,0.0,苦手,C
3397,沖本健二,2,2,5,0.0,40.0,0.0,40.0,0.204,0.09,0.27,0.0,57.15,-17.15,0,0.0,苦手,C
3377,塚田修二,3,3,4,50.0,25.0,0.0,75.0,0.185,0.1,0.34,25.0,55.75,19.25,0,0.0,少数参考,参考
4828,松山将吾,4,4,9,0.0,33.33,22.22,55.56,0.119,0.06,0.19,22.22,47.51,8.05,0,0.0,得意,C
4636,赤池修平,5,5,5,0.0,20.0,0.0,20.0,0.174,0.11,0.22,0.0,35.28,-15.28,0,0.0,苦手,C
4434,田中辰彦,1,1,19,42.11,31.58,10.53,84.21,0.179,0.04,0.3,15.79,85.37,-1.16,0,0.0,得意,B
4488,小山勉,4,4,3,0.0,0.0,33.33,33.33,0.143,0.09,0.19,0.0,47.51,-14.18,0,0.0,少数参考,参考
3814,金子貴志,5,5,6,33.33,33.33,16.67,83.33,0.128,0.07,0.23,50.0,35.28,48.05,0,0.0,得意,C
4295,小坂尚哉,1,1,17,70.59,17.65,11.76,100.0,0.155,0.07,0.25,29.41,85.37,14.63,0,0.0,得意,B
4277,金田大輔,2,2,8,0.0,25.0,12.5,37.5,0.15,0.08,0.21,25.0,57.15,-19.65,0,0.0,苦手,C
3647,伊藤雄二,3,3,6,0.0,33.33,33.33,66.67,0.148,0.09,0.21,66.67,55.75,10.92,0,0.0,得意,C
3955,眞田英二,1,1,9,55.56,11.11,22.22,88.89,0.164,0.1,0.23,0.0,85.37,3.52,0,0.0,得意,C
4293,鈴木智啓,2,2,7,28.57,0.0,28.57,57.14,0.156,0.05,0.29,0.0,57.15,-0.01,0,0.0,標準,C
4296,岡崎恭裕,6,5,3,0.0,33.33,33.33,66.67,0.157,0.1,0.25,66.67,35.28,31.39,3,100.0,少数参考,参考
4280,山本章博,4,4,3,0.0,0.0,33.33,33.33,0.127,0.04,0.21,33.33,47.51,-14.18,0,0.0,少数参考,参考
4675,井手良太,5,5,5,0.0,0.0,0.0,0.0,0.104,0.08,0.18,60.0,35.28,-35.28,0,0.0,苦手,C
3478,嶋田貴支,1,1,5,60.0,0.0,0.0,60.0,0.188,0.12,0.22,20.0,85.37,-25.37,0,0.0,苦手,C
4294,古賀繁輝,2,2,4,0.0,25.0,50.0,75.0,0.205,0.14,0.25,0.0,57.15,17.85,0,0.0,少数参考,参考
3377,塚田修二,5,5,4,0.0,25.0,0.0,25.0,0.145,0.1,0.22,0.0,35.28,-10.28,0,0.0,少数参考,参考
4415,下出卓矢,6,6,5,20.0,20.0,20.0,60.0,0.152,0.05,0.25,20.0,22.5,37.5,0,0.0,得意,C
4492,本多宏和,1,1,3,33.33,33.33,0.0,66.67,0.183,0.08,0.27,0.0,85.37,-18.7,0,0.0,少数参考,参考
3710,吉永泰弘,2,2,3,33.33,33.33,33.33,100.0,0.19,0.17,0.22,33.33,57.15,42.85,0,0.0,少数参考,参考
4636,赤池修平,3,3,4,0.0,25.0,25.0,50.0,0.155,0.08,0.19,25.0,55.75,-5.75,0,0.0,少数参考,参考
4295,小坂尚哉,4,4,10,30.0,30.0,10.0,70.0,0.16,0.02,0.37,50.0,47.51,22.49,0,0.0,得意,B
3653,品川賢次,6,6,3,0.0,0.0,33.33,33.33,0.207,0.11,0.3,0.0,22.5,10.83,0,0.0,少数参考,参考
4319,三宅潤,1,1,7,71.43,14.29,0.0,85.71,0.164,0.08,0.24,14.29,85.37,0.34,0,0.0,得意,C
4202,浮田圭浩,2,2,3,0.0,0.0,0.0,0.0,0.163,0.12,0.22,66.67,57.15,-57.15,0,0.0,少数参考,参考
4296,岡崎恭裕,3,3,5,20.0,20.0,40.0,80.0,0.154,0.12,0.18,40.0,55.75,24.25,0,0.0,得意,C
3921,川村正輝,4,4,7,0.0,42.86,14.29,57.14,0.177,0.09,0.29,0.0,47.51,9.63,0,0.0,得意,C
3647,伊藤雄二,5,5,6,16.67,0.0,33.33,50.0,0.167,0.06,0.28,16.67,35.28,14.72,0,0.0,得意,C
3475,橋本久和,6,6,4,0.0,0.0,0.0,0.0,0.242,0.17,0.36,25.0,22.5,-22.5,0,0.0,少数参考,参考
4294,古賀繁輝,1,1,8,62.5,25.0,12.5,100.0,0.13,0.05,0.21,50.0,85.37,14.63,0,0.0,得意,C
3790,佐口達也,2,2,11,9.09,27.27,9.09,45.45,0.14,0.04,0.21,9.09,57.15,-11.7,0,0.0,苦手,B
3955,眞田英二,3,3,10,30.0,40.0,0.0,70.0,0.171,0.07,0.27,10.0,55.75,14.25,0,0.0,得意,B
4218,吉川喜継,4,4,4,25.0,50.0,0.0,75.0,0.135,0.09,0.18,0.0,47.51,27.49,0,0.0,少数参考,参考
4369,丹下将,6,6,5,20.0,0.0,40.0,60.0,0.13,0.05,0.25,60.0,22.5,37.5,0,0.0,得意,C
4296,岡崎恭裕,1,1,10,80.0,10.0,0.0,90.0,0.131,0.07,0.31,40.0,85.37,4.63,0,0.0,得意,B
4277,金田大輔,5,5,5,0.0,40.0,0.0,40.0,0.136,0.07,0.2,60.0,35.28,4.72,0,0.0,やや得意,C
3653,品川賢次,1,1,3,33.33,0.0,0.0,33.33,0.263,0.21,0.34,0.0,85.37,-52.04,0,0.0,少数参考,参考
4675,井手良太,2,2,8,0.0,37.5,25.0,62.5,0.139,0.06,0.22,37.5,57.15,5.35,0,0.0,やや得意,C
4732,堀本和也,4,4,6,0.0,16.67,50.0,66.67,0.143,0.08,0.21,0.0,47.51,19.16,0,0.0,得意,C
3814,金子貴志,3,3,4,50.0,0.0,25.0,75.0,0.14,0.12,0.16,0.0,55.75,19.25,0,0.0,少数参考,参考
3475,橋本久和,4,4,3,0.0,66.67,0.0,66.67,0.143,0.08,0.24,66.67,47.51,19.16,0,0.0,少数参考,参考
4202,浮田圭浩,5,5,5,20.0,0.0,0.0,20.0,0.196,0.15,0.26,0.0,35.28,-15.28,0,0.0,苦手,C
4295,小坂尚哉,6,6,14,0.0,21.43,28.57,50.0,0.151,0.04,0.33,21.43,22.5,27.5,0,0.0,得意,B
3377,塚田修二,2,2,3,0.0,0.0,33.33,33.33,0.263,0.18,0.34,0.0,57.15,-23.82,0,0.0,少数参考,参考
3742,宮地秀祈,3,3,9,22.22,33.33,11.11,66.67,0.161,0.08,0.23,22.22,55.75,10.92,0,0.0,得意,C
3478,嶋田貴支,6,5,3,0.0,33.33,33.33,66.67,0.153,0.09,0.19,33.33,35.28,31.39,3,100.0,少数参考,参考
4319,三宅潤,5,5,9,0.0,11.11,44.44,55.56,0.189,0.13,0.33,0.0,35.28,20.28,0,0.0,得意,C
4293,鈴木智啓,1,1,9,77.78,22.22,0.0,100.0,0.136,0.05,0.24,22.22,85.37,14.63,0,0.0,得意,C
4434,田中辰彦,2,2,14,21.43,21.43,35.71,78.57,0.159,0.08,0.29,7.14,57.15,21.42,0,0.0,得意,B
4703,森永隆,5,5,14,14.29,28.57,14.29,57.14,0.14,0.05,0.26,7.14,35.28,21.86,0,0.0,得意,B
3955,眞田英二,2,2,9,44.44,33.33,0.0,77.78,0.161,0.1,0.25,11.11,57.15,20.63,0,0.0,得意,C
3522,長溝一生,3,3,3,33.33,33.33,0.0,66.67,0.183,0.08,0.26,33.33,55.75,10.92,0,0.0,少数参考,参考
3921,川村正輝,6,6,5,0.0,0.0,0.0,0.0,0.198,0.13,0.27,0.0,22.5,-22.5,0,0.0,苦手,C
3742,宮地秀祈,1,1,6,0.0,33.33,50.0,83.33,0.212,0.11,0.32,16.67,85.37,-2.04,0,0.0,標準,C
3805,高橋英之,2,2,4,25.0,25.0,50.0,100.0,0.117,0.1,0.15,50.0,57.15,42.85,0,0.0,少数参考,参考
4319,三宅潤,6,6,5,0.0,0.0,60.0,60.0,0.216,0.11,0.28,40.0,22.5,37.5,0,0.0,得意,C
4369,丹下将,1,1,10,70.0,0.0,20.0,90.0,0.122,0.03,0.28,20.0,85.37,4.63,0,0.0,得意,B
4296,岡崎恭裕,2,2,6,16.67,16.67,33.33,66.67,0.172,0.11,0.25,16.67,57.15,9.52,0,0.0,得意,C
3653,品川賢次,4,4,6,0.0,16.67,0.0,16.67,0.167,0.12,0.22,16.67,47.51,-30.84,0,0.0,苦手,C
4365,盛本真輔,5,5,3,0.0,0.0,33.33,33.33,0.16,0.09,0.23,0.0,35.28,-1.95,0,0.0,少数参考,参考
3647,伊藤雄二,6,6,5,0.0,0.0,0.0,0.0,0.248,0.11,0.39,20.0,22.5,-22.5,0,0.0,苦手,C
4415,下出卓矢,1,1,8,75.0,12.5,12.5,100.0,0.129,0.08,0.22,12.5,85.37,14.63,0,0.0,得意,C
4434,田中辰彦,3,3,17,17.65,5.88,17.65,41.18,0.16,0.06,0.38,17.65,55.75,-14.57,0,0.0,苦手,B
3790,佐口達也,5,5,6,0.0,0.0,16.67,16.67,0.187,0.1,0.27,0.0,35.28,-18.61,0,0.0,苦手,C
3805,高橋英之,3,3,8,25.0,50.0,0.0,75.0,0.133,0.06,0.33,50.0,55.75,19.25,0,0.0,得意,C
3522,長溝一生,5,5,3,0.0,0.0,0.0,0.0,0.17,0.11,0.23,0.0,35.28,-35.28,0,0.0,少数参考,参考
3814,金子貴志,6,6,4,0.0,25.0,50.0,75.0,0.135,0.1,0.16,25.0,22.5,52.5,0,0.0,少数参考,参考
4365,盛本真輔,2,2,5,20.0,0.0,40.0,60.0,0.128,0.08,0.18,20.0,57.15,2.85,0,0.0,標準,C
4526,池田雄祐,6,6,8,0.0,12.5,0.0,12.5,0.114,0.05,0.21,50.0,22.5,-10.0,0,0.0,苦手,C
3921,川村正輝,3,3,7,0.0,42.86,0.0,42.86,0.12,0.02,0.19,71.43,55.75,-12.89,0,0.0,苦手,C
4369,丹下将,4,4,7,0.0,42.86,14.29,57.14,0.16,0.11,0.23,14.29,47.51,9.63,0,0.0,得意,C
4675,井手良太,6,6,7,0.0,0.0,28.57,28.57,0.123,0.08,0.19,57.14,22.5,6.07,0,0.0,やや得意,C
4202,浮田圭浩,1,1,3,33.33,33.33,0.0,66.67,0.207,0.19,0.22,0.0,85.37,-18.7,0,0.0,少数参考,参考
4636,赤池修平,2,2,5,0.0,20.0,20.0,40.0,0.188,0.08,0.32,0.0,57.15,-17.15,0,0.0,苦手,C
4732,堀本和也,5,5,8,0.0,12.5,12.5,25.0,0.119,0.07,0.19,25.0,35.28,-10.28,0,0.0,苦手,C
4434,田中辰彦,6,5,3,33.33,0.0,33.33,66.67,0.1,0.01,0.18,33.33,35.28,31.39,3,100.0,少数参考,参考
3921,川村正輝,2,2,9,11.11,11.11,22.22,44.44,0.166,0.05,0.27,22.22,57.15,-12.71,0,0.0,苦手,C
4218,吉川喜継,2,2,6,16.67,16.67,33.33,66.67,0.163,0.03,0.24,16.67,57.15,9.52,0,0.0,得意,C
3742,宮地秀祈,4,4,7,14.29,0.0,14.29,28.57,0.154,0.06,0.24,0.0,47.51,-18.94,0,0.0,苦手,C
3653,品川賢次,2,2,6,0.0,0.0,16.67,16.67,0.16,0.06,0.23,0.0,57.15,-40.48,0,0.0,苦手,C
3955,眞田英二,4,4,8,0.0,12.5,37.5,50.0,0.156,0.04,0.23,0.0,47.51,2.49,0,0.0,標準,C
3377,塚田修二,6,6,3,0.0,33.33,0.0,33.33,0.213,0.17,0.25,0.0,22.5,10.83,0,0.0,少数参考,参考
4526,池田雄祐,3,3,5,20.0,40.0,20.0,80.0,0.112,0.04,0.23,40.0,55.75,24.25,0,0.0,得意,C
3790,佐口達也,3,3,11,0.0,9.09,36.36,45.45,0.151,0.06,0.21,9.09,55.75,-10.3,0,0.0,苦手,B
4369,丹下将,5,5,6,0.0,16.67,16.67,33.33,0.135,0.04,0.21,16.67,35.28,-1.95,0,0.0,標準,C
4732,堀本和也,6,6,5,0.0,0.0,20.0,20.0,0.126,0.06,0.18,60.0,22.5,-2.5,0,0.0,標準,C
3742,宮地秀祈,2,2,9,0.0,22.22,33.33,55.56,0.19,0.09,0.24,0.0,57.15,-1.59,0,0.0,標準,C
4294,古賀繁輝,3,3,5,20.0,20.0,40.0,80.0,0.146,0.05,0.23,0.0,55.75,24.25,0,0.0,得意,C
4636,赤池修平,6,6,3,0.0,0.0,33.33,33.33,0.127,0.1,0.16,0.0,22.5,10.83,0,0.0,少数参考,参考
4369,丹下将,3,3,8,25.0,12.5,37.5,75.0,0.143,0.06,0.21,12.5,55.75,19.25,0,0.0,得意,C
4218,吉川喜継,5,5,6,33.33,16.67,16.67,66.67,0.123,0.03,0.18,16.67,35.28,31.39,0,0.0,得意,C
4293,鈴木智啓,6,6,11,0.0,0.0,18.18,18.18,0.145,0.1,0.18,27.27,22.5,-4.32,0,0.0,標準,B
3814,金子貴志,2,2,4,0.0,25.0,50.0,75.0,0.155,0.12,0.21,0.0,57.15,17.85,0,0.0,少数参考,参考
4295,小坂尚哉,2,2,9,11.11,55.56,22.22,88.89,0.136,0.07,0.23,11.11,57.15,31.74,0,0.0,得意,C
4319,三宅潤,3,3,5,0.0,20.0,20.0,40.0,0.164,0.08,0.27,20.0,55.75,-15.75,0,0.0,苦手,C
4415,下出卓矢,2,2,4,25.0,25.0,25.0,75.0,0.185,0.15,0.21,25.0,57.15,17.85,0,0.0,少数参考,参考
4636,赤池修平,1,1,3,33.33,0.0,33.33,66.67,0.17,0.11,0.21,0.0,85.37,-18.7,0,0.0,少数参考,参考
4732,堀本和也,1,1,11,45.45,27.27,0.0,72.73,0.164,0.04,0.46,27.27,85.37,-12.64,0,0.0,得意,B
4277,金田大輔,4,4,8,25.0,12.5,12.5,50.0,0.171,0.12,0.26,37.5,47.51,2.49,0,0.0,標準,C
3710,吉永泰弘,5,5,3,0.0,33.33,33.33,66.67,0.21,0.16,0.26,33.33,35.28,31.39,0,0.0,少数参考,参考
3792,田中豪,1,1,7,85.71,0.0,0.0,85.71,0.156,0.13,0.19,57.14,85.37,0.34,0,0.0,得意,C
4020,川上清人,5,5,10,0.0,10.0,20.0,30.0,0.197,0.03,0.39,20.0,35.28,-5.28,0,0.0,標準,B
4871,菊池宏志,6,6,32,0.0,0.0,12.5,12.5,0.172,0.07,0.36,15.62,22.5,-10.0,0,0.0,苦手,A
3340,池田雷太,2,2,7,28.57,0.0,14.29,42.86,0.227,0.03,0.42,42.86,57.15,-14.29,0,0.0,苦手,C
4139,丹下健,3,3,3,0.0,33.33,0.0,33.33,0.187,0.07,0.32,0.0,55.75,-22.42,0,0.0,少数参考,参考
4378,川下晃司,4,4,3,0.0,33.33,0.0,33.33,0.207,0.19,0.23,0.0,47.51,-14.18,0,0.0,少数参考,参考
3583,齋藤智裕,5,5,5,0.0,0.0,40.0,40.0,0.21,0.18,0.27,20.0,35.28,4.72,0,0.0,やや得意,C
3434,松尾宣邦,6,6,4,0.0,0.0,0.0,0.0,0.215,0.13,0.38,0.0,22.5,-22.5,0,0.0,少数参考,参考
4695,尾崎雄二,2,2,9,0.0,33.33,0.0,33.33,0.209,0.11,0.31,11.11,57.15,-23.82,0,0.0,苦手,C
3870,寺嶋雄,1,1,7,71.43,14.29,0.0,85.71,0.151,0.08,0.26,42.86,85.37,0.34,0,0.0,得意,C
4511,中岡健人,3,3,4,0.0,0.0,25.0,25.0,0.185,0.11,0.22,0.0,55.75,-30.75,0,0.0,少数参考,参考
3795,金子龍介,1,1,3,33.33,33.33,33.33,100.0,0.18,0.11,0.25,66.67,85.37,14.63,0,0.0,少数参考,参考
3957,大谷直弘,1,1,4,75.0,25.0,0.0,100.0,0.18,0.01,0.36,25.0,85.37,14.63,0,0.0,少数参考,参考
3583,齋藤智裕,3,3,3,0.0,33.33,0.0,33.33,0.177,0.09,0.26,0.0,55.75,-22.42,0,0.0,少数参考,参考
3352,小川晃司,6,6,24,4.17,20.83,29.17,54.17,0.166,0.07,0.31,20.83,22.5,31.67,0,0.0,得意,A
3535,渡修平,1,1,4,75.0,25.0,0.0,100.0,0.1,0.01,0.17,25.0,85.37,14.63,0,0.0,少数参考,参考
4695,尾崎雄二,3,3,4,50.0,25.0,0.0,75.0,0.133,0.09,0.18,25.0,55.75,19.25,0,0.0,少数参考,参考
3952,中澤和志,4,4,4,25.0,0.0,50.0,75.0,0.117,0.05,0.18,0.0,47.51,27.49,0,0.0,少数参考,参考
3967,鈴木茂高,5,5,3,0.0,33.33,0.0,33.33,0.183,0.15,0.24,33.33,35.28,-1.95,0,0.0,少数参考,参考
4335,若林将,6,6,7,0.0,14.29,42.86,57.14,0.15,0.09,0.25,42.86,22.5,34.64,0,0.0,得意,C
2914,岡孝,1,1,5,80.0,20.0,0.0,100.0,0.188,0.08,0.26,40.0,85.37,14.63,0,0.0,得意,C
3642,大塚浩二,2,2,5,0.0,20.0,20.0,40.0,0.214,0.1,0.39,0.0,57.15,-17.15,0,0.0,苦手,C
4258,関根彰人,4,4,3,0.0,66.67,0.0,66.67,0.12,0.1,0.15,0.0,47.51,19.16,0,0.0,少数参考,参考
3064,山崎昭生,1,1,3,100.0,0.0,0.0,100.0,0.167,0.15,0.19,0.0,85.37,14.63,0,0.0,少数参考,参考
3957,大谷直弘,3,3,5,0.0,40.0,40.0,80.0,0.21,0.15,0.3,20.0,55.75,24.25,0,0.0,得意,C
3952,中澤和志,1,1,9,77.78,11.11,11.11,100.0,0.158,0.09,0.26,33.33,85.37,14.63,0,0.0,得意,C
3792,田中豪,3,3,3,0.0,33.33,33.33,66.67,0.17,0.11,0.24,0.0,55.75,10.92,0,0.0,少数参考,参考
3895,堀本裕也,4,4,5,20.0,20.0,20.0,60.0,0.138,0.03,0.2,60.0,47.51,12.49,0,0.0,得意,C
3615,横田茂,5,5,4,0.0,25.0,0.0,25.0,0.177,0.1,0.26,25.0,35.28,-10.28,0,0.0,少数参考,参考
4069,山本修一,6,6,9,0.0,11.11,33.33,44.44,0.214,0.09,0.38,0.0,22.5,21.94,0,0.0,得意,C
2914,岡孝,3,3,5,0.0,0.0,40.0,40.0,0.122,0.08,0.15,60.0,55.75,-15.75,0,0.0,苦手,C
4335,若林将,5,5,9,0.0,33.33,22.22,55.56,0.098,0.03,0.14,55.56,35.28,20.28,0,0.0,得意,C
3502,渡邉英児,1,1,3,100.0,0.0,0.0,100.0,0.157,0.09,0.22,33.33,85.37,14.63,0,0.0,少数参考,参考
3583,齋藤智裕,2,2,7,0.0,14.29,28.57,42.86,0.194,0.06,0.27,0.0,57.15,-14.29,0,0.0,苦手,C
4511,中岡健人,5,5,3,0.0,0.0,0.0,0.0,0.123,0.07,0.17,0.0,35.28,-35.28,0,0.0,少数参考,参考
3870,寺嶋雄,3,3,8,0.0,12.5,12.5,25.0,0.175,0.11,0.27,12.5,55.75,-30.75,0,0.0,苦手,C
4596,葛原大陽,4,4,8,12.5,12.5,50.0,75.0,0.215,0.15,0.29,0.0,47.51,27.49,0,0.0,得意,C
3797,岩井繁,2,2,3,33.33,0.0,33.33,66.67,0.2,0.16,0.26,0.0,57.15,9.52,0,0.0,少数参考,参考
3642,大塚浩二,4,4,4,0.0,0.0,0.0,0.0,0.14,0.11,0.16,0.0,47.51,-47.51,0,0.0,少数参考,参考
4258,関根彰人,2,2,4,25.0,25.0,25.0,75.0,0.158,0.09,0.21,0.0,57.15,17.85,0,0.0,少数参考,参考
4335,若林将,3,3,13,30.77,15.38,15.38,61.54,0.135,0.05,0.21,23.08,55.75,5.79,0,0.0,やや得意,B
3811,石田章央,4,4,8,37.5,12.5,0.0,50.0,0.173,0.06,0.26,25.0,47.51,2.49,0,0.0,標準,C
4020,川上清人,4,4,9,11.11,0.0,11.11,22.22,0.188,0.12,0.29,22.22,47.51,-25.29,0,0.0,苦手,C
3352,小川晃司,5,6,18,5.56,16.67,33.33,55.56,0.137,0.07,0.24,27.78,22.5,33.06,18,100.0,得意,B
3895,堀本裕也,1,1,3,33.33,66.67,0.0,100.0,0.123,0.08,0.15,0.0,85.37,14.63,0,0.0,少数参考,参考
3434,松尾宣邦,2,2,4,0.0,25.0,0.0,25.0,0.195,0.09,0.33,0.0,57.15,-32.15,0,0.0,少数参考,参考
3615,横田茂,3,3,8,12.5,50.0,12.5,75.0,0.145,0.04,0.29,25.0,55.75,19.25,0,0.0,得意,C
3870,寺嶋雄,2,2,6,33.33,33.33,16.67,83.33,0.165,0.11,0.24,16.67,57.15,26.18,0,0.0,得意,C
3340,池田雷太,1,1,5,40.0,20.0,20.0,80.0,0.164,0.05,0.28,40.0,85.37,-5.37,0,0.0,得意,C
4069,山本修一,2,2,5,0.0,60.0,0.0,60.0,0.212,0.18,0.24,0.0,57.15,2.85,0,0.0,標準,C
3642,大塚浩二,3,3,5,0.0,20.0,0.0,20.0,0.198,0.06,0.46,20.0,55.75,-35.75,0,0.0,苦手,C
3957,大谷直弘,4,4,4,0.0,50.0,0.0,50.0,0.177,0.12,0.22,0.0,47.51,2.49,0,0.0,少数参考,参考
4695,尾崎雄二,5,5,8,0.0,25.0,0.0,25.0,0.168,0.14,0.21,25.0,35.28,-10.28,0,0.0,苦手,C
4357,田中和也,1,1,7,85.71,0.0,0.0,85.71,0.141,0.09,0.2,42.86,85.37,0.34,0,0.0,得意,C
3952,中澤和志,6,6,3,0.0,33.33,33.33,66.67,0.137,0.05,0.18,33.33,22.5,44.17,0,0.0,少数参考,参考
4596,葛原大陽,1,1,9,44.44,33.33,11.11,88.89,0.143,0.02,0.46,66.67,85.37,3.52,0,0.0,得意,C
3792,田中豪,6,6,3,0.0,33.33,0.0,33.33,0.22,0.14,0.37,0.0,22.5,10.83,0,0.0,少数参考,参考
4335,若林将,1,1,17,82.35,5.88,5.88,94.12,0.108,0.03,0.2,47.06,85.37,8.75,0,0.0,得意,B
3502,渡邉英児,2,2,4,25.0,25.0,25.0,75.0,0.198,0.14,0.27,0.0,57.15,17.85,0,0.0,少数参考,参考
3957,大谷直弘,6,6,4,0.0,0.0,25.0,25.0,0.23,0.18,0.3,0.0,22.5,2.5,0,0.0,少数参考,参考
4139,丹下健,2,2,3,0.0,0.0,66.67,66.67,0.15,0.14,0.16,0.0,57.15,9.52,0,0.0,少数参考,参考
4695,尾崎雄二,4,4,6,0.0,33.33,0.0,33.33,0.148,0.1,0.21,0.0,47.51,-14.18,0,0.0,苦手,C
4596,葛原大陽,3,3,7,0.0,28.57,42.86,71.43,0.101,0.05,0.15,57.14,55.75,15.68,0,0.0,得意,C
4871,菊池宏志,5,6,10,0.0,0.0,0.0,0.0,0.174,0.05,0.25,0.0,22.5,-22.5,10,100.0,苦手,B
3434,松尾宣邦,1,1,5,40.0,40.0,20.0,100.0,0.128,0.03,0.18,20.0,85.37,14.63,0,0.0,得意,C
3583,齋藤智裕,4,4,7,0.0,0.0,0.0,0.0,0.236,0.12,0.37,0.0,47.51,-47.51,0,0.0,苦手,C
4258,関根彰人,5,5,4,0.0,0.0,25.0,25.0,0.232,0.17,0.35,0.0,35.28,-10.28,0,0.0,少数参考,参考
4020,川上清人,1,1,11,63.64,0.0,18.18,81.82,0.163,0.07,0.31,18.18,85.37,-3.55,0,0.0,得意,B
3895,堀本裕也,2,2,3,0.0,33.33,66.67,100.0,0.18,0.15,0.21,0.0,57.15,42.85,0,0.0,少数参考,参考
3340,池田雷太,3,3,5,0.0,40.0,0.0,40.0,0.164,0.05,0.3,20.0,55.75,-15.75,0,0.0,苦手,C
4357,田中和也,4,4,4,25.0,50.0,25.0,100.0,0.233,0.15,0.32,0.0,47.51,52.49,0,0.0,少数参考,参考
3870,寺嶋雄,5,5,6,0.0,0.0,16.67,16.67,0.153,0.09,0.26,33.33,35.28,-18.61,0,0.0,苦手,C
4069,山本修一,3,3,7,14.29,28.57,14.29,57.14,0.166,0.06,0.24,0.0,55.75,1.39,0,0.0,標準,C
3615,横田茂,1,1,7,57.14,28.57,0.0,85.71,0.147,0.09,0.2,28.57,85.37,0.34,0,0.0,得意,C
3642,大塚浩二,1,1,3,33.33,0.0,33.33,66.67,0.197,0.13,0.3,66.67,85.37,-18.7,0,0.0,少数参考,参考
4511,中岡健人,2,2,3,0.0,0.0,0.0,0.0,0.2,0.15,0.25,0.0,57.15,-57.15,0,0.0,少数参考,参考
4367,山口修路,3,3,4,0.0,0.0,75.0,75.0,0.172,0.09,0.21,0.0,55.75,19.25,0,0.0,少数参考,参考
3434,松尾宣邦,4,4,5,0.0,40.0,0.0,40.0,0.162,0.1,0.27,20.0,47.51,-7.51,0,0.0,標準,C
3895,堀本裕也,3,3,3,0.0,33.33,33.33,66.67,0.153,0.09,0.24,0.0,55.75,10.92,0,0.0,少数参考,参考
4069,山本修一,1,1,9,66.67,11.11,22.22,100.0,0.168,0.07,0.3,11.11,85.37,14.63,0,0.0,得意,C
4020,川上清人,2,2,16,12.5,18.75,18.75,50.0,0.206,0.11,0.41,12.5,57.15,-7.15,0,0.0,標準,B
4335,若林将,4,4,10,10.0,0.0,50.0,60.0,0.132,0.04,0.23,20.0,47.51,12.49,0,0.0,得意,B
4596,葛原大陽,6,6,7,0.0,0.0,14.29,14.29,0.164,0.07,0.26,28.57,22.5,-8.21,0,0.0,標準,C
3792,田中豪,2,2,4,25.0,0.0,0.0,25.0,0.223,0.16,0.3,0.0,57.15,-32.15,0,0.0,少数参考,参考
3797,岩井繁,3,3,3,33.33,0.0,33.33,66.67,0.117,0.03,0.18,33.33,55.75,10.92,0,0.0,少数参考,参考
3870,寺嶋雄,6,6,5,0.0,0.0,0.0,0.0,0.166,0.07,0.25,0.0,22.5,-22.5,0,0.0,苦手,C
4357,田中和也,3,3,3,0.0,33.33,66.67,100.0,0.127,0.11,0.16,66.67,55.75,44.25,0,0.0,少数参考,参考
3535,渡修平,5,5,6,16.67,16.67,0.0,33.33,0.128,0.02,0.19,33.33,35.28,-1.95,0,0.0,標準,C
4258,関根彰人,6,6,3,0.0,0.0,0.0,0.0,0.263,0.21,0.31,0.0,22.5,-22.5,0,0.0,少数参考,参考
3502,渡邉英児,3,3,5,20.0,20.0,20.0,60.0,0.25,0.21,0.29,0.0,55.75,4.25,0,0.0,やや得意,C
4567,上村慎太郎,4,5,3,0.0,0.0,33.33,33.33,0.197,0.14,0.27,33.33,35.28,-1.95,3,100.0,少数参考,参考
4069,山本修一,4,4,7,0.0,42.86,28.57,71.43,0.167,0.1,0.29,14.29,47.51,23.92,0,0.0,得意,C
3434,松尾宣邦,5,5,6,0.0,16.67,16.67,33.33,0.217,0.13,0.31,0.0,35.28,-1.95,0,0.0,標準,C
3642,大塚浩二,6,6,4,0.0,0.0,0.0,0.0,0.195,0.13,0.27,25.0,22.5,-22.5,0,0.0,少数参考,参考
4258,関根彰人,1,1,3,66.67,0.0,33.33,100.0,0.13,0.01,0.22,66.67,85.37,14.63,0,0.0,少数参考,参考
3961,谷村一哉,4,4,21,4.76,28.57,28.57,61.9,0.168,0.06,0.35,19.05,47.51,14.39,0,0.0,得意,A
3615,横田茂,6,6,5,0.0,20.0,20.0,40.0,0.154,0.09,0.2,0.0,22.5,17.5,0,0.0,得意,C
4692,酒井俊弘,5,5,5,0.0,20.0,20.0,40.0,0.204,0.09,0.32,40.0,35.28,4.72,0,0.0,やや得意,C
3583,齋藤智裕,6,6,3,0.0,0.0,0.0,0.0,0.183,0.13,0.22,0.0,22.5,-22.5,0,0.0,少数参考,参考
2914,岡孝,2,2,3,0.0,33.33,0.0,33.33,0.153,0.06,0.32,0.0,57.15,-23.82,0,0.0,少数参考,参考
3792,田中豪,4,4,4,50.0,25.0,0.0,75.0,0.158,0.08,0.23,25.0,47.51,27.49,0,0.0,少数参考,参考
4139,丹下健,6,6,3,0.0,0.0,66.67,66.67,0.15,0.03,0.22,33.33,22.5,44.17,0,0.0,少数参考,参考
3615,横田茂,4,4,8,0.0,12.5,12.5,25.0,0.212,0.11,0.47,12.5,47.51,-22.51,0,0.0,苦手,C
3642,大塚浩二,5,5,4,0.0,0.0,50.0,50.0,0.225,0.11,0.46,25.0,35.28,14.72,0,0.0,少数参考,参考
3434,松尾宣邦,3,3,5,0.0,0.0,20.0,20.0,0.218,0.11,0.36,20.0,55.75,-35.75,0,0.0,苦手,C
4596,葛原大陽,2,2,7,0.0,57.14,28.57,85.71,0.146,0.06,0.2,14.29,57.15,28.56,0,0.0,得意,C
3502,渡邉英児,5,5,3,0.0,33.33,0.0,33.33,0.203,0.15,0.29,0.0,35.28,-1.95,0,0.0,少数参考,参考
4020,川上清人,6,6,11,0.0,9.09,0.0,9.09,0.213,0.14,0.28,0.0,22.5,-13.41,0,0.0,苦手,B
4357,田中和也,2,2,4,0.0,0.0,25.0,25.0,0.193,0.04,0.28,25.0,57.15,-32.15,0,0.0,少数参考,参考
3952,中澤和志,3,3,4,25.0,75.0,0.0,100.0,0.13,0.05,0.21,25.0,55.75,44.25,0,0.0,少数参考,参考
3340,池田雷太,5,5,7,0.0,0.0,28.57,28.57,0.156,0.09,0.22,14.29,35.28,-6.71,0,0.0,標準,C
4692,酒井俊弘,6,6,4,0.0,0.0,25.0,25.0,0.133,0.09,0.21,25.0,22.5,2.5,0,0.0,少数参考,参考
3535,渡修平,2,2,5,0.0,20.0,20.0,40.0,0.164,0.14,0.23,0.0,57.15,-17.15,0,0.0,苦手,C
2914,岡孝,6,6,3,0.0,0.0,0.0,0.0,0.197,0.16,0.26,0.0,22.5,-22.5,0,0.0,少数参考,参考
4335,若林将,2,2,7,0.0,71.43,14.29,85.71,0.14,0.09,0.19,42.86,57.15,28.56,0,0.0,得意,C
4020,川上清人,4,6,4,0.0,0.0,0.0,0.0,0.113,0.08,0.16,75.0,22.5,-22.5,4,100.0,少数参考,参考
3583,齋藤智裕,1,1,3,0.0,33.33,0.0,33.33,0.237,0.15,0.35,0.0,85.37,-52.04,0,0.0,少数参考,参考
4695,尾崎雄二,6,6,3,0.0,0.0,33.33,33.33,0.12,0.05,0.19,0.0,22.5,10.83,0,0.0,少数参考,参考
3870,寺嶋雄,4,4,7,0.0,28.57,28.57,57.14,0.134,0.02,0.21,28.57,47.51,9.63,0,0.0,得意,C
3340,池田雷太,4,4,6,16.67,50.0,16.67,83.33,0.183,0.11,0.24,0.0,47.51,35.82,0,0.0,得意,C
3535,渡修平,6,6,4,0.0,0.0,0.0,0.0,0.253,0.12,0.37,50.0,22.5,-22.5,0,0.0,少数参考,参考
4043,桐本康臣,1,1,9,33.33,22.22,22.22,77.78,0.15,0.09,0.22,11.11,85.37,-7.59,0,0.0,得意,C
4182,吉田和仁,3,3,7,0.0,14.29,28.57,42.86,0.187,0.14,0.32,14.29,55.75,-12.89,0,0.0,苦手,C
4204,柴田大輔,4,4,8,25.0,12.5,25.0,62.5,0.186,0.07,0.32,25.0,47.51,14.99,0,0.0,得意,C
4873,蒲原健太,6,6,12,0.0,0.0,0.0,0.0,0.227,0.07,0.54,8.33,22.5,-22.5,0,0.0,苦手,B
3939,渡辺真至,1,1,15,66.67,13.33,6.67,86.67,0.111,0.03,0.18,40.0,85.37,1.3,0,0.0,得意,B
4315,山崎昂介,3,3,12,16.67,0.0,16.67,33.33,0.174,0.1,0.29,0.0,55.75,-22.42,0,0.0,苦手,B
3702,貞兼淳二,5,5,12,0.0,0.0,16.67,16.67,0.181,0.09,0.35,8.33,35.28,-18.61,0,0.0,苦手,B
4755,山田貴愛,6,6,6,0.0,0.0,0.0,0.0,0.162,0.11,0.23,16.67,22.5,-22.5,0,0.0,苦手,C
3295,濱村芳宏,2,2,3,0.0,66.67,33.33,100.0,0.18,0.11,0.28,0.0,57.15,42.85,0,0.0,少数参考,参考
3406,中里英夫,3,3,6,16.67,16.67,16.67,50.0,0.137,0.1,0.19,33.33,55.75,-5.75,0,0.0,標準,C
4423,坂口貴彦,6,6,5,0.0,20.0,20.0,40.0,0.152,0.04,0.33,20.0,22.5,17.5,0,0.0,得意,C
3081,岡本慎治,1,1,21,38.1,14.29,19.05,71.43,0.186,0.07,0.34,19.05,85.37,-13.94,0,0.0,苦手,A
4156,浜野孝志,4,4,6,0.0,0.0,16.67,16.67,0.142,0.09,0.19,0.0,47.51,-30.84,0,0.0,苦手,C
4151,下河誉史,1,1,8,62.5,25.0,12.5,100.0,0.163,0.09,0.23,0.0,85.37,14.63,0,0.0,得意,C
4719,上條暢嵩,2,2,7,28.57,42.86,14.29,85.71,0.13,0.1,0.18,42.86,57.15,28.56,0,0.0,得意,C
4261,岡祐臣,3,3,5,0.0,40.0,20.0,60.0,0.144,0.09,0.2,20.0,55.75,4.25,0,0.0,やや得意,C
4652,酒見峻介,5,6,4,0.0,25.0,25.0,50.0,0.19,0.11,0.28,25.0,22.5,27.5,4,100.0,少数参考,参考
3070,山室展弘,6,4,4,0.0,25.0,0.0,25.0,0.21,0.1,0.26,0.0,47.51,-22.51,4,100.0,少数参考,参考
4662,片山雅雄,2,2,6,0.0,16.67,50.0,66.67,0.212,0.14,0.36,16.67,57.15,9.52,0,0.0,得意,C
3922,菅沼佳昭,4,4,7,0.0,0.0,0.0,0.0,0.154,0.09,0.27,0.0,47.51,-47.51,0,0.0,苦手,C
4508,野間大樹,5,5,4,25.0,0.0,25.0,50.0,0.125,0.05,0.16,0.0,35.28,14.72,0,0.0,少数参考,参考
4204,柴田大輔,6,6,7,0.0,0.0,0.0,0.0,0.277,0.17,0.44,0.0,22.5,-22.5,0,0.0,苦手,C
4215,吉島祥之,2,2,3,0.0,66.67,0.0,66.67,0.197,0.14,0.24,0.0,57.15,9.52,0,0.0,少数参考,参考
4214,林祐介,4,4,14,21.43,35.71,21.43,78.57,0.166,0.08,0.29,7.14,47.51,31.06,0,0.0,得意,B
3558,山本浩次,1,1,20,75.0,10.0,15.0,100.0,0.146,0.07,0.23,45.0,85.37,14.63,0,0.0,得意,A
4315,山崎昂介,6,6,11,9.09,0.0,0.0,9.09,0.188,0.14,0.26,9.09,22.5,-13.41,0,0.0,苦手,B
3992,関口智久,1,1,7,71.43,0.0,0.0,71.43,0.179,0.09,0.23,42.86,85.37,-13.94,0,0.0,得意,C
4377,濱本優一,2,2,5,20.0,40.0,40.0,100.0,0.154,0.13,0.18,0.0,57.15,42.85,0,0.0,得意,C
4043,桐本康臣,3,3,8,12.5,37.5,0.0,50.0,0.131,0.04,0.19,25.0,55.75,-5.75,0,0.0,標準,C
3702,貞兼淳二,6,6,6,0.0,0.0,0.0,0.0,0.162,0.08,0.21,0.0,22.5,-22.5,0,0.0,苦手,C
3406,中里英夫,1,1,9,55.56,33.33,11.11,100.0,0.146,0.11,0.21,44.44,85.37,14.63,0,0.0,得意,C
3070,山室展弘,3,3,8,12.5,25.0,12.5,50.0,0.175,0.08,0.26,12.5,55.75,-5.75,0,0.0,標準,C
3939,渡辺真至,4,4,8,12.5,25.0,25.0,62.5,0.116,0.04,0.23,12.5,47.51,14.99,0,0.0,得意,C
4156,浜野孝志,5,5,8,0.0,0.0,25.0,25.0,0.15,0.07,0.23,25.0,35.28,-10.28,0,0.0,苦手,C
3295,濱村芳宏,1,1,4,50.0,0.0,25.0,75.0,0.185,0.08,0.33,25.0,85.37,-10.37,0,0.0,少数参考,参考
3081,岡本慎治,2,2,22,18.18,4.55,22.73,45.45,0.151,0.03,0.29,9.09,57.15,-11.7,0,0.0,苦手,A
3558,山本浩次,3,3,21,23.81,28.57,33.33,85.71,0.143,0.05,0.23,28.57,55.75,29.96,0,0.0,得意,A
4083,福島勇樹,4,4,8,12.5,12.5,37.5,62.5,0.126,0.02,0.27,37.5,47.51,14.99,0,0.0,得意,C
4136,江夏満,5,5,3,0.0,66.67,33.33,100.0,0.123,0.03,0.19,33.33,35.28,64.72,0,0.0,少数参考,参考
4261,岡祐臣,6,6,6,16.67,16.67,16.67,50.0,0.167,0.13,0.26,16.67,22.5,27.5,0,0.0,得意,C
4652,酒見峻介,3,3,8,0.0,37.5,25.0,62.5,0.154,0.05,0.27,37.5,55.75,6.75,0,0.0,やや得意,C
4662,片山雅雄,6,6,3,0.0,0.0,33.33,33.33,0.237,0.1,0.35,0.0,22.5,10.83,0,0.0,少数参考,参考
4214,林祐介,1,1,17,58.82,5.88,11.76,76.47,0.157,0.04,0.32,23.53,85.37,-8.9,0,0.0,得意,B
4423,坂口貴彦,2,2,8,0.0,50.0,12.5,62.5,0.201,0.13,0.34,25.0,57.15,5.35,0,0.0,やや得意,C
4719,上條暢嵩,3,3,9,33.33,44.44,11.11,88.89,0.127,0.05,0.25,22.22,55.75,33.14,0,0.0,得意,C
4151,下河誉史,4,4,12,8.33,0.0,33.33,41.67,0.202,0.04,0.3,0.0,47.51,-5.84,0,0.0,標準,B
4873,蒲原健太,5,6,4,0.0,0.0,25.0,25.0,0.125,0.03,0.21,50.0,22.5,2.5,4,100.0,少数参考,参考
3081,岡本慎治,6,5,5,20.0,0.0,40.0,60.0,0.11,0.03,0.21,20.0,35.28,24.72,5,100.0,得意,C
4508,野間大樹,1,1,5,60.0,40.0,0.0,100.0,0.136,0.08,0.19,80.0,85.37,14.63,0,0.0,得意,C
3070,山室展弘,2,2,12,25.0,16.67,33.33,75.0,0.168,0.08,0.29,8.33,57.15,17.85,0,0.0,得意,B
4261,岡祐臣,4,4,3,33.33,0.0,66.67,100.0,0.177,0.13,0.25,33.33,47.51,52.49,0,0.0,少数参考,参考
4215,吉島祥之,6,6,5,0.0,0.0,20.0,20.0,0.164,0.07,0.31,20.0,22.5,-2.5,0,0.0,標準,C
3558,山本浩次,6,5,4,25.0,50.0,0.0,75.0,0.16,0.08,0.24,50.0,35.28,39.72,4,100.0,少数参考,参考
4207,松下一也,3,3,3,66.67,0.0,0.0,66.67,0.127,0.05,0.25,66.67,55.75,10.92,0,0.0,少数参考,参考
3922,菅沼佳昭,6,6,3,0.0,0.0,0.0,0.0,0.313,0.25,0.4,0.0,22.5,-22.5,0,0.0,少数参考,参考
3406,中里英夫,5,5,7,0.0,14.29,14.29,28.57,0.16,0.11,0.23,0.0,35.28,-6.71,0,0.0,標準,C
4423,坂口貴彦,3,3,8,0.0,25.0,37.5,62.5,0.154,0.08,0.29,25.0,55.75,6.75,0,0.0,やや得意,C
4315,山崎昂介,4,4,13,15.38,15.38,23.08,53.85,0.175,0.08,0.3,30.77,47.51,6.34,0,0.0,やや得意,B
4757,山田祐也,5,6,4,25.0,25.0,0.0,50.0,0.16,0.12,0.24,50.0,22.5,27.5,4,100.0,少数参考,参考
4100,松田隆司,1,1,8,62.5,0.0,25.0,87.5,0.181,0.14,0.24,0.0,85.37,2.13,0,0.0,標準,C
3081,岡本慎治,3,3,20,5.0,40.0,20.0,65.0,0.154,0.05,0.27,10.0,55.75,9.25,0,0.0,得意,A
4136,江夏満,1,1,7,57.14,42.86,0.0,100.0,0.177,0.1,0.24,14.29,85.37,14.63,0,0.0,得意,C
4156,浜野孝志,2,2,6,33.33,66.67,0.0,100.0,0.133,0.03,0.21,33.33,57.15,42.85,0,0.0,得意,C
3922,菅沼佳昭,3,3,6,0.0,16.67,16.67,33.33,0.187,0.11,0.29,16.67,55.75,-22.42,0,0.0,苦手,C
4716,近久大志,5,5,3,0.0,0.0,33.33,33.33,0.117,0.07,0.15,33.33,35.28,-1.95,0,0.0,少数参考,参考
4043,桐本康臣,6,6,4,0.0,0.0,0.0,0.0,0.19,0.13,0.26,25.0,22.5,-22.5,0,0.0,少数参考,参考
3702,貞兼淳二,1,1,15,26.67,33.33,13.33,73.33,0.138,0.04,0.27,26.67,85.37,-12.04,0,0.0,得意,B
4508,野間大樹,2,2,4,0.0,75.0,0.0,75.0,0.242,0.12,0.35,25.0,57.15,17.85,0,0.0,少数参考,参考
3295,濱村芳宏,4,4,3,33.33,0.0,33.33,66.67,0.14,0.12,0.17,0.0,47.51,19.16,0,0.0,少数参考,参考
4151,下河誉史,5,5,3,0.0,0.0,33.33,33.33,0.183,0.14,0.23,33.33,35.28,-1.95,0,0.0,少数参考,参考
3939,渡辺真至,6,6,8,0.0,0.0,37.5,37.5,0.194,0.07,0.31,12.5,22.5,15.0,0,0.0,得意,C
4261,岡祐臣,1,1,7,100.0,0.0,0.0,100.0,0.113,0.04,0.17,42.86,85.37,14.63,0,0.0,得意,C
4100,松田隆司,2,2,7,0.0,14.29,42.86,57.14,0.169,0.11,0.31,42.86,57.15,-0.01,0,0.0,標準,C
3558,山本浩次,4,4,12,0.0,16.67,16.67,33.33,0.117,0.07,0.16,33.33,47.51,-14.18,0,0.0,苦手,B
4719,上條暢嵩,5,5,7,0.0,42.86,0.0,42.86,0.146,0.09,0.2,14.29,35.28,7.58,0,0.0,やや得意,C
3070,山室展弘,1,1,17,70.59,11.76,11.76,94.12,0.141,0.06,0.21,41.18,85.37,8.75,0,0.0,得意,B
4136,江夏満,2,2,4,75.0,25.0,0.0,100.0,0.107,0.04,0.17,50.0,57.15,42.85,0,0.0,少数参考,参考
4214,林祐介,3,3,19,10.53,26.32,15.79,52.63,0.114,0.05,0.19,15.79,55.75,-3.12,0,0.0,標準,B
3406,中里英夫,4,4,5,0.0,20.0,20.0,40.0,0.166,0.09,0.23,0.0,47.51,-7.51,0,0.0,標準,C
3992,関口智久,6,6,7,0.0,0.0,0.0,0.0,0.13,0.05,0.21,28.57,22.5,-22.5,0,0.0,苦手,C
3922,菅沼佳昭,2,2,6,0.0,0.0,16.67,16.67,0.208,0.07,0.3,0.0,57.15,-40.48,0,0.0,苦手,C
4156,浜野孝志,1,1,8,62.5,25.0,12.5,100.0,0.11,0.04,0.16,37.5,85.37,14.63,0,0.0,得意,C
4182,吉田和仁,4,4,3,0.0,0.0,0.0,0.0,0.237,0.15,0.28,0.0,47.51,-47.51,0,0.0,少数参考,参考
4204,柴田大輔,1,1,7,42.86,14.29,14.29,71.43,0.156,0.11,0.26,14.29,85.37,-13.94,0,0.0,得意,C
4315,山崎昂介,1,1,10,50.0,20.0,0.0,70.0,0.216,0.15,0.33,10.0,85.37,-15.37,0,0.0,苦手,B
4215,吉島祥之,5,5,5,0.0,0.0,20.0,20.0,0.172,0.09,0.24,0.0,35.28,-15.28,0,0.0,苦手,C
4377,濱本優一,1,1,5,100.0,0.0,0.0,100.0,0.126,0.09,0.17,60.0,85.37,14.63,0,0.0,得意,C
4182,吉田和仁,2,2,5,0.0,20.0,0.0,20.0,0.146,0.07,0.19,20.0,57.15,-37.15,0,0.0,苦手,C
4508,野間大樹,4,4,6,16.67,16.67,16.67,50.0,0.155,0.02,0.27,16.67,47.51,2.49,0,0.0,標準,C
4083,福島勇樹,5,5,6,0.0,33.33,33.33,66.67,0.15,0.08,0.21,16.67,35.28,31.39,0,0.0,得意,C
3922,菅沼佳昭,1,1,4,25.0,25.0,25.0,75.0,0.152,0.01,0.21,25.0,85.37,-10.37,0,0.0,少数参考,参考
4136,江夏満,4,4,4,0.0,100.0,0.0,100.0,0.182,0.15,0.26,0.0,47.51,52.49,0,0.0,少数参考,参考
4423,坂口貴彦,5,5,10,10.0,20.0,0.0,30.0,0.117,0.05,0.22,60.0,35.28,-5.28,0,0.0,標準,B
4100,松田隆司,6,6,7,0.0,0.0,42.86,42.86,0.177,0.1,0.27,14.29,22.5,20.36,0,0.0,得意,C
4315,山崎昂介,2,2,12,0.0,16.67,16.67,33.33,0.19,0.12,0.34,0.0,57.15,-23.82,0,0.0,苦手,B
3702,貞兼淳二,3,3,12,0.0,16.67,50.0,66.67,0.133,0.02,0.36,41.67,55.75,10.92,0,0.0,得意,B
4043,桐本康臣,4,4,6,0.0,50.0,33.33,83.33,0.133,0.07,0.19,16.67,47.51,35.82,0,0.0,得意,C
3406,中里英夫,6,6,5,0.0,0.0,20.0,20.0,0.168,0.13,0.25,0.0,22.5,-2.5,0,0.0,標準,C
3992,関口智久,2,2,7,0.0,42.86,0.0,42.86,0.153,0.06,0.24,28.57,57.15,-14.29,0,0.0,苦手,C
4662,片山雅雄,3,3,3,33.33,0.0,0.0,33.33,0.287,0.11,0.43,0.0,55.75,-22.42,0,0.0,少数参考,参考
4214,林祐介,5,5,10,10.0,10.0,10.0,30.0,0.159,0.07,0.22,40.0,35.28,-5.28,0,0.0,標準,B
4274,長畑友輔,1,1,4,50.0,50.0,0.0,100.0,0.163,0.06,0.24,25.0,85.37,14.63,0,0.0,少数参考,参考
4151,下河誉史,2,2,10,10.0,10.0,40.0,60.0,0.191,0.09,0.37,0.0,57.15,2.85,0,0.0,標準,B
3295,濱村芳宏,3,3,4,0.0,25.0,25.0,50.0,0.22,0.19,0.24,25.0,55.75,-5.75,0,0.0,少数参考,参考
3939,渡辺真至,2,2,5,0.0,20.0,40.0,60.0,0.154,0.12,0.2,0.0,57.15,2.85,0,0.0,標準,C
4204,柴田大輔,3,3,5,0.0,40.0,20.0,60.0,0.182,0.12,0.27,20.0,55.75,4.25,0,0.0,やや得意,C
4377,濱本優一,4,4,4,0.0,25.0,50.0,75.0,0.2,0.14,0.25,0.0,47.51,27.49,0,0.0,少数参考,参考
4043,桐本康臣,5,5,6,0.0,16.67,50.0,66.67,0.255,0.06,0.42,16.67,35.28,31.39,0,0.0,得意,C
3702,貞兼淳二,2,2,10,0.0,30.0,20.0,50.0,0.119,0.07,0.15,10.0,57.15,-7.15,0,0.0,標準,B
4156,浜野孝志,3,3,6,0.0,33.33,33.33,66.67,0.102,0.05,0.16,50.0,55.75,10.92,0,0.0,得意,C
4214,林祐介,6,6,15,13.33,6.67,13.33,33.33,0.152,0.04,0.26,26.67,22.5,10.83,0,0.0,得意,B
4151,下河誉史,3,3,14,7.14,35.71,35.71,78.57,0.186,0.09,0.29,7.14,55.75,22.82,0,0.0,得意,B
4719,上條暢嵩,4,4,6,16.67,16.67,16.67,50.0,0.153,0.12,0.18,16.67,47.51,2.49,0,0.0,標準,C
4662,片山雅雄,1,1,3,0.0,66.67,0.0,66.67,0.167,0.13,0.23,33.33,85.37,-18.7,0,0.0,少数参考,参考
3558,山本浩次,5,4,4,25.0,25.0,50.0,100.0,0.178,0.11,0.27,25.0,47.51,52.49,4,100.0,少数参考,参考
4755,山田貴愛,6,5,3,0.0,0.0,0.0,0.0,0.177,0.13,0.27,66.67,35.28,-35.28,3,100.0,少数参考,参考
4083,福島勇樹,6,5,4,0.0,0.0,0.0,0.0,0.14,0.05,0.25,0.0,35.28,-35.28,4,100.0,少数参考,参考
4508,野間大樹,3,3,5,40.0,20.0,0.0,60.0,0.162,0.08,0.22,0.0,55.75,4.25,0,0.0,やや得意,C
3070,山室展弘,4,4,7,28.57,14.29,0.0,42.86,0.133,0.07,0.23,28.57,47.51,-4.65,0,0.0,標準,C
4315,山崎昂介,5,5,9,0.0,11.11,11.11,22.22,0.196,0.14,0.28,0.0,35.28,-13.06,0,0.0,苦手,C
4423,坂口貴彦,1,1,6,66.67,16.67,0.0,83.33,0.093,0.05,0.12,50.0,85.37,-2.04,0,0.0,得意,C
4043,桐本康臣,2,2,4,25.0,50.0,0.0,75.0,0.14,0.1,0.16,25.0,57.15,17.85,0,0.0,少数参考,参考
3081,岡本慎治,4,4,15,6.67,20.0,26.67,53.33,0.162,0.05,0.36,13.33,47.51,5.82,0,0.0,やや得意,B
4377,濱本優一,5,5,6,0.0,0.0,33.33,33.33,0.163,0.11,0.29,0.0,35.28,-1.95,0,0.0,標準,C
4156,浜野孝志,6,6,5,0.0,20.0,0.0,20.0,0.188,0.13,0.23,0.0,22.5,-2.5,0,0.0,標準,C
4182,吉田和仁,1,1,3,66.67,0.0,33.33,100.0,0.16,0.11,0.19,0.0,85.37,14.63,0,0.0,少数参考,参考
4214,林祐介,2,2,8,37.5,12.5,25.0,75.0,0.163,0.08,0.22,0.0,57.15,17.85,0,0.0,得意,C
3702,貞兼淳二,4,4,12,8.33,8.33,33.33,50.0,0.133,0.01,0.21,50.0,47.51,2.49,0,0.0,標準,B
4508,野間大樹,6,6,3,0.0,0.0,0.0,0.0,0.153,0.03,0.27,33.33,22.5,-22.5,0,0.0,少数参考,参考
3081,岡本慎治,5,5,12,16.67,8.33,8.33,33.33,0.139,0.07,0.31,33.33,35.28,-1.95,0,0.0,標準,B
3406,中里英夫,2,2,6,33.33,33.33,0.0,66.67,0.143,0.05,0.25,0.0,57.15,9.52,0,0.0,得意,C
3992,関口智久,4,4,7,0.0,14.29,14.29,28.57,0.147,0.08,0.2,14.29,47.51,-18.94,0,0.0,苦手,C
3295,濱村芳宏,5,5,4,0.0,0.0,25.0,25.0,0.133,0.07,0.19,25.0,35.28,-10.28,0,0.0,少数参考,参考
4151,下河誉史,6,5,4,0.0,0.0,0.0,0.0,0.217,0.17,0.27,0.0,35.28,-35.28,4,100.0,少数参考,参考
4475,末永祐輝,3,4,6,0.0,0.0,83.33,83.33,0.185,0.13,0.25,0.0,47.51,35.82,6,100.0,得意,C
4274,長畑友輔,3,3,4,0.0,25.0,0.0,25.0,0.122,0.07,0.19,50.0,55.75,-30.75,0,0.0,少数参考,参考
4204,柴田大輔,5,5,4,0.0,25.0,0.0,25.0,0.215,0.15,0.28,0.0,35.28,-10.28,0,0.0,少数参考,参考
4652,酒見峻介,6,6,7,14.29,0.0,0.0,14.29,0.194,0.09,0.3,28.57,22.5,-8.21,0,0.0,標準,C
3939,渡辺真至,3,3,7,14.29,14.29,14.29,42.86,0.131,0.06,0.21,14.29,55.75,-12.89,0,0.0,苦手,C
3992,関口智久,3,3,8,12.5,25.0,12.5,50.0,0.176,0.12,0.24,37.5,55.75,-5.75,0,0.0,標準,C
4662,片山雅雄,5,5,5,0.0,0.0,0.0,0.0,0.214,0.11,0.32,20.0,35.28,-35.28,0,0.0,苦手,C
4719,上條暢嵩,1,1,13,100.0,0.0,0.0,100.0,0.105,0.04,0.16,38.46,85.37,14.63,0,0.0,得意,B
4100,松田隆司,3,3,9,11.11,0.0,11.11,22.22,0.142,0.07,0.21,11.11,55.75,-33.53,0,0.0,苦手,C
4652,酒見峻介,1,1,8,62.5,0.0,0.0,62.5,0.155,0.08,0.21,37.5,85.37,-22.87,0,0.0,得意,C
4215,吉島祥之,4,4,4,0.0,25.0,0.0,25.0,0.182,0.14,0.23,0.0,47.51,-22.51,0,0.0,少数参考,参考
4204,柴田大輔,2,2,7,0.0,57.14,28.57,85.71,0.197,0.11,0.28,0.0,57.15,28.56,0,0.0,得意,C
4755,山田貴愛,5,5,3,33.33,0.0,0.0,33.33,0.17,0.14,0.23,0.0,35.28,-1.95,0,0.0,少数参考,参考
4719,上條暢嵩,6,6,7,0.0,0.0,42.86,42.86,0.14,0.11,0.2,0.0,22.5,20.36,0,0.0,得意,C
3992,関口智久,5,5,7,0.0,14.29,0.0,14.29,0.141,0.07,0.24,57.14,35.28,-20.99,0,0.0,苦手,C
4261,岡祐臣,2,2,3,0.0,0.0,33.33,33.33,0.14,0.08,0.18,0.0,57.15,-23.82,0,0.0,少数参考,参考
3302,谷川里江,1,1,8,62.5,37.5,0.0,100.0,0.155,0.02,0.26,25.0,85.37,14.63,0,0.0,得意,C
3704,本部めぐみ,2,2,6,33.33,0.0,33.33,66.67,0.17,0.09,0.25,16.67,57.15,9.52,0,0.0,得意,C
4878,西岡育未,6,6,7,0.0,0.0,0.0,0.0,0.143,0.06,0.21,28.57,22.5,-22.5,0,0.0,苦手,C
3949,今出晋二,3,3,6,0.0,16.67,33.33,50.0,0.155,0.07,0.24,33.33,55.75,-5.75,0,0.0,標準,C
4615,板倉敦史,4,4,9,0.0,22.22,22.22,44.44,0.18,0.12,0.22,0.0,47.51,-3.07,0,0.0,標準,C
4829,塚脇奈美,6,6,6,0.0,0.0,0.0,0.0,0.172,0.08,0.35,16.67,22.5,-22.5,0,0.0,苦手,C
3224,栗山繁洋,1,1,7,28.57,28.57,14.29,71.43,0.203,0.16,0.31,14.29,85.37,-13.94,0,0.0,苦手,C
4094,中島真二,2,2,10,10.0,30.0,20.0,60.0,0.207,0.13,0.33,10.0,57.15,2.85,0,0.0,標準,B
3775,泉啓文,6,6,6,0.0,16.67,0.0,16.67,0.138,0.05,0.25,33.33,22.5,-5.83,0,0.0,標準,C
3950,石川哲秀,1,1,4,50.0,25.0,25.0,100.0,0.152,0.08,0.21,25.0,85.37,14.63,0,0.0,少数参考,参考
3327,野長瀬正孝,4,4,4,0.0,0.0,25.0,25.0,0.135,0.09,0.18,0.0,47.51,-22.51,0,0.0,少数参考,参考
4451,松崎祐太郎,5,5,8,0.0,12.5,12.5,25.0,0.177,0.1,0.22,12.5,35.28,-10.28,0,0.0,苦手,C
3674,岸恵子,1,1,7,57.14,28.57,14.29,100.0,0.137,0.09,0.23,42.86,85.37,14.63,0,0.0,得意,C
4442,松竹大輔,2,2,3,0.0,0.0,33.33,33.33,0.207,0.08,0.33,0.0,57.15,-23.82,0,0.0,少数参考,参考
4383,竹田吉行,2,2,11,0.0,45.45,9.09,54.55,0.182,0.06,0.3,27.27,57.15,-2.6,0,0.0,標準,B
3556,田中信一郎,3,3,7,57.14,0.0,28.57,85.71,0.123,0.07,0.17,42.86,55.75,29.96,0,0.0,得意,C
4402,乙藤智史,4,4,12,8.33,8.33,16.67,33.33,0.185,0.08,0.28,16.67,47.51,-14.18,0,0.0,苦手,B
3949,今出晋二,5,5,5,0.0,0.0,0.0,0.0,0.152,0.08,0.19,0.0,35.28,-35.28,0,0.0,苦手,C
3775,泉啓文,4,4,7,0.0,28.57,0.0,28.57,0.169,0.13,0.21,28.57,47.51,-18.94,0,0.0,苦手,C
4830,勝又桜,6,6,5,0.0,0.0,0.0,0.0,0.18,0.05,0.31,20.0,22.5,-22.5,0,0.0,苦手,C
4298,宮下元胤,1,1,6,33.33,16.67,33.33,83.33,0.205,0.17,0.27,0.0,85.37,-2.04,0,0.0,標準,C
3224,栗山繁洋,2,2,12,8.33,25.0,8.33,41.67,0.212,0.15,0.31,16.67,57.15,-15.48,0,0.0,苦手,B
3740,大澤普司,3,3,4,50.0,25.0,25.0,100.0,0.13,0.11,0.16,25.0,55.75,44.25,0,0.0,少数参考,参考
4451,松崎祐太郎,4,4,8,12.5,50.0,0.0,62.5,0.173,0.12,0.26,25.0,47.51,14.99,0,0.0,得意,C
3589,西村勝,1,1,11,63.64,36.36,0.0,100.0,0.156,0.06,0.26,27.27,85.37,14.63,0,0.0,得意,B
3704,本部めぐみ,4,4,3,0.0,0.0,66.67,66.67,0.137,0.09,0.22,0.0,47.51,19.16,0,0.0,少数参考,参考
4407,鹿島敏弘,5,5,3,0.0,33.33,0.0,33.33,0.17,0.13,0.2,0.0,35.28,-1.95,0,0.0,少数参考,参考
4446,和田兼輔,3,3,3,0.0,66.67,33.33,100.0,0.213,0.17,0.26,0.0,55.75,44.25,0,0.0,少数参考,参考
4409,坂元浩仁,4,4,5,20.0,0.0,20.0,40.0,0.178,0.09,0.21,20.0,47.51,-7.51,0,0.0,標準,C
3482,金子猛志,5,6,3,0.0,0.0,33.33,33.33,0.197,0.14,0.28,33.33,22.5,10.83,3,100.0,少数参考,参考
3327,野長瀬正孝,1,1,5,60.0,0.0,20.0,80.0,0.142,0.05,0.24,20.0,85.37,-5.37,0,0.0,得意,C
4430,永田秀二,3,3,3,0.0,33.33,66.67,100.0,0.223,0.11,0.31,0.0,55.75,44.25,0,0.0,少数参考,参考
3302,谷川里江,4,4,6,16.67,33.33,0.0,50.0,0.188,0.06,0.31,33.33,47.51,2.49,0,0.0,標準,C
4047,吉永浩則,5,5,4,25.0,0.0,25.0,50.0,0.14,0.01,0.22,50.0,35.28,14.72,0,0.0,少数参考,参考
3556,田中信一郎,1,1,11,63.64,36.36,0.0,100.0,0.13,0.01,0.21,36.36,85.37,14.63,0,0.0,得意,B
3674,岸恵子,2,2,6,16.67,33.33,0.0,50.0,0.167,0.09,0.23,33.33,57.15,-7.15,0,0.0,標準,C
3854,吉川元浩,3,3,9,22.22,44.44,22.22,88.89,0.132,0.1,0.19,22.22,55.75,33.14,0,0.0,得意,C
3589,西村勝,4,4,7,0.0,28.57,28.57,57.14,0.183,0.12,0.36,28.57,47.51,9.63,0,0.0,得意,C
3740,大澤普司,6,6,4,0.0,25.0,0.0,25.0,0.138,0.13,0.16,25.0,22.5,2.5,0,0.0,少数参考,参考
4446,和田兼輔,1,1,7,85.71,14.29,0.0,100.0,0.149,0.07,0.22,42.86,85.37,14.63,0,0.0,得意,C
4407,鹿島敏弘,4,4,4,0.0,0.0,75.0,75.0,0.203,0.09,0.3,0.0,47.51,27.49,0,0.0,少数参考,参考
4829,塚脇奈美,5,5,6,0.0,0.0,16.67,16.67,0.14,0.02,0.3,66.67,35.28,-18.61,0,0.0,苦手,C
4383,竹田吉行,6,6,13,7.69,7.69,7.69,23.08,0.198,0.08,0.34,15.38,22.5,0.58,0,0.0,標準,B
4402,乙藤智史,1,1,11,90.91,9.09,0.0,100.0,0.168,0.07,0.29,18.18,85.37,14.63,0,0.0,得意,B
3950,石川哲秀,2,2,5,0.0,40.0,20.0,60.0,0.21,0.1,0.27,0.0,57.15,2.85,0,0.0,標準,C
4094,中島真二,4,4,4,0.0,25.0,0.0,25.0,0.19,0.12,0.31,0.0,47.51,-22.51,0,0.0,少数参考,参考
3224,栗山繁洋,5,5,12,0.0,16.67,8.33,25.0,0.158,0.09,0.27,16.67,35.28,-10.28,0,0.0,苦手,B
3302,谷川里江,6,6,7,0.0,0.0,0.0,0.0,0.223,0.09,0.31,14.29,22.5,-22.5,0,0.0,苦手,C
4830,勝又桜,4,6,5,0.0,0.0,0.0,0.0,0.18,0.09,0.29,40.0,22.5,-22.5,5,100.0,苦手,C
3674,岸恵子,6,5,4,0.0,0.0,0.0,0.0,0.177,0.09,0.28,0.0,35.28,-35.28,4,100.0,少数参考,参考
4047,吉永浩則,1,1,6,100.0,0.0,0.0,100.0,0.158,0.09,0.22,33.33,85.37,14.63,0,0.0,得意,C
3704,本部めぐみ,5,5,3,0.0,33.33,0.0,33.33,0.22,0.16,0.28,0.0,35.28,-1.95,0,0.0,少数参考,参考
3950,石川哲秀,3,3,5,0.0,20.0,20.0,40.0,0.178,0.1,0.27,20.0,55.75,-15.75,0,0.0,苦手,C
3740,大澤普司,4,4,4,0.0,25.0,25.0,50.0,0.13,0.06,0.19,25.0,47.51,2.49,0,0.0,少数参考,参考
4615,板倉敦史,3,3,6,0.0,16.67,50.0,66.67,0.142,0.08,0.2,0.0,55.75,10.92,0,0.0,得意,C
4878,西岡育未,5,6,3,0.0,0.0,0.0,0.0,0.253,0.17,0.31,0.0,22.5,-22.5,3,100.0,少数参考,参考
3482,金子猛志,1,1,6,66.67,0.0,0.0,66.67,0.165,0.07,0.25,33.33,85.37,-18.7,0,0.0,得意,C
4409,坂元浩仁,3,3,6,33.33,16.67,16.67,66.67,0.128,0.01,0.27,16.67,55.75,10.92,0,0.0,得意,C
3854,吉川元浩,6,4,4,25.0,0.0,25.0,50.0,0.138,0.07,0.27,25.0,47.51,2.49,4,100.0,少数参考,参考
3730,塩崎優司,1,1,5,80.0,20.0,0.0,100.0,0.148,0.05,0.21,40.0,85.37,14.63,0,0.0,得意,C
3674,岸恵子,3,3,8,25.0,12.5,25.0,62.5,0.128,0.08,0.17,37.5,55.75,6.75,0,0.0,得意,C
4298,宮下元胤,6,6,4,0.0,0.0,50.0,50.0,0.172,0.12,0.29,0.0,22.5,27.5,0,0.0,少数参考,参考
4430,永田秀二,1,1,4,100.0,0.0,0.0,100.0,0.155,0.12,0.18,25.0,85.37,14.63,0,0.0,少数参考,参考
4407,鹿島敏弘,2,2,4,0.0,25.0,25.0,50.0,0.173,0.14,0.22,0.0,57.15,-7.15,0,0.0,少数参考,参考
4047,吉永浩則,4,4,7,0.0,14.29,14.29,28.57,0.16,0.04,0.22,0.0,47.51,-18.94,0,0.0,苦手,C
3589,西村勝,6,6,7,0.0,0.0,0.0,0.0,0.177,0.05,0.26,28.57,22.5,-22.5,0,0.0,苦手,C
4446,和田兼輔,2,2,5,0.0,60.0,40.0,100.0,0.148,0.11,0.18,0.0,57.15,42.85,0,0.0,得意,C
4094,中島真二,3,3,10,0.0,10.0,30.0,40.0,0.192,0.12,0.29,20.0,55.75,-15.75,0,0.0,苦手,B
4409,坂元浩仁,5,5,4,0.0,0.0,25.0,25.0,0.128,0.07,0.2,0.0,35.28,-10.28,0,0.0,少数参考,参考
4451,松崎祐太郎,6,6,7,14.29,14.29,14.29,42.86,0.19,0.13,0.25,0.0,22.5,20.36,0,0.0,得意,C
3740,大澤普司,1,1,7,28.57,28.57,0.0,57.14,0.199,0.13,0.26,14.29,85.37,-28.23,0,0.0,苦手,C
4402,乙藤智史,2,2,8,12.5,37.5,37.5,87.5,0.134,0.08,0.19,37.5,57.15,30.35,0,0.0,得意,C
3556,田中信一郎,4,4,7,0.0,28.57,0.0,28.57,0.161,0.14,0.24,0.0,47.51,-18.94,0,0.0,苦手,C
3327,野長瀬正孝,5,5,3,0.0,0.0,0.0,0.0,0.217,0.17,0.25,0.0,35.28,-35.28,0,0.0,少数参考,参考
4830,勝又桜,5,6,6,0.0,0.0,16.67,16.67,0.178,0.12,0.25,16.67,22.5,-5.83,6,100.0,標準,C
4430,永田秀二,4,4,3,0.0,33.33,0.0,33.33,0.15,0.11,0.21,0.0,47.51,-14.18,0,0.0,少数参考,参考
4094,中島真二,5,5,7,0.0,0.0,42.86,42.86,0.161,0.1,0.28,28.57,35.28,7.58,0,0.0,やや得意,C
3327,野長瀬正孝,2,2,5,0.0,40.0,20.0,60.0,0.16,0.1,0.21,20.0,57.15,2.85,0,0.0,標準,C
3949,今出晋二,4,4,4,0.0,0.0,25.0,25.0,0.172,0.1,0.23,0.0,47.51,-22.51,0,0.0,少数参考,参考
3730,塩崎優司,5,5,5,0.0,20.0,0.0,20.0,0.222,0.08,0.52,0.0,35.28,-15.28,0,0.0,苦手,C
4409,坂元浩仁,2,2,8,50.0,25.0,25.0,100.0,0.141,0.06,0.24,12.5,57.15,42.85,0,0.0,得意,C
4047,吉永浩則,3,3,7,14.29,28.57,14.29,57.14,0.12,0.02,0.26,14.29,55.75,1.39,0,0.0,標準,C
3775,泉啓文,2,2,9,0.0,33.33,11.11,44.44,0.196,0.1,0.31,0.0,57.15,-12.71,0,0.0,苦手,C
4383,竹田吉行,1,1,12,50.0,41.67,0.0,91.67,0.133,0.03,0.26,16.67,85.37,6.3,0,0.0,得意,B
3854,吉川元浩,2,2,11,36.36,45.45,0.0,81.82,0.158,0.02,0.27,18.18,57.15,24.67,0,0.0,得意,B
4245,高橋直哉,3,3,3,0.0,0.0,0.0,0.0,0.14,0.03,0.27,0.0,55.75,-55.75,0,0.0,少数参考,参考
4298,宮下元胤,4,4,5,0.0,20.0,0.0,20.0,0.176,0.08,0.25,0.0,47.51,-27.51,0,0.0,苦手,C
4446,和田兼輔,6,5,4,0.0,0.0,75.0,75.0,0.1,0.08,0.12,25.0,35.28,39.72,4,100.0,少数参考,参考
3704,本部めぐみ,1,1,3,66.67,0.0,0.0,66.67,0.147,0.1,0.2,33.33,85.37,-18.7,0,0.0,少数参考,参考
3482,金子猛志,2,2,3,33.33,33.33,33.33,100.0,0.15,0.15,0.15,33.33,57.15,42.85,0,0.0,少数参考,参考
4226,村田浩司,4,4,10,30.0,10.0,10.0,50.0,0.111,0.04,0.17,40.0,47.51,2.49,0,0.0,標準,B
3950,石川哲秀,5,5,3,0.0,0.0,33.33,33.33,0.133,0.09,0.19,66.67,35.28,-1.95,0,0.0,少数参考,参考
4402,乙藤智史,3,3,8,37.5,37.5,25.0,100.0,0.125,0.07,0.23,25.0,55.75,44.25,0,0.0,得意,C
3775,泉啓文,3,3,7,0.0,28.57,28.57,57.14,0.183,0.12,0.29,0.0,55.75,1.39,0,0.0,標準,C
3740,大澤普司,5,5,7,14.29,28.57,28.57,71.43,0.159,0.07,0.29,57.14,35.28,36.15,0,0.0,得意,C
4094,中島真二,6,6,7,0.0,0.0,0.0,0.0,0.181,0.12,0.26,42.86,22.5,-22.5,0,0.0,苦手,C
4451,松崎祐太郎,1,1,9,55.56,22.22,22.22,100.0,0.136,0.06,0.23,33.33,85.37,14.63,0,0.0,得意,C
3302,谷川里江,3,3,8,25.0,0.0,0.0,25.0,0.173,0.07,0.43,37.5,55.75,-30.75,0,0.0,苦手,C
3730,塩崎優司,4,4,4,0.0,0.0,0.0,0.0,0.148,0.11,0.2,0.0,47.51,-47.51,0,0.0,少数参考,参考
4446,和田兼輔,5,5,3,0.0,33.33,66.67,100.0,0.153,0.07,0.21,66.67,35.28,64.72,0,0.0,少数参考,参考
3224,栗山繁洋,6,6,5,0.0,0.0,0.0,0.0,0.164,0.09,0.24,0.0,22.5,-22.5,0,0.0,苦手,C
4409,坂元浩仁,1,1,8,87.5,12.5,0.0,100.0,0.161,0.12,0.22,50.0,85.37,14.63,0,0.0,得意,C
3949,今出晋二,2,2,7,0.0,14.29,0.0,14.29,0.169,0.13,0.24,14.29,57.15,-42.86,0,0.0,苦手,C
3589,西村勝,3,3,10,10.0,10.0,30.0,50.0,0.196,0.13,0.31,0.0,55.75,-5.75,0,0.0,標準,B
4298,宮下元胤,5,5,3,0.0,33.33,0.0,33.33,0.2,0.16,0.23,0.0,35.28,-1.95,0,0.0,少数参考,参考
4402,乙藤智史,6,6,4,0.0,0.0,0.0,0.0,0.217,0.13,0.31,0.0,22.5,-22.5,0,0.0,少数参考,参考
3854,吉川元浩,1,1,13,76.92,15.38,0.0,92.31,0.158,0.02,0.28,23.08,85.37,6.94,0,0.0,得意,B
4383,竹田吉行,3,3,13,0.0,23.08,15.38,38.46,0.159,0.06,0.27,15.38,55.75,-17.29,0,0.0,苦手,B
3950,石川哲秀,4,4,5,0.0,0.0,40.0,40.0,0.188,0.15,0.27,0.0,47.51,-7.51,0,0.0,標準,C
3220,二橋学,3,3,3,0.0,66.67,0.0,66.67,0.173,0.15,0.2,0.0,55.75,10.92,0,0.0,少数参考,参考
3224,栗山繁洋,6,5,3,0.0,0.0,33.33,33.33,0.153,0.11,0.23,0.0,35.28,-1.95,3,100.0,少数参考,参考
3949,今出晋二,1,1,5,0.0,0.0,60.0,60.0,0.114,0.05,0.18,40.0,85.37,-25.37,0,0.0,苦手,C
3302,谷川里江,2,2,4,50.0,25.0,25.0,100.0,0.208,0.16,0.27,0.0,57.15,42.85,0,0.0,少数参考,参考
3482,金子猛志,3,3,4,25.0,25.0,50.0,100.0,0.115,0.08,0.16,0.0,55.75,44.25,0,0.0,少数参考,参考
4726,島田なぎさ,6,6,3,0.0,0.0,0.0,0.0,0.247,0.15,0.3,0.0,22.5,-22.5,0,0.0,少数参考,参考
3556,田中信一郎,2,2,7,28.57,0.0,28.57,57.14,0.207,0.14,0.27,0.0,57.15,-0.01,0,0.0,標準,C
4442,松竹大輔,6,6,4,0.0,0.0,0.0,0.0,0.117,0.07,0.16,25.0,22.5,-22.5,0,0.0,少数参考,参考
4094,中島真二,1,1,6,16.67,66.67,0.0,83.33,0.193,0.11,0.27,0.0,85.37,-2.04,0,0.0,標準,C
4451,松崎祐太郎,2,2,5,0.0,0.0,40.0,40.0,0.15,0.12,0.19,20.0,57.15,-17.15,0,0.0,苦手,C
4383,竹田吉行,5,5,10,0.0,10.0,20.0,30.0,0.177,0.08,0.26,20.0,35.28,-5.28,0,0.0,標準,B
3730,塩崎優司,3,3,5,0.0,0.0,60.0,60.0,0.17,0.11,0.22,0.0,55.75,4.25,0,0.0,やや得意,C
3674,岸恵子,4,4,5,20.0,20.0,20.0,60.0,0.146,0.08,0.2,0.0,47.51,12.49,0,0.0,得意,C
4226,村田浩司,6,6,11,0.0,9.09,9.09,18.18,0.137,0.05,0.21,54.55,22.5,-4.32,0,0.0,標準,B
4047,吉永浩則,2,2,8,12.5,12.5,37.5,62.5,0.113,0.06,0.17,12.5,57.15,5.35,0,0.0,やや得意,C
3704,本部めぐみ,3,3,5,20.0,40.0,0.0,60.0,0.152,0.08,0.2,40.0,55.75,4.25,0,0.0,やや得意,C
3482,金子猛志,6,6,5,0.0,0.0,40.0,40.0,0.172,0.12,0.21,20.0,22.5,17.5,0,0.0,得意,C
4446,和田兼輔,4,4,5,0.0,0.0,20.0,20.0,0.132,0.05,0.22,0.0,47.51,-27.51,0,0.0,苦手,C
3740,大澤普司,2,2,4,0.0,50.0,25.0,75.0,0.205,0.17,0.24,0.0,57.15,17.85,0,0.0,少数参考,参考
3327,野長瀬正孝,6,6,3,0.0,33.33,33.33,66.67,0.247,0.19,0.3,0.0,22.5,44.17,0,0.0,少数参考,参考
4442,松竹大輔,1,1,5,40.0,40.0,0.0,80.0,0.152,0.07,0.23,20.0,85.37,-5.37,0,0.0,得意,C
3589,西村勝,2,2,7,14.29,0.0,28.57,42.86,0.176,0.11,0.27,14.29,57.15,-14.29,0,0.0,苦手,C
3949,今出晋二,4,5,3,0.0,33.33,33.33,66.67,0.29,0.25,0.35,0.0,35.28,31.39,3,100.0,少数参考,参考
4615,板倉敦史,1,1,4,25.0,25.0,25.0,75.0,0.215,0.11,0.33,0.0,85.37,-10.37,0,0.0,少数参考,参考
4298,宮下元胤,2,2,5,20.0,40.0,40.0,100.0,0.15,0.09,0.21,0.0,57.15,42.85,0,0.0,得意,C
3854,吉川元浩,4,4,6,16.67,0.0,50.0,66.67,0.137,0.03,0.32,16.67,47.51,19.16,0,0.0,得意,C
4409,坂元浩仁,6,6,5,0.0,0.0,40.0,40.0,0.174,0.16,0.2,20.0,22.5,17.5,0,0.0,得意,C
3674,岸恵子,5,5,5,0.0,0.0,20.0,20.0,0.154,0.08,0.23,40.0,35.28,-15.28,0,0.0,苦手,C
4402,乙藤智史,5,5,5,0.0,0.0,20.0,20.0,0.154,0.06,0.25,20.0,35.28,-15.28,0,0.0,苦手,C
4112,大久保信一郎,1,1,5,60.0,20.0,20.0,100.0,0.156,0.0,0.32,40.0,85.37,14.63,0,0.0,得意,C
2538,高橋二朗,3,3,3,33.33,0.0,0.0,33.33,0.133,0.08,0.16,33.33,55.75,-22.42,0,0.0,少数参考,参考
3781,秋元誠,4,4,3,0.0,66.67,0.0,66.67,0.183,0.17,0.2,33.33,47.51,19.16,0,0.0,少数参考,参考
4291,山崎紳弘,5,5,4,0.0,0.0,25.0,25.0,0.242,0.11,0.34,25.0,35.28,-10.28,0,0.0,少数参考,参考
4857,加藤翔馬,6,6,9,0.0,22.22,22.22,44.44,0.22,0.14,0.29,11.11,22.5,21.94,0,0.0,得意,C
3853,岩崎正哉,1,1,7,57.14,28.57,14.29,100.0,0.149,0.07,0.27,14.29,85.37,14.63,0,0.0,得意,C
4211,村田敦,2,2,6,0.0,16.67,16.67,33.33,0.168,0.09,0.24,0.0,57.15,-23.82,0,0.0,苦手,C
4302,西野翔太,4,3,3,0.0,100.0,0.0,100.0,0.16,0.11,0.23,33.33,55.75,44.25,3,100.0,少数参考,参考
4292,麻生慎介,4,4,9,11.11,33.33,0.0,44.44,0.15,0.09,0.25,11.11,47.51,-3.07,0,0.0,標準,C
4116,川田正人,5,5,6,16.67,16.67,16.67,50.0,0.148,0.09,0.19,0.0,35.28,14.72,0,0.0,得意,C
4725,佐竹太一,6,6,7,14.29,0.0,0.0,14.29,0.133,0.04,0.22,57.14,22.5,-8.21,0,0.0,標準,C
3815,森岡満郎,3,3,3,0.0,33.33,0.0,33.33,0.113,0.07,0.16,66.67,55.75,-22.42,0,0.0,少数参考,参考
3857,阿波勝哉,5,6,6,16.67,0.0,50.0,66.67,0.17,0.07,0.33,33.33,22.5,44.17,6,100.0,得意,C
4095,福来剛,1,1,3,66.67,0.0,0.0,66.67,0.197,0.17,0.23,33.33,85.37,-18.7,0,0.0,少数参考,参考
4655,三宅諒,2,2,4,0.0,75.0,0.0,75.0,0.217,0.2,0.26,0.0,57.15,17.85,0,0.0,少数参考,参考
2843,友永明夫,3,3,3,0.0,0.0,33.33,33.33,0.14,0.1,0.17,33.33,55.75,-22.42,0,0.0,少数参考,参考
4220,深川和仁,5,5,8,12.5,0.0,37.5,50.0,0.154,0.06,0.22,25.0,35.28,14.72,0,0.0,得意,C
3036,吉本正昭,1,1,3,33.33,0.0,66.67,100.0,0.153,0.07,0.21,66.67,85.37,14.63,0,0.0,少数参考,参考
4474,渡辺崇,2,2,7,0.0,28.57,14.29,42.86,0.141,0.03,0.24,0.0,57.15,-14.29,0,0.0,苦手,C
3794,前田昭広,5,5,5,0.0,20.0,20.0,40.0,0.142,0.1,0.22,40.0,35.28,4.72,0,0.0,やや得意,C
4302,西野翔太,2,2,12,25.0,33.33,8.33,66.67,0.123,0.05,0.22,41.67,57.15,9.52,0,0.0,得意,B
4291,山崎紳弘,4,4,3,0.0,0.0,0.0,0.0,0.223,0.16,0.27,0.0,47.51,-47.51,0,0.0,少数参考,参考
4362,土屋智則,5,5,4,25.0,50.0,25.0,100.0,0.103,0.05,0.17,75.0,35.28,64.72,0,0.0,少数参考,参考
3907,村越篤,1,1,15,66.67,13.33,13.33,93.33,0.192,0.11,0.27,0.0,85.37,7.96,0,0.0,やや得意,B
3564,桑原啓,2,2,7,0.0,14.29,0.0,14.29,0.154,0.09,0.24,14.29,57.15,-42.86,0,0.0,苦手,C
4112,大久保信一郎,3,3,3,0.0,33.33,33.33,66.67,0.103,0.08,0.13,33.33,55.75,10.92,0,0.0,少数参考,参考
3659,藤生雄人,4,4,4,0.0,50.0,25.0,75.0,0.15,0.11,0.2,25.0,47.51,27.49,0,0.0,少数参考,参考
4336,松田竜馬,5,5,5,0.0,0.0,0.0,0.0,0.158,0.09,0.23,0.0,35.28,-35.28,0,0.0,苦手,C
3788,一宮稔弘,2,2,7,14.29,0.0,57.14,71.43,0.139,0.09,0.22,14.29,57.15,14.28,0,0.0,得意,C
4220,深川和仁,4,4,10,10.0,30.0,20.0,60.0,0.172,0.08,0.29,10.0,47.51,12.49,0,0.0,得意,B
3857,阿波勝哉,6,6,10,10.0,30.0,30.0,70.0,0.122,0.06,0.21,30.0,22.5,47.5,0,0.0,得意,B
3903,白石健,1,1,4,50.0,25.0,0.0,75.0,0.085,0.04,0.13,50.0,85.37,-10.37,0,0.0,少数参考,参考
3907,村越篤,3,3,12,16.67,50.0,25.0,91.67,0.169,0.1,0.22,16.67,55.75,35.92,0,0.0,得意,B
3853,岩崎正哉,4,4,4,0.0,0.0,0.0,0.0,0.182,0.1,0.24,0.0,47.51,-47.51,0,0.0,少数参考,参考
4292,麻生慎介,5,5,7,0.0,0.0,28.57,28.57,0.103,0.06,0.14,14.29,35.28,-6.71,0,0.0,標準,C
4362,土屋智則,6,6,7,0.0,14.29,14.29,28.57,0.15,0.04,0.29,14.29,22.5,6.07,0,0.0,やや得意,C
3815,森岡満郎,1,1,4,75.0,25.0,0.0,100.0,0.088,0.04,0.17,75.0,85.37,14.63,0,0.0,少数参考,参考
4211,村田敦,3,3,4,0.0,50.0,0.0,50.0,0.16,0.09,0.21,25.0,55.75,-5.75,0,0.0,少数参考,参考
4474,渡辺崇,5,5,4,0.0,0.0,0.0,0.0,0.205,0.19,0.22,0.0,35.28,-35.28,0,0.0,少数参考,参考
3564,桑原啓,1,1,3,100.0,0.0,0.0,100.0,0.17,0.12,0.22,0.0,85.37,14.63,0,0.0,少数参考,参考
4655,三宅諒,3,3,3,0.0,0.0,66.67,66.67,0.183,0.12,0.22,0.0,55.75,10.92,0,0.0,少数参考,参考
4112,大久保信一郎,4,4,3,0.0,33.33,0.0,33.33,0.19,0.16,0.24,0.0,47.51,-14.18,0,0.0,少数参考,参考
4572,渡部悟,4,5,3,0.0,0.0,33.33,33.33,0.197,0.1,0.26,0.0,35.28,-1.95,3,100.0,少数参考,参考
3853,岩崎正哉,6,6,4,0.0,25.0,25.0,50.0,0.235,0.19,0.28,0.0,22.5,27.5,0,0.0,少数参考,参考
4220,深川和仁,1,1,7,28.57,57.14,0.0,85.71,0.17,0.07,0.24,28.57,85.37,0.34,0,0.0,得意,C
3804,中渡修作,2,2,3,0.0,33.33,33.33,66.67,0.16,0.09,0.2,33.33,57.15,9.52,0,0.0,少数参考,参考
4336,松田竜馬,4,4,4,0.0,25.0,25.0,50.0,0.218,0.14,0.28,0.0,47.51,2.49,0,0.0,少数参考,参考
3781,秋元誠,2,2,4,0.0,0.0,25.0,25.0,0.17,0.09,0.26,0.0,57.15,-32.15,0,0.0,少数参考,参考
3564,桑原啓,3,3,8,12.5,0.0,0.0,12.5,0.175,0.07,0.45,12.5,55.75,-43.25,0,0.0,苦手,C
3807,岡部哲,2,2,4,0.0,0.0,50.0,50.0,0.152,0.12,0.19,0.0,57.15,-7.15,0,0.0,少数参考,参考
4116,川田正人,4,4,7,0.0,28.57,28.57,57.14,0.153,0.08,0.25,0.0,47.51,9.63,0,0.0,得意,C
4572,渡部悟,5,5,5,40.0,0.0,20.0,60.0,0.186,0.14,0.28,40.0,35.28,24.72,0,0.0,得意,C
4211,村田敦,6,6,3,0.0,0.0,0.0,0.0,0.233,0.14,0.33,33.33,22.5,-22.5,0,0.0,少数参考,参考
4292,麻生慎介,1,1,12,58.33,8.33,16.67,83.33,0.158,0.05,0.31,16.67,85.37,-2.04,0,0.0,得意,B
3815,森岡満郎,2,2,3,0.0,66.67,0.0,66.67,0.08,0.03,0.11,33.33,57.15,9.52,0,0.0,少数参考,参考
4302,西野翔太,1,1,14,71.43,21.43,0.0,92.86,0.186,0.09,0.3,35.71,85.37,7.49,0,0.0,やや得意,B
4336,松田竜馬,2,2,5,0.0,60.0,20.0,80.0,0.152,0.12,0.19,20.0,57.15,22.85,0,0.0,得意,C
4112,大久保信一郎,6,6,4,0.0,25.0,0.0,25.0,0.185,0.09,0.26,0.0,22.5,2.5,0,0.0,少数参考,参考
4362,土屋智則,1,1,16,68.75,12.5,12.5,93.75,0.126,0.01,0.29,37.5,85.37,8.38,0,0.0,得意,B
3659,藤生雄人,2,2,3,33.33,33.33,33.33,100.0,0.16,0.1,0.21,66.67,57.15,42.85,0,0.0,少数参考,参考
4474,渡辺崇,3,3,4,0.0,0.0,75.0,75.0,0.138,0.07,0.19,25.0,55.75,19.25,0,0.0,少数参考,参考
4725,佐竹太一,5,5,7,0.0,14.29,0.0,14.29,0.161,0.06,0.27,28.57,35.28,-20.99,0,0.0,苦手,C
4362,土屋智則,2,2,10,10.0,40.0,40.0,90.0,0.155,0.04,0.34,50.0,57.15,32.85,0,0.0,得意,B
4220,深川和仁,3,3,8,0.0,12.5,12.5,25.0,0.161,0.1,0.25,12.5,55.75,-30.75,0,0.0,苦手,C
3807,岡部哲,4,4,3,33.33,0.0,0.0,33.33,0.187,0.14,0.26,0.0,47.51,-14.18,0,0.0,少数参考,参考
4655,三宅諒,5,5,3,0.0,0.0,0.0,0.0,0.22,0.17,0.31,0.0,35.28,-35.28,0,0.0,少数参考,参考
3907,村越篤,2,2,8,25.0,25.0,12.5,62.5,0.161,0.09,0.25,12.5,57.15,5.35,0,0.0,得意,C
4336,松田竜馬,1,1,6,83.33,0.0,0.0,83.33,0.132,0.09,0.17,50.0,85.37,-2.04,0,0.0,得意,C
4292,麻生慎介,6,6,6,0.0,16.67,33.33,50.0,0.117,0.07,0.17,33.33,22.5,27.5,0,0.0,得意,C
4112,大久保信一郎,2,2,3,0.0,66.67,0.0,66.67,0.203,0.13,0.27,33.33,57.15,9.52,0,0.0,少数参考,参考
4302,西野翔太,6,6,3,0.0,0.0,33.33,33.33,0.187,0.12,0.26,0.0,22.5,10.83,0,0.0,少数参考,参考
4292,麻生慎介,3,3,5,0.0,0.0,40.0,40.0,0.206,0.11,0.34,0.0,55.75,-15.75,0,0.0,苦手,C
3815,森岡満郎,4,4,6,33.33,16.67,0.0,50.0,0.113,0.05,0.21,50.0,47.51,2.49,0,0.0,標準,C
3659,藤生雄人,5,5,4,0.0,25.0,0.0,25.0,0.188,0.15,0.22,0.0,35.28,-10.28,0,0.0,少数参考,参考
4220,深川和仁,6,6,7,0.0,0.0,28.57,28.57,0.187,0.03,0.28,14.29,22.5,6.07,0,0.0,やや得意,C
4857,加藤翔馬,5,5,5,0.0,20.0,20.0,40.0,0.192,0.09,0.32,0.0,35.28,4.72,0,0.0,やや得意,C
4474,渡辺崇,4,4,5,0.0,0.0,40.0,40.0,0.2,0.11,0.33,0.0,47.51,-7.51,0,0.0,標準,C
4211,村田敦,5,6,4,0.0,25.0,25.0,50.0,0.122,0.04,0.19,50.0,22.5,27.5,4,100.0,少数参考,参考
3058,原義昭,5,5,4,0.0,0.0,0.0,0.0,0.135,0.09,0.2,25.0,35.28,-35.28,0,0.0,少数参考,参考
4572,渡部悟,2,2,4,25.0,25.0,25.0,75.0,0.117,0.06,0.15,25.0,57.15,17.85,0,0.0,少数参考,参考
3781,秋元誠,1,1,3,66.67,0.0,33.33,100.0,0.167,0.14,0.22,0.0,85.37,14.63,0,0.0,少数参考,参考
4336,松田竜馬,3,3,3,0.0,0.0,66.67,66.67,0.18,0.13,0.24,0.0,55.75,10.92,0,0.0,少数参考,参考
4220,深川和仁,2,2,7,28.57,14.29,0.0,42.86,0.197,0.07,0.27,0.0,57.15,-14.29,0,0.0,苦手,C
4292,麻生慎介,2,2,6,16.67,16.67,0.0,33.33,0.153,0.1,0.22,16.67,57.15,-23.82,0,0.0,苦手,C
3564,桑原啓,5,5,5,0.0,0.0,0.0,0.0,0.154,0.12,0.21,20.0,35.28,-35.28,0,0.0,苦手,C
3788,一宮稔弘,6,6,6,16.67,16.67,0.0,33.33,0.072,0.05,0.11,83.33,22.5,10.83,0,0.0,得意,C
3907,村越篤,4,4,7,14.29,28.57,14.29,57.14,0.154,0.09,0.26,0.0,47.51,9.63,0,0.0,得意,C
4302,西野翔太,5,5,8,0.0,37.5,12.5,50.0,0.155,0.11,0.21,37.5,35.28,14.72,0,0.0,得意,C
4362,土屋智則,3,3,8,12.5,25.0,25.0,62.5,0.12,0.05,0.18,0.0,55.75,6.75,0,0.0,やや得意,C
4572,渡部悟,1,1,4,75.0,0.0,0.0,75.0,0.09,0.05,0.13,25.0,85.37,-10.37,0,0.0,少数参考,参考
4474,渡辺崇,6,6,9,0.0,0.0,11.11,11.11,0.201,0.09,0.35,0.0,22.5,-11.39,0,0.0,苦手,C
3794,前田昭広,3,3,4,0.0,25.0,0.0,25.0,0.16,0.1,0.19,0.0,55.75,-30.75,0,0.0,少数参考,参考
3807,岡部哲,5,5,4,25.0,25.0,25.0,75.0,0.138,0.11,0.16,25.0,35.28,39.72,0,0.0,少数参考,参考
4572,渡部悟,6,6,4,0.0,0.0,0.0,0.0,0.177,0.17,0.19,25.0,22.5,-22.5,0,0.0,少数参考,参考
4474,渡辺崇,1,1,4,75.0,0.0,0.0,75.0,0.108,0.01,0.28,75.0,85.37,-10.37,0,0.0,少数参考,参考
3794,前田昭広,6,6,3,0.0,0.0,0.0,0.0,0.283,0.19,0.43,0.0,22.5,-22.5,0,0.0,少数参考,参考
4211,村田敦,4,4,5,0.0,0.0,60.0,60.0,0.182,0.11,0.26,20.0,47.51,12.49,0,0.0,得意,C
3659,藤生雄人,3,3,3,0.0,33.33,33.33,66.67,0.18,0.15,0.21,0.0,55.75,10.92,0,0.0,少数参考,参考
4116,川田正人,6,5,3,0.0,66.67,0.0,66.67,0.2,0.17,0.22,0.0,35.28,31.39,3,100.0,少数参考,参考
4512,高野哲史,3,3,6,0.0,50.0,50.0,100.0,0.147,0.07,0.26,16.67,55.75,44.25,0,0.0,得意,C
4445,宮地元輝,4,4,3,0.0,0.0,66.67,66.67,0.083,0.01,0.12,66.67,47.51,19.16,0,0.0,少数参考,参考
4441,末永由楽,6,6,9,0.0,0.0,22.22,22.22,0.176,0.08,0.31,44.44,22.5,-0.28,0,0.0,標準,C
4459,片岡雅裕,4,4,5,20.0,40.0,0.0,60.0,0.102,0.03,0.23,20.0,47.51,12.49,0,0.0,得意,C
4566,塩田北斗,6,6,3,0.0,0.0,33.33,33.33,0.16,0.15,0.18,33.33,22.5,10.83,0,0.0,少数参考,参考
4498,宮本夏樹,4,4,6,0.0,50.0,16.67,66.67,0.168,0.09,0.24,16.67,47.51,19.16,0,0.0,得意,C
4410,井上大輔,5,5,5,0.0,0.0,60.0,60.0,0.172,0.08,0.28,20.0,35.28,24.72,0,0.0,得意,C
4556,竹井奈美,6,6,3,0.0,33.33,0.0,33.33,0.183,0.09,0.24,0.0,22.5,10.83,0,0.0,少数参考,参考
4503,上野真之介,3,3,5,20.0,0.0,40.0,60.0,0.148,0.1,0.2,40.0,55.75,4.25,0,0.0,やや得意,C
4398,船岡洋一郎,4,4,11,0.0,18.18,63.64,81.82,0.162,0.1,0.32,9.09,47.51,34.31,0,0.0,得意,B
4368,山口隆史,6,6,3,0.0,0.0,33.33,33.33,0.15,0.08,0.19,33.33,22.5,10.83,0,0.0,少数参考,参考
4566,塩田北斗,4,4,3,0.0,33.33,33.33,66.67,0.18,0.11,0.31,0.0,47.51,19.16,0,0.0,少数参考,参考
4512,高野哲史,5,5,7,14.29,0.0,14.29,28.57,0.159,0.08,0.31,28.57,35.28,-6.71,0,0.0,標準,C
4413,水摩敦,6,6,4,0.0,0.0,25.0,25.0,0.217,0.1,0.3,0.0,22.5,2.5,0,0.0,少数参考,参考
4537,渡邉和将,1,1,9,100.0,0.0,0.0,100.0,0.116,0.07,0.19,66.67,85.37,14.63,0,0.0,得意,C
4445,宮地元輝,2,2,7,28.57,28.57,0.0,57.14,0.12,0.05,0.18,28.57,57.15,-0.01,0,0.0,標準,C
4553,坪口竜也,5,5,4,0.0,0.0,0.0,0.0,0.122,0.08,0.21,50.0,35.28,-35.28,0,0.0,少数参考,参考
4588,田中京介,4,4,4,0.0,0.0,0.0,0.0,0.138,0.08,0.19,0.0,47.51,-47.51,0,0.0,少数参考,参考
4497,桑原悠,6,6,5,0.0,20.0,20.0,40.0,0.138,0.05,0.17,20.0,22.5,17.5,0,0.0,得意,C
4394,永嶋裕一,4,4,8,12.5,0.0,50.0,62.5,0.166,0.05,0.28,37.5,47.51,14.99,0,0.0,得意,C
4434,田中辰彦,5,5,13,0.0,23.08,23.08,46.15,0.165,0.1,0.26,0.0,35.28,10.87,0,0.0,得意,B
4323,山田佑樹,6,6,4,25.0,0.0,0.0,25.0,0.212,0.13,0.27,25.0,22.5,2.5,0,0.0,少数参考,参考
4398,船岡洋一郎,1,1,14,85.71,7.14,0.0,92.86,0.121,0.01,0.23,42.86,85.37,7.49,0,0.0,得意,B
4459,片岡雅裕,2,2,3,0.0,33.33,33.33,66.67,0.147,0.09,0.18,0.0,57.15,9.52,0,0.0,少数参考,参考
4413,水摩敦,4,4,4,25.0,25.0,0.0,50.0,0.175,0.14,0.21,25.0,47.51,2.49,0,0.0,少数参考,参考
4418,茅原悠紀,1,1,15,73.33,0.0,20.0,93.33,0.144,0.03,0.26,40.0,85.37,7.96,0,0.0,得意,B
4350,篠崎元志,2,2,10,0.0,20.0,30.0,50.0,0.115,0.03,0.18,40.0,57.15,-7.15,0,0.0,標準,B
4450,平高奈菜,4,4,10,10.0,20.0,50.0,80.0,0.159,0.05,0.29,10.0,47.51,32.49,0,0.0,得意,B
4371,西山貴浩,5,5,7,14.29,14.29,14.29,42.86,0.153,0.07,0.27,28.57,35.28,7.58,0,0.0,やや得意,C
4504,前田将太,6,6,5,0.0,20.0,20.0,40.0,0.182,0.05,0.37,20.0,22.5,17.5,0,0.0,得意,C
4530,小野生奈,1,1,4,50.0,0.0,25.0,75.0,0.168,0.07,0.27,50.0,85.37,-10.37,0,0.0,少数参考,参考
4503,上野真之介,4,4,11,27.27,27.27,27.27,81.82,0.144,0.03,0.26,36.36,47.51,34.31,0,0.0,得意,B
4394,永嶋裕一,6,6,6,0.0,16.67,0.0,16.67,0.17,0.07,0.29,16.67,22.5,-5.83,0,0.0,標準,C
4498,宮本夏樹,1,1,8,62.5,12.5,12.5,87.5,0.149,0.05,0.25,25.0,85.37,2.13,0,0.0,得意,C
4553,坪口竜也,4,4,8,0.0,62.5,0.0,62.5,0.156,0.09,0.28,0.0,47.51,14.99,0,0.0,得意,C
4504,前田将太,5,5,5,0.0,40.0,40.0,80.0,0.122,0.08,0.19,0.0,35.28,44.72,0,0.0,得意,C
4323,山田佑樹,1,1,5,80.0,20.0,0.0,100.0,0.162,0.05,0.24,20.0,85.37,14.63,0,0.0,得意,C
4371,西山貴浩,4,4,4,25.0,0.0,25.0,50.0,0.128,0.06,0.2,50.0,47.51,2.49,0,0.0,少数参考,参考
4477,篠崎仁志,6,6,4,0.0,25.0,50.0,75.0,0.168,0.15,0.19,50.0,22.5,52.5,0,0.0,少数参考,参考
4566,塩田北斗,1,1,5,40.0,20.0,20.0,80.0,0.198,0.12,0.27,20.0,85.37,-5.37,0,0.0,標準,C
4368,山口隆史,2,2,5,0.0,20.0,20.0,40.0,0.184,0.13,0.26,0.0,57.15,-17.15,0,0.0,苦手,C
4324,海野康志郎,5,5,26,0.0,23.08,30.77,53.85,0.181,0.07,0.29,15.38,35.28,18.57,0,0.0,得意,A
4450,平高奈菜,6,6,6,0.0,16.67,16.67,33.33,0.168,0.11,0.24,0.0,22.5,10.83,0,0.0,得意,C
4394,永嶋裕一,3,3,6,16.67,16.67,33.33,66.67,0.127,0.08,0.18,66.67,55.75,10.92,0,0.0,得意,C
4351,里岡右貴,5,5,7,0.0,14.29,28.57,42.86,0.14,0.02,0.21,28.57,35.28,7.58,0,0.0,やや得意,C
4418,茅原悠紀,6,6,6,0.0,16.67,50.0,66.67,0.138,0.09,0.17,50.0,22.5,44.17,0,0.0,得意,C
4410,井上大輔,2,2,6,16.67,16.67,16.67,50.0,0.123,0.07,0.21,33.33,57.15,-7.15,0,0.0,標準,C
4584,村岡賢人,1,1,9,77.78,22.22,0.0,100.0,0.121,0.05,0.16,44.44,85.37,14.63,0,0.0,得意,C
4512,高野哲史,2,2,7,42.86,0.0,14.29,57.14,0.144,0.1,0.18,14.29,57.15,-0.01,0,0.0,標準,C
4500,山田康二,6,6,4,25.0,25.0,0.0,50.0,0.158,0.08,0.22,50.0,22.5,27.5,0,0.0,少数参考,参考
4459,片岡雅裕,3,3,4,0.0,0.0,25.0,25.0,0.145,0.09,0.24,0.0,55.75,-30.75,0,0.0,少数参考,参考
4350,篠崎元志,4,4,7,14.29,0.0,57.14,71.43,0.154,0.1,0.24,28.57,47.51,23.92,0,0.0,得意,C
4501,樋口由加里,5,5,6,0.0,0.0,0.0,0.0,0.157,0.06,0.37,33.33,35.28,-35.28,0,0.0,苦手,C
4445,宮地元輝,6,6,6,0.0,0.0,50.0,50.0,0.097,0.03,0.13,33.33,22.5,27.5,0,0.0,得意,C
4497,桑原悠,1,1,5,60.0,0.0,20.0,80.0,0.154,0.08,0.25,20.0,85.37,-5.37,0,0.0,得意,C
4450,平高奈菜,3,3,6,16.67,50.0,16.67,83.33,0.165,0.08,0.24,16.67,55.75,27.58,0,0.0,得意,C
4537,渡邉和将,5,5,3,0.0,0.0,0.0,0.0,0.21,0.08,0.3,0.0,35.28,-35.28,0,0.0,少数参考,参考
4351,里岡右貴,6,6,4,0.0,0.0,50.0,50.0,0.15,0.08,0.19,25.0,22.5,27.5,0,0.0,少数参考,参考
4398,船岡洋一郎,2,2,8,12.5,37.5,25.0,75.0,0.146,0.04,0.21,25.0,57.15,17.85,0,0.0,得意,C
4418,茅原悠紀,4,4,4,25.0,0.0,25.0,50.0,0.107,0.04,0.2,25.0,47.51,2.49,0,0.0,少数参考,参考
4737,竹井貴史,5,5,3,0.0,0.0,33.33,33.33,0.187,0.1,0.26,0.0,35.28,-1.95,0,0.0,少数参考,参考
4498,宮本夏樹,3,3,5,0.0,0.0,20.0,20.0,0.262,0.09,0.76,40.0,55.75,-35.75,0,0.0,苦手,C
4522,古澤光紀,5,5,6,0.0,0.0,16.67,16.67,0.145,0.09,0.19,0.0,35.28,-18.61,0,0.0,苦手,C
4350,篠崎元志,1,1,14,64.29,14.29,7.14,85.71,0.134,0.08,0.27,42.86,85.37,0.34,0,0.0,得意,B
4323,山田佑樹,2,2,8,12.5,37.5,0.0,50.0,0.152,0.11,0.24,25.0,57.15,-7.15,0,0.0,標準,C
4584,村岡賢人,4,4,7,14.29,28.57,28.57,71.43,0.096,0.04,0.17,57.14,47.51,23.92,0,0.0,得意,C
4445,宮地元輝,1,1,7,85.71,0.0,14.29,100.0,0.139,0.08,0.21,14.29,85.37,14.63,0,0.0,得意,C
4398,船岡洋一郎,3,3,10,0.0,20.0,50.0,70.0,0.135,0.08,0.22,40.0,55.75,14.25,0,0.0,得意,B
4477,篠崎仁志,5,5,3,0.0,33.33,33.33,66.67,0.153,0.12,0.19,33.33,35.28,31.39,0,0.0,少数参考,参考
4351,里岡右貴,1,1,5,80.0,20.0,0.0,100.0,0.138,0.05,0.22,40.0,85.37,14.63,0,0.0,得意,C
4545,岡村慶太,2,2,3,0.0,66.67,33.33,100.0,0.11,0.08,0.15,33.33,57.15,42.85,0,0.0,少数参考,参考
4553,坪口竜也,3,3,6,0.0,16.67,16.67,33.33,0.15,0.07,0.23,16.67,55.75,-22.42,0,0.0,苦手,C
4450,平高奈菜,5,5,8,37.5,12.5,37.5,87.5,0.118,0.01,0.33,50.0,35.28,52.22,0,0.0,得意,C
4459,片岡雅裕,6,6,4,0.0,0.0,75.0,75.0,0.098,0.03,0.13,0.0,22.5,52.5,0,0.0,少数参考,参考
4504,前田将太,2,2,4,50.0,0.0,25.0,75.0,0.15,0.1,0.19,0.0,57.15,17.85,0,0.0,少数参考,参考
4323,山田佑樹,3,3,9,11.11,0.0,55.56,66.67,0.141,0.07,0.21,22.22,55.75,10.92,0,0.0,得意,C
4633,森智也,1,1,4,75.0,0.0,0.0,75.0,0.133,0.11,0.15,25.0,85.37,-10.37,0,0.0,少数参考,参考
4530,小野生奈,4,4,4,0.0,50.0,25.0,75.0,0.12,0.07,0.18,50.0,47.51,27.49,0,0.0,少数参考,参考
4503,上野真之介,6,6,9,0.0,11.11,0.0,11.11,0.162,0.09,0.22,0.0,22.5,-11.39,0,0.0,苦手,C
4737,竹井貴史,1,1,4,50.0,0.0,0.0,50.0,0.197,0.04,0.35,0.0,85.37,-35.37,0,0.0,少数参考,参考
4537,渡邉和将,3,3,4,50.0,0.0,0.0,50.0,0.07,0.04,0.12,25.0,55.75,-5.75,0,0.0,少数参考,参考
4472,尾嶋一広,5,5,5,0.0,40.0,20.0,60.0,0.224,0.1,0.28,0.0,35.28,24.72,0,0.0,得意,C
4497,桑原悠,5,5,4,0.0,0.0,25.0,25.0,0.133,0.09,0.18,25.0,35.28,-10.28,0,0.0,少数参考,参考
4350,篠崎元志,6,6,8,0.0,25.0,12.5,37.5,0.114,0.05,0.18,12.5,22.5,15.0,0,0.0,得意,C
4512,高野哲史,1,1,11,72.73,18.18,9.09,100.0,0.155,0.03,0.29,36.36,85.37,14.63,0,0.0,得意,B
4371,西山貴浩,2,2,7,14.29,42.86,0.0,57.14,0.176,0.04,0.34,28.57,57.15,-0.01,0,0.0,標準,C
4368,山口隆史,5,5,5,0.0,20.0,0.0,20.0,0.23,0.19,0.29,20.0,35.28,-15.28,0,0.0,苦手,C
4394,永嶋裕一,5,5,4,0.0,25.0,25.0,50.0,0.173,0.11,0.21,25.0,35.28,14.72,0,0.0,少数参考,参考
4553,坪口竜也,6,6,8,12.5,12.5,12.5,37.5,0.165,0.08,0.27,37.5,22.5,15.0,0,0.0,得意,C
4418,茅原悠紀,2,2,7,14.29,28.57,28.57,71.43,0.101,0.01,0.14,28.57,57.15,14.28,0,0.0,得意,C
4537,渡邉和将,4,4,5,0.0,20.0,0.0,20.0,0.088,0.07,0.11,0.0,47.51,-27.51,0,0.0,苦手,C
4398,船岡洋一郎,6,6,7,0.0,0.0,0.0,0.0,0.159,0.09,0.27,0.0,22.5,-22.5,0,0.0,苦手,C
4553,坪口竜也,1,1,6,50.0,33.33,16.67,100.0,0.145,0.09,0.2,33.33,85.37,14.63,0,0.0,得意,C
4450,平高奈菜,2,2,7,14.29,42.86,14.29,71.43,0.129,0.08,0.17,28.57,57.15,14.28,0,0.0,得意,C
4504,前田将太,1,1,5,80.0,20.0,0.0,100.0,0.132,0.09,0.21,40.0,85.37,14.63,0,0.0,得意,C
4503,上野真之介,2,2,8,0.0,37.5,12.5,50.0,0.129,0.03,0.2,25.0,57.15,-7.15,0,0.0,標準,C
4394,永嶋裕一,1,1,3,33.33,0.0,0.0,33.33,0.133,0.06,0.18,33.33,85.37,-52.04,0,0.0,少数参考,参考
4371,西山貴浩,3,3,9,11.11,11.11,0.0,22.22,0.153,0.02,0.31,22.22,55.75,-33.53,0,0.0,苦手,C
4398,船岡洋一郎,5,5,8,0.0,25.0,37.5,62.5,0.136,0.07,0.19,12.5,35.28,27.22,0,0.0,得意,C
4512,高野哲史,6,6,7,0.0,14.29,0.0,14.29,0.173,0.11,0.27,57.14,22.5,-8.21,0,0.0,標準,C
4556,竹井奈美,2,2,3,0.0,66.67,0.0,66.67,0.153,0.11,0.23,0.0,57.15,9.52,0,0.0,少数参考,参考
4368,山口隆史,3,3,5,0.0,20.0,0.0,20.0,0.136,0.07,0.22,40.0,55.75,-35.75,0,0.0,苦手,C
4294,古賀繁輝,5,5,3,33.33,33.33,0.0,66.67,0.143,0.12,0.17,33.33,35.28,31.39,0,0.0,少数参考,参考
4498,宮本夏樹,6,6,6,16.67,0.0,16.67,33.33,0.13,0.08,0.18,33.33,22.5,10.83,0,0.0,得意,C
4718,北川太一,1,1,4,25.0,50.0,0.0,75.0,0.142,0.09,0.19,25.0,85.37,-10.37,0,0.0,少数参考,参考
4351,里岡右貴,2,2,6,0.0,50.0,16.67,66.67,0.137,0.04,0.29,16.67,57.15,9.52,0,0.0,得意,C
4545,岡村慶太,5,5,3,0.0,0.0,33.33,33.33,0.11,0.06,0.14,0.0,35.28,-1.95,0,0.0,少数参考,参考
4450,平高奈菜,1,1,9,66.67,22.22,0.0,88.89,0.186,0.12,0.26,0.0,85.37,3.52,0,0.0,標準,C
4530,小野生奈,5,5,3,0.0,0.0,0.0,0.0,0.163,0.09,0.21,0.0,35.28,-35.28,0,0.0,少数参考,参考
4566,塩田北斗,2,2,4,0.0,75.0,0.0,75.0,0.182,0.15,0.21,25.0,57.15,17.85,0,0.0,少数参考,参考
4504,前田将太,4,4,3,33.33,33.33,33.33,100.0,0.147,0.11,0.17,66.67,47.51,52.49,0,0.0,少数参考,参考
4583,古田祐貴,5,5,10,0.0,0.0,30.0,30.0,0.143,0.03,0.2,30.0,35.28,-5.28,0,0.0,標準,B
4503,上野真之介,1,1,11,81.82,0.0,0.0,81.82,0.136,0.04,0.32,63.64,85.37,-3.55,0,0.0,得意,B
4584,村岡賢人,3,3,5,40.0,20.0,0.0,60.0,0.092,0.06,0.14,20.0,55.75,4.25,0,0.0,やや得意,C
4522,古澤光紀,4,4,10,0.0,10.0,40.0,50.0,0.143,0.07,0.23,20.0,47.51,2.49,0,0.0,標準,B
4418,茅原悠紀,5,5,5,60.0,0.0,20.0,80.0,0.166,0.13,0.2,0.0,35.28,44.72,0,0.0,得意,C
4371,西山貴浩,6,6,7,0.0,0.0,14.29,14.29,0.21,0.13,0.42,0.0,22.5,-8.21,0,0.0,標準,C
4537,渡邉和将,6,6,8,12.5,0.0,12.5,25.0,0.131,0.05,0.26,25.0,22.5,2.5,0,0.0,標準,C
4350,篠崎元志,5,5,7,14.29,42.86,14.29,71.43,0.15,0.08,0.21,14.29,35.28,36.15,0,0.0,得意,C
4583,古田祐貴,6,6,6,0.0,0.0,50.0,50.0,0.105,0.04,0.17,16.67,22.5,27.5,0,0.0,得意,C
4459,片岡雅裕,1,1,9,66.67,33.33,0.0,100.0,0.113,0.03,0.17,55.56,85.37,14.63,0,0.0,得意,C
4351,里岡右貴,3,3,6,16.67,33.33,33.33,83.33,0.103,0.05,0.16,16.67,55.75,27.58,0,0.0,得意,C
4498,宮本夏樹,5,5,6,16.67,0.0,33.33,50.0,0.167,0.08,0.27,16.67,35.28,14.72,0,0.0,得意,C
4584,村岡賢人,6,6,7,0.0,28.57,28.57,57.14,0.107,0.04,0.16,28.57,22.5,34.64,0,0.0,得意,C
4497,桑原悠,2,2,4,0.0,25.0,0.0,25.0,0.155,0.07,0.27,25.0,57.15,-32.15,0,0.0,少数参考,参考
4418,茅原悠紀,3,3,7,28.57,28.57,28.57,85.71,0.146,0.07,0.26,57.14,55.75,29.96,0,0.0,得意,C
4512,高野哲史,4,4,5,0.0,20.0,40.0,60.0,0.136,0.09,0.16,20.0,47.51,12.49,0,0.0,得意,C
4544,松田大志郎,5,5,5,0.0,20.0,40.0,60.0,0.162,0.09,0.23,0.0,35.28,24.72,0,0.0,得意,C
4556,竹井奈美,1,1,4,50.0,25.0,25.0,100.0,0.2,0.11,0.31,50.0,85.37,14.63,0,0.0,少数参考,参考
4588,田中京介,1,1,3,100.0,0.0,0.0,100.0,0.143,0.06,0.22,33.33,85.37,14.63,0,0.0,少数参考,参考
4498,宮本夏樹,2,2,6,0.0,16.67,0.0,16.67,0.215,0.12,0.45,0.0,57.15,-40.48,0,0.0,苦手,C
4571,菅章哉,6,6,9,11.11,0.0,22.22,33.33,0.134,0.02,0.24,22.22,22.5,10.83,0,0.0,得意,C
4553,坪口竜也,2,2,5,0.0,60.0,0.0,60.0,0.17,0.12,0.25,20.0,57.15,2.85,0,0.0,標準,C
4556,竹井奈美,4,4,6,33.33,0.0,16.67,50.0,0.127,0.07,0.18,33.33,47.51,2.49,0,0.0,標準,C
4371,西山貴浩,1,1,11,63.64,36.36,0.0,100.0,0.112,0.06,0.16,63.64,85.37,14.63,0,0.0,得意,B
4394,永嶋裕一,2,2,5,20.0,20.0,0.0,40.0,0.22,0.18,0.28,20.0,57.15,-17.15,0,0.0,苦手,C
4324,海野康志郎,2,3,3,66.67,0.0,33.33,100.0,0.127,0.1,0.14,33.33,55.75,44.25,3,100.0,少数参考,参考
4445,宮地元輝,5,5,3,0.0,66.67,33.33,100.0,0.123,0.1,0.14,0.0,35.28,64.72,0,0.0,少数参考,参考
4584,村岡賢人,2,2,6,33.33,16.67,16.67,66.67,0.087,0.01,0.18,83.33,57.15,9.52,0,0.0,得意,C
4368,山口隆史,4,4,4,0.0,0.0,50.0,50.0,0.152,0.06,0.23,25.0,47.51,2.49,0,0.0,少数参考,参考
4323,山田佑樹,5,5,9,11.11,11.11,33.33,55.56,0.142,0.05,0.26,55.56,35.28,20.28,0,0.0,得意,C
4459,片岡雅裕,5,5,4,0.0,25.0,0.0,25.0,0.087,0.01,0.18,75.0,35.28,-10.28,0,0.0,少数参考,参考
4296,岡崎恭裕,5,5,4,0.0,25.0,25.0,50.0,0.09,0.07,0.12,25.0,35.28,14.72,0,0.0,少数参考,参考
4033,伊藤将吉,1,1,9,77.78,22.22,0.0,100.0,0.114,0.03,0.18,55.56,85.37,14.63,0,0.0,得意,C
3827,今泉徹,3,3,4,25.0,25.0,25.0,75.0,0.168,0.11,0.2,25.0,55.75,19.25,0,0.0,少数参考,参考
4747,山戸信二,6,6,10,10.0,0.0,0.0,10.0,0.163,0.07,0.34,40.0,22.5,-12.5,0,0.0,苦手,B
4142,平野和明,1,1,3,100.0,0.0,0.0,100.0,0.16,0.1,0.23,33.33,85.37,14.63,0,0.0,少数参考,参考
4429,豊田泰洋,2,2,7,14.29,14.29,0.0,28.57,0.143,0.08,0.33,0.0,57.15,-28.58,0,0.0,苦手,C
3432,宮迫暢彦,2,2,6,16.67,33.33,16.67,66.67,0.152,0.11,0.24,16.67,57.15,9.52,0,0.0,得意,C
3906,飯山晃三,1,1,6,66.67,0.0,0.0,66.67,0.177,0.11,0.24,33.33,85.37,-18.7,0,0.0,得意,C
3989,熊本英一,2,2,13,0.0,38.46,7.69,46.15,0.198,0.14,0.37,0.0,57.15,-11.0,0,0.0,苦手,B
4709,岡村将也,3,3,9,0.0,33.33,33.33,66.67,0.169,0.09,0.33,11.11,55.75,10.92,0,0.0,得意,C
4833,吉崎悠司,5,5,3,0.0,0.0,0.0,0.0,0.23,0.15,0.28,0.0,35.28,-35.28,0,0.0,少数参考,参考
4140,梶野学志,6,6,5,0.0,0.0,60.0,60.0,0.198,0.13,0.31,20.0,22.5,37.5,0,0.0,得意,C
4061,萩原秀人,1,1,10,90.0,0.0,0.0,90.0,0.12,0.08,0.18,20.0,85.37,4.63,0,0.0,得意,B
4146,柳橋宏紀,6,6,8,0.0,12.5,12.5,25.0,0.154,0.08,0.27,12.5,22.5,2.5,0,0.0,標準,C
3605,中村守成,1,1,3,0.0,33.33,0.0,33.33,0.093,0.06,0.14,0.0,85.37,-52.04,0,0.0,少数参考,参考
4467,渡邉俊介,2,2,6,16.67,33.33,16.67,66.67,0.112,0.07,0.17,0.0,57.15,9.52,0,0.0,得意,C
3606,川北浩貴,3,3,8,12.5,12.5,50.0,75.0,0.122,0.03,0.33,75.0,55.75,19.25,0,0.0,得意,C
3614,谷勝幸,6,6,5,0.0,0.0,0.0,0.0,0.188,0.1,0.25,0.0,22.5,-22.5,0,0.0,苦手,C
4723,寺島吉彦,3,3,5,20.0,0.0,40.0,60.0,0.204,0.15,0.36,20.0,55.75,4.25,0,0.0,やや得意,C
4709,岡村将也,5,5,8,0.0,0.0,12.5,12.5,0.169,0.1,0.24,0.0,35.28,-22.78,0,0.0,苦手,C
3621,天野晶夫,1,1,16,50.0,37.5,6.25,93.75,0.156,0.06,0.29,31.25,85.37,8.38,0,0.0,得意,B
4429,豊田泰洋,3,3,10,10.0,0.0,0.0,10.0,0.155,0.08,0.23,10.0,55.75,-45.75,0,0.0,苦手,B
3827,今泉徹,5,5,8,0.0,0.0,0.0,0.0,0.189,0.11,0.27,12.5,35.28,-35.28,0,0.0,苦手,C
3989,熊本英一,4,4,10,0.0,10.0,20.0,30.0,0.189,0.1,0.29,0.0,47.51,-17.51,0,0.0,苦手,B
4146,柳橋宏紀,5,5,10,0.0,10.0,40.0,50.0,0.147,0.07,0.3,20.0,35.28,14.72,0,0.0,得意,B
3906,飯山晃三,2,2,10,0.0,10.0,10.0,20.0,0.191,0.11,0.31,0.0,57.15,-37.15,0,0.0,苦手,B
3432,宮迫暢彦,3,3,7,0.0,42.86,28.57,71.43,0.153,0.1,0.28,0.0,55.75,15.68,0,0.0,得意,C
4142,平野和明,4,4,3,0.0,0.0,33.33,33.33,0.22,0.15,0.29,0.0,47.51,-14.18,0,0.0,少数参考,参考
3606,川北浩貴,1,1,10,60.0,20.0,20.0,100.0,0.127,0.02,0.2,40.0,85.37,14.63,0,0.0,得意,B
3621,天野晶夫,3,3,11,18.18,9.09,27.27,54.55,0.154,0.07,0.27,27.27,55.75,-1.2,0,0.0,標準,B
4061,萩原秀人,4,4,4,25.0,25.0,0.0,50.0,0.105,0.06,0.16,50.0,47.51,2.49,0,0.0,少数参考,参考
4140,梶野学志,5,5,4,0.0,25.0,25.0,50.0,0.125,0.05,0.22,0.0,35.28,14.72,0,0.0,少数参考,参考
3414,加瀬智宏,1,1,4,75.0,25.0,0.0,100.0,0.122,0.07,0.2,50.0,85.37,14.63,0,0.0,少数参考,参考
4709,岡村将也,2,2,7,14.29,28.57,28.57,71.43,0.179,0.11,0.21,28.57,57.15,14.28,0,0.0,得意,C
3459,中野和裕,4,4,6,0.0,0.0,16.67,16.67,0.165,0.11,0.22,33.33,47.51,-30.84,0,0.0,苦手,C
3614,谷勝幸,1,1,6,50.0,0.0,16.67,66.67,0.17,0.11,0.26,16.67,85.37,-18.7,0,0.0,得意,C
3624,大石和彦,1,1,3,66.67,0.0,0.0,66.67,0.12,0.06,0.16,33.33,85.37,-18.7,0,0.0,少数参考,参考
3827,今泉徹,2,2,8,0.0,25.0,25.0,50.0,0.147,0.03,0.25,12.5,57.15,-7.15,0,0.0,標準,C
4467,渡邉俊介,6,6,3,0.0,0.0,66.67,66.67,0.19,0.13,0.28,0.0,22.5,44.17,0,0.0,少数参考,参考
3906,飯山晃三,3,3,9,0.0,22.22,0.0,22.22,0.201,0.13,0.29,22.22,55.75,-33.53,0,0.0,苦手,C
3605,中村守成,4,4,4,0.0,25.0,25.0,50.0,0.16,0.15,0.17,0.0,47.51,2.49,0,0.0,少数参考,参考
4061,萩原秀人,3,3,6,0.0,66.67,0.0,66.67,0.135,0.09,0.21,50.0,55.75,10.92,0,0.0,得意,C
3630,黒田誠司,2,2,4,0.0,0.0,25.0,25.0,0.158,0.12,0.21,0.0,57.15,-32.15,0,0.0,少数参考,参考
3989,熊本英一,3,3,13,0.0,23.08,38.46,61.54,0.183,0.05,0.26,0.0,55.75,5.79,0,0.0,やや得意,B
4747,山戸信二,4,4,9,11.11,11.11,22.22,44.44,0.169,0.03,0.31,33.33,47.51,-3.07,0,0.0,標準,C
4429,豊田泰洋,5,5,7,0.0,14.29,14.29,28.57,0.171,0.13,0.24,14.29,35.28,-6.71,0,0.0,標準,C
4146,柳橋宏紀,1,1,7,14.29,28.57,14.29,57.14,0.15,0.11,0.19,42.86,85.37,-28.23,0,0.0,苦手,C
3624,大石和彦,3,3,5,0.0,0.0,20.0,20.0,0.148,0.08,0.33,0.0,55.75,-35.75,0,0.0,苦手,C
3621,天野晶夫,6,6,9,0.0,0.0,33.33,33.33,0.214,0.05,0.44,0.0,22.5,10.83,0,0.0,得意,C
3432,宮迫暢彦,1,1,8,37.5,25.0,0.0,62.5,0.172,0.06,0.31,25.0,85.37,-22.87,0,0.0,得意,C
3827,今泉徹,4,4,5,0.0,20.0,0.0,20.0,0.216,0.04,0.33,0.0,47.51,-27.51,0,0.0,苦手,C
3605,中村守成,6,6,4,0.0,0.0,0.0,0.0,0.242,0.12,0.33,0.0,22.5,-22.5,0,0.0,少数参考,参考
3414,加瀬智宏,2,2,4,0.0,75.0,25.0,100.0,0.152,0.12,0.18,25.0,57.15,42.85,0,0.0,少数参考,参考
4467,渡邉俊介,4,4,6,16.67,0.0,33.33,50.0,0.143,0.11,0.19,33.33,47.51,2.49,0,0.0,標準,C
4723,寺島吉彦,5,5,4,0.0,0.0,25.0,25.0,0.182,0.08,0.28,0.0,35.28,-10.28,0,0.0,少数参考,参考
4061,萩原秀人,6,6,4,0.0,25.0,0.0,25.0,0.138,0.08,0.19,50.0,22.5,2.5,0,0.0,少数参考,参考
4140,梶野学志,1,1,8,62.5,37.5,0.0,100.0,0.166,0.07,0.26,37.5,85.37,14.63,0,0.0,得意,C
3614,谷勝幸,2,2,8,0.0,12.5,12.5,25.0,0.198,0.13,0.32,0.0,57.15,-32.15,0,0.0,苦手,C
3621,天野晶夫,4,4,9,11.11,0.0,11.11,22.22,0.124,0.03,0.21,33.33,47.51,-25.29,0,0.0,苦手,C
3906,飯山晃三,5,5,8,12.5,0.0,0.0,12.5,0.193,0.11,0.31,0.0,35.28,-22.78,0,0.0,苦手,C
4723,寺島吉彦,2,2,4,25.0,0.0,25.0,50.0,0.207,0.08,0.35,0.0,57.15,-7.15,0,0.0,少数参考,参考
3617,竹田広樹,6,6,3,0.0,0.0,33.33,33.33,0.283,0.23,0.34,0.0,22.5,10.83,0,0.0,少数参考,参考
4467,渡邉俊介,1,1,3,66.67,33.33,0.0,100.0,0.18,0.09,0.29,66.67,85.37,14.63,0,0.0,少数参考,参考
4146,柳橋宏紀,3,3,11,0.0,27.27,9.09,36.36,0.155,0.04,0.3,36.36,55.75,-19.39,0,0.0,苦手,B
4709,岡村将也,6,6,7,0.0,14.29,28.57,42.86,0.123,0.01,0.24,57.14,22.5,20.36,0,0.0,得意,C
3606,川北浩貴,2,2,8,12.5,37.5,25.0,75.0,0.138,0.08,0.23,50.0,57.15,17.85,0,0.0,得意,C
3989,熊本英一,5,5,13,0.0,7.69,7.69,15.38,0.202,0.12,0.27,0.0,35.28,-19.9,0,0.0,苦手,B
4140,梶野学志,2,2,4,25.0,25.0,25.0,75.0,0.175,0.11,0.23,50.0,57.15,17.85,0,0.0,少数参考,参考
3605,中村守成,5,5,5,0.0,20.0,20.0,40.0,0.184,0.13,0.26,0.0,35.28,4.72,0,0.0,やや得意,C
4579,中嶋健一郎,6,6,6,0.0,33.33,33.33,66.67,0.125,0.11,0.16,66.67,22.5,44.17,0,0.0,得意,C
4041,小林基樹,3,1,3,33.33,0.0,33.33,66.67,0.23,0.14,0.4,0.0,85.37,-18.7,3,100.0,少数参考,参考
4724,吉田祐貴,4,4,3,0.0,0.0,0.0,0.0,0.2,0.1,0.29,0.0,47.51,-47.51,0,0.0,少数参考,参考
3593,横井光弘,1,1,4,50.0,25.0,0.0,75.0,0.145,0.07,0.24,25.0,85.37,-10.37,0,0.0,少数参考,参考
4061,萩原秀人,2,2,4,75.0,25.0,0.0,100.0,0.095,0.07,0.13,50.0,57.15,42.85,0,0.0,少数参考,参考
3605,中村守成,3,3,3,0.0,0.0,0.0,0.0,0.223,0.17,0.25,0.0,55.75,-55.75,0,0.0,少数参考,参考
4140,梶野学志,4,4,5,20.0,60.0,0.0,80.0,0.156,0.12,0.19,40.0,47.51,32.49,0,0.0,得意,C
3614,谷勝幸,5,5,7,0.0,0.0,42.86,42.86,0.216,0.16,0.36,0.0,35.28,7.58,0,0.0,やや得意,C
3989,熊本英一,6,6,10,0.0,0.0,0.0,0.0,0.232,0.12,0.31,0.0,22.5,-22.5,0,0.0,苦手,B
3630,黒田誠司,5,5,3,0.0,33.33,0.0,33.33,0.147,0.12,0.17,0.0,35.28,-1.95,0,0.0,少数参考,参考
4142,平野和明,6,6,3,0.0,0.0,0.0,0.0,0.17,0.11,0.24,0.0,22.5,-22.5,0,0.0,少数参考,参考
3414,加瀬智宏,4,4,3,0.0,66.67,0.0,66.67,0.117,0.07,0.2,33.33,47.51,19.16,0,0.0,少数参考,参考
3624,大石和彦,6,6,3,0.0,0.0,0.0,0.0,0.187,0.14,0.22,0.0,22.5,-22.5,0,0.0,少数参考,参考
3621,天野晶夫,2,2,10,10.0,10.0,10.0,30.0,0.158,0.07,0.26,0.0,57.15,-27.15,0,0.0,苦手,B
3614,谷勝幸,3,3,8,0.0,12.5,12.5,25.0,0.129,0.06,0.21,12.5,55.75,-30.75,0,0.0,苦手,C
4146,柳橋宏紀,4,4,6,0.0,0.0,0.0,0.0,0.147,0.07,0.22,33.33,47.51,-47.51,0,0.0,苦手,C
3878,胡本悟志,5,6,3,0.0,0.0,0.0,0.0,0.167,0.11,0.25,0.0,22.5,-22.5,3,100.0,少数参考,参考
4579,中嶋健一郎,3,3,3,0.0,66.67,0.0,66.67,0.103,0.07,0.13,33.33,55.75,10.92,0,0.0,少数参考,参考
4033,伊藤将吉,4,4,4,0.0,25.0,75.0,100.0,0.115,0.05,0.18,50.0,47.51,52.49,0,0.0,少数参考,参考
3906,飯山晃三,6,6,6,0.0,0.0,16.67,16.67,0.227,0.14,0.37,0.0,22.5,-5.83,0,0.0,標準,C
3624,大石和彦,2,2,4,0.0,75.0,0.0,75.0,0.17,0.13,0.27,25.0,57.15,17.85,0,0.0,少数参考,参考
4033,伊藤将吉,3,3,4,0.0,50.0,0.0,50.0,0.17,0.1,0.31,0.0,55.75,-5.75,0,0.0,少数参考,参考
4429,豊田泰洋,6,6,5,0.0,0.0,0.0,0.0,0.236,0.18,0.34,0.0,22.5,-22.5,0,0.0,苦手,C
4709,岡村将也,1,1,8,50.0,37.5,0.0,87.5,0.158,0.1,0.28,37.5,85.37,2.13,0,0.0,得意,C
3827,今泉徹,6,6,5,0.0,0.0,0.0,0.0,0.196,0.11,0.31,20.0,22.5,-22.5,0,0.0,苦手,C
4146,柳橋宏紀,2,2,11,27.27,27.27,18.18,72.73,0.152,0.08,0.21,18.18,57.15,15.58,0,0.0,得意,B
3605,中村守成,2,2,4,25.0,0.0,0.0,25.0,0.182,0.15,0.21,0.0,57.15,-32.15,0,0.0,少数参考,参考
3881,浦上拓也,2,2,6,0.0,33.33,50.0,83.33,0.125,0.08,0.17,16.67,57.15,26.18,0,0.0,得意,C
4164,岩永節也,4,4,3,0.0,0.0,0.0,0.0,0.157,0.15,0.17,0.0,47.51,-47.51,0,0.0,少数参考,参考
3878,胡本悟志,5,5,18,5.56,11.11,33.33,50.0,0.147,0.04,0.34,38.89,35.28,14.72,0,0.0,得意,B
3906,飯山晃三,4,4,6,0.0,33.33,16.67,50.0,0.198,0.17,0.25,0.0,47.51,2.49,0,0.0,標準,C
4747,山戸信二,5,5,7,0.0,14.29,14.29,28.57,0.184,0.08,0.28,28.57,35.28,-6.71,0,0.0,標準,C
4723,寺島吉彦,1,1,5,60.0,0.0,0.0,60.0,0.186,0.08,0.25,0.0,85.37,-25.37,0,0.0,苦手,C
4429,豊田泰洋,1,1,4,25.0,25.0,25.0,75.0,0.152,0.11,0.2,25.0,85.37,-10.37,0,0.0,少数参考,参考
3414,加瀬智宏,3,3,3,0.0,33.33,33.33,66.67,0.18,0.13,0.25,0.0,55.75,10.92,0,0.0,少数参考,参考
3827,今泉徹,1,1,5,20.0,40.0,0.0,60.0,0.214,0.14,0.27,0.0,85.37,-25.37,0,0.0,苦手,C
3989,熊本英一,1,1,9,22.22,22.22,0.0,44.44,0.214,0.13,0.4,11.11,85.37,-40.93,0,0.0,苦手,C
4723,寺島吉彦,4,4,4,0.0,0.0,75.0,75.0,0.177,0.07,0.27,50.0,47.51,27.49,0,0.0,少数参考,参考
3432,宮迫暢彦,4,4,6,0.0,16.67,16.67,33.33,0.193,0.13,0.33,0.0,47.51,-14.18,0,0.0,苦手,C
3606,川北浩貴,5,5,5,0.0,20.0,20.0,40.0,0.18,0.13,0.24,0.0,35.28,4.72,0,0.0,やや得意,C
3628,石間徹,4,4,3,0.0,0.0,66.67,66.67,0.197,0.17,0.21,0.0,47.51,19.16,0,0.0,少数参考,参考
3293,宮内由紀英,6,6,3,0.0,0.0,33.33,33.33,0.233,0.18,0.29,0.0,22.5,10.83,0,0.0,少数参考,参考
3024,西島義則,1,1,9,55.56,22.22,11.11,88.89,0.229,0.12,0.38,0.0,85.37,3.52,0,0.0,標準,C
3627,井上恵一,2,2,15,0.0,40.0,0.0,40.0,0.183,0.11,0.33,13.33,57.15,-17.15,0,0.0,苦手,B
3161,古場輝義,4,4,6,0.0,0.0,33.33,33.33,0.188,0.06,0.26,16.67,47.51,-14.18,0,0.0,苦手,C
3191,井坂友則,6,6,3,0.0,0.0,0.0,0.0,0.35,0.25,0.41,0.0,22.5,-22.5,0,0.0,少数参考,参考
3158,島川光男,2,2,3,0.0,0.0,33.33,33.33,0.167,0.04,0.25,0.0,57.15,-23.82,0,0.0,少数参考,参考
3233,小畑実成,6,6,7,0.0,28.57,0.0,28.57,0.134,0.07,0.21,42.86,22.5,6.07,0,0.0,やや得意,C
3516,吉原聖人,3,3,6,0.0,0.0,16.67,16.67,0.16,0.1,0.22,0.0,55.75,-39.08,0,0.0,苦手,C
3602,奥平拓也,4,4,3,0.0,66.67,0.0,66.67,0.15,0.07,0.25,0.0,47.51,19.16,0,0.0,少数参考,参考
3211,北川敏弘,6,6,5,0.0,20.0,40.0,60.0,0.174,0.13,0.23,20.0,22.5,37.5,0,0.0,得意,C
3627,井上恵一,4,4,10,10.0,0.0,30.0,40.0,0.21,0.13,0.31,0.0,47.51,-7.51,0,0.0,標準,B
3310,金澤一洋,3,4,3,0.0,0.0,0.0,0.0,0.22,0.19,0.25,0.0,47.51,-47.51,3,100.0,少数参考,参考
3227,長岡茂一,1,1,5,40.0,20.0,20.0,80.0,0.144,0.06,0.25,80.0,85.37,-5.37,0,0.0,得意,C
3516,吉原聖人,2,2,12,25.0,25.0,8.33,58.33,0.184,0.08,0.3,8.33,57.15,1.18,0,0.0,標準,B
3158,島川光男,1,1,3,66.67,0.0,0.0,66.67,0.113,0.07,0.15,66.67,85.37,-18.7,0,0.0,少数参考,参考
3231,吉田隆義,3,3,4,25.0,0.0,25.0,50.0,0.203,0.13,0.28,0.0,55.75,-5.75,0,0.0,少数参考,参考
3161,古場輝義,5,5,4,0.0,0.0,25.0,25.0,0.217,0.16,0.26,0.0,35.28,-10.28,0,0.0,少数参考,参考
3153,前川竜次,6,6,3,0.0,0.0,33.33,33.33,0.267,0.18,0.34,0.0,22.5,10.83,0,0.0,少数参考,参考
3602,奥平拓也,6,6,5,20.0,0.0,0.0,20.0,0.208,0.15,0.32,0.0,22.5,-2.5,0,0.0,標準,C
3024,西島義則,2,2,3,0.0,33.33,33.33,66.67,0.163,0.12,0.19,0.0,57.15,9.52,0,0.0,少数参考,参考
3227,長岡茂一,4,4,5,0.0,0.0,20.0,20.0,0.16,0.03,0.23,20.0,47.51,-27.51,0,0.0,苦手,C
3211,北川敏弘,1,1,7,28.57,14.29,28.57,71.43,0.224,0.12,0.33,14.29,85.37,-13.94,0,0.0,苦手,C
3108,松本真吾,2,2,3,33.33,33.33,0.0,66.67,0.153,0.11,0.2,33.33,57.15,9.52,0,0.0,少数参考,参考
3227,長岡茂一,3,3,4,25.0,50.0,0.0,75.0,0.2,0.09,0.33,25.0,55.75,19.25,0,0.0,少数参考,参考
3171,田川忠志,4,4,5,0.0,0.0,40.0,40.0,0.24,0.11,0.39,20.0,47.51,-7.51,0,0.0,標準,C
3346,宮本裕之,4,5,4,0.0,0.0,0.0,0.0,0.195,0.11,0.29,25.0,35.28,-35.28,4,100.0,少数参考,参考
3161,古場輝義,1,1,8,25.0,12.5,12.5,50.0,0.13,0.06,0.34,12.5,85.37,-35.37,0,0.0,苦手,C
3591,後藤孝義,3,3,3,0.0,0.0,0.0,0.0,0.143,0.13,0.16,0.0,55.75,-55.75,0,0.0,少数参考,参考
2912,尾崎鉄也,5,5,3,0.0,33.33,33.33,66.67,0.133,0.02,0.31,33.33,35.28,31.39,0,0.0,少数参考,参考
3602,奥平拓也,2,2,4,25.0,50.0,0.0,75.0,0.15,0.11,0.19,25.0,57.15,17.85,0,0.0,少数参考,参考
3516,吉原聖人,5,5,8,0.0,0.0,25.0,25.0,0.215,0.13,0.38,0.0,35.28,-10.28,0,0.0,苦手,C
3326,生方厚成,5,5,3,0.0,0.0,66.67,66.67,0.227,0.16,0.33,0.0,35.28,31.39,0,0.0,少数参考,参考
3231,吉田隆義,1,1,4,25.0,25.0,25.0,75.0,0.172,0.15,0.2,0.0,85.37,-10.37,0,0.0,少数参考,参考
3293,宮内由紀英,3,3,3,0.0,0.0,0.0,0.0,0.26,0.16,0.46,33.33,55.75,-55.75,0,0.0,少数参考,参考
3211,北川敏弘,4,4,3,0.0,0.0,33.33,33.33,0.127,0.08,0.15,66.67,47.51,-14.18,0,0.0,少数参考,参考
3599,柿本達也,6,6,3,0.0,0.0,0.0,0.0,0.167,0.13,0.19,0.0,22.5,-22.5,0,0.0,少数参考,参考
2871,藤田治義,5,5,3,0.0,0.0,0.0,0.0,0.18,0.15,0.24,33.33,35.28,-35.28,0,0.0,少数参考,参考
3591,後藤孝義,6,6,3,0.0,0.0,33.33,33.33,0.14,0.11,0.16,0.0,22.5,10.83,0,0.0,少数参考,参考
3360,原田富士男,1,1,3,100.0,0.0,0.0,100.0,0.173,0.1,0.22,33.33,85.37,14.63,0,0.0,少数参考,参考
3227,長岡茂一,6,6,3,0.0,33.33,0.0,33.33,0.16,0.13,0.22,0.0,22.5,10.83,0,0.0,少数参考,参考
3293,宮内由紀英,5,5,3,0.0,0.0,33.33,33.33,0.193,0.13,0.26,0.0,35.28,-1.95,0,0.0,少数参考,参考
3591,後藤孝義,1,1,4,50.0,25.0,0.0,75.0,0.165,0.06,0.21,50.0,85.37,-10.37,0,0.0,少数参考,参考
3227,長岡茂一,2,2,3,0.0,0.0,33.33,33.33,0.2,0.12,0.27,33.33,57.15,-23.82,0,0.0,少数参考,参考
3627,井上恵一,5,5,7,14.29,0.0,14.29,28.57,0.214,0.1,0.31,14.29,35.28,-6.71,0,0.0,標準,C
3591,後藤孝義,2,2,6,0.0,33.33,16.67,50.0,0.16,0.11,0.23,16.67,57.15,-7.15,0,0.0,標準,C
3211,北川敏弘,5,5,7,0.0,14.29,0.0,14.29,0.187,0.11,0.31,0.0,35.28,-20.99,0,0.0,苦手,C
3427,大賀広幸,6,6,14,0.0,7.14,21.43,28.57,0.167,0.05,0.27,7.14,22.5,6.07,0,0.0,やや得意,B
3516,吉原聖人,6,6,5,0.0,0.0,20.0,20.0,0.25,0.21,0.28,0.0,22.5,-2.5,0,0.0,標準,C
3602,奥平拓也,1,1,5,80.0,20.0,0.0,100.0,0.144,0.07,0.22,60.0,85.37,14.63,0,0.0,得意,C
3211,北川敏弘,3,3,10,0.0,30.0,30.0,60.0,0.206,0.11,0.36,10.0,55.75,4.25,0,0.0,やや得意,B
3161,古場輝義,3,3,7,0.0,14.29,0.0,14.29,0.179,0.12,0.27,0.0,55.75,-41.46,0,0.0,苦手,C
3516,吉原聖人,4,4,6,16.67,16.67,33.33,66.67,0.125,0.05,0.19,0.0,47.51,19.16,0,0.0,得意,C
3602,奥平拓也,3,3,4,25.0,0.0,25.0,50.0,0.173,0.11,0.25,25.0,55.75,-5.75,0,0.0,少数参考,参考
3591,後藤孝義,5,5,3,0.0,0.0,33.33,33.33,0.103,0.03,0.15,0.0,35.28,-1.95,0,0.0,少数参考,参考
3161,古場輝義,2,2,4,0.0,0.0,25.0,25.0,0.263,0.13,0.36,0.0,57.15,-32.15,0,0.0,少数参考,参考
3591,後藤孝義,4,4,3,0.0,0.0,0.0,0.0,0.213,0.09,0.3,0.0,47.51,-47.51,0,0.0,少数参考,参考
3346,宮本裕之,6,6,4,25.0,0.0,0.0,25.0,0.147,0.09,0.21,50.0,22.5,2.5,0,0.0,少数参考,参考
3516,吉原聖人,1,1,5,40.0,20.0,20.0,80.0,0.17,0.1,0.28,60.0,85.37,-5.37,0,0.0,得意,C
3627,井上恵一,1,1,9,33.33,11.11,33.33,77.78,0.209,0.12,0.31,33.33,85.37,-7.59,0,0.0,標準,C
2823,平野勇志,3,3,3,0.0,33.33,33.33,66.67,0.23,0.14,0.36,33.33,55.75,10.92,0,0.0,少数参考,参考
4864,小川日紀太,6,6,10,0.0,0.0,0.0,0.0,0.177,0.11,0.32,20.0,22.5,-22.5,0,0.0,苦手,B
3670,古澤信二,2,2,3,33.33,33.33,33.33,100.0,0.06,0.01,0.09,66.67,57.15,42.85,0,0.0,少数参考,参考
3696,白井友晴,4,4,4,0.0,0.0,0.0,0.0,0.208,0.17,0.28,0.0,47.51,-47.51,0,0.0,少数参考,参考
3662,大庭元明,2,2,7,14.29,28.57,0.0,42.86,0.17,0.12,0.25,0.0,57.15,-14.29,0,0.0,苦手,C
3467,森弘行,3,3,8,12.5,12.5,12.5,37.5,0.21,0.16,0.34,0.0,55.75,-18.25,0,0.0,苦手,C
4109,谷津幸宏,4,4,3,0.0,33.33,33.33,66.67,0.233,0.17,0.28,0.0,47.51,19.16,0,0.0,少数参考,参考
4262,馬場貴也,1,1,11,63.64,9.09,9.09,81.82,0.154,0.12,0.21,9.09,85.37,-3.55,0,0.0,得意,B
4607,鶴田勇雄,2,2,6,0.0,50.0,33.33,83.33,0.185,0.12,0.31,16.67,57.15,26.18,0,0.0,得意,C
4542,高木圭右,3,3,3,0.0,33.33,33.33,66.67,0.137,0.06,0.25,33.33,55.75,10.92,0,0.0,少数参考,参考
3820,樫葉次郎,6,6,3,0.0,0.0,0.0,0.0,0.193,0.16,0.24,0.0,22.5,-22.5,0,0.0,少数参考,参考
4057,松井賢治,1,1,9,66.67,0.0,11.11,77.78,0.151,0.09,0.2,44.44,85.37,-7.59,0,0.0,得意,C
3584,佐々木英樹,3,3,7,14.29,28.57,28.57,71.43,0.163,0.11,0.23,42.86,55.75,15.68,0,0.0,得意,C
4299,中島浩哉,2,2,8,0.0,12.5,12.5,25.0,0.201,0.11,0.28,25.0,57.15,-32.15,0,0.0,苦手,C
4575,戸塚邦好,3,3,6,33.33,33.33,33.33,100.0,0.097,0.03,0.2,50.0,55.75,44.25,0,0.0,得意,C
3638,前田努,6,6,4,0.0,0.0,25.0,25.0,0.225,0.18,0.26,0.0,22.5,2.5,0,0.0,少数参考,参考
4570,前田聖文,3,3,6,0.0,33.33,16.67,50.0,0.132,0.05,0.26,50.0,55.75,-5.75,0,0.0,標準,C
3963,原田秀弥,4,4,5,20.0,0.0,20.0,40.0,0.174,0.11,0.28,0.0,47.51,-7.51,0,0.0,標準,C
3467,森弘行,5,5,9,0.0,11.11,11.11,22.22,0.209,0.11,0.4,0.0,35.28,-13.06,0,0.0,苦手,C
3533,佐川正道,6,6,5,0.0,0.0,0.0,0.0,0.198,0.13,0.26,0.0,22.5,-22.5,0,0.0,苦手,C
3550,都築正治,1,1,3,33.33,0.0,0.0,33.33,0.127,0.1,0.17,33.33,85.37,-52.04,0,0.0,少数参考,参考
3584,佐々木英樹,2,2,7,0.0,14.29,28.57,42.86,0.187,0.07,0.26,28.57,57.15,-14.29,0,0.0,苦手,C
3731,高濱芳久,4,4,16,0.0,12.5,31.25,43.75,0.162,0.03,0.27,12.5,47.51,-3.76,0,0.0,標準,B
4575,戸塚邦好,5,5,8,12.5,0.0,37.5,50.0,0.139,0.06,0.22,50.0,35.28,14.72,0,0.0,得意,C
3662,大庭元明,1,1,9,77.78,22.22,0.0,100.0,0.147,0.06,0.21,22.22,85.37,14.63,0,0.0,得意,C
4570,前田聖文,5,5,8,12.5,12.5,37.5,62.5,0.154,0.06,0.32,37.5,35.28,27.22,0,0.0,得意,C
3696,白井友晴,6,6,4,0.0,0.0,25.0,25.0,0.19,0.11,0.32,0.0,22.5,2.5,0,0.0,少数参考,参考
4262,馬場貴也,2,2,6,16.67,33.33,16.67,66.67,0.14,0.08,0.18,33.33,57.15,9.52,0,0.0,得意,C
4057,松井賢治,3,3,8,12.5,25.0,50.0,87.5,0.129,0.09,0.18,25.0,55.75,31.75,0,0.0,得意,C
3550,都築正治,4,4,3,33.33,0.0,33.33,66.67,0.16,0.15,0.17,33.33,47.51,19.16,0,0.0,少数参考,参考
3888,山本英志,5,5,4,0.0,25.0,0.0,25.0,0.158,0.11,0.18,25.0,35.28,-10.28,0,0.0,少数参考,参考
3963,原田秀弥,6,6,7,0.0,0.0,0.0,0.0,0.173,0.12,0.24,14.29,22.5,-22.5,0,0.0,苦手,C
3731,高濱芳久,1,1,15,73.33,0.0,6.67,80.0,0.131,0.04,0.22,13.33,85.37,-5.37,0,0.0,得意,B
3820,樫葉次郎,3,3,4,0.0,0.0,100.0,100.0,0.152,0.11,0.21,25.0,55.75,44.25,0,0.0,少数参考,参考
4299,中島浩哉,4,4,10,10.0,10.0,20.0,40.0,0.154,0.06,0.27,20.0,47.51,-7.51,0,0.0,標準,B
4795,落合正侑,5,5,3,0.0,0.0,0.0,0.0,0.17,0.14,0.2,33.33,35.28,-35.28,0,0.0,少数参考,参考
3467,森弘行,4,4,3,0.0,0.0,33.33,33.33,0.18,0.11,0.25,0.0,47.51,-14.18,0,0.0,少数参考,参考
3559,水長照雄,2,2,16,6.25,0.0,18.75,25.0,0.185,0.11,0.29,0.0,57.15,-32.15,0,0.0,苦手,B
4057,松井賢治,4,4,8,12.5,0.0,37.5,50.0,0.175,0.11,0.26,12.5,47.51,2.49,0,0.0,標準,C
3964,宮地博士,5,5,14,0.0,0.0,21.43,21.43,0.214,0.11,0.36,0.0,35.28,-13.85,0,0.0,苦手,B
3963,原田秀弥,1,1,9,77.78,11.11,11.11,100.0,0.152,0.05,0.25,33.33,85.37,14.63,0,0.0,得意,C
4299,中島浩哉,1,1,4,50.0,25.0,0.0,75.0,0.208,0.14,0.26,75.0,85.37,-10.37,0,0.0,少数参考,参考
3696,白井友晴,3,3,3,0.0,33.33,33.33,66.67,0.223,0.16,0.34,0.0,55.75,10.92,0,0.0,少数参考,参考
3533,佐川正道,4,4,4,25.0,0.0,50.0,75.0,0.195,0.09,0.39,50.0,47.51,27.49,0,0.0,少数参考,参考
4070,中村亮太,5,5,3,33.33,0.0,66.67,100.0,0.19,0.14,0.23,0.0,35.28,64.72,0,0.0,少数参考,参考
4262,馬場貴也,6,6,7,0.0,0.0,0.0,0.0,0.164,0.08,0.28,14.29,22.5,-22.5,0,0.0,苦手,C
3467,森弘行,1,1,4,25.0,25.0,25.0,75.0,0.195,0.16,0.26,0.0,85.37,-10.37,0,0.0,少数参考,参考
3493,小島幸弘,3,2,3,0.0,0.0,0.0,0.0,0.21,0.1,0.42,33.33,57.15,-57.15,3,100.0,少数参考,参考
3670,古澤信二,5,5,3,0.0,0.0,33.33,33.33,0.117,0.04,0.17,0.0,35.28,-1.95,0,0.0,少数参考,参考
4607,鶴田勇雄,5,5,8,0.0,12.5,12.5,25.0,0.21,0.13,0.31,12.5,35.28,-10.28,0,0.0,苦手,C
3888,山本英志,3,3,3,66.67,33.33,0.0,100.0,0.133,0.11,0.18,66.67,55.75,44.25,0,0.0,少数参考,参考
4570,前田聖文,4,4,8,0.0,25.0,25.0,50.0,0.129,0.05,0.26,25.0,47.51,2.49,0,0.0,標準,C
3584,佐々木英樹,1,1,6,0.0,16.67,16.67,33.33,0.237,0.14,0.35,16.67,85.37,-52.04,0,0.0,苦手,C
3662,大庭元明,6,6,5,20.0,0.0,0.0,20.0,0.178,0.09,0.3,60.0,22.5,-2.5,0,0.0,標準,C
3533,佐川正道,3,3,5,0.0,60.0,20.0,80.0,0.166,0.09,0.28,20.0,55.75,24.25,0,0.0,得意,C
3670,古澤信二,4,4,3,0.0,0.0,66.67,66.67,0.163,0.08,0.23,0.0,47.51,19.16,0,0.0,少数参考,参考
4057,松井賢治,6,6,6,0.0,0.0,16.67,16.67,0.19,0.1,0.29,16.67,22.5,-5.83,0,0.0,標準,C
3888,山本英志,1,1,5,60.0,20.0,20.0,100.0,0.144,0.06,0.21,40.0,85.37,14.63,0,0.0,得意,C
4262,馬場貴也,3,3,12,41.67,8.33,16.67,66.67,0.176,0.07,0.64,16.67,55.75,10.92,0,0.0,得意,B
4607,鶴田勇雄,4,4,11,9.09,36.36,18.18,63.64,0.165,0.11,0.26,0.0,47.51,16.13,0,0.0,得意,B
4299,中島浩哉,5,5,12,16.67,0.0,33.33,50.0,0.145,0.09,0.23,8.33,35.28,14.72,0,0.0,得意,B
3533,佐川正道,1,1,5,20.0,60.0,0.0,80.0,0.162,0.07,0.24,40.0,85.37,-5.37,0,0.0,得意,C
4864,小川日紀太,5,6,4,0.0,0.0,0.0,0.0,0.15,0.11,0.23,25.0,22.5,-22.5,4,100.0,少数参考,参考
3662,大庭元明,3,3,6,50.0,16.67,0.0,66.67,0.118,0.06,0.18,33.33,55.75,10.92,0,0.0,得意,C
3559,水長照雄,4,4,9,11.11,0.0,11.11,22.22,0.158,0.09,0.21,0.0,47.51,-25.29,0,0.0,苦手,C
4575,戸塚邦好,2,2,4,0.0,75.0,0.0,75.0,0.125,0.07,0.19,75.0,57.15,17.85,0,0.0,少数参考,参考
3820,樫葉次郎,1,1,3,66.67,0.0,33.33,100.0,0.083,0.05,0.11,66.67,85.37,14.63,0,0.0,少数参考,参考
3888,山本英志,2,2,6,16.67,33.33,16.67,66.67,0.117,0.08,0.18,33.33,57.15,9.52,0,0.0,得意,C
3696,白井友晴,1,1,4,50.0,25.0,0.0,75.0,0.147,0.11,0.2,25.0,85.37,-10.37,0,0.0,少数参考,参考
3467,森弘行,2,2,8,12.5,12.5,0.0,25.0,0.148,0.07,0.27,12.5,57.15,-32.15,0,0.0,苦手,C
3963,原田秀弥,3,3,6,16.67,33.33,16.67,66.67,0.127,0.09,0.16,50.0,55.75,10.92,0,0.0,得意,C
3584,佐々木英樹,6,6,3,0.0,0.0,33.33,33.33,0.207,0.11,0.29,33.33,22.5,10.83,0,0.0,少数参考,参考
4570,前田聖文,6,6,7,14.29,0.0,14.29,28.57,0.15,0.07,0.21,14.29,22.5,6.07,0,0.0,やや得意,C
4669,井上茂,5,6,3,0.0,0.0,0.0,0.0,0.15,0.13,0.19,33.33,22.5,-22.5,3,100.0,少数参考,参考
3533,佐川正道,2,2,5,20.0,0.0,0.0,20.0,0.198,0.13,0.26,20.0,57.15,-37.15,0,0.0,苦手,C
3670,古澤信二,6,6,4,0.0,0.0,0.0,0.0,0.223,0.14,0.33,25.0,22.5,-22.5,0,0.0,少数参考,参考
3696,白井友晴,5,5,4,0.0,50.0,25.0,75.0,0.22,0.15,0.37,0.0,35.28,39.72,0,0.0,少数参考,参考
4057,松井賢治,2,2,5,40.0,20.0,20.0,80.0,0.164,0.09,0.3,0.0,57.15,22.85,0,0.0,得意,C
3662,大庭元明,4,4,3,66.67,33.33,0.0,100.0,0.123,0.09,0.15,33.33,47.51,52.49,0,0.0,少数参考,参考
4299,中島浩哉,6,6,7,0.0,14.29,28.57,42.86,0.211,0.12,0.41,0.0,22.5,20.36,0,0.0,得意,C
3963,原田秀弥,2,2,7,0.0,28.57,28.57,57.14,0.126,0.04,0.17,42.86,57.15,-0.01,0,0.0,標準,C
3584,佐々木英樹,5,5,6,0.0,16.67,16.67,33.33,0.19,0.09,0.29,0.0,35.28,-1.95,0,0.0,標準,C
4262,馬場貴也,4,4,6,0.0,33.33,16.67,50.0,0.142,0.06,0.23,16.67,47.51,2.49,0,0.0,標準,C
4607,鶴田勇雄,1,1,9,44.44,22.22,33.33,100.0,0.187,0.09,0.35,33.33,85.37,14.63,0,0.0,得意,C
3584,佐々木英樹,4,4,6,33.33,16.67,16.67,66.67,0.16,0.12,0.25,16.67,47.51,19.16,0,0.0,得意,C
4575,戸塚邦好,1,1,8,37.5,37.5,12.5,87.5,0.161,0.02,0.24,37.5,85.37,2.13,0,0.0,得意,C
4570,前田聖文,2,2,9,33.33,22.22,33.33,88.89,0.139,0.11,0.21,0.0,57.15,31.74,0,0.0,得意,C
3550,都築正治,2,2,5,0.0,40.0,40.0,80.0,0.154,0.07,0.23,20.0,57.15,22.85,0,0.0,得意,C
4669,井上茂,6,6,3,0.0,0.0,0.0,0.0,0.23,0.09,0.32,0.0,22.5,-22.5,0,0.0,少数参考,参考
4575,戸塚邦好,4,4,6,16.67,33.33,16.67,66.67,0.105,0.01,0.18,50.0,47.51,19.16,0,0.0,得意,C
4057,松井賢治,5,5,4,0.0,25.0,0.0,25.0,0.182,0.14,0.23,50.0,35.28,-10.28,0,0.0,少数参考,参考
3550,都築正治,3,3,3,0.0,0.0,66.67,66.67,0.163,0.13,0.21,0.0,55.75,10.92,0,0.0,少数参考,参考
4607,鶴田勇雄,6,6,7,14.29,14.29,14.29,42.86,0.177,0.11,0.24,0.0,22.5,20.36,0,0.0,得意,C
4669,井上茂,1,1,3,0.0,33.33,33.33,66.67,0.103,0.09,0.13,33.33,85.37,-18.7,0,0.0,少数参考,参考
4575,戸塚邦好,6,6,7,0.0,0.0,42.86,42.86,0.18,0.06,0.29,42.86,22.5,20.36,0,0.0,得意,C
3701,大西隆洋,5,5,5,20.0,0.0,0.0,20.0,0.124,0.08,0.18,40.0,35.28,-15.28,0,0.0,苦手,C
4842,山下昂大,6,6,11,9.09,0.0,18.18,27.27,0.136,0.03,0.23,45.45,22.5,4.77,0,0.0,やや得意,B
3553,平池仁志,3,3,3,0.0,0.0,33.33,33.33,0.227,0.19,0.27,0.0,55.75,-22.42,0,0.0,少数参考,参考
2380,関忠志,3,2,3,0.0,33.33,66.67,100.0,0.11,0.04,0.16,33.33,57.15,42.85,3,100.0,少数参考,参考
3907,村越篤,5,5,9,0.0,11.11,0.0,11.11,0.158,0.09,0.22,11.11,35.28,-24.17,0,0.0,苦手,C
3054,北川幸典,1,1,11,54.55,18.18,9.09,81.82,0.172,0.09,0.28,27.27,85.37,-3.55,0,0.0,得意,B
4563,齋藤真之,2,2,13,0.0,7.69,15.38,23.08,0.17,0.1,0.27,0.0,57.15,-34.07,0,0.0,苦手,B
3643,米田隆弘,4,4,6,0.0,33.33,33.33,66.67,0.145,0.09,0.23,0.0,47.51,19.16,0,0.0,得意,C
4302,西野翔太,3,3,6,0.0,33.33,33.33,66.67,0.122,0.08,0.15,16.67,55.75,10.92,0,0.0,得意,C
3866,木山誠一,2,2,9,0.0,22.22,0.0,22.22,0.143,0.05,0.22,22.22,57.15,-34.93,0,0.0,苦手,C
3701,大西隆洋,3,3,6,0.0,16.67,0.0,16.67,0.14,0.09,0.21,16.67,55.75,-39.08,0,0.0,苦手,C
4173,岡谷健吾,1,1,11,63.64,9.09,9.09,81.82,0.163,0.05,0.27,18.18,85.37,-3.55,0,0.0,得意,B
3600,玄馬徹,2,2,12,16.67,41.67,8.33,66.67,0.186,0.14,0.27,0.0,57.15,9.52,0,0.0,得意,B
3397,沖本健二,3,3,3,0.0,0.0,0.0,0.0,0.2,0.17,0.23,0.0,55.75,-55.75,0,0.0,少数参考,参考
4563,齋藤真之,4,4,10,0.0,30.0,0.0,30.0,0.215,0.11,0.29,0.0,47.51,-17.51,0,0.0,苦手,B
4316,山口裕太,1,1,3,100.0,0.0,0.0,100.0,0.213,0.11,0.28,0.0,85.37,14.63,0,0.0,少数参考,参考
3866,木山誠一,4,4,6,0.0,33.33,33.33,66.67,0.097,0.02,0.17,83.33,47.51,19.16,0,0.0,得意,C
3600,玄馬徹,4,5,3,0.0,33.33,0.0,33.33,0.237,0.18,0.33,0.0,35.28,-1.95,3,100.0,少数参考,参考
4842,山下昂大,5,6,8,0.0,0.0,0.0,0.0,0.188,0.13,0.26,25.0,22.5,-22.5,8,100.0,苦手,C
4237,大峯豊,6,5,4,25.0,0.0,25.0,50.0,0.152,0.1,0.22,25.0,35.28,14.72,4,100.0,少数参考,参考
3834,細川明人,3,3,11,0.0,18.18,36.36,54.55,0.165,0.05,0.28,0.0,55.75,-1.2,0,0.0,標準,B
3189,矢野素也,4,4,3,0.0,0.0,33.33,33.33,0.197,0.12,0.26,0.0,47.51,-14.18,0,0.0,少数参考,参考
3600,玄馬徹,5,5,11,0.0,9.09,9.09,18.18,0.248,0.2,0.32,0.0,35.28,-17.1,0,0.0,苦手,B
3663,木山和幸,6,6,4,0.0,0.0,25.0,25.0,0.188,0.14,0.29,25.0,22.5,2.5,0,0.0,少数参考,参考
4316,山口裕太,2,2,4,0.0,25.0,25.0,50.0,0.155,0.08,0.22,50.0,57.15,-7.15,0,0.0,少数参考,参考
3866,木山誠一,5,5,5,0.0,0.0,0.0,0.0,0.176,0.12,0.22,0.0,35.28,-35.28,0,0.0,苦手,C
3054,北川幸典,4,4,8,12.5,0.0,12.5,25.0,0.173,0.11,0.22,12.5,47.51,-22.51,0,0.0,苦手,C
4173,岡谷健吾,5,5,16,0.0,25.0,12.5,37.5,0.169,0.09,0.26,0.0,35.28,2.22,0,0.0,標準,B
4302,西野翔太,4,4,4,25.0,25.0,0.0,50.0,0.123,0.1,0.14,25.0,47.51,2.49,0,0.0,少数参考,参考
4563,齋藤真之,5,5,11,0.0,0.0,9.09,9.09,0.193,0.12,0.32,0.0,35.28,-26.19,0,0.0,苦手,B
3834,細川明人,6,6,9,0.0,0.0,11.11,11.11,0.223,0.09,0.34,0.0,22.5,-11.39,0,0.0,苦手,C
3701,大西隆洋,1,1,6,66.67,16.67,0.0,83.33,0.172,0.06,0.28,50.0,85.37,-2.04,0,0.0,得意,C
3875,廣中良一,3,3,23,0.0,8.7,8.7,17.39,0.158,0.05,0.26,13.04,55.75,-38.36,0,0.0,苦手,A
3615,横田茂,2,2,4,0.0,25.0,0.0,25.0,0.147,0.11,0.18,0.0,57.15,-32.15,0,0.0,少数参考,参考
4173,岡谷健吾,3,3,12,8.33,25.0,8.33,41.67,0.174,0.11,0.31,8.33,55.75,-14.08,0,0.0,苦手,B
4425,大井清貴,6,6,16,6.25,0.0,25.0,31.25,0.159,0.09,0.24,31.25,22.5,8.75,0,0.0,得意,B
3866,木山誠一,3,3,7,0.0,14.29,14.29,28.57,0.131,0.07,0.21,0.0,55.75,-27.18,0,0.0,苦手,C
4237,大峯豊,5,4,4,50.0,25.0,25.0,100.0,0.103,0.01,0.17,25.0,47.51,52.49,4,100.0,少数参考,参考
4563,齋藤真之,6,6,6,0.0,0.0,16.67,16.67,0.187,0.13,0.32,0.0,22.5,-5.83,0,0.0,標準,C
3834,細川明人,1,1,7,14.29,57.14,14.29,85.71,0.164,0.06,0.25,28.57,85.37,0.34,0,0.0,標準,C
4173,岡谷健吾,6,6,11,0.0,9.09,9.09,18.18,0.159,0.08,0.22,9.09,22.5,-4.32,0,0.0,標準,B
3054,北川幸典,2,2,6,33.33,33.33,0.0,66.67,0.077,0.01,0.14,50.0,57.15,9.52,0,0.0,得意,C
4563,齋藤真之,3,3,5,0.0,20.0,0.0,20.0,0.144,0.03,0.31,40.0,55.75,-35.75,0,0.0,苦手,C
3553,平池仁志,6,6,3,0.0,0.0,33.33,33.33,0.187,0.16,0.22,0.0,22.5,10.83,0,0.0,少数参考,参考
3866,木山誠一,6,6,7,0.0,0.0,0.0,0.0,0.223,0.14,0.33,0.0,22.5,-22.5,0,0.0,苦手,C
3054,北川幸典,3,3,8,25.0,25.0,12.5,62.5,0.159,0.05,0.3,25.0,55.75,6.75,0,0.0,得意,C
3663,木山和幸,5,5,6,16.67,16.67,16.67,50.0,0.145,0.06,0.28,33.33,35.28,14.72,0,0.0,得意,C
3875,廣中良一,5,5,14,0.0,7.14,0.0,7.14,0.174,0.12,0.33,7.14,35.28,-28.14,0,0.0,苦手,B
3907,村越篤,6,6,8,0.0,0.0,25.0,25.0,0.198,0.1,0.35,0.0,22.5,2.5,0,0.0,標準,C
3866,木山誠一,1,1,3,0.0,33.33,33.33,66.67,0.113,0.05,0.15,66.67,85.37,-18.7,0,0.0,少数参考,参考
3553,平池仁志,1,1,3,33.33,0.0,66.67,100.0,0.177,0.17,0.18,0.0,85.37,14.63,0,0.0,少数参考,参考
3834,細川明人,2,2,7,0.0,0.0,28.57,28.57,0.181,0.08,0.24,14.29,57.15,-28.58,0,0.0,苦手,C
3701,大西隆洋,3,4,3,33.33,0.0,0.0,33.33,0.123,0.09,0.16,100.0,47.51,-14.18,3,100.0,少数参考,参考
3539,金子順一,4,2,3,0.0,33.33,0.0,33.33,0.13,0.05,0.18,0.0,57.15,-23.82,3,100.0,少数参考,参考
3600,玄馬徹,6,6,6,0.0,0.0,0.0,0.0,0.243,0.19,0.33,0.0,22.5,-22.5,0,0.0,苦手,C
3701,大西隆洋,2,2,8,0.0,0.0,62.5,62.5,0.159,0.09,0.21,12.5,57.15,5.35,0,0.0,やや得意,C
3054,北川幸典,5,5,6,0.0,0.0,50.0,50.0,0.18,0.08,0.26,16.67,35.28,14.72,0,0.0,得意,C
3600,玄馬徹,3,3,14,0.0,21.43,21.43,42.86,0.185,0.07,0.28,0.0,55.75,-12.89,0,0.0,苦手,B
3834,細川明人,5,5,9,22.22,0.0,22.22,44.44,0.212,0.12,0.5,11.11,35.28,9.16,0,0.0,得意,C
4563,齋藤真之,1,1,6,66.67,0.0,16.67,83.33,0.168,0.11,0.28,33.33,85.37,-2.04,0,0.0,得意,C
4173,岡谷健吾,2,2,15,6.67,26.67,20.0,53.33,0.166,0.07,0.28,0.0,57.15,-3.82,0,0.0,標準,B
3834,細川明人,4,4,5,20.0,20.0,20.0,60.0,0.146,0.07,0.24,40.0,47.51,12.49,0,0.0,得意,C
4173,岡谷健吾,4,4,10,10.0,30.0,10.0,50.0,0.16,0.08,0.24,10.0,47.51,2.49,0,0.0,標準,B
3701,大西隆洋,4,4,5,0.0,40.0,20.0,60.0,0.13,0.07,0.19,40.0,47.51,12.49,0,0.0,得意,C
3600,玄馬徹,4,4,10,0.0,10.0,0.0,10.0,0.246,0.11,0.48,0.0,47.51,-37.51,0,0.0,苦手,B
3897,白井英治,6,3,11,45.45,27.27,18.18,90.91,0.126,0.04,0.24,36.36,55.75,35.16,11,100.0,得意,B
4145,小澤学,3,3,4,0.0,0.0,50.0,50.0,0.27,0.24,0.31,0.0,55.75,-5.75,0,0.0,少数参考,参考
3256,三角哲男,1,1,10,60.0,20.0,10.0,90.0,0.13,0.07,0.2,60.0,85.37,4.63,0,0.0,得意,B
4120,柘植政浩,4,4,5,20.0,0.0,0.0,20.0,0.158,0.11,0.22,0.0,47.51,-27.51,0,0.0,苦手,C
3273,石田豪,6,5,3,33.33,0.0,33.33,66.67,0.17,0.1,0.21,0.0,35.28,31.39,3,100.0,少数参考,参考
3297,藤丸光一,2,2,8,0.0,25.0,12.5,37.5,0.204,0.12,0.34,0.0,57.15,-19.65,0,0.0,苦手,C
4521,小池公生,4,4,5,0.0,0.0,60.0,60.0,0.192,0.15,0.25,20.0,47.51,12.49,0,0.0,得意,C
4436,渋谷明憲,2,2,4,25.0,25.0,0.0,50.0,0.175,0.15,0.2,25.0,57.15,-7.15,0,0.0,少数参考,参考
4137,君島秀三,3,3,6,33.33,33.33,16.67,83.33,0.157,0.09,0.26,0.0,55.75,27.58,0,0.0,得意,C
3838,伊藤啓三,6,6,7,0.0,28.57,0.0,28.57,0.15,0.11,0.19,42.86,22.5,6.07,0,0.0,やや得意,C
4145,小澤学,5,5,4,0.0,0.0,0.0,0.0,0.27,0.17,0.33,0.0,35.28,-35.28,0,0.0,少数参考,参考
3065,増田弘喜,5,5,3,0.0,0.0,33.33,33.33,0.227,0.16,0.3,0.0,35.28,-1.95,0,0.0,少数参考,参考
4834,浜本裕己,6,6,6,0.0,0.0,0.0,0.0,0.2,0.07,0.41,50.0,22.5,-22.5,0,0.0,苦手,C
3956,横澤剛治,2,2,5,0.0,40.0,40.0,80.0,0.18,0.1,0.3,0.0,57.15,22.85,0,0.0,得意,C
4318,桑原将光,5,5,4,25.0,25.0,25.0,75.0,0.2,0.02,0.32,0.0,35.28,39.72,0,0.0,少数参考,参考
4080,山崎哲司,6,6,6,33.33,16.67,0.0,50.0,0.153,0.04,0.24,50.0,22.5,27.5,0,0.0,得意,C
4422,永井亮次,2,2,3,33.33,66.67,0.0,100.0,0.11,0.08,0.15,33.33,57.15,42.85,0,0.0,少数参考,参考
3273,石田豪,3,3,9,0.0,33.33,22.22,55.56,0.128,0.07,0.22,33.33,55.75,-0.19,0,0.0,標準,C
3838,伊藤啓三,4,4,7,28.57,0.0,28.57,57.14,0.101,0.03,0.17,42.86,47.51,9.63,0,0.0,得意,C
3910,松下知幸,5,5,4,0.0,0.0,0.0,0.0,0.117,0.09,0.13,0.0,35.28,-35.28,0,0.0,少数参考,参考
3297,藤丸光一,1,1,8,37.5,50.0,0.0,87.5,0.174,0.03,0.29,25.0,85.37,2.13,0,0.0,得意,C
4120,柘植政浩,6,6,4,0.0,0.0,25.0,25.0,0.168,0.07,0.28,0.0,22.5,2.5,0,0.0,少数参考,参考
3956,横澤剛治,1,1,8,62.5,37.5,0.0,100.0,0.186,0.08,0.26,0.0,85.37,14.63,0,0.0,得意,C
3256,三角哲男,3,3,10,10.0,50.0,20.0,80.0,0.132,0.05,0.29,20.0,55.75,24.25,0,0.0,得意,B
4137,君島秀三,5,5,4,25.0,25.0,0.0,50.0,0.18,0.13,0.23,0.0,35.28,14.72,0,0.0,少数参考,参考
4036,金田諭,6,6,3,0.0,0.0,66.67,66.67,0.207,0.13,0.26,0.0,22.5,44.17,0,0.0,少数参考,参考
4256,渡辺浩司,1,1,6,66.67,16.67,0.0,83.33,0.125,0.06,0.18,50.0,85.37,-2.04,0,0.0,得意,C
3065,増田弘喜,2,2,6,16.67,16.67,16.67,50.0,0.215,0.12,0.3,0.0,57.15,-7.15,0,0.0,標準,C
4436,渋谷明憲,4,4,8,12.5,37.5,25.0,75.0,0.155,0.08,0.23,12.5,47.51,27.49,0,0.0,得意,C
3256,三角哲男,2,2,6,33.33,0.0,33.33,66.67,0.142,0.09,0.23,50.0,57.15,9.52,0,0.0,得意,C
3838,伊藤啓三,1,1,9,55.56,22.22,0.0,77.78,0.127,0.05,0.31,22.22,85.37,-7.59,0,0.0,得意,C
3297,藤丸光一,5,2,3,33.33,33.33,0.0,66.67,0.18,0.02,0.27,33.33,57.15,9.52,3,100.0,少数参考,参考
3065,増田弘喜,1,1,4,0.0,25.0,0.0,25.0,0.11,0.02,0.15,50.0,85.37,-60.37,0,0.0,少数参考,参考
3956,横澤剛治,3,3,10,20.0,40.0,20.0,80.0,0.152,0.09,0.22,10.0,55.75,24.25,0,0.0,得意,B
3273,石田豪,1,1,5,80.0,20.0,0.0,100.0,0.124,0.03,0.15,20.0,85.37,14.63,0,0.0,得意,C
4036,金田諭,2,2,4,0.0,50.0,0.0,50.0,0.18,0.09,0.22,0.0,57.15,-7.15,0,0.0,少数参考,参考
3910,松下知幸,4,4,3,0.0,0.0,33.33,33.33,0.197,0.13,0.23,0.0,47.51,-14.18,0,0.0,少数参考,参考
4834,浜本裕己,5,6,3,0.0,0.0,33.33,33.33,0.15,0.02,0.24,0.0,22.5,10.83,3,100.0,少数参考,参考
3711,江本真治,6,5,3,0.0,66.67,33.33,100.0,0.18,0.12,0.23,33.33,35.28,64.72,3,100.0,少数参考,参考
4080,山崎哲司,1,1,12,91.67,8.33,0.0,100.0,0.122,0.02,0.2,75.0,85.37,14.63,0,0.0,得意,B
4318,桑原将光,6,6,7,14.29,14.29,28.57,57.14,0.173,0.14,0.2,28.57,22.5,34.64,0,0.0,得意,C
4120,柘植政浩,1,1,7,71.43,14.29,14.29,100.0,0.15,0.01,0.26,42.86,85.37,14.63,0,0.0,得意,C
4436,渋谷明憲,3,3,7,28.57,28.57,14.29,71.43,0.144,0.06,0.2,0.0,55.75,15.68,0,0.0,得意,C
3256,三角哲男,4,4,3,0.0,33.33,66.67,100.0,0.14,0.1,0.19,0.0,47.51,52.49,0,0.0,少数参考,参考
4422,永井亮次,5,5,4,25.0,0.0,0.0,25.0,0.247,0.18,0.31,0.0,35.28,-10.28,0,0.0,少数参考,参考
4137,君島秀三,1,1,12,58.33,25.0,8.33,91.67,0.153,0.03,0.28,33.33,85.37,6.3,0,0.0,得意,B
3668,市川猛,3,3,3,0.0,0.0,0.0,0.0,0.22,0.16,0.31,0.0,55.75,-55.75,0,0.0,少数参考,参考
3956,横澤剛治,5,5,5,40.0,40.0,0.0,80.0,0.156,0.11,0.21,40.0,35.28,44.72,0,0.0,得意,C
4036,金田諭,1,1,6,100.0,0.0,0.0,100.0,0.14,0.07,0.25,16.67,85.37,14.63,0,0.0,得意,C
4145,小澤学,2,2,3,0.0,0.0,33.33,33.33,0.2,0.17,0.22,0.0,57.15,-23.82,0,0.0,少数参考,参考
3297,藤丸光一,3,3,6,0.0,33.33,16.67,50.0,0.173,0.15,0.19,16.67,55.75,-5.75,0,0.0,標準,C
4318,桑原将光,1,1,7,57.14,0.0,42.86,100.0,0.144,0.06,0.24,14.29,85.37,14.63,0,0.0,得意,C
3273,石田豪,2,2,3,0.0,0.0,0.0,0.0,0.177,0.15,0.21,0.0,57.15,-57.15,0,0.0,少数参考,参考
4137,君島秀三,2,2,6,16.67,50.0,0.0,66.67,0.132,0.04,0.25,16.67,57.15,9.52,0,0.0,得意,C
4120,柘植政浩,3,3,5,20.0,0.0,20.0,40.0,0.154,0.08,0.25,40.0,55.75,-15.75,0,0.0,苦手,C
4786,佐藤博亮,6,6,4,25.0,25.0,25.0,75.0,0.203,0.14,0.34,25.0,22.5,52.5,0,0.0,少数参考,参考
4145,小澤学,1,1,3,33.33,33.33,0.0,66.67,0.28,0.19,0.33,0.0,85.37,-18.7,0,0.0,少数参考,参考
3838,伊藤啓三,5,5,3,0.0,33.33,0.0,33.33,0.123,0.11,0.15,33.33,35.28,-1.95,0,0.0,少数参考,参考
3910,松下知幸,1,1,4,25.0,75.0,0.0,100.0,0.087,0.03,0.12,50.0,85.37,14.63,0,0.0,少数参考,参考
3563,堤昇,3,3,3,0.0,0.0,33.33,33.33,0.17,0.09,0.25,0.0,55.75,-22.42,0,0.0,少数参考,参考
4120,柘植政浩,5,5,5,0.0,0.0,20.0,20.0,0.13,0.05,0.21,0.0,35.28,-15.28,0,0.0,苦手,C
4436,渋谷明憲,6,6,5,0.0,0.0,20.0,20.0,0.162,0.07,0.25,20.0,22.5,-2.5,0,0.0,標準,C
4137,君島秀三,4,4,8,12.5,37.5,12.5,62.5,0.175,0.11,0.28,25.0,47.51,14.99,0,0.0,得意,C
4436,渋谷明憲,1,1,7,71.43,28.57,0.0,100.0,0.14,0.08,0.25,14.29,85.37,14.63,0,0.0,得意,C
3910,松下知幸,2,2,6,0.0,16.67,66.67,83.33,0.158,0.13,0.22,0.0,57.15,26.18,0,0.0,得意,C
3838,伊藤啓三,3,3,6,33.33,16.67,33.33,83.33,0.1,0.07,0.13,66.67,55.75,27.58,0,0.0,得意,C
4120,柘植政浩,2,2,3,0.0,0.0,33.33,33.33,0.08,0.01,0.16,33.33,57.15,-23.82,0,0.0,少数参考,参考
4318,桑原将光,3,3,7,0.0,28.57,0.0,28.57,0.137,0.04,0.24,28.57,55.75,-27.18,0,0.0,苦手,C
3668,市川猛,2,2,4,0.0,0.0,25.0,25.0,0.17,0.14,0.19,25.0,57.15,-32.15,0,0.0,少数参考,参考
4145,小澤学,4,4,5,20.0,0.0,20.0,40.0,0.234,0.18,0.29,0.0,47.51,-7.51,0,0.0,標準,C
3273,石田豪,5,5,4,0.0,0.0,0.0,0.0,0.188,0.14,0.23,25.0,35.28,-35.28,0,0.0,少数参考,参考
4786,佐藤博亮,1,1,5,80.0,0.0,20.0,100.0,0.142,0.03,0.22,40.0,85.37,14.63,0,0.0,得意,C
4318,桑原将光,2,2,6,16.67,16.67,16.67,50.0,0.147,0.13,0.17,0.0,57.15,-7.15,0,0.0,標準,C
3838,伊藤啓三,2,2,5,20.0,20.0,0.0,40.0,0.16,0.08,0.28,0.0,57.15,-17.15,0,0.0,苦手,C
4256,渡辺浩司,3,3,3,0.0,33.33,0.0,33.33,0.173,0.14,0.23,66.67,55.75,-22.42,0,0.0,少数参考,参考
4443,津田裕絵,1,1,22,45.45,22.73,18.18,86.36,0.197,0.11,0.34,0.0,85.37,0.99,0,0.0,標準,A
4433,川野芽唯,4,4,14,7.14,28.57,14.29,50.0,0.18,0.06,0.35,14.29,47.51,2.49,0,0.0,標準,B
3551,藤田美代,3,3,6,0.0,50.0,0.0,50.0,0.235,0.1,0.43,0.0,55.75,-5.75,0,0.0,標準,C
4014,片岡恵里,3,3,18,11.11,22.22,27.78,61.11,0.154,0.02,0.29,11.11,55.75,5.36,0,0.0,やや得意,B
4767,米井里実,6,6,3,0.0,0.0,0.0,0.0,0.087,0.05,0.14,33.33,22.5,-22.5,0,0.0,少数参考,参考
3871,池田紫乃,1,1,10,40.0,30.0,10.0,80.0,0.151,0.01,0.27,40.0,85.37,-5.37,0,0.0,得意,B
4548,篠木亜衣花,2,2,3,0.0,33.33,33.33,66.67,0.127,0.04,0.18,0.0,57.15,9.52,0,0.0,少数参考,参考
4783,木村詳子,6,6,4,0.0,25.0,0.0,25.0,0.175,0.08,0.22,25.0,22.5,2.5,0,0.0,少数参考,参考
3693,栢場優子,2,2,9,0.0,33.33,44.44,77.78,0.187,0.08,0.28,11.11,57.15,20.63,0,0.0,得意,C
4387,平山智加,3,3,8,25.0,25.0,0.0,50.0,0.198,0.08,0.34,50.0,55.75,-5.75,0,0.0,標準,C
4443,津田裕絵,4,4,19,0.0,42.11,15.79,57.89,0.176,0.09,0.31,0.0,47.51,10.38,0,0.0,得意,B
4479,矢野真梨菜,5,5,10,10.0,20.0,10.0,40.0,0.166,0.06,0.27,20.0,35.28,4.72,0,0.0,やや得意,B
4347,魚谷香織,1,1,12,58.33,16.67,16.67,91.67,0.151,0.09,0.22,33.33,85.37,6.3,0,0.0,得意,B
3280,垣内清美,3,3,3,33.33,33.33,33.33,100.0,0.22,0.15,0.28,0.0,55.75,44.25,0,0.0,少数参考,参考
4781,西舘果里,6,6,3,0.0,0.0,0.0,0.0,0.187,0.13,0.27,33.33,22.5,-22.5,0,0.0,少数参考,参考
3298,定野久恵,2,2,3,0.0,0.0,33.33,33.33,0.217,0.18,0.28,0.0,57.15,-23.82,0,0.0,少数参考,参考
3999,大瀧明日香,3,3,5,20.0,20.0,40.0,80.0,0.124,0.11,0.13,20.0,55.75,24.25,0,0.0,得意,C
4286,平田さやか,5,4,3,0.0,33.33,66.67,100.0,0.167,0.13,0.21,33.33,47.51,52.49,3,100.0,少数参考,参考
3435,寺田千恵,1,1,8,50.0,37.5,0.0,87.5,0.164,0.1,0.25,37.5,85.37,2.13,0,0.0,得意,C
4433,川野芽唯,6,6,12,0.0,16.67,41.67,58.33,0.176,0.03,0.3,16.67,22.5,35.83,0,0.0,得意,B
3280,垣内清美,1,1,3,100.0,0.0,0.0,100.0,0.187,0.15,0.25,66.67,85.37,14.63,0,0.0,少数参考,参考
4746,大豆生田蒼,2,2,6,0.0,33.33,16.67,50.0,0.178,0.06,0.32,16.67,57.15,-7.15,0,0.0,標準,C
3999,大瀧明日香,1,1,9,66.67,22.22,0.0,88.89,0.161,0.09,0.29,0.0,85.37,3.52,0,0.0,得意,C
4317,木村沙友希,2,2,3,0.0,0.0,0.0,0.0,0.207,0.11,0.26,33.33,57.15,-57.15,0,0.0,少数参考,参考
4479,矢野真梨菜,4,4,11,9.09,9.09,27.27,45.45,0.167,0.07,0.31,9.09,47.51,-2.06,0,0.0,標準,B
4387,平山智加,1,1,11,72.73,9.09,18.18,100.0,0.137,0.06,0.21,36.36,85.37,14.63,0,0.0,得意,B
3435,寺田千恵,2,2,6,16.67,33.33,33.33,83.33,0.143,0.05,0.26,0.0,57.15,26.18,0,0.0,得意,C
4347,魚谷香織,3,3,11,18.18,0.0,27.27,45.45,0.144,0.08,0.18,9.09,55.75,-10.3,0,0.0,苦手,B
3871,池田紫乃,4,4,8,0.0,25.0,37.5,62.5,0.18,0.13,0.24,0.0,47.51,14.99,0,0.0,得意,C
4014,片岡恵里,5,5,20,0.0,5.0,35.0,40.0,0.165,0.07,0.32,20.0,35.28,4.72,0,0.0,やや得意,A
4286,平田さやか,6,6,5,0.0,0.0,20.0,20.0,0.166,0.13,0.19,20.0,22.5,-2.5,0,0.0,標準,C
3802,森岡真希,1,1,3,0.0,100.0,0.0,100.0,0.21,0.09,0.28,0.0,85.37,14.63,0,0.0,少数参考,参考
3317,大山博美,2,2,3,66.67,0.0,33.33,100.0,0.277,0.24,0.34,0.0,57.15,42.85,0,0.0,少数参考,参考
3766,清水久美子,3,3,3,0.0,0.0,0.0,0.0,0.247,0.15,0.31,0.0,55.75,-55.75,0,0.0,少数参考,参考
4244,鈴木成美,4,4,4,25.0,25.0,25.0,75.0,0.145,0.08,0.17,75.0,47.51,27.49,0,0.0,少数参考,参考
3871,池田紫乃,3,3,8,0.0,25.0,12.5,37.5,0.17,0.06,0.28,0.0,55.75,-18.25,0,0.0,苦手,C
4746,大豆生田蒼,4,4,5,20.0,40.0,20.0,80.0,0.142,0.1,0.2,40.0,47.51,32.49,0,0.0,得意,C
3355,橋谷田佳織,2,2,4,25.0,0.0,0.0,25.0,0.297,0.27,0.33,0.0,57.15,-32.15,0,0.0,少数参考,参考
4387,平山智加,2,2,5,40.0,20.0,0.0,60.0,0.17,0.07,0.21,0.0,57.15,2.85,0,0.0,標準,C
3611,岩崎芳美,3,3,9,22.22,44.44,0.0,66.67,0.123,0.04,0.2,33.33,55.75,10.92,0,0.0,得意,C
4804,高田ひかる,4,4,5,0.0,20.0,20.0,40.0,0.246,0.19,0.35,0.0,47.51,-7.51,0,0.0,標準,C
3693,栢場優子,5,5,8,0.0,0.0,0.0,0.0,0.177,0.11,0.23,0.0,35.28,-35.28,0,0.0,苦手,C
4433,川野芽唯,1,1,17,82.35,5.88,5.88,94.12,0.169,0.07,0.31,35.29,85.37,8.75,0,0.0,得意,B
4286,平田さやか,3,3,8,0.0,25.0,62.5,87.5,0.155,0.1,0.21,25.0,55.75,31.75,0,0.0,得意,C
4479,矢野真梨菜,2,2,11,9.09,0.0,0.0,9.09,0.172,0.06,0.29,9.09,57.15,-48.06,0,0.0,苦手,B
3435,寺田千恵,3,3,5,0.0,60.0,20.0,80.0,0.162,0.12,0.22,0.0,55.75,24.25,0,0.0,得意,C
4758,富樫麗加,6,6,3,0.0,33.33,0.0,33.33,0.233,0.05,0.43,0.0,22.5,10.83,0,0.0,少数参考,参考
4014,片岡恵里,2,2,24,8.33,25.0,16.67,50.0,0.163,0.06,0.32,12.5,57.15,-7.15,0,0.0,標準,A
4347,魚谷香織,2,2,7,28.57,28.57,28.57,85.71,0.18,0.12,0.25,0.0,57.15,28.56,0,0.0,得意,C
4443,津田裕絵,3,3,23,4.35,26.09,30.43,60.87,0.17,0.04,0.34,17.39,55.75,5.12,0,0.0,やや得意,A
4804,高田ひかる,5,5,6,0.0,33.33,16.67,50.0,0.182,0.04,0.41,16.67,35.28,14.72,0,0.0,得意,C
4286,平田さやか,1,1,12,33.33,58.33,0.0,91.67,0.156,0.06,0.21,16.67,85.37,6.3,0,0.0,得意,B
4244,鈴木成美,2,2,4,25.0,25.0,0.0,50.0,0.118,0.09,0.14,50.0,57.15,-7.15,0,0.0,少数参考,参考
3693,栢場優子,6,6,3,0.0,0.0,33.33,33.33,0.11,0.08,0.16,33.33,22.5,10.83,0,0.0,少数参考,参考
4014,片岡恵里,1,1,24,66.67,8.33,8.33,83.33,0.177,0.04,0.32,41.67,85.37,-2.04,0,0.0,得意,A
3177,宮本紀美,2,2,3,0.0,0.0,33.33,33.33,0.24,0.15,0.32,0.0,57.15,-23.82,0,0.0,少数参考,参考
3435,寺田千恵,4,4,5,20.0,20.0,0.0,40.0,0.158,0.07,0.27,20.0,47.51,-7.51,0,0.0,標準,C
4746,大豆生田蒼,5,5,4,0.0,25.0,0.0,25.0,0.16,0.08,0.3,25.0,35.28,-10.28,0,0.0,少数参考,参考
3999,大瀧明日香,2,2,4,0.0,25.0,50.0,75.0,0.115,0.08,0.14,25.0,57.15,17.85,0,0.0,少数参考,参考
4433,川野芽唯,3,3,8,25.0,37.5,25.0,87.5,0.165,0.1,0.25,12.5,55.75,31.75,0,0.0,得意,C
4443,津田裕絵,6,6,22,0.0,0.0,18.18,18.18,0.219,0.11,0.34,0.0,22.5,-4.32,0,0.0,標準,A
4783,木村詳子,4,4,4,0.0,0.0,25.0,25.0,0.3,0.26,0.33,0.0,47.51,-22.51,0,0.0,少数参考,参考
4479,矢野真梨菜,3,3,15,13.33,13.33,20.0,46.67,0.197,0.05,0.39,13.33,55.75,-9.08,0,0.0,標準,B
4286,平田さやか,4,4,7,0.0,28.57,28.57,57.14,0.189,0.13,0.26,14.29,47.51,9.63,0,0.0,得意,C
4244,鈴木成美,3,3,7,0.0,42.86,0.0,42.86,0.134,0.06,0.22,28.57,55.75,-12.89,0,0.0,苦手,C
4443,津田裕絵,2,2,18,27.78,33.33,16.67,77.78,0.183,0.06,0.3,0.0,57.15,20.63,0,0.0,得意,B
4014,片岡恵里,4,4,21,9.52,14.29,23.81,47.62,0.147,0.08,0.26,9.52,47.51,0.11,0,0.0,標準,A
3802,森岡真希,3,3,3,33.33,33.33,33.33,100.0,0.16,0.04,0.26,0.0,55.75,44.25,0,0.0,少数参考,参考
3551,藤田美代,2,2,5,0.0,20.0,40.0,60.0,0.184,0.1,0.28,0.0,57.15,2.85,0,0.0,標準,C
3871,池田紫乃,5,5,7,14.29,0.0,28.57,42.86,0.144,0.04,0.23,14.29,35.28,7.58,0,0.0,やや得意,C
4479,矢野真梨菜,6,6,10,0.0,0.0,10.0,10.0,0.206,0.08,0.27,10.0,22.5,-12.5,0,0.0,苦手,B
4282,中西裕子,3,3,3,0.0,0.0,0.0,0.0,0.197,0.12,0.31,0.0,55.75,-55.75,0,0.0,少数参考,参考
4244,鈴木成美,6,6,6,0.0,0.0,0.0,0.0,0.165,0.08,0.26,50.0,22.5,-22.5,0,0.0,苦手,C
4746,大豆生田蒼,1,1,10,50.0,30.0,10.0,90.0,0.159,0.1,0.28,20.0,85.37,4.63,0,0.0,得意,B
3999,大瀧明日香,4,4,5,0.0,20.0,20.0,40.0,0.188,0.11,0.25,0.0,47.51,-7.51,0,0.0,標準,C
4244,鈴木成美,1,1,7,85.71,14.29,0.0,100.0,0.116,0.07,0.23,57.14,85.37,14.63,0,0.0,得意,C
4804,高田ひかる,6,6,7,14.29,28.57,0.0,42.86,0.136,0.01,0.29,28.57,22.5,20.36,0,0.0,得意,C
4387,平山智加,4,4,6,33.33,0.0,33.33,66.67,0.152,0.07,0.31,16.67,47.51,19.16,0,0.0,得意,C
4479,矢野真梨菜,1,1,10,50.0,10.0,0.0,60.0,0.159,0.07,0.27,30.0,85.37,-25.37,0,0.0,苦手,B
3611,岩崎芳美,2,2,7,28.57,42.86,14.29,85.71,0.161,0.13,0.23,28.57,57.15,28.56,0,0.0,得意,C
3999,大瀧明日香,5,5,3,0.0,66.67,0.0,66.67,0.14,0.13,0.15,0.0,35.28,31.39,0,0.0,少数参考,参考
4746,大豆生田蒼,3,3,10,10.0,10.0,30.0,50.0,0.243,0.14,0.44,0.0,55.75,-5.75,0,0.0,標準,B
4433,川野芽唯,2,2,10,30.0,20.0,40.0,90.0,0.19,0.11,0.32,0.0,57.15,32.85,0,0.0,得意,B
3693,栢場優子,4,4,3,0.0,0.0,0.0,0.0,0.2,0.13,0.25,33.33,47.51,-47.51,0,0.0,少数参考,参考
4244,鈴木成美,5,5,7,0.0,0.0,0.0,0.0,0.14,0.04,0.2,14.29,35.28,-35.28,0,0.0,苦手,C
3551,藤田美代,5,5,3,0.0,0.0,0.0,0.0,0.187,0.14,0.28,0.0,35.28,-35.28,0,0.0,少数参考,参考
4746,大豆生田蒼,6,6,4,0.0,0.0,0.0,0.0,0.105,0.03,0.16,50.0,22.5,-22.5,0,0.0,少数参考,参考
3693,栢場優子,3,3,7,14.29,14.29,14.29,42.86,0.124,0.04,0.22,14.29,55.75,-12.89,0,0.0,苦手,C
3776,横井健太,4,4,4,25.0,25.0,0.0,50.0,0.16,0.08,0.23,25.0,47.51,2.49,0,0.0,少数参考,参考
4753,森照夫,6,6,10,10.0,0.0,0.0,10.0,0.209,0.08,0.33,20.0,22.5,-12.5,0,0.0,苦手,B
3714,梶原正,1,1,5,60.0,0.0,0.0,60.0,0.188,0.14,0.23,0.0,85.37,-25.37,0,0.0,苦手,C
3863,海老澤泰行,3,3,6,0.0,16.67,0.0,16.67,0.15,0.11,0.21,0.0,55.75,-39.08,0,0.0,苦手,C
4529,嶋義信,4,5,4,25.0,0.0,50.0,75.0,0.147,0.09,0.19,25.0,35.28,39.72,4,100.0,少数参考,参考
4361,柳生泰二,6,4,4,50.0,0.0,50.0,100.0,0.125,0.07,0.17,50.0,47.51,52.49,4,100.0,少数参考,参考
4273,佐藤旭,4,4,4,25.0,25.0,0.0,50.0,0.163,0.11,0.19,0.0,47.51,2.49,0,0.0,少数参考,参考
4503,上野真之介,5,5,5,0.0,0.0,40.0,40.0,0.11,0.04,0.16,60.0,35.28,4.72,0,0.0,やや得意,C
3889,須藤隆雄,3,3,3,0.0,33.33,0.0,33.33,0.11,0.04,0.15,66.67,55.75,-22.42,0,0.0,少数参考,参考
3793,高橋真吾,5,5,3,0.0,33.33,33.33,66.67,0.193,0.09,0.25,33.33,35.28,31.39,0,0.0,少数参考,参考
3776,横井健太,2,2,5,0.0,0.0,20.0,20.0,0.164,0.12,0.22,0.0,57.15,-37.15,0,0.0,苦手,C
4427,秦英悟,3,3,3,33.33,33.33,33.33,100.0,0.117,0.08,0.15,0.0,55.75,44.25,0,0.0,少数参考,参考
4529,嶋義信,5,5,5,0.0,20.0,40.0,60.0,0.134,0.11,0.17,20.0,35.28,24.72,0,0.0,得意,C
4750,井上尚悟,6,6,6,0.0,0.0,16.67,16.67,0.227,0.13,0.33,0.0,22.5,-5.83,0,0.0,標準,C
3454,井川大作,4,4,4,0.0,0.0,25.0,25.0,0.138,0.1,0.2,25.0,47.51,-22.51,0,0.0,少数参考,参考
4325,新出浩司,4,4,3,0.0,0.0,33.33,33.33,0.09,0.05,0.17,66.67,47.51,-14.18,0,0.0,少数参考,参考
3889,須藤隆雄,5,5,5,0.0,0.0,20.0,20.0,0.174,0.09,0.28,0.0,35.28,-15.28,0,0.0,苦手,C
3790,佐口達也,5,6,4,0.0,0.0,25.0,25.0,0.088,0.03,0.14,25.0,22.5,2.5,4,100.0,少数参考,参考
4427,秦英悟,5,5,3,33.33,0.0,33.33,66.67,0.143,0.08,0.19,0.0,35.28,31.39,0,0.0,少数参考,参考
3257,田頭実,1,1,10,80.0,10.0,0.0,90.0,0.11,0.0,0.33,70.0,85.37,4.63,0,0.0,得意,B
3085,川名稔,3,3,3,0.0,0.0,33.33,33.33,0.223,0.12,0.33,0.0,55.75,-22.42,0,0.0,少数参考,参考
3714,梶原正,4,4,5,0.0,0.0,20.0,20.0,0.16,0.12,0.19,0.0,47.51,-27.51,0,0.0,苦手,C
4753,森照夫,5,5,9,0.0,0.0,22.22,22.22,0.206,0.08,0.39,22.22,35.28,-13.06,0,0.0,苦手,C
4273,佐藤旭,2,2,8,25.0,12.5,25.0,62.5,0.181,0.13,0.24,12.5,57.15,5.35,0,0.0,やや得意,C
3776,横井健太,6,6,4,0.0,25.0,0.0,25.0,0.19,0.13,0.29,0.0,22.5,2.5,0,0.0,少数参考,参考
3863,海老澤泰行,6,6,6,0.0,0.0,0.0,0.0,0.173,0.11,0.23,0.0,22.5,-22.5,0,0.0,苦手,C
4529,嶋義信,2,2,6,0.0,33.33,33.33,66.67,0.123,0.01,0.21,33.33,57.15,9.52,0,0.0,得意,C
3793,高橋真吾,3,3,4,0.0,25.0,25.0,50.0,0.13,0.11,0.17,50.0,55.75,-5.75,0,0.0,少数参考,参考
3714,梶原正,2,2,5,0.0,40.0,20.0,60.0,0.144,0.06,0.23,0.0,57.15,2.85,0,0.0,標準,C
3600,玄馬徹,1,1,9,33.33,33.33,0.0,66.67,0.133,0.04,0.28,11.11,85.37,-18.7,0,0.0,得意,C
4427,秦英悟,1,1,3,66.67,33.33,0.0,100.0,0.153,0.11,0.19,100.0,85.37,14.63,0,0.0,少数参考,参考
4273,佐藤旭,3,3,4,25.0,75.0,0.0,100.0,0.165,0.1,0.27,25.0,55.75,44.25,0,0.0,少数参考,参考
3863,海老澤泰行,4,4,6,0.0,0.0,0.0,0.0,0.168,0.12,0.23,0.0,47.51,-47.51,0,0.0,苦手,C
3889,須藤隆雄,2,2,4,0.0,50.0,0.0,50.0,0.177,0.09,0.31,50.0,57.15,-7.15,0,0.0,少数参考,参考
3776,横井健太,1,1,3,33.33,0.0,33.33,66.67,0.213,0.18,0.24,33.33,85.37,-18.7,0,0.0,少数参考,参考
3863,海老澤泰行,2,2,5,0.0,20.0,20.0,40.0,0.16,0.08,0.24,20.0,57.15,-17.15,0,0.0,苦手,C
3790,佐口達也,4,4,8,0.0,12.5,12.5,25.0,0.161,0.09,0.32,12.5,47.51,-22.51,0,0.0,苦手,C
3454,井川大作,1,1,5,40.0,40.0,0.0,80.0,0.212,0.12,0.31,20.0,85.37,-5.37,0,0.0,標準,C
4750,井上尚悟,5,6,3,0.0,33.33,0.0,33.33,0.23,0.11,0.4,33.33,22.5,10.83,3,100.0,少数参考,参考
3600,玄馬徹,6,5,3,0.0,33.33,0.0,33.33,0.27,0.18,0.41,0.0,35.28,-1.95,3,100.0,少数参考,参考
3776,横井健太,3,3,4,0.0,0.0,50.0,50.0,0.185,0.12,0.23,0.0,55.75,-5.75,0,0.0,少数参考,参考
3714,梶原正,6,6,5,0.0,0.0,20.0,20.0,0.192,0.14,0.26,0.0,22.5,-2.5,0,0.0,標準,C
3257,田頭実,2,2,7,28.57,28.57,14.29,71.43,0.114,0.07,0.17,42.86,57.15,14.28,0,0.0,得意,C
4325,新出浩司,6,6,3,0.0,0.0,0.0,0.0,0.223,0.11,0.28,0.0,22.5,-22.5,0,0.0,少数参考,参考
3863,海老澤泰行,1,1,7,42.86,57.14,0.0,100.0,0.129,0.04,0.23,42.86,85.37,14.63,0,0.0,得意,C
4529,嶋義信,6,6,12,0.0,0.0,33.33,33.33,0.165,0.11,0.27,8.33,22.5,10.83,0,0.0,得意,B
3454,井川大作,3,3,5,0.0,20.0,0.0,20.0,0.204,0.17,0.32,20.0,55.75,-35.75,0,0.0,苦手,C
4064,原田篤志,5,4,4,0.0,25.0,0.0,25.0,0.172,0.09,0.22,0.0,47.51,-22.51,4,100.0,少数参考,参考
4529,嶋義信,4,4,8,0.0,25.0,37.5,62.5,0.141,0.07,0.19,25.0,47.51,14.99,0,0.0,得意,C
3889,須藤隆雄,1,1,4,25.0,50.0,0.0,75.0,0.145,0.09,0.22,25.0,85.37,-10.37,0,0.0,少数参考,参考
3454,井川大作,2,2,7,0.0,0.0,42.86,42.86,0.163,0.07,0.23,14.29,57.15,-14.29,0,0.0,苦手,C
4427,秦英悟,2,2,3,33.33,0.0,33.33,66.67,0.143,0.1,0.19,33.33,57.15,9.52,0,0.0,少数参考,参考
4273,佐藤旭,1,1,4,75.0,25.0,0.0,100.0,0.165,0.13,0.21,0.0,85.37,14.63,0,0.0,少数参考,参考
4020,川上清人,3,3,12,0.0,8.33,58.33,66.67,0.172,0.09,0.26,8.33,55.75,10.92,0,0.0,得意,B
3454,井川大作,6,6,4,0.0,0.0,50.0,50.0,0.198,0.15,0.29,0.0,22.5,27.5,0,0.0,少数参考,参考
3714,梶原正,3,3,5,20.0,0.0,20.0,40.0,0.164,0.1,0.22,20.0,55.75,-15.75,0,0.0,苦手,C
3793,高橋真吾,4,4,3,33.33,33.33,0.0,66.67,0.107,0.06,0.15,66.67,47.51,19.16,0,0.0,少数参考,参考
4529,嶋義信,3,3,9,22.22,11.11,44.44,77.78,0.093,0.04,0.13,55.56,55.75,22.03,0,0.0,得意,C
3793,高橋真吾,2,2,4,0.0,25.0,50.0,75.0,0.198,0.13,0.38,50.0,57.15,17.85,0,0.0,少数参考,参考
4529,嶋義信,1,1,12,83.33,8.33,0.0,91.67,0.136,0.06,0.27,41.67,85.37,6.3,0,0.0,得意,B
3589,西村勝,5,5,7,14.29,14.29,14.29,42.86,0.146,0.11,0.18,14.29,35.28,7.58,0,0.0,やや得意,C
4273,佐藤旭,6,6,3,0.0,0.0,0.0,0.0,0.113,0.09,0.14,0.0,22.5,-22.5,0,0.0,少数参考,参考
4064,原田篤志,2,3,3,0.0,0.0,33.33,33.33,0.133,0.08,0.16,0.0,55.75,-22.42,3,100.0,少数参考,参考
4543,重木輝彦,2,2,8,12.5,25.0,25.0,62.5,0.19,0.12,0.27,0.0,57.15,5.35,0,0.0,やや得意,C
4631,新井英孝,2,2,8,12.5,12.5,12.5,37.5,0.152,0.03,0.33,37.5,57.15,-19.65,0,0.0,苦手,C
3920,正木聖賢,3,3,10,20.0,10.0,0.0,30.0,0.239,0.14,0.66,10.0,55.75,-25.75,0,0.0,苦手,B
3286,坂東満,4,4,4,0.0,0.0,0.0,0.0,0.17,0.08,0.32,0.0,47.51,-47.51,0,0.0,少数参考,参考
4097,貫地谷直人,5,5,7,0.0,0.0,28.57,28.57,0.16,0.09,0.25,0.0,35.28,-6.71,0,0.0,標準,C
4000,松本博昭,6,6,6,0.0,33.33,16.67,50.0,0.15,0.09,0.21,16.67,22.5,27.5,0,0.0,得意,C
3574,大神康司,1,1,24,62.5,29.17,0.0,91.67,0.149,0.01,0.31,20.83,85.37,6.3,0,0.0,得意,A
3212,亀本勇樹,2,2,8,0.0,50.0,0.0,50.0,0.156,0.06,0.33,0.0,57.15,-7.15,0,0.0,標準,C
4305,金子拓矢,4,4,5,0.0,40.0,0.0,40.0,0.222,0.09,0.38,0.0,47.51,-7.51,0,0.0,標準,C
4535,北山康介,6,6,4,25.0,25.0,25.0,75.0,0.16,0.08,0.27,50.0,22.5,52.5,0,0.0,少数参考,参考
4444,桐生順平,1,1,7,71.43,14.29,14.29,100.0,0.157,0.11,0.22,14.29,85.37,14.63,0,0.0,得意,C
4010,越智照浩,2,2,5,0.0,20.0,0.0,20.0,0.142,0.03,0.19,0.0,57.15,-37.15,0,0.0,苦手,C
4771,下寺秀和,5,5,8,0.0,12.5,37.5,50.0,0.139,0.1,0.18,12.5,35.28,14.72,0,0.0,得意,C
4631,新井英孝,4,4,5,20.0,40.0,20.0,80.0,0.112,0.03,0.17,60.0,47.51,32.49,0,0.0,得意,C
4129,宇野博之,5,5,5,0.0,20.0,0.0,20.0,0.212,0.13,0.26,0.0,35.28,-15.28,0,0.0,苦手,C
4097,貫地谷直人,6,6,7,0.0,0.0,0.0,0.0,0.16,0.11,0.24,0.0,22.5,-22.5,0,0.0,苦手,C
3973,崎利仁,4,4,5,0.0,0.0,20.0,20.0,0.206,0.12,0.3,20.0,47.51,-27.51,0,0.0,苦手,C
4272,大場広孝,5,5,6,0.0,0.0,0.0,0.0,0.188,0.07,0.25,16.67,35.28,-35.28,0,0.0,苦手,C
4305,金子拓矢,1,1,5,100.0,0.0,0.0,100.0,0.088,0.06,0.12,80.0,85.37,14.63,0,0.0,得意,C
3286,坂東満,2,2,6,0.0,16.67,33.33,50.0,0.207,0.09,0.32,16.67,57.15,-7.15,0,0.0,標準,C
3448,高山秀雄,1,1,5,20.0,0.0,40.0,60.0,0.156,0.1,0.24,20.0,85.37,-25.37,0,0.0,苦手,C
3574,大神康司,2,2,16,6.25,31.25,25.0,62.5,0.182,0.08,0.32,18.75,57.15,5.35,0,0.0,やや得意,B
4444,桐生順平,4,4,4,0.0,50.0,0.0,50.0,0.143,0.11,0.18,25.0,47.51,2.49,0,0.0,少数参考,参考
4010,越智照浩,3,3,9,11.11,11.11,33.33,55.56,0.173,0.13,0.23,11.11,55.75,-0.19,0,0.0,標準,C
4272,大場広孝,6,6,4,25.0,25.0,0.0,50.0,0.152,0.08,0.21,25.0,22.5,27.5,0,0.0,少数参考,参考
4097,貫地谷直人,2,2,8,0.0,12.5,25.0,37.5,0.244,0.11,0.37,12.5,57.15,-19.65,0,0.0,苦手,C
4631,新井英孝,6,6,5,20.0,0.0,0.0,20.0,0.198,0.11,0.26,20.0,22.5,-2.5,0,0.0,標準,C
4771,下寺秀和,2,2,8,12.5,25.0,0.0,37.5,0.182,0.09,0.31,37.5,57.15,-19.65,0,0.0,苦手,C
4129,宇野博之,1,1,5,0.0,40.0,0.0,40.0,0.204,0.17,0.26,0.0,85.37,-45.37,0,0.0,苦手,C
3286,坂東満,5,5,6,0.0,0.0,16.67,16.67,0.16,0.07,0.29,16.67,35.28,-18.61,0,0.0,苦手,C
4272,大場広孝,3,3,6,0.0,0.0,83.33,83.33,0.133,0.08,0.16,0.0,55.75,27.58,0,0.0,得意,C
3920,正木聖賢,4,4,4,0.0,25.0,25.0,50.0,0.125,0.11,0.14,50.0,47.51,2.49,0,0.0,少数参考,参考
4543,重木輝彦,5,5,6,16.67,16.67,0.0,33.33,0.2,0.09,0.37,16.67,35.28,-1.95,0,0.0,標準,C
4010,越智照浩,1,1,3,0.0,0.0,0.0,0.0,0.143,0.12,0.18,33.33,85.37,-85.37,0,0.0,少数参考,参考
3574,大神康司,5,3,4,0.0,50.0,0.0,50.0,0.152,0.1,0.21,50.0,55.75,-5.75,4,100.0,少数参考,参考
4535,北山康介,1,1,6,83.33,0.0,16.67,100.0,0.118,0.09,0.16,66.67,85.37,14.63,0,0.0,得意,C
3973,崎利仁,2,2,4,0.0,25.0,0.0,25.0,0.268,0.19,0.39,0.0,57.15,-32.15,0,0.0,少数参考,参考
4868,松本峻,6,6,5,0.0,0.0,0.0,0.0,0.146,0.07,0.25,40.0,22.5,-22.5,0,0.0,苦手,C
4771,下寺秀和,3,3,7,0.0,14.29,42.86,57.14,0.153,0.08,0.23,42.86,55.75,1.39,0,0.0,標準,C
4129,宇野博之,4,4,3,0.0,33.33,0.0,33.33,0.13,0.03,0.26,33.33,47.51,-14.18,0,0.0,少数参考,参考
4305,金子拓矢,6,6,4,0.0,0.0,25.0,25.0,0.182,0.12,0.24,0.0,22.5,2.5,0,0.0,少数参考,参考
4199,北川潤二,1,1,5,80.0,0.0,20.0,100.0,0.148,0.1,0.18,20.0,85.37,14.63,0,0.0,得意,C
4444,桐生順平,2,2,4,0.0,25.0,25.0,50.0,0.17,0.09,0.32,0.0,57.15,-7.15,0,0.0,少数参考,参考
3973,崎利仁,1,1,4,25.0,25.0,25.0,75.0,0.15,0.12,0.21,25.0,85.37,-10.37,0,0.0,少数参考,参考
3286,坂東満,6,6,3,0.0,0.0,0.0,0.0,0.207,0.15,0.32,33.33,22.5,-22.5,0,0.0,少数参考,参考
3920,正木聖賢,1,1,9,66.67,0.0,33.33,100.0,0.172,0.07,0.3,0.0,85.37,14.63,0,0.0,得意,C
3574,大神康司,3,3,15,13.33,20.0,26.67,60.0,0.172,0.09,0.33,6.67,55.75,4.25,0,0.0,やや得意,B
3680,森林太,6,6,10,0.0,10.0,10.0,20.0,0.262,0.16,0.41,0.0,22.5,-2.5,0,0.0,標準,B
4097,貫地谷直人,4,4,13,0.0,7.69,23.08,30.77,0.219,0.13,0.39,0.0,47.51,-16.74,0,0.0,苦手,B
4543,重木輝彦,3,3,9,0.0,22.22,22.22,44.44,0.17,0.05,0.28,0.0,55.75,-11.31,0,0.0,苦手,C
4010,越智照浩,5,5,5,0.0,0.0,0.0,0.0,0.166,0.12,0.25,0.0,35.28,-35.28,0,0.0,苦手,C
3212,亀本勇樹,3,3,6,0.0,16.67,0.0,16.67,0.175,0.07,0.25,0.0,55.75,-39.08,0,0.0,苦手,C
3973,崎利仁,5,5,4,0.0,0.0,0.0,0.0,0.213,0.15,0.28,0.0,35.28,-35.28,0,0.0,少数参考,参考
4272,大場広孝,4,4,6,16.67,16.67,0.0,33.33,0.172,0.11,0.28,33.33,47.51,-14.18,0,0.0,苦手,C
4631,新井英孝,3,3,6,33.33,0.0,0.0,33.33,0.153,0.09,0.21,16.67,55.75,-22.42,0,0.0,苦手,C
3920,正木聖賢,2,2,9,11.11,11.11,22.22,44.44,0.208,0.08,0.37,0.0,57.15,-12.71,0,0.0,苦手,C
4535,北山康介,4,4,5,40.0,20.0,20.0,80.0,0.15,0.09,0.28,20.0,47.51,32.49,0,0.0,得意,C
3286,坂東満,1,1,4,25.0,50.0,25.0,100.0,0.158,0.11,0.25,50.0,85.37,14.63,0,0.0,少数参考,参考
4305,金子拓矢,2,2,5,20.0,20.0,20.0,60.0,0.126,0.06,0.21,20.0,57.15,2.85,0,0.0,標準,C
4097,貫地谷直人,3,3,11,9.09,18.18,27.27,54.55,0.172,0.08,0.26,0.0,55.75,-1.2,0,0.0,標準,B
3448,高山秀雄,4,4,4,0.0,25.0,25.0,50.0,0.19,0.12,0.23,0.0,47.51,2.49,0,0.0,少数参考,参考
4010,越智照浩,6,6,5,0.0,0.0,0.0,0.0,0.212,0.18,0.25,0.0,22.5,-22.5,0,0.0,苦手,C
3212,亀本勇樹,6,2,5,20.0,0.0,0.0,20.0,0.202,0.12,0.3,20.0,57.15,-37.15,5,100.0,苦手,C
3973,崎利仁,6,6,5,0.0,0.0,0.0,0.0,0.184,0.13,0.27,0.0,22.5,-22.5,0,0.0,苦手,C
4631,新井英孝,5,5,7,0.0,0.0,14.29,14.29,0.09,0.02,0.14,85.71,35.28,-20.99,0,0.0,苦手,C
4543,重木輝彦,6,6,5,0.0,20.0,60.0,80.0,0.168,0.05,0.27,40.0,22.5,57.5,0,0.0,得意,C
3448,高山秀雄,2,2,10,10.0,0.0,30.0,40.0,0.142,0.07,0.25,20.0,57.15,-17.15,0,0.0,苦手,B
4535,北山康介,3,3,3,0.0,33.33,33.33,66.67,0.223,0.15,0.26,0.0,55.75,10.92,0,0.0,少数参考,参考
4129,宇野博之,2,2,5,0.0,60.0,0.0,60.0,0.124,0.04,0.18,40.0,57.15,2.85,0,0.0,標準,C
4097,貫地谷直人,1,1,5,0.0,40.0,0.0,40.0,0.21,0.08,0.31,20.0,85.37,-45.37,0,0.0,苦手,C
4154,森安弘雅,2,2,9,22.22,22.22,22.22,66.67,0.146,0.07,0.25,11.11,57.15,9.52,0,0.0,得意,C
4199,北川潤二,4,4,5,0.0,0.0,0.0,0.0,0.128,0.07,0.15,20.0,47.51,-47.51,0,0.0,苦手,C
3574,大神康司,4,4,3,0.0,33.33,0.0,33.33,0.187,0.09,0.26,66.67,47.51,-14.18,0,0.0,少数参考,参考
4631,新井英孝,1,1,5,60.0,40.0,0.0,100.0,0.1,0.04,0.19,100.0,85.37,14.63,0,0.0,得意,C
3286,坂東満,3,3,3,0.0,66.67,0.0,66.67,0.163,0.11,0.25,66.67,55.75,10.92,0,0.0,少数参考,参考
4771,下寺秀和,6,6,7,0.0,0.0,42.86,42.86,0.16,0.09,0.27,28.57,22.5,20.36,0,0.0,得意,C
4305,金子拓矢,3,3,3,33.33,66.67,0.0,100.0,0.1,0.08,0.13,33.33,55.75,44.25,0,0.0,少数参考,参考
4154,森安弘雅,6,6,6,0.0,0.0,0.0,0.0,0.147,0.08,0.24,0.0,22.5,-22.5,0,0.0,苦手,C
4129,宇野博之,3,3,4,0.0,50.0,25.0,75.0,0.19,0.12,0.29,0.0,55.75,19.25,0,0.0,少数参考,参考
4543,重木輝彦,1,1,11,81.82,9.09,0.0,90.91,0.185,0.07,0.33,18.18,85.37,5.54,0,0.0,やや得意,B
4272,大場広孝,1,1,4,25.0,75.0,0.0,100.0,0.138,0.07,0.25,75.0,85.37,14.63,0,0.0,少数参考,参考
4771,下寺秀和,1,1,10,70.0,20.0,0.0,90.0,0.155,0.11,0.21,20.0,85.37,4.63,0,0.0,得意,B
4272,大場広孝,2,2,5,20.0,40.0,40.0,100.0,0.174,0.08,0.28,0.0,57.15,42.85,0,0.0,得意,C
3448,高山秀雄,6,6,3,0.0,0.0,66.67,66.67,0.187,0.15,0.22,33.33,22.5,44.17,0,0.0,少数参考,参考
4238,毒島誠,1,1,4,100.0,0.0,0.0,100.0,0.168,0.05,0.27,0.0,85.37,14.63,0,0.0,少数参考,参考
4216,星栄爾,4,4,3,0.0,0.0,33.33,33.33,0.227,0.16,0.3,0.0,47.51,-14.18,0,0.0,少数参考,参考
3959,坪井康晴,2,2,3,33.33,33.33,33.33,100.0,0.19,0.15,0.24,0.0,57.15,42.85,0,0.0,少数参考,参考
4604,岩瀬裕亮,5,5,3,0.0,66.67,33.33,100.0,0.107,0.06,0.16,33.33,35.28,64.72,0,0.0,少数参考,参考
4391,松田祐季,6,6,4,0.0,0.0,50.0,50.0,0.135,0.06,0.17,25.0,22.5,27.5,0,0.0,少数参考,参考
4254,川島圭司,2,2,7,14.29,0.0,42.86,57.14,0.179,0.11,0.25,28.57,57.15,-0.01,0,0.0,標準,C
3941,池田浩二,3,3,3,0.0,66.67,0.0,66.67,0.157,0.11,0.19,33.33,55.75,10.92,0,0.0,少数参考,参考
4108,吉村正明,4,4,13,7.69,23.08,7.69,38.46,0.125,0.05,0.2,46.15,47.51,-9.05,0,0.0,標準,B
4685,島村隆幸,5,5,4,25.0,0.0,25.0,50.0,0.165,0.11,0.22,0.0,35.28,14.72,0,0.0,少数参考,参考
4266,長田頼宗,6,6,3,0.0,0.0,0.0,0.0,0.187,0.15,0.24,0.0,22.5,-22.5,0,0.0,少数参考,参考
3623,深川真二,6,2,9,55.56,0.0,11.11,66.67,0.156,0.09,0.29,33.33,57.15,9.52,9,100.0,得意,C
3436,柏野幸二,2,2,9,0.0,22.22,22.22,44.44,0.109,0.04,0.22,22.22,57.15,-12.71,0,0.0,苦手,C
4230,濱崎直矢,2,2,5,0.0,0.0,40.0,40.0,0.17,0.13,0.23,40.0,57.15,-17.15,0,0.0,苦手,C
4391,松田祐季,3,3,7,0.0,71.43,0.0,71.43,0.131,0.07,0.24,28.57,55.75,15.68,0,0.0,得意,C
4238,毒島誠,4,4,4,25.0,0.0,0.0,25.0,0.138,0.08,0.23,25.0,47.51,-22.51,0,0.0,少数参考,参考
4352,下條雄太郎,6,6,5,20.0,20.0,20.0,60.0,0.14,0.07,0.21,60.0,22.5,37.5,0,0.0,得意,C
3960,菊地孝平,1,1,5,80.0,20.0,0.0,100.0,0.1,0.06,0.16,80.0,85.37,14.63,0,0.0,得意,C
3635,石田政吾,5,5,7,14.29,0.0,28.57,42.86,0.196,0.08,0.31,14.29,35.28,7.58,0,0.0,やや得意,C
4063,市橋卓士,6,6,4,0.0,25.0,0.0,25.0,0.158,0.11,0.21,25.0,22.5,2.5,0,0.0,少数参考,参考
4166,吉田拡郎,3,3,6,0.0,16.67,66.67,83.33,0.148,0.09,0.19,16.67,55.75,27.58,0,0.0,得意,C
3959,坪井康晴,1,1,7,100.0,0.0,0.0,100.0,0.131,0.08,0.21,0.0,85.37,14.63,0,0.0,得意,C
3499,市川哲也,2,2,10,0.0,20.0,30.0,50.0,0.135,0.06,0.22,0.0,57.15,-7.15,0,0.0,標準,B
3783,瓜生正義,3,3,3,0.0,66.67,0.0,66.67,0.133,0.11,0.17,33.33,55.75,10.92,0,0.0,少数参考,参考
3572,安田政彦,4,4,3,0.0,33.33,66.67,100.0,0.37,0.25,0.53,0.0,47.51,52.49,0,0.0,少数参考,参考
4108,吉村正明,6,6,9,0.0,22.22,33.33,55.56,0.168,0.1,0.31,44.44,22.5,33.06,0,0.0,得意,C
4344,新田雄史,1,1,13,76.92,15.38,0.0,92.31,0.135,0.02,0.26,23.08,85.37,6.94,0,0.0,得意,B
3941,池田浩二,2,2,3,33.33,33.33,0.0,66.67,0.143,0.11,0.19,0.0,57.15,9.52,0,0.0,少数参考,参考
3731,高濱芳久,6,6,4,0.0,25.0,0.0,25.0,0.195,0.17,0.26,0.0,22.5,2.5,0,0.0,少数参考,参考
4254,川島圭司,3,3,5,0.0,20.0,40.0,60.0,0.176,0.09,0.3,20.0,55.75,4.25,0,0.0,やや得意,C
3590,濱野谷憲吾,2,2,3,33.33,0.0,33.33,66.67,0.17,0.11,0.23,33.33,57.15,9.52,0,0.0,少数参考,参考
3960,菊地孝平,4,4,4,0.0,50.0,25.0,75.0,0.113,0.04,0.23,75.0,47.51,27.49,0,0.0,少数参考,参考
4030,森高一真,5,5,7,0.0,14.29,0.0,14.29,0.15,0.04,0.32,0.0,35.28,-20.99,0,0.0,苦手,C
3572,安田政彦,5,5,3,0.0,0.0,33.33,33.33,0.193,0.05,0.31,0.0,35.28,-1.95,0,0.0,少数参考,参考
4230,濱崎直矢,6,6,6,0.0,33.33,33.33,66.67,0.21,0.12,0.29,0.0,22.5,44.17,0,0.0,得意,C
3783,瓜生正義,2,2,3,0.0,33.33,33.33,66.67,0.103,0.08,0.14,33.33,57.15,9.52,0,0.0,少数参考,参考
4685,島村隆幸,3,3,5,0.0,0.0,40.0,40.0,0.174,0.08,0.39,0.0,55.75,-15.75,0,0.0,苦手,C
4108,吉村正明,1,1,18,83.33,5.56,5.56,94.44,0.129,0.03,0.28,44.44,85.37,9.07,0,0.0,得意,B
3960,菊地孝平,2,2,7,14.29,14.29,14.29,42.86,0.103,0.05,0.19,14.29,57.15,-14.29,0,0.0,苦手,C
3959,坪井康晴,3,3,4,25.0,50.0,0.0,75.0,0.122,0.06,0.17,50.0,55.75,19.25,0,0.0,少数参考,参考
4460,後藤翔之,4,4,3,0.0,33.33,33.33,66.67,0.15,0.08,0.23,33.33,47.51,19.16,0,0.0,少数参考,参考
4266,長田頼宗,5,5,3,0.0,33.33,0.0,33.33,0.243,0.18,0.3,0.0,35.28,-1.95,0,0.0,少数参考,参考
4063,市橋卓士,1,1,4,50.0,25.0,0.0,75.0,0.185,0.08,0.31,0.0,85.37,-10.37,0,0.0,少数参考,参考
3572,安田政彦,6,6,4,0.0,0.0,0.0,0.0,0.25,0.15,0.39,0.0,22.5,-22.5,0,0.0,少数参考,参考
3499,市川哲也,5,5,9,0.0,11.11,0.0,11.11,0.121,0.08,0.16,0.0,35.28,-24.17,0,0.0,苦手,C
3941,池田浩二,5,5,4,0.0,25.0,50.0,75.0,0.152,0.12,0.18,25.0,35.28,39.72,0,0.0,少数参考,参考
3635,石田政吾,3,3,7,0.0,57.14,28.57,85.71,0.169,0.09,0.3,0.0,55.75,29.96,0,0.0,得意,C
4230,濱崎直矢,4,4,3,0.0,33.33,33.33,66.67,0.223,0.1,0.34,33.33,47.51,19.16,0,0.0,少数参考,参考
3946,赤岩善生,4,4,4,0.0,0.0,0.0,0.0,0.17,0.11,0.22,0.0,47.51,-47.51,0,0.0,少数参考,参考
4254,川島圭司,5,5,3,33.33,0.0,0.0,33.33,0.09,0.07,0.12,33.33,35.28,-1.95,0,0.0,少数参考,参考
4460,後藤翔之,6,6,5,0.0,20.0,20.0,40.0,0.152,0.13,0.18,0.0,22.5,17.5,0,0.0,得意,C
4063,市橋卓士,2,2,4,0.0,25.0,0.0,25.0,0.135,0.12,0.17,0.0,57.15,-32.15,0,0.0,少数参考,参考
4391,松田祐季,5,5,4,0.0,0.0,0.0,0.0,0.182,0.14,0.21,0.0,35.28,-35.28,0,0.0,少数参考,参考
3590,濱野谷憲吾,6,6,3,0.0,0.0,33.33,33.33,0.15,0.14,0.16,0.0,22.5,10.83,0,0.0,少数参考,参考
4166,吉田拡郎,1,1,14,85.71,14.29,0.0,100.0,0.119,0.03,0.21,50.0,85.37,14.63,0,0.0,得意,B
4266,長田頼宗,3,3,3,0.0,33.33,0.0,33.33,0.203,0.15,0.25,0.0,55.75,-22.42,0,0.0,少数参考,参考
3779,原田幸哉,3,3,10,40.0,0.0,30.0,70.0,0.1,0.03,0.16,70.0,55.75,14.25,0,0.0,得意,B
4344,新田雄史,6,6,9,11.11,11.11,11.11,33.33,0.169,0.06,0.23,22.22,22.5,10.83,0,0.0,得意,C
3731,高濱芳久,3,3,25,8.0,32.0,16.0,56.0,0.145,0.04,0.24,8.0,55.75,0.25,0,0.0,標準,A
3499,市川哲也,4,4,4,0.0,50.0,0.0,50.0,0.147,0.08,0.19,0.0,47.51,2.49,0,0.0,少数参考,参考
3960,菊地孝平,5,5,3,0.0,0.0,33.33,33.33,0.14,0.12,0.15,0.0,35.28,-1.95,0,0.0,少数参考,参考
4266,長田頼宗,1,1,3,100.0,0.0,0.0,100.0,0.177,0.09,0.29,66.67,85.37,14.63,0,0.0,少数参考,参考
3779,原田幸哉,2,2,5,20.0,20.0,40.0,80.0,0.174,0.1,0.31,0.0,57.15,22.85,0,0.0,得意,C
4254,川島圭司,6,6,8,0.0,0.0,12.5,12.5,0.128,0.03,0.25,12.5,22.5,-10.0,0,0.0,苦手,C
3572,安田政彦,1,1,4,50.0,25.0,25.0,100.0,0.188,0.07,0.28,25.0,85.37,14.63,0,0.0,少数参考,参考
3635,石田政吾,2,2,6,16.67,16.67,16.67,50.0,0.168,0.11,0.24,33.33,57.15,-7.15,0,0.0,標準,C
4685,島村隆幸,4,4,3,33.33,0.0,0.0,33.33,0.157,0.05,0.31,33.33,47.51,-14.18,0,0.0,少数参考,参考
4108,吉村正明,5,5,8,0.0,12.5,37.5,50.0,0.136,0.03,0.28,25.0,35.28,14.72,0,0.0,得意,C
4166,吉田拡郎,6,6,6,0.0,16.67,0.0,16.67,0.12,0.05,0.28,16.67,22.5,-5.83,0,0.0,標準,C
4391,松田祐季,1,1,9,77.78,22.22,0.0,100.0,0.119,0.01,0.21,33.33,85.37,14.63,0,0.0,得意,C
4352,下條雄太郎,2,2,4,25.0,50.0,0.0,75.0,0.11,0.08,0.13,25.0,57.15,17.85,0,0.0,少数参考,参考
4230,濱崎直矢,5,5,4,0.0,25.0,25.0,50.0,0.125,0.1,0.16,25.0,35.28,14.72,0,0.0,少数参考,参考
3960,菊地孝平,6,6,4,0.0,0.0,0.0,0.0,0.09,0.06,0.14,25.0,22.5,-22.5,0,0.0,少数参考,参考
4685,島村隆幸,1,1,4,50.0,25.0,0.0,75.0,0.108,0.05,0.2,25.0,85.37,-10.37,0,0.0,少数参考,参考
3499,市川哲也,3,3,9,22.22,33.33,22.22,77.78,0.11,0.06,0.16,44.44,55.75,22.03,0,0.0,得意,C
3590,濱野谷憲吾,4,4,3,0.0,0.0,33.33,33.33,0.17,0.12,0.24,0.0,47.51,-14.18,0,0.0,少数参考,参考
3783,瓜生正義,6,6,7,0.0,14.29,14.29,28.57,0.147,0.03,0.27,0.0,22.5,6.07,0,0.0,やや得意,C
3731,高濱芳久,2,2,14,21.43,35.71,14.29,71.43,0.181,0.1,0.33,0.0,57.15,14.28,0,0.0,得意,B
3635,石田政吾,1,1,8,62.5,12.5,0.0,75.0,0.177,0.1,0.26,50.0,85.37,-10.37,0,0.0,得意,C
4254,川島圭司,4,4,7,0.0,14.29,28.57,42.86,0.136,0.07,0.3,28.57,47.51,-4.65,0,0.0,標準,C
3779,原田幸哉,1,1,19,84.21,10.53,0.0,94.74,0.113,0.02,0.23,63.16,85.37,9.37,0,0.0,得意,B
4391,松田祐季,4,4,7,28.57,0.0,42.86,71.43,0.146,0.06,0.23,28.57,47.51,23.92,0,0.0,得意,C
3436,柏野幸二,6,6,5,0.0,0.0,0.0,0.0,0.156,0.05,0.26,20.0,22.5,-22.5,0,0.0,苦手,C
3941,池田浩二,1,1,4,100.0,0.0,0.0,100.0,0.1,0.07,0.13,50.0,85.37,14.63,0,0.0,少数参考,参考
3959,坪井康晴,4,4,5,20.0,40.0,0.0,60.0,0.102,0.04,0.16,40.0,47.51,12.49,0,0.0,得意,C
4166,吉田拡郎,5,5,9,0.0,33.33,22.22,55.56,0.114,0.05,0.21,44.44,35.28,20.28,0,0.0,得意,C
3572,安田政彦,3,3,4,0.0,75.0,0.0,75.0,0.17,0.1,0.24,25.0,55.75,19.25,0,0.0,少数参考,参考
3783,瓜生正義,5,5,4,0.0,25.0,0.0,25.0,0.143,0.11,0.19,25.0,35.28,-10.28,0,0.0,少数参考,参考
3942,寺田祥,6,6,9,0.0,22.22,33.33,55.56,0.184,0.09,0.31,11.11,22.5,33.06,0,0.0,得意,C
4460,後藤翔之,3,3,5,0.0,40.0,40.0,80.0,0.118,0.08,0.17,20.0,55.75,24.25,0,0.0,得意,C
4266,長田頼宗,4,4,3,0.0,0.0,0.0,0.0,0.103,0.08,0.12,33.33,47.51,-47.51,0,0.0,少数参考,参考
4230,濱崎直矢,1,1,7,71.43,14.29,0.0,85.71,0.149,0.11,0.23,14.29,85.37,0.34,0,0.0,得意,C
4685,島村隆幸,6,6,4,0.0,0.0,75.0,75.0,0.115,0.06,0.19,25.0,22.5,52.5,0,0.0,少数参考,参考
4166,吉田拡郎,2,2,8,12.5,50.0,25.0,87.5,0.16,0.08,0.35,37.5,57.15,30.35,0,0.0,得意,C
4108,吉村正明,3,3,14,28.57,28.57,14.29,71.43,0.13,0.06,0.28,57.14,55.75,15.68,0,0.0,得意,B
4254,川島圭司,1,1,7,57.14,14.29,0.0,71.43,0.157,0.09,0.22,42.86,85.37,-13.94,0,0.0,得意,C
4063,市橋卓士,3,3,5,20.0,0.0,60.0,80.0,0.17,0.11,0.21,40.0,55.75,24.25,0,0.0,得意,C
3590,濱野谷憲吾,5,5,3,0.0,0.0,0.0,0.0,0.203,0.13,0.29,0.0,35.28,-35.28,0,0.0,少数参考,参考
3572,安田政彦,2,2,3,0.0,66.67,0.0,66.67,0.2,0.18,0.24,0.0,57.15,9.52,0,0.0,少数参考,参考
3959,坪井康晴,5,5,3,66.67,0.0,33.33,100.0,0.127,0.09,0.19,66.67,35.28,64.72,0,0.0,少数参考,参考
4460,後藤翔之,1,1,5,80.0,20.0,0.0,100.0,0.176,0.14,0.24,20.0,85.37,14.63,0,0.0,得意,C
4230,濱崎直矢,3,3,4,0.0,50.0,25.0,75.0,0.115,0.05,0.24,50.0,55.75,19.25,0,0.0,少数参考,参考
3731,高濱芳久,5,5,7,14.29,14.29,0.0,28.57,0.166,0.09,0.22,14.29,35.28,-6.71,0,0.0,標準,C
4108,吉村正明,2,2,12,8.33,25.0,33.33,66.67,0.097,0.06,0.13,33.33,57.15,9.52,0,0.0,得意,B
4344,新田雄史,5,5,9,0.0,22.22,11.11,33.33,0.144,0.08,0.22,55.56,35.28,-1.95,0,0.0,標準,C
4391,松田祐季,2,2,5,20.0,60.0,0.0,80.0,0.162,0.05,0.27,20.0,57.15,22.85,0,0.0,得意,C
3960,菊地孝平,3,3,3,33.33,33.33,0.0,66.67,0.123,0.11,0.13,66.67,55.75,10.92,0,0.0,少数参考,参考
3779,原田幸哉,4,4,6,33.33,0.0,50.0,83.33,0.087,0.04,0.12,83.33,47.51,35.82,0,0.0,得意,C
4063,市橋卓士,5,5,7,14.29,0.0,14.29,28.57,0.126,0.05,0.33,57.14,35.28,-6.71,0,0.0,標準,C
3635,石田政吾,6,6,8,0.0,25.0,50.0,75.0,0.182,0.1,0.25,12.5,22.5,52.5,0,0.0,得意,C
4352,下條雄太郎,1,1,6,83.33,16.67,0.0,100.0,0.135,0.08,0.18,50.0,85.37,14.63,0,0.0,得意,C
3942,寺田祥,5,5,15,20.0,33.33,13.33,66.67,0.145,0.05,0.28,26.67,35.28,31.39,0,0.0,得意,B
4266,長田頼宗,2,2,3,0.0,33.33,0.0,33.33,0.107,0.07,0.16,0.0,57.15,-23.82,0,0.0,少数参考,参考
3590,濱野谷憲吾,3,3,4,0.0,50.0,0.0,50.0,0.205,0.19,0.23,0.0,55.75,-5.75,0,0.0,少数参考,参考
3854,吉川元浩,5,5,7,14.29,28.57,42.86,85.71,0.097,0.03,0.14,57.14,35.28,50.43,0,0.0,得意,C
4237,大峯豊,6,6,6,16.67,0.0,33.33,50.0,0.18,0.12,0.26,16.67,22.5,27.5,0,0.0,得意,C
4685,島村隆幸,2,2,5,20.0,20.0,20.0,60.0,0.16,0.14,0.19,0.0,57.15,2.85,0,0.0,標準,C
3779,原田幸哉,5,5,3,0.0,33.33,0.0,33.33,0.133,0.09,0.17,66.67,35.28,-1.95,0,0.0,少数参考,参考
4460,後藤翔之,2,2,3,33.33,66.67,0.0,100.0,0.143,0.13,0.16,33.33,57.15,42.85,0,0.0,少数参考,参考
3436,柏野幸二,3,3,13,15.38,46.15,0.0,61.54,0.138,0.05,0.34,38.46,55.75,5.79,0,0.0,やや得意,B
4362,土屋智則,4,4,7,14.29,0.0,28.57,42.86,0.107,0.04,0.18,14.29,47.51,-4.65,0,0.0,標準,C
4166,吉田拡郎,4,4,10,20.0,30.0,10.0,60.0,0.112,0.03,0.17,40.0,47.51,12.49,0,0.0,得意,B
4216,星栄爾,5,5,3,0.0,0.0,0.0,0.0,0.177,0.15,0.21,0.0,35.28,-35.28,0,0.0,少数参考,参考
3897,白井英治,6,5,3,0.0,33.33,66.67,100.0,0.153,0.09,0.19,33.33,35.28,64.72,3,100.0,少数参考,参考
3731,高濱芳久,5,4,4,25.0,0.0,25.0,50.0,0.185,0.11,0.3,0.0,47.51,2.49,4,100.0,少数参考,参考
4794,和田拓也,3,3,6,16.67,0.0,33.33,50.0,0.188,0.12,0.27,0.0,55.75,-5.75,0,0.0,標準,C
4877,鈴谷一平,6,6,6,0.0,0.0,16.67,16.67,0.152,0.08,0.38,16.67,22.5,-5.83,0,0.0,標準,C
3741,松尾基成,1,1,4,50.0,25.0,0.0,75.0,0.18,0.1,0.25,25.0,85.37,-10.37,0,0.0,少数参考,参考
3995,重野哲之,3,3,3,0.0,0.0,66.67,66.67,0.157,0.06,0.24,0.0,55.75,10.92,0,0.0,少数参考,参考
4079,出畑孝典,3,3,7,14.29,42.86,0.0,57.14,0.116,0.03,0.24,42.86,55.75,1.39,0,0.0,標準,C
4760,山崎郡,2,2,7,0.0,28.57,28.57,57.14,0.119,0.07,0.19,14.29,57.15,-0.01,0,0.0,標準,C
4188,久田敏之,1,1,9,88.89,0.0,0.0,88.89,0.082,0.02,0.15,77.78,85.37,3.52,0,0.0,得意,C
4852,川原祐明,6,6,9,0.0,0.0,22.22,22.22,0.154,0.07,0.26,11.11,22.5,-0.28,0,0.0,標準,C
3909,佐々木康幸,1,1,9,88.89,11.11,0.0,100.0,0.111,0.07,0.16,22.22,85.37,14.63,0,0.0,得意,C
3544,豊田訓靖,2,2,3,33.33,0.0,0.0,33.33,0.163,0.13,0.19,33.33,57.15,-23.82,0,0.0,少数参考,参考
3741,松尾基成,2,2,9,11.11,0.0,11.11,22.22,0.172,0.09,0.31,0.0,57.15,-34.93,0,0.0,苦手,C
3909,佐々木康幸,2,2,7,14.29,42.86,0.0,57.14,0.131,0.04,0.19,42.86,57.15,-0.01,0,0.0,標準,C
4188,久田敏之,3,3,6,16.67,33.33,0.0,50.0,0.095,0.04,0.16,33.33,55.75,-5.75,0,0.0,標準,C
4079,出畑孝典,5,5,6,0.0,16.67,50.0,66.67,0.12,0.09,0.19,16.67,35.28,31.39,0,0.0,得意,C
4106,坂井康嗣,2,2,6,0.0,0.0,33.33,33.33,0.198,0.14,0.29,0.0,57.15,-23.82,0,0.0,苦手,C
4760,山崎郡,5,5,5,0.0,0.0,60.0,60.0,0.136,0.05,0.24,40.0,35.28,24.72,0,0.0,得意,C
4203,小倉康典,1,1,3,33.33,33.33,0.0,66.67,0.1,0.05,0.13,0.0,85.37,-18.7,0,0.0,少数参考,参考
4188,久田敏之,2,2,4,25.0,25.0,50.0,100.0,0.125,0.07,0.2,25.0,57.15,42.85,0,0.0,少数参考,参考
4643,近江翔吾,5,5,6,0.0,16.67,16.67,33.33,0.187,0.1,0.38,16.67,35.28,-1.95,0,0.0,標準,C
4794,和田拓也,2,2,5,0.0,20.0,40.0,60.0,0.162,0.08,0.24,20.0,57.15,2.85,0,0.0,標準,C
3909,佐々木康幸,4,4,9,0.0,11.11,44.44,55.56,0.117,0.04,0.18,33.33,47.51,8.05,0,0.0,得意,C
4106,坂井康嗣,3,3,7,14.29,14.29,14.29,42.86,0.174,0.06,0.33,0.0,55.75,-12.89,0,0.0,苦手,C
4079,出畑孝典,2,2,5,0.0,20.0,40.0,60.0,0.174,0.11,0.22,0.0,57.15,2.85,0,0.0,標準,C
4203,小倉康典,3,3,3,0.0,33.33,0.0,33.33,0.16,0.15,0.18,33.33,55.75,-22.42,0,0.0,少数参考,参考
4188,久田敏之,4,4,4,25.0,50.0,0.0,75.0,0.09,0.05,0.13,75.0,47.51,27.49,0,0.0,少数参考,参考
3909,佐々木康幸,3,3,10,30.0,0.0,40.0,70.0,0.116,0.03,0.19,40.0,55.75,14.25,0,0.0,得意,B
4760,山崎郡,4,4,8,37.5,37.5,12.5,87.5,0.099,0.05,0.17,37.5,47.51,39.99,0,0.0,得意,C
4079,出畑孝典,1,1,13,69.23,30.77,0.0,100.0,0.165,0.01,0.29,23.08,85.37,14.63,0,0.0,得意,B
4715,村上遼,5,5,3,0.0,0.0,66.67,66.67,0.097,0.07,0.13,66.67,35.28,31.39,0,0.0,少数参考,参考
3995,重野哲之,1,1,3,100.0,0.0,0.0,100.0,0.073,0.03,0.1,66.67,85.37,14.63,0,0.0,少数参考,参考
4297,山田哲也,1,1,10,60.0,20.0,10.0,90.0,0.14,0.05,0.21,50.0,85.37,4.63,0,0.0,得意,B
3372,加藤雅之,3,3,5,0.0,0.0,20.0,20.0,0.242,0.21,0.29,0.0,55.75,-35.75,0,0.0,苦手,C
4513,河野真也,6,6,4,0.0,0.0,0.0,0.0,0.25,0.17,0.31,0.0,22.5,-22.5,0,0.0,少数参考,参考
4306,畔柳俊吾,6,6,9,0.0,11.11,11.11,22.22,0.173,0.07,0.36,11.11,22.5,-0.28,0,0.0,標準,C
3313,本吉正樹,1,1,3,66.67,0.0,0.0,66.67,0.217,0.18,0.25,0.0,85.37,-18.7,0,0.0,少数参考,参考
3940,飯山泰,2,2,8,12.5,25.0,0.0,37.5,0.16,0.08,0.21,12.5,57.15,-19.65,0,0.0,苦手,C
3843,上之晃弘,1,1,9,77.78,22.22,0.0,100.0,0.152,0.06,0.22,66.67,85.37,14.63,0,0.0,得意,C
4360,庄司孝輔,5,5,10,0.0,0.0,10.0,10.0,0.175,0.09,0.3,10.0,35.28,-25.28,0,0.0,苦手,B
3541,三嶌誠司,1,1,5,60.0,0.0,40.0,100.0,0.178,0.1,0.26,40.0,85.37,14.63,0,0.0,得意,C
3489,大場敏,1,1,5,80.0,0.0,0.0,80.0,0.114,0.04,0.2,80.0,85.37,-5.37,0,0.0,得意,C
4504,前田将太,3,3,3,0.0,0.0,33.33,33.33,0.19,0.14,0.24,0.0,55.75,-22.42,0,0.0,少数参考,参考
4360,庄司孝輔,6,6,10,0.0,10.0,0.0,10.0,0.161,0.03,0.24,10.0,22.5,-12.5,0,0.0,苦手,B
4306,畔柳俊吾,5,5,8,0.0,25.0,12.5,37.5,0.158,0.1,0.22,25.0,35.28,2.22,0,0.0,標準,C
3918,深井利寿,6,6,7,0.0,0.0,42.86,42.86,0.2,0.09,0.32,0.0,22.5,20.36,0,0.0,得意,C
4314,青木幸太郎,5,5,6,16.67,0.0,16.67,33.33,0.143,0.11,0.22,33.33,35.28,-1.95,0,0.0,標準,C
4297,山田哲也,3,3,8,12.5,25.0,25.0,62.5,0.088,0.03,0.14,50.0,55.75,6.75,0,0.0,やや得意,C
3940,飯山泰,1,1,13,61.54,23.08,0.0,84.62,0.138,0.09,0.21,23.08,85.37,-0.75,0,0.0,得意,B
3489,大場敏,2,2,3,66.67,0.0,33.33,100.0,0.13,0.11,0.15,0.0,57.15,42.85,0,0.0,少数参考,参考
3541,三嶌誠司,4,4,4,50.0,25.0,0.0,75.0,0.115,0.02,0.15,50.0,47.51,27.49,0,0.0,少数参考,参考
4306,畔柳俊吾,2,2,10,0.0,10.0,10.0,20.0,0.225,0.13,0.34,10.0,57.15,-37.15,0,0.0,苦手,B
4513,河野真也,2,2,6,16.67,33.33,16.67,66.67,0.163,0.08,0.21,16.67,57.15,9.52,0,0.0,得意,C
4360,庄司孝輔,4,4,10,20.0,0.0,10.0,30.0,0.175,0.14,0.23,0.0,47.51,-17.51,0,0.0,苦手,B
3313,本吉正樹,6,6,5,0.0,0.0,20.0,20.0,0.166,0.09,0.31,20.0,22.5,-2.5,0,0.0,標準,C
3843,上之晃弘,4,4,8,0.0,12.5,12.5,25.0,0.172,0.08,0.25,0.0,47.51,-22.51,0,0.0,苦手,C
3507,藤井徹,5,5,4,0.0,0.0,0.0,0.0,0.16,0.12,0.2,0.0,35.28,-35.28,0,0.0,少数参考,参考
3541,三嶌誠司,6,6,3,0.0,0.0,33.33,33.33,0.163,0.09,0.21,33.33,22.5,10.83,0,0.0,少数参考,参考
3918,深井利寿,2,2,4,25.0,50.0,25.0,100.0,0.125,0.08,0.14,25.0,57.15,42.85,0,0.0,少数参考,参考
3489,大場敏,3,3,4,25.0,0.0,50.0,75.0,0.19,0.17,0.22,25.0,55.75,19.25,0,0.0,少数参考,参考
3372,加藤雅之,6,6,5,0.0,0.0,0.0,0.0,0.272,0.21,0.33,0.0,22.5,-22.5,0,0.0,苦手,C
3918,深井利寿,1,1,8,62.5,12.5,0.0,75.0,0.17,0.09,0.29,12.5,85.37,-10.37,0,0.0,得意,C
3940,飯山泰,5,5,6,0.0,0.0,16.67,16.67,0.16,0.13,0.22,16.67,35.28,-18.61,0,0.0,苦手,C
4314,青木幸太郎,6,6,8,0.0,0.0,25.0,25.0,0.164,0.11,0.21,12.5,22.5,2.5,0,0.0,標準,C
4360,庄司孝輔,3,3,12,16.67,16.67,25.0,58.33,0.161,0.09,0.23,8.33,55.75,2.58,0,0.0,標準,B
4703,森永隆,6,5,5,0.0,20.0,20.0,40.0,0.164,0.09,0.24,40.0,35.28,4.72,5,100.0,やや得意,C
4513,河野真也,1,1,8,37.5,37.5,0.0,75.0,0.139,0.06,0.22,25.0,85.37,-10.37,0,0.0,得意,C
4594,谷川祐一,2,2,3,0.0,33.33,0.0,33.33,0.163,0.12,0.22,66.67,57.15,-23.82,0,0.0,少数参考,参考
3782,伊藤宏,4,4,3,0.0,33.33,33.33,66.67,0.22,0.12,0.31,0.0,47.51,19.16,0,0.0,少数参考,参考
4306,畔柳俊吾,4,4,11,0.0,9.09,9.09,18.18,0.213,0.12,0.41,0.0,47.51,-29.33,0,0.0,苦手,B
4314,青木幸太郎,1,1,9,55.56,0.0,11.11,66.67,0.178,0.09,0.26,44.44,85.37,-18.7,0,0.0,得意,C
3918,深井利寿,3,3,7,14.29,14.29,0.0,28.57,0.157,0.07,0.25,14.29,55.75,-27.18,0,0.0,苦手,C
4297,山田哲也,4,4,5,20.0,40.0,0.0,60.0,0.098,0.05,0.17,100.0,47.51,12.49,0,0.0,得意,C
3507,藤井徹,1,1,3,0.0,33.33,0.0,33.33,0.183,0.11,0.24,33.33,85.37,-52.04,0,0.0,少数参考,参考
4306,畔柳俊吾,1,1,8,50.0,0.0,25.0,75.0,0.16,0.06,0.25,0.0,85.37,-10.37,0,0.0,得意,C
4360,庄司孝輔,2,2,10,10.0,10.0,20.0,40.0,0.196,0.1,0.31,0.0,57.15,-17.15,0,0.0,苦手,B
3541,三嶌誠司,2,2,3,0.0,100.0,0.0,100.0,0.157,0.08,0.22,33.33,57.15,42.85,0,0.0,少数参考,参考
4297,山田哲也,6,6,5,0.0,20.0,20.0,40.0,0.114,0.05,0.14,60.0,22.5,17.5,0,0.0,得意,C
3843,上之晃弘,5,5,6,0.0,0.0,33.33,33.33,0.17,0.05,0.25,0.0,35.28,-1.95,0,0.0,標準,C
3940,飯山泰,4,4,3,33.33,33.33,33.33,100.0,0.127,0.06,0.19,33.33,47.51,52.49,0,0.0,少数参考,参考
4360,庄司孝輔,1,1,10,50.0,20.0,0.0,70.0,0.192,0.08,0.37,20.0,85.37,-15.37,0,0.0,苦手,B
3558,山本浩次,2,2,12,8.33,25.0,16.67,50.0,0.177,0.06,0.35,25.0,57.15,-7.15,0,0.0,標準,B
4297,山田哲也,2,2,5,40.0,20.0,40.0,100.0,0.122,0.09,0.15,40.0,57.15,42.85,0,0.0,得意,C
3541,三嶌誠司,5,5,3,0.0,33.33,33.33,66.67,0.113,0.07,0.14,33.33,35.28,31.39,0,0.0,少数参考,参考
3606,川北浩貴,4,4,4,0.0,25.0,50.0,75.0,0.18,0.05,0.37,0.0,47.51,27.49,0,0.0,少数参考,参考
3313,本吉正樹,2,2,7,0.0,14.29,28.57,42.86,0.146,0.1,0.21,42.86,57.15,-14.29,0,0.0,苦手,C
4513,河野真也,5,5,5,0.0,0.0,20.0,20.0,0.158,0.01,0.22,20.0,35.28,-15.28,0,0.0,苦手,C
3843,上之晃弘,2,2,7,14.29,14.29,14.29,42.86,0.174,0.11,0.31,0.0,57.15,-14.29,0,0.0,苦手,C
3918,深井利寿,5,5,3,0.0,0.0,66.67,66.67,0.15,0.1,0.21,0.0,35.28,31.39,0,0.0,少数参考,参考
4134,杉山貴博,5,5,3,0.0,0.0,0.0,0.0,0.163,0.12,0.22,0.0,35.28,-35.28,0,0.0,少数参考,参考
3940,飯山泰,3,3,7,28.57,0.0,14.29,42.86,0.153,0.08,0.21,14.29,55.75,-12.89,0,0.0,苦手,C
3313,本吉正樹,3,3,5,0.0,20.0,20.0,40.0,0.224,0.19,0.27,0.0,55.75,-15.75,0,0.0,苦手,C
3890,小宮淳史,4,4,3,0.0,33.33,33.33,66.67,0.223,0.19,0.26,0.0,47.51,19.16,0,0.0,少数参考,参考
3722,西村秀樹,2,2,5,0.0,60.0,0.0,60.0,0.158,0.11,0.19,0.0,57.15,2.85,0,0.0,標準,C
4614,石倉洋行,3,3,4,0.0,50.0,25.0,75.0,0.172,0.13,0.24,0.0,55.75,19.25,0,0.0,少数参考,参考
4059,入澤友治,3,3,6,0.0,16.67,33.33,50.0,0.147,0.05,0.22,33.33,55.75,-5.75,0,0.0,標準,C
4705,吉川勇作,5,5,6,0.0,0.0,0.0,0.0,0.132,0.05,0.19,33.33,35.28,-35.28,0,0.0,苦手,C
3251,平石和男,2,2,5,20.0,0.0,40.0,60.0,0.168,0.12,0.2,0.0,57.15,2.85,0,0.0,標準,C
4462,夏山亮平,3,3,4,0.0,0.0,25.0,25.0,0.15,0.11,0.22,25.0,55.75,-30.75,0,0.0,少数参考,参考
3527,中嶋誠一郎,6,6,10,0.0,30.0,30.0,60.0,0.164,0.09,0.26,0.0,22.5,37.5,0,0.0,得意,B
4523,中村辰也,5,5,9,0.0,22.22,11.11,33.33,0.122,0.06,0.19,22.22,35.28,-1.95,0,0.0,標準,C
4872,山下流心,6,6,3,0.0,0.0,0.0,0.0,0.2,0.14,0.25,33.33,22.5,-22.5,0,0.0,少数参考,参考
4907,小池修平,6,6,8,0.0,0.0,12.5,12.5,0.185,0.07,0.27,0.0,22.5,-10.0,0,0.0,苦手,C
3527,中嶋誠一郎,3,3,14,7.14,28.57,14.29,50.0,0.152,0.02,0.31,42.86,55.75,-5.75,0,0.0,標準,B
4059,入澤友治,6,6,5,0.0,20.0,0.0,20.0,0.196,0.15,0.22,0.0,22.5,-2.5,0,0.0,標準,C
3872,岡田憲行,2,2,6,0.0,16.67,33.33,50.0,0.153,0.1,0.2,16.67,57.15,-7.15,0,0.0,標準,C
4009,小林一樹,6,5,3,0.0,0.0,0.0,0.0,0.153,0.13,0.19,0.0,35.28,-35.28,3,100.0,少数参考,参考
3251,平石和男,1,1,9,55.56,33.33,0.0,88.89,0.158,0.1,0.2,11.11,85.37,3.52,0,0.0,得意,C
3527,中嶋誠一郎,1,1,15,60.0,26.67,6.67,93.33,0.137,0.04,0.22,46.67,85.37,7.96,0,0.0,得意,B
4059,入澤友治,2,2,4,0.0,50.0,0.0,50.0,0.135,0.06,0.31,0.0,57.15,-7.15,0,0.0,少数参考,参考
3571,寺本武司,3,3,4,0.0,0.0,25.0,25.0,0.175,0.12,0.25,0.0,55.75,-30.75,0,0.0,少数参考,参考
4872,山下流心,4,6,3,0.0,0.0,0.0,0.0,0.18,0.12,0.23,33.33,22.5,-22.5,3,100.0,少数参考,参考
4462,夏山亮平,2,2,5,0.0,40.0,40.0,80.0,0.234,0.15,0.37,0.0,57.15,22.85,0,0.0,得意,C
3527,中嶋誠一郎,4,4,14,7.14,28.57,14.29,50.0,0.162,0.09,0.31,21.43,47.51,2.49,0,0.0,標準,B
4614,石倉洋行,6,6,4,0.0,25.0,0.0,25.0,0.128,0.08,0.21,50.0,22.5,2.5,0,0.0,少数参考,参考
4471,新田泰章,5,5,9,0.0,22.22,33.33,55.56,0.16,0.08,0.32,11.11,35.28,20.28,0,0.0,得意,C
3251,平石和男,3,3,4,25.0,25.0,0.0,50.0,0.128,0.1,0.16,0.0,55.75,-5.75,0,0.0,少数参考,参考
4614,石倉洋行,5,5,3,0.0,33.33,0.0,33.33,0.1,0.07,0.12,66.67,35.28,-1.95,0,0.0,少数参考,参考
3773,津留浩一郎,6,5,3,0.0,0.0,33.33,33.33,0.107,0.02,0.16,0.0,35.28,-1.95,3,100.0,少数参考,参考
4059,入澤友治,1,1,4,50.0,0.0,25.0,75.0,0.208,0.14,0.28,25.0,85.37,-10.37,0,0.0,少数参考,参考
4614,石倉洋行,1,1,5,40.0,0.0,40.0,80.0,0.198,0.11,0.32,20.0,85.37,-5.37,0,0.0,標準,C
3527,中嶋誠一郎,2,2,8,25.0,12.5,0.0,37.5,0.171,0.04,0.27,25.0,57.15,-19.65,0,0.0,苦手,C
4120,柘植政浩,6,5,3,0.0,0.0,33.33,33.33,0.257,0.19,0.32,0.0,35.28,-1.95,3,100.0,少数参考,参考
4705,吉川勇作,3,3,7,14.29,42.86,0.0,57.14,0.151,0.08,0.24,57.14,55.75,1.39,0,0.0,標準,C
4614,石倉洋行,2,2,3,0.0,33.33,0.0,33.33,0.19,0.17,0.22,66.67,57.15,-23.82,0,0.0,少数参考,参考
3872,岡田憲行,3,3,5,40.0,0.0,40.0,80.0,0.17,0.13,0.22,60.0,55.75,24.25,0,0.0,得意,C
3251,平石和男,4,4,3,0.0,66.67,0.0,66.67,0.143,0.09,0.2,0.0,47.51,19.16,0,0.0,少数参考,参考
4614,石倉洋行,4,4,4,25.0,25.0,0.0,50.0,0.083,0.03,0.11,100.0,47.51,2.49,0,0.0,少数参考,参考
4705,吉川勇作,1,1,6,66.67,33.33,0.0,100.0,0.105,0.01,0.21,50.0,85.37,14.63,0,0.0,得意,C
4374,永田義紘,3,3,4,0.0,0.0,25.0,25.0,0.107,0.05,0.18,0.0,55.75,-30.75,0,0.0,少数参考,参考
4596,葛原大陽,5,5,5,0.0,0.0,20.0,20.0,0.146,0.07,0.19,20.0,35.28,-15.28,0,0.0,苦手,C
3982,福田理,6,6,6,0.0,0.0,16.67,16.67,0.16,0.11,0.22,0.0,22.5,-5.83,0,0.0,標準,C
4373,若狭奈美子,2,2,8,25.0,0.0,12.5,37.5,0.235,0.07,0.41,0.0,57.15,-19.65,0,0.0,苦手,C
4714,喜多須杏奈,3,3,11,9.09,9.09,18.18,36.36,0.188,0.04,0.35,9.09,55.75,-19.39,0,0.0,苦手,B
3943,三松直美,6,6,7,0.0,14.29,14.29,28.57,0.207,0.13,0.3,14.29,22.5,6.07,0,0.0,やや得意,C
4108,吉村正明,6,5,7,14.29,42.86,0.0,57.14,0.146,0.09,0.18,57.14,35.28,21.86,7,100.0,得意,C
3581,加木郁,5,4,3,0.0,33.33,0.0,33.33,0.25,0.19,0.29,0.0,47.51,-14.18,3,100.0,少数参考,参考
4373,若狭奈美子,3,3,5,40.0,20.0,0.0,60.0,0.226,0.11,0.39,0.0,55.75,4.25,0,0.0,やや得意,C
3982,福田理,3,3,5,0.0,0.0,20.0,20.0,0.176,0.1,0.26,0.0,55.75,-35.75,0,0.0,苦手,C
4714,喜多須杏奈,4,4,9,0.0,22.22,22.22,44.44,0.144,0.09,0.23,0.0,47.51,-3.07,0,0.0,標準,C
3919,村上純,1,1,7,42.86,0.0,28.57,71.43,0.194,0.13,0.27,0.0,85.37,-13.94,0,0.0,苦手,C
3943,三松直美,2,2,3,33.33,0.0,0.0,33.33,0.197,0.15,0.26,33.33,57.15,-23.82,0,0.0,少数参考,参考
4567,上村慎太郎,5,6,3,0.0,0.0,0.0,0.0,0.26,0.19,0.31,0.0,22.5,-22.5,3,100.0,少数参考,参考
3919,村上純,6,2,4,0.0,25.0,25.0,50.0,0.198,0.13,0.29,0.0,57.15,-7.15,4,100.0,少数参考,参考
4374,永田義紘,2,2,4,50.0,25.0,0.0,75.0,0.1,0.07,0.13,75.0,57.15,17.85,0,0.0,少数参考,参考
3982,福田理,5,5,7,0.0,14.29,0.0,14.29,0.179,0.13,0.25,28.57,35.28,-20.99,0,0.0,苦手,C
4396,大田直弥,6,5,5,0.0,20.0,0.0,20.0,0.234,0.07,0.35,0.0,35.28,-15.28,5,100.0,苦手,C
4264,長尾章平,6,5,4,0.0,0.0,50.0,50.0,0.138,0.1,0.2,0.0,35.28,14.72,4,100.0,少数参考,参考
4373,若狭奈美子,6,6,8,0.0,12.5,12.5,25.0,0.136,0.06,0.27,25.0,22.5,2.5,0,0.0,標準,C
3282,池本輝明,6,6,3,0.0,0.0,0.0,0.0,0.203,0.19,0.21,0.0,22.5,-22.5,0,0.0,少数参考,参考
4260,中越博紀,1,1,11,72.73,9.09,9.09,90.91,0.157,0.07,0.24,36.36,85.37,5.54,0,0.0,得意,B
5111,三村岳人,4,4,7,0.0,42.86,42.86,85.71,0.203,0.05,0.66,0.0,47.51,38.2,0,0.0,得意,C
5231,寺田空詩,6,6,28,3.57,7.14,3.57,14.29,0.217,0.09,0.35,3.57,22.5,-8.21,0,0.0,標準,A
4705,吉川勇作,4,4,4,25.0,0.0,25.0,50.0,0.195,0.15,0.26,0.0,47.51,2.49,0,0.0,少数参考,参考
5198,奥村明日香,6,6,6,0.0,0.0,0.0,0.0,0.257,0.16,0.36,0.0,22.5,-22.5,0,0.0,苦手,C
4947,間庭菜摘,2,2,7,0.0,28.57,42.86,71.43,0.157,0.08,0.26,0.0,57.15,14.28,0,0.0,得意,C
5281,井上遥妃,6,6,8,0.0,0.0,12.5,12.5,0.205,0.09,0.33,12.5,22.5,-10.0,0,0.0,苦手,C
4017,向井美鈴,1,1,30,70.0,16.67,6.67,93.33,0.153,0.06,0.31,26.67,85.37,7.96,0,0.0,得意,A
4855,江頭賢太,2,2,6,0.0,33.33,16.67,50.0,0.15,0.11,0.21,33.33,57.15,-7.15,0,0.0,標準,C
5123,福山恵里奈,4,4,23,4.35,8.7,8.7,21.74,0.202,0.03,0.45,4.35,47.51,-25.77,0,0.0,苦手,A
4817,渡邉翼,1,1,27,77.78,7.41,3.7,88.89,0.138,0.0,0.29,37.04,85.37,3.52,0,0.0,得意,A
5111,三村岳人,2,2,4,50.0,25.0,25.0,100.0,0.113,0.03,0.15,50.0,57.15,42.85,0,0.0,少数参考,参考
5231,寺田空詩,5,6,6,0.0,0.0,0.0,0.0,0.23,0.18,0.25,0.0,22.5,-22.5,6,100.0,苦手,C
3777,樋口亮,1,1,6,50.0,33.33,0.0,83.33,0.197,0.08,0.39,33.33,85.37,-2.04,0,0.0,標準,C
4064,原田篤志,6,6,25,8.0,12.0,16.0,36.0,0.168,0.05,0.36,16.0,22.5,13.5,0,0.0,得意,A
3942,寺田祥,4,3,3,33.33,33.33,33.33,100.0,0.117,0.09,0.15,0.0,55.75,44.25,3,100.0,少数参考,参考
4017,向井美鈴,4,4,19,5.26,15.79,26.32,47.37,0.166,0.08,0.42,15.79,47.51,-0.14,0,0.0,標準,B
5027,重冨勇哉,5,5,16,6.25,6.25,18.75,31.25,0.163,0.05,0.34,18.75,35.28,-4.03,0,0.0,標準,B
5064,品川二千翔,5,5,22,4.55,27.27,22.73,54.55,0.157,0.06,0.25,9.09,35.28,19.27,0,0.0,得意,A
4985,井本昌也,6,6,26,0.0,3.85,15.38,19.23,0.167,0.07,0.29,11.54,22.5,-3.27,0,0.0,標準,A
3777,樋口亮,3,3,7,14.29,14.29,28.57,57.14,0.187,0.09,0.28,14.29,55.75,1.39,0,0.0,標準,C
4260,中越博紀,3,3,6,0.0,66.67,0.0,66.67,0.173,0.09,0.24,16.67,55.75,10.92,0,0.0,得意,C
4174,赤坂俊輔,5,5,9,0.0,11.11,44.44,55.56,0.168,0.11,0.27,22.22,35.28,20.28,0,0.0,得意,C
5067,山田真聖,2,2,22,4.55,22.73,13.64,40.91,0.143,0.07,0.36,18.18,57.15,-16.24,0,0.0,苦手,A
4010,越智照浩,4,4,3,0.0,0.0,100.0,100.0,0.177,0.16,0.19,0.0,47.51,52.49,0,0.0,少数参考,参考
4855,江頭賢太,5,5,5,0.0,0.0,20.0,20.0,0.204,0.08,0.33,0.0,35.28,-15.28,0,0.0,苦手,C
4846,佐藤駿介,1,1,15,40.0,13.33,13.33,66.67,0.135,0.05,0.28,53.33,85.37,-18.7,0,0.0,得意,B
5123,福山恵里奈,2,2,21,0.0,9.52,38.1,47.62,0.146,0.01,0.27,19.05,57.15,-9.53,0,0.0,標準,A
5176,石倉拓美,4,4,6,0.0,0.0,0.0,0.0,0.182,0.02,0.28,33.33,47.51,-47.51,0,0.0,苦手,C
5064,品川二千翔,1,1,21,61.9,14.29,14.29,90.48,0.167,0.09,0.29,28.57,85.37,5.11,0,0.0,得意,A
4302,西野翔太,6,2,3,0.0,66.67,33.33,100.0,0.137,0.06,0.22,0.0,57.15,42.85,3,100.0,少数参考,参考
4817,渡邉翼,3,3,27,18.52,22.22,25.93,66.67,0.116,0.03,0.22,40.74,55.75,10.92,0,0.0,得意,A
4260,中越博紀,5,5,6,0.0,16.67,0.0,16.67,0.173,0.12,0.23,0.0,35.28,-18.61,0,0.0,苦手,C
5227,川原愛未,6,6,5,0.0,0.0,0.0,0.0,0.228,0.08,0.35,0.0,22.5,-22.5,0,0.0,苦手,C
5027,重冨勇哉,1,1,18,55.56,27.78,11.11,94.44,0.152,0.04,0.3,50.0,85.37,9.07,0,0.0,得意,B
4855,江頭賢太,3,3,3,0.0,0.0,33.33,33.33,0.177,0.12,0.24,66.67,55.75,-22.42,0,0.0,少数参考,参考
3777,樋口亮,4,4,3,0.0,33.33,0.0,33.33,0.203,0.13,0.28,0.0,47.51,-14.18,0,0.0,少数参考,参考
4174,赤坂俊輔,1,1,13,69.23,15.38,0.0,84.62,0.131,0.01,0.19,46.15,85.37,-0.75,0,0.0,得意,B
5111,三村岳人,3,3,5,0.0,40.0,20.0,60.0,0.22,0.1,0.32,20.0,55.75,4.25,0,0.0,やや得意,C
5281,井上遥妃,5,6,6,0.0,0.0,16.67,16.67,0.175,0.09,0.32,50.0,22.5,-5.83,6,100.0,標準,C
4985,井本昌也,4,4,30,20.0,20.0,13.33,53.33,0.149,0.07,0.25,30.0,47.51,5.82,0,0.0,やや得意,A
5067,山田真聖,5,5,17,0.0,5.88,11.76,17.65,0.171,0.11,0.28,11.76,35.28,-17.63,0,0.0,苦手,B
4174,赤坂俊輔,4,4,10,30.0,0.0,20.0,50.0,0.171,0.04,0.38,50.0,47.51,2.49,0,0.0,標準,B
5064,品川二千翔,4,4,23,13.04,26.09,17.39,56.52,0.15,0.07,0.31,8.7,47.51,9.01,0,0.0,得意,A
5027,重冨勇哉,6,6,16,0.0,6.25,18.75,25.0,0.187,0.08,0.32,0.0,22.5,2.5,0,0.0,標準,B
4985,井本昌也,1,1,43,76.74,11.63,6.98,95.35,0.137,0.03,0.35,20.93,85.37,9.98,0,0.0,得意,A
4947,間庭菜摘,3,3,10,0.0,10.0,10.0,20.0,0.194,0.12,0.32,0.0,55.75,-35.75,0,0.0,苦手,B
4846,佐藤駿介,5,5,16,0.0,12.5,12.5,25.0,0.157,0.11,0.24,6.25,35.28,-10.28,0,0.0,苦手,B
5123,福山恵里奈,6,6,12,0.0,0.0,0.0,0.0,0.14,0.08,0.22,33.33,22.5,-22.5,0,0.0,苦手,B
5067,山田真聖,1,1,17,76.47,5.88,5.88,88.24,0.126,0.04,0.23,58.82,85.37,2.87,0,0.0,得意,B
5176,石倉拓美,2,2,7,0.0,14.29,14.29,28.57,0.186,0.06,0.27,14.29,57.15,-28.58,0,0.0,苦手,C
4985,井本昌也,5,5,22,22.73,18.18,45.45,86.36,0.167,0.08,0.25,22.73,35.28,51.08,0,0.0,得意,A
4890,石川諒,1,1,14,64.29,7.14,7.14,78.57,0.133,0.04,0.22,57.14,85.37,-6.8,0,0.0,得意,B
5123,福山恵里奈,5,5,17,0.0,5.88,17.65,23.53,0.193,0.05,0.35,17.65,35.28,-11.75,0,0.0,苦手,B
4705,吉川勇作,6,6,3,0.0,0.0,0.0,0.0,0.2,0.16,0.25,0.0,22.5,-22.5,0,0.0,少数参考,参考
4846,佐藤駿介,4,4,20,0.0,15.0,5.0,20.0,0.181,0.09,0.32,15.0,47.51,-27.51,0,0.0,苦手,A
3855,大熊辰弥,4,4,3,0.0,33.33,0.0,33.33,0.257,0.17,0.41,0.0,47.51,-14.18,0,0.0,少数参考,参考
4017,向井美鈴,6,6,22,0.0,0.0,4.55,4.55,0.166,0.05,0.33,18.18,22.5,-17.95,0,0.0,苦手,A
5027,重冨勇哉,4,4,18,5.56,27.78,11.11,44.44,0.152,0.0,0.25,27.78,47.51,-3.07,0,0.0,標準,B
4174,赤坂俊輔,6,5,3,33.33,66.67,0.0,100.0,0.137,0.11,0.18,0.0,35.28,64.72,3,100.0,少数参考,参考
5064,品川二千翔,2,2,27,0.0,18.52,25.93,44.44,0.173,0.06,0.26,7.41,57.15,-12.71,0,0.0,苦手,A
4890,石川諒,5,5,14,7.14,7.14,0.0,14.29,0.141,0.06,0.26,42.86,35.28,-20.99,0,0.0,苦手,B
5176,石倉拓美,6,6,9,0.0,0.0,0.0,0.0,0.162,0.07,0.33,33.33,22.5,-22.5,0,0.0,苦手,C
4947,間庭菜摘,5,5,6,0.0,0.0,16.67,16.67,0.18,0.07,0.34,33.33,35.28,-18.61,0,0.0,苦手,C
4846,佐藤駿介,2,2,19,21.05,21.05,31.58,73.68,0.143,0.05,0.21,21.05,57.15,16.53,0,0.0,得意,B
3709,田中浩之,6,5,3,0.0,33.33,0.0,33.33,0.183,0.11,0.26,0.0,35.28,-1.95,3,100.0,少数参考,参考
5027,重冨勇哉,3,3,21,14.29,19.05,19.05,52.38,0.114,0.03,0.31,33.33,55.75,-3.37,0,0.0,標準,A
4174,赤坂俊輔,2,2,8,12.5,50.0,25.0,87.5,0.147,0.08,0.21,12.5,57.15,30.35,0,0.0,得意,C
5064,品川二千翔,3,3,19,15.79,26.32,26.32,68.42,0.159,0.04,0.24,15.79,55.75,12.67,0,0.0,得意,B
3777,樋口亮,5,5,3,0.0,0.0,0.0,0.0,0.25,0.23,0.28,0.0,35.28,-35.28,0,0.0,少数参考,参考
4260,中越博紀,6,6,12,8.33,16.67,8.33,33.33,0.19,0.07,0.32,16.67,22.5,10.83,0,0.0,得意,B
4705,吉川勇作,2,2,4,0.0,0.0,50.0,50.0,0.14,0.06,0.29,50.0,57.15,-7.15,0,0.0,少数参考,参考
5238,笹木香吾,5,6,11,9.09,0.0,0.0,9.09,0.176,0.03,0.37,18.18,22.5,-13.41,11,100.0,苦手,B
3948,大町利克,3,3,3,33.33,0.0,0.0,33.33,0.233,0.13,0.35,0.0,55.75,-22.42,0,0.0,少数参考,参考
4822,百武翔,4,4,7,14.29,28.57,14.29,57.14,0.159,0.12,0.21,0.0,47.51,9.63,0,0.0,得意,C
5271,杉山太陽,6,6,7,0.0,0.0,0.0,0.0,0.266,0.16,0.35,0.0,22.5,-22.5,0,0.0,苦手,C
4919,吉田翔悟,2,2,5,0.0,40.0,0.0,40.0,0.252,0.17,0.43,20.0,57.15,-17.15,0,0.0,苦手,C
4842,山下昂大,3,3,6,0.0,33.33,33.33,66.67,0.182,0.13,0.25,16.67,55.75,10.92,0,0.0,得意,C
4106,坂井康嗣,4,4,5,0.0,0.0,20.0,20.0,0.224,0.17,0.32,0.0,47.51,-27.51,0,0.0,苦手,C
4213,重富伸也,5,6,8,12.5,12.5,12.5,37.5,0.146,0.05,0.38,25.0,22.5,15.0,8,100.0,得意,C
5058,前原大道,1,1,11,90.91,0.0,0.0,90.91,0.175,0.11,0.27,18.18,85.37,5.54,0,0.0,得意,B
3948,大町利克,5,5,6,16.67,0.0,16.67,33.33,0.178,0.11,0.25,16.67,35.28,-1.95,0,0.0,標準,C
4248,岡本大,1,1,7,57.14,14.29,28.57,100.0,0.149,0.06,0.24,42.86,85.37,14.63,0,0.0,得意,C
5107,松本真広,2,2,5,0.0,20.0,0.0,20.0,0.178,0.12,0.27,0.0,57.15,-37.15,0,0.0,苦手,C
5239,上野俊樹,6,6,10,0.0,10.0,10.0,20.0,0.168,0.05,0.26,10.0,22.5,-2.5,0,0.0,標準,B
3876,中辻崇人,1,1,15,86.67,6.67,6.67,100.0,0.122,0.06,0.17,33.33,85.37,14.63,0,0.0,得意,B
4919,吉田翔悟,4,4,8,0.0,12.5,50.0,62.5,0.163,0.07,0.21,25.0,47.51,14.99,0,0.0,得意,C
4268,和合俊介,5,5,6,0.0,16.67,0.0,16.67,0.16,0.11,0.21,16.67,35.28,-18.61,0,0.0,苦手,C
5238,笹木香吾,6,6,23,0.0,0.0,4.35,4.35,0.188,0.03,0.31,8.7,22.5,-18.15,0,0.0,苦手,A
4747,山戸信二,2,2,8,25.0,12.5,12.5,50.0,0.14,0.07,0.2,0.0,57.15,-7.15,0,0.0,標準,C
3866,木山誠一,5,6,3,0.0,0.0,0.0,0.0,0.177,0.16,0.21,33.33,22.5,-22.5,3,100.0,少数参考,参考
5058,前原大道,4,4,11,18.18,9.09,45.45,72.73,0.151,0.04,0.3,18.18,47.51,25.22,0,0.0,得意,B
4822,百武翔,6,6,7,0.0,0.0,0.0,0.0,0.193,0.11,0.28,0.0,22.5,-22.5,0,0.0,苦手,C
4950,高岡竜也,4,4,21,0.0,28.57,23.81,52.38,0.146,0.05,0.32,23.81,47.51,4.87,0,0.0,やや得意,A
3876,中辻崇人,2,2,3,0.0,0.0,33.33,33.33,0.103,0.02,0.17,33.33,57.15,-23.82,0,0.0,少数参考,参考
3953,志道吉和,2,2,5,0.0,60.0,20.0,80.0,0.186,0.09,0.31,20.0,57.15,22.85,0,0.0,得意,C
4106,坂井康嗣,1,1,4,25.0,50.0,0.0,75.0,0.152,0.12,0.18,0.0,85.37,-10.37,0,0.0,少数参考,参考
4268,和合俊介,2,2,9,0.0,11.11,44.44,55.56,0.157,0.08,0.22,11.11,57.15,-1.59,0,0.0,標準,C
5176,石倉拓美,4,5,4,0.0,0.0,0.0,0.0,0.188,0.11,0.24,0.0,35.28,-35.28,4,100.0,少数参考,参考
3070,山室展弘,6,2,6,0.0,33.33,50.0,83.33,0.167,0.13,0.25,16.67,57.15,26.18,6,100.0,得意,C
4950,高岡竜也,1,1,26,65.38,11.54,3.85,80.77,0.148,0.03,0.25,23.08,85.37,-4.6,0,0.0,得意,A
5107,松本真広,3,3,4,0.0,50.0,0.0,50.0,0.155,0.1,0.18,0.0,55.75,-5.75,0,0.0,少数参考,参考
4248,岡本大,6,6,4,0.0,0.0,25.0,25.0,0.142,0.08,0.22,0.0,22.5,2.5,0,0.0,少数参考,参考
4822,百武翔,1,1,8,62.5,25.0,0.0,87.5,0.129,0.08,0.21,25.0,85.37,2.13,0,0.0,得意,C
4299,中島浩哉,3,3,8,0.0,25.0,0.0,25.0,0.149,0.1,0.19,0.0,55.75,-30.75,0,0.0,苦手,C
4268,和合俊介,4,4,9,0.0,11.11,22.22,33.33,0.146,0.1,0.19,22.22,47.51,-14.18,0,0.0,苦手,C
5058,前原大道,6,6,9,11.11,0.0,22.22,33.33,0.186,0.03,0.37,22.22,22.5,10.83,0,0.0,得意,C
3948,大町利克,2,2,6,0.0,16.67,0.0,16.67,0.228,0.14,0.31,0.0,57.15,-40.48,0,0.0,苦手,C
5176,石倉拓美,5,5,4,0.0,0.0,0.0,0.0,0.178,0.11,0.23,50.0,35.28,-35.28,0,0.0,少数参考,参考
4842,山下昂大,1,1,8,62.5,37.5,0.0,100.0,0.109,0.06,0.2,25.0,85.37,14.63,0,0.0,得意,C
4248,岡本大,4,4,6,0.0,0.0,0.0,0.0,0.173,0.07,0.29,16.67,47.51,-47.51,0,0.0,苦手,C
5107,松本真広,5,5,3,33.33,0.0,0.0,33.33,0.127,0.07,0.17,66.67,35.28,-1.95,0,0.0,少数参考,参考
4762,藤原啓史朗,1,1,15,73.33,20.0,0.0,93.33,0.128,0.07,0.21,40.0,85.37,7.96,0,0.0,得意,B
4950,高岡竜也,3,5,3,33.33,0.0,33.33,66.67,0.153,0.14,0.17,0.0,35.28,31.39,3,100.0,少数参考,参考
5058,前原大道,5,5,9,11.11,44.44,0.0,55.56,0.164,0.07,0.3,33.33,35.28,20.28,0,0.0,得意,C
4842,山下昂大,5,5,6,0.0,16.67,33.33,50.0,0.108,0.03,0.19,33.33,35.28,14.72,0,0.0,得意,C
3876,中辻崇人,6,6,5,20.0,40.0,20.0,80.0,0.084,0.05,0.15,100.0,22.5,57.5,0,0.0,得意,C
4747,山戸信二,3,3,10,0.0,10.0,20.0,30.0,0.133,0.07,0.23,20.0,55.75,-25.75,0,0.0,苦手,B
5058,前原大道,2,2,9,22.22,33.33,33.33,88.89,0.097,0.02,0.16,44.44,57.15,31.74,0,0.0,得意,C
4268,和合俊介,3,3,9,0.0,22.22,22.22,44.44,0.113,0.01,0.21,44.44,55.75,-11.31,0,0.0,苦手,C
3876,中辻崇人,4,4,6,66.67,0.0,16.67,83.33,0.11,0.02,0.19,50.0,47.51,35.82,0,0.0,得意,C
4248,岡本大,5,5,5,0.0,0.0,20.0,20.0,0.212,0.11,0.29,0.0,35.28,-15.28,0,0.0,苦手,C
3212,亀本勇樹,5,2,3,0.0,33.33,0.0,33.33,0.23,0.09,0.34,33.33,57.15,-23.82,3,100.0,少数参考,参考
4762,藤原啓史朗,6,5,3,0.0,33.33,0.0,33.33,0.12,0.11,0.13,0.0,35.28,-1.95,3,100.0,少数参考,参考
4406,幸野史明,3,3,4,0.0,50.0,0.0,50.0,0.15,0.13,0.17,25.0,55.75,-5.75,0,0.0,少数参考,参考
4842,山下昂大,4,4,9,22.22,22.22,0.0,44.44,0.141,0.07,0.2,22.22,47.51,-3.07,0,0.0,標準,C
4822,百武翔,5,5,6,16.67,33.33,33.33,83.33,0.157,0.05,0.27,0.0,35.28,48.05,0,0.0,得意,C
4950,高岡竜也,3,3,20,5.0,40.0,10.0,55.0,0.149,0.09,0.23,20.0,55.75,-0.75,0,0.0,標準,A
4919,吉田翔悟,5,5,6,0.0,0.0,16.67,16.67,0.105,0.03,0.2,33.33,35.28,-18.61,0,0.0,苦手,C
4822,百武翔,2,2,5,0.0,60.0,20.0,80.0,0.18,0.11,0.27,0.0,57.15,22.85,0,0.0,得意,C
3953,志道吉和,3,3,6,33.33,16.67,50.0,100.0,0.145,0.13,0.16,0.0,55.75,44.25,0,0.0,得意,C
3948,大町利克,6,6,6,0.0,0.0,0.0,0.0,0.21,0.11,0.29,0.0,22.5,-22.5,0,0.0,苦手,C
4919,吉田翔悟,1,1,4,50.0,25.0,25.0,100.0,0.148,0.08,0.28,50.0,85.37,14.63,0,0.0,少数参考,参考
4747,山戸信二,1,1,5,0.0,0.0,20.0,20.0,0.194,0.09,0.32,0.0,85.37,-65.37,0,0.0,苦手,C
5176,石倉拓美,3,3,6,16.67,16.67,16.67,50.0,0.205,0.15,0.31,0.0,55.75,-5.75,0,0.0,標準,C
3948,大町利克,4,4,4,0.0,25.0,50.0,75.0,0.23,0.16,0.33,0.0,47.51,27.49,0,0.0,少数参考,参考
4248,岡本大,2,2,9,22.22,11.11,22.22,55.56,0.159,0.11,0.21,0.0,57.15,-1.59,0,0.0,標準,C
4268,和合俊介,1,1,5,20.0,40.0,0.0,60.0,0.11,0.07,0.16,20.0,85.37,-25.37,0,0.0,苦手,C
3948,大町利克,1,1,5,60.0,0.0,0.0,60.0,0.18,0.07,0.28,20.0,85.37,-25.37,0,0.0,苦手,C
5107,松本真広,4,5,3,0.0,0.0,33.33,33.33,0.17,0.08,0.28,33.33,35.28,-1.95,3,100.0,少数参考,参考
4950,高岡竜也,5,5,18,5.56,16.67,50.0,72.22,0.187,0.05,0.38,16.67,35.28,36.94,0,0.0,得意,B
4475,末永祐輝,3,5,3,0.0,0.0,66.67,66.67,0.083,0.02,0.14,33.33,35.28,31.39,3,100.0,少数参考,参考
3574,大神康司,5,2,6,0.0,0.0,0.0,0.0,0.172,0.13,0.23,0.0,57.15,-57.15,6,100.0,苦手,C
5022,伊藤尚汰,2,2,4,0.0,0.0,50.0,50.0,0.177,0.14,0.23,0.0,57.15,-7.15,0,0.0,少数参考,参考
5000,岡本翔太郎,3,3,20,5.0,20.0,15.0,40.0,0.14,0.06,0.22,15.0,55.75,-15.75,0,0.0,苦手,A
3478,嶋田貴支,4,4,4,25.0,0.0,0.0,25.0,0.175,0.11,0.25,25.0,47.51,-22.51,0,0.0,少数参考,参考
4432,黄金井力良,6,6,3,0.0,33.33,0.0,33.33,0.19,0.14,0.24,0.0,22.5,10.83,0,0.0,少数参考,参考
3519,冨田秀幸,2,2,8,0.0,37.5,25.0,62.5,0.147,0.01,0.23,25.0,57.15,5.35,0,0.0,やや得意,C
4727,安部慎一,3,3,9,11.11,0.0,33.33,44.44,0.103,0.02,0.28,33.33,55.75,-11.31,0,0.0,苦手,C
4053,芦澤望,2,2,3,33.33,0.0,0.0,33.33,0.177,0.06,0.28,0.0,57.15,-23.82,0,0.0,少数参考,参考
3757,畑和宏,1,1,5,80.0,0.0,0.0,80.0,0.108,0.02,0.15,60.0,85.37,-5.37,0,0.0,得意,C
3265,今村暢孝,3,2,14,21.43,14.29,42.86,78.57,0.123,0.02,0.22,14.29,57.15,21.42,14,100.0,得意,B
4330,奈須啓太,1,1,4,50.0,25.0,0.0,75.0,0.163,0.1,0.22,25.0,85.37,-10.37,0,0.0,少数参考,参考
4085,荻野裕介,2,2,3,0.0,0.0,33.33,33.33,0.213,0.17,0.24,0.0,57.15,-23.82,0,0.0,少数参考,参考
3772,一柳和孝,5,5,5,0.0,0.0,40.0,40.0,0.142,0.11,0.2,40.0,35.28,4.72,0,0.0,やや得意,C
5244,黒田剛,6,6,11,0.0,0.0,0.0,0.0,0.152,0.11,0.24,18.18,22.5,-22.5,0,0.0,苦手,B
3478,嶋田貴支,3,3,6,0.0,33.33,0.0,33.33,0.22,0.11,0.42,33.33,55.75,-22.42,0,0.0,苦手,C
5276,大島隆乃介,6,6,14,0.0,0.0,0.0,0.0,0.219,0.06,0.33,0.0,22.5,-22.5,0,0.0,苦手,B
3523,寳田亮治,1,1,15,53.33,13.33,13.33,80.0,0.174,0.05,0.36,40.0,85.37,-5.37,0,0.0,得意,B
5040,木村颯,2,2,5,0.0,20.0,0.0,20.0,0.138,0.04,0.24,20.0,57.15,-37.15,0,0.0,苦手,C
4693,松下誉士,3,3,10,0.0,40.0,0.0,40.0,0.169,0.08,0.27,30.0,55.75,-15.75,0,0.0,苦手,B
3978,齊藤仁,1,1,10,70.0,20.0,0.0,90.0,0.132,0.08,0.19,50.0,85.37,4.63,0,0.0,得意,B
3315,広瀬聖仁,3,3,6,0.0,16.67,16.67,33.33,0.173,0.03,0.35,16.67,55.75,-22.42,0,0.0,苦手,C
4995,田邉亮蔵,6,6,3,0.0,0.0,0.0,0.0,0.213,0.18,0.27,0.0,22.5,-22.5,0,0.0,少数参考,参考
4348,宮崎奨,3,3,8,0.0,37.5,50.0,87.5,0.14,0.09,0.19,12.5,55.75,31.75,0,0.0,得意,C
5022,伊藤尚汰,4,4,6,0.0,0.0,50.0,50.0,0.168,0.1,0.21,0.0,47.51,2.49,0,0.0,標準,C
3757,畑和宏,5,5,8,0.0,0.0,25.0,25.0,0.174,0.12,0.22,12.5,35.28,-10.28,0,0.0,苦手,C
3265,今村暢孝,1,1,20,45.0,25.0,5.0,75.0,0.147,0.09,0.29,25.0,85.37,-10.37,0,0.0,得意,A
4432,黄金井力良,3,3,6,0.0,16.67,16.67,33.33,0.138,0.07,0.19,16.67,55.75,-22.42,0,0.0,苦手,C
4615,板倉敦史,6,6,3,0.0,0.0,0.0,0.0,0.19,0.13,0.22,0.0,22.5,-22.5,0,0.0,少数参考,参考
3523,寳田亮治,3,3,16,0.0,37.5,18.75,56.25,0.156,0.03,0.28,25.0,55.75,0.5,0,0.0,標準,B
4293,鈴木智啓,4,4,7,0.0,0.0,14.29,14.29,0.179,0.11,0.26,14.29,47.51,-33.22,0,0.0,苦手,C
5000,岡本翔太郎,5,5,23,4.35,4.35,21.74,30.43,0.137,0.04,0.32,34.78,35.28,-4.85,0,0.0,標準,A
4053,芦澤望,6,6,3,33.33,0.0,33.33,66.67,0.137,0.11,0.18,33.33,22.5,44.17,0,0.0,少数参考,参考
4980,佐々木完太,1,1,36,75.0,19.44,2.78,97.22,0.135,0.01,0.24,38.89,85.37,11.85,0,0.0,得意,A
3978,齊藤仁,4,4,8,37.5,25.0,12.5,75.0,0.119,0.08,0.19,37.5,47.51,27.49,0,0.0,得意,C
4330,奈須啓太,5,5,3,0.0,0.0,0.0,0.0,0.113,0.09,0.15,100.0,35.28,-35.28,0,0.0,少数参考,参考
4025,山本隆幸,6,6,4,25.0,0.0,25.0,50.0,0.147,0.11,0.17,50.0,22.5,27.5,0,0.0,少数参考,参考
3627,井上恵一,3,3,13,15.38,23.08,23.08,61.54,0.192,0.11,0.35,7.69,55.75,5.79,0,0.0,やや得意,B
3315,広瀬聖仁,4,4,5,0.0,0.0,80.0,80.0,0.178,0.11,0.31,20.0,47.51,32.49,0,0.0,得意,C
5276,大島隆乃介,5,6,7,0.0,0.0,0.0,0.0,0.15,0.06,0.24,14.29,22.5,-22.5,7,100.0,苦手,C
4693,松下誉士,2,2,7,28.57,14.29,14.29,57.14,0.177,0.14,0.21,0.0,57.15,-0.01,0,0.0,標準,C
3637,齋藤和政,3,3,4,0.0,25.0,0.0,25.0,0.203,0.18,0.22,0.0,55.75,-30.75,0,0.0,少数参考,参考
5244,黒田剛,5,6,5,0.0,0.0,0.0,0.0,0.13,0.08,0.19,0.0,22.5,-22.5,5,100.0,苦手,C
5000,岡本翔太郎,4,5,3,0.0,0.0,33.33,33.33,0.233,0.14,0.39,0.0,35.28,-1.95,3,100.0,少数参考,参考
3265,今村暢孝,5,1,3,66.67,33.33,0.0,100.0,0.13,0.11,0.17,66.67,85.37,14.63,3,100.0,少数参考,参考
5040,木村颯,3,3,3,0.0,66.67,33.33,100.0,0.157,0.11,0.21,0.0,55.75,44.25,0,0.0,少数参考,参考
4025,山本隆幸,5,5,3,0.0,0.0,33.33,33.33,0.16,0.14,0.17,0.0,35.28,-1.95,0,0.0,少数参考,参考
4085,荻野裕介,6,6,3,0.0,0.0,66.67,66.67,0.193,0.14,0.25,0.0,22.5,44.17,0,0.0,少数参考,参考
3772,一柳和孝,1,1,6,66.67,16.67,0.0,83.33,0.123,0.01,0.18,33.33,85.37,-2.04,0,0.0,得意,C
3734,宮田政勝,2,2,5,0.0,40.0,20.0,60.0,0.168,0.06,0.23,40.0,57.15,2.85,0,0.0,標準,C
4348,宮崎奨,4,4,7,0.0,28.57,14.29,42.86,0.117,0.06,0.18,0.0,47.51,-4.65,0,0.0,標準,C
3519,冨田秀幸,1,1,6,16.67,16.67,50.0,83.33,0.167,0.12,0.24,0.0,85.37,-2.04,0,0.0,標準,C
4079,出畑孝典,4,4,9,22.22,22.22,22.22,66.67,0.116,0.08,0.21,33.33,47.51,19.16,0,0.0,得意,C
4432,黄金井力良,1,1,6,83.33,0.0,16.67,100.0,0.183,0.11,0.22,16.67,85.37,14.63,0,0.0,得意,C
3315,広瀬聖仁,2,2,4,0.0,25.0,25.0,50.0,0.168,0.13,0.21,25.0,57.15,-7.15,0,0.0,少数参考,参考
5022,伊藤尚汰,3,3,5,0.0,0.0,0.0,0.0,0.14,0.06,0.18,20.0,55.75,-55.75,0,0.0,苦手,C
3978,齊藤仁,5,5,6,16.67,33.33,0.0,50.0,0.108,0.06,0.15,33.33,35.28,14.72,0,0.0,得意,C
4931,木谷賢太,1,1,7,85.71,14.29,0.0,100.0,0.154,0.12,0.23,14.29,85.37,14.63,0,0.0,得意,C
3757,畑和宏,3,3,6,0.0,50.0,0.0,50.0,0.145,0.01,0.27,16.67,55.75,-5.75,0,0.0,標準,C
4330,奈須啓太,4,4,6,0.0,16.67,33.33,50.0,0.148,0.11,0.21,50.0,47.51,2.49,0,0.0,標準,C
4053,芦澤望,1,1,4,75.0,25.0,0.0,100.0,0.15,0.06,0.3,50.0,85.37,14.63,0,0.0,少数参考,参考
4615,板倉敦史,2,2,7,28.57,0.0,42.86,71.43,0.184,0.11,0.31,14.29,57.15,14.28,0,0.0,得意,C
3523,寳田亮治,5,5,12,0.0,0.0,41.67,41.67,0.159,0.07,0.34,25.0,35.28,6.39,0,0.0,やや得意,B
4980,佐々木完太,6,6,22,4.55,22.73,13.64,40.91,0.16,0.03,0.38,13.64,22.5,18.41,0,0.0,得意,A
4025,山本隆幸,1,1,9,100.0,0.0,0.0,100.0,0.149,0.1,0.25,22.22,85.37,14.63,0,0.0,得意,C
3772,一柳和孝,2,2,5,0.0,60.0,0.0,60.0,0.118,0.06,0.16,40.0,57.15,2.85,0,0.0,標準,C
4079,出畑孝典,6,6,7,0.0,0.0,14.29,14.29,0.15,0.04,0.32,14.29,22.5,-8.21,0,0.0,標準,C
3265,今村暢孝,2,2,17,11.76,41.18,5.88,58.82,0.154,0.08,0.21,17.65,57.15,1.67,0,0.0,標準,B
4931,木谷賢太,3,3,8,0.0,25.0,25.0,50.0,0.138,0.06,0.19,25.0,55.75,-5.75,0,0.0,標準,C
4085,荻野裕介,4,4,3,0.0,66.67,33.33,100.0,0.24,0.11,0.33,0.0,47.51,52.49,0,0.0,少数参考,参考
4432,黄金井力良,5,5,5,0.0,0.0,40.0,40.0,0.142,0.11,0.22,0.0,35.28,4.72,0,0.0,やや得意,C
4348,宮崎奨,6,6,7,0.0,0.0,28.57,28.57,0.143,0.08,0.2,0.0,22.5,6.07,0,0.0,やや得意,C
4995,田邉亮蔵,2,2,7,0.0,14.29,14.29,28.57,0.163,0.06,0.23,0.0,57.15,-28.58,0,0.0,苦手,C
5000,岡本翔太郎,2,2,24,12.5,8.33,16.67,37.5,0.128,0.05,0.21,25.0,57.15,-19.65,0,0.0,苦手,A
3519,冨田秀幸,3,3,8,0.0,37.5,12.5,50.0,0.149,0.07,0.34,12.5,55.75,-5.75,0,0.0,標準,C
3772,一柳和孝,3,3,4,25.0,25.0,0.0,50.0,0.14,0.11,0.2,0.0,55.75,-5.75,0,0.0,少数参考,参考
4931,木谷賢太,4,4,6,16.67,0.0,16.67,33.33,0.175,0.12,0.19,0.0,47.51,-14.18,0,0.0,苦手,C
4693,松下誉士,1,1,6,33.33,0.0,0.0,33.33,0.138,0.05,0.19,33.33,85.37,-52.04,0,0.0,苦手,C
4348,宮崎奨,5,5,4,0.0,25.0,25.0,50.0,0.143,0.12,0.18,0.0,35.28,14.72,0,0.0,少数参考,参考
3265,今村暢孝,6,2,11,0.0,36.36,27.27,63.64,0.141,0.08,0.21,27.27,57.15,6.49,11,100.0,やや得意,B
4085,荻野裕介,1,1,4,100.0,0.0,0.0,100.0,0.128,0.09,0.16,50.0,85.37,14.63,0,0.0,少数参考,参考
3523,寳田亮治,2,2,14,7.14,28.57,7.14,42.86,0.161,0.08,0.22,0.0,57.15,-14.29,0,0.0,苦手,B
4432,黄金井力良,4,4,3,0.0,0.0,33.33,33.33,0.143,0.12,0.17,33.33,47.51,-14.18,0,0.0,少数参考,参考
3315,広瀬聖仁,5,5,4,0.0,0.0,0.0,0.0,0.228,0.17,0.32,0.0,35.28,-35.28,0,0.0,少数参考,参考
4330,奈須啓太,6,6,3,0.0,0.0,0.0,0.0,0.117,0.09,0.15,66.67,22.5,-22.5,0,0.0,少数参考,参考
4053,芦澤望,4,4,4,25.0,0.0,25.0,50.0,0.165,0.11,0.26,25.0,47.51,2.49,0,0.0,少数参考,参考
4980,佐々木完太,5,5,17,5.88,11.76,17.65,35.29,0.112,0.04,0.18,41.18,35.28,0.01,0,0.0,標準,B
3734,宮田政勝,3,3,5,0.0,40.0,20.0,60.0,0.182,0.11,0.24,40.0,55.75,4.25,0,0.0,やや得意,C
4025,山本隆幸,4,4,3,0.0,0.0,33.33,33.33,0.19,0.17,0.2,0.0,47.51,-14.18,0,0.0,少数参考,参考
5000,岡本翔太郎,6,6,27,0.0,3.7,18.52,22.22,0.156,0.06,0.37,18.52,22.5,-0.28,0,0.0,標準,A
3478,嶋田貴支,2,2,5,20.0,20.0,20.0,60.0,0.204,0.15,0.23,0.0,57.15,2.85,0,0.0,標準,C
5040,木村颯,4,4,3,0.0,0.0,33.33,33.33,0.133,0.08,0.2,0.0,47.51,-14.18,0,0.0,少数参考,参考
4615,板倉敦史,5,5,6,0.0,16.67,16.67,33.33,0.188,0.11,0.28,0.0,35.28,-1.95,0,0.0,標準,C
3256,三角哲男,6,6,4,0.0,25.0,25.0,50.0,0.133,0.09,0.18,50.0,22.5,27.5,0,0.0,少数参考,参考
4348,宮崎奨,1,1,10,80.0,20.0,0.0,100.0,0.122,0.07,0.17,40.0,85.37,14.63,0,0.0,得意,B
4330,奈須啓太,2,2,3,33.33,0.0,33.33,66.67,0.1,0.08,0.13,33.33,57.15,9.52,0,0.0,少数参考,参考
4053,芦澤望,3,3,4,0.0,75.0,0.0,75.0,0.138,0.08,0.23,50.0,55.75,19.25,0,0.0,少数参考,参考
3519,冨田秀幸,4,4,8,12.5,12.5,12.5,37.5,0.158,0.12,0.29,12.5,47.51,-10.01,0,0.0,苦手,C
4995,田邉亮蔵,5,5,4,0.0,0.0,0.0,0.0,0.15,0.13,0.19,0.0,35.28,-35.28,0,0.0,少数参考,参考
4931,木谷賢太,6,6,6,0.0,0.0,0.0,0.0,0.18,0.12,0.27,0.0,22.5,-22.5,0,0.0,苦手,C
3757,畑和宏,2,2,6,16.67,33.33,16.67,66.67,0.13,0.06,0.21,16.67,57.15,9.52,0,0.0,得意,C
4085,荻野裕介,3,3,3,66.67,33.33,0.0,100.0,0.233,0.22,0.25,0.0,55.75,44.25,0,0.0,少数参考,参考
3523,寳田亮治,4,4,13,15.38,0.0,15.38,30.77,0.152,0.08,0.26,30.77,47.51,-16.74,0,0.0,苦手,B
3772,一柳和孝,6,6,4,0.0,0.0,0.0,0.0,0.208,0.14,0.29,25.0,22.5,-22.5,0,0.0,少数参考,参考
5000,岡本翔太郎,1,1,23,60.87,13.04,8.7,82.61,0.129,0.02,0.27,39.13,85.37,-2.76,0,0.0,得意,A
3637,齋藤和政,1,1,3,0.0,33.33,33.33,66.67,0.113,0.05,0.21,0.0,85.37,-18.7,0,0.0,少数参考,参考
4931,木谷賢太,2,2,5,20.0,20.0,0.0,40.0,0.166,0.06,0.2,0.0,57.15,-17.15,0,0.0,苦手,C
3523,寳田亮治,6,6,13,0.0,0.0,30.77,30.77,0.182,0.07,0.27,15.38,22.5,8.27,0,0.0,得意,B
4432,黄金井力良,2,2,3,0.0,33.33,33.33,66.67,0.227,0.14,0.31,0.0,57.15,9.52,0,0.0,少数参考,参考
4995,田邉亮蔵,3,3,5,0.0,0.0,20.0,20.0,0.178,0.11,0.23,20.0,55.75,-35.75,0,0.0,苦手,C
3265,今村暢孝,4,2,9,11.11,33.33,11.11,55.56,0.119,0.07,0.18,22.22,57.15,-1.59,9,100.0,標準,C
3519,冨田秀幸,5,5,7,0.0,14.29,28.57,42.86,0.153,0.12,0.23,14.29,35.28,7.58,0,0.0,やや得意,C
3637,齋藤和政,2,2,4,25.0,0.0,0.0,25.0,0.198,0.16,0.26,0.0,57.15,-32.15,0,0.0,少数参考,参考
4085,荻野裕介,5,5,4,0.0,0.0,50.0,50.0,0.188,0.15,0.21,0.0,35.28,14.72,0,0.0,少数参考,参考
4126,吉本玲緒,3,3,4,25.0,50.0,0.0,75.0,0.118,0.08,0.16,50.0,55.75,19.25,0,0.0,少数参考,参考
3772,一柳和孝,4,4,4,0.0,25.0,50.0,75.0,0.143,0.07,0.2,0.0,47.51,27.49,0,0.0,少数参考,参考
4348,宮崎奨,2,2,6,0.0,66.67,33.33,100.0,0.187,0.13,0.29,0.0,57.15,42.85,0,0.0,得意,C
4025,山本隆幸,3,3,5,20.0,60.0,0.0,80.0,0.16,0.11,0.19,0.0,55.75,24.25,0,0.0,得意,C
4727,安部慎一,1,1,5,100.0,0.0,0.0,100.0,0.094,0.07,0.16,100.0,85.37,14.63,0,0.0,得意,C
5022,伊藤尚汰,6,6,3,0.0,0.0,0.0,0.0,0.133,0.01,0.25,33.33,22.5,-22.5,0,0.0,少数参考,参考
3315,広瀬聖仁,1,1,3,66.67,0.0,0.0,66.67,0.14,0.04,0.25,33.33,85.37,-18.7,0,0.0,少数参考,参考
3734,宮田政勝,5,5,4,0.0,0.0,25.0,25.0,0.168,0.11,0.21,0.0,35.28,-10.28,0,0.0,少数参考,参考
4330,奈須啓太,3,3,4,50.0,0.0,25.0,75.0,0.113,0.03,0.17,75.0,55.75,19.25,0,0.0,少数参考,参考
3978,齊藤仁,6,6,4,0.0,25.0,0.0,25.0,0.193,0.09,0.25,0.0,22.5,2.5,0,0.0,少数参考,参考
4980,佐々木完太,4,4,19,15.79,26.32,21.05,63.16,0.138,0.04,0.31,31.58,47.51,15.65,0,0.0,得意,B
3637,齋藤和政,4,4,5,0.0,0.0,20.0,20.0,0.176,0.1,0.22,0.0,47.51,-27.51,0,0.0,苦手,C
5040,木村颯,6,6,3,0.0,0.0,0.0,0.0,0.127,0.11,0.14,66.67,22.5,-22.5,0,0.0,少数参考,参考
4727,安部慎一,2,2,8,50.0,0.0,25.0,75.0,0.122,0.03,0.18,25.0,57.15,17.85,0,0.0,得意,C
4980,佐々木完太,3,3,16,31.25,25.0,18.75,75.0,0.154,0.06,0.26,31.25,55.75,19.25,0,0.0,得意,B
3978,齊藤仁,3,3,5,0.0,60.0,0.0,60.0,0.12,0.07,0.15,0.0,55.75,4.25,0,0.0,やや得意,C
3265,今村暢孝,5,2,8,25.0,25.0,0.0,50.0,0.176,0.09,0.36,12.5,57.15,-7.15,8,100.0,標準,C
5145,島川海輝,2,2,28,10.71,39.29,17.86,67.86,0.157,0.05,0.29,7.14,57.15,10.71,0,0.0,得意,A
3315,広瀬聖仁,6,6,4,0.0,0.0,0.0,0.0,0.158,0.12,0.21,50.0,22.5,-22.5,0,0.0,少数参考,参考
4931,木谷賢太,5,5,4,0.0,0.0,25.0,25.0,0.168,0.1,0.19,25.0,35.28,-10.28,0,0.0,少数参考,参考
5145,島川海輝,6,6,26,3.85,7.69,7.69,19.23,0.192,0.11,0.32,11.54,22.5,-3.27,0,0.0,標準,A
4143,浦田晃嗣,2,2,8,0.0,0.0,12.5,12.5,0.138,0.06,0.28,37.5,57.15,-44.65,0,0.0,苦手,C
3445,加藤高史,6,6,3,0.0,0.0,33.33,33.33,0.27,0.18,0.39,0.0,22.5,10.83,0,0.0,少数参考,参考
4439,近藤友宝,2,2,4,25.0,25.0,0.0,50.0,0.158,0.13,0.18,0.0,57.15,-7.15,0,0.0,少数参考,参考
4676,後藤隼之,3,3,3,0.0,0.0,0.0,0.0,0.19,0.12,0.27,33.33,55.75,-55.75,0,0.0,少数参考,参考
3690,河合三弘,2,2,9,11.11,44.44,22.22,77.78,0.162,0.1,0.24,11.11,57.15,20.63,0,0.0,得意,C
4390,松本弓雄,4,4,5,0.0,0.0,20.0,20.0,0.17,0.11,0.22,20.0,47.51,-27.51,0,0.0,苦手,C
5154,村松栄太,3,4,3,0.0,0.0,33.33,33.33,0.2,0.12,0.27,33.33,47.51,-14.18,3,100.0,少数参考,参考
4883,岡部大輝,5,5,3,33.33,0.0,33.33,66.67,0.107,0.07,0.16,0.0,35.28,31.39,0,0.0,少数参考,参考
4143,浦田晃嗣,6,6,6,0.0,0.0,0.0,0.0,0.198,0.17,0.21,0.0,22.5,-22.5,0,0.0,苦手,C
4209,藤田竜弘,4,4,4,0.0,75.0,0.0,75.0,0.12,0.07,0.19,75.0,47.51,27.49,0,0.0,少数参考,参考
4201,佐竹友樹,5,5,3,0.0,0.0,0.0,0.0,0.16,0.12,0.21,0.0,35.28,-35.28,0,0.0,少数参考,参考
5031,渡辺空依,6,6,4,0.0,0.0,25.0,25.0,0.247,0.14,0.38,0.0,22.5,2.5,0,0.0,少数参考,参考
3333,丸尾義孝,2,2,8,12.5,37.5,37.5,87.5,0.171,0.08,0.27,37.5,57.15,30.35,0,0.0,得意,C
3445,加藤高史,2,2,4,0.0,0.0,25.0,25.0,0.185,0.15,0.21,0.0,57.15,-32.15,0,0.0,少数参考,参考
3690,河合三弘,4,4,4,0.0,0.0,0.0,0.0,0.212,0.13,0.35,25.0,47.51,-47.51,0,0.0,少数参考,参考
4439,近藤友宝,5,5,3,0.0,0.0,0.0,0.0,0.153,0.06,0.21,33.33,35.28,-35.28,0,0.0,少数参考,参考
4812,西野雄貴,4,4,7,28.57,14.29,14.29,57.14,0.133,0.01,0.25,42.86,47.51,9.63,0,0.0,得意,C
3527,中嶋誠一郎,6,5,4,0.0,0.0,50.0,50.0,0.15,0.1,0.21,0.0,35.28,14.72,4,100.0,少数参考,参考
4037,別府正幸,2,2,4,50.0,0.0,25.0,75.0,0.13,0.07,0.22,0.0,57.15,17.85,0,0.0,少数参考,参考
4439,近藤友宝,4,4,3,0.0,0.0,0.0,0.0,0.15,0.15,0.15,0.0,47.51,-47.51,0,0.0,少数参考,参考
5031,渡辺空依,5,5,4,0.0,0.0,25.0,25.0,0.188,0.13,0.27,0.0,35.28,-10.28,0,0.0,少数参考,参考
5154,村松栄太,4,4,11,0.0,18.18,18.18,36.36,0.165,0.08,0.35,18.18,47.51,-11.15,0,0.0,苦手,B
3333,丸尾義孝,5,5,5,0.0,0.0,20.0,20.0,0.146,0.09,0.24,40.0,35.28,-15.28,0,0.0,苦手,C
3445,加藤高史,1,1,3,66.67,33.33,0.0,100.0,0.127,0.12,0.14,0.0,85.37,14.63,0,0.0,少数参考,参考
3571,寺本武司,4,4,7,0.0,0.0,28.57,28.57,0.171,0.07,0.23,14.29,47.51,-18.94,0,0.0,苦手,C
3737,上平真二,6,6,6,16.67,0.0,16.67,33.33,0.195,0.12,0.27,0.0,22.5,10.83,0,0.0,得意,C
4883,岡部大輝,2,2,5,20.0,40.0,0.0,60.0,0.138,0.1,0.18,20.0,57.15,2.85,0,0.0,標準,C
3752,宇土泰就,3,3,9,11.11,0.0,22.22,33.33,0.143,0.07,0.26,11.11,55.75,-22.42,0,0.0,苦手,C
3690,河合三弘,1,1,5,40.0,20.0,20.0,80.0,0.106,0.09,0.14,40.0,85.37,-5.37,0,0.0,得意,C
5031,渡辺空依,2,2,4,0.0,75.0,0.0,75.0,0.182,0.11,0.28,25.0,57.15,17.85,0,0.0,少数参考,参考
3779,原田幸哉,5,4,4,25.0,25.0,50.0,100.0,0.107,0.05,0.19,25.0,47.51,52.49,4,100.0,少数参考,参考
4812,西野雄貴,1,1,10,80.0,20.0,0.0,100.0,0.125,0.04,0.25,50.0,85.37,14.63,0,0.0,得意,B
4650,中山雄太,4,4,3,0.0,33.33,33.33,66.67,0.147,0.14,0.16,0.0,47.51,19.16,0,0.0,少数参考,参考
4970,井町泰,2,2,8,0.0,25.0,0.0,25.0,0.19,0.15,0.25,0.0,57.15,-32.15,0,0.0,苦手,C
3333,丸尾義孝,1,1,9,44.44,22.22,33.33,100.0,0.164,0.09,0.28,33.33,85.37,14.63,0,0.0,得意,C
3752,宇土泰就,2,2,8,0.0,0.0,25.0,25.0,0.193,0.14,0.31,0.0,57.15,-32.15,0,0.0,苦手,C
3558,山本浩次,5,5,9,11.11,0.0,22.22,33.33,0.134,0.02,0.29,55.56,35.28,-1.95,0,0.0,標準,C
4956,齊藤大将,4,4,4,0.0,0.0,25.0,25.0,0.182,0.13,0.29,0.0,47.51,-22.51,0,0.0,少数参考,参考
4209,藤田竜弘,3,3,4,0.0,25.0,50.0,75.0,0.168,0.13,0.19,0.0,55.75,19.25,0,0.0,少数参考,参考
4883,岡部大輝,6,6,7,0.0,0.0,14.29,14.29,0.131,0.07,0.22,28.57,22.5,-8.21,0,0.0,標準,C
3752,宇土泰就,5,5,8,0.0,12.5,12.5,25.0,0.14,0.04,0.21,37.5,35.28,-10.28,0,0.0,苦手,C
4970,井町泰,1,1,5,0.0,40.0,0.0,40.0,0.2,0.08,0.33,20.0,85.37,-45.37,0,0.0,苦手,C
4956,齊藤大将,2,2,3,0.0,0.0,33.33,33.33,0.173,0.13,0.22,0.0,57.15,-23.82,0,0.0,少数参考,参考
4676,後藤隼之,5,5,3,0.0,0.0,0.0,0.0,0.207,0.16,0.29,0.0,35.28,-35.28,0,0.0,少数参考,参考
3690,河合三弘,6,6,6,0.0,0.0,33.33,33.33,0.243,0.05,0.45,0.0,22.5,10.83,0,0.0,得意,C
4143,浦田晃嗣,3,3,5,0.0,0.0,20.0,20.0,0.166,0.12,0.21,20.0,55.75,-35.75,0,0.0,苦手,C
5031,渡辺空依,1,1,3,66.67,0.0,0.0,66.67,0.157,0.08,0.27,33.33,85.37,-18.7,0,0.0,少数参考,参考
4360,庄司孝輔,4,5,4,25.0,0.0,25.0,50.0,0.225,0.16,0.39,0.0,35.28,14.72,4,100.0,少数参考,参考
4174,赤坂俊輔,6,4,3,0.0,0.0,66.67,66.67,0.177,0.11,0.23,0.0,47.51,19.16,3,100.0,少数参考,参考
4883,岡部大輝,1,1,4,75.0,25.0,0.0,100.0,0.087,0.03,0.11,50.0,85.37,14.63,0,0.0,少数参考,参考
4143,浦田晃嗣,1,1,4,25.0,25.0,25.0,75.0,0.147,0.08,0.21,50.0,85.37,-10.37,0,0.0,少数参考,参考
3333,丸尾義孝,3,3,10,20.0,40.0,10.0,70.0,0.176,0.13,0.21,30.0,55.75,14.25,0,0.0,得意,B
5154,村松栄太,5,6,3,0.0,0.0,0.0,0.0,0.157,0.12,0.19,0.0,22.5,-22.5,3,100.0,少数参考,参考
3779,原田幸哉,6,4,4,25.0,25.0,0.0,50.0,0.128,0.11,0.17,75.0,47.51,2.49,4,100.0,少数参考,参考
4676,後藤隼之,2,2,4,0.0,25.0,0.0,25.0,0.158,0.13,0.19,0.0,57.15,-32.15,0,0.0,少数参考,参考
3690,河合三弘,3,3,9,11.11,44.44,11.11,66.67,0.18,0.07,0.31,11.11,55.75,10.92,0,0.0,得意,C
4970,井町泰,3,3,5,0.0,0.0,0.0,0.0,0.18,0.14,0.24,20.0,55.75,-55.75,0,0.0,苦手,C
4812,西野雄貴,2,2,7,14.29,14.29,28.57,57.14,0.15,0.06,0.24,42.86,57.15,-0.01,0,0.0,標準,C
4883,岡部大輝,3,3,4,0.0,25.0,0.0,25.0,0.075,0.03,0.15,50.0,55.75,-30.75,0,0.0,少数参考,参考
3333,丸尾義孝,4,4,7,0.0,28.57,14.29,42.86,0.18,0.09,0.33,28.57,47.51,-4.65,0,0.0,標準,C
3527,中嶋誠一郎,5,5,6,0.0,16.67,16.67,33.33,0.175,0.15,0.2,0.0,35.28,-1.95,0,0.0,標準,C
5154,村松栄太,1,1,5,0.0,20.0,20.0,40.0,0.128,0.1,0.2,20.0,85.37,-45.37,0,0.0,苦手,C
3445,加藤高史,3,3,4,25.0,0.0,0.0,25.0,0.165,0.07,0.3,0.0,55.75,-30.75,0,0.0,少数参考,参考
4600,井内将太郎,5,5,6,0.0,33.33,16.67,50.0,0.117,0.04,0.17,50.0,35.28,14.72,0,0.0,得意,C
3736,岡本猛,6,6,4,0.0,0.0,25.0,25.0,0.185,0.08,0.23,0.0,22.5,2.5,0,0.0,少数参考,参考
4676,後藤隼之,4,4,4,0.0,0.0,25.0,25.0,0.163,0.12,0.19,0.0,47.51,-22.51,0,0.0,少数参考,参考
3065,増田弘喜,4,4,3,0.0,0.0,0.0,0.0,0.17,0.1,0.23,0.0,47.51,-47.51,0,0.0,少数参考,参考
4883,岡部大輝,4,4,4,25.0,25.0,25.0,75.0,0.135,0.09,0.18,25.0,47.51,27.49,0,0.0,少数参考,参考
3752,宇土泰就,1,1,6,50.0,0.0,0.0,50.0,0.203,0.11,0.29,0.0,85.37,-35.37,0,0.0,苦手,C
4812,西野雄貴,3,3,4,50.0,50.0,0.0,100.0,0.128,0.1,0.15,50.0,55.75,44.25,0,0.0,少数参考,参考
3065,増田弘喜,3,3,3,0.0,33.33,0.0,33.33,0.18,0.12,0.25,0.0,55.75,-22.42,0,0.0,少数参考,参考
5154,村松栄太,6,6,8,0.0,0.0,0.0,0.0,0.15,0.08,0.29,37.5,22.5,-22.5,0,0.0,苦手,C
4209,藤田竜弘,1,1,5,40.0,20.0,20.0,80.0,0.15,0.03,0.26,0.0,85.37,-5.37,0,0.0,得意,C
4970,井町泰,4,4,7,0.0,0.0,14.29,14.29,0.131,0.07,0.24,14.29,47.51,-33.22,0,0.0,苦手,C
4812,西野雄貴,5,5,7,71.43,0.0,0.0,71.43,0.12,0.05,0.16,42.86,35.28,36.15,0,0.0,得意,C
4600,井内将太郎,4,4,6,0.0,16.67,16.67,33.33,0.133,0.06,0.21,16.67,47.51,-14.18,0,0.0,苦手,C
4571,菅章哉,5,6,3,0.0,0.0,0.0,0.0,0.167,0.12,0.23,0.0,22.5,-22.5,3,100.0,少数参考,参考
3752,宇土泰就,6,6,5,0.0,0.0,0.0,0.0,0.13,0.06,0.16,40.0,22.5,-22.5,0,0.0,苦手,C
4143,浦田晃嗣,5,6,3,0.0,0.0,0.0,0.0,0.137,0.1,0.18,0.0,22.5,-22.5,3,100.0,少数参考,参考
3690,河合三弘,5,5,6,0.0,0.0,33.33,33.33,0.18,0.12,0.24,16.67,35.28,-1.95,0,0.0,標準,C
5154,村松栄太,3,3,16,6.25,18.75,12.5,37.5,0.146,0.04,0.33,18.75,55.75,-18.25,0,0.0,苦手,B
3333,丸尾義孝,6,6,6,16.67,0.0,0.0,16.67,0.173,0.09,0.24,16.67,22.5,-5.83,0,0.0,標準,C
3752,宇土泰就,4,4,10,0.0,30.0,20.0,50.0,0.186,0.12,0.33,0.0,47.51,2.49,0,0.0,標準,B
5031,渡辺空依,4,4,6,0.0,0.0,16.67,16.67,0.18,0.13,0.29,0.0,47.51,-30.84,0,0.0,苦手,C
5154,村松栄太,5,5,13,23.08,0.0,30.77,53.85,0.157,0.03,0.29,23.08,35.28,18.57,0,0.0,得意,B
5154,村松栄太,2,2,14,21.43,0.0,21.43,42.86,0.176,0.05,0.37,14.29,57.15,-14.29,0,0.0,苦手,B
3558,山本浩次,6,6,4,0.0,0.0,50.0,50.0,0.145,0.07,0.24,25.0,22.5,27.5,0,0.0,少数参考,参考
4753,森照夫,5,6,4,0.0,0.0,0.0,0.0,0.235,0.09,0.37,0.0,22.5,-22.5,4,100.0,少数参考,参考
4551,三川昂暁,4,4,7,0.0,14.29,28.57,42.86,0.206,0.12,0.34,0.0,47.51,-4.65,0,0.0,標準,C
4874,池田奈津美,1,1,5,20.0,20.0,40.0,80.0,0.15,0.11,0.25,60.0,85.37,-5.37,0,0.0,得意,C
4627,藤原菜希,2,2,5,60.0,0.0,0.0,60.0,0.14,0.01,0.22,60.0,57.15,2.85,0,0.0,標準,C
3509,道上千夏,3,3,4,0.0,0.0,25.0,25.0,0.13,0.12,0.15,75.0,55.75,-30.75,0,0.0,少数参考,参考
4190,長嶋万記,5,5,3,0.0,66.67,0.0,66.67,0.16,0.11,0.19,33.33,35.28,31.39,0,0.0,少数参考,参考
4782,浜崎準也,2,2,4,0.0,0.0,0.0,0.0,0.242,0.16,0.32,0.0,57.15,-57.15,0,0.0,少数参考,参考
4015,前野竜一,3,3,9,22.22,33.33,22.22,77.78,0.177,0.07,0.27,0.0,55.75,22.03,0,0.0,得意,C
5181,森智哉,4,4,5,0.0,0.0,60.0,60.0,0.17,0.11,0.24,40.0,47.51,12.49,0,0.0,得意,C
5052,赤井星璃菜,2,2,3,33.33,0.0,0.0,33.33,0.143,0.08,0.23,33.33,57.15,-23.82,0,0.0,少数参考,参考
3778,安達美帆,1,1,4,0.0,25.0,25.0,50.0,0.242,0.2,0.33,0.0,85.37,-35.37,0,0.0,少数参考,参考
4845,前田紗希,4,4,5,0.0,20.0,40.0,60.0,0.12,0.02,0.19,0.0,47.51,12.49,0,0.0,得意,C
5163,清水愛海,5,5,16,18.75,25.0,6.25,50.0,0.182,0.04,0.31,12.5,35.28,14.72,0,0.0,得意,B
3509,道上千夏,1,1,4,0.0,75.0,0.0,75.0,0.212,0.18,0.25,25.0,85.37,-10.37,0,0.0,少数参考,参考
5164,森田梨湖,3,3,4,0.0,0.0,25.0,25.0,0.242,0.19,0.32,0.0,55.75,-30.75,0,0.0,少数参考,参考
4627,藤原菜希,5,5,6,0.0,0.0,16.67,16.67,0.213,0.15,0.29,0.0,35.28,-18.61,0,0.0,苦手,C
3579,中里優子,4,4,3,0.0,0.0,66.67,66.67,0.153,0.12,0.19,0.0,47.51,19.16,0,0.0,少数参考,参考
4123,細川裕子,5,5,7,14.29,14.29,14.29,42.86,0.17,0.11,0.24,14.29,35.28,7.58,0,0.0,やや得意,C
4753,森照夫,1,1,4,50.0,25.0,25.0,100.0,0.158,0.11,0.25,25.0,85.37,14.63,0,0.0,少数参考,参考
4782,浜崎準也,4,4,4,0.0,25.0,50.0,75.0,0.215,0.18,0.27,0.0,47.51,27.49,0,0.0,少数参考,参考
4657,江崎一雄,5,5,3,0.0,33.33,0.0,33.33,0.19,0.13,0.22,0.0,35.28,-1.95,0,0.0,少数参考,参考
4821,妻鳥晋也,6,6,3,0.0,0.0,0.0,0.0,0.18,0.09,0.28,33.33,22.5,-22.5,0,0.0,少数参考,参考
4190,長嶋万記,1,1,8,100.0,0.0,0.0,100.0,0.133,0.07,0.26,62.5,85.37,14.63,0,0.0,得意,C
4845,前田紗希,5,5,4,0.0,25.0,25.0,50.0,0.16,0.1,0.23,25.0,35.28,14.72,0,0.0,少数参考,参考
4015,前野竜一,4,4,7,0.0,28.57,28.57,57.14,0.176,0.1,0.32,0.0,47.51,9.63,0,0.0,得意,C
4821,妻鳥晋也,4,4,4,0.0,25.0,25.0,50.0,0.163,0.08,0.25,0.0,47.51,2.49,0,0.0,少数参考,参考
4510,坂本奈央,2,2,3,0.0,0.0,0.0,0.0,0.23,0.2,0.26,0.0,57.15,-57.15,0,0.0,少数参考,参考
4123,細川裕子,3,3,5,80.0,0.0,0.0,80.0,0.17,0.13,0.24,20.0,55.75,24.25,0,0.0,得意,C
5163,清水愛海,3,3,21,14.29,28.57,33.33,76.19,0.156,0.05,0.36,19.05,55.75,20.44,0,0.0,得意,A
5052,赤井星璃菜,5,5,3,0.0,0.0,0.0,0.0,0.147,0.11,0.21,100.0,35.28,-35.28,0,0.0,少数参考,参考
4551,三川昂暁,1,1,7,42.86,42.86,0.0,85.71,0.174,0.1,0.24,14.29,85.37,0.34,0,0.0,得意,C
4015,前野竜一,5,5,6,0.0,50.0,0.0,50.0,0.168,0.13,0.29,0.0,35.28,14.72,0,0.0,得意,C
4017,向井美鈴,2,2,18,27.78,11.11,22.22,61.11,0.165,0.06,0.38,11.11,57.15,3.96,0,0.0,標準,B
3778,安達美帆,3,3,9,0.0,22.22,0.0,22.22,0.217,0.16,0.41,11.11,55.75,-33.53,0,0.0,苦手,C
4510,坂本奈央,5,5,3,0.0,33.33,0.0,33.33,0.24,0.11,0.48,0.0,35.28,-1.95,0,0.0,少数参考,参考
4190,長嶋万記,4,4,5,0.0,60.0,20.0,80.0,0.162,0.09,0.24,20.0,47.51,32.49,0,0.0,得意,C
4782,浜崎準也,6,6,4,0.0,0.0,0.0,0.0,0.172,0.09,0.24,0.0,22.5,-22.5,0,0.0,少数参考,参考
4627,藤原菜希,1,1,10,40.0,30.0,10.0,80.0,0.147,0.03,0.32,20.0,85.37,-5.37,0,0.0,得意,B
4874,池田奈津美,2,2,9,33.33,11.11,11.11,55.56,0.203,0.07,0.39,22.22,57.15,-1.59,0,0.0,標準,C
4443,津田裕絵,5,5,16,0.0,12.5,37.5,50.0,0.195,0.0,0.31,6.25,35.28,14.72,0,0.0,得意,B
4123,細川裕子,2,2,7,28.57,28.57,14.29,71.43,0.131,0.03,0.19,14.29,57.15,14.28,0,0.0,得意,C
5163,清水愛海,6,6,23,8.7,13.04,17.39,39.13,0.202,0.08,0.29,21.74,22.5,16.63,0,0.0,得意,A
4248,岡本大,3,3,9,0.0,0.0,33.33,33.33,0.137,0.07,0.21,33.33,55.75,-22.42,0,0.0,苦手,C
4753,森照夫,4,4,9,0.0,22.22,11.11,33.33,0.182,0.03,0.34,22.22,47.51,-14.18,0,0.0,苦手,C
5123,福山恵里奈,1,1,15,26.67,6.67,0.0,33.33,0.237,0.12,0.46,13.33,85.37,-52.04,0,0.0,苦手,B
3778,安達美帆,2,2,10,0.0,20.0,30.0,50.0,0.203,0.13,0.29,10.0,57.15,-7.15,0,0.0,標準,B
4123,細川裕子,4,4,4,0.0,25.0,0.0,25.0,0.237,0.12,0.31,0.0,47.51,-22.51,0,0.0,少数参考,参考
5164,森田梨湖,1,1,3,0.0,0.0,33.33,33.33,0.217,0.16,0.28,0.0,85.37,-52.04,0,0.0,少数参考,参考
5052,赤井星璃菜,3,3,3,0.0,33.33,33.33,66.67,0.13,0.01,0.27,66.67,55.75,10.92,0,0.0,少数参考,参考
4627,藤原菜希,4,4,7,14.29,14.29,28.57,57.14,0.144,0.07,0.3,42.86,47.51,9.63,0,0.0,得意,C
4015,前野竜一,1,1,9,33.33,44.44,11.11,88.89,0.183,0.1,0.25,11.11,85.37,3.52,0,0.0,標準,C
5181,森智哉,5,5,5,0.0,40.0,20.0,60.0,0.176,0.11,0.23,0.0,35.28,24.72,0,0.0,得意,C
4821,妻鳥晋也,1,1,3,66.67,0.0,33.33,100.0,0.213,0.16,0.27,33.33,85.37,14.63,0,0.0,少数参考,参考
4363,大野芳顕,4,4,8,0.0,0.0,37.5,37.5,0.168,0.1,0.32,25.0,47.51,-10.01,0,0.0,苦手,C
4782,浜崎準也,5,5,4,0.0,0.0,0.0,0.0,0.215,0.08,0.33,0.0,35.28,-35.28,0,0.0,少数参考,参考
4190,長嶋万記,2,2,3,0.0,100.0,0.0,100.0,0.22,0.21,0.24,0.0,57.15,42.85,0,0.0,少数参考,参考
4123,細川裕子,1,1,7,71.43,0.0,14.29,85.71,0.209,0.12,0.3,0.0,85.37,0.34,0,0.0,標準,C
4874,池田奈津美,3,3,7,0.0,0.0,57.14,57.14,0.124,0.11,0.14,42.86,55.75,1.39,0,0.0,標準,C
5019,柴田百恵,4,4,3,0.0,0.0,66.67,66.67,0.22,0.19,0.27,0.0,47.51,19.16,0,0.0,少数参考,参考
4387,平山智加,6,6,7,0.0,0.0,14.29,14.29,0.121,0.02,0.21,28.57,22.5,-8.21,0,0.0,標準,C
4657,江崎一雄,3,3,3,33.33,0.0,0.0,33.33,0.217,0.13,0.34,33.33,55.75,-22.42,0,0.0,少数参考,参考
4551,三川昂暁,5,5,4,0.0,25.0,0.0,25.0,0.188,0.12,0.24,0.0,35.28,-10.28,0,0.0,少数参考,参考
3509,道上千夏,2,2,6,0.0,16.67,33.33,50.0,0.235,0.13,0.44,16.67,57.15,-7.15,0,0.0,標準,C
5164,森田梨湖,4,4,5,0.0,0.0,0.0,0.0,0.214,0.14,0.35,0.0,47.51,-47.51,0,0.0,苦手,C
3579,中里優子,1,1,5,100.0,0.0,0.0,100.0,0.15,0.12,0.22,100.0,85.37,14.63,0,0.0,得意,C
5019,柴田百恵,2,2,3,0.0,0.0,33.33,33.33,0.173,0.13,0.21,0.0,57.15,-23.82,0,0.0,少数参考,参考
4627,藤原菜希,6,6,8,0.0,0.0,25.0,25.0,0.107,0.06,0.14,62.5,22.5,2.5,0,0.0,標準,C
4657,江崎一雄,4,4,3,0.0,0.0,0.0,0.0,0.153,0.09,0.2,33.33,47.51,-47.51,0,0.0,少数参考,参考
4551,三川昂暁,6,6,8,0.0,0.0,37.5,37.5,0.181,0.07,0.27,50.0,22.5,15.0,0,0.0,得意,C
4015,前野竜一,6,6,7,0.0,42.86,14.29,57.14,0.197,0.15,0.29,0.0,22.5,34.64,0,0.0,得意,C
3943,三松直美,1,1,3,66.67,33.33,0.0,100.0,0.053,0.02,0.1,66.67,85.37,14.63,0,0.0,少数参考,参考
3579,中里優子,3,3,5,40.0,0.0,40.0,80.0,0.134,0.11,0.17,40.0,55.75,24.25,0,0.0,得意,C
3778,安達美帆,5,5,5,0.0,0.0,0.0,0.0,0.196,0.11,0.27,20.0,35.28,-35.28,0,0.0,苦手,C
5164,森田梨湖,6,6,3,0.0,0.0,0.0,0.0,0.2,0.14,0.23,0.0,22.5,-22.5,0,0.0,少数参考,参考
4782,浜崎準也,1,1,5,80.0,0.0,0.0,80.0,0.152,0.09,0.2,60.0,85.37,-5.37,0,0.0,得意,C
4821,妻鳥晋也,3,3,8,25.0,12.5,62.5,100.0,0.186,0.13,0.29,12.5,55.75,44.25,0,0.0,得意,C
4506,稗田聖也,5,5,4,25.0,25.0,0.0,50.0,0.145,0.08,0.2,25.0,35.28,14.72,0,0.0,少数参考,参考
4657,江崎一雄,1,1,3,66.67,0.0,0.0,66.67,0.103,0.07,0.14,0.0,85.37,-18.7,0,0.0,少数参考,参考
5181,森智哉,2,2,6,0.0,33.33,33.33,66.67,0.155,0.12,0.22,16.67,57.15,9.52,0,0.0,得意,C
5164,森田梨湖,2,2,4,0.0,0.0,0.0,0.0,0.205,0.14,0.29,0.0,57.15,-57.15,0,0.0,少数参考,参考
3509,道上千夏,5,5,6,16.67,33.33,0.0,50.0,0.088,0.03,0.16,83.33,35.28,14.72,0,0.0,得意,C
4845,前田紗希,1,1,4,75.0,0.0,0.0,75.0,0.165,0.1,0.23,0.0,85.37,-10.37,0,0.0,少数参考,参考
4627,藤原菜希,3,3,9,11.11,11.11,33.33,55.56,0.122,0.07,0.17,55.56,55.75,-0.19,0,0.0,標準,C
5163,清水愛海,4,4,28,14.29,17.86,32.14,64.29,0.179,0.05,0.36,17.86,47.51,16.78,0,0.0,得意,A
5019,柴田百恵,5,5,3,0.0,0.0,0.0,0.0,0.2,0.11,0.28,0.0,35.28,-35.28,0,0.0,少数参考,参考
4753,森照夫,2,2,7,14.29,14.29,28.57,57.14,0.169,0.05,0.28,28.57,57.15,-0.01,0,0.0,標準,C
3943,三松直美,3,3,3,0.0,0.0,33.33,33.33,0.147,0.09,0.22,33.33,55.75,-22.42,0,0.0,少数参考,参考
4821,妻鳥晋也,5,5,7,14.29,14.29,0.0,28.57,0.207,0.09,0.36,0.0,35.28,-6.71,0,0.0,標準,C
5181,森智哉,6,6,5,0.0,0.0,20.0,20.0,0.176,0.15,0.21,20.0,22.5,-2.5,0,0.0,標準,C
5052,赤井星璃菜,4,4,3,33.33,0.0,0.0,33.33,0.143,0.07,0.19,66.67,47.51,-14.18,0,0.0,少数参考,参考
5181,森智哉,1,1,4,25.0,25.0,0.0,50.0,0.133,0.09,0.15,50.0,85.37,-35.37,0,0.0,少数参考,参考
4821,妻鳥晋也,2,2,5,0.0,60.0,0.0,60.0,0.172,0.09,0.25,20.0,57.15,2.85,0,0.0,標準,C
3778,安達美帆,4,4,5,20.0,0.0,20.0,40.0,0.208,0.14,0.28,20.0,47.51,-7.51,0,0.0,標準,C
4190,長嶋万記,6,6,3,0.0,0.0,0.0,0.0,0.14,0.05,0.21,33.33,22.5,-22.5,0,0.0,少数参考,参考
4015,前野竜一,2,2,3,0.0,66.67,0.0,66.67,0.13,0.09,0.18,0.0,57.15,9.52,0,0.0,少数参考,参考
5164,森田梨湖,5,5,4,0.0,0.0,0.0,0.0,0.247,0.2,0.33,0.0,35.28,-35.28,0,0.0,少数参考,参考
3509,道上千夏,4,4,4,25.0,0.0,25.0,50.0,0.135,0.11,0.16,100.0,47.51,2.49,0,0.0,少数参考,参考
4060,島田一生,4,4,6,0.0,33.33,16.67,50.0,0.133,0.11,0.15,16.67,47.51,2.49,0,0.0,標準,C
3982,福田理,4,4,9,0.0,22.22,0.0,22.22,0.161,0.06,0.27,33.33,47.51,-25.29,0,0.0,苦手,C
4952,吉武真也,5,5,5,0.0,0.0,0.0,0.0,0.17,0.12,0.24,20.0,35.28,-35.28,0,0.0,苦手,C
4458,抹香雄三,3,3,3,0.0,0.0,33.33,33.33,0.13,0.07,0.17,0.0,55.75,-22.42,0,0.0,少数参考,参考
5143,常盤海心,4,4,10,0.0,10.0,30.0,40.0,0.224,0.13,0.38,0.0,47.51,-7.51,0,0.0,標準,B
5016,宮田龍馬,3,3,5,0.0,40.0,20.0,60.0,0.116,0.09,0.14,20.0,55.75,4.25,0,0.0,やや得意,C
3842,星野太郎,2,2,4,25.0,50.0,0.0,75.0,0.2,0.14,0.25,0.0,57.15,17.85,0,0.0,少数参考,参考
5161,登玉隼百,3,3,7,14.29,14.29,28.57,57.14,0.124,0.03,0.22,14.29,55.75,1.39,0,0.0,標準,C
4039,村上功祐,6,6,3,0.0,0.0,0.0,0.0,0.233,0.19,0.28,0.0,22.5,-22.5,0,0.0,少数参考,参考
5278,田中駿兵,6,6,5,0.0,0.0,0.0,0.0,0.162,0.09,0.23,20.0,22.5,-22.5,0,0.0,苦手,C
5143,常盤海心,2,2,12,8.33,16.67,0.0,25.0,0.188,0.11,0.32,0.0,57.15,-32.15,0,0.0,苦手,B
4060,島田一生,6,6,4,0.0,0.0,0.0,0.0,0.092,0.06,0.14,25.0,22.5,-22.5,0,0.0,少数参考,参考
3411,池上隆行,3,3,4,0.0,0.0,0.0,0.0,0.148,0.06,0.19,0.0,55.75,-55.75,0,0.0,少数参考,参考
4977,馬野耀,5,5,4,25.0,0.0,25.0,50.0,0.118,0.06,0.14,0.0,35.28,14.72,0,0.0,少数参考,参考
5161,登玉隼百,2,2,7,0.0,28.57,28.57,57.14,0.186,0.13,0.32,28.57,57.15,-0.01,0,0.0,標準,C
3715,倉尾大介,3,3,10,0.0,40.0,30.0,70.0,0.12,0.04,0.21,30.0,55.75,14.25,0,0.0,得意,B
4383,竹田吉行,4,4,12,0.0,8.33,0.0,8.33,0.178,0.08,0.29,8.33,47.51,-39.18,0,0.0,苦手,B
4039,村上功祐,4,4,3,33.33,0.0,0.0,33.33,0.103,0.08,0.12,66.67,47.51,-14.18,0,0.0,少数参考,参考
3842,星野太郎,1,1,4,75.0,0.0,25.0,100.0,0.175,0.1,0.24,0.0,85.37,14.63,0,0.0,少数参考,参考
4458,抹香雄三,6,6,3,0.0,0.0,0.0,0.0,0.193,0.15,0.22,33.33,22.5,-22.5,0,0.0,少数参考,参考
5016,宮田龍馬,6,6,8,12.5,0.0,25.0,37.5,0.143,0.1,0.25,25.0,22.5,15.0,0,0.0,得意,C
4429,豊田泰洋,4,4,8,12.5,12.5,0.0,25.0,0.15,0.07,0.24,12.5,47.51,-22.51,0,0.0,苦手,C
4257,古川健,6,6,7,14.29,28.57,0.0,42.86,0.14,0.07,0.27,14.29,22.5,20.36,0,0.0,得意,C
3411,池上隆行,2,2,4,0.0,25.0,0.0,25.0,0.11,0.07,0.17,50.0,57.15,-32.15,0,0.0,少数参考,参考
4952,吉武真也,4,4,8,0.0,0.0,0.0,0.0,0.179,0.09,0.24,0.0,47.51,-47.51,0,0.0,苦手,C
4458,抹香雄三,1,1,3,66.67,0.0,0.0,66.67,0.097,0.07,0.11,66.67,85.37,-18.7,0,0.0,少数参考,参考
4060,島田一生,1,1,4,25.0,50.0,0.0,75.0,0.077,0.05,0.1,75.0,85.37,-10.37,0,0.0,少数参考,参考
3635,石田政吾,4,4,4,0.0,50.0,0.0,50.0,0.172,0.13,0.22,25.0,47.51,2.49,0,0.0,少数参考,参考
3777,樋口亮,6,6,3,0.0,0.0,0.0,0.0,0.153,0.09,0.24,33.33,22.5,-22.5,0,0.0,少数参考,参考
5016,宮田龍馬,2,2,6,16.67,16.67,33.33,66.67,0.122,0.06,0.17,0.0,57.15,9.52,0,0.0,得意,C
3715,倉尾大介,6,6,8,0.0,0.0,25.0,25.0,0.199,0.11,0.32,25.0,22.5,2.5,0,0.0,標準,C
4977,馬野耀,3,3,6,0.0,50.0,16.67,66.67,0.122,0.03,0.16,16.67,55.75,10.92,0,0.0,得意,C
3411,池上隆行,4,4,5,0.0,0.0,0.0,0.0,0.132,0.04,0.19,20.0,47.51,-47.51,0,0.0,苦手,C
4171,榎幸司,5,5,8,12.5,0.0,25.0,37.5,0.156,0.05,0.21,12.5,35.28,2.22,0,0.0,標準,C
3982,福田理,2,2,7,0.0,0.0,0.0,0.0,0.154,0.05,0.25,14.29,57.15,-57.15,0,0.0,苦手,C
4458,抹香雄三,5,5,4,0.0,25.0,0.0,25.0,0.19,0.13,0.23,50.0,35.28,-10.28,0,0.0,少数参考,参考
4167,片岡秀樹,6,6,6,16.67,0.0,0.0,16.67,0.185,0.12,0.25,33.33,22.5,-5.83,0,0.0,標準,C
4039,村上功祐,1,1,4,50.0,25.0,25.0,100.0,0.108,0.08,0.14,0.0,85.37,14.63,0,0.0,少数参考,参考
4060,島田一生,2,2,6,33.33,16.67,16.67,66.67,0.152,0.1,0.21,50.0,57.15,9.52,0,0.0,得意,C
5016,宮田龍馬,1,1,11,54.55,27.27,9.09,90.91,0.128,0.01,0.39,72.73,85.37,5.54,0,0.0,得意,B
4977,馬野耀,4,4,4,25.0,0.0,0.0,25.0,0.138,0.09,0.18,25.0,47.51,-22.51,0,0.0,少数参考,参考
3842,星野太郎,5,5,3,0.0,33.33,0.0,33.33,0.177,0.14,0.22,33.33,35.28,-1.95,0,0.0,少数参考,参考
3715,倉尾大介,4,4,6,0.0,16.67,16.67,33.33,0.173,0.12,0.22,0.0,47.51,-14.18,0,0.0,苦手,C
4952,吉武真也,2,2,6,16.67,0.0,0.0,16.67,0.182,0.07,0.26,0.0,57.15,-40.48,0,0.0,苦手,C
3411,池上隆行,5,5,3,0.0,0.0,33.33,33.33,0.2,0.17,0.22,0.0,35.28,-1.95,0,0.0,少数参考,参考
4977,馬野耀,2,2,3,66.67,33.33,0.0,100.0,0.143,0.08,0.19,33.33,57.15,42.85,0,0.0,少数参考,参考
5161,登玉隼百,5,5,5,0.0,20.0,0.0,20.0,0.118,0.04,0.22,20.0,35.28,-15.28,0,0.0,苦手,C
4039,村上功祐,3,3,3,33.33,33.33,0.0,66.67,0.12,0.07,0.18,66.67,55.75,10.92,0,0.0,少数参考,参考
3715,倉尾大介,1,1,10,40.0,40.0,20.0,100.0,0.135,0.01,0.24,40.0,85.37,14.63,0,0.0,得意,B
5143,常盤海心,5,5,10,0.0,0.0,20.0,20.0,0.172,0.08,0.32,20.0,35.28,-15.28,0,0.0,苦手,B
4842,山下昂大,2,2,6,16.67,66.67,0.0,83.33,0.147,0.06,0.23,33.33,57.15,26.18,0,0.0,得意,C
3842,星野太郎,6,6,4,0.0,0.0,0.0,0.0,0.287,0.22,0.43,0.0,22.5,-22.5,0,0.0,少数参考,参考
4458,抹香雄三,2,2,5,0.0,0.0,20.0,20.0,0.164,0.11,0.21,20.0,57.15,-37.15,0,0.0,苦手,C
4952,吉武真也,3,3,6,0.0,0.0,33.33,33.33,0.115,0.07,0.15,33.33,55.75,-22.42,0,0.0,苦手,C
5016,宮田龍馬,4,4,10,10.0,30.0,30.0,70.0,0.14,0.11,0.26,30.0,47.51,22.49,0,0.0,得意,B
4060,島田一生,5,5,5,0.0,0.0,20.0,20.0,0.126,0.11,0.17,40.0,35.28,-15.28,0,0.0,苦手,C
4039,村上功祐,5,5,4,0.0,0.0,25.0,25.0,0.212,0.05,0.34,0.0,35.28,-10.28,0,0.0,少数参考,参考
3842,星野太郎,3,3,5,0.0,60.0,0.0,60.0,0.16,0.12,0.21,0.0,55.75,4.25,0,0.0,やや得意,C
3715,倉尾大介,5,5,7,0.0,14.29,0.0,14.29,0.196,0.15,0.31,0.0,35.28,-20.99,0,0.0,苦手,C
3411,池上隆行,1,1,4,25.0,25.0,25.0,75.0,0.128,0.04,0.22,50.0,85.37,-10.37,0,0.0,少数参考,参考
4060,島田一生,3,3,6,16.67,33.33,0.0,50.0,0.212,0.12,0.31,0.0,55.75,-5.75,0,0.0,標準,C
5161,登玉隼百,1,1,5,80.0,20.0,0.0,100.0,0.106,0.05,0.14,60.0,85.37,14.63,0,0.0,得意,C
4039,村上功祐,2,2,3,33.33,33.33,0.0,66.67,0.113,0.07,0.19,33.33,57.15,9.52,0,0.0,少数参考,参考
3616,中村真,2,2,7,0.0,14.29,42.86,57.14,0.214,0.14,0.31,14.29,57.15,-0.01,0,0.0,標準,C
4977,馬野耀,1,1,6,100.0,0.0,0.0,100.0,0.152,0.08,0.21,66.67,85.37,14.63,0,0.0,得意,C
3842,星野太郎,4,4,5,0.0,40.0,20.0,60.0,0.19,0.13,0.25,40.0,47.51,12.49,0,0.0,得意,C
3411,池上隆行,6,6,4,0.0,0.0,25.0,25.0,0.237,0.12,0.36,0.0,22.5,2.5,0,0.0,少数参考,参考
3982,福田理,1,1,6,33.33,0.0,33.33,66.67,0.192,0.07,0.32,33.33,85.37,-18.7,0,0.0,苦手,C
4674,池田剛規,3,3,8,12.5,37.5,0.0,50.0,0.125,0.08,0.2,50.0,55.75,-5.75,0,0.0,標準,C
5067,山田真聖,4,4,19,10.53,0.0,5.26,15.79,0.159,0.09,0.43,10.53,47.51,-31.72,0,0.0,苦手,B
4871,菊池宏志,3,3,18,5.56,11.11,16.67,33.33,0.199,0.12,0.39,0.0,55.75,-22.42,0,0.0,苦手,B
4957,竹之内極,6,6,3,0.0,0.0,0.0,0.0,0.177,0.11,0.26,0.0,22.5,-22.5,0,0.0,少数参考,参考
5083,柳瀬幹太,3,3,18,0.0,16.67,22.22,38.89,0.156,0.09,0.24,0.0,55.75,-16.86,0,0.0,苦手,B
5145,島川海輝,4,4,34,17.65,14.71,11.76,44.12,0.143,0.03,0.29,26.47,47.51,-3.39,0,0.0,標準,A
4980,佐々木完太,2,2,15,33.33,26.67,26.67,86.67,0.137,0.02,0.24,0.0,57.15,29.52,0,0.0,得意,B
4871,菊池宏志,4,4,18,11.11,0.0,22.22,33.33,0.168,0.02,0.34,22.22,47.51,-14.18,0,0.0,苦手,B
5176,石倉拓美,3,6,3,0.0,0.0,0.0,0.0,0.173,0.05,0.27,33.33,22.5,-22.5,3,100.0,少数参考,参考
5067,山田真聖,5,4,3,0.0,33.33,33.33,66.67,0.14,0.09,0.17,0.0,47.51,19.16,3,100.0,少数参考,参考
5106,山崎祥,6,6,14,0.0,7.14,7.14,14.29,0.191,0.07,0.41,21.43,22.5,-8.21,0,0.0,標準,B
4172,森定晃史,1,1,3,66.67,33.33,0.0,100.0,0.13,0.1,0.17,33.33,85.37,14.63,0,0.0,少数参考,参考
4890,石川諒,3,3,14,7.14,21.43,0.0,28.57,0.152,0.09,0.22,21.43,55.75,-27.18,0,0.0,苦手,B
4957,竹之内極,4,4,3,0.0,0.0,0.0,0.0,0.12,0.03,0.19,0.0,47.51,-47.51,0,0.0,少数参考,参考
4950,高岡竜也,6,6,16,0.0,0.0,12.5,12.5,0.174,0.11,0.28,0.0,22.5,-10.0,0,0.0,苦手,B
4957,竹之内極,2,2,3,66.67,0.0,0.0,66.67,0.167,0.11,0.2,0.0,57.15,9.52,0,0.0,少数参考,参考
5145,島川海輝,3,3,28,21.43,32.14,17.86,71.43,0.141,0.04,0.35,32.14,55.75,15.68,0,0.0,得意,A
4054,福嶋智之,6,6,6,0.0,16.67,16.67,33.33,0.143,0.07,0.26,16.67,22.5,10.83,0,0.0,得意,C
4172,森定晃史,2,2,4,25.0,0.0,25.0,50.0,0.158,0.13,0.19,25.0,57.15,-7.15,0,0.0,少数参考,参考
4985,井本昌也,3,3,21,23.81,33.33,14.29,71.43,0.124,0.04,0.21,47.62,55.75,15.68,0,0.0,得意,A
5000,岡本翔太郎,4,4,21,9.52,14.29,14.29,38.1,0.131,0.06,0.28,38.1,47.51,-9.41,0,0.0,標準,A
5106,山崎祥,1,1,15,46.67,26.67,6.67,80.0,0.206,0.11,0.32,13.33,85.37,-5.37,0,0.0,標準,B
4654,篠田優也,3,3,3,0.0,33.33,33.33,66.67,0.103,0.08,0.13,33.33,55.75,10.92,0,0.0,少数参考,参考
4957,竹之内極,5,5,4,0.0,0.0,25.0,25.0,0.092,0.04,0.18,0.0,35.28,-10.28,0,0.0,少数参考,参考
4054,福嶋智之,2,3,3,0.0,33.33,0.0,33.33,0.143,0.12,0.16,33.33,55.75,-22.42,3,100.0,少数参考,参考
5083,柳瀬幹太,5,6,3,0.0,0.0,0.0,0.0,0.123,0.07,0.18,33.33,22.5,-22.5,3,100.0,少数参考,参考
4817,渡邉翼,2,2,22,27.27,45.45,18.18,90.91,0.137,0.06,0.25,50.0,57.15,33.76,0,0.0,得意,A
4890,石川諒,2,2,12,8.33,41.67,8.33,58.33,0.152,0.07,0.24,16.67,57.15,1.18,0,0.0,標準,B
5106,山崎祥,5,5,15,0.0,33.33,13.33,46.67,0.217,0.13,0.31,6.67,35.28,11.39,0,0.0,得意,B
5064,品川二千翔,6,6,16,0.0,6.25,18.75,25.0,0.184,0.1,0.31,6.25,22.5,2.5,0,0.0,標準,B
5083,柳瀬幹太,2,2,21,4.76,33.33,14.29,52.38,0.167,0.08,0.29,14.29,57.15,-4.77,0,0.0,標準,A
5067,山田真聖,3,3,21,14.29,9.52,19.05,42.86,0.157,0.06,0.36,23.81,55.75,-12.89,0,0.0,苦手,A
4054,福嶋智之,5,5,10,0.0,0.0,0.0,0.0,0.127,0.01,0.24,30.0,35.28,-35.28,0,0.0,苦手,B
4674,池田剛規,5,5,3,0.0,0.0,66.67,66.67,0.097,0.06,0.12,33.33,35.28,31.39,0,0.0,少数参考,参考
3897,白井英治,5,2,7,28.57,42.86,14.29,85.71,0.171,0.06,0.25,0.0,57.15,28.56,7,100.0,得意,C
4007,榮田将彦,6,5,3,0.0,0.0,33.33,33.33,0.053,0.01,0.13,66.67,35.28,-1.95,3,100.0,少数参考,参考
5106,山崎祥,2,2,20,5.0,25.0,20.0,50.0,0.193,0.05,0.35,10.0,57.15,-7.15,0,0.0,標準,A
3942,寺田祥,5,4,5,20.0,40.0,0.0,60.0,0.162,0.13,0.21,0.0,47.51,12.49,5,100.0,得意,C
4846,佐藤駿介,3,3,17,5.88,29.41,17.65,52.94,0.154,0.05,0.27,23.53,55.75,-2.81,0,0.0,標準,B
4654,篠田優也,4,4,3,0.0,0.0,0.0,0.0,0.137,0.06,0.19,0.0,47.51,-47.51,0,0.0,少数参考,参考
5027,重冨勇哉,2,2,18,16.67,27.78,11.11,55.56,0.144,0.04,0.31,11.11,57.15,-1.59,0,0.0,標準,B
5067,山田真聖,6,6,16,6.25,6.25,18.75,31.25,0.162,0.07,0.28,18.75,22.5,8.75,0,0.0,得意,B
5083,柳瀬幹太,6,6,11,0.0,0.0,0.0,0.0,0.075,0.01,0.17,54.55,22.5,-22.5,0,0.0,苦手,B
5106,山崎祥,4,4,14,21.43,21.43,28.57,71.43,0.154,0.04,0.24,28.57,47.51,23.92,0,0.0,得意,B
5083,柳瀬幹太,1,1,19,63.16,15.79,5.26,84.21,0.158,0.05,0.28,10.53,85.37,-1.16,0,0.0,得意,B
4950,高岡竜也,2,2,18,16.67,22.22,11.11,50.0,0.171,0.11,0.25,11.11,57.15,-7.15,0,0.0,標準,B
4654,篠田優也,5,5,4,0.0,0.0,50.0,50.0,0.11,0.09,0.13,0.0,35.28,14.72,0,0.0,少数参考,参考
4985,井本昌也,2,2,18,27.78,11.11,27.78,66.67,0.168,0.02,0.29,16.67,57.15,9.52,0,0.0,得意,B
4654,篠田優也,2,2,4,0.0,0.0,50.0,50.0,0.128,0.06,0.19,50.0,57.15,-7.15,0,0.0,少数参考,参考
4890,石川諒,4,4,12,8.33,33.33,8.33,50.0,0.139,0.06,0.24,16.67,47.51,2.49,0,0.0,標準,B
4054,福嶋智之,2,2,8,0.0,12.5,12.5,25.0,0.144,0.07,0.2,37.5,57.15,-32.15,0,0.0,苦手,C
4871,菊池宏志,1,1,16,43.75,12.5,12.5,68.75,0.177,0.11,0.26,12.5,85.37,-16.62,0,0.0,得意,B
5083,柳瀬幹太,5,5,18,0.0,16.67,0.0,16.67,0.136,0.02,0.24,16.67,35.28,-18.61,0,0.0,苦手,B
4054,福嶋智之,3,3,6,0.0,33.33,50.0,83.33,0.118,0.07,0.16,33.33,55.75,27.58,0,0.0,得意,C
5106,山崎祥,3,3,15,6.67,33.33,26.67,66.67,0.162,0.08,0.34,33.33,55.75,10.92,0,0.0,得意,B
4375,照屋厚仁,1,1,11,63.64,9.09,0.0,72.73,0.164,0.09,0.3,45.45,85.37,-12.64,0,0.0,得意,B
5277,井上未都,5,6,3,0.0,0.0,0.0,0.0,0.173,0.09,0.24,33.33,22.5,-22.5,3,100.0,少数参考,参考
4945,上村宏太,4,4,6,0.0,0.0,50.0,50.0,0.117,0.08,0.14,50.0,47.51,2.49,0,0.0,標準,C
3947,寺本昇平,5,5,3,0.0,0.0,0.0,0.0,0.143,0.09,0.21,66.67,35.28,-35.28,0,0.0,少数参考,参考
4909,薮内瑞希,3,3,3,0.0,0.0,33.33,33.33,0.143,0.07,0.2,0.0,55.75,-22.42,0,0.0,少数参考,参考
4826,井上一輝,3,3,7,0.0,57.14,28.57,85.71,0.153,0.11,0.25,14.29,55.75,29.96,0,0.0,得意,C
3484,芝田浩治,1,1,11,54.55,27.27,9.09,90.91,0.147,0.05,0.29,27.27,85.37,5.54,0,0.0,得意,B
3908,重成一人,2,2,8,12.5,62.5,12.5,87.5,0.154,0.07,0.21,37.5,57.15,30.35,0,0.0,得意,C
4375,照屋厚仁,3,3,5,20.0,20.0,0.0,40.0,0.17,0.09,0.31,20.0,55.75,-15.75,0,0.0,苦手,C
3741,松尾基成,3,3,6,0.0,16.67,0.0,16.67,0.195,0.11,0.34,16.67,55.75,-39.08,0,0.0,苦手,C
5233,村田佳奈子,6,6,5,0.0,0.0,0.0,0.0,0.24,0.08,0.39,0.0,22.5,-22.5,0,0.0,苦手,C
5057,上田紗奈,1,1,4,100.0,0.0,0.0,100.0,0.158,0.05,0.23,0.0,85.37,14.63,0,0.0,少数参考,参考
4909,薮内瑞希,2,2,6,0.0,50.0,16.67,66.67,0.177,0.09,0.24,16.67,57.15,9.52,0,0.0,得意,C
5189,藤原早菜,3,3,9,22.22,22.22,11.11,55.56,0.199,0.07,0.27,0.0,55.75,-0.19,0,0.0,標準,C
5230,石原凪紗,5,5,4,0.0,0.0,25.0,25.0,0.16,0.06,0.25,25.0,35.28,-10.28,0,0.0,少数参考,参考
5277,井上未都,6,6,14,0.0,14.29,0.0,14.29,0.154,0.04,0.22,28.57,22.5,-8.21,0,0.0,標準,B
3947,寺本昇平,4,4,3,33.33,0.0,0.0,33.33,0.147,0.06,0.21,0.0,47.51,-14.18,0,0.0,少数参考,参考
4083,福島勇樹,3,3,9,44.44,22.22,11.11,77.78,0.15,0.05,0.28,11.11,55.75,22.03,0,0.0,得意,C
4945,上村宏太,5,5,5,0.0,0.0,20.0,20.0,0.126,0.08,0.17,0.0,35.28,-15.28,0,0.0,苦手,C
3908,重成一人,3,3,11,18.18,18.18,18.18,54.55,0.159,0.07,0.25,9.09,55.75,-1.2,0,0.0,標準,B
3484,芝田浩治,5,5,6,0.0,16.67,0.0,16.67,0.2,0.12,0.31,16.67,35.28,-18.61,0,0.0,苦手,C
4909,薮内瑞希,1,1,3,100.0,0.0,0.0,100.0,0.083,0.03,0.14,33.33,85.37,14.63,0,0.0,少数参考,参考
3454,井川大作,5,5,6,16.67,16.67,0.0,33.33,0.145,0.05,0.29,50.0,35.28,-1.95,0,0.0,標準,C
4945,上村宏太,6,6,4,0.0,0.0,50.0,50.0,0.155,0.11,0.23,25.0,22.5,27.5,0,0.0,少数参考,参考
4638,小林遼太,1,1,4,75.0,25.0,0.0,100.0,0.122,0.09,0.17,50.0,85.37,14.63,0,0.0,少数参考,参考
4788,小池哲也,3,3,5,0.0,20.0,40.0,60.0,0.132,0.08,0.17,40.0,55.75,4.25,0,0.0,やや得意,C
5230,石原凪紗,6,6,6,0.0,0.0,0.0,0.0,0.198,0.1,0.34,16.67,22.5,-22.5,0,0.0,苦手,C
3841,佐々木和伸,5,5,3,33.33,0.0,66.67,100.0,0.17,0.11,0.25,0.0,35.28,64.72,0,0.0,少数参考,参考
5189,藤原早菜,5,5,8,0.0,12.5,12.5,25.0,0.16,0.03,0.31,0.0,35.28,-10.28,0,0.0,苦手,C
5057,上田紗奈,2,2,4,25.0,0.0,0.0,25.0,0.155,0.09,0.24,0.0,57.15,-32.15,0,0.0,少数参考,参考
3484,芝田浩治,4,4,6,33.33,16.67,0.0,50.0,0.118,0.04,0.19,33.33,47.51,2.49,0,0.0,標準,C
3741,松尾基成,5,5,8,0.0,12.5,0.0,12.5,0.169,0.12,0.26,0.0,35.28,-22.78,0,0.0,苦手,C
4083,福島勇樹,1,1,14,71.43,14.29,7.14,92.86,0.12,0.03,0.26,64.29,85.37,7.49,0,0.0,得意,B
4945,上村宏太,2,2,4,25.0,0.0,50.0,75.0,0.135,0.09,0.21,50.0,57.15,17.85,0,0.0,少数参考,参考
3908,重成一人,4,4,6,16.67,33.33,16.67,66.67,0.132,0.08,0.19,33.33,47.51,19.16,0,0.0,得意,C
3947,寺本昇平,2,2,3,0.0,33.33,0.0,33.33,0.117,0.09,0.14,0.0,57.15,-23.82,0,0.0,少数参考,参考
5057,上田紗奈,6,6,3,0.0,0.0,0.0,0.0,0.147,0.06,0.23,66.67,22.5,-22.5,0,0.0,少数参考,参考
3484,芝田浩治,3,3,7,14.29,28.57,42.86,85.71,0.131,0.06,0.23,28.57,55.75,29.96,0,0.0,得意,C
4533,峰重侑治,4,4,9,11.11,11.11,11.11,33.33,0.152,0.06,0.35,55.56,47.51,-14.18,0,0.0,苦手,C
4909,薮内瑞希,5,5,4,0.0,0.0,0.0,0.0,0.158,0.11,0.3,0.0,35.28,-35.28,0,0.0,少数参考,参考
3908,重成一人,1,1,17,70.59,23.53,5.88,100.0,0.136,0.05,0.26,35.29,85.37,14.63,0,0.0,得意,B
4945,上村宏太,1,1,5,60.0,20.0,20.0,100.0,0.13,0.09,0.16,20.0,85.37,14.63,0,0.0,得意,C
4788,小池哲也,1,1,4,75.0,0.0,0.0,75.0,0.182,0.13,0.25,25.0,85.37,-10.37,0,0.0,少数参考,参考
3484,芝田浩治,2,2,8,12.5,37.5,25.0,75.0,0.171,0.01,0.27,25.0,57.15,17.85,0,0.0,得意,C
3963,原田秀弥,5,5,3,0.0,0.0,0.0,0.0,0.13,0.08,0.18,33.33,35.28,-35.28,0,0.0,少数参考,参考
4375,照屋厚仁,6,6,9,0.0,0.0,33.33,33.33,0.172,0.07,0.29,22.22,22.5,10.83,0,0.0,得意,C
4826,井上一輝,1,1,7,71.43,14.29,0.0,85.71,0.141,0.02,0.23,28.57,85.37,0.34,0,0.0,得意,C
5057,上田紗奈,4,4,5,0.0,20.0,40.0,60.0,0.136,0.09,0.17,0.0,47.51,12.49,0,0.0,得意,C
3908,重成一人,5,5,7,0.0,14.29,14.29,28.57,0.151,0.09,0.23,14.29,35.28,-6.71,0,0.0,標準,C
3543,福田雅一,5,5,6,16.67,50.0,0.0,66.67,0.152,0.04,0.24,16.67,35.28,31.39,0,0.0,得意,C
3484,芝田浩治,6,6,7,0.0,14.29,0.0,14.29,0.137,0.06,0.19,71.43,22.5,-8.21,0,0.0,標準,C
4638,小林遼太,4,4,4,0.0,0.0,50.0,50.0,0.212,0.18,0.25,0.0,47.51,2.49,0,0.0,少数参考,参考
4083,福島勇樹,2,2,8,37.5,12.5,12.5,62.5,0.143,0.07,0.27,37.5,57.15,5.35,0,0.0,得意,C
5189,藤原早菜,4,4,7,0.0,14.29,28.57,42.86,0.156,0.14,0.18,0.0,47.51,-4.65,0,0.0,標準,C
4166,吉田拡郎,6,5,3,33.33,33.33,33.33,100.0,0.12,0.08,0.16,33.33,35.28,64.72,3,100.0,少数参考,参考
4945,上村宏太,3,3,5,0.0,40.0,20.0,60.0,0.106,0.01,0.28,60.0,55.75,4.25,0,0.0,やや得意,C
3908,重成一人,6,6,10,10.0,30.0,40.0,80.0,0.154,0.04,0.33,20.0,22.5,57.5,0,0.0,得意,B
4083,福島勇樹,6,6,7,0.0,0.0,28.57,28.57,0.187,0.11,0.29,14.29,22.5,6.07,0,0.0,やや得意,C
4826,井上一輝,2,2,6,0.0,33.33,16.67,50.0,0.142,0.07,0.24,0.0,57.15,-7.15,0,0.0,標準,C
4153,佐々木巌,1,1,4,50.0,25.0,0.0,75.0,0.17,0.05,0.25,25.0,85.37,-10.37,0,0.0,少数参考,参考
5189,藤原早菜,6,6,3,0.0,0.0,0.0,0.0,0.21,0.15,0.29,0.0,22.5,-22.5,0,0.0,少数参考,参考
3543,福田雅一,6,6,6,0.0,0.0,16.67,16.67,0.153,0.08,0.22,16.67,22.5,-5.83,0,0.0,標準,C
4151,下河誉史,6,6,4,0.0,25.0,25.0,50.0,0.217,0.14,0.31,0.0,22.5,27.5,0,0.0,少数参考,参考
5146,野田彩加,1,1,17,29.41,29.41,17.65,76.47,0.172,0.09,0.26,11.76,85.37,-8.9,0,0.0,得意,B
5153,佐藤ほのか,2,2,7,0.0,0.0,14.29,14.29,0.164,0.08,0.25,14.29,57.15,-42.86,0,0.0,苦手,C
5265,大廣咲季,5,6,3,0.0,0.0,0.0,0.0,0.203,0.12,0.31,33.33,22.5,-22.5,3,100.0,少数参考,参考
5182,宮崎安奈,3,3,7,0.0,28.57,28.57,57.14,0.156,0.01,0.34,28.57,55.75,1.39,0,0.0,標準,C
4891,寺島美里,6,6,4,25.0,0.0,25.0,50.0,0.165,0.09,0.28,25.0,22.5,27.5,0,0.0,少数参考,参考
5118,野田なづき,1,1,3,33.33,33.33,0.0,66.67,0.253,0.14,0.39,0.0,85.37,-18.7,0,0.0,少数参考,参考
4286,平田さやか,2,2,7,0.0,28.57,14.29,42.86,0.153,0.11,0.21,28.57,57.15,-14.29,0,0.0,苦手,C
5088,高憧四季,3,3,5,20.0,40.0,40.0,100.0,0.19,0.09,0.26,40.0,55.75,44.25,0,0.0,得意,C
5045,平川香織,6,6,5,0.0,20.0,0.0,20.0,0.156,0.11,0.19,40.0,22.5,-2.5,0,0.0,標準,C
4924,中北涼,1,1,4,25.0,0.0,0.0,25.0,0.168,0.14,0.22,0.0,85.37,-60.37,0,0.0,少数参考,参考
4961,西橋奈未,2,2,8,12.5,37.5,12.5,62.5,0.121,0.03,0.19,0.0,57.15,5.35,0,0.0,やや得意,C
4313,西村美智子,4,4,4,25.0,0.0,50.0,75.0,0.107,0.03,0.17,50.0,47.51,27.49,0,0.0,少数参考,参考
4300,加藤綾,1,1,7,57.14,0.0,28.57,85.71,0.241,0.14,0.52,42.86,85.37,0.34,0,0.0,標準,C
5195,北村寧々,2,2,4,0.0,0.0,0.0,0.0,0.148,0.06,0.28,25.0,57.15,-57.15,0,0.0,少数参考,参考
5056,西岡成美,3,3,3,33.33,0.0,33.33,66.67,0.137,0.06,0.26,0.0,55.75,10.92,0,0.0,少数参考,参考
4825,倉持莉々,5,5,3,66.67,33.33,0.0,100.0,0.133,0.04,0.25,100.0,35.28,64.72,0,0.0,少数参考,参考
5180,藤本紗弥香,6,6,5,0.0,20.0,20.0,40.0,0.238,0.14,0.33,20.0,22.5,17.5,0,0.0,得意,C
4680,後藤美翼,3,3,9,0.0,33.33,33.33,66.67,0.168,0.11,0.22,0.0,55.75,10.92,0,0.0,得意,C
5146,野田彩加,4,4,22,4.55,18.18,27.27,50.0,0.19,0.11,0.28,4.55,47.51,2.49,0,0.0,標準,A
4464,山下友貴,5,5,4,0.0,25.0,0.0,25.0,0.12,0.06,0.26,50.0,35.28,-10.28,0,0.0,少数参考,参考
4843,深尾巴恵,1,1,3,66.67,0.0,0.0,66.67,0.17,0.01,0.27,33.33,85.37,-18.7,0,0.0,少数参考,参考
4289,落合直子,1,1,8,87.5,12.5,0.0,100.0,0.128,0.11,0.17,50.0,85.37,14.63,0,0.0,得意,C
4714,喜多須杏奈,2,2,11,0.0,36.36,27.27,63.64,0.165,0.01,0.29,18.18,57.15,6.49,0,0.0,やや得意,B
4924,中北涼,3,3,4,25.0,25.0,25.0,75.0,0.128,0.0,0.3,75.0,55.75,19.25,0,0.0,少数参考,参考
4998,中村かなえ,4,4,5,20.0,20.0,20.0,60.0,0.104,0.04,0.17,40.0,47.51,12.49,0,0.0,得意,C
5182,宮崎安奈,5,5,4,0.0,0.0,25.0,25.0,0.092,0.01,0.13,50.0,35.28,-10.28,0,0.0,少数参考,参考
5241,門田栞,6,6,11,0.0,9.09,9.09,18.18,0.16,0.01,0.42,27.27,22.5,-4.32,0,0.0,標準,B
4938,小芦るり華,1,1,10,80.0,20.0,0.0,100.0,0.115,0.06,0.2,50.0,85.37,14.63,0,0.0,得意,B
4927,関野文,2,2,6,0.0,33.33,16.67,50.0,0.147,0.11,0.2,0.0,57.15,-7.15,0,0.0,標準,C
4300,加藤綾,4,4,6,0.0,0.0,16.67,16.67,0.187,0.05,0.24,0.0,47.51,-30.84,0,0.0,苦手,C
5056,西岡成美,1,1,4,25.0,0.0,50.0,75.0,0.105,0.03,0.16,50.0,85.37,-10.37,0,0.0,少数参考,参考
4464,山下友貴,3,3,9,0.0,55.56,11.11,66.67,0.168,0.05,0.35,33.33,55.75,10.92,0,0.0,得意,C
4891,寺島美里,4,4,5,0.0,20.0,60.0,80.0,0.13,0.04,0.21,40.0,47.51,32.49,0,0.0,得意,C
5045,平川香織,3,3,8,0.0,25.0,25.0,50.0,0.184,0.07,0.29,12.5,55.75,-5.75,0,0.0,標準,C
4680,後藤美翼,6,6,5,0.0,0.0,0.0,0.0,0.22,0.11,0.3,0.0,22.5,-22.5,0,0.0,苦手,C
4825,倉持莉々,3,3,5,20.0,40.0,0.0,60.0,0.108,0.02,0.18,20.0,55.75,4.25,0,0.0,やや得意,C
4823,中村桃佳,4,4,4,0.0,0.0,100.0,100.0,0.175,0.08,0.23,0.0,47.51,52.49,0,0.0,少数参考,参考
4961,西橋奈未,5,5,5,0.0,20.0,20.0,40.0,0.16,0.12,0.18,0.0,35.28,4.72,0,0.0,やや得意,C
5088,高憧四季,6,6,4,25.0,25.0,0.0,50.0,0.145,0.14,0.15,25.0,22.5,27.5,0,0.0,少数参考,参考
4313,西村美智子,1,1,7,57.14,28.57,0.0,85.71,0.143,0.04,0.23,28.57,85.37,0.34,0,0.0,得意,C
5195,北村寧々,3,3,5,0.0,0.0,40.0,40.0,0.18,0.1,0.28,20.0,55.75,-15.75,0,0.0,苦手,C
4680,後藤美翼,4,4,5,0.0,0.0,40.0,40.0,0.186,0.06,0.26,0.0,47.51,-7.51,0,0.0,標準,C
5180,藤本紗弥香,1,1,8,25.0,12.5,12.5,50.0,0.27,0.07,0.41,12.5,85.37,-35.37,0,0.0,苦手,C
5231,寺田空詩,5,5,23,0.0,8.7,8.7,17.39,0.188,0.08,0.5,8.7,35.28,-17.89,0,0.0,苦手,A
5118,野田なづき,6,6,3,0.0,0.0,66.67,66.67,0.22,0.18,0.25,0.0,22.5,44.17,0,0.0,少数参考,参考
5045,平川香織,1,1,7,71.43,28.57,0.0,100.0,0.196,0.08,0.33,42.86,85.37,14.63,0,0.0,得意,C
4998,中村かなえ,2,2,4,0.0,25.0,0.0,25.0,0.152,0.12,0.21,0.0,57.15,-32.15,0,0.0,少数参考,参考
4843,深尾巴恵,3,3,6,0.0,33.33,16.67,50.0,0.168,0.04,0.35,33.33,55.75,-5.75,0,0.0,標準,C
5056,西岡成美,4,4,5,20.0,0.0,20.0,40.0,0.092,0.05,0.12,20.0,47.51,-7.51,0,0.0,標準,C
5153,佐藤ほのか,1,1,4,0.0,75.0,0.0,75.0,0.22,0.16,0.32,25.0,85.37,-10.37,0,0.0,少数参考,参考
4464,山下友貴,2,2,5,0.0,60.0,0.0,60.0,0.186,0.14,0.21,0.0,57.15,2.85,0,0.0,標準,C
4961,西橋奈未,3,3,4,50.0,25.0,0.0,75.0,0.107,0.04,0.16,25.0,55.75,19.25,0,0.0,少数参考,参考
5265,大廣咲季,6,6,7,0.0,0.0,0.0,0.0,0.16,0.09,0.25,14.29,22.5,-22.5,0,0.0,苦手,C
4373,若狭奈美子,1,1,8,25.0,62.5,0.0,87.5,0.181,0.05,0.31,25.0,85.37,2.13,0,0.0,標準,C
4300,加藤綾,2,2,8,12.5,37.5,25.0,75.0,0.211,0.1,0.34,12.5,57.15,17.85,0,0.0,得意,C
4289,落合直子,4,4,3,33.33,0.0,0.0,33.33,0.19,0.17,0.21,33.33,47.51,-14.18,0,0.0,少数参考,参考
3778,安達美帆,6,6,3,0.0,0.0,0.0,0.0,0.32,0.25,0.41,0.0,22.5,-22.5,0,0.0,少数参考,参考
4938,小芦るり華,2,2,8,25.0,37.5,25.0,87.5,0.149,0.04,0.21,0.0,57.15,30.35,0,0.0,得意,C
5180,藤本紗弥香,3,3,10,0.0,0.0,40.0,40.0,0.212,0.03,0.42,10.0,55.75,-15.75,0,0.0,苦手,B
4924,中北涼,5,5,8,0.0,25.0,0.0,25.0,0.146,0.02,0.23,25.0,35.28,-10.28,0,0.0,苦手,C
5182,宮崎安奈,2,2,6,33.33,16.67,0.0,50.0,0.103,0.05,0.22,50.0,57.15,-7.15,0,0.0,標準,C
4680,後藤美翼,1,1,11,36.36,54.55,9.09,100.0,0.205,0.09,0.31,9.09,85.37,14.63,0,0.0,得意,B
4927,関野文,3,3,6,66.67,16.67,0.0,83.33,0.175,0.1,0.23,16.67,55.75,27.58,0,0.0,得意,C
4825,倉持莉々,4,4,4,0.0,25.0,25.0,50.0,0.13,0.08,0.21,25.0,47.51,2.49,0,0.0,少数参考,参考
5088,高憧四季,1,1,7,71.43,0.0,14.29,85.71,0.19,0.12,0.35,0.0,85.37,0.34,0,0.0,標準,C
4891,寺島美里,3,3,4,0.0,25.0,50.0,75.0,0.115,0.05,0.18,25.0,55.75,19.25,0,0.0,少数参考,参考
5153,佐藤ほのか,4,4,6,0.0,0.0,0.0,0.0,0.177,0.09,0.37,0.0,47.51,-47.51,0,0.0,苦手,C
5241,門田栞,5,6,6,0.0,0.0,0.0,0.0,0.152,0.02,0.25,33.33,22.5,-22.5,6,100.0,苦手,C
4961,西橋奈未,1,1,6,66.67,0.0,16.67,83.33,0.107,0.06,0.15,66.67,85.37,-2.04,0,0.0,得意,C
4998,中村かなえ,3,3,3,0.0,0.0,66.67,66.67,0.213,0.09,0.33,0.0,55.75,10.92,0,0.0,少数参考,参考
5118,野田なづき,4,4,6,16.67,0.0,16.67,33.33,0.223,0.14,0.32,0.0,47.51,-14.18,0,0.0,苦手,C
5195,北村寧々,5,5,4,0.0,0.0,25.0,25.0,0.155,0.1,0.21,0.0,35.28,-10.28,0,0.0,少数参考,参考
4938,小芦るり華,6,6,9,0.0,11.11,33.33,44.44,0.16,0.08,0.24,22.22,22.5,21.94,0,0.0,得意,C
4823,中村桃佳,1,1,4,25.0,50.0,25.0,100.0,0.19,0.11,0.26,25.0,85.37,14.63,0,0.0,少数参考,参考
4313,西村美智子,3,3,6,16.67,33.33,0.0,50.0,0.122,0.05,0.19,50.0,55.75,-5.75,0,0.0,標準,C
5056,西岡成美,5,5,3,33.33,0.0,0.0,33.33,0.117,0.05,0.18,33.33,35.28,-1.95,0,0.0,少数参考,参考
4714,喜多須杏奈,6,6,5,0.0,0.0,0.0,0.0,0.168,0.14,0.19,20.0,22.5,-22.5,0,0.0,苦手,C
4825,倉持莉々,1,1,5,60.0,20.0,20.0,100.0,0.158,0.06,0.24,20.0,85.37,14.63,0,0.0,得意,C
4843,深尾巴恵,4,4,9,0.0,11.11,0.0,11.11,0.137,0.05,0.22,11.11,47.51,-36.4,0,0.0,苦手,C
4300,加藤綾,5,5,7,0.0,14.29,0.0,14.29,0.174,0.12,0.29,14.29,35.28,-20.99,0,0.0,苦手,C
4464,山下友貴,6,6,6,0.0,0.0,33.33,33.33,0.177,0.09,0.34,16.67,22.5,10.83,0,0.0,得意,C
3693,栢場優子,1,1,4,75.0,0.0,0.0,75.0,0.195,0.11,0.28,0.0,85.37,-10.37,0,0.0,少数参考,参考
5118,野田なづき,3,3,3,0.0,33.33,33.33,66.67,0.12,0.11,0.14,0.0,55.75,10.92,0,0.0,少数参考,参考
4464,山下友貴,4,4,6,16.67,16.67,16.67,50.0,0.17,0.07,0.26,33.33,47.51,2.49,0,0.0,標準,C
5045,平川香織,5,5,6,0.0,16.67,33.33,50.0,0.18,0.12,0.3,0.0,35.28,14.72,0,0.0,得意,C
4924,中北涼,2,2,10,20.0,10.0,30.0,60.0,0.164,0.04,0.26,10.0,57.15,2.85,0,0.0,標準,B
4891,寺島美里,5,5,4,0.0,25.0,50.0,75.0,0.163,0.07,0.21,25.0,35.28,39.72,0,0.0,少数参考,参考
4733,赤井睦,1,1,4,25.0,25.0,50.0,100.0,0.21,0.16,0.32,25.0,85.37,14.63,0,0.0,少数参考,参考
4313,西村美智子,2,2,6,16.67,33.33,33.33,83.33,0.177,0.11,0.26,16.67,57.15,26.18,0,0.0,得意,C
4289,落合直子,3,3,7,42.86,28.57,0.0,71.43,0.139,0.08,0.19,42.86,55.75,15.68,0,0.0,得意,C
4998,中村かなえ,1,1,5,60.0,40.0,0.0,100.0,0.136,0.08,0.18,20.0,85.37,14.63,0,0.0,得意,C
3674,岸恵子,5,4,3,0.0,0.0,33.33,33.33,0.077,0.04,0.13,33.33,47.51,-14.18,3,100.0,少数参考,参考
4891,寺島美里,1,1,6,83.33,0.0,16.67,100.0,0.145,0.06,0.21,50.0,85.37,14.63,0,0.0,得意,C
4825,倉持莉々,2,2,4,0.0,50.0,0.0,50.0,0.145,0.06,0.29,50.0,57.15,-7.15,0,0.0,少数参考,参考
5241,門田栞,4,4,7,0.0,14.29,0.0,14.29,0.163,0.06,0.29,14.29,47.51,-33.22,0,0.0,苦手,C
4286,平田さやか,5,5,3,0.0,0.0,33.33,33.33,0.183,0.15,0.22,0.0,35.28,-1.95,0,0.0,少数参考,参考
4714,喜多須杏奈,1,1,9,22.22,22.22,22.22,66.67,0.153,0.01,0.25,22.22,85.37,-18.7,0,0.0,得意,C
5118,野田なづき,2,2,6,0.0,16.67,16.67,33.33,0.18,0.13,0.26,0.0,57.15,-23.82,0,0.0,苦手,C
5123,福山恵里奈,3,3,19,5.26,15.79,26.32,47.37,0.206,0.04,0.44,0.0,55.75,-8.38,0,0.0,標準,B
5088,高憧四季,4,4,4,50.0,0.0,0.0,50.0,0.203,0.12,0.28,25.0,47.51,2.49,0,0.0,少数参考,参考
4938,小芦るり華,5,5,6,16.67,0.0,33.33,50.0,0.147,0.07,0.2,16.67,35.28,14.72,0,0.0,得意,C
3871,池田紫乃,2,2,7,0.0,14.29,28.57,42.86,0.167,0.05,0.31,28.57,57.15,-14.29,0,0.0,苦手,C
4961,西橋奈未,4,4,7,14.29,14.29,42.86,71.43,0.141,0.07,0.25,28.57,47.51,23.92,0,0.0,得意,C
4843,深尾巴恵,5,5,7,0.0,0.0,0.0,0.0,0.179,0.07,0.32,28.57,35.28,-35.28,0,0.0,苦手,C
4823,中村桃佳,3,3,3,0.0,0.0,33.33,33.33,0.11,0.05,0.16,33.33,55.75,-22.42,0,0.0,少数参考,参考
5195,北村寧々,4,4,3,0.0,33.33,0.0,33.33,0.163,0.13,0.21,0.0,47.51,-14.18,0,0.0,少数参考,参考
5180,藤本紗弥香,5,5,13,7.69,23.08,23.08,53.85,0.174,0.07,0.25,15.38,35.28,18.57,0,0.0,得意,B
5146,野田彩加,6,6,15,0.0,6.67,0.0,6.67,0.188,0.07,0.31,0.0,22.5,-15.83,0,0.0,苦手,B
4300,加藤綾,3,3,7,0.0,14.29,14.29,28.57,0.176,0.07,0.24,14.29,55.75,-27.18,0,0.0,苦手,C
4998,中村かなえ,5,5,4,0.0,50.0,25.0,75.0,0.113,0.05,0.18,0.0,35.28,39.72,0,0.0,少数参考,参考
4464,山下友貴,1,1,8,37.5,12.5,12.5,62.5,0.158,0.07,0.28,37.5,85.37,-22.87,0,0.0,得意,C
5088,高憧四季,2,2,3,66.67,0.0,33.33,100.0,0.13,0.07,0.25,33.33,57.15,42.85,0,0.0,少数参考,参考
5182,宮崎安奈,4,4,4,25.0,0.0,25.0,50.0,0.11,0.03,0.16,0.0,47.51,2.49,0,0.0,少数参考,参考
4927,関野文,5,5,5,0.0,0.0,40.0,40.0,0.134,0.08,0.2,0.0,35.28,4.72,0,0.0,やや得意,C
4680,後藤美翼,2,2,6,0.0,33.33,33.33,66.67,0.2,0.07,0.36,0.0,57.15,9.52,0,0.0,得意,C
4938,小芦るり華,3,3,8,0.0,37.5,37.5,75.0,0.133,0.09,0.22,0.0,55.75,19.25,0,0.0,得意,C
4924,中北涼,4,4,3,0.0,0.0,0.0,0.0,0.16,0.05,0.24,0.0,47.51,-47.51,0,0.0,少数参考,参考
4373,若狭奈美子,5,5,3,0.0,0.0,0.0,0.0,0.217,0.04,0.44,33.33,35.28,-35.28,0,0.0,少数参考,参考
5153,佐藤ほのか,6,6,5,0.0,0.0,0.0,0.0,0.206,0.11,0.27,0.0,22.5,-22.5,0,0.0,苦手,C
5182,宮崎安奈,1,1,5,40.0,20.0,20.0,80.0,0.182,0.1,0.29,40.0,85.37,-5.37,0,0.0,標準,C
5045,平川香織,2,2,5,20.0,40.0,20.0,80.0,0.196,0.1,0.31,0.0,57.15,22.85,0,0.0,得意,C
4927,関野文,1,1,9,66.67,0.0,11.11,77.78,0.174,0.1,0.29,22.22,85.37,-7.59,0,0.0,得意,C
4938,小芦るり華,4,4,10,0.0,10.0,30.0,40.0,0.18,0.09,0.26,0.0,47.51,-7.51,0,0.0,標準,B
5195,北村寧々,6,6,3,0.0,0.0,33.33,33.33,0.247,0.22,0.28,0.0,22.5,10.83,0,0.0,少数参考,参考
4714,喜多須杏奈,5,5,6,16.67,16.67,16.67,50.0,0.177,0.09,0.32,16.67,35.28,14.72,0,0.0,得意,C
5180,藤本紗弥香,2,2,12,8.33,33.33,25.0,66.67,0.18,0.06,0.32,33.33,57.15,9.52,0,0.0,得意,B
4746,大豆生田蒼,5,4,3,66.67,0.0,0.0,66.67,0.15,0.09,0.2,0.0,47.51,19.16,3,100.0,少数参考,参考
5241,門田栞,6,5,3,0.0,0.0,0.0,0.0,0.16,0.14,0.2,33.33,35.28,-35.28,3,100.0,少数参考,参考
4891,寺島美里,2,2,4,0.0,25.0,25.0,50.0,0.158,0.12,0.19,0.0,57.15,-7.15,0,0.0,少数参考,参考
4373,若狭奈美子,4,4,6,50.0,0.0,16.67,66.67,0.132,0.06,0.18,33.33,47.51,19.16,0,0.0,得意,C
5153,佐藤ほのか,5,5,4,0.0,0.0,0.0,0.0,0.155,0.12,0.2,50.0,35.28,-35.28,0,0.0,少数参考,参考
4843,深尾巴恵,2,2,6,0.0,16.67,0.0,16.67,0.18,0.06,0.27,16.67,57.15,-40.48,0,0.0,苦手,C
3871,池田紫乃,6,6,5,0.0,0.0,0.0,0.0,0.2,0.13,0.26,0.0,22.5,-22.5,0,0.0,苦手,C
3674,岸恵子,6,6,4,0.0,25.0,25.0,50.0,0.135,0.09,0.17,25.0,22.5,27.5,0,0.0,少数参考,参考
5118,野田なづき,5,5,3,0.0,0.0,66.67,66.67,0.183,0.14,0.21,0.0,35.28,31.39,0,0.0,少数参考,参考
4823,中村桃佳,2,2,3,33.33,33.33,0.0,66.67,0.147,0.11,0.2,0.0,57.15,9.52,0,0.0,少数参考,参考
4927,関野文,4,4,5,20.0,60.0,20.0,100.0,0.152,0.13,0.17,20.0,47.51,52.49,0,0.0,得意,C
5153,佐藤ほのか,3,3,4,0.0,25.0,0.0,25.0,0.113,0.1,0.12,25.0,55.75,-30.75,0,0.0,少数参考,参考
5180,藤本紗弥香,4,4,7,0.0,0.0,14.29,14.29,0.194,0.08,0.27,14.29,47.51,-33.22,0,0.0,苦手,C
4927,関野文,6,6,4,0.0,0.0,25.0,25.0,0.19,0.11,0.34,0.0,22.5,2.5,0,0.0,少数参考,参考
4313,西村美智子,6,6,5,20.0,0.0,20.0,40.0,0.09,0.06,0.15,100.0,22.5,17.5,0,0.0,得意,C
4680,後藤美翼,6,5,3,0.0,33.33,0.0,33.33,0.18,0.08,0.27,0.0,35.28,-1.95,3,100.0,少数参考,参考
4998,中村かなえ,6,6,6,0.0,0.0,0.0,0.0,0.128,0.06,0.18,16.67,22.5,-22.5,0,0.0,苦手,C
5199,垂水悠,3,3,3,0.0,0.0,0.0,0.0,0.06,0.01,0.12,66.67,55.75,-55.75,0,0.0,少数参考,参考
5236,小宮涼雅,5,5,4,0.0,0.0,0.0,0.0,0.265,0.13,0.37,0.0,35.28,-35.28,0,0.0,少数参考,参考
5011,高木圭大,4,4,6,0.0,0.0,0.0,0.0,0.17,0.11,0.23,16.67,47.51,-47.51,0,0.0,苦手,C
5247,大森翼,6,6,6,0.0,0.0,0.0,0.0,0.19,0.11,0.32,0.0,22.5,-22.5,0,0.0,苦手,C
4231,鈴木裕隆,2,2,8,25.0,37.5,25.0,87.5,0.166,0.08,0.25,0.0,57.15,30.35,0,0.0,得意,C
4966,田川大貴,1,1,11,72.73,9.09,9.09,90.91,0.146,0.06,0.23,45.45,85.37,5.54,0,0.0,得意,B
4449,中嶋達也,2,2,6,16.67,0.0,33.33,50.0,0.238,0.15,0.31,0.0,57.15,-7.15,0,0.0,標準,C
5270,小玉啓太,6,6,8,0.0,0.0,0.0,0.0,0.168,0.11,0.23,12.5,22.5,-22.5,0,0.0,苦手,C
4661,中島昂章,4,4,8,0.0,37.5,25.0,62.5,0.168,0.11,0.21,12.5,47.51,14.99,0,0.0,得意,C
3945,橋口真樹,6,6,3,0.0,0.0,0.0,0.0,0.297,0.24,0.4,0.0,22.5,-22.5,0,0.0,少数参考,参考
3246,星野政彦,2,2,4,0.0,50.0,0.0,50.0,0.185,0.11,0.25,0.0,57.15,-7.15,0,0.0,少数参考,参考
4463,三苫晃幸,6,6,8,0.0,0.0,0.0,0.0,0.2,0.15,0.31,25.0,22.5,-22.5,0,0.0,苦手,C
3224,栗山繁洋,3,3,7,28.57,14.29,57.14,100.0,0.176,0.06,0.29,0.0,55.75,44.25,0,0.0,得意,C
5236,小宮涼雅,6,6,8,0.0,0.0,0.0,0.0,0.209,0.06,0.35,12.5,22.5,-22.5,0,0.0,苦手,C
5011,高木圭大,2,2,9,0.0,11.11,11.11,22.22,0.18,0.09,0.21,22.22,57.15,-34.93,0,0.0,苦手,C
3945,橋口真樹,3,3,5,0.0,0.0,40.0,40.0,0.174,0.12,0.21,20.0,55.75,-15.75,0,0.0,苦手,C
4449,中嶋達也,4,4,5,0.0,40.0,20.0,60.0,0.162,0.08,0.23,20.0,47.51,12.49,0,0.0,得意,C
5199,垂水悠,5,5,7,0.0,0.0,28.57,28.57,0.121,0.01,0.23,57.14,35.28,-6.71,0,0.0,標準,C
5028,原田才一郎,6,6,8,12.5,0.0,25.0,37.5,0.141,0.08,0.22,12.5,22.5,15.0,0,0.0,得意,C
4462,夏山亮平,4,4,6,0.0,33.33,33.33,66.67,0.102,0.07,0.18,33.33,47.51,19.16,0,0.0,得意,C
4231,鈴木裕隆,5,5,9,0.0,22.22,11.11,33.33,0.157,0.06,0.24,0.0,35.28,-1.95,0,0.0,標準,C
4661,中島昂章,6,6,7,0.0,0.0,0.0,0.0,0.221,0.15,0.36,0.0,22.5,-22.5,0,0.0,苦手,C
3246,星野政彦,3,3,4,50.0,0.0,25.0,75.0,0.147,0.09,0.21,25.0,55.75,19.25,0,0.0,少数参考,参考
3224,栗山繁洋,4,4,7,28.57,14.29,0.0,42.86,0.16,0.02,0.31,14.29,47.51,-4.65,0,0.0,標準,C
5247,大森翼,5,5,3,0.0,0.0,33.33,33.33,0.183,0.15,0.21,0.0,35.28,-1.95,0,0.0,少数参考,参考
3945,橋口真樹,1,1,3,0.0,33.33,33.33,66.67,0.3,0.2,0.44,0.0,85.37,-18.7,0,0.0,少数参考,参考
4463,三苫晃幸,4,4,8,0.0,25.0,12.5,37.5,0.151,0.09,0.2,12.5,47.51,-10.01,0,0.0,苦手,C
4661,中島昂章,1,1,9,55.56,44.44,0.0,100.0,0.15,0.03,0.37,11.11,85.37,14.63,0,0.0,得意,C
5028,原田才一郎,4,4,8,0.0,12.5,37.5,50.0,0.205,0.12,0.3,0.0,47.51,2.49,0,0.0,標準,C
5199,垂水悠,2,2,8,0.0,12.5,25.0,37.5,0.172,0.07,0.41,12.5,57.15,-19.65,0,0.0,苦手,C
4231,鈴木裕隆,3,3,8,12.5,12.5,37.5,62.5,0.154,0.08,0.27,0.0,55.75,6.75,0,0.0,やや得意,C
4966,田川大貴,4,4,12,8.33,8.33,25.0,41.67,0.128,0.06,0.25,50.0,47.51,-5.84,0,0.0,標準,B
3246,星野政彦,5,5,3,0.0,0.0,0.0,0.0,0.213,0.06,0.37,33.33,35.28,-35.28,0,0.0,少数参考,参考
5270,小玉啓太,5,6,5,0.0,0.0,0.0,0.0,0.214,0.14,0.3,20.0,22.5,-22.5,5,100.0,苦手,C
3702,貞兼淳二,6,5,3,33.33,33.33,0.0,66.67,0.16,0.11,0.21,0.0,35.28,31.39,3,100.0,少数参考,参考
5011,高木圭大,5,5,6,0.0,0.0,33.33,33.33,0.132,0.09,0.15,16.67,35.28,-1.95,0,0.0,標準,C
5028,原田才一郎,1,1,10,100.0,0.0,0.0,100.0,0.12,0.04,0.17,50.0,85.37,14.63,0,0.0,得意,B
4463,三苫晃幸,1,1,10,70.0,30.0,0.0,100.0,0.115,0.04,0.17,20.0,85.37,14.63,0,0.0,得意,B
4449,中嶋達也,5,5,4,0.0,0.0,0.0,0.0,0.117,0.04,0.18,25.0,35.28,-35.28,0,0.0,少数参考,参考
4966,田川大貴,6,6,9,11.11,0.0,22.22,33.33,0.151,0.04,0.25,44.44,22.5,10.83,0,0.0,得意,C
4462,夏山亮平,5,5,3,0.0,0.0,0.0,0.0,0.14,0.12,0.17,33.33,35.28,-35.28,0,0.0,少数参考,参考
4133,高橋正男,6,6,6,16.67,0.0,16.67,33.33,0.123,0.06,0.21,33.33,22.5,10.83,0,0.0,得意,C
4661,中島昂章,5,5,10,0.0,10.0,30.0,40.0,0.177,0.08,0.31,0.0,35.28,4.72,0,0.0,やや得意,B
3945,橋口真樹,5,5,7,14.29,0.0,0.0,14.29,0.229,0.08,0.48,42.86,35.28,-20.99,0,0.0,苦手,C
3246,星野政彦,1,1,4,50.0,0.0,50.0,100.0,0.168,0.11,0.23,25.0,85.37,14.63,0,0.0,少数参考,参考
4133,高橋正男,4,4,5,0.0,20.0,20.0,40.0,0.14,0.08,0.21,0.0,47.51,-7.51,0,0.0,標準,C
4661,中島昂章,2,2,8,12.5,25.0,12.5,50.0,0.238,0.18,0.28,0.0,57.15,-7.15,0,0.0,標準,C
4324,海野康志郎,6,5,9,22.22,11.11,33.33,66.67,0.146,0.05,0.24,11.11,35.28,31.39,9,100.0,得意,C
5028,原田才一郎,3,3,6,33.33,50.0,0.0,83.33,0.157,0.06,0.25,33.33,55.75,27.58,0,0.0,得意,C
4966,田川大貴,3,3,10,10.0,10.0,40.0,60.0,0.126,0.04,0.25,30.0,55.75,4.25,0,0.0,やや得意,B
5028,原田才一郎,2,2,8,25.0,50.0,0.0,75.0,0.143,0.03,0.34,12.5,57.15,17.85,0,0.0,得意,C
3246,星野政彦,6,3,3,0.0,33.33,0.0,33.33,0.113,0.08,0.17,33.33,55.75,-22.42,3,100.0,少数参考,参考
4231,鈴木裕隆,4,4,4,0.0,0.0,25.0,25.0,0.15,0.11,0.19,0.0,47.51,-22.51,0,0.0,少数参考,参考
4463,三苫晃幸,3,3,4,25.0,0.0,50.0,75.0,0.135,0.09,0.19,50.0,55.75,19.25,0,0.0,少数参考,参考
5199,垂水悠,4,4,5,20.0,20.0,20.0,60.0,0.084,0.05,0.14,100.0,47.51,12.49,0,0.0,得意,C
4661,中島昂章,3,3,8,0.0,25.0,12.5,37.5,0.179,0.08,0.27,25.0,55.75,-18.25,0,0.0,苦手,C
4449,中嶋達也,3,3,3,0.0,33.33,66.67,100.0,0.127,0.11,0.16,0.0,55.75,44.25,0,0.0,少数参考,参考
4436,渋谷明憲,5,5,3,0.0,0.0,33.33,33.33,0.18,0.17,0.19,0.0,35.28,-1.95,0,0.0,少数参考,参考
4896,花本剛,3,3,17,11.76,17.65,23.53,52.94,0.162,0.05,0.3,17.65,55.75,-2.81,0,0.0,標準,B
3577,向所浩二,5,5,6,33.33,16.67,0.0,50.0,0.118,0.07,0.21,33.33,35.28,14.72,0,0.0,得意,C
3796,長野道臣,6,6,8,0.0,25.0,0.0,25.0,0.151,0.07,0.22,12.5,22.5,2.5,0,0.0,標準,C
5212,西川拓利,5,6,3,0.0,0.0,0.0,0.0,0.147,0.11,0.19,0.0,22.5,-22.5,3,100.0,少数参考,参考
3627,井上恵一,6,2,3,0.0,0.0,33.33,33.33,0.237,0.14,0.3,0.0,57.15,-23.82,3,100.0,少数参考,参考
4027,松江秀徳,1,1,8,62.5,12.5,0.0,75.0,0.182,0.11,0.27,37.5,85.37,-10.37,0,0.0,苦手,C
4684,楠原翔太,2,2,4,25.0,25.0,25.0,75.0,0.148,0.07,0.21,25.0,57.15,17.85,0,0.0,少数参考,参考
5214,田中宏典,6,6,10,0.0,0.0,20.0,20.0,0.204,0.12,0.33,0.0,22.5,-2.5,0,0.0,標準,B
3508,久富政弘,2,2,8,12.5,12.5,25.0,50.0,0.195,0.09,0.31,0.0,57.15,-7.15,0,0.0,標準,C
4623,中北将史,4,4,5,0.0,0.0,40.0,40.0,0.15,0.06,0.25,20.0,47.51,-7.51,0,0.0,標準,C
4055,吉田俊彦,1,1,6,83.33,0.0,16.67,100.0,0.138,0.1,0.16,33.33,85.37,14.63,0,0.0,得意,C
4896,花本剛,2,2,13,15.38,0.0,15.38,30.77,0.209,0.09,0.33,15.38,57.15,-26.38,0,0.0,苦手,B
3284,渡邊伸太郎,4,4,7,0.0,42.86,14.29,57.14,0.177,0.09,0.26,0.0,47.51,9.63,0,0.0,得意,C
5212,西川拓利,6,6,6,0.0,0.0,16.67,16.67,0.17,0.1,0.24,16.67,22.5,-5.83,0,0.0,標準,C
4002,古結宏,1,1,5,100.0,0.0,0.0,100.0,0.14,0.1,0.17,20.0,85.37,14.63,0,0.0,得意,C
3796,長野道臣,3,3,7,14.29,28.57,42.86,85.71,0.167,0.06,0.31,14.29,55.75,29.96,0,0.0,得意,C
4709,岡村将也,4,4,5,0.0,40.0,0.0,40.0,0.164,0.09,0.23,0.0,47.51,-7.51,0,0.0,標準,C
4167,片岡秀樹,5,5,6,0.0,16.67,33.33,50.0,0.133,0.04,0.28,0.0,35.28,14.72,0,0.0,得意,C
5261,岡暢祐,6,6,10,0.0,0.0,0.0,0.0,0.254,0.12,0.37,10.0,22.5,-22.5,0,0.0,苦手,B
4051,清水敦揮,2,2,13,7.69,23.08,38.46,69.23,0.145,0.05,0.28,7.69,57.15,12.08,0,0.0,得意,B
4027,松江秀徳,4,4,7,28.57,0.0,14.29,42.86,0.136,0.08,0.17,42.86,47.51,-4.65,0,0.0,標準,C
4816,村松修二,1,1,7,71.43,28.57,0.0,100.0,0.144,0.06,0.24,28.57,85.37,14.63,0,0.0,得意,C
3577,向所浩二,3,3,7,0.0,28.57,28.57,57.14,0.126,0.02,0.24,42.86,55.75,1.39,0,0.0,標準,C
3284,渡邊伸太郎,3,3,9,0.0,55.56,11.11,66.67,0.179,0.09,0.22,22.22,55.75,10.92,0,0.0,得意,C
4241,大串重幸,5,5,6,0.0,0.0,16.67,16.67,0.182,0.11,0.31,0.0,35.28,-18.61,0,0.0,苦手,C
4055,吉田俊彦,3,3,4,25.0,75.0,0.0,100.0,0.16,0.07,0.2,50.0,55.75,44.25,0,0.0,少数参考,参考
4002,古結宏,5,5,4,25.0,0.0,25.0,50.0,0.133,0.08,0.21,25.0,35.28,14.72,0,0.0,少数参考,参考
4933,板橋侑我,6,6,6,0.0,0.0,33.33,33.33,0.223,0.13,0.33,16.67,22.5,10.83,0,0.0,得意,C
4623,中北将史,2,2,5,0.0,20.0,40.0,60.0,0.164,0.05,0.29,60.0,57.15,2.85,0,0.0,標準,C
3631,田添康介,6,6,10,0.0,10.0,0.0,10.0,0.217,0.11,0.32,20.0,22.5,-12.5,0,0.0,苦手,B
3796,長野道臣,2,2,8,0.0,37.5,50.0,87.5,0.165,0.07,0.24,0.0,57.15,30.35,0,0.0,得意,C
5214,田中宏典,5,5,4,0.0,0.0,25.0,25.0,0.125,0.09,0.16,0.0,35.28,-10.28,0,0.0,少数参考,参考
3577,向所浩二,1,1,5,100.0,0.0,0.0,100.0,0.116,0.04,0.18,60.0,85.37,14.63,0,0.0,得意,C
4002,古結宏,4,4,4,0.0,50.0,25.0,75.0,0.163,0.1,0.23,25.0,47.51,27.49,0,0.0,少数参考,参考
4051,清水敦揮,5,5,11,0.0,9.09,18.18,27.27,0.172,0.03,0.28,0.0,35.28,-8.01,0,0.0,標準,B
4055,吉田俊彦,4,4,5,20.0,20.0,0.0,40.0,0.178,0.12,0.22,0.0,47.51,-7.51,0,0.0,標準,C
3284,渡邊伸太郎,1,1,7,71.43,14.29,0.0,85.71,0.131,0.08,0.22,28.57,85.37,0.34,0,0.0,得意,C
4684,楠原翔太,5,5,5,0.0,20.0,20.0,40.0,0.16,0.05,0.27,0.0,35.28,4.72,0,0.0,やや得意,C
3577,向所浩二,2,2,7,14.29,14.29,28.57,57.14,0.153,0.08,0.22,14.29,57.15,-0.01,0,0.0,標準,C
4933,板橋侑我,4,4,6,33.33,0.0,33.33,66.67,0.118,0.09,0.14,33.33,47.51,19.16,0,0.0,得意,C
4896,花本剛,5,5,11,0.0,0.0,18.18,18.18,0.185,0.09,0.35,9.09,35.28,-17.1,0,0.0,苦手,B
4241,大串重幸,6,6,5,0.0,20.0,0.0,20.0,0.18,0.07,0.26,0.0,22.5,-2.5,0,0.0,標準,C
4055,吉田俊彦,2,2,4,0.0,75.0,25.0,100.0,0.113,0.06,0.14,25.0,57.15,42.85,0,0.0,少数参考,参考
4027,松江秀徳,3,3,7,28.57,14.29,28.57,71.43,0.13,0.07,0.23,42.86,55.75,15.68,0,0.0,得意,C
3796,長野道臣,5,5,9,11.11,11.11,22.22,44.44,0.188,0.09,0.29,11.11,35.28,9.16,0,0.0,得意,C
4684,楠原翔太,6,6,5,0.0,0.0,40.0,40.0,0.124,0.06,0.2,40.0,22.5,17.5,0,0.0,得意,C
4051,清水敦揮,1,1,19,63.16,10.53,21.05,94.74,0.144,0.01,0.28,36.84,85.37,9.37,0,0.0,得意,B
4933,板橋侑我,3,3,5,0.0,20.0,80.0,100.0,0.08,0.02,0.18,80.0,55.75,44.25,0,0.0,得意,C
4816,村松修二,4,4,4,0.0,0.0,25.0,25.0,0.185,0.06,0.42,0.0,47.51,-22.51,0,0.0,少数参考,参考
5212,西川拓利,3,3,4,25.0,25.0,25.0,75.0,0.13,0.1,0.19,0.0,55.75,19.25,0,0.0,少数参考,参考
4051,清水敦揮,6,6,11,0.0,18.18,36.36,54.55,0.162,0.07,0.29,0.0,22.5,32.05,0,0.0,得意,B
3796,長野道臣,1,1,8,50.0,37.5,12.5,100.0,0.172,0.08,0.26,50.0,85.37,14.63,0,0.0,得意,C
4623,中北将史,1,1,3,100.0,0.0,0.0,100.0,0.113,0.06,0.15,33.33,85.37,14.63,0,0.0,少数参考,参考
4896,花本剛,4,4,10,10.0,0.0,20.0,30.0,0.144,0.07,0.25,30.0,47.51,-17.51,0,0.0,苦手,B
4002,古結宏,2,2,4,25.0,25.0,0.0,50.0,0.15,0.05,0.26,0.0,57.15,-7.15,0,0.0,少数参考,参考
4816,村松修二,3,3,3,0.0,66.67,0.0,66.67,0.127,0.12,0.14,0.0,55.75,10.92,0,0.0,少数参考,参考
4933,板橋侑我,1,1,7,85.71,14.29,0.0,100.0,0.111,0.04,0.18,28.57,85.37,14.63,0,0.0,得意,C
5261,岡暢祐,5,6,4,0.0,0.0,0.0,0.0,0.36,0.18,0.51,0.0,22.5,-22.5,4,100.0,少数参考,参考
3577,向所浩二,6,6,6,0.0,0.0,0.0,0.0,0.142,0.05,0.24,33.33,22.5,-22.5,0,0.0,苦手,C
4623,中北将史,5,5,6,0.0,16.67,16.67,33.33,0.158,0.09,0.26,0.0,35.28,-1.95,0,0.0,標準,C
4684,楠原翔太,1,1,7,42.86,0.0,14.29,57.14,0.169,0.05,0.31,42.86,85.37,-28.23,0,0.0,苦手,C
4051,清水敦揮,3,3,13,7.69,23.08,46.15,76.92,0.143,0.08,0.23,7.69,55.75,21.17,0,0.0,得意,B
4933,板橋侑我,5,5,4,0.0,25.0,0.0,25.0,0.145,0.11,0.17,0.0,35.28,-10.28,0,0.0,少数参考,参考
4816,村松修二,5,5,3,0.0,0.0,66.67,66.67,0.147,0.11,0.22,0.0,35.28,31.39,0,0.0,少数参考,参考
4027,松江秀徳,6,5,3,0.0,66.67,0.0,66.67,0.233,0.15,0.36,33.33,35.28,31.39,3,100.0,少数参考,参考
4051,清水敦揮,4,4,6,0.0,16.67,66.67,83.33,0.192,0.11,0.26,0.0,47.51,35.82,0,0.0,得意,C
3743,林美憲,6,5,4,25.0,0.0,0.0,25.0,0.17,0.09,0.32,0.0,35.28,-10.28,4,100.0,少数参考,参考
4816,村松修二,2,2,3,0.0,0.0,33.33,33.33,0.223,0.21,0.24,0.0,57.15,-23.82,0,0.0,少数参考,参考
5214,田中宏典,5,6,4,0.0,0.0,0.0,0.0,0.263,0.05,0.42,0.0,22.5,-22.5,4,100.0,少数参考,参考
3737,上平真二,6,5,3,0.0,0.0,66.67,66.67,0.25,0.12,0.34,0.0,35.28,31.39,3,100.0,少数参考,参考
4027,松江秀徳,2,2,6,33.33,33.33,0.0,66.67,0.165,0.12,0.21,16.67,57.15,9.52,0,0.0,得意,C
3949,今出晋二,6,6,4,0.0,0.0,25.0,25.0,0.198,0.15,0.24,50.0,22.5,2.5,0,0.0,少数参考,参考
3284,渡邊伸太郎,5,5,5,0.0,0.0,20.0,20.0,0.2,0.13,0.26,0.0,35.28,-15.28,0,0.0,苦手,C
4816,村松修二,6,6,5,0.0,20.0,20.0,40.0,0.222,0.07,0.37,0.0,22.5,17.5,0,0.0,得意,C
4896,花本剛,1,1,12,50.0,0.0,8.33,58.33,0.165,0.05,0.29,33.33,85.37,-27.04,0,0.0,苦手,B
4684,楠原翔太,4,4,9,0.0,22.22,11.11,33.33,0.14,0.04,0.34,22.22,47.51,-14.18,0,0.0,苦手,C
3284,渡邊伸太郎,2,2,6,0.0,50.0,33.33,83.33,0.165,0.11,0.21,0.0,57.15,26.18,0,0.0,得意,C
4684,楠原翔太,3,3,9,22.22,0.0,22.22,44.44,0.148,0.04,0.23,22.22,55.75,-11.31,0,0.0,苦手,C
4753,森照夫,3,3,5,0.0,20.0,20.0,40.0,0.144,0.07,0.29,40.0,55.75,-15.75,0,0.0,苦手,C
4027,松江秀徳,5,5,4,0.0,25.0,50.0,75.0,0.155,0.11,0.24,0.0,35.28,39.72,0,0.0,少数参考,参考
3284,渡邊伸太郎,6,4,3,0.0,33.33,0.0,33.33,0.18,0.13,0.22,0.0,47.51,-14.18,3,100.0,少数参考,参考
4879,山崎鉄平,1,1,3,66.67,0.0,0.0,66.67,0.097,0.02,0.2,66.67,85.37,-18.7,0,0.0,少数参考,参考
4210,松村康太,1,1,3,100.0,0.0,0.0,100.0,0.093,0.06,0.16,33.33,85.37,14.63,0,0.0,少数参考,参考
3535,渡修平,4,4,3,33.33,0.0,33.33,66.67,0.187,0.07,0.31,66.67,47.51,19.16,0,0.0,少数参考,参考
4379,桑島和宏,5,5,7,0.0,0.0,0.0,0.0,0.16,0.06,0.22,0.0,35.28,-35.28,0,0.0,苦手,C
5255,藤原仙二,6,6,16,0.0,18.75,12.5,31.25,0.163,0.02,0.39,31.25,22.5,8.75,0,0.0,得意,B
4382,高山智至,2,2,3,0.0,0.0,0.0,0.0,0.183,0.16,0.2,0.0,57.15,-57.15,0,0.0,少数参考,参考
4176,樋口喜彦,3,3,4,0.0,0.0,25.0,25.0,0.165,0.11,0.21,25.0,55.75,-30.75,0,0.0,少数参考,参考
4549,小林文彦,4,4,6,0.0,0.0,16.67,16.67,0.205,0.17,0.25,0.0,47.51,-30.84,0,0.0,苦手,C
4074,柳沢一,5,5,5,20.0,0.0,20.0,40.0,0.15,0.09,0.27,0.0,35.28,4.72,0,0.0,やや得意,C
2903,山崎毅,2,2,4,0.0,25.0,50.0,75.0,0.182,0.1,0.23,25.0,57.15,17.85,0,0.0,少数参考,参考
4380,鈴木峻佑,5,5,4,0.0,0.0,0.0,0.0,0.188,0.18,0.21,0.0,35.28,-35.28,0,0.0,少数参考,参考
4527,高野心吾,6,6,4,0.0,25.0,0.0,25.0,0.202,0.15,0.29,0.0,22.5,2.5,0,0.0,少数参考,参考
3746,岡瀬正人,1,1,10,50.0,10.0,0.0,60.0,0.167,0.13,0.24,0.0,85.37,-25.37,0,0.0,苦手,B
3919,村上純,3,3,6,33.33,16.67,33.33,83.33,0.195,0.13,0.3,0.0,55.75,27.58,0,0.0,得意,C
4549,小林文彦,6,6,6,0.0,0.0,0.0,0.0,0.215,0.17,0.27,16.67,22.5,-22.5,0,0.0,苦手,C
4074,柳沢一,2,2,4,0.0,0.0,75.0,75.0,0.182,0.13,0.22,0.0,57.15,17.85,0,0.0,少数参考,参考
4686,丸野一樹,4,4,6,0.0,33.33,16.67,50.0,0.143,0.02,0.26,16.67,47.51,2.49,0,0.0,標準,C
4527,高野心吾,2,2,5,20.0,20.0,20.0,60.0,0.118,0.04,0.2,20.0,57.15,2.85,0,0.0,標準,C
4176,樋口喜彦,4,4,4,0.0,0.0,25.0,25.0,0.145,0.08,0.19,25.0,47.51,-22.51,0,0.0,少数参考,参考
5255,藤原仙二,5,6,3,0.0,0.0,0.0,0.0,0.13,0.1,0.16,33.33,22.5,-22.5,3,100.0,少数参考,参考
4380,鈴木峻佑,4,4,3,0.0,0.0,0.0,0.0,0.18,0.14,0.22,33.33,47.51,-47.51,0,0.0,少数参考,参考
4686,丸野一樹,5,5,3,0.0,0.0,33.33,33.33,0.223,0.05,0.43,33.33,35.28,-1.95,0,0.0,少数参考,参考
4879,山崎鉄平,2,2,6,33.33,33.33,33.33,100.0,0.172,0.09,0.23,0.0,57.15,42.85,0,0.0,得意,C
4023,柴田友和,3,3,7,0.0,0.0,57.14,57.14,0.163,0.11,0.25,28.57,55.75,1.39,0,0.0,標準,C
3746,岡瀬正人,6,6,6,0.0,16.67,0.0,16.67,0.18,0.04,0.31,33.33,22.5,-5.83,0,0.0,標準,C
4379,桑島和宏,2,2,5,0.0,80.0,0.0,80.0,0.164,0.09,0.24,20.0,57.15,22.85,0,0.0,得意,C
2903,山崎毅,3,3,4,25.0,25.0,0.0,50.0,0.13,0.08,0.19,75.0,55.75,-5.75,0,0.0,少数参考,参考
4218,吉川喜継,6,4,4,0.0,0.0,75.0,75.0,0.217,0.1,0.33,0.0,47.51,27.49,4,100.0,少数参考,参考
4176,樋口喜彦,2,2,4,25.0,0.0,0.0,25.0,0.118,0.1,0.14,0.0,57.15,-32.15,0,0.0,少数参考,参考
4210,松村康太,3,3,3,33.33,33.33,33.33,100.0,0.143,0.08,0.21,33.33,55.75,44.25,0,0.0,少数参考,参考
3912,川原正明,6,6,4,0.0,25.0,0.0,25.0,0.158,0.09,0.2,25.0,22.5,2.5,0,0.0,少数参考,参考
4549,小林文彦,1,1,5,80.0,0.0,20.0,100.0,0.17,0.12,0.23,0.0,85.37,14.63,0,0.0,得意,C
4089,妹尾忠幸,6,5,3,0.0,33.33,0.0,33.33,0.17,0.08,0.24,0.0,35.28,-1.95,3,100.0,少数参考,参考
4074,柳沢一,1,1,6,83.33,0.0,16.67,100.0,0.12,0.05,0.21,66.67,85.37,14.63,0,0.0,得意,C
3715,倉尾大介,2,2,9,11.11,33.33,11.11,55.56,0.158,0.03,0.41,22.22,57.15,-1.59,0,0.0,標準,C
4686,丸野一樹,1,1,6,83.33,16.67,0.0,100.0,0.13,0.1,0.21,50.0,85.37,14.63,0,0.0,得意,C
3746,岡瀬正人,2,2,5,0.0,20.0,40.0,60.0,0.222,0.18,0.28,0.0,57.15,2.85,0,0.0,標準,C
4549,小林文彦,3,3,5,20.0,40.0,40.0,100.0,0.234,0.14,0.38,0.0,55.75,44.25,0,0.0,得意,C
3655,本橋克洋,4,4,4,0.0,50.0,0.0,50.0,0.198,0.14,0.31,25.0,47.51,2.49,0,0.0,少数参考,参考
4463,三苫晃幸,5,5,4,0.0,25.0,0.0,25.0,0.138,0.06,0.21,50.0,35.28,-10.28,0,0.0,少数参考,参考
4379,桑島和宏,6,6,5,0.0,0.0,20.0,20.0,0.162,0.12,0.21,20.0,22.5,-2.5,0,0.0,標準,C
4380,鈴木峻佑,2,2,3,33.33,0.0,33.33,66.67,0.183,0.15,0.21,66.67,57.15,9.52,0,0.0,少数参考,参考
2930,新良一規,5,5,4,0.0,0.0,0.0,0.0,0.195,0.11,0.29,0.0,35.28,-35.28,0,0.0,少数参考,参考
4210,松村康太,6,6,3,0.0,0.0,66.67,66.67,0.207,0.16,0.26,0.0,22.5,44.17,0,0.0,少数参考,参考
4121,富永修一,3,3,3,0.0,0.0,33.33,33.33,0.123,0.04,0.21,66.67,55.75,-22.42,0,0.0,少数参考,参考
3535,渡修平,3,3,4,0.0,0.0,25.0,25.0,0.17,0.03,0.3,0.0,55.75,-30.75,0,0.0,少数参考,参考
4210,松村康太,4,4,3,0.0,33.33,33.33,66.67,0.107,0.09,0.14,33.33,47.51,19.16,0,0.0,少数参考,参考
4549,小林文彦,5,5,4,25.0,0.0,25.0,50.0,0.2,0.16,0.23,0.0,35.28,14.72,0,0.0,少数参考,参考
4023,柴田友和,4,4,6,0.0,0.0,33.33,33.33,0.192,0.11,0.23,0.0,47.51,-14.18,0,0.0,苦手,C
4074,柳沢一,6,6,5,0.0,20.0,40.0,60.0,0.12,0.09,0.17,40.0,22.5,37.5,0,0.0,得意,C
3919,村上純,2,2,6,16.67,16.67,33.33,66.67,0.207,0.17,0.28,0.0,57.15,9.52,0,0.0,得意,C
4379,桑島和宏,4,4,6,0.0,0.0,33.33,33.33,0.147,0.05,0.21,0.0,47.51,-14.18,0,0.0,苦手,C
3746,岡瀬正人,5,5,5,0.0,20.0,0.0,20.0,0.242,0.16,0.29,0.0,35.28,-15.28,0,0.0,苦手,C
4463,三苫晃幸,2,2,6,33.33,0.0,0.0,33.33,0.113,0.07,0.18,33.33,57.15,-23.82,0,0.0,苦手,C
3211,北川敏弘,2,2,6,0.0,33.33,50.0,83.33,0.178,0.07,0.31,0.0,57.15,26.18,0,0.0,得意,C
4879,山崎鉄平,4,4,4,0.0,25.0,50.0,75.0,0.095,0.04,0.15,50.0,47.51,27.49,0,0.0,少数参考,参考
2903,山崎毅,4,4,3,0.0,0.0,0.0,0.0,0.21,0.16,0.27,0.0,47.51,-47.51,0,0.0,少数参考,参考
3746,岡瀬正人,4,4,6,0.0,33.33,16.67,50.0,0.222,0.17,0.24,0.0,47.51,2.49,0,0.0,標準,C
4379,桑島和宏,3,3,5,20.0,40.0,20.0,80.0,0.124,0.06,0.18,40.0,55.75,24.25,0,0.0,得意,C
4549,小林文彦,2,2,5,0.0,40.0,20.0,60.0,0.188,0.09,0.28,0.0,57.15,2.85,0,0.0,標準,C
4879,山崎鉄平,3,3,3,0.0,33.33,33.33,66.67,0.127,0.09,0.16,33.33,55.75,10.92,0,0.0,少数参考,参考
4176,樋口喜彦,5,5,4,0.0,0.0,0.0,0.0,0.13,0.04,0.18,25.0,35.28,-35.28,0,0.0,少数参考,参考
4210,松村康太,2,2,3,0.0,100.0,0.0,100.0,0.217,0.21,0.23,0.0,57.15,42.85,0,0.0,少数参考,参考
4434,田中辰彦,5,6,3,0.0,0.0,66.67,66.67,0.203,0.16,0.26,0.0,22.5,44.17,3,100.0,少数参考,参考
4012,中村有裕,4,4,3,0.0,0.0,33.33,33.33,0.133,0.11,0.16,33.33,47.51,-14.18,0,0.0,少数参考,参考
3919,村上純,4,2,3,0.0,33.33,0.0,33.33,0.173,0.14,0.2,0.0,57.15,-23.82,3,100.0,少数参考,参考
3746,岡瀬正人,3,3,7,0.0,28.57,14.29,42.86,0.187,0.11,0.24,0.0,55.75,-12.89,0,0.0,苦手,C
4879,山崎鉄平,5,5,4,0.0,0.0,0.0,0.0,0.14,0.07,0.18,0.0,35.28,-35.28,0,0.0,少数参考,参考
3919,村上純,5,2,3,33.33,0.0,0.0,33.33,0.26,0.25,0.27,0.0,57.15,-23.82,3,100.0,少数参考,参考
3462,竹上真司,5,5,6,0.0,0.0,33.33,33.33,0.155,0.08,0.2,0.0,35.28,-1.95,0,0.0,標準,C
5146,野田彩加,3,4,3,0.0,0.0,66.67,66.67,0.217,0.12,0.29,0.0,47.51,19.16,3,100.0,少数参考,参考
4014,片岡恵里,6,6,13,0.0,7.69,7.69,15.38,0.192,0.14,0.29,15.38,22.5,-7.12,0,0.0,標準,B
5083,柳瀬幹太,4,4,16,12.5,6.25,6.25,25.0,0.148,0.07,0.26,31.25,47.51,-22.51,0,0.0,苦手,B
4624,高田明,2,2,7,14.29,42.86,0.0,57.14,0.203,0.13,0.27,0.0,57.15,-0.01,0,0.0,標準,C
4778,堤啓輔,1,1,7,42.86,0.0,14.29,57.14,0.164,0.06,0.34,14.29,85.37,-28.23,0,0.0,苦手,C
3462,竹上真司,1,1,6,66.67,0.0,0.0,66.67,0.178,0.11,0.25,0.0,85.37,-18.7,0,0.0,得意,C
4873,蒲原健太,3,3,10,10.0,40.0,20.0,70.0,0.183,0.09,0.28,20.0,55.75,14.25,0,0.0,得意,B
4762,藤原啓史朗,5,5,8,0.0,0.0,50.0,50.0,0.105,0.06,0.16,25.0,35.28,14.72,0,0.0,得意,C
4624,高田明,5,5,7,42.86,0.0,14.29,57.14,0.151,0.09,0.19,28.57,35.28,21.86,0,0.0,得意,C
4873,蒲原健太,4,4,10,10.0,10.0,30.0,50.0,0.183,0.06,0.24,10.0,47.51,2.49,0,0.0,標準,B
3775,泉啓文,1,1,5,60.0,40.0,0.0,100.0,0.192,0.12,0.27,40.0,85.37,14.63,0,0.0,得意,C
4778,堤啓輔,6,6,5,0.0,40.0,20.0,60.0,0.162,0.11,0.22,0.0,22.5,37.5,0,0.0,得意,C
4762,藤原啓史朗,2,2,9,0.0,55.56,11.11,66.67,0.129,0.09,0.18,33.33,57.15,9.52,0,0.0,得意,C
4624,高田明,6,6,8,0.0,0.0,25.0,25.0,0.204,0.14,0.3,12.5,22.5,2.5,0,0.0,標準,C
3462,竹上真司,2,2,9,22.22,11.11,11.11,44.44,0.169,0.11,0.25,0.0,57.15,-12.71,0,0.0,苦手,C
4778,堤啓輔,4,4,4,0.0,75.0,0.0,75.0,0.145,0.07,0.18,0.0,47.51,27.49,0,0.0,少数参考,参考
4873,蒲原健太,2,2,5,20.0,40.0,20.0,80.0,0.168,0.13,0.19,0.0,57.15,22.85,0,0.0,得意,C
5231,寺田空詩,4,4,17,5.88,0.0,29.41,35.29,0.171,0.07,0.33,23.53,47.51,-12.22,0,0.0,苦手,B
4778,堤啓輔,3,3,7,28.57,42.86,0.0,71.43,0.196,0.12,0.27,14.29,55.75,15.68,0,0.0,得意,C
3462,竹上真司,6,6,6,0.0,0.0,33.33,33.33,0.162,0.11,0.23,0.0,22.5,10.83,0,0.0,得意,C
4017,向井美鈴,3,3,19,10.53,31.58,21.05,63.16,0.162,0.07,0.27,21.05,55.75,7.41,0,0.0,やや得意,B
5146,野田彩加,5,5,15,0.0,0.0,26.67,26.67,0.166,0.06,0.34,6.67,35.28,-8.61,0,0.0,標準,B
3462,竹上真司,3,3,3,0.0,66.67,0.0,66.67,0.18,0.14,0.21,0.0,55.75,10.92,0,0.0,少数参考,参考
5163,清水愛海,5,6,8,0.0,0.0,0.0,0.0,0.206,0.08,0.29,12.5,22.5,-22.5,8,100.0,苦手,C
5083,柳瀬幹太,6,5,3,0.0,0.0,33.33,33.33,0.127,0.09,0.17,66.67,35.28,-1.95,3,100.0,少数参考,参考
4873,蒲原健太,6,5,3,0.0,0.0,33.33,33.33,0.16,0.11,0.21,0.0,35.28,-1.95,3,100.0,少数参考,参考
3462,竹上真司,4,4,6,0.0,16.67,16.67,33.33,0.127,0.08,0.18,0.0,47.51,-14.18,0,0.0,苦手,C
4762,藤原啓史朗,3,3,9,0.0,55.56,33.33,88.89,0.123,0.01,0.19,22.22,55.75,33.14,0,0.0,得意,C
4106,坂井康嗣,5,5,4,0.0,0.0,0.0,0.0,0.232,0.15,0.37,0.0,35.28,-35.28,0,0.0,少数参考,参考
3775,泉啓文,5,5,5,0.0,0.0,0.0,0.0,0.22,0.11,0.46,20.0,35.28,-35.28,0,0.0,苦手,C
4778,堤啓輔,2,2,6,0.0,33.33,16.67,50.0,0.152,0.08,0.25,0.0,57.15,-7.15,0,0.0,標準,C
4873,蒲原健太,1,1,8,37.5,25.0,37.5,100.0,0.214,0.16,0.28,12.5,85.37,14.63,0,0.0,得意,C
4889,後藤盛也,4,4,5,20.0,20.0,40.0,80.0,0.088,0.06,0.14,20.0,47.51,32.49,0,0.0,得意,C
4499,滝川真由子,6,6,5,0.0,0.0,20.0,20.0,0.174,0.08,0.28,20.0,22.5,-2.5,0,0.0,標準,C
4991,宗行治哉,2,2,3,0.0,66.67,0.0,66.67,0.103,0.04,0.21,0.0,57.15,9.52,0,0.0,少数参考,参考
4941,孫崎百世,3,3,4,25.0,0.0,50.0,75.0,0.195,0.14,0.27,0.0,55.75,19.25,0,0.0,少数参考,参考
4431,石塚裕介,6,6,7,0.0,14.29,0.0,14.29,0.147,0.09,0.19,0.0,22.5,-8.21,0,0.0,標準,C
4457,神田達也,1,1,3,66.67,0.0,0.0,66.67,0.16,0.15,0.18,0.0,85.37,-18.7,0,0.0,少数参考,参考
4113,木村浩士,1,1,4,50.0,25.0,25.0,100.0,0.13,0.04,0.23,25.0,85.37,14.63,0,0.0,少数参考,参考
4067,永井源,1,1,6,50.0,50.0,0.0,100.0,0.193,0.14,0.3,0.0,85.37,14.63,0,0.0,得意,C
4478,櫻本あゆみ,3,3,12,16.67,16.67,25.0,58.33,0.138,0.05,0.27,33.33,55.75,2.58,0,0.0,標準,B
5120,山本稔太朗,1,1,3,33.33,66.67,0.0,100.0,0.13,0.11,0.14,66.67,85.37,14.63,0,0.0,少数参考,参考
4649,和田操拓,4,4,5,20.0,0.0,40.0,60.0,0.102,0.05,0.15,40.0,47.51,12.49,0,0.0,得意,C
3976,内田圭,6,6,7,0.0,0.0,0.0,0.0,0.21,0.04,0.33,14.29,22.5,-22.5,0,0.0,苦手,C
4880,澤崎雄哉,5,5,4,0.0,0.0,0.0,0.0,0.17,0.09,0.23,0.0,35.28,-35.28,0,0.0,少数参考,参考
5222,津田陸翔,6,6,6,16.67,16.67,16.67,50.0,0.197,0.13,0.25,0.0,22.5,27.5,0,0.0,得意,C
4797,中山将,5,5,9,11.11,22.22,33.33,66.67,0.172,0.11,0.3,0.0,35.28,31.39,0,0.0,得意,C
3915,繁野谷圭介,1,1,7,71.43,14.29,0.0,85.71,0.139,0.08,0.25,28.57,85.37,0.34,0,0.0,得意,C
4431,石塚裕介,3,3,6,0.0,0.0,33.33,33.33,0.14,0.05,0.18,16.67,55.75,-22.42,0,0.0,苦手,C
4478,櫻本あゆみ,1,1,15,66.67,33.33,0.0,100.0,0.149,0.01,0.23,53.33,85.37,14.63,0,0.0,得意,B
4499,滝川真由子,4,4,8,12.5,0.0,12.5,25.0,0.204,0.14,0.31,12.5,47.51,-22.51,0,0.0,苦手,C
4880,澤崎雄哉,2,2,6,16.67,0.0,16.67,33.33,0.187,0.08,0.31,33.33,57.15,-23.82,0,0.0,苦手,C
4991,宗行治哉,5,5,4,0.0,0.0,0.0,0.0,0.172,0.1,0.25,0.0,35.28,-35.28,0,0.0,少数参考,参考
4124,池田雄一,6,6,5,0.0,0.0,20.0,20.0,0.188,0.12,0.25,0.0,22.5,-2.5,0,0.0,標準,C
4643,近江翔吾,4,4,6,16.67,33.33,33.33,83.33,0.107,0.06,0.21,33.33,47.51,35.82,0,0.0,得意,C
4067,永井源,5,5,3,0.0,33.33,0.0,33.33,0.07,0.02,0.11,33.33,35.28,-1.95,0,0.0,少数参考,参考
5017,澤田尚也,6,6,8,0.0,25.0,50.0,75.0,0.133,0.1,0.15,25.0,22.5,52.5,0,0.0,得意,C
5120,山本稔太朗,5,5,4,25.0,25.0,0.0,50.0,0.193,0.13,0.24,0.0,35.28,14.72,0,0.0,少数参考,参考
4047,吉永浩則,6,6,4,0.0,0.0,25.0,25.0,0.255,0.17,0.3,0.0,22.5,2.5,0,0.0,少数参考,参考
4889,後藤盛也,1,1,5,40.0,40.0,0.0,80.0,0.128,0.1,0.19,60.0,85.37,-5.37,0,0.0,得意,C
4797,中山将,4,4,8,12.5,25.0,0.0,37.5,0.154,0.06,0.26,12.5,47.51,-10.01,0,0.0,苦手,C
3532,柴田光,5,5,3,33.33,0.0,0.0,33.33,0.197,0.13,0.25,0.0,35.28,-1.95,0,0.0,少数参考,参考
4991,宗行治哉,4,4,5,0.0,0.0,60.0,60.0,0.188,0.1,0.29,0.0,47.51,12.49,0,0.0,得意,C
3915,繁野谷圭介,6,6,4,0.0,25.0,0.0,25.0,0.155,0.11,0.21,25.0,22.5,2.5,0,0.0,少数参考,参考
4431,石塚裕介,1,1,7,28.57,28.57,14.29,71.43,0.126,0.04,0.19,57.14,85.37,-13.94,0,0.0,得意,C
4643,近江翔吾,2,2,7,28.57,42.86,0.0,71.43,0.111,0.05,0.15,14.29,57.15,14.28,0,0.0,得意,C
4963,實森美祐,3,3,4,0.0,25.0,50.0,75.0,0.1,0.05,0.16,50.0,55.75,19.25,0,0.0,少数参考,参考
4880,澤崎雄哉,4,4,6,16.67,0.0,50.0,66.67,0.135,0.07,0.18,16.67,47.51,19.16,0,0.0,得意,C
4457,神田達也,6,6,5,0.0,0.0,0.0,0.0,0.264,0.12,0.42,20.0,22.5,-22.5,0,0.0,苦手,C
4649,和田操拓,1,1,6,50.0,33.33,0.0,83.33,0.137,0.05,0.32,50.0,85.37,-2.04,0,0.0,得意,C
5120,山本稔太朗,2,2,4,0.0,25.0,0.0,25.0,0.117,0.07,0.15,50.0,57.15,-32.15,0,0.0,少数参考,参考
4478,櫻本あゆみ,4,4,10,20.0,20.0,20.0,60.0,0.153,0.08,0.29,30.0,47.51,12.49,0,0.0,得意,B
5017,澤田尚也,5,5,9,22.22,11.11,22.22,55.56,0.122,0.1,0.16,22.22,35.28,20.28,0,0.0,得意,C
4797,中山将,6,6,9,0.0,22.22,22.22,44.44,0.124,0.01,0.19,22.22,22.5,21.94,0,0.0,得意,C
4113,木村浩士,2,2,7,0.0,28.57,14.29,42.86,0.187,0.14,0.25,0.0,57.15,-14.29,0,0.0,苦手,C
4067,永井源,4,4,7,14.29,14.29,14.29,42.86,0.15,0.03,0.23,28.57,47.51,-4.65,0,0.0,標準,C
4991,宗行治哉,6,6,4,0.0,50.0,50.0,100.0,0.19,0.14,0.23,0.0,22.5,77.5,0,0.0,少数参考,参考
4499,滝川真由子,1,1,7,57.14,14.29,14.29,85.71,0.126,0.05,0.22,42.86,85.37,0.34,0,0.0,得意,C
5222,津田陸翔,5,6,3,0.0,0.0,33.33,33.33,0.09,0.01,0.2,33.33,22.5,10.83,3,100.0,少数参考,参考
3897,白井英治,6,4,5,0.0,60.0,20.0,80.0,0.152,0.11,0.2,0.0,47.51,32.49,5,100.0,得意,C
4124,池田雄一,3,3,6,16.67,0.0,33.33,50.0,0.158,0.01,0.26,16.67,55.75,-5.75,0,0.0,標準,C
5017,澤田尚也,1,1,12,91.67,0.0,8.33,100.0,0.133,0.06,0.25,33.33,85.37,14.63,0,0.0,得意,B
4457,神田達也,4,4,3,0.0,0.0,0.0,0.0,0.177,0.09,0.23,0.0,47.51,-47.51,0,0.0,少数参考,参考
4889,後藤盛也,5,5,6,16.67,16.67,16.67,50.0,0.118,0.04,0.23,33.33,35.28,14.72,0,0.0,得意,C
4336,松田竜馬,6,6,4,0.0,0.0,0.0,0.0,0.168,0.14,0.22,0.0,22.5,-22.5,0,0.0,少数参考,参考
4643,近江翔吾,1,1,12,75.0,8.33,8.33,91.67,0.099,0.04,0.15,50.0,85.37,6.3,0,0.0,得意,B
3915,繁野谷圭介,2,2,4,0.0,75.0,0.0,75.0,0.193,0.06,0.38,25.0,57.15,17.85,0,0.0,少数参考,参考
4431,石塚裕介,2,2,6,0.0,33.33,16.67,50.0,0.13,0.08,0.2,16.67,57.15,-7.15,0,0.0,標準,C
5120,山本稔太朗,3,3,3,0.0,33.33,33.33,66.67,0.15,0.1,0.19,0.0,55.75,10.92,0,0.0,少数参考,参考
4124,池田雄一,5,5,5,0.0,60.0,0.0,60.0,0.146,0.09,0.25,0.0,35.28,24.72,0,0.0,得意,C
4889,後藤盛也,6,6,4,25.0,0.0,0.0,25.0,0.135,0.09,0.23,25.0,22.5,2.5,0,0.0,少数参考,参考
4113,木村浩士,3,3,3,0.0,33.33,33.33,66.67,0.17,0.13,0.19,0.0,55.75,10.92,0,0.0,少数参考,参考
4457,神田達也,2,2,5,0.0,20.0,40.0,60.0,0.194,0.09,0.3,40.0,57.15,2.85,0,0.0,標準,C
4880,澤崎雄哉,3,3,3,0.0,0.0,33.33,33.33,0.17,0.14,0.19,0.0,55.75,-22.42,0,0.0,少数参考,参考
4499,滝川真由子,5,5,5,0.0,0.0,40.0,40.0,0.21,0.15,0.25,0.0,35.28,4.72,0,0.0,やや得意,C
4797,中山将,1,1,12,58.33,8.33,16.67,83.33,0.208,0.09,0.54,33.33,85.37,-2.04,0,0.0,標準,B
3257,田頭実,4,2,3,33.33,33.33,0.0,66.67,0.107,0.07,0.13,33.33,57.15,9.52,3,100.0,少数参考,参考
4643,近江翔吾,6,6,7,0.0,14.29,28.57,42.86,0.161,0.1,0.21,0.0,22.5,20.36,0,0.0,得意,C
4067,永井源,2,2,6,0.0,66.67,16.67,83.33,0.182,0.08,0.29,0.0,57.15,26.18,0,0.0,得意,C
4991,宗行治哉,3,3,4,0.0,0.0,50.0,50.0,0.167,0.09,0.21,25.0,55.75,-5.75,0,0.0,少数参考,参考
4649,和田操拓,6,6,7,0.0,14.29,14.29,28.57,0.14,0.09,0.17,42.86,22.5,6.07,0,0.0,やや得意,C
4478,櫻本あゆみ,2,2,9,0.0,66.67,33.33,100.0,0.139,0.04,0.28,22.22,57.15,42.85,0,0.0,得意,C
3915,繁野谷圭介,3,3,4,0.0,25.0,75.0,100.0,0.163,0.15,0.18,0.0,55.75,44.25,0,0.0,少数参考,参考
4896,花本剛,6,6,9,0.0,0.0,11.11,11.11,0.211,0.09,0.29,0.0,22.5,-11.39,0,0.0,苦手,C
4889,後藤盛也,3,3,7,0.0,14.29,42.86,57.14,0.16,0.06,0.49,42.86,55.75,1.39,0,0.0,標準,C
5017,澤田尚也,4,4,9,11.11,33.33,11.11,55.56,0.117,0.02,0.22,55.56,47.51,8.05,0,0.0,得意,C
4941,孫崎百世,5,5,3,0.0,33.33,33.33,66.67,0.24,0.12,0.37,0.0,35.28,31.39,0,0.0,少数参考,参考
4797,中山将,2,2,7,14.29,42.86,0.0,57.14,0.154,0.11,0.23,14.29,57.15,-0.01,0,0.0,標準,C
4124,池田雄一,4,4,6,0.0,33.33,33.33,66.67,0.148,0.07,0.23,0.0,47.51,19.16,0,0.0,得意,C
4457,神田達也,5,5,5,0.0,20.0,40.0,60.0,0.192,0.13,0.22,0.0,35.28,24.72,0,0.0,得意,C
4963,實森美祐,1,1,3,100.0,0.0,0.0,100.0,0.083,0.01,0.12,33.33,85.37,14.63,0,0.0,少数参考,参考
4499,滝川真由子,2,2,5,20.0,60.0,0.0,80.0,0.14,0.03,0.23,0.0,57.15,22.85,0,0.0,得意,C
3994,茶谷桜,5,5,3,0.0,0.0,0.0,0.0,0.2,0.14,0.25,0.0,35.28,-35.28,0,0.0,少数参考,参考
3257,田頭実,3,2,5,60.0,20.0,0.0,80.0,0.122,0.1,0.18,0.0,57.15,22.85,5,100.0,得意,C
4431,石塚裕介,4,4,6,16.67,16.67,0.0,33.33,0.113,0.06,0.18,16.67,47.51,-14.18,0,0.0,苦手,C
3701,大西隆洋,6,6,6,0.0,16.67,0.0,16.67,0.107,0.04,0.13,50.0,22.5,-5.83,0,0.0,標準,C
4478,櫻本あゆみ,5,5,9,11.11,33.33,0.0,44.44,0.157,0.03,0.31,11.11,35.28,9.16,0,0.0,得意,C
4880,澤崎雄哉,6,6,7,0.0,0.0,0.0,0.0,0.184,0.14,0.22,0.0,22.5,-22.5,0,0.0,苦手,C
4991,宗行治哉,1,1,6,50.0,33.33,0.0,83.33,0.143,0.05,0.2,16.67,85.37,-2.04,0,0.0,得意,C
4797,中山将,3,3,7,0.0,71.43,0.0,71.43,0.163,0.11,0.33,28.57,55.75,15.68,0,0.0,得意,C
5222,津田陸翔,4,4,5,0.0,20.0,0.0,20.0,0.186,0.14,0.27,0.0,47.51,-27.51,0,0.0,苦手,C
4182,吉田和仁,5,5,4,0.0,25.0,0.0,25.0,0.217,0.17,0.3,0.0,35.28,-10.28,0,0.0,少数参考,参考
3606,川北浩貴,6,6,3,0.0,0.0,33.33,33.33,0.183,0.14,0.25,33.33,22.5,10.83,0,0.0,少数参考,参考
3976,内田圭,5,5,11,9.09,0.0,9.09,18.18,0.178,0.11,0.27,9.09,35.28,-17.1,0,0.0,苦手,B
3257,田頭実,6,2,3,0.0,0.0,0.0,0.0,0.137,0.09,0.16,0.0,57.15,-57.15,3,100.0,少数参考,参考
5017,澤田尚也,2,2,9,44.44,33.33,0.0,77.78,0.093,0.05,0.17,44.44,57.15,20.63,0,0.0,得意,C
5120,山本稔太朗,4,4,6,16.67,33.33,16.67,66.67,0.127,0.06,0.18,0.0,47.51,19.16,0,0.0,得意,C
4880,澤崎雄哉,1,1,6,50.0,16.67,0.0,66.67,0.165,0.05,0.29,33.33,85.37,-18.7,0,0.0,得意,C
4643,近江翔吾,3,3,6,16.67,33.33,33.33,83.33,0.147,0.04,0.3,16.67,55.75,27.58,0,0.0,得意,C
4067,永井源,6,6,3,0.0,66.67,33.33,100.0,0.163,0.09,0.22,33.33,22.5,77.5,0,0.0,少数参考,参考
4124,池田雄一,1,1,6,50.0,16.67,0.0,66.67,0.162,0.11,0.25,0.0,85.37,-18.7,0,0.0,得意,C
3994,茶谷桜,2,2,3,0.0,33.33,33.33,66.67,0.197,0.16,0.24,0.0,57.15,9.52,0,0.0,少数参考,参考
4457,神田達也,3,3,5,0.0,60.0,0.0,60.0,0.174,0.14,0.23,20.0,55.75,4.25,0,0.0,やや得意,C
4431,石塚裕介,5,5,6,0.0,16.67,33.33,50.0,0.205,0.14,0.29,0.0,35.28,14.72,0,0.0,得意,C
4499,滝川真由子,3,3,6,50.0,16.67,16.67,83.33,0.175,0.09,0.37,16.67,55.75,27.58,0,0.0,得意,C
4478,櫻本あゆみ,6,6,5,20.0,40.0,0.0,60.0,0.208,0.12,0.33,40.0,22.5,37.5,0,0.0,得意,C
4113,木村浩士,4,4,3,0.0,0.0,0.0,0.0,0.18,0.18,0.18,0.0,47.51,-47.51,0,0.0,少数参考,参考
4067,永井源,3,3,4,0.0,25.0,75.0,100.0,0.158,0.11,0.19,0.0,55.75,44.25,0,0.0,少数参考,参考
3915,繁野谷圭介,5,5,3,0.0,0.0,33.33,33.33,0.067,0.04,0.08,33.33,35.28,-1.95,0,0.0,少数参考,参考
4963,實森美祐,6,6,3,0.0,33.33,0.0,33.33,0.12,0.1,0.15,0.0,22.5,10.83,0,0.0,少数参考,参考
4113,木村浩士,5,5,5,0.0,20.0,20.0,40.0,0.166,0.11,0.26,20.0,35.28,4.72,0,0.0,やや得意,C
5240,高橋龍治,6,6,10,0.0,10.0,10.0,20.0,0.186,0.11,0.38,40.0,22.5,-2.5,0,0.0,標準,B
4643,近江翔吾,2,3,3,0.0,66.67,0.0,66.67,0.14,0.13,0.15,33.33,55.75,10.92,3,100.0,少数参考,参考
3915,繁野谷圭介,4,4,3,0.0,0.0,0.0,0.0,0.207,0.12,0.27,0.0,47.51,-47.51,0,0.0,少数参考,参考
4889,後藤盛也,2,2,6,16.67,16.67,0.0,33.33,0.14,0.11,0.16,33.33,57.15,-23.82,0,0.0,苦手,C
5222,津田陸翔,5,5,3,0.0,0.0,0.0,0.0,0.207,0.16,0.27,0.0,35.28,-35.28,0,0.0,少数参考,参考
5240,高橋龍治,5,6,5,0.0,0.0,0.0,0.0,0.134,0.02,0.19,20.0,22.5,-22.5,5,100.0,苦手,C
4941,孫崎百世,2,2,3,0.0,33.33,66.67,100.0,0.183,0.15,0.22,0.0,57.15,42.85,0,0.0,少数参考,参考
5268,山本幸也,5,6,5,0.0,0.0,0.0,0.0,0.184,0.12,0.34,0.0,22.5,-22.5,5,100.0,苦手,C
3837,秋山広一,3,3,5,0.0,40.0,60.0,100.0,0.166,0.13,0.2,40.0,55.75,44.25,0,0.0,得意,C
4951,新田洋一,4,4,6,16.67,0.0,16.67,33.33,0.135,0.07,0.19,33.33,47.51,-14.18,0,0.0,苦手,C
5298,水谷理人,5,6,6,0.0,0.0,16.67,16.67,0.202,0.13,0.39,0.0,22.5,-5.83,6,100.0,標準,C
5092,篠原晟弥,1,1,4,50.0,25.0,0.0,75.0,0.133,0.04,0.19,50.0,85.37,-10.37,0,0.0,少数参考,参考
4966,田川大貴,2,2,4,0.0,25.0,0.0,25.0,0.188,0.14,0.26,0.0,57.15,-32.15,0,0.0,少数参考,参考
5224,西岡顕心,4,4,8,12.5,25.0,12.5,50.0,0.156,0.09,0.21,0.0,47.51,2.49,0,0.0,標準,C
4314,青木幸太郎,4,4,6,16.67,16.67,33.33,66.67,0.103,0.06,0.17,50.0,47.51,19.16,0,0.0,得意,C
4068,幸田智裕,1,1,3,0.0,33.33,0.0,33.33,0.153,0.09,0.21,0.0,85.37,-52.04,0,0.0,少数参考,参考
4635,峰重力也,2,2,4,0.0,25.0,25.0,50.0,0.147,0.11,0.19,25.0,57.15,-7.15,0,0.0,少数参考,参考
4343,村岡賢,3,3,8,0.0,25.0,25.0,50.0,0.172,0.12,0.21,25.0,55.75,-5.75,0,0.0,標準,C
4073,大橋純一郎,1,1,7,71.43,28.57,0.0,100.0,0.15,0.07,0.28,57.14,85.37,14.63,0,0.0,得意,C
3319,山崎義明,5,5,4,0.0,25.0,25.0,50.0,0.158,0.11,0.22,25.0,35.28,14.72,0,0.0,少数参考,参考
5298,水谷理人,6,6,8,12.5,0.0,12.5,25.0,0.159,0.11,0.19,12.5,22.5,2.5,0,0.0,標準,C
5268,山本幸也,6,6,6,0.0,0.0,0.0,0.0,0.177,0.07,0.26,0.0,22.5,-22.5,0,0.0,苦手,C
4951,新田洋一,5,5,4,0.0,25.0,25.0,50.0,0.122,0.11,0.14,25.0,35.28,14.72,0,0.0,少数参考,参考
4948,木場悠介,6,6,7,0.0,14.29,0.0,14.29,0.156,0.09,0.21,14.29,22.5,-8.21,0,0.0,標準,C
5087,佐藤航,2,2,5,0.0,40.0,20.0,60.0,0.134,0.03,0.23,0.0,57.15,2.85,0,0.0,標準,C
3663,木山和幸,3,3,9,22.22,33.33,11.11,66.67,0.149,0.09,0.21,0.0,55.75,10.92,0,0.0,得意,C
4864,小川日紀太,4,4,4,0.0,0.0,0.0,0.0,0.105,0.09,0.15,50.0,47.51,-47.51,0,0.0,少数参考,参考
4635,峰重力也,6,6,4,0.0,0.0,25.0,25.0,0.095,0.05,0.13,75.0,22.5,2.5,0,0.0,少数参考,参考
3837,秋山広一,1,1,8,50.0,12.5,12.5,75.0,0.168,0.11,0.25,12.5,85.37,-10.37,0,0.0,得意,C
4073,大橋純一郎,5,5,4,25.0,25.0,0.0,50.0,0.115,0.07,0.16,25.0,35.28,14.72,0,0.0,少数参考,参考
4068,幸田智裕,2,2,8,25.0,12.5,37.5,75.0,0.147,0.1,0.21,0.0,57.15,17.85,0,0.0,得意,C
5224,西岡顕心,3,3,6,0.0,16.67,33.33,50.0,0.142,0.08,0.19,16.67,55.75,-5.75,0,0.0,標準,C
4635,峰重力也,4,4,6,0.0,0.0,33.33,33.33,0.125,0.08,0.17,16.67,47.51,-14.18,0,0.0,苦手,C
4864,小川日紀太,2,2,6,16.67,16.67,0.0,33.33,0.145,0.06,0.21,33.33,57.15,-23.82,0,0.0,苦手,C
5244,黒田剛,4,6,3,0.0,0.0,0.0,0.0,0.143,0.11,0.21,33.33,22.5,-22.5,3,100.0,少数参考,参考
3837,秋山広一,2,2,8,12.5,12.5,25.0,50.0,0.12,0.06,0.21,25.0,57.15,-7.15,0,0.0,標準,C
5076,石原光,3,3,5,0.0,40.0,20.0,60.0,0.156,0.08,0.2,0.0,55.75,4.25,0,0.0,やや得意,C
3372,加藤雅之,1,1,5,0.0,40.0,0.0,40.0,0.208,0.18,0.23,0.0,85.37,-45.37,0,0.0,苦手,C
4948,木場悠介,2,2,5,20.0,0.0,20.0,40.0,0.17,0.06,0.28,20.0,57.15,-17.15,0,0.0,苦手,C
5087,佐藤航,3,3,7,42.86,0.0,28.57,71.43,0.101,0.05,0.16,14.29,55.75,15.68,0,0.0,得意,C
4890,石川諒,6,6,14,0.0,0.0,14.29,14.29,0.128,0.05,0.22,42.86,22.5,-8.21,0,0.0,標準,B
3663,木山和幸,2,2,7,28.57,28.57,14.29,71.43,0.15,0.08,0.27,14.29,57.15,14.28,0,0.0,得意,C
4073,大橋純一郎,4,4,8,0.0,25.0,12.5,37.5,0.138,0.09,0.19,25.0,47.51,-10.01,0,0.0,苦手,C
5224,西岡顕心,5,5,6,0.0,33.33,33.33,66.67,0.11,0.05,0.16,16.67,35.28,31.39,0,0.0,得意,C
5076,石原光,2,2,9,11.11,22.22,11.11,44.44,0.182,0.1,0.29,0.0,57.15,-12.71,0,0.0,苦手,C
4314,青木幸太郎,3,3,7,28.57,14.29,14.29,57.14,0.166,0.12,0.29,42.86,55.75,1.39,0,0.0,標準,C
4236,松村敏,6,5,3,0.0,33.33,33.33,66.67,0.11,0.08,0.14,33.33,35.28,31.39,3,100.0,少数参考,参考
4068,幸田智裕,5,5,8,0.0,0.0,25.0,25.0,0.191,0.07,0.29,0.0,35.28,-10.28,0,0.0,苦手,C
3975,小野寺智洋,2,2,6,33.33,33.33,16.67,83.33,0.133,0.08,0.24,16.67,57.15,26.18,0,0.0,得意,C
3319,山崎義明,4,4,4,0.0,25.0,0.0,25.0,0.143,0.11,0.17,25.0,47.51,-22.51,0,0.0,少数参考,参考
3837,秋山広一,6,6,6,0.0,33.33,16.67,50.0,0.158,0.06,0.26,33.33,22.5,27.5,0,0.0,得意,C
4343,村岡賢,2,2,6,0.0,0.0,16.67,16.67,0.17,0.14,0.21,16.67,57.15,-40.48,0,0.0,苦手,C
4948,木場悠介,4,4,6,33.33,0.0,33.33,66.67,0.155,0.09,0.3,0.0,47.51,19.16,0,0.0,得意,C
4966,田川大貴,5,5,6,0.0,16.67,16.67,33.33,0.103,0.04,0.15,50.0,35.28,-1.95,0,0.0,標準,C
5092,篠原晟弥,6,6,4,0.0,25.0,25.0,50.0,0.13,0.11,0.17,50.0,22.5,27.5,0,0.0,少数参考,参考
3372,加藤雅之,2,2,6,0.0,0.0,33.33,33.33,0.175,0.11,0.28,0.0,57.15,-23.82,0,0.0,苦手,C
5076,石原光,4,4,5,20.0,20.0,40.0,80.0,0.154,0.08,0.22,0.0,47.51,32.49,0,0.0,得意,C
4951,新田洋一,6,6,6,0.0,16.67,0.0,16.67,0.147,0.09,0.24,33.33,22.5,-5.83,0,0.0,標準,C
3663,木山和幸,1,1,5,80.0,20.0,0.0,100.0,0.134,0.09,0.18,0.0,85.37,14.63,0,0.0,得意,C
4635,峰重力也,1,1,4,25.0,75.0,0.0,100.0,0.065,0.01,0.12,25.0,85.37,14.63,0,0.0,少数参考,参考
4073,大橋純一郎,2,2,6,16.67,50.0,33.33,100.0,0.133,0.07,0.21,0.0,57.15,42.85,0,0.0,得意,C
4948,木場悠介,5,5,6,0.0,16.67,16.67,33.33,0.192,0.11,0.32,0.0,35.28,-1.95,0,0.0,標準,C
4068,幸田智裕,6,6,3,0.0,0.0,33.33,33.33,0.137,0.09,0.2,0.0,22.5,10.83,0,0.0,少数参考,参考
5087,佐藤航,1,1,8,75.0,12.5,0.0,87.5,0.149,0.08,0.24,12.5,85.37,2.13,0,0.0,得意,C
5224,西岡顕心,2,2,6,0.0,33.33,0.0,33.33,0.123,0.09,0.15,50.0,57.15,-23.82,0,0.0,苦手,C
3837,秋山広一,4,4,5,0.0,20.0,40.0,60.0,0.164,0.08,0.22,0.0,47.51,12.49,0,0.0,得意,C
4314,青木幸太郎,2,2,5,0.0,60.0,0.0,60.0,0.222,0.07,0.43,40.0,57.15,2.85,0,0.0,標準,C
4635,峰重力也,5,5,3,0.0,33.33,0.0,33.33,0.153,0.07,0.23,33.33,35.28,-1.95,0,0.0,少数参考,参考
4864,小川日紀太,3,3,5,0.0,20.0,20.0,40.0,0.124,0.11,0.16,0.0,55.75,-15.75,0,0.0,苦手,C
3372,加藤雅之,4,4,5,0.0,0.0,0.0,0.0,0.182,0.11,0.29,0.0,47.51,-47.51,0,0.0,苦手,C
5092,篠原晟弥,2,2,3,0.0,33.33,66.67,100.0,0.157,0.07,0.22,0.0,57.15,42.85,0,0.0,少数参考,参考
4343,村岡賢,6,6,3,0.0,33.33,0.0,33.33,0.227,0.16,0.29,33.33,22.5,10.83,0,0.0,少数参考,参考
4557,松尾光広,4,4,7,14.29,14.29,28.57,57.14,0.146,0.08,0.2,0.0,47.51,9.63,0,0.0,得意,C
4948,木場悠介,3,3,7,0.0,0.0,57.14,57.14,0.136,0.1,0.18,0.0,55.75,1.39,0,0.0,標準,C
5087,佐藤航,4,4,7,0.0,57.14,14.29,71.43,0.163,0.02,0.23,14.29,47.51,23.92,0,0.0,得意,C
5092,篠原晟弥,3,3,4,25.0,0.0,75.0,100.0,0.122,0.09,0.15,25.0,55.75,44.25,0,0.0,少数参考,参考
4073,大橋純一郎,6,6,4,0.0,25.0,0.0,25.0,0.15,0.09,0.21,0.0,22.5,2.5,0,0.0,少数参考,参考
4635,峰重力也,3,3,3,0.0,0.0,0.0,0.0,0.1,0.07,0.14,66.67,55.75,-55.75,0,0.0,少数参考,参考
4948,木場悠介,1,1,9,55.56,22.22,11.11,88.89,0.124,0.08,0.2,44.44,85.37,3.52,0,0.0,得意,C
5076,石原光,5,5,7,0.0,0.0,28.57,28.57,0.166,0.08,0.26,0.0,35.28,-6.71,0,0.0,標準,C
5087,佐藤航,5,5,6,0.0,0.0,33.33,33.33,0.178,0.14,0.25,0.0,35.28,-1.95,0,0.0,標準,C
4343,村岡賢,1,1,5,20.0,40.0,40.0,100.0,0.13,0.08,0.17,0.0,85.37,14.63,0,0.0,得意,C
4068,幸田智裕,3,3,5,0.0,0.0,40.0,40.0,0.166,0.08,0.22,0.0,55.75,-15.75,0,0.0,苦手,C
4864,小川日紀太,5,5,6,0.0,0.0,0.0,0.0,0.167,0.06,0.23,33.33,35.28,-35.28,0,0.0,苦手,C
5076,石原光,6,6,3,0.0,0.0,0.0,0.0,0.107,0.04,0.17,33.33,22.5,-22.5,0,0.0,少数参考,参考
5224,西岡顕心,1,1,6,83.33,0.0,0.0,83.33,0.183,0.1,0.26,0.0,85.37,-2.04,0,0.0,標準,C
3837,秋山広一,5,5,3,0.0,66.67,0.0,66.67,0.16,0.15,0.17,33.33,35.28,31.39,0,0.0,少数参考,参考
4343,村岡賢,5,5,5,0.0,0.0,20.0,20.0,0.178,0.13,0.25,0.0,35.28,-15.28,0,0.0,苦手,C
4073,大橋純一郎,3,3,7,28.57,14.29,42.86,85.71,0.139,0.09,0.16,28.57,55.75,29.96,0,0.0,得意,C
5076,石原光,1,1,3,33.33,0.0,33.33,66.67,0.14,0.14,0.14,0.0,85.37,-18.7,0,0.0,少数参考,参考
3372,加藤雅之,5,5,6,0.0,0.0,50.0,50.0,0.19,0.02,0.27,0.0,35.28,14.72,0,0.0,得意,C
3319,山崎義明,6,6,3,0.0,0.0,66.67,66.67,0.137,0.13,0.14,33.33,22.5,44.17,0,0.0,少数参考,参考
4912,中山将太,2,2,4,0.0,25.0,50.0,75.0,0.133,0.08,0.24,0.0,57.15,17.85,0,0.0,少数参考,参考
5115,香川颯太,4,4,3,33.33,33.33,33.33,100.0,0.11,0.09,0.13,33.33,47.51,52.49,0,0.0,少数参考,参考
3802,森岡まき,6,6,3,0.0,33.33,0.0,33.33,0.117,0.06,0.2,33.33,22.5,10.83,0,0.0,少数参考,参考
5145,島川海輝,1,1,29,75.86,10.34,3.45,89.66,0.137,0.06,0.32,34.48,85.37,4.29,0,0.0,得意,A
4834,浜本裕己,3,3,7,0.0,28.57,0.0,28.57,0.173,0.09,0.36,28.57,55.75,-27.18,0,0.0,苦手,C
3808,秋田健太郎,4,4,4,0.0,0.0,0.0,0.0,0.163,0.11,0.26,25.0,47.51,-47.51,0,0.0,少数参考,参考
5165,小林愛実,2,2,4,0.0,0.0,25.0,25.0,0.198,0.18,0.21,0.0,57.15,-32.15,0,0.0,少数参考,参考
4836,大谷健太,5,5,8,12.5,0.0,37.5,50.0,0.15,0.08,0.26,0.0,35.28,14.72,0,0.0,得意,C
3620,信濃由行,6,6,3,0.0,0.0,0.0,0.0,0.153,0.12,0.18,0.0,22.5,-22.5,0,0.0,少数参考,参考
5203,神里琴音,4,4,5,0.0,20.0,40.0,60.0,0.178,0.11,0.27,20.0,47.51,12.49,0,0.0,得意,C
3801,五反田忍,5,5,3,0.0,0.0,66.67,66.67,0.143,0.11,0.18,66.67,35.28,31.39,0,0.0,少数参考,参考
4875,大塚康雅,5,5,8,0.0,0.0,25.0,25.0,0.164,0.08,0.4,25.0,35.28,-10.28,0,0.0,苦手,C
5114,小林孝彰,1,1,4,100.0,0.0,0.0,100.0,0.12,0.07,0.18,75.0,85.37,14.63,0,0.0,少数参考,参考
3808,秋田健太郎,6,6,4,0.0,0.0,0.0,0.0,0.208,0.17,0.25,0.0,22.5,-22.5,0,0.0,少数参考,参考
4912,中山将太,5,5,3,33.33,0.0,0.0,33.33,0.183,0.17,0.21,66.67,35.28,-1.95,0,0.0,少数参考,参考
4159,向後龍一,6,6,4,0.0,0.0,50.0,50.0,0.177,0.11,0.25,0.0,22.5,27.5,0,0.0,少数参考,参考
3802,森岡まき,2,2,5,20.0,0.0,0.0,20.0,0.154,0.09,0.24,60.0,57.15,-37.15,0,0.0,苦手,C
3801,五反田忍,3,3,4,25.0,50.0,0.0,75.0,0.113,0.06,0.17,50.0,55.75,19.25,0,0.0,少数参考,参考
4964,土屋南,6,6,5,0.0,0.0,0.0,0.0,0.146,0.09,0.21,20.0,22.5,-22.5,0,0.0,苦手,C
3554,仲口博崇,2,2,8,0.0,0.0,25.0,25.0,0.235,0.11,0.41,0.0,57.15,-32.15,0,0.0,苦手,C
5165,小林愛実,4,4,5,0.0,0.0,0.0,0.0,0.186,0.05,0.27,20.0,47.51,-47.51,0,0.0,苦手,C
4100,松田隆司,5,5,5,0.0,40.0,0.0,40.0,0.19,0.11,0.24,0.0,35.28,4.72,0,0.0,やや得意,C
4765,野田部宏子,2,2,7,14.29,28.57,14.29,57.14,0.097,0.01,0.17,42.86,57.15,-0.01,0,0.0,標準,C
4836,大谷健太,4,4,9,11.11,11.11,11.11,33.33,0.176,0.07,0.23,11.11,47.51,-14.18,0,0.0,苦手,C
3808,秋田健太郎,1,1,4,50.0,25.0,0.0,75.0,0.118,0.07,0.16,50.0,85.37,-10.37,0,0.0,少数参考,参考
5114,小林孝彰,3,3,4,25.0,0.0,25.0,50.0,0.117,0.09,0.17,50.0,55.75,-5.75,0,0.0,少数参考,参考
3624,大石和彦,5,5,5,0.0,0.0,0.0,0.0,0.15,0.11,0.19,0.0,35.28,-35.28,0,0.0,苦手,C
3802,森岡まき,4,4,4,0.0,25.0,25.0,50.0,0.173,0.08,0.22,50.0,47.51,2.49,0,0.0,少数参考,参考
4834,浜本裕己,4,4,6,16.67,16.67,16.67,50.0,0.09,0.04,0.15,33.33,47.51,2.49,0,0.0,標準,C
5165,小林愛実,6,6,5,0.0,0.0,20.0,20.0,0.198,0.05,0.28,0.0,22.5,-2.5,0,0.0,標準,C
4324,海野康志郎,6,2,6,33.33,16.67,33.33,83.33,0.155,0.11,0.22,0.0,57.15,26.18,6,100.0,得意,C
4912,中山将太,1,1,4,75.0,0.0,25.0,100.0,0.18,0.03,0.25,25.0,85.37,14.63,0,0.0,少数参考,参考
3554,仲口博崇,3,3,5,0.0,40.0,0.0,40.0,0.168,0.09,0.21,0.0,55.75,-15.75,0,0.0,苦手,C
5203,神里琴音,6,6,9,11.11,0.0,0.0,11.11,0.118,0.07,0.17,44.44,22.5,-11.39,0,0.0,苦手,C
4765,野田部宏子,3,3,7,28.57,0.0,42.86,71.43,0.107,0.07,0.19,57.14,55.75,15.68,0,0.0,得意,C
5145,島川海輝,5,5,19,0.0,5.26,26.32,31.58,0.151,0.09,0.25,10.53,35.28,-3.7,0,0.0,標準,B
5114,小林孝彰,6,6,3,0.0,0.0,0.0,0.0,0.187,0.17,0.2,0.0,22.5,-22.5,0,0.0,少数参考,参考
3801,五反田忍,1,1,3,33.33,66.67,0.0,100.0,0.167,0.06,0.25,33.33,85.37,14.63,0,0.0,少数参考,参考
5115,香川颯太,6,6,4,0.0,0.0,25.0,25.0,0.18,0.17,0.19,0.0,22.5,2.5,0,0.0,少数参考,参考
3554,仲口博崇,1,1,8,75.0,0.0,12.5,87.5,0.194,0.16,0.22,0.0,85.37,2.13,0,0.0,標準,C
4875,大塚康雅,6,6,3,0.0,0.0,0.0,0.0,0.167,0.14,0.19,0.0,22.5,-22.5,0,0.0,少数参考,参考
3081,岡本慎治,6,6,8,0.0,12.5,25.0,37.5,0.196,0.0,0.37,12.5,22.5,15.0,0,0.0,得意,C
4834,浜本裕己,2,2,7,0.0,42.86,0.0,42.86,0.206,0.07,0.37,14.29,57.15,-14.29,0,0.0,苦手,C
5203,神里琴音,3,3,7,0.0,57.14,0.0,57.14,0.174,0.11,0.35,28.57,55.75,1.39,0,0.0,標準,C
3664,鈴木賢一,5,5,3,0.0,0.0,0.0,0.0,0.213,0.13,0.35,0.0,35.28,-35.28,0,0.0,少数参考,参考
4912,中山将太,6,6,3,0.0,0.0,0.0,0.0,0.233,0.16,0.36,0.0,22.5,-22.5,0,0.0,少数参考,参考
4765,野田部宏子,1,1,4,75.0,25.0,0.0,100.0,0.098,0.05,0.17,50.0,85.37,14.63,0,0.0,少数参考,参考
4875,大塚康雅,3,3,3,0.0,0.0,66.67,66.67,0.22,0.15,0.27,0.0,55.75,10.92,0,0.0,少数参考,参考
4964,土屋南,1,1,3,66.67,0.0,33.33,100.0,0.12,0.11,0.14,0.0,85.37,14.63,0,0.0,少数参考,参考
4566,塩田北斗,5,5,3,0.0,0.0,0.0,0.0,0.127,0.09,0.16,0.0,35.28,-35.28,0,0.0,少数参考,参考
3802,森岡まき,1,1,4,25.0,0.0,75.0,100.0,0.13,0.03,0.24,50.0,85.37,14.63,0,0.0,少数参考,参考
4961,西橋奈未,6,6,5,0.0,0.0,20.0,20.0,0.152,0.04,0.29,20.0,22.5,-2.5,0,0.0,標準,C
4836,大谷健太,1,1,6,50.0,16.67,16.67,83.33,0.188,0.1,0.31,33.33,85.37,-2.04,0,0.0,標準,C
3801,五反田忍,2,2,3,33.33,0.0,33.33,66.67,0.173,0.15,0.19,0.0,57.15,9.52,0,0.0,少数参考,参考
5114,小林孝彰,4,4,3,0.0,0.0,33.33,33.33,0.103,0.05,0.14,0.0,47.51,-14.18,0,0.0,少数参考,参考
4834,浜本裕己,5,5,5,0.0,0.0,40.0,40.0,0.122,0.09,0.14,40.0,35.28,4.72,0,0.0,やや得意,C
4159,向後龍一,1,1,4,50.0,25.0,0.0,75.0,0.105,0.05,0.14,25.0,85.37,-10.37,0,0.0,少数参考,参考
3808,秋田健太郎,2,2,7,14.29,14.29,28.57,57.14,0.153,0.1,0.23,28.57,57.15,-0.01,0,0.0,標準,C
3554,仲口博崇,4,4,4,50.0,25.0,0.0,75.0,0.175,0.1,0.24,0.0,47.51,27.49,0,0.0,少数参考,参考
5165,小林愛実,5,5,5,0.0,0.0,0.0,0.0,0.154,0.08,0.28,0.0,35.28,-35.28,0,0.0,苦手,C
3796,長野道臣,4,4,4,25.0,0.0,25.0,50.0,0.195,0.16,0.29,25.0,47.51,2.49,0,0.0,少数参考,参考
4912,中山将太,4,4,3,0.0,0.0,33.33,33.33,0.203,0.11,0.35,0.0,47.51,-14.18,0,0.0,少数参考,参考
3455,谷本幸司,5,5,4,0.0,0.0,25.0,25.0,0.152,0.05,0.25,0.0,35.28,-10.28,0,0.0,少数参考,参考
4875,大塚康雅,2,2,5,0.0,20.0,20.0,40.0,0.186,0.08,0.4,20.0,57.15,-17.15,0,0.0,苦手,C
4964,土屋南,3,3,3,0.0,100.0,0.0,100.0,0.1,0.05,0.18,66.67,55.75,44.25,0,0.0,少数参考,参考
3602,奥平拓也,5,5,3,0.0,33.33,0.0,33.33,0.167,0.11,0.26,0.0,35.28,-1.95,0,0.0,少数参考,参考
4159,向後龍一,4,4,4,0.0,25.0,0.0,25.0,0.145,0.04,0.22,25.0,47.51,-22.51,0,0.0,少数参考,参考
3802,森岡まき,5,5,3,0.0,33.33,0.0,33.33,0.183,0.14,0.21,0.0,35.28,-1.95,0,0.0,少数参考,参考
3801,五反田忍,6,6,3,66.67,0.0,0.0,66.67,0.14,0.12,0.17,66.67,22.5,44.17,0,0.0,少数参考,参考
4836,大谷健太,2,2,9,11.11,0.0,22.22,33.33,0.187,0.05,0.38,11.11,57.15,-23.82,0,0.0,苦手,C
4912,中山将太,3,3,3,33.33,0.0,0.0,33.33,0.183,0.09,0.32,0.0,55.75,-22.42,0,0.0,少数参考,参考
4692,酒井俊弘,4,4,3,0.0,0.0,33.33,33.33,0.18,0.16,0.21,66.67,47.51,-14.18,0,0.0,少数参考,参考
5203,神里琴音,5,5,6,0.0,0.0,0.0,0.0,0.172,0.1,0.25,16.67,35.28,-35.28,0,0.0,苦手,C
4834,浜本裕己,1,1,5,80.0,0.0,0.0,80.0,0.186,0.11,0.27,20.0,85.37,-5.37,0,0.0,標準,C
3802,森岡まき,3,4,3,0.0,0.0,0.0,0.0,0.14,0.09,0.18,0.0,47.51,-47.51,3,100.0,少数参考,参考
5114,小林孝彰,5,5,3,0.0,0.0,33.33,33.33,0.157,0.14,0.17,33.33,35.28,-1.95,0,0.0,少数参考,参考
5165,小林愛実,1,1,3,0.0,66.67,33.33,100.0,0.1,0.04,0.17,66.67,85.37,14.63,0,0.0,少数参考,参考
4875,大塚康雅,1,1,4,50.0,25.0,25.0,100.0,0.105,0.07,0.12,25.0,85.37,14.63,0,0.0,少数参考,参考
3808,秋田健太郎,3,3,6,0.0,0.0,33.33,33.33,0.13,0.05,0.26,16.67,55.75,-22.42,0,0.0,苦手,C
4865,立具敬司,4,4,3,0.0,66.67,0.0,66.67,0.13,0.08,0.18,0.0,47.51,19.16,0,0.0,少数参考,参考
4313,西村美智子,5,5,3,0.0,33.33,33.33,66.67,0.103,0.09,0.12,33.33,35.28,31.39,0,0.0,少数参考,参考
4526,池田雄祐,1,1,4,75.0,25.0,0.0,100.0,0.143,0.07,0.19,75.0,85.37,14.63,0,0.0,少数参考,参考
4836,大谷健太,6,6,4,0.0,0.0,25.0,25.0,0.147,0.09,0.31,25.0,22.5,2.5,0,0.0,少数参考,参考
3554,仲口博崇,6,3,3,0.0,33.33,0.0,33.33,0.167,0.13,0.22,0.0,55.75,-22.42,3,100.0,少数参考,参考
3808,秋田健太郎,5,5,5,0.0,0.0,20.0,20.0,0.138,0.11,0.18,0.0,35.28,-15.28,0,0.0,苦手,C
4100,松田隆司,4,4,4,25.0,50.0,25.0,100.0,0.185,0.09,0.28,25.0,47.51,52.49,0,0.0,少数参考,参考
4765,野田部宏子,4,4,8,12.5,0.0,0.0,12.5,0.129,0.04,0.19,50.0,47.51,-35.01,0,0.0,苦手,C
3554,仲口博崇,5,4,3,0.0,66.67,0.0,66.67,0.147,0.09,0.18,0.0,47.51,19.16,3,100.0,少数参考,参考
4865,立具敬司,5,5,3,0.0,33.33,0.0,33.33,0.1,0.03,0.16,0.0,35.28,-1.95,0,0.0,少数参考,参考
4875,大塚康雅,4,4,4,0.0,0.0,25.0,25.0,0.203,0.13,0.26,25.0,47.51,-22.51,0,0.0,少数参考,参考
4902,山川雄大,4,4,6,16.67,0.0,16.67,33.33,0.158,0.04,0.26,0.0,47.51,-14.18,0,0.0,苦手,C
3981,今坂晃広,5,5,6,0.0,16.67,0.0,16.67,0.182,0.1,0.31,16.67,35.28,-18.61,0,0.0,苦手,C
4150,山田雄太,4,4,5,40.0,0.0,0.0,40.0,0.09,0.05,0.14,60.0,47.51,-7.51,0,0.0,標準,C
4222,山口高志,5,5,3,33.33,33.33,0.0,66.67,0.17,0.14,0.19,33.33,35.28,31.39,0,0.0,少数参考,参考
4411,沢田昭宏,1,1,5,100.0,0.0,0.0,100.0,0.144,0.07,0.22,20.0,85.37,14.63,0,0.0,得意,C
4342,谷野錬志,2,2,4,0.0,50.0,25.0,75.0,0.177,0.07,0.32,25.0,57.15,17.85,0,0.0,少数参考,参考
4081,樋口範政,5,6,3,0.0,0.0,0.0,0.0,0.183,0.13,0.24,0.0,22.5,-22.5,3,100.0,少数参考,参考
3499,市川哲也,1,1,14,78.57,0.0,7.14,85.71,0.109,0.05,0.19,50.0,85.37,0.34,0,0.0,得意,B
3968,茶谷信次,3,3,9,11.11,11.11,44.44,66.67,0.158,0.08,0.22,33.33,55.75,10.92,0,0.0,得意,C
4919,吉田翔悟,6,6,3,0.0,0.0,0.0,0.0,0.187,0.12,0.25,0.0,22.5,-22.5,0,0.0,少数参考,参考
4902,山川雄大,6,6,3,0.0,0.0,0.0,0.0,0.21,0.15,0.27,33.33,22.5,-22.5,0,0.0,少数参考,参考
4342,谷野錬志,4,4,3,0.0,0.0,33.33,33.33,0.107,0.03,0.17,66.67,47.51,-14.18,0,0.0,少数参考,参考
5046,松山裕基,3,3,6,0.0,33.33,33.33,66.67,0.115,0.07,0.16,33.33,55.75,10.92,0,0.0,得意,C
4081,樋口範政,4,4,7,0.0,14.29,0.0,14.29,0.187,0.14,0.23,0.0,47.51,-33.22,0,0.0,苦手,C
3968,茶谷信次,6,6,5,20.0,0.0,40.0,60.0,0.134,0.05,0.23,0.0,22.5,37.5,0,0.0,得意,C
4041,小林基樹,6,5,3,0.0,0.0,33.33,33.33,0.19,0.15,0.26,0.0,35.28,-1.95,3,100.0,少数参考,参考
4169,多田有佑,2,2,3,0.0,0.0,66.67,66.67,0.173,0.11,0.25,33.33,57.15,9.52,0,0.0,少数参考,参考
4213,重富伸也,3,5,3,66.67,0.0,0.0,66.67,0.13,0.07,0.21,66.67,35.28,31.39,3,100.0,少数参考,参考
4150,山田雄太,6,6,9,11.11,11.11,11.11,33.33,0.148,0.08,0.26,33.33,22.5,10.83,0,0.0,得意,C
4902,山川雄大,1,1,4,75.0,0.0,25.0,100.0,0.135,0.07,0.21,25.0,85.37,14.63,0,0.0,少数参考,参考
4231,鈴木裕隆,6,6,3,33.33,0.0,0.0,33.33,0.177,0.12,0.28,0.0,22.5,10.83,0,0.0,少数参考,参考
4081,樋口範政,2,2,9,0.0,11.11,11.11,22.22,0.218,0.15,0.37,11.11,57.15,-34.93,0,0.0,苦手,C
3499,市川哲也,6,4,3,33.33,0.0,33.33,66.67,0.16,0.15,0.17,0.0,47.51,19.16,3,100.0,少数参考,参考
4342,谷野錬志,1,1,5,100.0,0.0,0.0,100.0,0.134,0.09,0.17,20.0,85.37,14.63,0,0.0,得意,C
4411,沢田昭宏,3,3,4,25.0,0.0,0.0,25.0,0.18,0.14,0.2,25.0,55.75,-30.75,0,0.0,少数参考,参考
4902,山川雄大,5,5,6,0.0,0.0,33.33,33.33,0.198,0.12,0.31,0.0,35.28,-1.95,0,0.0,標準,C
3968,茶谷信次,1,1,6,0.0,83.33,16.67,100.0,0.145,0.1,0.21,16.67,85.37,14.63,0,0.0,得意,C
4919,吉田翔悟,3,3,8,0.0,25.0,37.5,62.5,0.129,0.07,0.17,12.5,55.75,6.75,0,0.0,やや得意,C
5046,松山裕基,5,5,7,14.29,14.29,28.57,57.14,0.123,0.03,0.23,42.86,35.28,21.86,0,0.0,得意,C
4081,樋口範政,1,1,7,85.71,0.0,14.29,100.0,0.137,0.06,0.24,71.43,85.37,14.63,0,0.0,得意,C
4231,鈴木裕隆,1,1,6,50.0,16.67,16.67,83.33,0.162,0.08,0.29,33.33,85.37,-2.04,0,0.0,得意,C
5206,梅原祥平,3,3,4,0.0,50.0,0.0,50.0,0.062,0.02,0.12,25.0,55.75,-5.75,0,0.0,少数参考,参考
5046,松山裕基,2,2,9,0.0,22.22,22.22,44.44,0.154,0.07,0.23,22.22,57.15,-12.71,0,0.0,苦手,C
4902,山川雄大,3,3,4,0.0,25.0,50.0,75.0,0.143,0.09,0.19,50.0,55.75,19.25,0,0.0,少数参考,参考
4169,多田有佑,4,4,4,0.0,25.0,0.0,25.0,0.155,0.05,0.32,0.0,47.51,-22.51,0,0.0,少数参考,参考
4342,谷野錬志,6,6,4,0.0,25.0,50.0,75.0,0.12,0.09,0.17,75.0,22.5,52.5,0,0.0,少数参考,参考
3968,茶谷信次,4,4,4,0.0,25.0,25.0,50.0,0.203,0.16,0.27,0.0,47.51,2.49,0,0.0,少数参考,参考
4081,樋口範政,3,3,11,0.0,36.36,9.09,45.45,0.199,0.13,0.41,0.0,55.75,-10.3,0,0.0,苦手,B
4803,飯田庄吾,2,2,3,0.0,33.33,33.33,66.67,0.157,0.09,0.21,0.0,57.15,9.52,0,0.0,少数参考,参考
4570,前田聖文,1,1,9,66.67,0.0,0.0,66.67,0.12,0.06,0.18,11.11,85.37,-18.7,0,0.0,得意,C
3968,茶谷信次,5,5,3,0.0,0.0,33.33,33.33,0.127,0.11,0.14,0.0,35.28,-1.95,0,0.0,少数参考,参考
4211,村田敦,5,5,3,0.0,0.0,0.0,0.0,0.147,0.13,0.18,33.33,35.28,-35.28,0,0.0,少数参考,参考
4081,樋口範政,6,6,5,0.0,0.0,20.0,20.0,0.234,0.16,0.35,0.0,22.5,-2.5,0,0.0,標準,C
4902,山川雄大,2,2,5,20.0,20.0,40.0,80.0,0.166,0.08,0.29,0.0,57.15,22.85,0,0.0,得意,C
5046,松山裕基,1,1,4,100.0,0.0,0.0,100.0,0.058,0.01,0.13,75.0,85.37,14.63,0,0.0,少数参考,参考
3623,深川真二,4,2,5,0.0,40.0,0.0,40.0,0.15,0.11,0.23,40.0,57.15,-17.15,5,100.0,苦手,C
4222,山口高志,2,2,3,33.33,0.0,66.67,100.0,0.103,0.04,0.21,33.33,57.15,42.85,0,0.0,少数参考,参考
5206,梅原祥平,6,6,3,0.0,0.0,0.0,0.0,0.107,0.07,0.14,33.33,22.5,-22.5,0,0.0,少数参考,参考
4137,君島秀三,6,6,5,0.0,20.0,0.0,20.0,0.126,0.06,0.21,60.0,22.5,-2.5,0,0.0,標準,C
4342,谷野錬志,3,3,3,33.33,66.67,0.0,100.0,0.113,0.08,0.16,33.33,55.75,44.25,0,0.0,少数参考,参考
4306,畔柳俊吾,3,3,5,0.0,20.0,20.0,40.0,0.174,0.11,0.25,0.0,55.75,-15.75,0,0.0,苦手,C
5263,花田凱成,6,6,5,0.0,0.0,0.0,0.0,0.18,0.08,0.35,60.0,22.5,-22.5,0,0.0,苦手,C
4275,菅野はやか,1,1,4,0.0,25.0,25.0,50.0,0.282,0.18,0.38,0.0,85.37,-35.37,0,0.0,少数参考,参考
4844,村上奈穂,3,3,4,25.0,0.0,0.0,25.0,0.193,0.12,0.24,0.0,55.75,-30.75,0,0.0,少数参考,参考
5202,宮崎つぐみ,4,4,5,0.0,0.0,40.0,40.0,0.16,0.08,0.26,60.0,47.51,-7.51,0,0.0,標準,C
4484,稲生夏季,5,5,3,0.0,33.33,33.33,66.67,0.28,0.23,0.32,0.0,35.28,31.39,0,0.0,少数参考,参考
5204,宇恵有香,6,6,5,0.0,0.0,40.0,40.0,0.166,0.13,0.22,40.0,22.5,17.5,0,0.0,得意,C
4974,安井瑞紀,6,6,9,0.0,0.0,22.22,22.22,0.137,0.06,0.21,33.33,22.5,-0.28,0,0.0,標準,C
4098,赤澤文香,1,1,4,50.0,0.0,25.0,75.0,0.188,0.06,0.32,0.0,85.37,-10.37,0,0.0,少数参考,参考
4372,原田佑実,2,2,5,20.0,0.0,40.0,60.0,0.182,0.07,0.31,0.0,57.15,2.85,0,0.0,標準,C
4414,大澤真菜,4,4,4,0.0,0.0,0.0,0.0,0.135,0.01,0.23,50.0,47.51,-47.51,0,0.0,少数参考,参考
3334,角ひとみ,6,6,5,0.0,20.0,20.0,40.0,0.14,0.07,0.21,20.0,22.5,17.5,0,0.0,得意,C
4484,稲生夏季,2,2,4,0.0,0.0,25.0,25.0,0.182,0.15,0.22,25.0,57.15,-32.15,0,0.0,少数参考,参考
3232,山川美由紀,5,5,7,0.0,14.29,0.0,14.29,0.141,0.11,0.19,0.0,35.28,-20.99,0,0.0,苦手,C
4071,古賀千晶,6,6,5,0.0,20.0,20.0,40.0,0.206,0.12,0.39,20.0,22.5,17.5,0,0.0,得意,C
4791,黒澤めぐみ,1,1,3,33.33,0.0,66.67,100.0,0.147,0.09,0.24,33.33,85.37,14.63,0,0.0,少数参考,参考
5146,野田彩加,2,2,20,20.0,20.0,30.0,70.0,0.172,0.06,0.29,10.0,57.15,12.85,0,0.0,得意,A
4744,伊藤玲奈,4,4,8,0.0,37.5,0.0,37.5,0.206,0.14,0.32,0.0,47.51,-10.01,0,0.0,苦手,C
3618,海野ゆかり,5,5,7,0.0,0.0,0.0,0.0,0.186,0.07,0.29,14.29,35.28,-35.28,0,0.0,苦手,C
3188,日高逸子,1,1,7,42.86,28.57,28.57,100.0,0.131,0.09,0.21,57.14,85.37,14.63,0,0.0,得意,C
5218,山田理央,4,4,6,50.0,16.67,33.33,100.0,0.145,0.09,0.22,50.0,47.51,52.49,0,0.0,得意,C
3232,山川美由紀,1,1,7,71.43,0.0,0.0,71.43,0.147,0.06,0.19,57.14,85.37,-13.94,0,0.0,得意,C
4275,菅野はやか,3,3,6,0.0,0.0,66.67,66.67,0.263,0.19,0.35,16.67,55.75,10.92,0,0.0,得意,C
4974,安井瑞紀,4,4,6,16.67,0.0,16.67,33.33,0.208,0.03,0.42,16.67,47.51,-14.18,0,0.0,苦手,C
4071,古賀千晶,2,2,9,0.0,0.0,44.44,44.44,0.197,0.12,0.37,11.11,57.15,-12.71,0,0.0,苦手,C
3334,角ひとみ,4,4,6,33.33,33.33,16.67,83.33,0.185,0.07,0.26,33.33,47.51,35.82,0,0.0,得意,C
4433,川野芽唯,5,5,6,0.0,33.33,33.33,66.67,0.237,0.11,0.37,0.0,35.28,31.39,0,0.0,得意,C
4893,渡邉真奈美,6,6,3,0.0,0.0,0.0,0.0,0.19,0.12,0.33,33.33,22.5,-22.5,0,0.0,少数参考,参考
3618,海野ゆかり,1,1,10,90.0,10.0,0.0,100.0,0.166,0.05,0.26,10.0,85.37,14.63,0,0.0,得意,B
4372,原田佑実,3,3,3,0.0,33.33,66.67,100.0,0.147,0.14,0.15,0.0,55.75,44.25,0,0.0,少数参考,参考
3188,日高逸子,4,4,3,33.33,0.0,0.0,33.33,0.127,0.07,0.21,0.0,47.51,-14.18,0,0.0,少数参考,参考
5146,野田彩加,3,3,20,10.0,20.0,30.0,60.0,0.182,0.1,0.27,0.0,55.75,4.25,0,0.0,やや得意,A
4414,大澤真菜,5,5,4,0.0,0.0,0.0,0.0,0.182,0.15,0.21,0.0,35.28,-35.28,0,0.0,少数参考,参考
4744,伊藤玲奈,6,6,3,0.0,0.0,0.0,0.0,0.237,0.21,0.25,0.0,22.5,-22.5,0,0.0,少数参考,参考
4071,古賀千晶,1,1,5,40.0,40.0,0.0,80.0,0.198,0.06,0.32,40.0,85.37,-5.37,0,0.0,標準,C
3932,池田浩美,3,3,3,0.0,33.33,66.67,100.0,0.22,0.18,0.29,33.33,55.75,44.25,0,0.0,少数参考,参考
4974,安井瑞紀,1,1,7,100.0,0.0,0.0,100.0,0.167,0.11,0.26,28.57,85.37,14.63,0,0.0,得意,C
4844,村上奈穂,4,4,4,0.0,25.0,25.0,50.0,0.223,0.14,0.27,25.0,47.51,2.49,0,0.0,少数参考,参考
4300,加藤綾,6,6,4,0.0,25.0,0.0,25.0,0.24,0.13,0.37,0.0,22.5,2.5,0,0.0,少数参考,参考
4098,赤澤文香,4,4,3,0.0,33.33,33.33,66.67,0.293,0.21,0.36,0.0,47.51,19.16,0,0.0,少数参考,参考
5204,宇恵有香,5,5,3,33.33,0.0,33.33,66.67,0.19,0.18,0.21,33.33,35.28,31.39,0,0.0,少数参考,参考
3618,海野ゆかり,6,6,8,0.0,0.0,12.5,12.5,0.2,0.1,0.33,12.5,22.5,-10.0,0,0.0,苦手,C
3232,山川美由紀,3,3,6,0.0,50.0,16.67,66.67,0.185,0.08,0.42,16.67,55.75,10.92,0,0.0,得意,C
4414,大澤真菜,1,1,4,50.0,0.0,25.0,75.0,0.16,0.09,0.24,75.0,85.37,-10.37,0,0.0,少数参考,参考
5218,山田理央,3,3,8,12.5,0.0,25.0,37.5,0.119,0.06,0.2,25.0,55.75,-18.25,0,0.0,苦手,C
4283,石井裕美,5,5,3,0.0,0.0,0.0,0.0,0.233,0.14,0.41,0.0,35.28,-35.28,0,0.0,少数参考,参考
4372,原田佑実,1,1,8,62.5,12.5,12.5,87.5,0.14,0.06,0.24,50.0,85.37,2.13,0,0.0,得意,C
4484,稲生夏季,4,4,6,0.0,33.33,33.33,66.67,0.178,0.12,0.23,16.67,47.51,19.16,0,0.0,得意,C
4744,伊藤玲奈,2,2,8,12.5,25.0,37.5,75.0,0.217,0.07,0.41,12.5,57.15,17.85,0,0.0,得意,C
3334,角ひとみ,3,3,12,0.0,50.0,25.0,75.0,0.211,0.12,0.3,0.0,55.75,19.25,0,0.0,得意,B
3932,池田浩美,6,6,3,33.33,0.0,0.0,33.33,0.193,0.18,0.21,33.33,22.5,10.83,0,0.0,少数参考,参考
3188,日高逸子,5,5,5,0.0,20.0,0.0,20.0,0.182,0.08,0.24,0.0,35.28,-15.28,0,0.0,苦手,C
4098,赤澤文香,6,6,3,0.0,0.0,0.0,0.0,0.35,0.27,0.49,0.0,22.5,-22.5,0,0.0,少数参考,参考
3618,海野ゆかり,2,2,10,0.0,30.0,30.0,60.0,0.184,0.12,0.31,0.0,57.15,2.85,0,0.0,標準,B
4372,原田佑実,4,4,7,14.29,28.57,14.29,57.14,0.164,0.11,0.23,42.86,47.51,9.63,0,0.0,得意,C
4791,黒澤めぐみ,6,6,4,0.0,25.0,0.0,25.0,0.292,0.18,0.4,25.0,22.5,2.5,0,0.0,少数参考,参考
4844,村上奈穂,2,2,8,12.5,12.5,25.0,50.0,0.177,0.05,0.24,25.0,57.15,-7.15,0,0.0,標準,C
4744,伊藤玲奈,3,3,9,0.0,33.33,22.22,55.56,0.206,0.14,0.26,0.0,55.75,-0.19,0,0.0,標準,C
4283,石井裕美,1,1,3,33.33,33.33,0.0,66.67,0.187,0.05,0.36,66.67,85.37,-18.7,0,0.0,少数参考,参考
5202,宮崎つぐみ,3,3,4,25.0,0.0,50.0,75.0,0.107,0.08,0.13,75.0,55.75,19.25,0,0.0,少数参考,参考
4071,古賀千晶,4,4,6,16.67,0.0,16.67,33.33,0.17,0.09,0.27,16.67,47.51,-14.18,0,0.0,苦手,C
3334,角ひとみ,2,2,8,0.0,25.0,37.5,62.5,0.229,0.17,0.28,0.0,57.15,5.35,0,0.0,やや得意,C
4974,安井瑞紀,3,3,10,10.0,10.0,20.0,40.0,0.159,0.09,0.21,10.0,55.75,-15.75,0,0.0,苦手,B
4275,菅野はやか,4,4,4,0.0,0.0,0.0,0.0,0.253,0.19,0.37,0.0,47.51,-47.51,0,0.0,少数参考,参考
3232,山川美由紀,2,2,6,16.67,16.67,16.67,50.0,0.178,0.12,0.26,16.67,57.15,-7.15,0,0.0,標準,C
4017,向井美鈴,5,5,10,0.0,10.0,20.0,30.0,0.154,0.05,0.27,10.0,35.28,-5.28,0,0.0,標準,B
4844,村上奈穂,6,6,3,0.0,0.0,0.0,0.0,0.2,0.11,0.28,0.0,22.5,-22.5,0,0.0,少数参考,参考
4484,稲生夏季,3,3,8,25.0,12.5,12.5,50.0,0.155,0.09,0.24,12.5,55.75,-5.75,0,0.0,標準,C
4071,古賀千晶,5,5,5,0.0,0.0,20.0,20.0,0.166,0.11,0.25,20.0,35.28,-15.28,0,0.0,苦手,C
4275,菅野はやか,2,2,8,12.5,25.0,0.0,37.5,0.203,0.11,0.28,0.0,57.15,-19.65,0,0.0,苦手,C
4744,伊藤玲奈,5,5,8,12.5,12.5,12.5,37.5,0.211,0.07,0.31,12.5,35.28,2.22,0,0.0,標準,C
3932,池田浩美,1,1,4,75.0,0.0,0.0,75.0,0.158,0.08,0.31,50.0,85.37,-10.37,0,0.0,少数参考,参考
4414,大澤真菜,3,3,4,0.0,50.0,25.0,75.0,0.165,0.12,0.24,25.0,55.75,19.25,0,0.0,少数参考,参考
4974,安井瑞紀,5,5,11,18.18,18.18,9.09,45.45,0.125,0.02,0.33,54.55,35.28,10.17,0,0.0,得意,B
3334,角ひとみ,1,1,8,62.5,25.0,0.0,87.5,0.206,0.15,0.27,0.0,85.37,2.13,0,0.0,標準,C
4283,石井裕美,3,3,3,0.0,33.33,0.0,33.33,0.177,0.1,0.22,0.0,55.75,-22.42,0,0.0,少数参考,参考
4246,喜多那由夏,4,4,7,0.0,0.0,14.29,14.29,0.157,0.05,0.2,14.29,47.51,-33.22,0,0.0,苦手,C
4372,原田佑実,6,6,5,0.0,20.0,40.0,60.0,0.122,0.03,0.17,60.0,22.5,37.5,0,0.0,得意,C
3188,日高逸子,2,2,5,0.0,40.0,20.0,60.0,0.192,0.11,0.23,20.0,57.15,2.85,0,0.0,標準,C
3232,山川美由紀,4,4,5,0.0,40.0,20.0,60.0,0.156,0.03,0.21,60.0,47.51,12.49,0,0.0,得意,C
4098,赤澤文香,3,3,5,0.0,20.0,40.0,60.0,0.206,0.07,0.28,20.0,55.75,4.25,0,0.0,やや得意,C
3932,池田浩美,5,5,4,0.0,0.0,25.0,25.0,0.18,0.12,0.26,0.0,35.28,-10.28,0,0.0,少数参考,参考
4484,稲生夏季,6,6,3,0.0,0.0,33.33,33.33,0.16,0.11,0.2,0.0,22.5,10.83,0,0.0,少数参考,参考
4414,大澤真菜,6,6,3,0.0,0.0,33.33,33.33,0.193,0.02,0.32,33.33,22.5,10.83,0,0.0,少数参考,参考
4071,古賀千晶,3,3,5,0.0,0.0,60.0,60.0,0.174,0.14,0.22,20.0,55.75,4.25,0,0.0,やや得意,C
4275,菅野はやか,6,6,4,0.0,0.0,25.0,25.0,0.235,0.15,0.29,0.0,22.5,2.5,0,0.0,少数参考,参考
4844,村上奈穂,1,1,3,33.33,66.67,0.0,100.0,0.23,0.19,0.29,0.0,85.37,14.63,0,0.0,少数参考,参考
4791,黒澤めぐみ,2,2,3,0.0,33.33,33.33,66.67,0.123,0.11,0.14,33.33,57.15,9.52,0,0.0,少数参考,参考
4283,石井裕美,4,4,3,0.0,0.0,0.0,0.0,0.157,0.06,0.25,33.33,47.51,-47.51,0,0.0,少数参考,参考
4744,伊藤玲奈,1,1,4,0.0,50.0,25.0,75.0,0.203,0.11,0.27,0.0,85.37,-10.37,0,0.0,少数参考,参考
4484,稲生夏季,1,1,3,33.33,0.0,33.33,66.67,0.213,0.16,0.27,0.0,85.37,-18.7,0,0.0,少数参考,参考
4974,安井瑞紀,2,2,14,0.0,28.57,28.57,57.14,0.164,0.07,0.27,21.43,57.15,-0.01,0,0.0,標準,B
3943,三松直美,5,5,3,0.0,0.0,0.0,0.0,0.16,0.09,0.24,0.0,35.28,-35.28,0,0.0,少数参考,参考
5146,野田彩加,5,6,5,0.0,20.0,20.0,40.0,0.228,0.16,0.32,0.0,22.5,17.5,5,100.0,得意,C
3618,海野ゆかり,4,4,9,0.0,33.33,11.11,44.44,0.153,0.05,0.24,0.0,47.51,-3.07,0,0.0,標準,C
4791,黒澤めぐみ,4,4,3,0.0,0.0,0.0,0.0,0.117,0.09,0.14,0.0,47.51,-47.51,0,0.0,少数参考,参考
5202,宮崎つぐみ,5,5,3,0.0,0.0,33.33,33.33,0.127,0.06,0.21,33.33,35.28,-1.95,0,0.0,少数参考,参考
4414,大澤真菜,2,2,5,20.0,40.0,0.0,60.0,0.192,0.11,0.26,0.0,57.15,2.85,0,0.0,標準,C
3334,角ひとみ,5,5,6,0.0,16.67,33.33,50.0,0.148,0.1,0.21,0.0,35.28,14.72,0,0.0,得意,C
5204,宇恵有香,4,4,3,0.0,0.0,0.0,0.0,0.17,0.08,0.22,33.33,47.51,-47.51,0,0.0,少数参考,参考
5218,山田理央,6,6,6,0.0,16.67,16.67,33.33,0.18,0.04,0.32,0.0,22.5,10.83,0,0.0,得意,C
4275,菅野はやか,5,5,6,16.67,0.0,0.0,16.67,0.183,0.14,0.29,0.0,35.28,-18.61,0,0.0,苦手,C
3188,日高逸子,3,3,4,0.0,50.0,25.0,75.0,0.198,0.1,0.37,25.0,55.75,19.25,0,0.0,少数参考,参考
5218,山田理央,5,5,7,0.0,14.29,14.29,28.57,0.14,0.03,0.24,28.57,35.28,-6.71,0,0.0,標準,C
4103,山崎善庸,3,3,4,0.0,0.0,25.0,25.0,0.18,0.1,0.22,0.0,55.75,-30.75,0,0.0,少数参考,参考
5310,土屋蘭,5,6,7,0.0,0.0,0.0,0.0,0.237,0.06,0.36,0.0,22.5,-22.5,7,100.0,苦手,C
5093,浦野海,2,2,4,25.0,25.0,25.0,75.0,0.113,0.05,0.19,25.0,57.15,17.85,0,0.0,少数参考,参考
4942,柴田朋哉,3,3,4,0.0,0.0,75.0,75.0,0.102,0.09,0.12,0.0,55.75,19.25,0,0.0,少数参考,参考
4776,竹田和哉,2,2,10,0.0,30.0,40.0,70.0,0.153,0.11,0.22,20.0,57.15,12.85,0,0.0,得意,B
4872,山下流心,4,4,4,0.0,50.0,0.0,50.0,0.152,0.1,0.19,25.0,47.51,2.49,0,0.0,少数参考,参考
3990,芹澤克彦,2,2,4,0.0,0.0,25.0,25.0,0.112,0.06,0.15,25.0,57.15,-32.15,0,0.0,少数参考,参考
5104,山田丈,4,4,3,33.33,0.0,33.33,66.67,0.127,0.06,0.19,66.67,47.51,19.16,0,0.0,少数参考,参考
4103,山崎善庸,5,5,3,0.0,0.0,0.0,0.0,0.25,0.17,0.31,0.0,35.28,-35.28,0,0.0,少数参考,参考
4189,川上剛,3,3,5,20.0,20.0,40.0,80.0,0.142,0.06,0.25,0.0,55.75,24.25,0,0.0,得意,C
3596,河上年昭,2,2,3,0.0,33.33,0.0,33.33,0.107,0.09,0.12,33.33,57.15,-23.82,0,0.0,少数参考,参考
4766,石井孝之,3,3,4,25.0,0.0,25.0,50.0,0.12,0.07,0.22,25.0,55.75,-5.75,0,0.0,少数参考,参考
3993,永井聖美,5,5,4,0.0,0.0,0.0,0.0,0.125,0.09,0.15,0.0,35.28,-35.28,0,0.0,少数参考,参考
5093,浦野海,5,5,6,0.0,16.67,50.0,66.67,0.227,0.16,0.35,0.0,35.28,31.39,0,0.0,得意,C
5273,山下拓巳,6,6,5,0.0,0.0,0.0,0.0,0.144,0.01,0.25,20.0,22.5,-22.5,0,0.0,苦手,C
4532,秋元哲,3,3,4,0.0,50.0,50.0,100.0,0.173,0.05,0.23,0.0,55.75,44.25,0,0.0,少数参考,参考
4189,川上剛,1,1,7,100.0,0.0,0.0,100.0,0.149,0.07,0.26,28.57,85.37,14.63,0,0.0,得意,C
4740,齋藤達希,5,5,4,0.0,25.0,0.0,25.0,0.19,0.11,0.25,25.0,35.28,-10.28,0,0.0,少数参考,参考
3993,永井聖美,2,2,3,0.0,66.67,33.33,100.0,0.11,0.08,0.16,0.0,57.15,42.85,0,0.0,少数参考,参考
4720,西澤日花里,6,6,4,0.0,0.0,0.0,0.0,0.245,0.12,0.54,0.0,22.5,-22.5,0,0.0,少数参考,参考
5104,山田丈,2,2,4,50.0,25.0,0.0,75.0,0.128,0.11,0.16,25.0,57.15,17.85,0,0.0,少数参考,参考
3990,芹澤克彦,3,3,3,33.33,0.0,66.67,100.0,0.05,0.02,0.07,100.0,55.75,44.25,0,0.0,少数参考,参考
5273,山下拓巳,4,4,5,0.0,0.0,0.0,0.0,0.146,0.08,0.18,0.0,47.51,-47.51,0,0.0,苦手,C
4942,柴田朋哉,2,2,4,25.0,25.0,25.0,75.0,0.12,0.09,0.14,25.0,57.15,17.85,0,0.0,少数参考,参考
4189,川上剛,4,4,5,0.0,40.0,20.0,60.0,0.134,0.08,0.2,0.0,47.51,12.49,0,0.0,得意,C
3441,土屋太朗,6,6,5,0.0,0.0,0.0,0.0,0.246,0.13,0.33,0.0,22.5,-22.5,0,0.0,苦手,C
4766,石井孝之,1,1,3,33.33,66.67,0.0,100.0,0.127,0.12,0.13,33.33,85.37,14.63,0,0.0,少数参考,参考
4740,齋藤達希,3,3,4,0.0,0.0,25.0,25.0,0.15,0.1,0.24,0.0,55.75,-30.75,0,0.0,少数参考,参考
4771,下寺秀和,4,4,5,20.0,20.0,20.0,60.0,0.15,0.11,0.21,20.0,47.51,12.49,0,0.0,得意,C
5310,土屋蘭,6,6,15,0.0,0.0,0.0,0.0,0.181,0.02,0.29,20.0,22.5,-22.5,0,0.0,苦手,B
5161,登玉隼百,4,4,4,25.0,25.0,25.0,75.0,0.133,0.09,0.19,25.0,47.51,27.49,0,0.0,少数参考,参考
4532,秋元哲,4,4,4,0.0,0.0,25.0,25.0,0.138,0.11,0.16,25.0,47.51,-22.51,0,0.0,少数参考,参考
5093,浦野海,1,1,4,75.0,0.0,0.0,75.0,0.128,0.01,0.19,25.0,85.37,-10.37,0,0.0,少数参考,参考
4766,石井孝之,5,5,5,0.0,0.0,40.0,40.0,0.136,0.11,0.19,20.0,35.28,4.72,0,0.0,やや得意,C
4532,秋元哲,6,6,4,0.0,0.0,25.0,25.0,0.17,0.14,0.19,0.0,22.5,2.5,0,0.0,少数参考,参考
4189,川上剛,5,5,4,0.0,0.0,25.0,25.0,0.175,0.13,0.21,0.0,35.28,-10.28,0,0.0,少数参考,参考
5093,浦野海,3,3,6,33.33,0.0,33.33,66.67,0.15,0.11,0.19,16.67,55.75,10.92,0,0.0,得意,C
5003,来田衣織,3,3,3,0.0,0.0,33.33,33.33,0.197,0.16,0.24,0.0,55.75,-22.42,0,0.0,少数参考,参考
4942,柴田朋哉,4,4,5,0.0,20.0,40.0,60.0,0.16,0.1,0.22,20.0,47.51,12.49,0,0.0,得意,C
3928,林恵祐,5,5,5,20.0,20.0,0.0,40.0,0.132,0.06,0.17,20.0,35.28,4.72,0,0.0,やや得意,C
5161,登玉隼百,6,6,4,25.0,0.0,0.0,25.0,0.125,0.04,0.22,75.0,22.5,2.5,0,0.0,少数参考,参考
5104,山田丈,1,1,3,33.33,33.33,0.0,66.67,0.17,0.14,0.19,0.0,85.37,-18.7,0,0.0,少数参考,参考
4740,齋藤達希,2,2,5,0.0,0.0,20.0,20.0,0.198,0.15,0.23,20.0,57.15,-37.15,0,0.0,苦手,C
4523,中村辰也,3,4,4,25.0,0.0,0.0,25.0,0.118,0.1,0.14,25.0,47.51,-22.51,4,100.0,少数参考,参考
4872,山下流心,2,2,7,14.29,14.29,0.0,28.57,0.154,0.08,0.3,14.29,57.15,-28.58,0,0.0,苦手,C
3993,永井聖美,1,1,4,0.0,0.0,75.0,75.0,0.2,0.15,0.25,0.0,85.37,-10.37,0,0.0,少数参考,参考
4188,久田敏之,5,5,3,66.67,0.0,33.33,100.0,0.133,0.06,0.22,33.33,35.28,64.72,0,0.0,少数参考,参考
5104,山田丈,3,3,3,33.33,33.33,33.33,100.0,0.17,0.12,0.24,33.33,55.75,44.25,0,0.0,少数参考,参考
3999,大瀧明日香,6,6,4,0.0,0.0,0.0,0.0,0.188,0.16,0.23,0.0,22.5,-22.5,0,0.0,少数参考,参考
4532,秋元哲,1,1,5,100.0,0.0,0.0,100.0,0.128,0.11,0.15,20.0,85.37,14.63,0,0.0,得意,C
4942,柴田朋哉,5,5,5,0.0,0.0,0.0,0.0,0.124,0.04,0.24,0.0,35.28,-35.28,0,0.0,苦手,C
4794,和田拓也,1,1,5,100.0,0.0,0.0,100.0,0.102,0.05,0.15,20.0,85.37,14.63,0,0.0,得意,C
3843,上之晃弘,3,3,7,14.29,42.86,28.57,85.71,0.147,0.04,0.22,14.29,55.75,29.96,0,0.0,得意,C
4720,西澤日花里,1,1,5,60.0,20.0,0.0,80.0,0.186,0.12,0.25,20.0,85.37,-5.37,0,0.0,標準,C
4680,後藤美翼,5,5,5,0.0,20.0,0.0,20.0,0.266,0.23,0.35,20.0,35.28,-15.28,0,0.0,苦手,C
5093,浦野海,4,4,3,0.0,0.0,0.0,0.0,0.157,0.11,0.22,0.0,47.51,-47.51,0,0.0,少数参考,参考
4776,竹田和哉,1,1,8,75.0,0.0,12.5,87.5,0.126,0.07,0.21,25.0,85.37,2.13,0,0.0,得意,C
4532,秋元哲,2,2,3,0.0,0.0,0.0,0.0,0.11,0.07,0.14,0.0,57.15,-57.15,0,0.0,少数参考,参考
3993,永井聖美,6,6,3,0.0,0.0,0.0,0.0,0.127,0.11,0.14,0.0,22.5,-22.5,0,0.0,少数参考,参考
4740,齋藤達希,4,4,4,25.0,0.0,0.0,25.0,0.198,0.13,0.24,0.0,47.51,-22.51,0,0.0,少数参考,参考
5273,山下拓巳,5,5,5,0.0,0.0,0.0,0.0,0.18,0.13,0.26,0.0,35.28,-35.28,0,0.0,苦手,C
3843,上之晃弘,6,6,7,0.0,14.29,0.0,14.29,0.169,0.09,0.25,0.0,22.5,-8.21,0,0.0,標準,C
4532,秋元哲,5,5,4,0.0,75.0,0.0,75.0,0.163,0.12,0.24,0.0,35.28,39.72,0,0.0,少数参考,参考
5240,高橋龍治,4,4,3,0.0,0.0,33.33,33.33,0.177,0.11,0.28,0.0,47.51,-14.18,0,0.0,少数参考,参考
5003,来田衣織,6,6,3,0.0,0.0,0.0,0.0,0.127,0.07,0.17,33.33,22.5,-22.5,0,0.0,少数参考,参考
4872,山下流心,5,5,5,0.0,0.0,40.0,40.0,0.158,0.11,0.23,0.0,35.28,4.72,0,0.0,やや得意,C
4766,石井孝之,2,2,3,0.0,33.33,0.0,33.33,0.163,0.12,0.21,0.0,57.15,-23.82,0,0.0,少数参考,参考
5104,山田丈,5,5,3,0.0,0.0,66.67,66.67,0.15,0.03,0.27,33.33,35.28,31.39,0,0.0,少数参考,参考
3928,林恵祐,2,3,3,33.33,0.0,0.0,33.33,0.15,0.12,0.19,33.33,55.75,-22.42,3,100.0,少数参考,参考
3539,金子順一,5,2,5,0.0,0.0,0.0,0.0,0.154,0.07,0.29,0.0,57.15,-57.15,5,100.0,苦手,C
5240,高橋龍治,5,5,4,0.0,0.0,25.0,25.0,0.18,0.05,0.34,25.0,35.28,-10.28,0,0.0,少数参考,参考
4189,川上剛,6,6,5,0.0,0.0,40.0,40.0,0.174,0.12,0.25,0.0,22.5,17.5,0,0.0,得意,C
5003,来田衣織,4,4,3,0.0,33.33,0.0,33.33,0.19,0.11,0.31,33.33,47.51,-14.18,0,0.0,少数参考,参考
4766,石井孝之,4,4,3,0.0,0.0,0.0,0.0,0.133,0.08,0.18,0.0,47.51,-47.51,0,0.0,少数参考,参考
3990,芹澤克彦,5,5,3,0.0,0.0,33.33,33.33,0.12,0.11,0.13,33.33,35.28,-1.95,0,0.0,少数参考,参考
5163,清水愛海,1,1,18,77.78,11.11,0.0,88.89,0.133,0.05,0.2,33.33,85.37,3.52,0,0.0,得意,B
4632,長尾京志郎,1,1,4,25.0,0.0,0.0,25.0,0.133,0.11,0.15,0.0,85.37,-60.37,0,0.0,少数参考,参考
4435,服部達哉,6,5,3,66.67,0.0,0.0,66.67,0.083,0.05,0.12,33.33,35.28,31.39,3,100.0,少数参考,参考
5255,藤原仙二,4,4,7,14.29,0.0,42.86,57.14,0.157,0.07,0.24,28.57,47.51,9.63,0,0.0,得意,C
4679,植田太一,5,5,4,0.0,0.0,25.0,25.0,0.15,0.09,0.23,0.0,35.28,-10.28,0,0.0,少数参考,参考
3105,内山文典,1,1,3,33.33,33.33,33.33,100.0,0.153,0.06,0.21,33.33,85.37,14.63,0,0.0,少数参考,参考
4102,益田啓司,2,2,7,57.14,14.29,0.0,71.43,0.223,0.16,0.33,0.0,57.15,14.28,0,0.0,得意,C
5127,沼田大都,5,5,8,0.0,0.0,12.5,12.5,0.177,0.08,0.41,12.5,35.28,-22.78,0,0.0,苦手,C
4702,三浦敬太,6,6,5,20.0,20.0,0.0,40.0,0.118,0.02,0.19,60.0,22.5,17.5,0,0.0,得意,C
3716,石渡鉄兵,1,1,4,50.0,25.0,25.0,100.0,0.15,0.12,0.19,50.0,85.37,14.63,0,0.0,少数参考,参考
4489,岩川仁士,4,4,3,0.0,66.67,0.0,66.67,0.183,0.17,0.19,0.0,47.51,19.16,0,0.0,少数参考,参考
5210,藤井公人,6,6,8,0.0,12.5,12.5,25.0,0.14,0.06,0.21,12.5,22.5,2.5,0,0.0,標準,C
5152,丸山祐也,5,5,5,0.0,0.0,0.0,0.0,0.184,0.07,0.31,20.0,35.28,-35.28,0,0.0,苦手,C
5170,佐藤太亮,4,4,5,0.0,40.0,0.0,40.0,0.122,0.09,0.17,80.0,47.51,-7.51,0,0.0,標準,C
5101,表健太,5,5,5,20.0,0.0,0.0,20.0,0.168,0.13,0.19,0.0,35.28,-15.28,0,0.0,苦手,C
4713,白神優,1,1,10,70.0,20.0,10.0,100.0,0.149,0.05,0.21,30.0,85.37,14.63,0,0.0,得意,B
4138,中井俊祐,2,2,3,33.33,0.0,33.33,66.67,0.19,0.14,0.22,0.0,57.15,9.52,0,0.0,少数参考,参考
4632,長尾京志郎,3,3,5,0.0,40.0,20.0,60.0,0.18,0.13,0.21,20.0,55.75,4.25,0,0.0,やや得意,C
5127,沼田大都,4,4,7,0.0,28.57,0.0,28.57,0.179,0.1,0.27,14.29,47.51,-18.94,0,0.0,苦手,C
4679,植田太一,2,2,4,0.0,50.0,0.0,50.0,0.168,0.07,0.28,25.0,57.15,-7.15,0,0.0,少数参考,参考
4435,服部達哉,4,4,5,0.0,40.0,40.0,80.0,0.156,0.12,0.2,20.0,47.51,32.49,0,0.0,得意,C
4102,益田啓司,6,6,3,0.0,0.0,0.0,0.0,0.137,0.1,0.17,33.33,22.5,-22.5,0,0.0,少数参考,参考
5170,佐藤太亮,2,2,6,0.0,16.67,16.67,33.33,0.13,0.05,0.17,16.67,57.15,-23.82,0,0.0,苦手,C
3105,内山文典,3,3,4,0.0,75.0,25.0,100.0,0.148,0.12,0.17,0.0,55.75,44.25,0,0.0,少数参考,参考
5152,丸山祐也,4,4,8,0.0,0.0,25.0,25.0,0.156,0.05,0.32,12.5,47.51,-22.51,0,0.0,苦手,C
5101,表健太,2,2,4,0.0,0.0,0.0,0.0,0.228,0.17,0.3,0.0,57.15,-57.15,0,0.0,少数参考,参考
4435,服部達哉,3,3,5,0.0,80.0,0.0,80.0,0.15,0.11,0.21,0.0,55.75,24.25,0,0.0,得意,C
4679,植田太一,4,4,7,14.29,14.29,14.29,42.86,0.146,0.09,0.22,14.29,47.51,-4.65,0,0.0,標準,C
5229,吉川晴人,4,4,5,20.0,20.0,0.0,40.0,0.17,0.13,0.24,20.0,47.51,-7.51,0,0.0,標準,C
4138,中井俊祐,5,5,3,0.0,0.0,33.33,33.33,0.167,0.16,0.17,0.0,35.28,-1.95,0,0.0,少数参考,参考
4729,佐藤謙史朗,2,2,10,0.0,30.0,30.0,60.0,0.171,0.12,0.24,20.0,57.15,2.85,0,0.0,標準,B
5170,佐藤太亮,5,5,4,0.0,25.0,0.0,25.0,0.17,0.09,0.28,0.0,35.28,-10.28,0,0.0,少数参考,参考
4102,益田啓司,1,1,11,72.73,9.09,9.09,90.91,0.15,0.08,0.26,45.45,85.37,5.54,0,0.0,得意,B
4138,中井俊祐,4,4,3,0.0,33.33,33.33,66.67,0.123,0.07,0.16,33.33,47.51,19.16,0,0.0,少数参考,参考
5229,吉川晴人,3,3,4,0.0,50.0,25.0,75.0,0.163,0.12,0.19,0.0,55.75,19.25,0,0.0,少数参考,参考
5101,表健太,4,4,4,0.0,0.0,0.0,0.0,0.168,0.14,0.24,0.0,47.51,-47.51,0,0.0,少数参考,参考
3105,内山文典,6,6,3,0.0,33.33,33.33,66.67,0.207,0.17,0.26,0.0,22.5,44.17,0,0.0,少数参考,参考
4435,服部達哉,1,1,5,60.0,20.0,0.0,80.0,0.182,0.11,0.29,20.0,85.37,-5.37,0,0.0,標準,C
4713,白神優,3,3,7,28.57,28.57,28.57,85.71,0.12,0.11,0.13,57.14,55.75,29.96,0,0.0,得意,C
4729,佐藤謙史朗,4,4,7,0.0,14.29,28.57,42.86,0.141,0.07,0.25,57.14,47.51,-4.65,0,0.0,標準,C
4632,長尾京志郎,6,6,7,14.29,42.86,0.0,57.14,0.189,0.13,0.37,14.29,22.5,34.64,0,0.0,得意,C
4679,植田太一,6,6,7,0.0,0.0,14.29,14.29,0.214,0.14,0.3,14.29,22.5,-8.21,0,0.0,標準,C
4102,益田啓司,3,3,5,0.0,20.0,60.0,80.0,0.128,0.09,0.18,0.0,55.75,24.25,0,0.0,得意,C
5229,吉川晴人,5,5,5,0.0,20.0,40.0,60.0,0.13,0.1,0.17,20.0,35.28,24.72,0,0.0,得意,C
5127,沼田大都,2,2,6,16.67,16.67,16.67,50.0,0.187,0.11,0.26,16.67,57.15,-7.15,0,0.0,標準,C
4679,植田太一,3,3,7,0.0,28.57,42.86,71.43,0.174,0.12,0.26,14.29,55.75,15.68,0,0.0,得意,C
4102,益田啓司,5,5,7,0.0,14.29,42.86,57.14,0.171,0.09,0.24,0.0,35.28,21.86,0,0.0,得意,C
5152,丸山祐也,3,3,8,12.5,25.0,0.0,37.5,0.185,0.03,0.28,12.5,55.75,-18.25,0,0.0,苦手,C
5209,小野京平,5,5,3,33.33,0.0,0.0,33.33,0.127,0.08,0.16,33.33,35.28,-1.95,0,0.0,少数参考,参考
3313,本吉正樹,5,5,6,0.0,0.0,0.0,0.0,0.18,0.09,0.24,0.0,35.28,-35.28,0,0.0,苦手,C
4489,岩川仁士,2,2,3,0.0,33.33,33.33,66.67,0.143,0.13,0.17,33.33,57.15,9.52,0,0.0,少数参考,参考
3716,石渡鉄兵,3,3,4,0.0,25.0,0.0,25.0,0.1,0.06,0.14,50.0,55.75,-30.75,0,0.0,少数参考,参考
3105,内山文典,5,5,3,0.0,0.0,33.33,33.33,0.18,0.11,0.24,0.0,35.28,-1.95,0,0.0,少数参考,参考
5229,吉川晴人,2,2,4,0.0,50.0,25.0,75.0,0.225,0.09,0.31,0.0,57.15,17.85,0,0.0,少数参考,参考
4679,植田太一,1,1,9,88.89,0.0,0.0,88.89,0.131,0.08,0.21,22.22,85.37,3.52,0,0.0,得意,C
5209,小野京平,3,3,3,0.0,0.0,0.0,0.0,0.183,0.12,0.25,0.0,55.75,-55.75,0,0.0,少数参考,参考
5152,丸山祐也,2,2,11,0.0,9.09,27.27,36.36,0.181,0.09,0.28,0.0,57.15,-20.79,0,0.0,苦手,B
4102,益田啓司,4,4,6,16.67,33.33,16.67,66.67,0.13,0.11,0.16,0.0,47.51,19.16,0,0.0,得意,C
4270,岸本雄貴,5,5,6,0.0,16.67,0.0,16.67,0.223,0.15,0.29,16.67,35.28,-18.61,0,0.0,苦手,C
4440,萩原知哉,3,3,3,0.0,0.0,33.33,33.33,0.14,0.06,0.25,33.33,55.75,-22.42,0,0.0,少数参考,参考
4876,梅木敬太,4,4,3,0.0,33.33,0.0,33.33,0.23,0.17,0.34,66.67,47.51,-14.18,0,0.0,少数参考,参考
4562,阪本勇介,5,5,4,0.0,0.0,25.0,25.0,0.193,0.16,0.21,0.0,35.28,-10.28,0,0.0,少数参考,参考
5286,坂井滉哉,5,6,5,0.0,0.0,0.0,0.0,0.156,0.05,0.23,40.0,22.5,-22.5,5,100.0,苦手,C
3300,川崎智幸,2,2,6,16.67,33.33,33.33,83.33,0.102,0.03,0.21,33.33,57.15,26.18,0,0.0,得意,C
4976,金山立樹,4,4,3,0.0,0.0,66.67,66.67,0.12,0.04,0.18,33.33,47.51,19.16,0,0.0,少数参考,参考
4640,山ノ内雅人,1,1,8,62.5,25.0,0.0,87.5,0.116,0.07,0.16,25.0,85.37,2.13,0,0.0,得意,C
4587,木田峰由季,2,2,3,0.0,0.0,0.0,0.0,0.127,0.11,0.15,0.0,57.15,-57.15,0,0.0,少数参考,参考
4344,新田雄史,4,4,9,11.11,33.33,33.33,77.78,0.14,0.07,0.19,0.0,47.51,30.27,0,0.0,得意,C
5307,富永夏哉人,6,6,9,0.0,0.0,0.0,0.0,0.204,0.13,0.28,0.0,22.5,-22.5,0,0.0,苦手,C
4054,福嶋智之,1,1,6,50.0,50.0,0.0,100.0,0.122,0.03,0.23,50.0,85.37,14.63,0,0.0,得意,C
3514,山一鉄也,3,3,5,20.0,20.0,40.0,80.0,0.148,0.13,0.18,20.0,55.75,24.25,0,0.0,得意,C
5286,坂井滉哉,6,6,7,0.0,0.0,0.0,0.0,0.137,0.05,0.19,28.57,22.5,-22.5,0,0.0,苦手,C
4562,阪本勇介,2,2,3,0.0,0.0,0.0,0.0,0.21,0.14,0.27,0.0,57.15,-57.15,0,0.0,少数参考,参考
3300,川崎智幸,1,1,8,87.5,12.5,0.0,100.0,0.144,0.09,0.24,25.0,85.37,14.63,0,0.0,得意,C
4876,梅木敬太,6,6,7,0.0,0.0,0.0,0.0,0.206,0.16,0.24,14.29,22.5,-22.5,0,0.0,苦手,C
4587,木田峰由季,6,6,4,0.0,0.0,0.0,0.0,0.193,0.12,0.28,0.0,22.5,-22.5,0,0.0,少数参考,参考
4440,萩原知哉,2,2,3,33.33,0.0,0.0,33.33,0.127,0.12,0.13,33.33,57.15,-23.82,0,0.0,少数参考,参考
4640,山ノ内雅人,6,6,5,0.0,0.0,20.0,20.0,0.146,0.11,0.2,0.0,22.5,-2.5,0,0.0,標準,C
4855,江頭賢太,4,4,3,33.33,0.0,33.33,66.67,0.077,0.02,0.14,66.67,47.51,19.16,0,0.0,少数参考,参考
3556,田中信一郎,5,5,4,0.0,25.0,0.0,25.0,0.195,0.15,0.23,0.0,35.28,-10.28,0,0.0,少数参考,参考
4560,庄司樹良々,2,2,5,0.0,40.0,20.0,60.0,0.12,0.03,0.19,20.0,57.15,2.85,0,0.0,標準,C
4760,山崎郡,3,3,3,33.33,33.33,33.33,100.0,0.14,0.04,0.21,0.0,55.75,44.25,0,0.0,少数参考,参考
3300,川崎智幸,4,4,6,16.67,16.67,50.0,83.33,0.145,0.08,0.23,0.0,47.51,35.82,0,0.0,得意,C
5307,富永夏哉人,5,6,8,0.0,0.0,0.0,0.0,0.223,0.13,0.34,0.0,22.5,-22.5,8,100.0,苦手,C
4467,渡邉俊介,5,5,3,0.0,0.0,0.0,0.0,0.087,0.06,0.11,100.0,35.28,-35.28,0,0.0,少数参考,参考
4562,阪本勇介,1,1,4,75.0,0.0,0.0,75.0,0.17,0.09,0.22,25.0,85.37,-10.37,0,0.0,少数参考,参考
5143,常盤海心,6,6,6,0.0,0.0,0.0,0.0,0.233,0.15,0.36,16.67,22.5,-22.5,0,0.0,苦手,C
3514,山一鉄也,1,1,8,50.0,12.5,12.5,75.0,0.166,0.12,0.25,62.5,85.37,-10.37,0,0.0,得意,C
4270,岸本雄貴,2,2,7,0.0,28.57,28.57,57.14,0.176,0.11,0.28,0.0,57.15,-0.01,0,0.0,標準,C
4440,萩原知哉,5,5,3,33.33,0.0,0.0,33.33,0.213,0.14,0.28,0.0,35.28,-1.95,0,0.0,少数参考,参考
4760,山崎郡,1,1,6,66.67,33.33,0.0,100.0,0.098,0.06,0.13,66.67,85.37,14.63,0,0.0,得意,C
4640,山ノ内雅人,2,2,3,0.0,33.33,66.67,100.0,0.153,0.08,0.22,0.0,57.15,42.85,0,0.0,少数参考,参考
3514,山一鉄也,2,2,3,0.0,0.0,66.67,66.67,0.157,0.13,0.19,0.0,57.15,9.52,0,0.0,少数参考,参考
3300,川崎智幸,6,6,6,0.0,16.67,0.0,16.67,0.122,0.07,0.18,50.0,22.5,-5.83,0,0.0,標準,C
4562,阪本勇介,4,5,3,0.0,0.0,0.0,0.0,0.143,0.12,0.17,66.67,35.28,-35.28,3,100.0,少数参考,参考
3514,山一鉄也,4,4,5,40.0,20.0,0.0,60.0,0.124,0.09,0.15,40.0,47.51,12.49,0,0.0,得意,C
4640,山ノ内雅人,5,5,6,0.0,0.0,33.33,33.33,0.113,0.09,0.16,16.67,35.28,-1.95,0,0.0,標準,C
4976,金山立樹,5,5,3,0.0,0.0,66.67,66.67,0.14,0.13,0.16,0.0,35.28,31.39,0,0.0,少数参考,参考
4695,尾崎雄二,1,1,3,33.33,66.67,0.0,100.0,0.103,0.08,0.12,0.0,85.37,14.63,0,0.0,少数参考,参考
4054,福嶋智之,4,4,6,0.0,33.33,16.67,50.0,0.133,0.03,0.2,16.67,47.51,2.49,0,0.0,標準,C
4270,岸本雄貴,3,3,5,20.0,0.0,20.0,40.0,0.18,0.12,0.23,0.0,55.75,-15.75,0,0.0,苦手,C
3961,谷村一哉,6,5,3,33.33,0.0,33.33,66.67,0.197,0.17,0.22,33.33,35.28,31.39,3,100.0,少数参考,参考
3300,川崎智幸,3,3,5,20.0,40.0,20.0,80.0,0.074,0.01,0.14,100.0,55.75,24.25,0,0.0,得意,C
4560,庄司樹良々,5,5,5,0.0,0.0,80.0,80.0,0.136,0.04,0.21,0.0,35.28,44.72,0,0.0,得意,C
4344,新田雄史,2,2,7,0.0,42.86,28.57,71.43,0.134,0.09,0.22,28.57,57.15,14.28,0,0.0,得意,C
4587,木田峰由季,3,3,3,33.33,0.0,33.33,66.67,0.08,0.07,0.09,66.67,55.75,10.92,0,0.0,少数参考,参考
4440,萩原知哉,4,4,3,0.0,0.0,0.0,0.0,0.163,0.09,0.25,0.0,47.51,-47.51,0,0.0,少数参考,参考
4562,阪本勇介,6,6,4,0.0,0.0,0.0,0.0,0.205,0.13,0.28,0.0,22.5,-22.5,0,0.0,少数参考,参考
4640,山ノ内雅人,3,3,12,8.33,33.33,16.67,58.33,0.138,0.01,0.22,16.67,55.75,2.58,0,0.0,標準,B
4970,井町泰,5,5,5,0.0,0.0,0.0,0.0,0.134,0.04,0.21,40.0,35.28,-35.28,0,0.0,苦手,C
4270,岸本雄貴,6,6,5,0.0,20.0,0.0,20.0,0.158,0.09,0.2,20.0,22.5,-2.5,0,0.0,標準,C
4562,阪本勇介,3,3,3,0.0,33.33,33.33,66.67,0.153,0.09,0.19,33.33,55.75,10.92,0,0.0,少数参考,参考
5307,富永夏哉人,5,5,4,0.0,0.0,25.0,25.0,0.17,0.15,0.21,0.0,35.28,-10.28,0,0.0,少数参考,参考
4876,梅木敬太,5,5,6,0.0,0.0,33.33,33.33,0.17,0.09,0.25,33.33,35.28,-1.95,0,0.0,標準,C
4976,金山立樹,2,2,5,0.0,0.0,40.0,40.0,0.19,0.13,0.27,0.0,57.15,-17.15,0,0.0,苦手,C
4540,相原利章,4,4,4,0.0,50.0,0.0,50.0,0.083,0.05,0.13,100.0,47.51,2.49,0,0.0,少数参考,参考
4560,庄司樹良々,1,1,3,100.0,0.0,0.0,100.0,0.163,0.11,0.19,66.67,85.37,14.63,0,0.0,少数参考,参考
3514,山一鉄也,6,5,3,0.0,0.0,0.0,0.0,0.2,0.15,0.29,0.0,35.28,-35.28,3,100.0,少数参考,参考
3300,川崎智幸,5,5,4,0.0,0.0,25.0,25.0,0.152,0.12,0.18,25.0,35.28,-10.28,0,0.0,少数参考,参考
4587,木田峰由季,5,5,4,0.0,0.0,0.0,0.0,0.122,0.12,0.13,25.0,35.28,-35.28,0,0.0,少数参考,参考
4760,山崎郡,6,6,4,0.0,0.0,25.0,25.0,0.115,0.08,0.18,75.0,22.5,2.5,0,0.0,少数参考,参考
4397,西村拓也,5,5,5,0.0,20.0,0.0,20.0,0.174,0.11,0.25,0.0,35.28,-15.28,0,0.0,苦手,C
4640,山ノ内雅人,4,4,5,40.0,20.0,20.0,80.0,0.134,0.08,0.17,60.0,47.51,32.49,0,0.0,得意,C
3519,冨田秀幸,6,6,4,0.0,0.0,0.0,0.0,0.212,0.19,0.24,0.0,22.5,-22.5,0,0.0,少数参考,参考
4270,岸本雄貴,4,4,5,0.0,0.0,20.0,20.0,0.172,0.12,0.23,0.0,47.51,-27.51,0,0.0,苦手,C
4970,井町泰,6,6,3,0.0,0.0,0.0,0.0,0.19,0.14,0.24,0.0,22.5,-22.5,0,0.0,少数参考,参考
4344,新田雄史,3,3,5,0.0,20.0,20.0,40.0,0.14,0.09,0.18,40.0,55.75,-15.75,0,0.0,苦手,C
4987,島倉都,3,3,3,0.0,0.0,33.33,33.33,0.17,0.07,0.26,66.67,55.75,-22.42,0,0.0,少数参考,参考
4660,宇田川信一,4,4,7,0.0,0.0,14.29,14.29,0.22,0.17,0.32,0.0,47.51,-33.22,0,0.0,苦手,C
4062,後藤陽介,3,3,7,0.0,0.0,14.29,14.29,0.173,0.07,0.23,0.0,55.75,-41.46,0,0.0,苦手,C
3430,角浜修,3,3,5,0.0,40.0,0.0,40.0,0.154,0.09,0.23,0.0,55.75,-15.75,0,0.0,苦手,C
4815,伏島祐介,2,2,8,12.5,0.0,12.5,25.0,0.184,0.02,0.24,0.0,57.15,-32.15,0,0.0,苦手,C
3582,吉川昭男,3,3,4,0.0,100.0,0.0,100.0,0.142,0.09,0.19,25.0,55.75,44.25,0,0.0,少数参考,参考
4819,蜂須瑞生,2,2,5,20.0,40.0,20.0,80.0,0.234,0.14,0.39,20.0,57.15,22.85,0,0.0,得意,C
4660,宇田川信一,2,2,6,0.0,33.33,16.67,50.0,0.218,0.14,0.33,0.0,57.15,-7.15,0,0.0,標準,C
4183,宇野弥生,3,3,9,22.22,22.22,22.22,66.67,0.126,0.09,0.21,33.33,55.75,10.92,0,0.0,得意,C
5044,渡邉健,4,4,3,0.0,0.0,0.0,0.0,0.087,0.05,0.13,66.67,47.51,-47.51,0,0.0,少数参考,参考
5306,河内悠利杏,6,6,6,0.0,0.0,0.0,0.0,0.132,0.01,0.29,33.33,22.5,-22.5,0,0.0,苦手,C
3966,作間章,1,1,5,60.0,40.0,0.0,100.0,0.142,0.07,0.19,0.0,85.37,14.63,0,0.0,得意,C
4527,高野心吾,4,4,5,0.0,0.0,40.0,40.0,0.224,0.18,0.28,0.0,47.51,-7.51,0,0.0,標準,C
3582,吉川昭男,1,1,5,100.0,0.0,0.0,100.0,0.14,0.06,0.19,40.0,85.37,14.63,0,0.0,得意,C
4062,後藤陽介,2,2,6,0.0,50.0,0.0,50.0,0.13,0.1,0.21,0.0,57.15,-7.15,0,0.0,標準,C
3616,中村真,3,3,7,0.0,57.14,0.0,57.14,0.124,0.09,0.14,28.57,55.75,1.39,0,0.0,標準,C
3805,高橋英之,6,6,3,0.0,0.0,33.33,33.33,0.113,0.09,0.14,0.0,22.5,10.83,0,0.0,少数参考,参考
4183,宇野弥生,1,1,12,83.33,8.33,0.0,91.67,0.124,0.06,0.26,58.33,85.37,6.3,0,0.0,得意,B
4819,蜂須瑞生,5,5,10,10.0,10.0,20.0,40.0,0.215,0.14,0.32,0.0,35.28,4.72,0,0.0,やや得意,B
3966,作間章,2,2,3,33.33,0.0,33.33,66.67,0.21,0.17,0.24,0.0,57.15,9.52,0,0.0,少数参考,参考
4697,國弘翔平,2,2,9,33.33,22.22,22.22,77.78,0.173,0.11,0.3,11.11,57.15,20.63,0,0.0,得意,C
4183,宇野弥生,6,6,3,0.0,33.33,0.0,33.33,0.147,0.09,0.22,33.33,22.5,10.83,0,0.0,少数参考,参考
4815,伏島祐介,4,4,5,40.0,0.0,40.0,80.0,0.166,0.13,0.21,20.0,47.51,32.49,0,0.0,得意,C
4527,高野心吾,5,5,3,0.0,33.33,33.33,66.67,0.227,0.13,0.35,0.0,35.28,31.39,0,0.0,少数参考,参考
4660,宇田川信一,1,1,4,25.0,0.0,25.0,50.0,0.185,0.11,0.28,0.0,85.37,-35.37,0,0.0,少数参考,参考
4819,蜂須瑞生,4,4,9,22.22,11.11,22.22,55.56,0.158,0.07,0.36,44.44,47.51,8.05,0,0.0,得意,C
3966,作間章,5,5,3,0.0,0.0,100.0,100.0,0.163,0.06,0.24,33.33,35.28,64.72,0,0.0,少数参考,参考
4697,國弘翔平,4,4,4,0.0,25.0,0.0,25.0,0.085,0.01,0.14,50.0,47.51,-22.51,0,0.0,少数参考,参考
4062,後藤陽介,5,5,5,0.0,0.0,40.0,40.0,0.098,0.01,0.18,40.0,35.28,4.72,0,0.0,やや得意,C
3430,角浜修,2,2,8,0.0,37.5,0.0,37.5,0.155,0.11,0.27,0.0,57.15,-19.65,0,0.0,苦手,C
4815,伏島祐介,5,5,9,0.0,22.22,22.22,44.44,0.176,0.09,0.24,22.22,35.28,9.16,0,0.0,得意,C
4183,宇野弥生,4,4,8,37.5,0.0,25.0,62.5,0.11,0.02,0.15,37.5,47.51,14.99,0,0.0,得意,C
3430,角浜修,1,1,5,60.0,0.0,20.0,80.0,0.132,0.07,0.19,60.0,85.37,-5.37,0,0.0,得意,C
3805,高橋英之,5,5,3,0.0,33.33,33.33,66.67,0.113,0.06,0.14,0.0,35.28,31.39,0,0.0,少数参考,参考
4987,島倉都,4,4,4,0.0,0.0,25.0,25.0,0.185,0.07,0.24,25.0,47.51,-22.51,0,0.0,少数参考,参考
5044,渡邉健,2,2,3,0.0,33.33,0.0,33.33,0.157,0.11,0.2,0.0,57.15,-23.82,0,0.0,少数参考,参考
3430,角浜修,4,4,5,0.0,0.0,40.0,40.0,0.132,0.04,0.18,20.0,47.51,-7.51,0,0.0,標準,C
4660,宇田川信一,5,5,7,0.0,14.29,14.29,28.57,0.204,0.13,0.29,0.0,35.28,-6.71,0,0.0,標準,C
4660,宇田川信一,3,3,4,25.0,0.0,0.0,25.0,0.2,0.14,0.27,0.0,55.75,-30.75,0,0.0,少数参考,参考
3430,角浜修,6,6,5,0.0,20.0,0.0,20.0,0.186,0.13,0.25,20.0,22.5,-2.5,0,0.0,標準,C
5044,渡邉健,5,5,3,0.0,0.0,33.33,33.33,0.207,0.19,0.22,33.33,35.28,-1.95,0,0.0,少数参考,参考
4819,蜂須瑞生,3,3,8,0.0,25.0,62.5,87.5,0.147,0.03,0.23,25.0,55.75,31.75,0,0.0,得意,C
4697,國弘翔平,3,3,6,0.0,33.33,16.67,50.0,0.225,0.1,0.53,33.33,55.75,-5.75,0,0.0,標準,C
4660,宇田川信一,6,6,4,0.0,0.0,25.0,25.0,0.182,0.09,0.27,0.0,22.5,2.5,0,0.0,少数参考,参考
4987,島倉都,2,2,3,0.0,33.33,0.0,33.33,0.207,0.12,0.31,0.0,57.15,-23.82,0,0.0,少数参考,参考
3616,中村真,6,6,8,0.0,12.5,12.5,25.0,0.186,0.02,0.28,25.0,22.5,2.5,0,0.0,標準,C
5237,永松良教,6,6,4,0.0,0.0,0.0,0.0,0.173,0.14,0.23,0.0,22.5,-22.5,0,0.0,少数参考,参考
4361,柳生泰二,6,3,4,25.0,0.0,75.0,100.0,0.117,0.08,0.16,25.0,55.75,44.25,4,100.0,少数参考,参考
3851,森田昭彦,5,5,3,0.0,0.0,0.0,0.0,0.177,0.12,0.25,0.0,35.28,-35.28,0,0.0,少数参考,参考
4332,村上彰一,6,6,9,0.0,0.0,22.22,22.22,0.149,0.07,0.24,33.33,22.5,-0.28,0,0.0,標準,C
3851,森田昭彦,3,3,9,11.11,11.11,22.22,44.44,0.144,0.08,0.25,11.11,55.75,-11.31,0,0.0,苦手,C
4871,菊池宏志,2,2,19,5.26,10.53,31.58,47.37,0.174,0.02,0.23,10.53,57.15,-9.78,0,0.0,標準,B
4423,坂口貴彦,4,4,5,20.0,20.0,40.0,80.0,0.162,0.07,0.22,20.0,47.51,32.49,0,0.0,得意,C
4174,赤坂俊輔,3,3,5,60.0,0.0,20.0,80.0,0.156,0.04,0.24,20.0,55.75,24.25,0,0.0,得意,C
3539,金子順一,5,3,3,0.0,0.0,0.0,0.0,0.183,0.11,0.29,33.33,55.75,-55.75,3,100.0,少数参考,参考
3537,田山和広,4,4,3,0.0,0.0,66.67,66.67,0.127,0.05,0.19,0.0,47.51,19.16,0,0.0,少数参考,参考
4268,和合俊介,6,6,3,0.0,0.0,33.33,33.33,0.18,0.13,0.23,33.33,22.5,10.83,0,0.0,少数参考,参考
3851,森田昭彦,4,4,7,14.29,0.0,14.29,28.57,0.17,0.1,0.22,14.29,47.51,-18.94,0,0.0,苦手,C
5027,重冨勇哉,5,6,4,0.0,0.0,0.0,0.0,0.138,0.03,0.18,0.0,22.5,-22.5,4,100.0,少数参考,参考
3427,大賀広幸,6,4,3,33.33,0.0,33.33,66.67,0.16,0.12,0.21,0.0,47.51,19.16,3,100.0,少数参考,参考
5238,笹木香吾,4,6,3,0.0,0.0,33.33,33.33,0.093,0.01,0.22,66.67,22.5,10.83,3,100.0,少数参考,参考
5238,笹木香吾,5,5,7,0.0,0.0,14.29,14.29,0.197,0.03,0.36,28.57,35.28,-20.99,0,0.0,苦手,C
3851,森田昭彦,1,1,4,75.0,0.0,0.0,75.0,0.125,0.01,0.19,50.0,85.37,-10.37,0,0.0,少数参考,参考
5181,森智哉,3,3,4,0.0,25.0,0.0,25.0,0.14,0.12,0.16,0.0,55.75,-30.75,0,0.0,少数参考,参考
3562,山下和彦,5,5,5,0.0,0.0,20.0,20.0,0.128,0.04,0.19,0.0,35.28,-15.28,0,0.0,苦手,C
4871,菊池宏志,5,5,18,0.0,11.11,5.56,16.67,0.153,0.07,0.28,5.56,35.28,-18.61,0,0.0,苦手,B
4158,木場雄二郎,2,3,4,0.0,50.0,0.0,50.0,0.172,0.13,0.22,25.0,55.75,-5.75,4,100.0,少数参考,参考
4425,大井清貴,4,5,4,0.0,25.0,25.0,50.0,0.16,0.11,0.22,0.0,35.28,14.72,4,100.0,少数参考,参考
3851,森田昭彦,2,2,5,0.0,40.0,0.0,40.0,0.192,0.12,0.28,0.0,57.15,-17.15,0,0.0,苦手,C
4950,高岡竜也,2,3,3,33.33,0.0,0.0,33.33,0.167,0.09,0.3,33.33,55.75,-22.42,3,100.0,少数参考,参考
4665,加藤啓太,4,4,5,0.0,0.0,20.0,20.0,0.152,0.08,0.23,20.0,47.51,-27.51,0,0.0,苦手,C
3974,深山祐二,3,3,5,0.0,0.0,20.0,20.0,0.14,0.1,0.18,0.0,55.75,-35.75,0,0.0,苦手,C
4697,國弘翔平,1,1,4,75.0,25.0,0.0,100.0,0.152,0.09,0.21,50.0,85.37,14.63,0,0.0,少数参考,参考
4072,森永淳,2,2,6,16.67,0.0,16.67,33.33,0.143,0.08,0.22,33.33,57.15,-23.82,0,0.0,苦手,C
4789,古賀智之,1,1,6,66.67,0.0,33.33,100.0,0.12,0.01,0.23,50.0,85.37,14.63,0,0.0,得意,C
5026,安河内健,2,2,6,33.33,33.33,16.67,83.33,0.11,0.06,0.19,16.67,57.15,26.18,0,0.0,得意,C
4264,長尾章平,5,4,4,75.0,0.0,25.0,100.0,0.13,0.07,0.2,75.0,47.51,52.49,4,100.0,少数参考,参考
4936,戸敷晃美,2,2,5,0.0,20.0,0.0,20.0,0.16,0.07,0.21,20.0,57.15,-37.15,0,0.0,苦手,C
4925,森悠稀,5,5,5,0.0,40.0,40.0,80.0,0.118,0.07,0.19,40.0,35.28,44.72,0,0.0,得意,C
5250,嶋田有里,6,6,11,0.0,0.0,0.0,0.0,0.222,0.1,0.42,36.36,22.5,-22.5,0,0.0,苦手,B
4278,藤岡俊介,1,1,8,50.0,25.0,0.0,75.0,0.125,0.07,0.19,62.5,85.37,-10.37,0,0.0,得意,C
4046,谷村啓司,3,3,6,0.0,16.67,0.0,16.67,0.167,0.11,0.26,0.0,55.75,-39.08,0,0.0,苦手,C
3304,烏野賢太,1,1,7,71.43,14.29,0.0,85.71,0.181,0.14,0.24,0.0,85.37,0.34,0,0.0,標準,C
4697,國弘翔平,5,5,5,0.0,0.0,40.0,40.0,0.168,0.11,0.23,0.0,35.28,4.72,0,0.0,やや得意,C
4155,長野壮志郎,2,2,4,50.0,50.0,0.0,100.0,0.185,0.13,0.29,0.0,57.15,42.85,0,0.0,少数参考,参考
5026,安河内健,6,6,11,0.0,18.18,36.36,54.55,0.14,0.08,0.23,27.27,22.5,32.05,0,0.0,得意,B
4665,加藤啓太,5,5,3,0.0,0.0,33.33,33.33,0.123,0.09,0.18,33.33,35.28,-1.95,0,0.0,少数参考,参考
4278,藤岡俊介,4,4,4,0.0,50.0,50.0,100.0,0.14,0.08,0.19,25.0,47.51,52.49,0,0.0,少数参考,参考
5129,山口真喜子,4,4,3,0.0,33.33,66.67,100.0,0.177,0.17,0.19,0.0,47.51,52.49,0,0.0,少数参考,参考
4046,谷村啓司,5,5,3,0.0,0.0,0.0,0.0,0.173,0.1,0.24,0.0,35.28,-35.28,0,0.0,少数参考,参考
4925,森悠稀,2,2,3,0.0,33.33,0.0,33.33,0.123,0.07,0.19,66.67,57.15,-23.82,0,0.0,少数参考,参考
4936,戸敷晃美,1,1,5,80.0,0.0,0.0,80.0,0.174,0.08,0.22,40.0,85.37,-5.37,0,0.0,得意,C
5026,安河内健,5,5,7,14.29,0.0,28.57,42.86,0.186,0.08,0.29,28.57,35.28,7.58,0,0.0,やや得意,C
4062,後藤陽介,6,6,5,0.0,0.0,40.0,40.0,0.166,0.1,0.22,20.0,22.5,17.5,0,0.0,得意,C
3304,烏野賢太,6,6,5,0.0,0.0,20.0,20.0,0.122,0.07,0.2,20.0,22.5,-2.5,0,0.0,標準,C
5129,山口真喜子,3,3,4,0.0,0.0,0.0,0.0,0.225,0.19,0.26,0.0,55.75,-55.75,0,0.0,少数参考,参考
4155,長野壮志郎,1,1,7,71.43,0.0,0.0,71.43,0.18,0.07,0.26,14.29,85.37,-13.94,0,0.0,得意,C
4790,柳内敬太,4,4,5,20.0,40.0,20.0,80.0,0.156,0.03,0.28,60.0,47.51,32.49,0,0.0,得意,C
3974,深山祐二,5,5,6,0.0,0.0,16.67,16.67,0.183,0.12,0.28,16.67,35.28,-18.61,0,0.0,苦手,C
4936,戸敷晃美,3,3,4,25.0,25.0,0.0,50.0,0.19,0.12,0.3,0.0,55.75,-5.75,0,0.0,少数参考,参考
5250,嶋田有里,5,5,6,0.0,16.67,0.0,16.67,0.2,0.12,0.31,16.67,35.28,-18.61,0,0.0,苦手,C
5026,安河内健,4,4,7,14.29,14.29,28.57,57.14,0.127,0.07,0.21,42.86,47.51,9.63,0,0.0,得意,C
4278,藤岡俊介,2,2,5,40.0,0.0,60.0,100.0,0.116,0.05,0.15,0.0,57.15,42.85,0,0.0,得意,C
3304,烏野賢太,3,3,6,16.67,0.0,0.0,16.67,0.187,0.08,0.25,0.0,55.75,-39.08,0,0.0,苦手,C
4155,長野壮志郎,5,5,5,20.0,20.0,20.0,60.0,0.166,0.15,0.21,0.0,35.28,24.72,0,0.0,得意,C
4925,森悠稀,6,6,5,0.0,20.0,20.0,40.0,0.108,0.02,0.23,80.0,22.5,17.5,0,0.0,得意,C
4062,後藤陽介,1,1,5,60.0,20.0,0.0,80.0,0.176,0.09,0.4,40.0,85.37,-5.37,0,0.0,得意,C
5129,山口真喜子,2,2,3,33.33,33.33,0.0,66.67,0.213,0.2,0.22,0.0,57.15,9.52,0,0.0,少数参考,参考
4789,古賀智之,3,3,7,0.0,42.86,14.29,57.14,0.129,0.04,0.22,28.57,55.75,1.39,0,0.0,標準,C
5250,嶋田有里,5,6,3,0.0,0.0,0.0,0.0,0.147,0.01,0.25,33.33,22.5,-22.5,3,100.0,少数参考,参考
3974,深山祐二,2,2,7,0.0,0.0,57.14,57.14,0.16,0.11,0.22,0.0,57.15,-0.01,0,0.0,標準,C
4278,藤岡俊介,5,5,3,0.0,33.33,0.0,33.33,0.17,0.17,0.17,100.0,35.28,-1.95,0,0.0,少数参考,参考
4936,戸敷晃美,6,6,5,40.0,0.0,40.0,80.0,0.23,0.17,0.28,0.0,22.5,57.5,0,0.0,得意,C
5241,門田栞,5,5,4,0.0,0.0,25.0,25.0,0.152,0.06,0.27,0.0,35.28,-10.28,0,0.0,少数参考,参考
3940,飯山泰,6,6,6,16.67,16.67,33.33,66.67,0.185,0.15,0.26,50.0,22.5,44.17,0,0.0,得意,C
4925,森悠稀,1,1,3,66.67,33.33,0.0,100.0,0.187,0.11,0.29,33.33,85.37,14.63,0,0.0,少数参考,参考
3564,桑原啓,4,4,4,0.0,0.0,50.0,50.0,0.175,0.13,0.23,0.0,47.51,2.49,0,0.0,少数参考,参考
4697,國弘翔平,6,6,3,0.0,0.0,0.0,0.0,0.19,0.17,0.21,0.0,22.5,-22.5,0,0.0,少数参考,参考
4790,柳内敬太,1,1,7,85.71,14.29,0.0,100.0,0.149,0.07,0.21,42.86,85.37,14.63,0,0.0,得意,C
5026,安河内健,1,1,12,83.33,16.67,0.0,100.0,0.128,0.07,0.28,75.0,85.37,14.63,0,0.0,得意,B
3304,烏野賢太,2,2,4,25.0,50.0,0.0,75.0,0.188,0.17,0.21,0.0,57.15,17.85,0,0.0,少数参考,参考
4925,森悠稀,3,3,5,0.0,80.0,20.0,100.0,0.126,0.08,0.18,20.0,55.75,44.25,0,0.0,得意,C
4046,谷村啓司,1,1,3,66.67,33.33,0.0,100.0,0.147,0.05,0.24,33.33,85.37,14.63,0,0.0,少数参考,参考
4789,古賀智之,2,2,6,16.67,16.67,33.33,66.67,0.158,0.04,0.22,33.33,57.15,9.52,0,0.0,得意,C
3304,烏野賢太,5,5,3,0.0,0.0,0.0,0.0,0.183,0.16,0.21,0.0,35.28,-35.28,0,0.0,少数参考,参考
4790,柳内敬太,3,3,4,0.0,0.0,25.0,25.0,0.175,0.09,0.22,25.0,55.75,-30.75,0,0.0,少数参考,参考
5176,石倉拓美,1,1,4,0.0,25.0,0.0,25.0,0.2,0.09,0.28,0.0,85.37,-60.37,0,0.0,少数参考,参考
5129,山口真喜子,5,5,4,0.0,25.0,0.0,25.0,0.163,0.05,0.31,0.0,35.28,-10.28,0,0.0,少数参考,参考
4665,加藤啓太,3,3,4,0.0,0.0,0.0,0.0,0.152,0.09,0.21,50.0,55.75,-55.75,0,0.0,少数参考,参考
4155,長野壮志郎,4,4,6,0.0,50.0,16.67,66.67,0.128,0.06,0.17,16.67,47.51,19.16,0,0.0,得意,C
5041,荒牧凪沙,2,2,3,0.0,0.0,33.33,33.33,0.137,0.12,0.15,33.33,57.15,-23.82,0,0.0,少数参考,参考
4200,早川尚人,4,4,6,0.0,0.0,0.0,0.0,0.127,0.05,0.17,50.0,47.51,-47.51,0,0.0,苦手,C
5010,宇留田翔平,6,6,6,0.0,16.67,16.67,33.33,0.192,0.1,0.28,0.0,22.5,10.83,0,0.0,得意,C
4811,向井田佑紀,3,3,7,0.0,0.0,14.29,14.29,0.134,0.02,0.2,28.57,55.75,-41.46,0,0.0,苦手,C
4092,岡部大輔,5,5,3,0.0,33.33,33.33,66.67,0.153,0.12,0.21,33.33,35.28,31.39,0,0.0,少数参考,参考
5249,三木晴斗,6,6,9,0.0,11.11,0.0,11.11,0.164,0.07,0.27,11.11,22.5,-11.39,0,0.0,苦手,C
4200,早川尚人,3,3,6,0.0,0.0,0.0,0.0,0.173,0.08,0.28,16.67,55.75,-55.75,0,0.0,苦手,C
4318,桑原将光,4,4,3,0.0,0.0,33.33,33.33,0.167,0.14,0.18,0.0,47.51,-14.18,0,0.0,少数参考,参考
4092,岡部大輔,2,2,3,0.0,66.67,0.0,66.67,0.11,0.07,0.15,33.33,57.15,9.52,0,0.0,少数参考,参考
4735,角山雄哉,3,3,3,33.33,0.0,66.67,100.0,0.133,0.08,0.19,33.33,55.75,44.25,0,0.0,少数参考,参考
5010,宇留田翔平,4,4,8,25.0,25.0,0.0,50.0,0.15,0.07,0.23,12.5,47.51,2.49,0,0.0,標準,C
4811,向井田佑紀,5,5,6,0.0,0.0,33.33,33.33,0.18,0.07,0.27,0.0,35.28,-1.95,0,0.0,標準,C
3978,齊藤仁,2,2,5,0.0,40.0,40.0,80.0,0.162,0.06,0.19,60.0,57.15,22.85,0,0.0,得意,C
4651,佐藤大騎,2,2,4,0.0,25.0,0.0,25.0,0.143,0.13,0.18,25.0,57.15,-32.15,0,0.0,少数参考,参考
4811,向井田佑紀,1,1,6,33.33,33.33,16.67,83.33,0.14,0.11,0.17,33.33,85.37,-2.04,0,0.0,得意,C
4581,吉村誠,6,6,6,16.67,16.67,33.33,66.67,0.085,0.02,0.14,50.0,22.5,44.17,0,0.0,得意,C
5010,宇留田翔平,2,2,7,14.29,14.29,28.57,57.14,0.167,0.07,0.26,14.29,57.15,-0.01,0,0.0,標準,C
4361,柳生泰二,6,5,3,0.0,66.67,0.0,66.67,0.143,0.07,0.21,0.0,35.28,31.39,3,100.0,少数参考,参考
5041,荒牧凪沙,3,3,6,0.0,33.33,0.0,33.33,0.127,0.07,0.18,16.67,55.75,-22.42,0,0.0,苦手,C
4811,向井田佑紀,2,2,5,40.0,40.0,0.0,80.0,0.194,0.12,0.26,20.0,57.15,22.85,0,0.0,得意,C
4232,笠雅雄,2,2,3,33.33,33.33,0.0,66.67,0.22,0.19,0.25,0.0,57.15,9.52,0,0.0,少数参考,参考
4200,早川尚人,6,6,5,0.0,0.0,40.0,40.0,0.134,0.08,0.23,40.0,22.5,17.5,0,0.0,得意,C
4796,春園功太,1,1,3,33.33,0.0,0.0,33.33,0.14,0.12,0.17,33.33,85.37,-52.04,0,0.0,少数参考,参考
4908,上田龍星,1,1,3,100.0,0.0,0.0,100.0,0.19,0.15,0.27,0.0,85.37,14.63,0,0.0,少数参考,参考
4181,花本夏樹,2,2,3,0.0,0.0,66.67,66.67,0.09,0.06,0.11,33.33,57.15,9.52,0,0.0,少数参考,参考
4581,吉村誠,3,3,4,0.0,0.0,0.0,0.0,0.152,0.1,0.21,0.0,55.75,-55.75,0,0.0,少数参考,参考
4375,照屋厚仁,4,4,7,28.57,0.0,42.86,71.43,0.131,0.06,0.23,28.57,47.51,23.92,0,0.0,得意,C
4651,佐藤大騎,6,6,4,0.0,0.0,0.0,0.0,0.092,0.05,0.15,75.0,22.5,-22.5,0,0.0,少数参考,参考
4505,島田賢人,6,6,3,0.0,33.33,0.0,33.33,0.14,0.07,0.21,0.0,22.5,10.83,0,0.0,少数参考,参考
4200,早川尚人,1,1,5,20.0,40.0,20.0,80.0,0.216,0.08,0.33,20.0,85.37,-5.37,0,0.0,標準,C
4092,岡部大輔,4,4,3,0.0,33.33,0.0,33.33,0.143,0.12,0.17,33.33,47.51,-14.18,0,0.0,少数参考,参考
5010,宇留田翔平,1,1,5,60.0,20.0,20.0,100.0,0.12,0.01,0.19,20.0,85.37,14.63,0,0.0,得意,C
4505,島田賢人,2,2,3,0.0,33.33,33.33,66.67,0.147,0.08,0.18,33.33,57.15,9.52,0,0.0,少数参考,参考
4908,上田龍星,2,2,3,0.0,66.67,33.33,100.0,0.147,0.13,0.17,0.0,57.15,42.85,0,0.0,少数参考,参考
5041,荒牧凪沙,4,4,4,25.0,0.0,0.0,25.0,0.09,0.03,0.12,25.0,47.51,-22.51,0,0.0,少数参考,参考
4581,吉村誠,1,1,6,83.33,16.67,0.0,100.0,0.117,0.07,0.14,33.33,85.37,14.63,0,0.0,得意,C
4651,佐藤大騎,5,5,3,0.0,0.0,33.33,33.33,0.083,0.06,0.12,33.33,35.28,-1.95,0,0.0,少数参考,参考
5010,宇留田翔平,3,3,9,11.11,55.56,22.22,88.89,0.127,0.06,0.21,33.33,55.75,33.14,0,0.0,得意,C
4200,早川尚人,5,5,5,0.0,0.0,0.0,0.0,0.188,0.12,0.24,0.0,35.28,-35.28,0,0.0,苦手,C
4581,吉村誠,5,5,6,0.0,0.0,33.33,33.33,0.177,0.14,0.26,33.33,35.28,-1.95,0,0.0,標準,C
4092,岡部大輔,6,6,3,0.0,33.33,0.0,33.33,0.2,0.09,0.27,33.33,22.5,10.83,0,0.0,少数参考,参考
4651,佐藤大騎,1,1,3,33.33,0.0,33.33,66.67,0.227,0.19,0.27,0.0,85.37,-18.7,0,0.0,少数参考,参考
4811,向井田佑紀,4,4,7,14.29,0.0,14.29,28.57,0.14,0.02,0.2,14.29,47.51,-18.94,0,0.0,苦手,C
4735,角山雄哉,6,6,3,0.0,0.0,0.0,0.0,0.157,0.09,0.21,33.33,22.5,-22.5,0,0.0,少数参考,参考
4581,吉村誠,2,2,9,22.22,11.11,11.11,44.44,0.116,0.01,0.23,33.33,57.15,-12.71,0,0.0,苦手,C
4200,早川尚人,2,2,6,0.0,16.67,0.0,16.67,0.185,0.09,0.27,16.67,57.15,-40.48,0,0.0,苦手,C
5010,宇留田翔平,5,5,6,0.0,16.67,16.67,33.33,0.178,0.06,0.32,16.67,35.28,-1.95,0,0.0,標準,C
5217,藤原碧生,4,4,3,0.0,33.33,33.33,66.67,0.21,0.07,0.34,66.67,47.51,19.16,0,0.0,少数参考,参考
5162,松尾怜実,5,5,5,0.0,0.0,0.0,0.0,0.198,0.14,0.23,0.0,35.28,-35.28,0,0.0,苦手,C
4086,寺本重宣,6,6,4,0.0,0.0,50.0,50.0,0.143,0.07,0.18,50.0,22.5,27.5,0,0.0,少数参考,参考
5198,奥村明日香,3,3,3,33.33,0.0,0.0,33.33,0.203,0.15,0.29,33.33,55.75,-22.42,0,0.0,少数参考,参考
4677,片橋幸貴,4,4,5,20.0,40.0,20.0,80.0,0.082,0.06,0.11,80.0,47.51,32.49,0,0.0,得意,C
5193,米丸乃絵,5,5,3,33.33,0.0,33.33,66.67,0.147,0.12,0.18,33.33,35.28,31.39,0,0.0,少数参考,参考
4682,大上卓人,6,6,5,0.0,40.0,20.0,60.0,0.138,0.11,0.18,40.0,22.5,37.5,0,0.0,得意,C
3874,山本寛久,1,1,8,75.0,12.5,12.5,100.0,0.154,0.09,0.25,12.5,85.37,14.63,0,0.0,得意,C
5162,松尾怜実,2,2,7,0.0,14.29,28.57,42.86,0.234,0.12,0.36,0.0,57.15,-14.29,0,0.0,苦手,C
5192,中尾優香,2,2,7,28.57,28.57,0.0,57.14,0.161,0.08,0.28,14.29,57.15,-0.01,0,0.0,標準,C
5013,山下夏鈴,6,6,4,0.0,0.0,25.0,25.0,0.11,0.01,0.16,50.0,22.5,2.5,0,0.0,少数参考,参考
5193,米丸乃絵,4,4,7,28.57,0.0,57.14,85.71,0.169,0.09,0.29,0.0,47.51,38.2,0,0.0,得意,C
4301,関裕也,2,2,5,20.0,40.0,0.0,60.0,0.186,0.08,0.25,0.0,57.15,2.85,0,0.0,標準,C
4040,廣瀬将亨,6,6,4,0.0,0.0,0.0,0.0,0.14,0.08,0.17,50.0,22.5,-22.5,0,0.0,少数参考,参考
4677,片橋幸貴,1,1,4,100.0,0.0,0.0,100.0,0.125,0.09,0.15,50.0,85.37,14.63,0,0.0,少数参考,参考
4086,寺本重宣,2,2,3,0.0,66.67,0.0,66.67,0.087,0.05,0.14,66.67,57.15,9.52,0,0.0,少数参考,参考
4682,大上卓人,4,4,10,20.0,10.0,10.0,40.0,0.111,0.05,0.16,50.0,47.51,-7.51,0,0.0,標準,B
4301,関裕也,3,3,4,0.0,25.0,25.0,50.0,0.17,0.05,0.23,0.0,55.75,-5.75,0,0.0,少数参考,参考
5013,山下夏鈴,4,4,7,14.29,0.0,0.0,14.29,0.18,0.08,0.41,42.86,47.51,-33.22,0,0.0,苦手,C
4040,廣瀬将亨,1,1,6,83.33,16.67,0.0,100.0,0.168,0.06,0.33,0.0,85.37,14.63,0,0.0,得意,C
5192,中尾優香,4,4,4,0.0,0.0,50.0,50.0,0.13,0.08,0.21,25.0,47.51,2.49,0,0.0,少数参考,参考
4649,和田操拓,5,5,3,0.0,0.0,33.33,33.33,0.093,0.07,0.14,0.0,35.28,-1.95,0,0.0,少数参考,参考
4682,大上卓人,3,3,9,11.11,22.22,33.33,66.67,0.136,0.08,0.21,22.22,55.75,10.92,0,0.0,得意,C
4301,関裕也,5,5,6,0.0,0.0,33.33,33.33,0.145,0.1,0.18,16.67,35.28,-1.95,0,0.0,標準,C
4677,片橋幸貴,6,6,4,0.0,0.0,50.0,50.0,0.213,0.14,0.26,25.0,22.5,27.5,0,0.0,少数参考,参考
4086,寺本重宣,1,1,4,75.0,25.0,0.0,100.0,0.1,0.07,0.12,0.0,85.37,14.63,0,0.0,少数参考,参考
4379,桑島和宏,1,1,6,50.0,33.33,0.0,83.33,0.157,0.09,0.26,0.0,85.37,-2.04,0,0.0,得意,C
3874,山本寛久,4,4,3,33.33,33.33,33.33,100.0,0.123,0.1,0.14,66.67,47.51,52.49,0,0.0,少数参考,参考
5192,中尾優香,5,5,5,0.0,0.0,20.0,20.0,0.152,0.09,0.23,20.0,35.28,-15.28,0,0.0,苦手,C
4682,大上卓人,1,1,10,90.0,10.0,0.0,100.0,0.143,0.07,0.22,30.0,85.37,14.63,0,0.0,得意,B
4040,廣瀬将亨,3,3,5,0.0,20.0,60.0,80.0,0.168,0.14,0.21,0.0,55.75,24.25,0,0.0,得意,C
5013,山下夏鈴,5,5,6,16.67,0.0,0.0,16.67,0.143,0.02,0.19,16.67,35.28,-18.61,0,0.0,苦手,C
4649,和田操拓,2,2,5,0.0,20.0,40.0,60.0,0.164,0.14,0.19,0.0,57.15,2.85,0,0.0,標準,C
4677,片橋幸貴,2,2,4,50.0,25.0,0.0,75.0,0.125,0.09,0.19,75.0,57.15,17.85,0,0.0,少数参考,参考
5193,米丸乃絵,2,2,5,0.0,60.0,20.0,80.0,0.178,0.13,0.22,0.0,57.15,22.85,0,0.0,得意,C
5162,松尾怜実,6,6,5,0.0,0.0,20.0,20.0,0.182,0.05,0.31,60.0,22.5,-2.5,0,0.0,標準,C
4301,関裕也,4,4,3,0.0,33.33,33.33,66.67,0.113,0.07,0.15,33.33,47.51,19.16,0,0.0,少数参考,参考
4040,廣瀬将亨,5,5,3,0.0,33.33,0.0,33.33,0.123,0.11,0.15,0.0,35.28,-1.95,0,0.0,少数参考,参考
4086,寺本重宣,5,5,4,0.0,50.0,25.0,75.0,0.155,0.11,0.22,25.0,35.28,39.72,0,0.0,少数参考,参考
4677,片橋幸貴,3,3,5,0.0,20.0,20.0,40.0,0.164,0.05,0.26,40.0,55.75,-15.75,0,0.0,苦手,C
4682,大上卓人,5,5,5,0.0,40.0,0.0,40.0,0.126,0.07,0.16,20.0,35.28,4.72,0,0.0,やや得意,C
3874,山本寛久,6,6,3,0.0,33.33,66.67,100.0,0.153,0.11,0.21,0.0,22.5,77.5,0,0.0,少数参考,参考
5217,藤原碧生,2,2,7,14.29,14.29,42.86,71.43,0.159,0.12,0.22,0.0,57.15,14.28,0,0.0,得意,C
4682,大上卓人,2,2,5,0.0,60.0,0.0,60.0,0.108,0.06,0.18,0.0,57.15,2.85,0,0.0,標準,C
4040,廣瀬将亨,4,4,6,16.67,16.67,33.33,66.67,0.105,0.03,0.15,50.0,47.51,19.16,0,0.0,得意,C
5192,中尾優香,6,6,3,0.0,0.0,0.0,0.0,0.137,0.07,0.22,33.33,22.5,-22.5,0,0.0,少数参考,参考
4040,廣瀬将亨,2,2,4,25.0,0.0,50.0,75.0,0.145,0.13,0.16,25.0,57.15,17.85,0,0.0,少数参考,参考
4301,関裕也,1,1,5,40.0,0.0,0.0,40.0,0.186,0.14,0.23,20.0,85.37,-45.37,0,0.0,苦手,C
5162,松尾怜実,3,3,7,14.29,0.0,14.29,28.57,0.124,0.04,0.18,14.29,55.75,-27.18,0,0.0,苦手,C
5217,藤原碧生,1,1,8,87.5,12.5,0.0,100.0,0.152,0.1,0.23,12.5,85.37,14.63,0,0.0,得意,C
4081,樋口範政,5,5,8,0.0,0.0,0.0,0.0,0.18,0.12,0.31,12.5,35.28,-35.28,0,0.0,苦手,C
4852,川原祐明,2,2,4,0.0,25.0,50.0,75.0,0.175,0.08,0.23,0.0,57.15,17.85,0,0.0,少数参考,参考
4828,松山将吾,3,3,5,20.0,0.0,20.0,40.0,0.1,0.05,0.17,40.0,55.75,-15.75,0,0.0,苦手,C
4850,野中一平,4,4,6,33.33,0.0,16.67,50.0,0.06,0.0,0.11,100.0,47.51,2.49,0,0.0,標準,C
4856,豊田健士郎,5,5,4,0.0,0.0,25.0,25.0,0.115,0.08,0.17,0.0,35.28,-10.28,0,0.0,少数参考,参考
4967,中村魁生,6,6,3,0.0,0.0,0.0,0.0,0.113,0.08,0.13,0.0,22.5,-22.5,0,0.0,少数参考,参考
4959,井上忠政,1,1,11,81.82,9.09,9.09,100.0,0.139,0.06,0.23,45.45,85.37,14.63,0,0.0,得意,B
5121,定松勇樹,3,3,9,11.11,22.22,33.33,66.67,0.144,0.11,0.23,0.0,55.75,10.92,0,0.0,得意,C
5068,前田滉,5,5,6,0.0,16.67,16.67,33.33,0.192,0.06,0.27,16.67,35.28,-1.95,0,0.0,標準,C
4886,入海馨,6,6,8,0.0,37.5,0.0,37.5,0.149,0.07,0.2,0.0,22.5,15.0,0,0.0,得意,C
5081,篠原飛翔,1,1,9,55.56,11.11,11.11,77.78,0.194,0.12,0.28,11.11,85.37,-7.59,0,0.0,標準,C
4907,小池修平,2,2,7,57.14,28.57,0.0,85.71,0.123,0.07,0.18,42.86,57.15,28.56,0,0.0,得意,C
4804,高田ひかる,3,3,3,33.33,33.33,0.0,66.67,0.14,0.13,0.16,0.0,55.75,10.92,0,0.0,少数参考,参考
5002,上田健太,5,5,3,0.0,33.33,0.0,33.33,0.143,0.11,0.17,0.0,35.28,-1.95,0,0.0,少数参考,参考
4928,栗城匠,6,6,9,0.0,0.0,22.22,22.22,0.133,0.05,0.2,22.22,22.5,-0.28,0,0.0,標準,C
5026,安河内健,3,3,5,20.0,60.0,20.0,100.0,0.14,0.05,0.24,20.0,55.75,44.25,0,0.0,得意,C
4960,黒野元基,6,6,3,0.0,0.0,0.0,0.0,0.22,0.14,0.36,66.67,22.5,-22.5,0,0.0,少数参考,参考
5043,中村日向,2,2,5,0.0,80.0,20.0,100.0,0.128,0.1,0.16,40.0,57.15,42.85,0,0.0,得意,C
4953,尾上雅也,3,3,3,0.0,33.33,0.0,33.33,0.143,0.13,0.17,0.0,55.75,-22.42,0,0.0,少数参考,参考
4847,佐藤隆太郎,6,6,3,0.0,0.0,0.0,0.0,0.24,0.15,0.4,0.0,22.5,-22.5,0,0.0,少数参考,参考
4910,中村泰平,1,1,6,66.67,0.0,16.67,83.33,0.158,0.08,0.28,50.0,85.37,-2.04,0,0.0,得意,C
5018,竹下大樹,2,2,3,0.0,0.0,33.33,33.33,0.123,0.09,0.17,0.0,57.15,-23.82,0,0.0,少数参考,参考
5042,畑田汰一,4,4,5,40.0,0.0,40.0,80.0,0.084,0.04,0.12,20.0,47.51,32.49,0,0.0,得意,C
5051,松本純平,1,1,7,100.0,0.0,0.0,100.0,0.141,0.06,0.24,14.29,85.37,14.63,0,0.0,得意,C
4856,豊田健士郎,3,3,6,0.0,50.0,33.33,83.33,0.113,0.08,0.17,16.67,55.75,27.58,0,0.0,得意,C
5068,前田滉,4,4,5,20.0,40.0,20.0,80.0,0.216,0.09,0.39,20.0,47.51,32.49,0,0.0,得意,C
4928,栗城匠,3,3,6,50.0,16.67,16.67,83.33,0.125,0.05,0.18,50.0,55.75,27.58,0,0.0,得意,C
4959,井上忠政,5,5,5,20.0,40.0,20.0,80.0,0.116,0.07,0.17,20.0,35.28,44.72,0,0.0,得意,C
5141,大澤風葵,6,6,3,0.0,0.0,33.33,33.33,0.067,0.03,0.12,100.0,22.5,10.83,0,0.0,少数参考,参考
5029,中亮太,3,3,7,28.57,28.57,14.29,71.43,0.091,0.07,0.14,42.86,55.75,15.68,0,0.0,得意,C
5121,定松勇樹,5,5,7,14.29,28.57,28.57,71.43,0.159,0.08,0.26,28.57,35.28,36.15,0,0.0,得意,C
4939,宮之原輝紀,1,1,5,100.0,0.0,0.0,100.0,0.128,0.1,0.16,60.0,85.37,14.63,0,0.0,得意,C
4886,入海馨,3,3,9,11.11,44.44,11.11,66.67,0.182,0.08,0.27,0.0,55.75,10.92,0,0.0,得意,C
5043,中村日向,5,5,4,0.0,25.0,0.0,25.0,0.16,0.12,0.23,25.0,35.28,-10.28,0,0.0,少数参考,参考
4847,佐藤隆太郎,2,2,3,0.0,66.67,0.0,66.67,0.123,0.07,0.15,33.33,57.15,9.52,0,0.0,少数参考,参考
4907,小池修平,5,5,5,0.0,80.0,20.0,100.0,0.114,0.06,0.17,60.0,35.28,64.72,0,0.0,得意,C
4851,関浩哉,1,1,6,100.0,0.0,0.0,100.0,0.085,0.01,0.12,66.67,85.37,14.63,0,0.0,得意,C
4932,新開航,2,2,6,0.0,16.67,16.67,33.33,0.167,0.1,0.28,16.67,57.15,-23.82,0,0.0,苦手,C
5015,高橋竜矢,4,4,5,0.0,60.0,40.0,100.0,0.128,0.09,0.18,40.0,47.51,52.49,0,0.0,得意,C
4967,中村魁生,2,2,4,0.0,25.0,25.0,50.0,0.15,0.08,0.22,25.0,57.15,-7.15,0,0.0,少数参考,参考
5089,前田翔,3,3,5,0.0,20.0,40.0,60.0,0.16,0.1,0.22,20.0,55.75,4.25,0,0.0,やや得意,C
5018,竹下大樹,5,5,5,0.0,0.0,20.0,20.0,0.15,0.11,0.21,20.0,35.28,-15.28,0,0.0,苦手,C
5015,高橋竜矢,6,6,5,0.0,0.0,40.0,40.0,0.148,0.11,0.17,20.0,22.5,17.5,0,0.0,得意,C
4828,松山将吾,1,1,7,100.0,0.0,0.0,100.0,0.114,0.05,0.2,71.43,85.37,14.63,0,0.0,得意,C
5029,中亮太,2,2,5,0.0,40.0,20.0,60.0,0.076,0.01,0.11,20.0,57.15,2.85,0,0.0,標準,C
5051,松本純平,3,3,3,0.0,0.0,33.33,33.33,0.13,0.1,0.15,0.0,55.75,-22.42,0,0.0,少数参考,参考
4852,川原祐明,4,4,5,20.0,40.0,0.0,60.0,0.124,0.07,0.18,40.0,47.51,12.49,0,0.0,得意,C
4851,関浩哉,5,5,6,16.67,33.33,33.33,83.33,0.105,0.05,0.18,33.33,35.28,48.05,0,0.0,得意,C
4910,中村泰平,6,6,8,0.0,0.0,37.5,37.5,0.161,0.09,0.21,12.5,22.5,15.0,0,0.0,得意,C
5081,篠原飛翔,5,5,9,0.0,0.0,44.44,44.44,0.136,0.07,0.21,11.11,35.28,9.16,0,0.0,得意,C
4877,鈴谷一平,1,1,4,75.0,0.0,0.0,75.0,0.165,0.06,0.29,25.0,85.37,-10.37,0,0.0,少数参考,参考
5042,畑田汰一,3,3,3,33.33,33.33,0.0,66.67,0.113,0.06,0.14,66.67,55.75,10.92,0,0.0,少数参考,参考
5043,中村日向,4,4,4,0.0,50.0,0.0,50.0,0.158,0.12,0.22,0.0,47.51,2.49,0,0.0,少数参考,参考
5141,大澤風葵,1,1,5,100.0,0.0,0.0,100.0,0.078,0.06,0.09,60.0,85.37,14.63,0,0.0,得意,C
4960,黒野元基,2,2,5,0.0,20.0,20.0,40.0,0.186,0.12,0.24,0.0,57.15,-17.15,0,0.0,苦手,C
4959,井上忠政,4,4,5,40.0,20.0,20.0,80.0,0.142,0.09,0.19,20.0,47.51,32.49,0,0.0,得意,C
4932,新開航,5,5,3,0.0,33.33,33.33,66.67,0.147,0.13,0.18,0.0,35.28,31.39,0,0.0,少数参考,参考
4983,前田篤哉,1,1,3,66.67,33.33,0.0,100.0,0.17,0.12,0.22,0.0,85.37,14.63,0,0.0,少数参考,参考
5015,高橋竜矢,2,2,8,12.5,25.0,25.0,62.5,0.12,0.04,0.19,0.0,57.15,5.35,0,0.0,やや得意,C
4857,加藤翔馬,3,3,6,0.0,50.0,0.0,50.0,0.208,0.14,0.25,0.0,55.75,-5.75,0,0.0,標準,C
4886,入海馨,1,1,11,63.64,9.09,9.09,81.82,0.166,0.05,0.26,18.18,85.37,-3.55,0,0.0,得意,B
4907,小池修平,3,3,6,33.33,16.67,16.67,66.67,0.11,0.07,0.15,50.0,55.75,10.92,0,0.0,得意,C
4953,尾上雅也,5,5,3,0.0,0.0,0.0,0.0,0.117,0.03,0.17,0.0,35.28,-35.28,0,0.0,少数参考,参考
4850,野中一平,6,6,5,20.0,20.0,0.0,40.0,0.132,0.02,0.3,60.0,22.5,17.5,0,0.0,得意,C
4928,栗城匠,1,1,8,87.5,0.0,0.0,87.5,0.151,0.06,0.24,62.5,85.37,2.13,0,0.0,得意,C
4851,関浩哉,4,4,5,0.0,20.0,60.0,80.0,0.176,0.13,0.24,20.0,47.51,32.49,0,0.0,得意,C
5089,前田翔,6,6,4,0.0,0.0,50.0,50.0,0.147,0.04,0.19,0.0,22.5,27.5,0,0.0,少数参考,参考
4856,豊田健士郎,2,2,5,20.0,60.0,0.0,80.0,0.166,0.11,0.31,0.0,57.15,22.85,0,0.0,得意,C
5018,竹下大樹,3,3,4,0.0,0.0,75.0,75.0,0.138,0.08,0.2,25.0,55.75,19.25,0,0.0,少数参考,参考
4877,鈴谷一平,4,4,4,0.0,0.0,0.0,0.0,0.12,0.09,0.17,25.0,47.51,-47.51,0,0.0,少数参考,参考
5029,中亮太,5,5,6,0.0,0.0,50.0,50.0,0.103,0.02,0.19,83.33,35.28,14.72,0,0.0,得意,C
4910,中村泰平,2,2,4,0.0,75.0,0.0,75.0,0.185,0.07,0.31,25.0,57.15,17.85,0,0.0,少数参考,参考
5121,定松勇樹,4,4,8,12.5,12.5,12.5,37.5,0.119,0.03,0.23,25.0,47.51,-10.01,0,0.0,苦手,C
4932,新開航,1,1,8,62.5,25.0,0.0,87.5,0.119,0.04,0.25,50.0,85.37,2.13,0,0.0,得意,C
4983,前田篤哉,3,3,3,0.0,0.0,33.33,33.33,0.147,0.11,0.18,0.0,55.75,-22.42,0,0.0,少数参考,参考
4964,土屋南,4,4,3,0.0,0.0,33.33,33.33,0.143,0.08,0.23,0.0,47.51,-14.18,0,0.0,少数参考,参考
4910,中村泰平,3,3,5,20.0,40.0,0.0,60.0,0.16,0.11,0.28,40.0,55.75,4.25,0,0.0,やや得意,C
5002,上田健太,4,4,3,0.0,66.67,0.0,66.67,0.147,0.11,0.17,33.33,47.51,19.16,0,0.0,少数参考,参考
4856,豊田健士郎,6,6,4,0.0,0.0,0.0,0.0,0.12,0.07,0.18,25.0,22.5,-22.5,0,0.0,少数参考,参考
4804,高田ひかる,1,1,6,66.67,16.67,0.0,83.33,0.153,0.07,0.45,50.0,85.37,-2.04,0,0.0,得意,C
5018,竹下大樹,1,1,5,100.0,0.0,0.0,100.0,0.134,0.09,0.18,20.0,85.37,14.63,0,0.0,得意,C
5141,大澤風葵,2,2,3,0.0,66.67,33.33,100.0,0.083,0.05,0.14,66.67,57.15,42.85,0,0.0,少数参考,参考
5043,中村日向,3,3,4,25.0,0.0,0.0,25.0,0.182,0.11,0.25,25.0,55.75,-30.75,0,0.0,少数参考,参考
4967,中村魁生,1,1,4,75.0,0.0,25.0,100.0,0.095,0.04,0.17,100.0,85.37,14.63,0,0.0,少数参考,参考
4983,前田篤哉,2,2,4,25.0,50.0,0.0,75.0,0.172,0.14,0.21,0.0,57.15,17.85,0,0.0,少数参考,参考
4847,佐藤隆太郎,5,5,3,0.0,0.0,33.33,33.33,0.123,0.02,0.21,0.0,35.28,-1.95,0,0.0,少数参考,参考
5029,中亮太,1,1,12,75.0,8.33,8.33,91.67,0.098,0.01,0.28,75.0,85.37,6.3,0,0.0,得意,B
4928,栗城匠,2,2,6,33.33,0.0,33.33,66.67,0.142,0.08,0.19,0.0,57.15,9.52,0,0.0,得意,C
4850,野中一平,1,1,8,62.5,25.0,0.0,87.5,0.095,0.02,0.17,62.5,85.37,2.13,0,0.0,得意,C
4907,小池修平,4,4,3,100.0,0.0,0.0,100.0,0.103,0.05,0.17,33.33,47.51,52.49,0,0.0,少数参考,参考
4877,鈴谷一平,5,5,4,25.0,0.0,25.0,50.0,0.128,0.07,0.18,50.0,35.28,14.72,0,0.0,少数参考,参考
4851,関浩哉,2,2,6,33.33,16.67,33.33,83.33,0.1,0.06,0.16,16.67,57.15,26.18,0,0.0,得意,C
5002,上田健太,3,3,3,0.0,33.33,0.0,33.33,0.11,0.08,0.14,0.0,55.75,-22.42,0,0.0,少数参考,参考
5042,畑田汰一,6,6,7,14.29,14.29,14.29,42.86,0.086,0.02,0.15,42.86,22.5,20.36,0,0.0,得意,C
5089,前田翔,1,1,3,100.0,0.0,0.0,100.0,0.11,0.04,0.15,0.0,85.37,14.63,0,0.0,少数参考,参考
4932,新開航,3,3,4,25.0,25.0,25.0,75.0,0.143,0.12,0.17,25.0,55.75,19.25,0,0.0,少数参考,参考
4967,中村魁生,5,5,6,16.67,16.67,0.0,33.33,0.125,0.02,0.34,33.33,35.28,-1.95,0,0.0,標準,C
5121,定松勇樹,1,1,9,66.67,11.11,22.22,100.0,0.139,0.03,0.24,22.22,85.37,14.63,0,0.0,得意,C
4960,黒野元基,4,4,3,0.0,33.33,0.0,33.33,0.13,0.11,0.16,33.33,47.51,-14.18,0,0.0,少数参考,参考
4886,入海馨,5,5,7,14.29,14.29,28.57,57.14,0.176,0.13,0.25,14.29,35.28,21.86,0,0.0,得意,C
4953,尾上雅也,2,2,4,0.0,25.0,0.0,25.0,0.115,0.06,0.19,0.0,57.15,-32.15,0,0.0,少数参考,参考
4856,豊田健士郎,4,4,4,0.0,50.0,25.0,75.0,0.1,0.03,0.14,0.0,47.51,27.49,0,0.0,少数参考,参考
4828,松山将吾,5,5,4,25.0,50.0,25.0,100.0,0.095,0.04,0.18,25.0,35.28,64.72,0,0.0,少数参考,参考
4959,井上忠政,6,6,6,16.67,0.0,33.33,50.0,0.153,0.05,0.25,0.0,22.5,27.5,0,0.0,得意,C
4907,小池修平,1,1,8,87.5,0.0,12.5,100.0,0.151,0.11,0.19,50.0,85.37,14.63,0,0.0,得意,C
5015,高橋竜矢,3,3,5,20.0,20.0,60.0,100.0,0.156,0.09,0.23,60.0,55.75,44.25,0,0.0,得意,C
5016,宮田龍馬,5,5,3,0.0,0.0,0.0,0.0,0.123,0.05,0.18,0.0,35.28,-35.28,0,0.0,少数参考,参考
5043,中村日向,6,6,4,25.0,25.0,0.0,50.0,0.15,0.05,0.21,0.0,22.5,27.5,0,0.0,少数参考,参考
5081,篠原飛翔,3,3,9,0.0,33.33,11.11,44.44,0.178,0.1,0.31,11.11,55.75,-11.31,0,0.0,苦手,C
5141,大澤風葵,5,5,3,0.0,33.33,0.0,33.33,0.057,0.02,0.1,66.67,35.28,-1.95,0,0.0,少数参考,参考
4939,宮之原輝紀,6,6,4,25.0,50.0,25.0,100.0,0.135,0.06,0.19,25.0,22.5,77.5,0,0.0,少数参考,参考
4959,井上忠政,3,3,5,20.0,60.0,20.0,100.0,0.13,0.06,0.18,40.0,55.75,44.25,0,0.0,得意,C
4983,前田篤哉,6,6,4,0.0,25.0,25.0,50.0,0.182,0.13,0.21,0.0,22.5,27.5,0,0.0,少数参考,参考
5121,定松勇樹,2,2,10,30.0,50.0,0.0,80.0,0.13,0.04,0.22,20.0,57.15,22.85,0,0.0,得意,B
4877,鈴谷一平,3,3,4,0.0,0.0,0.0,0.0,0.118,0.02,0.19,50.0,55.75,-55.75,0,0.0,少数参考,参考
4932,新開航,4,4,8,25.0,12.5,37.5,75.0,0.139,0.07,0.37,25.0,47.51,27.49,0,0.0,得意,C
4857,加藤翔馬,1,1,7,57.14,28.57,14.29,100.0,0.186,0.09,0.31,28.57,85.37,14.63,0,0.0,得意,C
4828,松山将吾,2,2,4,25.0,0.0,25.0,50.0,0.14,0.08,0.24,0.0,57.15,-7.15,0,0.0,少数参考,参考
4851,関浩哉,6,6,4,0.0,25.0,50.0,75.0,0.1,0.05,0.14,25.0,22.5,52.5,0,0.0,少数参考,参考
5141,大澤風葵,3,3,4,0.0,0.0,50.0,50.0,0.115,0.02,0.29,0.0,55.75,-5.75,0,0.0,少数参考,参考
4960,黒野元基,1,1,3,100.0,0.0,0.0,100.0,0.13,0.09,0.16,33.33,85.37,14.63,0,0.0,少数参考,参考
4804,高田ひかる,2,2,3,0.0,33.33,33.33,66.67,0.337,0.24,0.41,0.0,57.15,9.52,0,0.0,少数参考,参考
4928,栗城匠,4,4,7,14.29,28.57,14.29,57.14,0.137,0.07,0.24,42.86,47.51,9.63,0,0.0,得意,C
5015,高橋竜矢,5,5,6,0.0,0.0,16.67,16.67,0.127,0.06,0.17,33.33,35.28,-18.61,0,0.0,苦手,C
4856,豊田健士郎,1,1,4,75.0,0.0,25.0,100.0,0.105,0.02,0.17,25.0,85.37,14.63,0,0.0,少数参考,参考
5081,篠原飛翔,2,2,8,0.0,25.0,12.5,37.5,0.166,0.07,0.27,0.0,57.15,-19.65,0,0.0,苦手,C
4967,中村魁生,3,3,3,33.33,33.33,0.0,66.67,0.143,0.06,0.19,0.0,55.75,10.92,0,0.0,少数参考,参考
4886,入海馨,4,4,8,25.0,12.5,12.5,50.0,0.161,0.03,0.32,25.0,47.51,2.49,0,0.0,標準,C
4910,中村泰平,5,5,4,0.0,0.0,25.0,25.0,0.135,0.09,0.17,0.0,35.28,-10.28,0,0.0,少数参考,参考
4932,新開航,6,6,8,0.0,25.0,0.0,25.0,0.129,0.06,0.17,12.5,22.5,2.5,0,0.0,標準,C
5042,畑田汰一,1,1,8,100.0,0.0,0.0,100.0,0.11,0.04,0.22,37.5,85.37,14.63,0,0.0,得意,C
4852,川原祐明,1,1,7,57.14,14.29,0.0,71.43,0.177,0.12,0.27,0.0,85.37,-13.94,0,0.0,得意,C
4959,井上忠政,2,2,8,37.5,25.0,0.0,62.5,0.168,0.12,0.21,12.5,57.15,5.35,0,0.0,得意,C
4851,関浩哉,3,3,5,20.0,20.0,20.0,60.0,0.108,0.05,0.18,40.0,55.75,4.25,0,0.0,やや得意,C
4928,栗城匠,5,5,6,0.0,33.33,0.0,33.33,0.128,0.06,0.17,33.33,35.28,-1.95,0,0.0,標準,C
5121,定松勇樹,6,6,10,0.0,10.0,20.0,30.0,0.119,0.02,0.19,40.0,22.5,7.5,0,0.0,やや得意,B
5015,高橋竜矢,1,1,6,100.0,0.0,0.0,100.0,0.085,0.05,0.11,83.33,85.37,14.63,0,0.0,得意,C
4886,入海馨,2,2,8,0.0,50.0,25.0,75.0,0.11,0.03,0.17,25.0,57.15,17.85,0,0.0,得意,C
4850,野中一平,3,3,5,20.0,20.0,60.0,100.0,0.088,0.03,0.12,60.0,55.75,44.25,0,0.0,得意,C
5043,中村日向,1,1,5,80.0,0.0,0.0,80.0,0.148,0.12,0.17,60.0,85.37,-5.37,0,0.0,得意,C
4877,鈴谷一平,2,2,3,0.0,0.0,66.67,66.67,0.15,0.13,0.17,33.33,57.15,9.52,0,0.0,少数参考,参考
5029,中亮太,6,6,7,0.0,28.57,14.29,42.86,0.099,0.05,0.15,0.0,22.5,20.36,0,0.0,得意,C
4953,尾上雅也,1,1,4,50.0,0.0,50.0,100.0,0.16,0.07,0.22,50.0,85.37,14.63,0,0.0,少数参考,参考
5068,前田滉,6,6,5,0.0,0.0,20.0,20.0,0.178,0.09,0.29,0.0,22.5,-2.5,0,0.0,標準,C
4953,尾上雅也,4,4,5,0.0,40.0,20.0,60.0,0.212,0.11,0.31,0.0,47.51,12.49,0,0.0,得意,C
4857,加藤翔馬,2,2,6,33.33,16.67,16.67,66.67,0.167,0.12,0.23,0.0,57.15,9.52,0,0.0,得意,C
5042,畑田汰一,5,5,7,28.57,42.86,0.0,71.43,0.064,0.01,0.14,42.86,35.28,36.15,0,0.0,得意,C
5042,畑田汰一,2,2,7,14.29,42.86,14.29,71.43,0.143,0.11,0.19,0.0,57.15,14.28,0,0.0,得意,C
4967,中村魁生,4,4,3,0.0,33.33,33.33,66.67,0.15,0.11,0.17,66.67,47.51,19.16,0,0.0,少数参考,参考
4852,川原祐明,5,5,6,16.67,0.0,33.33,50.0,0.145,0.1,0.21,0.0,35.28,14.72,0,0.0,得意,C
4910,中村泰平,4,4,5,20.0,0.0,40.0,60.0,0.18,0.09,0.26,0.0,47.51,12.49,0,0.0,得意,C
4953,尾上雅也,6,6,4,0.0,25.0,25.0,50.0,0.182,0.16,0.21,25.0,22.5,27.5,0,0.0,少数参考,参考
5018,竹下大樹,4,4,5,20.0,0.0,60.0,80.0,0.142,0.11,0.2,20.0,47.51,32.49,0,0.0,得意,C
4852,川原祐明,3,3,3,0.0,66.67,33.33,100.0,0.13,0.11,0.14,0.0,55.75,44.25,0,0.0,少数参考,参考
4632,長尾京志郎,4,4,3,0.0,0.0,33.33,33.33,0.15,0.03,0.24,0.0,47.51,-14.18,0,0.0,少数参考,参考
3619,長谷川充,5,5,3,0.0,0.0,0.0,0.0,0.14,0.07,0.2,0.0,35.28,-35.28,0,0.0,少数参考,参考
5096,上原崚,1,1,4,50.0,0.0,0.0,50.0,0.075,0.02,0.11,50.0,85.37,-35.37,0,0.0,少数参考,参考
4904,松本一毅,4,4,3,0.0,33.33,66.67,100.0,0.123,0.09,0.17,33.33,47.51,52.49,0,0.0,少数参考,参考
4981,牧山敦也,2,2,5,20.0,0.0,0.0,20.0,0.156,0.09,0.24,20.0,57.15,-37.15,0,0.0,苦手,C
5005,石田貴洋,3,3,4,0.0,25.0,50.0,75.0,0.135,0.11,0.16,25.0,55.75,19.25,0,0.0,少数参考,参考
4835,橋本明,5,5,3,0.0,0.0,33.33,33.33,0.153,0.11,0.21,33.33,35.28,-1.95,0,0.0,少数参考,参考
4547,中田竜太,3,3,5,0.0,20.0,20.0,40.0,0.148,0.05,0.28,0.0,55.75,-15.75,0,0.0,苦手,C
4904,松本一毅,3,3,3,0.0,0.0,100.0,100.0,0.113,0.06,0.15,0.0,55.75,44.25,0,0.0,少数参考,参考
4632,長尾京志郎,2,2,4,25.0,50.0,0.0,75.0,0.145,0.11,0.22,25.0,57.15,17.85,0,0.0,少数参考,参考
4981,牧山敦也,4,4,4,0.0,25.0,0.0,25.0,0.167,0.1,0.21,50.0,47.51,-22.51,0,0.0,少数参考,参考
4911,片岡大地,4,4,4,0.0,25.0,0.0,25.0,0.122,0.09,0.17,50.0,47.51,-22.51,0,0.0,少数参考,参考
5096,上原崚,5,5,4,0.0,0.0,0.0,0.0,0.095,0.05,0.13,50.0,35.28,-35.28,0,0.0,少数参考,参考
4364,池永太,2,2,3,0.0,33.33,33.33,66.67,0.13,0.1,0.17,33.33,57.15,9.52,0,0.0,少数参考,参考
4547,中田竜太,4,4,6,0.0,16.67,50.0,66.67,0.177,0.12,0.25,0.0,47.51,19.16,0,0.0,得意,C
4688,永井彪也,5,5,3,0.0,33.33,66.67,100.0,0.143,0.11,0.21,0.0,35.28,64.72,0,0.0,少数参考,参考
4835,橋本明,4,4,6,0.0,0.0,33.33,33.33,0.178,0.06,0.26,0.0,47.51,-14.18,0,0.0,苦手,C
4873,蒲原健太,5,5,5,0.0,0.0,40.0,40.0,0.174,0.12,0.25,20.0,35.28,4.72,0,0.0,やや得意,C
5096,上原崚,6,6,4,0.0,0.0,0.0,0.0,0.135,0.01,0.21,50.0,22.5,-22.5,0,0.0,少数参考,参考
4632,長尾京志郎,5,5,4,0.0,0.0,25.0,25.0,0.163,0.13,0.22,25.0,35.28,-10.28,0,0.0,少数参考,参考
4547,中田竜太,6,6,5,0.0,0.0,20.0,20.0,0.154,0.12,0.22,20.0,22.5,-2.5,0,0.0,標準,C
3619,長谷川充,2,2,4,0.0,0.0,25.0,25.0,0.175,0.09,0.22,0.0,57.15,-32.15,0,0.0,少数参考,参考
4911,片岡大地,2,2,4,0.0,0.0,50.0,50.0,0.13,0.05,0.21,0.0,57.15,-7.15,0,0.0,少数参考,参考
4607,鶴田勇雄,3,3,6,16.67,33.33,50.0,100.0,0.155,0.07,0.21,16.67,55.75,44.25,0,0.0,得意,C
4364,池永太,4,4,3,0.0,0.0,33.33,33.33,0.147,0.14,0.16,0.0,47.51,-14.18,0,0.0,少数参考,参考
3430,角浜修,5,5,8,0.0,0.0,25.0,25.0,0.188,0.12,0.23,12.5,35.28,-10.28,0,0.0,苦手,C
5096,上原崚,4,4,7,0.0,42.86,14.29,57.14,0.086,0.03,0.13,71.43,47.51,9.63,0,0.0,得意,C
3744,徳増秀樹,6,4,3,0.0,0.0,0.0,0.0,0.09,0.06,0.15,66.67,47.51,-47.51,3,100.0,少数参考,参考
4364,池永太,1,1,6,66.67,33.33,0.0,100.0,0.145,0.06,0.3,0.0,85.37,14.63,0,0.0,得意,C
4981,牧山敦也,5,5,4,0.0,0.0,25.0,25.0,0.15,0.09,0.19,0.0,35.28,-10.28,0,0.0,少数参考,参考
4688,永井彪也,1,1,3,33.33,33.33,33.33,100.0,0.173,0.12,0.22,0.0,85.37,14.63,0,0.0,少数参考,参考
4904,松本一毅,5,5,4,0.0,25.0,0.0,25.0,0.115,0.05,0.17,25.0,35.28,-10.28,0,0.0,少数参考,参考
3619,長谷川充,3,3,3,0.0,0.0,66.67,66.67,0.113,0.09,0.16,0.0,55.75,10.92,0,0.0,少数参考,参考
4904,松本一毅,2,2,5,20.0,20.0,20.0,60.0,0.164,0.14,0.21,20.0,57.15,2.85,0,0.0,標準,C
4688,永井彪也,3,3,3,33.33,33.33,33.33,100.0,0.127,0.09,0.15,33.33,55.75,44.25,0,0.0,少数参考,参考
4835,橋本明,1,1,5,60.0,0.0,20.0,80.0,0.144,0.08,0.24,0.0,85.37,-5.37,0,0.0,得意,C
5096,上原崚,2,2,4,0.0,25.0,25.0,50.0,0.08,0.04,0.14,50.0,57.15,-7.15,0,0.0,少数参考,参考
4547,中田竜太,5,5,6,16.67,16.67,16.67,50.0,0.125,0.05,0.17,33.33,35.28,14.72,0,0.0,得意,C
3619,長谷川充,6,6,4,0.0,25.0,0.0,25.0,0.18,0.12,0.22,0.0,22.5,2.5,0,0.0,少数参考,参考
5005,石田貴洋,5,5,3,0.0,0.0,33.33,33.33,0.107,0.09,0.12,66.67,35.28,-1.95,0,0.0,少数参考,参考
4177,萬正嗣,5,5,3,0.0,0.0,33.33,33.33,0.137,0.09,0.17,0.0,35.28,-1.95,0,0.0,少数参考,参考
4981,牧山敦也,6,6,3,0.0,0.0,0.0,0.0,0.163,0.11,0.2,0.0,22.5,-22.5,0,0.0,少数参考,参考
4364,池永太,6,6,6,16.67,0.0,16.67,33.33,0.138,0.07,0.19,33.33,22.5,10.83,0,0.0,得意,C
4311,岡村仁,1,1,3,33.33,0.0,0.0,33.33,0.117,0.01,0.19,33.33,85.37,-52.04,0,0.0,少数参考,参考
4835,橋本明,3,3,6,16.67,16.67,33.33,66.67,0.163,0.08,0.22,16.67,55.75,10.92,0,0.0,得意,C
4547,中田竜太,1,1,7,71.43,14.29,0.0,85.71,0.12,0.02,0.2,14.29,85.37,0.34,0,0.0,得意,C
5096,上原崚,3,3,4,0.0,50.0,25.0,75.0,0.13,0.05,0.2,50.0,55.75,19.25,0,0.0,少数参考,参考
3619,長谷川充,1,1,3,66.67,0.0,33.33,100.0,0.143,0.08,0.21,66.67,85.37,14.63,0,0.0,少数参考,参考
4703,森永隆,5,4,3,33.33,0.0,33.33,66.67,0.137,0.06,0.24,33.33,47.51,19.16,3,100.0,少数参考,参考
4364,池永太,3,3,5,40.0,40.0,0.0,80.0,0.11,0.08,0.16,20.0,55.75,24.25,0,0.0,得意,C
5005,石田貴洋,1,1,5,60.0,20.0,20.0,100.0,0.092,0.05,0.17,20.0,85.37,14.63,0,0.0,得意,C
4835,橋本明,2,2,5,20.0,0.0,80.0,100.0,0.146,0.07,0.27,20.0,57.15,42.85,0,0.0,得意,C
4547,中田竜太,2,2,5,20.0,40.0,40.0,100.0,0.146,0.03,0.29,20.0,57.15,42.85,0,0.0,得意,C
4688,永井彪也,6,6,3,0.0,33.33,33.33,66.67,0.1,0.06,0.13,0.0,22.5,44.17,0,0.0,少数参考,参考
3577,向所浩二,4,4,3,0.0,33.33,33.33,66.67,0.043,0.01,0.1,100.0,47.51,19.16,0,0.0,少数参考,参考
5005,石田貴洋,4,4,5,0.0,20.0,20.0,40.0,0.092,0.05,0.18,0.0,47.51,-7.51,0,0.0,標準,C
5284,嘉手苅徹哉,6,6,12,0.0,0.0,0.0,0.0,0.187,0.08,0.29,25.0,22.5,-22.5,0,0.0,苦手,B
3973,崎利仁,3,3,3,0.0,0.0,33.33,33.33,0.197,0.16,0.25,33.33,55.75,-22.42,0,0.0,少数参考,参考
3831,安藤裕貴,3,3,4,0.0,25.0,25.0,50.0,0.105,0.04,0.17,25.0,55.75,-5.75,0,0.0,少数参考,参考
4881,檀将太,5,5,3,33.33,33.33,0.0,66.67,0.163,0.06,0.23,0.0,35.28,31.39,0,0.0,少数参考,参考
4881,檀将太,4,4,5,0.0,20.0,0.0,20.0,0.152,0.11,0.18,40.0,47.51,-27.51,0,0.0,苦手,C
3831,安藤裕貴,2,2,4,25.0,25.0,0.0,50.0,0.122,0.06,0.19,25.0,57.15,-7.15,0,0.0,少数参考,参考
5127,沼田大都,3,3,6,0.0,0.0,16.67,16.67,0.142,0.06,0.19,0.0,55.75,-39.08,0,0.0,苦手,C
4020,川上清人,5,6,3,0.0,0.0,33.33,33.33,0.15,0.09,0.27,33.33,22.5,10.83,3,100.0,少数参考,参考
4881,檀将太,3,3,4,25.0,0.0,25.0,50.0,0.135,0.09,0.17,50.0,55.75,-5.75,0,0.0,少数参考,参考
4084,杉山正樹,6,6,3,0.0,0.0,33.33,33.33,0.223,0.14,0.31,0.0,22.5,10.83,0,0.0,少数参考,参考
4608,荒井翔伍,1,1,4,75.0,25.0,0.0,100.0,0.102,0.06,0.12,75.0,85.37,14.63,0,0.0,少数参考,参考
4608,荒井翔伍,2,2,3,33.33,33.33,0.0,66.67,0.157,0.12,0.18,66.67,57.15,9.52,0,0.0,少数参考,参考
5127,沼田大都,1,1,4,75.0,25.0,0.0,100.0,0.14,0.11,0.17,50.0,85.37,14.63,0,0.0,少数参考,参考
5240,高橋龍治,3,3,3,0.0,0.0,0.0,0.0,0.177,0.12,0.26,0.0,55.75,-55.75,0,0.0,少数参考,参考
5127,沼田大都,6,6,3,0.0,33.33,0.0,33.33,0.2,0.14,0.31,0.0,22.5,10.83,0,0.0,少数参考,参考
5167,小川竜太朗,3,3,3,0.0,33.33,0.0,33.33,0.127,0.11,0.14,33.33,55.75,-22.42,0,0.0,少数参考,参考
5261,岡暢祐,5,5,5,0.0,0.0,20.0,20.0,0.136,0.11,0.18,20.0,35.28,-15.28,0,0.0,苦手,C
3679,飯島昌弘,6,6,4,0.0,25.0,50.0,75.0,0.182,0.12,0.25,0.0,22.5,52.5,0,0.0,少数参考,参考
3277,齋藤勇,1,1,3,66.67,0.0,33.33,100.0,0.15,0.08,0.22,33.33,85.37,14.63,0,0.0,少数参考,参考
3951,石川吉鎬,3,3,6,0.0,33.33,16.67,50.0,0.193,0.08,0.36,0.0,55.75,-5.75,0,0.0,標準,C
5167,小川竜太朗,4,4,4,0.0,0.0,0.0,0.0,0.193,0.1,0.39,25.0,47.51,-47.51,0,0.0,少数参考,参考
4227,安達裕樹,5,5,3,0.0,33.33,33.33,66.67,0.183,0.09,0.25,0.0,35.28,31.39,0,0.0,少数参考,参考
4712,冨好祐真,5,5,4,0.0,0.0,0.0,0.0,0.17,0.13,0.23,0.0,35.28,-35.28,0,0.0,少数参考,参考
4574,東潤樹,3,4,3,0.0,0.0,0.0,0.0,0.197,0.13,0.24,0.0,47.51,-47.51,3,100.0,少数参考,参考
4466,南佑典,5,5,4,0.0,0.0,25.0,25.0,0.208,0.12,0.28,0.0,35.28,-10.28,0,0.0,少数参考,参考
5054,佐々木大河,5,5,4,0.0,0.0,75.0,75.0,0.158,0.13,0.18,50.0,35.28,39.72,0,0.0,少数参考,参考
4706,三浦洋次朗,6,6,6,0.0,0.0,33.33,33.33,0.175,0.12,0.24,16.67,22.5,10.83,0,0.0,得意,C
3679,飯島昌弘,3,3,4,0.0,50.0,0.0,50.0,0.152,0.1,0.21,25.0,55.75,-5.75,0,0.0,少数参考,参考
4227,安達裕樹,4,4,7,14.29,0.0,0.0,14.29,0.223,0.07,0.33,14.29,47.51,-33.22,0,0.0,苦手,C
4466,南佑典,2,2,3,0.0,33.33,66.67,100.0,0.193,0.19,0.2,0.0,57.15,42.85,0,0.0,少数参考,参考
3277,齋藤勇,4,4,3,0.0,0.0,0.0,0.0,0.193,0.17,0.23,0.0,47.51,-47.51,0,0.0,少数参考,参考
5055,眞鳥章太,2,2,3,0.0,33.33,0.0,33.33,0.137,0.08,0.17,33.33,57.15,-23.82,0,0.0,少数参考,参考
5004,河野主樹,3,3,4,25.0,25.0,25.0,75.0,0.135,0.1,0.17,50.0,55.75,19.25,0,0.0,少数参考,参考
5201,村上宗太郎,2,2,4,0.0,0.0,25.0,25.0,0.147,0.07,0.21,0.0,57.15,-32.15,0,0.0,少数参考,参考
4706,三浦洋次朗,3,3,3,33.33,0.0,66.67,100.0,0.307,0.19,0.42,0.0,55.75,44.25,0,0.0,少数参考,参考
3951,石川吉鎬,4,4,5,20.0,0.0,40.0,60.0,0.13,0.08,0.18,40.0,47.51,12.49,0,0.0,得意,C
4227,安達裕樹,2,2,9,33.33,33.33,0.0,66.67,0.147,0.05,0.3,33.33,57.15,9.52,0,0.0,得意,C
5167,小川竜太朗,2,2,7,14.29,14.29,0.0,28.57,0.193,0.1,0.26,14.29,57.15,-28.58,0,0.0,苦手,C
5011,高木圭大,3,3,3,0.0,0.0,66.67,66.67,0.123,0.11,0.14,0.0,55.75,10.92,0,0.0,少数参考,参考
4899,占部一真,6,6,5,20.0,0.0,0.0,20.0,0.174,0.08,0.27,20.0,22.5,-2.5,0,0.0,標準,C
3277,齋藤勇,5,5,4,0.0,0.0,0.0,0.0,0.128,0.04,0.22,0.0,35.28,-35.28,0,0.0,少数参考,参考
3679,飯島昌弘,1,1,4,100.0,0.0,0.0,100.0,0.145,0.04,0.25,75.0,85.37,14.63,0,0.0,少数参考,参考
3832,下田哲也,4,4,4,0.0,0.0,25.0,25.0,0.24,0.2,0.31,0.0,47.51,-22.51,0,0.0,少数参考,参考
5004,河野主樹,5,5,5,0.0,0.0,60.0,60.0,0.134,0.01,0.3,40.0,35.28,24.72,0,0.0,得意,C
3951,石川吉鎬,6,6,4,0.0,0.0,75.0,75.0,0.16,0.09,0.23,25.0,22.5,52.5,0,0.0,少数参考,参考
4227,安達裕樹,1,1,15,80.0,6.67,6.67,93.33,0.153,0.05,0.23,40.0,85.37,7.96,0,0.0,得意,B
5201,村上宗太郎,3,3,4,0.0,25.0,50.0,75.0,0.152,0.11,0.21,25.0,55.75,19.25,0,0.0,少数参考,参考
5261,岡暢祐,4,4,4,25.0,25.0,0.0,50.0,0.105,0.05,0.15,50.0,47.51,2.49,0,0.0,少数参考,参考
3277,齋藤勇,6,6,3,0.0,33.33,0.0,33.33,0.163,0.11,0.21,0.0,22.5,10.83,0,0.0,少数参考,参考
4706,三浦洋次朗,1,1,5,40.0,0.0,20.0,60.0,0.148,0.01,0.25,20.0,85.37,-25.37,0,0.0,苦手,C
4466,南佑典,3,3,5,20.0,40.0,20.0,80.0,0.214,0.11,0.29,20.0,55.75,24.25,0,0.0,得意,C
5004,河野主樹,2,2,4,50.0,25.0,0.0,75.0,0.092,0.04,0.15,25.0,57.15,17.85,0,0.0,少数参考,参考
3621,天野晶夫,5,5,5,0.0,20.0,0.0,20.0,0.148,0.05,0.22,20.0,35.28,-15.28,0,0.0,苦手,C
4227,安達裕樹,6,6,5,20.0,0.0,0.0,20.0,0.21,0.07,0.33,0.0,22.5,-2.5,0,0.0,標準,C
3951,石川吉鎬,1,1,6,50.0,0.0,33.33,83.33,0.182,0.05,0.28,16.67,85.37,-2.04,0,0.0,標準,C
3277,齋藤勇,2,2,7,0.0,0.0,0.0,0.0,0.173,0.07,0.27,0.0,57.15,-57.15,0,0.0,苦手,C
5167,小川竜太朗,5,5,3,0.0,0.0,33.33,33.33,0.223,0.15,0.29,33.33,35.28,-1.95,0,0.0,少数参考,参考
4227,安達裕樹,3,3,9,33.33,11.11,22.22,66.67,0.13,0.07,0.17,33.33,55.75,10.92,0,0.0,得意,C
5054,佐々木大河,6,6,3,0.0,33.33,0.0,33.33,0.173,0.05,0.39,33.33,22.5,10.83,0,0.0,少数参考,参考
4706,三浦洋次朗,5,5,3,0.0,0.0,66.67,66.67,0.11,0.07,0.15,33.33,35.28,31.39,0,0.0,少数参考,参考
5004,河野主樹,6,6,5,0.0,0.0,20.0,20.0,0.13,0.07,0.21,20.0,22.5,-2.5,0,0.0,標準,C
4706,三浦洋次朗,2,2,4,25.0,50.0,0.0,75.0,0.235,0.18,0.3,0.0,57.15,17.85,0,0.0,少数参考,参考
5055,眞鳥章太,3,3,4,25.0,0.0,25.0,50.0,0.13,0.09,0.22,25.0,55.75,-5.75,0,0.0,少数参考,参考
4466,南佑典,4,4,4,0.0,25.0,0.0,25.0,0.168,0.11,0.23,0.0,47.51,-22.51,0,0.0,少数参考,参考
4899,占部一真,5,5,14,0.0,7.14,7.14,14.29,0.141,0.08,0.29,14.29,35.28,-20.99,0,0.0,苦手,B
5054,佐々木大河,2,2,5,20.0,20.0,20.0,60.0,0.204,0.13,0.3,20.0,57.15,2.85,0,0.0,標準,C
4466,南佑典,6,6,3,0.0,33.33,0.0,33.33,0.18,0.14,0.22,0.0,22.5,10.83,0,0.0,少数参考,参考
4466,南佑典,1,1,5,80.0,0.0,20.0,100.0,0.16,0.11,0.22,20.0,85.37,14.63,0,0.0,得意,C
5004,河野主樹,1,1,3,100.0,0.0,0.0,100.0,0.127,0.08,0.19,66.67,85.37,14.63,0,0.0,少数参考,参考
4574,東潤樹,4,5,3,0.0,0.0,33.33,33.33,0.203,0.13,0.28,0.0,35.28,-1.95,3,100.0,少数参考,参考
5055,眞鳥章太,1,1,3,100.0,0.0,0.0,100.0,0.103,0.08,0.12,33.33,85.37,14.63,0,0.0,少数参考,参考
3621,天野晶夫,6,5,3,33.33,33.33,33.33,100.0,0.14,0.11,0.18,66.67,35.28,64.72,3,100.0,少数参考,参考
5011,高木圭大,6,6,3,0.0,0.0,0.0,0.0,0.22,0.16,0.29,0.0,22.5,-22.5,0,0.0,少数参考,参考
4451,松崎祐太郎,3,3,5,20.0,20.0,20.0,60.0,0.146,0.05,0.31,20.0,55.75,4.25,0,0.0,やや得意,C
5311,小林京平,6,6,30,3.33,10.0,6.67,20.0,0.144,0.0,0.28,30.0,22.5,-2.5,0,0.0,標準,A
3685,荒井輝年,3,3,8,12.5,37.5,0.0,50.0,0.147,0.05,0.26,25.0,55.75,-5.75,0,0.0,標準,C
4184,渡邊雄一郎,1,1,4,50.0,50.0,0.0,100.0,0.177,0.11,0.21,0.0,85.37,14.63,0,0.0,少数参考,参考
5282,中本大樹,6,6,5,0.0,0.0,0.0,0.0,0.24,0.13,0.49,0.0,22.5,-22.5,0,0.0,苦手,C
3685,荒井輝年,1,1,6,66.67,16.67,0.0,83.33,0.173,0.11,0.31,0.0,85.37,-2.04,0,0.0,得意,C
4184,渡邊雄一郎,4,4,3,0.0,0.0,33.33,33.33,0.193,0.14,0.25,0.0,47.51,-14.18,0,0.0,少数参考,参考
4918,川島拓郎,3,3,3,0.0,33.33,33.33,66.67,0.107,0.05,0.22,33.33,55.75,10.92,0,0.0,少数参考,参考
4840,鈴木秀茉,2,2,3,0.0,66.67,33.33,100.0,0.15,0.11,0.19,0.0,57.15,42.85,0,0.0,少数参考,参考
3685,荒井輝年,6,6,4,0.0,0.0,25.0,25.0,0.19,0.05,0.33,0.0,22.5,2.5,0,0.0,少数参考,参考
4949,横田貴満,4,4,5,20.0,0.0,40.0,60.0,0.134,0.1,0.18,0.0,47.51,12.49,0,0.0,得意,C
5311,小林京平,5,6,12,0.0,8.33,8.33,16.67,0.204,0.07,0.31,16.67,22.5,-5.83,12,100.0,標準,B
3647,伊藤雄二,2,2,5,0.0,40.0,20.0,60.0,0.146,0.08,0.24,0.0,57.15,2.85,0,0.0,標準,C
4840,鈴木秀茉,6,6,3,0.0,0.0,33.33,33.33,0.233,0.22,0.24,0.0,22.5,10.83,0,0.0,少数参考,参考
3685,荒井輝年,2,2,5,20.0,20.0,20.0,60.0,0.178,0.11,0.34,0.0,57.15,2.85,0,0.0,標準,C
5282,中本大樹,5,5,3,0.0,0.0,0.0,0.0,0.18,0.11,0.26,0.0,35.28,-35.28,0,0.0,少数参考,参考
4949,横田貴満,1,1,10,90.0,0.0,10.0,100.0,0.177,0.04,0.32,40.0,85.37,14.63,0,0.0,得意,B
4840,鈴木秀茉,3,3,4,0.0,25.0,0.0,25.0,0.182,0.15,0.24,25.0,55.75,-30.75,0,0.0,少数参考,参考
3614,谷勝幸,4,4,5,0.0,0.0,20.0,20.0,0.158,0.09,0.21,20.0,47.51,-27.51,0,0.0,苦手,C
4513,河野真也,3,3,4,0.0,0.0,75.0,75.0,0.158,0.09,0.24,0.0,55.75,19.25,0,0.0,少数参考,参考
4949,横田貴満,3,3,6,0.0,16.67,33.33,50.0,0.13,0.12,0.15,0.0,55.75,-5.75,0,0.0,標準,C
3685,荒井輝年,4,4,3,0.0,33.33,0.0,33.33,0.127,0.11,0.15,0.0,47.51,-14.18,0,0.0,少数参考,参考
5282,中本大樹,4,4,3,0.0,0.0,33.33,33.33,0.087,0.01,0.14,33.33,47.51,-14.18,0,0.0,少数参考,参考
4949,横田貴満,5,5,5,0.0,20.0,0.0,20.0,0.156,0.09,0.26,20.0,35.28,-15.28,0,0.0,苦手,C
4918,川島拓郎,4,4,3,0.0,33.33,33.33,66.67,0.103,0.07,0.17,0.0,47.51,19.16,0,0.0,少数参考,参考
3432,宮迫暢彦,6,6,5,0.0,0.0,20.0,20.0,0.202,0.08,0.32,0.0,22.5,-2.5,0,0.0,標準,C
4840,鈴木秀茉,4,4,5,0.0,0.0,40.0,40.0,0.186,0.07,0.26,20.0,47.51,-7.51,0,0.0,標準,C
3685,荒井輝年,5,5,7,14.29,0.0,28.57,42.86,0.137,0.03,0.24,14.29,35.28,7.58,0,0.0,やや得意,C
4918,川島拓郎,2,2,4,25.0,0.0,25.0,50.0,0.13,0.09,0.19,50.0,57.15,-7.15,0,0.0,少数参考,参考
3054,北川幸典,6,6,9,0.0,0.0,22.22,22.22,0.156,0.05,0.34,44.44,22.5,-0.28,0,0.0,標準,C
4918,川島拓郎,5,5,3,33.33,0.0,0.0,33.33,0.143,0.05,0.21,0.0,35.28,-1.95,0,0.0,少数参考,参考
4513,河野真也,4,4,6,16.67,16.67,16.67,50.0,0.147,0.05,0.23,16.67,47.51,2.49,0,0.0,標準,C
4949,横田貴満,6,6,6,0.0,0.0,33.33,33.33,0.155,0.05,0.27,0.0,22.5,10.83,0,0.0,得意,C
5295,田上凜,6,6,11,0.0,0.0,9.09,9.09,0.233,0.01,0.34,18.18,22.5,-13.41,0,0.0,苦手,B
4994,山本梨菜,1,1,5,40.0,20.0,20.0,80.0,0.132,0.11,0.17,40.0,85.37,-5.37,0,0.0,得意,C
3945,橋口真樹,2,2,8,0.0,12.5,25.0,37.5,0.215,0.14,0.36,25.0,57.15,-19.65,0,0.0,苦手,C
3944,山口裕二,4,4,6,0.0,16.67,66.67,83.33,0.183,0.06,0.3,16.67,47.51,35.82,0,0.0,得意,C
4652,酒見峻介,2,3,3,0.0,66.67,0.0,66.67,0.177,0.11,0.21,33.33,55.75,10.92,3,100.0,少数参考,参考
4049,荒川健太,1,1,5,60.0,20.0,0.0,80.0,0.18,0.05,0.29,40.0,85.37,-5.37,0,0.0,得意,C
5178,成貞琳平,3,3,4,0.0,0.0,0.0,0.0,0.225,0.09,0.33,0.0,55.75,-55.75,0,0.0,少数参考,参考
5211,高井駿弥,5,5,3,0.0,0.0,33.33,33.33,0.11,0.07,0.14,33.33,35.28,-1.95,0,0.0,少数参考,参考
5156,坂野さくら,6,6,3,0.0,0.0,0.0,0.0,0.223,0.18,0.3,0.0,22.5,-22.5,0,0.0,少数参考,参考
3900,香川素子,3,3,8,25.0,25.0,25.0,75.0,0.188,0.08,0.4,12.5,55.75,19.25,0,0.0,得意,C
4994,山本梨菜,4,4,10,10.0,10.0,30.0,50.0,0.192,0.09,0.29,0.0,47.51,2.49,0,0.0,標準,B
4347,魚谷香織,5,5,4,0.0,0.0,50.0,50.0,0.16,0.1,0.22,0.0,35.28,14.72,0,0.0,少数参考,参考
4778,堤啓輔,5,5,4,0.0,25.0,0.0,25.0,0.138,0.09,0.16,50.0,35.28,-10.28,0,0.0,少数参考,参考
3944,山口裕二,1,1,6,66.67,33.33,0.0,100.0,0.143,0.09,0.24,33.33,85.37,14.63,0,0.0,得意,C
4049,荒川健太,3,3,5,20.0,60.0,0.0,80.0,0.178,0.13,0.24,0.0,55.75,24.25,0,0.0,得意,C
4652,酒見峻介,5,5,4,25.0,0.0,25.0,50.0,0.16,0.12,0.2,50.0,35.28,14.72,0,0.0,少数参考,参考
4352,下條雄太郎,4,4,3,33.33,0.0,0.0,33.33,0.167,0.15,0.2,33.33,47.51,-14.18,0,0.0,少数参考,参考
4739,中村晃朋,6,5,3,0.0,33.33,66.67,100.0,0.14,0.06,0.18,0.0,35.28,64.72,3,100.0,少数参考,参考
5219,森口和紀,2,2,3,33.33,33.33,0.0,66.67,0.22,0.17,0.25,0.0,57.15,9.52,0,0.0,少数参考,参考
5211,高井駿弥,4,4,3,0.0,33.33,0.0,33.33,0.15,0.08,0.19,33.33,47.51,-14.18,0,0.0,少数参考,参考
3944,山口裕二,2,2,5,0.0,60.0,20.0,80.0,0.172,0.09,0.26,0.0,57.15,22.85,0,0.0,得意,C
4652,酒見峻介,4,4,7,28.57,28.57,28.57,85.71,0.093,0.01,0.21,57.14,47.51,38.2,0,0.0,得意,C
5295,田上凜,5,5,5,0.0,0.0,20.0,20.0,0.202,0.09,0.33,0.0,35.28,-15.28,0,0.0,苦手,C
5199,垂水悠,6,6,4,0.0,0.0,0.0,0.0,0.1,0.07,0.14,50.0,22.5,-22.5,0,0.0,少数参考,参考
4049,荒川健太,4,4,4,0.0,50.0,0.0,50.0,0.203,0.16,0.25,0.0,47.51,2.49,0,0.0,少数参考,参考
5211,高井駿弥,2,2,3,0.0,0.0,0.0,0.0,0.153,0.07,0.21,33.33,57.15,-57.15,0,0.0,少数参考,参考
4994,山本梨菜,3,3,8,12.5,37.5,12.5,62.5,0.166,0.03,0.36,37.5,55.75,6.75,0,0.0,やや得意,C
3900,香川素子,4,4,6,0.0,16.67,50.0,66.67,0.172,0.12,0.21,16.67,47.51,19.16,0,0.0,得意,C
4347,魚谷香織,4,4,6,16.67,16.67,33.33,66.67,0.175,0.08,0.27,0.0,47.51,19.16,0,0.0,得意,C
5248,本田愛,6,6,10,0.0,10.0,0.0,10.0,0.209,0.04,0.45,20.0,22.5,-12.5,0,0.0,苦手,B
5156,坂野さくら,2,2,4,25.0,0.0,0.0,25.0,0.225,0.15,0.37,0.0,57.15,-32.15,0,0.0,少数参考,参考
5219,森口和紀,5,5,3,0.0,0.0,0.0,0.0,0.253,0.19,0.37,0.0,35.28,-35.28,0,0.0,少数参考,参考
3944,山口裕二,6,6,4,0.0,0.0,50.0,50.0,0.21,0.17,0.27,0.0,22.5,27.5,0,0.0,少数参考,参考
3900,香川素子,2,2,7,0.0,42.86,14.29,57.14,0.18,0.13,0.23,0.0,57.15,-0.01,0,0.0,標準,C
3945,橋口真樹,4,4,5,0.0,20.0,40.0,60.0,0.22,0.11,0.31,40.0,47.51,12.49,0,0.0,得意,C
3574,大神康司,6,2,11,9.09,36.36,27.27,72.73,0.175,0.07,0.28,9.09,57.15,15.58,11,100.0,得意,B
3944,山口裕二,3,3,6,16.67,33.33,33.33,83.33,0.11,0.07,0.18,50.0,55.75,27.58,0,0.0,得意,C
4994,山本梨菜,5,5,8,0.0,25.0,12.5,37.5,0.17,0.09,0.23,12.5,35.28,2.22,0,0.0,標準,C
5178,成貞琳平,2,2,4,0.0,0.0,0.0,0.0,0.172,0.03,0.27,0.0,57.15,-57.15,0,0.0,少数参考,参考
3900,香川素子,1,1,9,66.67,22.22,0.0,88.89,0.184,0.11,0.25,0.0,85.37,3.52,0,0.0,標準,C
4347,魚谷香織,6,6,3,0.0,0.0,33.33,33.33,0.1,0.07,0.12,100.0,22.5,10.83,0,0.0,少数参考,参考
3574,大神康司,3,2,4,0.0,25.0,0.0,25.0,0.135,0.07,0.17,0.0,57.15,-32.15,4,100.0,少数参考,参考
3900,香川素子,5,5,8,0.0,37.5,12.5,50.0,0.206,0.13,0.33,0.0,35.28,14.72,0,0.0,得意,C
5295,田上凜,5,6,3,0.0,0.0,0.0,0.0,0.193,0.13,0.3,0.0,22.5,-22.5,3,100.0,少数参考,参考
5248,本田愛,2,2,6,33.33,16.67,16.67,66.67,0.162,0.08,0.31,16.67,57.15,9.52,0,0.0,得意,C
4994,山本梨菜,6,6,6,0.0,16.67,16.67,33.33,0.203,0.13,0.26,0.0,22.5,10.83,0,0.0,得意,C
3574,大神康司,4,2,8,12.5,0.0,37.5,50.0,0.176,0.11,0.27,12.5,57.15,-7.15,8,100.0,標準,C
4874,池田奈津美,5,2,5,20.0,0.0,20.0,40.0,0.128,0.07,0.19,20.0,57.15,-17.15,5,100.0,苦手,C
3944,山口裕二,5,5,4,0.0,25.0,0.0,25.0,0.173,0.17,0.18,25.0,35.28,-10.28,0,0.0,少数参考,参考
5211,高井駿弥,6,6,4,0.0,0.0,25.0,25.0,0.198,0.16,0.26,25.0,22.5,2.5,0,0.0,少数参考,参考
4874,池田奈津美,4,2,7,0.0,14.29,0.0,14.29,0.15,0.09,0.21,0.0,57.15,-42.86,7,100.0,苦手,C
4049,荒川健太,5,5,3,0.0,33.33,66.67,100.0,0.23,0.16,0.28,0.0,35.28,64.72,0,0.0,少数参考,参考
4994,山本梨菜,2,2,10,20.0,40.0,30.0,90.0,0.152,0.08,0.24,20.0,57.15,32.85,0,0.0,得意,B
5248,本田愛,1,1,3,66.67,0.0,0.0,66.67,0.237,0.13,0.39,33.33,85.37,-18.7,0,0.0,少数参考,参考
5178,成貞琳平,4,4,4,0.0,0.0,50.0,50.0,0.158,0.07,0.26,25.0,47.51,2.49,0,0.0,少数参考,参考
5178,成貞琳平,5,5,4,0.0,0.0,0.0,0.0,0.217,0.17,0.28,0.0,35.28,-35.28,0,0.0,少数参考,参考
5248,本田愛,5,5,6,0.0,0.0,16.67,16.67,0.19,0.11,0.23,0.0,35.28,-18.61,0,0.0,苦手,C
5006,久保原秀人,5,5,5,20.0,0.0,0.0,20.0,0.136,0.06,0.18,20.0,35.28,-15.28,0,0.0,苦手,C
5090,生方靖亜,2,2,5,0.0,40.0,0.0,40.0,0.12,0.01,0.28,40.0,57.15,-17.15,0,0.0,苦手,C
5134,大原祥昌,3,3,4,0.0,50.0,0.0,50.0,0.115,0.06,0.17,0.0,55.75,-5.75,0,0.0,少数参考,参考
5053,山口広樹,5,5,3,0.0,0.0,0.0,0.0,0.147,0.04,0.21,0.0,35.28,-35.28,0,0.0,少数参考,参考
5257,西丸侑太朗,4,4,6,16.67,16.67,16.67,50.0,0.153,0.06,0.23,0.0,47.51,2.49,0,0.0,標準,C
5112,砂長知輝,1,1,5,80.0,0.0,0.0,80.0,0.142,0.04,0.28,0.0,85.37,-5.37,0,0.0,得意,C
5234,塚越海斗,3,3,4,0.0,25.0,50.0,75.0,0.155,0.06,0.22,25.0,55.75,19.25,0,0.0,少数参考,参考
5034,若林義人,2,2,6,50.0,33.33,0.0,83.33,0.135,0.03,0.25,66.67,57.15,26.18,0,0.0,得意,C
5037,田頭虎親,3,3,3,0.0,0.0,66.67,66.67,0.19,0.16,0.23,33.33,55.75,10.92,0,0.0,少数参考,参考
5280,廣瀬凜,4,4,6,0.0,0.0,33.33,33.33,0.245,0.14,0.43,0.0,47.51,-14.18,0,0.0,苦手,C
5142,常住蓮,6,6,5,0.0,0.0,40.0,40.0,0.132,0.05,0.21,40.0,22.5,17.5,0,0.0,得意,C
5130,上野拓馬,2,2,5,0.0,0.0,0.0,0.0,0.134,0.05,0.22,0.0,57.15,-57.15,0,0.0,苦手,C
5053,山口広樹,3,3,5,0.0,40.0,60.0,100.0,0.062,0.0,0.18,80.0,55.75,44.25,0,0.0,得意,C
5257,西丸侑太朗,6,6,4,0.0,0.0,25.0,25.0,0.15,0.07,0.26,25.0,22.5,2.5,0,0.0,少数参考,参考
5112,砂長知輝,3,3,3,0.0,33.33,33.33,66.67,0.227,0.2,0.24,0.0,55.75,10.92,0,0.0,少数参考,参考
5020,宮村勇哉,5,5,5,0.0,0.0,0.0,0.0,0.13,0.03,0.21,0.0,35.28,-35.28,0,0.0,苦手,C
5034,若林義人,5,5,3,0.0,66.67,33.33,100.0,0.183,0.15,0.21,33.33,35.28,64.72,0,0.0,少数参考,参考
5134,大原祥昌,6,6,8,0.0,12.5,12.5,25.0,0.149,0.08,0.23,12.5,22.5,2.5,0,0.0,標準,C
5142,常住蓮,2,2,6,16.67,66.67,16.67,100.0,0.117,0.05,0.18,33.33,57.15,42.85,0,0.0,得意,C
5053,山口広樹,2,2,3,33.33,0.0,66.67,100.0,0.187,0.16,0.23,0.0,57.15,42.85,0,0.0,少数参考,参考
5020,宮村勇哉,4,4,4,0.0,50.0,0.0,50.0,0.18,0.05,0.26,0.0,47.51,2.49,0,0.0,少数参考,参考
5130,上野拓馬,4,4,4,0.0,0.0,0.0,0.0,0.25,0.21,0.34,0.0,47.51,-47.51,0,0.0,少数参考,参考
5134,大原祥昌,5,5,4,0.0,0.0,25.0,25.0,0.15,0.11,0.19,25.0,35.28,-10.28,0,0.0,少数参考,参考
5280,廣瀬凜,6,6,7,0.0,14.29,0.0,14.29,0.231,0.13,0.41,0.0,22.5,-8.21,0,0.0,標準,C
4989,石原翼,1,1,4,25.0,0.0,75.0,100.0,0.19,0.08,0.3,25.0,85.37,14.63,0,0.0,少数参考,参考
5034,若林義人,6,6,6,16.67,0.0,16.67,33.33,0.155,0.03,0.24,16.67,22.5,10.83,0,0.0,得意,C
5172,田村慶,5,5,5,0.0,20.0,0.0,20.0,0.212,0.11,0.34,0.0,35.28,-15.28,0,0.0,苦手,C
5020,宮村勇哉,3,3,3,0.0,0.0,33.33,33.33,0.167,0.14,0.21,0.0,55.75,-22.42,0,0.0,少数参考,参考
5257,西丸侑太朗,5,5,5,0.0,20.0,0.0,20.0,0.184,0.13,0.31,20.0,35.28,-15.28,0,0.0,苦手,C
5081,篠原飛翔,6,6,7,0.0,14.29,42.86,57.14,0.174,0.1,0.32,0.0,22.5,34.64,0,0.0,得意,C
5142,常住蓮,4,4,6,16.67,16.67,16.67,50.0,0.148,0.04,0.25,33.33,47.51,2.49,0,0.0,標準,C
4934,佐々木翔斗,1,1,3,100.0,0.0,0.0,100.0,0.137,0.09,0.21,33.33,85.37,14.63,0,0.0,少数参考,参考
5006,久保原秀人,3,3,4,0.0,25.0,0.0,25.0,0.173,0.13,0.27,0.0,55.75,-30.75,0,0.0,少数参考,参考
5280,廣瀬凜,5,5,4,0.0,0.0,0.0,0.0,0.185,0.13,0.24,0.0,35.28,-35.28,0,0.0,少数参考,参考
5143,常盤海心,3,3,9,11.11,33.33,22.22,66.67,0.182,0.08,0.27,0.0,55.75,10.92,0,0.0,得意,C
5053,山口広樹,4,4,3,0.0,0.0,66.67,66.67,0.12,0.06,0.15,33.33,47.51,19.16,0,0.0,少数参考,参考
5130,上野拓馬,5,5,4,0.0,0.0,25.0,25.0,0.15,0.04,0.23,0.0,35.28,-10.28,0,0.0,少数参考,参考
5090,生方靖亜,6,6,3,0.0,0.0,0.0,0.0,0.143,0.07,0.28,33.33,22.5,-22.5,0,0.0,少数参考,参考
5142,常住蓮,1,1,10,50.0,10.0,10.0,70.0,0.147,0.05,0.24,30.0,85.37,-15.37,0,0.0,得意,B
5034,若林義人,3,3,7,14.29,28.57,14.29,57.14,0.106,0.01,0.18,28.57,55.75,1.39,0,0.0,標準,C
4989,石原翼,5,5,3,0.0,66.67,33.33,100.0,0.117,0.06,0.16,33.33,35.28,64.72,0,0.0,少数参考,参考
5112,砂長知輝,6,6,4,0.0,0.0,50.0,50.0,0.232,0.13,0.31,0.0,22.5,27.5,0,0.0,少数参考,参考
5099,原田俊法,2,2,3,0.0,33.33,0.0,33.33,0.21,0.11,0.28,33.33,57.15,-23.82,0,0.0,少数参考,参考
4989,石原翼,3,3,4,25.0,25.0,25.0,75.0,0.14,0.06,0.22,0.0,55.75,19.25,0,0.0,少数参考,参考
5143,常盤海心,1,1,3,33.33,33.33,0.0,66.67,0.16,0.13,0.19,0.0,85.37,-18.7,0,0.0,少数参考,参考
5061,中村駿平,2,2,3,0.0,0.0,0.0,0.0,0.13,0.08,0.22,0.0,57.15,-57.15,0,0.0,少数参考,参考
5284,嘉手苅徹哉,5,5,9,0.0,0.0,0.0,0.0,0.146,0.06,0.23,11.11,35.28,-35.28,0,0.0,苦手,C
5006,久保原秀人,2,2,6,0.0,16.67,16.67,33.33,0.138,0.07,0.18,0.0,57.15,-23.82,0,0.0,苦手,C
5034,若林義人,4,4,8,12.5,25.0,37.5,75.0,0.16,0.06,0.28,50.0,47.51,27.49,0,0.0,得意,C
5179,藤本元輝,2,2,3,0.0,33.33,66.67,100.0,0.113,0.08,0.15,33.33,57.15,42.85,0,0.0,少数参考,参考
5081,篠原飛翔,4,4,8,12.5,0.0,25.0,37.5,0.145,0.11,0.19,0.0,47.51,-10.01,0,0.0,苦手,C
5142,常住蓮,5,5,5,0.0,20.0,20.0,40.0,0.126,0.08,0.16,0.0,35.28,4.72,0,0.0,やや得意,C
5034,若林義人,1,1,8,87.5,12.5,0.0,100.0,0.113,0.03,0.23,12.5,85.37,14.63,0,0.0,得意,C
5020,宮村勇哉,2,2,6,0.0,0.0,0.0,0.0,0.137,0.02,0.18,0.0,57.15,-57.15,0,0.0,苦手,C
5172,田村慶,6,6,4,0.0,0.0,0.0,0.0,0.232,0.19,0.31,0.0,22.5,-22.5,0,0.0,少数参考,参考
5130,上野拓馬,3,3,4,0.0,0.0,25.0,25.0,0.152,0.09,0.22,0.0,55.75,-30.75,0,0.0,少数参考,参考
5112,砂長知輝,2,2,3,0.0,33.33,33.33,66.67,0.207,0.13,0.26,0.0,57.15,9.52,0,0.0,少数参考,参考
4989,石原翼,2,2,5,0.0,40.0,20.0,60.0,0.194,0.05,0.44,40.0,57.15,2.85,0,0.0,標準,C
5058,前原大道,3,3,10,10.0,30.0,0.0,40.0,0.126,0.06,0.23,20.0,55.75,-15.75,0,0.0,苦手,B
5090,生方靖亜,4,4,4,0.0,0.0,0.0,0.0,0.128,0.09,0.16,0.0,47.51,-47.51,0,0.0,少数参考,参考
5006,久保原秀人,4,4,4,25.0,0.0,0.0,25.0,0.115,0.07,0.15,50.0,47.51,-22.51,0,0.0,少数参考,参考
5090,生方靖亜,5,5,3,0.0,0.0,66.67,66.67,0.153,0.09,0.21,0.0,35.28,31.39,0,0.0,少数参考,参考
4989,石原翼,6,6,3,33.33,0.0,0.0,33.33,0.153,0.12,0.21,33.33,22.5,10.83,0,0.0,少数参考,参考
5112,砂長知輝,4,4,4,25.0,25.0,50.0,100.0,0.087,0.02,0.18,25.0,47.51,52.49,0,0.0,少数参考,参考
5028,原田才一郎,5,5,5,0.0,20.0,0.0,20.0,0.126,0.05,0.27,20.0,35.28,-15.28,0,0.0,苦手,C
5029,中亮太,4,4,6,16.67,66.67,0.0,83.33,0.085,0.04,0.13,66.67,47.51,35.82,0,0.0,得意,C
5142,常住蓮,3,3,3,33.33,33.33,0.0,66.67,0.13,0.09,0.21,0.0,55.75,10.92,0,0.0,少数参考,参考
5172,田村慶,4,4,4,0.0,0.0,25.0,25.0,0.217,0.12,0.31,0.0,47.51,-22.51,0,0.0,少数参考,参考
5091,為本智也,2,2,4,25.0,0.0,25.0,50.0,0.195,0.15,0.25,25.0,57.15,-7.15,0,0.0,少数参考,参考
4837,酒井陽祐,4,4,4,0.0,25.0,0.0,25.0,0.168,0.11,0.23,25.0,47.51,-22.51,0,0.0,少数参考,参考
4355,小川広大,6,6,4,0.0,0.0,0.0,0.0,0.19,0.14,0.23,0.0,22.5,-22.5,0,0.0,少数参考,参考
3604,武藤綾子,6,6,4,0.0,0.0,0.0,0.0,0.205,0.14,0.27,0.0,22.5,-22.5,0,0.0,少数参考,参考
5305,伊藤栞,6,6,11,0.0,0.0,0.0,0.0,0.22,0.16,0.32,0.0,22.5,-22.5,0,0.0,苦手,B
4331,三好勇人,3,3,4,25.0,25.0,25.0,75.0,0.122,0.1,0.15,25.0,55.75,19.25,0,0.0,少数参考,参考
5091,為本智也,4,4,3,0.0,0.0,33.33,33.33,0.097,0.04,0.19,33.33,47.51,-14.18,0,0.0,少数参考,参考
4356,長岡良也,6,5,4,25.0,0.0,0.0,25.0,0.125,0.06,0.16,25.0,35.28,-10.28,4,100.0,少数参考,参考
3872,岡田憲行,6,5,4,25.0,25.0,50.0,100.0,0.223,0.16,0.31,0.0,35.28,64.72,4,100.0,少数参考,参考
4099,吉永則雄,4,4,4,25.0,25.0,0.0,50.0,0.168,0.14,0.18,25.0,47.51,2.49,0,0.0,少数参考,参考
4892,柴田直哉,5,5,5,0.0,0.0,40.0,40.0,0.138,0.03,0.19,20.0,35.28,4.72,0,0.0,やや得意,C
5309,森雄利,6,6,16,0.0,0.0,0.0,0.0,0.184,0.02,0.34,25.0,22.5,-22.5,0,0.0,苦手,B
3604,武藤綾子,2,2,4,25.0,0.0,0.0,25.0,0.22,0.15,0.28,0.0,57.15,-32.15,0,0.0,少数参考,参考
5060,数原魁,6,6,3,0.0,0.0,0.0,0.0,0.223,0.16,0.26,0.0,22.5,-22.5,0,0.0,少数参考,参考
3473,石川真二,1,1,7,42.86,0.0,14.29,57.14,0.189,0.13,0.31,42.86,85.37,-28.23,0,0.0,苦手,C
4331,三好勇人,5,5,7,0.0,0.0,28.57,28.57,0.184,0.12,0.27,42.86,35.28,-6.71,0,0.0,標準,C
4356,長岡良也,3,3,8,12.5,25.0,37.5,75.0,0.116,0.03,0.2,12.5,55.75,19.25,0,0.0,得意,C
4984,森下愛梨,3,3,3,33.33,33.33,0.0,66.67,0.203,0.17,0.23,33.33,55.75,10.92,0,0.0,少数参考,参考
5060,数原魁,4,4,5,0.0,20.0,40.0,60.0,0.226,0.12,0.33,20.0,47.51,12.49,0,0.0,得意,C
4892,柴田直哉,3,3,7,14.29,28.57,14.29,57.14,0.157,0.11,0.25,57.14,55.75,1.39,0,0.0,標準,C
5305,伊藤栞,5,6,6,0.0,0.0,0.0,0.0,0.263,0.14,0.37,16.67,22.5,-22.5,6,100.0,苦手,C
4355,小川広大,1,1,4,75.0,0.0,25.0,100.0,0.118,0.01,0.26,50.0,85.37,14.63,0,0.0,少数参考,参考
4331,三好勇人,4,4,6,16.67,0.0,50.0,66.67,0.152,0.06,0.26,33.33,47.51,19.16,0,0.0,得意,C
5309,森雄利,5,6,8,0.0,0.0,0.0,0.0,0.113,0.05,0.17,50.0,22.5,-22.5,8,100.0,苦手,C
4356,長岡良也,2,2,4,25.0,0.0,0.0,25.0,0.128,0.05,0.16,50.0,57.15,-32.15,0,0.0,少数参考,参考
4099,吉永則雄,1,1,4,100.0,0.0,0.0,100.0,0.18,0.17,0.19,25.0,85.37,14.63,0,0.0,少数参考,参考
3604,武藤綾子,3,3,4,0.0,0.0,0.0,0.0,0.265,0.21,0.31,0.0,55.75,-55.75,0,0.0,少数参考,参考
4984,森下愛梨,5,5,4,0.0,0.0,50.0,50.0,0.228,0.05,0.31,0.0,35.28,14.72,0,0.0,少数参考,参考
4355,小川広大,3,3,6,0.0,33.33,16.67,50.0,0.185,0.11,0.28,0.0,55.75,-5.75,0,0.0,標準,C
4356,長岡良也,1,1,10,90.0,10.0,0.0,100.0,0.142,0.06,0.28,40.0,85.37,14.63,0,0.0,得意,B
3473,石川真二,2,2,5,0.0,20.0,20.0,40.0,0.178,0.11,0.29,0.0,57.15,-17.15,0,0.0,苦手,C
4892,柴田直哉,4,4,4,0.0,50.0,25.0,75.0,0.232,0.16,0.31,0.0,47.51,27.49,0,0.0,少数参考,参考
4892,柴田直哉,2,2,6,50.0,0.0,33.33,83.33,0.172,0.1,0.23,0.0,57.15,26.18,0,0.0,得意,C
4355,小川広大,4,4,6,0.0,16.67,16.67,33.33,0.193,0.09,0.31,16.67,47.51,-14.18,0,0.0,苦手,C
4984,森下愛梨,2,2,3,0.0,66.67,0.0,66.67,0.147,0.12,0.17,0.0,57.15,9.52,0,0.0,少数参考,参考
4331,三好勇人,1,1,6,83.33,0.0,16.67,100.0,0.107,0.04,0.16,66.67,85.37,14.63,0,0.0,得意,C
4892,柴田直哉,1,1,4,100.0,0.0,0.0,100.0,0.113,0.1,0.12,50.0,85.37,14.63,0,0.0,少数参考,参考
4099,吉永則雄,3,3,4,0.0,25.0,25.0,50.0,0.163,0.16,0.17,25.0,55.75,-5.75,0,0.0,少数参考,参考
5091,為本智也,6,6,5,0.0,0.0,60.0,60.0,0.15,0.07,0.24,20.0,22.5,37.5,0,0.0,得意,C
4356,長岡良也,4,4,9,11.11,22.22,22.22,55.56,0.139,0.02,0.25,11.11,47.51,8.05,0,0.0,得意,C
4331,三好勇人,2,2,7,0.0,57.14,14.29,71.43,0.154,0.11,0.25,28.57,57.15,14.28,0,0.0,得意,C
4102,益田啓司,6,5,3,0.0,33.33,33.33,66.67,0.143,0.1,0.2,33.33,35.28,31.39,3,100.0,少数参考,参考
4355,小川広大,5,5,4,0.0,25.0,0.0,25.0,0.193,0.15,0.25,0.0,35.28,-10.28,0,0.0,少数参考,参考
5060,数原魁,2,2,6,0.0,16.67,16.67,33.33,0.217,0.17,0.28,0.0,57.15,-23.82,0,0.0,苦手,C
5091,為本智也,1,1,4,75.0,0.0,0.0,75.0,0.195,0.11,0.34,75.0,85.37,-10.37,0,0.0,少数参考,参考
3473,石川真二,2,1,4,75.0,0.0,0.0,75.0,0.138,0.11,0.18,0.0,85.37,-10.37,4,100.0,少数参考,参考
4355,小川広大,2,2,4,0.0,25.0,50.0,75.0,0.227,0.18,0.29,0.0,57.15,17.85,0,0.0,少数参考,参考
4892,柴田直哉,6,6,4,0.0,0.0,50.0,50.0,0.175,0.14,0.21,0.0,22.5,27.5,0,0.0,少数参考,参考
3604,武藤綾子,1,1,4,25.0,25.0,0.0,50.0,0.2,0.15,0.26,25.0,85.37,-35.37,0,0.0,少数参考,参考
5060,数原魁,5,5,3,0.0,0.0,0.0,0.0,0.23,0.22,0.25,0.0,35.28,-35.28,0,0.0,少数参考,参考
5091,為本智也,5,5,5,0.0,20.0,0.0,20.0,0.11,0.03,0.23,40.0,35.28,-15.28,0,0.0,苦手,C
4843,深尾巴恵,6,6,3,0.0,0.0,0.0,0.0,0.17,0.07,0.28,33.33,22.5,-22.5,0,0.0,少数参考,参考
3604,武藤綾子,4,4,4,0.0,25.0,0.0,25.0,0.253,0.22,0.32,0.0,47.51,-22.51,0,0.0,少数参考,参考
4925,森悠稀,4,4,5,0.0,40.0,40.0,80.0,0.106,0.04,0.24,20.0,47.51,32.49,0,0.0,得意,C
4984,森下愛梨,6,6,3,0.0,33.33,0.0,33.33,0.213,0.18,0.24,33.33,22.5,10.83,0,0.0,少数参考,参考
5091,為本智也,3,3,3,0.0,100.0,0.0,100.0,0.133,0.01,0.26,33.33,55.75,44.25,0,0.0,少数参考,参考
5336,瀬川大地,6,6,37,0.0,0.0,0.0,0.0,0.209,0.08,0.39,2.7,22.5,-22.5,0,0.0,苦手,A
5158,宮脇遼太,4,4,6,33.33,33.33,0.0,66.67,0.133,0.06,0.18,50.0,47.51,19.16,0,0.0,得意,C
3708,岡部貴司,6,6,4,0.0,25.0,25.0,50.0,0.172,0.13,0.21,0.0,22.5,27.5,0,0.0,少数参考,参考
3708,岡部貴司,2,2,6,0.0,16.67,50.0,66.67,0.133,0.09,0.16,33.33,57.15,9.52,0,0.0,得意,C
5158,宮脇遼太,2,2,9,11.11,22.22,22.22,55.56,0.213,0.13,0.27,0.0,57.15,-1.59,0,0.0,標準,C
5231,寺田空詩,2,2,13,15.38,38.46,23.08,76.92,0.159,0.08,0.31,15.38,57.15,19.77,0,0.0,得意,B
5158,宮脇遼太,5,5,10,0.0,10.0,10.0,20.0,0.124,0.05,0.19,20.0,35.28,-15.28,0,0.0,苦手,B
3708,岡部貴司,1,1,3,33.33,66.67,0.0,100.0,0.127,0.08,0.19,66.67,85.37,14.63,0,0.0,少数参考,参考
5158,宮脇遼太,3,3,6,16.67,16.67,0.0,33.33,0.132,0.04,0.28,50.0,55.75,-22.42,0,0.0,苦手,C
3708,岡部貴司,3,3,5,0.0,60.0,20.0,80.0,0.14,0.11,0.21,20.0,55.75,24.25,0,0.0,得意,C
5231,寺田空詩,3,3,16,18.75,25.0,43.75,87.5,0.161,0.02,0.25,12.5,55.75,31.75,0,0.0,得意,B
5146,野田彩加,4,5,3,0.0,33.33,33.33,66.67,0.283,0.11,0.43,0.0,35.28,31.39,3,100.0,少数参考,参考
4574,東潤樹,3,3,6,0.0,33.33,0.0,33.33,0.152,0.08,0.22,16.67,55.75,-22.42,0,0.0,苦手,C
3708,岡部貴司,5,5,5,0.0,0.0,0.0,0.0,0.146,0.09,0.19,0.0,35.28,-35.28,0,0.0,苦手,C
3731,高濱芳久,6,4,4,25.0,25.0,0.0,50.0,0.152,0.06,0.27,25.0,47.51,2.49,4,100.0,少数参考,参考
5158,宮脇遼太,6,6,8,0.0,12.5,25.0,37.5,0.147,0.09,0.19,12.5,22.5,15.0,0,0.0,得意,C
5231,寺田空詩,1,1,16,81.25,12.5,6.25,100.0,0.117,0.03,0.24,43.75,85.37,14.63,0,0.0,得意,B
5146,野田彩加,1,2,3,66.67,33.33,0.0,100.0,0.123,0.1,0.14,0.0,57.15,42.85,3,100.0,少数参考,参考
5152,丸山祐也,1,1,3,66.67,0.0,33.33,100.0,0.18,0.07,0.29,33.33,85.37,14.63,0,0.0,少数参考,参考
5158,宮脇遼太,1,1,6,50.0,0.0,0.0,50.0,0.152,0.07,0.3,50.0,85.37,-35.37,0,0.0,苦手,C
5152,丸山祐也,6,6,4,0.0,0.0,0.0,0.0,0.21,0.13,0.28,0.0,22.5,-22.5,0,0.0,少数参考,参考
3458,東健介,2,2,7,14.29,14.29,0.0,28.57,0.167,0.13,0.23,28.57,57.15,-28.58,0,0.0,苦手,C
5214,田中宏典,4,4,9,0.0,0.0,44.44,44.44,0.196,0.07,0.32,0.0,47.51,-3.07,0,0.0,標準,C
4899,占部一真,2,2,13,15.38,15.38,15.38,46.15,0.139,0.06,0.21,7.69,57.15,-11.0,0,0.0,苦手,B
4123,細川裕子,6,6,5,0.0,0.0,0.0,0.0,0.158,0.13,0.21,0.0,22.5,-22.5,0,0.0,苦手,C
4798,浜先真範,5,5,4,25.0,25.0,0.0,50.0,0.075,0.01,0.11,25.0,35.28,14.72,0,0.0,少数参考,参考
5109,川崎智稔,6,6,3,0.0,0.0,0.0,0.0,0.157,0.07,0.24,0.0,22.5,-22.5,0,0.0,少数参考,参考
5324,畑田希咲,6,6,10,0.0,0.0,0.0,0.0,0.219,0.11,0.39,10.0,22.5,-22.5,0,0.0,苦手,B
3458,東健介,6,6,7,0.0,0.0,14.29,14.29,0.176,0.01,0.32,28.57,22.5,-8.21,0,0.0,標準,C
4917,岩橋裕馬,6,6,3,0.0,33.33,0.0,33.33,0.12,0.08,0.17,33.33,22.5,10.83,0,0.0,少数参考,参考
4798,浜先真範,1,1,7,57.14,28.57,14.29,100.0,0.154,0.11,0.21,14.29,85.37,14.63,0,0.0,得意,C
5109,川崎智稔,2,2,5,0.0,40.0,40.0,80.0,0.136,0.02,0.25,20.0,57.15,22.85,0,0.0,得意,C
5109,川崎智稔,1,1,3,0.0,33.33,33.33,66.67,0.203,0.16,0.24,0.0,85.37,-18.7,0,0.0,少数参考,参考
4917,岩橋裕馬,2,2,6,16.67,0.0,0.0,16.67,0.178,0.12,0.25,0.0,57.15,-40.48,0,0.0,苦手,C
4381,田路朋史,6,5,3,0.0,33.33,33.33,66.67,0.153,0.13,0.18,33.33,35.28,31.39,3,100.0,少数参考,参考
5013,山下夏鈴,1,1,4,25.0,25.0,0.0,50.0,0.225,0.11,0.33,25.0,85.37,-35.37,0,0.0,少数参考,参考
5324,畑田希咲,5,6,7,0.0,0.0,0.0,0.0,0.207,0.08,0.35,14.29,22.5,-22.5,7,100.0,苦手,C
3458,東健介,3,3,11,9.09,27.27,9.09,45.45,0.125,0.05,0.25,18.18,55.75,-10.3,0,0.0,苦手,B
4906,鈴木雅希,4,4,3,33.33,66.67,0.0,100.0,0.103,0.08,0.12,66.67,47.51,52.49,0,0.0,少数参考,参考
5109,川崎智稔,4,4,3,33.33,0.0,0.0,33.33,0.063,0.01,0.12,66.67,47.51,-14.18,0,0.0,少数参考,参考
5013,山下夏鈴,3,3,5,0.0,0.0,0.0,0.0,0.186,0.12,0.27,0.0,55.75,-55.75,0,0.0,苦手,C
4899,占部一真,4,4,8,0.0,12.5,0.0,12.5,0.186,0.11,0.34,12.5,47.51,-35.01,0,0.0,苦手,C
4917,岩橋裕馬,5,5,7,0.0,0.0,42.86,42.86,0.156,0.11,0.23,14.29,35.28,7.58,0,0.0,やや得意,C
5240,高橋龍治,2,2,3,0.0,33.33,0.0,33.33,0.153,0.14,0.17,33.33,57.15,-23.82,0,0.0,少数参考,参考
3458,東健介,1,1,7,57.14,14.29,0.0,71.43,0.177,0.08,0.3,28.57,85.37,-13.94,0,0.0,得意,C
4798,浜先真範,2,2,7,28.57,14.29,0.0,42.86,0.141,0.11,0.18,0.0,57.15,-14.29,0,0.0,苦手,C
4917,岩橋裕馬,1,1,3,33.33,0.0,33.33,66.67,0.14,0.08,0.18,0.0,85.37,-18.7,0,0.0,少数参考,参考
5265,大廣咲季,5,5,4,0.0,0.0,25.0,25.0,0.128,0.08,0.17,0.0,35.28,-10.28,0,0.0,少数参考,参考
5214,田中宏典,2,2,6,16.67,16.67,33.33,66.67,0.19,0.13,0.26,0.0,57.15,9.52,0,0.0,得意,C
4899,占部一真,3,3,8,12.5,37.5,0.0,50.0,0.151,0.03,0.23,25.0,55.75,-5.75,0,0.0,標準,C
3458,東健介,5,5,6,0.0,16.67,0.0,16.67,0.147,0.1,0.16,16.67,35.28,-18.61,0,0.0,苦手,C
5012,加倉侑征,3,3,7,14.29,14.29,0.0,28.57,0.156,0.09,0.28,28.57,55.75,-27.18,0,0.0,苦手,C
5109,川崎智稔,5,5,4,0.0,75.0,0.0,75.0,0.147,0.08,0.19,100.0,35.28,39.72,0,0.0,少数参考,参考
3458,東健介,4,4,8,0.0,0.0,25.0,25.0,0.185,0.11,0.27,25.0,47.51,-22.51,0,0.0,苦手,C
5277,井上未都,5,5,8,0.0,37.5,0.0,37.5,0.184,0.09,0.29,12.5,35.28,2.22,0,0.0,標準,C
4906,鈴木雅希,3,3,4,0.0,25.0,50.0,75.0,0.19,0.16,0.23,25.0,55.75,19.25,0,0.0,少数参考,参考
5013,山下夏鈴,2,2,4,25.0,50.0,25.0,100.0,0.13,0.08,0.18,50.0,57.15,42.85,0,0.0,少数参考,参考
4917,岩橋裕馬,3,3,5,0.0,0.0,80.0,80.0,0.158,0.07,0.24,40.0,55.75,24.25,0,0.0,得意,C
4906,鈴木雅希,5,5,3,0.0,0.0,0.0,0.0,0.243,0.16,0.31,33.33,35.28,-35.28,0,0.0,少数参考,参考
5012,加倉侑征,4,4,7,0.0,28.57,14.29,42.86,0.157,0.02,0.35,28.57,47.51,-4.65,0,0.0,標準,C
5012,加倉侑征,2,2,5,20.0,20.0,0.0,40.0,0.178,0.09,0.32,40.0,57.15,-17.15,0,0.0,苦手,C
5243,三馬崇史,4,4,4,0.0,0.0,0.0,0.0,0.145,0.11,0.18,25.0,47.51,-47.51,0,0.0,少数参考,参考
4006,小野勇作,6,6,5,0.0,0.0,60.0,60.0,0.174,0.15,0.22,0.0,22.5,37.5,0,0.0,得意,C
4784,向井田真紀,2,2,5,0.0,40.0,40.0,80.0,0.17,0.09,0.29,20.0,57.15,22.85,0,0.0,得意,C
4969,町田洸希,4,4,4,0.0,25.0,0.0,25.0,0.223,0.11,0.32,0.0,47.51,-22.51,0,0.0,少数参考,参考
4056,小西英輝,5,5,6,0.0,0.0,33.33,33.33,0.165,0.11,0.24,16.67,35.28,-1.95,0,0.0,標準,C
5210,藤井公人,3,3,7,0.0,42.86,14.29,57.14,0.24,0.12,0.51,0.0,55.75,1.39,0,0.0,標準,C
5251,沼田七華,6,6,8,0.0,0.0,0.0,0.0,0.168,0.04,0.36,37.5,22.5,-22.5,0,0.0,苦手,C
4539,金子賢志,2,2,6,0.0,50.0,33.33,83.33,0.155,0.11,0.21,16.67,57.15,26.18,0,0.0,得意,C
5232,樅山拓馬,4,4,4,50.0,25.0,0.0,75.0,0.118,0.05,0.19,25.0,47.51,27.49,0,0.0,少数参考,参考
4491,田中堅,4,4,4,0.0,0.0,25.0,25.0,0.158,0.1,0.25,25.0,47.51,-22.51,0,0.0,少数参考,参考
5317,長尾萌加,6,6,10,0.0,0.0,10.0,10.0,0.209,0.07,0.41,0.0,22.5,-12.5,0,0.0,苦手,B
4056,小西英輝,2,2,9,0.0,22.22,11.11,33.33,0.177,0.09,0.34,22.22,57.15,-23.82,0,0.0,苦手,C
5197,中野仁照,3,3,7,28.57,28.57,0.0,57.14,0.151,0.11,0.19,42.86,55.75,1.39,0,0.0,標準,C
5243,三馬崇史,6,6,4,0.0,0.0,0.0,0.0,0.223,0.18,0.28,0.0,22.5,-22.5,0,0.0,少数参考,参考
5210,藤井公人,5,5,4,0.0,0.0,25.0,25.0,0.15,0.08,0.21,50.0,35.28,-10.28,0,0.0,少数参考,参考
5232,樅山拓馬,2,2,4,0.0,25.0,25.0,50.0,0.168,0.13,0.24,0.0,57.15,-7.15,0,0.0,少数参考,参考
4006,小野勇作,2,2,7,14.29,42.86,28.57,85.71,0.171,0.06,0.24,14.29,57.15,28.56,0,0.0,得意,C
4969,町田洸希,5,5,3,0.0,0.0,33.33,33.33,0.183,0.15,0.25,33.33,35.28,-1.95,0,0.0,少数参考,参考
4539,金子賢志,6,6,7,0.0,0.0,0.0,0.0,0.143,0.11,0.24,57.14,22.5,-22.5,0,0.0,苦手,C
5197,中野仁照,2,2,5,40.0,0.0,40.0,80.0,0.1,0.06,0.18,40.0,57.15,22.85,0,0.0,得意,C
5251,沼田七華,4,6,3,0.0,0.0,0.0,0.0,0.3,0.12,0.46,0.0,22.5,-22.5,3,100.0,少数参考,参考
5317,長尾萌加,5,6,3,0.0,0.0,0.0,0.0,0.213,0.07,0.31,33.33,22.5,-22.5,3,100.0,少数参考,参考
4006,小野勇作,3,3,4,25.0,0.0,25.0,50.0,0.175,0.13,0.22,25.0,55.75,-5.75,0,0.0,少数参考,参考
5210,藤井公人,2,2,5,20.0,40.0,20.0,80.0,0.176,0.15,0.2,0.0,57.15,22.85,0,0.0,得意,C
3282,池本輝明,4,4,4,0.0,0.0,0.0,0.0,0.16,0.12,0.21,25.0,47.51,-47.51,0,0.0,少数参考,参考
4006,小野勇作,1,1,5,20.0,40.0,0.0,60.0,0.16,0.14,0.19,0.0,85.37,-25.37,0,0.0,苦手,C
5227,川原愛未,3,3,3,0.0,0.0,0.0,0.0,0.17,0.1,0.25,0.0,55.75,-55.75,0,0.0,少数参考,参考
4415,下出卓矢,4,4,3,66.67,0.0,0.0,66.67,0.147,0.12,0.17,33.33,47.51,19.16,0,0.0,少数参考,参考
5232,樅山拓馬,5,5,3,0.0,33.33,33.33,66.67,0.17,0.11,0.21,33.33,35.28,31.39,0,0.0,少数参考,参考
4539,金子賢志,1,1,9,66.67,33.33,0.0,100.0,0.169,0.13,0.25,11.11,85.37,14.63,0,0.0,得意,C
4969,町田洸希,2,2,3,0.0,0.0,33.33,33.33,0.16,0.09,0.2,0.0,57.15,-23.82,0,0.0,少数参考,参考
4276,鈴木勝博,4,4,3,33.33,33.33,33.33,100.0,0.11,0.09,0.13,66.67,47.51,52.49,0,0.0,少数参考,参考
5197,中野仁照,5,5,7,14.29,14.29,28.57,57.14,0.177,0.09,0.33,14.29,35.28,21.86,0,0.0,得意,C
4784,向井田真紀,4,4,4,0.0,25.0,0.0,25.0,0.165,0.11,0.22,50.0,47.51,-22.51,0,0.0,少数参考,参考
4539,金子賢志,5,5,7,0.0,28.57,0.0,28.57,0.123,0.06,0.17,42.86,35.28,-6.71,0,0.0,標準,C
4277,金田大輔,1,1,6,50.0,16.67,16.67,83.33,0.145,0.0,0.24,33.33,85.37,-2.04,0,0.0,得意,C
5243,三馬崇史,5,5,6,0.0,0.0,16.67,16.67,0.157,0.1,0.26,0.0,35.28,-18.61,0,0.0,苦手,C
4056,小西英輝,6,6,5,0.0,20.0,20.0,40.0,0.148,0.01,0.25,40.0,22.5,17.5,0,0.0,得意,C
4784,向井田真紀,1,1,3,66.67,0.0,0.0,66.67,0.133,0.06,0.18,0.0,85.37,-18.7,0,0.0,少数参考,参考
4006,小野勇作,4,4,3,0.0,33.33,33.33,66.67,0.14,0.11,0.16,33.33,47.51,19.16,0,0.0,少数参考,参考
3470,新田芳美,5,5,3,0.0,0.0,66.67,66.67,0.18,0.16,0.21,33.33,35.28,31.39,0,0.0,少数参考,参考
5232,樅山拓馬,3,3,5,0.0,20.0,20.0,40.0,0.11,0.03,0.15,20.0,55.75,-15.75,0,0.0,苦手,C
5197,中野仁照,6,6,4,0.0,25.0,25.0,50.0,0.105,0.06,0.14,25.0,22.5,27.5,0,0.0,少数参考,参考
4784,向井田真紀,3,3,4,25.0,0.0,75.0,100.0,0.15,0.08,0.18,50.0,55.75,44.25,0,0.0,少数参考,参考
3282,池本輝明,3,3,3,0.0,0.0,33.33,33.33,0.163,0.15,0.18,0.0,55.75,-22.42,0,0.0,少数参考,参考
5210,藤井公人,4,4,4,0.0,0.0,25.0,25.0,0.165,0.11,0.22,0.0,47.51,-22.51,0,0.0,少数参考,参考
4539,金子賢志,3,3,9,0.0,44.44,11.11,55.56,0.14,0.05,0.22,11.11,55.75,-0.19,0,0.0,標準,C
5197,中野仁照,1,1,5,80.0,0.0,20.0,100.0,0.136,0.09,0.17,60.0,85.37,14.63,0,0.0,得意,C
5227,川原愛未,5,5,6,0.0,0.0,0.0,0.0,0.175,0.11,0.28,16.67,35.28,-35.28,0,0.0,苦手,C
3435,寺田千恵,6,6,3,0.0,33.33,0.0,33.33,0.12,0.04,0.18,33.33,22.5,10.83,0,0.0,少数参考,参考
5197,中野仁照,4,4,7,42.86,28.57,0.0,71.43,0.106,0.02,0.18,85.71,47.51,23.92,0,0.0,得意,C
4006,小野勇作,5,5,6,0.0,16.67,33.33,50.0,0.168,0.11,0.21,0.0,35.28,14.72,0,0.0,得意,C
4539,金子賢志,4,4,8,37.5,0.0,12.5,50.0,0.128,0.04,0.24,50.0,47.51,2.49,0,0.0,標準,C
4784,向井田真紀,5,5,5,0.0,0.0,0.0,0.0,0.142,0.03,0.2,20.0,35.28,-35.28,0,0.0,苦手,C
3470,新田芳美,6,6,3,33.33,0.0,0.0,33.33,0.157,0.11,0.22,0.0,22.5,10.83,0,0.0,少数参考,参考
4491,田中堅,1,1,3,0.0,33.33,33.33,66.67,0.2,0.18,0.22,0.0,85.37,-18.7,0,0.0,少数参考,参考
4277,金田大輔,6,6,4,0.0,25.0,0.0,25.0,0.168,0.11,0.23,25.0,22.5,2.5,0,0.0,少数参考,参考
5251,沼田七華,5,5,3,0.0,0.0,0.0,0.0,0.233,0.15,0.4,0.0,35.28,-35.28,0,0.0,少数参考,参考
4445,宮地元輝,3,3,5,20.0,0.0,20.0,40.0,0.13,0.05,0.22,60.0,55.75,-15.75,0,0.0,苦手,C
4787,椎名豊,3,3,3,33.33,0.0,0.0,33.33,0.117,0.07,0.17,33.33,55.75,-22.42,0,0.0,少数参考,参考
3388,今垣光太郎,5,5,3,0.0,0.0,0.0,0.0,0.143,0.12,0.16,0.0,35.28,-35.28,0,0.0,少数参考,参考
3996,秋山直之,1,1,4,100.0,0.0,0.0,100.0,0.135,0.09,0.18,50.0,85.37,14.63,0,0.0,少数参考,参考
3415,松井繁,4,4,6,0.0,16.67,16.67,33.33,0.145,0.11,0.21,0.0,47.51,-14.18,0,0.0,苦手,C
4075,中野次郎,1,1,5,100.0,0.0,0.0,100.0,0.134,0.1,0.19,20.0,85.37,14.63,0,0.0,得意,C
3956,横澤剛治,4,4,5,0.0,0.0,20.0,20.0,0.162,0.1,0.22,40.0,47.51,-27.51,0,0.0,苦手,C
3388,今垣光太郎,3,3,8,37.5,12.5,25.0,75.0,0.155,0.07,0.28,37.5,55.75,19.25,0,0.0,得意,C
3719,辻栄蔵,1,1,6,50.0,33.33,0.0,83.33,0.168,0.04,0.25,50.0,85.37,-2.04,0,0.0,得意,C
3415,松井繁,3,3,6,0.0,33.33,50.0,83.33,0.155,0.12,0.22,0.0,55.75,27.58,0,0.0,得意,C
4337,平本真之,5,5,3,0.0,0.0,0.0,0.0,0.143,0.11,0.21,0.0,35.28,-35.28,0,0.0,少数参考,参考
3719,辻栄蔵,4,4,6,0.0,16.67,16.67,33.33,0.177,0.09,0.23,0.0,47.51,-14.18,0,0.0,苦手,C
4933,板橋侑我,2,2,5,20.0,0.0,20.0,40.0,0.158,0.08,0.22,0.0,57.15,-17.15,0,0.0,苦手,C
4075,中野次郎,4,4,3,0.0,66.67,0.0,66.67,0.1,0.05,0.17,66.67,47.51,19.16,0,0.0,少数参考,参考
4787,椎名豊,5,5,3,0.0,0.0,33.33,33.33,0.11,0.09,0.13,33.33,35.28,-1.95,0,0.0,少数参考,参考
4262,馬場貴也,5,5,5,0.0,0.0,40.0,40.0,0.138,0.07,0.22,40.0,35.28,4.72,0,0.0,やや得意,C
3996,秋山直之,6,6,3,33.33,0.0,66.67,100.0,0.223,0.17,0.28,0.0,22.5,77.5,0,0.0,少数参考,参考
4787,椎名豊,1,1,6,33.33,16.67,0.0,50.0,0.175,0.05,0.29,16.67,85.37,-35.37,0,0.0,苦手,C
3996,秋山直之,2,2,3,0.0,33.33,33.33,66.67,0.137,0.11,0.17,0.0,57.15,9.52,0,0.0,少数参考,参考
4075,中野次郎,6,6,3,0.0,0.0,0.0,0.0,0.177,0.15,0.2,0.0,22.5,-22.5,0,0.0,少数参考,参考
3719,辻栄蔵,5,5,4,0.0,0.0,25.0,25.0,0.16,0.07,0.21,0.0,35.28,-10.28,0,0.0,少数参考,参考
3415,松井繁,1,1,10,70.0,20.0,0.0,90.0,0.159,0.12,0.21,10.0,85.37,4.63,0,0.0,得意,B
3388,今垣光太郎,2,2,4,25.0,25.0,50.0,100.0,0.175,0.09,0.27,0.0,57.15,42.85,0,0.0,少数参考,参考
3956,横澤剛治,6,6,3,0.0,0.0,33.33,33.33,0.21,0.1,0.33,0.0,22.5,10.83,0,0.0,少数参考,参考
4290,稲田浩二,2,2,5,20.0,20.0,0.0,40.0,0.102,0.01,0.15,40.0,57.15,-17.15,0,0.0,苦手,C
3780,魚谷智之,5,5,3,33.33,0.0,33.33,66.67,0.117,0.11,0.13,0.0,35.28,31.39,0,0.0,少数参考,参考
4787,椎名豊,2,2,5,20.0,60.0,0.0,80.0,0.132,0.12,0.15,0.0,57.15,22.85,0,0.0,得意,C
3388,今垣光太郎,6,5,4,0.0,50.0,0.0,50.0,0.242,0.12,0.37,25.0,35.28,14.72,4,100.0,少数参考,参考
3783,瓜生正義,1,1,4,75.0,25.0,0.0,100.0,0.115,0.07,0.15,50.0,85.37,14.63,0,0.0,少数参考,参考
3556,田中信一郎,6,6,3,0.0,0.0,0.0,0.0,0.18,0.13,0.23,33.33,22.5,-22.5,0,0.0,少数参考,参考
4337,平本真之,1,1,4,50.0,25.0,25.0,100.0,0.135,0.12,0.16,0.0,85.37,14.63,0,0.0,少数参考,参考
3415,松井繁,2,2,6,0.0,16.67,50.0,66.67,0.122,0.09,0.18,0.0,57.15,9.52,0,0.0,得意,C
4528,黒井達矢,3,3,3,0.0,0.0,66.67,66.67,0.1,0.07,0.12,33.33,55.75,10.92,0,0.0,少数参考,参考
4075,中野次郎,5,5,5,0.0,20.0,0.0,20.0,0.13,0.08,0.19,0.0,35.28,-15.28,0,0.0,苦手,C
3719,辻栄蔵,2,2,5,0.0,40.0,20.0,60.0,0.15,0.12,0.19,0.0,57.15,2.85,0,0.0,標準,C
4787,椎名豊,4,4,4,25.0,0.0,25.0,50.0,0.147,0.08,0.21,25.0,47.51,2.49,0,0.0,少数参考,参考
4337,平本真之,6,6,3,0.0,0.0,0.0,0.0,0.163,0.14,0.18,0.0,22.5,-22.5,0,0.0,少数参考,参考
3388,今垣光太郎,6,6,4,0.0,0.0,50.0,50.0,0.158,0.09,0.24,0.0,22.5,27.5,0,0.0,少数参考,参考
4337,平本真之,4,4,3,0.0,66.67,0.0,66.67,0.15,0.08,0.21,33.33,47.51,19.16,0,0.0,少数参考,参考
4444,桐生順平,5,5,4,0.0,25.0,50.0,75.0,0.175,0.15,0.22,0.0,35.28,39.72,0,0.0,少数参考,参考
3719,辻栄蔵,6,6,5,0.0,20.0,20.0,40.0,0.206,0.11,0.26,0.0,22.5,17.5,0,0.0,得意,C
3780,魚谷智之,2,2,3,33.33,0.0,33.33,66.67,0.23,0.12,0.32,0.0,57.15,9.52,0,0.0,少数参考,参考
4787,椎名豊,6,6,9,0.0,55.56,22.22,77.78,0.16,0.05,0.24,33.33,22.5,55.28,0,0.0,得意,C
3415,松井繁,5,5,5,0.0,40.0,20.0,60.0,0.178,0.15,0.21,0.0,35.28,24.72,0,0.0,得意,C
4444,桐生順平,3,3,3,0.0,33.33,33.33,66.67,0.147,0.13,0.17,0.0,55.75,10.92,0,0.0,少数参考,参考
4013,中島孝平,3,3,3,0.0,0.0,33.33,33.33,0.13,0.07,0.19,0.0,55.75,-22.42,0,0.0,少数参考,参考
3783,瓜生正義,4,4,3,33.33,0.0,0.0,33.33,0.117,0.05,0.16,66.67,47.51,-14.18,0,0.0,少数参考,参考
3897,白井英治,5,5,8,12.5,0.0,25.0,37.5,0.121,0.03,0.21,12.5,35.28,2.22,0,0.0,標準,C
3388,今垣光太郎,4,4,4,25.0,0.0,25.0,50.0,0.128,0.07,0.17,25.0,47.51,2.49,0,0.0,少数参考,参考
5223,森清友翔,3,3,5,20.0,20.0,0.0,40.0,0.156,0.09,0.24,0.0,55.75,-15.75,0,0.0,苦手,C
4035,杉江浩明,6,6,3,0.0,33.33,0.0,33.33,0.207,0.15,0.24,0.0,22.5,10.83,0,0.0,少数参考,参考
4151,下河誉史,5,4,3,0.0,0.0,0.0,0.0,0.177,0.11,0.28,0.0,47.51,-47.51,3,100.0,少数参考,参考
3891,谷口健一,2,2,3,0.0,0.0,33.33,33.33,0.18,0.08,0.27,66.67,57.15,-23.82,0,0.0,少数参考,参考
5291,三嶌こころ,6,6,8,0.0,0.0,0.0,0.0,0.253,0.12,0.34,0.0,22.5,-22.5,0,0.0,苦手,C
5264,登みひ果,6,6,8,0.0,12.5,0.0,12.5,0.205,0.11,0.62,12.5,22.5,-10.0,0,0.0,苦手,C
5200,筒井美琴,2,2,4,0.0,0.0,0.0,0.0,0.185,0.07,0.29,0.0,57.15,-57.15,0,0.0,少数参考,参考
4035,杉江浩明,3,3,4,50.0,25.0,25.0,100.0,0.19,0.14,0.26,25.0,55.75,44.25,0,0.0,少数参考,参考
4750,井上尚悟,5,5,5,0.0,40.0,0.0,40.0,0.236,0.18,0.28,0.0,35.28,4.72,0,0.0,やや得意,C
4797,中山将,3,4,3,33.33,33.33,33.33,100.0,0.153,0.13,0.19,0.0,47.51,52.49,3,100.0,少数参考,参考
5291,三嶌こころ,5,6,4,0.0,0.0,25.0,25.0,0.22,0.17,0.26,0.0,22.5,2.5,4,100.0,少数参考,参考
4630,岩永雅人,6,6,4,0.0,25.0,25.0,50.0,0.135,0.09,0.19,25.0,22.5,27.5,0,0.0,少数参考,参考
5223,森清友翔,2,2,7,28.57,14.29,28.57,71.43,0.18,0.12,0.24,14.29,57.15,14.28,0,0.0,得意,C
4527,高野心吾,3,3,4,25.0,25.0,25.0,75.0,0.158,0.11,0.19,50.0,55.75,19.25,0,0.0,少数参考,参考
3730,塩崎優司,2,2,3,0.0,33.33,33.33,66.67,0.2,0.15,0.24,0.0,57.15,9.52,0,0.0,少数参考,参考
4273,佐藤旭,5,5,5,0.0,20.0,20.0,40.0,0.218,0.13,0.35,0.0,35.28,4.72,0,0.0,やや得意,C
5200,筒井美琴,6,6,3,0.0,0.0,0.0,0.0,0.18,0.15,0.21,0.0,22.5,-22.5,0,0.0,少数参考,参考
5004,河野主樹,4,4,3,0.0,0.0,33.33,33.33,0.123,0.07,0.15,33.33,47.51,-14.18,0,0.0,少数参考,参考
5173,谷口佳蓮,5,5,8,0.0,37.5,12.5,50.0,0.156,0.08,0.28,12.5,35.28,14.72,0,0.0,得意,C
4750,井上尚悟,3,3,4,0.0,25.0,0.0,25.0,0.168,0.06,0.31,25.0,55.75,-30.75,0,0.0,少数参考,参考
4630,岩永雅人,4,4,4,0.0,50.0,25.0,75.0,0.138,0.08,0.2,50.0,47.51,27.49,0,0.0,少数参考,参考
4035,杉江浩明,4,4,5,0.0,0.0,20.0,20.0,0.216,0.14,0.28,0.0,47.51,-27.51,0,0.0,苦手,C
5173,谷口佳蓮,4,4,7,28.57,14.29,14.29,57.14,0.164,0.11,0.22,14.29,47.51,9.63,0,0.0,得意,C
5223,森清友翔,5,5,5,20.0,20.0,0.0,40.0,0.258,0.07,0.44,20.0,35.28,4.72,0,0.0,やや得意,C
4035,杉江浩明,1,1,3,33.33,0.0,0.0,33.33,0.137,0.12,0.15,0.0,85.37,-52.04,0,0.0,少数参考,参考
4630,岩永雅人,1,1,4,50.0,0.0,25.0,75.0,0.16,0.13,0.18,0.0,85.37,-10.37,0,0.0,少数参考,参考
5173,谷口佳蓮,2,2,8,0.0,0.0,62.5,62.5,0.193,0.13,0.27,0.0,57.15,5.35,0,0.0,やや得意,C
4750,井上尚悟,4,4,4,0.0,0.0,0.0,0.0,0.188,0.15,0.23,0.0,47.51,-47.51,0,0.0,少数参考,参考
4260,中越博紀,2,2,10,0.0,50.0,10.0,60.0,0.197,0.14,0.35,0.0,57.15,2.85,0,0.0,標準,B
3891,谷口健一,3,3,3,0.0,0.0,0.0,0.0,0.127,0.09,0.17,0.0,55.75,-55.75,0,0.0,少数参考,参考
4750,井上尚悟,2,2,5,0.0,20.0,20.0,40.0,0.168,0.11,0.23,0.0,57.15,-17.15,0,0.0,苦手,C
5173,谷口佳蓮,1,1,6,50.0,16.67,0.0,66.67,0.125,0.09,0.19,16.67,85.37,-18.7,0,0.0,得意,C
5223,森清友翔,1,1,3,0.0,33.33,0.0,33.33,0.15,0.13,0.17,33.33,85.37,-52.04,0,0.0,少数参考,参考
5291,三嶌こころ,5,5,7,0.0,0.0,0.0,0.0,0.114,0.01,0.18,14.29,35.28,-35.28,0,0.0,苦手,C
4630,岩永雅人,3,3,3,33.33,33.33,33.33,100.0,0.093,0.05,0.14,0.0,55.75,44.25,0,0.0,少数参考,参考
4583,古田祐貴,4,5,3,0.0,0.0,33.33,33.33,0.143,0.1,0.17,0.0,35.28,-1.95,3,100.0,少数参考,参考
4732,堀本和也,5,4,3,0.0,33.33,0.0,33.33,0.153,0.08,0.24,66.67,47.51,-14.18,3,100.0,少数参考,参考
4035,杉江浩明,2,2,6,0.0,33.33,33.33,66.67,0.197,0.16,0.24,0.0,57.15,9.52,0,0.0,得意,C
5173,谷口佳蓮,6,6,9,0.0,0.0,22.22,22.22,0.159,0.06,0.33,33.33,22.5,-0.28,0,0.0,標準,C
4618,乃村康友,3,3,3,0.0,66.67,33.33,100.0,0.16,0.12,0.21,0.0,55.75,44.25,0,0.0,少数参考,参考
4035,杉江浩明,5,5,5,0.0,20.0,0.0,20.0,0.222,0.11,0.29,0.0,35.28,-15.28,0,0.0,苦手,C
5173,谷口佳蓮,3,3,5,20.0,20.0,0.0,40.0,0.142,0.06,0.27,20.0,55.75,-15.75,0,0.0,苦手,C
5085,中村栄治,4,4,6,0.0,16.67,50.0,66.67,0.16,0.11,0.19,16.67,47.51,19.16,0,0.0,得意,C
4866,橋本英一,4,4,3,0.0,0.0,0.0,0.0,0.24,0.14,0.36,0.0,47.51,-47.51,0,0.0,少数参考,参考
4090,中村尊,6,6,4,0.0,0.0,25.0,25.0,0.122,0.09,0.14,25.0,22.5,2.5,0,0.0,少数参考,参考
3412,鈴木博,1,1,4,100.0,0.0,0.0,100.0,0.118,0.0,0.2,25.0,85.37,14.63,0,0.0,少数参考,参考
3905,天野友和,6,6,4,0.0,0.0,50.0,50.0,0.13,0.08,0.16,0.0,22.5,27.5,0,0.0,少数参考,参考
5085,中村栄治,3,3,6,0.0,16.67,0.0,16.67,0.222,0.07,0.31,0.0,55.75,-39.08,0,0.0,苦手,C
4895,門間雄大,2,2,3,0.0,0.0,66.67,66.67,0.123,0.1,0.15,33.33,57.15,9.52,0,0.0,少数参考,参考
4090,中村尊,2,2,3,0.0,33.33,66.67,100.0,0.193,0.11,0.29,0.0,57.15,42.85,0,0.0,少数参考,参考
4473,藤堂里香,4,4,4,25.0,50.0,0.0,75.0,0.145,0.11,0.19,25.0,47.51,27.49,0,0.0,少数参考,参考
4895,門間雄大,4,4,3,0.0,0.0,33.33,33.33,0.153,0.1,0.2,66.67,47.51,-14.18,0,0.0,少数参考,参考
4700,金子和之,1,1,3,66.67,0.0,33.33,100.0,0.073,0.05,0.09,33.33,85.37,14.63,0,0.0,少数参考,参考
5085,中村栄治,2,2,7,14.29,14.29,28.57,57.14,0.176,0.11,0.25,14.29,57.15,-0.01,0,0.0,標準,C
3905,天野友和,1,1,5,80.0,20.0,0.0,100.0,0.132,0.1,0.17,20.0,85.37,14.63,0,0.0,得意,C
3412,鈴木博,3,3,3,0.0,100.0,0.0,100.0,0.127,0.06,0.17,0.0,55.75,44.25,0,0.0,少数参考,参考
4090,中村尊,1,1,7,100.0,0.0,0.0,100.0,0.086,0.05,0.12,71.43,85.37,14.63,0,0.0,得意,C
4473,藤堂里香,2,2,3,0.0,33.33,33.33,66.67,0.153,0.08,0.23,33.33,57.15,9.52,0,0.0,少数参考,参考
4306,畔柳俊吾,3,4,3,0.0,33.33,0.0,33.33,0.213,0.17,0.24,0.0,47.51,-14.18,3,100.0,少数参考,参考
3905,天野友和,3,3,4,0.0,75.0,0.0,75.0,0.12,0.08,0.14,0.0,55.75,19.25,0,0.0,少数参考,参考
4895,門間雄大,1,1,3,66.67,33.33,0.0,100.0,0.17,0.11,0.27,0.0,85.37,14.63,0,0.0,少数参考,参考
4090,中村尊,3,3,6,16.67,33.33,0.0,50.0,0.107,0.05,0.15,33.33,55.75,-5.75,0,0.0,標準,C
3273,石田豪,6,6,5,0.0,0.0,0.0,0.0,0.182,0.14,0.21,0.0,22.5,-22.5,0,0.0,苦手,C
4473,藤堂里香,1,1,3,100.0,0.0,0.0,100.0,0.163,0.14,0.19,0.0,85.37,14.63,0,0.0,少数参考,参考
5071,野見山拓己,6,6,5,0.0,0.0,0.0,0.0,0.188,0.1,0.33,20.0,22.5,-22.5,0,0.0,苦手,C
5085,中村栄治,6,6,4,0.0,0.0,0.0,0.0,0.168,0.13,0.26,25.0,22.5,-22.5,0,0.0,少数参考,参考
3905,天野友和,2,2,5,20.0,20.0,40.0,80.0,0.128,0.07,0.19,60.0,57.15,22.85,0,0.0,得意,C
4393,田中孝明,5,5,5,0.0,0.0,60.0,60.0,0.206,0.12,0.34,0.0,35.28,24.72,0,0.0,得意,C
5238,笹木香吾,4,4,7,0.0,14.29,14.29,28.57,0.14,0.04,0.22,14.29,47.51,-18.94,0,0.0,苦手,C
4393,田中孝明,2,2,5,40.0,40.0,0.0,80.0,0.148,0.09,0.24,20.0,57.15,22.85,0,0.0,得意,C
5336,瀬川大地,5,6,8,0.0,0.0,0.0,0.0,0.215,0.11,0.43,0.0,22.5,-22.5,8,100.0,苦手,C
4239,竹田辰也,6,5,3,0.0,0.0,33.33,33.33,0.193,0.17,0.21,33.33,35.28,-1.95,3,100.0,少数参考,参考
4393,田中孝明,4,4,6,0.0,0.0,16.67,16.67,0.172,0.12,0.24,0.0,47.51,-30.84,0,0.0,苦手,C
4393,田中孝明,3,3,6,16.67,16.67,0.0,33.33,0.155,0.09,0.22,16.67,55.75,-22.42,0,0.0,苦手,C
4393,田中孝明,1,1,4,75.0,25.0,0.0,100.0,0.148,0.13,0.17,0.0,85.37,14.63,0,0.0,少数参考,参考
5171,清水未唯,4,4,6,0.0,16.67,0.0,16.67,0.165,0.1,0.24,16.67,47.51,-30.84,0,0.0,苦手,C
4281,大澤大夢,3,3,6,0.0,50.0,33.33,83.33,0.22,0.07,0.4,16.67,55.75,27.58,0,0.0,得意,C
3904,森貴洋,1,1,4,50.0,25.0,25.0,100.0,0.18,0.13,0.21,25.0,85.37,14.63,0,0.0,少数参考,参考
5171,清水未唯,3,3,5,0.0,20.0,0.0,20.0,0.22,0.09,0.34,0.0,55.75,-35.75,0,0.0,苦手,C
4678,水野望美,4,4,6,0.0,0.0,16.67,16.67,0.148,0.1,0.28,0.0,47.51,-30.84,0,0.0,苦手,C
3307,上瀧和則,1,1,3,66.67,0.0,0.0,66.67,0.16,0.07,0.27,33.33,85.37,-18.7,0,0.0,少数参考,参考
4281,大澤大夢,5,5,6,0.0,0.0,0.0,0.0,0.178,0.13,0.26,0.0,35.28,-35.28,0,0.0,苦手,C
3904,森貴洋,2,2,3,0.0,0.0,66.67,66.67,0.173,0.11,0.22,0.0,57.15,9.52,0,0.0,少数参考,参考
5244,黒田剛,3,3,3,33.33,0.0,0.0,33.33,0.167,0.11,0.21,33.33,55.75,-22.42,0,0.0,少数参考,参考
4678,水野望美,3,3,4,25.0,25.0,0.0,50.0,0.09,0.08,0.11,50.0,55.75,-5.75,0,0.0,少数参考,参考
4281,大澤大夢,6,6,3,0.0,0.0,0.0,0.0,0.137,0.13,0.15,0.0,22.5,-22.5,0,0.0,少数参考,参考
4281,大澤大夢,2,2,6,16.67,33.33,33.33,83.33,0.19,0.08,0.36,0.0,57.15,26.18,0,0.0,得意,C
4678,水野望美,1,1,5,60.0,40.0,0.0,100.0,0.212,0.13,0.29,20.0,85.37,14.63,0,0.0,得意,C
5230,石原凪紗,2,2,3,0.0,33.33,0.0,33.33,0.317,0.19,0.39,0.0,57.15,-23.82,0,0.0,少数参考,参考
5162,松尾怜実,4,4,4,0.0,25.0,0.0,25.0,0.175,0.1,0.23,25.0,47.51,-22.51,0,0.0,少数参考,参考
5171,清水未唯,5,5,4,25.0,0.0,25.0,50.0,0.163,0.06,0.32,25.0,35.28,14.72,0,0.0,少数参考,参考
4748,渡邉雄朗,4,4,4,0.0,0.0,0.0,0.0,0.21,0.09,0.36,0.0,47.51,-47.51,0,0.0,少数参考,参考
4281,大澤大夢,1,1,4,100.0,0.0,0.0,100.0,0.098,0.05,0.18,75.0,85.37,14.63,0,0.0,少数参考,参考
5230,石原凪紗,3,3,4,0.0,0.0,0.0,0.0,0.18,0.09,0.31,25.0,55.75,-55.75,0,0.0,少数参考,参考
5274,城間盛渚,4,4,6,16.67,0.0,33.33,50.0,0.195,0.1,0.26,16.67,47.51,2.49,0,0.0,標準,C
4917,岩橋裕馬,4,4,4,0.0,0.0,25.0,25.0,0.198,0.14,0.25,0.0,47.51,-22.51,0,0.0,少数参考,参考
3920,正木聖賢,4,2,4,0.0,0.0,50.0,50.0,0.185,0.1,0.32,0.0,57.15,-7.15,4,100.0,少数参考,参考
5274,城間盛渚,5,6,3,0.0,0.0,33.33,33.33,0.133,0.09,0.16,0.0,22.5,10.83,3,100.0,少数参考,参考
4748,渡邉雄朗,1,1,6,50.0,16.67,0.0,66.67,0.147,0.11,0.22,33.33,85.37,-18.7,0,0.0,得意,C
3904,森貴洋,6,6,3,0.0,33.33,0.0,33.33,0.203,0.17,0.27,0.0,22.5,10.83,0,0.0,少数参考,参考
5162,松尾怜実,1,1,4,25.0,25.0,25.0,75.0,0.135,0.09,0.18,50.0,85.37,-10.37,0,0.0,少数参考,参考
4748,渡邉雄朗,2,2,4,25.0,50.0,0.0,75.0,0.12,0.07,0.16,25.0,57.15,17.85,0,0.0,少数参考,参考
5274,城間盛渚,6,6,3,0.0,0.0,0.0,0.0,0.233,0.23,0.24,0.0,22.5,-22.5,0,0.0,少数参考,参考
4678,水野望美,6,6,5,0.0,20.0,20.0,40.0,0.196,0.13,0.28,0.0,22.5,17.5,0,0.0,得意,C
5274,城間盛渚,5,5,5,0.0,0.0,0.0,0.0,0.188,0.08,0.27,0.0,35.28,-35.28,0,0.0,苦手,C
5171,清水未唯,2,2,3,0.0,0.0,0.0,0.0,0.157,0.11,0.19,33.33,57.15,-57.15,0,0.0,少数参考,参考
4678,水野望美,2,2,9,11.11,44.44,11.11,66.67,0.147,0.09,0.2,11.11,57.15,9.52,0,0.0,得意,C
4281,大澤大夢,4,4,6,0.0,33.33,33.33,66.67,0.15,0.08,0.23,50.0,47.51,19.16,0,0.0,得意,C
5320,岩崎麗子,5,6,4,0.0,0.0,0.0,0.0,0.155,0.09,0.23,25.0,22.5,-22.5,4,100.0,少数参考,参考
5148,松本怜,1,1,4,25.0,50.0,0.0,75.0,0.203,0.11,0.26,50.0,85.37,-10.37,0,0.0,少数参考,参考
4773,中川りな,5,5,5,0.0,0.0,40.0,40.0,0.15,0.11,0.22,0.0,35.28,4.72,0,0.0,やや得意,C
4764,小池礼乃,2,2,7,14.29,14.29,14.29,42.86,0.15,0.07,0.22,14.29,57.15,-14.29,0,0.0,苦手,C
4878,西岡育未,2,2,5,0.0,0.0,40.0,40.0,0.204,0.14,0.3,0.0,57.15,-17.15,0,0.0,苦手,C
5320,岩崎麗子,6,6,4,0.0,0.0,0.0,0.0,0.2,0.01,0.34,25.0,22.5,-22.5,0,0.0,少数参考,参考
5189,藤原早菜,2,2,5,0.0,40.0,20.0,60.0,0.216,0.11,0.33,0.0,57.15,2.85,0,0.0,標準,C
5322,根岸真優,6,6,3,0.0,0.0,0.0,0.0,0.22,0.14,0.28,0.0,22.5,-22.5,0,0.0,少数参考,参考
4525,真子奈津実,4,4,8,12.5,0.0,0.0,12.5,0.138,0.07,0.24,25.0,47.51,-35.01,0,0.0,苦手,C
4819,蜂須瑞生,6,6,5,0.0,0.0,0.0,0.0,0.184,0.09,0.29,20.0,22.5,-22.5,0,0.0,苦手,C
4764,小池礼乃,1,1,4,25.0,50.0,0.0,75.0,0.17,0.11,0.22,25.0,85.37,-10.37,0,0.0,少数参考,参考
5113,黒明花夢,3,3,4,0.0,25.0,0.0,25.0,0.188,0.13,0.24,0.0,55.75,-30.75,0,0.0,少数参考,参考
5322,根岸真優,5,6,3,0.0,0.0,0.0,0.0,0.1,0.04,0.15,33.33,22.5,-22.5,3,100.0,少数参考,参考
5189,藤原早菜,1,1,4,100.0,0.0,0.0,100.0,0.165,0.14,0.2,0.0,85.37,14.63,0,0.0,少数参考,参考
5250,嶋田有里,4,6,3,0.0,0.0,0.0,0.0,0.213,0.12,0.32,0.0,22.5,-22.5,3,100.0,少数参考,参考
4764,小池礼乃,4,4,5,0.0,0.0,0.0,0.0,0.234,0.06,0.39,0.0,47.51,-47.51,0,0.0,苦手,C
4773,中川りな,4,4,9,22.22,0.0,33.33,55.56,0.179,0.08,0.32,22.22,47.51,8.05,0,0.0,得意,C
4714,喜多須杏奈,6,5,3,33.33,0.0,66.67,100.0,0.22,0.13,0.29,33.33,35.28,64.72,3,100.0,少数参考,参考
4878,西岡育未,3,3,4,0.0,0.0,50.0,50.0,0.138,0.09,0.19,25.0,55.75,-5.75,0,0.0,少数参考,参考
4878,西岡育未,1,1,3,0.0,0.0,33.33,33.33,0.19,0.15,0.21,0.0,85.37,-52.04,0,0.0,少数参考,参考
4764,小池礼乃,3,3,4,25.0,0.0,0.0,25.0,0.165,0.08,0.34,25.0,55.75,-30.75,0,0.0,少数参考,参考
5277,井上未都,4,4,7,0.0,28.57,14.29,42.86,0.187,0.07,0.25,0.0,47.51,-4.65,0,0.0,標準,C
3618,海野ゆかり,3,3,8,25.0,25.0,12.5,62.5,0.135,0.04,0.29,25.0,55.75,6.75,0,0.0,得意,C
4183,宇野弥生,2,2,8,12.5,12.5,25.0,50.0,0.133,0.08,0.18,37.5,57.15,-7.15,0,0.0,標準,C
4773,中川りな,2,2,5,20.0,20.0,20.0,60.0,0.196,0.09,0.28,20.0,57.15,2.85,0,0.0,標準,C
4819,蜂須瑞生,1,1,6,66.67,0.0,33.33,100.0,0.135,0.05,0.22,16.67,85.37,14.63,0,0.0,得意,C
4878,西岡育未,5,5,5,0.0,0.0,0.0,0.0,0.17,0.13,0.21,20.0,35.28,-35.28,0,0.0,苦手,C
4764,小池礼乃,6,6,4,0.0,0.0,25.0,25.0,0.172,0.06,0.3,0.0,22.5,2.5,0,0.0,少数参考,参考
4183,宇野弥生,5,5,4,25.0,0.0,25.0,50.0,0.11,0.09,0.14,75.0,35.28,14.72,0,0.0,少数参考,参考
4773,中川りな,6,6,5,20.0,20.0,20.0,60.0,0.148,0.11,0.18,20.0,22.5,37.5,0,0.0,得意,C
4773,中川りな,1,1,10,60.0,20.0,10.0,90.0,0.192,0.03,0.3,10.0,85.37,4.63,0,0.0,やや得意,B
5335,森陽多,5,5,3,33.33,0.0,0.0,33.33,0.24,0.19,0.32,0.0,35.28,-1.95,0,0.0,少数参考,参考
4764,小池礼乃,5,5,4,0.0,0.0,25.0,25.0,0.225,0.08,0.34,25.0,35.28,-10.28,0,0.0,少数参考,参考
5045,平川香織,4,4,5,0.0,20.0,20.0,40.0,0.16,0.08,0.24,0.0,47.51,-7.51,0,0.0,標準,C
5231,寺田空詩,6,5,4,0.0,0.0,0.0,0.0,0.225,0.15,0.39,0.0,35.28,-35.28,4,100.0,少数参考,参考
5335,森陽多,6,6,5,20.0,0.0,0.0,20.0,0.192,0.09,0.27,0.0,22.5,-2.5,0,0.0,標準,C
4536,喜井つかさ,4,4,5,0.0,20.0,60.0,80.0,0.166,0.13,0.19,0.0,47.51,32.49,0,0.0,得意,C
4289,落合直子,6,6,3,0.0,0.0,0.0,0.0,0.1,0.05,0.13,33.33,22.5,-22.5,0,0.0,少数参考,参考
4878,西岡育未,4,4,5,0.0,0.0,20.0,20.0,0.156,0.11,0.24,20.0,47.51,-27.51,0,0.0,苦手,C
4773,中川りな,3,3,8,0.0,37.5,0.0,37.5,0.215,0.17,0.29,0.0,55.75,-18.25,0,0.0,苦手,C
5291,三嶌こころ,4,4,5,0.0,20.0,0.0,20.0,0.21,0.11,0.28,0.0,47.51,-27.51,0,0.0,苦手,C
4637,中田友也,5,5,4,0.0,50.0,50.0,100.0,0.147,0.11,0.2,50.0,35.28,64.72,0,0.0,少数参考,参考
4637,中田友也,2,2,5,0.0,20.0,20.0,40.0,0.186,0.14,0.23,0.0,57.15,-17.15,0,0.0,苦手,C
4888,金児隆太,5,4,3,0.0,33.33,33.33,66.67,0.12,0.05,0.16,33.33,47.51,19.16,3,100.0,少数参考,参考
3697,勝野竜司,2,2,3,0.0,0.0,33.33,33.33,0.123,0.08,0.2,66.67,57.15,-23.82,0,0.0,少数参考,参考
4824,松井洪弥,4,4,4,0.0,25.0,50.0,75.0,0.09,0.07,0.1,25.0,47.51,27.49,0,0.0,少数参考,参考
5263,花田凱成,5,5,4,0.0,0.0,0.0,0.0,0.16,0.09,0.24,75.0,35.28,-35.28,0,0.0,少数参考,参考
4637,中田友也,3,3,4,0.0,50.0,25.0,75.0,0.147,0.08,0.19,25.0,55.75,19.25,0,0.0,少数参考,参考
4155,長野壮志郎,3,3,7,28.57,28.57,14.29,71.43,0.159,0.1,0.24,14.29,55.75,15.68,0,0.0,得意,C
3448,高山秀雄,3,3,3,0.0,0.0,66.67,66.67,0.257,0.13,0.49,0.0,55.75,10.92,0,0.0,少数参考,参考
4824,松井洪弥,1,1,6,83.33,16.67,0.0,100.0,0.115,0.07,0.14,33.33,85.37,14.63,0,0.0,得意,C
4637,中田友也,4,4,5,20.0,20.0,0.0,40.0,0.166,0.14,0.2,0.0,47.51,-7.51,0,0.0,標準,C
4824,松井洪弥,6,6,5,0.0,0.0,20.0,20.0,0.186,0.15,0.24,0.0,22.5,-2.5,0,0.0,標準,C
4888,金児隆太,1,1,3,33.33,33.33,0.0,66.67,0.193,0.12,0.33,0.0,85.37,-18.7,0,0.0,少数参考,参考
4155,長野壮志郎,6,6,4,0.0,25.0,0.0,25.0,0.215,0.16,0.27,0.0,22.5,2.5,0,0.0,少数参考,参考
3574,大神康司,6,3,4,25.0,25.0,0.0,50.0,0.11,0.06,0.23,25.0,55.75,-5.75,4,100.0,少数参考,参考
4794,和田拓也,4,4,5,20.0,20.0,20.0,60.0,0.13,0.08,0.23,40.0,47.51,12.49,0,0.0,得意,C
4824,松井洪弥,5,5,3,0.0,33.33,0.0,33.33,0.14,0.12,0.17,0.0,35.28,-1.95,0,0.0,少数参考,参考
4793,金子萌,2,2,3,33.33,33.33,0.0,66.67,0.11,0.09,0.13,33.33,57.15,9.52,0,0.0,少数参考,参考
3448,高山秀雄,5,5,6,0.0,0.0,0.0,0.0,0.175,0.11,0.22,0.0,35.28,-35.28,0,0.0,苦手,C
4824,松井洪弥,2,2,4,50.0,0.0,25.0,75.0,0.12,0.06,0.17,0.0,57.15,17.85,0,0.0,少数参考,参考
4395,下河雅史,4,4,5,0.0,20.0,40.0,60.0,0.16,0.08,0.24,20.0,47.51,12.49,0,0.0,得意,C
4487,三原司,4,4,6,0.0,0.0,33.33,33.33,0.182,0.13,0.27,0.0,47.51,-14.18,0,0.0,苦手,C
5138,村本大成,4,4,5,0.0,0.0,0.0,0.0,0.136,0.09,0.16,40.0,47.51,-47.51,0,0.0,苦手,C
3833,中辻博訓,1,1,5,80.0,20.0,0.0,100.0,0.128,0.01,0.19,40.0,85.37,14.63,0,0.0,得意,C
4395,下河雅史,2,2,5,20.0,40.0,20.0,80.0,0.164,0.08,0.21,0.0,57.15,22.85,0,0.0,得意,C
4487,三原司,2,2,6,16.67,0.0,16.67,33.33,0.18,0.09,0.27,0.0,57.15,-23.82,0,0.0,苦手,C
4949,横田貴満,2,2,7,42.86,28.57,0.0,71.43,0.12,0.07,0.15,14.29,57.15,14.28,0,0.0,得意,C
5138,村本大成,5,5,4,0.0,0.0,0.0,0.0,0.185,0.11,0.31,25.0,35.28,-35.28,0,0.0,少数参考,参考
4395,下河雅史,3,3,5,0.0,0.0,20.0,20.0,0.198,0.15,0.26,0.0,55.75,-35.75,0,0.0,苦手,C
5239,上野俊樹,4,4,4,0.0,25.0,25.0,50.0,0.15,0.06,0.33,50.0,47.51,2.49,0,0.0,少数参考,参考
3072,西田靖,6,2,3,0.0,33.33,0.0,33.33,0.2,0.15,0.28,33.33,57.15,-23.82,3,100.0,少数参考,参考
5138,村本大成,2,2,4,0.0,0.0,0.0,0.0,0.16,0.11,0.19,0.0,57.15,-57.15,0,0.0,少数参考,参考
3072,西田靖,3,2,3,0.0,0.0,0.0,0.0,0.167,0.12,0.21,0.0,57.15,-57.15,3,100.0,少数参考,参考
4487,三原司,5,5,6,0.0,0.0,0.0,0.0,0.24,0.15,0.31,0.0,35.28,-35.28,0,0.0,苦手,C
3833,中辻博訓,6,6,3,0.0,0.0,0.0,0.0,0.153,0.09,0.19,33.33,22.5,-22.5,0,0.0,少数参考,参考
4395,下河雅史,5,5,4,0.0,25.0,0.0,25.0,0.113,0.09,0.13,0.0,35.28,-10.28,0,0.0,少数参考,参考
4580,長谷川雅和,1,1,9,55.56,22.22,0.0,77.78,0.176,0.07,0.35,0.0,85.37,-7.59,0,0.0,得意,C
3833,中辻博訓,4,4,3,0.0,33.33,0.0,33.33,0.083,0.06,0.11,33.33,47.51,-14.18,0,0.0,少数参考,参考
3072,西田靖,5,2,4,0.0,0.0,50.0,50.0,0.16,0.11,0.26,0.0,57.15,-7.15,4,100.0,少数参考,参考
3072,西田靖,2,2,5,40.0,0.0,20.0,60.0,0.126,0.03,0.19,20.0,57.15,2.85,0,0.0,標準,C
4580,長谷川雅和,3,3,7,14.29,14.29,57.14,85.71,0.19,0.11,0.26,14.29,55.75,29.96,0,0.0,得意,C
5036,福田翔吾,4,4,3,0.0,33.33,0.0,33.33,0.143,0.12,0.18,33.33,47.51,-14.18,0,0.0,少数参考,参考
5241,門田栞,2,2,4,0.0,50.0,25.0,75.0,0.165,0.12,0.19,25.0,57.15,17.85,0,0.0,少数参考,参考
4909,薮内瑞希,4,4,3,0.0,0.0,0.0,0.0,0.367,0.2,0.64,0.0,47.51,-47.51,0,0.0,少数参考,参考
4973,栗原直也,3,3,3,33.33,0.0,33.33,66.67,0.17,0.11,0.21,0.0,55.75,10.92,0,0.0,少数参考,参考
5262,鈴木章司,6,6,3,0.0,0.0,33.33,33.33,0.17,0.12,0.24,0.0,22.5,10.83,0,0.0,少数参考,参考
3731,高濱芳久,6,2,5,0.0,60.0,20.0,80.0,0.2,0.12,0.28,0.0,57.15,22.85,5,100.0,得意,C
5036,福田翔吾,3,3,3,0.0,66.67,0.0,66.67,0.263,0.23,0.33,0.0,55.75,10.92,0,0.0,少数参考,参考
4909,薮内瑞希,6,6,3,0.0,0.0,0.0,0.0,0.18,0.11,0.28,0.0,22.5,-22.5,0,0.0,少数参考,参考
4664,東口晃,2,2,4,0.0,25.0,25.0,50.0,0.26,0.2,0.39,0.0,57.15,-7.15,0,0.0,少数参考,参考
4303,牧原崇,4,4,5,0.0,20.0,20.0,40.0,0.178,0.12,0.23,0.0,47.51,-7.51,0,0.0,標準,C
3826,村田修次,3,3,6,33.33,33.33,16.67,83.33,0.135,0.11,0.16,33.33,55.75,27.58,0,0.0,得意,C
4227,安達裕樹,6,5,4,25.0,25.0,0.0,50.0,0.23,0.17,0.35,0.0,35.28,14.72,4,100.0,少数参考,参考
5323,香川陽太,6,6,6,16.67,0.0,16.67,33.33,0.147,0.0,0.31,33.33,22.5,10.83,0,0.0,得意,C
4303,牧原崇,1,1,5,60.0,20.0,0.0,80.0,0.186,0.1,0.28,20.0,85.37,-5.37,0,0.0,標準,C
4193,郷原章平,3,3,4,50.0,25.0,25.0,100.0,0.14,0.04,0.24,50.0,55.75,44.25,0,0.0,少数参考,参考
4356,長岡良也,6,6,4,0.0,25.0,0.0,25.0,0.125,0.09,0.19,25.0,22.5,2.5,0,0.0,少数参考,参考
3826,村田修次,1,1,5,80.0,20.0,0.0,100.0,0.154,0.13,0.21,60.0,85.37,14.63,0,0.0,得意,C
4664,東口晃,5,5,4,0.0,0.0,50.0,50.0,0.185,0.13,0.27,25.0,35.28,14.72,0,0.0,少数参考,参考
4193,郷原章平,5,5,5,20.0,0.0,0.0,20.0,0.162,0.13,0.18,20.0,35.28,-15.28,0,0.0,苦手,C
5255,藤原仙二,5,5,6,16.67,33.33,0.0,50.0,0.157,0.09,0.24,66.67,35.28,14.72,0,0.0,得意,C
4193,郷原章平,1,1,6,33.33,50.0,16.67,100.0,0.147,0.07,0.27,66.67,85.37,14.63,0,0.0,得意,C
3687,花田和明,2,2,5,0.0,0.0,0.0,0.0,0.176,0.07,0.24,20.0,57.15,-57.15,0,0.0,苦手,C
4303,牧原崇,5,5,3,0.0,0.0,0.0,0.0,0.213,0.19,0.24,0.0,35.28,-35.28,0,0.0,少数参考,参考
4260,中越博紀,4,4,7,0.0,14.29,42.86,57.14,0.14,0.09,0.3,14.29,47.51,9.63,0,0.0,得意,C
3826,村田修次,6,6,5,0.0,20.0,80.0,100.0,0.128,0.06,0.2,20.0,22.5,77.5,0,0.0,得意,C
3687,花田和明,3,3,4,0.0,50.0,0.0,50.0,0.155,0.12,0.19,50.0,55.75,-5.75,0,0.0,少数参考,参考
4815,伏島祐介,6,6,5,20.0,0.0,0.0,20.0,0.214,0.07,0.31,20.0,22.5,-2.5,0,0.0,標準,C
4664,東口晃,4,4,3,33.33,0.0,0.0,33.33,0.177,0.09,0.28,66.67,47.51,-14.18,0,0.0,少数参考,参考
4288,永田啓二,6,6,5,40.0,20.0,20.0,80.0,0.098,0.06,0.13,80.0,22.5,57.5,0,0.0,得意,C
3687,花田和明,1,1,5,40.0,20.0,20.0,80.0,0.148,0.11,0.2,0.0,85.37,-5.37,0,0.0,得意,C
4193,郷原章平,4,4,6,16.67,0.0,50.0,66.67,0.127,0.08,0.2,16.67,47.51,19.16,0,0.0,得意,C
5323,香川陽太,5,6,6,0.0,0.0,16.67,16.67,0.162,0.08,0.36,33.33,22.5,-5.83,6,100.0,標準,C
3826,村田修次,2,2,5,0.0,40.0,0.0,40.0,0.104,0.05,0.16,40.0,57.15,-17.15,0,0.0,苦手,C
4193,郷原章平,2,2,6,16.67,33.33,33.33,83.33,0.138,0.08,0.21,16.67,57.15,26.18,0,0.0,得意,C
3826,村田修次,5,5,6,0.0,16.67,16.67,33.33,0.192,0.12,0.27,0.0,35.28,-1.95,0,0.0,標準,C
4351,里岡右貴,4,4,4,0.0,0.0,75.0,75.0,0.117,0.06,0.15,75.0,47.51,27.49,0,0.0,少数参考,参考
4815,伏島祐介,1,1,4,50.0,0.0,25.0,75.0,0.168,0.14,0.2,25.0,85.37,-10.37,0,0.0,少数参考,参考
3826,村田修次,4,4,4,0.0,25.0,25.0,50.0,0.195,0.08,0.26,0.0,47.51,2.49,0,0.0,少数参考,参考
5323,香川陽太,5,5,5,0.0,20.0,20.0,40.0,0.208,0.15,0.36,20.0,35.28,4.72,0,0.0,やや得意,C
4664,東口晃,3,3,4,0.0,0.0,0.0,0.0,0.22,0.14,0.32,25.0,55.75,-55.75,0,0.0,少数参考,参考
4297,山田哲也,5,5,3,0.0,0.0,0.0,0.0,0.083,0.04,0.12,66.67,35.28,-35.28,0,0.0,少数参考,参考
4277,金田大輔,3,4,3,33.33,0.0,0.0,33.33,0.227,0.16,0.35,66.67,47.51,-14.18,3,100.0,少数参考,参考
4980,佐々木完太,6,5,4,25.0,75.0,0.0,100.0,0.158,0.1,0.27,25.0,35.28,64.72,4,100.0,少数参考,参考
5336,瀬川大地,5,5,16,6.25,12.5,6.25,25.0,0.215,0.07,0.36,12.5,35.28,-10.28,0,0.0,苦手,B
4710,福田宗平,4,4,5,60.0,0.0,40.0,100.0,0.094,0.03,0.18,60.0,47.51,52.49,0,0.0,得意,C
3721,守田俊介,1,1,10,80.0,20.0,0.0,100.0,0.126,0.04,0.24,40.0,85.37,14.63,0,0.0,得意,B
5131,江藤敦宏,3,3,3,0.0,0.0,0.0,0.0,0.197,0.15,0.23,0.0,55.75,-55.75,0,0.0,少数参考,参考
4724,吉田祐貴,2,2,4,0.0,50.0,0.0,50.0,0.177,0.08,0.26,0.0,57.15,-7.15,0,0.0,少数参考,参考
5131,江藤敦宏,2,2,3,0.0,33.33,0.0,33.33,0.213,0.15,0.26,0.0,57.15,-23.82,0,0.0,少数参考,参考
4710,福田宗平,3,3,7,0.0,14.29,57.14,71.43,0.154,0.07,0.22,14.29,55.75,15.68,0,0.0,得意,C
5075,中島秀治,1,1,3,66.67,0.0,33.33,100.0,0.183,0.13,0.22,66.67,85.37,14.63,0,0.0,少数参考,参考
4710,福田宗平,1,1,7,71.43,0.0,0.0,71.43,0.164,0.07,0.22,0.0,85.37,-13.94,0,0.0,得意,C
4710,福田宗平,5,5,3,0.0,33.33,33.33,66.67,0.177,0.13,0.25,0.0,35.28,31.39,0,0.0,少数参考,参考
4952,吉武真也,6,6,3,0.0,0.0,0.0,0.0,0.177,0.09,0.25,0.0,22.5,-22.5,0,0.0,少数参考,参考
4724,吉田祐貴,3,3,3,0.0,0.0,33.33,33.33,0.103,0.07,0.13,66.67,55.75,-22.42,0,0.0,少数参考,参考
5131,江藤敦宏,5,5,4,0.0,0.0,0.0,0.0,0.185,0.12,0.22,0.0,35.28,-35.28,0,0.0,少数参考,参考
5075,中島秀治,2,2,3,33.33,33.33,0.0,66.67,0.227,0.17,0.3,0.0,57.15,9.52,0,0.0,少数参考,参考
3503,堂原洋史,3,3,3,0.0,0.0,66.67,66.67,0.14,0.08,0.18,0.0,55.75,10.92,0,0.0,少数参考,参考
4003,表憲一,4,4,3,0.0,33.33,0.0,33.33,0.18,0.16,0.2,0.0,47.51,-14.18,0,0.0,少数参考,参考
3813,佐藤大介,6,6,5,0.0,40.0,20.0,60.0,0.202,0.16,0.27,20.0,22.5,37.5,0,0.0,得意,C
3807,岡部哲,1,1,4,50.0,50.0,0.0,100.0,0.13,0.06,0.26,25.0,85.37,14.63,0,0.0,少数参考,参考
3503,堂原洋史,1,1,3,33.33,0.0,33.33,66.67,0.21,0.12,0.28,33.33,85.37,-18.7,0,0.0,少数参考,参考
3392,小森信雄,5,5,3,0.0,0.0,33.33,33.33,0.19,0.18,0.21,33.33,35.28,-1.95,0,0.0,少数参考,参考
3853,岩崎正哉,5,5,3,0.0,0.0,0.0,0.0,0.277,0.21,0.31,0.0,35.28,-35.28,0,0.0,少数参考,参考
3362,間嶋仁志,1,1,4,50.0,0.0,0.0,50.0,0.22,0.19,0.25,25.0,85.37,-35.37,0,0.0,少数参考,参考
4003,表憲一,3,3,6,0.0,16.67,33.33,50.0,0.155,0.09,0.21,16.67,55.75,-5.75,0,0.0,標準,C
3813,佐藤大介,3,3,4,75.0,0.0,0.0,75.0,0.177,0.09,0.28,25.0,55.75,19.25,0,0.0,少数参考,参考
3392,小森信雄,2,2,3,0.0,0.0,0.0,0.0,0.257,0.21,0.29,0.0,57.15,-57.15,0,0.0,少数参考,参考
3807,岡部哲,6,6,3,0.0,0.0,33.33,33.33,0.177,0.09,0.25,0.0,22.5,10.83,0,0.0,少数参考,参考
3703,鳥飼眞,2,2,3,33.33,33.33,0.0,66.67,0.18,0.16,0.2,33.33,57.15,9.52,0,0.0,少数参考,参考
3313,本吉正樹,4,4,3,0.0,0.0,33.33,33.33,0.227,0.16,0.31,0.0,47.51,-14.18,0,0.0,少数参考,参考
4027,松江秀徳,6,6,4,25.0,0.0,50.0,75.0,0.098,0.03,0.15,100.0,22.5,52.5,0,0.0,少数参考,参考
3813,佐藤大介,5,5,3,0.0,33.33,0.0,33.33,0.173,0.12,0.26,0.0,35.28,-1.95,0,0.0,少数参考,参考
3503,堂原洋史,6,6,3,0.0,0.0,0.0,0.0,0.217,0.18,0.27,0.0,22.5,-22.5,0,0.0,少数参考,参考
3807,岡部哲,3,3,4,0.0,50.0,25.0,75.0,0.235,0.18,0.37,0.0,55.75,19.25,0,0.0,少数参考,参考
4003,表憲一,5,5,5,0.0,0.0,20.0,20.0,0.154,0.11,0.19,0.0,35.28,-15.28,0,0.0,苦手,C
3703,鳥飼眞,4,4,4,50.0,25.0,25.0,100.0,0.095,0.07,0.13,50.0,47.51,52.49,0,0.0,少数参考,参考
3503,堂原洋史,5,5,6,0.0,0.0,16.67,16.67,0.177,0.1,0.21,0.0,35.28,-18.61,0,0.0,苦手,C
4003,表憲一,2,2,6,33.33,50.0,0.0,83.33,0.15,0.03,0.22,16.67,57.15,26.18,0,0.0,得意,C
3703,鳥飼眞,5,5,3,0.0,0.0,0.0,0.0,0.223,0.14,0.34,33.33,35.28,-35.28,0,0.0,少数参考,参考
3362,間嶋仁志,2,2,4,0.0,25.0,25.0,50.0,0.217,0.16,0.35,0.0,57.15,-7.15,0,0.0,少数参考,参考
3931,黒崎竜也,6,6,3,0.0,0.0,66.67,66.67,0.137,0.09,0.17,66.67,22.5,44.17,0,0.0,少数参考,参考
3853,岩崎正哉,3,3,8,0.0,12.5,12.5,25.0,0.207,0.12,0.31,12.5,55.75,-30.75,0,0.0,苦手,C
3813,佐藤大介,2,2,5,0.0,40.0,0.0,40.0,0.18,0.05,0.27,0.0,57.15,-17.15,0,0.0,苦手,C
4003,表憲一,6,6,5,0.0,0.0,40.0,40.0,0.19,0.16,0.23,0.0,22.5,17.5,0,0.0,得意,C
4003,表憲一,1,1,5,40.0,40.0,20.0,100.0,0.102,0.06,0.15,60.0,85.37,14.63,0,0.0,得意,C
3922,菅沼佳昭,5,5,3,0.0,0.0,0.0,0.0,0.17,0.14,0.22,0.0,35.28,-35.28,0,0.0,少数参考,参考
3362,間嶋仁志,3,3,4,25.0,0.0,25.0,50.0,0.12,0.08,0.17,25.0,55.75,-5.75,0,0.0,少数参考,参考
3813,佐藤大介,1,1,5,100.0,0.0,0.0,100.0,0.118,0.07,0.17,40.0,85.37,14.63,0,0.0,得意,C
3503,堂原洋史,2,2,6,16.67,0.0,16.67,33.33,0.148,0.09,0.19,66.67,57.15,-23.82,0,0.0,苦手,C
3503,堂原洋史,4,4,3,0.0,0.0,0.0,0.0,0.207,0.11,0.26,0.0,47.51,-47.51,0,0.0,少数参考,参考
5025,粟田祥,2,2,4,25.0,25.0,0.0,50.0,0.145,0.04,0.24,25.0,57.15,-7.15,0,0.0,少数参考,参考
5342,原村百那,6,6,31,0.0,0.0,3.23,3.23,0.206,0.09,0.58,16.13,22.5,-19.27,0,0.0,苦手,A
4792,杉村賢也,3,3,4,0.0,50.0,25.0,75.0,0.103,0.03,0.17,25.0,55.75,19.25,0,0.0,少数参考,参考
4465,大西賢,5,5,3,0.0,0.0,66.67,66.67,0.123,0.05,0.18,33.33,35.28,31.39,0,0.0,少数参考,参考
4978,山田和佐,2,2,8,12.5,0.0,37.5,50.0,0.141,0.06,0.2,12.5,57.15,-7.15,0,0.0,標準,C
4086,寺本重宣,3,3,4,0.0,50.0,25.0,75.0,0.15,0.08,0.19,0.0,55.75,19.25,0,0.0,少数参考,参考
5025,粟田祥,5,5,3,0.0,0.0,66.67,66.67,0.11,0.04,0.18,0.0,35.28,31.39,0,0.0,少数参考,参考
5299,西丸敦基,6,6,8,0.0,0.0,12.5,12.5,0.151,0.07,0.31,37.5,22.5,-10.0,0,0.0,苦手,C
4678,水野望美,5,5,6,0.0,16.67,33.33,50.0,0.157,0.06,0.31,66.67,35.28,14.72,0,0.0,得意,C
4792,杉村賢也,5,5,3,0.0,0.0,33.33,33.33,0.157,0.14,0.17,66.67,35.28,-1.95,0,0.0,少数参考,参考
5014,梶山涼斗,4,4,3,66.67,0.0,0.0,66.67,0.12,0.07,0.17,66.67,47.51,19.16,0,0.0,少数参考,参考
4465,大西賢,2,2,3,0.0,0.0,66.67,66.67,0.203,0.15,0.29,0.0,57.15,9.52,0,0.0,少数参考,参考
4894,原村拓也,4,4,4,0.0,25.0,25.0,50.0,0.232,0.1,0.32,0.0,47.51,2.49,0,0.0,少数参考,参考
5299,西丸敦基,5,6,5,0.0,20.0,20.0,40.0,0.124,0.04,0.22,20.0,22.5,17.5,5,100.0,得意,C
4978,山田和佐,5,5,7,0.0,0.0,42.86,42.86,0.204,0.1,0.32,0.0,35.28,7.58,0,0.0,やや得意,C
5342,原村百那,5,6,10,0.0,10.0,0.0,10.0,0.193,0.09,0.35,0.0,22.5,-12.5,10,100.0,苦手,B
4978,山田和佐,4,4,6,0.0,0.0,33.33,33.33,0.203,0.12,0.27,0.0,47.51,-14.18,0,0.0,苦手,C
4792,杉村賢也,4,4,3,0.0,0.0,0.0,0.0,0.237,0.13,0.36,33.33,47.51,-47.51,0,0.0,少数参考,参考
4097,貫地谷直人,2,3,3,0.0,0.0,0.0,0.0,0.34,0.14,0.51,0.0,55.75,-55.75,3,100.0,少数参考,参考
4894,原村拓也,3,3,4,0.0,0.0,25.0,25.0,0.147,0.09,0.21,0.0,55.75,-30.75,0,0.0,少数参考,参考
5218,山田理央,2,2,6,33.33,16.67,16.67,66.67,0.153,0.05,0.41,33.33,57.15,9.52,0,0.0,得意,C
5299,西丸敦基,4,4,6,0.0,33.33,16.67,50.0,0.19,0.07,0.32,0.0,47.51,2.49,0,0.0,標準,C
4792,杉村賢也,2,3,3,33.33,33.33,33.33,100.0,0.083,0.04,0.12,0.0,55.75,44.25,3,100.0,少数参考,参考
4894,原村拓也,2,2,4,0.0,0.0,25.0,25.0,0.193,0.08,0.31,25.0,57.15,-32.15,0,0.0,少数参考,参考
5299,西丸敦基,5,5,5,0.0,20.0,40.0,60.0,0.146,0.11,0.19,40.0,35.28,24.72,0,0.0,得意,C
4287,今井貴士,6,6,6,0.0,16.67,0.0,16.67,0.105,0.08,0.15,16.67,22.5,-5.83,0,0.0,標準,C
5270,小玉啓太,2,2,6,16.67,0.0,0.0,16.67,0.145,0.08,0.28,16.67,57.15,-40.48,0,0.0,苦手,C
5102,原田雄次,4,4,5,0.0,20.0,20.0,40.0,0.294,0.12,0.61,0.0,47.51,-7.51,0,0.0,標準,C
4287,今井貴士,4,4,8,0.0,25.0,37.5,62.5,0.12,0.07,0.24,50.0,47.51,14.99,0,0.0,得意,C
5102,原田雄次,2,2,9,11.11,22.22,33.33,66.67,0.161,0.03,0.25,22.22,57.15,9.52,0,0.0,得意,C
4287,今井貴士,1,1,10,70.0,10.0,20.0,100.0,0.176,0.07,0.34,10.0,85.37,14.63,0,0.0,得意,B
5270,小玉啓太,4,4,6,0.0,0.0,16.67,16.67,0.187,0.1,0.31,33.33,47.51,-30.84,0,0.0,苦手,C
5102,原田雄次,5,5,6,0.0,0.0,33.33,33.33,0.17,0.09,0.22,16.67,35.28,-1.95,0,0.0,標準,C
4287,今井貴士,3,3,6,0.0,33.33,16.67,50.0,0.138,0.11,0.2,33.33,55.75,-5.75,0,0.0,標準,C
4951,新田洋一,2,2,4,25.0,0.0,75.0,100.0,0.125,0.06,0.2,0.0,57.15,42.85,0,0.0,少数参考,参考
5252,荒木颯斗,6,6,3,0.0,0.0,0.0,0.0,0.113,0.09,0.13,33.33,22.5,-22.5,0,0.0,少数参考,参考
5102,原田雄次,3,3,4,0.0,25.0,25.0,50.0,0.158,0.07,0.24,25.0,55.75,-5.75,0,0.0,少数参考,参考
4274,長畑友輔,4,4,3,0.0,0.0,33.33,33.33,0.09,0.07,0.12,33.33,47.51,-14.18,0,0.0,少数参考,参考
4836,大谷健太,3,3,6,0.0,50.0,16.67,66.67,0.157,0.01,0.31,33.33,55.75,10.92,0,0.0,得意,C
5252,荒木颯斗,2,2,3,0.0,0.0,0.0,0.0,0.163,0.13,0.2,0.0,57.15,-57.15,0,0.0,少数参考,参考
5270,小玉啓太,5,5,4,0.0,0.0,0.0,0.0,0.122,0.03,0.22,0.0,35.28,-35.28,0,0.0,少数参考,参考
4259,真庭明志,6,6,3,0.0,0.0,0.0,0.0,0.163,0.05,0.25,0.0,22.5,-22.5,0,0.0,少数参考,参考
5207,高山敬悟,2,2,6,16.67,0.0,0.0,16.67,0.13,0.05,0.24,0.0,57.15,-40.48,0,0.0,苦手,C
5289,佃來紀,5,5,4,0.0,25.0,25.0,50.0,0.143,0.06,0.18,25.0,35.28,14.72,0,0.0,少数参考,参考
3869,井芹大志,2,2,3,0.0,33.33,0.0,33.33,0.223,0.11,0.39,0.0,57.15,-23.82,0,0.0,少数参考,参考
5250,嶋田有里,3,3,3,0.0,33.33,0.0,33.33,0.177,0.11,0.26,0.0,55.75,-22.42,0,0.0,少数参考,参考
4947,間庭菜摘,4,4,11,0.0,9.09,27.27,36.36,0.195,0.08,0.29,18.18,47.51,-11.15,0,0.0,苦手,B
5208,屋良龍紀,5,5,7,0.0,0.0,0.0,0.0,0.137,0.07,0.24,28.57,35.28,-35.28,0,0.0,苦手,C
3652,森下勇,2,2,4,0.0,0.0,0.0,0.0,0.13,0.07,0.18,0.0,57.15,-57.15,0,0.0,少数参考,参考
5207,高山敬悟,5,5,4,0.0,25.0,0.0,25.0,0.133,0.09,0.17,0.0,35.28,-10.28,0,0.0,少数参考,参考
4642,松尾夏海,4,4,4,0.0,25.0,25.0,50.0,0.115,0.1,0.12,50.0,47.51,2.49,0,0.0,少数参考,参考
4259,真庭明志,2,2,5,40.0,60.0,0.0,100.0,0.094,0.05,0.16,40.0,57.15,42.85,0,0.0,得意,C
4748,渡邉雄朗,6,6,3,0.0,0.0,33.33,33.33,0.203,0.11,0.29,33.33,22.5,10.83,0,0.0,少数参考,参考
3869,井芹大志,1,1,3,66.67,33.33,0.0,100.0,0.123,0.08,0.16,66.67,85.37,14.63,0,0.0,少数参考,参考
5274,城間盛渚,3,3,6,16.67,0.0,0.0,16.67,0.108,0.02,0.18,50.0,55.75,-39.08,0,0.0,苦手,C
5289,佃來紀,4,4,4,0.0,25.0,50.0,75.0,0.188,0.05,0.27,0.0,47.51,27.49,0,0.0,少数参考,参考
4259,真庭明志,5,5,5,20.0,0.0,40.0,60.0,0.13,0.1,0.2,20.0,35.28,24.72,0,0.0,得意,C
5208,屋良龍紀,2,2,9,22.22,0.0,22.22,44.44,0.114,0.01,0.25,44.44,57.15,-12.71,0,0.0,苦手,C
4642,松尾夏海,3,3,4,25.0,0.0,50.0,75.0,0.138,0.11,0.16,50.0,55.75,19.25,0,0.0,少数参考,参考
3869,井芹大志,5,5,3,0.0,0.0,0.0,0.0,0.227,0.19,0.25,0.0,35.28,-35.28,0,0.0,少数参考,参考
4395,下河雅史,6,6,4,0.0,0.0,50.0,50.0,0.193,0.15,0.24,0.0,22.5,27.5,0,0.0,少数参考,参考
5250,嶋田有里,4,4,3,0.0,0.0,0.0,0.0,0.233,0.12,0.34,0.0,47.51,-47.51,0,0.0,少数参考,参考
4947,間庭菜摘,6,6,5,0.0,20.0,0.0,20.0,0.162,0.14,0.21,40.0,22.5,-2.5,0,0.0,標準,C
4259,真庭明志,4,4,8,0.0,0.0,62.5,62.5,0.159,0.13,0.21,37.5,47.51,14.99,0,0.0,得意,C
3652,森下勇,3,3,3,0.0,0.0,33.33,33.33,0.187,0.09,0.31,33.33,55.75,-22.42,0,0.0,少数参考,参考
5297,南彩寧,6,6,6,0.0,0.0,0.0,0.0,0.21,0.07,0.33,33.33,22.5,-22.5,0,0.0,苦手,C
4947,間庭菜摘,1,1,5,60.0,0.0,20.0,80.0,0.152,0.02,0.23,20.0,85.37,-5.37,0,0.0,得意,C
5207,高山敬悟,3,3,11,0.0,54.55,18.18,72.73,0.15,0.05,0.25,9.09,55.75,16.98,0,0.0,得意,B
3869,井芹大志,6,6,3,0.0,0.0,33.33,33.33,0.173,0.14,0.19,0.0,22.5,10.83,0,0.0,少数参考,参考
4395,下河雅史,1,1,5,60.0,0.0,40.0,100.0,0.14,0.12,0.19,40.0,85.37,14.63,0,0.0,得意,C
5274,城間盛渚,2,2,4,25.0,0.0,0.0,25.0,0.195,0.1,0.39,25.0,57.15,-32.15,0,0.0,少数参考,参考
5208,屋良龍紀,4,4,8,0.0,0.0,37.5,37.5,0.131,0.06,0.23,25.0,47.51,-10.01,0,0.0,苦手,C
3499,市川哲也,6,6,3,0.0,0.0,33.33,33.33,0.147,0.12,0.19,0.0,22.5,10.83,0,0.0,少数参考,参考
5207,高山敬悟,4,4,6,33.33,0.0,33.33,66.67,0.113,0.01,0.23,66.67,47.51,19.16,0,0.0,得意,C
3652,森下勇,4,4,3,0.0,0.0,0.0,0.0,0.18,0.17,0.19,0.0,47.51,-47.51,0,0.0,少数参考,参考
5297,南彩寧,5,5,3,0.0,0.0,0.0,0.0,0.21,0.17,0.24,0.0,35.28,-35.28,0,0.0,少数参考,参考
4259,真庭明志,1,1,8,37.5,62.5,0.0,100.0,0.109,0.03,0.18,37.5,85.37,14.63,0,0.0,得意,C
5208,屋良龍紀,3,3,9,0.0,0.0,11.11,11.11,0.128,0.04,0.21,22.22,55.75,-44.64,0,0.0,苦手,C
4642,松尾夏海,1,1,7,85.71,14.29,0.0,100.0,0.134,0.07,0.24,28.57,85.37,14.63,0,0.0,得意,C
5207,高山敬悟,1,1,3,66.67,0.0,33.33,100.0,0.207,0.17,0.23,0.0,85.37,14.63,0,0.0,少数参考,参考
5208,屋良龍紀,1,1,5,0.0,20.0,40.0,60.0,0.168,0.07,0.32,20.0,85.37,-25.37,0,0.0,苦手,C
5218,山田理央,1,1,6,50.0,16.67,16.67,83.33,0.282,0.08,0.79,16.67,85.37,-2.04,0,0.0,標準,C
4642,松尾夏海,2,2,3,33.33,33.33,0.0,66.67,0.137,0.11,0.15,0.0,57.15,9.52,0,0.0,少数参考,参考
5274,城間盛渚,1,1,3,33.33,66.67,0.0,100.0,0.127,0.09,0.15,33.33,85.37,14.63,0,0.0,少数参考,参考
4259,真庭明志,3,3,5,0.0,20.0,40.0,60.0,0.108,0.03,0.16,20.0,55.75,4.25,0,0.0,やや得意,C
3652,森下勇,5,5,3,0.0,0.0,0.0,0.0,0.147,0.12,0.19,0.0,35.28,-35.28,0,0.0,少数参考,参考
5261,岡暢祐,3,3,4,50.0,0.0,25.0,75.0,0.128,0.06,0.16,25.0,55.75,19.25,0,0.0,少数参考,参考
5289,佃來紀,6,6,4,0.0,25.0,0.0,25.0,0.128,0.08,0.17,50.0,22.5,2.5,0,0.0,少数参考,参考
5208,屋良龍紀,6,6,5,0.0,0.0,0.0,0.0,0.186,0.14,0.31,40.0,22.5,-22.5,0,0.0,苦手,C
5207,高山敬悟,6,6,4,0.0,0.0,0.0,0.0,0.113,0.03,0.22,25.0,22.5,-22.5,0,0.0,少数参考,参考
4642,松尾夏海,5,5,5,0.0,40.0,40.0,80.0,0.114,0.07,0.14,20.0,35.28,44.72,0,0.0,得意,C
5311,小林京平,5,5,10,0.0,10.0,20.0,30.0,0.148,0.03,0.36,60.0,35.28,-5.28,0,0.0,標準,B
4809,外崎悟,4,4,3,33.33,33.33,0.0,66.67,0.133,0.09,0.2,66.67,47.51,19.16,0,0.0,少数参考,参考
5329,金子龍斗,6,6,8,0.0,12.5,12.5,25.0,0.171,0.05,0.35,25.0,22.5,2.5,0,0.0,標準,C
5311,小林京平,4,4,13,15.38,7.69,15.38,38.46,0.131,0.03,0.32,38.46,47.51,-9.05,0,0.0,標準,B
4809,外崎悟,3,3,3,0.0,0.0,33.33,33.33,0.15,0.09,0.19,33.33,55.75,-22.42,0,0.0,少数参考,参考
5284,嘉手苅徹哉,4,4,4,0.0,0.0,0.0,0.0,0.128,0.07,0.18,25.0,47.51,-47.51,0,0.0,少数参考,参考
4809,外崎悟,6,6,3,0.0,0.0,66.67,66.67,0.163,0.06,0.26,33.33,22.5,44.17,0,0.0,少数参考,参考
4543,重木輝彦,4,4,4,0.0,0.0,75.0,75.0,0.232,0.06,0.38,0.0,47.51,27.49,0,0.0,少数参考,参考
4143,浦田晃嗣,5,5,3,0.0,33.33,0.0,33.33,0.12,0.07,0.18,33.33,35.28,-1.95,0,0.0,少数参考,参考
4809,外崎悟,1,1,4,50.0,0.0,0.0,50.0,0.152,0.04,0.24,0.0,85.37,-35.37,0,0.0,少数参考,参考
5223,森清友翔,4,4,6,16.67,16.67,33.33,66.67,0.145,0.07,0.24,0.0,47.51,19.16,0,0.0,得意,C
5333,山下智己,6,6,3,0.0,0.0,33.33,33.33,0.163,0.09,0.27,33.33,22.5,10.83,0,0.0,少数参考,参考
5333,山下智己,5,6,3,0.0,0.0,33.33,33.33,0.093,0.03,0.19,33.33,22.5,10.83,3,100.0,少数参考,参考
5247,大森翼,3,3,4,0.0,0.0,25.0,25.0,0.177,0.12,0.21,0.0,55.75,-30.75,0,0.0,少数参考,参考
4561,藤山翔大,1,1,5,80.0,20.0,0.0,100.0,0.192,0.11,0.28,0.0,85.37,14.63,0,0.0,得意,C
3532,柴田光,5,2,3,33.33,66.67,0.0,100.0,0.2,0.14,0.25,33.33,57.15,42.85,3,100.0,少数参考,参考
4761,山田晃大,2,2,6,0.0,0.0,33.33,33.33,0.145,0.07,0.26,50.0,57.15,-23.82,0,0.0,苦手,C
4623,中北将史,3,3,3,0.0,33.33,33.33,66.67,0.133,0.06,0.21,100.0,55.75,10.92,0,0.0,少数参考,参考
5085,中村栄治,1,1,3,33.33,33.33,0.0,66.67,0.1,0.07,0.15,33.33,85.37,-18.7,0,0.0,少数参考,参考
4761,山田晃大,5,5,5,40.0,0.0,0.0,40.0,0.106,0.06,0.14,40.0,35.28,4.72,0,0.0,やや得意,C
5163,清水愛海,2,2,8,12.5,37.5,25.0,75.0,0.164,0.08,0.22,12.5,57.15,17.85,0,0.0,得意,C
3771,折下寛法,2,2,3,0.0,100.0,0.0,100.0,0.12,0.11,0.13,33.33,57.15,42.85,0,0.0,少数参考,参考
4619,伏田裕隆,5,6,4,0.0,0.0,25.0,25.0,0.277,0.12,0.41,25.0,22.5,2.5,4,100.0,少数参考,参考
3538,菊池峰晴,1,1,6,16.67,50.0,16.67,83.33,0.153,0.09,0.2,0.0,85.37,-2.04,0,0.0,標準,C
5196,鰐部太空海,2,2,4,50.0,0.0,25.0,75.0,0.145,0.04,0.2,25.0,57.15,17.85,0,0.0,少数参考,参考
3771,折下寛法,5,5,3,0.0,0.0,33.33,33.33,0.177,0.13,0.27,66.67,35.28,-1.95,0,0.0,少数参考,参考
4619,伏田裕隆,6,6,3,0.0,0.0,0.0,0.0,0.157,0.11,0.18,33.33,22.5,-22.5,0,0.0,少数参考,参考
3538,菊池峰晴,2,2,4,25.0,25.0,25.0,75.0,0.155,0.09,0.24,25.0,57.15,17.85,0,0.0,少数参考,参考
3771,折下寛法,1,1,3,33.33,66.67,0.0,100.0,0.11,0.07,0.18,66.67,85.37,14.63,0,0.0,少数参考,参考
5196,鰐部太空海,5,5,6,16.67,16.67,16.67,50.0,0.158,0.04,0.36,50.0,35.28,14.72,0,0.0,得意,C
3388,今垣光太郎,1,1,7,100.0,0.0,0.0,100.0,0.157,0.06,0.23,14.29,85.37,14.63,0,0.0,得意,C
4603,谷川将太,4,4,7,14.29,14.29,14.29,42.86,0.129,0.09,0.18,28.57,47.51,-4.65,0,0.0,標準,C
4619,伏田裕隆,4,6,4,25.0,25.0,0.0,50.0,0.203,0.07,0.28,25.0,22.5,27.5,4,100.0,少数参考,参考
3538,菊池峰晴,5,5,5,0.0,0.0,0.0,0.0,0.202,0.17,0.24,0.0,35.28,-35.28,0,0.0,苦手,C
4129,宇野博之,6,6,4,0.0,0.0,25.0,25.0,0.163,0.11,0.25,25.0,22.5,2.5,0,0.0,少数参考,参考
4876,梅木敬太,2,2,5,0.0,0.0,20.0,20.0,0.19,0.11,0.27,0.0,57.15,-37.15,0,0.0,苦手,C
3538,菊池峰晴,6,6,5,0.0,0.0,20.0,20.0,0.216,0.13,0.36,0.0,22.5,-2.5,0,0.0,標準,C
4603,谷川将太,3,3,5,0.0,0.0,40.0,40.0,0.106,0.02,0.16,60.0,55.75,-15.75,0,0.0,苦手,C
5196,鰐部太空海,1,1,4,100.0,0.0,0.0,100.0,0.195,0.12,0.29,25.0,85.37,14.63,0,0.0,少数参考,参考
3771,折下寛法,3,3,4,0.0,25.0,25.0,50.0,0.128,0.11,0.15,50.0,55.75,-5.75,0,0.0,少数参考,参考
3538,菊池峰晴,3,3,5,0.0,20.0,40.0,60.0,0.178,0.08,0.34,40.0,55.75,4.25,0,0.0,やや得意,C
5196,鰐部太空海,4,4,3,33.33,66.67,0.0,100.0,0.127,0.09,0.19,33.33,47.51,52.49,0,0.0,少数参考,参考
4063,市橋卓士,4,4,4,0.0,25.0,0.0,25.0,0.125,0.08,0.19,0.0,47.51,-22.51,0,0.0,少数参考,参考
4603,谷川将太,2,2,3,0.0,66.67,0.0,66.67,0.087,0.01,0.13,66.67,57.15,9.52,0,0.0,少数参考,参考
5196,鰐部太空海,3,3,4,25.0,0.0,25.0,50.0,0.135,0.04,0.31,0.0,55.75,-5.75,0,0.0,少数参考,参考
5046,松山裕基,4,4,3,0.0,66.67,0.0,66.67,0.09,0.06,0.12,66.67,47.51,19.16,0,0.0,少数参考,参考
4603,谷川将太,5,5,4,0.0,50.0,25.0,75.0,0.167,0.15,0.21,25.0,35.28,39.72,0,0.0,少数参考,参考
3668,市川猛,5,5,3,0.0,33.33,0.0,33.33,0.247,0.21,0.32,0.0,35.28,-1.95,0,0.0,少数参考,参考
5258,仲本舜,6,6,3,0.0,0.0,0.0,0.0,0.25,0.23,0.28,0.0,22.5,-22.5,0,0.0,少数参考,参考
4808,松尾拓,3,3,4,50.0,25.0,25.0,100.0,0.13,0.06,0.19,0.0,55.75,44.25,0,0.0,少数参考,参考
5212,西川拓利,4,4,5,0.0,20.0,80.0,100.0,0.154,0.05,0.28,40.0,47.51,52.49,0,0.0,得意,C
4019,笠原亮,6,6,3,0.0,33.33,33.33,66.67,0.213,0.21,0.22,0.0,22.5,44.17,0,0.0,少数参考,参考
5258,仲本舜,2,2,3,0.0,0.0,0.0,0.0,0.26,0.22,0.32,0.0,57.15,-57.15,0,0.0,少数参考,参考
4653,小野達哉,4,4,3,33.33,33.33,0.0,66.67,0.147,0.13,0.18,66.67,47.51,19.16,0,0.0,少数参考,参考
4228,吉田慎二郎,3,3,6,0.0,50.0,33.33,83.33,0.157,0.12,0.2,0.0,55.75,27.58,0,0.0,得意,C
4808,松尾拓,6,6,3,0.0,0.0,0.0,0.0,0.157,0.09,0.19,0.0,22.5,-22.5,0,0.0,少数参考,参考
5157,市川健太,3,3,5,20.0,20.0,0.0,40.0,0.162,0.08,0.21,40.0,55.75,-15.75,0,0.0,苦手,C
4943,八木治樹,6,6,3,0.0,33.33,0.0,33.33,0.17,0.13,0.21,0.0,22.5,10.83,0,0.0,少数参考,参考
4808,松尾拓,4,4,3,0.0,33.33,33.33,66.67,0.15,0.12,0.19,0.0,47.51,19.16,0,0.0,少数参考,参考
4653,小野達哉,6,6,4,0.0,0.0,75.0,75.0,0.17,0.11,0.28,50.0,22.5,52.5,0,0.0,少数参考,参考
5258,仲本舜,5,5,3,0.0,0.0,0.0,0.0,0.143,0.07,0.21,0.0,35.28,-35.28,0,0.0,少数参考,参考
5157,市川健太,5,5,3,0.0,0.0,0.0,0.0,0.157,0.14,0.17,33.33,35.28,-35.28,0,0.0,少数参考,参考
4019,笠原亮,1,1,3,66.67,0.0,0.0,66.67,0.173,0.11,0.22,0.0,85.37,-18.7,0,0.0,少数参考,参考
5258,仲本舜,3,3,5,0.0,20.0,20.0,40.0,0.172,0.15,0.23,0.0,55.75,-15.75,0,0.0,苦手,C
4808,松尾拓,2,2,4,25.0,25.0,25.0,75.0,0.163,0.11,0.26,25.0,57.15,17.85,0,0.0,少数参考,参考
5157,市川健太,6,6,3,0.0,0.0,33.33,33.33,0.09,0.05,0.12,66.67,22.5,10.83,0,0.0,少数参考,参考
5157,市川健太,2,2,4,0.0,0.0,25.0,25.0,0.165,0.1,0.28,25.0,57.15,-32.15,0,0.0,少数参考,参考
4808,松尾拓,5,5,3,0.0,66.67,33.33,100.0,0.173,0.15,0.19,0.0,35.28,64.72,0,0.0,少数参考,参考
4653,小野達哉,1,1,5,100.0,0.0,0.0,100.0,0.114,0.06,0.2,60.0,85.37,14.63,0,0.0,得意,C
5212,西川拓利,1,1,3,66.67,0.0,0.0,66.67,0.18,0.15,0.2,0.0,85.37,-18.7,0,0.0,少数参考,参考
4019,笠原亮,3,3,3,0.0,0.0,33.33,33.33,0.223,0.15,0.31,0.0,55.75,-22.42,0,0.0,少数参考,参考
4808,松尾拓,1,1,4,50.0,25.0,0.0,75.0,0.14,0.06,0.28,50.0,85.37,-10.37,0,0.0,少数参考,参考
5157,市川健太,4,4,4,25.0,0.0,25.0,50.0,0.105,0.05,0.14,75.0,47.51,2.49,0,0.0,少数参考,参考
5212,西川拓利,2,2,4,0.0,25.0,25.0,50.0,0.138,0.1,0.18,0.0,57.15,-7.15,0,0.0,少数参考,参考
4077,品田直樹,2,2,4,0.0,25.0,0.0,25.0,0.168,0.14,0.18,25.0,57.15,-32.15,0,0.0,少数参考,参考
4537,渡邉和将,2,2,4,25.0,50.0,0.0,75.0,0.11,0.08,0.18,0.0,57.15,17.85,0,0.0,少数参考,参考
4077,品田直樹,1,1,3,33.33,66.67,0.0,100.0,0.147,0.11,0.2,0.0,85.37,14.63,0,0.0,少数参考,参考
4713,白神優,2,2,4,50.0,50.0,0.0,100.0,0.09,0.03,0.17,25.0,57.15,42.85,0,0.0,少数参考,参考
3966,作間章,3,3,3,0.0,33.33,33.33,66.67,0.16,0.12,0.2,0.0,55.75,10.92,0,0.0,少数参考,参考
4077,品田直樹,5,5,3,33.33,0.0,0.0,33.33,0.183,0.14,0.24,0.0,35.28,-1.95,0,0.0,少数参考,参考
4882,瀧川千依,3,3,4,0.0,0.0,0.0,0.0,0.225,0.14,0.31,0.0,55.75,-55.75,0,0.0,少数参考,参考
4077,品田直樹,6,6,3,0.0,0.0,0.0,0.0,0.177,0.17,0.19,0.0,22.5,-22.5,0,0.0,少数参考,参考
4077,品田直樹,4,4,4,0.0,0.0,25.0,25.0,0.155,0.09,0.19,0.0,47.51,-22.51,0,0.0,少数参考,参考
5243,三馬崇史,3,3,3,0.0,33.33,33.33,66.67,0.187,0.15,0.21,0.0,55.75,10.92,0,0.0,少数参考,参考
4487,三原司,3,3,4,25.0,25.0,25.0,75.0,0.18,0.11,0.28,0.0,55.75,19.25,0,0.0,少数参考,参考
4729,佐藤謙史朗,3,3,4,0.0,25.0,0.0,25.0,0.215,0.09,0.38,0.0,55.75,-30.75,0,0.0,少数参考,参考
3898,平田忠則,6,6,6,0.0,0.0,66.67,66.67,0.152,0.04,0.26,16.67,22.5,44.17,0,0.0,得意,C
4058,野末智一,1,1,6,50.0,16.67,33.33,100.0,0.168,0.13,0.19,16.67,85.37,14.63,0,0.0,得意,C
4790,柳内敬太,2,2,5,20.0,60.0,0.0,80.0,0.132,0.01,0.28,0.0,57.15,22.85,0,0.0,得意,C
3988,古川誠之,3,3,7,14.29,28.57,14.29,57.14,0.119,0.02,0.27,28.57,55.75,1.39,0,0.0,標準,C
5308,藤森拓海,4,4,3,0.0,0.0,0.0,0.0,0.213,0.16,0.27,0.0,47.51,-47.51,0,0.0,少数参考,参考
5122,相馬翔,2,2,5,0.0,20.0,40.0,60.0,0.17,0.11,0.24,0.0,57.15,2.85,0,0.0,標準,C
3909,佐々木康幸,5,5,8,12.5,25.0,12.5,50.0,0.096,0.04,0.15,50.0,35.28,14.72,0,0.0,得意,C
5352,西岡蒼志,6,6,10,0.0,0.0,10.0,10.0,0.187,0.04,0.3,10.0,22.5,-12.5,0,0.0,苦手,B
3898,平田忠則,2,2,3,0.0,33.33,0.0,33.33,0.17,0.16,0.19,0.0,57.15,-23.82,0,0.0,少数参考,参考
5122,相馬翔,5,5,5,0.0,20.0,20.0,40.0,0.164,0.09,0.22,0.0,35.28,4.72,0,0.0,やや得意,C
4189,川上剛,2,2,3,0.0,100.0,0.0,100.0,0.093,0.02,0.13,33.33,57.15,42.85,0,0.0,少数参考,参考
3988,古川誠之,6,6,5,0.0,20.0,0.0,20.0,0.166,0.09,0.22,20.0,22.5,-2.5,0,0.0,標準,C
5122,相馬翔,4,4,6,16.67,33.33,16.67,66.67,0.143,0.06,0.23,16.67,47.51,19.16,0,0.0,得意,C
4058,野末智一,6,6,5,0.0,20.0,20.0,40.0,0.228,0.19,0.29,0.0,22.5,17.5,0,0.0,得意,C
5336,瀬川大地,4,6,6,0.0,0.0,0.0,0.0,0.212,0.12,0.28,0.0,22.5,-22.5,6,100.0,苦手,C
4161,黒柳浩孝,1,1,3,66.67,0.0,33.33,100.0,0.097,0.08,0.12,0.0,85.37,14.63,0,0.0,少数参考,参考
3477,近藤稔也,3,3,4,0.0,25.0,0.0,25.0,0.147,0.06,0.19,25.0,55.75,-30.75,0,0.0,少数参考,参考
5308,藤森拓海,6,6,4,0.0,0.0,0.0,0.0,0.085,0.02,0.16,50.0,22.5,-22.5,0,0.0,少数参考,参考
3898,平田忠則,1,1,7,57.14,0.0,14.29,71.43,0.206,0.06,0.35,14.29,85.37,-13.94,0,0.0,苦手,C
5008,羽野諒,3,3,3,0.0,0.0,33.33,33.33,0.123,0.09,0.17,33.33,55.75,-22.42,0,0.0,少数参考,参考
4058,野末智一,4,4,3,0.0,0.0,0.0,0.0,0.193,0.14,0.25,0.0,47.51,-47.51,0,0.0,少数参考,参考
4839,四宮与寛,3,3,3,0.0,66.67,0.0,66.67,0.16,0.14,0.17,33.33,55.75,10.92,0,0.0,少数参考,参考
3741,松尾基成,4,4,3,0.0,0.0,0.0,0.0,0.197,0.14,0.24,0.0,47.51,-47.51,0,0.0,少数参考,参考
4113,木村浩士,6,6,3,0.0,0.0,0.0,0.0,0.133,0.09,0.17,0.0,22.5,-22.5,0,0.0,少数参考,参考
4161,黒柳浩孝,2,2,3,33.33,0.0,66.67,100.0,0.177,0.14,0.24,0.0,57.15,42.85,0,0.0,少数参考,参考
4004,山本浩輔,1,1,4,25.0,0.0,25.0,50.0,0.138,0.06,0.27,25.0,85.37,-35.37,0,0.0,少数参考,参考
4058,野末智一,5,5,5,0.0,20.0,40.0,60.0,0.196,0.17,0.23,0.0,35.28,24.72,0,0.0,得意,C
5122,相馬翔,3,3,5,0.0,20.0,20.0,40.0,0.132,0.06,0.18,20.0,55.75,-15.75,0,0.0,苦手,C
5008,羽野諒,2,2,4,0.0,25.0,25.0,50.0,0.165,0.11,0.21,50.0,57.15,-7.15,0,0.0,少数参考,参考
3898,平田忠則,4,4,5,0.0,40.0,40.0,80.0,0.132,0.05,0.23,20.0,47.51,32.49,0,0.0,得意,C
4058,野末智一,2,2,5,0.0,40.0,20.0,60.0,0.198,0.18,0.25,0.0,57.15,2.85,0,0.0,標準,C
3898,平田忠則,3,3,4,0.0,50.0,25.0,75.0,0.133,0.08,0.18,25.0,55.75,19.25,0,0.0,少数参考,参考
3988,古川誠之,1,1,7,57.14,42.86,0.0,100.0,0.139,0.06,0.21,71.43,85.37,14.63,0,0.0,得意,C
5308,藤森拓海,3,3,4,0.0,25.0,0.0,25.0,0.147,0.08,0.26,50.0,55.75,-30.75,0,0.0,少数参考,参考
4790,柳内敬太,5,5,3,33.33,33.33,33.33,100.0,0.127,0.05,0.24,0.0,35.28,64.72,0,0.0,少数参考,参考
4058,野末智一,3,3,5,0.0,40.0,40.0,80.0,0.178,0.12,0.23,20.0,55.75,24.25,0,0.0,得意,C
3876,中辻崇人,3,3,4,25.0,0.0,50.0,75.0,0.138,0.02,0.25,25.0,55.75,19.25,0,0.0,少数参考,参考
5122,相馬翔,1,1,3,66.67,33.33,0.0,100.0,0.137,0.1,0.19,0.0,85.37,14.63,0,0.0,少数参考,参考
5122,相馬翔,6,6,3,0.0,0.0,0.0,0.0,0.213,0.17,0.24,0.0,22.5,-22.5,0,0.0,少数参考,参考
5008,羽野諒,4,4,3,33.33,0.0,33.33,66.67,0.087,0.01,0.15,33.33,47.51,19.16,0,0.0,少数参考,参考
4550,石岡将太,5,5,3,33.33,0.0,0.0,33.33,0.137,0.11,0.16,0.0,35.28,-1.95,0,0.0,少数参考,参考
3505,山田竜一,1,1,3,33.33,33.33,0.0,66.67,0.127,0.08,0.21,66.67,85.37,-18.7,0,0.0,少数参考,参考
3557,太田和美,1,1,3,0.0,33.33,33.33,66.67,0.147,0.1,0.23,0.0,85.37,-18.7,0,0.0,少数参考,参考
4333,村田友也,4,6,3,0.0,0.0,33.33,33.33,0.22,0.15,0.35,0.0,22.5,10.83,3,100.0,少数参考,参考
3505,山田竜一,6,6,3,0.0,0.0,0.0,0.0,0.07,0.04,0.12,33.33,22.5,-22.5,0,0.0,少数参考,参考
3422,服部幸男,1,1,4,100.0,0.0,0.0,100.0,0.155,0.1,0.21,25.0,85.37,14.63,0,0.0,少数参考,参考
5063,大塚雅治,3,3,3,0.0,33.33,33.33,66.67,0.12,0.06,0.17,66.67,55.75,10.92,0,0.0,少数参考,参考
4550,石岡将太,2,2,4,0.0,50.0,25.0,75.0,0.128,0.08,0.17,0.0,57.15,17.85,0,0.0,少数参考,参考
3505,山田竜一,3,3,3,0.0,0.0,33.33,33.33,0.127,0.04,0.21,0.0,55.75,-22.42,0,0.0,少数参考,参考
5059,冨田祥,6,6,3,0.0,0.0,0.0,0.0,0.153,0.06,0.34,33.33,22.5,-22.5,0,0.0,少数参考,参考
4550,石岡将太,4,4,4,0.0,25.0,0.0,25.0,0.177,0.14,0.22,0.0,47.51,-22.51,0,0.0,少数参考,参考
5063,大塚雅治,2,2,5,0.0,40.0,0.0,40.0,0.172,0.14,0.22,20.0,57.15,-17.15,0,0.0,苦手,C
3557,太田和美,2,2,4,0.0,25.0,0.0,25.0,0.175,0.11,0.27,0.0,57.15,-32.15,0,0.0,少数参考,参考
3557,太田和美,5,5,3,0.0,0.0,66.67,66.67,0.203,0.13,0.25,33.33,35.28,31.39,0,0.0,少数参考,参考
5235,岩田凌,2,2,5,0.0,0.0,0.0,0.0,0.196,0.16,0.26,0.0,57.15,-57.15,0,0.0,苦手,C
5214,田中宏典,3,3,6,0.0,50.0,16.67,66.67,0.138,0.07,0.2,0.0,55.75,10.92,0,0.0,得意,C
5086,本村大,6,6,4,0.0,0.0,0.0,0.0,0.242,0.15,0.37,0.0,22.5,-22.5,0,0.0,少数参考,参考
5312,川辺郭人,6,6,10,0.0,0.0,10.0,10.0,0.166,0.04,0.28,20.0,22.5,-12.5,0,0.0,苦手,B
5110,杉山喜一,2,2,6,0.0,0.0,33.33,33.33,0.16,0.08,0.32,0.0,57.15,-23.82,0,0.0,苦手,C
5235,岩田凌,5,5,3,0.0,0.0,0.0,0.0,0.173,0.13,0.24,0.0,35.28,-35.28,0,0.0,少数参考,参考
5191,飛田江己,1,1,4,100.0,0.0,0.0,100.0,0.098,0.07,0.12,50.0,85.37,14.63,0,0.0,少数参考,参考
5039,倉田茂将,2,2,5,20.0,0.0,20.0,40.0,0.198,0.15,0.26,0.0,57.15,-17.15,0,0.0,苦手,C
5150,坂本雄紀,5,5,3,0.0,0.0,66.67,66.67,0.123,0.06,0.16,33.33,35.28,31.39,0,0.0,少数参考,参考
5086,本村大,2,2,7,0.0,0.0,28.57,28.57,0.193,0.14,0.31,0.0,57.15,-28.58,0,0.0,苦手,C
5217,藤原碧生,3,3,4,0.0,50.0,0.0,50.0,0.098,0.04,0.16,50.0,55.75,-5.75,0,0.0,少数参考,参考
5039,倉田茂将,4,4,9,11.11,22.22,22.22,55.56,0.101,0.02,0.19,55.56,47.51,8.05,0,0.0,得意,C
5110,杉山喜一,5,5,7,0.0,0.0,0.0,0.0,0.14,0.08,0.19,0.0,35.28,-35.28,0,0.0,苦手,C
5098,大江純,6,6,3,0.0,0.0,0.0,0.0,0.237,0.14,0.31,0.0,22.5,-22.5,0,0.0,少数参考,参考
5086,本村大,1,1,5,80.0,0.0,0.0,80.0,0.116,0.07,0.15,60.0,85.37,-5.37,0,0.0,得意,C
5235,岩田凌,3,3,5,20.0,0.0,0.0,20.0,0.156,0.0,0.3,20.0,55.75,-35.75,0,0.0,苦手,C
5111,三村岳人,1,1,3,66.67,0.0,33.33,100.0,0.173,0.11,0.23,0.0,85.37,14.63,0,0.0,少数参考,参考
5068,前田滉,3,3,3,0.0,66.67,0.0,66.67,0.11,0.03,0.18,33.33,55.75,10.92,0,0.0,少数参考,参考
5039,倉田茂将,1,1,4,75.0,0.0,0.0,75.0,0.147,0.1,0.25,50.0,85.37,-10.37,0,0.0,少数参考,参考
5217,藤原碧生,5,5,4,25.0,0.0,25.0,50.0,0.172,0.15,0.22,50.0,35.28,14.72,0,0.0,少数参考,参考
5191,飛田江己,4,4,3,0.0,33.33,33.33,66.67,0.13,0.08,0.16,66.67,47.51,19.16,0,0.0,少数参考,参考
5150,坂本雄紀,1,1,6,66.67,33.33,0.0,100.0,0.148,0.09,0.27,33.33,85.37,14.63,0,0.0,得意,C
5110,杉山喜一,3,3,4,0.0,0.0,0.0,0.0,0.138,0.11,0.17,0.0,55.75,-55.75,0,0.0,少数参考,参考
5312,川辺郭人,5,5,6,0.0,0.0,0.0,0.0,0.137,0.1,0.2,16.67,35.28,-35.28,0,0.0,苦手,C
5087,佐藤航,6,6,5,0.0,20.0,40.0,60.0,0.12,0.05,0.2,40.0,22.5,37.5,0,0.0,得意,C
5068,前田滉,1,1,5,100.0,0.0,0.0,100.0,0.134,0.07,0.19,40.0,85.37,14.63,0,0.0,得意,C
5150,坂本雄紀,3,3,4,0.0,50.0,25.0,75.0,0.072,0.02,0.11,50.0,55.75,19.25,0,0.0,少数参考,参考
5214,田中宏典,1,1,4,100.0,0.0,0.0,100.0,0.13,0.01,0.24,25.0,85.37,14.63,0,0.0,少数参考,参考
5039,倉田茂将,3,3,6,16.67,50.0,0.0,66.67,0.135,0.07,0.25,33.33,55.75,10.92,0,0.0,得意,C
5110,杉山喜一,4,4,4,0.0,25.0,50.0,75.0,0.103,0.03,0.15,25.0,47.51,27.49,0,0.0,少数参考,参考
5150,坂本雄紀,4,4,4,0.0,25.0,25.0,50.0,0.172,0.02,0.35,50.0,47.51,2.49,0,0.0,少数参考,参考
5073,上原健次郎,2,2,3,0.0,0.0,100.0,100.0,0.107,0.09,0.12,0.0,57.15,42.85,0,0.0,少数参考,参考
5217,藤原碧生,6,6,6,33.33,33.33,0.0,66.67,0.147,0.08,0.22,33.33,22.5,44.17,0,0.0,得意,C
5086,本村大,3,3,9,0.0,22.22,22.22,44.44,0.172,0.09,0.22,11.11,55.75,-11.31,0,0.0,苦手,C
5191,飛田江己,6,6,4,25.0,0.0,50.0,75.0,0.09,0.02,0.14,75.0,22.5,52.5,0,0.0,少数参考,参考
5098,大江純,5,5,5,0.0,0.0,40.0,40.0,0.23,0.13,0.32,0.0,35.28,4.72,0,0.0,やや得意,C
5235,岩田凌,6,6,5,0.0,0.0,0.0,0.0,0.254,0.21,0.33,0.0,22.5,-22.5,0,0.0,苦手,C
5110,杉山喜一,6,6,4,0.0,0.0,25.0,25.0,0.22,0.13,0.31,0.0,22.5,2.5,0,0.0,少数参考,参考
5191,飛田江己,2,2,5,20.0,0.0,20.0,40.0,0.15,0.12,0.22,0.0,57.15,-17.15,0,0.0,苦手,C
5150,坂本雄紀,6,6,4,25.0,25.0,0.0,50.0,0.217,0.19,0.26,0.0,22.5,27.5,0,0.0,少数参考,参考
5039,倉田茂将,5,5,3,0.0,0.0,66.67,66.67,0.087,0.08,0.1,33.33,35.28,31.39,0,0.0,少数参考,参考
5235,岩田凌,4,4,4,0.0,0.0,25.0,25.0,0.213,0.07,0.36,25.0,47.51,-22.51,0,0.0,少数参考,参考
5110,杉山喜一,1,1,4,100.0,0.0,0.0,100.0,0.16,0.08,0.25,50.0,85.37,14.63,0,0.0,少数参考,参考
5073,上原健次郎,3,3,3,0.0,66.67,0.0,66.67,0.217,0.18,0.24,0.0,55.75,10.92,0,0.0,少数参考,参考
5086,本村大,5,5,7,0.0,0.0,14.29,14.29,0.183,0.12,0.25,0.0,35.28,-20.99,0,0.0,苦手,C
5235,岩田凌,1,1,3,66.67,0.0,0.0,66.67,0.133,0.06,0.2,33.33,85.37,-18.7,0,0.0,少数参考,参考
5166,仲道大輔,4,4,3,0.0,0.0,100.0,100.0,0.213,0.18,0.27,0.0,47.51,52.49,0,0.0,少数参考,参考
5086,本村大,4,4,7,14.29,14.29,0.0,28.57,0.174,0.09,0.29,14.29,47.51,-18.94,0,0.0,苦手,C
5150,坂本雄紀,2,2,3,33.33,0.0,0.0,33.33,0.15,0.11,0.21,0.0,57.15,-23.82,0,0.0,少数参考,参考
5073,上原健次郎,5,5,3,0.0,0.0,33.33,33.33,0.12,0.09,0.16,33.33,35.28,-1.95,0,0.0,少数参考,参考
5111,三村岳人,6,6,3,0.0,0.0,0.0,0.0,0.12,0.06,0.16,33.33,22.5,-22.5,0,0.0,少数参考,参考
4056,小西英輝,1,1,4,0.0,25.0,25.0,50.0,0.182,0.13,0.25,25.0,85.37,-35.37,0,0.0,少数参考,参考
5293,眞崎武蔵,5,6,3,0.0,0.0,0.0,0.0,0.203,0.14,0.27,0.0,22.5,-22.5,3,100.0,少数参考,参考
5079,大石真央,3,3,5,60.0,20.0,0.0,80.0,0.13,0.07,0.26,20.0,55.75,24.25,0,0.0,得意,C
4730,土屋実沙希,3,3,4,25.0,0.0,0.0,25.0,0.098,0.02,0.19,0.0,55.75,-30.75,0,0.0,少数参考,参考
5293,眞崎武蔵,6,6,4,0.0,0.0,0.0,0.0,0.203,0.14,0.25,0.0,22.5,-22.5,0,0.0,少数参考,参考
4339,平瀬城啓,2,2,3,0.0,66.67,0.0,66.67,0.137,0.12,0.16,33.33,57.15,9.52,0,0.0,少数参考,参考
4730,土屋実沙希,4,4,3,33.33,0.0,0.0,33.33,0.25,0.19,0.34,0.0,47.51,-14.18,0,0.0,少数参考,参考
5079,大石真央,6,6,3,0.0,0.0,0.0,0.0,0.203,0.17,0.23,33.33,22.5,-22.5,0,0.0,少数参考,参考
5079,大石真央,1,1,7,42.86,28.57,0.0,71.43,0.196,0.11,0.42,28.57,85.37,-13.94,0,0.0,苦手,C
4824,松井洪弥,3,3,3,33.33,0.0,0.0,33.33,0.137,0.09,0.18,66.67,55.75,-22.42,0,0.0,少数参考,参考
5167,小川竜太朗,6,6,4,0.0,0.0,0.0,0.0,0.235,0.2,0.25,0.0,22.5,-22.5,0,0.0,少数参考,参考
5079,大石真央,5,5,6,0.0,16.67,16.67,33.33,0.14,0.08,0.19,16.67,35.28,-1.95,0,0.0,標準,C
4056,小西英輝,4,4,5,0.0,0.0,40.0,40.0,0.2,0.16,0.23,0.0,47.51,-7.51,0,0.0,標準,C
5293,眞崎武蔵,5,5,4,0.0,50.0,0.0,50.0,0.11,0.03,0.17,50.0,35.28,14.72,0,0.0,少数参考,参考
3161,古場輝義,6,4,3,0.0,66.67,0.0,66.67,0.173,0.12,0.28,0.0,47.51,19.16,3,100.0,少数参考,参考
4723,寺島吉彦,6,6,5,0.0,20.0,0.0,20.0,0.1,0.01,0.16,20.0,22.5,-2.5,0,0.0,標準,C
5079,大石真央,2,2,5,0.0,60.0,20.0,80.0,0.206,0.14,0.31,0.0,57.15,22.85,0,0.0,得意,C
5293,眞崎武蔵,4,4,4,25.0,0.0,0.0,25.0,0.173,0.05,0.28,25.0,47.51,-22.51,0,0.0,少数参考,参考
4044,湯川浩司,4,4,4,25.0,0.0,25.0,50.0,0.182,0.12,0.28,0.0,47.51,2.49,0,0.0,少数参考,参考
3548,室田泰史,1,1,3,66.67,0.0,33.33,100.0,0.1,0.07,0.14,33.33,85.37,14.63,0,0.0,少数参考,参考
5079,大石真央,4,4,8,12.5,25.0,0.0,37.5,0.154,0.06,0.26,25.0,47.51,-10.01,0,0.0,苦手,C
4259,真庭明志,6,5,3,0.0,0.0,33.33,33.33,0.133,0.09,0.19,0.0,35.28,-1.95,3,100.0,少数参考,参考
4861,田中宏樹,2,2,3,33.33,33.33,0.0,66.67,0.19,0.09,0.34,33.33,57.15,9.52,0,0.0,少数参考,参考
4861,田中宏樹,1,1,4,50.0,25.0,25.0,100.0,0.193,0.12,0.27,25.0,85.37,14.63,0,0.0,少数参考,参考
4861,田中宏樹,6,6,3,0.0,33.33,0.0,33.33,0.25,0.21,0.29,0.0,22.5,10.83,0,0.0,少数参考,参考
4358,松本庸平,2,2,4,0.0,0.0,25.0,25.0,0.165,0.12,0.22,0.0,57.15,-32.15,0,0.0,少数参考,参考
3517,高橋勲,3,3,4,0.0,0.0,50.0,50.0,0.165,0.13,0.19,0.0,55.75,-5.75,0,0.0,少数参考,参考
5227,川原愛未,2,2,3,0.0,33.33,0.0,33.33,0.213,0.09,0.28,0.0,57.15,-23.82,0,0.0,少数参考,参考
5330,安河内鈴之介,6,6,3,0.0,0.0,33.33,33.33,0.133,0.04,0.23,33.33,22.5,10.83,0,0.0,少数参考,参考
3965,北中元樹,3,3,4,0.0,50.0,25.0,75.0,0.145,0.09,0.17,25.0,55.75,19.25,0,0.0,少数参考,参考
5330,安河内鈴之介,5,5,4,0.0,25.0,0.0,25.0,0.163,0.07,0.25,0.0,35.28,-10.28,0,0.0,少数参考,参考
4387,平山智加,5,5,3,0.0,0.0,0.0,0.0,0.133,0.03,0.21,33.33,35.28,-35.28,0,0.0,少数参考,参考
3517,高橋勲,2,2,4,0.0,25.0,25.0,50.0,0.125,0.06,0.18,0.0,57.15,-7.15,0,0.0,少数参考,参考
5134,大原祥昌,2,2,3,66.67,0.0,0.0,66.67,0.123,0.06,0.21,33.33,57.15,9.52,0,0.0,少数参考,参考
4624,高田明,1,1,6,16.67,50.0,16.67,83.33,0.183,0.08,0.29,16.67,85.37,-2.04,0,0.0,標準,C
5172,田村慶,3,3,4,0.0,25.0,25.0,50.0,0.163,0.1,0.21,0.0,55.75,-5.75,0,0.0,少数参考,参考
4358,松本庸平,3,3,4,0.0,0.0,0.0,0.0,0.198,0.12,0.32,0.0,55.75,-55.75,0,0.0,少数参考,参考
4358,松本庸平,5,5,3,0.0,0.0,0.0,0.0,0.297,0.22,0.34,0.0,35.28,-35.28,0,0.0,少数参考,参考
3538,菊池峰晴,4,4,3,0.0,0.0,0.0,0.0,0.237,0.22,0.25,0.0,47.51,-47.51,0,0.0,少数参考,参考
5245,倉富大誠,6,6,4,0.0,0.0,0.0,0.0,0.287,0.21,0.36,0.0,22.5,-22.5,0,0.0,少数参考,参考
5271,杉山太陽,5,5,3,0.0,0.0,33.33,33.33,0.137,0.11,0.18,66.67,35.28,-1.95,0,0.0,少数参考,参考
5348,小林甘寧,6,6,11,0.0,9.09,9.09,18.18,0.143,0.05,0.23,27.27,22.5,-4.32,0,0.0,標準,B
4435,服部達哉,5,5,5,0.0,0.0,60.0,60.0,0.152,0.1,0.2,20.0,35.28,24.72,0,0.0,得意,C
5348,小林甘寧,5,6,11,0.0,0.0,9.09,9.09,0.178,0.09,0.26,9.09,22.5,-13.41,11,100.0,苦手,B
5245,倉富大誠,5,6,3,0.0,0.0,0.0,0.0,0.263,0.23,0.28,0.0,22.5,-22.5,3,100.0,少数参考,参考
5271,杉山太陽,2,2,3,0.0,66.67,0.0,66.67,0.117,0.07,0.17,66.67,57.15,9.52,0,0.0,少数参考,参考
4761,山田晃大,4,4,3,33.33,0.0,0.0,33.33,0.117,0.05,0.15,33.33,47.51,-14.18,0,0.0,少数参考,参考
4435,服部達哉,2,2,6,33.33,16.67,0.0,50.0,0.133,0.06,0.17,33.33,57.15,-7.15,0,0.0,標準,C
4822,百武翔,3,3,5,0.0,20.0,20.0,40.0,0.178,0.11,0.28,0.0,55.75,-15.75,0,0.0,苦手,C
4677,片橋幸貴,5,5,3,0.0,0.0,66.67,66.67,0.063,0.05,0.07,100.0,35.28,31.39,0,0.0,少数参考,参考
3463,乙津康志,6,6,3,0.0,0.0,0.0,0.0,0.263,0.26,0.27,0.0,22.5,-22.5,0,0.0,少数参考,参考
4769,馬場剛,2,2,3,0.0,100.0,0.0,100.0,0.107,0.07,0.14,66.67,57.15,42.85,0,0.0,少数参考,参考
5095,小原聡将,2,2,4,0.0,25.0,50.0,75.0,0.152,0.1,0.21,50.0,57.15,17.85,0,0.0,少数参考,参考
3726,桂林寛,2,2,5,0.0,40.0,20.0,60.0,0.136,0.04,0.22,0.0,57.15,2.85,0,0.0,標準,C
4769,馬場剛,4,4,4,25.0,0.0,0.0,25.0,0.133,0.08,0.17,25.0,47.51,-22.51,0,0.0,少数参考,参考
5084,末永和也,5,5,3,33.33,0.0,33.33,66.67,0.153,0.11,0.23,33.33,35.28,31.39,0,0.0,少数参考,参考
3726,桂林寛,1,1,3,66.67,33.33,0.0,100.0,0.17,0.11,0.22,0.0,85.37,14.63,0,0.0,少数参考,参考
3463,乙津康志,2,2,5,0.0,20.0,60.0,80.0,0.2,0.16,0.25,0.0,57.15,22.85,0,0.0,得意,C
4303,牧原崇,3,3,4,25.0,25.0,0.0,50.0,0.145,0.08,0.21,0.0,55.75,-5.75,0,0.0,少数参考,参考
5084,末永和也,2,2,4,25.0,25.0,50.0,100.0,0.102,0.05,0.15,25.0,57.15,42.85,0,0.0,少数参考,参考
3463,乙津康志,4,4,7,0.0,28.57,14.29,42.86,0.137,0.05,0.2,42.86,47.51,-4.65,0,0.0,標準,C
3726,桂林寛,5,5,4,0.0,0.0,0.0,0.0,0.107,0.09,0.12,0.0,35.28,-35.28,0,0.0,少数参考,参考
4303,牧原崇,6,6,4,0.0,0.0,25.0,25.0,0.22,0.2,0.25,0.0,22.5,2.5,0,0.0,少数参考,参考
3463,乙津康志,1,1,4,0.0,75.0,0.0,75.0,0.193,0.08,0.3,0.0,85.37,-10.37,0,0.0,少数参考,参考
3726,桂林寛,6,6,3,0.0,0.0,0.0,0.0,0.153,0.08,0.22,33.33,22.5,-22.5,0,0.0,少数参考,参考
5093,浦野海,6,6,3,0.0,0.0,0.0,0.0,0.143,0.09,0.19,0.0,22.5,-22.5,0,0.0,少数参考,参考
4769,馬場剛,1,1,4,0.0,50.0,25.0,75.0,0.105,0.03,0.2,50.0,85.37,-10.37,0,0.0,少数参考,参考
3463,乙津康志,5,5,4,0.0,0.0,0.0,0.0,0.158,0.12,0.24,0.0,35.28,-35.28,0,0.0,少数参考,参考
5084,末永和也,1,1,5,100.0,0.0,0.0,100.0,0.134,0.09,0.18,0.0,85.37,14.63,0,0.0,得意,C
5095,小原聡将,1,1,3,66.67,0.0,0.0,66.67,0.147,0.14,0.16,66.67,85.37,-18.7,0,0.0,少数参考,参考
5336,瀬川大地,4,4,11,0.0,0.0,0.0,0.0,0.174,0.08,0.28,9.09,47.51,-47.51,0,0.0,苦手,B
5084,末永和也,6,6,3,33.33,33.33,0.0,66.67,0.19,0.14,0.23,0.0,22.5,44.17,0,0.0,少数参考,参考
4303,牧原崇,2,2,3,0.0,33.33,66.67,100.0,0.23,0.15,0.35,0.0,57.15,42.85,0,0.0,少数参考,参考
3463,乙津康志,3,3,4,0.0,25.0,50.0,75.0,0.13,0.05,0.19,25.0,55.75,19.25,0,0.0,少数参考,参考
5095,小原聡将,5,5,3,0.0,0.0,66.67,66.67,0.12,0.11,0.13,0.0,35.28,31.39,0,0.0,少数参考,参考
5311,小林京平,4,6,3,0.0,0.0,0.0,0.0,0.29,0.16,0.51,33.33,22.5,-22.5,3,100.0,少数参考,参考
4103,山崎善庸,2,2,3,0.0,66.67,0.0,66.67,0.227,0.19,0.26,0.0,57.15,9.52,0,0.0,少数参考,参考
4225,土屋千明,5,5,3,0.0,0.0,0.0,0.0,0.2,0.18,0.21,0.0,35.28,-35.28,0,0.0,少数参考,参考
4645,上村純一,1,1,3,100.0,0.0,0.0,100.0,0.133,0.11,0.15,66.67,85.37,14.63,0,0.0,少数参考,参考
5048,眞鳥康太,4,4,3,0.0,33.33,66.67,100.0,0.13,0.11,0.16,0.0,47.51,52.49,0,0.0,少数参考,参考
5048,眞鳥康太,5,5,3,0.0,0.0,0.0,0.0,0.177,0.14,0.21,0.0,35.28,-35.28,0,0.0,少数参考,参考
4857,加藤翔馬,4,5,4,25.0,0.0,0.0,25.0,0.195,0.16,0.23,0.0,35.28,-10.28,4,100.0,少数参考,参考
5222,津田陸翔,1,1,4,100.0,0.0,0.0,100.0,0.168,0.15,0.18,0.0,85.37,14.63,0,0.0,少数参考,参考
4225,土屋千明,4,4,3,0.0,0.0,66.67,66.67,0.147,0.1,0.19,0.0,47.51,19.16,0,0.0,少数参考,参考
3604,武藤綾子,5,5,3,0.0,0.0,0.0,0.0,0.143,0.11,0.21,0.0,35.28,-35.28,0,0.0,少数参考,参考
4225,土屋千明,2,2,4,0.0,25.0,75.0,100.0,0.177,0.13,0.24,0.0,57.15,42.85,0,0.0,少数参考,参考
4645,上村純一,2,2,3,33.33,33.33,0.0,66.67,0.13,0.11,0.15,0.0,57.15,9.52,0,0.0,少数参考,参考
5048,眞鳥康太,2,2,4,0.0,25.0,25.0,50.0,0.14,0.12,0.17,0.0,57.15,-7.15,0,0.0,少数参考,参考
5301,岩下巧斗,3,3,3,0.0,0.0,33.33,33.33,0.207,0.16,0.23,0.0,55.75,-22.42,0,0.0,少数参考,参考
4738,清埜翔子,1,1,6,83.33,16.67,0.0,100.0,0.133,0.04,0.21,33.33,85.37,14.63,0,0.0,得意,C
4573,佐藤翼,4,4,6,50.0,16.67,16.67,83.33,0.132,0.09,0.21,33.33,47.51,35.82,0,0.0,得意,C
4524,深谷知博,6,6,3,0.0,0.0,0.0,0.0,0.097,0.07,0.13,33.33,22.5,-22.5,0,0.0,少数参考,参考
4502,遠藤エミ,3,3,4,25.0,50.0,25.0,100.0,0.11,0.06,0.19,50.0,55.75,44.25,0,0.0,少数参考,参考
4050,田口節子,2,2,6,50.0,16.67,0.0,66.67,0.102,0.06,0.14,33.33,57.15,9.52,0,0.0,得意,C
4573,佐藤翼,5,5,3,0.0,0.0,66.67,66.67,0.137,0.09,0.19,33.33,35.28,31.39,0,0.0,少数参考,参考
4238,毒島誠,2,2,4,0.0,25.0,25.0,50.0,0.145,0.08,0.21,25.0,57.15,-7.15,0,0.0,少数参考,参考
4320,峰竜太,3,3,3,0.0,33.33,0.0,33.33,0.09,0.07,0.11,66.67,55.75,-22.42,0,0.0,少数参考,参考
4050,田口節子,4,4,4,25.0,50.0,0.0,75.0,0.135,0.02,0.19,25.0,47.51,27.49,0,0.0,少数参考,参考
4502,遠藤エミ,1,1,6,66.67,16.67,0.0,83.33,0.11,0.08,0.13,16.67,85.37,-2.04,0,0.0,得意,C
4524,深谷知博,1,1,4,75.0,0.0,25.0,100.0,0.135,0.11,0.19,25.0,85.37,14.63,0,0.0,少数参考,参考
4573,佐藤翼,2,2,4,25.0,50.0,25.0,100.0,0.117,0.07,0.18,25.0,57.15,42.85,0,0.0,少数参考,参考
4350,篠崎元志,3,3,5,60.0,20.0,20.0,100.0,0.12,0.03,0.22,60.0,55.75,44.25,0,0.0,得意,C
4738,清埜翔子,6,6,3,0.0,0.0,0.0,0.0,0.197,0.17,0.23,33.33,22.5,-22.5,0,0.0,少数参考,参考
4320,峰竜太,1,1,3,66.67,33.33,0.0,100.0,0.113,0.07,0.14,0.0,85.37,14.63,0,0.0,少数参考,参考
4502,遠藤エミ,5,5,3,0.0,0.0,0.0,0.0,0.163,0.09,0.25,33.33,35.28,-35.28,0,0.0,少数参考,参考
4573,佐藤翼,3,3,4,0.0,25.0,25.0,50.0,0.153,0.02,0.28,0.0,55.75,-5.75,0,0.0,少数参考,参考
4320,峰竜太,6,6,3,0.0,0.0,0.0,0.0,0.153,0.11,0.22,0.0,22.5,-22.5,0,0.0,少数参考,参考
4502,遠藤エミ,4,4,3,33.33,0.0,33.33,66.67,0.087,0.04,0.18,33.33,47.51,19.16,0,0.0,少数参考,参考
4738,清埜翔子,4,4,6,0.0,0.0,16.67,16.67,0.143,0.05,0.24,0.0,47.51,-30.84,0,0.0,苦手,C
4050,田口節子,6,6,9,0.0,11.11,0.0,11.11,0.182,0.1,0.25,11.11,22.5,-11.39,0,0.0,苦手,C
4573,佐藤翼,6,6,5,0.0,20.0,0.0,20.0,0.186,0.16,0.22,20.0,22.5,-2.5,0,0.0,標準,C
4320,峰竜太,2,2,3,33.33,66.67,0.0,100.0,0.1,0.06,0.14,33.33,57.15,42.85,0,0.0,少数参考,参考
4524,深谷知博,4,4,4,0.0,0.0,25.0,25.0,0.16,0.12,0.19,0.0,47.51,-22.51,0,0.0,少数参考,参考
4502,遠藤エミ,2,2,3,33.33,0.0,0.0,33.33,0.13,0.1,0.15,33.33,57.15,-23.82,0,0.0,少数参考,参考
4320,峰竜太,4,4,3,0.0,33.33,0.0,33.33,0.167,0.13,0.22,0.0,47.51,-14.18,0,0.0,少数参考,参考
4573,佐藤翼,1,1,8,62.5,25.0,0.0,87.5,0.139,0.08,0.24,12.5,85.37,2.13,0,0.0,得意,C
4238,毒島誠,6,6,3,33.33,0.0,33.33,66.67,0.15,0.11,0.19,33.33,22.5,44.17,0,0.0,少数参考,参考
4050,田口節子,3,3,10,10.0,30.0,40.0,80.0,0.167,0.11,0.22,40.0,55.75,24.25,0,0.0,得意,B
4502,遠藤エミ,6,6,4,25.0,0.0,25.0,50.0,0.085,0.03,0.11,75.0,22.5,27.5,0,0.0,少数参考,参考
4738,清埜翔子,3,3,4,0.0,75.0,0.0,75.0,0.22,0.2,0.26,25.0,55.75,19.25,0,0.0,少数参考,参考
4050,田口節子,5,5,4,0.0,0.0,50.0,50.0,0.133,0.07,0.19,25.0,35.28,14.72,0,0.0,少数参考,参考
4738,清埜翔子,5,5,3,0.0,0.0,0.0,0.0,0.177,0.11,0.21,66.67,35.28,-35.28,0,0.0,少数参考,参考
4050,田口節子,1,1,10,90.0,10.0,0.0,100.0,0.131,0.02,0.26,40.0,85.37,14.63,0,0.0,得意,B
5375,庄島潤成,6,6,22,0.0,0.0,4.55,4.55,0.222,0.12,0.47,4.55,22.5,-17.95,0,0.0,苦手,A
5145,島川海輝,6,5,3,0.0,33.33,33.33,66.67,0.163,0.15,0.18,66.67,35.28,31.39,3,100.0,少数参考,参考
3251,平石和男,6,6,5,40.0,0.0,0.0,40.0,0.176,0.12,0.23,0.0,22.5,17.5,0,0.0,得意,C
5372,上岡巧汰,6,6,12,0.0,0.0,0.0,0.0,0.157,0.03,0.33,33.33,22.5,-22.5,0,0.0,苦手,B
5372,上岡巧汰,5,6,8,0.0,0.0,0.0,0.0,0.199,0.1,0.42,25.0,22.5,-22.5,8,100.0,苦手,C
5236,小宮涼雅,4,4,4,0.0,25.0,25.0,50.0,0.22,0.13,0.33,0.0,47.51,2.49,0,0.0,少数参考,参考
5375,庄島潤成,5,6,7,0.0,0.0,0.0,0.0,0.25,0.18,0.34,0.0,22.5,-22.5,7,100.0,苦手,C
5374,木山大聖,6,6,9,0.0,0.0,11.11,11.11,0.13,0.01,0.26,33.33,22.5,-11.39,0,0.0,苦手,C
5136,濱野斗馬,1,1,6,50.0,16.67,16.67,83.33,0.162,0.13,0.21,50.0,85.37,-2.04,0,0.0,得意,C
5136,濱野斗馬,5,5,4,25.0,0.0,50.0,75.0,0.135,0.11,0.19,0.0,35.28,39.72,0,0.0,少数参考,参考
5136,濱野斗馬,2,2,7,14.29,28.57,14.29,57.14,0.153,0.06,0.22,28.57,57.15,-0.01,0,0.0,標準,C
4550,石岡将太,3,3,3,0.0,0.0,66.67,66.67,0.147,0.13,0.16,0.0,55.75,10.92,0,0.0,少数参考,参考
5136,濱野斗馬,6,6,4,0.0,0.0,25.0,25.0,0.125,0.06,0.18,0.0,22.5,2.5,0,0.0,少数参考,参考
5255,藤原仙二,3,3,3,33.33,0.0,0.0,33.33,0.23,0.21,0.25,0.0,55.75,-22.42,0,0.0,少数参考,参考
5136,濱野斗馬,3,3,4,25.0,75.0,0.0,100.0,0.163,0.14,0.23,25.0,55.75,44.25,0,0.0,少数参考,参考
4853,前原哉,2,2,4,25.0,25.0,25.0,75.0,0.172,0.03,0.26,0.0,57.15,17.85,0,0.0,少数参考,参考
3474,松瀬弘美,1,1,3,33.33,33.33,0.0,66.67,0.103,0.04,0.21,33.33,85.37,-18.7,0,0.0,少数参考,参考
4534,坂咲友理,3,3,6,0.0,50.0,16.67,66.67,0.157,0.11,0.21,16.67,55.75,10.92,0,0.0,得意,C
4482,守屋美穂,4,4,5,0.0,20.0,20.0,40.0,0.186,0.12,0.28,0.0,47.51,-7.51,0,0.0,標準,C
4117,廣中智紗衣,1,1,12,41.67,33.33,16.67,91.67,0.186,0.12,0.27,16.67,85.37,6.3,0,0.0,やや得意,B
5155,内山七海,5,5,4,0.0,25.0,50.0,75.0,0.122,0.08,0.16,0.0,35.28,39.72,0,0.0,少数参考,参考
4900,中田夕貴,2,2,3,33.33,33.33,0.0,66.67,0.193,0.16,0.24,33.33,57.15,9.52,0,0.0,少数参考,参考
3474,松瀬弘美,5,5,3,0.0,0.0,33.33,33.33,0.18,0.14,0.21,33.33,35.28,-1.95,0,0.0,少数参考,参考
4399,松本晶恵,1,1,3,66.67,33.33,0.0,100.0,0.133,0.11,0.18,33.33,85.37,14.63,0,0.0,少数参考,参考
4482,守屋美穂,1,1,8,87.5,12.5,0.0,100.0,0.118,0.05,0.23,37.5,85.37,14.63,0,0.0,得意,C
4117,廣中智紗衣,4,4,4,0.0,0.0,25.0,25.0,0.182,0.13,0.23,0.0,47.51,-22.51,0,0.0,少数参考,参考
3474,松瀬弘美,6,6,3,0.0,0.0,0.0,0.0,0.217,0.14,0.29,0.0,22.5,-22.5,0,0.0,少数参考,参考
4900,中田夕貴,1,1,5,80.0,0.0,0.0,80.0,0.198,0.14,0.26,0.0,85.37,-5.37,0,0.0,標準,C
4117,廣中智紗衣,6,6,6,33.33,0.0,33.33,66.67,0.19,0.07,0.24,16.67,22.5,44.17,0,0.0,得意,C
5155,内山七海,2,2,6,0.0,50.0,33.33,83.33,0.172,0.09,0.25,50.0,57.15,26.18,0,0.0,得意,C
4853,前原哉,4,4,5,0.0,20.0,20.0,40.0,0.214,0.13,0.36,20.0,47.51,-7.51,0,0.0,標準,C
3645,淺田千亜希,3,3,3,33.33,33.33,0.0,66.67,0.137,0.11,0.16,100.0,55.75,10.92,0,0.0,少数参考,参考
5193,米丸乃絵,1,1,4,50.0,25.0,25.0,100.0,0.105,0.03,0.17,25.0,85.37,14.63,0,0.0,少数参考,参考
3474,松瀬弘美,2,2,3,0.0,33.33,0.0,33.33,0.22,0.1,0.34,0.0,57.15,-23.82,0,0.0,少数参考,参考
4534,坂咲友理,1,1,4,25.0,25.0,0.0,50.0,0.247,0.17,0.33,0.0,85.37,-35.37,0,0.0,少数参考,参考
5155,内山七海,4,4,4,25.0,0.0,25.0,50.0,0.203,0.14,0.28,25.0,47.51,2.49,0,0.0,少数参考,参考
4482,守屋美穂,6,6,4,0.0,0.0,25.0,25.0,0.235,0.11,0.47,50.0,22.5,2.5,0,0.0,少数参考,参考
4900,中田夕貴,6,6,4,0.0,0.0,25.0,25.0,0.16,0.11,0.21,25.0,22.5,2.5,0,0.0,少数参考,参考
4117,廣中智紗衣,2,2,7,28.57,28.57,14.29,71.43,0.204,0.08,0.28,28.57,57.15,14.28,0,0.0,得意,C
5155,内山七海,3,3,6,33.33,0.0,16.67,50.0,0.145,0.05,0.25,16.67,55.75,-5.75,0,0.0,標準,C
4482,守屋美穂,5,5,6,0.0,0.0,16.67,16.67,0.165,0.07,0.25,0.0,35.28,-18.61,0,0.0,苦手,C
4900,中田夕貴,5,5,3,0.0,0.0,0.0,0.0,0.177,0.14,0.21,33.33,35.28,-35.28,0,0.0,少数参考,参考
4534,坂咲友理,4,4,5,20.0,0.0,0.0,20.0,0.17,0.02,0.24,0.0,47.51,-27.51,0,0.0,苦手,C
4853,前原哉,3,3,3,0.0,0.0,33.33,33.33,0.137,0.09,0.21,0.0,55.75,-22.42,0,0.0,少数参考,参考
4117,廣中智紗衣,5,5,5,20.0,20.0,20.0,60.0,0.276,0.19,0.34,20.0,35.28,24.72,0,0.0,得意,C
4304,藤崎小百合,2,2,3,33.33,33.33,0.0,66.67,0.143,0.08,0.19,33.33,57.15,9.52,0,0.0,少数参考,参考
3474,松瀬弘美,4,4,3,0.0,0.0,33.33,33.33,0.133,0.07,0.19,33.33,47.51,-14.18,0,0.0,少数参考,参考
5342,原村百那,5,5,7,0.0,0.0,14.29,14.29,0.163,0.06,0.27,14.29,35.28,-20.99,0,0.0,苦手,C
4482,守屋美穂,2,2,8,0.0,62.5,12.5,75.0,0.161,0.12,0.23,25.0,57.15,17.85,0,0.0,得意,C
4534,坂咲友理,2,2,4,25.0,25.0,25.0,75.0,0.188,0.08,0.24,25.0,57.15,17.85,0,0.0,少数参考,参考
4117,廣中智紗衣,3,3,7,28.57,0.0,71.43,100.0,0.177,0.09,0.31,0.0,55.75,44.25,0,0.0,得意,C
4482,守屋美穂,3,3,5,0.0,20.0,20.0,40.0,0.202,0.14,0.33,20.0,55.75,-15.75,0,0.0,苦手,C
3900,香川素子,6,6,3,0.0,0.0,33.33,33.33,0.203,0.07,0.35,33.33,22.5,10.83,0,0.0,少数参考,参考
4534,坂咲友理,5,5,5,0.0,0.0,20.0,20.0,0.152,0.06,0.22,40.0,35.28,-15.28,0,0.0,苦手,C
5155,内山七海,1,1,3,33.33,0.0,33.33,66.67,0.18,0.05,0.41,33.33,85.37,-18.7,0,0.0,少数参考,参考
5277,井上未都,1,1,4,0.0,50.0,25.0,75.0,0.155,0.13,0.23,25.0,85.37,-10.37,0,0.0,少数参考,参考
4900,中田夕貴,3,3,3,0.0,66.67,0.0,66.67,0.073,0.05,0.09,33.33,55.75,10.92,0,0.0,少数参考,参考
5299,西丸敦基,2,2,3,0.0,0.0,33.33,33.33,0.13,0.12,0.15,0.0,57.15,-23.82,0,0.0,少数参考,参考
4056,小西英輝,3,3,5,0.0,20.0,0.0,20.0,0.214,0.14,0.28,20.0,55.75,-35.75,0,0.0,苦手,C
3277,齋藤勇,3,3,3,0.0,33.33,0.0,33.33,0.133,0.1,0.19,0.0,55.75,-22.42,0,0.0,少数参考,参考
5317,長尾萌加,5,5,9,0.0,0.0,22.22,22.22,0.177,0.11,0.3,22.22,35.28,-13.06,0,0.0,苦手,C
4428,有賀達也,3,3,4,0.0,50.0,25.0,75.0,0.077,0.03,0.11,50.0,55.75,19.25,0,0.0,少数参考,参考
4080,山崎哲司,5,5,5,60.0,20.0,20.0,100.0,0.058,0.03,0.11,80.0,35.28,64.72,0,0.0,得意,C
5310,土屋蘭,4,4,5,0.0,0.0,0.0,0.0,0.204,0.07,0.31,20.0,47.51,-47.51,0,0.0,苦手,C
5389,恵良琴美,5,6,8,0.0,0.0,0.0,0.0,0.126,0.03,0.27,25.0,22.5,-22.5,8,100.0,苦手,C
4734,安河内将,4,4,4,0.0,25.0,50.0,75.0,0.152,0.07,0.23,0.0,47.51,27.49,0,0.0,少数参考,参考
5346,中村紋夕梨,6,6,8,0.0,0.0,0.0,0.0,0.138,0.01,0.23,12.5,22.5,-22.5,0,0.0,苦手,C
5117,冨名腰桃奈,2,2,5,0.0,20.0,20.0,40.0,0.192,0.14,0.27,0.0,57.15,-17.15,0,0.0,苦手,C
4080,山崎哲司,2,2,5,20.0,20.0,20.0,60.0,0.088,0.0,0.15,60.0,57.15,2.85,0,0.0,標準,C
4287,今井貴士,2,2,4,25.0,0.0,50.0,75.0,0.143,0.13,0.16,50.0,57.15,17.85,0,0.0,少数参考,参考
4428,有賀達也,5,5,4,0.0,0.0,75.0,75.0,0.175,0.14,0.21,0.0,35.28,39.72,0,0.0,少数参考,参考
5389,恵良琴美,6,6,10,0.0,0.0,0.0,0.0,0.205,0.03,0.27,20.0,22.5,-22.5,0,0.0,苦手,B
5346,中村紋夕梨,5,6,6,0.0,0.0,0.0,0.0,0.16,0.05,0.24,16.67,22.5,-22.5,6,100.0,苦手,C
4428,有賀達也,1,1,4,75.0,25.0,0.0,100.0,0.12,0.03,0.21,0.0,85.37,14.63,0,0.0,少数参考,参考
4734,安河内将,1,1,8,87.5,12.5,0.0,100.0,0.136,0.03,0.24,25.0,85.37,14.63,0,0.0,得意,C
4551,三川昂暁,2,2,3,0.0,100.0,0.0,100.0,0.163,0.13,0.23,0.0,57.15,42.85,0,0.0,少数参考,参考
4080,山崎哲司,4,4,4,0.0,25.0,0.0,25.0,0.118,0.04,0.17,25.0,47.51,-22.51,0,0.0,少数参考,参考
3497,後藤浩,3,3,4,50.0,0.0,50.0,100.0,0.13,0.12,0.14,25.0,55.75,44.25,0,0.0,少数参考,参考
5299,西丸敦基,3,3,4,0.0,25.0,25.0,50.0,0.15,0.09,0.21,50.0,55.75,-5.75,0,0.0,少数参考,参考
4734,安河内将,3,3,5,40.0,20.0,0.0,60.0,0.13,0.07,0.2,20.0,55.75,4.25,0,0.0,やや得意,C
4428,有賀達也,4,4,3,33.33,33.33,33.33,100.0,0.12,0.07,0.16,33.33,47.51,52.49,0,0.0,少数参考,参考
3984,坂口周,2,2,3,0.0,66.67,33.33,100.0,0.093,0.08,0.11,33.33,57.15,42.85,0,0.0,少数参考,参考
4080,山崎哲司,3,3,4,50.0,25.0,0.0,75.0,0.07,0.02,0.13,75.0,55.75,19.25,0,0.0,少数参考,参考
4734,安河内将,5,5,3,0.0,0.0,0.0,0.0,0.133,0.08,0.18,33.33,35.28,-35.28,0,0.0,少数参考,参考
5317,長尾萌加,4,4,9,0.0,11.11,22.22,33.33,0.154,0.06,0.24,22.22,47.51,-14.18,0,0.0,苦手,C
5310,土屋蘭,5,5,5,0.0,0.0,0.0,0.0,0.164,0.1,0.21,0.0,35.28,-35.28,0,0.0,苦手,C
3942,寺田祥,6,5,5,0.0,20.0,20.0,40.0,0.17,0.09,0.21,0.0,35.28,4.72,5,100.0,やや得意,C
4324,海野康志郎,6,4,4,25.0,25.0,0.0,50.0,0.168,0.11,0.2,0.0,47.51,2.49,4,100.0,少数参考,参考
5328,井上慧人,6,6,5,0.0,0.0,0.0,0.0,0.194,0.1,0.31,60.0,22.5,-22.5,0,0.0,苦手,C
5050,木下雄介,6,6,3,0.0,66.67,33.33,100.0,0.22,0.15,0.33,0.0,22.5,77.5,0,0.0,少数参考,参考
5319,近藤颯斗,6,6,3,0.0,0.0,0.0,0.0,0.15,0.08,0.28,66.67,22.5,-22.5,0,0.0,少数参考,参考
5280,廣瀬凜,2,2,3,33.33,33.33,0.0,66.67,0.19,0.14,0.25,0.0,57.15,9.52,0,0.0,少数参考,参考
5050,木下雄介,1,1,5,0.0,40.0,60.0,100.0,0.188,0.13,0.24,0.0,85.37,14.63,0,0.0,得意,C
5280,廣瀬凜,1,1,3,33.33,66.67,0.0,100.0,0.237,0.18,0.31,0.0,85.37,14.63,0,0.0,少数参考,参考
5050,木下雄介,4,4,3,0.0,33.33,66.67,100.0,0.173,0.1,0.22,0.0,47.51,52.49,0,0.0,少数参考,参考
5050,木下雄介,3,3,3,33.33,0.0,33.33,66.67,0.163,0.12,0.22,66.67,55.75,10.92,0,0.0,少数参考,参考
5328,井上慧人,4,4,4,25.0,0.0,0.0,25.0,0.152,0.12,0.23,25.0,47.51,-22.51,0,0.0,少数参考,参考
5338,香月大輝,6,6,3,0.0,0.0,0.0,0.0,0.13,0.01,0.36,66.67,22.5,-22.5,0,0.0,少数参考,参考
5057,上田紗奈,3,3,3,0.0,33.33,66.67,100.0,0.123,0.08,0.17,33.33,55.75,44.25,0,0.0,少数参考,参考
4903,吉田凌太朗,2,2,4,25.0,25.0,0.0,50.0,0.155,0.02,0.26,25.0,57.15,-7.15,0,0.0,少数参考,参考
4361,柳生泰二,5,4,3,0.0,100.0,0.0,100.0,0.22,0.14,0.28,0.0,47.51,52.49,3,100.0,少数参考,参考
3744,徳増秀樹,6,6,3,0.0,33.33,0.0,33.33,0.12,0.1,0.15,0.0,22.5,10.83,0,0.0,少数参考,参考
4903,吉田凌太朗,4,4,5,0.0,40.0,20.0,60.0,0.1,0.03,0.17,40.0,47.51,12.49,0,0.0,得意,C
4903,吉田凌太朗,1,1,6,83.33,16.67,0.0,100.0,0.148,0.04,0.25,66.67,85.37,14.63,0,0.0,得意,C
4075,中野次郎,3,3,3,0.0,0.0,0.0,0.0,0.11,0.04,0.21,33.33,55.75,-55.75,0,0.0,少数参考,参考
4686,丸野一樹,6,6,3,0.0,33.33,0.0,33.33,0.183,0.09,0.26,0.0,22.5,10.83,0,0.0,少数参考,参考
4584,村岡賢人,5,5,6,0.0,16.67,0.0,16.67,0.135,0.08,0.23,16.67,35.28,-18.61,0,0.0,苦手,C
4903,吉田凌太朗,3,3,4,25.0,25.0,50.0,100.0,0.125,0.03,0.28,50.0,55.75,44.25,0,0.0,少数参考,参考
3719,辻栄蔵,3,3,3,0.0,100.0,0.0,100.0,0.14,0.07,0.19,33.33,55.75,44.25,0,0.0,少数参考,参考
4903,吉田凌太朗,6,6,6,0.0,16.67,0.0,16.67,0.14,0.05,0.21,33.33,22.5,-5.83,0,0.0,標準,C
3747,國崎良春,4,4,4,0.0,25.0,0.0,25.0,0.195,0.17,0.21,0.0,47.51,-22.51,0,0.0,少数参考,参考
4522,古澤光紀,6,6,4,0.0,0.0,0.0,0.0,0.163,0.14,0.18,25.0,22.5,-22.5,0,0.0,少数参考,参考
3747,國崎良春,1,1,3,33.33,66.67,0.0,100.0,0.113,0.02,0.18,33.33,85.37,14.63,0,0.0,少数参考,参考
4639,雑賀勇貴,3,3,3,0.0,33.33,0.0,33.33,0.18,0.17,0.19,0.0,55.75,-22.42,0,0.0,少数参考,参考
4422,永井亮次,3,3,3,0.0,33.33,33.33,66.67,0.063,0.02,0.14,66.67,55.75,10.92,0,0.0,少数参考,参考
3747,國崎良春,3,3,3,33.33,33.33,0.0,66.67,0.133,0.11,0.15,0.0,55.75,10.92,0,0.0,少数参考,参考
3747,國崎良春,6,6,3,0.0,0.0,33.33,33.33,0.153,0.12,0.19,66.67,22.5,10.83,0,0.0,少数参考,参考
4489,岩川仁士,5,5,3,0.0,0.0,66.67,66.67,0.18,0.15,0.21,0.0,35.28,31.39,0,0.0,少数参考,参考
3747,國崎良春,2,2,4,0.0,50.0,25.0,75.0,0.165,0.12,0.21,0.0,57.15,17.85,0,0.0,少数参考,参考
4639,雑賀勇貴,2,2,3,33.33,0.0,0.0,33.33,0.173,0.1,0.24,0.0,57.15,-23.82,0,0.0,少数参考,参考
3747,國崎良春,5,5,3,0.0,0.0,0.0,0.0,0.13,0.11,0.15,66.67,35.28,-35.28,0,0.0,少数参考,参考
5343,小林礼央,5,6,3,0.0,0.0,0.0,0.0,0.167,0.11,0.25,0.0,22.5,-22.5,3,100.0,少数参考,参考
5351,齊藤廉,6,6,7,0.0,0.0,28.57,28.57,0.15,0.09,0.24,28.57,22.5,6.07,0,0.0,やや得意,C
5070,中島航,4,4,5,0.0,0.0,0.0,0.0,0.176,0.07,0.28,0.0,47.51,-47.51,0,0.0,苦手,C
5363,山本凱立,6,6,8,0.0,0.0,12.5,12.5,0.181,0.0,0.44,25.0,22.5,-10.0,0,0.0,苦手,C
5074,大澤誠也,2,2,5,0.0,20.0,40.0,60.0,0.146,0.08,0.29,20.0,57.15,2.85,0,0.0,標準,C
5351,齊藤廉,5,6,4,0.0,25.0,0.0,25.0,0.152,0.11,0.22,0.0,22.5,2.5,4,100.0,少数参考,参考
5363,山本凱立,5,6,3,0.0,0.0,0.0,0.0,0.29,0.23,0.32,0.0,22.5,-22.5,3,100.0,少数参考,参考
5074,大澤誠也,5,5,4,0.0,0.0,25.0,25.0,0.16,0.07,0.25,0.0,35.28,-10.28,0,0.0,少数参考,参考
5070,中島航,2,2,3,0.0,0.0,33.33,33.33,0.157,0.1,0.19,0.0,57.15,-23.82,0,0.0,少数参考,参考
5070,中島航,5,5,3,0.0,33.33,0.0,33.33,0.163,0.12,0.21,0.0,35.28,-1.95,0,0.0,少数参考,参考
5343,小林礼央,6,6,7,0.0,14.29,0.0,14.29,0.186,0.13,0.23,0.0,22.5,-8.21,0,0.0,標準,C
5070,中島航,3,3,3,0.0,33.33,33.33,66.67,0.183,0.14,0.22,0.0,55.75,10.92,0,0.0,少数参考,参考
5215,石丸小槙,3,3,4,0.0,25.0,0.0,25.0,0.155,0.02,0.26,50.0,55.75,-30.75,0,0.0,少数参考,参考
5387,戸田海咲音,6,6,23,0.0,0.0,0.0,0.0,0.229,0.08,0.53,17.39,22.5,-22.5,0,0.0,苦手,A
3207,田村美和,3,3,3,0.0,0.0,66.67,66.67,0.373,0.31,0.49,0.0,55.75,10.92,0,0.0,少数参考,参考
5334,樫葉新心,4,4,5,0.0,20.0,0.0,20.0,0.196,0.09,0.31,0.0,47.51,-27.51,0,0.0,苦手,C
4730,土屋実沙希,5,5,3,0.0,33.33,33.33,66.67,0.177,0.09,0.31,0.0,35.28,31.39,0,0.0,少数参考,参考
4589,塩崎桐加,1,1,3,100.0,0.0,0.0,100.0,0.17,0.14,0.22,66.67,85.37,14.63,0,0.0,少数参考,参考
5277,井上未都,2,2,8,0.0,37.5,25.0,62.5,0.159,0.07,0.28,37.5,57.15,5.35,0,0.0,やや得意,C
5148,松本怜,6,6,4,0.0,0.0,25.0,25.0,0.177,0.06,0.27,75.0,22.5,2.5,0,0.0,少数参考,参考
4611,今井美亜,4,4,3,0.0,33.33,0.0,33.33,0.18,0.09,0.3,0.0,47.51,-14.18,0,0.0,少数参考,参考
5391,出穂和鼓,6,6,21,0.0,0.0,0.0,0.0,0.19,0.06,0.39,19.05,22.5,-22.5,0,0.0,苦手,A
5215,石丸小槙,6,6,4,0.0,0.0,0.0,0.0,0.265,0.08,0.53,0.0,22.5,-22.5,0,0.0,少数参考,参考
4775,千葉真弥,2,2,6,0.0,16.67,33.33,50.0,0.333,0.14,0.89,16.67,57.15,-7.15,0,0.0,標準,C
4400,加藤奈月,4,4,3,0.0,0.0,0.0,0.0,0.247,0.09,0.42,0.0,47.51,-47.51,0,0.0,少数参考,参考
4611,今井美亜,1,1,5,80.0,20.0,0.0,100.0,0.172,0.15,0.21,40.0,85.37,14.63,0,0.0,得意,C
4730,土屋実沙希,2,2,4,25.0,50.0,0.0,75.0,0.202,0.09,0.29,0.0,57.15,17.85,0,0.0,少数参考,参考
5148,松本怜,3,3,5,0.0,0.0,40.0,40.0,0.212,0.14,0.34,20.0,55.75,-15.75,0,0.0,苦手,C
5281,井上遥妃,4,4,3,0.0,33.33,33.33,66.67,0.14,0.03,0.27,66.67,47.51,19.16,0,0.0,少数参考,参考
5334,樫葉新心,5,5,5,0.0,0.0,0.0,0.0,0.196,0.11,0.26,0.0,35.28,-35.28,0,0.0,苦手,C
5148,松本怜,2,2,3,0.0,66.67,0.0,66.67,0.19,0.07,0.25,0.0,57.15,9.52,0,0.0,少数参考,参考
5387,戸田海咲音,5,6,10,0.0,0.0,0.0,0.0,0.193,0.07,0.43,0.0,22.5,-22.5,10,100.0,苦手,B
5295,田上凜,2,2,3,0.0,33.33,0.0,33.33,0.283,0.18,0.39,0.0,57.15,-23.82,0,0.0,少数参考,参考
5334,樫葉新心,6,6,3,0.0,0.0,0.0,0.0,0.233,0.16,0.29,0.0,22.5,-22.5,0,0.0,少数参考,参考
4775,千葉真弥,1,1,6,50.0,0.0,50.0,100.0,0.155,0.1,0.22,33.33,85.37,14.63,0,0.0,得意,C
3207,田村美和,2,2,4,0.0,0.0,0.0,0.0,0.213,0.16,0.28,0.0,57.15,-57.15,0,0.0,少数参考,参考
5391,出穂和鼓,5,6,10,0.0,0.0,0.0,0.0,0.153,0.04,0.22,20.0,22.5,-22.5,10,100.0,苦手,B
5283,植木美帆,5,6,3,0.0,0.0,0.0,0.0,0.39,0.33,0.43,0.0,22.5,-22.5,3,100.0,少数参考,参考
4775,千葉真弥,3,3,6,33.33,16.67,16.67,66.67,0.152,0.01,0.31,50.0,55.75,10.92,0,0.0,得意,C
3207,田村美和,1,1,3,33.33,33.33,0.0,66.67,0.187,0.14,0.25,33.33,85.37,-18.7,0,0.0,少数参考,参考
5203,神里琴音,2,2,4,0.0,25.0,0.0,25.0,0.195,0.15,0.31,0.0,57.15,-32.15,0,0.0,少数参考,参考
4611,今井美亜,3,3,4,25.0,50.0,0.0,75.0,0.135,0.11,0.16,25.0,55.75,19.25,0,0.0,少数参考,参考
5283,植木美帆,6,6,3,0.0,0.0,0.0,0.0,0.32,0.27,0.41,0.0,22.5,-22.5,0,0.0,少数参考,参考
5264,登みひ果,4,4,3,33.33,0.0,0.0,33.33,0.057,0.01,0.08,66.67,47.51,-14.18,0,0.0,少数参考,参考
4611,今井美亜,5,5,3,0.0,33.33,0.0,33.33,0.117,0.08,0.18,66.67,35.28,-1.95,0,0.0,少数参考,参考
5281,井上遥妃,2,2,3,0.0,100.0,0.0,100.0,0.157,0.13,0.2,33.33,57.15,42.85,0,0.0,少数参考,参考
4775,千葉真弥,4,4,5,0.0,20.0,20.0,40.0,0.154,0.08,0.22,20.0,47.51,-7.51,0,0.0,標準,C
4611,今井美亜,2,2,3,0.0,33.33,0.0,33.33,0.19,0.09,0.24,0.0,57.15,-23.82,0,0.0,少数参考,参考
3207,田村美和,4,4,3,0.0,0.0,0.0,0.0,0.167,0.14,0.21,0.0,47.51,-47.51,0,0.0,少数参考,参考
5148,松本怜,4,4,6,0.0,16.67,16.67,33.33,0.222,0.09,0.41,16.67,47.51,-14.18,0,0.0,苦手,C
5180,藤本紗弥香,6,5,3,0.0,0.0,33.33,33.33,0.2,0.19,0.22,0.0,35.28,-1.95,3,100.0,少数参考,参考
3207,田村美和,5,5,3,0.0,0.0,0.0,0.0,0.213,0.13,0.29,0.0,35.28,-35.28,0,0.0,少数参考,参考
5384,八戸琉楓,6,6,4,0.0,0.0,0.0,0.0,0.182,0.06,0.29,0.0,22.5,-22.5,0,0.0,少数参考,参考
3920,正木聖賢,5,2,3,0.0,0.0,33.33,33.33,0.137,0.12,0.17,33.33,57.15,-23.82,3,100.0,少数参考,参考
5384,八戸琉楓,5,6,3,0.0,0.0,0.0,0.0,0.263,0.13,0.47,0.0,22.5,-22.5,3,100.0,少数参考,参考
5102,原田雄次,1,1,4,50.0,0.0,25.0,75.0,0.125,0.02,0.28,50.0,85.37,-10.37,0,0.0,少数参考,参考
4813,宮内直哉,5,5,4,0.0,25.0,25.0,50.0,0.18,0.11,0.22,25.0,35.28,14.72,0,0.0,少数参考,参考
5355,萩原丈太朗,6,6,3,0.0,0.0,0.0,0.0,0.163,0.12,0.2,0.0,22.5,-22.5,0,0.0,少数参考,参考
4813,宮内直哉,2,2,3,0.0,33.33,0.0,33.33,0.163,0.15,0.19,0.0,57.15,-23.82,0,0.0,少数参考,参考
4981,牧山敦也,3,3,3,0.0,33.33,0.0,33.33,0.143,0.06,0.21,33.33,55.75,-22.42,0,0.0,少数参考,参考
4691,水原慎,3,3,3,33.33,33.33,0.0,66.67,0.177,0.14,0.24,33.33,55.75,10.92,0,0.0,少数参考,参考
5012,加倉侑征,5,5,3,0.0,33.33,0.0,33.33,0.11,0.07,0.13,33.33,35.28,-1.95,0,0.0,少数参考,参考
4028,田村隆信,3,3,4,0.0,50.0,0.0,50.0,0.14,0.1,0.17,50.0,55.75,-5.75,0,0.0,少数参考,参考
4786,佐藤博亮,2,2,4,25.0,50.0,25.0,100.0,0.13,0.09,0.15,50.0,57.15,42.85,0,0.0,少数参考,参考
4028,田村隆信,2,2,5,0.0,20.0,20.0,40.0,0.14,0.09,0.16,0.0,57.15,-17.15,0,0.0,苦手,C
4028,田村隆信,1,1,5,80.0,20.0,0.0,100.0,0.12,0.07,0.18,0.0,85.37,14.63,0,0.0,得意,C
4028,田村隆信,4,4,3,0.0,0.0,66.67,66.67,0.367,0.17,0.71,0.0,47.51,19.16,0,0.0,少数参考,参考
4798,浜先真範,4,4,4,25.0,25.0,0.0,50.0,0.09,0.02,0.13,50.0,47.51,2.49,0,0.0,少数参考,参考
4786,佐藤博亮,5,5,3,33.33,33.33,33.33,100.0,0.13,0.08,0.16,33.33,35.28,64.72,0,0.0,少数参考,参考
4203,小倉康典,2,2,3,0.0,0.0,33.33,33.33,0.13,0.05,0.18,33.33,57.15,-23.82,0,0.0,少数参考,参考
4028,田村隆信,5,5,3,0.0,0.0,33.33,33.33,0.087,0.01,0.18,33.33,35.28,-1.95,0,0.0,少数参考,参考
3880,浅見宗孝,5,5,4,0.0,25.0,0.0,25.0,0.228,0.17,0.33,0.0,35.28,-10.28,0,0.0,少数参考,参考
3880,浅見宗孝,2,2,3,0.0,33.33,0.0,33.33,0.2,0.18,0.23,0.0,57.15,-23.82,0,0.0,少数参考,参考
4028,田村隆信,6,6,3,0.0,0.0,33.33,33.33,0.163,0.14,0.18,0.0,22.5,10.83,0,0.0,少数参考,参考
3769,佐竹恒彦,3,3,6,16.67,50.0,16.67,83.33,0.198,0.09,0.26,16.67,55.75,27.58,0,0.0,得意,C
4641,磯村匠,4,4,4,0.0,0.0,25.0,25.0,0.2,0.05,0.29,0.0,47.51,-22.51,0,0.0,少数参考,参考
4672,守屋大地,5,6,3,33.33,0.0,0.0,33.33,0.187,0.14,0.21,33.33,22.5,10.83,3,100.0,少数参考,参考
4769,馬場剛,6,6,3,33.33,0.0,0.0,33.33,0.123,0.07,0.16,33.33,22.5,10.83,0,0.0,少数参考,参考
4641,磯村匠,2,2,4,0.0,0.0,0.0,0.0,0.175,0.08,0.25,0.0,57.15,-57.15,0,0.0,少数参考,参考
3769,佐竹恒彦,1,1,4,50.0,0.0,25.0,75.0,0.175,0.12,0.2,25.0,85.37,-10.37,0,0.0,少数参考,参考
5297,南彩寧,3,3,3,0.0,0.0,33.33,33.33,0.22,0.19,0.24,0.0,55.75,-22.42,0,0.0,少数参考,参考
4641,磯村匠,5,5,3,0.0,33.33,0.0,33.33,0.223,0.21,0.23,0.0,35.28,-1.95,0,0.0,少数参考,参考
5241,門田栞,3,3,4,25.0,0.0,50.0,75.0,0.193,0.11,0.24,0.0,55.75,19.25,0,0.0,少数参考,参考
5246,楠将太郎,2,2,3,0.0,33.33,33.33,66.67,0.153,0.11,0.21,33.33,57.15,9.52,0,0.0,少数参考,参考
5316,村松将平,4,4,4,0.0,0.0,25.0,25.0,0.198,0.14,0.25,0.0,47.51,-22.51,0,0.0,少数参考,参考
5338,香月大輝,5,5,4,0.0,0.0,0.0,0.0,0.19,0.09,0.3,25.0,35.28,-35.28,0,0.0,少数参考,参考
5253,藤井太雅,6,6,3,0.0,0.0,0.0,0.0,0.193,0.11,0.26,0.0,22.5,-22.5,0,0.0,少数参考,参考
5339,石井伸長,6,6,7,0.0,0.0,14.29,14.29,0.143,0.07,0.23,0.0,22.5,-8.21,0,0.0,標準,C
5221,竹間隆晟,1,1,3,66.67,33.33,0.0,100.0,0.177,0.12,0.22,33.33,85.37,14.63,0,0.0,少数参考,参考
5222,津田陸翔,2,2,3,0.0,66.67,0.0,66.67,0.21,0.16,0.28,0.0,57.15,9.52,0,0.0,少数参考,参考
5338,香月大輝,4,4,3,0.0,0.0,0.0,0.0,0.18,0.1,0.28,0.0,47.51,-47.51,0,0.0,少数参考,参考
5293,眞崎武蔵,3,3,5,0.0,0.0,0.0,0.0,0.108,0.08,0.17,40.0,55.75,-55.75,0,0.0,苦手,C
5339,石井伸長,4,4,8,25.0,25.0,25.0,75.0,0.154,0.06,0.24,37.5,47.51,27.49,0,0.0,得意,C
5316,村松将平,5,5,3,0.0,33.33,33.33,66.67,0.093,0.03,0.2,33.33,35.28,31.39,0,0.0,少数参考,参考
5246,楠将太郎,3,3,4,0.0,50.0,25.0,75.0,0.145,0.08,0.23,25.0,55.75,19.25,0,0.0,少数参考,参考
5337,出畑孝成,5,5,4,0.0,0.0,0.0,0.0,0.21,0.18,0.24,0.0,35.28,-35.28,0,0.0,少数参考,参考
5224,西岡顕心,6,6,3,0.0,0.0,33.33,33.33,0.163,0.14,0.19,33.33,22.5,10.83,0,0.0,少数参考,参考
5337,出畑孝成,4,4,3,0.0,0.0,0.0,0.0,0.24,0.2,0.29,0.0,47.51,-47.51,0,0.0,少数参考,参考
5339,石井伸長,5,5,7,0.0,14.29,28.57,42.86,0.179,0.03,0.33,14.29,35.28,7.58,0,0.0,やや得意,C
5139,大場恒季,1,1,3,66.67,33.33,0.0,100.0,0.147,0.08,0.18,33.33,85.37,14.63,0,0.0,少数参考,参考
5257,西丸侑太朗,2,2,3,0.0,33.33,66.67,100.0,0.213,0.17,0.28,0.0,57.15,42.85,0,0.0,少数参考,参考
5257,西丸侑太朗,3,3,5,20.0,20.0,20.0,60.0,0.154,0.08,0.23,0.0,55.75,4.25,0,0.0,やや得意,C
5221,竹間隆晟,5,5,3,0.0,33.33,33.33,66.67,0.133,0.05,0.25,33.33,35.28,31.39,0,0.0,少数参考,参考
5246,楠将太郎,6,6,3,0.0,0.0,0.0,0.0,0.23,0.13,0.38,0.0,22.5,-22.5,0,0.0,少数参考,参考
5246,楠将太郎,4,4,3,33.33,33.33,33.33,100.0,0.157,0.03,0.23,33.33,47.51,52.49,0,0.0,少数参考,参考
5196,鰐部太空海,6,6,4,0.0,0.0,25.0,25.0,0.128,0.09,0.17,0.0,22.5,2.5,0,0.0,少数参考,参考
5221,竹間隆晟,3,3,4,0.0,50.0,50.0,100.0,0.105,0.09,0.12,25.0,55.75,44.25,0,0.0,少数参考,参考
5246,楠将太郎,1,1,3,33.33,0.0,33.33,66.67,0.203,0.1,0.31,33.33,85.37,-18.7,0,0.0,少数参考,参考
5257,西丸侑太朗,1,1,3,100.0,0.0,0.0,100.0,0.207,0.13,0.34,0.0,85.37,14.63,0,0.0,少数参考,参考
5242,高山弘斗,3,3,3,0.0,0.0,0.0,0.0,0.223,0.18,0.28,0.0,55.75,-55.75,0,0.0,少数参考,参考
3882,新田智彰,4,4,3,0.0,0.0,33.33,33.33,0.16,0.14,0.19,0.0,47.51,-14.18,0,0.0,少数参考,参考
3851,森田昭彦,5,6,3,0.0,0.0,0.0,0.0,0.247,0.16,0.36,0.0,22.5,-22.5,3,100.0,少数参考,参考
5306,河内悠利杏,4,4,4,0.0,0.0,25.0,25.0,0.247,0.18,0.28,0.0,47.51,-22.51,0,0.0,少数参考,参考
4240,今井裕梨,4,4,4,25.0,50.0,0.0,75.0,0.135,0.08,0.18,75.0,47.51,27.49,0,0.0,少数参考,参考
5296,永田楽,2,2,4,25.0,25.0,0.0,50.0,0.133,0.07,0.19,0.0,57.15,-7.15,0,0.0,少数参考,参考
4240,今井裕梨,1,1,7,57.14,28.57,14.29,100.0,0.141,0.07,0.25,42.86,85.37,14.63,0,0.0,得意,C
5182,宮崎安奈,6,6,6,0.0,0.0,50.0,50.0,0.13,0.01,0.22,33.33,22.5,27.5,0,0.0,得意,C
5317,長尾萌加,3,3,4,25.0,25.0,0.0,50.0,0.177,0.12,0.28,25.0,55.75,-5.75,0,0.0,少数参考,参考
5296,永田楽,1,1,3,33.33,33.33,33.33,100.0,0.25,0.1,0.33,0.0,85.37,14.63,0,0.0,少数参考,参考
5342,原村百那,4,4,9,0.0,0.0,0.0,0.0,0.177,0.12,0.37,0.0,47.51,-47.51,0,0.0,苦手,C
5306,河内悠利杏,5,5,3,0.0,0.0,0.0,0.0,0.25,0.21,0.28,0.0,35.28,-35.28,0,0.0,少数参考,参考
4240,今井裕梨,2,2,5,20.0,20.0,40.0,80.0,0.124,0.09,0.16,20.0,57.15,22.85,0,0.0,得意,C
5296,永田楽,4,4,5,20.0,0.0,0.0,20.0,0.236,0.08,0.36,20.0,47.51,-27.51,0,0.0,苦手,C
5296,永田楽,5,5,3,0.0,33.33,33.33,66.67,0.203,0.18,0.22,33.33,35.28,31.39,0,0.0,少数参考,参考
5306,河内悠利杏,2,2,3,0.0,0.0,33.33,33.33,0.197,0.14,0.23,0.0,57.15,-23.82,0,0.0,少数参考,参考
4240,今井裕梨,5,5,3,0.0,33.33,33.33,66.67,0.147,0.09,0.21,0.0,35.28,31.39,0,0.0,少数参考,参考
5306,河内悠利杏,3,3,3,0.0,0.0,33.33,33.33,0.18,0.12,0.29,0.0,55.75,-22.42,0,0.0,少数参考,参考
5296,永田楽,3,3,4,0.0,50.0,25.0,75.0,0.147,0.05,0.19,50.0,55.75,19.25,0,0.0,少数参考,参考
5404,内田壮,6,6,19,0.0,0.0,0.0,0.0,0.228,0.07,0.48,5.26,22.5,-22.5,0,0.0,苦手,B
5038,金田智博,4,4,3,0.0,33.33,33.33,66.67,0.157,0.08,0.22,0.0,47.51,19.16,0,0.0,少数参考,参考
5404,内田壮,5,6,7,0.0,0.0,0.0,0.0,0.194,0.03,0.42,14.29,22.5,-22.5,7,100.0,苦手,C
4438,森作雄大,1,1,3,66.67,33.33,0.0,100.0,0.09,0.08,0.1,33.33,85.37,14.63,0,0.0,少数参考,参考
5327,西田和加,6,6,4,0.0,0.0,0.0,0.0,0.193,0.13,0.28,0.0,22.5,-22.5,0,0.0,少数参考,参考
4497,桑原悠,4,4,3,0.0,0.0,100.0,100.0,0.153,0.07,0.23,33.33,47.51,52.49,0,0.0,少数参考,参考
4385,鈴木祐美子,2,2,3,0.0,0.0,33.33,33.33,0.243,0.16,0.32,0.0,57.15,-23.82,0,0.0,少数参考,参考
5078,山川波乙,6,6,3,0.0,0.0,0.0,0.0,0.113,0.09,0.16,66.67,22.5,-22.5,0,0.0,少数参考,参考
4193,郷原章平,6,6,4,0.0,0.0,25.0,25.0,0.148,0.1,0.23,25.0,22.5,2.5,0,0.0,少数参考,参考
5078,山川波乙,2,2,3,33.33,0.0,0.0,33.33,0.187,0.17,0.21,33.33,57.15,-23.82,0,0.0,少数参考,参考
3905,天野友和,5,5,4,25.0,0.0,0.0,25.0,0.16,0.14,0.18,25.0,35.28,-10.28,0,0.0,少数参考,参考
5329,金子龍斗,4,4,4,0.0,0.0,0.0,0.0,0.13,0.05,0.21,0.0,47.51,-47.51,0,0.0,少数参考,参考
5409,宮本琉正,6,6,14,0.0,0.0,0.0,0.0,0.159,0.09,0.43,42.86,22.5,-22.5,0,0.0,苦手,B
5336,瀬川大地,3,3,5,0.0,40.0,0.0,40.0,0.126,0.04,0.26,40.0,55.75,-15.75,0,0.0,苦手,C
5012,加倉侑征,6,6,3,0.0,0.0,66.67,66.67,0.157,0.14,0.18,0.0,22.5,44.17,0,0.0,少数参考,参考
4610,佐藤大佑,6,6,3,0.0,0.0,0.0,0.0,0.183,0.12,0.23,33.33,22.5,-22.5,0,0.0,少数参考,参考
5012,加倉侑征,1,1,3,33.33,0.0,66.67,100.0,0.083,0.01,0.13,33.33,85.37,14.63,0,0.0,少数参考,参考
5301,岩下巧斗,4,4,3,0.0,0.0,0.0,0.0,0.217,0.13,0.38,0.0,47.51,-47.51,0,0.0,少数参考,参考
5336,瀬川大地,2,2,4,0.0,0.0,0.0,0.0,0.16,0.07,0.2,25.0,57.15,-57.15,0,0.0,少数参考,参考
4798,浜先真範,3,3,3,33.33,0.0,33.33,66.67,0.083,0.03,0.14,66.67,55.75,10.92,0,0.0,少数参考,参考
4895,門間雄大,5,5,3,0.0,0.0,0.0,0.0,0.137,0.08,0.22,33.33,35.28,-35.28,0,0.0,少数参考,参考
5336,瀬川大地,1,1,3,33.33,0.0,33.33,66.67,0.143,0.11,0.19,33.33,85.37,-18.7,0,0.0,少数参考,参考
5375,庄島潤成,4,4,3,0.0,0.0,33.33,33.33,0.17,0.11,0.23,0.0,47.51,-14.18,0,0.0,少数参考,参考
5409,宮本琉正,5,6,5,0.0,0.0,20.0,20.0,0.138,0.08,0.27,40.0,22.5,-2.5,5,100.0,標準,C
5375,庄島潤成,5,5,4,0.0,0.0,0.0,0.0,0.193,0.18,0.21,0.0,35.28,-35.28,0,0.0,少数参考,参考
3977,山本兼士,3,3,4,0.0,0.0,25.0,25.0,0.163,0.04,0.28,25.0,55.75,-30.75,0,0.0,少数参考,参考
5144,中尾彩香,2,2,5,0.0,40.0,20.0,60.0,0.178,0.15,0.22,0.0,57.15,2.85,0,0.0,標準,C
5406,小畑楓夏,6,6,16,0.0,0.0,6.25,6.25,0.179,0.03,0.32,25.0,22.5,-16.25,0,0.0,苦手,B
5406,小畑楓夏,5,6,5,0.0,0.0,0.0,0.0,0.178,0.07,0.27,60.0,22.5,-22.5,5,100.0,苦手,C
5335,森陽多,3,3,3,0.0,33.33,66.67,100.0,0.2,0.13,0.28,33.33,55.75,44.25,0,0.0,少数参考,参考
3977,山本兼士,5,5,3,66.67,0.0,0.0,66.67,0.117,0.08,0.15,66.67,35.28,31.39,0,0.0,少数参考,参考
5310,土屋蘭,3,3,4,0.0,0.0,25.0,25.0,0.133,0.07,0.17,0.0,55.75,-30.75,0,0.0,少数参考,参考
5326,三嶌さらら,6,6,3,0.0,0.0,0.0,0.0,0.157,0.12,0.18,0.0,22.5,-22.5,0,0.0,少数参考,参考
5370,日隈茜,6,6,8,0.0,0.0,0.0,0.0,0.202,0.05,0.41,0.0,22.5,-22.5,0,0.0,苦手,C
5370,日隈茜,5,6,3,0.0,0.0,0.0,0.0,0.247,0.13,0.35,0.0,22.5,-22.5,3,100.0,少数参考,参考
5326,三嶌さらら,4,4,3,0.0,0.0,0.0,0.0,0.22,0.15,0.27,0.0,47.51,-47.51,0,0.0,少数参考,参考
3251,平石和男,5,5,3,0.0,0.0,0.0,0.0,0.177,0.14,0.22,0.0,35.28,-35.28,0,0.0,少数参考,参考
5289,佃來紀,2,2,4,0.0,75.0,0.0,75.0,0.16,0.08,0.23,50.0,57.15,17.85,0,0.0,少数参考,参考
5289,佃來紀,3,3,3,33.33,0.0,33.33,66.67,0.123,0.09,0.15,66.67,55.75,10.92,0,0.0,少数参考,参考
5325,澁川夏,6,6,3,0.0,0.0,33.33,33.33,0.19,0.11,0.25,0.0,22.5,10.83,0,0.0,少数参考,参考
5352,西岡蒼志,4,4,3,0.0,0.0,0.0,0.0,0.147,0.09,0.19,0.0,47.51,-47.51,0,0.0,少数参考,参考
4240,今井裕梨,6,6,4,0.0,25.0,0.0,25.0,0.13,0.09,0.18,25.0,22.5,2.5,0,0.0,少数参考,参考
5332,村松遥輝,3,3,3,0.0,66.67,0.0,66.67,0.127,0.05,0.19,33.33,55.75,10.92,0,0.0,少数参考,参考
4240,今井裕梨,3,3,3,0.0,33.33,0.0,33.33,0.113,0.03,0.17,33.33,55.75,-22.42,0,0.0,少数参考,参考
5289,佃來紀,1,1,3,66.67,33.33,0.0,100.0,0.12,0.09,0.14,100.0,85.37,14.63,0,0.0,少数参考,参考
5102,原田雄次,6,6,3,0.0,0.0,0.0,0.0,0.143,0.11,0.2,0.0,22.5,-22.5,0,0.0,少数参考,参考
4624,高田明,4,4,4,25.0,25.0,25.0,75.0,0.138,0.06,0.24,25.0,47.51,27.49,0,0.0,少数参考,参考
5369,岡崎凪汰,6,6,4,0.0,0.0,0.0,0.0,0.13,0.07,0.16,0.0,22.5,-22.5,0,0.0,少数参考,参考
5238,笹木香吾,2,2,4,0.0,50.0,0.0,50.0,0.128,0.07,0.19,25.0,57.15,-7.15,0,0.0,少数参考,参考
5397,寺田夢生,5,6,4,0.0,0.0,0.0,0.0,0.228,0.17,0.36,0.0,22.5,-22.5,4,100.0,少数参考,参考
5367,赤松咲香,6,6,4,0.0,0.0,0.0,0.0,0.128,0.02,0.25,0.0,22.5,-22.5,0,0.0,少数参考,参考
5373,諏訪玲奈,6,6,4,0.0,0.0,25.0,25.0,0.198,0.12,0.32,0.0,22.5,2.5,0,0.0,少数参考,参考
5397,寺田夢生,6,6,15,0.0,0.0,0.0,0.0,0.182,0.04,0.33,20.0,22.5,-22.5,0,0.0,苦手,B
5291,三嶌こころ,2,2,3,0.0,0.0,0.0,0.0,0.17,0.08,0.23,0.0,57.15,-57.15,0,0.0,少数参考,参考
4951,新田洋一,1,1,3,100.0,0.0,0.0,100.0,0.127,0.11,0.16,33.33,85.37,14.63,0,0.0,少数参考,参考
5291,三嶌こころ,3,3,3,0.0,33.33,0.0,33.33,0.193,0.12,0.24,0.0,55.75,-22.42,0,0.0,少数参考,参考
4251,川崎誠志,5,6,3,0.0,0.0,0.0,0.0,0.22,0.21,0.23,0.0,22.5,-22.5,3,100.0,少数参考,参考
3769,佐竹恒彦,4,4,4,0.0,50.0,0.0,50.0,0.117,0.05,0.24,50.0,47.51,2.49,0,0.0,少数参考,参考
5379,廣部大明,6,6,5,0.0,0.0,0.0,0.0,0.198,0.15,0.24,0.0,22.5,-22.5,0,0.0,苦手,C
5374,木山大聖,5,5,4,0.0,0.0,0.0,0.0,0.075,0.04,0.13,0.0,35.28,-35.28,0,0.0,少数参考,参考
5261,岡暢祐,2,2,3,0.0,0.0,0.0,0.0,0.227,0.13,0.28,0.0,57.15,-57.15,0,0.0,少数参考,参考
5388,佐野優都,6,6,4,0.0,0.0,0.0,0.0,0.168,0.11,0.32,0.0,22.5,-22.5,0,0.0,少数参考,参考
5388,佐野優都,5,5,3,33.33,0.0,0.0,33.33,0.103,0.06,0.13,33.33,35.28,-1.95,0,0.0,少数参考,参考
5375,庄島潤成,4,5,4,0.0,0.0,0.0,0.0,0.28,0.21,0.41,0.0,35.28,-35.28,4,100.0,少数参考,参考
5064,品川二千翔,6,5,4,0.0,25.0,0.0,25.0,0.185,0.12,0.26,0.0,35.28,-10.28,4,100.0,少数参考,参考
5309,森雄利,4,4,4,0.0,0.0,0.0,0.0,0.18,0.09,0.23,25.0,47.51,-47.51,0,0.0,少数参考,参考
5392,安武一也,6,6,4,0.0,0.0,0.0,0.0,0.167,0.13,0.18,0.0,22.5,-22.5,0,0.0,少数参考,参考
3860,松本浩貴,3,3,3,66.67,0.0,0.0,66.67,0.15,0.11,0.18,33.33,55.75,10.92,0,0.0,少数参考,参考
4565,西村豪洋,4,6,3,0.0,0.0,0.0,0.0,0.26,0.19,0.33,0.0,22.5,-22.5,3,100.0,少数参考,参考
3822,平尾崇典,1,1,4,75.0,25.0,0.0,100.0,0.15,0.09,0.2,0.0,85.37,14.63,0,0.0,少数参考,参考
5314,中曽瑠華,6,6,3,0.0,0.0,0.0,0.0,0.173,0.14,0.21,0.0,22.5,-22.5,0,0.0,少数参考,参考
3849,中岡正彦,2,2,3,33.33,0.0,33.33,66.67,0.15,0.11,0.23,33.33,57.15,9.52,0,0.0,少数参考,参考
5263,花田凱成,2,2,3,33.33,0.0,0.0,33.33,0.12,0.07,0.16,33.33,57.15,-23.82,0,0.0,少数参考,参考
5382,山下心一,4,4,3,0.0,0.0,33.33,33.33,0.193,0.09,0.3,0.0,47.51,-14.18,0,0.0,少数参考,参考
3849,中岡正彦,1,1,3,100.0,0.0,0.0,100.0,0.12,0.07,0.21,66.67,85.37,14.63,0,0.0,少数参考,参考
5382,山下心一,6,6,4,0.0,0.0,25.0,25.0,0.09,0.01,0.19,25.0,22.5,2.5,0,0.0,少数参考,参考
5413,宮城那菜,6,6,9,0.0,0.0,0.0,0.0,0.136,0.03,0.24,33.33,22.5,-22.5,0,0.0,苦手,C
5418,堀内亜海,6,6,5,0.0,0.0,0.0,0.0,0.208,0.13,0.28,0.0,22.5,-22.5,0,0.0,苦手,C
3268,森竜也,2,2,3,0.0,0.0,33.33,33.33,0.137,0.04,0.19,0.0,57.15,-23.82,0,0.0,少数参考,参考
4470,平田健之佑,1,1,3,66.67,33.33,0.0,100.0,0.113,0.08,0.15,33.33,85.37,14.63,0,0.0,少数参考,参考
5412,久保田凪紗,6,6,6,0.0,0.0,0.0,0.0,0.16,0.04,0.27,16.67,22.5,-22.5,0,0.0,苦手,C
4470,平田健之佑,3,3,3,0.0,33.33,66.67,100.0,0.127,0.11,0.15,33.33,55.75,44.25,0,0.0,少数参考,参考
5376,吉田一心,3,3,3,0.0,33.33,33.33,66.67,0.173,0.13,0.24,0.0,55.75,10.92,0,0.0,少数参考,参考
5412,久保田凪紗,5,6,3,0.0,0.0,0.0,0.0,0.147,0.06,0.26,33.33,22.5,-22.5,3,100.0,少数参考,参考
5317,長尾萌加,2,2,4,0.0,25.0,50.0,75.0,0.185,0.12,0.26,0.0,57.15,17.85,0,0.0,少数参考,参考
5401,谷海夏人,6,6,4,0.0,0.0,0.0,0.0,0.205,0.09,0.37,0.0,22.5,-22.5,0,0.0,少数参考,参考
5398,鐘ヶ江真司,6,6,4,0.0,0.0,0.0,0.0,0.115,0.09,0.14,25.0,22.5,-22.5,0,0.0,少数参考,参考
4215,吉島祥之,1,1,3,66.67,0.0,0.0,66.67,0.18,0.13,0.23,33.33,85.37,-18.7,0,0.0,少数参考,参考
4215,吉島祥之,3,3,3,66.67,0.0,33.33,100.0,0.07,0.0,0.13,66.67,55.75,44.25,0,0.0,少数参考,参考
5303,土井歩夢,5,5,3,33.33,0.0,0.0,33.33,0.223,0.18,0.26,0.0,35.28,-1.95,0,0.0,少数参考,参考
5303,土井歩夢,2,2,4,25.0,25.0,25.0,75.0,0.173,0.08,0.28,0.0,57.15,17.85,0,0.0,少数参考,参考
5420,吉原快誓,6,6,6,0.0,0.0,0.0,0.0,0.19,0.12,0.25,16.67,22.5,-22.5,0,0.0,苦手,C
5420,吉原快誓,5,6,3,0.0,0.0,0.0,0.0,0.097,0.05,0.17,66.67,22.5,-22.5,3,100.0,少数参考,参考
4408,仁科さやか,6,6,3,0.0,0.0,0.0,0.0,0.203,0.12,0.35,0.0,22.5,-22.5,0,0.0,少数参考,参考
5340,樋江井舞,4,4,3,0.0,0.0,0.0,0.0,0.13,0.1,0.18,33.33,47.51,-47.51,0,0.0,少数参考,参考
5340,樋江井舞,3,3,3,0.0,33.33,0.0,33.33,0.197,0.14,0.26,33.33,55.75,-22.42,0,0.0,少数参考,参考
5397,寺田夢生,5,5,4,0.0,0.0,0.0,0.0,0.245,0.1,0.32,25.0,35.28,-35.28,0,0.0,少数参考,参考
3654,武田光史,1,1,3,33.33,0.0,0.0,33.33,0.15,0.11,0.18,33.33,85.37,-52.04,0,0.0,少数参考,参考
3654,武田光史,3,3,4,50.0,0.0,25.0,75.0,0.133,0.11,0.18,0.0,55.75,19.25,0,0.0,少数参考,参考
3654,武田光史,6,6,4,25.0,0.0,25.0,50.0,0.13,0.09,0.17,0.0,22.5,27.5,0,0.0,少数参考,参考
3654,武田光史,2,2,4,0.0,25.0,25.0,50.0,0.107,0.04,0.17,25.0,57.15,-7.15,0,0.0,少数参考,参考
5435,中西月輝,6,6,7,0.0,0.0,0.0,0.0,0.159,0.05,0.22,42.86,22.5,-22.5,0,0.0,苦手,C
5442,池田美優,6,6,7,0.0,0.0,0.0,0.0,0.106,0.01,0.17,28.57,22.5,-22.5,0,0.0,苦手,C
4844,村上奈穂,5,5,3,0.0,0.0,66.67,66.67,0.183,0.12,0.25,0.0,35.28,31.39,0,0.0,少数参考,参考
4225,土屋千明,6,6,3,0.0,0.0,0.0,0.0,0.22,0.16,0.28,33.33,22.5,-22.5,0,0.0,少数参考,参考
5035,櫻井優,4,4,3,33.33,0.0,33.33,66.67,0.17,0.15,0.19,33.33,47.51,19.16,0,0.0,少数参考,参考
5435,中西月輝,5,6,3,0.0,0.0,0.0,0.0,0.193,0.14,0.23,0.0,22.5,-22.5,3,100.0,少数参考,参考
4594,谷川祐一,3,3,3,0.0,66.67,0.0,66.67,0.173,0.14,0.22,0.0,55.75,10.92,0,0.0,少数参考,参考
5442,池田美優,5,6,3,0.0,0.0,0.0,0.0,0.157,0.04,0.26,33.33,22.5,-22.5,3,100.0,少数参考,参考
4225,土屋千明,1,1,3,66.67,0.0,0.0,66.67,0.153,0.03,0.27,33.33,85.37,-18.7,0,0.0,少数参考,参考
4594,谷川祐一,5,5,3,0.0,0.0,0.0,0.0,0.167,0.14,0.19,33.33,35.28,-35.28,0,0.0,少数参考,参考
5391,出穂和鼓,4,4,6,0.0,0.0,16.67,16.67,0.213,0.06,0.49,16.67,47.51,-30.84,0,0.0,苦手,C
4384,鶴本崇文,1,1,3,33.33,66.67,0.0,100.0,0.21,0.13,0.27,0.0,85.37,14.63,0,0.0,少数参考,参考
3804,中渡修作,5,5,3,0.0,0.0,33.33,33.33,0.227,0.16,0.31,0.0,35.28,-1.95,0,0.0,少数参考,参考
5428,古園井綾南,6,6,6,0.0,0.0,0.0,0.0,0.202,0.14,0.27,0.0,22.5,-22.5,0,0.0,苦手,C
5438,星田夢結,6,6,6,0.0,0.0,0.0,0.0,0.4,0.21,0.72,0.0,22.5,-22.5,0,0.0,苦手,C
4926,吉川貴仁,1,1,3,100.0,0.0,0.0,100.0,0.12,0.07,0.16,100.0,85.37,14.63,0,0.0,少数参考,参考
5239,上野俊樹,3,3,3,0.0,0.0,0.0,0.0,0.16,0.11,0.25,0.0,55.75,-55.75,0,0.0,少数参考,参考
5344,谷口丞,3,3,3,0.0,0.0,0.0,0.0,0.117,0.09,0.15,33.33,55.75,-55.75,0,0.0,少数参考,参考
5239,上野俊樹,5,5,3,0.0,33.33,0.0,33.33,0.127,0.04,0.17,0.0,35.28,-1.95,0,0.0,少数参考,参考
5239,上野俊樹,2,2,3,0.0,33.33,33.33,66.67,0.203,0.08,0.34,0.0,57.15,9.52,0,0.0,少数参考,参考
3713,伊藤誠二,3,3,3,66.67,0.0,0.0,66.67,0.127,0.08,0.21,33.33,55.75,10.92,0,0.0,少数参考,参考
4683,向井田直弥,4,6,3,0.0,0.0,0.0,0.0,0.137,0.09,0.18,66.67,22.5,-22.5,3,100.0,少数参考,参考
4317,木村紗友希,5,5,3,0.0,33.33,0.0,33.33,0.18,0.16,0.22,0.0,35.28,-1.95,0,0.0,少数参考,参考
5399,長野未来,6,6,6,0.0,0.0,16.67,16.67,0.262,0.17,0.44,0.0,22.5,-5.83,0,0.0,標準,C
5362,中嶋世奈,4,4,3,0.0,0.0,0.0,0.0,0.25,0.18,0.31,0.0,47.51,-47.51,0,0.0,少数参考,参考
5108,柴田愛梨,2,2,3,0.0,0.0,0.0,0.0,0.25,0.19,0.29,0.0,57.15,-57.15,0,0.0,少数参考,参考
5272,松田真実,2,2,3,0.0,33.33,66.67,100.0,0.183,0.17,0.19,33.33,57.15,42.85,0,0.0,少数参考,参考
5134,大原祥昌,4,4,3,0.0,33.33,0.0,33.33,0.117,0.09,0.16,33.33,47.51,-14.18,0,0.0,少数参考,参考
5307,富永夏哉人,4,4,3,0.0,0.0,33.33,33.33,0.183,0.15,0.22,0.0,47.51,-14.18,0,0.0,少数参考,参考
