player_id,player_name,entry_course,starts,win_rate,second_rate,third_rate,top3_rate,avg_st,min_st,max_st,top_st_rate,course_avg_top3_rate,top3_vs_course_avg,entry_shift_count,entry_shift_rate,course_strength,reliability
4846,佐藤駿介,6,45,2.22,2.22,4.44,8.89,0.185,0.05,0.31,20.0,22.5,-13.61,16,35.56,苦手,A
3442,宮武英司,3,10,10.0,0.0,30.0,40.0,0.142,0.06,0.21,30.0,55.75,-15.75,1,10.0,苦手,B
4798,浜先真範,6,13,0.0,0.0,7.69,7.69,0.217,0.13,0.32,15.38,22.5,-14.81,3,23.08,苦手,B
3539,金子順一,2,42,0.0,19.05,16.67,35.71,0.185,0.05,0.41,2.38,57.15,-21.44,12,28.57,苦手,A
4164,岩永節也,5,7,0.0,0.0,0.0,0.0,0.196,0.16,0.23,0.0,35.28,-35.28,2,28.57,苦手,C
3350,藤本佳史,6,8,0.0,0.0,12.5,12.5,0.199,0.11,0.33,0.0,22.5,-10.0,0,0.0,苦手,C
3305,小野信樹,2,16,6.25,0.0,31.25,37.5,0.178,0.1,0.33,6.25,57.15,-19.65,0,0.0,苦手,B
3539,金子順一,4,19,0.0,0.0,10.53,10.53,0.207,0.04,0.35,0.0,47.51,-36.98,6,31.58,苦手,B
3682,切田潤二,2,13,0.0,23.08,15.38,38.46,0.186,0.09,0.26,7.69,57.15,-18.69,1,7.69,苦手,B
3305,小野信樹,1,17,35.29,17.65,11.76,64.71,0.194,0.07,0.35,5.88,85.37,-20.66,0,0.0,苦手,B
4167,片岡秀樹,6,10,10.0,0.0,0.0,10.0,0.198,0.12,0.27,20.0,22.5,-12.5,4,40.0,苦手,B
3361,岡部浩,2,5,20.0,0.0,0.0,20.0,0.226,0.13,0.33,0.0,57.15,-37.15,0,0.0,苦手,C
4328,貞本拓哉,5,5,0.0,0.0,0.0,0.0,0.26,0.11,0.4,0.0,35.28,-35.28,4,80.0,苦手,C
4164,岩永節也,3,8,12.5,12.5,12.5,37.5,0.179,0.09,0.28,0.0,55.75,-18.25,2,25.0,苦手,C
3682,切田潤二,5,5,20.0,0.0,0.0,20.0,0.192,0.07,0.28,0.0,35.28,-15.28,2,40.0,苦手,C
3846,藤井理,2,5,0.0,0.0,0.0,0.0,0.204,0.09,0.28,0.0,57.15,-57.15,1,20.0,苦手,C
4776,竹田和哉,6,12,0.0,0.0,8.33,8.33,0.23,0.12,0.36,8.33,22.5,-14.17,3,25.0,苦手,B
3935,岩津徹郎,1,7,42.86,14.29,0.0,57.14,0.173,0.08,0.23,28.57,85.37,-28.23,0,0.0,苦手,C
3305,小野信樹,4,11,9.09,9.09,9.09,27.27,0.157,0.05,0.27,27.27,47.51,-20.24,2,18.18,苦手,B
3368,新名文博,5,5,0.0,0.0,0.0,0.0,0.232,0.11,0.3,0.0,35.28,-35.28,2,40.0,苦手,C
4034,西原明生,5,7,0.0,0.0,14.29,14.29,0.177,0.11,0.29,14.29,35.28,-20.99,1,14.29,苦手,C
4009,小林一樹,2,29,3.45,20.69,20.69,44.83,0.121,0.03,0.19,27.59,57.15,-12.32,2,6.9,苦手,A
3832,下田哲也,3,8,0.0,0.0,37.5,37.5,0.171,0.05,0.37,0.0,55.75,-18.25,0,0.0,苦手,C
3539,金子順一,3,38,0.0,13.16,15.79,28.95,0.184,0.07,0.29,2.63,55.75,-26.8,6,15.79,苦手,A
3636,坂野泰章,4,6,0.0,0.0,0.0,0.0,0.233,0.15,0.34,0.0,47.51,-47.51,1,16.67,苦手,C
3832,下田哲也,2,6,0.0,16.67,16.67,33.33,0.172,0.07,0.26,16.67,57.15,-23.82,0,0.0,苦手,C
4167,片岡秀樹,2,7,14.29,0.0,14.29,28.57,0.143,0.03,0.36,28.57,57.15,-28.58,0,0.0,苦手,C
4328,貞本拓哉,6,6,0.0,0.0,0.0,0.0,0.138,0.03,0.26,16.67,22.5,-22.5,4,66.67,苦手,C
3636,坂野泰章,5,5,0.0,0.0,0.0,0.0,0.22,0.11,0.3,0.0,35.28,-35.28,1,20.0,苦手,C
4158,木場雄二郎,2,38,7.89,18.42,18.42,44.74,0.173,0.1,0.27,13.16,57.15,-12.41,1,2.63,苦手,A
4157,田崎豊,4,5,0.0,20.0,0.0,20.0,0.214,0.16,0.29,0.0,47.51,-27.51,0,0.0,苦手,C
3361,岡部浩,6,7,0.0,0.0,0.0,0.0,0.21,0.1,0.29,14.29,22.5,-22.5,2,28.57,苦手,C
3846,藤井理,3,5,0.0,0.0,0.0,0.0,0.188,0.17,0.21,20.0,55.75,-55.75,0,0.0,苦手,C
4034,西原明生,4,5,0.0,20.0,0.0,20.0,0.19,0.11,0.31,0.0,47.51,-27.51,1,20.0,苦手,C
3539,金子順一,5,13,0.0,0.0,7.69,7.69,0.268,0.18,0.46,0.0,35.28,-27.59,2,15.38,苦手,B
3832,下田哲也,5,7,0.0,14.29,0.0,14.29,0.194,0.03,0.44,28.57,35.28,-20.99,1,14.29,苦手,C
2930,新良一規,4,12,16.67,0.0,16.67,33.33,0.232,0.12,0.37,0.0,47.51,-14.18,2,16.67,苦手,B
4167,片岡秀樹,4,11,0.0,0.0,18.18,18.18,0.186,0.07,0.39,27.27,47.51,-29.33,2,18.18,苦手,B
3682,切田潤二,6,5,0.0,0.0,0.0,0.0,0.26,0.19,0.32,0.0,22.5,-22.5,1,20.0,苦手,C
3305,小野信樹,6,10,0.0,10.0,0.0,10.0,0.177,0.09,0.31,20.0,22.5,-12.5,1,10.0,苦手,B
3788,一宮稔弘,4,6,33.33,0.0,0.0,33.33,0.1,0.05,0.14,50.0,47.51,-14.18,1,16.67,苦手,C
4164,岩永節也,1,5,20.0,0.0,40.0,60.0,0.162,0.1,0.25,40.0,85.37,-25.37,0,0.0,苦手,C
4167,片岡秀樹,1,6,33.33,0.0,16.67,50.0,0.223,0.12,0.31,16.67,85.37,-35.37,0,0.0,苦手,C
4656,大崎翔,3,5,20.0,0.0,20.0,40.0,0.18,0.12,0.25,40.0,55.75,-15.75,0,0.0,苦手,C
4777,五十嵐一聡,6,20,0.0,0.0,0.0,0.0,0.168,0.04,0.34,45.0,22.5,-22.5,4,20.0,苦手,A
4681,太田潮,2,5,0.0,20.0,0.0,20.0,0.24,0.1,0.42,20.0,57.15,-37.15,1,20.0,苦手,C
4633,森智也,3,5,20.0,20.0,0.0,40.0,0.146,0.11,0.19,20.0,55.75,-15.75,1,20.0,苦手,C
4721,金光佑治,6,7,0.0,0.0,0.0,0.0,0.224,0.11,0.34,14.29,22.5,-22.5,4,57.14,苦手,C
4731,間野兼礼,1,7,42.86,14.29,0.0,57.14,0.147,0.05,0.22,28.57,85.37,-28.23,0,0.0,苦手,C
4564,山本景士郎,2,7,14.29,28.57,0.0,42.86,0.154,0.07,0.25,14.29,57.15,-14.29,0,0.0,苦手,C
4574,東潤樹,4,11,0.0,0.0,18.18,18.18,0.225,0.13,0.41,0.0,47.51,-29.33,3,27.27,苦手,B
4708,半田尚也,2,13,0.0,0.0,23.08,23.08,0.246,0.15,0.37,0.0,57.15,-34.07,0,0.0,苦手,B
4592,小林孝弘,5,15,0.0,6.67,6.67,13.33,0.172,0.07,0.39,40.0,35.28,-21.95,0,0.0,苦手,B
4727,安部慎一,6,17,0.0,5.88,5.88,11.76,0.136,0.01,0.33,58.82,22.5,-10.74,5,29.41,苦手,B
4711,前出達吉,3,6,16.67,16.67,0.0,33.33,0.163,0.08,0.27,33.33,55.75,-22.42,1,16.67,苦手,C
4633,森智也,5,7,0.0,0.0,14.29,14.29,0.161,0.06,0.28,0.0,35.28,-20.99,3,42.86,苦手,C
4625,渡邊裕貴,2,7,14.29,0.0,28.57,42.86,0.164,0.09,0.27,0.0,57.15,-14.29,1,14.29,苦手,C
4592,小林孝弘,1,14,7.14,21.43,28.57,57.14,0.166,0.05,0.24,28.57,85.37,-28.23,0,0.0,苦手,B
4727,安部慎一,4,10,0.0,0.0,0.0,0.0,0.224,0.09,0.38,10.0,47.51,-47.51,1,10.0,苦手,B
4567,上村慎太郎,6,18,0.0,0.0,0.0,0.0,0.255,0.14,0.35,0.0,22.5,-22.5,3,16.67,苦手,B
4633,森智也,2,7,14.29,14.29,14.29,42.86,0.166,0.13,0.22,14.29,57.15,-14.29,0,0.0,苦手,C
4583,古田祐貴,4,9,0.0,0.0,22.22,22.22,0.118,0.05,0.24,11.11,47.51,-25.29,1,11.11,苦手,C
4567,上村慎太郎,3,21,0.0,14.29,9.52,23.81,0.202,0.08,0.34,4.76,55.75,-31.94,3,14.29,苦手,A
4708,半田尚也,3,11,0.0,36.36,0.0,36.36,0.189,0.05,0.34,9.09,55.75,-19.39,1,9.09,苦手,B
4564,山本景士郎,5,8,0.0,0.0,25.0,25.0,0.194,0.11,0.29,0.0,35.28,-10.28,1,12.5,苦手,C
4592,小林孝弘,4,21,0.0,14.29,19.05,33.33,0.162,0.04,0.35,14.29,47.51,-14.18,0,0.0,苦手,A
4583,古田祐貴,3,16,6.25,25.0,12.5,43.75,0.132,0.03,0.26,25.0,55.75,-12.0,1,6.25,苦手,B
4564,山本景士郎,1,5,20.0,20.0,20.0,60.0,0.192,0.13,0.28,20.0,85.37,-25.37,0,0.0,苦手,C
4669,井上茂,3,5,0.0,20.0,0.0,20.0,0.212,0.13,0.29,0.0,55.75,-35.75,0,0.0,苦手,C
4708,半田尚也,1,5,0.0,20.0,40.0,60.0,0.232,0.13,0.4,20.0,85.37,-25.37,0,0.0,苦手,C
4669,井上茂,5,8,0.0,0.0,12.5,12.5,0.185,0.1,0.21,0.0,35.28,-22.78,2,25.0,苦手,C
4586,磯部誠,5,5,0.0,20.0,0.0,20.0,0.19,0.09,0.32,20.0,35.28,-15.28,0,0.0,苦手,C
4669,井上茂,2,9,0.0,0.0,22.22,22.22,0.188,0.12,0.33,0.0,57.15,-34.93,0,0.0,苦手,C
4749,山口貢輝,6,9,0.0,0.0,0.0,0.0,0.169,0.07,0.28,11.11,22.5,-22.5,3,33.33,苦手,C
4656,大崎翔,5,5,0.0,0.0,0.0,0.0,0.136,0.08,0.24,40.0,35.28,-35.28,1,20.0,苦手,C
4625,渡邊裕貴,3,5,0.0,40.0,0.0,40.0,0.17,0.14,0.19,20.0,55.75,-15.75,0,0.0,苦手,C
3643,米田隆弘,3,11,0.0,18.18,27.27,45.45,0.185,0.06,0.31,9.09,55.75,-10.3,1,9.09,苦手,B
4404,岸蔭亮,3,6,0.0,33.33,0.0,33.33,0.2,0.11,0.32,0.0,55.75,-22.42,1,16.67,苦手,C
4783,津田詳子,6,9,0.0,0.0,0.0,0.0,0.223,0.1,0.39,11.11,22.5,-22.5,5,55.56,苦手,C
3868,尾形栄治,2,8,0.0,12.5,0.0,12.5,0.221,0.15,0.27,12.5,57.15,-44.65,0,0.0,苦手,C
3075,中村裕将,3,5,0.0,0.0,40.0,40.0,0.21,0.11,0.42,40.0,55.75,-15.75,2,40.0,苦手,C
2850,小松昇司,3,5,0.0,20.0,0.0,20.0,0.274,0.12,0.47,0.0,55.75,-35.75,1,20.0,苦手,C
4495,森晋太郎,4,5,0.0,0.0,20.0,20.0,0.19,0.15,0.22,0.0,47.51,-27.51,0,0.0,苦手,C
4041,小林基樹,3,28,0.0,32.14,7.14,39.29,0.195,0.07,0.35,14.29,55.75,-16.46,4,14.29,苦手,A
4404,岸蔭亮,5,5,0.0,0.0,20.0,20.0,0.202,0.14,0.34,0.0,35.28,-15.28,0,0.0,苦手,C
4496,内堀学,1,8,62.5,0.0,12.5,75.0,0.232,0.09,0.35,12.5,85.37,-10.37,0,0.0,苦手,C
4674,池田剛規,4,11,9.09,9.09,18.18,36.36,0.173,0.04,0.33,18.18,47.51,-11.15,5,45.45,苦手,B
2844,田中伸二,3,8,12.5,12.5,12.5,37.5,0.226,0.12,0.35,0.0,55.75,-18.25,3,37.5,苦手,C
4016,西川新太郎,3,5,40.0,0.0,0.0,40.0,0.184,0.14,0.24,40.0,55.75,-15.75,2,40.0,苦手,C
4121,富永修一,5,6,16.67,0.0,0.0,16.67,0.183,0.08,0.27,33.33,35.28,-18.61,2,33.33,苦手,C
3868,尾形栄治,1,5,0.0,60.0,0.0,60.0,0.166,0.09,0.23,20.0,85.37,-25.37,0,0.0,苦手,C
4031,飯島誠,3,8,0.0,25.0,12.5,37.5,0.19,0.15,0.23,25.0,55.75,-18.25,0,0.0,苦手,C
3868,尾形栄治,4,6,0.0,0.0,0.0,0.0,0.217,0.17,0.32,16.67,47.51,-47.51,1,16.67,苦手,C
4425,大井清貴,2,21,0.0,14.29,9.52,23.81,0.173,0.07,0.26,9.52,57.15,-33.34,1,4.76,苦手,A
2850,小松昇司,2,5,0.0,0.0,20.0,20.0,0.278,0.16,0.32,0.0,57.15,-37.15,4,80.0,苦手,C
3868,尾形栄治,5,6,0.0,16.67,0.0,16.67,0.227,0.13,0.29,0.0,35.28,-18.61,1,16.67,苦手,C
4005,瀬川公則,3,22,4.55,9.09,22.73,36.36,0.132,0.04,0.25,31.82,55.75,-19.39,0,0.0,苦手,A
3571,寺本武司,4,9,0.0,0.0,33.33,33.33,0.179,0.07,0.23,11.11,47.51,-14.18,2,22.22,苦手,C
3784,中島友和,6,7,0.0,0.0,0.0,0.0,0.2,0.14,0.26,0.0,22.5,-22.5,1,14.29,苦手,C
4005,瀬川公則,6,19,0.0,5.26,5.26,10.53,0.185,0.07,0.29,15.79,22.5,-11.97,5,26.32,苦手,B
4031,飯島誠,5,7,0.0,0.0,14.29,14.29,0.201,0.14,0.29,14.29,35.28,-20.99,1,14.29,苦手,C
4005,瀬川公則,4,17,23.53,0.0,0.0,23.53,0.163,0.05,0.29,11.76,47.51,-23.98,2,11.76,苦手,B
4126,吉本玲緒,5,5,0.0,0.0,0.0,0.0,0.228,0.1,0.37,0.0,35.28,-35.28,1,20.0,苦手,C
2878,富山弘幸,3,7,0.0,0.0,14.29,14.29,0.207,0.13,0.34,0.0,55.75,-41.46,0,0.0,苦手,C
4031,飯島誠,6,5,0.0,0.0,0.0,0.0,0.216,0.14,0.31,20.0,22.5,-22.5,0,0.0,苦手,C
3571,寺本武司,6,8,0.0,0.0,12.5,12.5,0.234,0.18,0.34,0.0,22.5,-10.0,1,12.5,苦手,C
4126,吉本玲緒,2,5,0.0,20.0,0.0,20.0,0.218,0.13,0.32,20.0,57.15,-37.15,0,0.0,苦手,C
4404,岸蔭亮,4,8,12.5,0.0,0.0,12.5,0.18,0.09,0.26,50.0,47.51,-35.01,2,25.0,苦手,C
4670,芦村幸香,5,8,0.0,12.5,0.0,12.5,0.174,0.06,0.27,25.0,35.28,-22.78,5,62.5,苦手,C
3005,板谷茂樹,2,5,0.0,20.0,20.0,40.0,0.222,0.09,0.38,0.0,57.15,-17.15,0,0.0,苦手,C
3964,宮地博士,4,11,9.09,9.09,18.18,36.36,0.174,0.09,0.24,0.0,47.51,-11.15,2,18.18,苦手,B
4784,向井田真紀,6,7,0.0,0.0,0.0,0.0,0.217,0.14,0.34,14.29,22.5,-22.5,2,28.57,苦手,C
4390,松本弓雄,2,9,11.11,11.11,11.11,33.33,0.181,0.1,0.33,0.0,57.15,-23.82,0,0.0,苦手,C
3684,清水攻二,4,12,8.33,16.67,8.33,33.33,0.17,0.1,0.26,8.33,47.51,-14.18,1,8.33,苦手,B
4367,山口修路,5,6,0.0,0.0,16.67,16.67,0.257,0.08,0.43,33.33,35.28,-18.61,1,16.67,苦手,C
4396,大田直弥,5,22,4.55,13.64,4.55,22.73,0.192,0.07,0.35,4.55,35.28,-12.55,6,27.27,苦手,A
4849,森田太陽,6,25,0.0,0.0,0.0,0.0,0.222,0.05,0.36,16.0,22.5,-22.5,14,56.0,苦手,A
3563,堤昇,3,9,0.0,0.0,33.33,33.33,0.148,0.02,0.25,11.11,55.75,-22.42,6,66.67,苦手,C
4406,幸野史明,4,7,0.0,14.29,14.29,28.57,0.19,0.11,0.31,0.0,47.51,-18.94,2,28.57,苦手,C
4246,喜多那由夏,5,10,0.0,0.0,20.0,20.0,0.189,0.05,0.27,10.0,35.28,-15.28,1,10.0,苦手,B
4765,野田部宏子,6,12,0.0,0.0,0.0,0.0,0.183,0.08,0.35,8.33,22.5,-22.5,4,33.33,苦手,B
3233,小畑実成,3,10,10.0,0.0,30.0,40.0,0.18,0.11,0.23,10.0,55.75,-15.75,1,10.0,苦手,B
3987,後藤正宗,2,7,28.57,0.0,0.0,28.57,0.163,0.11,0.23,42.86,57.15,-28.58,0,0.0,苦手,C
3357,福島陽子,2,8,0.0,0.0,25.0,25.0,0.264,0.19,0.36,0.0,57.15,-32.15,1,12.5,苦手,C
3563,堤昇,4,7,0.0,14.29,14.29,28.57,0.216,0.13,0.29,0.0,47.51,-18.94,2,28.57,苦手,C
3611,岩崎芳美,5,8,0.0,12.5,12.5,25.0,0.179,0.12,0.27,25.0,35.28,-10.28,2,25.0,苦手,C
4390,松本弓雄,3,5,0.0,20.0,0.0,20.0,0.206,0.05,0.48,0.0,55.75,-35.75,0,0.0,苦手,C
3357,福島陽子,6,6,0.0,0.0,0.0,0.0,0.223,0.08,0.3,0.0,22.5,-22.5,1,16.67,苦手,C
4226,村田浩司,2,15,6.67,20.0,13.33,40.0,0.186,0.1,0.33,13.33,57.15,-17.15,0,0.0,苦手,B
4246,喜多那由夏,3,9,0.0,0.0,33.33,33.33,0.17,0.06,0.31,11.11,55.75,-22.42,1,11.11,苦手,C
3964,宮地博士,1,9,11.11,11.11,44.44,66.67,0.19,0.1,0.3,0.0,85.37,-18.7,0,0.0,苦手,C
3987,後藤正宗,3,9,22.22,0.0,22.22,44.44,0.184,0.13,0.23,0.0,55.75,-11.31,1,11.11,苦手,C
4390,松本弓雄,4,8,0.0,0.0,12.5,12.5,0.161,0.11,0.22,37.5,47.51,-35.01,3,37.5,苦手,C
4505,島田賢人,5,8,0.0,12.5,12.5,25.0,0.124,0.06,0.27,50.0,35.28,-10.28,1,12.5,苦手,C
3233,小畑実成,1,13,15.38,30.77,15.38,61.54,0.148,0.02,0.31,30.77,85.37,-23.83,0,0.0,苦手,B
3477,近藤稔也,2,5,0.0,20.0,0.0,20.0,0.17,0.11,0.21,0.0,57.15,-37.15,0,0.0,苦手,C
3151,落合敬一,3,5,0.0,40.0,0.0,40.0,0.152,0.08,0.29,20.0,55.75,-15.75,1,20.0,苦手,C
4116,川田正人,2,8,0.0,12.5,25.0,37.5,0.239,0.13,0.34,0.0,57.15,-19.65,0,0.0,苦手,C
4784,向井田真紀,4,5,0.0,20.0,0.0,20.0,0.188,0.11,0.28,40.0,47.51,-27.51,1,20.0,苦手,C
3058,原義昭,5,6,0.0,0.0,0.0,0.0,0.115,0.04,0.2,16.67,35.28,-35.28,2,33.33,苦手,C
4333,村田友也,5,5,0.0,0.0,0.0,0.0,0.178,0.06,0.27,0.0,35.28,-35.28,3,60.0,苦手,C
4021,吉田健太郎,6,6,0.0,0.0,0.0,0.0,0.168,0.1,0.24,33.33,22.5,-22.5,0,0.0,苦手,C
3357,福島陽子,5,6,0.0,0.0,16.67,16.67,0.193,0.15,0.25,0.0,35.28,-18.61,1,16.67,苦手,C
3987,後藤正宗,6,8,0.0,12.5,0.0,12.5,0.144,0.02,0.33,50.0,22.5,-10.0,1,12.5,苦手,C
3841,佐々木和伸,6,9,0.0,0.0,11.11,11.11,0.172,0.12,0.25,0.0,22.5,-11.39,0,0.0,苦手,C
3964,宮地博士,3,12,0.0,25.0,8.33,33.33,0.148,0.06,0.32,8.33,55.75,-22.42,2,16.67,苦手,B
4390,松本弓雄,5,9,0.0,11.11,11.11,22.22,0.169,0.08,0.25,0.0,35.28,-13.06,2,22.22,苦手,C
4784,向井田真紀,5,7,0.0,0.0,0.0,0.0,0.174,0.03,0.3,28.57,35.28,-35.28,2,28.57,苦手,C
4765,野田部宏子,5,6,0.0,16.67,0.0,16.67,0.115,0.02,0.21,33.33,35.28,-18.61,1,16.67,苦手,C
4390,松本弓雄,1,5,20.0,20.0,20.0,60.0,0.238,0.12,0.31,20.0,85.37,-25.37,0,0.0,苦手,C
3593,横井光弘,4,10,0.0,10.0,20.0,30.0,0.174,0.08,0.33,10.0,47.51,-17.51,2,20.0,苦手,B
4246,喜多那由夏,1,5,0.0,40.0,0.0,40.0,0.17,0.08,0.31,40.0,85.37,-45.37,0,0.0,苦手,C
4406,幸野史明,1,5,40.0,20.0,0.0,60.0,0.154,0.07,0.24,20.0,85.37,-25.37,0,0.0,苦手,C
4263,武重雄介,6,26,0.0,7.69,3.85,11.54,0.205,0.11,0.31,3.85,22.5,-10.96,0,0.0,苦手,A
3841,佐々木和伸,3,5,20.0,20.0,0.0,40.0,0.192,0.12,0.25,0.0,55.75,-15.75,0,0.0,苦手,C
4332,村上彰一,5,10,0.0,0.0,20.0,20.0,0.167,0.03,0.28,20.0,35.28,-15.28,4,40.0,苦手,B
4718,北川太一,4,5,20.0,0.0,0.0,20.0,0.098,0.02,0.13,0.0,47.51,-27.51,1,20.0,苦手,C
4592,小林孝弘,3,16,0.0,6.25,18.75,25.0,0.151,0.06,0.26,37.5,55.75,-30.75,1,6.25,苦手,B
3998,冨成謙児,4,7,14.29,14.29,0.0,28.57,0.179,0.12,0.24,0.0,47.51,-18.94,1,14.29,苦手,C
4848,仲谷颯仁,6,16,0.0,6.25,6.25,12.5,0.177,0.09,0.37,25.0,22.5,-10.0,6,37.5,苦手,B
4241,大串重幸,5,10,0.0,10.0,10.0,20.0,0.167,0.1,0.31,10.0,35.28,-15.28,4,40.0,苦手,B
4416,三宅健太,5,5,0.0,0.0,0.0,0.0,0.216,0.16,0.28,0.0,35.28,-35.28,1,20.0,苦手,C
3303,渡辺豊,2,11,0.0,36.36,9.09,45.45,0.185,0.08,0.3,0.0,57.15,-11.7,0,0.0,苦手,B
4251,川崎誠志,4,18,5.56,0.0,16.67,22.22,0.2,0.06,0.28,5.56,47.51,-25.29,3,16.67,苦手,B
4004,山本浩輔,5,9,0.0,11.11,11.11,22.22,0.181,0.02,0.39,11.11,35.28,-13.06,2,22.22,苦手,C
3543,福田雅一,3,9,0.0,33.33,0.0,33.33,0.127,0.09,0.21,0.0,55.75,-22.42,0,0.0,苦手,C
4718,北川太一,2,8,12.5,0.0,25.0,37.5,0.174,0.11,0.28,12.5,57.15,-19.65,2,25.0,苦手,C
4693,松下誉士,4,9,0.0,0.0,22.22,22.22,0.186,0.08,0.26,22.22,47.51,-25.29,1,11.11,苦手,C
3306,武田正紀,5,8,0.0,12.5,12.5,25.0,0.166,0.07,0.24,0.0,35.28,-10.28,3,37.5,苦手,C
4332,村上彰一,1,6,16.67,0.0,50.0,66.67,0.118,0.03,0.18,16.67,85.37,-18.7,0,0.0,苦手,C
3998,冨成謙児,6,9,0.0,0.0,0.0,0.0,0.196,0.13,0.31,0.0,22.5,-22.5,2,22.22,苦手,C
4196,田中太一郎,3,8,0.0,25.0,12.5,37.5,0.225,0.17,0.27,0.0,55.75,-18.25,1,12.5,苦手,C
4052,興津藍,4,7,0.0,0.0,28.57,28.57,0.223,0.06,0.61,0.0,47.51,-18.94,0,0.0,苦手,C
3998,冨成謙児,5,13,7.69,0.0,15.38,23.08,0.172,0.06,0.31,15.38,35.28,-12.2,3,23.08,苦手,B
4416,三宅健太,2,5,0.0,40.0,0.0,40.0,0.126,0.04,0.17,0.0,57.15,-17.15,0,0.0,苦手,C
4251,川崎誠志,6,19,0.0,5.26,5.26,10.53,0.222,0.14,0.33,0.0,22.5,-11.97,4,21.05,苦手,B
4004,山本浩輔,4,6,0.0,0.0,16.67,16.67,0.19,0.14,0.28,0.0,47.51,-30.84,1,16.67,苦手,C
4241,大串重幸,4,8,0.0,0.0,12.5,12.5,0.229,0.16,0.3,0.0,47.51,-35.01,3,37.5,苦手,C
4693,松下誉士,6,13,0.0,0.0,7.69,7.69,0.192,0.11,0.29,23.08,22.5,-14.81,5,38.46,苦手,B
3306,武田正紀,2,5,0.0,0.0,40.0,40.0,0.172,0.06,0.27,0.0,57.15,-17.15,0,0.0,苦手,C
4251,川崎誠志,5,22,0.0,4.55,13.64,18.18,0.194,0.09,0.29,0.0,35.28,-17.1,3,13.64,苦手,A
4196,田中太一郎,2,5,20.0,0.0,20.0,40.0,0.142,0.05,0.19,20.0,57.15,-17.15,0,0.0,苦手,C
4718,北川太一,6,6,0.0,0.0,0.0,0.0,0.158,0.03,0.27,16.67,22.5,-22.5,1,16.67,苦手,C
3878,胡本悟志,3,20,0.0,15.0,15.0,30.0,0.206,0.02,0.44,5.0,55.75,-25.75,1,5.0,苦手,A
3620,信濃由行,3,8,0.0,12.5,12.5,25.0,0.159,0.05,0.37,12.5,55.75,-30.75,0,0.0,苦手,C
4119,泥谷一毅,6,5,0.0,0.0,0.0,0.0,0.204,0.06,0.31,20.0,22.5,-22.5,0,0.0,苦手,C
4650,中山雄太,5,6,0.0,0.0,16.67,16.67,0.193,0.11,0.25,16.67,35.28,-18.61,2,33.33,苦手,C
4180,上野秀和,3,7,0.0,28.57,14.29,42.86,0.154,0.04,0.22,28.57,55.75,-12.89,0,0.0,苦手,C
3787,天野誠,6,6,0.0,0.0,0.0,0.0,0.178,0.11,0.27,16.67,22.5,-22.5,0,0.0,苦手,C
4180,上野秀和,5,11,0.0,9.09,9.09,18.18,0.177,0.09,0.28,0.0,35.28,-17.1,1,9.09,苦手,B
3373,黒瀬三幸,2,5,20.0,0.0,20.0,40.0,0.172,0.09,0.24,0.0,57.15,-17.15,0,0.0,苦手,C
3620,信濃由行,4,11,9.09,9.09,9.09,27.27,0.135,0.06,0.21,18.18,47.51,-20.24,2,18.18,苦手,B
3787,天野誠,1,7,14.29,57.14,0.0,71.43,0.167,0.04,0.29,14.29,85.37,-13.94,0,0.0,苦手,C
4119,泥谷一毅,3,6,33.33,0.0,0.0,33.33,0.17,0.11,0.25,16.67,55.75,-22.42,1,16.67,苦手,C
4683,向井田直弥,4,5,0.0,20.0,0.0,20.0,0.124,0.05,0.19,20.0,47.51,-27.51,0,0.0,苦手,C
4133,高橋正男,5,13,0.0,0.0,15.38,15.38,0.149,0.07,0.24,30.77,35.28,-19.9,7,53.85,苦手,B
4228,吉田慎二郎,4,10,0.0,0.0,20.0,20.0,0.157,0.05,0.24,20.0,47.51,-27.51,3,30.0,苦手,B
3878,胡本悟志,2,23,4.35,13.04,17.39,34.78,0.169,0.05,0.28,26.09,57.15,-22.37,0,0.0,苦手,A
3501,川上昇平,3,9,11.11,11.11,22.22,44.44,0.141,0.05,0.22,33.33,55.75,-11.31,1,11.11,苦手,C
3620,信濃由行,2,10,10.0,10.0,10.0,30.0,0.154,0.04,0.21,10.0,57.15,-27.15,1,10.0,苦手,B
3787,天野誠,5,10,10.0,0.0,10.0,20.0,0.196,0.04,0.39,10.0,35.28,-15.28,1,10.0,苦手,B
4119,泥谷一毅,4,8,0.0,0.0,12.5,12.5,0.204,0.07,0.31,12.5,47.51,-35.01,2,25.0,苦手,C
3620,信濃由行,5,9,11.11,11.11,0.0,22.22,0.182,0.08,0.31,22.22,35.28,-13.06,2,22.22,苦手,C
4805,今林由喜,6,9,0.0,0.0,0.0,0.0,0.198,0.09,0.34,11.11,22.5,-22.5,4,44.44,苦手,C
3578,塩田雄一,1,6,50.0,0.0,16.67,66.67,0.185,0.06,0.26,0.0,85.37,-18.7,0,0.0,苦手,C
3358,桑原明,2,6,0.0,16.67,0.0,16.67,0.22,0.09,0.37,0.0,57.15,-40.48,0,0.0,苦手,C
3346,宮本裕之,5,16,6.25,6.25,6.25,18.75,0.158,0.06,0.29,18.75,35.28,-16.53,6,37.5,苦手,B
4768,田代元気,6,6,0.0,0.0,0.0,0.0,0.232,0.15,0.4,16.67,22.5,-22.5,0,0.0,苦手,C
4552,杉山勝匡,4,8,12.5,12.5,12.5,37.5,0.216,0.08,0.34,25.0,47.51,-10.01,1,12.5,苦手,C
2841,吉田稔,5,5,0.0,0.0,20.0,20.0,0.214,0.18,0.26,20.0,35.28,-15.28,1,20.0,苦手,C
3617,竹田広樹,2,11,0.0,27.27,0.0,27.27,0.17,0.1,0.27,9.09,57.15,-29.88,1,9.09,苦手,B
4835,橋本明,6,16,0.0,6.25,6.25,12.5,0.151,0.01,0.36,25.0,22.5,-10.0,8,50.0,苦手,B
3578,塩田雄一,2,7,14.29,28.57,0.0,42.86,0.217,0.13,0.37,0.0,57.15,-14.29,0,0.0,苦手,C
2841,吉田稔,3,7,0.0,28.57,0.0,28.57,0.199,0.12,0.29,0.0,55.75,-27.18,1,14.29,苦手,C
3617,竹田広樹,3,8,0.0,12.5,12.5,25.0,0.135,0.03,0.21,12.5,55.75,-30.75,1,12.5,苦手,C
3825,宮嵜隆太郎,6,5,0.0,0.0,0.0,0.0,0.112,0.05,0.16,0.0,22.5,-22.5,0,0.0,苦手,C
3617,竹田広樹,5,11,18.18,0.0,0.0,18.18,0.186,0.06,0.38,9.09,35.28,-17.1,3,27.27,苦手,B
4552,杉山勝匡,2,7,0.0,0.0,14.29,14.29,0.179,0.03,0.29,0.0,57.15,-42.86,0,0.0,苦手,C
2841,吉田稔,4,7,0.0,0.0,28.57,28.57,0.171,0.08,0.3,0.0,47.51,-18.94,3,42.86,苦手,C
3346,宮本裕之,3,8,0.0,0.0,0.0,0.0,0.216,0.11,0.29,0.0,55.75,-55.75,0,0.0,苦手,C
3680,森林太,4,19,0.0,15.79,21.05,36.84,0.183,0.08,0.28,5.26,47.51,-10.67,2,10.53,苦手,B
4122,安東幸治,2,5,20.0,20.0,0.0,40.0,0.162,0.13,0.19,0.0,57.15,-17.15,1,20.0,苦手,C
3578,塩田雄一,3,6,16.67,0.0,16.67,33.33,0.192,0.09,0.31,16.67,55.75,-22.42,0,0.0,苦手,C
3346,宮本裕之,2,9,0.0,22.22,22.22,44.44,0.147,0.08,0.23,22.22,57.15,-12.71,0,0.0,苦手,C
3680,森林太,5,25,4.0,8.0,8.0,20.0,0.216,0.13,0.35,4.0,35.28,-15.28,4,16.0,苦手,A
3529,松本勝也,5,5,20.0,0.0,0.0,20.0,0.178,0.12,0.23,20.0,35.28,-15.28,1,20.0,苦手,C
3981,今坂晃広,3,7,14.29,14.29,0.0,28.57,0.129,0.09,0.17,14.29,55.75,-27.18,0,0.0,苦手,C
4105,松下直也,4,10,0.0,20.0,10.0,30.0,0.164,0.01,0.29,30.0,47.51,-17.51,0,0.0,苦手,B
4389,伊藤喜智,5,5,0.0,0.0,0.0,0.0,0.15,0.08,0.21,20.0,35.28,-35.28,2,40.0,苦手,C
3901,松田憲幸,2,31,6.45,22.58,16.13,45.16,0.188,0.07,0.34,6.45,57.15,-11.99,0,0.0,苦手,A
3617,竹田広樹,1,7,42.86,28.57,0.0,71.43,0.199,0.15,0.25,14.29,85.37,-13.94,0,0.0,苦手,C
3578,塩田雄一,6,9,0.0,0.0,11.11,11.11,0.191,0.02,0.32,11.11,22.5,-11.39,1,11.11,苦手,C
3617,竹田広樹,4,10,0.0,0.0,10.0,10.0,0.22,0.09,0.31,10.0,47.51,-37.51,2,20.0,苦手,B
4276,鈴木勝博,5,8,0.0,12.5,12.5,25.0,0.173,0.06,0.25,0.0,35.28,-10.28,2,25.0,苦手,C
2276,古谷猛,5,5,0.0,0.0,20.0,20.0,0.176,0.11,0.28,20.0,35.28,-15.28,2,40.0,苦手,C
4724,吉田祐貴,6,13,0.0,7.69,0.0,7.69,0.144,0.07,0.21,53.85,22.5,-14.81,3,23.08,苦手,B
3946,赤岩善生,2,13,30.77,15.38,0.0,46.15,0.152,0.11,0.2,7.69,57.15,-11.0,6,46.15,苦手,B
4729,佐藤謙史朗,5,15,13.33,0.0,0.0,13.33,0.143,0.04,0.35,33.33,35.28,-21.95,2,13.33,苦手,B
3459,中野和裕,6,9,0.0,0.0,0.0,0.0,0.184,0.01,0.38,11.11,22.5,-22.5,2,22.22,苦手,C
4417,服部剛,5,6,0.0,0.0,0.0,0.0,0.225,0.15,0.36,0.0,35.28,-35.28,2,33.33,苦手,C
3459,中野和裕,3,10,10.0,10.0,20.0,40.0,0.204,0.1,0.32,20.0,55.75,-15.75,2,20.0,苦手,B
4111,奥田誠,5,8,0.0,0.0,25.0,25.0,0.165,0.11,0.22,0.0,35.28,-10.28,1,12.5,苦手,C
3881,浦上拓也,5,9,0.0,0.0,22.22,22.22,0.22,0.14,0.41,0.0,35.28,-13.06,2,22.22,苦手,C
4411,沢田昭宏,2,7,0.0,28.57,14.29,42.86,0.163,0.12,0.29,0.0,57.15,-14.29,0,0.0,苦手,C
3875,廣中良一,6,20,0.0,5.0,5.0,10.0,0.248,0.13,0.36,5.0,22.5,-12.5,3,15.0,苦手,A
3459,中野和裕,2,14,0.0,21.43,14.29,35.71,0.168,0.05,0.29,28.57,57.15,-21.44,0,0.0,苦手,B
3855,大熊辰弥,3,5,0.0,20.0,20.0,40.0,0.234,0.16,0.41,0.0,55.75,-15.75,1,20.0,苦手,C
3539,金子順一,6,8,0.0,0.0,0.0,0.0,0.281,0.16,0.38,0.0,22.5,-22.5,2,25.0,苦手,C
4417,服部剛,4,7,0.0,28.57,0.0,28.57,0.214,0.11,0.33,0.0,47.51,-18.94,2,28.57,苦手,C
3782,伊藤宏,5,5,0.0,0.0,20.0,20.0,0.17,0.1,0.23,40.0,35.28,-15.28,2,40.0,苦手,C
3976,内田圭,6,9,0.0,0.0,0.0,0.0,0.229,0.04,0.33,11.11,22.5,-22.5,2,22.22,苦手,C
3936,三瀬譲,3,5,0.0,20.0,20.0,40.0,0.128,0.06,0.21,40.0,55.75,-15.75,0,0.0,苦手,C
3872,岡田憲行,4,9,11.11,11.11,11.11,33.33,0.187,0.11,0.32,0.0,47.51,-14.18,1,11.11,苦手,C
3855,大熊辰弥,2,7,14.29,28.57,0.0,42.86,0.201,0.15,0.31,0.0,57.15,-14.29,0,0.0,苦手,C
3881,浦上拓也,3,14,14.29,14.29,14.29,42.86,0.139,0.07,0.26,14.29,55.75,-12.89,2,14.29,苦手,B
4000,松本博昭,5,12,0.0,8.33,16.67,25.0,0.163,0.08,0.26,25.0,35.28,-10.28,4,33.33,苦手,B
3441,土屋太朗,1,5,40.0,20.0,0.0,60.0,0.192,0.13,0.27,20.0,85.37,-25.37,0,0.0,苦手,C
4729,佐藤謙史朗,6,14,0.0,0.0,7.14,7.14,0.185,0.09,0.3,7.14,22.5,-15.36,4,28.57,苦手,B
3441,土屋太朗,3,8,0.0,25.0,0.0,25.0,0.179,0.13,0.24,12.5,55.75,-30.75,1,12.5,苦手,C
3976,内田圭,5,13,7.69,7.69,7.69,23.08,0.198,0.11,0.46,7.69,35.28,-12.2,2,15.38,苦手,B
3459,中野和裕,1,7,14.29,14.29,42.86,71.43,0.187,0.07,0.3,28.57,85.37,-13.94,0,0.0,苦手,C
4411,沢田昭宏,4,7,0.0,0.0,28.57,28.57,0.219,0.17,0.3,0.0,47.51,-18.94,2,28.57,苦手,C
3881,浦上拓也,4,10,0.0,10.0,0.0,10.0,0.186,0.11,0.34,10.0,47.51,-37.51,1,10.0,苦手,B
3459,中野和裕,5,14,0.0,7.14,0.0,7.14,0.173,0.06,0.49,35.71,35.28,-28.14,4,28.57,苦手,B
4290,稲田浩二,5,6,0.0,0.0,0.0,0.0,0.123,0.07,0.19,33.33,35.28,-35.28,1,16.67,苦手,C
4111,奥田誠,1,7,42.86,14.29,0.0,57.14,0.159,0.11,0.22,0.0,85.37,-28.23,0,0.0,苦手,C
3789,和田敏彦,5,5,0.0,0.0,20.0,20.0,0.178,0.12,0.24,0.0,35.28,-15.28,1,20.0,苦手,C
4366,前沢丈史,2,6,0.0,33.33,0.0,33.33,0.155,0.07,0.25,0.0,57.15,-23.82,0,0.0,苦手,C
4411,沢田昭宏,6,5,0.0,0.0,0.0,0.0,0.158,0.09,0.22,20.0,22.5,-22.5,0,0.0,苦手,C
3929,杢野誓良,4,8,0.0,25.0,12.5,37.5,0.16,0.11,0.22,25.0,47.51,-10.01,2,25.0,苦手,C
3441,土屋太朗,5,5,0.0,20.0,0.0,20.0,0.252,0.14,0.56,0.0,35.28,-15.28,1,20.0,苦手,C
3976,内田圭,4,15,13.33,6.67,6.67,26.67,0.169,0.03,0.27,13.33,47.51,-20.84,0,0.0,苦手,B
3601,田村勇一,4,5,20.0,0.0,0.0,20.0,0.28,0.08,0.56,0.0,47.51,-27.51,1,20.0,苦手,C
4810,後藤麦,6,13,0.0,0.0,0.0,0.0,0.15,0.03,0.26,23.08,22.5,-22.5,4,30.77,苦手,B
3655,本橋克洋,1,7,57.14,0.0,14.29,71.43,0.193,0.1,0.25,28.57,85.37,-13.94,1,14.29,苦手,C
4799,大山大我,6,7,0.0,0.0,0.0,0.0,0.221,0.12,0.54,28.57,22.5,-22.5,2,28.57,苦手,C
4153,佐々木巌,5,8,0.0,12.5,12.5,25.0,0.224,0.13,0.32,0.0,35.28,-10.28,2,25.0,苦手,C
4826,井上一輝,5,8,12.5,0.0,12.5,25.0,0.121,0.1,0.19,25.0,35.28,-10.28,0,0.0,苦手,C
3601,田村勇一,2,6,0.0,33.33,0.0,33.33,0.173,0.1,0.22,0.0,57.15,-23.82,0,0.0,苦手,C
3666,内野省一,5,6,0.0,0.0,16.67,16.67,0.177,0.14,0.25,0.0,35.28,-18.61,2,33.33,苦手,C
3912,川原正明,2,5,20.0,20.0,0.0,40.0,0.15,0.09,0.25,40.0,57.15,-17.15,0,0.0,苦手,C
3613,角谷健吾,2,9,0.0,11.11,22.22,33.33,0.194,0.14,0.28,0.0,57.15,-23.82,2,22.22,苦手,C
4580,長谷川雅和,5,5,0.0,0.0,0.0,0.0,0.198,0.11,0.34,0.0,35.28,-35.28,1,20.0,苦手,C
3912,川原正明,5,6,16.67,0.0,0.0,16.67,0.12,0.03,0.18,66.67,35.28,-18.61,1,16.67,苦手,C
4452,松尾祭,1,7,42.86,14.29,0.0,57.14,0.203,0.08,0.31,0.0,85.37,-28.23,0,0.0,苦手,C
4826,井上一輝,4,9,0.0,22.22,11.11,33.33,0.133,0.03,0.24,22.22,47.51,-14.18,0,0.0,苦手,C
3508,久富政弘,5,5,0.0,20.0,0.0,20.0,0.178,0.09,0.24,20.0,35.28,-15.28,1,20.0,苦手,C
3912,川原正明,4,6,16.67,0.0,16.67,33.33,0.138,0.04,0.19,33.33,47.51,-14.18,3,50.0,苦手,C
4229,市川美宏,6,5,0.0,0.0,0.0,0.0,0.198,0.12,0.25,0.0,22.5,-22.5,1,20.0,苦手,C
3507,藤井徹,4,6,0.0,0.0,16.67,16.67,0.205,0.09,0.29,0.0,47.51,-30.84,1,16.67,苦手,C
4269,杉山裕也,3,9,0.0,11.11,33.33,44.44,0.143,0.07,0.24,22.22,55.75,-11.31,1,11.11,苦手,C
4153,佐々木巌,3,8,0.0,12.5,12.5,25.0,0.152,0.07,0.25,12.5,55.75,-30.75,0,0.0,苦手,C
3508,久富政弘,2,9,11.11,11.11,22.22,44.44,0.189,0.09,0.31,0.0,57.15,-12.71,1,11.11,苦手,C
3655,本橋克洋,2,5,20.0,0.0,20.0,40.0,0.182,0.11,0.28,0.0,57.15,-17.15,1,20.0,苦手,C
3601,田村勇一,3,5,0.0,40.0,0.0,40.0,0.222,0.14,0.31,0.0,55.75,-15.75,0,0.0,苦手,C
3135,山口博司,4,5,0.0,0.0,20.0,20.0,0.204,0.07,0.26,0.0,47.51,-27.51,1,20.0,苦手,C
3601,田村勇一,5,5,20.0,0.0,0.0,20.0,0.244,0.08,0.33,20.0,35.28,-15.28,2,40.0,苦手,C
3508,久富政弘,6,8,0.0,0.0,0.0,0.0,0.273,0.2,0.38,0.0,22.5,-22.5,3,37.5,苦手,C
4452,松尾祭,5,6,16.67,0.0,0.0,16.67,0.192,0.15,0.27,0.0,35.28,-18.61,2,33.33,苦手,C
3508,久富政弘,1,5,40.0,20.0,0.0,60.0,0.192,0.11,0.26,0.0,85.37,-25.37,0,0.0,苦手,C
4525,真子奈津実,3,7,14.29,0.0,14.29,28.57,0.147,0.1,0.19,0.0,55.75,-27.18,0,0.0,苦手,C
4555,富永大一,2,8,0.0,12.5,25.0,37.5,0.228,0.12,0.39,0.0,57.15,-19.65,0,0.0,苦手,C
3883,山根大樹,5,6,0.0,16.67,0.0,16.67,0.188,0.1,0.25,16.67,35.28,-18.61,1,16.67,苦手,C
4672,守屋大地,5,10,0.0,0.0,0.0,0.0,0.179,0.11,0.29,20.0,35.28,-35.28,2,20.0,苦手,B
4722,竹野未華,6,8,0.0,0.0,0.0,0.0,0.239,0.1,0.36,12.5,22.5,-22.5,3,37.5,苦手,C
4720,西澤日花里,3,7,14.29,0.0,14.29,28.57,0.176,0.06,0.26,0.0,55.75,-27.18,0,0.0,苦手,C
3455,谷本幸司,4,7,0.0,14.29,14.29,28.57,0.143,0.11,0.17,28.57,47.51,-18.94,0,0.0,苦手,C
4538,笠置博之,5,5,0.0,20.0,0.0,20.0,0.18,0.1,0.29,20.0,35.28,-15.28,2,40.0,苦手,C
3883,山根大樹,4,9,0.0,0.0,0.0,0.0,0.178,0.12,0.27,11.11,47.51,-47.51,1,11.11,苦手,C
4525,真子奈津実,5,8,12.5,12.5,0.0,25.0,0.175,0.11,0.3,25.0,35.28,-10.28,1,12.5,苦手,C
4023,柴田友和,2,11,9.09,0.0,9.09,18.18,0.188,0.06,0.32,18.18,57.15,-38.97,0,0.0,苦手,B
3470,新田芳美,4,6,16.67,16.67,0.0,33.33,0.143,0.08,0.27,0.0,47.51,-14.18,1,16.67,苦手,C
3455,谷本幸司,1,7,42.86,14.29,14.29,71.43,0.223,0.14,0.37,0.0,85.37,-13.94,0,0.0,苦手,C
3883,山根大樹,2,7,0.0,14.29,14.29,28.57,0.216,0.08,0.32,0.0,57.15,-28.58,0,0.0,苦手,C
4023,柴田友和,5,8,12.5,0.0,12.5,25.0,0.158,0.05,0.28,12.5,35.28,-10.28,2,25.0,苦手,C
4555,富永大一,5,6,0.0,0.0,16.67,16.67,0.205,0.11,0.28,16.67,35.28,-18.61,1,16.67,苦手,C
4736,高倉和士,5,12,8.33,8.33,0.0,16.67,0.157,0.07,0.25,16.67,35.28,-18.61,3,25.0,苦手,B
4525,真子奈津実,6,8,0.0,0.0,0.0,0.0,0.151,0.07,0.25,37.5,22.5,-22.5,1,12.5,苦手,C
4538,笠置博之,2,5,0.0,20.0,0.0,20.0,0.172,0.1,0.25,60.0,57.15,-37.15,0,0.0,苦手,C
3561,池田真治,2,6,16.67,16.67,0.0,33.33,0.185,0.11,0.27,33.33,57.15,-23.82,0,0.0,苦手,C
3631,田添康介,5,12,0.0,0.0,16.67,16.67,0.177,0.03,0.31,8.33,35.28,-18.61,2,16.67,苦手,B
3559,水長照雄,1,12,50.0,16.67,8.33,75.0,0.182,0.06,0.36,16.67,85.37,-10.37,0,0.0,苦手,B
4672,守屋大地,3,7,28.57,0.0,14.29,42.86,0.206,0.07,0.39,14.29,55.75,-12.89,0,0.0,苦手,C
4219,本岡勝利,5,8,0.0,25.0,0.0,25.0,0.199,0.06,0.5,25.0,35.28,-10.28,0,0.0,苦手,C
4023,柴田友和,1,7,57.14,0.0,0.0,57.14,0.193,0.07,0.37,28.57,85.37,-28.23,0,0.0,苦手,C
4257,古川健,5,12,0.0,8.33,0.0,8.33,0.184,0.08,0.28,16.67,35.28,-26.95,3,25.0,苦手,B
3873,別府昌樹,1,6,33.33,0.0,33.33,66.67,0.272,0.18,0.38,0.0,85.37,-18.7,0,0.0,苦手,C
2878,富山弘幸,5,8,0.0,12.5,12.5,25.0,0.24,0.12,0.43,12.5,35.28,-10.28,3,37.5,苦手,C
4234,野相弘司,2,5,20.0,20.0,0.0,40.0,0.228,0.17,0.36,20.0,57.15,-17.15,0,0.0,苦手,C
3928,林恵祐,6,8,0.0,0.0,0.0,0.0,0.231,0.15,0.31,0.0,22.5,-22.5,2,25.0,苦手,C
4722,竹野未華,5,7,0.0,0.0,14.29,14.29,0.164,0.06,0.3,14.29,35.28,-20.99,2,28.57,苦手,C
3631,田添康介,2,7,0.0,0.0,14.29,14.29,0.123,0.08,0.17,28.57,57.15,-42.86,0,0.0,苦手,C
4720,西澤日花里,6,6,0.0,0.0,0.0,0.0,0.21,0.12,0.54,0.0,22.5,-22.5,2,33.33,苦手,C
4023,柴田友和,6,7,0.0,0.0,0.0,0.0,0.179,0.14,0.27,0.0,22.5,-22.5,0,0.0,苦手,C
3722,西村秀樹,5,8,0.0,0.0,25.0,25.0,0.156,0.05,0.24,0.0,35.28,-10.28,2,25.0,苦手,C
4257,古川健,4,9,0.0,11.11,11.11,22.22,0.153,0.09,0.21,0.0,47.51,-25.29,1,11.11,苦手,C
4037,別府正幸,3,8,12.5,12.5,0.0,25.0,0.258,0.15,0.39,0.0,55.75,-30.75,2,25.0,苦手,C
4736,高倉和士,6,11,0.0,9.09,0.0,9.09,0.178,0.07,0.35,18.18,22.5,-13.41,2,18.18,苦手,B
4521,小池公生,3,8,12.5,0.0,25.0,37.5,0.181,0.08,0.25,12.5,55.75,-18.25,2,25.0,苦手,C
3928,林恵祐,4,7,0.0,14.29,0.0,14.29,0.181,0.12,0.24,28.57,47.51,-33.22,0,0.0,苦手,C
3631,田添康介,3,10,20.0,10.0,10.0,40.0,0.181,0.01,0.49,30.0,55.75,-15.75,0,0.0,苦手,B
4219,本岡勝利,2,7,0.0,28.57,14.29,42.86,0.186,0.11,0.24,0.0,57.15,-14.29,0,0.0,苦手,C
4733,赤井睦,6,6,0.0,0.0,0.0,0.0,0.222,0.09,0.43,16.67,22.5,-22.5,0,0.0,苦手,C
4501,樋口由加里,5,7,0.0,0.0,0.0,0.0,0.153,0.06,0.37,42.86,35.28,-35.28,1,14.29,苦手,C
3883,山根大樹,3,7,0.0,0.0,0.0,0.0,0.159,0.11,0.21,14.29,55.75,-55.75,2,28.57,苦手,C
3736,岡本猛,2,7,0.0,28.57,14.29,42.86,0.15,0.02,0.27,28.57,57.15,-14.29,0,0.0,苦手,C
4672,守屋大地,4,9,22.22,11.11,0.0,33.33,0.19,0.11,0.23,22.22,47.51,-14.18,2,22.22,苦手,C
4525,真子奈津実,4,12,8.33,0.0,8.33,16.67,0.159,0.07,0.39,25.0,47.51,-30.84,4,33.33,苦手,B
4770,小野真歩,6,8,0.0,0.0,0.0,0.0,0.268,0.18,0.35,0.0,22.5,-22.5,3,37.5,苦手,C
4590,渡邉優美,3,5,20.0,20.0,0.0,40.0,0.128,0.06,0.24,20.0,55.75,-15.75,1,20.0,苦手,C
3709,田中浩之,5,19,0.0,5.26,15.79,21.05,0.169,0.11,0.26,0.0,35.28,-14.23,5,26.32,苦手,B
4557,松尾光広,5,15,6.67,0.0,13.33,20.0,0.157,0.01,0.25,13.33,35.28,-15.28,3,20.0,苦手,B
3660,長谷川親王,3,5,0.0,0.0,20.0,20.0,0.202,0.15,0.27,0.0,55.75,-35.75,0,0.0,苦手,C
3212,亀本勇樹,4,8,0.0,0.0,12.5,12.5,0.205,0.1,0.36,12.5,47.51,-35.01,4,50.0,苦手,C
3567,吉岡誠,2,17,5.88,11.76,17.65,35.29,0.159,0.08,0.26,11.76,57.15,-21.86,0,0.0,苦手,B
3616,中村真,4,10,10.0,10.0,10.0,30.0,0.147,0.03,0.24,10.0,47.51,-17.51,1,10.0,苦手,B
3660,長谷川親王,2,6,0.0,0.0,0.0,0.0,0.192,0.13,0.25,0.0,57.15,-57.15,0,0.0,苦手,C
3660,長谷川親王,5,7,0.0,0.0,14.29,14.29,0.219,0.17,0.31,14.29,35.28,-20.99,1,14.29,苦手,C
4533,峰重侑治,5,15,0.0,13.33,0.0,13.33,0.186,0.09,0.33,13.33,35.28,-21.95,5,33.33,苦手,B
3709,田中浩之,3,28,0.0,14.29,25.0,39.29,0.186,0.07,0.32,17.86,55.75,-16.46,1,3.57,苦手,A
3567,吉岡誠,6,9,0.0,0.0,11.11,11.11,0.191,0.08,0.41,0.0,22.5,-11.39,1,11.11,苦手,C
4089,妹尾忠幸,3,12,0.0,16.67,25.0,41.67,0.152,0.09,0.24,8.33,55.75,-14.08,0,0.0,苦手,B
3709,田中浩之,6,16,0.0,12.5,0.0,12.5,0.202,0.13,0.38,6.25,22.5,-10.0,1,6.25,苦手,B
3581,加木郁,3,24,8.33,8.33,20.83,37.5,0.19,0.06,0.3,12.5,55.75,-18.25,3,12.5,苦手,A
4030,森高一真,3,7,0.0,14.29,0.0,14.29,0.173,0.09,0.23,14.29,55.75,-41.46,0,0.0,苦手,C
3661,柳瀬興志,6,8,0.0,0.0,12.5,12.5,0.185,0.08,0.27,12.5,22.5,-10.0,1,12.5,苦手,C
4045,佐々木裕美,4,15,6.67,0.0,20.0,26.67,0.167,0.07,0.28,20.0,47.51,-20.84,1,6.67,苦手,B
3723,白井弘文,5,5,0.0,0.0,20.0,20.0,0.18,0.09,0.28,0.0,35.28,-15.28,0,0.0,苦手,C
3709,田中浩之,2,17,11.76,5.88,17.65,35.29,0.208,0.11,0.37,0.0,57.15,-21.86,1,5.88,苦手,B
3567,吉岡誠,5,13,7.69,7.69,0.0,15.38,0.158,0.07,0.23,30.77,35.28,-19.9,3,23.08,苦手,B
4447,深川麻奈美,6,10,0.0,10.0,0.0,10.0,0.178,0.03,0.42,20.0,22.5,-12.5,1,10.0,苦手,B
4526,池田雄祐,4,6,0.0,0.0,0.0,0.0,0.117,0.08,0.21,50.0,47.51,-47.51,0,0.0,苦手,C
3072,西田靖,1,16,31.25,12.5,6.25,50.0,0.196,0.08,0.32,31.25,85.37,-35.37,9,56.25,苦手,B
4732,堀本和也,3,10,0.0,20.0,20.0,40.0,0.138,0.08,0.25,30.0,55.75,-15.75,4,40.0,苦手,B
3653,品川賢次,5,6,0.0,0.0,16.67,16.67,0.255,0.17,0.34,0.0,35.28,-18.61,0,0.0,苦手,C
4675,井手良太,4,8,12.5,12.5,12.5,37.5,0.121,0.02,0.35,75.0,47.51,-10.01,0,0.0,苦手,C
3742,宮地秀祈,5,8,0.0,12.5,0.0,12.5,0.163,0.09,0.23,12.5,35.28,-22.78,2,25.0,苦手,C
3790,佐口達也,1,11,36.36,9.09,27.27,72.73,0.206,0.11,0.35,18.18,85.37,-12.64,0,0.0,苦手,B
4526,池田雄祐,5,5,0.0,0.0,20.0,20.0,0.148,0.1,0.23,60.0,35.28,-15.28,0,0.0,苦手,C
3921,川村正輝,1,5,20.0,0.0,40.0,60.0,0.148,0.1,0.23,40.0,85.37,-25.37,0,0.0,苦手,C
3397,沖本健二,2,5,0.0,40.0,0.0,40.0,0.204,0.09,0.27,0.0,57.15,-17.15,0,0.0,苦手,C
4636,赤池修平,5,7,0.0,14.29,0.0,14.29,0.173,0.11,0.23,0.0,35.28,-20.99,2,28.57,苦手,C
3478,嶋田貴支,3,9,0.0,33.33,11.11,44.44,0.207,0.03,0.42,33.33,55.75,-11.31,3,33.33,苦手,C
4277,金田大輔,2,9,0.0,22.22,11.11,33.33,0.157,0.08,0.21,22.22,57.15,-23.82,1,11.11,苦手,C
3522,長溝一生,5,5,0.0,20.0,0.0,20.0,0.17,0.11,0.23,20.0,35.28,-15.28,2,40.0,苦手,C
4675,井手良太,5,6,0.0,0.0,0.0,0.0,0.095,0.05,0.18,66.67,35.28,-35.28,1,16.67,苦手,C
3478,嶋田貴支,1,5,60.0,0.0,0.0,60.0,0.188,0.12,0.22,20.0,85.37,-25.37,0,0.0,苦手,C
3790,佐口達也,2,11,9.09,27.27,9.09,45.45,0.14,0.04,0.21,9.09,57.15,-11.7,0,0.0,苦手,B
3921,川村正輝,6,6,0.0,0.0,0.0,0.0,0.187,0.13,0.27,0.0,22.5,-22.5,1,16.67,苦手,C
3653,品川賢次,4,7,0.0,14.29,0.0,14.29,0.163,0.12,0.22,14.29,47.51,-33.22,1,14.29,苦手,C
4434,田中辰彦,3,17,17.65,5.88,17.65,41.18,0.16,0.06,0.38,17.65,55.75,-14.57,0,0.0,苦手,B
3790,佐口達也,5,7,0.0,0.0,14.29,14.29,0.193,0.1,0.27,0.0,35.28,-20.99,1,14.29,苦手,C
3478,嶋田貴支,4,7,28.57,0.0,0.0,28.57,0.184,0.03,0.41,28.57,47.51,-18.94,3,42.86,苦手,C
3921,川村正輝,3,7,0.0,42.86,0.0,42.86,0.12,0.02,0.19,71.43,55.75,-12.89,0,0.0,苦手,C
4636,赤池修平,2,5,0.0,20.0,20.0,40.0,0.188,0.08,0.32,0.0,57.15,-17.15,0,0.0,苦手,C
3742,宮地秀祈,4,7,14.29,0.0,14.29,28.57,0.154,0.06,0.24,0.0,47.51,-18.94,0,0.0,苦手,C
3653,品川賢次,2,6,0.0,0.0,16.67,16.67,0.16,0.06,0.23,0.0,57.15,-40.48,0,0.0,苦手,C
4293,鈴木智啓,4,8,0.0,0.0,12.5,12.5,0.188,0.11,0.26,12.5,47.51,-35.01,1,12.5,苦手,C
4319,三宅潤,3,5,0.0,20.0,20.0,40.0,0.164,0.08,0.27,20.0,55.75,-15.75,0,0.0,苦手,C
4871,菊池宏志,6,43,0.0,0.0,9.3,9.3,0.171,0.05,0.36,13.95,22.5,-13.2,11,25.58,苦手,A
3340,池田雷太,2,8,25.0,0.0,12.5,37.5,0.279,0.03,0.64,37.5,57.15,-19.65,1,12.5,苦手,C
3434,松尾宣邦,6,5,0.0,0.0,0.0,0.0,0.202,0.13,0.38,0.0,22.5,-22.5,1,20.0,苦手,C
4695,尾崎雄二,2,9,0.0,33.33,0.0,33.33,0.209,0.11,0.31,11.11,57.15,-23.82,0,0.0,苦手,C
4020,川上清人,4,11,9.09,0.0,18.18,27.27,0.197,0.12,0.29,18.18,47.51,-20.24,2,18.18,苦手,B
3642,大塚浩二,2,5,0.0,20.0,20.0,40.0,0.214,0.1,0.39,0.0,57.15,-17.15,0,0.0,苦手,C
2914,岡孝,3,5,0.0,0.0,40.0,40.0,0.122,0.08,0.15,60.0,55.75,-15.75,0,0.0,苦手,C
3583,齋藤智裕,2,8,0.0,12.5,25.0,37.5,0.241,0.06,0.57,0.0,57.15,-19.65,1,12.5,苦手,C
3870,寺嶋雄,3,9,0.0,11.11,11.11,22.22,0.164,0.08,0.27,22.22,55.75,-33.53,1,11.11,苦手,C
3535,渡修平,3,5,0.0,0.0,20.0,20.0,0.152,0.03,0.3,20.0,55.75,-35.75,1,20.0,苦手,C
3434,松尾宣邦,2,5,0.0,40.0,0.0,40.0,0.188,0.09,0.33,0.0,57.15,-17.15,1,20.0,苦手,C
3642,大塚浩二,3,5,0.0,20.0,0.0,20.0,0.198,0.06,0.46,20.0,55.75,-35.75,0,0.0,苦手,C
4695,尾崎雄二,5,8,0.0,25.0,0.0,25.0,0.168,0.14,0.21,25.0,35.28,-10.28,0,0.0,苦手,C
4695,尾崎雄二,4,6,0.0,33.33,0.0,33.33,0.148,0.1,0.21,0.0,47.51,-14.18,0,0.0,苦手,C
3583,齋藤智裕,4,7,0.0,0.0,0.0,0.0,0.236,0.12,0.37,0.0,47.51,-47.51,0,0.0,苦手,C
3340,池田雷太,3,5,0.0,40.0,0.0,40.0,0.164,0.05,0.3,20.0,55.75,-15.75,0,0.0,苦手,C
3870,寺嶋雄,5,7,0.0,0.0,14.29,14.29,0.179,0.09,0.33,28.57,35.28,-20.99,1,14.29,苦手,C
4596,葛原大陽,6,8,0.0,0.0,12.5,12.5,0.154,0.07,0.26,25.0,22.5,-10.0,1,12.5,苦手,C
3792,田中豪,2,5,20.0,0.0,0.0,20.0,0.222,0.16,0.3,0.0,57.15,-37.15,1,20.0,苦手,C
3642,大塚浩二,6,5,0.0,0.0,0.0,0.0,0.19,0.13,0.27,20.0,22.5,-22.5,1,20.0,苦手,C
3615,横田茂,4,8,0.0,12.5,12.5,25.0,0.212,0.11,0.47,12.5,47.51,-22.51,0,0.0,苦手,C
3434,松尾宣邦,3,5,0.0,0.0,20.0,20.0,0.218,0.11,0.36,20.0,55.75,-35.75,0,0.0,苦手,C
4020,川上清人,6,18,0.0,5.56,5.56,11.11,0.18,0.08,0.28,22.22,22.5,-11.39,7,38.89,苦手,B
3535,渡修平,2,5,0.0,20.0,20.0,40.0,0.164,0.14,0.23,0.0,57.15,-17.15,0,0.0,苦手,C
4182,吉田和仁,3,7,0.0,14.29,28.57,42.86,0.187,0.14,0.32,14.29,55.75,-12.89,0,0.0,苦手,C
4873,蒲原健太,6,18,0.0,0.0,5.56,5.56,0.201,0.03,0.54,16.67,22.5,-16.94,6,33.33,苦手,B
4315,山崎昂介,3,13,15.38,0.0,23.08,38.46,0.17,0.1,0.29,0.0,55.75,-17.29,1,7.69,苦手,B
4755,山田貴愛,6,8,0.0,0.0,0.0,0.0,0.168,0.11,0.26,25.0,22.5,-22.5,2,25.0,苦手,C
3081,岡本慎治,1,21,38.1,14.29,19.05,71.43,0.186,0.07,0.34,19.05,85.37,-13.94,0,0.0,苦手,A
4156,浜野孝志,4,6,0.0,0.0,16.67,16.67,0.142,0.09,0.19,0.0,47.51,-30.84,0,0.0,苦手,C
3922,菅沼佳昭,4,8,0.0,12.5,0.0,12.5,0.163,0.09,0.27,0.0,47.51,-35.01,1,12.5,苦手,C
4204,柴田大輔,6,9,0.0,0.0,0.0,0.0,0.322,0.14,0.82,0.0,22.5,-22.5,2,22.22,苦手,C
3702,貞兼淳二,6,6,0.0,0.0,0.0,0.0,0.162,0.08,0.21,0.0,22.5,-22.5,0,0.0,苦手,C
3070,山室展弘,3,10,10.0,20.0,10.0,40.0,0.164,0.08,0.26,20.0,55.75,-15.75,2,20.0,苦手,B
4156,浜野孝志,5,8,0.0,0.0,25.0,25.0,0.15,0.07,0.23,25.0,35.28,-10.28,0,0.0,苦手,C
4151,下河誉史,4,16,6.25,0.0,31.25,37.5,0.199,0.04,0.3,0.0,47.51,-10.01,4,25.0,苦手,B
4182,吉田和仁,5,6,0.0,16.67,0.0,16.67,0.208,0.17,0.3,0.0,35.28,-18.61,2,33.33,苦手,C
4662,片山雅雄,5,6,0.0,0.0,0.0,0.0,0.223,0.11,0.32,16.67,35.28,-35.28,1,16.67,苦手,C
3992,関口智久,6,8,0.0,12.5,0.0,12.5,0.13,0.05,0.21,25.0,22.5,-10.0,1,12.5,苦手,C
3922,菅沼佳昭,3,6,0.0,16.67,16.67,33.33,0.187,0.11,0.29,16.67,55.75,-22.42,0,0.0,苦手,C
4151,下河誉史,5,7,0.0,0.0,14.29,14.29,0.203,0.14,0.27,14.29,35.28,-20.99,4,57.14,苦手,C
3922,菅沼佳昭,2,6,0.0,0.0,16.67,16.67,0.208,0.07,0.3,0.0,57.15,-40.48,0,0.0,苦手,C
4315,山崎昂介,1,10,50.0,20.0,0.0,70.0,0.216,0.15,0.33,10.0,85.37,-15.37,0,0.0,苦手,B
4215,吉島祥之,5,5,0.0,0.0,20.0,20.0,0.172,0.09,0.24,0.0,35.28,-15.28,0,0.0,苦手,C
4182,吉田和仁,2,5,0.0,20.0,0.0,20.0,0.146,0.07,0.19,20.0,57.15,-37.15,0,0.0,苦手,C
4755,山田貴愛,5,7,14.29,0.0,0.0,14.29,0.176,0.13,0.27,28.57,35.28,-20.99,4,57.14,苦手,C
4315,山崎昂介,2,12,0.0,16.67,16.67,33.33,0.19,0.12,0.34,0.0,57.15,-23.82,0,0.0,苦手,B
3992,関口智久,2,7,0.0,42.86,0.0,42.86,0.153,0.06,0.24,28.57,57.15,-14.29,0,0.0,苦手,C
4315,山崎昂介,5,11,0.0,9.09,9.09,18.18,0.189,0.14,0.28,0.0,35.28,-17.1,2,18.18,苦手,B
3992,関口智久,4,9,0.0,22.22,11.11,33.33,0.137,0.08,0.2,33.33,47.51,-14.18,2,22.22,苦手,C
3922,菅沼佳昭,5,5,0.0,0.0,0.0,0.0,0.14,0.06,0.22,0.0,35.28,-35.28,2,40.0,苦手,C
4100,松田隆司,3,9,11.11,0.0,11.11,22.22,0.142,0.07,0.21,11.11,55.75,-33.53,0,0.0,苦手,C
3992,関口智久,5,8,12.5,12.5,0.0,25.0,0.141,0.07,0.24,50.0,35.28,-10.28,1,12.5,苦手,C
4878,西岡育未,6,10,0.0,0.0,0.0,0.0,0.176,0.06,0.31,20.0,22.5,-22.5,3,30.0,苦手,B
4615,板倉敦史,4,11,0.0,18.18,18.18,36.36,0.173,0.12,0.22,0.0,47.51,-11.15,2,18.18,苦手,B
4829,塚脇奈美,6,10,0.0,0.0,0.0,0.0,0.183,0.08,0.35,10.0,22.5,-22.5,4,40.0,苦手,B
3224,栗山繁洋,1,7,28.57,28.57,14.29,71.43,0.203,0.16,0.31,14.29,85.37,-13.94,0,0.0,苦手,C
3327,野長瀬正孝,4,7,0.0,0.0,28.57,28.57,0.153,0.09,0.22,0.0,47.51,-18.94,3,42.86,苦手,C
4451,松崎祐太郎,5,8,0.0,12.5,12.5,25.0,0.177,0.1,0.22,12.5,35.28,-10.28,0,0.0,苦手,C
4402,乙藤智史,4,14,7.14,7.14,21.43,35.71,0.185,0.08,0.28,14.29,47.51,-11.8,2,14.29,苦手,B
3949,今出晋二,5,9,0.0,11.11,11.11,22.22,0.209,0.08,0.35,0.0,35.28,-13.06,4,44.44,苦手,C
3775,泉啓文,4,8,0.0,37.5,0.0,37.5,0.155,0.06,0.21,25.0,47.51,-10.01,1,12.5,苦手,C
4830,勝又桜,6,16,0.0,0.0,6.25,6.25,0.179,0.05,0.31,25.0,22.5,-16.25,11,68.75,苦手,B
3224,栗山繁洋,2,12,8.33,25.0,8.33,41.67,0.212,0.15,0.31,16.67,57.15,-15.48,0,0.0,苦手,B
4829,塚脇奈美,5,7,0.0,0.0,14.29,14.29,0.134,0.02,0.3,57.14,35.28,-20.99,1,14.29,苦手,C
4094,中島真二,4,5,0.0,20.0,0.0,20.0,0.19,0.12,0.31,0.0,47.51,-27.51,1,20.0,苦手,C
3302,谷川里江,6,7,0.0,0.0,0.0,0.0,0.223,0.09,0.31,14.29,22.5,-22.5,0,0.0,苦手,C
3674,岸恵子,5,10,0.0,0.0,20.0,20.0,0.159,0.08,0.28,20.0,35.28,-15.28,5,50.0,苦手,B
3775,泉啓文,5,6,0.0,0.0,0.0,0.0,0.225,0.11,0.46,16.67,35.28,-35.28,1,16.67,苦手,C
4442,松竹大輔,6,5,0.0,0.0,0.0,0.0,0.144,0.07,0.25,20.0,22.5,-22.5,1,20.0,苦手,C
3556,田中信一郎,4,8,12.5,25.0,0.0,37.5,0.171,0.14,0.24,0.0,47.51,-10.01,1,12.5,苦手,C
3950,石川哲秀,3,5,0.0,20.0,20.0,40.0,0.178,0.1,0.27,20.0,55.75,-15.75,0,0.0,苦手,C
4047,吉永浩則,4,9,0.0,11.11,11.11,22.22,0.157,0.04,0.22,0.0,47.51,-25.29,2,22.22,苦手,C
3589,西村勝,6,8,0.0,0.0,0.0,0.0,0.174,0.05,0.26,25.0,22.5,-22.5,1,12.5,苦手,C
4094,中島真二,3,10,0.0,10.0,30.0,40.0,0.192,0.12,0.29,20.0,55.75,-15.75,0,0.0,苦手,B
4409,坂元浩仁,5,6,0.0,0.0,16.67,16.67,0.138,0.07,0.2,16.67,35.28,-18.61,2,33.33,苦手,C
3740,大澤普司,1,7,28.57,28.57,0.0,57.14,0.199,0.13,0.26,14.29,85.37,-28.23,0,0.0,苦手,C
3775,泉啓文,2,9,0.0,33.33,11.11,44.44,0.196,0.1,0.31,0.0,57.15,-12.71,0,0.0,苦手,C
4298,宮下元胤,4,6,16.67,16.67,0.0,33.33,0.155,0.05,0.25,0.0,47.51,-14.18,1,16.67,苦手,C
3950,石川哲秀,5,5,0.0,0.0,20.0,20.0,0.148,0.09,0.2,40.0,35.28,-15.28,2,40.0,苦手,C
4615,板倉敦史,6,5,0.0,0.0,0.0,0.0,0.208,0.12,0.35,0.0,22.5,-22.5,2,40.0,苦手,C
4094,中島真二,6,7,0.0,0.0,0.0,0.0,0.181,0.12,0.26,42.86,22.5,-22.5,0,0.0,苦手,C
3302,谷川里江,3,8,25.0,0.0,0.0,25.0,0.173,0.07,0.43,37.5,55.75,-30.75,0,0.0,苦手,C
3730,塩崎優司,4,7,0.0,0.0,0.0,0.0,0.157,0.11,0.2,0.0,47.51,-47.51,3,42.86,苦手,C
3224,栗山繁洋,6,5,0.0,0.0,0.0,0.0,0.164,0.09,0.24,0.0,22.5,-22.5,0,0.0,苦手,C
3949,今出晋二,2,8,0.0,12.5,0.0,12.5,0.168,0.13,0.24,12.5,57.15,-44.65,1,12.5,苦手,C
3589,西村勝,3,11,9.09,9.09,27.27,45.45,0.202,0.13,0.31,0.0,55.75,-10.3,1,9.09,苦手,B
4383,竹田吉行,3,13,0.0,23.08,15.38,38.46,0.159,0.06,0.27,15.38,55.75,-17.29,0,0.0,苦手,B
3949,今出晋二,1,5,0.0,0.0,60.0,60.0,0.114,0.05,0.18,40.0,85.37,-25.37,0,0.0,苦手,C
4446,和田兼輔,4,6,0.0,0.0,16.67,16.67,0.145,0.05,0.22,0.0,47.51,-30.84,1,16.67,苦手,C
3589,西村勝,2,8,12.5,0.0,25.0,37.5,0.18,0.11,0.27,12.5,57.15,-19.65,1,12.5,苦手,C
4383,竹田吉行,4,13,7.69,7.69,0.0,15.38,0.18,0.08,0.29,15.38,47.51,-32.13,1,7.69,苦手,B
4402,乙藤智史,5,7,0.0,0.0,14.29,14.29,0.16,0.06,0.25,14.29,35.28,-20.99,2,28.57,苦手,C
4211,村田敦,2,7,0.0,14.29,14.29,28.57,0.167,0.09,0.24,0.0,57.15,-28.58,1,14.29,苦手,C
4725,佐竹太一,6,8,12.5,0.0,0.0,12.5,0.121,0.04,0.22,62.5,22.5,-10.0,1,12.5,苦手,C
3807,岡部哲,2,5,0.0,0.0,40.0,40.0,0.14,0.09,0.19,0.0,57.15,-17.15,1,20.0,苦手,C
4336,松田竜馬,5,6,0.0,0.0,0.0,0.0,0.148,0.09,0.23,0.0,35.28,-35.28,1,16.67,苦手,C
4474,渡辺崇,2,7,0.0,28.57,14.29,42.86,0.141,0.03,0.24,0.0,57.15,-14.29,0,0.0,苦手,C
4572,渡部悟,1,5,60.0,0.0,0.0,60.0,0.1,0.05,0.14,20.0,85.37,-25.37,1,20.0,苦手,C
3564,桑原啓,2,7,0.0,14.29,0.0,14.29,0.154,0.09,0.24,14.29,57.15,-42.86,0,0.0,苦手,C
3853,岩崎正哉,4,5,0.0,0.0,0.0,0.0,0.202,0.1,0.28,0.0,47.51,-47.51,1,20.0,苦手,C
4474,渡辺崇,5,5,20.0,0.0,0.0,20.0,0.21,0.19,0.23,20.0,35.28,-15.28,1,20.0,苦手,C
3564,桑原啓,3,8,12.5,0.0,0.0,12.5,0.175,0.07,0.45,12.5,55.75,-43.25,0,0.0,苦手,C
4474,渡辺崇,4,6,0.0,0.0,33.33,33.33,0.197,0.11,0.33,0.0,47.51,-14.18,1,16.67,苦手,C
4725,佐竹太一,5,8,0.0,12.5,0.0,12.5,0.143,0.01,0.27,37.5,35.28,-22.78,1,12.5,苦手,C
4220,深川和仁,3,9,0.0,11.11,22.22,33.33,0.172,0.1,0.26,11.11,55.75,-22.42,1,11.11,苦手,C
4292,麻生慎介,3,7,14.29,0.0,28.57,42.86,0.196,0.11,0.34,0.0,55.75,-12.89,2,28.57,苦手,C
3659,藤生雄人,5,5,0.0,20.0,0.0,20.0,0.186,0.15,0.22,0.0,35.28,-15.28,1,20.0,苦手,C
4220,深川和仁,2,7,28.57,14.29,0.0,42.86,0.197,0.07,0.27,0.0,57.15,-14.29,0,0.0,苦手,C
4292,麻生慎介,2,6,16.67,16.67,0.0,33.33,0.153,0.1,0.22,16.67,57.15,-23.82,0,0.0,苦手,C
4474,渡辺崇,6,10,0.0,0.0,10.0,10.0,0.201,0.09,0.35,0.0,22.5,-12.5,1,10.0,苦手,B
4588,田中京介,4,6,0.0,0.0,0.0,0.0,0.15,0.08,0.2,16.67,47.51,-47.51,2,33.33,苦手,C
4368,山口隆史,2,5,0.0,20.0,20.0,40.0,0.184,0.13,0.26,0.0,57.15,-17.15,0,0.0,苦手,C
4459,片岡雅裕,3,5,0.0,20.0,20.0,40.0,0.128,0.06,0.24,20.0,55.75,-15.75,1,20.0,苦手,C
4498,宮本夏樹,3,6,0.0,0.0,16.67,16.67,0.263,0.09,0.76,33.33,55.75,-39.08,1,16.67,苦手,C
4553,坪口竜也,3,6,0.0,16.67,16.67,33.33,0.15,0.07,0.23,16.67,55.75,-22.42,0,0.0,苦手,C
4503,上野真之介,6,10,0.0,10.0,0.0,10.0,0.165,0.09,0.22,0.0,22.5,-12.5,1,10.0,苦手,B
4368,山口隆史,5,6,0.0,16.67,0.0,16.67,0.217,0.15,0.29,16.67,35.28,-18.61,1,16.67,苦手,C
4537,渡邉和将,4,5,0.0,20.0,0.0,20.0,0.088,0.07,0.11,0.0,47.51,-27.51,0,0.0,苦手,C
4398,船岡洋一郎,6,7,0.0,0.0,0.0,0.0,0.159,0.09,0.27,0.0,22.5,-22.5,0,0.0,苦手,C
4445,宮地元輝,3,6,16.67,0.0,16.67,33.33,0.135,0.05,0.22,50.0,55.75,-22.42,1,16.67,苦手,C
4371,西山貴浩,3,10,10.0,20.0,0.0,30.0,0.149,0.02,0.31,20.0,55.75,-25.75,1,10.0,苦手,B
4368,山口隆史,3,5,0.0,20.0,0.0,20.0,0.136,0.07,0.22,40.0,55.75,-35.75,0,0.0,苦手,C
4371,西山貴浩,6,8,0.0,0.0,12.5,12.5,0.212,0.13,0.42,0.0,22.5,-10.0,1,12.5,苦手,C
4497,桑原悠,2,5,0.0,40.0,0.0,40.0,0.15,0.07,0.27,40.0,57.15,-17.15,1,20.0,苦手,C
4498,宮本夏樹,2,6,0.0,16.67,0.0,16.67,0.215,0.12,0.45,0.0,57.15,-40.48,0,0.0,苦手,C
4394,永嶋裕一,2,5,20.0,20.0,0.0,40.0,0.22,0.18,0.28,20.0,57.15,-17.15,0,0.0,苦手,C
4747,山戸信二,6,13,7.69,0.0,0.0,7.69,0.157,0.02,0.34,46.15,22.5,-14.81,3,23.08,苦手,B
4429,豊田泰洋,2,7,14.29,14.29,0.0,28.57,0.143,0.08,0.33,0.0,57.15,-28.58,0,0.0,苦手,C
3989,熊本英一,2,13,0.0,38.46,7.69,46.15,0.198,0.14,0.37,0.0,57.15,-11.0,0,0.0,苦手,B
3614,谷勝幸,6,5,0.0,0.0,0.0,0.0,0.188,0.1,0.25,0.0,22.5,-22.5,0,0.0,苦手,C
4709,岡村将也,5,10,0.0,0.0,20.0,20.0,0.163,0.1,0.24,0.0,35.28,-15.28,2,20.0,苦手,B
4429,豊田泰洋,3,10,10.0,0.0,0.0,10.0,0.155,0.08,0.23,10.0,55.75,-45.75,0,0.0,苦手,B
3827,今泉徹,5,9,0.0,0.0,0.0,0.0,0.191,0.11,0.27,11.11,35.28,-35.28,1,11.11,苦手,C
3989,熊本英一,4,12,0.0,8.33,25.0,33.33,0.192,0.1,0.29,0.0,47.51,-14.18,2,16.67,苦手,B
3906,飯山晃三,2,10,0.0,10.0,10.0,20.0,0.191,0.11,0.31,0.0,57.15,-37.15,0,0.0,苦手,B
3459,中野和裕,4,6,0.0,0.0,16.67,16.67,0.165,0.11,0.22,33.33,47.51,-30.84,0,0.0,苦手,C
3906,飯山晃三,3,9,0.0,22.22,0.0,22.22,0.201,0.13,0.29,22.22,55.75,-33.53,0,0.0,苦手,C
4429,豊田泰洋,5,8,0.0,12.5,12.5,25.0,0.199,0.13,0.39,12.5,35.28,-10.28,1,12.5,苦手,C
4146,柳橋宏紀,1,7,14.29,28.57,14.29,57.14,0.15,0.11,0.19,42.86,85.37,-28.23,0,0.0,苦手,C
3624,大石和彦,3,6,0.0,0.0,33.33,33.33,0.15,0.08,0.33,0.0,55.75,-22.42,1,16.67,苦手,C
3827,今泉徹,4,7,0.0,14.29,0.0,14.29,0.201,0.04,0.33,0.0,47.51,-33.22,2,28.57,苦手,C
3614,谷勝幸,2,8,0.0,12.5,12.5,25.0,0.198,0.13,0.32,0.0,57.15,-32.15,0,0.0,苦手,C
3621,天野晶夫,4,9,11.11,0.0,11.11,22.22,0.124,0.03,0.21,33.33,47.51,-25.29,0,0.0,苦手,C
3906,飯山晃三,5,8,12.5,0.0,0.0,12.5,0.193,0.11,0.31,0.0,35.28,-22.78,0,0.0,苦手,C
4146,柳橋宏紀,3,12,0.0,25.0,16.67,41.67,0.158,0.04,0.3,33.33,55.75,-14.08,1,8.33,苦手,B
3989,熊本英一,5,14,0.0,7.14,7.14,14.29,0.196,0.12,0.27,0.0,35.28,-20.99,1,7.14,苦手,B
3989,熊本英一,6,10,0.0,0.0,0.0,0.0,0.232,0.12,0.31,0.0,22.5,-22.5,0,0.0,苦手,B
3624,大石和彦,6,5,0.0,0.0,0.0,0.0,0.228,0.14,0.35,0.0,22.5,-22.5,2,40.0,苦手,C
3621,天野晶夫,2,11,9.09,9.09,9.09,27.27,0.155,0.07,0.26,0.0,57.15,-29.88,1,9.09,苦手,B
3614,谷勝幸,3,9,0.0,11.11,11.11,22.22,0.151,0.06,0.33,11.11,55.75,-33.53,1,11.11,苦手,C
4146,柳橋宏紀,4,6,0.0,0.0,0.0,0.0,0.147,0.07,0.22,33.33,47.51,-47.51,0,0.0,苦手,C
4429,豊田泰洋,6,5,0.0,0.0,0.0,0.0,0.236,0.18,0.34,0.0,22.5,-22.5,0,0.0,苦手,C
3827,今泉徹,6,5,0.0,0.0,0.0,0.0,0.196,0.11,0.31,20.0,22.5,-22.5,0,0.0,苦手,C
4747,山戸信二,5,9,0.0,11.11,11.11,22.22,0.181,0.08,0.28,44.44,35.28,-13.06,2,22.22,苦手,C
4723,寺島吉彦,1,5,60.0,0.0,0.0,60.0,0.186,0.08,0.25,0.0,85.37,-25.37,0,0.0,苦手,C
3827,今泉徹,1,5,20.0,40.0,0.0,60.0,0.214,0.14,0.27,0.0,85.37,-25.37,0,0.0,苦手,C
3989,熊本英一,1,9,22.22,22.22,0.0,44.44,0.214,0.13,0.4,11.11,85.37,-40.93,0,0.0,苦手,C
3432,宮迫暢彦,4,8,0.0,12.5,25.0,37.5,0.193,0.13,0.33,0.0,47.51,-10.01,2,25.0,苦手,C
3627,井上恵一,2,20,0.0,30.0,10.0,40.0,0.192,0.11,0.33,10.0,57.15,-17.15,5,25.0,苦手,A
3191,井坂友則,6,6,0.0,0.0,0.0,0.0,0.327,0.18,0.43,0.0,22.5,-22.5,3,50.0,苦手,C
3516,吉原聖人,3,6,0.0,0.0,16.67,16.67,0.16,0.1,0.22,0.0,55.75,-39.08,0,0.0,苦手,C
3161,古場輝義,5,5,0.0,0.0,20.0,20.0,0.24,0.16,0.33,0.0,35.28,-15.28,1,20.0,苦手,C
3227,長岡茂一,4,5,0.0,0.0,20.0,20.0,0.16,0.03,0.23,20.0,47.51,-27.51,0,0.0,苦手,C
3211,北川敏弘,1,7,28.57,14.29,28.57,71.43,0.224,0.12,0.33,14.29,85.37,-13.94,0,0.0,苦手,C
3171,田川忠志,4,6,0.0,0.0,33.33,33.33,0.235,0.11,0.39,16.67,47.51,-14.18,1,16.67,苦手,C
3161,古場輝義,1,8,25.0,12.5,12.5,50.0,0.13,0.06,0.34,12.5,85.37,-35.37,0,0.0,苦手,C
3599,柿本達也,6,5,0.0,0.0,0.0,0.0,0.166,0.09,0.24,0.0,22.5,-22.5,2,40.0,苦手,C
3516,吉原聖人,5,9,0.0,0.0,22.22,22.22,0.211,0.13,0.38,0.0,35.28,-13.06,1,11.11,苦手,C
3161,古場輝義,3,11,0.0,9.09,18.18,27.27,0.178,0.12,0.27,9.09,55.75,-28.48,4,36.36,苦手,B
3211,北川敏弘,5,9,0.0,11.11,0.0,11.11,0.198,0.11,0.31,0.0,35.28,-24.17,2,22.22,苦手,C
3161,古場輝義,2,5,0.0,0.0,20.0,20.0,0.226,0.08,0.36,0.0,57.15,-37.15,1,20.0,苦手,C
4864,小川日紀太,6,15,0.0,0.0,0.0,0.0,0.167,0.11,0.32,20.0,22.5,-22.5,5,33.33,苦手,B
3662,大庭元明,2,7,14.29,28.57,0.0,42.86,0.17,0.12,0.25,0.0,57.15,-14.29,0,0.0,苦手,C
3467,森弘行,3,8,12.5,12.5,12.5,37.5,0.21,0.16,0.34,0.0,55.75,-18.25,0,0.0,苦手,C
4299,中島浩哉,2,8,0.0,12.5,12.5,25.0,0.201,0.11,0.28,25.0,57.15,-32.15,0,0.0,苦手,C
4570,前田聖文,3,7,0.0,28.57,14.29,42.86,0.127,0.05,0.26,42.86,55.75,-12.89,1,14.29,苦手,C
3963,原田秀弥,4,7,14.29,0.0,14.29,28.57,0.17,0.11,0.28,0.0,47.51,-18.94,2,28.57,苦手,C
3467,森弘行,5,12,0.0,8.33,8.33,16.67,0.212,0.11,0.4,0.0,35.28,-18.61,3,25.0,苦手,B
3533,佐川正道,6,6,0.0,0.0,0.0,0.0,0.2,0.13,0.26,0.0,22.5,-22.5,1,16.67,苦手,C
3584,佐々木英樹,2,7,0.0,14.29,28.57,42.86,0.187,0.07,0.26,28.57,57.15,-14.29,0,0.0,苦手,C
3963,原田秀弥,6,7,0.0,0.0,0.0,0.0,0.173,0.12,0.24,14.29,22.5,-22.5,0,0.0,苦手,C
3493,小島幸弘,2,7,0.0,28.57,14.29,42.86,0.181,0.06,0.42,42.86,57.15,-14.29,6,85.71,苦手,C
3559,水長照雄,2,16,6.25,0.0,18.75,25.0,0.185,0.11,0.29,0.0,57.15,-32.15,0,0.0,苦手,B
3964,宮地博士,5,18,0.0,0.0,16.67,16.67,0.227,0.11,0.39,0.0,35.28,-18.61,4,22.22,苦手,B
4262,馬場貴也,6,7,0.0,0.0,0.0,0.0,0.164,0.08,0.28,14.29,22.5,-22.5,0,0.0,苦手,C
3584,佐々木英樹,1,6,0.0,16.67,16.67,33.33,0.237,0.14,0.35,16.67,85.37,-52.04,0,0.0,苦手,C
3559,水長照雄,4,10,10.0,0.0,10.0,20.0,0.163,0.09,0.21,0.0,47.51,-27.51,1,10.0,苦手,B
3467,森弘行,2,8,12.5,12.5,0.0,25.0,0.148,0.07,0.27,12.5,57.15,-32.15,0,0.0,苦手,C
4669,井上茂,6,6,0.0,0.0,0.0,0.0,0.19,0.09,0.32,16.67,22.5,-22.5,3,50.0,苦手,C
3533,佐川正道,2,5,20.0,0.0,0.0,20.0,0.198,0.13,0.26,20.0,57.15,-37.15,0,0.0,苦手,C
4057,松井賢治,5,5,0.0,20.0,0.0,20.0,0.176,0.14,0.23,40.0,35.28,-15.28,1,20.0,苦手,C
4563,齋藤真之,2,13,0.0,7.69,15.38,23.08,0.17,0.1,0.27,0.0,57.15,-34.07,0,0.0,苦手,B
3866,木山誠一,2,11,0.0,18.18,0.0,18.18,0.129,0.05,0.22,18.18,57.15,-38.97,2,18.18,苦手,B
3701,大西隆洋,3,6,0.0,16.67,0.0,16.67,0.14,0.09,0.21,16.67,55.75,-39.08,0,0.0,苦手,C
4563,齋藤真之,4,11,0.0,27.27,0.0,27.27,0.228,0.11,0.36,0.0,47.51,-20.24,1,9.09,苦手,B
3834,細川明人,6,10,0.0,0.0,10.0,10.0,0.231,0.09,0.34,0.0,22.5,-12.5,1,10.0,苦手,B
3600,玄馬徹,5,17,0.0,17.65,5.88,23.53,0.25,0.18,0.41,0.0,35.28,-11.75,6,35.29,苦手,B
4563,齋藤真之,6,8,0.0,0.0,12.5,12.5,0.186,0.06,0.32,0.0,22.5,-10.0,2,25.0,苦手,C
3866,木山誠一,5,7,0.0,0.0,0.0,0.0,0.151,0.08,0.22,0.0,35.28,-35.28,2,28.57,苦手,C
3054,北川幸典,4,11,18.18,0.0,18.18,36.36,0.164,0.08,0.22,18.18,47.51,-11.15,3,27.27,苦手,B
4563,齋藤真之,5,12,0.0,8.33,8.33,16.67,0.182,0.07,0.32,0.0,35.28,-18.61,1,8.33,苦手,B
3875,廣中良一,3,25,0.0,12.0,8.0,20.0,0.15,0.04,0.26,16.0,55.75,-35.75,2,8.0,苦手,A
4173,岡谷健吾,3,14,7.14,28.57,7.14,42.86,0.169,0.11,0.31,7.14,55.75,-12.89,2,14.29,苦手,B
3866,木山誠一,3,8,0.0,12.5,25.0,37.5,0.133,0.07,0.21,0.0,55.75,-18.25,1,12.5,苦手,C
4563,齋藤真之,3,7,0.0,28.57,0.0,28.57,0.149,0.03,0.31,28.57,55.75,-27.18,2,28.57,苦手,C
3866,木山誠一,6,11,0.0,0.0,0.0,0.0,0.2,0.11,0.33,9.09,22.5,-22.5,4,36.36,苦手,B
3875,廣中良一,5,16,0.0,6.25,0.0,6.25,0.18,0.12,0.33,6.25,35.28,-29.03,2,12.5,苦手,B
3834,細川明人,2,7,0.0,0.0,28.57,28.57,0.181,0.08,0.24,14.29,57.15,-28.58,0,0.0,苦手,C
3600,玄馬徹,6,8,0.0,0.0,12.5,12.5,0.255,0.19,0.33,0.0,22.5,-10.0,2,25.0,苦手,C
3600,玄馬徹,3,14,0.0,21.43,21.43,42.86,0.185,0.07,0.28,0.0,55.75,-12.89,0,0.0,苦手,B
3600,玄馬徹,4,12,0.0,8.33,8.33,16.67,0.237,0.11,0.48,0.0,47.51,-30.84,2,16.67,苦手,B
4120,柘植政浩,4,6,16.67,0.0,16.67,33.33,0.165,0.11,0.22,0.0,47.51,-14.18,1,16.67,苦手,C
4145,小澤学,5,5,0.0,0.0,20.0,20.0,0.256,0.17,0.33,0.0,35.28,-15.28,1,20.0,苦手,C
4834,浜本裕己,6,10,0.0,0.0,10.0,10.0,0.188,0.02,0.41,30.0,22.5,-12.5,4,40.0,苦手,B
4080,山崎哲司,4,6,0.0,33.33,0.0,33.33,0.108,0.04,0.17,50.0,47.51,-14.18,2,33.33,苦手,C
4120,柘植政浩,3,5,20.0,0.0,20.0,40.0,0.154,0.08,0.25,40.0,55.75,-15.75,0,0.0,苦手,C
4120,柘植政浩,5,8,0.0,0.0,25.0,25.0,0.177,0.05,0.32,0.0,35.28,-10.28,3,37.5,苦手,C
4318,桑原将光,3,7,0.0,28.57,0.0,28.57,0.137,0.04,0.24,28.57,55.75,-27.18,0,0.0,苦手,C
3838,伊藤啓三,2,5,20.0,20.0,0.0,40.0,0.16,0.08,0.28,0.0,57.15,-17.15,0,0.0,苦手,C
2983,鵜飼菜穂子,1,5,40.0,20.0,0.0,60.0,0.286,0.2,0.47,0.0,85.37,-25.37,3,60.0,苦手,C
3871,池田紫乃,3,8,0.0,25.0,12.5,37.5,0.17,0.06,0.28,0.0,55.75,-18.25,0,0.0,苦手,C
4781,西舘果里,5,5,0.0,0.0,0.0,0.0,0.256,0.17,0.39,0.0,35.28,-35.28,3,60.0,苦手,C
3693,栢場優子,5,11,0.0,0.0,0.0,0.0,0.171,0.04,0.28,0.0,35.28,-35.28,3,27.27,苦手,B
4479,矢野真梨菜,2,11,9.09,0.0,0.0,9.09,0.172,0.06,0.29,9.09,57.15,-48.06,0,0.0,苦手,B
4244,鈴木成美,2,5,20.0,20.0,0.0,40.0,0.116,0.09,0.14,40.0,57.15,-17.15,1,20.0,苦手,C
4479,矢野真梨菜,3,16,12.5,12.5,18.75,43.75,0.201,0.05,0.39,12.5,55.75,-12.0,1,6.25,苦手,B
4244,鈴木成美,3,7,0.0,42.86,0.0,42.86,0.134,0.06,0.22,28.57,55.75,-12.89,0,0.0,苦手,C
4244,鈴木成美,6,6,0.0,0.0,0.0,0.0,0.165,0.08,0.26,50.0,22.5,-22.5,0,0.0,苦手,C
4479,矢野真梨菜,1,10,50.0,10.0,0.0,60.0,0.159,0.07,0.27,30.0,85.37,-25.37,0,0.0,苦手,B
4244,鈴木成美,5,9,0.0,0.0,0.0,0.0,0.154,0.04,0.25,22.22,35.28,-35.28,2,22.22,苦手,C
4753,森照夫,6,17,5.88,0.0,0.0,5.88,0.214,0.08,0.37,11.76,22.5,-16.62,7,41.18,苦手,B
3714,梶原正,1,5,60.0,0.0,0.0,60.0,0.188,0.14,0.23,0.0,85.37,-25.37,0,0.0,苦手,C
3863,海老澤泰行,3,6,0.0,16.67,0.0,16.67,0.15,0.11,0.21,0.0,55.75,-39.08,0,0.0,苦手,C
3776,横井健太,2,5,0.0,0.0,20.0,20.0,0.164,0.12,0.22,0.0,57.15,-37.15,0,0.0,苦手,C
3889,須藤隆雄,5,8,0.0,0.0,25.0,25.0,0.185,0.09,0.28,0.0,35.28,-10.28,3,37.5,苦手,C
3714,梶原正,4,7,0.0,0.0,14.29,14.29,0.157,0.12,0.19,14.29,47.51,-33.22,2,28.57,苦手,C
4753,森照夫,5,9,0.0,0.0,22.22,22.22,0.206,0.08,0.39,22.22,35.28,-13.06,0,0.0,苦手,C
3863,海老澤泰行,6,8,0.0,0.0,0.0,0.0,0.211,0.11,0.41,0.0,22.5,-22.5,2,25.0,苦手,C
3863,海老澤泰行,4,6,0.0,0.0,0.0,0.0,0.168,0.12,0.23,0.0,47.51,-47.51,0,0.0,苦手,C
3863,海老澤泰行,2,5,0.0,20.0,20.0,40.0,0.16,0.08,0.24,20.0,57.15,-17.15,0,0.0,苦手,C
3790,佐口達也,4,8,0.0,12.5,12.5,25.0,0.161,0.09,0.32,12.5,47.51,-22.51,0,0.0,苦手,C
3776,横井健太,3,5,0.0,0.0,40.0,40.0,0.17,0.11,0.23,0.0,55.75,-15.75,1,20.0,苦手,C
3454,井川大作,3,5,0.0,20.0,0.0,20.0,0.204,0.17,0.32,20.0,55.75,-35.75,0,0.0,苦手,C
4631,新井英孝,2,8,12.5,12.5,12.5,37.5,0.152,0.03,0.33,37.5,57.15,-19.65,0,0.0,苦手,C
3920,正木聖賢,3,12,16.67,8.33,16.67,41.67,0.228,0.14,0.66,8.33,55.75,-14.08,2,16.67,苦手,B
3286,坂東満,4,5,0.0,0.0,0.0,0.0,0.166,0.08,0.32,0.0,47.51,-47.51,1,20.0,苦手,C
4097,貫地谷直人,5,9,0.0,0.0,22.22,22.22,0.17,0.09,0.27,0.0,35.28,-13.06,2,22.22,苦手,C
3448,高山秀雄,2,11,9.09,9.09,27.27,45.45,0.146,0.07,0.25,18.18,57.15,-11.7,1,9.09,苦手,B
3212,亀本勇樹,2,16,6.25,31.25,0.0,37.5,0.184,0.06,0.34,12.5,57.15,-19.65,8,50.0,苦手,B
4010,越智照浩,2,5,0.0,20.0,0.0,20.0,0.142,0.03,0.19,0.0,57.15,-37.15,0,0.0,苦手,C
4097,貫地谷直人,6,8,0.0,0.0,0.0,0.0,0.158,0.11,0.24,0.0,22.5,-22.5,1,12.5,苦手,C
3973,崎利仁,4,5,0.0,0.0,20.0,20.0,0.206,0.12,0.3,20.0,47.51,-27.51,0,0.0,苦手,C
4272,大場広孝,5,7,0.0,0.0,0.0,0.0,0.197,0.07,0.25,14.29,35.28,-35.28,1,14.29,苦手,C
3448,高山秀雄,1,5,20.0,0.0,40.0,60.0,0.156,0.1,0.24,20.0,85.37,-25.37,0,0.0,苦手,C
4097,貫地谷直人,2,9,0.0,11.11,22.22,33.33,0.232,0.11,0.37,11.11,57.15,-23.82,1,11.11,苦手,C
4771,下寺秀和,2,9,22.22,22.22,0.0,44.44,0.176,0.09,0.31,44.44,57.15,-12.71,1,11.11,苦手,C
4129,宇野博之,1,5,0.0,40.0,0.0,40.0,0.204,0.17,0.26,0.0,85.37,-45.37,0,0.0,苦手,C
3286,坂東満,5,6,0.0,0.0,16.67,16.67,0.16,0.07,0.29,16.67,35.28,-18.61,0,0.0,苦手,C
3920,正木聖賢,4,6,0.0,16.67,16.67,33.33,0.112,0.06,0.14,50.0,47.51,-14.18,2,33.33,苦手,C
4868,松本峻,6,6,0.0,0.0,0.0,0.0,0.18,0.07,0.35,33.33,22.5,-22.5,1,16.67,苦手,C
4010,越智照浩,5,5,0.0,0.0,0.0,0.0,0.166,0.12,0.25,0.0,35.28,-35.28,0,0.0,苦手,C
3212,亀本勇樹,3,7,0.0,14.29,0.0,14.29,0.176,0.07,0.25,0.0,55.75,-41.46,1,14.29,苦手,C
4272,大場広孝,4,7,14.29,14.29,0.0,28.57,0.18,0.11,0.28,28.57,47.51,-18.94,1,14.29,苦手,C
4631,新井英孝,3,6,33.33,0.0,0.0,33.33,0.153,0.09,0.21,16.67,55.75,-22.42,0,0.0,苦手,C
3920,正木聖賢,2,17,5.88,5.88,29.41,41.18,0.189,0.08,0.37,5.88,57.15,-15.97,8,47.06,苦手,B
4097,貫地谷直人,3,14,7.14,14.29,21.43,42.86,0.208,0.08,0.51,0.0,55.75,-12.89,3,21.43,苦手,B
4010,越智照浩,6,7,0.0,0.0,0.0,0.0,0.196,0.12,0.25,0.0,22.5,-22.5,2,28.57,苦手,C
3973,崎利仁,6,5,0.0,0.0,0.0,0.0,0.184,0.13,0.27,0.0,22.5,-22.5,0,0.0,苦手,C
4631,新井英孝,5,9,0.0,11.11,11.11,22.22,0.101,0.02,0.14,77.78,35.28,-13.06,2,22.22,苦手,C
4097,貫地谷直人,1,5,0.0,40.0,0.0,40.0,0.21,0.08,0.31,20.0,85.37,-45.37,0,0.0,苦手,C
4199,北川潤二,4,6,0.0,0.0,16.67,16.67,0.128,0.07,0.15,16.67,47.51,-30.84,1,16.67,苦手,C
3574,大神康司,4,5,0.0,20.0,0.0,20.0,0.226,0.09,0.34,40.0,47.51,-27.51,2,40.0,苦手,C
4154,森安弘雅,6,6,0.0,0.0,0.0,0.0,0.147,0.08,0.24,0.0,22.5,-22.5,0,0.0,苦手,C
3436,柏野幸二,2,9,0.0,22.22,22.22,44.44,0.109,0.04,0.22,22.22,57.15,-12.71,0,0.0,苦手,C
4230,濱崎直矢,2,5,0.0,0.0,40.0,40.0,0.17,0.13,0.23,40.0,57.15,-17.15,0,0.0,苦手,C
3590,濱野谷憲吾,2,5,20.0,0.0,20.0,40.0,0.16,0.11,0.23,20.0,57.15,-17.15,2,40.0,苦手,C
4030,森高一真,5,7,0.0,14.29,0.0,14.29,0.15,0.04,0.32,0.0,35.28,-20.99,0,0.0,苦手,C
4685,島村隆幸,3,5,0.0,0.0,40.0,40.0,0.174,0.08,0.39,0.0,55.75,-15.75,0,0.0,苦手,C
3960,菊地孝平,2,7,14.29,14.29,14.29,42.86,0.103,0.05,0.19,14.29,57.15,-14.29,0,0.0,苦手,C
4391,松田祐季,5,6,0.0,0.0,16.67,16.67,0.162,0.04,0.21,16.67,35.28,-18.61,2,33.33,苦手,C
4254,川島圭司,6,8,0.0,0.0,12.5,12.5,0.128,0.03,0.25,12.5,22.5,-10.0,0,0.0,苦手,C
4063,市橋卓士,5,8,12.5,0.0,12.5,25.0,0.129,0.05,0.33,50.0,35.28,-10.28,1,12.5,苦手,C
3436,柏野幸二,6,5,0.0,0.0,0.0,0.0,0.156,0.05,0.26,20.0,22.5,-22.5,0,0.0,苦手,C
3779,原田幸哉,5,5,0.0,20.0,0.0,20.0,0.124,0.09,0.17,60.0,35.28,-15.28,2,40.0,苦手,C
4106,坂井康嗣,5,8,0.0,0.0,12.5,12.5,0.196,0.1,0.37,12.5,35.28,-22.78,4,50.0,苦手,C
3741,松尾基成,2,9,11.11,0.0,11.11,22.22,0.172,0.09,0.31,0.0,57.15,-34.93,0,0.0,苦手,C
4106,坂井康嗣,2,6,0.0,0.0,33.33,33.33,0.198,0.14,0.29,0.0,57.15,-23.82,0,0.0,苦手,C
3741,松尾基成,5,10,0.0,10.0,0.0,10.0,0.175,0.12,0.26,0.0,35.28,-25.28,2,20.0,苦手,B
4106,坂井康嗣,3,8,12.5,12.5,12.5,37.5,0.186,0.06,0.33,0.0,55.75,-18.25,1,12.5,苦手,C
3372,加藤雅之,3,5,0.0,0.0,20.0,20.0,0.242,0.21,0.29,0.0,55.75,-35.75,0,0.0,苦手,C
4513,河野真也,6,5,0.0,0.0,0.0,0.0,0.234,0.17,0.31,0.0,22.5,-22.5,1,20.0,苦手,C
3940,飯山泰,2,8,12.5,25.0,0.0,37.5,0.16,0.08,0.21,12.5,57.15,-19.65,0,0.0,苦手,C
4360,庄司孝輔,5,14,7.14,0.0,14.29,21.43,0.189,0.09,0.39,7.14,35.28,-13.85,4,28.57,苦手,B
4360,庄司孝輔,6,12,0.0,8.33,0.0,8.33,0.2,0.03,0.41,8.33,22.5,-14.17,2,16.67,苦手,B
4306,畔柳俊吾,2,10,0.0,10.0,10.0,20.0,0.225,0.13,0.34,10.0,57.15,-37.15,0,0.0,苦手,B
4594,谷川祐一,5,5,0.0,0.0,20.0,20.0,0.158,0.14,0.19,20.0,35.28,-15.28,2,40.0,苦手,C
3843,上之晃弘,4,10,0.0,20.0,10.0,30.0,0.167,0.08,0.25,0.0,47.51,-17.51,2,20.0,苦手,B
3940,飯山泰,3,9,22.22,0.0,22.22,44.44,0.16,0.08,0.26,22.22,55.75,-11.31,2,22.22,苦手,C
4306,畔柳俊吾,4,14,0.0,14.29,7.14,21.43,0.213,0.12,0.41,0.0,47.51,-26.08,3,21.43,苦手,B
3918,深井利寿,3,9,22.22,22.22,0.0,44.44,0.156,0.07,0.25,22.22,55.75,-11.31,2,22.22,苦手,C
4513,河野真也,5,7,0.0,0.0,14.29,14.29,0.151,0.01,0.22,14.29,35.28,-20.99,2,28.57,苦手,C
4360,庄司孝輔,2,10,10.0,10.0,20.0,40.0,0.196,0.1,0.31,0.0,57.15,-17.15,0,0.0,苦手,B
3843,上之晃弘,5,8,0.0,0.0,25.0,25.0,0.161,0.05,0.25,0.0,35.28,-10.28,2,25.0,苦手,C
3313,本吉正樹,2,9,0.0,11.11,22.22,33.33,0.17,0.1,0.28,33.33,57.15,-23.82,2,22.22,苦手,C
4360,庄司孝輔,1,10,50.0,20.0,0.0,70.0,0.192,0.08,0.37,20.0,85.37,-15.37,0,0.0,苦手,B
3843,上之晃弘,2,7,14.29,14.29,14.29,42.86,0.174,0.11,0.31,0.0,57.15,-14.29,0,0.0,苦手,C
3313,本吉正樹,3,5,0.0,20.0,20.0,40.0,0.224,0.19,0.27,0.0,55.75,-15.75,0,0.0,苦手,C
3843,上之晃弘,6,8,0.0,12.5,0.0,12.5,0.163,0.09,0.25,12.5,22.5,-10.0,1,12.5,苦手,C
4705,吉川勇作,5,10,0.0,10.0,10.0,20.0,0.132,0.05,0.19,40.0,35.28,-15.28,4,40.0,苦手,B
4872,山下流心,6,7,0.0,0.0,0.0,0.0,0.186,0.12,0.25,42.86,22.5,-22.5,4,57.14,苦手,C
4907,小池修平,6,11,0.0,0.0,9.09,9.09,0.207,0.07,0.33,0.0,22.5,-13.41,3,27.27,苦手,B
3251,平石和男,3,5,20.0,20.0,0.0,40.0,0.136,0.1,0.17,0.0,55.75,-15.75,1,20.0,苦手,C
3527,中嶋誠一郎,2,8,25.0,12.5,0.0,37.5,0.171,0.04,0.27,25.0,57.15,-19.65,0,0.0,苦手,C
4864,小川日紀太,5,8,0.0,0.0,0.0,0.0,0.179,0.06,0.31,37.5,35.28,-35.28,2,25.0,苦手,C
4373,若狭奈美子,2,8,25.0,0.0,12.5,37.5,0.235,0.07,0.41,0.0,57.15,-19.65,0,0.0,苦手,C
4714,喜多須杏奈,3,11,9.09,9.09,18.18,36.36,0.188,0.04,0.35,9.09,55.75,-19.39,0,0.0,苦手,B
3282,池本輝明,4,5,0.0,0.0,0.0,0.0,0.15,0.11,0.21,20.0,47.51,-47.51,1,20.0,苦手,C
3982,福田理,3,5,0.0,0.0,20.0,20.0,0.176,0.1,0.26,0.0,55.75,-35.75,0,0.0,苦手,C
3919,村上純,1,8,37.5,12.5,25.0,75.0,0.199,0.13,0.27,0.0,85.37,-10.37,1,12.5,苦手,C
3982,福田理,5,7,0.0,14.29,0.0,14.29,0.179,0.13,0.25,28.57,35.28,-20.99,0,0.0,苦手,C
5198,奥村明日香,6,8,0.0,0.0,0.0,0.0,0.221,0.08,0.36,12.5,22.5,-22.5,2,25.0,苦手,C
5123,福山恵里奈,4,25,4.0,8.0,12.0,24.0,0.204,0.03,0.45,4.0,47.51,-23.51,2,8.0,苦手,A
5176,石倉拓美,4,8,0.0,0.0,0.0,0.0,0.182,0.02,0.28,25.0,47.51,-47.51,2,25.0,苦手,C
5067,山田真聖,2,22,4.55,22.73,13.64,40.91,0.143,0.07,0.36,18.18,57.15,-16.24,0,0.0,苦手,A
4855,江頭賢太,5,6,0.0,0.0,16.67,16.67,0.2,0.08,0.33,0.0,35.28,-18.61,1,16.67,苦手,C
5067,山田真聖,4,24,8.33,4.17,8.33,20.83,0.163,0.09,0.43,8.33,47.51,-26.68,5,20.83,苦手,A
5227,川原愛未,6,7,0.0,0.0,0.0,0.0,0.184,0.04,0.35,14.29,22.5,-22.5,2,28.57,苦手,C
4947,間庭菜摘,3,10,0.0,10.0,10.0,20.0,0.194,0.12,0.32,0.0,55.75,-35.75,0,0.0,苦手,B
4846,佐藤駿介,5,18,0.0,11.11,11.11,22.22,0.152,0.1,0.24,5.56,35.28,-13.06,2,11.11,苦手,B
5123,福山恵里奈,6,15,0.0,0.0,0.0,0.0,0.153,0.08,0.32,26.67,22.5,-22.5,3,20.0,苦手,B
5176,石倉拓美,2,8,0.0,12.5,12.5,25.0,0.19,0.06,0.27,12.5,57.15,-32.15,1,12.5,苦手,C
5123,福山恵里奈,5,21,0.0,4.76,14.29,19.05,0.187,0.05,0.35,19.05,35.28,-16.23,4,19.05,苦手,A
4846,佐藤駿介,4,26,0.0,15.38,7.69,23.08,0.167,0.07,0.32,26.92,47.51,-24.43,6,23.08,苦手,A
4017,向井美鈴,6,22,0.0,0.0,4.55,4.55,0.166,0.05,0.33,18.18,22.5,-17.95,0,0.0,苦手,A
5064,品川二千翔,2,27,0.0,18.52,25.93,44.44,0.173,0.06,0.26,7.41,57.15,-12.71,0,0.0,苦手,A
4890,石川諒,5,16,6.25,12.5,0.0,18.75,0.15,0.06,0.26,37.5,35.28,-16.53,2,12.5,苦手,B
5176,石倉拓美,6,16,0.0,0.0,0.0,0.0,0.151,0.03,0.33,31.25,22.5,-22.5,7,43.75,苦手,B
4947,間庭菜摘,5,8,0.0,0.0,25.0,25.0,0.168,0.07,0.34,25.0,35.28,-10.28,2,25.0,苦手,C
5238,笹木香吾,6,37,2.7,0.0,5.41,8.11,0.177,0.01,0.37,16.22,22.5,-14.39,14,37.84,苦手,A
5271,杉山太陽,6,9,0.0,0.0,0.0,0.0,0.266,0.16,0.35,0.0,22.5,-22.5,2,22.22,苦手,C
4919,吉田翔悟,2,5,0.0,40.0,0.0,40.0,0.252,0.17,0.43,20.0,57.15,-17.15,0,0.0,苦手,C
4106,坂井康嗣,4,8,0.0,0.0,12.5,12.5,0.224,0.17,0.32,0.0,47.51,-35.01,3,37.5,苦手,C
5107,松本真広,2,5,0.0,20.0,0.0,20.0,0.178,0.12,0.27,0.0,57.15,-37.15,0,0.0,苦手,C
4268,和合俊介,5,6,0.0,16.67,0.0,16.67,0.16,0.11,0.21,16.67,35.28,-18.61,0,0.0,苦手,C
4747,山戸信二,2,10,20.0,10.0,10.0,40.0,0.125,0.05,0.2,20.0,57.15,-17.15,2,20.0,苦手,B
4822,百武翔,6,7,0.0,0.0,0.0,0.0,0.193,0.11,0.28,0.0,22.5,-22.5,0,0.0,苦手,C
5176,石倉拓美,5,8,0.0,0.0,0.0,0.0,0.182,0.11,0.24,25.0,35.28,-35.28,4,50.0,苦手,C
4299,中島浩哉,3,10,0.0,20.0,0.0,20.0,0.152,0.1,0.21,0.0,55.75,-35.75,2,20.0,苦手,B
4268,和合俊介,4,10,0.0,10.0,20.0,30.0,0.143,0.1,0.19,20.0,47.51,-17.51,1,10.0,苦手,B
3948,大町利克,2,6,0.0,16.67,0.0,16.67,0.228,0.14,0.31,0.0,57.15,-40.48,0,0.0,苦手,C
4248,岡本大,4,7,0.0,0.0,14.29,14.29,0.19,0.07,0.29,14.29,47.51,-33.22,1,14.29,苦手,C
4747,山戸信二,3,10,0.0,10.0,20.0,30.0,0.133,0.07,0.23,20.0,55.75,-25.75,0,0.0,苦手,B
4268,和合俊介,3,9,0.0,22.22,22.22,44.44,0.113,0.01,0.21,44.44,55.75,-11.31,0,0.0,苦手,C
4406,幸野史明,3,5,0.0,40.0,0.0,40.0,0.15,0.13,0.17,20.0,55.75,-15.75,1,20.0,苦手,C
4919,吉田翔悟,5,7,0.0,0.0,14.29,14.29,0.096,0.03,0.2,42.86,35.28,-20.99,1,14.29,苦手,C
3948,大町利克,6,6,0.0,0.0,0.0,0.0,0.21,0.11,0.29,0.0,22.5,-22.5,0,0.0,苦手,C
4747,山戸信二,1,5,0.0,0.0,20.0,20.0,0.194,0.09,0.32,0.0,85.37,-65.37,0,0.0,苦手,C
4822,百武翔,3,7,0.0,28.57,14.29,42.86,0.181,0.11,0.28,0.0,55.75,-12.89,2,28.57,苦手,C
4268,和合俊介,1,5,20.0,40.0,0.0,60.0,0.11,0.07,0.16,20.0,85.37,-25.37,0,0.0,苦手,C
3948,大町利克,1,5,60.0,0.0,0.0,60.0,0.18,0.07,0.28,20.0,85.37,-25.37,0,0.0,苦手,C
5000,岡本翔太郎,3,23,4.35,17.39,13.04,34.78,0.14,0.06,0.22,17.39,55.75,-20.97,3,13.04,苦手,A
5244,黒田剛,6,19,0.0,0.0,0.0,0.0,0.145,0.08,0.24,15.79,22.5,-22.5,8,42.11,苦手,B
5276,大島隆乃介,6,21,0.0,0.0,0.0,0.0,0.196,0.06,0.33,4.76,22.5,-22.5,7,33.33,苦手,A
5040,木村颯,2,5,0.0,20.0,0.0,20.0,0.138,0.04,0.24,20.0,57.15,-37.15,0,0.0,苦手,C
4693,松下誉士,3,11,0.0,36.36,0.0,36.36,0.173,0.08,0.27,27.27,55.75,-19.39,1,9.09,苦手,B
4931,木谷賢太,6,7,0.0,0.0,0.0,0.0,0.174,0.12,0.27,14.29,22.5,-22.5,1,14.29,苦手,C
3315,広瀬聖仁,3,6,0.0,16.67,16.67,33.33,0.173,0.03,0.35,16.67,55.75,-22.42,0,0.0,苦手,C
3757,畑和宏,5,9,0.0,0.0,22.22,22.22,0.181,0.12,0.24,11.11,35.28,-13.06,1,11.11,苦手,C
4432,黄金井力良,3,6,0.0,16.67,16.67,33.33,0.138,0.07,0.19,16.67,55.75,-22.42,0,0.0,苦手,C
3637,齋藤和政,3,5,0.0,20.0,0.0,20.0,0.174,0.06,0.22,20.0,55.75,-35.75,1,20.0,苦手,C
4995,田邉亮蔵,2,8,0.0,12.5,25.0,37.5,0.166,0.06,0.23,0.0,57.15,-19.65,1,12.5,苦手,C
4348,宮崎奨,4,8,0.0,25.0,12.5,37.5,0.119,0.06,0.18,0.0,47.51,-10.01,1,12.5,苦手,C
5022,伊藤尚汰,3,5,0.0,0.0,0.0,0.0,0.14,0.06,0.18,20.0,55.75,-55.75,0,0.0,苦手,C
5000,岡本翔太郎,2,25,12.0,8.0,20.0,40.0,0.128,0.05,0.21,28.0,57.15,-17.15,1,4.0,苦手,A
4931,木谷賢太,4,6,16.67,0.0,16.67,33.33,0.175,0.12,0.19,0.0,47.51,-14.18,0,0.0,苦手,C
4693,松下誉士,1,6,33.33,0.0,0.0,33.33,0.138,0.05,0.19,33.33,85.37,-52.04,0,0.0,苦手,C
5040,木村颯,6,6,0.0,0.0,0.0,0.0,0.128,0.09,0.18,33.33,22.5,-22.5,3,50.0,苦手,C
3523,寳田亮治,2,14,7.14,28.57,7.14,42.86,0.161,0.08,0.22,0.0,57.15,-14.29,0,0.0,苦手,B
4995,田邉亮蔵,5,6,0.0,0.0,0.0,0.0,0.145,0.09,0.19,0.0,35.28,-35.28,2,33.33,苦手,C
3523,寳田亮治,4,15,13.33,0.0,13.33,26.67,0.153,0.08,0.26,26.67,47.51,-20.84,2,13.33,苦手,B
3772,一柳和孝,6,5,0.0,0.0,0.0,0.0,0.196,0.14,0.29,20.0,22.5,-22.5,1,20.0,苦手,C
4931,木谷賢太,2,5,20.0,20.0,0.0,40.0,0.166,0.06,0.2,0.0,57.15,-17.15,0,0.0,苦手,C
4995,田邉亮蔵,3,5,0.0,0.0,20.0,20.0,0.178,0.11,0.23,20.0,55.75,-35.75,0,0.0,苦手,C
3734,宮田政勝,5,5,0.0,0.0,20.0,20.0,0.176,0.11,0.21,0.0,35.28,-15.28,1,20.0,苦手,C
3637,齋藤和政,4,5,0.0,0.0,20.0,20.0,0.176,0.1,0.22,0.0,47.51,-27.51,0,0.0,苦手,C
4143,浦田晃嗣,2,8,0.0,0.0,12.5,12.5,0.138,0.06,0.28,37.5,57.15,-44.65,0,0.0,苦手,C
4970,井町泰,4,10,0.0,0.0,10.0,10.0,0.123,0.05,0.24,10.0,47.51,-37.51,3,30.0,苦手,B
5154,村松栄太,4,14,0.0,14.29,21.43,35.71,0.173,0.08,0.35,21.43,47.51,-11.8,3,21.43,苦手,B
4143,浦田晃嗣,6,11,0.0,0.0,9.09,9.09,0.161,0.02,0.21,18.18,22.5,-13.41,5,45.45,苦手,B
5031,渡辺空依,5,6,0.0,0.0,16.67,16.67,0.193,0.13,0.27,0.0,35.28,-18.61,2,33.33,苦手,C
3333,丸尾義孝,5,6,0.0,0.0,16.67,16.67,0.135,0.08,0.24,33.33,35.28,-18.61,1,16.67,苦手,C
3752,宇土泰就,3,9,11.11,0.0,22.22,33.33,0.143,0.07,0.26,11.11,55.75,-22.42,0,0.0,苦手,C
5154,村松栄太,6,14,0.0,0.0,7.14,7.14,0.152,0.08,0.29,21.43,22.5,-15.36,6,42.86,苦手,B
4970,井町泰,2,8,0.0,25.0,0.0,25.0,0.19,0.15,0.25,0.0,57.15,-32.15,0,0.0,苦手,C
3752,宇土泰就,2,9,0.0,0.0,33.33,33.33,0.19,0.14,0.31,0.0,57.15,-23.82,1,11.11,苦手,C
4970,井町泰,1,5,0.0,40.0,0.0,40.0,0.2,0.08,0.33,20.0,85.37,-45.37,0,0.0,苦手,C
4143,浦田晃嗣,3,5,0.0,0.0,20.0,20.0,0.166,0.12,0.21,20.0,55.75,-35.75,0,0.0,苦手,C
4676,後藤隼之,2,5,0.0,40.0,0.0,40.0,0.156,0.13,0.19,0.0,57.15,-17.15,1,20.0,苦手,C
4970,井町泰,3,8,0.0,0.0,0.0,0.0,0.193,0.08,0.39,12.5,55.75,-55.75,3,37.5,苦手,C
4883,岡部大輝,3,5,0.0,20.0,0.0,20.0,0.08,0.03,0.15,40.0,55.75,-35.75,1,20.0,苦手,C
5154,村松栄太,1,5,0.0,20.0,20.0,40.0,0.128,0.1,0.2,20.0,85.37,-45.37,0,0.0,苦手,C
3445,加藤高史,3,5,20.0,0.0,0.0,20.0,0.17,0.07,0.3,0.0,55.75,-35.75,1,20.0,苦手,C
3752,宇土泰就,1,6,50.0,0.0,0.0,50.0,0.203,0.11,0.29,0.0,85.37,-35.37,0,0.0,苦手,C
5154,村松栄太,3,16,6.25,18.75,12.5,37.5,0.146,0.04,0.33,18.75,55.75,-18.25,0,0.0,苦手,B
5031,渡辺空依,4,7,0.0,0.0,14.29,14.29,0.176,0.13,0.29,0.0,47.51,-33.22,1,14.29,苦手,C
5154,村松栄太,2,15,20.0,0.0,20.0,40.0,0.175,0.05,0.37,13.33,57.15,-17.15,1,6.67,苦手,B
4782,浜崎準也,2,5,0.0,0.0,0.0,0.0,0.236,0.16,0.32,0.0,57.15,-57.15,1,20.0,苦手,C
4627,藤原菜希,5,6,0.0,0.0,16.67,16.67,0.213,0.15,0.29,0.0,35.28,-18.61,0,0.0,苦手,C
3778,安達美帆,5,6,0.0,0.0,0.0,0.0,0.203,0.11,0.27,16.67,35.28,-35.28,1,16.67,苦手,C
3778,安達美帆,3,11,0.0,18.18,0.0,18.18,0.212,0.14,0.41,9.09,55.75,-37.57,2,18.18,苦手,B
4874,池田奈津美,2,23,17.39,13.04,8.7,39.13,0.163,0.07,0.39,17.39,57.15,-18.02,14,60.87,苦手,A
4248,岡本大,3,10,0.0,0.0,30.0,30.0,0.149,0.07,0.26,30.0,55.75,-25.75,1,10.0,苦手,B
4753,森照夫,4,9,0.0,22.22,11.11,33.33,0.182,0.03,0.34,22.22,47.51,-14.18,0,0.0,苦手,C
5123,福山恵里奈,1,15,26.67,6.67,0.0,33.33,0.237,0.12,0.46,13.33,85.37,-52.04,0,0.0,苦手,B
3778,安達美帆,2,11,0.0,18.18,27.27,45.45,0.197,0.13,0.29,9.09,57.15,-11.7,1,9.09,苦手,B
4363,大野芳顕,4,10,0.0,0.0,30.0,30.0,0.164,0.1,0.32,20.0,47.51,-17.51,2,20.0,苦手,B
4782,浜崎準也,5,5,0.0,0.0,0.0,0.0,0.208,0.08,0.33,0.0,35.28,-35.28,1,20.0,苦手,C
5164,森田梨湖,4,5,0.0,0.0,0.0,0.0,0.214,0.14,0.35,0.0,47.51,-47.51,0,0.0,苦手,C
4657,江崎一雄,4,5,0.0,0.0,20.0,20.0,0.174,0.09,0.25,20.0,47.51,-27.51,2,40.0,苦手,C
3982,福田理,4,9,0.0,22.22,0.0,22.22,0.161,0.06,0.27,33.33,47.51,-25.29,0,0.0,苦手,C
4952,吉武真也,5,5,0.0,0.0,0.0,0.0,0.17,0.12,0.24,20.0,35.28,-35.28,0,0.0,苦手,C
5278,田中駿兵,6,7,0.0,0.0,0.0,0.0,0.151,0.09,0.23,14.29,22.5,-22.5,2,28.57,苦手,C
5143,常盤海心,2,12,8.33,16.67,0.0,25.0,0.188,0.11,0.32,0.0,57.15,-32.15,0,0.0,苦手,B
3411,池上隆行,3,5,0.0,0.0,0.0,0.0,0.158,0.06,0.2,0.0,55.75,-55.75,1,20.0,苦手,C
4429,豊田泰洋,4,8,12.5,12.5,0.0,25.0,0.15,0.07,0.24,12.5,47.51,-22.51,0,0.0,苦手,C
4952,吉武真也,4,8,0.0,0.0,0.0,0.0,0.179,0.09,0.24,0.0,47.51,-47.51,0,0.0,苦手,C
3411,池上隆行,4,5,0.0,0.0,0.0,0.0,0.132,0.04,0.19,20.0,47.51,-47.51,0,0.0,苦手,C
3982,福田理,2,7,0.0,0.0,0.0,0.0,0.154,0.05,0.25,14.29,57.15,-57.15,0,0.0,苦手,C
5143,常盤海心,6,9,0.0,0.0,0.0,0.0,0.199,0.06,0.36,11.11,22.5,-22.5,3,33.33,苦手,C
3715,倉尾大介,4,6,0.0,16.67,16.67,33.33,0.173,0.12,0.22,0.0,47.51,-14.18,0,0.0,苦手,C
4952,吉武真也,2,6,16.67,0.0,0.0,16.67,0.182,0.07,0.26,0.0,57.15,-40.48,0,0.0,苦手,C
3411,池上隆行,5,5,0.0,0.0,20.0,20.0,0.17,0.12,0.22,20.0,35.28,-15.28,2,40.0,苦手,C
5161,登玉隼百,5,6,0.0,16.67,0.0,16.67,0.127,0.04,0.22,16.67,35.28,-18.61,1,16.67,苦手,C
5143,常盤海心,5,10,0.0,0.0,20.0,20.0,0.172,0.08,0.32,20.0,35.28,-15.28,0,0.0,苦手,B
4458,抹香雄三,2,5,0.0,0.0,20.0,20.0,0.164,0.11,0.21,20.0,57.15,-37.15,0,0.0,苦手,C
4952,吉武真也,3,6,0.0,0.0,33.33,33.33,0.115,0.07,0.15,33.33,55.75,-22.42,0,0.0,苦手,C
4060,島田一生,5,5,0.0,0.0,20.0,20.0,0.126,0.11,0.17,40.0,35.28,-15.28,0,0.0,苦手,C
4039,村上功祐,5,5,0.0,0.0,20.0,20.0,0.214,0.05,0.34,0.0,35.28,-15.28,1,20.0,苦手,C
3715,倉尾大介,5,10,0.0,10.0,0.0,10.0,0.183,0.04,0.31,20.0,35.28,-25.28,3,30.0,苦手,B
3982,福田理,1,6,33.33,0.0,33.33,66.67,0.192,0.07,0.32,33.33,85.37,-18.7,0,0.0,苦手,C
4871,菊池宏志,3,19,5.26,10.53,15.79,31.58,0.194,0.11,0.39,5.26,55.75,-24.17,1,5.26,苦手,B
5083,柳瀬幹太,3,19,5.26,15.79,21.05,42.11,0.154,0.09,0.24,0.0,55.75,-13.64,1,5.26,苦手,B
4871,菊池宏志,4,18,11.11,0.0,22.22,33.33,0.168,0.02,0.34,22.22,47.51,-14.18,0,0.0,苦手,B
4890,石川諒,3,14,7.14,21.43,0.0,28.57,0.152,0.09,0.22,21.43,55.75,-27.18,0,0.0,苦手,B
4950,高岡竜也,6,17,0.0,0.0,11.76,11.76,0.172,0.11,0.28,0.0,22.5,-10.74,1,5.88,苦手,B
5083,柳瀬幹太,6,15,6.67,0.0,0.0,6.67,0.082,0.01,0.18,53.33,22.5,-15.83,4,26.67,苦手,B
4054,福嶋智之,5,12,0.0,8.33,8.33,16.67,0.123,0.01,0.24,33.33,35.28,-18.61,2,16.67,苦手,B
4054,福嶋智之,2,8,0.0,12.5,12.5,25.0,0.144,0.07,0.2,37.5,57.15,-32.15,0,0.0,苦手,C
5083,柳瀬幹太,5,23,4.35,13.04,4.35,21.74,0.131,0.02,0.24,26.09,35.28,-13.54,5,21.74,苦手,A
5277,井上未都,6,17,0.0,11.76,0.0,11.76,0.158,0.04,0.24,29.41,22.5,-10.74,3,17.65,苦手,B
5189,藤原早菜,6,5,0.0,0.0,0.0,0.0,0.21,0.15,0.29,0.0,22.5,-22.5,2,40.0,苦手,C
4375,照屋厚仁,3,5,20.0,20.0,0.0,40.0,0.17,0.09,0.31,20.0,55.75,-15.75,0,0.0,苦手,C
3741,松尾基成,3,6,0.0,16.67,0.0,16.67,0.195,0.11,0.34,16.67,55.75,-39.08,0,0.0,苦手,C
5233,村田佳奈子,6,7,0.0,0.0,0.0,0.0,0.203,0.03,0.39,14.29,22.5,-22.5,2,28.57,苦手,C
5230,石原凪紗,5,5,0.0,0.0,20.0,20.0,0.13,0.01,0.25,40.0,35.28,-15.28,1,20.0,苦手,C
4945,上村宏太,5,5,0.0,0.0,20.0,20.0,0.126,0.08,0.17,0.0,35.28,-15.28,0,0.0,苦手,C
3484,芝田浩治,5,6,0.0,16.67,0.0,16.67,0.2,0.12,0.31,16.67,35.28,-18.61,0,0.0,苦手,C
5230,石原凪紗,6,8,0.0,0.0,0.0,0.0,0.182,0.1,0.34,12.5,22.5,-22.5,2,25.0,苦手,C
3484,芝田浩治,4,8,25.0,12.5,0.0,37.5,0.133,0.04,0.21,25.0,47.51,-10.01,2,25.0,苦手,C
4909,薮内瑞希,5,5,0.0,0.0,0.0,0.0,0.162,0.11,0.3,0.0,35.28,-35.28,1,20.0,苦手,C
5153,佐藤ほのか,2,8,0.0,0.0,12.5,12.5,0.146,0.02,0.25,25.0,57.15,-44.65,1,12.5,苦手,C
5265,大廣咲季,6,10,0.0,0.0,0.0,0.0,0.173,0.09,0.31,20.0,22.5,-22.5,3,30.0,苦手,B
4286,平田さやか,2,7,0.0,28.57,14.29,42.86,0.153,0.11,0.21,28.57,57.15,-14.29,0,0.0,苦手,C
5182,宮崎安奈,5,5,0.0,0.0,20.0,20.0,0.11,0.01,0.18,40.0,35.28,-15.28,1,20.0,苦手,C
5241,門田栞,6,19,0.0,5.26,5.26,10.53,0.154,0.01,0.42,26.32,22.5,-11.97,8,42.11,苦手,B
4300,加藤綾,4,7,0.0,0.0,14.29,14.29,0.199,0.05,0.27,14.29,47.51,-33.22,1,14.29,苦手,C
5045,平川香織,3,9,0.0,22.22,22.22,44.44,0.191,0.07,0.29,11.11,55.75,-11.31,1,11.11,苦手,C
4680,後藤美翼,6,5,0.0,0.0,0.0,0.0,0.22,0.11,0.3,0.0,22.5,-22.5,0,0.0,苦手,C
5195,北村寧々,3,5,0.0,0.0,40.0,40.0,0.18,0.1,0.28,20.0,55.75,-15.75,0,0.0,苦手,C
5180,藤本紗弥香,1,8,25.0,12.5,12.5,50.0,0.27,0.07,0.41,12.5,85.37,-35.37,0,0.0,苦手,C
5231,寺田空詩,5,29,0.0,6.9,13.79,20.69,0.194,0.08,0.5,6.9,35.28,-14.59,6,20.69,苦手,A
4843,深尾巴恵,3,7,0.0,28.57,14.29,42.86,0.189,0.04,0.35,28.57,55.75,-12.89,1,14.29,苦手,C
5180,藤本紗弥香,3,12,0.0,0.0,41.67,41.67,0.186,0.02,0.42,16.67,55.75,-14.08,2,16.67,苦手,B
5153,佐藤ほのか,4,7,0.0,0.0,0.0,0.0,0.161,0.07,0.37,0.0,47.51,-47.51,1,14.29,苦手,C
5195,北村寧々,5,5,0.0,0.0,20.0,20.0,0.146,0.1,0.21,0.0,35.28,-15.28,1,20.0,苦手,C
4714,喜多須杏奈,6,7,0.0,0.0,0.0,0.0,0.159,0.11,0.19,28.57,22.5,-22.5,2,28.57,苦手,C
4843,深尾巴恵,4,9,0.0,11.11,0.0,11.11,0.137,0.05,0.22,11.11,47.51,-36.4,0,0.0,苦手,C
4300,加藤綾,5,7,0.0,14.29,0.0,14.29,0.174,0.12,0.29,14.29,35.28,-20.99,0,0.0,苦手,C
5241,門田栞,4,7,0.0,14.29,0.0,14.29,0.163,0.06,0.29,14.29,47.51,-33.22,0,0.0,苦手,C
5118,野田なづき,2,6,0.0,16.67,16.67,33.33,0.18,0.13,0.26,0.0,57.15,-23.82,0,0.0,苦手,C
5123,福山恵里奈,3,21,4.76,14.29,23.81,42.86,0.2,0.04,0.44,4.76,55.75,-12.89,2,9.52,苦手,A
3871,池田紫乃,2,7,0.0,14.29,28.57,42.86,0.167,0.05,0.31,28.57,57.15,-14.29,0,0.0,苦手,C
4843,深尾巴恵,5,10,10.0,0.0,0.0,10.0,0.179,0.07,0.32,30.0,35.28,-25.28,3,30.0,苦手,B
4300,加藤綾,3,7,0.0,14.29,14.29,28.57,0.176,0.07,0.24,14.29,55.75,-27.18,0,0.0,苦手,C
4938,小芦るり華,4,11,0.0,9.09,27.27,36.36,0.188,0.09,0.27,0.0,47.51,-11.15,1,9.09,苦手,B
5241,門田栞,5,8,0.0,0.0,12.5,12.5,0.158,0.06,0.27,12.5,35.28,-22.78,4,50.0,苦手,C
4891,寺島美里,2,5,0.0,20.0,20.0,40.0,0.168,0.12,0.21,0.0,57.15,-17.15,1,20.0,苦手,C
5153,佐藤ほのか,5,6,0.0,0.0,0.0,0.0,0.142,0.1,0.2,33.33,35.28,-35.28,2,33.33,苦手,C
4843,深尾巴恵,2,6,0.0,16.67,0.0,16.67,0.18,0.06,0.27,16.67,57.15,-40.48,0,0.0,苦手,C
3871,池田紫乃,6,5,0.0,0.0,0.0,0.0,0.2,0.13,0.26,0.0,22.5,-22.5,0,0.0,苦手,C
5153,佐藤ほのか,3,5,0.0,20.0,0.0,20.0,0.112,0.1,0.12,20.0,55.75,-35.75,1,20.0,苦手,C
5180,藤本紗弥香,4,7,0.0,0.0,14.29,14.29,0.194,0.08,0.27,14.29,47.51,-33.22,0,0.0,苦手,C
4680,後藤美翼,5,8,0.0,25.0,0.0,25.0,0.234,0.08,0.35,12.5,35.28,-10.28,3,37.5,苦手,C
4998,中村かなえ,6,6,0.0,0.0,0.0,0.0,0.128,0.06,0.18,16.67,22.5,-22.5,0,0.0,苦手,C
5236,小宮涼雅,5,5,0.0,0.0,0.0,0.0,0.26,0.13,0.37,0.0,35.28,-35.28,1,20.0,苦手,C
5011,高木圭大,4,6,0.0,0.0,0.0,0.0,0.17,0.11,0.23,16.67,47.51,-47.51,0,0.0,苦手,C
5247,大森翼,6,7,0.0,0.0,0.0,0.0,0.179,0.11,0.32,0.0,22.5,-22.5,1,14.29,苦手,C
5270,小玉啓太,6,13,0.0,0.0,0.0,0.0,0.185,0.11,0.3,15.38,22.5,-22.5,5,38.46,苦手,B
4463,三苫晃幸,6,8,0.0,0.0,0.0,0.0,0.2,0.15,0.31,25.0,22.5,-22.5,0,0.0,苦手,C
5236,小宮涼雅,6,12,0.0,0.0,0.0,0.0,0.191,0.06,0.35,8.33,22.5,-22.5,4,33.33,苦手,B
5011,高木圭大,2,9,0.0,11.11,11.11,22.22,0.18,0.09,0.21,22.22,57.15,-34.93,0,0.0,苦手,C
3945,橋口真樹,3,5,0.0,0.0,40.0,40.0,0.174,0.12,0.21,20.0,55.75,-15.75,0,0.0,苦手,C
5199,垂水悠,5,8,0.0,0.0,25.0,25.0,0.131,0.01,0.23,62.5,35.28,-10.28,1,12.5,苦手,C
4661,中島昂章,6,7,0.0,0.0,0.0,0.0,0.221,0.15,0.36,0.0,22.5,-22.5,0,0.0,苦手,C
3224,栗山繁洋,4,9,22.22,11.11,0.0,33.33,0.172,0.02,0.31,11.11,47.51,-14.18,2,22.22,苦手,C
5199,垂水悠,2,8,0.0,12.5,25.0,37.5,0.172,0.07,0.41,12.5,57.15,-19.65,0,0.0,苦手,C
3246,星野政彦,5,5,0.0,0.0,0.0,0.0,0.186,0.06,0.37,40.0,35.28,-35.28,2,40.0,苦手,C
5011,高木圭大,5,8,0.0,0.0,25.0,25.0,0.145,0.09,0.19,12.5,35.28,-10.28,2,25.0,苦手,C
4449,中嶋達也,5,5,0.0,0.0,0.0,0.0,0.112,0.04,0.18,20.0,35.28,-35.28,1,20.0,苦手,C
3945,橋口真樹,5,8,12.5,0.0,0.0,12.5,0.211,0.08,0.48,50.0,35.28,-22.78,1,12.5,苦手,C
5212,西川拓利,6,10,0.0,0.0,10.0,10.0,0.157,0.1,0.24,10.0,22.5,-12.5,4,40.0,苦手,B
4027,松江秀徳,1,8,62.5,12.5,0.0,75.0,0.182,0.11,0.27,37.5,85.37,-10.37,0,0.0,苦手,C
5214,田中宏典,6,16,0.0,0.0,12.5,12.5,0.211,0.05,0.42,0.0,22.5,-10.0,6,37.5,苦手,B
4623,中北将史,4,7,0.0,0.0,28.57,28.57,0.163,0.06,0.25,14.29,47.51,-18.94,2,28.57,苦手,C
4896,花本剛,2,13,15.38,0.0,15.38,30.77,0.209,0.09,0.33,15.38,57.15,-26.38,0,0.0,苦手,B
4709,岡村将也,4,6,0.0,33.33,0.0,33.33,0.195,0.09,0.35,0.0,47.51,-14.18,1,16.67,苦手,C
5261,岡暢祐,6,14,0.0,0.0,0.0,0.0,0.284,0.12,0.51,7.14,22.5,-22.5,4,28.57,苦手,B
3631,田添康介,6,12,0.0,8.33,0.0,8.33,0.252,0.11,0.58,16.67,22.5,-14.17,2,16.67,苦手,B
5214,田中宏典,5,8,0.0,0.0,25.0,25.0,0.151,0.08,0.27,12.5,35.28,-10.28,4,50.0,苦手,C
4896,花本剛,5,13,0.0,7.69,15.38,23.08,0.178,0.09,0.35,15.38,35.28,-12.2,2,15.38,苦手,B
4896,花本剛,4,12,16.67,0.0,16.67,33.33,0.143,0.03,0.25,25.0,47.51,-14.18,2,16.67,苦手,B
3284,渡邊伸太郎,5,7,0.0,0.0,14.29,14.29,0.219,0.13,0.31,0.0,35.28,-20.99,2,28.57,苦手,C
3577,向所浩二,6,8,0.0,12.5,0.0,12.5,0.126,0.05,0.24,37.5,22.5,-10.0,2,25.0,苦手,C
4684,楠原翔太,1,7,42.86,0.0,14.29,57.14,0.169,0.05,0.31,42.86,85.37,-28.23,0,0.0,苦手,C
4684,楠原翔太,3,11,18.18,0.0,27.27,45.45,0.151,0.04,0.23,27.27,55.75,-10.3,2,18.18,苦手,B
4896,花本剛,1,12,50.0,0.0,8.33,58.33,0.165,0.05,0.29,33.33,85.37,-27.04,0,0.0,苦手,B
4684,楠原翔太,4,9,0.0,22.22,11.11,33.33,0.14,0.04,0.34,22.22,47.51,-14.18,0,0.0,苦手,C
4753,森照夫,3,5,0.0,20.0,20.0,40.0,0.144,0.07,0.29,40.0,55.75,-15.75,0,0.0,苦手,C
4879,山崎鉄平,5,5,0.0,0.0,20.0,20.0,0.132,0.07,0.18,20.0,35.28,-15.28,1,20.0,苦手,C
4379,桑島和宏,5,7,0.0,0.0,0.0,0.0,0.16,0.06,0.22,0.0,35.28,-35.28,0,0.0,苦手,C
4382,高山智至,2,5,0.0,0.0,20.0,20.0,0.166,0.12,0.2,20.0,57.15,-37.15,2,40.0,苦手,C
4549,小林文彦,4,7,0.0,0.0,14.29,14.29,0.211,0.17,0.25,0.0,47.51,-33.22,1,14.29,苦手,C
4380,鈴木峻佑,5,5,0.0,0.0,0.0,0.0,0.182,0.16,0.21,0.0,35.28,-35.28,1,20.0,苦手,C
3746,岡瀬正人,1,10,50.0,10.0,0.0,60.0,0.167,0.13,0.24,0.0,85.37,-25.37,0,0.0,苦手,B
4549,小林文彦,6,6,0.0,0.0,0.0,0.0,0.215,0.17,0.27,16.67,22.5,-22.5,0,0.0,苦手,C
2903,山崎毅,4,5,0.0,20.0,0.0,20.0,0.202,0.15,0.27,0.0,47.51,-27.51,2,40.0,苦手,C
4176,樋口喜彦,4,5,0.0,0.0,20.0,20.0,0.15,0.08,0.19,20.0,47.51,-27.51,1,20.0,苦手,C
2930,新良一規,5,5,0.0,0.0,0.0,0.0,0.182,0.11,0.29,0.0,35.28,-35.28,1,20.0,苦手,C
4176,樋口喜彦,5,5,0.0,0.0,0.0,0.0,0.122,0.04,0.18,40.0,35.28,-35.28,1,20.0,苦手,C
4379,桑島和宏,4,7,0.0,0.0,28.57,28.57,0.157,0.05,0.22,0.0,47.51,-18.94,1,14.29,苦手,C
4463,三苫晃幸,2,6,33.33,0.0,0.0,33.33,0.113,0.07,0.18,33.33,57.15,-23.82,0,0.0,苦手,C
3746,岡瀬正人,3,7,0.0,28.57,14.29,42.86,0.187,0.11,0.24,0.0,55.75,-12.89,0,0.0,苦手,C
5083,柳瀬幹太,4,19,21.05,5.26,10.53,36.84,0.144,0.06,0.26,26.32,47.51,-10.67,3,15.79,苦手,B
4778,堤啓輔,1,7,42.86,0.0,14.29,57.14,0.164,0.06,0.34,14.29,85.37,-28.23,0,0.0,苦手,C
3462,竹上真司,2,9,22.22,11.11,11.11,44.44,0.169,0.11,0.25,0.0,57.15,-12.71,0,0.0,苦手,C
5231,寺田空詩,4,18,5.56,0.0,27.78,33.33,0.171,0.07,0.33,22.22,47.51,-14.18,1,5.56,苦手,B
3462,竹上真司,4,7,0.0,14.29,14.29,28.57,0.126,0.08,0.18,0.0,47.51,-18.94,1,14.29,苦手,C
4431,石塚裕介,6,8,0.0,12.5,0.0,12.5,0.15,0.09,0.19,0.0,22.5,-10.0,1,12.5,苦手,C
4880,澤崎雄哉,5,6,0.0,0.0,16.67,16.67,0.172,0.09,0.23,0.0,35.28,-18.61,2,33.33,苦手,C
4431,石塚裕介,3,7,0.0,14.29,28.57,42.86,0.137,0.05,0.18,14.29,55.75,-12.89,1,14.29,苦手,C
4499,滝川真由子,4,8,12.5,0.0,12.5,25.0,0.204,0.14,0.31,12.5,47.51,-22.51,0,0.0,苦手,C
4880,澤崎雄哉,2,7,14.29,0.0,14.29,28.57,0.187,0.08,0.31,28.57,57.15,-28.58,1,14.29,苦手,C
4991,宗行治哉,5,5,0.0,20.0,0.0,20.0,0.186,0.1,0.25,0.0,35.28,-15.28,1,20.0,苦手,C
3701,大西隆洋,6,8,0.0,12.5,0.0,12.5,0.107,0.04,0.13,50.0,22.5,-10.0,2,25.0,苦手,C
4457,神田達也,6,6,0.0,0.0,0.0,0.0,0.257,0.12,0.42,16.67,22.5,-22.5,1,16.67,苦手,C
4113,木村浩士,2,7,0.0,28.57,14.29,42.86,0.187,0.14,0.25,0.0,57.15,-14.29,0,0.0,苦手,C
4896,花本剛,6,11,0.0,0.0,9.09,9.09,0.211,0.09,0.29,0.0,22.5,-13.41,2,18.18,苦手,B
4880,澤崎雄哉,6,8,12.5,0.0,0.0,12.5,0.181,0.14,0.22,0.0,22.5,-10.0,1,12.5,苦手,C
5222,津田陸翔,4,6,0.0,16.67,0.0,16.67,0.17,0.09,0.27,0.0,47.51,-30.84,1,16.67,苦手,C
5240,高橋龍治,6,17,0.0,5.88,5.88,11.76,0.166,0.02,0.38,35.29,22.5,-10.74,7,41.18,苦手,B
4889,後藤盛也,2,7,14.29,14.29,0.0,28.57,0.137,0.11,0.16,28.57,57.15,-28.58,1,14.29,苦手,C
5268,山本幸也,6,11,0.0,0.0,0.0,0.0,0.18,0.07,0.34,0.0,22.5,-22.5,5,45.45,苦手,B
4951,新田洋一,4,6,16.67,0.0,16.67,33.33,0.135,0.07,0.19,33.33,47.51,-14.18,0,0.0,苦手,C
4864,小川日紀太,2,6,16.67,16.67,0.0,33.33,0.145,0.06,0.21,33.33,57.15,-23.82,0,0.0,苦手,C
3837,秋山広一,2,9,11.11,11.11,22.22,44.44,0.124,0.06,0.21,22.22,57.15,-12.71,1,11.11,苦手,C
3372,加藤雅之,1,5,0.0,40.0,0.0,40.0,0.208,0.18,0.23,0.0,85.37,-45.37,0,0.0,苦手,C
4948,木場悠介,2,5,20.0,0.0,20.0,40.0,0.17,0.06,0.28,20.0,57.15,-17.15,0,0.0,苦手,C
4073,大橋純一郎,4,8,0.0,25.0,12.5,37.5,0.138,0.09,0.19,25.0,47.51,-10.01,0,0.0,苦手,C
5076,石原光,2,9,11.11,22.22,11.11,44.44,0.182,0.1,0.29,0.0,57.15,-12.71,0,0.0,苦手,C
4068,幸田智裕,5,9,0.0,0.0,22.22,22.22,0.194,0.07,0.29,0.0,35.28,-13.06,1,11.11,苦手,C
4343,村岡賢,2,6,0.0,0.0,16.67,16.67,0.17,0.14,0.21,16.67,57.15,-40.48,0,0.0,苦手,C
3372,加藤雅之,2,6,0.0,0.0,33.33,33.33,0.175,0.11,0.28,0.0,57.15,-23.82,0,0.0,苦手,C
4948,木場悠介,5,9,0.0,11.11,11.11,22.22,0.197,0.11,0.32,11.11,35.28,-13.06,3,33.33,苦手,C
4343,村岡賢,5,10,0.0,0.0,10.0,10.0,0.172,0.09,0.25,0.0,35.28,-25.28,5,50.0,苦手,B
5224,西岡顕心,2,6,0.0,33.33,0.0,33.33,0.123,0.09,0.15,50.0,57.15,-23.82,0,0.0,苦手,C
4864,小川日紀太,3,5,0.0,20.0,20.0,40.0,0.124,0.11,0.16,0.0,55.75,-15.75,0,0.0,苦手,C
3372,加藤雅之,4,6,0.0,0.0,0.0,0.0,0.197,0.11,0.29,0.0,47.51,-47.51,1,16.67,苦手,C
4068,幸田智裕,3,5,0.0,0.0,40.0,40.0,0.166,0.08,0.22,0.0,55.75,-15.75,0,0.0,苦手,C
4834,浜本裕己,3,7,0.0,28.57,0.0,28.57,0.173,0.09,0.36,28.57,55.75,-27.18,0,0.0,苦手,C
3554,仲口博崇,2,9,0.0,0.0,22.22,22.22,0.232,0.11,0.41,0.0,57.15,-34.93,1,11.11,苦手,C
3802,森岡まき,2,5,20.0,0.0,0.0,20.0,0.154,0.09,0.24,60.0,57.15,-37.15,0,0.0,苦手,C
4964,土屋南,6,5,0.0,0.0,0.0,0.0,0.146,0.09,0.21,20.0,22.5,-22.5,0,0.0,苦手,C
5165,小林愛実,4,6,0.0,0.0,16.67,16.67,0.172,0.05,0.27,16.67,47.51,-30.84,1,16.67,苦手,C
4836,大谷健太,4,10,10.0,10.0,10.0,30.0,0.169,0.07,0.23,10.0,47.51,-17.51,1,10.0,苦手,B
3624,大石和彦,5,5,0.0,0.0,0.0,0.0,0.15,0.11,0.19,0.0,35.28,-35.28,0,0.0,苦手,C
3802,森岡まき,4,8,0.0,12.5,12.5,25.0,0.159,0.08,0.22,37.5,47.51,-22.51,4,50.0,苦手,C
3554,仲口博崇,3,10,0.0,30.0,10.0,40.0,0.158,0.09,0.22,0.0,55.75,-15.75,5,50.0,苦手,B
4875,大塚康雅,6,5,0.0,0.0,0.0,0.0,0.138,0.08,0.19,20.0,22.5,-22.5,2,40.0,苦手,C
4834,浜本裕己,2,7,0.0,42.86,0.0,42.86,0.206,0.07,0.37,14.29,57.15,-14.29,0,0.0,苦手,C
5165,小林愛実,5,6,0.0,0.0,0.0,0.0,0.18,0.08,0.31,0.0,35.28,-35.28,1,16.67,苦手,C
4875,大塚康雅,2,5,0.0,20.0,20.0,40.0,0.186,0.08,0.4,20.0,57.15,-17.15,0,0.0,苦手,C
4836,大谷健太,2,10,10.0,0.0,30.0,40.0,0.174,0.05,0.38,10.0,57.15,-17.15,1,10.0,苦手,B
5203,神里琴音,5,7,0.0,0.0,0.0,0.0,0.17,0.1,0.25,14.29,35.28,-35.28,1,14.29,苦手,C
3808,秋田健太郎,3,6,0.0,0.0,33.33,33.33,0.13,0.05,0.26,16.67,55.75,-22.42,0,0.0,苦手,C
3808,秋田健太郎,5,7,0.0,0.0,14.29,14.29,0.15,0.11,0.23,0.0,35.28,-20.99,2,28.57,苦手,C
4765,野田部宏子,4,9,22.22,0.0,0.0,22.22,0.121,0.04,0.19,44.44,47.51,-25.29,1,11.11,苦手,C
4902,山川雄大,4,6,16.67,0.0,16.67,33.33,0.158,0.04,0.26,0.0,47.51,-14.18,0,0.0,苦手,C
3981,今坂晃広,5,7,0.0,14.29,0.0,14.29,0.169,0.09,0.31,14.29,35.28,-20.99,1,14.29,苦手,C
4081,樋口範政,6,8,0.0,0.0,12.5,12.5,0.215,0.13,0.35,0.0,22.5,-10.0,3,37.5,苦手,C
5206,梅原祥平,6,5,0.0,0.0,0.0,0.0,0.096,0.07,0.14,60.0,22.5,-22.5,2,40.0,苦手,C
4081,樋口範政,4,8,0.0,12.5,12.5,25.0,0.204,0.14,0.32,12.5,47.51,-22.51,1,12.5,苦手,C
4081,樋口範政,2,9,0.0,11.11,11.11,22.22,0.218,0.15,0.37,11.11,57.15,-34.93,0,0.0,苦手,C
5046,松山裕基,2,9,0.0,22.22,22.22,44.44,0.154,0.07,0.23,22.22,57.15,-12.71,0,0.0,苦手,C
4081,樋口範政,3,12,0.0,33.33,8.33,41.67,0.199,0.13,0.41,0.0,55.75,-14.08,1,8.33,苦手,B
5263,花田凱成,6,7,0.0,0.0,0.0,0.0,0.191,0.08,0.35,42.86,22.5,-22.5,2,28.57,苦手,C
3232,山川美由紀,5,8,0.0,12.5,12.5,25.0,0.15,0.11,0.21,0.0,35.28,-10.28,1,12.5,苦手,C
4744,伊藤玲奈,4,9,0.0,33.33,0.0,33.33,0.217,0.14,0.32,0.0,47.51,-14.18,1,11.11,苦手,C
3618,海野ゆかり,5,8,0.0,0.0,12.5,12.5,0.172,0.07,0.29,12.5,35.28,-22.78,1,12.5,苦手,C
4974,安井瑞紀,4,6,16.67,0.0,16.67,33.33,0.208,0.03,0.42,16.67,47.51,-14.18,0,0.0,苦手,C
4071,古賀千晶,2,9,0.0,0.0,44.44,44.44,0.197,0.12,0.37,11.11,57.15,-12.71,0,0.0,苦手,C
3943,三松直美,5,5,0.0,0.0,20.0,20.0,0.166,0.09,0.24,0.0,35.28,-15.28,2,40.0,苦手,C
4275,菅野はやか,4,5,0.0,20.0,0.0,20.0,0.246,0.19,0.37,0.0,47.51,-27.51,1,20.0,苦手,C
3618,海野ゆかり,6,9,0.0,0.0,11.11,11.11,0.194,0.1,0.33,11.11,22.5,-11.39,1,11.11,苦手,C
5218,山田理央,3,9,11.11,0.0,22.22,33.33,0.111,0.05,0.2,33.33,55.75,-22.42,1,11.11,苦手,C
4844,村上奈穂,2,9,11.11,11.11,22.22,44.44,0.178,0.05,0.24,22.22,57.15,-12.71,1,11.11,苦手,C
4071,古賀千晶,4,6,16.67,0.0,16.67,33.33,0.17,0.09,0.27,16.67,47.51,-14.18,0,0.0,苦手,C
4974,安井瑞紀,3,10,10.0,10.0,20.0,40.0,0.159,0.09,0.21,10.0,55.75,-15.75,0,0.0,苦手,B
3232,山川美由紀,2,7,14.29,14.29,14.29,42.86,0.163,0.07,0.26,28.57,57.15,-14.29,1,14.29,苦手,C
4071,古賀千晶,5,5,0.0,0.0,20.0,20.0,0.166,0.11,0.25,20.0,35.28,-15.28,0,0.0,苦手,C
4275,菅野はやか,2,8,12.5,25.0,0.0,37.5,0.203,0.11,0.28,0.0,57.15,-19.65,0,0.0,苦手,C
4246,喜多那由夏,4,7,0.0,0.0,14.29,14.29,0.157,0.05,0.2,14.29,47.51,-33.22,0,0.0,苦手,C
4275,菅野はやか,5,8,12.5,0.0,0.0,12.5,0.188,0.14,0.29,0.0,35.28,-22.78,2,25.0,苦手,C
5310,土屋蘭,6,22,0.0,0.0,0.0,0.0,0.199,0.02,0.36,13.64,22.5,-22.5,7,31.82,苦手,A
3999,大瀧明日香,6,5,0.0,0.0,0.0,0.0,0.192,0.16,0.23,20.0,22.5,-22.5,1,20.0,苦手,C
4766,石井孝之,3,5,20.0,0.0,20.0,40.0,0.11,0.07,0.22,40.0,55.75,-15.75,1,20.0,苦手,C
3993,永井聖美,5,5,0.0,0.0,0.0,0.0,0.11,0.05,0.15,0.0,35.28,-35.28,1,20.0,苦手,C
5273,山下拓巳,6,8,0.0,0.0,0.0,0.0,0.182,0.01,0.38,12.5,22.5,-22.5,3,37.5,苦手,C
5273,山下拓巳,4,5,0.0,0.0,0.0,0.0,0.146,0.08,0.18,0.0,47.51,-47.51,0,0.0,苦手,C
3441,土屋太朗,6,5,0.0,0.0,0.0,0.0,0.246,0.13,0.33,0.0,22.5,-22.5,0,0.0,苦手,C
4740,齋藤達希,2,5,0.0,0.0,20.0,20.0,0.198,0.15,0.23,20.0,57.15,-37.15,0,0.0,苦手,C
4872,山下流心,2,7,14.29,14.29,0.0,28.57,0.154,0.08,0.3,14.29,57.15,-28.58,0,0.0,苦手,C
4942,柴田朋哉,5,5,0.0,0.0,0.0,0.0,0.124,0.04,0.24,0.0,35.28,-35.28,0,0.0,苦手,C
4740,齋藤達希,4,5,20.0,0.0,0.0,20.0,0.224,0.13,0.33,0.0,47.51,-27.51,1,20.0,苦手,C
5273,山下拓巳,5,5,0.0,0.0,0.0,0.0,0.18,0.13,0.26,0.0,35.28,-35.28,0,0.0,苦手,C
5240,高橋龍治,5,5,0.0,0.0,20.0,20.0,0.174,0.05,0.34,20.0,35.28,-15.28,1,20.0,苦手,C
4679,植田太一,5,6,0.0,0.0,16.67,16.67,0.122,0.06,0.23,16.67,35.28,-18.61,2,33.33,苦手,C
5127,沼田大都,5,8,0.0,0.0,12.5,12.5,0.177,0.08,0.41,12.5,35.28,-22.78,0,0.0,苦手,C
5152,丸山祐也,5,5,0.0,0.0,0.0,0.0,0.184,0.07,0.31,20.0,35.28,-35.28,0,0.0,苦手,C
5101,表健太,5,5,20.0,0.0,0.0,20.0,0.168,0.13,0.19,0.0,35.28,-15.28,0,0.0,苦手,C
5127,沼田大都,4,7,0.0,28.57,0.0,28.57,0.179,0.1,0.27,14.29,47.51,-18.94,0,0.0,苦手,C
5170,佐藤太亮,2,6,0.0,16.67,16.67,33.33,0.13,0.05,0.17,16.67,57.15,-23.82,0,0.0,苦手,C
5152,丸山祐也,4,10,0.0,0.0,30.0,30.0,0.188,0.05,0.35,10.0,47.51,-17.51,2,20.0,苦手,B
5127,沼田大都,3,8,0.0,0.0,12.5,12.5,0.158,0.06,0.3,12.5,55.75,-43.25,2,25.0,苦手,C
5152,丸山祐也,3,9,11.11,22.22,0.0,33.33,0.201,0.03,0.33,11.11,55.75,-22.42,1,11.11,苦手,C
5101,表健太,4,5,0.0,0.0,0.0,0.0,0.156,0.11,0.24,0.0,47.51,-47.51,1,20.0,苦手,C
4729,佐藤謙史朗,4,9,0.0,11.11,22.22,33.33,0.148,0.07,0.25,44.44,47.51,-14.18,2,22.22,苦手,C
3313,本吉正樹,5,6,0.0,0.0,0.0,0.0,0.18,0.09,0.24,0.0,35.28,-35.28,0,0.0,苦手,C
5152,丸山祐也,2,12,0.0,16.67,25.0,41.67,0.184,0.09,0.28,0.0,57.15,-15.48,1,8.33,苦手,B
4562,阪本勇介,5,7,0.0,0.0,14.29,14.29,0.171,0.12,0.21,28.57,35.28,-20.99,3,42.86,苦手,C
5286,坂井滉哉,6,12,0.0,0.0,0.0,0.0,0.145,0.05,0.23,33.33,22.5,-22.5,5,41.67,苦手,B
5307,富永夏哉人,6,17,0.0,0.0,0.0,0.0,0.213,0.13,0.34,0.0,22.5,-22.5,8,47.06,苦手,B
4876,梅木敬太,6,8,0.0,0.0,0.0,0.0,0.198,0.14,0.24,12.5,22.5,-22.5,1,12.5,苦手,C
4270,岸本雄貴,3,5,20.0,0.0,20.0,40.0,0.18,0.12,0.23,0.0,55.75,-15.75,0,0.0,苦手,C
3514,山一鉄也,5,6,0.0,0.0,0.0,0.0,0.158,0.11,0.29,0.0,35.28,-35.28,4,66.67,苦手,C
4970,井町泰,5,8,0.0,0.0,0.0,0.0,0.124,0.04,0.21,25.0,35.28,-35.28,3,37.5,苦手,C
4976,金山立樹,2,5,0.0,0.0,40.0,40.0,0.19,0.13,0.27,0.0,57.15,-17.15,0,0.0,苦手,C
3300,川崎智幸,5,5,0.0,0.0,20.0,20.0,0.138,0.08,0.18,40.0,35.28,-15.28,1,20.0,苦手,C
4587,木田峰由季,5,5,0.0,0.0,0.0,0.0,0.138,0.12,0.2,20.0,35.28,-35.28,1,20.0,苦手,C
4397,西村拓也,5,5,0.0,20.0,0.0,20.0,0.174,0.11,0.25,0.0,35.28,-15.28,0,0.0,苦手,C
4270,岸本雄貴,4,5,0.0,0.0,20.0,20.0,0.172,0.12,0.23,0.0,47.51,-27.51,0,0.0,苦手,C
4344,新田雄史,3,5,0.0,20.0,20.0,40.0,0.14,0.09,0.18,40.0,55.75,-15.75,0,0.0,苦手,C
4660,宇田川信一,4,7,0.0,0.0,14.29,14.29,0.22,0.17,0.32,0.0,47.51,-33.22,0,0.0,苦手,C
4062,後藤陽介,3,7,0.0,0.0,14.29,14.29,0.173,0.07,0.23,0.0,55.75,-41.46,0,0.0,苦手,C
5306,河内悠利杏,6,8,0.0,0.0,0.0,0.0,0.168,0.01,0.29,25.0,22.5,-22.5,2,25.0,苦手,C
3430,角浜修,3,6,0.0,33.33,0.0,33.33,0.148,0.09,0.23,0.0,55.75,-22.42,1,16.67,苦手,C
4815,伏島祐介,2,8,12.5,0.0,12.5,25.0,0.184,0.02,0.24,0.0,57.15,-32.15,0,0.0,苦手,C
4697,國弘翔平,6,5,0.0,0.0,0.0,0.0,0.22,0.17,0.32,0.0,22.5,-22.5,2,40.0,苦手,C
3430,角浜修,2,8,0.0,37.5,0.0,37.5,0.155,0.11,0.27,0.0,57.15,-19.65,0,0.0,苦手,C
4660,宇田川信一,5,8,0.0,12.5,12.5,25.0,0.193,0.11,0.29,12.5,35.28,-10.28,1,12.5,苦手,C
5237,永松良教,6,7,0.0,0.0,0.0,0.0,0.153,0.09,0.23,14.29,22.5,-22.5,3,42.86,苦手,C
3851,森田昭彦,5,6,0.0,0.0,0.0,0.0,0.168,0.06,0.25,0.0,35.28,-35.28,3,50.0,苦手,C
5181,森智哉,3,6,0.0,33.33,0.0,33.33,0.138,0.12,0.16,0.0,55.75,-22.42,2,33.33,苦手,C
3851,森田昭彦,4,8,12.5,0.0,12.5,25.0,0.163,0.1,0.22,25.0,47.51,-22.51,1,12.5,苦手,C
5238,笹木香吾,5,10,0.0,10.0,10.0,20.0,0.168,0.03,0.36,40.0,35.28,-15.28,3,30.0,苦手,B
3562,山下和彦,5,6,0.0,0.0,16.67,16.67,0.135,0.04,0.19,0.0,35.28,-18.61,1,16.67,苦手,C
4871,菊池宏志,5,20,0.0,10.0,5.0,15.0,0.157,0.07,0.28,5.0,35.28,-20.28,2,10.0,苦手,A
3851,森田昭彦,2,5,0.0,40.0,0.0,40.0,0.192,0.12,0.28,0.0,57.15,-17.15,0,0.0,苦手,C
4665,加藤啓太,4,5,0.0,0.0,20.0,20.0,0.152,0.08,0.23,20.0,47.51,-27.51,0,0.0,苦手,C
3974,深山祐二,3,5,0.0,0.0,20.0,20.0,0.14,0.1,0.18,0.0,55.75,-35.75,0,0.0,苦手,C
4072,森永淳,2,6,16.67,0.0,16.67,33.33,0.143,0.08,0.22,33.33,57.15,-23.82,0,0.0,苦手,C
4790,柳内敬太,3,5,0.0,20.0,20.0,40.0,0.158,0.09,0.22,40.0,55.75,-15.75,1,20.0,苦手,C
4936,戸敷晃美,2,5,0.0,20.0,0.0,20.0,0.16,0.07,0.21,20.0,57.15,-37.15,0,0.0,苦手,C
5250,嶋田有里,6,17,0.0,0.0,0.0,0.0,0.207,0.01,0.42,29.41,22.5,-22.5,6,35.29,苦手,B
4046,谷村啓司,3,6,0.0,16.67,0.0,16.67,0.167,0.11,0.26,0.0,55.75,-39.08,0,0.0,苦手,C
3974,深山祐二,5,7,0.0,0.0,14.29,14.29,0.18,0.12,0.28,14.29,35.28,-20.99,1,14.29,苦手,C
5129,山口真喜子,3,5,0.0,20.0,0.0,20.0,0.216,0.18,0.26,0.0,55.75,-35.75,1,20.0,苦手,C
5250,嶋田有里,5,8,0.0,12.5,0.0,12.5,0.19,0.12,0.31,12.5,35.28,-22.78,2,25.0,苦手,C
3304,烏野賢太,3,7,14.29,0.0,14.29,28.57,0.183,0.08,0.25,0.0,55.75,-27.18,1,14.29,苦手,C
4665,加藤啓太,3,6,0.0,16.67,16.67,33.33,0.173,0.09,0.24,33.33,55.75,-22.42,2,33.33,苦手,C
4200,早川尚人,4,6,0.0,0.0,0.0,0.0,0.127,0.05,0.17,50.0,47.51,-47.51,0,0.0,苦手,C
4811,向井田佑紀,3,7,0.0,0.0,14.29,14.29,0.134,0.02,0.2,28.57,55.75,-41.46,0,0.0,苦手,C
5249,三木晴斗,6,11,0.0,9.09,0.0,9.09,0.165,0.07,0.27,18.18,22.5,-13.41,2,18.18,苦手,B
4200,早川尚人,3,6,0.0,0.0,0.0,0.0,0.173,0.08,0.28,16.67,55.75,-55.75,0,0.0,苦手,C
5041,荒牧凪沙,3,6,0.0,33.33,0.0,33.33,0.127,0.07,0.18,16.67,55.75,-22.42,0,0.0,苦手,C
4200,早川尚人,5,5,0.0,0.0,0.0,0.0,0.188,0.12,0.24,0.0,35.28,-35.28,0,0.0,苦手,C
4811,向井田佑紀,4,9,11.11,0.0,11.11,22.22,0.134,0.02,0.2,11.11,47.51,-25.29,2,22.22,苦手,C
4581,吉村誠,2,9,22.22,11.11,11.11,44.44,0.116,0.01,0.23,33.33,57.15,-12.71,0,0.0,苦手,C
4200,早川尚人,2,6,0.0,16.67,0.0,16.67,0.185,0.09,0.27,16.67,57.15,-40.48,0,0.0,苦手,C
5162,松尾怜実,5,5,0.0,0.0,0.0,0.0,0.198,0.14,0.23,0.0,35.28,-35.28,0,0.0,苦手,C
5162,松尾怜実,2,7,0.0,14.29,28.57,42.86,0.234,0.12,0.36,0.0,57.15,-14.29,0,0.0,苦手,C
5013,山下夏鈴,4,8,25.0,0.0,0.0,25.0,0.172,0.08,0.41,50.0,47.51,-22.51,1,12.5,苦手,C
5162,松尾怜実,4,6,0.0,16.67,0.0,16.67,0.185,0.08,0.33,16.67,47.51,-30.84,2,33.33,苦手,C
5192,中尾優香,5,8,0.0,12.5,12.5,25.0,0.121,0.03,0.23,25.0,35.28,-10.28,3,37.5,苦手,C
4040,廣瀬将亨,5,6,0.0,16.67,0.0,16.67,0.173,0.11,0.35,0.0,35.28,-18.61,3,50.0,苦手,C
4081,樋口範政,5,10,0.0,0.0,0.0,0.0,0.176,0.11,0.31,10.0,35.28,-35.28,2,20.0,苦手,B
4677,片橋幸貴,3,5,0.0,20.0,20.0,40.0,0.164,0.05,0.26,40.0,55.75,-15.75,0,0.0,苦手,C
4301,関裕也,1,6,50.0,0.0,0.0,50.0,0.172,0.1,0.23,16.67,85.37,-35.37,1,16.67,苦手,C
5162,松尾怜実,3,7,14.29,0.0,14.29,28.57,0.124,0.04,0.18,14.29,55.75,-27.18,0,0.0,苦手,C
4828,松山将吾,3,5,20.0,0.0,20.0,40.0,0.1,0.05,0.17,40.0,55.75,-15.75,0,0.0,苦手,C
4932,新開航,2,6,0.0,16.67,16.67,33.33,0.167,0.1,0.28,16.67,57.15,-23.82,0,0.0,苦手,C
5018,竹下大樹,5,6,0.0,0.0,16.67,16.67,0.143,0.11,0.21,16.67,35.28,-18.61,1,16.67,苦手,C
4960,黒野元基,2,5,0.0,20.0,20.0,40.0,0.186,0.12,0.24,0.0,57.15,-17.15,0,0.0,苦手,C
4857,加藤翔馬,3,7,0.0,42.86,0.0,42.86,0.214,0.14,0.25,0.0,55.75,-12.89,1,14.29,苦手,C
4877,鈴谷一平,4,5,0.0,0.0,20.0,20.0,0.134,0.09,0.19,20.0,47.51,-27.51,1,20.0,苦手,C
5121,定松勇樹,4,8,12.5,12.5,12.5,37.5,0.119,0.03,0.23,25.0,47.51,-10.01,0,0.0,苦手,C
5015,高橋竜矢,5,6,0.0,0.0,16.67,16.67,0.127,0.06,0.17,33.33,35.28,-18.61,0,0.0,苦手,C
5081,篠原飛翔,2,8,0.0,25.0,12.5,37.5,0.166,0.07,0.27,0.0,57.15,-19.65,0,0.0,苦手,C
4981,牧山敦也,2,5,20.0,0.0,0.0,20.0,0.156,0.09,0.24,20.0,57.15,-37.15,0,0.0,苦手,C
4547,中田竜太,3,5,0.0,20.0,20.0,40.0,0.148,0.05,0.28,0.0,55.75,-15.75,0,0.0,苦手,C
5096,上原崚,5,5,20.0,0.0,0.0,20.0,0.086,0.05,0.13,60.0,35.28,-15.28,1,20.0,苦手,C
3430,角浜修,5,9,0.0,0.0,22.22,22.22,0.172,0.05,0.23,22.22,35.28,-13.06,1,11.11,苦手,C
5284,嘉手苅徹哉,6,15,0.0,0.0,0.0,0.0,0.186,0.08,0.29,20.0,22.5,-22.5,3,20.0,苦手,B
4881,檀将太,4,6,0.0,16.67,0.0,16.67,0.145,0.11,0.18,50.0,47.51,-30.84,1,16.67,苦手,C
5261,岡暢祐,5,7,0.0,0.0,14.29,14.29,0.134,0.11,0.18,14.29,35.28,-20.99,2,28.57,苦手,C
3951,石川吉鎬,3,7,0.0,28.57,14.29,42.86,0.187,0.08,0.36,0.0,55.75,-12.89,1,14.29,苦手,C
4466,南佑典,5,5,0.0,0.0,20.0,20.0,0.2,0.12,0.28,0.0,35.28,-15.28,1,20.0,苦手,C
4227,安達裕樹,4,7,14.29,0.0,0.0,14.29,0.223,0.07,0.33,14.29,47.51,-33.22,0,0.0,苦手,C
5167,小川竜太朗,2,7,14.29,14.29,0.0,28.57,0.193,0.1,0.26,14.29,57.15,-28.58,0,0.0,苦手,C
3832,下田哲也,4,5,0.0,0.0,20.0,20.0,0.236,0.2,0.31,0.0,47.51,-27.51,1,20.0,苦手,C
4706,三浦洋次朗,1,5,40.0,0.0,20.0,60.0,0.148,0.01,0.25,20.0,85.37,-25.37,0,0.0,苦手,C
3277,齋藤勇,2,7,0.0,0.0,0.0,0.0,0.173,0.07,0.27,0.0,57.15,-57.15,0,0.0,苦手,C
4899,占部一真,5,15,6.67,6.67,6.67,20.0,0.145,0.08,0.29,13.33,35.28,-15.28,1,6.67,苦手,B
5282,中本大樹,6,8,0.0,0.0,0.0,0.0,0.241,0.13,0.49,0.0,22.5,-22.5,3,37.5,苦手,C
4949,横田貴満,3,7,0.0,14.29,28.57,42.86,0.127,0.11,0.15,14.29,55.75,-12.89,1,14.29,苦手,C
4184,渡邊雄一郎,4,7,0.0,14.29,14.29,28.57,0.17,0.08,0.25,14.29,47.51,-18.94,4,57.14,苦手,C
3614,谷勝幸,4,6,0.0,0.0,16.67,16.67,0.147,0.09,0.21,33.33,47.51,-30.84,1,16.67,苦手,C
5295,田上凜,6,14,0.0,0.0,7.14,7.14,0.224,0.01,0.34,14.29,22.5,-15.36,3,21.43,苦手,B
5248,本田愛,5,9,0.0,0.0,11.11,11.11,0.183,0.11,0.23,0.0,35.28,-24.17,3,33.33,苦手,C
3945,橋口真樹,2,9,0.0,11.11,33.33,44.44,0.217,0.14,0.36,22.22,57.15,-12.71,1,11.11,苦手,C
5178,成貞琳平,3,5,0.0,0.0,0.0,0.0,0.208,0.09,0.33,0.0,55.75,-55.75,1,20.0,苦手,C
5156,坂野さくら,6,5,0.0,0.0,0.0,0.0,0.218,0.12,0.3,0.0,22.5,-22.5,2,40.0,苦手,C
4778,堤啓輔,5,6,0.0,16.67,0.0,16.67,0.172,0.09,0.31,33.33,35.28,-18.61,2,33.33,苦手,C
5178,成貞琳平,5,5,0.0,0.0,0.0,0.0,0.23,0.17,0.28,0.0,35.28,-35.28,1,20.0,苦手,C
5295,田上凜,5,7,0.0,0.0,14.29,14.29,0.194,0.09,0.33,14.29,35.28,-20.99,2,28.57,苦手,C
5199,垂水悠,6,5,0.0,0.0,0.0,0.0,0.108,0.07,0.14,60.0,22.5,-22.5,1,20.0,苦手,C
5006,久保原秀人,5,5,20.0,0.0,0.0,20.0,0.136,0.06,0.18,20.0,35.28,-15.28,0,0.0,苦手,C
5090,生方靖亜,2,5,0.0,40.0,0.0,40.0,0.12,0.01,0.28,40.0,57.15,-17.15,0,0.0,苦手,C
5280,廣瀬凜,4,6,0.0,0.0,33.33,33.33,0.245,0.14,0.43,0.0,47.51,-14.18,0,0.0,苦手,C
5130,上野拓馬,2,5,0.0,0.0,0.0,0.0,0.134,0.05,0.22,0.0,57.15,-57.15,0,0.0,苦手,C
5020,宮村勇哉,5,5,0.0,0.0,0.0,0.0,0.13,0.03,0.21,0.0,35.28,-35.28,0,0.0,苦手,C
5172,田村慶,5,6,0.0,16.67,0.0,16.67,0.212,0.11,0.34,0.0,35.28,-18.61,1,16.67,苦手,C
5257,西丸侑太朗,5,8,0.0,12.5,0.0,12.5,0.196,0.13,0.31,12.5,35.28,-22.78,3,37.5,苦手,C
5284,嘉手苅徹哉,5,9,0.0,0.0,0.0,0.0,0.146,0.06,0.23,11.11,35.28,-35.28,0,0.0,苦手,C
5006,久保原秀人,2,6,0.0,16.67,16.67,33.33,0.138,0.07,0.18,0.0,57.15,-23.82,0,0.0,苦手,C
5081,篠原飛翔,4,9,11.11,0.0,22.22,33.33,0.142,0.11,0.19,0.0,47.51,-14.18,1,11.11,苦手,C
5020,宮村勇哉,2,6,0.0,0.0,0.0,0.0,0.137,0.02,0.18,0.0,57.15,-57.15,0,0.0,苦手,C
5058,前原大道,3,10,10.0,30.0,0.0,40.0,0.126,0.06,0.23,20.0,55.75,-15.75,0,0.0,苦手,B
5028,原田才一郎,5,5,0.0,20.0,0.0,20.0,0.126,0.05,0.27,20.0,35.28,-15.28,0,0.0,苦手,C
4837,酒井陽祐,4,5,0.0,20.0,0.0,20.0,0.162,0.11,0.23,40.0,47.51,-27.51,1,20.0,苦手,C
5305,伊藤栞,6,17,0.0,0.0,0.0,0.0,0.235,0.14,0.37,5.88,22.5,-22.5,6,35.29,苦手,B
5309,森雄利,6,24,0.0,0.0,0.0,0.0,0.16,0.02,0.34,33.33,22.5,-22.5,8,33.33,苦手,A
4331,三好勇人,5,9,0.0,0.0,22.22,22.22,0.187,0.12,0.27,33.33,35.28,-13.06,2,22.22,苦手,C
4355,小川広大,4,8,0.0,25.0,12.5,37.5,0.186,0.09,0.31,12.5,47.51,-10.01,2,25.0,苦手,C
3604,武藤綾子,4,6,0.0,16.67,0.0,16.67,0.23,0.12,0.32,0.0,47.51,-30.84,2,33.33,苦手,C
5060,数原魁,2,7,0.0,14.29,28.57,42.86,0.207,0.15,0.28,0.0,57.15,-14.29,1,14.29,苦手,C
5091,為本智也,5,5,0.0,20.0,0.0,20.0,0.11,0.03,0.23,40.0,35.28,-15.28,0,0.0,苦手,C
5336,瀬川大地,6,51,0.0,0.0,0.0,0.0,0.21,0.08,0.43,1.96,22.5,-22.5,14,27.45,苦手,A
5158,宮脇遼太,5,13,0.0,7.69,7.69,15.38,0.137,0.05,0.21,15.38,35.28,-19.9,3,23.08,苦手,B
5158,宮脇遼太,3,8,12.5,25.0,0.0,37.5,0.135,0.04,0.28,50.0,55.75,-18.25,2,25.0,苦手,C
4574,東潤樹,3,7,0.0,28.57,0.0,28.57,0.139,0.06,0.22,14.29,55.75,-27.18,1,14.29,苦手,C
3708,岡部貴司,5,5,0.0,0.0,0.0,0.0,0.146,0.09,0.19,0.0,35.28,-35.28,0,0.0,苦手,C
5158,宮脇遼太,1,6,50.0,0.0,0.0,50.0,0.152,0.07,0.3,50.0,85.37,-35.37,0,0.0,苦手,C
3851,森田昭彦,6,5,0.0,0.0,0.0,0.0,0.254,0.16,0.36,0.0,22.5,-22.5,3,60.0,苦手,C
3458,東健介,2,7,14.29,14.29,0.0,28.57,0.167,0.13,0.23,28.57,57.15,-28.58,0,0.0,苦手,C
4899,占部一真,2,13,15.38,15.38,15.38,46.15,0.139,0.06,0.21,7.69,57.15,-11.0,0,0.0,苦手,B
4123,細川裕子,6,5,0.0,0.0,0.0,0.0,0.158,0.13,0.21,0.0,22.5,-22.5,0,0.0,苦手,C
5324,畑田希咲,6,17,0.0,0.0,0.0,0.0,0.214,0.08,0.39,11.76,22.5,-22.5,7,41.18,苦手,B
4917,岩橋裕馬,2,6,16.67,0.0,0.0,16.67,0.178,0.12,0.25,0.0,57.15,-40.48,0,0.0,苦手,C
3458,東健介,3,11,9.09,27.27,9.09,45.45,0.125,0.05,0.25,18.18,55.75,-10.3,0,0.0,苦手,B
5013,山下夏鈴,3,5,0.0,0.0,0.0,0.0,0.186,0.12,0.27,0.0,55.75,-55.75,0,0.0,苦手,C
4899,占部一真,4,9,0.0,11.11,0.0,11.11,0.173,0.07,0.34,11.11,47.51,-36.4,1,11.11,苦手,C
4798,浜先真範,2,7,28.57,14.29,0.0,42.86,0.141,0.11,0.18,0.0,57.15,-14.29,0,0.0,苦手,C
3458,東健介,5,6,0.0,16.67,0.0,16.67,0.147,0.1,0.16,16.67,35.28,-18.61,0,0.0,苦手,C
5012,加倉侑征,3,8,12.5,12.5,12.5,37.5,0.15,0.09,0.28,37.5,55.75,-18.25,1,12.5,苦手,C
3458,東健介,4,8,0.0,0.0,25.0,25.0,0.185,0.11,0.27,25.0,47.51,-22.51,0,0.0,苦手,C
5012,加倉侑征,2,5,20.0,20.0,0.0,40.0,0.178,0.09,0.32,40.0,57.15,-17.15,0,0.0,苦手,C
4969,町田洸希,4,5,0.0,20.0,0.0,20.0,0.232,0.11,0.32,0.0,47.51,-27.51,1,20.0,苦手,C
5251,沼田七華,6,12,0.0,0.0,0.0,0.0,0.204,0.04,0.46,25.0,22.5,-22.5,4,33.33,苦手,B
4491,田中堅,4,5,0.0,0.0,20.0,20.0,0.148,0.1,0.25,20.0,47.51,-27.51,1,20.0,苦手,C
5317,長尾萌加,6,14,0.0,0.0,7.14,7.14,0.223,0.07,0.41,7.14,22.5,-15.36,4,28.57,苦手,B
4056,小西英輝,2,10,0.0,20.0,10.0,30.0,0.186,0.09,0.34,20.0,57.15,-27.15,1,10.0,苦手,B
5243,三馬崇史,6,5,0.0,0.0,0.0,0.0,0.188,0.05,0.28,20.0,22.5,-22.5,1,20.0,苦手,C
4539,金子賢志,6,9,0.0,0.0,11.11,11.11,0.141,0.11,0.24,44.44,22.5,-11.39,2,22.22,苦手,C
4006,小野勇作,1,5,20.0,40.0,0.0,60.0,0.16,0.14,0.19,0.0,85.37,-25.37,0,0.0,苦手,C
5243,三馬崇史,5,6,0.0,0.0,16.67,16.67,0.157,0.1,0.26,0.0,35.28,-18.61,0,0.0,苦手,C
5232,樅山拓馬,3,5,0.0,20.0,20.0,40.0,0.11,0.03,0.15,20.0,55.75,-15.75,0,0.0,苦手,C
5227,川原愛未,5,9,0.0,0.0,0.0,0.0,0.173,0.08,0.28,11.11,35.28,-35.28,3,33.33,苦手,C
5251,沼田七華,5,5,0.0,0.0,0.0,0.0,0.244,0.15,0.4,0.0,35.28,-35.28,2,40.0,苦手,C
3415,松井繁,4,8,12.5,12.5,12.5,37.5,0.151,0.08,0.26,0.0,47.51,-10.01,2,25.0,苦手,C
3956,横澤剛治,4,5,0.0,0.0,20.0,20.0,0.162,0.1,0.22,40.0,47.51,-27.51,0,0.0,苦手,C
3719,辻栄蔵,4,6,0.0,16.67,16.67,33.33,0.177,0.09,0.23,0.0,47.51,-14.18,0,0.0,苦手,C
4933,板橋侑我,2,5,20.0,0.0,20.0,40.0,0.158,0.08,0.22,0.0,57.15,-17.15,0,0.0,苦手,C
4787,椎名豊,1,6,33.33,16.67,0.0,50.0,0.175,0.05,0.29,16.67,85.37,-35.37,0,0.0,苦手,C
4290,稲田浩二,2,5,20.0,20.0,0.0,40.0,0.102,0.01,0.15,40.0,57.15,-17.15,0,0.0,苦手,C
5223,森清友翔,3,6,16.67,16.67,0.0,33.33,0.142,0.07,0.24,16.67,55.75,-22.42,1,16.67,苦手,C
5200,筒井美琴,6,7,0.0,0.0,0.0,0.0,0.169,0.05,0.28,28.57,22.5,-22.5,4,57.14,苦手,C
5291,三嶌こころ,6,13,0.0,0.0,7.69,7.69,0.243,0.12,0.34,0.0,22.5,-14.81,5,38.46,苦手,B
5264,登みひ果,6,9,0.0,11.11,0.0,11.11,0.199,0.11,0.62,11.11,22.5,-11.39,1,11.11,苦手,C
4750,井上尚悟,3,5,0.0,20.0,0.0,20.0,0.168,0.06,0.31,20.0,55.75,-35.75,1,20.0,苦手,C
4035,杉江浩明,4,5,0.0,0.0,20.0,20.0,0.216,0.14,0.28,0.0,47.51,-27.51,0,0.0,苦手,C
4750,井上尚悟,4,5,0.0,0.0,0.0,0.0,0.22,0.15,0.35,0.0,47.51,-47.51,1,20.0,苦手,C
4750,井上尚悟,2,5,0.0,20.0,20.0,40.0,0.168,0.11,0.23,0.0,57.15,-17.15,0,0.0,苦手,C
5291,三嶌こころ,5,8,0.0,0.0,0.0,0.0,0.124,0.01,0.19,12.5,35.28,-35.28,1,12.5,苦手,C
4035,杉江浩明,5,5,0.0,20.0,0.0,20.0,0.222,0.11,0.29,0.0,35.28,-15.28,0,0.0,苦手,C
5173,谷口佳蓮,3,7,14.29,28.57,0.0,42.86,0.179,0.06,0.33,14.29,55.75,-12.89,2,28.57,苦手,C
5085,中村栄治,3,7,0.0,14.29,0.0,14.29,0.227,0.07,0.31,0.0,55.75,-41.46,1,14.29,苦手,C
5085,中村栄治,6,5,0.0,0.0,0.0,0.0,0.186,0.13,0.26,20.0,22.5,-22.5,1,20.0,苦手,C
3905,天野友和,5,5,20.0,0.0,0.0,20.0,0.154,0.13,0.18,20.0,35.28,-15.28,1,20.0,苦手,C
3273,石田豪,6,5,0.0,0.0,0.0,0.0,0.182,0.14,0.21,0.0,22.5,-22.5,0,0.0,苦手,C
5071,野見山拓己,6,5,0.0,0.0,0.0,0.0,0.188,0.1,0.33,20.0,22.5,-22.5,0,0.0,苦手,C
5238,笹木香吾,4,9,0.0,11.11,22.22,33.33,0.162,0.04,0.27,11.11,47.51,-14.18,2,22.22,苦手,C
4393,田中孝明,4,6,0.0,0.0,16.67,16.67,0.172,0.12,0.24,0.0,47.51,-30.84,0,0.0,苦手,C
4393,田中孝明,3,7,14.29,14.29,14.29,42.86,0.164,0.09,0.22,14.29,55.75,-12.89,1,14.29,苦手,C
5171,清水未唯,4,7,0.0,14.29,0.0,14.29,0.167,0.1,0.24,14.29,47.51,-33.22,1,14.29,苦手,C
4678,水野望美,3,6,16.67,16.67,0.0,33.33,0.127,0.08,0.22,33.33,55.75,-22.42,2,33.33,苦手,C
4748,渡邉雄朗,4,6,16.67,0.0,0.0,16.67,0.2,0.09,0.36,0.0,47.51,-30.84,2,33.33,苦手,C
5171,清水未唯,3,6,0.0,16.67,16.67,33.33,0.202,0.09,0.34,0.0,55.75,-22.42,1,16.67,苦手,C
4678,水野望美,4,6,0.0,0.0,16.67,16.67,0.148,0.1,0.28,0.0,47.51,-30.84,0,0.0,苦手,C
4281,大澤大夢,5,6,0.0,0.0,0.0,0.0,0.178,0.13,0.26,0.0,35.28,-35.28,0,0.0,苦手,C
4917,岩橋裕馬,4,6,0.0,0.0,16.67,16.67,0.217,0.14,0.33,0.0,47.51,-30.84,2,33.33,苦手,C
5274,城間盛渚,5,7,0.0,0.0,0.0,0.0,0.174,0.06,0.27,14.29,35.28,-35.28,2,28.57,苦手,C
5320,岩崎麗子,6,9,0.0,0.0,0.0,0.0,0.183,0.01,0.34,22.22,22.5,-22.5,5,55.56,苦手,C
4878,西岡育未,2,5,0.0,0.0,40.0,40.0,0.204,0.14,0.3,0.0,57.15,-17.15,0,0.0,苦手,C
5322,根岸真優,6,8,0.0,0.0,0.0,0.0,0.16,0.04,0.28,12.5,22.5,-22.5,5,62.5,苦手,C
4819,蜂須瑞生,6,5,0.0,0.0,0.0,0.0,0.184,0.09,0.29,20.0,22.5,-22.5,0,0.0,苦手,C
4878,西岡育未,5,6,0.0,0.0,16.67,16.67,0.157,0.09,0.21,33.33,35.28,-18.61,1,16.67,苦手,C
4764,小池礼乃,4,6,0.0,0.0,16.67,16.67,0.217,0.06,0.39,0.0,47.51,-30.84,1,16.67,苦手,C
4764,小池礼乃,3,5,20.0,0.0,0.0,20.0,0.164,0.08,0.34,20.0,55.75,-35.75,1,20.0,苦手,C
4764,小池礼乃,5,5,0.0,0.0,20.0,20.0,0.222,0.08,0.34,20.0,35.28,-15.28,1,20.0,苦手,C
5335,森陽多,6,8,12.5,0.0,0.0,12.5,0.176,0.05,0.27,25.0,22.5,-10.0,3,37.5,苦手,C
4878,西岡育未,4,6,0.0,0.0,33.33,33.33,0.148,0.11,0.24,16.67,47.51,-14.18,1,16.67,苦手,C
4773,中川りな,3,8,0.0,37.5,0.0,37.5,0.215,0.17,0.29,0.0,55.75,-18.25,0,0.0,苦手,C
5291,三嶌こころ,4,5,0.0,20.0,0.0,20.0,0.21,0.11,0.28,0.0,47.51,-27.51,0,0.0,苦手,C
4637,中田友也,2,5,0.0,20.0,20.0,40.0,0.186,0.14,0.23,0.0,57.15,-17.15,0,0.0,苦手,C
5263,花田凱成,5,6,0.0,0.0,0.0,0.0,0.18,0.09,0.29,50.0,35.28,-35.28,2,33.33,苦手,C
4888,金児隆太,1,5,40.0,20.0,0.0,60.0,0.212,0.12,0.33,0.0,85.37,-25.37,2,40.0,苦手,C
3448,高山秀雄,5,7,0.0,0.0,0.0,0.0,0.161,0.08,0.22,0.0,35.28,-35.28,1,14.29,苦手,C
4487,三原司,4,6,0.0,0.0,33.33,33.33,0.182,0.13,0.27,0.0,47.51,-14.18,0,0.0,苦手,C
5138,村本大成,4,5,0.0,0.0,0.0,0.0,0.136,0.09,0.16,40.0,47.51,-47.51,0,0.0,苦手,C
4487,三原司,2,7,14.29,0.0,14.29,28.57,0.189,0.09,0.27,0.0,57.15,-28.58,1,14.29,苦手,C
4395,下河雅史,3,6,0.0,0.0,16.67,16.67,0.19,0.15,0.26,0.0,55.75,-39.08,1,16.67,苦手,C
3072,西田靖,2,16,12.5,6.25,25.0,43.75,0.155,0.03,0.28,12.5,57.15,-13.4,11,68.75,苦手,B
4487,三原司,5,7,0.0,0.0,0.0,0.0,0.253,0.15,0.33,0.0,35.28,-35.28,1,14.29,苦手,C
4395,下河雅史,5,5,0.0,20.0,0.0,20.0,0.136,0.09,0.23,0.0,35.28,-15.28,1,20.0,苦手,C
3687,花田和明,2,6,0.0,0.0,0.0,0.0,0.172,0.07,0.24,16.67,57.15,-57.15,1,16.67,苦手,C
4193,郷原章平,5,7,14.29,0.0,0.0,14.29,0.156,0.1,0.18,14.29,35.28,-20.99,2,28.57,苦手,C
3826,村田修次,2,5,0.0,40.0,0.0,40.0,0.104,0.05,0.16,40.0,57.15,-17.15,0,0.0,苦手,C
5336,瀬川大地,5,19,5.26,10.53,5.26,21.05,0.209,0.03,0.36,15.79,35.28,-14.23,3,15.79,苦手,B
5131,江藤敦宏,3,5,0.0,0.0,0.0,0.0,0.18,0.09,0.23,0.0,55.75,-55.75,2,40.0,苦手,C
5131,江藤敦宏,5,6,0.0,0.0,0.0,0.0,0.205,0.12,0.25,0.0,35.28,-35.28,2,33.33,苦手,C
4003,表憲一,5,5,0.0,0.0,20.0,20.0,0.154,0.11,0.19,0.0,35.28,-15.28,0,0.0,苦手,C
3503,堂原洋史,5,6,0.0,0.0,16.67,16.67,0.177,0.1,0.21,0.0,35.28,-18.61,0,0.0,苦手,C
3853,岩崎正哉,3,8,0.0,12.5,12.5,25.0,0.207,0.12,0.31,12.5,55.75,-30.75,0,0.0,苦手,C
3503,堂原洋史,2,6,16.67,0.0,16.67,33.33,0.148,0.09,0.19,66.67,57.15,-23.82,0,0.0,苦手,C
5342,原村百那,6,43,0.0,2.33,2.33,4.65,0.201,0.09,0.58,13.95,22.5,-17.85,12,27.91,苦手,A
4894,原村拓也,3,5,0.0,0.0,20.0,20.0,0.168,0.09,0.25,0.0,55.75,-35.75,1,20.0,苦手,C
4978,山田和佐,4,6,0.0,0.0,33.33,33.33,0.203,0.12,0.27,0.0,47.51,-14.18,0,0.0,苦手,C
5270,小玉啓太,2,6,16.67,0.0,0.0,16.67,0.145,0.08,0.28,16.67,57.15,-40.48,0,0.0,苦手,C
5102,原田雄次,4,6,0.0,16.67,16.67,33.33,0.27,0.12,0.61,0.0,47.51,-14.18,1,16.67,苦手,C
5270,小玉啓太,4,7,0.0,0.0,28.57,28.57,0.186,0.1,0.31,42.86,47.51,-18.94,1,14.29,苦手,C
4287,今井貴士,3,7,0.0,28.57,14.29,42.86,0.136,0.11,0.2,28.57,55.75,-12.89,1,14.29,苦手,C
5102,原田雄次,3,5,0.0,20.0,20.0,40.0,0.156,0.07,0.24,20.0,55.75,-15.75,1,20.0,苦手,C
5207,高山敬悟,2,8,12.5,0.0,0.0,12.5,0.131,0.05,0.24,0.0,57.15,-44.65,2,25.0,苦手,C
4947,間庭菜摘,4,12,0.0,8.33,25.0,33.33,0.192,0.08,0.29,16.67,47.51,-14.18,1,8.33,苦手,B
5208,屋良龍紀,5,8,0.0,0.0,0.0,0.0,0.131,0.07,0.24,25.0,35.28,-35.28,1,12.5,苦手,C
5208,屋良龍紀,3,10,0.0,0.0,10.0,10.0,0.139,0.04,0.24,20.0,55.75,-45.75,1,10.0,苦手,B
5274,城間盛渚,3,6,16.67,0.0,0.0,16.67,0.108,0.02,0.18,50.0,55.75,-39.08,0,0.0,苦手,C
5208,屋良龍紀,2,9,22.22,0.0,22.22,44.44,0.114,0.01,0.25,44.44,57.15,-12.71,0,0.0,苦手,C
5297,南彩寧,6,8,0.0,0.0,0.0,0.0,0.196,0.07,0.33,25.0,22.5,-22.5,2,25.0,苦手,C
5208,屋良龍紀,4,8,0.0,0.0,37.5,37.5,0.131,0.06,0.23,25.0,47.51,-10.01,0,0.0,苦手,C
5297,南彩寧,5,5,0.0,0.0,0.0,0.0,0.202,0.17,0.24,0.0,35.28,-35.28,2,40.0,苦手,C
5208,屋良龍紀,1,5,0.0,20.0,40.0,60.0,0.168,0.07,0.32,20.0,85.37,-25.37,0,0.0,苦手,C
3652,森下勇,5,5,0.0,0.0,0.0,0.0,0.174,0.12,0.26,0.0,35.28,-35.28,2,40.0,苦手,C
5208,屋良龍紀,6,5,0.0,0.0,0.0,0.0,0.186,0.14,0.31,40.0,22.5,-22.5,0,0.0,苦手,C
5311,小林京平,5,12,0.0,8.33,16.67,25.0,0.151,0.03,0.36,50.0,35.28,-10.28,2,16.67,苦手,B
4761,山田晃大,2,6,0.0,0.0,33.33,33.33,0.145,0.07,0.26,50.0,57.15,-23.82,0,0.0,苦手,C
4561,藤山翔大,2,6,16.67,0.0,16.67,33.33,0.2,0.1,0.34,16.67,57.15,-23.82,4,66.67,苦手,C
3538,菊池峰晴,5,5,0.0,0.0,0.0,0.0,0.202,0.17,0.24,0.0,35.28,-35.28,0,0.0,苦手,C
4876,梅木敬太,2,5,0.0,0.0,20.0,20.0,0.19,0.11,0.27,0.0,57.15,-37.15,0,0.0,苦手,C
4603,谷川将太,3,6,0.0,0.0,33.33,33.33,0.107,0.02,0.16,50.0,55.75,-22.42,1,16.67,苦手,C
5157,市川健太,3,5,20.0,20.0,0.0,40.0,0.162,0.08,0.21,40.0,55.75,-15.75,0,0.0,苦手,C
5258,仲本舜,3,5,0.0,20.0,20.0,40.0,0.172,0.15,0.23,0.0,55.75,-15.75,0,0.0,苦手,C
4729,佐藤謙史朗,3,5,0.0,20.0,0.0,20.0,0.2,0.09,0.38,0.0,55.75,-35.75,1,20.0,苦手,C
5352,西岡蒼志,6,12,0.0,0.0,8.33,8.33,0.213,0.04,0.38,8.33,22.5,-14.17,2,16.67,苦手,B
5308,藤森拓海,6,8,0.0,0.0,12.5,12.5,0.119,0.02,0.3,50.0,22.5,-10.0,4,50.0,苦手,C
3898,平田忠則,1,7,57.14,0.0,14.29,71.43,0.206,0.06,0.35,14.29,85.37,-13.94,0,0.0,苦手,C
5122,相馬翔,3,5,0.0,20.0,20.0,40.0,0.132,0.06,0.18,20.0,55.75,-15.75,0,0.0,苦手,C
4550,石岡将太,5,5,20.0,0.0,0.0,20.0,0.136,0.11,0.16,0.0,35.28,-15.28,2,40.0,苦手,C
5063,大塚雅治,2,5,0.0,40.0,0.0,40.0,0.172,0.14,0.22,20.0,57.15,-17.15,0,0.0,苦手,C
5235,岩田凌,2,5,0.0,0.0,0.0,0.0,0.196,0.16,0.26,0.0,57.15,-57.15,0,0.0,苦手,C
5312,川辺郭人,6,11,0.0,0.0,9.09,9.09,0.175,0.04,0.28,18.18,22.5,-13.41,1,9.09,苦手,B
5110,杉山喜一,2,6,0.0,0.0,33.33,33.33,0.16,0.08,0.32,0.0,57.15,-23.82,0,0.0,苦手,C
5039,倉田茂将,2,6,16.67,0.0,16.67,33.33,0.197,0.15,0.26,0.0,57.15,-23.82,1,16.67,苦手,C
5086,本村大,2,7,0.0,0.0,28.57,28.57,0.193,0.14,0.31,0.0,57.15,-28.58,0,0.0,苦手,C
5110,杉山喜一,5,7,0.0,0.0,0.0,0.0,0.14,0.08,0.19,0.0,35.28,-35.28,0,0.0,苦手,C
5235,岩田凌,3,5,20.0,0.0,0.0,20.0,0.156,0.0,0.3,20.0,55.75,-35.75,0,0.0,苦手,C
5312,川辺郭人,5,6,0.0,0.0,0.0,0.0,0.137,0.1,0.2,16.67,35.28,-35.28,0,0.0,苦手,C
5086,本村大,3,9,0.0,22.22,22.22,44.44,0.172,0.09,0.22,11.11,55.75,-11.31,0,0.0,苦手,C
5235,岩田凌,6,5,0.0,0.0,0.0,0.0,0.254,0.21,0.33,0.0,22.5,-22.5,0,0.0,苦手,C
5191,飛田江己,2,5,20.0,0.0,20.0,40.0,0.15,0.12,0.22,0.0,57.15,-17.15,0,0.0,苦手,C
5086,本村大,5,11,0.0,0.0,9.09,9.09,0.2,0.09,0.42,0.0,35.28,-26.19,4,36.36,苦手,B
5086,本村大,4,9,22.22,11.11,0.0,33.33,0.172,0.09,0.29,11.11,47.51,-14.18,2,22.22,苦手,C
5293,眞崎武蔵,6,9,0.0,0.0,0.0,0.0,0.21,0.14,0.29,0.0,22.5,-22.5,5,55.56,苦手,C
4056,小西英輝,4,6,0.0,0.0,33.33,33.33,0.208,0.16,0.25,0.0,47.51,-14.18,1,16.67,苦手,C
5079,大石真央,1,7,42.86,28.57,0.0,71.43,0.196,0.11,0.42,28.57,85.37,-13.94,0,0.0,苦手,C
5079,大石真央,4,8,12.5,25.0,0.0,37.5,0.154,0.06,0.26,25.0,47.51,-10.01,0,0.0,苦手,C
5330,安河内鈴之介,5,5,0.0,20.0,0.0,20.0,0.158,0.07,0.25,0.0,35.28,-15.28,1,20.0,苦手,C
4358,松本庸平,5,5,0.0,0.0,20.0,20.0,0.292,0.22,0.34,0.0,35.28,-15.28,2,40.0,苦手,C
5245,倉富大誠,6,7,0.0,0.0,0.0,0.0,0.277,0.21,0.36,0.0,22.5,-22.5,3,42.86,苦手,C
3463,乙津康志,4,9,0.0,22.22,11.11,33.33,0.132,0.05,0.2,44.44,47.51,-14.18,2,22.22,苦手,C
5336,瀬川大地,4,14,0.0,0.0,7.14,7.14,0.186,0.08,0.42,14.29,47.51,-40.37,3,21.43,苦手,B
4738,清埜翔子,4,6,0.0,0.0,16.67,16.67,0.143,0.05,0.24,0.0,47.51,-30.84,0,0.0,苦手,C
4050,田口節子,6,9,0.0,11.11,0.0,11.11,0.182,0.1,0.25,11.11,22.5,-11.39,0,0.0,苦手,C
5375,庄島潤成,6,30,0.0,0.0,3.33,3.33,0.231,0.12,0.47,3.33,22.5,-19.17,8,26.67,苦手,A
5372,上岡巧汰,6,20,0.0,0.0,0.0,0.0,0.174,0.03,0.42,30.0,22.5,-22.5,8,40.0,苦手,A
5374,木山大聖,6,12,0.0,0.0,8.33,8.33,0.123,0.01,0.26,33.33,22.5,-14.17,3,25.0,苦手,B
5374,木山大聖,5,6,0.0,0.0,0.0,0.0,0.1,0.04,0.23,16.67,35.28,-35.28,2,33.33,苦手,C
4482,守屋美穂,5,8,12.5,0.0,12.5,25.0,0.172,0.07,0.25,12.5,35.28,-10.28,2,25.0,苦手,C
4534,坂咲友理,4,6,16.67,0.0,0.0,16.67,0.18,0.02,0.24,0.0,47.51,-30.84,1,16.67,苦手,C
4853,前原哉,3,5,0.0,0.0,40.0,40.0,0.146,0.09,0.21,0.0,55.75,-15.75,2,40.0,苦手,C
5342,原村百那,5,9,0.0,0.0,11.11,11.11,0.168,0.05,0.32,22.22,35.28,-24.17,2,22.22,苦手,C
4482,守屋美穂,3,6,0.0,16.67,16.67,33.33,0.205,0.14,0.33,16.67,55.75,-22.42,1,16.67,苦手,C
4534,坂咲友理,5,5,0.0,0.0,20.0,20.0,0.152,0.06,0.22,40.0,35.28,-15.28,0,0.0,苦手,C
4056,小西英輝,3,5,0.0,20.0,0.0,20.0,0.214,0.14,0.28,20.0,55.75,-35.75,0,0.0,苦手,C
5310,土屋蘭,4,5,0.0,0.0,0.0,0.0,0.204,0.07,0.31,20.0,47.51,-47.51,0,0.0,苦手,C
5389,恵良琴美,6,18,0.0,0.0,0.0,0.0,0.17,0.03,0.27,22.22,22.5,-22.5,8,44.44,苦手,B
5346,中村紋夕梨,6,14,0.0,0.0,0.0,0.0,0.147,0.01,0.24,14.29,22.5,-22.5,6,42.86,苦手,B
5117,冨名腰桃奈,2,5,0.0,20.0,20.0,40.0,0.192,0.14,0.27,0.0,57.15,-17.15,0,0.0,苦手,C
5310,土屋蘭,5,6,0.0,0.0,0.0,0.0,0.175,0.1,0.23,0.0,35.28,-35.28,1,16.67,苦手,C
5317,長尾萌加,4,9,0.0,11.11,22.22,33.33,0.154,0.06,0.24,22.22,47.51,-14.18,0,0.0,苦手,C
5328,井上慧人,6,8,0.0,0.0,12.5,12.5,0.199,0.1,0.32,37.5,22.5,-10.0,3,37.5,苦手,C
4584,村岡賢人,5,6,0.0,16.67,0.0,16.67,0.135,0.08,0.23,16.67,35.28,-18.61,0,0.0,苦手,C
3747,國崎良春,4,5,0.0,20.0,0.0,20.0,0.17,0.07,0.21,0.0,47.51,-27.51,1,20.0,苦手,C
5343,小林礼央,6,10,0.0,10.0,0.0,10.0,0.18,0.11,0.25,0.0,22.5,-12.5,3,30.0,苦手,B
5070,中島航,4,5,0.0,0.0,0.0,0.0,0.176,0.07,0.28,0.0,47.51,-47.51,0,0.0,苦手,C
5363,山本凱立,6,11,0.0,0.0,9.09,9.09,0.211,0.0,0.44,18.18,22.5,-13.41,3,27.27,苦手,B
5387,戸田海咲音,6,34,0.0,0.0,0.0,0.0,0.22,0.07,0.53,11.76,22.5,-22.5,11,32.35,苦手,A
5334,樫葉新心,4,5,0.0,20.0,0.0,20.0,0.196,0.09,0.31,0.0,47.51,-27.51,0,0.0,苦手,C
5391,出穂和鼓,6,32,0.0,0.0,0.0,0.0,0.178,0.04,0.39,18.75,22.5,-22.5,11,34.38,苦手,A
5215,石丸小槙,6,5,0.0,0.0,0.0,0.0,0.228,0.08,0.53,0.0,22.5,-22.5,1,20.0,苦手,C
5334,樫葉新心,5,5,0.0,0.0,0.0,0.0,0.196,0.11,0.26,0.0,35.28,-35.28,0,0.0,苦手,C
5283,植木美帆,6,6,0.0,0.0,0.0,0.0,0.355,0.27,0.43,0.0,22.5,-22.5,3,50.0,苦手,C
5384,八戸琉楓,6,7,0.0,0.0,0.0,0.0,0.217,0.06,0.47,0.0,22.5,-22.5,3,42.86,苦手,C
5102,原田雄次,6,5,0.0,0.0,0.0,0.0,0.156,0.11,0.2,0.0,22.5,-22.5,2,40.0,苦手,C
4028,田村隆信,2,5,0.0,20.0,20.0,40.0,0.14,0.09,0.16,0.0,57.15,-17.15,0,0.0,苦手,C
5339,石井伸長,6,10,0.0,0.0,10.0,10.0,0.137,0.07,0.23,10.0,22.5,-12.5,3,30.0,苦手,B
5293,眞崎武蔵,3,5,0.0,0.0,0.0,0.0,0.108,0.08,0.17,40.0,55.75,-55.75,0,0.0,苦手,C
5342,原村百那,4,9,0.0,0.0,0.0,0.0,0.177,0.12,0.37,0.0,47.51,-47.51,0,0.0,苦手,C
5296,永田楽,4,5,20.0,0.0,0.0,20.0,0.236,0.08,0.36,20.0,47.51,-27.51,0,0.0,苦手,C
5404,内田壮,6,26,0.0,0.0,0.0,0.0,0.219,0.03,0.48,7.69,22.5,-22.5,7,26.92,苦手,A
5327,西田和加,6,5,0.0,0.0,0.0,0.0,0.216,0.13,0.31,0.0,22.5,-22.5,1,20.0,苦手,C
5409,宮本琉正,6,19,0.0,0.0,5.26,5.26,0.154,0.08,0.43,42.11,22.5,-17.24,5,26.32,苦手,B
5336,瀬川大地,3,6,0.0,33.33,0.0,33.33,0.12,0.04,0.26,50.0,55.75,-22.42,1,16.67,苦手,C
5375,庄島潤成,5,8,0.0,0.0,0.0,0.0,0.236,0.18,0.41,0.0,35.28,-35.28,4,50.0,苦手,C
3977,山本兼士,3,6,0.0,0.0,16.67,16.67,0.158,0.04,0.28,33.33,55.75,-39.08,2,33.33,苦手,C
5406,小畑楓夏,6,21,0.0,0.0,4.76,4.76,0.179,0.03,0.32,33.33,22.5,-17.74,5,23.81,苦手,A
5310,土屋蘭,3,5,0.0,0.0,20.0,20.0,0.132,0.07,0.17,0.0,55.75,-35.75,1,20.0,苦手,C
5370,日隈茜,6,13,0.0,0.0,0.0,0.0,0.203,0.05,0.41,0.0,22.5,-22.5,5,38.46,苦手,B
5369,岡崎凪汰,6,6,0.0,0.0,0.0,0.0,0.122,0.07,0.16,0.0,22.5,-22.5,2,33.33,苦手,C
5397,寺田夢生,6,19,0.0,0.0,0.0,0.0,0.192,0.04,0.36,15.79,22.5,-22.5,4,21.05,苦手,B
5379,廣部大明,6,7,0.0,0.0,0.0,0.0,0.203,0.15,0.24,0.0,22.5,-22.5,2,28.57,苦手,C
5392,安武一也,6,6,0.0,0.0,0.0,0.0,0.187,0.13,0.26,0.0,22.5,-22.5,2,33.33,苦手,C
5413,宮城那菜,6,11,0.0,0.0,0.0,0.0,0.154,0.03,0.36,36.36,22.5,-22.5,2,18.18,苦手,B
5418,堀内亜海,6,7,0.0,0.0,0.0,0.0,0.194,0.08,0.28,0.0,22.5,-22.5,2,28.57,苦手,C
5412,久保田凪紗,6,9,0.0,0.0,0.0,0.0,0.156,0.04,0.27,22.22,22.5,-22.5,3,33.33,苦手,C
5401,谷海夏人,6,6,0.0,0.0,0.0,0.0,0.177,0.09,0.37,16.67,22.5,-22.5,2,33.33,苦手,C
5398,鐘ヶ江真司,6,6,0.0,0.0,0.0,0.0,0.153,0.09,0.23,16.67,22.5,-22.5,2,33.33,苦手,C
5420,吉原快誓,6,9,0.0,0.0,0.0,0.0,0.159,0.05,0.25,33.33,22.5,-22.5,3,33.33,苦手,C
5435,中西月輝,6,10,0.0,0.0,0.0,0.0,0.169,0.05,0.23,30.0,22.5,-22.5,3,30.0,苦手,B
5442,池田美優,6,10,0.0,0.0,0.0,0.0,0.121,0.01,0.26,30.0,22.5,-22.5,3,30.0,苦手,B
5391,出穂和鼓,4,6,0.0,0.0,16.67,16.67,0.213,0.06,0.49,16.67,47.51,-30.84,0,0.0,苦手,C
5428,古園井綾南,6,6,0.0,0.0,0.0,0.0,0.202,0.14,0.27,0.0,22.5,-22.5,0,0.0,苦手,C
5438,星田夢結,6,6,0.0,0.0,0.0,0.0,0.4,0.21,0.72,0.0,22.5,-22.5,0,0.0,苦手,C
5399,長野未来,6,8,0.0,0.0,12.5,12.5,0.247,0.15,0.44,0.0,22.5,-10.0,2,25.0,苦手,C
