player_id,player_name,entry_course,starts,avg_st,min_st,max_st,top_st_rate,reliability
3783,瓜 生 正 義,1,25,0.117,0.05,0.23,28.0,A
3444,香 月 大 介,2,11,0.141,0.09,0.22,0.0,B
3928,林 恵 祐,3,22,0.164,0.03,0.26,0.0,A
4679,植 田 太 一,4,9,0.148,0.01,0.22,33.33,C
4709,岡 村 将 也,5,18,0.146,0.02,0.34,33.33,B
4741,中 村 直 喜,6,15,0.195,0.08,0.38,0.0,B
3898,平 田 忠 則,1,23,0.117,0.04,0.21,47.83,A
4368,山 口 隆 史,2,13,0.159,0.06,0.33,38.46,B
4332,村 上 彰 一,3,7,0.15,0.07,0.26,0.0,C
4234,野 相 弘 司,4,3,0.21,0.1,0.32,0.0,参考
4336,松 田 竜 馬,5,13,0.162,0.04,0.26,15.38,B
4768,田 代 元 気,6,13,0.188,0.02,0.28,15.38,B
4451,松 崎 祐太郎,3,12,0.14,0.09,0.18,0.0,B
3714,梶 原 正,4,14,0.13,0.06,0.24,57.14,B
4193,郷 原 章 平,5,12,0.138,0.01,0.23,25.0,B
2273,原 田 順 一,2,4,0.175,0.08,0.36,0.0,参考
3876,中 辻 崇 人,1,35,0.129,0.04,0.29,48.57,A
4544,松 田 大志郎,3,14,0.176,0.08,0.38,7.14,B
3537,田 山 和 広,4,8,0.211,0.12,0.38,0.0,C
4122,安 東 幸 治,5,15,0.159,0.0,0.35,26.67,B
4729,佐 藤 謙史朗,6,12,0.193,0.1,0.34,50.0,B
3869,井 芹 大 志,1,3,0.103,0.06,0.15,0.0,参考
4371,西 山 貴 浩,2,24,0.129,0.05,0.29,12.5,A
4355,小 川 広 大,3,8,0.181,0.09,0.32,25.0,C
3851,森 田 昭 彦,5,9,0.13,0.04,0.27,0.0,C
4236,松 村 敏,2,23,0.113,0.03,0.2,52.17,A
3473,石 川 真 二,3,14,0.172,0.04,0.26,7.14,B
4368,山 口 隆 史,5,18,0.175,0.04,0.35,22.22,B
4549,小 林 文 彦,4,14,0.205,0.08,0.42,7.14,B
3702,貞 兼 淳 二,6,3,0.307,0.21,0.46,0.0,参考
4607,鶴 田 勇 雄,1,27,0.157,0.07,0.31,40.74,A
3434,松 尾 宣 邦,2,15,0.173,0.09,0.29,13.33,B
4487,三 原 司,3,12,0.164,0.06,0.25,8.33,B
4679,植 田 太 一,5,17,0.203,0.02,0.43,11.76,B
4180,上 野 秀 和,6,10,0.173,0.1,0.29,0.0,B
4189,川 上 剛,1,55,0.159,0.07,0.34,18.18,A
3537,田 山 和 広,2,13,0.19,0.12,0.26,0.0,B
4736,高 倉 和 士,3,29,0.141,0.08,0.28,10.34,A
4256,渡 辺 浩 司,4,10,0.139,0.05,0.31,50.0,B
4768,田 代 元 気,5,3,0.127,0.09,0.17,0.0,参考
4709,岡 村 将 也,6,33,0.157,0.04,0.38,12.12,A
4151,下 河 誉 史,2,19,0.192,0.07,0.38,0.0,B
4522,古 澤 光 紀,3,20,0.133,0.08,0.21,10.0,A
3876,中 辻 崇 人,4,16,0.117,0.03,0.21,31.25,B
4668,楠 本 晃 嗣,5,6,0.203,0.08,0.33,0.0,C
4451,松 崎 祐太郎,1,24,0.138,0.01,0.23,12.5,A
3783,瓜 生 正 義,3,20,0.151,0.07,0.32,10.0,A
4336,松 田 竜 馬,4,13,0.165,0.01,0.36,15.38,B
3869,井 芹 大 志,5,3,0.213,0.17,0.26,0.0,参考
4346,前 田 健太郎,6,15,0.162,0.07,0.27,6.67,B
3473,石 川 真 二,2,63,0.149,0.02,0.28,20.63,A
4236,松 村 敏,1,45,0.129,0.03,0.37,53.33,A
3714,梶 原 正,2,15,0.183,0.02,0.29,6.67,B
4189,川 上 剛,3,42,0.159,0.03,0.3,14.29,A
3928,林 恵 祐,4,23,0.156,0.06,0.28,13.04,A
3121,占 部 彰 二,5,5,0.164,0.09,0.25,20.0,C
4122,安 東 幸 治,6,17,0.186,0.07,0.34,23.53,B
4371,西 山 貴 浩,1,36,0.127,0.05,0.22,30.56,A
3898,平 田 忠 則,2,14,0.144,0.03,0.24,14.29,B
4256,渡 辺 浩 司,3,9,0.143,0.09,0.24,33.33,C
4544,松 田 大志郎,4,13,0.169,0.04,0.25,15.38,B
3702,貞 兼 淳 二,5,4,0.18,0.08,0.24,25.0,参考
4193,郷 原 章 平,6,10,0.188,0.11,0.33,20.0,B
4336,松 田 竜 馬,2,7,0.143,0.09,0.18,14.29,C
4668,楠 本 晃 嗣,3,3,0.12,0.05,0.17,0.0,参考
4346,前 田 健太郎,4,9,0.144,0.09,0.18,22.22,C
4607,鶴 田 勇 雄,5,32,0.177,0.01,0.35,12.5,A
3491,富 永 茂,6,3,0.177,0.15,0.22,0.0,参考
4256,渡 辺 浩 司,1,14,0.129,0.01,0.25,7.14,B
4522,古 澤 光 紀,4,22,0.14,0.01,0.28,22.73,A
3444,香 月 大 介,5,12,0.159,0.05,0.41,16.67,B
4151,下 河 誉 史,1,11,0.152,0.06,0.21,0.0,B
4487,三 原 司,2,12,0.171,0.09,0.24,0.0,B
3898,平 田 忠 則,3,10,0.159,0.09,0.23,20.0,B
4355,小 川 広 大,5,11,0.156,0.09,0.28,9.09,B
3783,瓜 生 正 義,4,21,0.12,0.03,0.28,33.33,A
3174,古 賀 勝 則,2,3,0.243,0.13,0.36,0.0,参考
4180,上 野 秀 和,3,8,0.149,0.05,0.24,0.0,C
3702,貞 兼 淳 二,4,8,0.163,0.02,0.33,25.0,C
4236,松 村 敏,5,19,0.107,0.06,0.19,26.32,B
4549,小 林 文 彦,1,11,0.147,0.01,0.26,18.18,B
3876,中 辻 崇 人,2,12,0.137,0.05,0.23,25.0,B
4212,宮 地 孝四朗,3,4,0.14,0.06,0.17,0.0,参考
4607,鶴 田 勇 雄,4,29,0.184,0.06,0.41,13.79,A
3434,松 尾 宣 邦,5,16,0.184,0.09,0.29,6.25,B
4368,山 口 隆 史,1,8,0.171,0.13,0.23,12.5,C
4122,安 東 幸 治,2,11,0.193,0.13,0.31,0.0,B
4193,郷 原 章 平,4,21,0.138,0.06,0.31,42.86,A
4736,高 倉 和 士,6,25,0.182,0.06,0.41,24.0,A
4544,松 田 大志郎,5,15,0.201,0.11,0.31,6.67,B
3537,田 山 和 広,1,6,0.187,0.11,0.29,33.33,C
4355,小 川 広 大,2,14,0.189,0.05,0.29,7.14,B
3782,伊 藤 宏,5,6,0.147,0.08,0.19,16.67,C
3121,占 部 彰 二,1,4,0.18,0.13,0.21,0.0,参考
4332,村 上 彰 一,2,5,0.168,0.11,0.25,0.0,C
4346,前 田 健太郎,3,13,0.184,0.09,0.29,7.69,B
4180,上 野 秀 和,4,9,0.178,0.11,0.29,33.33,C
4729,佐 藤 謙史朗,5,10,0.157,0.04,0.22,20.0,B
3444,香 月 大 介,6,9,0.136,0.07,0.23,55.56,C
3851,森 田 昭 彦,1,8,0.158,0.08,0.24,12.5,C
4549,小 林 文 彦,2,7,0.146,0.1,0.18,0.0,C
4679,植 田 太 一,3,18,0.143,0.06,0.22,22.22,B
3898,平 田 忠 則,5,7,0.106,0.03,0.15,28.57,C
3434,松 尾 宣 邦,6,12,0.203,0.06,0.33,0.0,B
4193,郷 原 章 平,2,19,0.14,0.05,0.27,15.79,B
3714,梶 原 正,5,14,0.144,0.07,0.24,35.71,B
4236,松 村 敏,6,7,0.136,0.02,0.23,28.57,C
4151,下 河 誉 史,5,11,0.191,0.09,0.27,0.0,B
4544,松 田 大志郎,6,13,0.18,0.11,0.33,7.69,B
3783,瓜 生 正 義,2,19,0.152,0.02,0.32,15.79,B
3473,石 川 真 二,1,37,0.129,0.02,0.27,32.43,A
3121,占 部 彰 二,2,6,0.173,0.09,0.24,16.67,C
3702,貞 兼 淳 二,3,10,0.121,0.08,0.2,30.0,B
4371,西 山 貴 浩,4,24,0.12,0.04,0.24,20.83,A
4522,古 澤 光 紀,5,20,0.139,0.07,0.25,20.0,A
3869,井 芹 大 志,6,3,0.117,0.07,0.15,0.0,参考
4736,高 倉 和 士,2,22,0.155,0.05,0.37,13.64,A
4368,山 口 隆 史,6,9,0.198,0.09,0.35,22.22,C
3702,貞 兼 淳 二,1,8,0.155,0.08,0.29,50.0,C
4236,松 村 敏,4,21,0.082,0.01,0.17,66.67,A
3537,田 山 和 広,6,4,0.165,0.09,0.23,0.0,参考
4193,郷 原 章 平,1,25,0.121,0.02,0.19,60.0,A
4346,前 田 健太郎,2,17,0.171,0.03,0.27,0.0,B
4256,渡 辺 浩 司,5,11,0.123,0.05,0.2,0.0,B
3714,梶 原 正,6,7,0.157,0.12,0.21,14.29,C
4451,松 崎 祐太郎,5,11,0.178,0.11,0.26,9.09,B
4549,小 林 文 彦,6,10,0.204,0.07,0.36,0.0,B
4122,安 東 幸 治,1,20,0.175,0.07,0.38,25.0,A
4544,松 田 大志郎,2,14,0.196,0.05,0.36,7.14,B
4189,川 上 剛,4,39,0.148,0.03,0.37,25.64,A
4332,村 上 彰 一,5,8,0.161,0.08,0.25,12.5,C
3434,松 尾 宣 邦,1,13,0.178,0.07,0.31,30.77,B
3491,富 永 茂,2,5,0.182,0.13,0.26,0.0,C
3714,梶 原 正,3,13,0.173,0.07,0.35,30.77,B
3851,森 田 昭 彦,4,16,0.182,0.07,0.25,0.0,B
3537,田 山 和 広,3,9,0.126,0.02,0.22,22.22,C
3928,林 恵 祐,1,12,0.177,0.03,0.35,16.67,B
4522,古 澤 光 紀,1,30,0.121,0.03,0.23,36.67,A
4122,安 東 幸 治,4,14,0.186,0.09,0.28,21.43,B
4189,川 上 剛,5,21,0.17,0.04,0.31,14.29,A
4544,松 田 大志郎,1,26,0.137,0.01,0.28,42.31,A
3869,井 芹 大 志,2,3,0.147,0.14,0.16,0.0,参考
3876,中 辻 崇 人,3,16,0.125,0.02,0.21,18.75,B
4151,下 河 誉 史,4,9,0.188,0.12,0.28,0.0,C
4256,渡 辺 浩 司,6,6,0.138,0.08,0.21,0.0,C
4371,西 山 貴 浩,5,18,0.147,0.07,0.31,16.67,B
4451,松 崎 祐太郎,6,12,0.206,0.06,0.34,0.0,B
4607,鶴 田 勇 雄,2,19,0.159,0.06,0.28,15.79,B
4487,三 原 司,4,11,0.155,0.03,0.34,9.09,B
4679,植 田 太 一,2,12,0.136,0.05,0.23,25.0,B
3491,富 永 茂,5,3,0.22,0.14,0.28,33.33,参考
4668,楠 本 晃 嗣,6,5,0.172,0.09,0.32,40.0,C
3851,森 田 昭 彦,3,14,0.112,0.03,0.21,42.86,B
3444,香 月 大 介,1,8,0.18,0.08,0.29,25.0,C
4487,三 原 司,1,7,0.179,0.13,0.24,14.29,C
4212,宮 地 孝四朗,2,3,0.17,0.14,0.19,0.0,参考
4332,村 上 彰 一,6,5,0.108,0.08,0.15,40.0,C
3434,松 尾 宣 邦,3,20,0.178,0.07,0.32,15.0,A
3121,占 部 彰 二,4,4,0.168,0.08,0.28,25.0,参考
3537,田 山 和 広,5,12,0.147,0.07,0.33,25.0,B
4451,松 崎 祐太郎,2,12,0.154,0.11,0.26,8.33,B
3869,井 芹 大 志,3,4,0.217,0.15,0.32,0.0,参考
3876,中 辻 崇 人,5,14,0.105,0.04,0.21,28.57,B
4607,鶴 田 勇 雄,6,15,0.173,0.09,0.26,26.67,B
4741,中 村 直 喜,5,5,0.236,0.17,0.31,0.0,C
4487,三 原 司,6,8,0.21,0.13,0.31,12.5,C
3444,香 月 大 介,4,14,0.129,0.07,0.23,42.86,B
4151,下 河 誉 史,3,15,0.163,0.07,0.26,20.0,B
4736,高 倉 和 士,4,27,0.15,0.04,0.32,25.93,A
4336,松 田 竜 馬,1,11,0.184,0.06,0.47,9.09,B
4189,川 上 剛,2,26,0.163,0.01,0.29,15.38,A
4346,前 田 健太郎,5,17,0.17,0.02,0.31,11.76,B
3851,森 田 昭 彦,2,21,0.156,0.06,0.24,19.05,A
4736,高 倉 和 士,5,17,0.141,0.05,0.27,29.41,B
4371,西 山 貴 浩,3,20,0.127,0.03,0.24,10.0,A
3876,中 辻 崇 人,6,12,0.111,0.01,0.18,33.33,B
4607,鶴 田 勇 雄,3,28,0.138,0.04,0.29,32.14,A
4487,三 原 司,5,8,0.145,0.06,0.23,0.0,C
4336,松 田 竜 馬,6,9,0.2,0.1,0.31,0.0,C
3121,占 部 彰 二,3,6,0.207,0.17,0.25,16.67,C
4549,小 林 文 彦,5,7,0.177,0.11,0.22,0.0,C
3491,富 永 茂,3,3,0.19,0.14,0.28,0.0,参考
4355,小 川 広 大,1,5,0.116,0.08,0.18,40.0,C
3444,香 月 大 介,3,13,0.146,0.03,0.28,38.46,B
4180,上 野 秀 和,2,10,0.19,0.06,0.38,10.0,B
3782,伊 藤 宏,3,4,0.115,0.05,0.19,75.0,参考
3928,林 恵 祐,2,22,0.2,0.06,0.41,4.55,A
4122,安 東 幸 治,3,19,0.15,0.05,0.25,15.79,B
4709,岡 村 将 也,4,26,0.13,0.04,0.27,30.77,A
4151,下 河 誉 史,6,7,0.2,0.09,0.35,0.0,C
3869,井 芹 大 志,4,4,0.217,0.18,0.26,0.0,参考
4368,山 口 隆 史,3,17,0.152,0.05,0.26,11.76,B
4102,益 田 啓 司,1,30,0.122,0.03,0.28,46.67,A
4060,島 田 一 生,2,9,0.15,0.09,0.23,0.0,C
3666,内 野 省 一,3,3,0.11,0.05,0.18,0.0,参考
3796,長 野 道 臣,5,6,0.153,0.08,0.21,0.0,C
3599,柿 本 達 也,6,3,0.177,0.12,0.23,0.0,参考
4231,鈴 木 裕 隆,1,9,0.151,0.09,0.28,33.33,C
3661,柳 瀬 興 志,2,9,0.192,0.11,0.28,0.0,C
4265,村 上 祐 次,3,6,0.178,0.02,0.36,0.0,C
4079,出 畑 孝 典,4,16,0.122,0.01,0.24,25.0,B
4705,吉 川 勇 作,5,6,0.155,0.11,0.23,33.33,C
3305,小 野 信 樹,1,9,0.161,0.06,0.23,0.0,C
3542,清 水 紀 克,2,16,0.172,0.07,0.33,6.25,B
3502,渡 邉 英 児,3,8,0.175,0.11,0.31,0.0,C
3893,汐 崎 正 則,4,5,0.174,0.11,0.28,0.0,C
4459,片 岡 雅 裕,5,7,0.114,0.07,0.15,57.14,C
4394,永 嶋 裕 一,6,12,0.18,0.07,0.32,8.33,B
3959,坪 井 康 晴,1,8,0.134,0.06,0.21,12.5,C
4232,笠 雅 雄,2,5,0.188,0.11,0.29,0.0,C
3566,川 添 英 正,4,12,0.183,0.05,0.34,8.33,B
4560,庄 司 樹良々,5,3,0.137,0.03,0.29,0.0,参考
4698,高 山 隆 成,6,15,0.219,0.04,0.36,0.0,B
4216,星 栄 爾,1,6,0.12,0.1,0.14,66.67,C
4205,山 口 剛,2,10,0.147,0.05,0.28,20.0,B
4010,越 智 照 浩,3,9,0.162,0.06,0.26,22.22,C
3796,長 野 道 臣,4,5,0.148,0.12,0.16,40.0,C
4739,中 村 晃 朋,5,4,0.172,0.14,0.21,0.0,参考
4475,末 永 祐 輝,6,9,0.16,0.04,0.22,22.22,C
3051,山 口 俊 英,2,5,0.218,0.09,0.32,0.0,C
4335,若 林 将,3,3,0.137,0.11,0.16,33.33,参考
4261,岡 祐 臣,4,11,0.126,0.03,0.23,27.27,B
3698,小 巻 良 至,6,4,0.138,0.07,0.2,0.0,参考
4060,島 田 一 生,1,9,0.131,0.01,0.24,22.22,C
3617,竹 田 広 樹,2,4,0.2,0.01,0.32,25.0,参考
3893,汐 崎 正 則,3,5,0.154,0.01,0.25,20.0,C
3593,横 井 光 弘,4,6,0.14,0.02,0.25,0.0,C
3880,浅 見 宗 孝,5,4,0.14,0.03,0.22,25.0,参考
4360,庄 司 孝 輔,6,3,0.197,0.15,0.26,0.0,参考
4062,後 藤 陽 介,1,6,0.14,0.12,0.17,33.33,C
3660,長谷川 親 王,2,7,0.159,0.11,0.18,0.0,C
4232,笠 雅 雄,3,7,0.133,0.08,0.17,0.0,C
4173,岡 谷 健 吾,4,5,0.172,0.1,0.22,0.0,C
3599,柿 本 達 也,5,3,0.25,0.1,0.41,0.0,参考
4705,吉 川 勇 作,6,12,0.141,0.07,0.27,33.33,B
4148,枝 尾 賢,2,18,0.114,0.03,0.19,11.11,B
2930,新 良 一 規,4,3,0.097,0.04,0.16,33.33,参考
4010,越 智 照 浩,5,5,0.156,0.09,0.22,0.0,C
4560,庄 司 樹良々,6,5,0.124,0.03,0.18,0.0,C
3391,鈴 木 茂 正,1,3,0.133,0.09,0.16,33.33,参考
4378,川 下 晃 司,3,6,0.167,0.07,0.24,50.0,C
3305,小 野 信 樹,4,7,0.106,0.07,0.15,42.86,C
4265,村 上 祐 次,5,6,0.135,0.05,0.2,66.67,C
4261,岡 祐 臣,6,8,0.121,0.05,0.21,37.5,C
3566,川 添 英 正,1,13,0.15,0.07,0.27,7.69,B
4216,星 栄 爾,2,5,0.162,0.12,0.21,20.0,C
4231,鈴 木 裕 隆,3,12,0.15,0.04,0.24,8.33,B
3051,山 口 俊 英,5,4,0.163,0.15,0.17,0.0,参考
4358,松 本 庸 平,4,7,0.176,0.14,0.24,0.0,C
4459,片 岡 雅 裕,6,3,0.143,0.12,0.17,0.0,参考
4205,山 口 剛,1,9,0.137,0.06,0.27,22.22,C
4079,出 畑 孝 典,2,13,0.166,0.09,0.31,38.46,B
3959,坪 井 康 晴,3,5,0.162,0.13,0.22,0.0,C
4102,益 田 啓 司,4,19,0.126,0.04,0.25,42.11,B
3502,渡 邉 英 児,5,6,0.123,0.08,0.22,16.67,C
4335,若 林 将,1,7,0.134,0.05,0.17,57.14,C
3796,長 野 道 臣,2,3,0.14,0.11,0.19,33.33,参考
3660,長谷川 親 王,3,9,0.147,0.05,0.28,11.11,C
3617,竹 田 広 樹,5,7,0.236,0.18,0.34,0.0,C
4148,枝 尾 賢,1,30,0.102,0.01,0.2,36.67,A
4475,末 永 祐 輝,2,7,0.193,0.16,0.24,0.0,C
3880,浅 見 宗 孝,3,5,0.16,0.12,0.18,40.0,C
3959,坪 井 康 晴,4,5,0.144,0.07,0.21,0.0,C
4739,中 村 晃 朋,6,3,0.15,0.09,0.21,0.0,参考
4358,松 本 庸 平,1,4,0.148,0.08,0.23,50.0,参考
4560,庄 司 樹良々,2,4,0.155,0.08,0.26,25.0,参考
4173,岡 谷 健 吾,3,7,0.147,0.12,0.17,0.0,C
4394,永 嶋 裕 一,4,13,0.113,0.01,0.24,46.15,B
4060,島 田 一 生,6,7,0.157,0.04,0.28,42.86,C
3502,渡 邉 英 児,1,8,0.206,0.15,0.31,25.0,C
3305,小 野 信 樹,2,4,0.18,0.11,0.23,0.0,参考
4261,岡 祐 臣,3,7,0.137,0.03,0.24,28.57,C
4010,越 智 照 浩,4,7,0.196,0.04,0.31,0.0,C
4216,星 栄 爾,5,7,0.124,0.01,0.29,42.86,C
3593,横 井 光 弘,6,10,0.191,0.11,0.34,0.0,B
4459,片 岡 雅 裕,1,5,0.138,0.12,0.16,40.0,C
4079,出 畑 孝 典,3,12,0.145,0.06,0.36,16.67,B
3599,柿 本 達 也,4,4,0.172,0.14,0.21,25.0,参考
4475,末 永 祐 輝,1,4,0.138,0.09,0.24,75.0,参考
3566,川 添 英 正,2,14,0.189,0.04,0.27,7.14,B
4698,高 山 隆 成,5,9,0.246,0.04,0.5,0.0,C
4062,後 藤 陽 介,6,8,0.17,0.09,0.32,12.5,C
4394,永 嶋 裕 一,1,7,0.151,0.1,0.21,42.86,C
4739,中 村 晃 朋,3,4,0.148,0.08,0.2,0.0,参考
3660,長谷川 親 王,5,9,0.169,0.11,0.25,11.11,C
3661,柳 瀬 興 志,6,4,0.172,0.11,0.24,0.0,参考
2930,新 良 一 規,1,5,0.14,0.01,0.21,20.0,C
4265,村 上 祐 次,2,8,0.199,0.12,0.36,0.0,C
4232,笠 雅 雄,5,6,0.133,0.09,0.17,16.67,C
3893,汐 崎 正 則,6,5,0.172,0.05,0.32,20.0,C
4459,片 岡 雅 裕,2,4,0.108,0.05,0.17,0.0,参考
3698,小 巻 良 至,3,7,0.177,0.09,0.33,14.29,C
3502,渡 邉 英 児,4,12,0.126,0.06,0.18,0.0,B
4261,岡 祐 臣,1,13,0.165,0.05,0.24,30.77,B
3880,浅 見 宗 孝,2,6,0.14,0.02,0.26,33.33,C
4231,鈴 木 裕 隆,5,7,0.126,0.04,0.19,14.29,C
4173,岡 谷 健 吾,1,7,0.194,0.12,0.29,28.57,C
3959,坪 井 康 晴,2,4,0.168,0.13,0.19,0.0,参考
3305,小 野 信 樹,3,8,0.136,0.09,0.18,37.5,C
3661,柳 瀬 興 志,4,5,0.14,0.05,0.23,20.0,C
4102,益 田 啓 司,5,18,0.109,0.01,0.2,27.78,B
4079,出 畑 孝 典,1,23,0.137,0.03,0.25,26.09,A
2930,新 良 一 規,2,6,0.19,0.13,0.28,0.0,C
4148,枝 尾 賢,3,13,0.135,0.07,0.2,38.46,B
4205,山 口 剛,4,12,0.093,0.04,0.18,41.67,B
4062,後 藤 陽 介,5,4,0.13,0.07,0.16,25.0,参考
4216,星 栄 爾,6,5,0.166,0.08,0.27,20.0,C
3368,新 名 文 博,2,3,0.157,0.06,0.26,0.0,参考
4232,笠 雅 雄,4,10,0.144,0.01,0.24,50.0,B
3051,山 口 俊 英,1,4,0.083,0.06,0.11,100.0,参考
3893,汐 崎 正 則,2,7,0.227,0.16,0.42,0.0,C
4060,島 田 一 生,5,5,0.154,0.07,0.24,0.0,C
4265,村 上 祐 次,6,5,0.186,0.05,0.34,0.0,C
4102,益 田 啓 司,3,23,0.127,0.04,0.25,34.78,A
4148,枝 尾 賢,5,17,0.116,0.01,0.19,23.53,B
2930,新 良 一 規,3,4,0.172,0.13,0.19,0.0,参考
4231,鈴 木 裕 隆,4,8,0.158,0.07,0.24,25.0,C
4394,永 嶋 裕 一,5,11,0.146,0.08,0.31,18.18,B
3617,竹 田 広 樹,3,8,0.176,0.08,0.27,12.5,C
3698,小 巻 良 至,5,3,0.25,0.19,0.3,0.0,参考
3893,汐 崎 正 則,1,4,0.17,0.1,0.24,0.0,参考
4358,松 本 庸 平,2,7,0.191,0.13,0.22,0.0,C
3566,川 添 英 正,5,14,0.204,0.09,0.31,0.0,B
3880,浅 見 宗 孝,6,6,0.17,0.09,0.28,33.33,C
3661,柳 瀬 興 志,1,4,0.235,0.15,0.32,0.0,参考
3599,柿 本 達 也,2,3,0.257,0.24,0.28,0.0,参考
4560,庄 司 樹良々,3,4,0.152,0.09,0.2,50.0,参考
4265,村 上 祐 次,4,3,0.177,0.12,0.25,33.33,参考
4475,末 永 祐 輝,5,9,0.136,0.08,0.18,22.22,C
4739,中 村 晃 朋,2,5,0.126,0.07,0.19,20.0,C
3660,長谷川 親 王,4,10,0.137,0.05,0.2,30.0,B
4360,庄 司 孝 輔,1,4,0.2,0.13,0.27,0.0,参考
4216,星 栄 爾,3,4,0.103,0.05,0.14,100.0,参考
3305,小 野 信 樹,6,4,0.225,0.15,0.31,0.0,参考
4378,川 下 晃 司,1,5,0.222,0.12,0.37,20.0,C
4060,島 田 一 生,3,8,0.168,0.11,0.28,12.5,C
3391,鈴 木 茂 正,4,3,0.113,0.07,0.14,66.67,参考
4010,越 智 照 浩,6,7,0.203,0.07,0.35,14.29,C
2930,新 良 一 規,5,3,0.173,0.07,0.36,66.67,参考
4261,岡 祐 臣,5,7,0.141,0.1,0.19,14.29,C
3566,川 添 英 正,6,7,0.167,0.07,0.25,14.29,C
4173,岡 谷 健 吾,2,10,0.178,0.09,0.31,0.0,B
4459,片 岡 雅 裕,4,5,0.112,0.06,0.19,60.0,C
4335,若 林 将,5,4,0.11,0.08,0.15,0.0,参考
4148,枝 尾 賢,6,9,0.112,0.04,0.23,55.56,C
3661,柳 瀬 興 志,3,7,0.159,0.11,0.31,0.0,C
3880,浅 見 宗 孝,4,6,0.142,0.07,0.23,33.33,C
3593,横 井 光 弘,5,8,0.118,0.07,0.17,37.5,C
4232,笠 雅 雄,6,4,0.125,0.09,0.17,50.0,参考
4062,後 藤 陽 介,3,4,0.158,0.08,0.21,25.0,参考
4360,庄 司 孝 輔,5,5,0.16,0.11,0.26,0.0,C
4475,末 永 祐 輝,4,5,0.192,0.1,0.35,0.0,C
4173,岡 谷 健 吾,5,10,0.152,0.1,0.2,10.0,B
4102,益 田 啓 司,2,12,0.115,0.03,0.3,33.33,B
3661,柳 瀬 興 志,5,7,0.159,0.04,0.25,0.0,C
3880,浅 見 宗 孝,1,3,0.143,0.09,0.19,33.33,参考
4358,松 本 庸 平,5,6,0.203,0.08,0.31,16.67,C
4360,庄 司 孝 輔,2,7,0.179,0.09,0.28,0.0,C
4060,島 田 一 生,4,17,0.174,0.08,0.39,29.41,B
3796,長 野 道 臣,6,5,0.104,0.06,0.17,0.0,C
4394,永 嶋 裕 一,2,9,0.169,0.03,0.26,0.0,C
4475,末 永 祐 輝,3,8,0.152,0.1,0.29,12.5,C
3660,長谷川 親 王,1,4,0.145,0.07,0.25,50.0,参考
2959,高 田 悌 二,4,3,0.22,0.18,0.27,0.0,参考
4010,越 智 照 浩,2,6,0.193,0.09,0.26,16.67,C
3617,竹 田 広 樹,6,4,0.265,0.18,0.34,0.0,参考
4378,川 下 晃 司,5,4,0.165,0.14,0.19,0.0,参考
4231,鈴 木 裕 隆,6,9,0.134,0.08,0.19,33.33,C
4062,後 藤 陽 介,2,7,0.171,0.11,0.29,0.0,C
4205,山 口 剛,3,10,0.09,0.04,0.17,40.0,B
4148,枝 尾 賢,4,21,0.107,0.03,0.19,42.86,A
4173,岡 谷 健 吾,6,6,0.135,0.09,0.18,16.67,C
3660,長谷川 親 王,6,3,0.13,0.09,0.16,33.33,参考
4062,後 藤 陽 介,4,7,0.149,0.01,0.25,28.57,C
4378,川 下 晃 司,4,3,0.17,0.11,0.23,66.67,参考
3617,竹 田 広 樹,1,3,0.173,0.14,0.21,0.0,参考
3051,山 口 俊 英,4,4,0.182,0.16,0.19,25.0,参考
3305,小 野 信 樹,5,6,0.115,0.04,0.27,33.33,C
4358,松 本 庸 平,6,4,0.18,0.1,0.23,0.0,参考
4459,片 岡 雅 裕,3,4,0.11,0.05,0.15,25.0,参考
4360,庄 司 孝 輔,4,5,0.168,0.1,0.27,0.0,C
4231,鈴 木 裕 隆,2,8,0.173,0.08,0.33,0.0,C
3796,長 野 道 臣,1,4,0.14,0.08,0.21,25.0,参考
4394,永 嶋 裕 一,3,10,0.118,0.08,0.23,10.0,B
4102,益 田 啓 司,6,13,0.175,0.06,0.29,30.77,B
3022,西 山 昇 一,1,9,0.133,0.06,0.28,33.33,C
4713,白 神 優,5,11,0.165,0.04,0.29,27.27,B
4348,宮 崎 奨,3,6,0.173,0.07,0.24,0.0,C
4787,椎 名 豊,6,13,0.111,0.0,0.23,53.85,B
4554,花 本 大 樹,4,7,0.174,0.08,0.22,28.57,C
3414,加 瀬 智 宏,1,4,0.115,0.07,0.22,75.0,参考
3471,赤 峰 和 也,2,13,0.22,0.07,0.35,0.0,B
4659,木 下 翔 太,3,6,0.137,0.03,0.24,16.67,C
3744,徳 増 秀 樹,4,4,0.165,0.09,0.28,0.0,参考
4147,石 田 一 吉,5,3,0.17,0.06,0.24,0.0,参考
3985,内 田 貴 士,1,5,0.156,0.11,0.19,20.0,C
3935,岩 津 徹 郎,2,10,0.168,0.09,0.22,0.0,B
4352,下 條 雄太郎,3,14,0.134,0.02,0.27,28.57,B
3715,倉 尾 大 介,4,3,0.177,0.03,0.27,33.33,参考
4413,水 摩 敦,5,16,0.186,0.03,0.42,18.75,B
4732,堀 本 和 也,6,6,0.103,0.01,0.19,50.0,C
4320,峰 竜 太,1,22,0.156,0.06,0.31,36.36,A
3392,小 森 信 雄,2,3,0.2,0.14,0.29,0.0,参考
3282,池 本 輝 明,3,3,0.207,0.17,0.28,66.67,参考
4310,横 家 翔 一,4,4,0.19,0.06,0.3,0.0,参考
4600,井 内 将太郎,5,5,0.188,0.07,0.36,20.0,C
4855,江 頭 賢 太,6,21,0.163,0.06,0.39,9.52,A
3360,原 田 富士男,2,10,0.184,0.07,0.27,10.0,B
3820,樫 葉 次 郎,5,8,0.103,0.07,0.14,62.5,C
3930,岸 本 隆,6,3,0.187,0.08,0.27,33.33,参考
4545,岡 村 慶 太,2,14,0.136,0.05,0.27,28.57,B
3413,吉 村 重 行,3,4,0.29,0.25,0.33,25.0,参考
4057,松 井 賢 治,4,8,0.169,0.11,0.26,12.5,C
4554,花 本 大 樹,5,8,0.165,0.04,0.28,12.5,C
3381,滝 沢 芳 行,6,5,0.142,0.05,0.22,40.0,C
3246,星 野 政 彦,1,5,0.21,0.1,0.26,0.0,C
3459,中 野 和 裕,2,7,0.201,0.08,0.35,14.29,C
3471,赤 峰 和 也,4,12,0.198,0.08,0.34,8.33,B
4302,西 野 翔 太,1,19,0.16,0.11,0.21,21.05,B
4659,木 下 翔 太,2,3,0.1,0.05,0.17,0.0,参考
3855,大 熊 辰 弥,3,10,0.207,0.1,0.33,0.0,B
3985,内 田 貴 士,4,4,0.152,0.11,0.19,25.0,参考
4310,横 家 翔 一,5,5,0.17,0.14,0.19,20.0,C
4643,近 江 翔 吾,2,6,0.11,0.06,0.17,50.0,C
3935,岩 津 徹 郎,3,8,0.221,0.13,0.27,0.0,C
3414,加 瀬 智 宏,4,8,0.151,0.08,0.22,50.0,C
4600,井 内 将太郎,6,6,0.192,0.11,0.29,16.67,C
4545,岡 村 慶 太,1,25,0.12,0.02,0.21,32.0,A
3705,濱 田 隆 浩,3,8,0.206,0.06,0.29,0.0,C
3282,池 本 輝 明,4,7,0.161,0.09,0.26,0.0,C
3930,岸 本 隆,5,4,0.147,0.12,0.18,0.0,参考
4486,野 村 誠,6,4,0.217,0.17,0.28,0.0,参考
3538,菊 池 峰 晴,1,6,0.153,0.07,0.26,33.33,C
3340,池 田 雷 太,2,7,0.193,0.09,0.31,14.29,C
3246,星 野 政 彦,3,7,0.16,0.07,0.27,28.57,C
3381,滝 沢 芳 行,5,7,0.116,0.03,0.24,57.14,C
4413,水 摩 敦,6,12,0.176,0.01,0.33,25.0,B
3744,徳 増 秀 樹,1,6,0.137,0.04,0.29,33.33,C
3022,西 山 昇 一,2,5,0.194,0.16,0.24,0.0,C
3360,原 田 富士男,3,10,0.186,0.02,0.59,30.0,B
4320,峰 竜 太,4,17,0.135,0.04,0.21,41.18,B
4057,松 井 賢 治,5,3,0.16,0.13,0.19,0.0,参考
4352,下 條 雄太郎,6,7,0.101,0.05,0.18,57.14,C
4352,下 條 雄太郎,1,18,0.143,0.03,0.24,50.0,B
4147,石 田 一 吉,4,4,0.185,0.15,0.25,25.0,参考
3820,樫 葉 次 郎,2,8,0.174,0.11,0.28,0.0,C
3459,中 野 和 裕,5,7,0.209,0.08,0.33,28.57,C
3860,松 本 浩 貴,6,4,0.16,0.11,0.21,0.0,参考
4401,小 林 泰,1,6,0.103,0.01,0.3,66.67,C
3397,沖 本 健 二,3,5,0.218,0.15,0.31,20.0,C
3392,小 森 信 雄,5,5,0.154,0.11,0.18,0.0,C
4486,野 村 誠,1,9,0.19,0.03,0.3,22.22,C
4348,宮 崎 奨,2,6,0.18,0.12,0.25,33.33,C
3022,西 山 昇 一,3,7,0.14,0.07,0.18,42.86,C
3985,内 田 貴 士,5,5,0.128,0.06,0.22,60.0,C
4057,松 井 賢 治,1,9,0.136,0.07,0.19,22.22,C
3414,加 瀬 智 宏,3,7,0.153,0.07,0.21,28.57,C
4643,近 江 翔 吾,4,6,0.187,0.12,0.27,33.33,C
3855,大 熊 辰 弥,5,8,0.226,0.11,0.31,12.5,C
3282,池 本 輝 明,1,6,0.155,0.11,0.22,33.33,C
3744,徳 増 秀 樹,2,4,0.148,0.07,0.2,0.0,参考
4147,石 田 一 吉,3,4,0.198,0.15,0.24,0.0,参考
3935,岩 津 徹 郎,5,8,0.181,0.12,0.26,0.0,C
3340,池 田 雷 太,6,6,0.187,0.09,0.36,0.0,C
3820,樫 葉 次 郎,1,5,0.174,0.12,0.22,0.0,C
4302,西 野 翔 太,2,10,0.175,0.08,0.29,20.0,B
4732,堀 本 和 也,3,14,0.172,0.05,0.31,21.43,B
4352,下 條 雄太郎,4,11,0.121,0.02,0.22,36.36,B
3246,星 野 政 彦,5,9,0.15,0.03,0.22,22.22,C
3538,菊 池 峰 晴,6,4,0.145,0.03,0.27,50.0,参考
3930,岸 本 隆,2,3,0.17,0.14,0.23,0.0,参考
3860,松 本 浩 貴,4,5,0.242,0.19,0.34,20.0,C
4643,近 江 翔 吾,1,8,0.172,0.06,0.29,25.0,C
3392,小 森 信 雄,4,3,0.243,0.18,0.34,0.0,参考
3085,川 名 稔,5,3,0.173,0.14,0.23,33.33,参考
3705,濱 田 隆 浩,2,8,0.19,0.15,0.27,37.5,C
3471,赤 峰 和 也,6,4,0.215,0.19,0.24,0.0,参考
4659,木 下 翔 太,1,10,0.117,0.03,0.21,50.0,B
4401,小 林 泰,3,7,0.101,0.04,0.17,42.86,C
4486,野 村 誠,4,5,0.194,0.12,0.33,40.0,C
3340,池 田 雷 太,5,4,0.15,0.09,0.19,0.0,参考
4600,井 内 将太郎,1,12,0.153,0.04,0.2,33.33,B
3282,池 本 輝 明,2,4,0.165,0.11,0.19,25.0,参考
4057,松 井 賢 治,3,5,0.17,0.13,0.21,0.0,C
3459,中 野 和 裕,4,8,0.151,0.07,0.22,37.5,C
3381,滝 沢 芳 行,3,4,0.148,0.1,0.19,75.0,参考
3022,西 山 昇 一,4,5,0.148,0.11,0.21,40.0,C
3344,中 島 浩 喜,5,3,0.167,0.13,0.21,33.33,参考
3414,加 瀬 智 宏,6,3,0.227,0.21,0.26,0.0,参考
3360,原 田 富士男,1,10,0.175,0.11,0.24,0.0,B
4545,岡 村 慶 太,3,16,0.133,0.07,0.23,18.75,B
3538,菊 池 峰 晴,5,6,0.128,0.06,0.22,0.0,C
3930,岸 本 隆,3,3,0.113,0.08,0.14,33.33,参考
3344,中 島 浩 喜,4,5,0.152,0.12,0.17,20.0,C
4554,花 本 大 樹,2,6,0.202,0.13,0.31,0.0,C
3471,赤 峰 和 也,3,4,0.17,0.15,0.2,0.0,参考
4659,木 下 翔 太,5,3,0.117,0.09,0.14,0.0,参考
3855,大 熊 辰 弥,2,7,0.191,0.08,0.34,0.0,C
4310,横 家 翔 一,6,4,0.14,0.08,0.21,25.0,参考
4545,岡 村 慶 太,4,14,0.129,0.0,0.24,28.57,B
3985,内 田 貴 士,2,3,0.153,0.09,0.26,66.67,参考
4302,西 野 翔 太,4,15,0.152,0.01,0.28,26.67,B
4713,白 神 優,6,11,0.155,0.01,0.27,36.36,B
3860,松 本 浩 貴,3,6,0.203,0.06,0.38,16.67,C
3935,岩 津 徹 郎,4,8,0.163,0.07,0.22,25.0,C
3397,沖 本 健 二,5,3,0.183,0.17,0.19,0.0,参考
3820,樫 葉 次 郎,6,7,0.15,0.09,0.22,28.57,C
3471,赤 峰 和 也,1,5,0.15,0.09,0.21,40.0,C
3381,滝 沢 芳 行,2,10,0.168,0.08,0.34,30.0,B
3715,倉 尾 大 介,3,3,0.157,0.12,0.21,0.0,参考
4643,近 江 翔 吾,5,4,0.148,0.09,0.19,0.0,参考
3705,濱 田 隆 浩,1,5,0.186,0.08,0.28,0.0,C
3344,中 島 浩 喜,2,6,0.195,0.12,0.28,0.0,C
4554,花 本 大 樹,3,6,0.203,0.1,0.31,16.67,C
3340,池 田 雷 太,3,6,0.122,0.02,0.25,33.33,C
3246,星 野 政 彦,4,15,0.16,0.04,0.28,6.67,B
3282,池 本 輝 明,5,4,0.203,0.14,0.25,0.0,参考
4348,宮 崎 奨,1,6,0.107,0.02,0.18,16.67,C
4320,峰 竜 太,2,13,0.138,0.06,0.24,0.0,B
3459,中 野 和 裕,3,8,0.152,0.04,0.4,25.0,C
3860,松 本 浩 貴,5,6,0.187,0.09,0.35,0.0,C
4302,西 野 翔 太,6,4,0.14,0.07,0.22,75.0,参考
4352,下 條 雄太郎,2,9,0.138,0.06,0.27,33.33,C
4545,岡 村 慶 太,6,12,0.164,0.01,0.23,8.33,B
4486,野 村 誠,3,5,0.17,0.07,0.22,20.0,C
4659,木 下 翔 太,6,4,0.115,0.08,0.16,25.0,参考
4600,井 内 将太郎,2,8,0.15,0.07,0.27,12.5,C
4401,小 林 泰,5,7,0.166,0.12,0.25,57.14,C
4643,近 江 翔 吾,6,5,0.164,0.14,0.2,0.0,C
4732,堀 本 和 也,5,9,0.131,0.06,0.22,44.44,C
3397,沖 本 健 二,2,3,0.23,0.21,0.25,0.0,参考
3381,滝 沢 芳 行,1,7,0.144,0.08,0.25,28.57,C
4310,横 家 翔 一,2,4,0.177,0.12,0.24,25.0,参考
3820,樫 葉 次 郎,4,12,0.169,0.08,0.26,33.33,B
4554,花 本 大 樹,6,8,0.173,0.08,0.28,0.0,C
3538,菊 池 峰 晴,3,6,0.147,0.07,0.27,16.67,C
4348,宮 崎 奨,5,9,0.141,0.07,0.28,33.33,C
4057,松 井 賢 治,2,4,0.145,0.07,0.21,25.0,参考
3340,池 田 雷 太,1,3,0.223,0.14,0.29,0.0,参考
3397,沖 本 健 二,4,3,0.327,0.31,0.36,0.0,参考
3705,濱 田 隆 浩,5,3,0.26,0.17,0.42,0.0,参考
4401,小 林 泰,4,4,0.092,0.01,0.13,100.0,参考
3344,中 島 浩 喜,6,3,0.247,0.16,0.39,0.0,参考
4320,峰 竜 太,3,10,0.145,0.07,0.22,30.0,B
4413,水 摩 敦,4,9,0.153,0.1,0.27,11.11,C
4486,野 村 誠,5,4,0.107,0.09,0.13,100.0,参考
3459,中 野 和 裕,6,3,0.197,0.15,0.23,0.0,参考
3246,星 野 政 彦,2,10,0.124,0.05,0.19,20.0,B
4600,井 内 将太郎,3,4,0.145,0.08,0.24,50.0,参考
4401,小 林 泰,6,4,0.12,0.08,0.15,50.0,参考
3860,松 本 浩 貴,2,4,0.188,0.14,0.29,0.0,参考
3820,樫 葉 次 郎,3,10,0.179,0.12,0.35,10.0,B
4659,木 下 翔 太,4,5,0.128,0.08,0.17,60.0,C
3935,岩 津 徹 郎,1,4,0.145,0.09,0.21,50.0,参考
3392,小 森 信 雄,3,4,0.175,0.08,0.24,25.0,参考
4147,石 田 一 吉,2,3,0.177,0.08,0.29,0.0,参考
3360,原 田 富士男,4,3,0.173,0.12,0.22,0.0,参考
4348,宮 崎 奨,6,5,0.216,0.06,0.35,20.0,C
4486,野 村 誠,2,4,0.1,0.0,0.27,50.0,参考
4600,井 内 将太郎,4,7,0.074,0.02,0.17,71.43,C
4545,岡 村 慶 太,5,15,0.138,0.03,0.28,26.67,B
4504,前 田 将 太,1,24,0.125,0.02,0.29,37.5,A
4531,武 富 智 亮,3,10,0.158,0.07,0.26,0.0,B
3797,岩 井 繁,4,7,0.2,0.14,0.25,14.29,C
4556,竹 井 奈 美,1,12,0.196,0.07,0.32,33.33,B
4400,加 藤 奈 月,2,7,0.226,0.14,0.34,14.29,C
3435,寺 田 千 恵,4,10,0.147,0.04,0.22,50.0,B
4224,大 橋 栄里佳,5,5,0.162,0.09,0.23,20.0,C
4534,坂 咲友理,6,5,0.212,0.17,0.25,0.0,C
3747,國 崎 良 春,1,16,0.192,0.02,0.28,18.75,B
4511,中 岡 健 人,2,5,0.194,0.11,0.31,0.0,C
3780,魚 谷 智 之,3,3,0.087,0.07,0.11,0.0,参考
3577,向 所 浩 二,5,5,0.112,0.03,0.18,60.0,C
3273,石 田 豪,6,3,0.133,0.09,0.21,0.0,参考
3674,岸 恵 子,1,3,0.257,0.23,0.31,33.33,参考
3604,武 藤 綾 子,2,8,0.254,0.1,0.69,0.0,C
4720,西 澤 日花里,3,4,0.205,0.01,0.36,0.0,参考
4548,篠 木 亜衣花,4,4,0.182,0.11,0.25,50.0,参考
4801,小 城 千 奈,6,6,0.237,0.06,0.41,16.67,C
3233,小 畑 実 成,2,7,0.154,0.09,0.23,28.57,C
4568,廣 瀬 真 也,4,8,0.12,0.02,0.23,62.5,C
3797,岩 井 繁,5,9,0.17,0.07,0.23,11.11,C
3753,河 上 哲 也,6,4,0.158,0.06,0.24,25.0,参考
3299,東 郷 晴 美,1,4,0.208,0.13,0.26,0.0,参考
4744,伊 藤 玲 奈,5,14,0.193,0.06,0.33,0.0,B
4443,津 田 裕 絵,6,6,0.183,0.16,0.21,16.67,C
4531,武 富 智 亮,5,6,0.235,0.15,0.35,0.0,C
3470,新 田 芳 美,1,4,0.113,0.03,0.23,50.0,参考
4720,西 澤 日花里,2,6,0.187,0.09,0.29,0.0,C
4473,藤 堂 里 香,3,8,0.138,0.07,0.22,50.0,C
3932,池 田 浩 美,4,6,0.22,0.15,0.27,16.67,C
4224,大 橋 栄里佳,6,5,0.23,0.18,0.26,20.0,C
3382,岩 谷 真,1,3,0.217,0.17,0.27,33.33,参考
4504,前 田 将 太,2,11,0.143,0.08,0.24,27.27,B
3233,小 畑 実 成,4,3,0.217,0.06,0.34,33.33,参考
3753,河 上 哲 也,5,7,0.19,0.14,0.26,14.29,C
4515,藤 田 浩 人,6,7,0.187,0.12,0.37,0.0,C
3604,武 藤 綾 子,1,10,0.223,0.15,0.29,10.0,B
4045,佐々木 裕 美,2,7,0.166,0.07,0.31,14.29,C
3299,東 郷 晴 美,3,6,0.248,0.19,0.36,0.0,C
3076,西 川 美智代,4,3,0.173,0.11,0.24,66.67,参考
4534,坂 咲友理,5,3,0.187,0.15,0.23,0.0,参考
3997,北 村 征 嗣,1,16,0.133,0.05,0.24,12.5,B
4568,廣 瀬 真 也,2,6,0.142,0.08,0.23,33.33,C
3790,佐 口 達 也,3,6,0.147,0.03,0.22,16.67,C
3780,魚 谷 智 之,5,3,0.197,0.15,0.23,0.0,参考
3435,寺 田 千 恵,1,21,0.137,0.02,0.28,33.33,A
3470,新 田 芳 美,3,4,0.11,0.06,0.17,25.0,参考
4556,竹 井 奈 美,4,10,0.165,0.02,0.36,30.0,B
3932,池 田 浩 美,6,3,0.237,0.16,0.32,0.0,参考
3289,高 橋 淳 美,1,3,0.15,0.12,0.18,0.0,参考
4510,坂 本 奈 央,3,7,0.149,0.04,0.22,14.29,C
4224,大 橋 栄里佳,2,5,0.126,0.09,0.19,0.0,C
4744,伊 藤 玲 奈,4,10,0.175,0.02,0.29,10.0,B
4473,藤 堂 里 香,5,11,0.137,0.01,0.27,45.45,B
4045,佐々木 裕 美,6,5,0.11,0.02,0.29,0.0,C
3273,石 田 豪,2,5,0.142,0.08,0.21,0.0,C
3753,河 上 哲 也,3,5,0.188,0.15,0.26,0.0,C
3780,魚 谷 智 之,4,3,0.183,0.18,0.19,0.0,参考
4443,津 田 裕 絵,2,7,0.217,0.11,0.42,0.0,C
3577,向 所 浩 二,1,7,0.203,0.13,0.28,14.29,C
3382,岩 谷 真,3,3,0.123,0.08,0.18,0.0,参考
4504,前 田 将 太,5,15,0.115,0.04,0.17,33.33,B
4531,武 富 智 亮,6,14,0.161,0.03,0.42,14.29,B
3932,池 田 浩 美,1,9,0.154,0.08,0.22,55.56,C
4548,篠 木 亜衣花,3,6,0.233,0.12,0.35,0.0,C
3299,東 郷 晴 美,4,6,0.22,0.13,0.34,0.0,C
4720,西 澤 日花里,5,7,0.147,0.03,0.18,14.29,C
4473,藤 堂 里 香,6,15,0.166,0.03,0.28,20.0,B
3273,石 田 豪,1,3,0.207,0.13,0.34,0.0,参考
3747,國 崎 良 春,2,8,0.136,0.07,0.27,0.0,C
4515,藤 田 浩 人,3,8,0.169,0.09,0.23,12.5,C
3667,田 川 晴 美,6,3,0.177,0.17,0.18,0.0,参考
4534,坂 咲友理,3,5,0.1,0.03,0.15,20.0,C
4400,加 藤 奈 月,5,4,0.163,0.1,0.27,0.0,参考
4045,佐々木 裕 美,4,7,0.121,0.07,0.17,28.57,C
3233,小 畑 実 成,1,7,0.141,0.07,0.2,28.57,C
3997,北 村 征 嗣,4,11,0.195,0.07,0.33,0.0,B
4568,廣 瀬 真 也,5,12,0.139,0.05,0.24,16.67,B
3797,岩 井 繁,6,7,0.164,0.04,0.26,0.0,C
4443,津 田 裕 絵,1,8,0.179,0.11,0.31,0.0,C
4556,竹 井 奈 美,3,7,0.196,0.12,0.32,28.57,C
4510,坂 本 奈 央,4,4,0.228,0.14,0.33,0.0,参考
4548,篠 木 亜衣花,6,6,0.193,0.08,0.28,16.67,C
4515,藤 田 浩 人,2,8,0.181,0.09,0.24,12.5,C
3747,國 崎 良 春,3,13,0.135,0.08,0.23,15.38,B
3992,関 口 智 久,5,3,0.11,0.07,0.13,33.33,参考
4511,中 岡 健 人,6,5,0.21,0.15,0.28,0.0,C
3382,岩 谷 真,4,5,0.128,0.05,0.24,60.0,C
3299,東 郷 晴 美,2,5,0.25,0.15,0.34,0.0,C
3704,本 部 めぐみ,3,3,0.237,0.12,0.35,0.0,参考
4224,大 橋 栄里佳,4,6,0.188,0.1,0.24,16.67,C
3435,寺 田 千 恵,5,9,0.122,0.03,0.23,22.22,C
4400,加 藤 奈 月,6,5,0.21,0.11,0.38,20.0,C
3780,魚 谷 智 之,1,5,0.152,0.06,0.29,20.0,C
3577,向 所 浩 二,4,7,0.131,0.04,0.26,28.57,C
4504,前 田 将 太,3,18,0.136,0.05,0.27,27.78,B
3997,北 村 征 嗣,5,6,0.172,0.02,0.29,16.67,C
4531,武 富 智 亮,2,8,0.177,0.1,0.21,0.0,C
4511,中 岡 健 人,4,3,0.207,0.13,0.26,0.0,参考
3273,石 田 豪,5,6,0.202,0.11,0.29,0.0,C
4568,廣 瀬 真 也,6,5,0.176,0.08,0.24,40.0,C
4045,佐々木 裕 美,3,5,0.1,0.02,0.17,60.0,C
4515,藤 田 浩 人,1,12,0.152,0.05,0.32,41.67,B
3753,河 上 哲 也,2,7,0.151,0.06,0.22,0.0,C
3233,小 畑 実 成,5,5,0.148,0.08,0.2,40.0,C
4534,坂 咲友理,2,5,0.202,0.13,0.27,0.0,C
4443,津 田 裕 絵,3,7,0.169,0.08,0.25,14.29,C
4720,西 澤 日花里,4,4,0.215,0.17,0.28,25.0,参考
4510,坂 本 奈 央,5,7,0.177,0.13,0.28,14.29,C
4744,伊 藤 玲 奈,6,12,0.224,0.14,0.3,8.33,B
3997,北 村 征 嗣,2,5,0.16,0.07,0.22,0.0,C
4531,武 富 智 亮,4,7,0.147,0.11,0.19,0.0,C
3470,新 田 芳 美,2,3,0.213,0.13,0.35,0.0,参考
3797,岩 井 繁,1,4,0.165,0.1,0.27,0.0,参考
4568,廣 瀬 真 也,3,6,0.13,0.04,0.19,33.33,C
3753,河 上 哲 也,4,5,0.14,0.07,0.21,20.0,C
4548,篠 木 亜衣花,2,5,0.204,0.08,0.33,0.0,C
3604,武 藤 綾 子,3,8,0.211,0.08,0.28,12.5,C
3382,岩 谷 真,2,3,0.15,0.11,0.21,33.33,参考
3747,國 崎 良 春,6,6,0.125,0.03,0.34,50.0,C
4400,加 藤 奈 月,3,6,0.16,0.12,0.27,16.67,C
4720,西 澤 日花里,6,3,0.183,0.09,0.23,33.33,参考
3273,石 田 豪,3,3,0.157,0.11,0.19,0.0,参考
3790,佐 口 達 也,5,5,0.194,0.08,0.26,0.0,C
3932,池 田 浩 美,2,7,0.174,0.07,0.27,0.0,C
4341,足 立 かなえ,3,3,0.123,0.09,0.15,33.33,参考
4443,津 田 裕 絵,5,5,0.122,0.09,0.15,20.0,C
4510,坂 本 奈 央,2,5,0.254,0.13,0.37,0.0,C
4400,加 藤 奈 月,4,4,0.215,0.07,0.31,25.0,参考
3435,寺 田 千 恵,2,9,0.197,0.09,0.63,11.11,C
3747,國 崎 良 春,4,11,0.178,0.04,0.35,0.0,B
3753,河 上 哲 也,1,3,0.11,0.11,0.11,0.0,参考
4556,竹 井 奈 美,2,8,0.163,0.09,0.24,0.0,C
4224,大 橋 栄里佳,3,8,0.175,0.11,0.22,25.0,C
3604,武 藤 綾 子,5,8,0.182,0.11,0.32,0.0,C
3577,向 所 浩 二,2,3,0.103,0.02,0.21,66.67,参考
4504,前 田 将 太,4,18,0.124,0.03,0.25,44.44,B
3470,新 田 芳 美,4,3,0.1,0.08,0.11,0.0,参考
3932,池 田 浩 美,5,6,0.172,0.14,0.21,0.0,C
3797,岩 井 繁,3,6,0.192,0.13,0.29,0.0,C
3273,石 田 豪,4,3,0.197,0.17,0.24,0.0,参考
4548,篠 木 亜衣花,5,5,0.206,0.04,0.29,20.0,C
4224,大 橋 栄里佳,1,4,0.2,0.05,0.39,50.0,参考
4534,坂 咲友理,4,4,0.18,0.04,0.26,50.0,参考
3577,向 所 浩 二,6,8,0.193,0.09,0.35,25.0,C
3662,大 庭 元 明,1,29,0.157,0.06,0.31,13.79,A
4129,宇 野 博 之,2,9,0.154,0.06,0.23,22.22,C
3741,松 尾 基 成,3,14,0.158,0.08,0.25,28.57,B
3607,原 田 智 和,4,5,0.212,0.15,0.31,0.0,C
4753,森 照 夫,6,14,0.157,0.01,0.32,50.0,B
4526,池 田 雄 祐,5,7,0.163,0.07,0.31,14.29,C
4162,竹 本 太 樹,1,6,0.112,0.05,0.21,66.67,C
3363,豊 村 功,4,7,0.18,0.09,0.25,0.0,C
4588,田 中 京 介,3,13,0.159,0.04,0.33,15.38,B
3623,深 川 真 二,2,26,0.139,0.01,0.25,23.08,A
4748,渡 邉 雄 朗,5,9,0.089,0.01,0.14,44.44,C
4271,川 崎 公 靖,6,3,0.103,0.05,0.17,66.67,参考
3680,森 林 太,1,16,0.166,0.09,0.29,18.75,B
2883,柾 田 敏 行,2,3,0.287,0.23,0.34,0.0,参考
4403,木 下 大 將,3,24,0.13,0.03,0.28,25.0,A
3687,花 田 和 明,4,4,0.22,0.07,0.32,25.0,参考
3857,阿 波 勝 哉,6,30,0.187,0.01,0.45,20.0,A
4693,松 下 誉 士,5,22,0.18,0.09,0.31,9.09,A
3534,野 澤 大 二,1,8,0.144,0.05,0.26,37.5,C
3904,森 貴 洋,2,6,0.14,0.06,0.21,16.67,C
3752,宇 土 泰 就,3,11,0.145,0.07,0.28,18.18,B
4675,井 手 良 太,4,5,0.134,0.01,0.25,60.0,C
4263,武 重 雄 介,5,3,0.31,0.18,0.45,0.0,参考
4747,山 戸 信 二,6,14,0.181,0.01,0.26,21.43,B
4357,田 中 和 也,1,6,0.13,0.06,0.22,33.33,C
3284,渡 邊 伸太郎,2,11,0.159,0.04,0.24,18.18,B
3953,志 道 吉 和,3,22,0.175,0.01,0.31,22.73,A
4453,永 田 郁 弥,4,4,0.135,0.03,0.19,25.0,参考
3601,田 村 勇 一,5,4,0.168,0.03,0.27,25.0,参考
3741,松 尾 基 成,1,10,0.171,0.09,0.35,20.0,B
4748,渡 邉 雄 朗,4,6,0.122,0.08,0.2,50.0,C
4006,小 野 勇 作,5,14,0.179,0.05,0.32,0.0,B
3564,桑 原 啓,3,10,0.157,0.11,0.35,20.0,B
3799,今 泉 和 則,6,3,0.123,0.08,0.18,33.33,参考
3687,花 田 和 明,1,3,0.117,0.05,0.19,33.33,参考
3948,大 町 利 克,2,4,0.193,0.15,0.21,25.0,参考
4526,池 田 雄 祐,3,5,0.176,0.11,0.22,20.0,C
4644,山 田 亮 太,5,5,0.184,0.12,0.24,0.0,C
4727,安 部 慎 一,6,14,0.169,0.02,0.47,35.71,B
3448,高 山 秀 雄,1,4,0.152,0.08,0.23,50.0,参考
3226,浦 田 信 義,2,6,0.182,0.08,0.32,0.0,C
4129,宇 野 博 之,3,8,0.163,0.11,0.21,0.0,C
4162,竹 本 太 樹,4,3,0.067,0.04,0.11,66.67,参考
4182,吉 田 和 仁,6,3,0.17,0.11,0.29,0.0,参考
3752,宇 土 泰 就,2,9,0.203,0.08,0.32,11.11,C
3224,栗 山 繁 洋,3,8,0.163,0.09,0.29,12.5,C
4142,平 野 和 明,4,7,0.137,0.06,0.2,0.0,C
3953,志 道 吉 和,5,22,0.174,0.06,0.28,13.64,A
4403,木 下 大 將,1,36,0.139,0.01,0.3,38.89,A
4453,永 田 郁 弥,2,3,0.143,0.11,0.16,66.67,参考
3523,寳 田 亮 治,3,17,0.157,0.05,0.3,0.0,B
4588,田 中 京 介,5,17,0.171,0.08,0.29,17.65,B
4263,武 重 雄 介,6,4,0.233,0.17,0.34,0.0,参考
3904,森 貴 洋,1,10,0.121,0.04,0.19,50.0,B
3680,森 林 太,2,19,0.2,0.03,0.33,5.26,B
3284,渡 邊 伸太郎,4,14,0.173,0.04,0.27,14.29,B
3607,原 田 智 和,5,3,0.147,0.11,0.19,0.0,参考
3967,鈴 木 茂 高,6,3,0.157,0.13,0.18,0.0,参考
3623,深 川 真 二,1,12,0.173,0.09,0.28,16.67,B
3534,野 澤 大 二,2,4,0.152,0.13,0.17,25.0,参考
3662,大 庭 元 明,3,17,0.142,0.02,0.24,29.41,B
4357,田 中 和 也,4,4,0.177,0.01,0.31,25.0,参考
3284,渡 邊 伸太郎,1,12,0.207,0.14,0.31,25.0,B
3883,山 根 大 樹,2,3,0.197,0.18,0.22,0.0,参考
4182,吉 田 和 仁,3,3,0.26,0.21,0.32,0.0,参考
4644,山 田 亮 太,4,6,0.122,0.05,0.23,50.0,C
4675,井 手 良 太,5,7,0.09,0.04,0.16,57.14,C
3968,茶 谷 信 次,1,4,0.258,0.17,0.38,0.0,参考
3948,大 町 利 克,3,4,0.16,0.11,0.23,0.0,参考
4747,山 戸 信 二,5,10,0.202,0.07,0.5,20.0,B
3226,浦 田 信 義,4,10,0.203,0.05,0.32,20.0,B
3799,今 泉 和 則,1,7,0.146,0.05,0.24,42.86,C
3523,寳 田 亮 治,2,20,0.18,0.02,0.39,0.0,A
3534,野 澤 大 二,4,6,0.148,0.09,0.26,33.33,C
3564,桑 原 啓,5,7,0.114,0.04,0.18,0.0,C
4162,竹 本 太 樹,3,3,0.12,0.09,0.16,0.0,参考
3224,栗 山 繁 洋,2,9,0.196,0.1,0.31,11.11,C
4142,平 野 和 明,3,10,0.174,0.09,0.27,0.0,B
3601,田 村 勇 一,4,3,0.283,0.19,0.45,0.0,参考
4403,木 下 大 將,5,17,0.145,0.07,0.27,11.76,B
4693,松 下 誉 士,6,13,0.167,0.07,0.26,7.69,B
3967,鈴 木 茂 高,1,5,0.16,0.11,0.22,40.0,C
3662,大 庭 元 明,2,18,0.154,0.06,0.28,16.67,B
3687,花 田 和 明,3,4,0.138,0.11,0.18,0.0,参考
3953,志 道 吉 和,1,12,0.163,0.07,0.27,16.67,B
4263,武 重 雄 介,2,6,0.153,0.07,0.22,0.0,C
4271,川 崎 公 靖,3,3,0.223,0.13,0.29,0.0,参考
3741,松 尾 基 成,5,18,0.197,0.06,0.31,16.67,B
3523,寳 田 亮 治,1,22,0.155,0.07,0.31,27.27,A
4748,渡 邉 雄 朗,2,7,0.137,0.07,0.24,14.29,C
4129,宇 野 博 之,4,6,0.192,0.1,0.31,0.0,C
4182,吉 田 和 仁,5,6,0.207,0.07,0.38,33.33,C
3752,宇 土 泰 就,1,8,0.171,0.02,0.39,12.5,C
3601,田 村 勇 一,2,5,0.242,0.17,0.29,0.0,C
3607,原 田 智 和,3,4,0.182,0.16,0.21,0.0,参考
3883,山 根 大 樹,4,5,0.18,0.13,0.21,0.0,C
3224,栗 山 繁 洋,1,5,0.168,0.13,0.21,20.0,C
4006,小 野 勇 作,2,13,0.177,0.11,0.29,0.0,B
3363,豊 村 功,5,5,0.104,0.06,0.14,20.0,C
4142,平 野 和 明,1,12,0.189,0.12,0.25,8.33,B
3680,森 林 太,5,19,0.223,0.11,0.57,5.26,B
4263,武 重 雄 介,1,8,0.171,0.05,0.25,12.5,C
3662,大 庭 元 明,4,23,0.137,0.04,0.21,43.48,A
3904,森 貴 洋,6,6,0.187,0.07,0.29,33.33,C
4006,小 野 勇 作,1,11,0.151,0.11,0.21,18.18,B
3967,鈴 木 茂 高,2,4,0.138,0.11,0.16,25.0,参考
3284,渡 邊 伸太郎,3,12,0.198,0.15,0.31,8.33,B
3968,茶 谷 信 次,4,4,0.205,0.12,0.34,25.0,参考
3534,野 澤 大 二,5,3,0.177,0.15,0.21,0.0,参考
4403,木 下 大 將,6,19,0.144,0.08,0.27,15.79,B
4526,池 田 雄 祐,2,6,0.123,0.09,0.19,33.33,C
2596,館 野 友 良,3,3,0.16,0.13,0.19,0.0,参考
3523,寳 田 亮 治,5,18,0.163,0.04,0.32,16.67,B
4588,田 中 京 介,2,19,0.139,0.04,0.22,21.05,B
4129,宇 野 博 之,5,9,0.161,0.04,0.33,22.22,C
3607,原 田 智 和,2,3,0.14,0.04,0.24,0.0,参考
3623,深 川 真 二,3,8,0.124,0.02,0.23,62.5,C
3752,宇 土 泰 就,5,7,0.139,0.07,0.17,14.29,C
4182,吉 田 和 仁,2,3,0.177,0.16,0.19,0.0,参考
3741,松 尾 基 成,4,16,0.168,0.07,0.31,12.5,B
4748,渡 邉 雄 朗,6,7,0.21,0.13,0.41,28.57,C
3564,桑 原 啓,1,4,0.165,0.14,0.19,0.0,参考
4162,竹 本 太 樹,2,3,0.187,0.11,0.31,66.67,参考
4588,田 中 京 介,4,19,0.134,0.03,0.26,21.05,B
4142,平 野 和 明,5,9,0.203,0.13,0.34,0.0,C
3687,花 田 和 明,2,4,0.15,0.06,0.23,50.0,参考
3226,浦 田 信 義,3,6,0.215,0.15,0.29,0.0,C
4271,川 崎 公 靖,4,8,0.125,0.04,0.2,25.0,C
4675,井 手 良 太,6,3,0.153,0.09,0.22,33.33,参考
3741,松 尾 基 成,2,14,0.193,0.09,0.32,0.0,B
3363,豊 村 功,3,4,0.198,0.14,0.25,0.0,参考
4753,森 照 夫,5,12,0.163,0.04,0.39,33.33,B
4644,山 田 亮 太,6,6,0.127,0.03,0.28,33.33,C
4403,木 下 大 將,4,16,0.136,0.03,0.27,12.5,B
3953,志 道 吉 和,6,8,0.196,0.11,0.25,12.5,C
3564,桑 原 啓,2,9,0.157,0.11,0.33,11.11,C
4006,小 野 勇 作,3,14,0.178,0.07,0.33,21.43,B
3904,森 貴 洋,4,6,0.17,0.09,0.22,0.0,C
4142,平 野 和 明,6,6,0.21,0.13,0.31,0.0,C
4357,田 中 和 也,3,4,0.208,0.05,0.39,25.0,参考
3967,鈴 木 茂 高,5,3,0.25,0.22,0.27,0.0,参考
4263,武 重 雄 介,4,8,0.179,0.05,0.31,12.5,C
4644,山 田 亮 太,3,3,0.203,0.11,0.35,0.0,参考
4675,井 手 良 太,2,4,0.11,0.1,0.12,75.0,参考
4006,小 野 勇 作,4,11,0.202,0.12,0.39,0.0,B
3224,栗 山 繁 洋,5,7,0.161,0.09,0.22,42.86,C
4588,田 中 京 介,6,17,0.154,0.01,0.29,29.41,B
3680,森 林 太,3,15,0.206,0.08,0.32,0.0,B
3523,寳 田 亮 治,4,18,0.168,0.05,0.48,33.33,B
3968,茶 谷 信 次,5,3,0.253,0.1,0.43,0.0,参考
3883,山 根 大 樹,3,5,0.17,0.05,0.29,40.0,C
3752,宇 土 泰 就,4,10,0.12,0.03,0.18,20.0,B
3564,桑 原 啓,6,7,0.153,0.05,0.31,14.29,C
4271,川 崎 公 靖,1,4,0.152,0.04,0.23,25.0,参考
3953,志 道 吉 和,2,20,0.204,0.12,0.37,5.0,A
4727,安 部 慎 一,5,7,0.136,0.06,0.21,14.29,C
4644,山 田 亮 太,2,5,0.168,0.07,0.23,20.0,C
4675,井 手 良 太,3,7,0.206,0.08,0.38,28.57,C
3226,浦 田 信 義,5,7,0.239,0.05,0.37,0.0,C
4129,宇 野 博 之,6,6,0.16,0.11,0.24,16.67,C
4142,平 野 和 明,2,5,0.176,0.12,0.24,0.0,C
3904,森 貴 洋,3,5,0.17,0.11,0.28,20.0,C
3799,今 泉 和 則,5,5,0.1,0.02,0.14,60.0,C
3968,茶 谷 信 次,6,3,0.227,0.15,0.32,0.0,参考
3284,渡 邊 伸太郎,6,3,0.193,0.05,0.35,0.0,参考
4403,木 下 大 將,2,16,0.114,0.01,0.24,25.0,B
3967,鈴 木 茂 高,4,4,0.19,0.07,0.27,50.0,参考
4748,渡 邉 雄 朗,3,8,0.116,0.04,0.19,25.0,C
3564,桑 原 啓,4,8,0.13,0.04,0.24,50.0,C
4693,松 下 誉 士,4,14,0.147,0.0,0.33,21.43,B
4526,池 田 雄 祐,1,6,0.138,0.08,0.19,33.33,C
3752,宇 土 泰 就,6,6,0.165,0.08,0.24,0.0,C
3904,森 貴 洋,5,4,0.233,0.13,0.38,0.0,参考
3680,森 林 太,6,12,0.269,0.08,0.43,8.33,B
3224,栗 山 繁 洋,4,12,0.153,0.01,0.29,33.33,B
4263,武 重 雄 介,3,7,0.187,0.05,0.3,28.57,C
4162,竹 本 太 樹,5,3,0.217,0.05,0.33,0.0,参考
4526,池 田 雄 祐,4,4,0.085,0.03,0.13,100.0,参考
3953,志 道 吉 和,4,19,0.189,0.03,0.32,15.79,B
3607,原 田 智 和,6,3,0.183,0.14,0.22,0.0,参考
4006,小 野 勇 作,6,10,0.209,0.13,0.29,0.0,B
4477,篠 崎 仁 志,1,15,0.146,0.07,0.22,13.33,B
3541,三 嶌 誠 司,2,6,0.137,0.09,0.19,33.33,C
4397,西 村 拓 也,4,3,0.16,0.11,0.24,0.0,参考
4108,吉 村 正 明,5,11,0.161,0.06,0.35,36.36,B
4311,岡 村 仁,6,4,0.265,0.14,0.45,0.0,参考
4218,吉 川 喜 継,1,15,0.177,0.1,0.29,6.67,B
4042,丸 岡 正 典,3,7,0.189,0.06,0.29,0.0,C
3256,三 角 哲 男,5,4,0.155,0.1,0.19,0.0,参考
3719,辻 栄 蔵,6,7,0.15,0.09,0.26,28.57,C
4292,麻 生 慎 介,1,12,0.157,0.06,0.3,8.33,B
4025,山 本 隆 幸,2,5,0.17,0.16,0.18,0.0,C
3919,村 上 純,3,3,0.18,0.17,0.19,33.33,参考
3909,佐々木 康 幸,4,8,0.13,0.07,0.24,25.0,C
4112,大久保 信一郎,5,11,0.169,0.06,0.28,9.09,B
4350,篠 崎 元 志,6,10,0.136,0.08,0.23,20.0,B
4337,平 本 真 之,2,5,0.134,0.09,0.21,0.0,C
3960,菊 地 孝 平,3,5,0.098,0.08,0.14,20.0,C
3908,重 成 一 人,5,5,0.154,0.08,0.34,0.0,C
4290,稲 田 浩 二,6,6,0.147,0.08,0.3,50.0,C
3795,金 子 龍 介,1,4,0.158,0.03,0.35,75.0,参考
4364,池 永 太,3,15,0.153,0.08,0.26,20.0,B
4324,海 野 康志郎,5,7,0.119,0.05,0.24,14.29,C
3941,池 田 浩 二,6,4,0.228,0.13,0.33,0.0,参考
4027,松 江 秀 徳,1,14,0.165,0.05,0.3,14.29,B
3256,三 角 哲 男,2,10,0.137,0.01,0.24,40.0,B
3779,原 田 幸 哉,3,8,0.12,0.08,0.21,25.0,C
4230,濱 崎 直 矢,4,6,0.133,0.0,0.21,50.0,C
3898,平 田 忠 則,6,8,0.177,0.09,0.25,25.0,C
4083,福 島 勇 樹,1,7,0.107,0.01,0.19,57.14,C
4259,真 庭 明 志,2,8,0.125,0.06,0.25,25.0,C
4477,篠 崎 仁 志,3,8,0.121,0.02,0.22,12.5,C
3909,佐々木 康 幸,5,6,0.13,0.04,0.21,33.33,C
3541,三 嶌 誠 司,1,9,0.099,0.02,0.18,33.33,C
3960,菊 地 孝 平,2,7,0.149,0.04,0.23,42.86,C
3290,倉 谷 和 信,3,4,0.182,0.11,0.34,0.0,参考
3589,西 村 勝,4,7,0.14,0.07,0.29,14.29,C
3719,辻 栄 蔵,1,8,0.144,0.07,0.22,25.0,C
4171,榎 幸 司,2,7,0.177,0.11,0.3,28.57,C
4108,吉 村 正 明,4,12,0.1,0.01,0.19,41.67,B
3941,池 田 浩 二,5,4,0.133,0.11,0.17,0.0,参考
4528,黒 井 達 矢,6,3,0.157,0.07,0.24,33.33,参考
3779,原 田 幸 哉,1,8,0.109,0.06,0.15,37.5,C
3908,重 成 一 人,3,10,0.131,0.06,0.18,30.0,B
4448,青 木 玄 太,4,4,0.19,0.15,0.23,0.0,参考
4350,篠 崎 元 志,5,17,0.115,0.01,0.27,35.29,B
3251,平 石 和 男,6,6,0.235,0.14,0.39,0.0,C
4042,丸 岡 正 典,1,11,0.151,0.06,0.25,45.45,B
3795,金 子 龍 介,2,5,0.15,0.11,0.21,60.0,C
4337,平 本 真 之,3,5,0.126,0.09,0.19,20.0,C
3898,平 田 忠 則,4,13,0.118,0.0,0.25,46.15,B
4308,河 村 了,6,6,0.162,0.08,0.28,16.67,C
4024,井 口 佳 典,3,3,0.2,0.09,0.33,0.0,参考
4238,毒 島 誠,4,8,0.135,0.08,0.24,12.5,C
4168,石 野 貴 之,6,4,0.138,0.09,0.19,25.0,参考
3719,辻 栄 蔵,2,5,0.144,0.06,0.29,0.0,C
4083,福 島 勇 樹,3,7,0.176,0.08,0.31,28.57,C
4308,河 村 了,4,8,0.142,0.09,0.25,12.5,C
4290,稲 田 浩 二,5,7,0.143,0.07,0.22,28.57,C
4292,麻 生 慎 介,6,6,0.178,0.08,0.37,16.67,C
4171,榎 幸 司,1,12,0.148,0.07,0.32,33.33,B
3589,西 村 勝,3,5,0.182,0.1,0.3,20.0,C
4218,吉 川 喜 継,5,7,0.17,0.08,0.27,0.0,C
4024,井 口 佳 典,6,3,0.097,0.06,0.12,33.33,参考
4364,池 永 太,1,27,0.137,0.05,0.31,14.81,A
4027,松 江 秀 徳,3,12,0.152,0.07,0.24,8.33,B
3290,倉 谷 和 信,5,4,0.11,0.08,0.14,0.0,参考
4230,濱 崎 直 矢,6,5,0.164,0.12,0.18,40.0,C
3919,村 上 純,1,3,0.157,0.12,0.19,33.33,参考
3541,三 嶌 誠 司,3,6,0.127,0.05,0.19,33.33,C
4528,黒 井 達 矢,4,5,0.138,0.09,0.19,40.0,C
4238,毒 島 誠,5,4,0.122,0.08,0.18,25.0,参考
3251,平 石 和 男,1,8,0.18,0.07,0.25,12.5,C
4112,大久保 信一郎,2,9,0.161,0.06,0.25,33.33,C
3909,佐々木 康 幸,3,6,0.09,0.05,0.14,33.33,C
3256,三 角 哲 男,1,10,0.133,0.07,0.22,30.0,B
3589,西 村 勝,2,7,0.166,0.14,0.21,0.0,C
3749,今 坂 勝 広,5,3,0.167,0.12,0.23,0.0,参考
4168,石 野 貴 之,2,4,0.172,0.14,0.21,0.0,参考
4108,吉 村 正 明,3,10,0.13,0.04,0.23,50.0,B
4311,岡 村 仁,4,4,0.14,0.08,0.18,25.0,参考
4230,濱 崎 直 矢,5,8,0.141,0.04,0.26,37.5,C
4083,福 島 勇 樹,6,7,0.153,0.08,0.27,14.29,C
4259,真 庭 明 志,1,13,0.128,0.05,0.21,61.54,B
4292,麻 生 慎 介,5,5,0.126,0.07,0.19,40.0,C
4027,松 江 秀 徳,6,3,0.153,0.12,0.17,0.0,参考
3908,重 成 一 人,1,11,0.119,0.07,0.15,45.45,B
3251,平 石 和 男,2,4,0.18,0.13,0.24,0.0,参考
4324,海 野 康志郎,6,5,0.152,0.12,0.22,0.0,C
4024,井 口 佳 典,4,6,0.175,0.14,0.24,0.0,C
4528,黒 井 達 矢,2,4,0.11,0.05,0.17,25.0,参考
4477,篠 崎 仁 志,5,12,0.141,0.07,0.21,16.67,B
4189,川 上 剛,6,12,0.178,0.08,0.34,0.0,B
4168,石 野 貴 之,1,13,0.12,0.01,0.23,23.08,B
4364,池 永 太,2,9,0.156,0.08,0.25,22.22,C
4397,西 村 拓 也,5,4,0.117,0.09,0.15,0.0,参考
4218,吉 川 喜 継,6,6,0.243,0.15,0.38,0.0,C
3960,菊 地 孝 平,1,9,0.102,0.06,0.17,77.78,C
3941,池 田 浩 二,2,6,0.11,0.01,0.22,50.0,C
4350,篠 崎 元 志,4,26,0.145,0.05,0.31,23.08,A
4042,丸 岡 正 典,5,3,0.197,0.13,0.29,0.0,参考
4371,西 山 貴 浩,6,5,0.218,0.14,0.28,0.0,C
3589,西 村 勝,1,6,0.165,0.09,0.22,0.0,C
4292,麻 生 慎 介,2,5,0.148,0.11,0.21,20.0,C
3541,三 嶌 誠 司,4,7,0.126,0.07,0.18,0.0,C
3908,重 成 一 人,6,7,0.133,0.05,0.19,42.86,C
4311,岡 村 仁,1,5,0.14,0.02,0.25,20.0,C
4477,篠 崎 仁 志,2,12,0.117,0.05,0.19,25.0,B
4171,榎 幸 司,3,6,0.145,0.06,0.21,0.0,C
3251,平 石 和 男,5,8,0.159,0.08,0.21,0.0,C
3960,菊 地 孝 平,6,7,0.11,0.05,0.18,28.57,C
4308,河 村 了,1,9,0.159,0.09,0.24,33.33,C
4238,毒 島 誠,2,5,0.124,0.06,0.21,0.0,C
3719,辻 栄 蔵,3,4,0.125,0.03,0.18,50.0,参考
4397,西 村 拓 也,1,4,0.128,0.03,0.18,0.0,参考
4324,海 野 康志郎,3,7,0.1,0.07,0.16,14.29,C
4112,大久保 信一郎,4,9,0.137,0.04,0.22,33.33,C
3783,瓜 生 正 義,5,12,0.124,0.03,0.19,25.0,B
4230,濱 崎 直 矢,2,5,0.164,0.11,0.25,60.0,C
3779,原 田 幸 哉,4,5,0.096,0.04,0.17,0.0,C
4504,前 田 将 太,6,7,0.143,0.07,0.19,0.0,C
3290,倉 谷 和 信,1,4,0.155,0.12,0.19,0.0,参考
3941,池 田 浩 二,3,4,0.05,0.0,0.11,75.0,参考
4259,真 庭 明 志,4,8,0.125,0.02,0.17,37.5,C
3541,三 嶌 誠 司,5,7,0.166,0.09,0.23,0.0,C
4337,平 本 真 之,6,3,0.157,0.09,0.21,0.0,参考
4528,黒 井 達 矢,1,7,0.129,0.07,0.21,28.57,C
4350,篠 崎 元 志,2,20,0.152,0.03,0.26,20.0,A
4218,吉 川 喜 継,3,11,0.151,0.09,0.29,0.0,B
4168,石 野 貴 之,4,10,0.127,0.04,0.32,20.0,B
4108,吉 村 正 明,6,10,0.151,0.1,0.21,30.0,B
3795,金 子 龍 介,3,4,0.058,0.01,0.08,50.0,参考
4042,丸 岡 正 典,4,6,0.15,0.11,0.25,16.67,C
3719,辻 栄 蔵,5,5,0.142,0.09,0.2,0.0,C
3909,佐々木 康 幸,6,3,0.137,0.13,0.14,0.0,参考
4311,岡 村 仁,2,3,0.13,0.12,0.15,0.0,参考
4112,大久保 信一郎,3,10,0.171,0.09,0.24,10.0,B
4364,池 永 太,5,9,0.118,0.07,0.23,44.44,C
4238,毒 島 誠,1,6,0.11,0.03,0.19,16.67,C
3919,村 上 純,2,6,0.135,0.01,0.24,16.67,C
3908,重 成 一 人,4,6,0.127,0.07,0.28,33.33,C
3960,菊 地 孝 平,5,10,0.109,0.01,0.23,50.0,B
4259,真 庭 明 志,6,11,0.146,0.02,0.27,36.36,B
3290,倉 谷 和 信,2,6,0.193,0.07,0.28,16.67,C
4350,篠 崎 元 志,3,21,0.14,0.06,0.24,9.52,A
3256,三 角 哲 男,4,6,0.098,0.04,0.14,33.33,C
3779,原 田 幸 哉,5,8,0.066,0.01,0.11,62.5,C
4448,青 木 玄 太,2,3,0.213,0.21,0.22,0.0,参考
4168,石 野 貴 之,3,8,0.164,0.04,0.29,25.0,C
3795,金 子 龍 介,4,4,0.168,0.09,0.28,0.0,参考
4337,平 本 真 之,5,5,0.162,0.06,0.32,20.0,C
4171,榎 幸 司,6,8,0.228,0.15,0.37,0.0,C
4308,河 村 了,2,6,0.127,0.06,0.15,50.0,C
4027,松 江 秀 徳,4,6,0.155,0.12,0.25,50.0,C
4448,青 木 玄 太,6,5,0.256,0.13,0.31,0.0,C
4230,濱 崎 直 矢,1,11,0.125,0.01,0.29,54.55,B
4397,西 村 拓 也,2,3,0.107,0.09,0.12,33.33,参考
4528,黒 井 達 矢,3,7,0.127,0.06,0.18,42.86,C
4364,池 永 太,6,12,0.125,0.07,0.21,25.0,B
4108,吉 村 正 明,1,16,0.111,0.05,0.19,31.25,B
4083,福 島 勇 樹,4,5,0.166,0.08,0.21,0.0,C
4324,海 野 康志郎,2,6,0.167,0.06,0.25,16.67,C
4477,篠 崎 仁 志,4,9,0.163,0.04,0.27,0.0,C
3589,西 村 勝,6,6,0.163,0.08,0.24,0.0,C
3779,原 田 幸 哉,2,4,0.128,0.09,0.18,50.0,参考
3251,平 石 和 男,3,8,0.154,0.05,0.19,0.0,C
4218,吉 川 喜 継,4,9,0.169,0.06,0.22,11.11,C
3909,佐々木 康 幸,1,6,0.15,0.11,0.22,0.0,C
4259,真 庭 明 志,3,6,0.182,0.13,0.28,0.0,C
4168,石 野 貴 之,5,7,0.131,0.07,0.21,0.0,C
3256,三 角 哲 男,6,4,0.14,0.09,0.17,0.0,参考
4112,大久保 信一郎,1,8,0.154,0.02,0.32,37.5,C
3908,重 成 一 人,2,9,0.14,0.05,0.25,22.22,C
4308,河 村 了,3,6,0.147,0.11,0.19,0.0,C
4364,池 永 太,4,15,0.136,0.05,0.24,46.67,B
4171,榎 幸 司,5,8,0.194,0.01,0.28,25.0,C
4042,丸 岡 正 典,6,3,0.217,0.2,0.25,0.0,参考
4166,吉 田 拡 郎,2,3,0.073,0.04,0.13,0.0,参考
4397,西 村 拓 也,3,3,0.083,0.04,0.13,0.0,参考
3941,池 田 浩 二,4,4,0.057,0.03,0.09,25.0,参考
4083,福 島 勇 樹,5,8,0.125,0.04,0.24,12.5,C
4477,篠 崎 仁 志,6,10,0.136,0.05,0.36,0.0,B
4337,平 本 真 之,1,5,0.14,0.11,0.19,0.0,C
4218,吉 川 喜 継,2,11,0.175,0.05,0.28,0.0,B
4350,篠 崎 元 志,1,31,0.124,0.05,0.26,38.71,A
4027,松 江 秀 徳,2,8,0.135,0.04,0.23,25.0,C
4230,濱 崎 直 矢,3,6,0.068,0.01,0.17,83.33,C
3589,西 村 勝,5,6,0.135,0.09,0.19,16.67,C
3909,佐々木 康 幸,2,7,0.176,0.09,0.31,0.0,C
4292,麻 生 慎 介,3,4,0.152,0.12,0.19,50.0,参考
3960,菊 地 孝 平,4,6,0.18,0.08,0.41,16.67,C
4528,黒 井 達 矢,5,4,0.15,0.11,0.22,0.0,参考
3941,池 田 浩 二,1,3,0.103,0.06,0.13,100.0,参考
4108,吉 村 正 明,2,8,0.134,0.09,0.18,37.5,C
4402,乙 藤 智 史,2,15,0.159,0.07,0.34,6.67,B
4171,榎 幸 司,4,11,0.162,0.06,0.27,0.0,B
4402,乙 藤 智 史,4,17,0.148,0.01,0.46,47.06,B
4112,大久保 信一郎,6,6,0.243,0.15,0.34,0.0,C
4402,乙 藤 智 史,5,21,0.137,0.07,0.21,9.52,A
4324,海 野 康志郎,4,6,0.157,0.09,0.24,33.33,C
4308,河 村 了,5,5,0.198,0.11,0.26,20.0,C
3719,辻 栄 蔵,4,4,0.1,0.05,0.13,50.0,参考
3574,大 神 康 司,1,21,0.184,0.04,0.31,4.76,A
3122,高 山 哲 也,3,3,0.22,0.19,0.25,0.0,参考
3926,大古場 貴,4,3,0.25,0.18,0.36,0.0,参考
4674,池 田 剛 規,6,17,0.144,0.02,0.25,35.29,B
4159,向 後 龍 一,3,5,0.146,0.08,0.26,20.0,C
3635,石 田 政 吾,4,6,0.118,0.07,0.2,50.0,C
3560,太 田 克 哉,5,3,0.21,0.19,0.23,0.0,参考
3772,一 柳 和 孝,6,6,0.135,0.05,0.24,33.33,C
3742,宮 地 秀 祈,1,4,0.165,0.1,0.21,0.0,参考
4252,松 下 哲 也,2,3,0.19,0.14,0.24,33.33,参考
4468,大 池 佑 来,3,6,0.168,0.09,0.23,0.0,C
4213,重 富 伸 也,4,14,0.136,0.02,0.31,57.14,B
4657,江 崎 一 雄,5,7,0.137,0.02,0.23,28.57,C
4728,山 口 亮,6,15,0.27,0.11,0.51,0.0,B
3963,原 田 秀 弥,1,7,0.191,0.08,0.26,0.0,C
3565,坂 本 徳 克,2,3,0.21,0.19,0.23,0.0,参考
4314,青 木 幸太郎,4,23,0.117,0.01,0.27,56.52,A
4822,百 武 翔,6,10,0.129,0.08,0.19,40.0,B
3912,川 原 正 明,1,5,0.12,0.07,0.18,60.0,C
3227,長 岡 茂 一,2,4,0.18,0.13,0.29,0.0,参考
3535,渡 修 平,3,7,0.164,0.09,0.25,14.29,C
3025,山 口 哲 治,4,4,0.2,0.1,0.31,0.0,参考
4769,馬 場 剛,5,5,0.13,0.01,0.22,40.0,C
4489,岩 川 仁 士,6,6,0.128,0.07,0.21,33.33,C
4351,里 岡 右 貴,2,8,0.171,0.11,0.24,25.0,C
3412,鈴 木 博,3,5,0.256,0.21,0.29,0.0,C
2878,富 山 弘 幸,4,8,0.177,0.06,0.35,0.0,C
3926,大古場 貴,5,4,0.233,0.17,0.32,0.0,参考
4204,柴 田 大 輔,2,4,0.225,0.13,0.32,0.0,参考
4728,山 口 亮,5,6,0.165,0.08,0.26,0.0,C
3560,太 田 克 哉,6,4,0.198,0.13,0.3,0.0,参考
4144,石 塚 久 也,1,8,0.148,0.13,0.17,0.0,C
4210,松 村 康 太,3,6,0.17,0.12,0.27,33.33,C
3772,一 柳 和 孝,5,7,0.134,0.08,0.19,14.29,C
4213,重 富 伸 也,6,6,0.115,0.04,0.21,33.33,C
4314,青 木 幸太郎,1,22,0.137,0.07,0.25,27.27,A
3912,川 原 正 明,3,7,0.127,0.07,0.18,57.14,C
4674,池 田 剛 規,4,12,0.15,0.06,0.27,25.0,B
4468,大 池 佑 来,5,6,0.143,0.1,0.22,66.67,C
3535,渡 修 平,6,7,0.184,0.14,0.23,0.0,C
4532,秋 元 哲,1,6,0.158,0.06,0.19,33.33,C
3236,田 上 晋 六,3,3,0.17,0.13,0.22,0.0,参考
4645,上 村 純 一,4,5,0.118,0.08,0.15,40.0,C
4489,岩 川 仁 士,5,11,0.122,0.01,0.24,45.45,B
4521,小 池 公 生,6,17,0.259,0.19,0.37,0.0,B
4351,里 岡 右 貴,1,22,0.16,0.05,0.25,31.82,A
4082,濱 崎 誠,4,3,0.18,0.09,0.31,0.0,参考
4152,深 水 慎一郎,5,6,0.155,0.05,0.26,16.67,C
3635,石 田 政 吾,1,10,0.143,0.07,0.19,50.0,B
3574,大 神 康 司,2,22,0.167,0.1,0.23,9.09,A
3227,長 岡 茂 一,3,7,0.187,0.09,0.29,14.29,C
3963,原 田 秀 弥,4,3,0.127,0.09,0.19,33.33,参考
4657,江 崎 一 雄,6,3,0.14,0.11,0.19,66.67,参考
4468,大 池 佑 来,1,13,0.162,0.11,0.29,23.08,B
3926,大古場 貴,2,4,0.142,0.11,0.18,25.0,参考
4204,柴 田 大 輔,4,5,0.26,0.13,0.35,0.0,C
4822,百 武 翔,5,4,0.177,0.02,0.31,0.0,参考
4252,松 下 哲 也,6,5,0.166,0.07,0.25,0.0,C
4152,深 水 慎一郎,1,5,0.166,0.13,0.19,0.0,C
2838,松 本 功,2,3,0.13,0.06,0.23,33.33,参考
3025,山 口 哲 治,3,5,0.152,0.09,0.21,20.0,C
4213,重 富 伸 也,5,12,0.194,0.07,0.57,25.0,B
4645,上 村 純 一,1,5,0.152,0.01,0.26,40.0,C
4521,小 池 公 生,4,23,0.192,0.02,0.5,13.04,A
3535,渡 修 平,5,9,0.171,0.08,0.23,0.0,C
3574,大 神 康 司,3,19,0.189,0.1,0.34,15.79,B
4769,馬 場 剛,6,9,0.126,0.04,0.22,22.22,C
3412,鈴 木 博,1,6,0.122,0.06,0.17,16.67,C
4532,秋 元 哲,5,4,0.105,0.06,0.19,50.0,参考
2878,富 山 弘 幸,1,8,0.164,0.06,0.27,12.5,C
3635,石 田 政 吾,2,7,0.141,0.06,0.24,42.86,C
3772,一 柳 和 孝,1,9,0.118,0.01,0.21,55.56,C
4210,松 村 康 太,2,3,0.223,0.16,0.26,0.0,参考
4252,松 下 哲 也,4,6,0.192,0.12,0.33,0.0,C
4674,池 田 剛 規,2,13,0.193,0.07,0.34,23.08,B
4769,馬 場 剛,4,5,0.128,0.09,0.17,100.0,C
4204,柴 田 大 輔,5,4,0.232,0.07,0.31,25.0,参考
3672,坂 上 毅,6,3,0.217,0.14,0.36,66.67,参考
4657,江 崎 一 雄,1,6,0.145,0.01,0.21,50.0,C
2838,松 本 功,3,3,0.223,0.12,0.35,33.33,参考
4082,濱 崎 誠,6,4,0.182,0.14,0.23,25.0,参考
3278,山 田 豊,1,3,0.13,0.11,0.14,33.33,参考
4489,岩 川 仁 士,2,10,0.101,0.01,0.19,20.0,B
4144,石 塚 久 也,5,6,0.148,0.07,0.18,0.0,C
3814,金 子 貴 志,1,3,0.167,0.14,0.18,33.33,参考
3772,一 柳 和 孝,2,9,0.158,0.07,0.23,11.11,C
4213,重 富 伸 也,3,9,0.182,0.05,0.39,11.11,C
4351,里 岡 右 貴,5,15,0.115,0.04,0.19,20.0,B
4210,松 村 康 太,1,6,0.155,0.08,0.21,33.33,C
3963,原 田 秀 弥,2,6,0.147,0.08,0.2,16.67,C
4314,青 木 幸太郎,5,26,0.148,0.06,0.31,23.08,A
4532,秋 元 哲,6,3,0.157,0.08,0.28,0.0,参考
3227,長 岡 茂 一,1,8,0.17,0.09,0.29,25.0,C
2878,富 山 弘 幸,2,5,0.16,0.07,0.33,0.0,C
4152,深 水 慎一郎,4,5,0.162,0.11,0.29,20.0,C
4521,小 池 公 生,5,17,0.186,0.03,0.35,23.53,B
4144,石 塚 久 也,6,7,0.166,0.09,0.31,14.29,C
3535,渡 修 平,2,5,0.21,0.04,0.37,20.0,C
4489,岩 川 仁 士,3,9,0.141,0.06,0.24,33.33,C
3772,一 柳 和 孝,4,11,0.174,0.09,0.37,27.27,B
3926,大古場 貴,3,5,0.238,0.11,0.41,20.0,C
3574,大 神 康 司,4,10,0.132,0.04,0.28,50.0,B
4252,松 下 哲 也,5,3,0.203,0.09,0.28,0.0,参考
3170,谷 口 勝,2,3,0.25,0.2,0.31,0.0,参考
4314,青 木 幸太郎,3,17,0.138,0.02,0.43,47.06,B
3635,石 田 政 吾,5,5,0.144,0.12,0.21,40.0,C
4144,石 塚 久 也,2,5,0.122,0.08,0.19,40.0,C
3742,宮 地 秀 祈,3,3,0.147,0.09,0.19,33.33,参考
4351,里 岡 右 貴,4,15,0.125,0.02,0.23,53.33,B
4521,小 池 公 生,1,18,0.144,0.03,0.28,33.33,B
3412,鈴 木 博,2,4,0.213,0.14,0.33,0.0,参考
4628,山 田 達 也,6,3,0.17,0.11,0.26,33.33,参考
4468,大 池 佑 来,2,6,0.15,0.05,0.25,16.67,C
4082,濱 崎 誠,1,3,0.163,0.11,0.23,33.33,参考
4674,池 田 剛 規,3,15,0.151,0.04,0.25,20.0,B
4213,重 富 伸 也,2,11,0.174,0.13,0.23,0.0,B
4159,向 後 龍 一,4,4,0.17,0.09,0.26,0.0,参考
4657,江 崎 一 雄,3,6,0.188,0.13,0.24,33.33,C
4152,深 水 慎一郎,6,4,0.21,0.18,0.28,0.0,参考
3635,石 田 政 吾,3,7,0.14,0.07,0.23,42.86,C
4468,大 池 佑 来,4,5,0.136,0.09,0.17,20.0,C
3742,宮 地 秀 祈,5,4,0.19,0.14,0.24,50.0,参考
4645,上 村 純 一,6,3,0.127,0.02,0.2,33.33,参考
4210,松 村 康 太,5,3,0.147,0.04,0.26,0.0,参考
4532,秋 元 哲,2,4,0.14,0.07,0.19,25.0,参考
4645,上 村 純 一,2,3,0.087,0.05,0.14,0.0,参考
4159,向 後 龍 一,1,5,0.198,0.15,0.28,20.0,C
3535,渡 修 平,4,6,0.17,0.02,0.29,33.33,C
3025,山 口 哲 治,2,3,0.173,0.16,0.19,0.0,参考
3560,太 田 克 哉,4,4,0.158,0.14,0.18,0.0,参考
4144,石 塚 久 也,4,5,0.158,0.08,0.21,0.0,C
4082,濱 崎 誠,5,4,0.155,0.08,0.27,25.0,参考
4521,小 池 公 生,2,11,0.211,0.1,0.4,0.0,B
3227,長 岡 茂 一,4,7,0.14,0.03,0.24,28.57,C
4351,里 岡 右 貴,6,14,0.146,0.07,0.22,28.57,B
4152,深 水 慎一郎,3,4,0.172,0.11,0.21,25.0,参考
4210,松 村 康 太,6,3,0.197,0.13,0.3,0.0,参考
4532,秋 元 哲,3,5,0.14,0.07,0.22,20.0,C
3912,川 原 正 明,5,4,0.14,0.11,0.19,50.0,参考
4728,山 口 亮,4,6,0.19,0.12,0.24,33.33,C
4159,向 後 龍 一,6,5,0.2,0.16,0.26,20.0,C
2878,富 山 弘 幸,5,4,0.145,0.09,0.21,0.0,参考
3742,宮 地 秀 祈,4,4,0.22,0.05,0.3,0.0,参考
4210,松 村 康 太,4,8,0.201,0.09,0.31,0.0,C
4314,青 木 幸太郎,2,15,0.129,0.07,0.19,20.0,B
4657,江 崎 一 雄,2,5,0.136,0.03,0.2,0.0,C
4082,濱 崎 誠,2,4,0.135,0.09,0.17,75.0,参考
4336,松 田 竜 馬,3,11,0.154,0.08,0.24,27.27,B
4532,秋 元 哲,4,3,0.12,0.08,0.19,33.33,参考
2878,富 山 弘 幸,3,7,0.196,0.13,0.32,14.29,C
4427,秦 英 悟,1,5,0.158,0.09,0.23,40.0,C
4416,三 宅 健 太,3,14,0.149,0.06,0.25,0.0,B
4491,田 中 堅,5,5,0.18,0.12,0.32,20.0,C
4817,渡 邉 翼,6,20,0.189,0.01,0.28,15.0,A
4437,中 田 元 泰,1,9,0.173,0.1,0.26,22.22,C
4442,松 竹 大 輔,3,11,0.12,0.02,0.27,9.09,B
3257,田 頭 実,2,44,0.115,0.01,0.32,45.45,A
4672,守 屋 大 地,5,4,0.168,0.13,0.19,0.0,参考
4749,山 口 貢 輝,6,26,0.18,0.01,0.31,11.54,A
4574,東 潤 樹,1,5,0.162,0.11,0.22,40.0,C
4441,末 永 由 楽,2,4,0.152,0.09,0.29,25.0,参考
3718,伊 達 正 利,3,4,0.128,0.1,0.15,0.0,参考
4718,北 川 太 一,4,7,0.134,0.07,0.19,42.86,C
4537,渡 邉 和 将,5,5,0.13,0.07,0.17,40.0,C
3265,今 村 暢 孝,1,27,0.156,0.04,0.32,22.22,A
4494,河 合 佑 樹,2,3,0.17,0.11,0.26,0.0,参考
4656,大 崎 翔,3,6,0.148,0.05,0.21,33.33,C
4445,宮 地 元 輝,4,3,0.167,0.16,0.17,33.33,参考
4630,岩 永 雅 人,5,4,0.175,0.04,0.25,25.0,参考
4438,森 作 雄 大,6,9,0.273,0.13,0.41,11.11,C
3731,高 濱 芳 久,1,12,0.164,0.03,0.27,0.0,B
4558,宮 野 仁,5,3,0.14,0.05,0.22,33.33,参考
4755,山 田 貴 愛,6,5,0.136,0.02,0.21,20.0,C
4416,三 宅 健 太,1,4,0.212,0.12,0.34,0.0,参考
3161,古 場 輝 義,2,7,0.167,0.07,0.26,0.0,C
4460,後 藤 翔 之,3,3,0.18,0.11,0.22,33.33,参考
4513,河 野 真 也,5,15,0.157,0.03,0.37,6.67,B
4583,古 田 祐 貴,6,10,0.16,0.07,0.22,0.0,B
4731,間 野 兼 礼,3,5,0.15,0.13,0.19,20.0,C
4411,沢 田 昭 宏,2,6,0.167,0.04,0.24,0.0,C
3718,伊 達 正 利,1,5,0.152,0.06,0.24,0.0,C
4656,大 崎 翔,2,6,0.13,0.05,0.21,33.33,C
4652,酒 見 峻 介,3,9,0.162,0.06,0.41,22.22,C
4702,三 浦 敬 太,4,7,0.104,0.02,0.21,85.71,C
4749,山 口 貢 輝,5,13,0.18,0.02,0.28,7.69,B
4491,田 中 堅,6,5,0.15,0.03,0.28,20.0,C
4369,丹 下 将,1,6,0.157,0.04,0.25,16.67,C
3731,高 濱 芳 久,2,17,0.178,0.1,0.27,0.0,B
4441,末 永 由 楽,3,3,0.127,0.1,0.15,0.0,参考
4483,北 野 輝 季,4,3,0.08,0.04,0.12,100.0,参考
4420,津久井 拓 也,5,9,0.159,0.11,0.24,11.11,C
3081,岡 本 慎 治,1,6,0.153,0.09,0.22,50.0,C
4437,中 田 元 泰,2,7,0.183,0.13,0.31,42.86,C
4513,河 野 真 也,3,17,0.168,0.09,0.35,5.88,B
4445,宮 地 元 輝,5,10,0.144,0.05,0.26,30.0,B
4496,内 堀 学,6,9,0.143,0.01,0.25,11.11,C
4494,河 合 佑 樹,1,7,0.124,0.08,0.17,28.57,C
4574,東 潤 樹,2,8,0.154,0.06,0.3,12.5,C
3161,古 場 輝 義,4,5,0.206,0.14,0.24,0.0,C
4543,重 木 輝 彦,5,5,0.176,0.12,0.23,0.0,C
4471,新 田 泰 章,6,10,0.205,0.11,0.34,10.0,B
3257,田 頭 実,1,18,0.111,0.01,0.3,66.67,B
3265,今 村 暢 孝,2,50,0.17,0.06,0.29,14.0,A
4427,秦 英 悟,4,6,0.102,0.02,0.16,33.33,C
4460,後 藤 翔 之,5,4,0.117,0.08,0.19,50.0,参考
4537,渡 邉 和 将,6,6,0.14,0.09,0.22,33.33,C
4537,渡 邉 和 将,1,11,0.154,0.09,0.29,45.45,B
4457,神 田 達 也,3,3,0.117,0.08,0.18,0.0,参考
4416,三 宅 健 太,4,8,0.158,0.04,0.27,25.0,C
4755,山 田 貴 愛,5,6,0.185,0.01,0.35,16.67,C
4420,津久井 拓 也,1,12,0.194,0.09,0.31,16.67,B
4672,守 屋 大 地,3,5,0.17,0.07,0.24,20.0,C
4543,重 木 輝 彦,4,6,0.223,0.11,0.39,0.0,C
4702,三 浦 敬 太,1,12,0.112,0.05,0.17,58.33,B
4630,岩 永 雅 人,3,4,0.195,0.07,0.26,25.0,参考
4494,河 合 佑 樹,5,3,0.11,0.07,0.19,33.33,参考
4652,酒 見 峻 介,6,5,0.148,0.09,0.21,40.0,C
4471,新 田 泰 章,2,11,0.15,0.06,0.26,36.36,B
4558,宮 野 仁,4,4,0.147,0.09,0.24,0.0,参考
4718,北 川 太 一,5,4,0.117,0.09,0.13,25.0,参考
3161,古 場 輝 義,1,11,0.165,0.09,0.23,9.09,B
4460,後 藤 翔 之,2,4,0.113,0.05,0.18,25.0,参考
4441,末 永 由 楽,4,3,0.133,0.04,0.19,0.0,参考
4543,重 木 輝 彦,1,8,0.158,0.03,0.25,37.5,C
3081,岡 本 慎 治,3,6,0.142,0.07,0.31,33.33,C
3731,高 濱 芳 久,4,21,0.153,0.08,0.29,9.52,A
4427,秦 英 悟,5,4,0.11,0.03,0.21,25.0,参考
4442,松 竹 大 輔,1,5,0.202,0.13,0.31,20.0,C
4491,田 中 堅,2,5,0.156,0.07,0.22,0.0,C
4411,沢 田 昭 宏,3,6,0.155,0.08,0.29,16.67,C
4652,酒 見 峻 介,4,8,0.155,0.06,0.26,25.0,C
4583,古 田 祐 貴,1,11,0.163,0.04,0.29,36.36,B
4558,宮 野 仁,2,7,0.217,0.14,0.36,0.0,C
4574,東 潤 樹,4,9,0.191,0.07,0.31,22.22,C
4513,河 野 真 也,1,18,0.152,0.07,0.27,16.67,B
4537,渡 邉 和 将,2,3,0.127,0.08,0.16,66.67,参考
4496,内 堀 学,3,8,0.16,0.09,0.23,25.0,C
4471,新 田 泰 章,4,7,0.171,0.03,0.27,14.29,C
4656,大 崎 翔,6,8,0.215,0.12,0.34,0.0,C
4445,宮 地 元 輝,1,8,0.181,0.08,0.22,0.0,C
4369,丹 下 将,2,3,0.14,0.08,0.26,33.33,参考
4427,秦 英 悟,3,4,0.19,0.11,0.26,25.0,参考
4731,間 野 兼 礼,4,5,0.204,0.12,0.29,20.0,C
4483,北 野 輝 季,1,3,0.143,0.11,0.21,66.67,参考
4411,沢 田 昭 宏,5,8,0.169,0.1,0.29,0.0,C
4437,中 田 元 泰,6,11,0.187,0.11,0.28,9.09,B
4460,後 藤 翔 之,1,5,0.14,0.11,0.16,20.0,C
4420,津久井 拓 也,3,10,0.109,0.03,0.19,40.0,B
4583,古 田 祐 貴,4,7,0.133,0.03,0.19,14.29,C
4496,内 堀 学,5,5,0.16,0.06,0.31,20.0,C
4656,大 崎 翔,4,4,0.133,0.08,0.21,25.0,参考
4442,松 竹 大 輔,5,7,0.131,0.05,0.22,14.29,C
4441,末 永 由 楽,6,3,0.11,0.09,0.12,33.33,参考
4457,神 田 達 也,2,3,0.1,0.09,0.11,0.0,参考
4718,北 川 太 一,3,5,0.15,0.08,0.22,20.0,C
4537,渡 邉 和 将,4,9,0.09,0.06,0.22,55.56,C
4437,中 田 元 泰,4,3,0.137,0.12,0.16,0.0,参考
4574,東 潤 樹,5,8,0.175,0.09,0.26,25.0,C
4427,秦 英 悟,2,3,0.13,0.11,0.15,0.0,参考
4442,松 竹 大 輔,4,5,0.126,0.06,0.19,0.0,C
4630,岩 永 雅 人,6,3,0.143,0.1,0.22,33.33,参考
4736,高 倉 和 士,1,17,0.135,0.04,0.32,58.82,B
4652,酒 見 峻 介,2,7,0.166,0.06,0.28,0.0,C
4731,間 野 兼 礼,5,3,0.107,0.03,0.16,0.0,参考
4416,三 宅 健 太,2,9,0.18,0.11,0.29,33.33,C
4491,田 中 堅,3,5,0.148,0.08,0.21,20.0,C
4494,河 合 佑 樹,4,4,0.087,0.04,0.11,50.0,参考
4441,末 永 由 楽,5,3,0.13,0.09,0.19,0.0,参考
4583,古 田 祐 貴,2,5,0.084,0.02,0.13,40.0,C
3161,古 場 輝 義,3,8,0.169,0.03,0.24,0.0,C
4656,大 崎 翔,5,7,0.134,0.01,0.25,42.86,C
4471,新 田 泰 章,1,19,0.136,0.06,0.22,42.11,B
3081,岡 本 慎 治,4,7,0.151,0.07,0.21,14.29,C
4369,丹 下 将,5,6,0.172,0.14,0.21,0.0,C
4672,守 屋 大 地,6,3,0.137,0.11,0.15,33.33,参考
4496,内 堀 学,1,10,0.198,0.09,0.29,10.0,B
4574,東 潤 樹,3,8,0.143,0.11,0.2,0.0,C
3718,伊 達 正 利,4,4,0.23,0.11,0.35,0.0,参考
4702,三 浦 敬 太,6,3,0.117,0.09,0.15,0.0,参考
4445,宮 地 元 輝,3,5,0.104,0.02,0.2,0.0,C
4437,中 田 元 泰,5,8,0.145,0.06,0.21,0.0,C
4442,松 竹 大 輔,2,5,0.17,0.11,0.23,60.0,C
3257,田 頭 実,3,9,0.111,0.05,0.15,33.33,C
3161,古 場 輝 義,5,10,0.184,0.02,0.36,0.0,B
4630,岩 永 雅 人,4,4,0.11,0.05,0.15,75.0,参考
4352,下 條 雄太郎,5,9,0.119,0.01,0.21,33.33,C
4558,宮 野 仁,3,3,0.17,0.13,0.23,0.0,参考
4817,渡 邉 翼,5,15,0.115,0.02,0.24,33.33,B
4718,北 川 太 一,6,8,0.2,0.16,0.34,25.0,C
4513,河 野 真 也,4,14,0.181,0.08,0.28,7.14,B
4416,三 宅 健 太,5,7,0.184,0.13,0.21,14.29,C
4630,岩 永 雅 人,2,3,0.18,0.09,0.26,0.0,参考
4427,秦 英 悟,6,4,0.15,0.01,0.25,50.0,参考
3265,今 村 暢 孝,4,3,0.127,0.09,0.15,33.33,参考
4702,三 浦 敬 太,5,6,0.135,0.05,0.22,66.67,C
4496,内 堀 学,2,5,0.184,0.11,0.31,20.0,C
4420,津久井 拓 也,6,10,0.161,0.07,0.28,0.0,B
4718,北 川 太 一,2,4,0.128,0.09,0.16,0.0,参考
4672,守 屋 大 地,2,3,0.197,0.18,0.23,0.0,参考
4513,河 野 真 也,2,14,0.166,0.07,0.29,7.14,B
4491,田 中 堅,4,4,0.228,0.14,0.28,0.0,参考
4411,沢 田 昭 宏,1,3,0.19,0.14,0.27,0.0,参考
4442,松 竹 大 輔,6,6,0.187,0.13,0.26,0.0,C
4420,津久井 拓 也,4,8,0.119,0.07,0.2,37.5,C
4583,古 田 祐 貴,5,9,0.136,0.02,0.24,22.22,C
4513,河 野 真 也,6,15,0.171,0.05,0.31,6.67,B
3265,今 村 暢 孝,3,6,0.167,0.08,0.22,16.67,C
4494,河 合 佑 樹,3,3,0.037,0.01,0.05,66.67,参考
4702,三 浦 敬 太,2,4,0.19,0.04,0.49,50.0,参考
4755,山 田 貴 愛,4,4,0.177,0.09,0.26,25.0,参考
4438,森 作 雄 大,5,3,0.14,0.08,0.25,33.33,参考
4441,末 永 由 楽,1,4,0.092,0.06,0.11,75.0,参考
4420,津久井 拓 也,2,3,0.14,0.12,0.16,33.33,参考
3731,高 濱 芳 久,3,15,0.203,0.12,0.33,0.0,B
3081,岡 本 慎 治,2,5,0.142,0.07,0.22,20.0,C
4537,渡 邉 和 将,3,6,0.133,0.08,0.17,33.33,C
3333,丸 尾 義 孝,1,8,0.171,0.06,0.25,50.0,C
4382,高 山 智 至,3,3,0.19,0.13,0.28,66.67,参考
4479,矢 野 真梨菜,4,6,0.21,0.13,0.32,0.0,C
4737,竹 井 貴 史,5,12,0.156,0.08,0.26,16.67,B
4759,今 泉 友 吾,6,9,0.192,0.11,0.25,0.0,C
3559,水 長 照 雄,1,7,0.17,0.1,0.31,0.0,C
4525,真 子 奈津実,2,15,0.171,0.06,0.29,13.33,B
3584,佐々木 英 樹,3,11,0.161,0.08,0.25,9.09,B
4434,田 中 辰 彦,5,5,0.156,0.04,0.26,0.0,C
4625,渡 邊 裕 貴,6,3,0.16,0.09,0.23,0.0,参考
3379,打 越 晶,1,10,0.157,0.07,0.24,10.0,B
4373,若 狭 奈美子,4,6,0.11,0.05,0.19,16.67,C
3455,谷 本 幸 司,5,3,0.127,0.07,0.21,0.0,参考
4757,山 田 祐 也,6,8,0.135,0.04,0.21,62.5,C
3443,森 秋 光,1,4,0.203,0.16,0.28,25.0,参考
4047,吉 永 浩 則,2,7,0.194,0.09,0.28,0.0,C
4502,遠 藤 エ ミ,5,5,0.144,0.04,0.32,20.0,C
4661,中 島 昂 章,6,12,0.243,0.16,0.34,0.0,B
4498,宮 本 夏 樹,2,9,0.141,0.03,0.25,22.22,C
4008,中 尾 誠,3,3,0.183,0.12,0.25,0.0,参考
2380,関 忠 志,1,5,0.212,0.16,0.33,20.0,C
4529,嶋 義 信,6,5,0.168,0.09,0.19,0.0,C
4327,加 藤 翔,4,5,0.202,0.09,0.31,20.0,C
4382,高 山 智 至,5,4,0.175,0.11,0.29,25.0,参考
4488,小 山 勉,1,7,0.161,0.13,0.2,14.29,C
3885,久 田 武,2,7,0.153,0.06,0.3,14.29,C
4208,三 浦 永 理,3,12,0.16,0.09,0.23,0.0,B
4359,横 川 聖 志,4,11,0.135,0.07,0.24,54.55,B
4625,渡 邊 裕 貴,5,5,0.152,0.07,0.25,0.0,C
4233,亀 山 雅 幸,6,3,0.217,0.15,0.27,0.0,参考
4313,西 村 美智子,1,10,0.104,0.04,0.15,70.0,B
4373,若 狭 奈美子,2,8,0.131,0.03,0.23,25.0,C
4525,真 子 奈津実,3,17,0.146,0.05,0.29,11.76,B
4479,矢 野 真梨菜,5,7,0.206,0.09,0.29,0.0,C
4765,野田部 宏 子,6,21,0.205,0.02,0.39,14.29,A
3296,高 柳 成 聡,2,4,0.19,0.1,0.35,25.0,参考
4434,田 中 辰 彦,3,7,0.14,0.01,0.22,28.57,C
3455,谷 本 幸 司,4,4,0.158,0.12,0.19,0.0,参考
4743,木 村 仁 紀,5,5,0.148,0.07,0.19,0.0,C
4737,竹 井 貴 史,6,13,0.15,0.07,0.27,38.46,B
4466,南 佑 典,1,4,0.19,0.16,0.22,0.0,参考
3950,石 川 哲 秀,2,3,0.203,0.17,0.23,0.0,参考
4502,遠 藤 エ ミ,4,6,0.165,0.12,0.27,16.67,C
3559,水 長 照 雄,5,3,0.17,0.13,0.23,0.0,参考
4015,前 野 竜 一,3,7,0.151,0.07,0.22,42.86,C
4047,吉 永 浩 則,1,3,0.19,0.11,0.24,33.33,参考
3379,打 越 晶,2,4,0.175,0.09,0.26,0.0,参考
3885,久 田 武,4,8,0.198,0.04,0.38,0.0,C
4233,亀 山 雅 幸,5,3,0.133,0.11,0.18,0.0,参考
4704,河 野 大,6,4,0.24,0.09,0.56,25.0,参考
4313,西 村 美智子,2,7,0.136,0.04,0.24,28.57,C
4498,宮 本 夏 樹,3,5,0.096,0.08,0.12,20.0,C
4359,横 川 聖 志,5,10,0.152,0.07,0.43,30.0,B
4715,村 上 遼,6,6,0.145,0.03,0.32,16.67,C
3333,丸 尾 義 孝,2,5,0.138,0.04,0.23,20.0,C
3443,森 秋 光,3,3,0.193,0.13,0.31,33.33,参考
4208,三 浦 永 理,5,11,0.135,0.05,0.23,18.18,B
3842,星 野 太 郎,6,3,0.173,0.11,0.23,0.0,参考
4327,加 藤 翔,2,7,0.171,0.11,0.27,0.0,C
4757,山 田 祐 也,3,5,0.18,0.13,0.23,20.0,C
4525,真 子 奈津実,5,19,0.145,0.04,0.23,36.84,B
4208,三 浦 永 理,1,18,0.174,0.08,0.3,0.0,B
4479,矢 野 真梨菜,2,6,0.167,0.13,0.21,0.0,C
4704,河 野 大,5,3,0.14,0.12,0.15,0.0,参考
4743,木 村 仁 紀,6,5,0.198,0.14,0.27,20.0,C
3455,谷 本 幸 司,1,4,0.11,0.01,0.16,75.0,参考
3379,打 越 晶,3,6,0.232,0.14,0.37,16.67,C
4625,渡 邊 裕 貴,4,9,0.168,0.04,0.26,11.11,C
3333,丸 尾 義 孝,5,7,0.154,0.06,0.27,14.29,C
4313,西 村 美智子,6,7,0.153,0.11,0.24,28.57,C
4008,中 尾 誠,1,4,0.168,0.09,0.32,50.0,参考
4015,前 野 竜 一,2,6,0.24,0.17,0.33,16.67,C
4502,遠 藤 エ ミ,3,8,0.181,0.12,0.31,25.0,C
3584,佐々木 英 樹,4,11,0.169,0.11,0.27,45.45,B
4715,村 上 遼,1,5,0.118,0.08,0.15,60.0,C
4759,今 泉 友 吾,4,9,0.191,0.12,0.33,0.0,C
4373,若 狭 奈美子,5,11,0.203,0.08,0.34,9.09,B
3885,久 田 武,1,9,0.154,0.07,0.22,22.22,C
3559,水 長 照 雄,2,3,0.167,0.13,0.19,0.0,参考
4737,竹 井 貴 史,4,17,0.132,0.01,0.3,41.18,B
4498,宮 本 夏 樹,6,7,0.189,0.08,0.28,14.29,C
4757,山 田 祐 也,2,6,0.12,0.04,0.18,0.0,C
4529,嶋 義 信,3,4,0.138,0.07,0.2,50.0,参考
3296,高 柳 成 聡,5,3,0.16,0.11,0.26,0.0,参考
4502,遠 藤 エ ミ,1,12,0.158,0.01,0.31,33.33,B
4382,高 山 智 至,2,4,0.163,0.07,0.28,50.0,参考
4466,南 佑 典,4,4,0.202,0.11,0.31,25.0,参考
4359,横 川 聖 志,1,5,0.14,0.02,0.23,60.0,C
3379,打 越 晶,4,5,0.15,0.07,0.29,60.0,C
4047,吉 永 浩 則,5,9,0.207,0.14,0.29,0.0,C
4233,亀 山 雅 幸,1,3,0.083,0.03,0.12,33.33,参考
4737,竹 井 貴 史,3,11,0.139,0.08,0.23,27.27,B
4498,宮 本 夏 樹,4,6,0.15,0.11,0.22,33.33,C
4488,小 山 勉,6,4,0.175,0.12,0.21,0.0,参考
4015,前 野 竜 一,1,11,0.169,0.05,0.26,9.09,B
4208,三 浦 永 理,2,9,0.159,0.09,0.24,0.0,C
4715,村 上 遼,3,8,0.125,0.02,0.3,37.5,C
3333,丸 尾 義 孝,4,4,0.177,0.06,0.34,50.0,参考
4529,嶋 義 信,5,5,0.198,0.09,0.25,20.0,C
3842,星 野 太 郎,1,5,0.162,0.12,0.25,0.0,C
3455,谷 本 幸 司,2,6,0.172,0.11,0.24,16.67,C
4359,横 川 聖 志,3,8,0.131,0.04,0.24,12.5,C
4313,西 村 美智子,3,6,0.08,0.05,0.11,66.67,C
4382,高 山 智 至,4,3,0.16,0.07,0.21,33.33,参考
4743,木 村 仁 紀,2,3,0.12,0.06,0.18,33.33,参考
4625,渡 邊 裕 貴,2,5,0.156,0.13,0.18,20.0,C
4236,松 村 敏,3,19,0.118,0.05,0.25,31.58,B
4529,嶋 義 信,2,5,0.16,0.08,0.24,0.0,C
4466,南 佑 典,3,3,0.19,0.15,0.25,0.0,参考
4233,亀 山 雅 幸,4,5,0.152,0.07,0.27,80.0,C
3885,久 田 武,5,9,0.196,0.11,0.33,22.22,C
4373,若 狭 奈美子,6,11,0.248,0.14,0.39,0.0,B
4737,竹 井 貴 史,2,10,0.19,0.03,0.31,20.0,B
4047,吉 永 浩 則,4,4,0.143,0.08,0.28,0.0,参考
3584,佐々木 英 樹,2,13,0.168,0.11,0.28,23.08,B
4743,木 村 仁 紀,3,4,0.16,0.03,0.33,25.0,参考
4759,今 泉 友 吾,5,9,0.164,0.13,0.24,11.11,C
4313,西 村 美智子,5,9,0.142,0.03,0.27,22.22,C
3902,蜷 川 哲 平,2,3,0.287,0.12,0.4,0.0,参考
4359,横 川 聖 志,6,7,0.106,0.01,0.21,28.57,C
3842,星 野 太 郎,2,3,0.26,0.17,0.37,0.0,参考
4208,三 浦 永 理,4,11,0.12,0.01,0.24,27.27,B
3559,水 長 照 雄,6,3,0.16,0.09,0.25,0.0,参考
4488,小 山 勉,3,4,0.138,0.11,0.19,25.0,参考
4466,南 佑 典,5,3,0.197,0.13,0.27,0.0,参考
3885,久 田 武,6,5,0.232,0.14,0.31,0.0,C
4757,山 田 祐 也,5,7,0.161,0.09,0.34,42.86,C
4434,田 中 辰 彦,6,6,0.2,0.11,0.25,0.0,C
4015,前 野 竜 一,5,5,0.144,0.08,0.17,0.0,C
3885,久 田 武,3,8,0.135,0.06,0.21,12.5,C
4757,山 田 祐 也,4,7,0.149,0.04,0.21,42.86,C
4434,田 中 辰 彦,4,6,0.172,0.03,0.37,33.33,C
3455,谷 本 幸 司,6,4,0.223,0.12,0.32,0.0,参考
4479,矢 野 真梨菜,3,8,0.173,0.06,0.28,12.5,C
4498,宮 本 夏 樹,1,11,0.174,0.08,0.32,9.09,B
3559,水 長 照 雄,4,5,0.138,0.07,0.18,0.0,C
4359,横 川 聖 志,2,10,0.136,0.04,0.31,30.0,B
3842,星 野 太 郎,5,4,0.165,0.08,0.21,25.0,参考
3584,佐々木 英 樹,6,8,0.189,0.09,0.28,0.0,C
4743,木 村 仁 紀,4,5,0.15,0.11,0.19,0.0,C
4625,渡 邊 裕 貴,3,4,0.16,0.07,0.29,25.0,参考
3455,谷 本 幸 司,3,4,0.188,0.15,0.24,25.0,参考
4529,嶋 義 信,4,5,0.178,0.08,0.27,20.0,C
4466,南 佑 典,2,3,0.187,0.14,0.23,0.0,参考
4759,今 泉 友 吾,3,7,0.146,0.07,0.21,0.0,C
4502,遠 藤 エ ミ,2,6,0.143,0.01,0.24,16.67,C
3559,水 長 照 雄,3,6,0.183,0.04,0.31,16.67,C
3584,佐々木 英 樹,1,7,0.144,0.07,0.28,28.57,C
4674,池 田 剛 規,5,8,0.184,0.07,0.32,12.5,C
4525,真 子 奈津実,6,8,0.196,0.11,0.28,12.5,C
3379,打 越 晶,5,4,0.155,0.07,0.27,25.0,参考
3584,佐々木 英 樹,5,11,0.175,0.08,0.28,18.18,B
3514,山 一 鉄 也,1,30,0.152,0.06,0.22,30.0,A
4020,川 上 清 人,2,6,0.243,0.16,0.41,0.0,C
3293,宮 内 由紀英,4,5,0.242,0.16,0.37,0.0,C
4691,水 原 慎,6,9,0.188,0.12,0.35,11.11,C
3699,富 永 正 人,1,5,0.128,0.06,0.2,60.0,C
4145,小 澤 学,2,7,0.283,0.22,0.37,0.0,C
3951,石 川 吉 鎬,5,9,0.147,0.08,0.19,11.11,C
4697,國 弘 翔 平,6,5,0.226,0.18,0.35,20.0,C
3587,武 田 信 一,4,7,0.071,0.03,0.11,42.86,C
4527,高 野 心 吾,6,3,0.157,0.09,0.19,33.33,参考
3484,芝 田 浩 治,1,8,0.199,0.14,0.3,0.0,C
3527,中 嶋 誠一郎,3,14,0.154,0.04,0.25,14.29,B
3825,宮 嵜 隆太郎,4,15,0.107,0.01,0.25,46.67,B
4816,村 松 修 二,6,15,0.157,0.04,0.34,26.67,B
3745,橋 本 年 光,1,12,0.173,0.06,0.4,41.67,B
4272,大 場 広 孝,3,17,0.164,0.01,0.37,29.41,B
4020,川 上 清 人,4,3,0.19,0.17,0.21,0.0,参考
4821,妻 鳥 晋 也,6,13,0.204,0.03,0.34,7.69,B
4053,芦 澤 望,1,7,0.194,0.09,0.33,42.86,C
3663,木 山 和 幸,3,15,0.141,0.02,0.24,20.0,B
4145,小 澤 学,4,6,0.27,0.24,0.29,0.0,C
3907,村 越 篤,5,4,0.195,0.08,0.29,25.0,参考
4684,楠 原 翔 太,6,17,0.202,0.07,0.46,5.88,B
4195,前 川 守 嗣,2,13,0.122,0.04,0.22,15.38,B
4167,片 岡 秀 樹,3,4,0.17,0.04,0.36,0.0,参考
3463,乙 津 康 志,1,5,0.198,0.15,0.28,20.0,C
4527,高 野 心 吾,3,5,0.164,0.11,0.24,0.0,C
3699,富 永 正 人,4,5,0.114,0.04,0.18,20.0,C
4691,水 原 慎,5,6,0.193,0.03,0.31,0.0,C
4808,松 尾 拓,6,5,0.15,0.01,0.34,40.0,C
3694,木 村 恒 一,1,3,0.163,0.09,0.23,0.0,参考
3825,宮 嵜 隆太郎,2,14,0.119,0.04,0.28,42.86,B
4301,関 裕 也,6,3,0.183,0.16,0.22,33.33,参考
3663,木 山 和 幸,1,11,0.17,0.1,0.27,18.18,B
4272,大 場 広 孝,2,15,0.162,0.06,0.34,33.33,B
3353,前 田 光 昭,3,3,0.163,0.1,0.21,33.33,参考
3641,一 瀬 明,4,5,0.142,0.11,0.17,0.0,C
4086,寺 本 重 宣,6,8,0.217,0.17,0.29,0.0,C
3527,中 嶋 誠一郎,1,19,0.155,0.04,0.26,26.32,B
4053,芦 澤 望,3,6,0.163,0.09,0.21,16.67,C
3745,橋 本 年 光,4,8,0.159,0.1,0.3,25.0,C
3708,岡 部 貴 司,5,7,0.137,0.04,0.18,28.57,C
3946,赤 岩 善 生,1,11,0.142,0.06,0.26,54.55,B
3484,芝 田 浩 治,2,6,0.162,0.07,0.27,0.0,C
3329,作 野 恒,3,4,0.133,0.09,0.17,25.0,参考
3514,山 一 鉄 也,4,21,0.141,0.02,0.31,19.05,A
3907,村 越 篤,6,6,0.137,0.01,0.19,16.67,C
3907,村 越 篤,1,9,0.171,0.1,0.23,0.0,C
4250,藤 川 利 文,2,3,0.167,0.14,0.19,33.33,参考
4145,小 澤 学,3,8,0.235,0.17,0.33,0.0,C
4821,妻 鳥 晋 也,5,3,0.117,0.09,0.14,33.33,参考
3712,淺 香 文 武,1,4,0.18,0.07,0.32,50.0,参考
4808,松 尾 拓,3,3,0.193,0.08,0.36,0.0,参考
4087,吉 田 敦 志,5,3,0.203,0.13,0.27,0.0,参考
4272,大 場 広 孝,6,14,0.15,0.02,0.28,14.29,B
3951,石 川 吉 鎬,2,7,0.173,0.05,0.27,0.0,C
3946,赤 岩 善 生,3,8,0.135,0.06,0.23,25.0,C
3329,作 野 恒,1,4,0.095,0.02,0.15,25.0,参考
4195,前 川 守 嗣,3,13,0.104,0.02,0.19,38.46,B
4697,國 弘 翔 平,4,6,0.135,0.09,0.16,0.0,C
3745,橋 本 年 光,5,9,0.149,0.04,0.29,11.11,C
4301,関 裕 也,1,4,0.147,0.09,0.18,0.0,参考
3514,山 一 鉄 也,2,15,0.172,0.1,0.24,0.0,B
4527,高 野 心 吾,5,5,0.182,0.12,0.26,20.0,C
3825,宮 嵜 隆太郎,1,9,0.126,0.04,0.22,44.44,C
3484,芝 田 浩 治,4,7,0.206,0.15,0.29,14.29,C
4053,芦 澤 望,5,9,0.164,0.06,0.36,22.22,C
2997,池 上 正 浩,1,4,0.38,0.32,0.45,0.0,参考
3807,岡 部 哲,2,8,0.169,0.12,0.24,0.0,C
3951,石 川 吉 鎬,3,7,0.164,0.12,0.2,14.29,C
3587,武 田 信 一,5,6,0.112,0.03,0.28,66.67,C
3708,岡 部 貴 司,1,8,0.159,0.07,0.31,12.5,C
3293,宮 内 由紀英,2,5,0.158,0.05,0.31,20.0,C
3641,一 瀬 明,3,5,0.134,0.11,0.15,0.0,C
4195,前 川 守 嗣,4,13,0.161,0.04,0.3,0.0,B
4816,村 松 修 二,5,6,0.11,0.06,0.19,33.33,C
2585,原 由樹夫,3,5,0.218,0.14,0.29,0.0,C
3907,村 越 篤,4,6,0.168,0.02,0.33,33.33,C
4086,寺 本 重 宣,5,7,0.153,0.08,0.23,28.57,C
3699,富 永 正 人,2,3,0.2,0.15,0.24,0.0,参考
4167,片 岡 秀 樹,6,4,0.143,0.08,0.23,0.0,参考
3663,木 山 和 幸,5,11,0.151,0.02,0.37,9.09,B
3641,一 瀬 明,1,8,0.18,0.08,0.27,12.5,C
3946,赤 岩 善 生,2,13,0.144,0.08,0.21,15.38,B
4250,藤 川 利 文,3,3,0.173,0.13,0.2,0.0,参考
3745,橋 本 年 光,6,6,0.155,0.03,0.24,16.67,C
3708,岡 部 貴 司,2,12,0.171,0.1,0.3,16.67,B
4167,片 岡 秀 樹,2,6,0.19,0.04,0.32,0.0,C
4697,國 弘 翔 平,5,9,0.201,0.13,0.28,0.0,C
3527,中 嶋 誠一郎,5,13,0.192,0.02,0.33,7.69,B
3807,岡 部 哲,6,5,0.184,0.08,0.26,20.0,C
3663,木 山 和 幸,2,14,0.166,0.06,0.28,7.14,B
3907,村 越 篤,3,9,0.144,0.06,0.31,33.33,C
4020,川 上 清 人,5,6,0.19,0.15,0.23,0.0,C
4195,前 川 守 嗣,6,10,0.121,0.05,0.27,50.0,B
3745,橋 本 年 光,3,7,0.136,0.07,0.2,28.57,C
4272,大 場 広 孝,1,11,0.139,0.03,0.34,54.55,B
2585,原 由樹夫,2,10,0.21,0.14,0.32,0.0,B
4808,松 尾 拓,5,5,0.186,0.15,0.24,40.0,C
4527,高 野 心 吾,2,6,0.128,0.08,0.19,0.0,C
3951,石 川 吉 鎬,4,6,0.15,0.07,0.23,0.0,C
3587,武 田 信 一,1,4,0.138,0.01,0.23,50.0,参考
3641,一 瀬 明,2,3,0.183,0.12,0.29,0.0,参考
3463,乙 津 康 志,4,8,0.163,0.07,0.28,37.5,C
3825,宮 嵜 隆太郎,5,13,0.152,0.06,0.24,46.15,B
4301,関 裕 也,3,5,0.116,0.05,0.15,40.0,C
4145,小 澤 学,5,7,0.286,0.21,0.38,0.0,C
4020,川 上 清 人,6,4,0.253,0.14,0.38,0.0,参考
3484,芝 田 浩 治,3,4,0.182,0.13,0.21,0.0,参考
4272,大 場 広 孝,4,16,0.159,0.02,0.29,18.75,B
3527,中 嶋 誠一郎,6,12,0.159,0.08,0.22,8.33,B
3699,富 永 正 人,6,4,0.138,0.09,0.18,50.0,参考
4167,片 岡 秀 樹,4,4,0.258,0.2,0.38,25.0,参考
3514,山 一 鉄 也,3,20,0.144,0.06,0.29,15.0,A
4053,芦 澤 望,2,3,0.123,0.11,0.14,0.0,参考
3663,木 山 和 幸,4,14,0.139,0.05,0.26,28.57,B
4272,大 場 広 孝,5,18,0.154,0.08,0.23,11.11,B
4145,小 澤 学,6,3,0.23,0.12,0.33,0.0,参考
4195,前 川 守 嗣,1,12,0.124,0.03,0.24,50.0,B
4527,高 野 心 吾,4,5,0.172,0.08,0.26,0.0,C
4808,松 尾 拓,4,4,0.155,0.02,0.26,50.0,参考
3293,宮 内 由紀英,3,3,0.143,0.02,0.22,33.33,参考
3951,石 川 吉 鎬,1,12,0.171,0.06,0.29,16.67,B
3745,橋 本 年 光,2,6,0.192,0.08,0.33,16.67,C
4053,芦 澤 望,4,7,0.147,0.06,0.27,14.29,C
3641,一 瀬 明,6,3,0.117,0.07,0.17,33.33,参考
3527,中 嶋 誠一郎,2,19,0.156,0.04,0.22,5.26,B
3514,山 一 鉄 也,5,13,0.149,0.07,0.26,15.38,B
3587,武 田 信 一,6,5,0.138,0.07,0.19,20.0,C
3951,石 川 吉 鎬,6,8,0.201,0.11,0.29,0.0,C
4588,田 中 京 介,1,12,0.143,0.01,0.23,33.33,B
4020,川 上 清 人,3,6,0.247,0.13,0.35,0.0,C
3587,武 田 信 一,3,6,0.162,0.13,0.22,16.67,C
4195,前 川 守 嗣,5,9,0.158,0.07,0.35,22.22,C
3708,岡 部 貴 司,4,8,0.156,0.06,0.34,50.0,C
4053,芦 澤 望,6,6,0.183,0.13,0.29,16.67,C
4301,関 裕 也,2,4,0.177,0.15,0.2,0.0,参考
3699,富 永 正 人,3,3,0.15,0.14,0.16,33.33,参考
3907,村 越 篤,2,5,0.176,0.14,0.21,20.0,C
3663,木 山 和 幸,6,8,0.171,0.08,0.25,25.0,C
3527,中 嶋 誠一郎,4,12,0.189,0.09,0.3,16.67,B
4301,関 裕 也,5,3,0.193,0.09,0.32,66.67,参考
3024,西 島 義 則,1,15,0.177,0.07,0.31,20.0,B
3789,和 田 敏 彦,2,8,0.212,0.03,0.34,12.5,C
2958,井 川 正 人,4,6,0.213,0.11,0.31,0.0,C
4708,半 田 尚 也,6,6,0.182,0.11,0.29,16.67,C
4196,田 中 太一郎,5,5,0.244,0.13,0.33,0.0,C
4393,田 中 孝 明,1,12,0.208,0.11,0.4,8.33,B
2816,陶 山 秀 徳,2,4,0.247,0.2,0.31,0.0,参考
4666,日 笠 勝 弘,5,4,0.092,0.02,0.14,25.0,参考
3485,竹 村 祥 司,1,4,0.255,0.18,0.31,0.0,参考
4121,富 永 修 一,4,7,0.13,0.04,0.25,42.86,C
3890,小 宮 淳 史,5,7,0.159,0.08,0.25,0.0,C
3521,今 村 賢二郎,6,5,0.144,0.03,0.29,40.0,C
3746,岡 瀬 正 人,1,10,0.118,0.04,0.29,10.0,B
3070,山 室 展 弘,3,4,0.095,0.07,0.13,0.0,参考
3501,川 上 昇 平,4,4,0.113,0.09,0.14,25.0,参考
4596,葛 原 大 陽,5,4,0.182,0.15,0.21,0.0,参考
4789,古 賀 智 之,6,14,0.183,0.01,0.38,35.71,B
3843,上 之 晃 弘,1,7,0.149,0.09,0.22,28.57,C
4051,清 水 敦 揮,2,11,0.201,0.09,0.31,18.18,B
4291,山 崎 紳 弘,4,3,0.153,0.12,0.19,66.67,参考
3717,立 間 充 宏,2,13,0.162,0.04,0.34,23.08,B
2958,井 川 正 人,3,4,0.198,0.09,0.25,0.0,参考
4395,下 河 雅 史,5,18,0.137,0.03,0.35,27.78,B
4366,前 沢 丈 史,6,8,0.158,0.08,0.31,37.5,C
4163,山 崎 裕 司,4,5,0.21,0.12,0.31,0.0,C
4429,豊 田 泰 洋,2,8,0.129,0.05,0.17,37.5,C
3789,和 田 敏 彦,3,7,0.249,0.11,0.46,0.0,C
3325,福 本 忠 治,4,5,0.178,0.12,0.23,0.0,C
4647,磯 部 温 志,6,11,0.306,0.18,0.53,0.0,B
3501,川 上 昇 平,1,5,0.182,0.08,0.26,0.0,C
2816,陶 山 秀 徳,3,4,0.233,0.07,0.34,25.0,参考
4090,中 村 尊,4,6,0.085,0.01,0.15,50.0,C
4789,古 賀 智 之,5,16,0.181,0.04,0.34,12.5,B
4121,富 永 修 一,6,10,0.132,0.03,0.22,30.0,B
3757,畑 和 宏,3,5,0.174,0.11,0.23,20.0,C
4552,杉 山 勝 匡,5,4,0.222,0.06,0.35,25.0,参考
3743,林 美 憲,4,6,0.107,0.03,0.19,66.67,C
3711,江 本 真 治,1,6,0.183,0.08,0.32,33.33,C
3843,上 之 晃 弘,2,6,0.222,0.15,0.29,0.0,C
4196,田 中 太一郎,3,5,0.16,0.1,0.21,0.0,C
3890,小 宮 淳 史,6,6,0.175,0.12,0.23,16.67,C
3717,立 間 充 宏,1,13,0.152,0.03,0.25,61.54,B
4393,田 中 孝 明,2,17,0.162,0.08,0.34,0.0,B
4596,葛 原 大 陽,6,3,0.163,0.12,0.25,0.0,参考
3024,西 島 義 則,2,30,0.168,0.04,0.34,20.0,A
3746,岡 瀬 正 人,3,5,0.144,0.09,0.18,20.0,C
4051,清 水 敦 揮,4,14,0.188,0.08,0.35,14.29,B
4051,清 水 敦 揮,1,18,0.138,0.08,0.25,61.11,B
3521,今 村 賢二郎,2,5,0.166,0.06,0.29,40.0,C
3325,福 本 忠 治,3,3,0.18,0.16,0.21,0.0,参考
2816,陶 山 秀 徳,4,6,0.267,0.17,0.4,0.0,C
4774,丸 山 龍太郎,6,19,0.232,0.01,0.51,10.53,B
3757,畑 和 宏,1,7,0.139,0.07,0.24,0.0,C
4666,日 笠 勝 弘,3,5,0.168,0.08,0.25,20.0,C
3875,廣 中 良 一,4,11,0.124,0.04,0.23,27.27,B
3789,和 田 敏 彦,4,7,0.173,0.1,0.29,14.29,C
3843,上 之 晃 弘,5,4,0.175,0.11,0.21,0.0,参考
4366,前 沢 丈 史,1,9,0.157,0.04,0.37,22.22,C
3743,林 美 憲,3,4,0.105,0.05,0.18,75.0,参考
4393,田 中 孝 明,4,11,0.166,0.1,0.35,0.0,B
4395,下 河 雅 史,1,10,0.135,0.02,0.27,30.0,B
4429,豊 田 泰 洋,3,5,0.202,0.16,0.26,20.0,C
4291,山 崎 紳 弘,6,4,0.258,0.25,0.27,0.0,参考
4596,葛 原 大 陽,1,4,0.2,0.09,0.28,25.0,参考
4090,中 村 尊,3,5,0.13,0.05,0.25,0.0,C
3717,立 間 充 宏,4,8,0.134,0.04,0.27,12.5,C
3746,岡 瀬 正 人,5,6,0.157,0.09,0.22,33.33,C
4121,富 永 修 一,1,11,0.139,0.09,0.22,27.27,B
4196,田 中 太一郎,4,8,0.195,0.11,0.28,12.5,C
4163,山 崎 裕 司,1,7,0.164,0.03,0.28,14.29,C
3875,廣 中 良 一,2,7,0.136,0.08,0.23,0.0,C
3711,江 本 真 治,4,5,0.15,0.1,0.25,20.0,C
3890,小 宮 淳 史,1,7,0.111,0.06,0.2,14.29,C
4051,清 水 敦 揮,3,13,0.166,0.05,0.38,7.69,B
4429,豊 田 泰 洋,5,9,0.17,0.12,0.33,11.11,C
4090,中 村 尊,1,12,0.14,0.07,0.21,58.33,B
4366,前 沢 丈 史,2,5,0.132,0.06,0.27,20.0,C
3843,上 之 晃 弘,3,7,0.204,0.09,0.44,14.29,C
3757,畑 和 宏,4,8,0.18,0.04,0.27,12.5,C
4393,田 中 孝 明,6,13,0.243,0.07,0.41,0.0,B
3743,林 美 憲,1,8,0.104,0.04,0.15,37.5,C
3746,岡 瀬 正 人,4,10,0.185,0.14,0.26,20.0,B
3711,江 本 真 治,6,3,0.153,0.12,0.19,100.0,参考
3501,川 上 昇 平,5,7,0.14,0.06,0.21,14.29,C
3521,今 村 賢二郎,5,3,0.17,0.13,0.24,66.67,参考
3789,和 田 敏 彦,6,4,0.245,0.13,0.36,0.0,参考
4121,富 永 修 一,2,9,0.168,0.07,0.34,55.56,C
4090,中 村 尊,2,7,0.106,0.03,0.15,57.14,C
4395,下 河 雅 史,3,16,0.144,0.06,0.24,25.0,B
3843,上 之 晃 弘,4,6,0.132,0.08,0.22,33.33,C
4163,山 崎 裕 司,5,3,0.163,0.13,0.21,0.0,参考
3521,今 村 賢二郎,3,4,0.14,0.08,0.2,0.0,参考
3890,小 宮 淳 史,2,6,0.158,0.04,0.26,0.0,C
4393,田 中 孝 明,3,20,0.186,0.06,0.34,5.0,A
3325,福 本 忠 治,2,6,0.195,0.13,0.26,0.0,C
4366,前 沢 丈 史,3,8,0.118,0.03,0.25,25.0,C
4596,葛 原 大 陽,4,3,0.153,0.12,0.18,0.0,参考
3717,立 間 充 宏,5,6,0.145,0.03,0.29,33.33,C
4666,日 笠 勝 弘,6,3,0.117,0.08,0.16,33.33,参考
3743,林 美 憲,5,4,0.147,0.03,0.32,50.0,参考
3890,小 宮 淳 史,3,8,0.228,0.09,0.38,25.0,C
4051,清 水 敦 揮,5,8,0.219,0.11,0.39,12.5,C
4395,下 河 雅 史,6,10,0.19,0.11,0.41,0.0,B
3757,畑 和 宏,2,6,0.138,0.04,0.21,33.33,C
4163,山 崎 裕 司,3,4,0.128,0.11,0.14,0.0,参考
4393,田 中 孝 明,5,14,0.181,0.07,0.35,0.0,B
4366,前 沢 丈 史,4,6,0.085,0.02,0.16,33.33,C
3325,福 本 忠 治,5,6,0.172,0.13,0.23,0.0,C
3875,廣 中 良 一,3,6,0.135,0.08,0.19,16.67,C
3711,江 本 真 治,5,5,0.176,0.11,0.22,0.0,C
3757,畑 和 宏,5,6,0.177,0.12,0.26,33.33,C
3746,岡 瀬 正 人,2,4,0.16,0.11,0.21,0.0,参考
4666,日 笠 勝 弘,4,4,0.16,0.09,0.21,50.0,参考
3789,和 田 敏 彦,5,7,0.213,0.13,0.29,14.29,C
3501,川 上 昇 平,2,4,0.18,0.07,0.28,0.0,参考
4596,葛 原 大 陽,3,4,0.14,0.08,0.23,0.0,参考
4395,下 河 雅 史,4,14,0.181,0.11,0.33,14.29,B
4121,富 永 修 一,5,12,0.154,0.07,0.21,33.33,B
3186,沖 悟,2,3,0.16,0.14,0.19,33.33,参考
3843,上 之 晃 弘,6,8,0.204,0.11,0.33,0.0,C
4163,山 崎 裕 司,2,4,0.158,0.07,0.2,25.0,参考
4429,豊 田 泰 洋,6,5,0.286,0.08,0.41,0.0,C
3757,畑 和 宏,6,5,0.23,0.15,0.29,20.0,C
3711,江 本 真 治,3,3,0.15,0.11,0.19,33.33,参考
4090,中 村 尊,6,7,0.121,0.03,0.18,28.57,C
4121,富 永 修 一,3,11,0.165,0.05,0.29,45.45,B
3875,廣 中 良 一,5,6,0.173,0.11,0.26,50.0,C
4196,田 中 太一郎,2,6,0.17,0.07,0.27,0.0,C
3743,林 美 憲,2,4,0.103,0.07,0.12,0.0,参考
3325,福 本 忠 治,6,3,0.323,0.27,0.41,0.0,参考
4774,丸 山 龍太郎,5,5,0.278,0.11,0.51,0.0,C
3875,廣 中 良 一,1,3,0.23,0.21,0.24,0.0,参考
4848,仲 谷 颯 仁,4,15,0.156,0.07,0.28,20.0,B
4425,大 井 清 貴,5,6,0.172,0.11,0.21,0.0,C
4831,羽 野 直 也,6,24,0.163,0.04,0.36,20.83,A
3539,金 子 順 一,2,8,0.195,0.07,0.26,0.0,C
4567,上 村 慎太郎,5,5,0.252,0.18,0.33,0.0,C
4566,塩 田 北 斗,1,32,0.148,0.07,0.35,9.38,A
3853,岩 崎 正 哉,3,10,0.164,0.03,0.3,10.0,B
4614,石 倉 洋 行,3,7,0.119,0.04,0.18,42.86,C
4287,今 井 貴 士,4,19,0.136,0.07,0.23,57.89,B
4551,三 川 昂 暁,5,16,0.144,0.01,0.25,31.25,B
4180,上 野 秀 和,1,8,0.181,0.09,0.32,12.5,C
4299,中 島 浩 哉,5,4,0.165,0.11,0.25,0.0,参考
4695,尾 崎 雄 二,6,10,0.149,0.03,0.23,20.0,B
3539,金 子 順 一,1,3,0.18,0.1,0.24,0.0,参考
4425,大 井 清 貴,3,4,0.18,0.09,0.27,0.0,参考
4831,羽 野 直 也,5,19,0.128,0.02,0.27,15.79,B
4567,上 村 慎太郎,6,3,0.24,0.18,0.27,0.0,参考
3726,桂 林 寛,1,12,0.178,0.11,0.27,16.67,B
4299,中 島 浩 哉,3,5,0.138,0.06,0.23,40.0,C
4566,塩 田 北 斗,4,25,0.122,0.03,0.26,32.0,A
4848,仲 谷 颯 仁,5,14,0.145,0.01,0.27,14.29,B
4614,石 倉 洋 行,6,10,0.1,0.01,0.21,50.0,B
4288,永 田 啓 二,2,12,0.106,0.01,0.21,50.0,B
3853,岩 崎 正 哉,5,8,0.159,0.07,0.22,0.0,C
4287,今 井 貴 士,6,9,0.134,0.05,0.24,11.11,C
4299,中 島 浩 哉,2,5,0.184,0.14,0.26,20.0,C
4614,石 倉 洋 行,1,12,0.164,0.04,0.33,41.67,B
4287,今 井 貴 士,3,12,0.136,0.04,0.31,50.0,B
4679,植 田 太 一,6,6,0.16,0.13,0.19,16.67,C
3853,岩 崎 正 哉,1,22,0.152,0.02,0.25,4.55,A
4425,大 井 清 貴,2,4,0.208,0.17,0.27,0.0,参考
3726,桂 林 寛,3,12,0.146,0.06,0.41,58.33,B
3539,金 子 順 一,4,10,0.19,0.11,0.33,0.0,B
4079,出 畑 孝 典,5,13,0.139,0.05,0.21,38.46,B
4288,永 田 啓 二,1,22,0.126,0.05,0.22,36.36,A
4351,里 岡 右 貴,3,10,0.135,0.01,0.27,30.0,B
4567,上 村 慎太郎,2,11,0.223,0.15,0.34,0.0,B
4549,小 林 文 彦,3,10,0.186,0.04,0.39,10.0,B
4695,尾 崎 雄 二,5,14,0.145,0.06,0.42,21.43,B
4848,仲 谷 颯 仁,6,14,0.157,0.08,0.24,14.29,B
4287,今 井 貴 士,1,23,0.147,0.05,0.24,30.43,A
3853,岩 崎 正 哉,2,10,0.186,0.09,0.31,10.0,B
4288,永 田 啓 二,4,11,0.11,0.04,0.19,54.55,B
4614,石 倉 洋 行,5,9,0.149,0.09,0.22,11.11,C
3523,寳 田 亮 治,6,17,0.214,0.05,0.54,17.65,B
3747,國 崎 良 春,5,12,0.133,0.05,0.26,25.0,B
4566,塩 田 北 斗,6,14,0.104,0.03,0.2,14.29,B
3593,横 井 光 弘,2,8,0.17,0.11,0.28,12.5,C
4299,中 島 浩 哉,6,6,0.148,0.11,0.23,16.67,C
4567,上 村 慎太郎,4,12,0.203,0.12,0.29,0.0,B
4288,永 田 啓 二,5,12,0.105,0.06,0.19,58.33,B
4551,三 川 昂 暁,6,14,0.136,0.04,0.23,14.29,B
3593,横 井 光 弘,3,9,0.243,0.13,0.36,0.0,C
4679,植 田 太 一,1,7,0.166,0.12,0.21,14.29,C
4614,石 倉 洋 行,4,6,0.113,0.06,0.21,33.33,C
4314,青 木 幸太郎,6,17,0.166,0.05,0.26,17.65,B
4566,塩 田 北 斗,2,19,0.141,0.07,0.34,15.79,B
3726,桂 林 寛,4,11,0.126,0.01,0.24,54.55,B
4287,今 井 貴 士,2,11,0.145,0.04,0.19,9.09,B
3853,岩 崎 正 哉,6,10,0.167,0.04,0.36,20.0,B
4567,上 村 慎太郎,3,6,0.217,0.16,0.33,0.0,C
4180,上 野 秀 和,5,9,0.197,0.11,0.41,0.0,C
4737,竹 井 貴 史,1,14,0.163,0.08,0.28,21.43,B
4288,永 田 啓 二,3,18,0.114,0.01,0.19,33.33,B
3726,桂 林 寛,5,7,0.139,0.08,0.29,42.86,C
4287,今 井 貴 士,5,9,0.154,0.04,0.34,33.33,C
3726,桂 林 寛,2,7,0.144,0.05,0.31,28.57,C
4695,尾 崎 雄 二,3,10,0.218,0.1,0.29,0.0,B
3853,岩 崎 正 哉,4,12,0.128,0.04,0.21,16.67,B
4614,石 倉 洋 行,2,4,0.133,0.1,0.16,25.0,参考
3539,金 子 順 一,3,3,0.13,0.09,0.18,0.0,参考
4299,中 島 浩 哉,4,5,0.146,0.06,0.23,0.0,C
4368,山 口 隆 史,4,12,0.18,0.08,0.31,16.67,B
4288,永 田 啓 二,6,8,0.141,0.07,0.23,37.5,C
3327,野長瀬 正 孝,1,8,0.161,0.1,0.21,25.0,C
3605,中 村 守 成,3,4,0.175,0.15,0.21,0.0,参考
4458,抹 香 雄 三,5,7,0.14,0.06,0.21,42.86,C
4820,上 野 励,6,9,0.142,0.02,0.26,33.33,C
4512,高 野 哲 史,1,12,0.117,0.01,0.18,25.0,B
3630,黒 田 誠 司,2,4,0.163,0.12,0.21,0.0,参考
4881,檀 将 太,6,20,0.2,0.05,0.63,15.0,A
4424,松 尾 昂 明,1,43,0.156,0.07,0.35,30.23,A
3755,吉 村 和 也,2,4,0.198,0.14,0.29,25.0,参考
3554,仲 口 博 崇,3,5,0.184,0.1,0.38,0.0,C
3773,津 留 浩一郎,4,5,0.126,0.01,0.25,20.0,C
3684,清 水 攻 二,5,8,0.206,0.12,0.36,0.0,C
3832,下 田 哲 也,6,5,0.172,0.11,0.22,20.0,C
3362,間 嶋 仁 志,1,5,0.188,0.09,0.29,20.0,C
3566,川 添 英 正,3,10,0.172,0.08,0.32,30.0,B
3873,別 府 昌 樹,4,10,0.147,0.08,0.26,50.0,B
4686,丸 野 一 樹,5,3,0.113,0.09,0.14,0.0,参考
4745,関 野 龍,6,6,0.178,0.1,0.37,0.0,C
3987,後 藤 正 宗,1,4,0.198,0.14,0.34,0.0,参考
4041,小 林 基 樹,3,6,0.163,0.11,0.22,0.0,C
3922,菅 沼 佳 昭,4,4,0.198,0.15,0.28,50.0,参考
4772,石 丸 海 渡,6,10,0.116,0.05,0.24,20.0,B
4022,待 鳥 雄 紀,2,8,0.152,0.09,0.21,25.0,C
4254,川 島 圭 司,3,6,0.142,0.07,0.28,16.67,C
4037,別 府 正 幸,6,4,0.135,0.05,0.26,25.0,参考
4201,佐 竹 友 樹,4,3,0.203,0.15,0.25,33.33,参考
4458,抹 香 雄 三,3,5,0.168,0.11,0.25,0.0,C
3630,黒 田 誠 司,4,4,0.13,0.09,0.16,0.0,参考
3773,津 留 浩一郎,5,5,0.106,0.05,0.15,40.0,C
3669,大 屋 賢 司,6,4,0.233,0.19,0.26,0.0,参考
3866,木 山 誠 一,2,10,0.126,0.06,0.18,20.0,B
4686,丸 野 一 樹,3,4,0.095,0.07,0.12,75.0,参考
4041,小 林 基 樹,2,5,0.19,0.09,0.29,0.0,C
4424,松 尾 昂 明,3,25,0.15,0.06,0.24,20.0,A
3605,中 村 守 成,5,6,0.183,0.13,0.22,0.0,C
4037,別 府 正 幸,1,4,0.115,0.03,0.2,25.0,参考
3987,後 藤 正 宗,2,4,0.122,0.06,0.15,75.0,参考
3684,清 水 攻 二,6,9,0.22,0.09,0.39,0.0,C
4022,待 鳥 雄 紀,1,12,0.141,0.03,0.26,33.33,B
4512,高 野 哲 史,2,4,0.17,0.15,0.2,25.0,参考
4201,佐 竹 友 樹,3,4,0.115,0.08,0.15,50.0,参考
3832,下 田 哲 也,4,4,0.16,0.11,0.19,0.0,参考
4396,大 田 直 弥,5,9,0.174,0.03,0.31,0.0,C
3873,別 府 昌 樹,6,6,0.133,0.08,0.21,0.0,C
3554,仲 口 博 崇,1,8,0.119,0.04,0.18,12.5,C
3362,間 嶋 仁 志,2,3,0.197,0.08,0.26,0.0,参考
3327,野長瀬 正 孝,3,8,0.144,0.06,0.22,0.0,C
4254,川 島 圭 司,6,3,0.153,0.11,0.19,0.0,参考
3952,中 澤 和 志,1,3,0.083,0.05,0.12,33.33,参考
4772,石 丸 海 渡,3,9,0.099,0.04,0.15,33.33,C
3922,菅 沼 佳 昭,2,5,0.144,0.06,0.3,20.0,C
3755,吉 村 和 也,5,4,0.147,0.08,0.21,25.0,参考
3684,清 水 攻 二,1,10,0.169,0.05,0.25,20.0,B
3554,仲 口 博 崇,4,7,0.173,0.08,0.23,28.57,C
3866,木 山 誠 一,5,9,0.126,0.05,0.24,55.56,C
4686,丸 野 一 樹,1,4,0.12,0.07,0.21,25.0,参考
2276,古 谷 猛,4,3,0.12,0.09,0.16,0.0,参考
4037,別 府 正 幸,5,4,0.18,0.05,0.29,25.0,参考
3773,津 留 浩一郎,2,6,0.09,0.04,0.13,16.67,C
4512,高 野 哲 史,4,8,0.159,0.03,0.28,25.0,C
3987,後 藤 正 宗,5,3,0.123,0.09,0.19,33.33,参考
3873,別 府 昌 樹,1,13,0.17,0.08,0.31,7.69,B
4254,川 島 圭 司,2,5,0.15,0.08,0.19,40.0,C
3755,吉 村 和 也,4,3,0.177,0.17,0.18,33.33,参考
3346,宮 本 裕 之,5,3,0.177,0.15,0.2,33.33,参考
4396,大 田 直 弥,1,6,0.163,0.08,0.32,33.33,C
3922,菅 沼 佳 昭,3,5,0.184,0.04,0.25,0.0,C
4154,森 安 弘 雅,4,7,0.216,0.13,0.32,0.0,C
4424,松 尾 昂 明,5,26,0.117,0.03,0.21,30.77,A
4022,待 鳥 雄 紀,6,6,0.147,0.11,0.19,16.67,C
3832,下 田 哲 也,2,6,0.147,0.1,0.21,16.67,C
4745,関 野 龍,5,4,0.22,0.19,0.28,0.0,参考
4458,抹 香 雄 三,2,6,0.127,0.09,0.18,50.0,C
3866,木 山 誠 一,3,6,0.132,0.04,0.31,16.67,C
4201,佐 竹 友 樹,1,4,0.163,0.07,0.22,25.0,参考
3605,中 村 守 成,2,5,0.198,0.1,0.31,0.0,C
3684,清 水 攻 二,3,8,0.177,0.04,0.29,12.5,C
3327,野長瀬 正 孝,4,7,0.19,0.06,0.25,0.0,C
3873,別 府 昌 樹,3,6,0.157,0.09,0.23,0.0,C
3362,間 嶋 仁 志,4,4,0.163,0.14,0.18,0.0,参考
3630,黒 田 誠 司,5,4,0.142,0.08,0.22,0.0,参考
4022,待 鳥 雄 紀,3,10,0.146,0.05,0.21,30.0,B
4512,高 野 哲 史,6,5,0.124,0.08,0.22,60.0,C
4254,川 島 圭 司,1,7,0.141,0.07,0.27,14.29,C
4396,大 田 直 弥,2,9,0.188,0.09,0.31,0.0,C
3987,後 藤 正 宗,4,3,0.053,0.01,0.08,100.0,参考
4154,森 安 弘 雅,6,3,0.167,0.08,0.31,33.33,参考
4041,小 林 基 樹,4,6,0.192,0.06,0.25,0.0,C
3832,下 田 哲 也,5,3,0.097,0.03,0.17,33.33,参考
4458,抹 香 雄 三,6,6,0.122,0.04,0.25,0.0,C
4022,待 鳥 雄 紀,5,10,0.133,0.07,0.29,10.0,B
4396,大 田 直 弥,4,6,0.147,0.09,0.19,0.0,C
4154,森 安 弘 雅,5,4,0.198,0.15,0.23,0.0,参考
3832,下 田 哲 也,3,3,0.167,0.13,0.2,0.0,参考
3683,小 羽 正 作,2,3,0.117,0.11,0.13,0.0,参考
3630,黒 田 誠 司,3,6,0.218,0.11,0.37,0.0,C
3987,後 藤 正 宗,6,4,0.103,0.07,0.12,25.0,参考
3605,中 村 守 成,1,4,0.15,0.1,0.22,0.0,参考
4041,小 林 基 樹,5,4,0.205,0.14,0.28,0.0,参考
4772,石 丸 海 渡,2,6,0.14,0.06,0.23,33.33,C
3684,清 水 攻 二,2,8,0.216,0.09,0.27,12.5,C
4458,抹 香 雄 三,4,7,0.139,0.11,0.2,28.57,C
3773,津 留 浩一郎,1,4,0.135,0.06,0.25,25.0,参考
3683,小 羽 正 作,5,5,0.146,0.08,0.24,40.0,C
4424,松 尾 昂 明,2,25,0.175,0.05,0.35,32.0,A
3346,宮 本 裕 之,3,3,0.183,0.08,0.38,33.33,参考
3327,野長瀬 正 孝,5,3,0.243,0.18,0.33,0.0,参考
3755,吉 村 和 也,6,3,0.173,0.13,0.23,0.0,参考
3684,清 水 攻 二,4,8,0.185,0.01,0.31,0.0,C
3866,木 山 誠 一,4,5,0.066,0.02,0.17,80.0,C
4154,森 安 弘 雅,3,5,0.168,0.09,0.21,40.0,C
4772,石 丸 海 渡,4,8,0.101,0.03,0.21,50.0,C
3922,菅 沼 佳 昭,1,3,0.113,0.08,0.14,33.33,参考
4037,別 府 正 幸,4,4,0.145,0.06,0.18,25.0,参考
3630,黒 田 誠 司,6,3,0.187,0.12,0.25,0.0,参考
4254,川 島 圭 司,5,6,0.113,0.03,0.18,50.0,C
3873,別 府 昌 樹,2,6,0.15,0.07,0.21,16.67,C
4424,松 尾 昂 明,4,23,0.141,0.05,0.29,34.78,A
4396,大 田 直 弥,6,6,0.253,0.15,0.34,0.0,C
4294,古 賀 繁 輝,1,7,0.167,0.11,0.24,28.57,C
3808,秋 田 健太郎,2,6,0.178,0.11,0.36,33.33,C
4440,萩 原 知 哉,3,9,0.143,0.1,0.21,22.22,C
3804,中 渡 修 作,4,21,0.117,0.03,0.23,47.62,A
4239,竹 田 辰 也,5,4,0.18,0.12,0.21,25.0,参考
3528,笠 野 友紀恵,2,9,0.204,0.13,0.29,0.0,C
4589,塩 崎 桐 加,3,6,0.138,0.04,0.24,33.33,C
4282,中 西 裕 子,5,4,0.145,0.01,0.26,25.0,参考
4722,竹 野 未 華,6,7,0.183,0.04,0.26,28.57,C
4031,飯 島 誠,1,3,0.13,0.13,0.13,33.33,参考
4227,安 達 裕 樹,5,3,0.087,0.02,0.17,66.67,参考
4284,山 本 良 一,6,3,0.097,0.08,0.12,0.0,参考
3999,大 瀧 明日香,1,7,0.133,0.02,0.21,14.29,C
4680,後 藤 美 翼,2,4,0.172,0.06,0.22,0.0,参考
4286,平 田 さやか,4,9,0.166,0.01,0.27,22.22,C
4775,千 葉 真 弥,6,7,0.183,0.05,0.33,0.0,C
3151,落 合 敬 一,1,4,0.098,0.04,0.13,50.0,参考
3808,秋 田 健太郎,4,5,0.118,0.06,0.24,20.0,C
3872,岡 田 憲 行,5,5,0.124,0.06,0.23,20.0,C
3128,鳥 居 智 恵,1,3,0.207,0.16,0.27,0.0,参考
4590,渡 邉 優 美,3,8,0.159,0.11,0.21,37.5,C
3528,笠 野 友紀恵,4,7,0.167,0.0,0.25,14.29,C
4349,犬 童 千 秋,5,3,0.117,0.04,0.17,66.67,参考
4791,黒 澤 めぐみ,6,12,0.197,0.07,0.31,8.33,B
4361,柳 生 泰 二,4,6,0.115,0.05,0.19,33.33,C
4627,藤 原 菜 希,3,11,0.147,0.09,0.27,36.36,B
4722,竹 野 未 華,4,3,0.153,0.11,0.19,33.33,参考
4589,塩 崎 桐 加,5,6,0.2,0.11,0.25,16.67,C
4585,渡 邉 千 晴,6,4,0.212,0.17,0.29,25.0,参考
3804,中 渡 修 作,1,18,0.147,0.04,0.32,16.67,B
4294,古 賀 繁 輝,2,5,0.18,0.08,0.29,20.0,C
4076,杉 田 篤 光,6,5,0.184,0.05,0.33,0.0,C
3518,倉 田 郁 美,1,4,0.165,0.08,0.21,0.0,参考
3802,森 岡 真 希,2,3,0.163,0.11,0.22,0.0,参考
3128,鳥 居 智 恵,3,7,0.231,0.11,0.35,14.29,C
4773,中 川 り な,6,9,0.194,0.05,0.3,11.11,C
4440,萩 原 知 哉,2,7,0.131,0.03,0.25,14.29,C
3872,岡 田 憲 行,4,11,0.186,0.06,0.43,0.0,B
4361,柳 生 泰 二,5,4,0.118,0.05,0.19,0.0,参考
4066,東 本 勝 利,6,4,0.172,0.11,0.22,0.0,参考
3993,永 井 聖 美,1,5,0.164,0.09,0.22,20.0,C
3932,池 田 浩 美,3,5,0.154,0.11,0.18,20.0,C
3999,大 瀧 明日香,4,5,0.11,0.08,0.14,60.0,C
4286,平 田 さやか,5,5,0.138,0.07,0.21,60.0,C
4590,渡 邉 優 美,6,6,0.14,0.03,0.27,33.33,C
4585,渡 邉 千 晴,2,7,0.244,0.15,0.35,0.0,C
3528,笠 野 友紀恵,3,10,0.199,0.1,0.35,0.0,B
3518,倉 田 郁 美,6,3,0.28,0.15,0.41,33.33,参考
4066,東 本 勝 利,1,3,0.15,0.08,0.28,33.33,参考
4553,坪 口 竜 也,3,6,0.17,0.11,0.22,0.0,C
3804,中 渡 修 作,6,21,0.196,0.11,0.31,0.0,A
4627,藤 原 菜 希,2,12,0.189,0.11,0.34,16.67,B
4349,犬 童 千 秋,4,4,0.145,0.09,0.23,100.0,参考
4361,柳 生 泰 二,1,7,0.1,0.05,0.15,28.57,C
4402,乙 藤 智 史,3,13,0.138,0.06,0.21,23.08,B
3151,落 合 敬 一,4,4,0.123,0.08,0.14,75.0,参考
4031,飯 島 誠,5,5,0.142,0.05,0.24,40.0,C
4590,渡 邉 優 美,1,11,0.132,0.01,0.25,27.27,B
4286,平 田 さやか,2,10,0.144,0.04,0.26,30.0,B
4585,渡 邉 千 晴,4,7,0.223,0.05,0.3,0.0,C
4722,竹 野 未 華,5,8,0.18,0.09,0.27,12.5,C
3872,岡 田 憲 行,3,11,0.169,0.04,0.43,27.27,B
4076,杉 田 篤 光,4,5,0.18,0.01,0.31,20.0,C
4440,萩 原 知 哉,5,6,0.157,0.11,0.22,0.0,C
4227,安 達 裕 樹,6,4,0.165,0.11,0.22,50.0,参考
4282,中 西 裕 子,2,5,0.148,0.06,0.23,40.0,C
4627,藤 原 菜 希,4,13,0.145,0.08,0.24,38.46,B
3518,倉 田 郁 美,5,5,0.16,0.09,0.24,0.0,C
4284,山 本 良 一,4,3,0.177,0.14,0.21,0.0,参考
4294,古 賀 繁 輝,5,4,0.147,0.12,0.23,0.0,参考
4589,塩 崎 桐 加,2,5,0.17,0.08,0.25,20.0,C
4590,渡 邉 優 美,4,10,0.113,0.04,0.19,30.0,B
4680,後 藤 美 翼,5,7,0.19,0.09,0.42,28.57,C
4553,坪 口 竜 也,1,5,0.188,0.11,0.26,20.0,C
4076,杉 田 篤 光,2,6,0.182,0.11,0.27,0.0,C
4031,飯 島 誠,3,3,0.153,0.11,0.18,0.0,参考
3808,秋 田 健太郎,5,8,0.126,0.07,0.24,25.0,C
4286,平 田 さやか,1,16,0.155,0.07,0.24,43.75,B
4349,犬 童 千 秋,2,5,0.122,0.05,0.17,20.0,C
3872,岡 田 憲 行,1,16,0.172,0.08,0.27,18.75,B
4294,古 賀 繁 輝,4,9,0.128,0.04,0.19,22.22,C
4402,乙 藤 智 史,6,20,0.159,0.03,0.29,20.0,A
3804,中 渡 修 作,2,21,0.187,0.09,0.29,4.76,A
4239,竹 田 辰 也,4,4,0.148,0.12,0.2,0.0,参考
4553,坪 口 竜 也,5,7,0.131,0.06,0.24,14.29,C
4680,後 藤 美 翼,3,8,0.171,0.1,0.25,12.5,C
3604,武 藤 綾 子,4,4,0.16,0.12,0.22,0.0,参考
4585,渡 邉 千 晴,5,5,0.222,0.16,0.26,0.0,C
4402,乙 藤 智 史,1,24,0.145,0.08,0.28,12.5,A
3151,落 合 敬 一,3,5,0.11,0.08,0.13,20.0,C
4440,萩 原 知 哉,6,5,0.17,0.13,0.22,0.0,C
4076,杉 田 篤 光,1,5,0.17,0.09,0.21,0.0,C
4361,柳 生 泰 二,3,5,0.09,0.06,0.12,60.0,C
3999,大 瀧 明日香,3,3,0.167,0.03,0.25,33.33,参考
3808,秋 田 健太郎,1,4,0.133,0.09,0.22,50.0,参考
4031,飯 島 誠,2,5,0.214,0.15,0.32,0.0,C
4282,中 西 裕 子,4,3,0.143,0.08,0.26,33.33,参考
4627,藤 原 菜 希,5,16,0.141,0.03,0.25,31.25,B
4076,杉 田 篤 光,3,3,0.183,0.11,0.23,33.33,参考
3151,落 合 敬 一,5,6,0.148,0.02,0.24,16.67,C
4361,柳 生 泰 二,6,4,0.203,0.12,0.36,25.0,参考
4349,犬 童 千 秋,1,9,0.208,0.06,0.36,22.22,C
4589,塩 崎 桐 加,4,6,0.137,0.07,0.18,0.0,C
3872,岡 田 憲 行,2,8,0.165,0.06,0.23,0.0,C
4066,東 本 勝 利,5,3,0.17,0.16,0.19,0.0,参考
3518,倉 田 郁 美,3,7,0.163,0.04,0.28,14.29,C
3999,大 瀧 明日香,6,3,0.233,0.11,0.38,0.0,参考
3128,鳥 居 智 恵,2,5,0.204,0.13,0.3,20.0,C
3518,倉 田 郁 美,4,4,0.092,0.04,0.13,50.0,参考
3808,秋 田 健太郎,6,5,0.138,0.03,0.32,0.0,C
4286,平 田 さやか,3,6,0.15,0.11,0.19,33.33,C
3528,笠 野 友紀恵,5,5,0.144,0.01,0.32,20.0,C
3808,秋 田 健太郎,3,7,0.15,0.03,0.26,28.57,C
3999,大 瀧 明日香,2,3,0.12,0.05,0.17,66.67,参考
4282,中 西 裕 子,6,4,0.158,0.03,0.26,0.0,参考
4680,後 藤 美 翼,4,5,0.15,0.08,0.22,20.0,C
4349,犬 童 千 秋,3,6,0.208,0.16,0.24,0.0,C
4791,黒 澤 めぐみ,5,6,0.17,0.02,0.53,50.0,C
4590,渡 邉 優 美,2,11,0.159,0.05,0.28,27.27,B
4286,平 田 さやか,6,7,0.154,0.06,0.29,28.57,C
4680,後 藤 美 翼,1,8,0.184,0.07,0.29,37.5,C
4791,黒 澤 めぐみ,4,6,0.133,0.09,0.25,16.67,C
3128,鳥 居 智 恵,4,4,0.105,0.07,0.16,0.0,参考
3518,倉 田 郁 美,2,7,0.186,0.14,0.28,0.0,C
3872,岡 田 憲 行,6,8,0.144,0.09,0.19,25.0,C
4590,渡 邉 優 美,5,7,0.13,0.01,0.26,14.29,C
3517,高 橋 勲,1,5,0.134,0.07,0.26,60.0,C
3361,岡 部 浩,2,11,0.192,0.08,0.35,9.09,B
3850,小 川 知 行,3,3,0.163,0.13,0.22,0.0,参考
4495,森 晋太郎,4,15,0.137,0.03,0.44,26.67,B
3616,中 村 真,1,15,0.127,0.02,0.23,46.67,B
3480,金 子 建 二,3,3,0.147,0.1,0.19,33.33,参考
4861,田 中 宏 樹,6,23,0.185,0.01,0.41,4.35,A
3430,角 浜 修,1,5,0.16,0.02,0.24,20.0,C
4603,谷 川 将 太,4,7,0.13,0.06,0.27,0.0,C
4177,萬 正 嗣,2,4,0.143,0.11,0.17,50.0,参考
4113,木 村 浩 士,4,4,0.168,0.12,0.23,0.0,参考
3568,木 村 光 宏,2,10,0.186,0.11,0.37,0.0,B
4495,森 晋太郎,3,18,0.159,0.01,0.27,27.78,B
3970,亀 山 高 雅,5,5,0.198,0.09,0.26,20.0,C
3995,重 野 哲 之,3,5,0.14,0.09,0.18,20.0,C
4463,三 苫 晃 幸,4,23,0.143,0.05,0.29,4.35,A
3361,岡 部 浩,1,7,0.189,0.08,0.25,14.29,C
3878,胡 本 悟 志,4,3,0.18,0.01,0.3,33.33,参考
3973,崎 利 仁,5,3,0.213,0.2,0.23,0.0,参考
3828,明 石 正 之,1,7,0.167,0.07,0.25,14.29,C
3520,岩 本 豊 志,2,5,0.196,0.16,0.25,0.0,C
4113,木 村 浩 士,1,5,0.146,0.08,0.25,40.0,C
3838,伊 藤 啓 三,6,6,0.188,0.09,0.34,66.67,C
3616,中 村 真,2,12,0.208,0.11,0.46,16.67,B
3970,亀 山 高 雅,3,4,0.182,0.12,0.24,0.0,参考
4177,萬 正 嗣,1,5,0.172,0.09,0.22,40.0,C
4247,齊 藤 優,2,7,0.166,0.08,0.28,0.0,C
3430,角 浜 修,4,4,0.207,0.16,0.31,25.0,参考
3445,加 藤 高 史,5,7,0.194,0.09,0.32,14.29,C
3568,木 村 光 宏,1,6,0.19,0.11,0.26,33.33,C
3517,高 橋 勲,3,7,0.161,0.05,0.28,57.14,C
3995,重 野 哲 之,4,5,0.094,0.06,0.19,40.0,C
4500,山 田 康 二,6,3,0.153,0.09,0.2,0.0,参考
3995,重 野 哲 之,1,8,0.122,0.06,0.2,37.5,C
4603,谷 川 将 太,5,3,0.133,0.11,0.16,0.0,参考
4616,小 川 真 人,3,3,0.117,0.04,0.21,0.0,参考
3433,諏 訪 忠 宏,5,3,0.22,0.1,0.33,0.0,参考
3445,加 藤 高 史,1,11,0.158,0.07,0.24,18.18,B
3838,伊 藤 啓 三,3,5,0.118,0.06,0.18,40.0,C
3671,後 藤 博,5,3,0.167,0.12,0.2,0.0,参考
3517,高 橋 勲,4,6,0.153,0.05,0.22,16.67,C
4247,齊 藤 優,6,3,0.147,0.11,0.17,0.0,参考
4500,山 田 康 二,1,4,0.163,0.09,0.25,25.0,参考
3828,明 石 正 之,3,5,0.218,0.11,0.32,0.0,C
3973,崎 利 仁,4,3,0.12,0.06,0.19,33.33,参考
3520,岩 本 豊 志,3,3,0.137,0.1,0.16,0.0,参考
4495,森 晋太郎,6,13,0.128,0.01,0.23,30.77,B
3568,木 村 光 宏,4,6,0.168,0.1,0.34,0.0,C
3430,角 浜 修,5,6,0.152,0.11,0.21,33.33,C
3404,矢 崎 誠 一,2,3,0.18,0.11,0.22,33.33,参考
2887,大 井 崇 夫,5,3,0.18,0.08,0.27,0.0,参考
4616,小 川 真 人,6,4,0.193,0.1,0.24,0.0,参考
3970,亀 山 高 雅,2,5,0.232,0.13,0.35,0.0,C
3616,中 村 真,4,14,0.13,0.04,0.31,28.57,B
3533,佐 川 正 道,1,3,0.143,0.07,0.21,33.33,参考
4500,山 田 康 二,5,4,0.175,0.13,0.25,0.0,参考
3577,向 所 浩 二,3,3,0.187,0.11,0.27,0.0,参考
4247,齊 藤 優,4,5,0.14,0.03,0.21,60.0,C
4113,木 村 浩 士,2,3,0.193,0.17,0.23,33.33,参考
4463,三 苫 晃 幸,3,14,0.155,0.07,0.24,7.14,B
4177,萬 正 嗣,5,8,0.149,0.01,0.25,37.5,C
3828,明 石 正 之,6,4,0.215,0.17,0.28,0.0,参考
3838,伊 藤 啓 三,1,11,0.15,0.02,0.33,63.64,B
3995,重 野 哲 之,2,5,0.132,0.1,0.17,0.0,C
3601,田 村 勇 一,3,3,0.14,0.12,0.17,0.0,参考
3361,岡 部 浩,4,14,0.163,0.07,0.27,14.29,B
3568,木 村 光 宏,3,4,0.195,0.17,0.23,0.0,参考
3445,加 藤 高 史,4,6,0.177,0.03,0.36,33.33,C
3616,中 村 真,5,12,0.181,0.07,0.24,8.33,B
3838,伊 藤 啓 三,5,6,0.088,0.04,0.13,83.33,C
3430,角 浜 修,3,5,0.162,0.09,0.29,0.0,C
3361,岡 部 浩,5,11,0.178,0.06,0.29,0.0,B
3445,加 藤 高 史,6,6,0.16,0.08,0.22,0.0,C
4247,齊 藤 優,5,4,0.205,0.09,0.5,50.0,参考
4861,田 中 宏 樹,5,7,0.131,0.08,0.2,0.0,C
3828,明 石 正 之,2,5,0.192,0.13,0.25,0.0,C
3671,後 藤 博,3,3,0.127,0.06,0.17,0.0,参考
4177,萬 正 嗣,4,4,0.232,0.13,0.43,25.0,参考
4495,森 晋太郎,5,17,0.14,0.03,0.21,47.06,B
4603,谷 川 将 太,6,7,0.163,0.06,0.27,0.0,C
3361,岡 部 浩,6,6,0.172,0.13,0.24,0.0,C
3838,伊 藤 啓 三,2,7,0.129,0.08,0.19,14.29,C
4113,木 村 浩 士,3,3,0.207,0.19,0.22,0.0,参考
4177,萬 正 嗣,6,4,0.268,0.18,0.44,0.0,参考
4463,三 苫 晃 幸,2,14,0.139,0.03,0.33,7.14,B
4247,齊 藤 優,3,3,0.13,0.02,0.28,33.33,参考
3517,高 橋 勲,2,9,0.171,0.07,0.29,11.11,C
3361,岡 部 浩,3,7,0.179,0.02,0.29,28.57,C
4495,森 晋太郎,1,10,0.16,0.01,0.41,30.0,B
4603,谷 川 将 太,2,7,0.15,0.11,0.28,14.29,C
4113,木 村 浩 士,6,3,0.127,0.09,0.15,33.33,参考
4177,萬 正 嗣,3,8,0.19,0.16,0.27,0.0,C
4500,山 田 康 二,4,3,0.137,0.05,0.19,0.0,参考
3445,加 藤 高 史,2,5,0.192,0.09,0.25,0.0,C
3828,明 石 正 之,5,6,0.215,0.15,0.32,0.0,C
3828,明 石 正 之,4,4,0.152,0.09,0.19,0.0,参考
4463,三 苫 晃 幸,1,22,0.136,0.02,0.25,22.73,A
4603,谷 川 将 太,3,5,0.15,0.12,0.19,20.0,C
3445,加 藤 高 史,3,5,0.14,0.11,0.17,40.0,C
3616,中 村 真,3,17,0.13,0.02,0.34,41.18,B
3838,伊 藤 啓 三,4,5,0.106,0.04,0.17,60.0,C
3532,柴 田 光,1,8,0.156,0.07,0.29,12.5,C
4449,中 嶋 達 也,3,6,0.195,0.09,0.32,16.67,C
4285,伴 将 典,4,3,0.127,0.09,0.19,66.67,参考
4034,西 原 明 生,5,7,0.184,0.11,0.24,14.29,C
4220,深 川 和 仁,1,6,0.135,0.1,0.24,66.67,C
3358,桑 原 明,2,4,0.235,0.11,0.41,50.0,参考
4046,谷 村 啓 司,3,13,0.174,0.07,0.23,0.0,B
3964,宮 地 博 士,5,9,0.243,0.09,0.32,0.0,C
4175,川 尻 泰 輔,1,7,0.19,0.12,0.35,14.29,C
4292,麻 生 慎 介,4,4,0.138,0.11,0.18,50.0,参考
4300,加 藤 綾,3,9,0.174,0.11,0.27,44.44,C
4123,細 川 裕 子,5,5,0.186,0.1,0.22,0.0,C
4260,中 越 博 紀,2,8,0.158,0.07,0.21,0.0,C
3944,山 口 裕 二,4,12,0.177,0.09,0.31,8.33,B
4379,桑 島 和 宏,5,4,0.175,0.09,0.27,0.0,参考
4506,稗 田 聖 也,2,8,0.152,0.07,0.23,0.0,C
3225,松 村 昌 子,4,7,0.21,0.15,0.3,0.0,C
4268,和 合 俊 介,5,4,0.2,0.17,0.24,25.0,参考
4034,西 原 明 生,6,5,0.22,0.13,0.32,0.0,C
4046,谷 村 啓 司,1,6,0.142,0.09,0.21,0.0,C
4118,宇佐見 淳,4,10,0.121,0.05,0.21,20.0,B
3815,森 岡 満 郎,6,4,0.107,0.05,0.16,75.0,参考
4300,加 藤 綾,2,8,0.164,0.12,0.24,37.5,C
4823,中 村 桃 佳,5,4,0.085,0.02,0.11,75.0,参考
4260,中 越 博 紀,1,12,0.148,0.09,0.23,16.67,B
3809,吉 田 光,4,21,0.17,0.01,0.48,14.29,A
4449,中 嶋 達 也,5,7,0.137,0.05,0.24,85.71,C
4285,伴 将 典,2,4,0.175,0.11,0.31,25.0,参考
4105,松 下 直 也,3,9,0.171,0.1,0.27,22.22,C
3614,谷 勝 幸,4,4,0.168,0.11,0.26,0.0,参考
3225,松 村 昌 子,6,3,0.23,0.13,0.29,0.0,参考
3944,山 口 裕 二,5,11,0.167,0.03,0.35,18.18,B
4123,細 川 裕 子,3,8,0.144,0.06,0.23,0.0,C
3385,渡 邉 睦 広,5,8,0.126,0.06,0.24,50.0,C
4222,山 口 高 志,6,4,0.147,0.12,0.18,0.0,参考
3441,土 屋 太 朗,1,6,0.16,0.03,0.31,16.67,C
4506,稗 田 聖 也,3,15,0.118,0.07,0.18,40.0,B
4220,深 川 和 仁,4,8,0.101,0.07,0.12,25.0,C
3815,森 岡 満 郎,5,3,0.137,0.12,0.17,0.0,参考
4049,高 沖 健 太,1,4,0.15,0.1,0.21,25.0,参考
3532,柴 田 光,3,7,0.153,0.08,0.28,28.57,C
4118,宇佐見 淳,5,9,0.137,0.07,0.21,33.33,C
4118,宇佐見 淳,1,14,0.138,0.06,0.2,35.71,B
3964,宮 地 博 士,2,9,0.18,0.07,0.35,0.0,C
3614,谷 勝 幸,3,6,0.13,0.07,0.19,0.0,C
4105,松 下 直 也,1,11,0.201,0.09,0.35,0.0,B
3532,柴 田 光,2,5,0.148,0.11,0.19,0.0,C
3385,渡 邉 睦 広,1,7,0.154,0.09,0.24,57.14,C
4449,中 嶋 達 也,2,6,0.162,0.04,0.42,50.0,C
3944,山 口 裕 二,3,9,0.151,0.04,0.28,11.11,C
4220,深 川 和 仁,2,12,0.158,0.06,0.24,25.0,B
3441,土 屋 太 朗,3,4,0.143,0.07,0.18,25.0,参考
4285,伴 将 典,6,3,0.177,0.06,0.29,0.0,参考
3815,森 岡 満 郎,1,5,0.148,0.06,0.19,20.0,C
3964,宮 地 博 士,3,9,0.192,0.03,0.34,0.0,C
3608,森 仁 志,5,3,0.157,0.11,0.24,0.0,参考
4379,桑 島 和 宏,1,3,0.193,0.18,0.21,33.33,参考
3809,吉 田 光,2,20,0.169,0.06,0.31,5.0,A
4300,加 藤 綾,6,8,0.203,0.11,0.28,0.0,C
4034,西 原 明 生,2,10,0.178,0.13,0.22,0.0,B
3358,桑 原 明,4,5,0.252,0.17,0.36,0.0,C
4222,山 口 高 志,1,3,0.207,0.11,0.28,0.0,参考
4268,和 合 俊 介,3,5,0.112,0.05,0.16,60.0,C
4823,中 村 桃 佳,6,6,0.103,0.06,0.13,33.33,C
4123,細 川 裕 子,1,10,0.177,0.01,0.24,20.0,B
4506,稗 田 聖 也,6,5,0.156,0.1,0.25,20.0,C
3809,吉 田 光,1,13,0.142,0.03,0.24,23.08,B
3385,渡 邉 睦 広,2,4,0.16,0.1,0.22,0.0,参考
4046,谷 村 啓 司,5,11,0.135,0.05,0.29,9.09,B
4260,中 越 博 紀,6,10,0.219,0.06,0.42,0.0,B
3944,山 口 裕 二,1,21,0.22,0.09,0.41,4.76,A
3381,滝 沢 芳 行,4,4,0.145,0.09,0.22,50.0,参考
3532,柴 田 光,5,3,0.217,0.16,0.27,0.0,参考
4175,川 尻 泰 輔,6,4,0.233,0.17,0.31,0.0,参考
4105,松 下 直 也,2,8,0.17,0.09,0.23,0.0,C
4222,山 口 高 志,3,4,0.122,0.05,0.16,0.0,参考
3379,打 越 晶,6,3,0.117,0.09,0.15,0.0,参考
3441,土 屋 太 朗,4,4,0.122,0.04,0.21,50.0,参考
4285,伴 将 典,5,3,0.143,0.02,0.21,66.67,参考
4105,松 下 直 也,4,10,0.178,0.08,0.3,30.0,B
3358,桑 原 明,6,3,0.243,0.18,0.28,0.0,参考
4506,稗 田 聖 也,1,11,0.144,0.09,0.26,36.36,B
4049,高 沖 健 太,3,3,0.18,0.14,0.21,0.0,参考
4449,中 嶋 達 也,4,5,0.13,0.05,0.21,40.0,C
3809,吉 田 光,5,16,0.157,0.06,0.34,6.25,B
4222,山 口 高 志,2,3,0.177,0.14,0.24,0.0,参考
4175,川 尻 泰 輔,3,6,0.133,0.07,0.19,0.0,C
4046,谷 村 啓 司,6,9,0.16,0.11,0.22,22.22,C
4220,深 川 和 仁,6,8,0.168,0.09,0.25,12.5,C
4268,和 合 俊 介,2,4,0.158,0.11,0.22,50.0,参考
4449,中 嶋 達 也,6,6,0.192,0.11,0.25,16.67,C
3225,松 村 昌 子,2,4,0.2,0.15,0.25,0.0,参考
4823,中 村 桃 佳,4,3,0.09,0.01,0.15,66.67,参考
3385,渡 邉 睦 広,3,3,0.137,0.09,0.23,33.33,参考
4034,西 原 明 生,4,10,0.17,0.06,0.27,10.0,B
3614,谷 勝 幸,2,4,0.147,0.11,0.2,0.0,参考
4175,川 尻 泰 輔,5,6,0.158,0.07,0.23,16.67,C
4416,三 宅 健 太,6,10,0.207,0.09,0.37,20.0,B
4118,宇佐見 淳,2,6,0.157,0.09,0.24,0.0,C
3441,土 屋 太 朗,2,5,0.2,0.14,0.26,40.0,C
4379,桑 島 和 宏,4,3,0.16,0.11,0.24,33.33,参考
4260,中 越 博 紀,5,9,0.162,0.08,0.32,11.11,C
4105,松 下 直 也,6,7,0.187,0.05,0.31,14.29,C
4194,齋 藤 篤,6,3,0.207,0.19,0.24,0.0,参考
4105,松 下 直 也,5,8,0.169,0.06,0.26,12.5,C
3964,宮 地 博 士,6,7,0.243,0.18,0.29,0.0,C
3815,森 岡 満 郎,4,3,0.14,0.11,0.19,33.33,参考
4123,細 川 裕 子,6,8,0.185,0.0,0.27,12.5,C
4220,深 川 和 仁,5,9,0.172,0.01,0.28,33.33,C
3614,谷 勝 幸,5,4,0.155,0.11,0.2,0.0,参考
3944,山 口 裕 二,2,12,0.149,0.02,0.26,16.67,B
4506,稗 田 聖 也,4,11,0.133,0.03,0.24,45.45,B
3809,吉 田 光,3,13,0.164,0.04,0.28,15.38,B
4300,加 藤 綾,5,7,0.164,0.12,0.2,28.57,C
4123,細 川 裕 子,4,7,0.16,0.05,0.24,0.0,C
4034,西 原 明 生,3,6,0.135,0.12,0.16,16.67,C
4260,中 越 博 紀,3,10,0.16,0.03,0.31,10.0,B
3964,宮 地 博 士,4,5,0.186,0.02,0.26,0.0,C
4046,谷 村 啓 司,2,12,0.147,0.09,0.27,0.0,B
4118,宇佐見 淳,3,6,0.142,0.11,0.21,33.33,C
3385,渡 邉 睦 広,6,3,0.16,0.1,0.19,33.33,参考
3441,土 屋 太 朗,5,4,0.217,0.19,0.26,0.0,参考
3940,飯 山 泰,1,6,0.157,0.11,0.19,16.67,C
3682,切 田 潤 二,3,3,0.233,0.17,0.27,0.0,参考
4111,奥 田 誠,5,3,0.193,0.16,0.24,0.0,参考
3064,山 崎 昭 生,1,4,0.193,0.16,0.24,0.0,参考
4654,篠 田 優 也,3,3,0.193,0.16,0.24,0.0,参考
4778,堤 啓 輔,6,15,0.139,0.04,0.31,20.0,B
3855,大 熊 辰 弥,4,5,0.27,0.09,0.39,0.0,C
3997,北 村 征 嗣,3,7,0.139,0.05,0.19,14.29,C
3602,奥 平 拓 也,5,4,0.165,0.15,0.18,25.0,参考
4327,加 藤 翔,6,3,0.207,0.13,0.31,0.0,参考
3439,大 平 誉史明,1,10,0.165,0.05,0.3,20.0,B
4169,多 田 有 佑,5,3,0.203,0.12,0.28,0.0,参考
4798,浜 先 真 範,6,6,0.168,0.06,0.29,0.0,C
3771,折 下 寛 法,3,3,0.13,0.1,0.18,33.33,参考
4653,小 野 達 哉,2,3,0.153,0.11,0.21,0.0,参考
4330,奈 須 啓 太,3,22,0.101,0.04,0.18,31.82,A
4111,奥 田 誠,6,3,0.213,0.12,0.31,0.0,参考
3839,川 合 理 司,4,3,0.163,0.13,0.22,33.33,参考
4120,柘 植 政 浩,1,10,0.149,0.07,0.26,20.0,B
4325,新 出 浩 司,3,5,0.128,0.09,0.17,60.0,C
4133,高 橋 正 男,1,10,0.159,0.05,0.23,40.0,B
4653,小 野 達 哉,3,7,0.149,0.08,0.23,14.29,C
4327,加 藤 翔,5,8,0.186,0.05,0.31,12.5,C
3439,大 平 誉史明,2,5,0.208,0.13,0.31,40.0,C
3940,飯 山 泰,4,7,0.12,0.06,0.24,57.14,C
4330,奈 須 啓 太,6,13,0.13,0.04,0.29,30.77,B
4169,多 田 有 佑,2,4,0.122,0.09,0.18,25.0,参考
3439,大 平 誉史明,4,7,0.136,0.05,0.29,42.86,C
4348,宮 崎 奨,4,5,0.114,0.02,0.19,20.0,C
3940,飯 山 泰,5,4,0.133,0.08,0.25,0.0,参考
3839,川 合 理 司,6,3,0.17,0.16,0.19,0.0,参考
2910,片 山 晃,2,3,0.16,0.15,0.17,33.33,参考
3602,奥 平 拓 也,1,5,0.162,0.05,0.24,20.0,C
4330,奈 須 啓 太,2,13,0.142,0.08,0.23,30.77,B
4325,新 出 浩 司,4,10,0.145,0.05,0.25,10.0,B
4654,篠 田 優 也,5,5,0.198,0.16,0.28,0.0,C
4133,高 橋 正 男,5,7,0.117,0.01,0.21,14.29,C
3771,折 下 寛 法,1,5,0.1,0.05,0.16,60.0,C
4169,多 田 有 佑,3,5,0.124,0.08,0.21,20.0,C
4653,小 野 達 哉,1,9,0.152,0.01,0.27,22.22,C
3682,切 田 潤 二,2,4,0.195,0.08,0.27,0.0,参考
4120,柘 植 政 浩,3,8,0.124,0.08,0.17,37.5,C
4325,新 出 浩 司,2,10,0.148,0.04,0.24,20.0,B
3771,折 下 寛 法,4,4,0.07,0.01,0.12,50.0,参考
4330,奈 須 啓 太,1,32,0.137,0.04,0.34,50.0,A
4120,柘 植 政 浩,2,8,0.196,0.06,0.29,12.5,C
3682,切 田 潤 二,4,3,0.18,0.1,0.23,0.0,参考
3839,川 合 理 司,2,3,0.177,0.14,0.21,33.33,参考
4120,柘 植 政 浩,5,5,0.164,0.06,0.28,20.0,C
3940,飯 山 泰,2,3,0.143,0.11,0.21,33.33,参考
4133,高 橋 正 男,2,3,0.117,0.11,0.12,66.67,参考
4653,小 野 達 哉,4,4,0.12,0.08,0.19,50.0,参考
3696,白 井 友 晴,6,4,0.207,0.16,0.29,50.0,参考
4325,新 出 浩 司,6,8,0.175,0.11,0.28,25.0,C
3439,大 平 誉史明,3,6,0.16,0.11,0.19,0.0,C
4169,多 田 有 佑,4,4,0.092,0.07,0.14,25.0,参考
3602,奥 平 拓 也,2,4,0.128,0.05,0.18,25.0,参考
4133,高 橋 正 男,3,6,0.125,0.05,0.23,66.67,C
4330,奈 須 啓 太,4,16,0.116,0.03,0.2,43.75,B
4653,小 野 達 哉,6,7,0.18,0.11,0.24,14.29,C
4120,柘 植 政 浩,6,7,0.201,0.13,0.27,0.0,C
3839,川 合 理 司,5,4,0.175,0.16,0.19,0.0,参考
4133,高 橋 正 男,4,6,0.055,0.01,0.09,66.67,C
4727,安 部 慎 一,4,3,0.18,0.16,0.2,0.0,参考
4798,浜 先 真 範,4,3,0.127,0.04,0.23,0.0,参考
4169,多 田 有 佑,6,3,0.19,0.09,0.27,0.0,参考
4753,森 照 夫,4,8,0.119,0.03,0.19,12.5,C
3839,川 合 理 司,3,3,0.247,0.19,0.34,0.0,参考
3602,奥 平 拓 也,3,3,0.127,0.09,0.18,33.33,参考
4653,小 野 達 哉,5,5,0.108,0.05,0.26,60.0,C
4327,加 藤 翔,3,6,0.248,0.16,0.42,16.67,C
4325,新 出 浩 司,5,6,0.152,0.07,0.25,33.33,C
4816,村 松 修 二,4,3,0.193,0.09,0.28,0.0,参考
3940,飯 山 泰,3,3,0.113,0.08,0.15,66.67,参考
4421,森 作 広 大,6,3,0.147,0.09,0.24,0.0,参考
3631,田 添 康 介,1,6,0.097,0.04,0.16,66.67,C
4620,佐 藤 裕 紀,3,3,0.16,0.14,0.19,0.0,参考
3737,上 平 真 二,4,5,0.132,0.07,0.18,0.0,C
3730,塩 崎 優 司,1,4,0.21,0.13,0.27,0.0,参考
4667,土 屋 幸 宏,2,3,0.18,0.16,0.22,0.0,参考
4612,志々目 裕 樹,4,5,0.114,0.06,0.17,60.0,C
3777,樋 口 亮,1,9,0.151,0.08,0.24,22.22,C
4423,坂 口 貴 彦,2,9,0.147,0.07,0.27,11.11,C
3599,柿 本 達 也,3,4,0.16,0.05,0.3,25.0,参考
3713,伊 藤 誠 二,4,9,0.15,0.11,0.23,22.22,C
4782,浜 崎 準 也,6,12,0.158,0.01,0.31,25.0,B
4040,廣 瀬 将 亨,1,4,0.13,0.08,0.16,50.0,参考
4365,盛 本 真 輔,4,4,0.158,0.11,0.19,25.0,参考
3550,都 築 正 治,2,6,0.207,0.14,0.38,0.0,C
4612,志々目 裕 樹,2,3,0.147,0.04,0.23,0.0,参考
4886,入 海 馨,6,10,0.183,0.05,0.39,20.0,B
3519,冨 田 秀 幸,1,9,0.167,0.06,0.24,22.22,C
4078,渡 辺 史 之,2,5,0.162,0.14,0.21,0.0,C
4377,濱 本 優 一,4,9,0.152,0.11,0.19,0.0,C
4782,浜 崎 準 也,5,10,0.187,0.09,0.31,40.0,B
4384,鶴 本 崇 文,1,5,0.144,0.09,0.19,0.0,C
4040,廣 瀬 将 亨,3,3,0.117,0.11,0.13,33.33,参考
3713,伊 藤 誠 二,5,10,0.147,0.01,0.25,40.0,B
4363,大 野 芳 顕,6,13,0.165,0.02,0.36,23.08,B
3550,都 築 正 治,1,6,0.185,0.14,0.33,0.0,C
3158,島 川 光 男,2,7,0.131,0.06,0.22,14.29,C
3730,塩 崎 優 司,3,6,0.16,0.08,0.24,33.33,C
3631,田 添 康 介,4,9,0.178,0.04,0.33,11.11,C
4365,盛 本 真 輔,5,6,0.165,0.13,0.19,0.0,C
4377,濱 本 優 一,6,8,0.198,0.07,0.31,0.0,C
3737,上 平 真 二,2,7,0.126,0.04,0.24,0.0,C
3777,樋 口 亮,4,4,0.2,0.1,0.34,0.0,参考
4365,盛 本 真 輔,2,5,0.208,0.1,0.35,0.0,C
4423,坂 口 貴 彦,3,6,0.207,0.12,0.39,0.0,C
3976,内 田 圭,2,3,0.18,0.13,0.25,0.0,参考
3847,鈴 木 孝 之,3,3,0.13,0.09,0.16,33.33,参考
4249,曾 根 孝 仁,2,3,0.17,0.08,0.25,33.33,参考
3737,上 平 真 二,3,4,0.188,0.12,0.26,0.0,参考
3550,都 築 正 治,5,6,0.15,0.07,0.25,50.0,C
3691,加 藤 知 弘,6,7,0.19,0.11,0.24,14.29,C
4421,森 作 広 大,2,4,0.18,0.09,0.24,25.0,参考
3519,冨 田 秀 幸,3,4,0.145,0.08,0.23,25.0,参考
3631,田 添 康 介,5,13,0.177,0.07,0.29,7.69,B
4363,大 野 芳 顕,1,21,0.168,0.09,0.29,23.81,A
3777,樋 口 亮,2,9,0.172,0.07,0.29,11.11,C
4078,渡 辺 史 之,5,4,0.168,0.01,0.27,25.0,参考
3713,伊 藤 誠 二,2,5,0.132,0.05,0.26,20.0,C
3460,堤 健 一,3,3,0.137,0.13,0.14,33.33,参考
3730,塩 崎 優 司,5,9,0.18,0.09,0.28,0.0,C
4377,濱 本 優 一,1,12,0.143,0.07,0.28,75.0,B
3847,鈴 木 孝 之,2,3,0.14,0.08,0.18,0.0,参考
3158,島 川 光 男,1,21,0.142,0.06,0.25,47.62,A
4363,大 野 芳 顕,2,14,0.143,0.03,0.18,21.43,B
4667,土 屋 幸 宏,6,3,0.22,0.17,0.25,0.0,参考
4040,廣 瀬 将 亨,5,3,0.117,0.08,0.15,66.67,参考
3519,冨 田 秀 幸,2,8,0.143,0.08,0.19,0.0,C
4078,渡 辺 史 之,3,3,0.18,0.11,0.26,33.33,参考
4423,坂 口 貴 彦,6,9,0.224,0.06,0.41,0.0,C
3713,伊 藤 誠 二,1,15,0.143,0.04,0.25,46.67,B
4421,森 作 広 大,3,3,0.147,0.08,0.21,0.0,参考
3737,上 平 真 二,1,7,0.129,0.07,0.19,28.57,C
3777,樋 口 亮,3,8,0.116,0.03,0.18,50.0,C
3158,島 川 光 男,4,15,0.121,0.01,0.22,40.0,B
4078,渡 辺 史 之,6,3,0.213,0.14,0.31,0.0,参考
4377,濱 本 優 一,5,11,0.142,0.04,0.28,9.09,B
4612,志々目 裕 樹,6,6,0.127,0.05,0.24,33.33,C
4040,廣 瀬 将 亨,4,3,0.103,0.08,0.14,66.67,参考
4384,鶴 本 崇 文,3,5,0.128,0.09,0.19,20.0,C
4789,古 賀 智 之,4,6,0.148,0.1,0.19,16.67,C
4423,坂 口 貴 彦,1,5,0.134,0.11,0.18,0.0,C
4421,森 作 広 大,5,4,0.175,0.13,0.25,0.0,参考
4612,志々目 裕 樹,5,3,0.163,0.16,0.17,33.33,参考
3519,冨 田 秀 幸,6,5,0.194,0.12,0.27,0.0,C
3890,小 宮 淳 史,4,3,0.13,0.09,0.17,0.0,参考
4384,鶴 本 崇 文,5,4,0.122,0.06,0.17,25.0,参考
4365,盛 本 真 輔,6,6,0.2,0.08,0.25,0.0,C
3713,伊 藤 誠 二,3,7,0.116,0.07,0.19,14.29,C
3730,塩 崎 優 司,2,4,0.212,0.12,0.31,0.0,参考
4377,濱 本 優 一,3,7,0.21,0.08,0.37,0.0,C
3691,加 藤 知 弘,5,3,0.16,0.14,0.19,33.33,参考
3631,田 添 康 介,3,11,0.174,0.05,0.45,0.0,B
3158,島 川 光 男,5,10,0.153,0.07,0.23,10.0,B
4423,坂 口 貴 彦,5,8,0.168,0.1,0.32,25.0,C
3730,塩 崎 優 司,4,3,0.133,0.11,0.16,66.67,参考
3777,樋 口 亮,5,7,0.186,0.1,0.35,14.29,C
4612,志々目 裕 樹,3,4,0.148,0.07,0.25,25.0,参考
4363,大 野 芳 顕,4,14,0.136,0.05,0.26,35.71,B
3631,田 添 康 介,6,8,0.177,0.06,0.32,25.0,C
3158,島 川 光 男,6,11,0.148,0.08,0.36,0.0,B
3550,都 築 正 治,4,4,0.198,0.17,0.22,0.0,参考
4363,大 野 芳 顕,5,16,0.16,0.07,0.25,6.25,B
4782,浜 崎 準 也,4,4,0.128,0.09,0.16,25.0,参考
4040,廣 瀬 将 亨,2,3,0.093,0.06,0.14,66.67,参考
4365,盛 本 真 輔,1,5,0.158,0.11,0.2,0.0,C
3713,伊 藤 誠 二,6,9,0.156,0.09,0.27,11.11,C
3519,冨 田 秀 幸,4,8,0.182,0.04,0.33,0.0,C
3550,都 築 正 治,3,6,0.17,0.13,0.19,16.67,C
4040,廣 瀬 将 亨,6,3,0.147,0.11,0.17,0.0,参考
4421,森 作 広 大,4,3,0.147,0.12,0.18,0.0,参考
3529,松 本 勝 也,1,7,0.161,0.03,0.3,28.57,C
3482,金 子 猛 志,3,12,0.161,0.05,0.28,16.67,B
3497,後 藤 浩,1,5,0.194,0.12,0.27,40.0,C
3822,平 尾 崇 典,4,6,0.148,0.06,0.21,16.67,C
4835,橋 本 明,6,19,0.179,0.04,0.29,15.79,B
3211,北 川 敏 弘,1,9,0.16,0.05,0.24,33.33,C
3156,金 子 良 昭,3,3,0.173,0.13,0.22,33.33,参考
4578,藤 山 雅 弘,6,4,0.247,0.17,0.29,0.0,参考
3563,堤 昇,2,6,0.172,0.11,0.24,16.67,C
4846,佐 藤 駿 介,6,18,0.244,0.11,0.53,11.11,B
4202,浮 田 圭 浩,6,3,0.21,0.16,0.24,0.0,参考
3670,古 澤 信 二,1,6,0.21,0.16,0.32,0.0,C
4264,長 尾 章 平,4,4,0.125,0.09,0.17,0.0,参考
3563,堤 昇,1,6,0.145,0.09,0.21,33.33,C
4538,笠 置 博 之,2,5,0.216,0.14,0.3,20.0,C
3482,金 子 猛 志,4,5,0.13,0.04,0.23,20.0,C
4367,山 口 修 路,5,20,0.228,0.03,0.38,15.0,A
3211,北 川 敏 弘,4,5,0.14,0.05,0.25,40.0,C
3156,金 子 良 昭,1,4,0.172,0.16,0.19,25.0,参考
3497,後 藤 浩,2,4,0.168,0.14,0.19,0.0,参考
3546,中 里 昌 志,6,3,0.23,0.14,0.35,0.0,参考
3822,平 尾 崇 典,1,10,0.201,0.11,0.29,0.0,B
3529,松 本 勝 也,3,3,0.163,0.07,0.23,33.33,参考
4264,長 尾 章 平,5,6,0.14,0.09,0.2,16.67,C
4264,長 尾 章 平,1,9,0.166,0.06,0.33,22.22,C
4538,笠 置 博 之,5,3,0.157,0.11,0.21,33.33,参考
4202,浮 田 圭 浩,2,5,0.158,0.05,0.22,0.0,C
4367,山 口 修 路,3,16,0.229,0.06,0.43,12.5,B
3670,古 澤 信 二,5,8,0.136,0.02,0.31,12.5,C
4578,藤 山 雅 弘,4,8,0.165,0.11,0.25,0.0,C
3211,北 川 敏 弘,5,5,0.134,0.05,0.21,20.0,C
3546,中 里 昌 志,1,6,0.135,0.02,0.29,16.67,C
3563,堤 昇,4,8,0.159,0.03,0.23,0.0,C
4202,浮 田 圭 浩,4,5,0.23,0.11,0.31,0.0,C
3670,古 澤 信 二,6,6,0.128,0.04,0.2,0.0,C
4531,武 富 智 亮,1,7,0.169,0.05,0.3,42.86,C
3372,加 藤 雅 之,5,3,0.157,0.09,0.25,0.0,参考
3888,山 本 英 志,1,3,0.123,0.05,0.18,66.67,参考
4367,山 口 修 路,2,18,0.194,0.05,0.34,5.56,B
3529,松 本 勝 也,5,4,0.185,0.11,0.24,50.0,参考
3211,北 川 敏 弘,6,6,0.207,0.07,0.39,16.67,C
3822,平 尾 崇 典,2,6,0.24,0.15,0.39,0.0,C
3497,後 藤 浩,5,4,0.163,0.09,0.22,50.0,参考
3546,中 里 昌 志,2,7,0.151,0.1,0.21,14.29,C
4264,長 尾 章 平,3,5,0.206,0.09,0.27,0.0,C
3482,金 子 猛 志,5,6,0.145,0.08,0.18,16.67,C
3822,平 尾 崇 典,5,4,0.143,0.05,0.22,0.0,参考
3947,寺 本 昇 平,3,3,0.177,0.15,0.22,0.0,参考
4214,林 祐 介,4,3,0.11,0.06,0.18,0.0,参考
3529,松 本 勝 也,2,3,0.203,0.17,0.26,33.33,参考
3156,金 子 良 昭,2,3,0.103,0.01,0.17,66.67,参考
3563,堤 昇,5,6,0.198,0.12,0.26,0.0,C
3670,古 澤 信 二,2,9,0.241,0.19,0.39,0.0,C
3546,中 里 昌 志,4,3,0.143,0.09,0.19,33.33,参考
4202,浮 田 圭 浩,1,4,0.198,0.14,0.23,0.0,参考
3211,北 川 敏 弘,3,6,0.13,0.07,0.2,16.67,C
3497,後 藤 浩,3,3,0.127,0.07,0.16,0.0,参考
3670,古 澤 信 二,4,8,0.215,0.12,0.35,12.5,C
4202,浮 田 圭 浩,5,5,0.278,0.11,0.39,20.0,C
3529,松 本 勝 也,4,3,0.177,0.15,0.21,33.33,参考
3546,中 里 昌 志,5,5,0.162,0.05,0.32,20.0,C
3211,北 川 敏 弘,2,7,0.174,0.09,0.26,14.29,C
3471,赤 峰 和 也,5,5,0.194,0.13,0.27,0.0,C
4578,藤 山 雅 弘,1,4,0.163,0.04,0.25,25.0,参考
4264,長 尾 章 平,2,4,0.2,0.13,0.24,25.0,参考
4538,笠 置 博 之,3,4,0.135,0.11,0.19,50.0,参考
3482,金 子 猛 志,6,4,0.145,0.03,0.25,25.0,参考
3563,堤 昇,3,6,0.153,0.1,0.2,0.0,C
4538,笠 置 博 之,6,3,0.19,0.14,0.22,0.0,参考
3497,後 藤 浩,6,3,0.153,0.12,0.19,33.33,参考
3482,金 子 猛 志,2,5,0.152,0.12,0.19,20.0,C
4695,尾 崎 雄 二,4,8,0.202,0.14,0.29,0.0,C
4578,藤 山 雅 弘,3,4,0.21,0.18,0.24,0.0,参考
4835,橋 本 明,5,11,0.189,0.06,0.36,27.27,B
3546,中 里 昌 志,3,4,0.245,0.18,0.34,0.0,参考
4578,藤 山 雅 弘,2,5,0.126,0.07,0.18,0.0,C
4367,山 口 修 路,4,20,0.214,0.08,0.43,10.0,A
4264,長 尾 章 平,6,3,0.167,0.15,0.18,66.67,参考
3956,横 澤 剛 治,1,6,0.158,0.06,0.19,0.0,C
4709,岡 村 将 也,2,12,0.135,0.0,0.23,8.33,B
4639,雑 賀 勇 貴,4,6,0.143,0.1,0.19,16.67,C
3868,尾 形 栄 治,5,6,0.19,0.13,0.26,0.0,C
4868,松 本 峻,6,6,0.207,0.04,0.38,16.67,C
4333,村 田 友 也,2,3,0.223,0.19,0.26,0.0,参考
4847,佐 藤 隆太郎,6,8,0.121,0.04,0.21,0.0,C
4297,山 田 哲 也,3,7,0.099,0.04,0.13,42.86,C
3432,宮 迫 暢 彦,5,3,0.12,0.08,0.2,66.67,参考
3837,秋 山 広 一,3,8,0.147,0.09,0.24,62.5,C
4146,柳 橋 宏 紀,4,4,0.143,0.09,0.17,25.0,参考
4128,川 口 貴 久,5,3,0.103,0.05,0.17,33.33,参考
4461,安 田 吉 宏,3,4,0.205,0.14,0.24,0.0,参考
4639,雑 賀 勇 貴,5,4,0.225,0.18,0.33,0.0,参考
4803,飯 田 庄 吾,6,5,0.224,0.14,0.35,0.0,C
3349,吉 田 一 郎,2,4,0.15,0.08,0.27,25.0,参考
4140,梶 野 学 志,3,5,0.12,0.08,0.15,80.0,C
4512,高 野 哲 史,5,4,0.19,0.12,0.27,0.0,参考
4847,佐 藤 隆太郎,4,4,0.13,0.11,0.17,50.0,参考
4428,有 賀 達 也,6,11,0.161,0.01,0.35,36.36,B
3928,林 恵 祐,5,18,0.172,0.04,0.29,5.56,B
4146,柳 橋 宏 紀,1,6,0.172,0.11,0.36,16.67,C
3575,田野邊 秀 樹,2,3,0.18,0.06,0.37,33.33,参考
3868,尾 形 栄 治,3,5,0.2,0.11,0.34,40.0,C
4058,野 末 智 一,6,3,0.2,0.16,0.26,0.0,参考
3349,吉 田 一 郎,1,7,0.126,0.01,0.22,28.57,C
4461,安 田 吉 宏,2,3,0.223,0.02,0.45,0.0,参考
3432,宮 迫 暢 彦,3,4,0.135,0.04,0.24,0.0,参考
4128,川 口 貴 久,6,6,0.11,0.03,0.24,33.33,C
3837,秋 山 広 一,1,9,0.138,0.08,0.18,22.22,C
3956,横 澤 剛 治,3,3,0.167,0.12,0.22,33.33,参考
4140,梶 野 学 志,5,4,0.103,0.08,0.13,25.0,参考
4297,山 田 哲 也,6,3,0.077,0.07,0.08,66.67,参考
4140,梶 野 学 志,1,6,0.098,0.03,0.16,50.0,C
4333,村 田 友 也,3,3,0.157,0.13,0.19,0.0,参考
4821,妻 鳥 晋 也,4,3,0.087,0.08,0.1,33.33,参考
4428,有 賀 達 也,2,4,0.227,0.16,0.35,0.0,参考
3956,横 澤 剛 治,4,4,0.177,0.08,0.31,25.0,参考
4803,飯 田 庄 吾,5,7,0.187,0.11,0.31,14.29,C
4058,野 末 智 一,1,3,0.227,0.13,0.31,0.0,参考
4639,雑 賀 勇 貴,2,5,0.2,0.17,0.29,20.0,C
3432,宮 迫 暢 彦,1,4,0.122,0.11,0.15,0.0,参考
4297,山 田 哲 也,2,3,0.08,0.06,0.1,33.33,参考
4709,岡 村 将 也,3,14,0.152,0.07,0.23,14.29,B
3868,尾 形 栄 治,1,3,0.17,0.15,0.21,0.0,参考
4128,川 口 貴 久,3,6,0.108,0.05,0.2,66.67,C
4428,有 賀 達 也,5,9,0.128,0.01,0.27,55.56,C
3349,吉 田 一 郎,6,3,0.28,0.22,0.38,0.0,参考
4333,村 田 友 也,4,3,0.16,0.11,0.23,0.0,参考
4808,松 尾 拓,1,5,0.142,0.08,0.19,20.0,C
3956,横 澤 剛 治,2,3,0.157,0.15,0.17,0.0,参考
3837,秋 山 広 一,4,7,0.151,0.07,0.27,28.57,C
3349,吉 田 一 郎,5,4,0.138,0.12,0.15,75.0,参考
4128,川 口 貴 久,1,6,0.135,0.09,0.17,50.0,C
4042,丸 岡 正 典,2,5,0.136,0.12,0.16,0.0,C
4140,梶 野 学 志,4,4,0.133,0.07,0.27,25.0,参考
4297,山 田 哲 也,1,13,0.142,0.09,0.22,38.46,B
3837,秋 山 広 一,6,5,0.174,0.15,0.19,20.0,C
4058,野 末 智 一,4,3,0.113,0.09,0.14,0.0,参考
4639,雑 賀 勇 貴,3,4,0.143,0.11,0.16,25.0,参考
4808,松 尾 拓,2,4,0.158,0.11,0.21,25.0,参考
4639,雑 賀 勇 貴,6,3,0.197,0.19,0.21,0.0,参考
3432,宮 迫 暢 彦,4,3,0.16,0.1,0.21,0.0,参考
4297,山 田 哲 也,4,6,0.098,0.07,0.16,66.67,C
3868,尾 形 栄 治,2,5,0.218,0.12,0.36,0.0,C
4333,村 田 友 也,5,4,0.122,0.07,0.24,25.0,参考
4496,内 堀 学,4,6,0.148,0.09,0.21,33.33,C
4128,川 口 貴 久,2,4,0.163,0.1,0.23,50.0,参考
4428,有 賀 達 也,1,6,0.147,0.02,0.3,50.0,C
3928,林 恵 祐,6,11,0.193,0.11,0.27,0.0,B
3613,角 谷 健 吾,1,10,0.141,0.06,0.19,20.0,B
3974,深 山 祐 二,2,3,0.123,0.07,0.21,33.33,参考
4849,森 田 太 陽,6,18,0.25,0.09,0.38,11.11,B
3350,藤 本 佳 史,1,15,0.131,0.03,0.23,40.0,B
3462,竹 上 真 司,1,5,0.168,0.08,0.29,20.0,C
4484,稲 生 夏 季,2,9,0.152,0.04,0.24,11.11,C
3775,泉 啓 文,6,6,0.16,0.11,0.21,16.67,C
4354,古 川 舞,3,5,0.212,0.13,0.25,20.0,C
4844,村 上 奈 穂,6,16,0.162,0.05,0.36,25.0,B
4073,大 橋 純一郎,3,5,0.15,0.12,0.17,0.0,C
4484,稲 生 夏 季,4,9,0.206,0.04,0.49,11.11,C
4849,森 田 太 陽,5,5,0.218,0.12,0.34,0.0,C
4884,勝 浦 真 帆,6,21,0.15,0.08,0.29,23.81,A
4651,佐 藤 大 騎,5,5,0.152,0.11,0.18,0.0,C
4523,中 村 辰 也,6,8,0.144,0.09,0.24,12.5,C
3642,大 塚 浩 二,2,4,0.155,0.11,0.19,25.0,参考
3462,竹 上 真 司,4,5,0.16,0.12,0.2,20.0,C
4080,山 崎 哲 司,1,3,0.107,0.03,0.16,66.67,参考
4000,松 本 博 昭,2,5,0.176,0.11,0.26,0.0,C
3005,板 谷 茂 樹,3,3,0.197,0.11,0.29,0.0,参考
4281,大 澤 大 夢,6,3,0.153,0.14,0.18,66.67,参考
3448,高 山 秀 雄,4,3,0.17,0.14,0.21,0.0,参考
3350,藤 本 佳 史,2,13,0.154,0.03,0.28,23.08,B
4444,桐 生 順 平,1,8,0.119,0.04,0.22,25.0,C
3613,角 谷 健 吾,4,7,0.16,0.09,0.24,42.86,C
4073,大 橋 純一郎,6,5,0.166,0.12,0.22,0.0,C
4073,大 橋 純一郎,1,8,0.125,0.06,0.28,50.0,C
4651,佐 藤 大 騎,2,4,0.158,0.02,0.27,25.0,参考
3775,泉 啓 文,3,6,0.172,0.13,0.21,0.0,C
4354,古 川 舞,5,3,0.157,0.1,0.19,0.0,参考
4444,桐 生 順 平,3,4,0.17,0.04,0.24,0.0,参考
3642,大 塚 浩 二,4,6,0.2,0.12,0.34,0.0,C
3462,竹 上 真 司,5,6,0.187,0.03,0.31,0.0,C
4138,中 井 俊 祐,4,4,0.105,0.08,0.13,25.0,参考
3350,藤 本 佳 史,5,17,0.144,0.08,0.23,11.76,B
4000,松 本 博 昭,1,11,0.14,0.04,0.31,45.45,B
3613,角 谷 健 吾,2,4,0.133,0.13,0.14,25.0,参考
4523,中 村 辰 也,3,7,0.144,0.07,0.19,14.29,C
3775,泉 啓 文,2,8,0.165,0.11,0.23,0.0,C
4484,稲 生 夏 季,3,10,0.187,0.05,0.26,20.0,B
3642,大 塚 浩 二,3,5,0.122,0.06,0.21,0.0,C
4523,中 村 辰 也,4,6,0.133,0.05,0.29,50.0,C
3974,深 山 祐 二,5,3,0.137,0.11,0.17,0.0,参考
4444,桐 生 順 平,2,7,0.124,0.08,0.16,0.0,C
4000,松 本 博 昭,4,5,0.174,0.12,0.21,20.0,C
3613,角 谷 健 吾,3,4,0.07,0.05,0.09,50.0,参考
3312,新 美 進 司,5,3,0.127,0.1,0.17,0.0,参考
3350,藤 本 佳 史,6,12,0.162,0.03,0.28,8.33,B
4354,古 川 舞,2,5,0.26,0.2,0.37,0.0,C
3974,深 山 祐 二,3,5,0.152,0.04,0.24,20.0,C
3817,森 脇 まどか,5,3,0.157,0.07,0.24,0.0,参考
4484,稲 生 夏 季,6,3,0.173,0.15,0.2,0.0,参考
4651,佐 藤 大 騎,6,5,0.136,0.07,0.21,40.0,C
3775,泉 啓 文,5,9,0.163,0.08,0.28,0.0,C
4484,稲 生 夏 季,5,11,0.184,0.07,0.32,0.0,B
4523,中 村 辰 也,2,5,0.106,0.06,0.13,0.0,C
3974,深 山 祐 二,6,3,0.177,0.12,0.24,0.0,参考
3350,藤 本 佳 史,3,18,0.122,0.02,0.18,22.22,B
4000,松 本 博 昭,5,5,0.196,0.14,0.28,0.0,C
4073,大 橋 純一郎,4,5,0.15,0.11,0.19,40.0,C
4523,中 村 辰 也,1,8,0.133,0.03,0.19,50.0,C
4000,松 本 博 昭,3,8,0.131,0.06,0.22,0.0,C
4144,石 塚 久 也,3,5,0.112,0.04,0.16,0.0,C
4444,桐 生 順 平,5,5,0.1,0.07,0.14,20.0,C
4525,真 子 奈津実,4,13,0.144,0.08,0.25,23.08,B
4073,大 橋 純一郎,5,4,0.14,0.13,0.15,25.0,参考
4844,村 上 奈 穂,5,4,0.177,0.09,0.35,0.0,参考
3772,一 柳 和 孝,3,7,0.16,0.09,0.25,14.29,C
3350,藤 本 佳 史,4,14,0.144,0.03,0.25,42.86,B
4523,中 村 辰 也,5,7,0.144,0.02,0.27,42.86,C
3462,竹 上 真 司,3,5,0.198,0.12,0.29,0.0,C
4000,松 本 博 昭,6,8,0.144,0.11,0.24,12.5,C
4521,小 池 公 生,3,14,0.128,0.04,0.28,28.57,B
4193,郷 原 章 平,3,18,0.149,0.06,0.28,27.78,B
4092,岡 部 大 輔,5,8,0.164,0.08,0.43,25.0,C
4463,三 苫 晃 幸,6,14,0.131,0.03,0.26,14.29,B
3989,熊 本 英 一,2,5,0.198,0.14,0.27,0.0,C
3576,白 水 勝 也,4,9,0.139,0.05,0.26,22.22,C
4866,橋 本 英 一,6,16,0.158,0.06,0.28,43.75,B
4136,江 夏 満,1,19,0.143,0.05,0.23,31.58,B
3986,沖 島 広 和,2,9,0.167,0.13,0.25,0.0,C
4094,中 島 真 二,5,22,0.175,0.06,0.42,9.09,A
4555,富 永 大 一,3,10,0.174,0.08,0.26,10.0,B
4474,渡 辺 崇,2,15,0.167,0.06,0.31,6.67,B
3576,白 水 勝 也,3,7,0.143,0.06,0.22,14.29,C
4463,三 苫 晃 幸,5,18,0.109,0.02,0.18,33.33,B
4136,江 夏 満,2,8,0.169,0.12,0.24,25.0,C
3989,熊 本 英 一,4,4,0.18,0.11,0.23,0.0,参考
4164,岩 永 節 也,5,4,0.2,0.15,0.24,25.0,参考
4092,岡 部 大 輔,6,9,0.206,0.14,0.33,11.11,C
4241,大 串 重 幸,5,7,0.156,0.09,0.23,0.0,C
3986,沖 島 広 和,4,13,0.153,0.07,0.26,15.38,B
3576,白 水 勝 也,1,12,0.162,0.08,0.24,25.0,B
4092,岡 部 大 輔,1,12,0.142,0.04,0.29,33.33,B
4474,渡 辺 崇,5,13,0.162,0.05,0.26,0.0,B
3989,熊 本 英 一,6,5,0.26,0.17,0.33,0.0,C
4094,中 島 真 二,4,17,0.164,0.07,0.38,0.0,B
4555,富 永 大 一,6,6,0.207,0.08,0.27,0.0,C
4241,大 串 重 幸,6,6,0.205,0.13,0.33,0.0,C
4164,岩 永 節 也,3,3,0.22,0.17,0.28,0.0,参考
4092,岡 部 大 輔,2,9,0.15,0.04,0.25,22.22,C
4094,中 島 真 二,2,24,0.18,0.06,0.34,0.0,A
4831,羽 野 直 也,4,16,0.141,0.04,0.23,12.5,B
4474,渡 辺 崇,3,14,0.153,0.08,0.24,21.43,B
4346,前 田 健太郎,1,8,0.169,0.07,0.35,50.0,C
4555,富 永 大 一,5,13,0.19,0.04,0.32,15.38,B
4136,江 夏 満,6,10,0.158,0.08,0.23,20.0,B
4241,大 串 重 幸,4,5,0.178,0.09,0.29,0.0,C
3986,沖 島 広 和,1,12,0.147,0.06,0.32,16.67,B
3576,白 水 勝 也,2,7,0.197,0.1,0.36,0.0,C
4136,江 夏 満,5,10,0.16,0.1,0.22,10.0,B
3989,熊 本 英 一,5,3,0.147,0.09,0.18,0.0,参考
4241,大 串 重 幸,2,5,0.146,0.03,0.25,0.0,C
4136,江 夏 満,3,11,0.132,0.07,0.25,18.18,B
4474,渡 辺 崇,4,15,0.151,0.05,0.23,6.67,B
3989,熊 本 英 一,3,5,0.204,0.12,0.29,0.0,C
3662,大 庭 元 明,5,20,0.135,0.06,0.25,25.0,A
4555,富 永 大 一,2,9,0.164,0.02,0.27,0.0,C
4079,出 畑 孝 典,6,9,0.138,0.08,0.23,11.11,C
4094,中 島 真 二,3,21,0.177,0.07,0.31,0.0,A
3986,沖 島 広 和,6,7,0.176,0.09,0.31,0.0,C
4522,古 澤 光 紀,2,16,0.141,0.02,0.24,43.75,B
4092,岡 部 大 輔,3,7,0.109,0.04,0.19,14.29,C
3670,古 澤 信 二,3,7,0.19,0.07,0.25,14.29,C
4474,渡 辺 崇,6,11,0.191,0.12,0.37,0.0,B
3944,山 口 裕 二,6,9,0.186,0.12,0.26,0.0,C
4136,江 夏 満,4,12,0.133,0.05,0.23,8.33,B
4522,古 澤 光 紀,6,13,0.13,0.04,0.23,7.69,B
3986,沖 島 広 和,3,9,0.124,0.05,0.2,11.11,C
4092,岡 部 大 輔,4,7,0.147,0.08,0.19,28.57,C
3576,白 水 勝 也,5,8,0.128,0.06,0.18,25.0,C
3986,沖 島 広 和,5,8,0.176,0.07,0.22,0.0,C
4866,橋 本 英 一,5,12,0.162,0.03,0.34,25.0,B
4495,森 晋太郎,2,10,0.154,0.09,0.23,10.0,B
4025,山 本 隆 幸,1,8,0.147,0.07,0.22,62.5,C
4874,池 田 奈津美,6,16,0.204,0.06,0.35,25.0,B
3408,大 貫 英 治,5,4,0.225,0.12,0.31,0.0,参考
3813,佐 藤 大 介,5,6,0.19,0.11,0.29,0.0,C
3261,大 川 茂 実,2,5,0.238,0.12,0.41,0.0,C
4691,水 原 慎,4,3,0.297,0.24,0.38,0.0,参考
4694,高 田 綾,6,6,0.168,0.11,0.22,16.67,C
4033,伊 藤 将 吉,1,7,0.117,0.04,0.18,57.14,C
4002,古 結 宏,4,3,0.167,0.13,0.22,0.0,参考
4539,金 子 賢 志,5,5,0.18,0.05,0.27,0.0,C
4641,磯 村 匠,6,7,0.133,0.1,0.19,14.29,C
4014,片 岡 恵 里,1,8,0.2,0.13,0.27,25.0,C
3295,濱 村 芳 宏,2,5,0.188,0.12,0.25,0.0,C
3722,西 村 秀 樹,3,3,0.157,0.11,0.19,66.67,参考
4665,加 藤 啓 太,6,5,0.134,0.09,0.18,60.0,C
4432,黄金井 力 良,4,9,0.108,0.05,0.21,11.11,C
3957,大 谷 直 弘,5,4,0.168,0.11,0.2,0.0,参考
3965,北 中 元 樹,6,4,0.14,0.09,0.19,25.0,参考
3357,福 島 陽 子,1,4,0.21,0.16,0.24,0.0,参考
4694,高 田 綾,3,6,0.193,0.15,0.23,16.67,C
4843,深 尾 巴 恵,6,12,0.293,0.07,0.57,16.67,B
2876,鈴 木 幸 夫,1,4,0.217,0.15,0.25,0.0,参考
4649,和 田 操 拓,3,6,0.12,0.09,0.14,16.67,C
3639,関 谷 聖 二,4,3,0.113,0.09,0.14,0.0,参考
3492,山 下 和 彦,6,3,0.3,0.24,0.4,0.0,参考
3848,川 上 聡 介,2,4,0.182,0.12,0.27,0.0,参考
4539,金 子 賢 志,4,6,0.182,0.13,0.23,33.33,C
3981,今 坂 晃 広,6,3,0.187,0.13,0.22,66.67,参考
3722,西 村 秀 樹,2,7,0.176,0.07,0.24,14.29,C
4002,古 結 宏,1,3,0.16,0.09,0.22,0.0,参考
3544,豊 田 訓 靖,3,9,0.154,0.06,0.26,11.11,C
4014,片 岡 恵 里,4,5,0.126,0.08,0.21,20.0,C
3965,北 中 元 樹,2,4,0.158,0.09,0.24,25.0,参考
3295,濱 村 芳 宏,1,3,0.153,0.14,0.16,0.0,参考
3813,佐 藤 大 介,2,10,0.175,0.09,0.23,10.0,B
4025,山 本 隆 幸,3,8,0.19,0.13,0.33,0.0,C
4033,伊 藤 将 吉,4,8,0.125,0.06,0.17,25.0,C
4432,黄金井 力 良,3,8,0.117,0.07,0.21,62.5,C
3357,福 島 陽 子,5,8,0.201,0.12,0.26,0.0,C
3722,西 村 秀 樹,6,8,0.193,0.11,0.29,0.0,C
3965,北 中 元 樹,1,6,0.172,0.1,0.27,33.33,C
4694,高 田 綾,2,3,0.167,0.12,0.23,0.0,参考
4025,山 本 隆 幸,4,6,0.185,0.14,0.27,0.0,C
4665,加 藤 啓 太,5,4,0.14,0.05,0.19,75.0,参考
3981,今 坂 晃 広,1,5,0.15,0.09,0.2,40.0,C
3295,濱 村 芳 宏,3,3,0.15,0.15,0.15,0.0,参考
3137,岩 井 範 光,3,4,0.23,0.21,0.25,0.0,参考
3957,大 谷 直 弘,4,4,0.232,0.16,0.35,25.0,参考
4432,黄金井 力 良,5,9,0.114,0.04,0.22,44.44,C
3357,福 島 陽 子,6,5,0.23,0.11,0.35,0.0,C
2876,鈴 木 幸 夫,2,6,0.207,0.12,0.34,0.0,C
4539,金 子 賢 志,3,9,0.134,0.05,0.26,22.22,C
3722,西 村 秀 樹,5,8,0.175,0.09,0.24,12.5,C
4129,宇 野 博 之,1,3,0.173,0.13,0.25,33.33,参考
4641,磯 村 匠,3,4,0.098,0.01,0.19,50.0,参考
3957,大 谷 直 弘,1,4,0.24,0.17,0.31,0.0,参考
4665,加 藤 啓 太,3,3,0.177,0.13,0.27,0.0,参考
3137,岩 井 範 光,5,3,0.197,0.17,0.24,33.33,参考
3848,川 上 聡 介,1,5,0.164,0.06,0.28,40.0,C
3408,大 貫 英 治,2,3,0.193,0.15,0.24,0.0,参考
3544,豊 田 訓 靖,4,7,0.133,0.06,0.23,28.57,C
4765,野田部 宏 子,5,9,0.163,0.1,0.24,11.11,C
3066,田 中 定 雄,2,4,0.205,0.15,0.24,25.0,参考
4471,新 田 泰 章,3,6,0.177,0.01,0.29,16.67,C
3813,佐 藤 大 介,1,16,0.15,0.0,0.25,25.0,B
3981,今 坂 晃 広,2,3,0.133,0.03,0.19,33.33,参考
3965,北 中 元 樹,4,7,0.203,0.07,0.52,42.86,C
4691,水 原 慎,2,4,0.185,0.12,0.23,25.0,参考
3261,大 川 茂 実,4,3,0.177,0.13,0.23,0.0,参考
4641,磯 村 匠,4,3,0.223,0.16,0.28,0.0,参考
3813,佐 藤 大 介,3,9,0.15,0.06,0.29,22.22,C
3722,西 村 秀 樹,4,7,0.169,0.11,0.26,14.29,C
4627,藤 原 菜 希,6,7,0.15,0.09,0.24,28.57,C
4014,片 岡 恵 里,2,4,0.265,0.16,0.35,0.0,参考
3981,今 坂 晃 広,5,4,0.167,0.15,0.22,25.0,参考
4649,和 田 操 拓,6,6,0.152,0.03,0.24,16.67,C
3544,豊 田 訓 靖,1,5,0.172,0.03,0.24,20.0,C
4539,金 子 賢 志,6,6,0.205,0.15,0.27,0.0,C
3357,福 島 陽 子,2,7,0.226,0.18,0.3,0.0,C
4033,伊 藤 将 吉,2,3,0.217,0.14,0.28,0.0,参考
4432,黄金井 力 良,6,8,0.165,0.08,0.29,25.0,C
4649,和 田 操 拓,5,3,0.087,0.01,0.14,100.0,参考
3981,今 坂 晃 広,4,3,0.117,0.09,0.14,33.33,参考
3544,豊 田 訓 靖,5,13,0.145,0.05,0.27,23.08,B
3137,岩 井 範 光,2,5,0.202,0.11,0.34,20.0,C
4014,片 岡 恵 里,5,5,0.132,0.08,0.22,40.0,C
3357,福 島 陽 子,3,6,0.212,0.12,0.29,0.0,C
3848,川 上 聡 介,5,3,0.133,0.11,0.15,0.0,参考
4432,黄金井 力 良,1,7,0.176,0.07,0.26,14.29,C
4002,古 結 宏,3,3,0.113,0.06,0.15,33.33,参考
4694,高 田 綾,5,5,0.158,0.09,0.32,20.0,C
3722,西 村 秀 樹,1,4,0.115,0.08,0.16,50.0,参考
3957,大 谷 直 弘,3,3,0.33,0.21,0.49,0.0,参考
4429,豊 田 泰 洋,4,3,0.267,0.18,0.31,0.0,参考
4471,新 田 泰 章,5,9,0.151,0.1,0.23,11.11,C
4539,金 子 賢 志,1,8,0.13,0.04,0.23,37.5,C
3848,川 上 聡 介,6,5,0.15,0.03,0.28,20.0,C
4025,山 本 隆 幸,5,3,0.187,0.09,0.27,0.0,参考
3957,大 谷 直 弘,2,3,0.277,0.2,0.35,0.0,参考
3544,豊 田 訓 靖,2,10,0.206,0.09,0.31,0.0,B
4691,水 原 慎,3,3,0.2,0.12,0.32,0.0,参考
3981,今 坂 晃 広,3,6,0.145,0.12,0.18,0.0,C
4432,黄金井 力 良,2,7,0.196,0.13,0.26,14.29,C
4627,藤 原 菜 希,1,14,0.105,0.02,0.21,50.0,B
4014,片 岡 恵 里,3,4,0.193,0.13,0.22,25.0,参考
4694,高 田 綾,4,4,0.14,0.02,0.35,0.0,参考
3544,豊 田 訓 靖,6,6,0.2,0.02,0.45,16.67,C
3137,岩 井 範 光,4,3,0.17,0.14,0.21,0.0,参考
4061,萩 原 秀 人,1,11,0.155,0.09,0.21,27.27,B
4248,岡 本 大,4,6,0.205,0.11,0.31,0.0,C
4676,後 藤 隼 之,5,5,0.154,0.11,0.21,0.0,C
3503,堂 原 洋 史,2,10,0.182,0.06,0.29,20.0,B
4091,荒 田 泰 明,5,4,0.113,0.07,0.18,50.0,参考
4805,今 林 由 喜,6,6,0.19,0.14,0.24,50.0,C
4059,入 澤 友 治,1,6,0.195,0.07,0.38,16.67,C
4191,赤 羽 克 也,3,4,0.208,0.03,0.44,0.0,参考
4072,森 永 淳,5,10,0.141,0.06,0.26,10.0,B
3654,武 田 光 史,1,4,0.235,0.15,0.39,25.0,参考
4329,小 松 卓 司,4,8,0.151,0.09,0.31,25.0,C
4581,吉 村 誠,5,3,0.277,0.19,0.36,0.0,参考
3297,藤 丸 光 一,2,23,0.19,0.07,0.32,8.7,A
4109,谷 津 幸 宏,1,11,0.137,0.07,0.23,36.36,B
3797,岩 井 繁,2,8,0.181,0.14,0.29,0.0,C
4248,岡 本 大,3,5,0.168,0.11,0.26,0.0,C
4601,森 野 正 弘,4,6,0.222,0.04,0.38,0.0,C
3656,伯 母 芳 恒,5,3,0.28,0.21,0.34,0.0,参考
4415,下 出 卓 矢,6,3,0.267,0.19,0.32,33.33,参考
4516,野 口 勝 弘,3,3,0.157,0.09,0.25,66.67,参考
4778,堤 啓 輔,5,6,0.175,0.15,0.21,0.0,C
3643,米 田 隆 弘,2,3,0.303,0.28,0.32,0.0,参考
4676,後 藤 隼 之,3,9,0.151,0.07,0.25,22.22,C
4077,品 田 直 樹,5,11,0.175,0.11,0.28,0.0,B
4191,赤 羽 克 也,1,4,0.14,0.08,0.24,25.0,参考
4329,小 松 卓 司,3,12,0.155,0.06,0.26,8.33,B
4207,松 下 一 也,5,6,0.11,0.08,0.13,16.67,C
4323,山 田 佑 樹,6,7,0.207,0.08,0.38,0.0,C
4415,下 出 卓 矢,5,3,0.087,0.01,0.18,0.0,参考
4059,入 澤 友 治,2,6,0.152,0.07,0.29,16.67,C
4109,谷 津 幸 宏,3,3,0.163,0.05,0.33,66.67,参考
3656,伯 母 芳 恒,4,3,0.217,0.18,0.28,0.0,参考
3998,冨 成 謙 児,5,5,0.152,0.09,0.28,40.0,C
3297,藤 丸 光 一,1,12,0.167,0.09,0.27,16.67,B
4061,萩 原 秀 人,3,4,0.158,0.1,0.21,0.0,参考
4072,森 永 淳,4,7,0.163,0.11,0.22,28.57,C
4330,奈 須 啓 太,5,12,0.142,0.07,0.31,25.0,B
4601,森 野 正 弘,6,3,0.15,0.12,0.2,33.33,参考
4713,白 神 優,3,7,0.14,0.09,0.24,0.0,C
4516,野 口 勝 弘,4,6,0.135,0.05,0.24,16.67,C
3503,堂 原 洋 史,5,8,0.15,0.04,0.22,37.5,C
4091,荒 田 泰 明,2,3,0.12,0.11,0.14,33.33,参考
4061,萩 原 秀 人,4,9,0.138,0.05,0.21,33.33,C
4601,森 野 正 弘,1,6,0.115,0.04,0.17,33.33,C
4323,山 田 佑 樹,2,5,0.144,0.04,0.23,40.0,C
3656,伯 母 芳 恒,3,5,0.116,0.09,0.15,40.0,C
3998,冨 成 謙 児,4,10,0.156,0.08,0.22,0.0,B
3643,米 田 隆 弘,5,4,0.17,0.11,0.27,0.0,参考
4207,松 下 一 也,1,15,0.137,0.04,0.32,33.33,B
4072,森 永 淳,2,10,0.134,0.07,0.2,10.0,B
3503,堂 原 洋 史,3,10,0.128,0.04,0.17,20.0,B
4077,品 田 直 樹,4,7,0.164,0.05,0.24,28.57,C
4059,入 澤 友 治,4,5,0.108,0.07,0.13,60.0,C
4248,岡 本 大,2,5,0.132,0.05,0.23,0.0,C
4676,後 藤 隼 之,4,6,0.125,0.06,0.23,0.0,C
4415,下 出 卓 矢,1,5,0.168,0.12,0.23,40.0,C
4329,小 松 卓 司,2,10,0.192,0.08,0.33,10.0,B
4516,野 口 勝 弘,5,6,0.132,0.1,0.19,66.67,C
3643,米 田 隆 弘,6,3,0.177,0.12,0.24,0.0,参考
3998,冨 成 謙 児,1,7,0.117,0.05,0.16,28.57,C
4323,山 田 佑 樹,1,12,0.117,0.04,0.22,50.0,B
4077,品 田 直 樹,2,9,0.154,0.11,0.26,11.11,C
3656,伯 母 芳 恒,1,5,0.19,0.06,0.29,0.0,C
4207,松 下 一 也,3,9,0.163,0.04,0.29,66.67,C
4091,荒 田 泰 明,4,4,0.258,0.18,0.33,0.0,参考
4109,谷 津 幸 宏,6,8,0.134,0.07,0.22,12.5,C
4072,森 永 淳,1,13,0.124,0.04,0.21,23.08,B
4516,野 口 勝 弘,2,4,0.16,0.09,0.24,25.0,参考
3643,米 田 隆 弘,3,3,0.223,0.18,0.3,0.0,参考
4713,白 神 優,2,4,0.152,0.06,0.19,25.0,参考
4619,伏 田 裕 隆,3,3,0.173,0.16,0.19,33.33,参考
4329,小 松 卓 司,6,10,0.253,0.07,0.51,0.0,B
4191,赤 羽 克 也,2,3,0.113,0.05,0.21,33.33,参考
4077,品 田 直 樹,3,5,0.098,0.07,0.12,40.0,C
4207,松 下 一 也,4,9,0.124,0.06,0.23,55.56,C
4059,入 澤 友 治,5,8,0.152,0.05,0.28,50.0,C
4363,大 野 芳 顕,3,13,0.142,0.02,0.23,46.15,B
4248,岡 本 大,6,3,0.237,0.15,0.32,0.0,参考
4323,山 田 佑 樹,3,4,0.115,0.08,0.17,50.0,参考
3643,米 田 隆 弘,1,4,0.125,0.05,0.19,50.0,参考
4676,後 藤 隼 之,2,7,0.149,0.11,0.19,28.57,C
4091,荒 田 泰 明,3,5,0.21,0.12,0.28,0.0,C
4415,下 出 卓 矢,4,4,0.155,0.06,0.32,50.0,参考
3998,冨 成 謙 児,3,11,0.155,0.04,0.39,9.09,B
3998,冨 成 謙 児,2,10,0.137,0.08,0.21,20.0,B
3297,藤 丸 光 一,3,15,0.194,0.01,0.35,20.0,B
4109,谷 津 幸 宏,4,8,0.145,0.09,0.21,25.0,C
4323,山 田 佑 樹,5,6,0.185,0.11,0.29,0.0,C
4059,入 澤 友 治,6,4,0.107,0.07,0.18,25.0,参考
4676,後 藤 隼 之,6,7,0.17,0.09,0.33,0.0,C
4072,森 永 淳,3,7,0.144,0.13,0.18,42.86,C
4059,入 澤 友 治,3,6,0.132,0.09,0.16,66.67,C
3643,米 田 隆 弘,4,3,0.157,0.08,0.21,0.0,参考
4191,赤 羽 克 也,5,6,0.133,0.05,0.19,16.67,C
4109,谷 津 幸 宏,5,9,0.136,0.09,0.18,0.0,C
4424,松 尾 昂 明,6,19,0.134,0.01,0.34,47.37,B
3998,冨 成 謙 児,6,9,0.183,0.08,0.25,0.0,C
4415,下 出 卓 矢,3,4,0.105,0.08,0.12,0.0,参考
4323,山 田 佑 樹,4,5,0.136,0.07,0.19,60.0,C
3656,伯 母 芳 恒,6,4,0.185,0.11,0.31,0.0,参考
3708,岡 部 貴 司,3,7,0.137,0.08,0.18,14.29,C
4329,小 松 卓 司,5,5,0.148,0.08,0.22,0.0,C
4676,後 藤 隼 之,1,4,0.128,0.09,0.15,50.0,参考
4530,小 野 生 奈,1,12,0.166,0.09,0.36,33.33,B
4088,野 田 祥 子,3,5,0.16,0.09,0.28,0.0,C
4764,小 池 礼 乃,5,12,0.204,0.1,0.32,8.33,B
4433,川 野 芽 唯,1,31,0.19,0.09,0.46,6.45,A
3169,松 堂 留 美,2,3,0.28,0.14,0.44,0.0,参考
3474,松 瀬 弘 美,3,3,0.183,0.04,0.46,0.0,参考
3188,日 高 逸 子,4,9,0.164,0.07,0.29,22.22,C
4385,鈴 木 祐美子,5,7,0.221,0.15,0.3,14.29,C
4770,小 野 真 歩,6,7,0.184,0.12,0.29,0.0,C
3334,角 ひとみ,1,8,0.188,0.04,0.32,25.0,C
4744,伊 藤 玲 奈,2,7,0.184,0.02,0.31,0.0,C
4183,宇 野 弥 生,3,4,0.145,0.12,0.17,25.0,参考
4569,中 澤 宏 奈,4,4,0.215,0.17,0.29,0.0,参考
3579,中 里 優 子,5,4,0.203,0.17,0.25,25.0,参考
4678,水 野 望 美,3,6,0.185,0.11,0.24,16.67,C
4642,松 尾 夏 海,5,6,0.195,0.12,0.29,16.67,C
4347,魚 谷 香 織,1,23,0.133,0.0,0.31,26.09,A
4244,鈴 木 成 美,4,3,0.127,0.09,0.19,66.67,参考
4841,高 橋 悠 花,6,8,0.14,0.01,0.31,37.5,C
4687,宮 地 佐 季,5,3,0.187,0.12,0.28,0.0,参考
3528,笠 野 友紀恵,1,3,0.353,0.34,0.36,0.0,参考
4499,滝 川 真由子,3,6,0.123,0.0,0.19,33.33,C
4385,鈴 木 祐美子,3,9,0.174,0.01,0.29,11.11,C
4885,大 山 千 広,6,8,0.195,0.01,0.29,25.0,C
3778,安 達 美 帆,3,4,0.315,0.2,0.48,0.0,参考
4399,松 本 晶 恵,4,3,0.17,0.07,0.23,66.67,参考
4569,中 澤 宏 奈,5,9,0.154,0.01,0.29,22.22,C
3334,角 ひとみ,2,7,0.189,0.13,0.3,0.0,C
4642,松 尾 夏 海,3,5,0.132,0.08,0.18,20.0,C
4433,川 野 芽 唯,2,16,0.188,0.01,0.4,6.25,B
4183,宇 野 弥 生,5,3,0.157,0.07,0.25,0.0,参考
4678,水 野 望 美,1,6,0.187,0.08,0.35,16.67,C
4530,小 野 生 奈,2,12,0.14,0.05,0.24,58.33,B
3474,松 瀬 弘 美,4,6,0.157,0.01,0.21,16.67,C
4098,赤 澤 文 香,5,7,0.217,0.13,0.31,0.0,C
4244,鈴 木 成 美,6,4,0.16,0.13,0.19,25.0,参考
3188,日 高 逸 子,1,16,0.151,0.03,0.27,37.5,B
4347,魚 谷 香 織,3,12,0.198,0.1,0.28,0.0,B
3579,中 里 優 子,4,4,0.138,0.11,0.17,25.0,参考
4399,松 本 晶 恵,5,5,0.192,0.08,0.24,20.0,C
4499,滝 川 真由子,6,4,0.348,0.26,0.52,0.0,参考
4183,宇 野 弥 生,1,7,0.129,0.05,0.28,42.86,C
3169,松 堂 留 美,4,3,0.177,0.04,0.28,33.33,参考
3579,中 里 優 子,1,4,0.095,0.07,0.12,50.0,参考
4244,鈴 木 成 美,2,4,0.152,0.11,0.18,0.0,参考
3435,寺 田 千 恵,3,9,0.147,0.07,0.22,33.33,C
3528,笠 野 友紀恵,6,3,0.187,0.05,0.29,0.0,参考
3328,糸 數 由 里,2,5,0.232,0.11,0.34,0.0,C
3334,角 ひとみ,3,9,0.157,0.04,0.26,11.11,C
4088,野 田 祥 子,4,5,0.184,0.1,0.25,20.0,C
4556,竹 井 奈 美,5,3,0.17,0.11,0.24,33.33,参考
4347,魚 谷 香 織,2,12,0.182,0.07,0.31,16.67,B
4530,小 野 生 奈,4,10,0.098,0.03,0.18,40.0,B
4399,松 本 晶 恵,1,8,0.179,0.11,0.23,25.0,C
4385,鈴 木 祐美子,4,8,0.199,0.15,0.27,12.5,C
3778,安 達 美 帆,5,3,0.147,0.08,0.19,0.0,参考
3474,松 瀬 弘 美,2,7,0.184,0.11,0.3,0.0,C
3317,大 山 博 美,4,3,0.143,0.12,0.17,33.33,参考
4244,鈴 木 成 美,1,3,0.133,0.12,0.14,0.0,参考
4642,松 尾 夏 海,2,7,0.169,0.1,0.32,14.29,C
4499,滝 川 真由子,1,12,0.185,0.11,0.32,25.0,B
3579,中 里 優 子,2,4,0.135,0.02,0.19,50.0,参考
4088,野 田 祥 子,5,5,0.184,0.11,0.26,0.0,C
3474,松 瀬 弘 美,1,4,0.135,0.02,0.24,0.0,参考
4687,宮 地 佐 季,3,4,0.245,0.14,0.35,0.0,参考
4569,中 澤 宏 奈,1,3,0.19,0.15,0.23,0.0,参考
3188,日 高 逸 子,2,8,0.151,0.04,0.25,12.5,C
3317,大 山 博 美,3,3,0.223,0.16,0.27,0.0,参考
4499,滝 川 真由子,4,8,0.176,0.02,0.26,0.0,C
3334,角 ひとみ,5,10,0.17,0.09,0.29,10.0,B
4678,水 野 望 美,6,4,0.13,0.07,0.19,75.0,参考
4183,宇 野 弥 生,2,5,0.104,0.03,0.2,80.0,C
4433,川 野 芽 唯,3,15,0.163,0.09,0.21,0.0,B
4530,小 野 生 奈,5,9,0.137,0.01,0.23,44.44,C
4098,赤 澤 文 香,2,5,0.168,0.14,0.26,40.0,C
4642,松 尾 夏 海,4,7,0.14,0.11,0.19,57.14,C
4678,水 野 望 美,5,6,0.198,0.11,0.32,0.0,C
4569,中 澤 宏 奈,2,5,0.19,0.12,0.28,0.0,C
4744,伊 藤 玲 奈,3,6,0.168,0.09,0.21,0.0,C
4244,鈴 木 成 美,5,3,0.197,0.08,0.34,33.33,参考
4313,西 村 美智子,4,11,0.119,0.02,0.21,45.45,B
3188,日 高 逸 子,5,6,0.145,0.0,0.23,33.33,C
4764,小 池 礼 乃,6,7,0.194,0.06,0.27,0.0,C
4678,水 野 望 美,4,8,0.177,0.05,0.34,12.5,C
4385,鈴 木 祐美子,1,5,0.22,0.13,0.37,0.0,C
4098,赤 澤 文 香,3,7,0.164,0.08,0.3,0.0,C
4484,稲 生 夏 季,1,4,0.24,0.1,0.36,0.0,参考
3334,角 ひとみ,4,4,0.172,0.11,0.21,0.0,参考
4499,滝 川 真由子,5,8,0.18,0.07,0.33,0.0,C
4510,坂 本 奈 央,1,3,0.227,0.21,0.25,0.0,参考
4347,魚 谷 香 織,4,15,0.153,0.07,0.23,33.33,B
4385,鈴 木 祐美子,2,6,0.2,0.1,0.33,0.0,C
3474,松 瀬 弘 美,5,6,0.128,0.06,0.21,16.67,C
4642,松 尾 夏 海,6,7,0.147,0.08,0.19,42.86,C
4433,川 野 芽 唯,4,14,0.209,0.11,0.34,0.0,B
4098,赤 澤 文 香,4,7,0.187,0.1,0.29,0.0,C
4642,松 尾 夏 海,1,11,0.17,0.04,0.3,27.27,B
4385,鈴 木 祐美子,6,5,0.204,0.1,0.31,0.0,C
4530,小 野 生 奈,3,11,0.154,0.07,0.29,27.27,B
3334,角 ひとみ,6,6,0.165,0.11,0.22,16.67,C
4678,水 野 望 美,2,6,0.152,0.06,0.24,33.33,C
4433,川 野 芽 唯,6,14,0.24,0.02,0.35,7.14,B
4088,野 田 祥 子,2,6,0.213,0.17,0.29,0.0,C
4347,魚 谷 香 織,5,7,0.163,0.04,0.3,28.57,C
4585,渡 邉 千 晴,3,5,0.232,0.17,0.29,0.0,C
4764,小 池 礼 乃,4,7,0.147,0.07,0.2,42.86,C
3474,松 瀬 弘 美,6,4,0.168,0.11,0.22,0.0,参考
4499,滝 川 真由子,2,4,0.158,0.12,0.19,25.0,参考
3579,中 里 優 子,3,3,0.133,0.07,0.22,0.0,参考
4262,馬 場 貴 也,1,9,0.11,0.03,0.26,33.33,C
4752,西 尾 亮 輔,6,3,0.08,0.03,0.11,33.33,参考
4273,佐 藤 旭,6,5,0.16,0.12,0.22,0.0,C
3629,浅 見 昌 克,4,6,0.145,0.06,0.19,66.67,C
4271,川 崎 公 靖,5,3,0.157,0.04,0.25,0.0,参考
2914,岡 孝,1,3,0.21,0.19,0.25,0.0,参考
4873,蒲 原 健 太,6,7,0.226,0.16,0.33,0.0,C
3740,大 澤 普 司,3,8,0.224,0.12,0.34,25.0,C
4762,藤 原 啓史朗,6,5,0.124,0.04,0.23,40.0,C
3979,杉 本 洋 一,6,3,0.23,0.09,0.39,0.0,参考
2914,岡 孝,5,4,0.13,0.08,0.2,25.0,参考
3891,谷 口 健 一,2,3,0.167,0.16,0.18,0.0,参考
3740,大 澤 普 司,5,9,0.137,0.03,0.29,44.44,C
3629,浅 見 昌 克,1,5,0.138,0.05,0.28,20.0,C
4520,高 倉 孝 太,5,3,0.093,0.06,0.13,66.67,参考
4262,馬 場 貴 也,4,6,0.177,0.07,0.32,16.67,C
4752,西 尾 亮 輔,4,3,0.103,0.08,0.13,0.0,参考
4762,藤 原 啓史朗,5,6,0.092,0.05,0.12,50.0,C
4273,佐 藤 旭,2,6,0.137,0.03,0.21,50.0,C
2907,土井内 大 助,3,3,0.213,0.17,0.25,0.0,参考
2914,岡 孝,3,3,0.11,0.05,0.15,66.67,参考
3333,丸 尾 義 孝,3,5,0.134,0.06,0.17,0.0,C
3740,大 澤 普 司,4,9,0.148,0.04,0.21,11.11,C
3629,浅 見 昌 克,5,5,0.15,0.08,0.18,40.0,C
4762,藤 原 啓史朗,3,5,0.126,0.09,0.17,0.0,C
4520,高 倉 孝 太,1,3,0.153,0.07,0.21,33.33,参考
4752,西 尾 亮 輔,2,3,0.173,0.13,0.21,0.0,参考
4262,馬 場 貴 也,3,8,0.141,0.11,0.18,25.0,C
4273,佐 藤 旭,4,8,0.205,0.16,0.26,12.5,C
4262,馬 場 貴 也,5,4,0.135,0.07,0.23,25.0,参考
3333,丸 尾 義 孝,6,3,0.12,0.11,0.14,0.0,参考
3740,大 澤 普 司,1,8,0.22,0.16,0.28,12.5,C
3629,浅 見 昌 克,3,3,0.12,0.06,0.24,0.0,参考
4752,西 尾 亮 輔,3,4,0.128,0.11,0.14,25.0,参考
4167,片 岡 秀 樹,5,4,0.2,0.11,0.27,0.0,参考
4273,佐 藤 旭,5,6,0.167,0.06,0.28,16.67,C
4520,高 倉 孝 太,6,3,0.19,0.09,0.3,33.33,参考
4762,藤 原 啓史朗,2,4,0.098,0.06,0.15,25.0,参考
3866,木 山 誠 一,6,4,0.207,0.15,0.25,0.0,参考
4273,佐 藤 旭,3,5,0.13,0.09,0.18,40.0,C
4262,馬 場 貴 也,6,5,0.122,0.06,0.18,20.0,C
4520,高 倉 孝 太,3,3,0.127,0.1,0.16,0.0,参考
4873,蒲 原 健 太,5,5,0.204,0.14,0.24,0.0,C
3721,守 田 俊 介,1,5,0.128,0.07,0.2,20.0,C
4853,前 原 哉,6,9,0.191,0.03,0.31,22.22,C
3075,中 村 裕 将,1,4,0.12,0.08,0.14,25.0,参考
3621,天 野 晶 夫,3,5,0.156,0.09,0.29,40.0,C
4322,永 瀬 巧,4,3,0.267,0.15,0.43,0.0,参考
4324,海 野 康志郎,1,7,0.12,0.02,0.26,57.14,C
3679,飯 島 昌 弘,3,5,0.116,0.03,0.18,80.0,C
4561,藤 山 翔 大,4,8,0.224,0.06,0.34,25.0,C
4611,今 井 美 亜,5,3,0.14,0.12,0.17,0.0,参考
3159,江 口 晃 生,2,18,0.143,0.03,0.31,22.22,B
3819,大 内 裕 樹,3,3,0.17,0.16,0.18,0.0,参考
3653,品 川 賢 次,1,3,0.15,0.13,0.18,33.33,参考
4089,妹 尾 忠 幸,2,9,0.137,0.05,0.21,11.11,C
3901,松 田 憲 幸,3,5,0.144,0.07,0.21,0.0,C
3929,杢 野 誓 良,4,6,0.167,0.11,0.19,0.0,C
4587,木 田 峰由季,5,3,0.16,0.04,0.25,0.0,参考
4356,長 岡 良 也,6,4,0.235,0.08,0.31,0.0,参考
4790,柳 内 敬 太,6,5,0.16,0.01,0.31,60.0,C
4065,金 田 幸 子,1,14,0.194,0.11,0.28,35.71,B
3355,橋谷田 佳 織,3,3,0.223,0.09,0.32,0.0,参考
4611,今 井 美 亜,4,4,0.275,0.27,0.29,0.0,参考
4853,前 原 哉,5,6,0.213,0.13,0.3,16.67,C
4869,寺 垣 光,6,7,0.211,0.12,0.35,14.29,C
2841,吉 田 稔,1,4,0.203,0.16,0.31,25.0,参考
4561,藤 山 翔 大,6,3,0.237,0.11,0.36,0.0,参考
3075,中 村 裕 将,3,5,0.168,0.11,0.24,20.0,C
3901,松 田 憲 幸,6,3,0.167,0.04,0.24,33.33,参考
4089,妹 尾 忠 幸,1,15,0.138,0.03,0.27,33.33,B
3507,藤 井 徹,4,3,0.217,0.18,0.24,0.0,参考
3929,杢 野 誓 良,6,3,0.177,0.09,0.24,0.0,参考
3159,江 口 晃 生,1,20,0.137,0.06,0.29,30.0,A
4065,金 田 幸 子,2,7,0.153,0.04,0.21,0.0,C
3256,三 角 哲 男,3,7,0.104,0.05,0.21,71.43,C
3721,守 田 俊 介,4,5,0.064,0.05,0.09,40.0,C
3679,飯 島 昌 弘,5,9,0.158,0.06,0.27,11.11,C
3621,天 野 晶 夫,6,4,0.163,0.09,0.26,0.0,参考
3679,飯 島 昌 弘,1,13,0.118,0.03,0.23,38.46,B
4440,萩 原 知 哉,4,5,0.184,0.1,0.28,40.0,C
4790,柳 内 敬 太,5,5,0.172,0.04,0.44,40.0,C
3458,東 健 介,1,4,0.205,0.1,0.31,0.0,参考
4089,妹 尾 忠 幸,5,9,0.159,0.05,0.31,22.22,C
3621,天 野 晶 夫,1,7,0.16,0.01,0.28,28.57,C
3653,品 川 賢 次,2,3,0.153,0.11,0.18,0.0,参考
4611,今 井 美 亜,1,5,0.084,0.01,0.22,60.0,C
4790,柳 内 敬 太,4,3,0.207,0.17,0.26,0.0,参考
4561,藤 山 翔 大,1,4,0.217,0.12,0.35,25.0,参考
4065,金 田 幸 子,3,9,0.173,0.11,0.29,11.11,C
4356,長 岡 良 也,1,4,0.133,0.04,0.21,0.0,参考
3929,杢 野 誓 良,1,4,0.14,0.11,0.18,0.0,参考
4587,木 田 峰由季,3,3,0.133,0.02,0.31,33.33,参考
3621,天 野 晶 夫,4,3,0.19,0.11,0.27,0.0,参考
3075,中 村 裕 将,5,5,0.114,0.09,0.13,20.0,C
3159,江 口 晃 生,3,4,0.113,0.09,0.13,50.0,参考
3901,松 田 憲 幸,1,4,0.185,0.06,0.31,25.0,参考
3679,飯 島 昌 弘,2,8,0.146,0.06,0.22,12.5,C
4065,金 田 幸 子,5,6,0.14,0.06,0.22,33.33,C
4089,妹 尾 忠 幸,6,3,0.14,0.09,0.19,0.0,参考
3653,品 川 賢 次,3,4,0.177,0.09,0.34,0.0,参考
3679,飯 島 昌 弘,4,9,0.137,0.05,0.23,0.0,C
4561,藤 山 翔 大,5,4,0.215,0.12,0.31,25.0,参考
3901,松 田 憲 幸,5,4,0.22,0.13,0.32,0.0,参考
3721,守 田 俊 介,2,3,0.12,0.05,0.16,0.0,参考
4356,長 岡 良 也,5,5,0.172,0.07,0.31,40.0,C
3929,杢 野 誓 良,2,5,0.144,0.11,0.2,40.0,C
3075,中 村 裕 将,2,5,0.148,0.11,0.21,20.0,C
4437,中 田 元 泰,3,5,0.164,0.11,0.23,20.0,C
4065,金 田 幸 子,4,8,0.133,0.08,0.24,37.5,C
3458,東 健 介,2,3,0.167,0.15,0.18,0.0,参考
4611,今 井 美 亜,6,4,0.172,0.09,0.29,50.0,参考
3456,松 下 潤,3,3,0.197,0.19,0.21,0.0,参考
3901,松 田 憲 幸,2,3,0.173,0.13,0.21,0.0,参考
3929,杢 野 誓 良,3,4,0.098,0.08,0.13,25.0,参考
4611,今 井 美 亜,2,3,0.067,0.02,0.14,33.33,参考
4089,妹 尾 忠 幸,3,11,0.165,0.04,0.25,9.09,B
3458,東 健 介,6,5,0.206,0.13,0.27,0.0,C
3621,天 野 晶 夫,2,3,0.217,0.16,0.31,0.0,参考
3929,杢 野 誓 良,5,4,0.14,0.11,0.21,50.0,参考
3680,森 林 太,4,9,0.222,0.15,0.37,0.0,C
4587,木 田 峰由季,6,6,0.212,0.13,0.31,0.0,C
4356,長 岡 良 也,3,3,0.17,0.12,0.25,0.0,参考
4089,妹 尾 忠 幸,4,8,0.113,0.06,0.21,25.0,C
4561,藤 山 翔 大,3,6,0.183,0.08,0.29,0.0,C
3653,品 川 賢 次,4,4,0.133,0.07,0.18,0.0,参考
4784,向井田 真 紀,4,5,0.164,0.12,0.21,0.0,C
4447,深 川 麻奈美,1,10,0.155,0.02,0.26,30.0,B
4536,喜 井 つかさ,2,7,0.13,0.06,0.17,14.29,C
4289,落 合 直 子,1,8,0.15,0.11,0.17,12.5,C
4414,大 澤 真 菜,2,3,0.187,0.15,0.26,66.67,参考
4071,古 賀 千 晶,4,4,0.133,0.08,0.16,75.0,参考
4819,蜂 須 瑞 生,6,12,0.207,0.05,0.39,25.0,B
4456,鎌 倉 涼,2,12,0.186,0.06,0.28,8.33,B
4804,高 田 ひかる,6,9,0.204,0.05,0.28,22.22,C
4450,平 高 奈 菜,3,6,0.165,0.1,0.23,0.0,C
4784,向井田 真 紀,5,11,0.177,0.01,0.44,18.18,B
4473,藤 堂 里 香,1,11,0.176,0.03,0.29,36.36,B
4536,喜 井 つかさ,3,8,0.149,0.04,0.35,50.0,C
4825,倉 持 莉 々,6,6,0.15,0.09,0.24,83.33,C
4501,樋 口 由加里,1,6,0.137,0.05,0.19,50.0,C
4071,古 賀 千 晶,2,5,0.138,0.07,0.22,40.0,C
4447,深 川 麻奈美,2,6,0.15,0.07,0.25,0.0,C
4804,高 田 ひかる,5,10,0.183,0.04,0.34,10.0,B
4450,平 高 奈 菜,4,4,0.208,0.13,0.29,0.0,参考
4456,鎌 倉 涼,1,15,0.15,0.01,0.27,13.33,B
4289,落 合 直 子,4,9,0.148,0.02,0.31,22.22,C
4349,犬 童 千 秋,6,4,0.133,0.07,0.26,50.0,参考
4071,古 賀 千 晶,3,9,0.176,0.04,0.37,11.11,C
4456,鎌 倉 涼,4,6,0.207,0.16,0.27,0.0,C
4447,深 川 麻奈美,3,6,0.193,0.06,0.31,0.0,C
4289,落 合 直 子,5,4,0.212,0.16,0.24,25.0,参考
4473,藤 堂 里 香,4,4,0.237,0.18,0.33,0.0,参考
4450,平 高 奈 菜,2,4,0.22,0.11,0.29,0.0,参考
4071,古 賀 千 晶,1,3,0.203,0.13,0.27,33.33,参考
4373,若 狭 奈美子,1,6,0.218,0.15,0.28,16.67,C
4825,倉 持 莉 々,5,6,0.122,0.01,0.24,50.0,C
4536,喜 井 つかさ,5,6,0.142,0.01,0.24,0.0,C
4501,樋 口 由加里,4,6,0.172,0.09,0.39,33.33,C
4450,平 高 奈 菜,1,9,0.147,0.07,0.3,55.56,C
4447,深 川 麻奈美,6,7,0.137,0.0,0.21,14.29,C
4569,中 澤 宏 奈,3,6,0.19,0.11,0.25,0.0,C
4456,鎌 倉 涼,3,6,0.13,0.05,0.19,50.0,C
4501,樋 口 由加里,2,4,0.13,0.04,0.22,50.0,参考
4536,喜 井 つかさ,4,8,0.111,0.01,0.23,37.5,C
4289,落 合 直 子,6,6,0.158,0.1,0.21,0.0,C
4373,若 狭 奈美子,3,8,0.175,0.08,0.29,12.5,C
4071,古 賀 千 晶,5,7,0.134,0.11,0.16,28.57,C
4447,深 川 麻奈美,4,5,0.1,0.05,0.14,40.0,C
4433,川 野 芽 唯,5,11,0.196,0.12,0.26,0.0,B
4819,蜂 須 瑞 生,4,4,0.148,0.1,0.21,0.0,参考
4784,向井田 真 紀,6,4,0.143,0.04,0.27,50.0,参考
4670,芦 村 幸 香,6,3,0.28,0.24,0.3,0.0,参考
4548,篠 木 亜衣花,1,3,0.2,0.14,0.24,33.33,参考
4804,高 田 ひかる,4,7,0.139,0.09,0.24,57.14,C
4680,後 藤 美 翼,6,3,0.18,0.05,0.26,33.33,参考
4447,深 川 麻奈美,5,6,0.153,0.06,0.23,33.33,C
4819,蜂 須 瑞 生,5,4,0.195,0.13,0.26,0.0,参考
4825,倉 持 莉 々,4,5,0.164,0.08,0.27,60.0,C
4632,長 尾 京志郎,5,5,0.18,0.08,0.32,0.0,C
2974,木 下 繁 美,2,3,0.193,0.06,0.29,0.0,参考
4632,長 尾 京志郎,6,7,0.2,0.14,0.33,0.0,C
4023,柴 田 友 和,6,6,0.13,0.09,0.17,0.0,C
4485,楠 原 正 剛,5,14,0.174,0.06,0.29,35.71,B
4413,水 摩 敦,3,9,0.169,0.06,0.34,0.0,C
4485,楠 原 正 剛,2,9,0.203,0.11,0.72,22.22,C
4693,松 下 誉 士,2,16,0.211,0.08,0.92,6.25,B
4023,柴 田 友 和,4,6,0.19,0.09,0.24,0.0,C
3804,中 渡 修 作,5,16,0.144,0.02,0.3,31.25,B
4046,谷 村 啓 司,4,9,0.214,0.13,0.34,11.11,C
4023,柴 田 友 和,3,8,0.169,0.11,0.22,0.0,C
3825,宮 嵜 隆太郎,6,6,0.168,0.07,0.28,16.67,C
4204,柴 田 大 輔,3,3,0.227,0.19,0.25,0.0,参考
4413,水 摩 敦,1,17,0.159,0.07,0.27,35.29,B
4566,塩 田 北 斗,3,19,0.146,0.05,0.24,15.79,B
4566,塩 田 北 斗,5,15,0.127,0.03,0.21,26.67,B
4204,柴 田 大 輔,6,5,0.312,0.23,0.44,0.0,C
4632,長 尾 京志郎,4,6,0.173,0.07,0.25,16.67,C
3851,森 田 昭 彦,6,6,0.217,0.09,0.36,0.0,C
4413,水 摩 敦,2,8,0.181,0.11,0.34,0.0,C
4632,長 尾 京志郎,3,7,0.187,0.11,0.33,0.0,C
3662,大 庭 元 明,6,10,0.156,0.02,0.35,20.0,B
3434,松 尾 宣 邦,4,9,0.141,0.06,0.23,22.22,C
4485,楠 原 正 剛,3,9,0.164,0.07,0.32,44.44,C
4023,柴 田 友 和,2,7,0.157,0.05,0.21,14.29,C
4632,長 尾 京志郎,2,3,0.227,0.21,0.24,0.0,参考
4749,山 口 貢 輝,4,6,0.165,0.04,0.26,0.0,C
4485,楠 原 正 剛,1,12,0.128,0.01,0.23,25.0,B
4023,柴 田 友 和,5,4,0.198,0.16,0.23,0.0,参考
4485,楠 原 正 剛,6,16,0.206,0.06,0.42,12.5,B
3406,中 里 英 夫,1,7,0.147,0.08,0.27,28.57,C
4705,吉 川 勇 作,3,6,0.143,0.09,0.2,33.33,C
4550,石 岡 将 太,5,3,0.143,0.11,0.21,0.0,参考
4568,廣 瀬 真 也,1,6,0.163,0.07,0.35,16.67,C
4640,山ノ内 雅 人,2,8,0.16,0.09,0.29,12.5,C
4683,向井田 直 弥,3,5,0.174,0.11,0.23,0.0,C
4688,永 井 彪 也,5,4,0.13,0.07,0.19,75.0,参考
4802,中 田 達 也,6,3,0.16,0.15,0.18,33.33,参考
4562,阪 本 勇 介,2,11,0.178,0.09,0.29,0.0,B
4547,中 田 竜 太,3,5,0.152,0.1,0.2,20.0,C
4555,富 永 大 一,4,6,0.14,0.04,0.19,33.33,C
4565,西 村 豪 洋,2,4,0.203,0.11,0.26,50.0,参考
4505,島 田 賢 人,1,5,0.124,0.06,0.18,60.0,C
4508,野 間 大 樹,6,12,0.238,0.14,0.31,0.0,B
4711,前 出 達 吉,6,4,0.11,0.08,0.15,0.0,参考
4409,坂 元 浩 仁,4,7,0.104,0.02,0.21,57.14,C
4640,山ノ内 雅 人,3,13,0.136,0.07,0.32,0.0,B
4710,福 田 宗 平,4,7,0.141,0.06,0.21,14.29,C
4896,花 本 剛,5,8,0.155,0.08,0.3,25.0,C
3615,横 田 茂,1,7,0.133,0.07,0.21,28.57,C
4705,吉 川 勇 作,2,6,0.133,0.05,0.24,0.0,C
4562,阪 本 勇 介,3,9,0.169,0.09,0.28,0.0,C
4550,石 岡 将 太,3,6,0.17,0.08,0.23,16.67,C
3245,池 上 裕 次,1,3,0.1,0.01,0.18,33.33,参考
4547,中 田 竜 太,6,4,0.152,0.06,0.23,25.0,参考
4711,前 出 達 吉,3,4,0.175,0.12,0.34,25.0,参考
4683,向井田 直 弥,4,5,0.082,0.03,0.14,60.0,C
4435,服 部 達 哉,1,3,0.19,0.1,0.28,33.33,参考
4508,野 間 大 樹,2,6,0.185,0.12,0.28,0.0,C
4688,永 井 彪 也,3,5,0.12,0.06,0.17,20.0,C
3406,中 里 英 夫,4,3,0.153,0.09,0.21,33.33,参考
4565,西 村 豪 洋,4,4,0.158,0.03,0.29,50.0,参考
3615,横 田 茂,2,7,0.14,0.04,0.3,28.57,C
4550,石 岡 将 太,4,5,0.118,0.04,0.25,40.0,C
4498,宮 本 夏 樹,5,3,0.17,0.11,0.24,0.0,参考
4896,花 本 剛,6,14,0.194,0.07,0.31,14.29,B
4547,中 田 竜 太,2,6,0.135,0.09,0.18,16.67,C
4710,福 田 宗 平,3,8,0.124,0.01,0.22,25.0,C
4705,吉 川 勇 作,4,5,0.162,0.07,0.22,60.0,C
4640,山ノ内 雅 人,5,14,0.143,0.07,0.24,14.29,B
4434,田 中 辰 彦,1,5,0.132,0.03,0.31,60.0,C
4683,向井田 直 弥,5,6,0.102,0.08,0.12,66.67,C
4508,野 間 大 樹,3,8,0.175,0.09,0.28,12.5,C
4562,阪 本 勇 介,6,5,0.14,0.11,0.17,0.0,C
3245,池 上 裕 次,4,3,0.157,0.13,0.19,0.0,参考
4688,永 井 彪 也,2,3,0.127,0.09,0.15,0.0,参考
3615,横 田 茂,4,4,0.12,0.05,0.15,25.0,参考
4710,福 田 宗 平,5,9,0.103,0.03,0.18,55.56,C
4409,坂 元 浩 仁,1,10,0.136,0.06,0.25,20.0,B
3406,中 里 英 夫,2,5,0.148,0.12,0.18,0.0,C
4565,西 村 豪 洋,3,3,0.19,0.15,0.23,0.0,参考
4505,島 田 賢 人,5,5,0.11,0.06,0.19,40.0,C
4423,坂 口 貴 彦,4,6,0.168,0.1,0.24,0.0,C
4547,中 田 竜 太,1,6,0.147,0.07,0.25,16.67,C
4711,前 出 達 吉,2,4,0.17,0.12,0.24,0.0,参考
4562,阪 本 勇 介,5,9,0.184,0.07,0.43,11.11,C
4547,中 田 竜 太,4,5,0.1,0.06,0.19,40.0,C
4640,山ノ内 雅 人,4,15,0.127,0.04,0.28,33.33,B
4565,西 村 豪 洋,5,3,0.097,0.09,0.11,33.33,参考
4555,富 永 大 一,1,4,0.19,0.14,0.22,50.0,参考
4508,野 間 大 樹,4,6,0.163,0.07,0.28,0.0,C
4688,永 井 彪 也,1,4,0.163,0.13,0.22,50.0,参考
4683,向井田 直 弥,2,6,0.137,0.05,0.25,33.33,C
4710,福 田 宗 平,2,6,0.15,0.11,0.2,0.0,C
3615,横 田 茂,3,9,0.131,0.06,0.18,0.0,C
3406,中 里 英 夫,5,3,0.213,0.17,0.27,0.0,参考
4802,中 田 達 也,3,3,0.203,0.09,0.41,33.33,参考
4547,中 田 竜 太,5,4,0.092,0.06,0.11,50.0,参考
4409,坂 元 浩 仁,2,6,0.15,0.11,0.2,33.33,C
4583,古 田 祐 貴,3,3,0.137,0.09,0.19,33.33,参考
4565,西 村 豪 洋,6,3,0.18,0.14,0.25,0.0,参考
4505,島 田 賢 人,3,4,0.165,0.07,0.32,0.0,参考
4409,坂 元 浩 仁,5,5,0.098,0.08,0.13,20.0,C
4640,山ノ内 雅 人,6,12,0.113,0.05,0.17,41.67,B
4508,野 間 大 樹,5,9,0.173,0.06,0.35,22.22,C
4434,田 中 辰 彦,2,4,0.143,0.12,0.16,25.0,参考
3615,横 田 茂,6,6,0.223,0.08,0.32,0.0,C
4710,福 田 宗 平,6,7,0.189,0.08,0.36,14.29,C
4711,前 出 達 吉,5,5,0.112,0.06,0.16,40.0,C
4710,福 田 宗 平,1,8,0.12,0.04,0.27,25.0,C
4550,石 岡 将 太,2,3,0.15,0.08,0.19,0.0,参考
3615,横 田 茂,5,4,0.13,0.09,0.19,0.0,参考
3582,吉 川 昭 男,1,14,0.135,0.03,0.23,14.29,B
3220,二 橋 学,4,4,0.138,0.04,0.25,25.0,参考
4095,福 来 剛,3,9,0.126,0.08,0.16,33.33,C
4003,表 憲 一,3,4,0.14,0.09,0.19,0.0,参考
4376,藤 田 靖 弘,5,9,0.106,0.07,0.14,11.11,C
4870,新 田 有 理,6,7,0.149,0.08,0.21,14.29,C
3874,山 本 寛 久,3,7,0.146,0.08,0.19,14.29,C
4304,藤 崎 小百合,1,4,0.21,0.12,0.3,0.0,参考
3551,藤 田 美 代,2,10,0.218,0.12,0.44,0.0,B
4730,土 屋 実沙希,5,4,0.152,0.06,0.21,25.0,参考
3934,鋤 柄 貴 俊,5,5,0.16,0.08,0.26,0.0,C
3072,西 田 靖,2,19,0.145,0.03,0.21,21.05,B
4304,藤 崎 小百合,2,5,0.104,0.07,0.13,40.0,C
3582,吉 川 昭 男,2,21,0.165,0.07,0.31,9.52,A
3611,岩 崎 芳 美,3,4,0.107,0.07,0.16,0.0,参考
3874,山 本 寛 久,5,6,0.108,0.02,0.15,66.67,C
4095,福 来 剛,6,12,0.158,0.03,0.32,25.0,B
4095,福 来 剛,1,11,0.122,0.05,0.19,45.45,B
4665,加 藤 啓 太,4,4,0.177,0.03,0.36,50.0,参考
3668,市 川 猛,2,6,0.193,0.15,0.24,0.0,C
3582,吉 川 昭 男,4,5,0.16,0.14,0.19,20.0,C
3551,藤 田 美 代,6,8,0.159,0.05,0.29,37.5,C
3611,岩 崎 芳 美,1,4,0.09,0.07,0.14,100.0,参考
3934,鋤 柄 貴 俊,2,7,0.209,0.14,0.29,0.0,C
3710,吉 永 泰 弘,3,4,0.14,0.02,0.23,25.0,参考
4304,藤 崎 小百合,4,4,0.103,0.05,0.17,50.0,参考
3874,山 本 寛 久,2,11,0.173,0.04,0.35,0.0,B
3072,西 田 靖,1,6,0.162,0.11,0.22,33.33,C
4665,加 藤 啓 太,2,4,0.168,0.08,0.22,0.0,参考
4353,下 出 秀 明,5,3,0.147,0.08,0.19,33.33,参考
3668,市 川 猛,3,7,0.18,0.11,0.24,28.57,C
3710,吉 永 泰 弘,4,4,0.15,0.08,0.22,75.0,参考
3551,藤 田 美 代,5,9,0.162,0.09,0.29,33.33,C
4376,藤 田 靖 弘,2,7,0.141,0.09,0.21,28.57,C
3934,鋤 柄 貴 俊,1,4,0.2,0.13,0.24,25.0,参考
4003,表 憲 一,1,3,0.18,0.08,0.25,33.33,参考
3611,岩 崎 芳 美,4,3,0.15,0.11,0.19,0.0,参考
3874,山 本 寛 久,1,16,0.129,0.03,0.24,12.5,B
4376,藤 田 靖 弘,3,7,0.16,0.09,0.27,42.86,C
4003,表 憲 一,4,4,0.182,0.12,0.23,0.0,参考
3551,藤 田 美 代,3,6,0.19,0.09,0.29,33.33,C
3668,市 川 猛,5,6,0.175,0.07,0.22,16.67,C
4376,藤 田 靖 弘,1,12,0.153,0.02,0.28,8.33,B
4003,表 憲 一,5,3,0.147,0.11,0.22,33.33,参考
3934,鋤 柄 貴 俊,6,3,0.13,0.12,0.14,0.0,参考
3710,吉 永 泰 弘,5,4,0.21,0.11,0.31,25.0,参考
3934,鋤 柄 貴 俊,3,3,0.13,0.11,0.15,33.33,参考
4095,福 来 剛,4,7,0.137,0.08,0.18,42.86,C
4376,藤 田 靖 弘,4,11,0.152,0.1,0.31,45.45,B
3611,岩 崎 芳 美,5,3,0.107,0.09,0.12,33.33,参考
3934,鋤 柄 貴 俊,4,5,0.122,0.07,0.18,0.0,C
3551,藤 田 美 代,4,9,0.15,0.09,0.22,11.11,C
3582,吉 川 昭 男,3,14,0.14,0.04,0.27,14.29,B
4572,渡 部 悟,4,6,0.11,0.01,0.19,16.67,C
4776,竹 田 和 哉,6,7,0.164,0.08,0.24,14.29,C
3788,一 宮 稔 弘,5,6,0.11,0.02,0.17,50.0,C
4811,向井田 佑 紀,6,6,0.197,0.16,0.23,33.33,C
4096,石 橋 道 友,3,7,0.137,0.09,0.24,42.86,C
4760,山 崎 郡,3,4,0.115,0.07,0.19,50.0,参考
4572,渡 部 悟,2,8,0.171,0.08,0.27,37.5,C
3788,一 宮 稔 弘,4,5,0.106,0.07,0.17,40.0,C
3920,正 木 聖 賢,4,7,0.164,0.06,0.21,57.14,C
4514,上 條 嘉 嗣,5,6,0.182,0.12,0.24,16.67,C
3454,井 川 大 作,6,3,0.237,0.16,0.31,0.0,参考
3631,田 添 康 介,2,11,0.14,0.06,0.19,9.09,B
4096,石 橋 道 友,6,8,0.115,0.02,0.17,50.0,C
4096,石 橋 道 友,1,16,0.139,0.03,0.22,31.25,B
4514,上 條 嘉 嗣,2,6,0.19,0.11,0.29,0.0,C
2568,中 村 義 雄,2,3,0.197,0.08,0.28,33.33,参考
3454,井 川 大 作,1,3,0.22,0.17,0.29,0.0,参考
4241,大 串 重 幸,3,8,0.154,0.09,0.21,37.5,C
3920,正 木 聖 賢,1,11,0.115,0.07,0.17,36.36,B
3788,一 宮 稔 弘,2,3,0.18,0.16,0.2,33.33,参考
4489,岩 川 仁 士,4,6,0.145,0.08,0.26,33.33,C
4514,上 條 嘉 嗣,4,5,0.192,0.11,0.25,0.0,C
4811,向井田 佑 紀,5,8,0.18,0.09,0.29,0.0,C
4572,渡 部 悟,6,12,0.172,0.07,0.34,0.0,B
4096,石 橋 道 友,2,12,0.162,0.09,0.32,25.0,B
3920,正 木 聖 賢,3,9,0.167,0.05,0.37,0.0,C
3788,一 宮 稔 弘,1,8,0.107,0.04,0.21,62.5,C
4489,岩 川 仁 士,1,5,0.182,0.07,0.35,0.0,C
3454,井 川 大 作,2,6,0.185,0.12,0.24,0.0,C
3726,桂 林 寛,6,4,0.195,0.11,0.24,25.0,参考
3454,井 川 大 作,4,4,0.177,0.06,0.24,25.0,参考
4760,山 崎 郡,5,3,0.107,0.05,0.14,66.67,参考
4514,上 條 嘉 嗣,6,4,0.23,0.14,0.33,25.0,参考
3454,井 川 大 作,3,5,0.152,0.09,0.23,20.0,C
3788,一 宮 稔 弘,6,6,0.143,0.02,0.28,16.67,C
4760,山 崎 郡,4,3,0.093,0.05,0.16,33.33,参考
4572,渡 部 悟,5,8,0.12,0.05,0.17,50.0,C
4514,上 條 嘉 嗣,3,7,0.18,0.08,0.31,14.29,C
3788,一 宮 稔 弘,3,3,0.123,0.08,0.19,0.0,参考
3920,正 木 聖 賢,2,7,0.163,0.05,0.27,28.57,C
4406,幸 野 史 明,6,11,0.159,0.08,0.26,36.36,B
4296,岡 崎 恭 裕,4,18,0.133,0.02,0.26,27.78,B
3703,鳥 飼 眞,2,12,0.156,0.04,0.24,25.0,B
4406,幸 野 史 明,3,12,0.168,0.12,0.34,0.0,B
3703,鳥 飼 眞,1,10,0.164,0.11,0.22,20.0,B
4155,長 野 壮志郎,2,10,0.145,0.08,0.19,20.0,B
4296,岡 崎 恭 裕,1,20,0.102,0.02,0.19,65.0,A
5138,村 本 大 成,2,6,0.197,0.07,0.28,0.0,C
3906,飯 山 晃 三,3,7,0.173,0.12,0.21,14.29,C
4969,町 田 洸 希,4,6,0.198,0.13,0.28,0.0,C
5237,永 松 良 教,6,28,0.175,0.05,0.55,17.86,A
5258,仲 本 舜,6,17,0.15,0.08,0.26,5.88,B
4848,仲 谷 颯 仁,1,22,0.129,0.02,0.24,22.73,A
5008,羽 野 諒,2,18,0.129,0.04,0.19,16.67,B
4506,稗 田 聖 也,5,9,0.158,0.07,0.35,33.33,C
3352,小 川 晃 司,6,40,0.145,0.05,0.26,30.0,A
5105,富 田 恕 生,2,38,0.186,0.05,0.34,5.26,A
5244,黒 田 剛,6,24,0.148,0.04,0.26,25.0,A
4958,溝 口 海義也,3,6,0.17,0.09,0.3,50.0,C
5138,村 本 大 成,6,5,0.256,0.17,0.38,0.0,C
4864,小 川 日紀太,4,3,0.163,0.09,0.28,0.0,参考
3714,梶 原 正,1,5,0.118,0.04,0.19,20.0,C
5093,浦 野 海,2,30,0.122,0.0,0.24,33.33,A
4693,松 下 誉 士,3,8,0.195,0.04,0.27,12.5,C
5055,眞 鳥 章 太,5,7,0.164,0.11,0.24,14.29,C
3906,飯 山 晃 三,1,3,0.12,0.04,0.18,33.33,参考
4789,古 賀 智 之,3,7,0.136,0.09,0.2,14.29,C
4969,町 田 洸 希,3,7,0.121,0.03,0.21,14.29,C
4684,楠 原 翔 太,4,6,0.137,0.07,0.22,33.33,C
4096,石 橋 道 友,5,5,0.128,0.05,0.18,40.0,C
4864,小 川 日紀太,5,3,0.067,0.04,0.09,66.67,参考
4958,溝 口 海義也,6,3,0.123,0.08,0.15,0.0,参考
4831,羽 野 直 也,1,20,0.109,0.04,0.19,45.0,A
4684,楠 原 翔 太,1,10,0.124,0.05,0.21,40.0,B
5055,眞 鳥 章 太,2,8,0.134,0.08,0.19,0.0,C
5093,浦 野 海,3,30,0.119,0.01,0.32,36.67,A
3734,宮 田 政 勝,5,3,0.127,0.09,0.17,66.67,参考
5008,羽 野 諒,3,11,0.095,0.05,0.13,27.27,B
5105,富 田 恕 生,5,34,0.159,0.05,0.35,11.76,A
4969,町 田 洸 希,6,7,0.169,0.02,0.29,0.0,C
4395,下 河 雅 史,2,13,0.115,0.04,0.19,30.77,B
4831,羽 野 直 也,3,11,0.185,0.07,0.32,18.18,B
3906,飯 山 晃 三,2,9,0.189,0.13,0.28,0.0,C
4753,森 照 夫,2,8,0.14,0.1,0.19,12.5,C
5055,眞 鳥 章 太,4,9,0.18,0.08,0.25,0.0,C
4848,仲 谷 颯 仁,3,17,0.134,0.06,0.25,17.65,B
5093,浦 野 海,5,28,0.179,0.05,0.39,10.71,A
4958,溝 口 海義也,4,6,0.182,0.03,0.31,16.67,C
5008,羽 野 諒,5,12,0.094,0.04,0.19,58.33,B
4831,羽 野 直 也,2,8,0.126,0.08,0.19,25.0,C
4753,森 照 夫,3,10,0.137,0.02,0.23,10.0,B
4684,楠 原 翔 太,3,11,0.133,0.0,0.22,27.27,B
4958,溝 口 海義也,2,6,0.143,0.04,0.28,16.67,C
4789,古 賀 智 之,2,5,0.192,0.15,0.27,0.0,C
5138,村 本 大 成,3,3,0.207,0.14,0.27,0.0,参考
5258,仲 本 舜,4,6,0.167,0.03,0.26,33.33,C
3906,飯 山 晃 三,4,8,0.194,0.12,0.26,0.0,C
4958,溝 口 海義也,5,4,0.14,0.05,0.23,50.0,参考
5008,羽 野 諒,6,13,0.123,0.01,0.25,46.15,B
5093,浦 野 海,1,18,0.123,0.01,0.31,27.78,B
4958,溝 口 海義也,1,7,0.119,0.08,0.17,28.57,C
4096,石 橋 道 友,4,10,0.109,0.03,0.2,50.0,B
4684,楠 原 翔 太,5,10,0.128,0.07,0.17,10.0,B
4753,森 照 夫,1,5,0.164,0.08,0.25,20.0,C
5008,羽 野 諒,4,14,0.151,0.06,0.23,28.57,B
5263,花 田 凱 成,6,43,0.17,0.03,0.33,11.63,A
5268,山 本 幸 也,6,44,0.204,0.02,0.42,6.82,A
5008,羽 野 諒,1,7,0.114,0.05,0.19,28.57,C
4329,小 松 卓 司,1,4,0.16,0.13,0.21,0.0,参考
3906,飯 山 晃 三,5,8,0.177,0.09,0.24,12.5,C
5055,眞 鳥 章 太,1,4,0.103,0.03,0.14,75.0,参考
4684,楠 原 翔 太,2,7,0.104,0.01,0.21,28.57,C
5093,浦 野 海,4,29,0.164,0.05,0.32,10.34,A
5138,村 本 大 成,5,3,0.107,0.04,0.16,33.33,参考
4789,古 賀 智 之,1,4,0.152,0.09,0.29,50.0,参考
5093,浦 野 海,6,22,0.165,0.05,0.29,13.64,A
4880,澤 崎 雄 哉,1,3,0.167,0.12,0.19,33.33,参考
4219,本 岡 勝 利,4,4,0.163,0.13,0.19,0.0,参考
5105,富 田 恕 生,6,27,0.167,0.05,0.31,14.81,A
4536,喜 井 つかさ,1,9,0.117,0.01,0.25,66.67,C
4909,薮 内 瑞 希,2,4,0.223,0.09,0.35,25.0,参考
4974,安 井 瑞 紀,3,8,0.181,0.13,0.22,12.5,C
4017,向 井 美 鈴,4,6,0.138,0.07,0.17,16.67,C
5003,来 田 衣 織,6,9,0.226,0.01,0.58,22.22,C
4318,桑 原 将 光,1,3,0.127,0.11,0.16,33.33,参考
4956,齊 藤 大 将,2,4,0.177,0.12,0.24,0.0,参考
4277,金 田 大 輔,6,4,0.18,0.11,0.27,0.0,参考
4872,山 下 流 心,3,11,0.14,0.05,0.23,9.09,B
5201,村 上 宗太郎,6,4,0.172,0.03,0.37,50.0,参考
4276,鈴 木 勝 博,1,9,0.13,0.07,0.2,33.33,C
5009,大 賀 龍之介,3,6,0.153,0.01,0.23,33.33,C
4845,前 田 紗 希,4,3,0.28,0.18,0.37,0.0,参考
4199,北 川 潤 二,2,8,0.151,0.07,0.31,0.0,C
4880,澤 崎 雄 哉,4,7,0.153,0.06,0.31,28.57,C
4598,加 藤 政 彦,5,3,0.16,0.14,0.18,100.0,参考
3945,橋 口 真 樹,6,7,0.227,0.14,0.32,14.29,C
5145,島 川 海 輝,2,4,0.152,0.08,0.26,25.0,参考
4374,永 田 義 紘,3,5,0.16,0.11,0.2,40.0,C
5105,富 田 恕 生,4,24,0.141,0.03,0.29,12.5,A
3612,馬 袋 義 則,2,9,0.147,0.06,0.28,33.33,C
4853,前 原 哉,4,5,0.174,0.09,0.34,20.0,C
4956,齊 藤 大 将,5,7,0.206,0.09,0.36,14.29,C
4845,前 田 紗 希,6,4,0.125,0.07,0.21,25.0,参考
3572,安 田 政 彦,1,4,0.163,0.04,0.24,25.0,参考
4883,岡 部 大 輝,6,3,0.143,0.11,0.17,66.67,参考
4974,安 井 瑞 紀,4,5,0.14,0.05,0.25,20.0,C
4276,鈴 木 勝 博,3,5,0.166,0.07,0.21,40.0,C
3612,馬 袋 義 則,6,4,0.107,0.09,0.14,50.0,参考
4374,永 田 義 紘,2,5,0.192,0.08,0.24,0.0,C
5145,島 川 海 輝,4,3,0.143,0.06,0.21,33.33,参考
3935,岩 津 徹 郎,6,6,0.233,0.12,0.38,0.0,C
4017,向 井 美 鈴,1,10,0.18,0.05,0.32,20.0,B
3945,橋 口 真 樹,3,5,0.184,0.1,0.27,0.0,C
4276,鈴 木 勝 博,4,7,0.111,0.01,0.17,85.71,C
4219,本 岡 勝 利,6,3,0.21,0.15,0.29,0.0,参考
5003,来 田 衣 織,2,9,0.204,0.13,0.35,11.11,C
4277,金 田 大 輔,5,4,0.125,0.08,0.16,25.0,参考
4880,澤 崎 雄 哉,6,4,0.122,0.06,0.26,75.0,参考
4909,薮 内 瑞 希,4,4,0.152,0.13,0.19,0.0,参考
4199,北 川 潤 二,1,10,0.135,0.04,0.28,60.0,B
4846,佐 藤 駿 介,5,9,0.171,0.09,0.39,11.11,C
4974,安 井 瑞 紀,6,4,0.228,0.11,0.39,0.0,参考
3572,安 田 政 彦,2,5,0.204,0.13,0.27,0.0,C
4853,前 原 哉,3,3,0.147,0.01,0.22,33.33,参考
4374,永 田 義 紘,5,5,0.142,0.04,0.25,0.0,C
5009,大 賀 龍之介,5,4,0.14,0.07,0.21,25.0,参考
4318,桑 原 将 光,6,3,0.113,0.07,0.16,66.67,参考
4674,池 田 剛 規,1,6,0.142,0.1,0.21,0.0,C
4909,薮 内 瑞 希,5,4,0.13,0.1,0.17,50.0,参考
3945,橋 口 真 樹,1,4,0.213,0.17,0.28,0.0,参考
5003,来 田 衣 織,3,6,0.185,0.09,0.35,33.33,C
5145,島 川 海 輝,6,5,0.17,0.12,0.24,0.0,C
3612,馬 袋 義 則,1,14,0.139,0.03,0.27,35.71,B
4277,金 田 大 輔,3,3,0.157,0.11,0.19,0.0,参考
4872,山 下 流 心,5,8,0.165,0.07,0.32,0.0,C
4846,佐 藤 駿 介,3,10,0.145,0.03,0.29,30.0,B
4883,岡 部 大 輝,4,3,0.08,0.02,0.15,66.67,参考
4276,鈴 木 勝 博,5,3,0.08,0.02,0.18,0.0,参考
4072,森 永 淳,6,5,0.132,0.12,0.15,60.0,C
4845,前 田 紗 希,1,7,0.154,0.03,0.3,28.57,C
4017,向 井 美 鈴,6,9,0.159,0.06,0.23,22.22,C
3612,馬 袋 義 則,4,10,0.171,0.03,0.32,20.0,B
4872,山 下 流 心,4,9,0.178,0.06,0.31,11.11,C
4219,本 岡 勝 利,5,6,0.22,0.12,0.29,16.67,C
5105,富 田 恕 生,3,34,0.175,0.08,0.28,8.82,A
4974,安 井 瑞 紀,5,6,0.163,0.06,0.24,33.33,C
4853,前 原 哉,2,3,0.15,0.13,0.19,0.0,参考
4846,佐 藤 駿 介,4,10,0.129,0.07,0.25,40.0,B
3612,馬 袋 義 則,3,6,0.153,0.08,0.27,33.33,C
4374,永 田 義 紘,4,5,0.168,0.11,0.24,40.0,C
4199,北 川 潤 二,3,6,0.133,0.02,0.24,66.67,C
4872,山 下 流 心,1,5,0.168,0.07,0.22,0.0,C
3572,安 田 政 彦,4,4,0.213,0.14,0.28,0.0,参考
5003,来 田 衣 織,4,3,0.18,0.07,0.32,0.0,参考
5009,大 賀 龍之介,6,4,0.145,0.11,0.23,25.0,参考
4811,向井田 佑 紀,1,3,0.223,0.21,0.25,33.33,参考
4880,澤 崎 雄 哉,2,6,0.188,0.05,0.44,0.0,C
3945,橋 口 真 樹,4,6,0.18,0.12,0.27,33.33,C
4974,安 井 瑞 紀,2,5,0.166,0.08,0.29,0.0,C
4845,前 田 紗 希,5,7,0.15,0.06,0.33,28.57,C
4811,向井田 佑 紀,2,3,0.18,0.11,0.27,0.0,参考
4536,喜 井 つかさ,6,6,0.227,0.12,0.31,16.67,C
4277,金 田 大 輔,2,5,0.15,0.05,0.24,20.0,C
5145,島 川 海 輝,3,4,0.163,0.14,0.18,0.0,参考
4276,鈴 木 勝 博,2,4,0.13,0.09,0.15,25.0,参考
4017,向 井 美 鈴,2,3,0.197,0.18,0.21,0.0,参考
3717,立 間 充 宏,3,3,0.18,0.13,0.26,33.33,参考
3945,橋 口 真 樹,5,6,0.227,0.09,0.39,33.33,C
4872,山 下 流 心,6,5,0.238,0.11,0.35,0.0,C
4219,本 岡 勝 利,2,7,0.17,0.11,0.28,14.29,C
5003,来 田 衣 織,5,7,0.196,0.05,0.33,14.29,C
4846,佐 藤 駿 介,2,11,0.155,0.03,0.33,18.18,B
5105,富 田 恕 生,1,18,0.152,0.04,0.3,22.22,B
5145,島 川 海 輝,1,3,0.163,0.15,0.18,33.33,参考
5009,大 賀 龍之介,4,3,0.15,0.06,0.25,0.0,参考
4880,澤 崎 雄 哉,3,5,0.192,0.12,0.24,0.0,C
5210,藤 井 公 人,6,12,0.136,0.04,0.22,25.0,B
4956,齊 藤 大 将,3,3,0.107,0.1,0.11,33.33,参考
4909,薮 内 瑞 希,6,3,0.143,0.1,0.22,33.33,参考
5009,大 賀 龍之介,2,4,0.138,0.09,0.18,25.0,参考
5145,島 川 海 輝,5,3,0.13,0.05,0.23,33.33,参考
4374,永 田 義 紘,1,3,0.087,0.07,0.11,66.67,参考
4956,齊 藤 大 将,4,3,0.2,0.18,0.23,0.0,参考
4872,山 下 流 心,2,6,0.18,0.05,0.27,0.0,C
4845,前 田 紗 希,3,5,0.118,0.01,0.28,40.0,C
4880,澤 崎 雄 哉,5,4,0.152,0.08,0.22,0.0,参考
3572,安 田 政 彦,3,4,0.223,0.14,0.41,0.0,参考
3612,馬 袋 義 則,5,6,0.165,0.12,0.22,16.67,C
4551,三 川 昂 暁,1,15,0.139,0.03,0.28,26.67,B
4405,南 野 利 騰,2,4,0.19,0.15,0.22,0.0,参考
5219,森 口 和 紀,5,11,0.126,0.06,0.18,36.36,B
4119,泥 谷 一 毅,3,7,0.13,0.06,0.23,42.86,C
3427,大 賀 広 幸,3,3,0.187,0.14,0.24,33.33,参考
5212,西 川 拓 利,6,23,0.17,0.07,0.31,8.7,A
4155,長 野 壮志郎,1,19,0.146,0.01,0.25,21.05,B
4315,山 崎 昂 介,4,9,0.133,0.05,0.27,55.56,C
4692,酒 井 俊 弘,5,4,0.145,0.08,0.25,50.0,参考
4100,松 田 隆 司,1,11,0.151,0.08,0.32,18.18,B
4557,松 尾 光 広,3,9,0.146,0.06,0.23,22.22,C
5219,森 口 和 紀,6,20,0.196,0.04,0.71,20.0,A
4866,橋 本 英 一,3,11,0.171,0.01,0.29,36.36,B
4119,泥 谷 一 毅,2,7,0.104,0.04,0.18,57.14,C
4749,山 口 貢 輝,3,3,0.117,0.07,0.14,33.33,参考
4557,松 尾 光 広,2,8,0.164,0.05,0.28,0.0,C
4551,三 川 昂 暁,4,12,0.173,0.03,0.37,25.0,B
4015,前 野 竜 一,6,3,0.167,0.15,0.18,33.33,参考
4315,山 崎 昂 介,1,8,0.158,0.07,0.24,0.0,C
3918,深 井 利 寿,2,7,0.204,0.11,0.28,14.29,C
4155,長 野 壮志郎,3,11,0.144,0.01,0.25,9.09,B
5187,小 坂 風 太,3,4,0.177,0.13,0.3,25.0,参考
3151,落 合 敬 一,2,5,0.174,0.11,0.28,20.0,C
4120,柘 植 政 浩,4,5,0.16,0.07,0.23,40.0,C
4100,松 田 隆 司,5,6,0.13,0.09,0.19,50.0,C
4315,山 崎 昂 介,2,7,0.209,0.13,0.31,14.29,C
4405,南 野 利 騰,3,3,0.153,0.12,0.19,0.0,参考
4562,阪 本 勇 介,4,7,0.176,0.08,0.31,42.86,C
3918,深 井 利 寿,1,10,0.128,0.03,0.21,40.0,B
5219,森 口 和 紀,4,8,0.156,0.01,0.31,50.0,C
4325,新 出 浩 司,1,4,0.095,0.05,0.16,25.0,参考
4155,長 野 壮志郎,4,15,0.137,0.05,0.19,13.33,B
4866,橋 本 英 一,4,6,0.158,0.07,0.3,33.33,C
4551,三 川 昂 暁,2,8,0.191,0.07,0.26,12.5,C
4692,酒 井 俊 弘,2,4,0.17,0.06,0.26,25.0,参考
3427,大 賀 広 幸,1,6,0.183,0.13,0.26,33.33,C
3918,深 井 利 寿,3,6,0.253,0.13,0.36,33.33,C
4557,松 尾 光 広,5,5,0.246,0.19,0.31,0.0,C
4100,松 田 隆 司,4,9,0.146,0.09,0.24,33.33,C
4155,長 野 壮志郎,6,10,0.125,0.05,0.21,30.0,B
4866,橋 本 英 一,2,10,0.149,0.02,0.36,30.0,B
4119,泥 谷 一 毅,4,7,0.121,0.05,0.17,14.29,C
4405,南 野 利 騰,5,3,0.12,0.09,0.14,33.33,参考
4015,前 野 竜 一,4,5,0.154,0.07,0.21,0.0,C
3427,大 賀 広 幸,4,3,0.17,0.15,0.21,0.0,参考
4100,松 田 隆 司,6,9,0.227,0.15,0.37,11.11,C
4119,泥 谷 一 毅,1,3,0.077,0.05,0.13,33.33,参考
5212,西 川 拓 利,4,6,0.107,0.03,0.15,16.67,C
3918,深 井 利 寿,5,9,0.141,0.01,0.29,22.22,C
4749,山 口 貢 輝,2,4,0.122,0.09,0.15,0.0,参考
4692,酒 井 俊 弘,3,3,0.117,0.09,0.15,66.67,参考
4315,山 崎 昂 介,3,10,0.148,0.05,0.21,20.0,B
4557,松 尾 光 広,4,7,0.143,0.0,0.21,28.57,C
4551,三 川 昂 暁,3,12,0.171,0.09,0.3,8.33,B
3918,深 井 利 寿,4,9,0.127,0.07,0.15,33.33,C
4051,清 水 敦 揮,6,8,0.209,0.14,0.32,0.0,C
4692,酒 井 俊 弘,4,4,0.182,0.11,0.22,50.0,参考
4119,泥 谷 一 毅,5,7,0.161,0.06,0.22,28.57,C
3616,中 村 真,6,11,0.18,0.08,0.35,27.27,B
4155,長 野 壮志郎,5,12,0.134,0.04,0.25,25.0,B
4557,松 尾 光 広,6,5,0.176,0.09,0.23,0.0,C
5212,西 川 拓 利,5,9,0.153,0.04,0.28,33.33,C
4315,山 崎 昂 介,6,9,0.217,0.12,0.31,11.11,C
3427,大 賀 広 幸,5,3,0.183,0.11,0.25,0.0,参考
4100,松 田 隆 司,2,9,0.123,0.06,0.19,11.11,C
4866,橋 本 英 一,1,5,0.112,0.07,0.17,40.0,C
3964,宮 地 博 士,1,4,0.237,0.21,0.27,25.0,参考
5131,江 藤 敦 宏,2,3,0.177,0.14,0.24,0.0,参考
5053,山 口 広 樹,6,3,0.173,0.15,0.21,0.0,参考
4985,井 本 昌 也,1,6,0.163,0.07,0.31,50.0,C
5132,中 野 希 一,2,3,0.167,0.01,0.27,33.33,参考
5018,竹 下 大 樹,3,6,0.112,0.03,0.21,0.0,C
5087,佐 藤 航,4,3,0.143,0.09,0.19,33.33,参考
5081,篠 原 飛 翔,5,3,0.12,0.04,0.16,0.0,参考
4720,西 澤 日花里,1,3,0.26,0.17,0.39,0.0,参考
5118,野 田 なづき,3,6,0.2,0.11,0.35,0.0,C
4819,蜂 須 瑞 生,1,5,0.132,0.1,0.19,20.0,C
5144,中 尾 彩 香,2,5,0.222,0.15,0.36,20.0,C
5193,米 丸 乃 絵,3,13,0.201,0.06,0.39,0.0,B
4900,中 田 夕 貴,4,6,0.158,0.11,0.24,33.33,C
5189,藤 原 早 菜,5,6,0.253,0.13,0.36,0.0,C
4961,西 橋 奈 未,1,9,0.166,0.06,0.25,44.44,C
5195,北 村 寧 々,2,6,0.177,0.07,0.32,16.67,C
5215,石 丸 小 槙,3,3,0.233,0.16,0.36,0.0,参考
5028,原 田 才一郎,4,11,0.124,0.01,0.28,9.09,B
4992,廣 瀬 篤 哉,5,3,0.12,0.09,0.15,33.33,参考
5197,中 野 仁 照,6,5,0.088,0.01,0.13,80.0,C
5250,嶋 田 有 里,6,28,0.241,0.04,0.52,7.14,A
5132,中 野 希 一,6,7,0.199,0.11,0.43,14.29,C
5081,篠 原 飛 翔,1,4,0.2,0.13,0.25,0.0,参考
5111,三 村 岳 人,2,6,0.17,0.07,0.25,16.67,C
5075,中 島 秀 治,3,4,0.128,0.04,0.18,25.0,参考
5144,中 尾 彩 香,5,5,0.216,0.16,0.27,0.0,C
4900,中 田 夕 貴,1,6,0.182,0.09,0.23,16.67,C
5189,藤 原 早 菜,3,6,0.155,0.02,0.26,16.67,C
5112,砂 長 知 輝,4,7,0.159,0.01,0.26,14.29,C
5131,江 藤 敦 宏,5,3,0.123,0.05,0.19,33.33,参考
5222,津 田 陸 翔,6,13,0.191,0.09,0.31,7.69,B
5053,山 口 広 樹,2,5,0.158,0.11,0.21,0.0,C
4961,西 橋 奈 未,4,10,0.161,0.02,0.34,10.0,B
5193,米 丸 乃 絵,6,13,0.206,0.11,0.43,7.69,B
4804,高 田 ひかる,1,7,0.249,0.1,0.38,0.0,C
5118,野 田 なづき,2,6,0.198,0.05,0.38,0.0,C
4819,蜂 須 瑞 生,3,4,0.205,0.06,0.33,50.0,参考
4825,倉 持 莉 々,3,4,0.14,0.07,0.21,50.0,参考
5018,竹 下 大 樹,4,10,0.159,0.11,0.24,0.0,B
5029,中 亮 太,6,13,0.146,0.02,0.31,15.38,B
5028,原 田 才一郎,1,11,0.151,0.06,0.21,27.27,B
5120,山 本 稔太朗,2,4,0.15,0.06,0.23,0.0,参考
5111,三 村 岳 人,3,4,0.173,0.09,0.32,0.0,参考
5026,安河内 健,4,8,0.165,0.11,0.35,12.5,C
5140,吉 田 彩 乃,3,3,0.127,0.09,0.15,0.0,参考
5215,石 丸 小 槙,5,3,0.18,0.16,0.21,0.0,参考
5029,中 亮 太,1,20,0.126,0.02,0.21,40.0,A
5112,砂 長 知 輝,3,3,0.113,0.09,0.13,33.33,参考
5197,中 野 仁 照,4,3,0.073,0.01,0.11,66.67,参考
5155,内 山 七 海,2,13,0.164,0.0,0.41,23.08,B
5195,北 村 寧 々,5,6,0.168,0.06,0.29,0.0,C
4825,倉 持 莉 々,1,4,0.092,0.04,0.13,75.0,参考
5144,中 尾 彩 香,3,3,0.247,0.18,0.29,0.0,参考
4985,井 本 昌 也,2,4,0.16,0.14,0.17,25.0,参考
5081,篠 原 飛 翔,3,6,0.168,0.09,0.23,33.33,C
4961,西 橋 奈 未,2,4,0.145,0.12,0.19,0.0,参考
5112,砂 長 知 輝,5,3,0.167,0.11,0.23,0.0,参考
5197,中 野 仁 照,1,3,0.103,0.09,0.11,33.33,参考
5131,江 藤 敦 宏,3,3,0.153,0.06,0.21,33.33,参考
5155,内 山 七 海,4,6,0.175,0.11,0.21,0.0,C
5132,中 野 希 一,5,3,0.097,0.03,0.13,33.33,参考
5026,安河内 健,2,5,0.104,0.07,0.19,20.0,C
4900,中 田 夕 貴,2,6,0.145,0.13,0.18,50.0,C
5195,北 村 寧 々,3,6,0.142,0.09,0.21,16.67,C
5018,竹 下 大 樹,5,8,0.131,0.05,0.21,12.5,C
5111,三 村 岳 人,6,4,0.163,0.11,0.26,25.0,参考
5075,中 島 秀 治,4,3,0.21,0.11,0.27,0.0,参考
5029,中 亮 太,5,17,0.124,0.01,0.33,17.65,B
5112,砂 長 知 輝,1,5,0.144,0.09,0.21,40.0,C
5028,原 田 才一郎,3,5,0.162,0.11,0.23,20.0,C
5195,北 村 寧 々,4,4,0.177,0.09,0.26,25.0,参考
5018,竹 下 大 樹,1,9,0.184,0.12,0.24,22.22,C
5155,内 山 七 海,3,11,0.212,0.11,0.38,9.09,B
5118,野 田 なづき,6,3,0.113,0.11,0.12,33.33,参考
5053,山 口 広 樹,4,4,0.193,0.13,0.23,0.0,参考
5028,原 田 才一郎,2,3,0.177,0.14,0.24,0.0,参考
5029,中 亮 太,3,16,0.121,0.04,0.29,50.0,B
4900,中 田 夕 貴,5,5,0.18,0.11,0.27,0.0,C
5193,米 丸 乃 絵,5,10,0.237,0.14,0.39,10.0,B
5112,砂 長 知 輝,2,3,0.213,0.16,0.26,0.0,参考
5155,内 山 七 海,5,5,0.17,0.03,0.35,20.0,C
5189,藤 原 早 菜,6,7,0.264,0.15,0.44,0.0,C
4961,西 橋 奈 未,3,4,0.133,0.09,0.19,0.0,参考
5131,江 藤 敦 宏,4,4,0.158,0.14,0.19,0.0,参考
5075,中 島 秀 治,1,4,0.185,0.15,0.26,50.0,参考
5026,安河内 健,3,6,0.132,0.05,0.19,33.33,C
5118,野 田 なづき,5,7,0.194,0.11,0.27,0.0,C
5195,北 村 寧 々,6,4,0.23,0.18,0.27,0.0,参考
5111,三 村 岳 人,4,5,0.076,0.07,0.09,80.0,C
4804,高 田 ひかる,2,3,0.16,0.13,0.22,0.0,参考
4985,井 本 昌 也,5,5,0.14,0.1,0.19,20.0,C
5111,三 村 岳 人,5,4,0.143,0.05,0.28,25.0,参考
5026,安河内 健,1,5,0.204,0.14,0.32,60.0,C
5081,篠 原 飛 翔,2,5,0.154,0.1,0.24,0.0,C
5120,山 本 稔太朗,4,3,0.173,0.16,0.19,33.33,参考
5053,山 口 広 樹,5,4,0.16,0.08,0.25,25.0,参考
5193,米 丸 乃 絵,4,8,0.158,0.03,0.24,25.0,C
5155,内 山 七 海,6,9,0.19,0.02,0.38,22.22,C
5018,竹 下 大 樹,2,3,0.187,0.09,0.24,0.0,参考
4525,真 子 奈津実,1,9,0.163,0.06,0.31,44.44,C
5081,篠 原 飛 翔,4,4,0.185,0.11,0.24,0.0,参考
5111,三 村 岳 人,1,4,0.217,0.13,0.34,0.0,参考
5029,中 亮 太,4,11,0.122,0.05,0.19,27.27,B
5120,山 本 稔太朗,5,4,0.165,0.13,0.2,25.0,参考
5075,中 島 秀 治,6,4,0.193,0.12,0.28,0.0,参考
5112,砂 長 知 輝,6,6,0.203,0.11,0.35,0.0,C
5026,安河内 健,6,3,0.143,0.11,0.21,33.33,参考
5029,中 亮 太,2,9,0.106,0.02,0.15,33.33,C
4804,高 田 ひかる,3,4,0.117,0.03,0.21,25.0,参考
4961,西 橋 奈 未,6,3,0.15,0.13,0.17,0.0,参考
5018,竹 下 大 樹,6,4,0.258,0.21,0.29,0.0,参考
5028,原 田 才一郎,6,3,0.183,0.16,0.21,0.0,参考
4900,中 田 夕 貴,3,6,0.182,0.07,0.29,0.0,C
4961,西 橋 奈 未,5,4,0.133,0.1,0.17,25.0,参考
5139,大 場 恒 季,2,3,0.153,0.08,0.23,0.0,参考
4919,吉 田 翔 悟,2,7,0.181,0.05,0.39,14.29,C
5274,城 間 盛 渚,6,23,0.217,0.01,0.45,8.7,A
3606,川 北 浩 貴,1,11,0.151,0.07,0.23,27.27,B
5154,村 松 栄 太,4,4,0.14,0.08,0.26,50.0,参考
4137,君 島 秀 三,1,12,0.12,0.02,0.19,25.0,B
5071,野見山 拓 己,2,7,0.16,0.11,0.22,28.57,C
3769,佐 竹 恒 彦,4,7,0.137,0.05,0.19,14.29,C
4143,浦 田 晃 嗣,5,5,0.096,0.06,0.12,60.0,C
5276,大 島 隆乃介,6,58,0.177,0.02,0.38,13.79,A
4950,高 岡 竜 也,1,6,0.133,0.05,0.21,50.0,C
4942,柴 田 朋 哉,2,8,0.185,0.11,0.39,37.5,C
3578,塩 田 雄 一,3,6,0.207,0.1,0.37,0.0,C
3297,藤 丸 光 一,4,5,0.166,0.09,0.27,0.0,C
4638,小 林 遼 太,5,7,0.229,0.17,0.39,0.0,C
3637,齋 藤 和 政,5,3,0.14,0.09,0.24,33.33,参考
4942,柴 田 朋 哉,5,8,0.1,0.01,0.2,12.5,C
3769,佐 竹 恒 彦,6,7,0.179,0.08,0.35,0.0,C
3892,草 場 康 幸,2,4,0.198,0.16,0.28,0.0,参考
4919,吉 田 翔 悟,4,12,0.163,0.04,0.33,25.0,B
4950,高 岡 竜 也,5,3,0.213,0.07,0.36,0.0,参考
4137,君 島 秀 三,2,5,0.162,0.13,0.21,0.0,C
3606,川 北 浩 貴,3,6,0.14,0.12,0.17,33.33,C
4259,真 庭 明 志,5,4,0.182,0.05,0.29,0.0,参考
3769,佐 竹 恒 彦,1,6,0.175,0.09,0.29,50.0,C
5071,野見山 拓 己,3,6,0.173,0.04,0.39,16.67,C
5154,村 松 栄 太,5,7,0.217,0.14,0.31,14.29,C
4638,小 林 遼 太,6,5,0.212,0.13,0.32,0.0,C
4137,君 島 秀 三,4,7,0.124,0.01,0.26,42.86,C
3578,塩 田 雄 一,6,6,0.095,0.03,0.18,66.67,C
4143,浦 田 晃 嗣,2,7,0.134,0.07,0.19,14.29,C
3637,齋 藤 和 政,3,3,0.143,0.11,0.17,33.33,参考
4950,高 岡 竜 也,4,4,0.125,0.07,0.17,50.0,参考
3892,草 場 康 幸,5,3,0.14,0.07,0.27,33.33,参考
3606,川 北 浩 貴,6,8,0.221,0.17,0.28,0.0,C
3578,塩 田 雄 一,2,7,0.219,0.13,0.48,0.0,C
4942,柴 田 朋 哉,3,8,0.175,0.08,0.31,12.5,C
5071,野見山 拓 己,4,9,0.137,0.01,0.34,22.22,C
5154,村 松 栄 太,3,8,0.149,0.04,0.31,0.0,C
4143,浦 田 晃 嗣,3,7,0.123,0.04,0.18,42.86,C
3637,齋 藤 和 政,2,5,0.208,0.14,0.32,0.0,C
3769,佐 竹 恒 彦,3,5,0.116,0.04,0.16,0.0,C
4638,小 林 遼 太,2,8,0.225,0.17,0.35,12.5,C
3158,島 川 光 男,3,11,0.163,0.1,0.24,9.09,B
3606,川 北 浩 貴,4,3,0.183,0.12,0.27,0.0,参考
4950,高 岡 竜 也,6,5,0.186,0.12,0.27,0.0,C
3892,草 場 康 幸,3,3,0.097,0.0,0.19,33.33,参考
4638,小 林 遼 太,4,4,0.19,0.11,0.25,0.0,参考
5154,村 松 栄 太,6,4,0.182,0.11,0.31,0.0,参考
3578,塩 田 雄 一,5,5,0.126,0.07,0.18,0.0,C
4022,待 鳥 雄 紀,4,6,0.097,0.03,0.13,50.0,C
4919,吉 田 翔 悟,5,11,0.122,0.01,0.23,18.18,B
5071,野見山 拓 己,5,7,0.123,0.01,0.21,28.57,C
3578,塩 田 雄 一,1,5,0.202,0.17,0.29,0.0,C
4950,高 岡 竜 也,3,4,0.207,0.11,0.32,25.0,参考
4137,君 島 秀 三,6,5,0.112,0.05,0.28,40.0,C
4143,浦 田 晃 嗣,4,6,0.153,0.08,0.24,16.67,C
4638,小 林 遼 太,1,3,0.19,0.16,0.24,33.33,参考
3606,川 北 浩 貴,2,3,0.17,0.13,0.21,0.0,参考
4942,柴 田 朋 哉,4,5,0.22,0.15,0.29,0.0,C
4137,君 島 秀 三,5,6,0.13,0.06,0.25,0.0,C
4294,古 賀 繁 輝,3,5,0.166,0.07,0.24,40.0,C
4919,吉 田 翔 悟,6,15,0.191,0.13,0.23,0.0,B
3578,塩 田 雄 一,4,11,0.165,0.09,0.24,9.09,B
4367,山 口 修 路,6,10,0.2,0.05,0.31,0.0,B
5154,村 松 栄 太,2,8,0.154,0.08,0.28,12.5,C
5071,野見山 拓 己,6,5,0.18,0.06,0.31,20.0,C
4638,小 林 遼 太,3,7,0.169,0.03,0.26,28.57,C
3892,草 場 康 幸,1,5,0.164,0.13,0.22,40.0,C
3637,齋 藤 和 政,6,3,0.22,0.21,0.23,0.0,参考
4919,吉 田 翔 悟,3,10,0.128,0.01,0.24,20.0,B
3892,草 場 康 幸,6,3,0.173,0.13,0.2,0.0,参考
4367,山 口 修 路,1,9,0.159,0.01,0.32,44.44,C
4137,君 島 秀 三,3,4,0.092,0.03,0.17,25.0,参考
4942,柴 田 朋 哉,6,9,0.213,0.11,0.38,22.22,C
4964,土 屋 南,1,8,0.129,0.03,0.18,62.5,C
5045,平 川 香 織,3,4,0.175,0.11,0.24,25.0,参考
4927,関 野 文,6,8,0.122,0.06,0.25,12.5,C
4422,永 井 亮 次,2,5,0.12,0.08,0.18,20.0,C
4981,牧 山 敦 也,4,7,0.139,0.04,0.24,0.0,C
5261,岡 暢 祐,6,17,0.216,0.01,0.34,11.76,B
4229,市 川 美 宏,3,3,0.133,0.09,0.2,33.33,参考
4150,山 田 雄 太,4,5,0.15,0.1,0.26,20.0,C
4052,興 津 藍,5,7,0.161,0.05,0.23,14.29,C
4472,尾 嶋 一 広,4,4,0.147,0.08,0.21,0.0,参考
5181,森 智 哉,5,3,0.183,0.08,0.24,0.0,参考
3553,平 池 仁 志,6,4,0.19,0.16,0.22,0.0,参考
5170,佐 藤 太 亮,3,3,0.1,0.01,0.16,66.67,参考
5090,生 方 靖 亜,5,7,0.186,0.1,0.27,0.0,C
4229,市 川 美 宏,6,3,0.153,0.11,0.19,0.0,参考
4857,加 藤 翔 馬,2,3,0.133,0.13,0.14,0.0,参考
3553,平 池 仁 志,3,5,0.148,0.11,0.19,20.0,C
4052,興 津 藍,4,12,0.179,0.05,0.41,25.0,B
4422,永 井 亮 次,5,5,0.24,0.17,0.28,0.0,C
4981,牧 山 敦 也,2,9,0.156,0.11,0.24,0.0,C
5170,佐 藤 太 亮,5,4,0.145,0.08,0.19,25.0,参考
4964,土 屋 南,3,6,0.108,0.07,0.18,16.67,C
4150,山 田 雄 太,6,6,0.148,0.07,0.21,50.0,C
4472,尾 嶋 一 広,5,3,0.133,0.09,0.19,0.0,参考
4857,加 藤 翔 馬,6,4,0.223,0.15,0.33,0.0,参考
4052,興 津 藍,2,12,0.187,0.12,0.26,8.33,B
4927,関 野 文,3,5,0.146,0.09,0.21,20.0,C
5090,生 方 靖 亜,4,3,0.137,0.08,0.21,0.0,参考
4857,加 藤 翔 馬,1,6,0.142,0.07,0.3,50.0,C
4964,土 屋 南,4,4,0.165,0.09,0.21,25.0,参考
4738,清 埜 翔 子,1,4,0.133,0.12,0.16,25.0,参考
4061,萩 原 秀 人,2,4,0.1,0.08,0.14,25.0,参考
4927,関 野 文,4,8,0.195,0.08,0.33,0.0,C
3553,平 池 仁 志,2,8,0.152,0.04,0.25,25.0,C
4229,市 川 美 宏,4,4,0.158,0.06,0.29,0.0,参考
4150,山 田 雄 太,1,9,0.153,0.04,0.27,11.11,C
5090,生 方 靖 亜,2,6,0.163,0.08,0.19,16.67,C
4981,牧 山 敦 也,3,11,0.117,0.02,0.19,27.27,B
4964,土 屋 南,6,4,0.165,0.05,0.23,0.0,参考
4857,加 藤 翔 馬,3,5,0.212,0.11,0.31,20.0,C
4743,木 村 仁 紀,1,6,0.122,0.08,0.19,50.0,C
4422,永 井 亮 次,3,3,0.217,0.16,0.25,0.0,参考
4472,尾 嶋 一 広,1,6,0.118,0.06,0.18,50.0,C
4061,萩 原 秀 人,5,3,0.087,0.02,0.13,66.67,参考
3553,平 池 仁 志,5,6,0.137,0.08,0.21,33.33,C
4229,市 川 美 宏,2,4,0.172,0.07,0.25,0.0,参考
3553,平 池 仁 志,1,3,0.19,0.14,0.26,0.0,参考
4150,山 田 雄 太,2,4,0.115,0.06,0.16,50.0,参考
4857,加 藤 翔 馬,5,6,0.213,0.11,0.41,0.0,C
4508,野 間 大 樹,1,3,0.14,0.11,0.19,0.0,参考
4422,永 井 亮 次,4,3,0.187,0.14,0.23,33.33,参考
4738,清 埜 翔 子,3,3,0.11,0.06,0.16,33.33,参考
3538,菊 池 峰 晴,2,3,0.12,0.06,0.19,33.33,参考
4150,山 田 雄 太,3,6,0.172,0.09,0.24,33.33,C
4100,松 田 隆 司,3,6,0.16,0.09,0.21,0.0,C
4857,加 藤 翔 馬,4,5,0.216,0.13,0.31,20.0,C
4052,興 津 藍,6,11,0.158,0.05,0.26,18.18,B
4927,関 野 文,5,6,0.182,0.02,0.34,33.33,C
4981,牧 山 敦 也,5,11,0.166,0.01,0.35,9.09,B
4927,関 野 文,1,10,0.163,0.07,0.29,60.0,B
4229,市 川 美 宏,5,3,0.24,0.21,0.3,0.0,参考
4052,興 津 藍,1,9,0.178,0.07,0.28,44.44,C
4981,牧 山 敦 也,1,7,0.156,0.06,0.22,42.86,C
4964,土 屋 南,5,5,0.112,0.01,0.16,40.0,C
4052,興 津 藍,3,8,0.19,0.11,0.28,12.5,C
3553,平 池 仁 志,4,6,0.12,0.02,0.17,16.67,C
4927,関 野 文,2,3,0.19,0.17,0.21,66.67,参考
4832,権 藤 俊 光,5,4,0.068,0.02,0.18,50.0,参考
4342,谷 野 錬 志,1,6,0.09,0.01,0.17,83.33,C
4610,佐 藤 大 佑,3,3,0.097,0.03,0.2,66.67,参考
4030,森 高 一 真,4,11,0.139,0.07,0.21,18.18,B
4851,関 浩 哉,5,5,0.114,0.06,0.16,0.0,C
3783,瓜 生 正 義,6,7,0.12,0.08,0.17,14.29,C
4703,森 永 隆,2,4,0.095,0.02,0.14,50.0,参考
4388,是 澤 孝 宏,6,6,0.138,0.09,0.26,16.67,C
4028,田 村 隆 信,1,4,0.113,0.08,0.13,50.0,参考
4571,菅 章 哉,1,3,0.113,0.1,0.13,0.0,参考
4095,福 来 剛,2,4,0.1,0.01,0.17,25.0,参考
4290,稲 田 浩 二,2,3,0.073,0.05,0.11,0.0,参考
4732,堀 本 和 也,4,8,0.091,0.04,0.14,50.0,C
4832,権 藤 俊 光,6,5,0.136,0.07,0.22,40.0,C
4030,森 高 一 真,5,5,0.15,0.05,0.24,20.0,C
3849,中 岡 正 彦,3,5,0.092,0.05,0.14,0.0,C
4342,谷 野 錬 志,2,4,0.12,0.11,0.13,75.0,参考
4851,関 浩 哉,6,5,0.162,0.09,0.28,0.0,C
3415,松 井 繁,2,6,0.188,0.06,0.25,0.0,C
4586,磯 部 誠,3,5,0.206,0.07,0.29,40.0,C
4586,磯 部 誠,4,4,0.133,0.11,0.18,0.0,参考
4388,是 澤 孝 宏,1,5,0.176,0.06,0.26,20.0,C
3837,秋 山 広 一,5,4,0.143,0.11,0.21,25.0,参考
4703,森 永 隆,6,3,0.163,0.11,0.24,66.67,参考
4409,坂 元 浩 仁,3,5,0.14,0.05,0.21,20.0,C
4851,関 浩 哉,2,5,0.164,0.12,0.2,0.0,C
3415,松 井 繁,3,7,0.131,0.09,0.21,14.29,C
3679,飯 島 昌 弘,6,6,0.177,0.08,0.31,16.67,C
4610,佐 藤 大 佑,1,4,0.193,0.11,0.3,0.0,参考
4073,大 橋 純一郎,2,3,0.153,0.12,0.17,33.33,参考
3849,中 岡 正 彦,4,6,0.07,0.0,0.16,16.67,C
4320,峰 竜 太,5,3,0.097,0.02,0.14,0.0,参考
3983,須 藤 博 倫,1,3,0.26,0.18,0.41,0.0,参考
4342,谷 野 錬 志,6,5,0.178,0.04,0.44,40.0,C
4028,田 村 隆 信,4,5,0.16,0.11,0.23,20.0,C
3942,寺 田 祥,6,3,0.103,0.03,0.15,0.0,参考
4571,菅 章 哉,6,7,0.143,0.04,0.23,14.29,C
4030,森 高 一 真,1,11,0.167,0.08,0.25,0.0,B
4388,是 澤 孝 宏,3,4,0.145,0.11,0.17,75.0,参考
3849,中 岡 正 彦,2,8,0.085,0.05,0.13,50.0,C
4290,稲 田 浩 二,3,4,0.133,0.07,0.17,25.0,参考
4851,関 浩 哉,4,4,0.19,0.11,0.35,0.0,参考
4703,森 永 隆,5,3,0.15,0.09,0.19,33.33,参考
4468,大 池 佑 来,6,3,0.19,0.07,0.34,0.0,参考
4586,磯 部 誠,1,5,0.092,0.05,0.17,40.0,C
3837,秋 山 広 一,2,3,0.073,0.07,0.08,33.33,参考
3983,須 藤 博 倫,5,3,0.117,0.08,0.15,0.0,参考
4262,馬 場 貴 也,2,4,0.098,0.08,0.11,75.0,参考
4030,森 高 一 真,3,12,0.129,0.07,0.2,33.33,B
4342,谷 野 錬 志,3,4,0.11,0.05,0.16,25.0,参考
3942,寺 田 祥,4,5,0.098,0.01,0.16,60.0,C
3849,中 岡 正 彦,1,10,0.116,0.05,0.28,50.0,B
4388,是 澤 孝 宏,4,5,0.112,0.04,0.22,40.0,C
4025,山 本 隆 幸,6,5,0.176,0.12,0.32,20.0,C
3415,松 井 繁,1,9,0.148,0.04,0.29,11.11,C
4290,稲 田 浩 二,1,8,0.131,0.09,0.19,50.0,C
4851,関 浩 哉,1,4,0.1,0.04,0.13,25.0,参考
4610,佐 藤 大 佑,4,3,0.13,0.04,0.24,33.33,参考
4030,森 高 一 真,6,4,0.177,0.12,0.24,0.0,参考
4539,金 子 賢 志,2,3,0.137,0.03,0.3,33.33,参考
4703,森 永 隆,4,6,0.192,0.14,0.31,16.67,C
4703,森 永 隆,1,7,0.131,0.09,0.19,14.29,C
3849,中 岡 正 彦,5,3,0.143,0.08,0.18,0.0,参考
4608,荒 井 翔 伍,1,5,0.118,0.05,0.19,40.0,C
4586,磯 部 誠,2,6,0.103,0.04,0.17,33.33,C
4851,関 浩 哉,3,5,0.088,0.02,0.12,20.0,C
4571,菅 章 哉,5,3,0.127,0.11,0.14,33.33,参考
3983,須 藤 博 倫,4,3,0.073,0.03,0.12,33.33,参考
4320,峰 竜 太,6,3,0.067,0.01,0.12,66.67,参考
4732,堀 本 和 也,1,8,0.125,0.07,0.16,25.0,C
4342,谷 野 錬 志,4,4,0.087,0.06,0.11,75.0,参考
4703,森 永 隆,3,5,0.106,0.05,0.17,40.0,C
4608,荒 井 翔 伍,4,3,0.153,0.08,0.21,33.33,参考
4409,坂 元 浩 仁,6,7,0.156,0.07,0.33,28.57,C
3415,松 井 繁,4,7,0.183,0.09,0.33,14.29,C
4586,磯 部 誠,6,4,0.098,0.04,0.17,0.0,参考
4610,佐 藤 大 佑,6,4,0.145,0.01,0.24,25.0,参考
4030,森 高 一 真,2,6,0.137,0.09,0.2,0.0,C
4608,荒 井 翔 伍,3,6,0.133,0.07,0.18,50.0,C
4290,稲 田 浩 二,4,4,0.145,0.04,0.25,25.0,参考
4608,荒 井 翔 伍,6,6,0.165,0.11,0.27,16.67,C
4586,磯 部 誠,5,3,0.117,0.04,0.17,0.0,参考
4748,渡 邉 雄 朗,1,10,0.151,0.07,0.23,20.0,B
4028,田 村 隆 信,6,3,0.153,0.13,0.17,0.0,参考
4610,佐 藤 大 佑,2,3,0.143,0.11,0.18,0.0,参考
3618,海 野 ゆかり,1,17,0.142,0.01,0.27,23.53,B
5198,奥 村 明日香,5,5,0.214,0.1,0.28,0.0,C
5264,登 みひ果,6,9,0.258,0.01,0.47,11.11,C
4406,幸 野 史 明,2,12,0.158,0.08,0.22,16.67,B
3961,谷 村 一 哉,3,5,0.114,0.07,0.18,40.0,C
4179,広 次 修,4,8,0.149,0.06,0.34,25.0,C
4946,船 越 健 吾,6,6,0.168,0.0,0.27,33.33,C
4515,藤 田 浩 人,5,10,0.195,0.13,0.29,10.0,B
3977,山 本 兼 士,2,7,0.13,0.04,0.26,0.0,C
4295,小 坂 尚 哉,3,6,0.182,0.14,0.22,33.33,C
4661,中 島 昂 章,4,6,0.168,0.06,0.29,16.67,C
2903,山 崎 毅,1,3,0.137,0.09,0.21,0.0,参考
4817,渡 邉 翼,4,10,0.133,0.05,0.19,40.0,B
4179,広 次 修,5,6,0.155,0.06,0.28,0.0,C
3401,上 田 隆 章,5,4,0.165,0.01,0.26,25.0,参考
4946,船 越 健 吾,4,7,0.137,0.02,0.23,57.14,C
3906,飯 山 晃 三,6,3,0.163,0.11,0.21,33.33,参考
4661,中 島 昂 章,1,5,0.112,0.04,0.18,20.0,C
4302,西 野 翔 太,5,11,0.172,0.1,0.24,18.18,B
4725,佐 竹 太 一,2,4,0.22,0.18,0.26,0.0,参考
4515,藤 田 浩 人,4,8,0.174,0.08,0.33,25.0,C
4966,田 川 大 貴,6,3,0.113,0.05,0.15,66.67,参考
3618,海 野 ゆかり,3,13,0.158,0.09,0.21,53.85,B
3961,谷 村 一 哉,4,5,0.146,0.07,0.21,60.0,C
4295,小 坂 尚 哉,5,9,0.092,0.01,0.27,44.44,C
4406,幸 野 史 明,4,11,0.155,0.08,0.31,27.27,B
4966,田 川 大 貴,1,4,0.188,0.12,0.29,0.0,参考
3804,中 渡 修 作,3,17,0.139,0.03,0.27,23.53,B
3618,海 野 ゆかり,4,13,0.145,0.02,0.26,23.08,B
3224,栗 山 繁 洋,6,3,0.14,0.07,0.18,0.0,参考
3401,上 田 隆 章,4,4,0.19,0.09,0.26,0.0,参考
2903,山 崎 毅,2,9,0.14,0.08,0.27,33.33,C
4946,船 越 健 吾,3,9,0.24,0.01,0.43,11.11,C
4295,小 坂 尚 哉,1,12,0.141,0.09,0.2,33.33,B
3977,山 本 兼 士,4,6,0.198,0.11,0.43,0.0,C
4179,広 次 修,1,9,0.148,0.08,0.29,33.33,C
4302,西 野 翔 太,3,12,0.165,0.09,0.26,25.0,B
4817,渡 邉 翼,2,9,0.158,0.07,0.22,11.11,C
4725,佐 竹 太 一,5,4,0.155,0.13,0.18,0.0,参考
4034,西 原 明 生,1,4,0.133,0.06,0.18,0.0,参考
2903,山 崎 毅,4,7,0.167,0.13,0.22,0.0,C
4406,幸 野 史 明,5,14,0.139,0.07,0.22,35.71,B
5198,奥 村 明日香,3,6,0.197,0.13,0.25,16.67,C
4295,小 坂 尚 哉,4,4,0.2,0.08,0.41,0.0,参考
3454,井 川 大 作,5,4,0.175,0.07,0.27,0.0,参考
3977,山 本 兼 士,5,8,0.163,0.08,0.23,37.5,C
3618,海 野 ゆかり,6,10,0.182,0.06,0.34,10.0,B
4817,渡 邉 翼,3,14,0.131,0.04,0.25,14.29,B
3961,谷 村 一 哉,1,9,0.134,0.05,0.31,22.22,C
3401,上 田 隆 章,2,3,0.17,0.06,0.3,0.0,参考
4179,広 次 修,6,4,0.118,0.04,0.23,50.0,参考
4277,金 田 大 輔,4,3,0.233,0.12,0.41,0.0,参考
4966,田 川 大 貴,5,5,0.136,0.01,0.27,20.0,C
4661,中 島 昂 章,2,3,0.167,0.05,0.31,0.0,参考
3961,谷 村 一 哉,6,5,0.172,0.14,0.21,20.0,C
4946,船 越 健 吾,2,6,0.203,0.08,0.38,16.67,C
4295,小 坂 尚 哉,6,3,0.1,0.06,0.15,33.33,参考
4179,広 次 修,2,10,0.123,0.08,0.25,40.0,B
5198,奥 村 明日香,4,6,0.215,0.15,0.27,0.0,C
4725,佐 竹 太 一,6,3,0.2,0.18,0.24,0.0,参考
4919,吉 田 翔 悟,1,7,0.119,0.05,0.16,28.57,C
4295,小 坂 尚 哉,2,3,0.127,0.08,0.19,0.0,参考
3977,山 本 兼 士,3,7,0.111,0.06,0.14,28.57,C
5198,奥 村 明日香,6,5,0.216,0.17,0.24,0.0,C
2903,山 崎 毅,3,7,0.173,0.09,0.35,14.29,C
4817,渡 邉 翼,1,12,0.158,0.09,0.28,25.0,B
3435,寺 田 千 恵,6,6,0.172,0.08,0.26,33.33,C
3961,谷 村 一 哉,2,4,0.158,0.07,0.28,25.0,参考
4661,中 島 昂 章,5,5,0.234,0.12,0.34,0.0,C
4179,広 次 修,3,8,0.11,0.07,0.17,12.5,C
4661,中 島 昂 章,3,4,0.163,0.06,0.25,0.0,参考
3977,山 本 兼 士,1,4,0.195,0.09,0.28,0.0,参考
3977,山 本 兼 士,6,5,0.224,0.12,0.37,0.0,C
4406,幸 野 史 明,1,6,0.105,0.08,0.14,16.67,C
3617,竹 田 広 樹,4,4,0.18,0.13,0.25,0.0,参考
4425,大 井 清 貴,4,3,0.227,0.13,0.36,0.0,参考
4004,山 本 浩 輔,5,9,0.158,0.08,0.26,0.0,C
4407,鹿 島 敏 弘,1,5,0.126,0.04,0.19,40.0,C
4815,伏 島 祐 介,2,4,0.19,0.11,0.25,0.0,参考
5102,原 田 雄 次,5,14,0.211,0.11,0.33,7.14,B
3897,白 井 英 治,3,4,0.11,0.06,0.16,0.0,参考
4957,竹之内 極,5,8,0.144,0.04,0.22,0.0,C
4788,小 池 哲 也,6,4,0.138,0.04,0.22,0.0,参考
3347,矢 後 剛,1,4,0.177,0.07,0.29,0.0,参考
4004,山 本 浩 輔,2,7,0.167,0.08,0.28,0.0,C
4615,板 倉 敦 史,3,6,0.158,0.05,0.31,16.67,C
4815,伏 島 祐 介,5,3,0.223,0.07,0.32,0.0,参考
5240,高 橋 龍 治,6,32,0.228,0.01,0.49,6.25,A
4826,井 上 一 輝,3,7,0.12,0.02,0.17,28.57,C
4485,楠 原 正 剛,4,10,0.165,0.08,0.35,30.0,B
4788,小 池 哲 也,2,5,0.13,0.08,0.16,0.0,C
3897,白 井 英 治,1,5,0.14,0.08,0.19,20.0,C
4957,竹之内 極,2,4,0.185,0.15,0.24,25.0,参考
3897,白 井 英 治,4,3,0.083,0.0,0.13,66.67,参考
5102,原 田 雄 次,2,11,0.204,0.11,0.32,0.0,B
5258,仲 本 舜,5,10,0.186,0.08,0.31,10.0,B
3347,矢 後 剛,6,6,0.163,0.09,0.23,16.67,C
4004,山 本 浩 輔,3,7,0.154,0.05,0.21,14.29,C
5263,花 田 凱 成,5,9,0.128,0.01,0.24,22.22,C
4615,板 倉 敦 史,2,5,0.166,0.11,0.25,0.0,C
4407,鹿 島 敏 弘,4,5,0.188,0.13,0.29,0.0,C
4815,伏 島 祐 介,3,4,0.17,0.14,0.22,0.0,参考
4474,渡 辺 崇,1,6,0.122,0.06,0.18,33.33,C
5102,原 田 雄 次,4,13,0.192,0.13,0.37,7.69,B
3897,白 井 英 治,2,4,0.113,0.06,0.19,0.0,参考
4199,北 川 潤 二,4,6,0.135,0.08,0.21,33.33,C
4407,鹿 島 敏 弘,5,4,0.207,0.15,0.29,0.0,参考
4788,小 池 哲 也,3,6,0.147,0.05,0.25,16.67,C
4615,板 倉 敦 史,5,8,0.18,0.07,0.27,0.0,C
4957,竹之内 極,3,5,0.172,0.07,0.29,20.0,C
4578,藤 山 雅 弘,5,4,0.158,0.11,0.2,25.0,参考
4407,鹿 島 敏 弘,3,3,0.16,0.15,0.18,33.33,参考
4957,竹之内 極,1,4,0.188,0.1,0.26,50.0,参考
4788,小 池 哲 也,1,8,0.143,0.03,0.21,12.5,C
3347,矢 後 剛,3,4,0.16,0.04,0.23,0.0,参考
4615,板 倉 敦 史,6,3,0.243,0.19,0.29,33.33,参考
3297,藤 丸 光 一,5,4,0.158,0.11,0.26,0.0,参考
4788,小 池 哲 也,4,5,0.132,0.06,0.18,60.0,C
3227,長 岡 茂 一,6,3,0.153,0.14,0.17,0.0,参考
4004,山 本 浩 輔,1,3,0.18,0.06,0.29,33.33,参考
3347,矢 後 剛,5,6,0.203,0.1,0.43,16.67,C
5102,原 田 雄 次,3,15,0.175,0.08,0.31,13.33,B
4815,伏 島 祐 介,4,4,0.133,0.09,0.17,50.0,参考
4957,竹之内 極,6,4,0.182,0.12,0.23,0.0,参考
3347,矢 後 剛,2,3,0.143,0.09,0.22,0.0,参考
5124,上 瀧 絢 也,5,6,0.137,0.04,0.22,16.67,C
3502,渡 邉 英 児,2,4,0.18,0.09,0.24,0.0,参考
4004,山 本 浩 輔,4,6,0.108,0.03,0.29,66.67,C
5124,上 瀧 絢 也,4,3,0.157,0.12,0.18,33.33,参考
5102,原 田 雄 次,1,7,0.139,0.03,0.22,14.29,C
4615,板 倉 敦 史,1,3,0.18,0.17,0.19,66.67,参考
3562,山 下 和 彦,1,7,0.184,0.13,0.23,14.29,C
4652,酒 見 峻 介,1,8,0.168,0.11,0.19,37.5,C
4220,深 川 和 仁,3,6,0.232,0.14,0.45,16.67,C
4064,原 田 篤 志,4,4,0.23,0.07,0.41,0.0,参考
5271,杉 山 太 陽,6,20,0.23,0.01,0.47,20.0,A
4226,村 田 浩 司,5,7,0.166,0.07,0.35,14.29,C
4608,荒 井 翔 伍,2,4,0.105,0.07,0.14,25.0,参考
5142,常 住 蓮,4,4,0.152,0.09,0.21,0.0,参考
3725,向 達 哉,2,3,0.123,0.11,0.15,0.0,参考
4575,戸 塚 邦 好,4,3,0.103,0.04,0.18,66.67,参考
4624,高 田 明,5,6,0.178,0.09,0.29,16.67,C
4297,山 田 哲 也,5,5,0.05,0.02,0.09,80.0,C
3792,田 中 豪,3,4,0.165,0.09,0.24,0.0,参考
4068,幸 田 智 裕,4,5,0.158,0.07,0.25,40.0,C
4007,榮 田 将 彦,2,10,0.166,0.02,0.29,40.0,B
3811,石 田 章 央,1,9,0.164,0.01,0.26,11.11,C
4260,中 越 博 紀,4,7,0.24,0.04,0.41,0.0,C
4575,戸 塚 邦 好,1,5,0.124,0.06,0.23,60.0,C
5035,櫻 井 優,2,4,0.143,0.11,0.18,0.0,参考
3562,山 下 和 彦,4,3,0.173,0.16,0.19,0.0,参考
3792,田 中 豪,1,6,0.14,0.07,0.21,0.0,C
4068,幸 田 智 裕,2,6,0.132,0.1,0.2,16.67,C
4007,榮 田 将 彦,4,6,0.125,0.06,0.17,50.0,C
4064,原 田 篤 志,1,8,0.121,0.05,0.21,37.5,C
5035,櫻 井 優,5,3,0.21,0.13,0.27,0.0,参考
3725,向 達 哉,4,3,0.21,0.21,0.21,0.0,参考
3811,石 田 章 央,4,6,0.132,0.04,0.21,16.67,C
5124,上 瀧 絢 也,2,4,0.16,0.09,0.29,0.0,参考
3562,山 下 和 彦,5,6,0.125,0.08,0.17,16.67,C
4068,幸 田 智 裕,3,4,0.163,0.03,0.28,0.0,参考
4007,榮 田 将 彦,1,5,0.198,0.18,0.21,0.0,C
4624,高 田 明,1,8,0.179,0.11,0.32,37.5,C
4637,中 田 友 也,2,4,0.143,0.09,0.17,0.0,参考
4226,村 田 浩 司,4,7,0.127,0.07,0.19,42.86,C
4064,原 田 篤 志,3,7,0.163,0.05,0.27,14.29,C
3562,山 下 和 彦,3,5,0.186,0.07,0.26,0.0,C
4637,中 田 友 也,1,3,0.22,0.07,0.32,33.33,参考
4064,原 田 篤 志,2,4,0.098,0.05,0.18,25.0,参考
5035,櫻 井 優,3,4,0.188,0.09,0.24,0.0,参考
3792,田 中 豪,5,3,0.147,0.11,0.17,0.0,参考
4575,戸 塚 邦 好,2,3,0.093,0.05,0.13,0.0,参考
3811,石 田 章 央,6,5,0.112,0.09,0.13,20.0,C
5035,櫻 井 優,4,3,0.167,0.16,0.17,33.33,参考
4068,幸 田 智 裕,5,6,0.142,0.05,0.19,16.67,C
4007,榮 田 将 彦,5,10,0.127,0.04,0.25,50.0,B
4068,幸 田 智 裕,1,3,0.18,0.11,0.22,33.33,参考
3811,石 田 章 央,2,4,0.145,0.09,0.19,25.0,参考
4226,村 田 浩 司,2,5,0.23,0.09,0.33,0.0,C
5142,常 住 蓮,3,6,0.185,0.14,0.3,0.0,C
4637,中 田 友 也,4,5,0.156,0.08,0.21,0.0,C
4575,戸 塚 邦 好,6,3,0.117,0.08,0.16,33.33,参考
4608,荒 井 翔 伍,5,4,0.073,0.03,0.12,50.0,参考
3562,山 下 和 彦,2,3,0.163,0.1,0.2,0.0,参考
4226,村 田 浩 司,3,6,0.128,0.05,0.22,0.0,C
4553,坪 口 竜 也,4,3,0.157,0.12,0.2,0.0,参考
3995,重 野 哲 之,5,3,0.097,0.07,0.11,33.33,参考
3792,田 中 豪,4,4,0.125,0.07,0.19,0.0,参考
4064,原 田 篤 志,5,6,0.145,0.09,0.22,16.67,C
4007,榮 田 将 彦,6,7,0.14,0.04,0.29,28.57,C
5142,常 住 蓮,2,5,0.206,0.17,0.24,0.0,C
3792,田 中 豪,6,6,0.187,0.12,0.32,0.0,C
4094,中 島 真 二,1,10,0.157,0.06,0.21,0.0,B
4624,高 田 明,3,5,0.152,0.12,0.18,0.0,C
5142,常 住 蓮,1,9,0.153,0.08,0.26,22.22,C
4007,榮 田 将 彦,3,7,0.094,0.01,0.16,42.86,C
4575,戸 塚 邦 好,5,4,0.11,0.07,0.19,25.0,参考
3792,田 中 豪,2,3,0.177,0.15,0.19,33.33,参考
4652,酒 見 峻 介,5,4,0.165,0.1,0.23,50.0,参考
3811,石 田 章 央,5,3,0.16,0.14,0.2,0.0,参考
4637,中 田 友 也,5,3,0.163,0.08,0.23,33.33,参考
4226,村 田 浩 司,1,3,0.207,0.15,0.28,0.0,参考
3811,石 田 章 央,3,4,0.107,0.01,0.15,25.0,参考
4624,高 田 明,4,10,0.171,0.03,0.29,10.0,B
3809,吉 田 光,6,5,0.164,0.05,0.26,20.0,C
4981,牧 山 敦 也,6,5,0.19,0.11,0.27,20.0,C
5142,常 住 蓮,5,6,0.137,0.06,0.21,16.67,C
3580,水 口 由 紀,4,4,0.15,0.06,0.19,0.0,参考
4045,佐々木 裕 美,5,5,0.148,0.08,0.25,20.0,C
5164,森 田 梨 湖,6,5,0.162,0.08,0.21,0.0,C
4796,春 園 功 太,1,5,0.166,0.07,0.33,20.0,C
4856,豊 田 健士郎,1,7,0.151,0.08,0.23,0.0,C
3627,井 上 恵 一,5,5,0.182,0.08,0.31,0.0,C
4772,石 丸 海 渡,1,12,0.09,0.01,0.16,66.67,B
5164,森 田 梨 湖,4,6,0.262,0.19,0.35,0.0,C
4881,檀 将 太,4,7,0.136,0.02,0.26,14.29,C
4156,浜 野 孝 志,5,3,0.153,0.14,0.17,33.33,参考
4207,松 下 一 也,6,9,0.131,0.08,0.21,33.33,C
4796,春 園 功 太,2,3,0.08,0.04,0.11,33.33,参考
4856,豊 田 健士郎,4,7,0.094,0.0,0.14,28.57,C
5158,宮 脇 遼 太,5,5,0.092,0.01,0.16,40.0,C
4109,谷 津 幸 宏,2,6,0.108,0.03,0.17,33.33,C
4209,藤 田 竜 弘,5,3,0.147,0.08,0.25,0.0,参考
4253,西 川 真 人,5,5,0.16,0.07,0.31,0.0,C
4579,中 嶋 健一郎,6,4,0.165,0.11,0.29,0.0,参考
4772,石 丸 海 渡,5,3,0.127,0.07,0.2,0.0,参考
5193,米 丸 乃 絵,2,5,0.174,0.11,0.26,20.0,C
4579,中 嶋 健一郎,1,7,0.143,0.03,0.24,42.86,C
4253,西 川 真 人,2,6,0.193,0.14,0.22,0.0,C
3627,井 上 恵 一,3,8,0.15,0.08,0.23,12.5,C
5067,山 田 真 聖,6,4,0.198,0.08,0.28,25.0,参考
3580,水 口 由 紀,2,5,0.132,0.1,0.2,20.0,C
4156,浜 野 孝 志,3,5,0.168,0.11,0.25,20.0,C
4188,久 田 敏 之,1,3,0.113,0.06,0.17,33.33,参考
4856,豊 田 健士郎,3,8,0.149,0.07,0.19,0.0,C
4209,藤 田 竜 弘,2,6,0.18,0.12,0.23,0.0,C
4253,西 川 真 人,3,6,0.16,0.09,0.22,16.67,C
4796,春 園 功 太,6,6,0.135,0.08,0.17,33.33,C
3627,井 上 恵 一,1,4,0.15,0.14,0.16,0.0,参考
5158,宮 脇 遼 太,2,4,0.142,0.04,0.21,50.0,参考
4005,瀬 川 公 則,3,4,0.143,0.12,0.16,50.0,参考
4824,松 井 洪 弥,1,4,0.18,0.09,0.28,25.0,参考
5164,森 田 梨 湖,2,5,0.282,0.17,0.44,0.0,C
4579,中 嶋 健一郎,4,5,0.19,0.14,0.26,0.0,C
4881,檀 将 太,2,7,0.197,0.12,0.28,0.0,C
4856,豊 田 健士郎,6,7,0.131,0.08,0.23,0.0,C
4005,瀬 川 公 則,2,4,0.152,0.06,0.21,0.0,参考
4156,浜 野 孝 志,2,4,0.155,0.14,0.18,0.0,参考
4209,藤 田 竜 弘,3,8,0.136,0.07,0.18,12.5,C
5164,森 田 梨 湖,5,10,0.213,0.13,0.31,0.0,B
4209,藤 田 竜 弘,1,6,0.147,0.08,0.23,16.67,C
4156,浜 野 孝 志,1,4,0.19,0.15,0.31,0.0,参考
4579,中 嶋 健一郎,5,4,0.175,0.14,0.23,0.0,参考
4253,西 川 真 人,1,3,0.133,0.09,0.16,33.33,参考
4796,春 園 功 太,4,4,0.13,0.08,0.18,50.0,参考
3627,井 上 恵 一,2,9,0.153,0.06,0.28,0.0,C
5158,宮 脇 遼 太,4,3,0.133,0.07,0.17,66.67,参考
4253,西 川 真 人,6,3,0.17,0.11,0.23,33.33,参考
5067,山 田 真 聖,2,3,0.217,0.12,0.4,33.33,参考
4881,檀 将 太,3,5,0.164,0.1,0.24,40.0,C
4209,藤 田 竜 弘,6,6,0.165,0.12,0.21,16.67,C
4045,佐々木 裕 美,1,5,0.156,0.1,0.31,20.0,C
3731,高 濱 芳 久,5,9,0.173,0.04,0.25,0.0,C
4156,浜 野 孝 志,6,5,0.202,0.11,0.31,0.0,C
4209,藤 田 竜 弘,4,4,0.12,0.03,0.17,25.0,参考
5073,上 原 健次郎,2,14,0.145,0.08,0.25,7.14,B
4669,井 上 茂,3,9,0.167,0.09,0.27,0.0,C
4861,田 中 宏 樹,2,6,0.177,0.15,0.21,0.0,C
5160,藤 森 陸 斗,3,10,0.123,0.01,0.23,30.0,B
5073,上 原 健次郎,3,11,0.187,0.1,0.33,9.09,B
4861,田 中 宏 樹,3,10,0.155,0.04,0.28,20.0,B
5160,藤 森 陸 斗,2,9,0.123,0.02,0.18,11.11,C
4296,岡 崎 恭 裕,3,18,0.15,0.08,0.23,16.67,B
5031,渡 辺 空 依,3,4,0.198,0.16,0.25,0.0,参考
4669,井 上 茂,2,6,0.113,0.08,0.17,16.67,C
5031,渡 辺 空 依,5,3,0.137,0.11,0.18,0.0,参考
5073,上 原 健次郎,4,11,0.189,0.09,0.29,9.09,B
4669,井 上 茂,5,8,0.217,0.13,0.43,0.0,C
5160,藤 森 陸 斗,4,7,0.081,0.02,0.15,57.14,C
4861,田 中 宏 樹,1,4,0.203,0.14,0.24,0.0,参考
4451,松 崎 祐太郎,4,18,0.177,0.08,0.28,11.11,B
5073,上 原 健次郎,5,15,0.169,0.08,0.35,6.67,B
4669,井 上 茂,4,5,0.25,0.05,0.41,20.0,C
5160,藤 森 陸 斗,5,7,0.14,0.05,0.23,28.57,C
3741,松 尾 基 成,6,6,0.203,0.18,0.24,0.0,C
4296,岡 崎 恭 裕,2,8,0.15,0.07,0.26,12.5,C
4942,柴 田 朋 哉,1,3,0.17,0.05,0.28,0.0,参考
4861,田 中 宏 樹,4,6,0.138,0.07,0.23,0.0,C
5102,原 田 雄 次,6,8,0.226,0.11,0.34,0.0,C
5240,高 橋 龍 治,5,5,0.194,0.12,0.27,0.0,C
4669,井 上 茂,6,4,0.238,0.13,0.33,0.0,参考
5160,藤 森 陸 斗,6,9,0.162,0.04,0.29,11.11,C
5073,上 原 健次郎,1,7,0.149,0.05,0.23,14.29,C
5160,藤 森 陸 斗,1,5,0.12,0.08,0.14,60.0,C
4834,浜 本 裕 己,3,5,0.178,0.12,0.23,20.0,C
5128,坪 井 爽 佑,6,5,0.218,0.09,0.31,0.0,C
5066,鈴 木 孝 明,3,6,0.142,0.01,0.28,66.67,C
4019,笠 原 亮,2,3,0.233,0.14,0.37,0.0,参考
4111,奥 田 誠,4,3,0.203,0.14,0.31,0.0,参考
4039,村 上 功 祐,3,4,0.083,0.07,0.09,50.0,参考
5208,屋 良 龍 紀,6,15,0.179,0.05,0.3,20.0,B
4452,松 尾 祭,1,6,0.142,0.09,0.22,33.33,C
4936,戸 敷 晃 美,6,9,0.196,0.11,0.31,11.11,C
5246,楠 将太郎,6,6,0.178,0.05,0.26,16.67,C
4852,川 原 祐 明,2,6,0.132,0.07,0.18,16.67,C
4111,奥 田 誠,3,4,0.177,0.08,0.25,0.0,参考
4834,浜 本 裕 己,2,8,0.168,0.04,0.28,25.0,C
4750,井 上 尚 悟,2,3,0.163,0.08,0.25,0.0,参考
4852,川 原 祐 明,1,12,0.174,0.06,0.27,8.33,B
4936,戸 敷 晃 美,2,7,0.171,0.07,0.25,14.29,C
3642,大 塚 浩 二,5,3,0.193,0.15,0.27,0.0,参考
4019,笠 原 亮,1,7,0.147,0.04,0.24,14.29,C
5246,楠 将太郎,4,5,0.114,0.05,0.19,40.0,C
4039,村 上 功 祐,1,3,0.183,0.11,0.29,0.0,参考
4695,尾 崎 雄 二,2,5,0.146,0.11,0.22,0.0,C
4019,笠 原 亮,3,4,0.215,0.12,0.27,25.0,参考
3414,加 瀬 智 宏,5,4,0.152,0.11,0.23,50.0,参考
4936,戸 敷 晃 美,3,10,0.179,0.07,0.31,10.0,B
3302,谷 川 里 江,5,3,0.143,0.11,0.17,0.0,参考
4852,川 原 祐 明,4,4,0.13,0.12,0.14,0.0,参考
4023,柴 田 友 和,1,3,0.17,0.07,0.25,0.0,参考
5066,鈴 木 孝 明,6,3,0.103,0.05,0.15,0.0,参考
3284,渡 邊 伸太郎,5,13,0.195,0.11,0.32,7.69,B
4300,加 藤 綾,1,4,0.203,0.17,0.23,25.0,参考
4088,野 田 祥 子,6,4,0.19,0.11,0.25,0.0,参考
4027,松 江 秀 徳,5,8,0.175,0.06,0.32,12.5,C
5208,屋 良 龍 紀,4,6,0.193,0.05,0.35,16.67,C
3414,加 瀬 智 宏,2,6,0.138,0.09,0.25,50.0,C
5128,坪 井 爽 佑,3,3,0.097,0.01,0.18,33.33,参考
4452,松 尾 祭,3,4,0.115,0.11,0.13,75.0,参考
4834,浜 本 裕 己,6,3,0.163,0.11,0.2,0.0,参考
4936,戸 敷 晃 美,5,11,0.181,0.12,0.36,18.18,B
4852,川 原 祐 明,6,5,0.134,0.09,0.19,0.0,C
4936,戸 敷 晃 美,1,9,0.181,0.07,0.27,11.11,C
4852,川 原 祐 明,3,6,0.175,0.11,0.21,0.0,C
4039,村 上 功 祐,5,4,0.13,0.09,0.18,75.0,参考
4452,松 尾 祭,4,4,0.142,0.08,0.21,25.0,参考
4019,笠 原 亮,5,4,0.245,0.18,0.31,50.0,参考
5246,楠 将太郎,5,6,0.222,0.15,0.31,0.0,C
5066,鈴 木 孝 明,1,3,0.167,0.16,0.17,0.0,参考
5066,鈴 木 孝 明,5,3,0.08,0.04,0.15,33.33,参考
4834,浜 本 裕 己,5,7,0.157,0.04,0.25,14.29,C
4695,尾 崎 雄 二,1,4,0.128,0.11,0.15,25.0,参考
4852,川 原 祐 明,5,5,0.146,0.07,0.21,40.0,C
4039,村 上 功 祐,4,3,0.057,0.05,0.07,66.67,参考
4876,梅 木 敬 太,4,3,0.163,0.11,0.19,0.0,参考
4139,丹 下 健,5,3,0.183,0.08,0.35,0.0,参考
5104,山 田 丈,2,10,0.177,0.08,0.38,20.0,B
4215,吉 島 祥 之,2,6,0.155,0.09,0.29,50.0,C
5214,田 中 宏 典,4,10,0.155,0.09,0.19,10.0,B
4063,市 橋 卓 士,1,10,0.115,0.05,0.2,60.0,B
4892,柴 田 直 哉,4,6,0.177,0.07,0.24,33.33,C
4949,横 田 貴 満,6,7,0.183,0.08,0.31,0.0,C
4907,小 池 修 平,2,4,0.128,0.05,0.21,50.0,参考
5104,山 田 丈,4,8,0.11,0.04,0.15,25.0,C
3793,高 橋 真 吾,2,7,0.176,0.03,0.35,42.86,C
5107,松 本 真 広,4,6,0.185,0.13,0.23,0.0,C
4215,吉 島 祥 之,5,7,0.137,0.04,0.21,14.29,C
4036,金 田 諭,6,4,0.175,0.08,0.27,25.0,参考
4892,柴 田 直 哉,6,12,0.207,0.01,0.45,0.0,B
3514,山 一 鉄 也,6,12,0.172,0.11,0.25,0.0,B
4959,井 上 忠 政,1,6,0.162,0.12,0.2,16.67,C
4949,横 田 貴 満,4,4,0.177,0.13,0.2,0.0,参考
5107,松 本 真 広,3,7,0.12,0.06,0.18,57.14,C
3793,高 橋 真 吾,5,5,0.182,0.11,0.24,20.0,C
4094,中 島 真 二,6,9,0.191,0.11,0.3,0.0,C
5212,西 川 拓 利,3,6,0.152,0.06,0.23,0.0,C
5104,山 田 丈,5,13,0.185,0.09,0.44,7.69,B
4139,丹 下 健,6,3,0.143,0.07,0.23,0.0,参考
4063,市 橋 卓 士,3,7,0.114,0.07,0.21,28.57,C
4036,金 田 諭,5,5,0.092,0.0,0.17,40.0,C
4907,小 池 修 平,1,3,0.143,0.11,0.2,33.33,参考
4953,尾 上 雅 也,3,3,0.143,0.08,0.18,33.33,参考
4215,吉 島 祥 之,3,8,0.119,0.01,0.21,37.5,C
5107,松 本 真 広,6,6,0.148,0.04,0.32,16.67,C
5104,山 田 丈,3,5,0.204,0.09,0.35,40.0,C
4036,金 田 諭,4,4,0.193,0.14,0.28,25.0,参考
4907,小 池 修 平,3,5,0.108,0.05,0.14,0.0,C
4063,市 橋 卓 士,4,9,0.169,0.08,0.33,0.0,C
4949,横 田 貴 満,2,6,0.147,0.06,0.21,0.0,C
4215,吉 島 祥 之,4,5,0.19,0.05,0.31,20.0,C
5002,上 田 健 太,1,4,0.062,0.01,0.14,75.0,参考
4959,井 上 忠 政,4,3,0.143,0.06,0.22,0.0,参考
4949,横 田 貴 満,1,8,0.152,0.02,0.19,25.0,C
4036,金 田 諭,3,3,0.09,0.07,0.12,0.0,参考
4907,小 池 修 平,5,3,0.09,0.09,0.09,66.67,参考
5107,松 本 真 広,2,6,0.158,0.11,0.19,16.67,C
5002,上 田 健 太,4,4,0.163,0.11,0.22,0.0,参考
3793,高 橋 真 吾,3,4,0.11,0.03,0.19,75.0,参考
4215,吉 島 祥 之,6,5,0.172,0.09,0.36,0.0,C
4036,金 田 諭,1,6,0.098,0.04,0.21,16.67,C
4949,横 田 貴 満,5,8,0.146,0.06,0.25,12.5,C
5002,上 田 健 太,6,4,0.152,0.12,0.21,0.0,参考
4139,丹 下 健,2,4,0.212,0.09,0.29,0.0,参考
4881,檀 将 太,5,3,0.26,0.12,0.39,33.33,参考
5002,上 田 健 太,3,4,0.17,0.13,0.21,0.0,参考
5107,松 本 真 広,5,4,0.21,0.13,0.34,0.0,参考
5104,山 田 丈,1,12,0.156,0.07,0.26,41.67,B
5274,城 間 盛 渚,5,9,0.217,0.01,0.36,11.11,C
4949,横 田 貴 満,3,4,0.18,0.11,0.26,25.0,参考
4959,井 上 忠 政,6,3,0.24,0.22,0.25,0.0,参考
3635,石 田 政 吾,6,4,0.198,0.11,0.32,0.0,参考
5104,山 田 丈,6,5,0.19,0.06,0.32,0.0,C
3793,高 橋 真 吾,6,6,0.147,0.06,0.27,0.0,C
4036,金 田 諭,2,4,0.163,0.09,0.23,0.0,参考
4932,新 開 航,1,16,0.138,0.03,0.23,12.5,B
4503,上 野 真之介,4,3,0.093,0.05,0.13,66.67,参考
3590,濱野谷 憲 吾,5,3,0.113,0.09,0.14,100.0,参考
4387,平 山 智 加,4,4,0.108,0.05,0.16,75.0,参考
3996,秋 山 直 之,4,3,0.167,0.15,0.18,33.33,参考
5121,定 松 勇 樹,3,6,0.138,0.09,0.18,16.67,C
4418,茅 原 悠 紀,4,5,0.1,0.07,0.13,40.0,C
4524,深 谷 知 博,2,4,0.06,0.01,0.12,50.0,参考
4503,上 野 真之介,3,7,0.1,0.02,0.18,28.57,C
3415,松 井 繁,5,4,0.152,0.06,0.21,0.0,参考
4450,平 高 奈 菜,6,3,0.213,0.16,0.31,0.0,参考
5084,末 永 和 也,2,8,0.15,0.07,0.2,0.0,C
4715,村 上 遼,5,5,0.09,0.02,0.23,20.0,C
3388,今 垣 光太郎,1,3,0.193,0.19,0.2,0.0,参考
4418,茅 原 悠 紀,1,10,0.129,0.05,0.28,30.0,B
4387,平 山 智 加,6,3,0.13,0.12,0.15,0.0,参考
4787,椎 名 豊,3,4,0.113,0.01,0.24,25.0,参考
4238,毒 島 誠,3,3,0.097,0.08,0.13,0.0,参考
4482,守 屋 美 穂,5,3,0.11,0.02,0.18,33.33,参考
4444,桐 生 順 平,6,3,0.087,0.02,0.13,0.0,参考
5084,末 永 和 也,4,6,0.098,0.04,0.19,33.33,C
4932,新 開 航,3,12,0.152,0.05,0.26,16.67,B
3996,秋 山 直 之,1,4,0.087,0.06,0.13,75.0,参考
4387,平 山 智 加,1,4,0.17,0.14,0.22,50.0,参考
5121,定 松 勇 樹,4,4,0.085,0.04,0.11,50.0,参考
4445,宮 地 元 輝,6,7,0.124,0.03,0.28,57.14,C
4362,土 屋 智 則,4,3,0.1,0.04,0.15,33.33,参考
4932,新 開 航,6,11,0.162,0.11,0.22,9.09,B
5084,末 永 和 也,6,5,0.17,0.09,0.32,0.0,C
5121,定 松 勇 樹,2,5,0.116,0.0,0.19,20.0,C
4482,守 屋 美 穂,1,4,0.1,0.02,0.28,25.0,参考
4524,深 谷 知 博,3,3,0.08,0.06,0.09,0.0,参考
3996,秋 山 直 之,6,4,0.138,0.09,0.18,25.0,参考
5084,末 永 和 也,1,10,0.116,0.05,0.18,30.0,B
5121,定 松 勇 樹,5,5,0.096,0.03,0.13,20.0,C
4418,茅 原 悠 紀,3,6,0.153,0.03,0.23,33.33,C
4450,平 高 奈 菜,5,4,0.163,0.07,0.31,0.0,参考
4503,上 野 真之介,1,6,0.098,0.06,0.16,66.67,C
4932,新 開 航,5,10,0.118,0.07,0.18,30.0,B
3779,原 田 幸 哉,6,3,0.087,0.05,0.12,0.0,参考
4418,茅 原 悠 紀,2,6,0.15,0.07,0.24,0.0,C
4787,椎 名 豊,1,4,0.155,0.07,0.22,25.0,参考
3590,濱野谷 憲 吾,2,3,0.15,0.11,0.19,33.33,参考
4387,平 山 智 加,3,4,0.15,0.09,0.23,25.0,参考
5084,末 永 和 也,5,9,0.141,0.09,0.21,0.0,C
5121,定 松 勇 樹,1,3,0.037,0.01,0.06,100.0,参考
4524,深 谷 知 博,4,3,0.087,0.02,0.15,33.33,参考
4296,岡 崎 恭 裕,5,8,0.098,0.02,0.2,37.5,C
4418,茅 原 悠 紀,5,9,0.134,0.09,0.18,11.11,C
4482,守 屋 美 穂,6,3,0.177,0.11,0.29,0.0,参考
4932,新 開 航,2,7,0.137,0.02,0.22,0.0,C
4503,上 野 真之介,2,3,0.157,0.06,0.23,0.0,参考
4445,宮 地 元 輝,2,4,0.125,0.1,0.15,25.0,参考
3996,秋 山 直 之,3,3,0.143,0.12,0.16,33.33,参考
4932,新 開 航,4,11,0.114,0.02,0.19,54.55,B
4117,廣 中 智紗衣,1,3,0.133,0.11,0.15,0.0,参考
5151,山 下 奈 緒,3,3,0.243,0.18,0.28,0.0,参考
5117,冨名腰 桃 奈,5,3,0.16,0.1,0.24,33.33,参考
5281,井 上 遥 妃,6,10,0.156,0.02,0.27,0.0,B
5194,大久保 佑 香,2,6,0.163,0.12,0.23,0.0,C
5113,黒 明 花 夢,3,3,0.107,0.06,0.15,66.67,参考
4965,福 岡 泉 水,5,3,0.07,0.03,0.14,33.33,参考
5254,羽 田 妃 希,6,5,0.16,0.02,0.31,60.0,C
3802,森 岡 ま き,1,3,0.17,0.1,0.24,66.67,参考
4419,原 加央理,2,3,0.17,0.09,0.21,33.33,参考
5165,小 林 愛 実,4,3,0.167,0.14,0.18,0.0,参考
4897,深 見 亜由美,6,3,0.213,0.18,0.27,0.0,参考
4874,池 田 奈津美,2,31,0.15,0.05,0.28,16.13,A
4947,間 庭 菜 摘,2,8,0.232,0.19,0.29,0.0,C
5171,清 水 未 唯,3,4,0.217,0.18,0.26,25.0,参考
5151,山 下 奈 緒,5,4,0.29,0.21,0.39,0.0,参考
4940,白 石 有 美,6,4,0.177,0.07,0.28,25.0,参考
4419,原 加央理,4,5,0.134,0.09,0.17,60.0,C
5230,石 原 凪 紗,6,5,0.11,0.05,0.17,40.0,C
3802,森 岡 ま き,5,4,0.175,0.15,0.22,25.0,参考
5117,冨名腰 桃 奈,6,3,0.253,0.21,0.31,0.0,参考
5194,大久保 佑 香,4,5,0.242,0.07,0.59,0.0,C
5281,井 上 遥 妃,5,10,0.137,0.07,0.19,60.0,B
4065,金 田 幸 子,6,10,0.187,0.08,0.29,20.0,B
4123,細 川 裕 子,2,4,0.2,0.16,0.25,0.0,参考
4546,浜 田 亜理沙,4,9,0.198,0.06,0.29,22.22,C
4347,魚 谷 香 織,6,6,0.098,0.05,0.13,16.67,C
4784,向井田 真 紀,2,5,0.174,0.06,0.29,0.0,C
4317,木 村 紗友希,4,5,0.19,0.12,0.28,0.0,C
4874,池 田 奈津美,3,8,0.129,0.07,0.23,25.0,C
5254,羽 田 妃 希,5,3,0.157,0.03,0.37,33.33,参考
4546,浜 田 亜理沙,1,7,0.143,0.06,0.21,71.43,C
5165,小 林 愛 実,5,4,0.24,0.23,0.25,0.0,参考
5230,石 原 凪 紗,5,6,0.195,0.1,0.35,33.33,C
4530,小 野 生 奈,6,6,0.143,0.07,0.21,0.0,C
4940,白 石 有 美,3,4,0.095,0.01,0.19,75.0,参考
4947,間 庭 菜 摘,6,8,0.195,0.13,0.26,12.5,C
4874,池 田 奈津美,1,4,0.145,0.03,0.29,50.0,参考
5194,大久保 佑 香,3,6,0.198,0.06,0.33,16.67,C
4546,浜 田 亜理沙,2,3,0.213,0.17,0.26,0.0,参考
4317,木 村 紗友希,5,3,0.24,0.21,0.27,0.0,参考
4965,福 岡 泉 水,2,4,0.177,0.12,0.27,0.0,参考
4784,向井田 真 紀,3,5,0.188,0.08,0.25,0.0,C
5205,刑 部 亜里紗,4,3,0.2,0.14,0.25,33.33,参考
3802,森 岡 ま き,6,4,0.24,0.16,0.39,0.0,参考
4240,今 井 裕 梨,1,5,0.142,0.09,0.22,20.0,C
5117,冨名腰 桃 奈,4,3,0.187,0.09,0.32,0.0,参考
5117,冨名腰 桃 奈,2,4,0.215,0.17,0.31,0.0,参考
4947,間 庭 菜 摘,4,4,0.14,0.13,0.15,0.0,参考
5194,大久保 佑 香,5,5,0.176,0.12,0.24,0.0,C
4940,白 石 有 美,4,5,0.106,0.01,0.24,40.0,C
5165,小 林 愛 実,2,4,0.205,0.04,0.39,25.0,参考
5118,野 田 なづき,4,3,0.187,0.09,0.26,33.33,参考
4419,原 加央理,5,3,0.127,0.06,0.21,33.33,参考
4947,間 庭 菜 摘,5,8,0.188,0.11,0.31,25.0,C
4947,間 庭 菜 摘,1,3,0.17,0.15,0.19,33.33,参考
4940,白 石 有 美,2,4,0.185,0.11,0.27,25.0,参考
3802,森 岡 ま き,3,3,0.073,0.01,0.15,66.67,参考
5165,小 林 愛 実,6,4,0.145,0.05,0.18,25.0,参考
4965,福 岡 泉 水,6,5,0.202,0.06,0.31,20.0,C
4784,向井田 真 紀,1,3,0.18,0.07,0.33,33.33,参考
4419,原 加央理,3,3,0.12,0.04,0.22,33.33,参考
5117,冨名腰 桃 奈,3,5,0.156,0.09,0.23,20.0,C
4317,木 村 紗友希,3,4,0.158,0.14,0.18,25.0,参考
3802,森 岡 ま き,2,3,0.157,0.11,0.19,33.33,参考
5194,大久保 佑 香,6,4,0.15,0.11,0.27,25.0,参考
5194,大久保 佑 香,1,3,0.197,0.12,0.29,33.33,参考
4947,間 庭 菜 摘,3,6,0.213,0.08,0.36,0.0,C
4640,山ノ内 雅 人,1,17,0.117,0.06,0.17,47.06,B
5231,寺 田 空 詩,6,5,0.176,0.08,0.3,0.0,C
4754,松 尾 充,1,12,0.129,0.02,0.22,41.67,B
5037,田 頭 虎 親,2,4,0.107,0.04,0.14,25.0,参考
4747,山 戸 信 二,4,4,0.102,0.06,0.15,75.0,参考
4714,喜多須 杏 奈,5,3,0.093,0.05,0.14,33.33,参考
4106,坂 井 康 嗣,4,3,0.147,0.14,0.15,0.0,参考
4054,福 嶋 智 之,2,3,0.113,0.08,0.15,0.0,参考
4962,畑 竜 生,6,7,0.171,0.03,0.32,14.29,C
5231,寺 田 空 詩,5,4,0.177,0.12,0.26,0.0,参考
4190,長 嶋 万 記,6,4,0.188,0.09,0.37,50.0,参考
4106,坂 井 康 嗣,2,5,0.184,0.1,0.23,20.0,C
4835,橋 本 明,4,4,0.143,0.11,0.17,25.0,参考
5037,田 頭 虎 親,5,4,0.18,0.15,0.26,0.0,参考
5200,筒 井 美 琴,6,13,0.128,0.01,0.24,15.38,B
4754,松 尾 充,3,7,0.121,0.04,0.23,57.14,C
4747,山 戸 信 二,2,6,0.147,0.08,0.24,33.33,C
4535,北 山 康 介,3,6,0.128,0.1,0.17,33.33,C
4962,畑 竜 生,2,9,0.177,0.1,0.28,11.11,C
4190,長 嶋 万 記,3,5,0.118,0.07,0.15,40.0,C
4535,北 山 康 介,6,4,0.147,0.11,0.21,25.0,参考
5200,筒 井 美 琴,2,5,0.206,0.15,0.31,0.0,C
4190,長 嶋 万 記,4,7,0.184,0.13,0.28,28.57,C
4835,橋 本 明,2,7,0.157,0.12,0.24,14.29,C
5037,田 頭 虎 親,6,4,0.232,0.09,0.35,25.0,参考
4535,北 山 康 介,1,9,0.138,0.09,0.19,33.33,C
4754,松 尾 充,5,7,0.166,0.07,0.28,57.14,C
4054,福 嶋 智 之,6,4,0.138,0.03,0.19,25.0,参考
4962,畑 竜 生,5,9,0.158,0.06,0.28,11.11,C
4865,立 具 敬 司,2,3,0.153,0.11,0.19,0.0,参考
4535,北 山 康 介,2,5,0.136,0.07,0.21,40.0,C
4358,松 本 庸 平,3,5,0.152,0.06,0.24,0.0,C
5222,津 田 陸 翔,4,3,0.13,0.05,0.17,33.33,参考
4190,長 嶋 万 記,1,9,0.142,0.05,0.23,33.33,C
4208,三 浦 永 理,6,8,0.182,0.09,0.25,12.5,C
4106,坂 井 康 嗣,3,5,0.228,0.18,0.31,0.0,C
4535,北 山 康 介,4,5,0.112,0.03,0.18,40.0,C
4962,畑 竜 生,4,4,0.21,0.04,0.46,50.0,参考
5200,筒 井 美 琴,3,4,0.16,0.01,0.25,25.0,参考
4714,喜多須 杏 奈,2,3,0.127,0.03,0.21,33.33,参考
5037,田 頭 虎 親,3,5,0.182,0.11,0.27,0.0,C
4054,福 嶋 智 之,3,3,0.16,0.05,0.27,33.33,参考
4754,松 尾 充,6,9,0.172,0.07,0.32,11.11,C
5037,田 頭 虎 親,4,6,0.108,0.05,0.18,50.0,C
4835,橋 本 明,3,7,0.134,0.04,0.23,42.86,C
4714,喜多須 杏 奈,6,5,0.172,0.07,0.31,0.0,C
5200,筒 井 美 琴,5,5,0.156,0.01,0.21,40.0,C
4190,長 嶋 万 記,5,4,0.138,0.05,0.22,0.0,参考
4054,福 嶋 智 之,4,3,0.103,0.06,0.18,33.33,参考
4962,畑 竜 生,3,6,0.13,0.07,0.19,50.0,C
5200,筒 井 美 琴,4,4,0.173,0.12,0.27,0.0,参考
4190,長 嶋 万 記,2,4,0.237,0.18,0.29,0.0,参考
5037,田 頭 虎 親,1,7,0.159,0.02,0.28,28.57,C
4835,橋 本 明,1,4,0.203,0.1,0.27,0.0,参考
4754,松 尾 充,4,10,0.162,0.08,0.22,30.0,B
5214,田 中 宏 典,6,8,0.156,0.07,0.24,25.0,C
3488,柳 田 英 明,4,3,0.153,0.05,0.24,0.0,参考
3933,山 地 正 樹,2,5,0.146,0.05,0.26,0.0,C
5307,富 永 夏哉人,6,29,0.228,0.02,0.77,10.34,A
3761,山 本 光 雄,2,6,0.128,0.07,0.21,0.0,C
4344,新 田 雄 史,3,5,0.122,0.07,0.18,40.0,C
4948,木 場 悠 介,3,6,0.13,0.08,0.18,33.33,C
4934,佐々木 翔 斗,5,4,0.188,0.01,0.26,25.0,参考
4584,村 岡 賢 人,3,7,0.117,0.05,0.22,42.86,C
5217,藤 原 碧 生,6,4,0.11,0.08,0.18,75.0,参考
3761,山 本 光 雄,1,3,0.093,0.09,0.1,66.67,参考
3282,池 本 輝 明,6,3,0.21,0.17,0.25,0.0,参考
4948,木 場 悠 介,1,6,0.138,0.06,0.2,33.33,C
3300,川 崎 智 幸,1,6,0.118,0.03,0.22,16.67,C
4344,新 田 雄 史,1,6,0.122,0.01,0.29,33.33,C
4584,村 岡 賢 人,6,6,0.1,0.07,0.12,50.0,C
4934,佐々木 翔 斗,2,4,0.147,0.06,0.23,25.0,参考
3761,山 本 光 雄,6,3,0.283,0.16,0.38,0.0,参考
4584,村 岡 賢 人,1,18,0.094,0.01,0.17,61.11,B
5217,藤 原 碧 生,5,6,0.148,0.12,0.19,0.0,C
4344,新 田 雄 史,2,3,0.223,0.15,0.37,0.0,参考
3300,川 崎 智 幸,4,4,0.092,0.06,0.12,25.0,参考
3933,山 地 正 樹,3,7,0.157,0.08,0.21,0.0,C
5214,田 中 宏 典,2,6,0.195,0.07,0.32,16.67,C
4934,佐々木 翔 斗,3,5,0.092,0.02,0.14,20.0,C
3503,堂 原 洋 史,4,5,0.102,0.03,0.12,60.0,C
3251,平 石 和 男,4,4,0.16,0.05,0.28,0.0,参考
4584,村 岡 賢 人,5,11,0.13,0.05,0.21,36.36,B
3300,川 崎 智 幸,6,4,0.135,0.07,0.19,0.0,参考
5217,藤 原 碧 生,2,7,0.134,0.03,0.19,14.29,C
4948,木 場 悠 介,6,4,0.215,0.16,0.29,25.0,参考
3761,山 本 光 雄,3,5,0.136,0.02,0.22,0.0,C
3933,山 地 正 樹,1,6,0.192,0.08,0.31,0.0,C
5214,田 中 宏 典,3,5,0.236,0.14,0.41,20.0,C
4584,村 岡 賢 人,4,12,0.095,0.03,0.15,50.0,B
3761,山 本 光 雄,4,8,0.11,0.01,0.22,37.5,C
4948,木 場 悠 介,5,6,0.163,0.13,0.25,0.0,C
4948,木 場 悠 介,4,7,0.214,0.12,0.35,0.0,C
4584,村 岡 賢 人,2,8,0.124,0.05,0.19,50.0,C
5217,藤 原 碧 生,3,4,0.193,0.04,0.31,0.0,参考
4344,新 田 雄 史,4,4,0.178,0.08,0.28,25.0,参考
4934,佐々木 翔 斗,4,6,0.195,0.12,0.34,50.0,C
4344,新 田 雄 史,5,5,0.21,0.07,0.35,20.0,C
3761,山 本 光 雄,5,9,0.159,0.09,0.25,44.44,C
5217,藤 原 碧 生,4,4,0.075,0.03,0.11,75.0,参考
3300,川 崎 智 幸,2,3,0.123,0.11,0.15,0.0,参考
4934,佐々木 翔 斗,6,10,0.176,0.09,0.27,10.0,B
5217,藤 原 碧 生,1,7,0.159,0.06,0.23,28.57,C
5274,城 間 盛 渚,4,4,0.18,0.07,0.38,0.0,参考
4934,佐々木 翔 斗,1,9,0.097,0.01,0.18,11.11,C
5237,永 松 良 教,5,9,0.199,0.12,0.31,33.33,C
4904,松 本 一 毅,4,6,0.143,0.1,0.18,0.0,C
5298,水 谷 理 人,6,9,0.166,0.05,0.25,33.33,C
4771,下 寺 秀 和,1,9,0.146,0.07,0.21,22.22,C
4009,小 林 一 樹,2,4,0.143,0.08,0.17,25.0,参考
4251,川 崎 誠 志,2,5,0.23,0.13,0.34,0.0,C
4339,平 瀬 城 啓,5,3,0.17,0.16,0.19,33.33,参考
5303,土 井 歩 夢,6,22,0.149,0.03,0.34,13.64,A
4904,松 本 一 毅,2,5,0.158,0.11,0.22,20.0,C
4056,小 西 英 輝,3,5,0.172,0.12,0.22,40.0,C
3478,嶋 田 貴 支,5,3,0.193,0.12,0.23,33.33,参考
4580,長谷川 雅 和,6,6,0.15,0.05,0.33,33.33,C
4759,今 泉 友 吾,2,4,0.19,0.14,0.22,0.0,参考
4232,笠 雅 雄,1,3,0.143,0.11,0.18,33.33,参考
4766,石 井 孝 之,2,6,0.17,0.12,0.22,16.67,C
5244,黒 田 剛,4,3,0.187,0.01,0.41,33.33,参考
5284,嘉手苅 徹 哉,6,34,0.199,0.03,0.48,17.65,A
4377,濱 本 優 一,2,4,0.155,0.11,0.19,75.0,参考
4771,下 寺 秀 和,3,9,0.117,0.05,0.19,33.33,C
4339,平 瀬 城 啓,2,4,0.223,0.14,0.35,0.0,参考
4877,鈴 谷 一 平,3,8,0.156,0.06,0.23,37.5,C
4056,小 西 英 輝,4,5,0.162,0.12,0.23,20.0,C
4580,長谷川 雅 和,5,9,0.157,0.08,0.26,22.22,C
4766,石 井 孝 之,3,6,0.19,0.07,0.36,33.33,C
4877,鈴 谷 一 平,6,6,0.175,0.04,0.72,50.0,C
3478,嶋 田 貴 支,2,7,0.164,0.11,0.19,0.0,C
4877,鈴 谷 一 平,1,10,0.139,0.07,0.22,30.0,B
4009,小 林 一 樹,4,4,0.14,0.05,0.21,25.0,参考
4251,川 崎 誠 志,5,3,0.197,0.13,0.31,0.0,参考
3478,嶋 田 貴 支,1,3,0.127,0.08,0.18,33.33,参考
4877,鈴 谷 一 平,2,6,0.102,0.05,0.14,50.0,C
4572,渡 部 悟,3,7,0.099,0.03,0.15,28.57,C
4056,小 西 英 輝,2,4,0.133,0.02,0.28,25.0,参考
4766,石 井 孝 之,4,5,0.122,0.04,0.21,60.0,C
4009,小 林 一 樹,5,3,0.11,0.07,0.14,33.33,参考
3482,金 子 猛 志,1,3,0.177,0.16,0.2,33.33,参考
4339,平 瀬 城 啓,3,4,0.13,0.09,0.17,25.0,参考
4759,今 泉 友 吾,1,10,0.165,0.11,0.28,20.0,B
4251,川 崎 誠 志,3,6,0.133,0.05,0.24,0.0,C
4580,長谷川 雅 和,1,9,0.151,0.09,0.26,22.22,C
4771,下 寺 秀 和,6,6,0.133,0.03,0.21,0.0,C
4848,仲 谷 颯 仁,2,9,0.167,0.07,0.27,0.0,C
4086,寺 本 重 宣,1,6,0.195,0.05,0.53,16.67,C
4904,松 本 一 毅,5,6,0.147,0.04,0.21,33.33,C
4339,平 瀬 城 啓,4,4,0.163,0.13,0.21,0.0,参考
4877,鈴 谷 一 平,5,7,0.136,0.01,0.25,14.29,C
4580,長谷川 雅 和,3,6,0.185,0.08,0.27,0.0,C
4904,松 本 一 毅,1,4,0.133,0.09,0.17,75.0,参考
4251,川 崎 誠 志,4,3,0.217,0.14,0.32,0.0,参考
4056,小 西 英 輝,5,4,0.14,0.09,0.19,25.0,参考
4771,下 寺 秀 和,5,7,0.209,0.15,0.32,14.29,C
4086,寺 本 重 宣,2,4,0.115,0.05,0.15,0.0,参考
4771,下 寺 秀 和,2,8,0.102,0.06,0.15,37.5,C
3478,嶋 田 貴 支,3,4,0.158,0.08,0.22,0.0,参考
4877,鈴 谷 一 平,4,7,0.123,0.07,0.18,28.57,C
3478,嶋 田 貴 支,4,7,0.136,0.09,0.17,14.29,C
4904,松 本 一 毅,6,5,0.166,0.13,0.25,0.0,C
4766,石 井 孝 之,5,5,0.146,0.04,0.22,20.0,C
4580,長谷川 雅 和,2,5,0.168,0.12,0.25,0.0,C
3478,嶋 田 貴 支,6,5,0.2,0.11,0.26,0.0,C
4572,渡 部 悟,1,8,0.117,0.03,0.26,62.5,C
4251,川 崎 誠 志,6,7,0.203,0.13,0.37,0.0,C
4771,下 寺 秀 和,4,4,0.148,0.09,0.23,50.0,参考
4904,松 本 一 毅,3,3,0.123,0.1,0.16,33.33,参考
5291,三 嶌 こころ,6,20,0.235,0.09,0.41,5.0,A
5241,門 田 栞,6,5,0.19,0.11,0.24,0.0,C
4075,中 野 次 郎,3,5,0.118,0.07,0.19,40.0,C
5255,藤 原 仙 二,4,8,0.18,0.11,0.3,12.5,C
4734,安河内 将,3,6,0.148,0.05,0.24,0.0,C
5176,石 倉 拓 美,5,4,0.22,0.11,0.33,0.0,参考
3551,藤 田 美 代,1,4,0.233,0.17,0.27,0.0,参考
3436,柏 野 幸 二,1,6,0.108,0.06,0.2,33.33,C
3773,津 留 浩一郎,6,4,0.285,0.21,0.35,0.0,参考
4896,花 本 剛,2,9,0.198,0.14,0.27,0.0,C
4075,中 野 次 郎,1,8,0.134,0.1,0.18,37.5,C
3874,山 本 寛 久,4,7,0.163,0.09,0.25,14.29,C
5255,藤 原 仙 二,6,8,0.177,0.09,0.33,50.0,C
3436,柏 野 幸 二,4,4,0.145,0.11,0.21,75.0,参考
5164,森 田 梨 湖,3,6,0.177,0.14,0.28,0.0,C
4075,中 野 次 郎,5,4,0.13,0.04,0.23,0.0,参考
5241,門 田 栞,4,4,0.208,0.15,0.27,0.0,参考
4734,安河内 将,4,3,0.117,0.07,0.16,33.33,参考
4075,中 野 次 郎,2,5,0.132,0.07,0.25,40.0,C
4734,安河内 将,1,5,0.22,0.14,0.26,0.0,C
4819,蜂 須 瑞 生,2,3,0.187,0.11,0.27,0.0,参考
3874,山 本 寛 久,6,5,0.14,0.04,0.19,20.0,C
5241,門 田 栞,5,5,0.208,0.1,0.33,20.0,C
5176,石 倉 拓 美,2,4,0.23,0.14,0.43,0.0,参考
5073,上 原 健次郎,6,9,0.141,0.06,0.23,33.33,C
3436,柏 野 幸 二,3,5,0.1,0.06,0.14,60.0,C
4075,中 野 次 郎,4,5,0.156,0.11,0.18,0.0,C
4366,前 沢 丈 史,5,4,0.135,0.08,0.18,25.0,参考
3773,津 留 浩一郎,3,5,0.164,0.11,0.22,0.0,C
5255,藤 原 仙 二,5,4,0.13,0.05,0.22,0.0,参考
4075,中 野 次 郎,6,4,0.147,0.11,0.17,0.0,参考
3539,金 子 順 一,5,4,0.28,0.22,0.44,0.0,参考
4734,安河内 将,2,3,0.153,0.11,0.21,0.0,参考
4979,中 野 夢 斗,2,4,0.215,0.16,0.34,25.0,参考
5033,藤 原 孝 斗,3,5,0.128,0.04,0.19,20.0,C
4158,木 場 雄二郎,4,9,0.112,0.05,0.17,33.33,C
4081,樋 口 範 政,2,4,0.198,0.11,0.35,0.0,参考
4785,木 幡 純 也,3,10,0.172,0.07,0.38,0.0,B
4298,宮 下 元 胤,1,5,0.146,0.11,0.22,20.0,C
4840,鈴 木 秀 茉,2,3,0.133,0.07,0.22,0.0,参考
4181,花 本 夏 樹,5,6,0.157,0.07,0.23,0.0,C
5309,森 雄 利,6,44,0.164,0.01,0.36,20.45,A
5033,藤 原 孝 斗,5,6,0.182,0.1,0.31,16.67,C
4728,山 口 亮,2,5,0.282,0.17,0.38,0.0,C
4794,和 田 拓 也,3,3,0.17,0.15,0.18,33.33,参考
4979,中 野 夢 斗,4,5,0.186,0.1,0.28,20.0,C
4840,鈴 木 秀 茉,4,4,0.195,0.17,0.21,25.0,参考
3294,野 中 義 生,2,5,0.136,0.07,0.19,20.0,C
4181,花 本 夏 樹,4,6,0.153,0.08,0.25,16.67,C
4794,和 田 拓 也,4,5,0.158,0.09,0.32,40.0,C
4081,樋 口 範 政,5,4,0.152,0.09,0.2,0.0,参考
4516,野 口 勝 弘,1,6,0.163,0.08,0.23,16.67,C
4298,宮 下 元 胤,4,3,0.153,0.11,0.24,0.0,参考
3581,加 木 郁,2,3,0.237,0.15,0.28,0.0,参考
3294,野 中 義 生,3,4,0.138,0.09,0.21,0.0,参考
4785,木 幡 純 也,5,9,0.202,0.14,0.32,0.0,C
4790,柳 内 敬 太,1,4,0.178,0.11,0.28,25.0,参考
5033,藤 原 孝 斗,2,7,0.123,0.01,0.18,28.57,C
4794,和 田 拓 也,1,6,0.163,0.1,0.3,33.33,C
4158,木 場 雄二郎,2,8,0.164,0.13,0.26,12.5,C
3294,野 中 義 生,4,5,0.102,0.06,0.19,40.0,C
4979,中 野 夢 斗,5,4,0.263,0.1,0.39,0.0,参考
4785,木 幡 純 也,2,6,0.158,0.09,0.28,0.0,C
4840,鈴 木 秀 茉,5,4,0.177,0.09,0.28,0.0,参考
4081,樋 口 範 政,3,5,0.19,0.09,0.26,0.0,C
3081,岡 本 慎 治,5,5,0.182,0.11,0.31,0.0,C
4376,藤 田 靖 弘,6,7,0.163,0.11,0.19,14.29,C
4298,宮 下 元 胤,5,3,0.15,0.1,0.24,33.33,参考
4516,野 口 勝 弘,6,3,0.177,0.14,0.24,0.0,参考
4840,鈴 木 秀 茉,3,3,0.147,0.09,0.22,33.33,参考
5033,藤 原 孝 斗,4,10,0.166,0.09,0.24,20.0,B
4158,木 場 雄二郎,5,5,0.144,0.12,0.18,0.0,C
4979,中 野 夢 斗,3,4,0.145,0.11,0.22,25.0,参考
4081,樋 口 範 政,4,7,0.157,0.09,0.19,14.29,C
5033,藤 原 孝 斗,6,7,0.203,0.11,0.37,0.0,C
5055,眞 鳥 章 太,3,3,0.143,0.11,0.21,33.33,参考
4840,鈴 木 秀 茉,6,3,0.233,0.19,0.27,0.0,参考
4794,和 田 拓 也,2,5,0.146,0.03,0.2,20.0,C
5214,田 中 宏 典,5,5,0.166,0.09,0.24,20.0,C
4158,木 場 雄二郎,6,5,0.144,0.11,0.21,0.0,C
4081,樋 口 範 政,6,5,0.188,0.12,0.23,0.0,C
4298,宮 下 元 胤,2,3,0.137,0.09,0.21,33.33,参考
4181,花 本 夏 樹,2,4,0.152,0.12,0.21,0.0,参考
3605,中 村 守 成,4,3,0.133,0.11,0.15,0.0,参考
4298,宮 下 元 胤,3,4,0.147,0.09,0.22,25.0,参考
4962,畑 竜 生,1,3,0.173,0.1,0.26,33.33,参考
4158,木 場 雄二郎,3,6,0.168,0.15,0.19,50.0,C
3294,野 中 義 生,5,4,0.105,0.02,0.19,50.0,参考
4081,樋 口 範 政,1,3,0.203,0.11,0.3,0.0,参考
5055,眞 鳥 章 太,6,4,0.223,0.19,0.25,0.0,参考
4785,木 幡 純 也,4,6,0.133,0.05,0.21,33.33,C
3294,野 中 義 生,1,3,0.2,0.07,0.42,0.0,参考
4846,佐 藤 駿 介,1,4,0.182,0.11,0.23,0.0,参考
3294,野 中 義 生,6,5,0.068,0.03,0.12,100.0,C
4697,國 弘 翔 平,2,3,0.153,0.14,0.17,0.0,参考
5307,富 永 夏哉人,5,8,0.161,0.08,0.24,25.0,C
5162,松 尾 怜 実,5,6,0.223,0.13,0.33,0.0,C
5011,高 木 圭 大,6,5,0.186,0.06,0.27,20.0,C
4256,渡 辺 浩 司,2,8,0.124,0.05,0.28,50.0,C
5192,中 尾 優 香,2,4,0.072,0.01,0.15,50.0,参考
5277,井 上 未 都,6,10,0.191,0.09,0.38,10.0,B
4892,柴 田 直 哉,2,9,0.184,0.09,0.29,0.0,C
5208,屋 良 龍 紀,5,7,0.183,0.11,0.34,14.29,C
4892,柴 田 直 哉,5,5,0.172,0.11,0.2,20.0,C
5011,高 木 圭 大,4,3,0.127,0.11,0.15,66.67,参考
5192,中 尾 優 香,6,9,0.206,0.09,0.35,0.0,C
5162,松 尾 怜 実,4,4,0.212,0.15,0.24,0.0,参考
5212,西 川 拓 利,2,4,0.145,0.1,0.2,25.0,参考
5011,高 木 圭 大,3,6,0.238,0.15,0.32,0.0,C
5192,中 尾 優 香,3,10,0.191,0.08,0.47,10.0,B
5162,松 尾 怜 実,3,4,0.19,0.11,0.32,0.0,参考
5192,中 尾 優 香,4,10,0.152,0.04,0.39,40.0,B
5011,高 木 圭 大,2,6,0.193,0.11,0.32,33.33,C
5162,松 尾 怜 実,2,5,0.14,0.09,0.22,20.0,C
5192,中 尾 優 香,5,7,0.146,0.06,0.23,14.29,C
4936,戸 敷 晃 美,4,7,0.136,0.02,0.28,28.57,C
4693,松 下 誉 士,1,5,0.204,0.12,0.29,0.0,C
4892,柴 田 直 哉,3,7,0.174,0.12,0.24,0.0,C
4970,井 町 泰,2,5,0.156,0.07,0.24,0.0,C
5007,近 藤 雄一郎,5,4,0.158,0.07,0.22,50.0,参考
5270,小 玉 啓 太,6,8,0.224,0.15,0.34,0.0,C
3307,上 瀧 和 則,1,5,0.144,0.07,0.18,20.0,C
4116,川 田 正 人,2,4,0.292,0.19,0.37,0.0,参考
4970,井 町 泰,6,3,0.213,0.15,0.31,0.0,参考
4390,松 本 弓 雄,3,8,0.133,0.07,0.21,37.5,C
5239,上 野 俊 樹,4,4,0.258,0.14,0.45,0.0,参考
3587,武 田 信 一,2,4,0.203,0.16,0.3,0.0,参考
5007,近 藤 雄一郎,3,7,0.143,0.1,0.23,14.29,C
3307,上 瀧 和 則,2,11,0.201,0.04,0.61,18.18,B
4390,松 本 弓 雄,4,6,0.142,0.12,0.17,0.0,C
5007,近 藤 雄一郎,2,4,0.21,0.1,0.29,0.0,参考
5239,上 野 俊 樹,6,8,0.09,0.01,0.19,37.5,C
4390,松 本 弓 雄,2,8,0.145,0.1,0.24,0.0,C
4116,川 田 正 人,5,6,0.157,0.04,0.31,33.33,C
5239,上 野 俊 樹,5,6,0.198,0.07,0.45,33.33,C
4390,松 本 弓 雄,5,9,0.18,0.11,0.25,0.0,C
5007,近 藤 雄一郎,4,6,0.16,0.07,0.29,16.67,C
4116,川 田 正 人,4,3,0.153,0.14,0.16,33.33,参考
5007,近 藤 雄一郎,6,4,0.158,0.1,0.21,25.0,参考
4116,川 田 正 人,1,3,0.233,0.19,0.28,0.0,参考
5286,坂 井 滉 哉,6,26,0.195,0.08,0.37,3.85,A
3831,安 藤 裕 貴,6,8,0.231,0.01,0.32,12.5,C
5012,加 倉 侑 征,2,7,0.086,0.03,0.17,57.14,C
4492,本 多 宏 和,3,5,0.162,0.13,0.2,0.0,C
5275,松 田 淳 平,4,7,0.189,0.06,0.32,14.29,C
4706,三 浦 洋次朗,5,5,0.174,0.01,0.24,20.0,C
5032,谷 口 知 優,2,6,0.145,0.1,0.2,16.67,C
4988,牟 田 奨 太,5,6,0.177,0.15,0.2,0.0,C
5275,松 田 淳 平,6,7,0.15,0.07,0.32,14.29,C
4623,中 北 将 史,4,3,0.187,0.14,0.24,0.0,参考
5012,加 倉 侑 征,3,8,0.128,0.02,0.24,62.5,C
4682,大 上 卓 人,4,3,0.147,0.09,0.19,33.33,参考
4706,三 浦 洋次朗,6,3,0.203,0.11,0.38,33.33,参考
5141,大 澤 風 葵,1,6,0.137,0.06,0.25,50.0,C
4988,牟 田 奨 太,3,7,0.137,0.01,0.21,57.14,C
4682,大 上 卓 人,3,3,0.09,0.08,0.11,0.0,参考
4492,本 多 宏 和,6,3,0.113,0.05,0.16,0.0,参考
5258,仲 本 舜,3,4,0.188,0.17,0.22,25.0,参考
3503,堂 原 洋 史,6,3,0.157,0.14,0.17,33.33,参考
4492,本 多 宏 和,1,7,0.143,0.03,0.23,28.57,C
5032,谷 口 知 優,3,5,0.258,0.11,0.32,0.0,C
4706,三 浦 洋次朗,1,4,0.22,0.18,0.29,25.0,参考
5275,松 田 淳 平,5,5,0.156,0.06,0.21,20.0,C
4682,大 上 卓 人,5,3,0.123,0.11,0.15,33.33,参考
4623,中 北 将 史,3,3,0.073,0.07,0.08,33.33,参考
4988,牟 田 奨 太,4,6,0.11,0.06,0.19,66.67,C
5012,加 倉 侑 征,5,11,0.095,0.05,0.19,27.27,B
5032,谷 口 知 優,5,6,0.167,0.08,0.33,0.0,C
4492,本 多 宏 和,2,7,0.169,0.05,0.29,14.29,C
4706,三 浦 洋次朗,4,3,0.187,0.16,0.23,0.0,参考
4049,荒 川 健 太,6,3,0.27,0.22,0.32,0.0,参考
4682,大 上 卓 人,1,5,0.164,0.12,0.18,40.0,C
5141,大 澤 風 葵,5,4,0.128,0.07,0.19,25.0,参考
3653,品 川 賢 次,5,3,0.177,0.17,0.19,0.0,参考
4492,本 多 宏 和,4,5,0.112,0.06,0.19,0.0,C
4988,牟 田 奨 太,2,7,0.099,0.01,0.19,57.14,C
5012,加 倉 侑 征,1,3,0.113,0.07,0.16,100.0,参考
3503,堂 原 洋 史,1,3,0.133,0.07,0.19,0.0,参考
4950,高 岡 竜 也,2,4,0.158,0.08,0.24,50.0,参考
4492,本 多 宏 和,5,3,0.21,0.13,0.35,0.0,参考
5141,大 澤 風 葵,4,5,0.106,0.07,0.19,80.0,C
4682,大 上 卓 人,2,3,0.213,0.17,0.28,0.0,参考
5032,谷 口 知 優,4,6,0.142,0.09,0.27,0.0,C
5012,加 倉 侑 征,6,5,0.094,0.05,0.12,60.0,C
3873,別 府 昌 樹,5,7,0.176,0.06,0.32,0.0,C
5141,大 澤 風 葵,2,3,0.087,0.05,0.13,33.33,参考
5141,大 澤 風 葵,3,4,0.138,0.08,0.25,25.0,参考
4273,佐 藤 旭,1,5,0.124,0.05,0.21,40.0,C
5032,谷 口 知 優,6,3,0.133,0.12,0.14,33.33,参考
5268,山 本 幸 也,5,10,0.212,0.03,0.46,10.0,B
5012,加 倉 侑 征,4,3,0.127,0.06,0.18,33.33,参考
4969,町 田 洸 希,2,7,0.15,0.07,0.22,14.29,C
5049,松 井 友 汰,4,5,0.216,0.14,0.3,0.0,C
4890,石 川 諒,2,4,0.147,0.08,0.19,25.0,参考
4713,白 神 優,4,6,0.148,0.11,0.19,16.67,C
5079,大 石 真 央,4,4,0.19,0.01,0.34,25.0,参考
5049,松 井 友 汰,2,4,0.148,0.05,0.27,25.0,参考
4969,町 田 洸 希,5,7,0.154,0.05,0.27,14.29,C
4890,石 川 諒,5,3,0.157,0.09,0.25,33.33,参考
3462,竹 上 真 司,2,4,0.182,0.11,0.26,25.0,参考
5049,松 井 友 汰,3,6,0.155,0.08,0.23,16.67,C
5079,大 石 真 央,6,3,0.147,0.11,0.18,33.33,参考
4890,石 川 諒,3,3,0.16,0.14,0.18,33.33,参考
4580,長谷川 雅 和,4,4,0.077,0.05,0.11,25.0,参考
5079,大 石 真 央,2,5,0.202,0.08,0.35,20.0,C
4713,白 神 優,1,6,0.133,0.09,0.17,33.33,C
3339,泉 具 巳,4,3,0.07,0.03,0.12,100.0,参考
3825,宮 嵜 隆太郎,3,10,0.145,0.06,0.22,10.0,B
5049,松 井 友 汰,6,5,0.136,0.1,0.22,40.0,C
4890,石 川 諒,4,3,0.177,0.09,0.25,0.0,参考
5079,大 石 真 央,3,3,0.133,0.07,0.18,0.0,参考
5049,松 井 友 汰,5,6,0.107,0.04,0.21,33.33,C
5049,松 井 友 汰,1,3,0.17,0.11,0.24,0.0,参考
4969,町 田 洸 希,1,3,0.143,0.07,0.18,0.0,参考
5134,大 原 祥 昌,2,4,0.115,0.08,0.15,25.0,参考
3647,伊 藤 雄 二,2,4,0.168,0.08,0.22,0.0,参考
5203,神 里 琴 音,4,10,0.12,0.07,0.19,80.0,B
3863,海老澤 泰 行,4,6,0.183,0.06,0.34,0.0,C
4114,深 澤 達 徳,5,3,0.233,0.15,0.31,0.0,参考
4782,浜 崎 準 也,2,3,0.153,0.07,0.23,33.33,参考
5134,大 原 祥 昌,6,4,0.178,0.08,0.23,0.0,参考
4184,渡 邊 雄一郎,2,6,0.123,0.08,0.19,33.33,C
4797,中 山 将,6,9,0.167,0.02,0.26,22.22,C
4172,森 定 晃 史,1,5,0.14,0.07,0.21,20.0,C
4017,向 井 美 鈴,3,4,0.198,0.12,0.29,0.0,参考
3863,海老澤 泰 行,6,4,0.168,0.11,0.22,0.0,参考
4514,上 條 嘉 嗣,1,10,0.179,0.09,0.4,10.0,B
4172,森 定 晃 史,5,5,0.13,0.06,0.24,40.0,C
4184,渡 邊 雄一郎,6,8,0.124,0.08,0.19,25.0,C
4709,岡 村 将 也,1,18,0.149,0.02,0.31,27.78,B
4184,渡 邊 雄一郎,1,11,0.144,0.05,0.2,27.27,B
4797,中 山 将,2,5,0.142,0.09,0.19,40.0,C
4172,森 定 晃 史,2,4,0.107,0.04,0.24,50.0,参考
4114,深 澤 達 徳,2,4,0.195,0.11,0.25,0.0,参考
4184,渡 邊 雄一郎,5,6,0.105,0.01,0.18,33.33,C
4797,中 山 将,4,3,0.137,0.07,0.23,33.33,参考
3863,海老澤 泰 行,1,5,0.164,0.08,0.22,60.0,C
5078,山 川 波 乙,3,3,0.203,0.19,0.22,0.0,参考
4114,深 澤 達 徳,4,4,0.172,0.12,0.22,0.0,参考
4172,森 定 晃 史,3,5,0.166,0.11,0.19,40.0,C
3647,伊 藤 雄 二,5,4,0.15,0.09,0.22,0.0,参考
4184,渡 邊 雄一郎,4,7,0.146,0.04,0.34,28.57,C
4797,中 山 将,1,8,0.13,0.06,0.19,25.0,C
4017,向 井 美 鈴,5,6,0.182,0.11,0.28,16.67,C
3647,伊 藤 雄 二,3,3,0.14,0.11,0.18,33.33,参考
4114,深 澤 達 徳,6,4,0.213,0.13,0.33,0.0,参考
4184,渡 邊 雄一郎,3,7,0.217,0.08,0.39,0.0,C
3863,海老澤 泰 行,2,5,0.186,0.11,0.28,0.0,C
4797,中 山 将,3,6,0.102,0.08,0.12,66.67,C
4114,深 澤 達 徳,1,4,0.24,0.19,0.27,0.0,参考
3647,伊 藤 雄 二,4,4,0.198,0.16,0.23,0.0,参考
3863,海老澤 泰 行,5,3,0.167,0.08,0.3,0.0,参考
4754,松 尾 充,2,4,0.118,0.08,0.17,25.0,参考
3349,吉 田 一 郎,3,3,0.15,0.12,0.17,33.33,参考
4782,浜 崎 準 也,1,4,0.147,0.01,0.28,50.0,参考
5177,松 井 貫 太,3,9,0.163,0.07,0.22,0.0,C
5177,松 井 貫 太,6,5,0.2,0.17,0.24,0.0,C
5053,山 口 広 樹,3,3,0.227,0.21,0.24,0.0,参考
5177,松 井 貫 太,2,10,0.196,0.13,0.31,0.0,B
5276,大 島 隆乃介,5,9,0.152,0.08,0.29,44.44,C
5177,松 井 貫 太,4,8,0.26,0.14,0.33,0.0,C
4797,中 山 将,5,5,0.124,0.07,0.19,60.0,C
3303,渡 辺 豊,5,5,0.176,0.07,0.29,0.0,C
5191,飛 田 江 己,6,5,0.1,0.05,0.14,60.0,C
3955,眞 田 英 二,3,4,0.188,0.16,0.21,0.0,参考
3107,平 岡 重 典,4,3,0.163,0.09,0.23,33.33,参考
4903,吉 田 凌太朗,4,4,0.135,0.06,0.25,75.0,参考
3304,烏 野 賢 太,3,6,0.148,0.1,0.18,0.0,C
5098,大 江 純,5,3,0.153,0.12,0.18,0.0,参考
4381,田 路 朋 史,6,6,0.197,0.09,0.27,50.0,C
4818,伏 見 俊 介,6,6,0.157,0.06,0.22,0.0,C
3303,渡 辺 豊,3,8,0.195,0.13,0.28,0.0,C
3955,眞 田 英 二,5,4,0.177,0.1,0.23,0.0,参考
4903,吉 田 凌太朗,1,8,0.129,0.05,0.22,12.5,C
4396,大 田 直 弥,3,10,0.161,0.09,0.28,10.0,B
3304,烏 野 賢 太,1,7,0.164,0.1,0.21,14.29,C
3107,平 岡 重 典,3,3,0.193,0.07,0.29,33.33,参考
5191,飛 田 江 己,2,6,0.13,0.07,0.19,33.33,C
4381,田 路 朋 史,4,5,0.128,0.06,0.18,60.0,C
5098,大 江 純,4,8,0.138,0.05,0.18,25.0,C
5191,飛 田 江 己,5,5,0.146,0.05,0.19,20.0,C
4381,田 路 朋 史,1,6,0.142,0.01,0.24,33.33,C
3955,眞 田 英 二,1,3,0.227,0.21,0.25,33.33,参考
4903,吉 田 凌太朗,6,7,0.159,0.02,0.32,42.86,C
3304,烏 野 賢 太,2,5,0.14,0.09,0.19,20.0,C
3303,渡 辺 豊,1,6,0.172,0.1,0.29,0.0,C
3304,烏 野 賢 太,6,5,0.18,0.16,0.21,0.0,C
5098,大 江 純,3,6,0.187,0.06,0.26,16.67,C
5191,飛 田 江 己,4,6,0.122,0.04,0.21,33.33,C
3304,烏 野 賢 太,4,8,0.168,0.04,0.32,25.0,C
4381,田 路 朋 史,2,4,0.122,0.04,0.18,50.0,参考
4903,吉 田 凌太朗,3,6,0.197,0.13,0.28,16.67,C
5098,大 江 純,2,5,0.178,0.13,0.23,20.0,C
5237,永 松 良 教,4,6,0.117,0.06,0.15,16.67,C
4381,田 路 朋 史,5,5,0.13,0.06,0.18,20.0,C
5191,飛 田 江 己,3,3,0.133,0.11,0.16,33.33,参考
3304,烏 野 賢 太,5,5,0.17,0.01,0.33,20.0,C
4381,田 路 朋 史,3,4,0.158,0.15,0.17,25.0,参考
3303,渡 辺 豊,6,5,0.218,0.18,0.27,0.0,C
5098,大 江 純,6,4,0.182,0.13,0.23,25.0,参考
5191,飛 田 江 己,1,5,0.108,0.03,0.22,60.0,C
5208,屋 良 龍 紀,2,7,0.17,0.08,0.26,14.29,C
5210,藤 井 公 人,4,8,0.168,0.08,0.33,25.0,C
3303,渡 辺 豊,4,3,0.187,0.13,0.26,0.0,参考
5046,松 山 裕 基,2,9,0.213,0.07,0.33,0.0,C
4933,板 橋 侑 我,3,4,0.155,0.07,0.28,0.0,参考
3618,海 野 ゆかり,5,9,0.132,0.05,0.26,0.0,C
3347,矢 後 剛,4,4,0.18,0.17,0.19,25.0,参考
5283,植 木 美 帆,6,4,0.22,0.19,0.25,0.0,参考
4786,佐 藤 博 亮,1,8,0.174,0.13,0.24,50.0,C
4103,山 崎 善 庸,4,3,0.187,0.15,0.26,0.0,参考
3805,高 橋 英 之,2,3,0.117,0.08,0.15,33.33,参考
5196,鰐 部 太空海,6,4,0.173,0.13,0.27,0.0,参考
5046,松 山 裕 基,3,7,0.194,0.14,0.26,0.0,C
4540,相 原 利 章,6,4,0.148,0.05,0.23,25.0,参考
5190,大 月 遊 雅,5,6,0.163,0.11,0.23,16.67,C
4462,夏 山 亮 平,1,3,0.123,0.11,0.13,66.67,参考
4821,妻 鳥 晋 也,2,3,0.213,0.18,0.24,0.0,参考
4540,相 原 利 章,1,4,0.12,0.06,0.18,100.0,参考
4727,安 部 慎 一,3,4,0.28,0.19,0.34,0.0,参考
5196,鰐 部 太空海,5,4,0.15,0.07,0.21,50.0,参考
5190,大 月 遊 雅,2,6,0.16,0.08,0.23,16.67,C
4905,土 井 祥 伍,2,4,0.172,0.12,0.24,0.0,参考
4791,黒 澤 めぐみ,3,5,0.17,0.11,0.23,0.0,C
4133,高 橋 正 男,6,6,0.163,0.11,0.25,16.67,C
5190,大 月 遊 雅,3,6,0.163,0.05,0.25,50.0,C
4786,佐 藤 博 亮,4,4,0.138,0.08,0.28,50.0,参考
5046,松 山 裕 基,4,7,0.14,0.04,0.21,28.57,C
3805,高 橋 英 之,1,4,0.193,0.15,0.24,25.0,参考
4540,相 原 利 章,2,3,0.133,0.07,0.22,33.33,参考
4300,加 藤 綾,4,3,0.2,0.16,0.25,0.0,参考
4905,土 井 祥 伍,5,3,0.18,0.09,0.28,0.0,参考
4933,板 橋 侑 我,1,7,0.119,0.02,0.3,57.14,C
4786,佐 藤 博 亮,6,6,0.098,0.01,0.21,66.67,C
4933,板 橋 侑 我,5,5,0.096,0.03,0.15,40.0,C
5046,松 山 裕 基,6,5,0.13,0.06,0.24,20.0,C
4821,妻 鳥 晋 也,3,3,0.137,0.11,0.16,0.0,参考
4103,山 崎 善 庸,2,4,0.21,0.14,0.31,0.0,参考
4791,黒 澤 めぐみ,2,7,0.147,0.07,0.26,0.0,C
5190,大 月 遊 雅,4,5,0.194,0.06,0.39,20.0,C
4786,佐 藤 博 亮,2,5,0.132,0.08,0.18,40.0,C
4905,土 井 祥 伍,3,4,0.163,0.13,0.21,0.0,参考
3805,高 橋 英 之,4,4,0.1,0.07,0.14,50.0,参考
4207,松 下 一 也,2,5,0.17,0.09,0.28,20.0,C
4933,板 橋 侑 我,2,3,0.163,0.15,0.17,0.0,参考
5046,松 山 裕 基,5,6,0.167,0.03,0.41,16.67,C
4540,相 原 利 章,3,3,0.103,0.09,0.12,0.0,参考
4526,池 田 雄 祐,6,3,0.12,0.09,0.16,0.0,参考
4905,土 井 祥 伍,4,4,0.152,0.09,0.2,25.0,参考
4727,安 部 慎 一,2,3,0.173,0.13,0.25,0.0,参考
4786,佐 藤 博 亮,5,4,0.113,0.08,0.14,50.0,参考
5190,大 月 遊 雅,6,3,0.16,0.13,0.21,0.0,参考
4791,黒 澤 めぐみ,1,3,0.163,0.11,0.23,33.33,参考
3784,中 島 友 和,6,4,0.152,0.08,0.26,50.0,参考
4960,黒 野 元 基,4,3,0.173,0.07,0.28,0.0,参考
3686,鳥居塚 孝 博,1,4,0.147,0.08,0.25,25.0,参考
4995,田 邉 亮 蔵,4,5,0.122,0.07,0.21,20.0,C
4383,竹 田 吉 行,2,5,0.166,0.14,0.19,20.0,C
5025,粟 田 祥,4,4,0.105,0.01,0.15,50.0,参考
4735,角 山 雄 哉,5,5,0.232,0.07,0.36,40.0,C
3784,中 島 友 和,3,5,0.158,0.12,0.24,20.0,C
4278,藤 岡 俊 介,1,7,0.119,0.01,0.17,85.71,C
4995,田 邉 亮 蔵,3,5,0.172,0.09,0.24,0.0,C
4278,藤 岡 俊 介,4,5,0.086,0.01,0.15,60.0,C
4960,黒 野 元 基,6,6,0.115,0.01,0.19,16.67,C
5025,粟 田 祥,2,8,0.165,0.1,0.29,12.5,C
4383,竹 田 吉 行,5,6,0.17,0.11,0.25,0.0,C
5240,高 橋 龍 治,4,4,0.338,0.09,0.67,25.0,参考
3784,中 島 友 和,4,6,0.16,0.09,0.23,33.33,C
4995,田 邉 亮 蔵,2,7,0.179,0.04,0.25,14.29,C
4202,浮 田 圭 浩,3,4,0.213,0.17,0.28,0.0,参考
4960,黒 野 元 基,1,8,0.155,0.02,0.32,37.5,C
3686,鳥居塚 孝 博,6,4,0.198,0.09,0.31,0.0,参考
4278,藤 岡 俊 介,2,4,0.11,0.07,0.14,25.0,参考
4383,竹 田 吉 行,3,5,0.208,0.08,0.37,0.0,C
4995,田 邉 亮 蔵,5,3,0.223,0.17,0.33,0.0,参考
5210,藤 井 公 人,5,5,0.208,0.12,0.32,0.0,C
3686,鳥居塚 孝 博,2,4,0.165,0.14,0.18,25.0,参考
5025,粟 田 祥,5,6,0.165,0.08,0.33,33.33,C
4960,黒 野 元 基,3,3,0.153,0.12,0.19,0.0,参考
4383,竹 田 吉 行,1,3,0.207,0.09,0.28,33.33,参考
4278,藤 岡 俊 介,3,5,0.156,0.01,0.44,40.0,C
3784,中 島 友 和,1,3,0.173,0.15,0.2,0.0,参考
4960,黒 野 元 基,2,4,0.135,0.08,0.17,0.0,参考
4152,深 水 慎一郎,2,3,0.143,0.09,0.22,66.67,参考
3686,鳥居塚 孝 博,3,4,0.147,0.11,0.22,25.0,参考
5240,高 橋 龍 治,2,5,0.14,0.06,0.24,40.0,C
3918,深 井 利 寿,6,5,0.242,0.17,0.37,20.0,C
3784,中 島 友 和,2,5,0.152,0.11,0.21,20.0,C
4383,竹 田 吉 行,4,3,0.16,0.11,0.23,33.33,参考
4355,小 川 広 大,6,4,0.205,0.17,0.24,25.0,参考
4735,角 山 雄 哉,6,4,0.115,0.04,0.18,0.0,参考
5240,高 橋 龍 治,3,3,0.17,0.09,0.26,33.33,参考
4995,田 邉 亮 蔵,6,3,0.223,0.13,0.31,0.0,参考
4355,小 川 広 大,4,8,0.188,0.09,0.29,12.5,C
5177,松 井 貫 太,5,12,0.205,0.11,0.34,0.0,B
4099,吉 永 則 雄,1,5,0.198,0.15,0.24,0.0,C
4570,前 田 聖 文,3,5,0.112,0.05,0.17,60.0,C
5076,石 原 光,6,4,0.13,0.08,0.16,25.0,参考
5076,石 原 光,4,4,0.223,0.18,0.31,0.0,参考
4543,重 木 輝 彦,2,5,0.178,0.12,0.25,20.0,C
3489,大 場 敏,6,4,0.17,0.11,0.25,0.0,参考
4570,前 田 聖 文,6,4,0.158,0.11,0.24,50.0,参考
4839,四 宮 与 寛,3,3,0.16,0.14,0.18,33.33,参考
3945,橋 口 真 樹,2,4,0.258,0.11,0.31,0.0,参考
3930,岸 本 隆,4,5,0.152,0.1,0.23,40.0,C
4944,田 代 達 也,6,4,0.212,0.15,0.31,0.0,参考
4728,山 口 亮,3,4,0.145,0.05,0.19,25.0,参考
5076,石 原 光,2,4,0.147,0.04,0.21,25.0,参考
4839,四 宮 与 寛,6,3,0.163,0.14,0.2,0.0,参考
3871,池 田 紫 乃,2,4,0.14,0.09,0.19,0.0,参考
4099,吉 永 則 雄,5,7,0.143,0.05,0.26,42.86,C
3489,大 場 敏,1,6,0.152,0.03,0.28,33.33,C
4570,前 田 聖 文,1,4,0.133,0.05,0.24,25.0,参考
4543,重 木 輝 彦,3,4,0.113,0.08,0.19,0.0,参考
3489,大 場 敏,4,5,0.122,0.09,0.18,20.0,C
4839,四 宮 与 寛,5,3,0.117,0.02,0.19,0.0,参考
3871,池 田 紫 乃,5,5,0.162,0.12,0.21,40.0,C
4839,四 宮 与 寛,4,3,0.107,0.1,0.11,66.67,参考
3775,泉 啓 文,1,3,0.177,0.09,0.23,0.0,参考
4099,吉 永 則 雄,3,6,0.163,0.08,0.31,16.67,C
5076,石 原 光,5,3,0.173,0.16,0.18,0.0,参考
3813,佐 藤 大 介,6,5,0.158,0.04,0.35,0.0,C
3627,井 上 恵 一,4,6,0.175,0.07,0.25,0.0,C
3813,佐 藤 大 介,4,4,0.143,0.11,0.19,25.0,参考
3775,泉 啓 文,4,3,0.163,0.06,0.24,33.33,参考
4543,重 木 輝 彦,6,3,0.127,0.04,0.26,33.33,参考
5207,高 山 敬 悟,3,6,0.217,0.13,0.38,0.0,C
4570,前 田 聖 文,5,3,0.127,0.1,0.17,0.0,参考
4839,四 宮 与 寛,1,3,0.103,0.09,0.13,66.67,参考
5207,高 山 敬 悟,6,10,0.112,0.06,0.16,50.0,B
5207,高 山 敬 悟,2,9,0.229,0.08,0.36,0.0,C
4570,前 田 聖 文,4,4,0.073,0.05,0.09,25.0,参考
4878,西 岡 育 未,3,3,0.207,0.15,0.29,0.0,参考
4464,山 下 友 貴,4,5,0.244,0.18,0.31,0.0,C
3618,海 野 ゆかり,2,6,0.168,0.12,0.25,16.67,C
5203,神 里 琴 音,3,12,0.168,0.08,0.32,16.67,B
5129,山 口 真喜子,5,3,0.21,0.16,0.28,0.0,参考
3232,山 川 美由紀,2,4,0.173,0.11,0.21,0.0,参考
4464,山 下 友 貴,3,5,0.218,0.16,0.29,0.0,C
3845,中 谷 朋 子,4,5,0.222,0.11,0.28,0.0,C
4884,勝 浦 真 帆,2,4,0.165,0.08,0.2,50.0,参考
4993,下 野 京 香,4,3,0.213,0.18,0.27,33.33,参考
5218,山 田 理 央,6,7,0.18,0.12,0.26,14.29,C
4283,石 井 裕 美,3,3,0.153,0.11,0.19,0.0,参考
5203,神 里 琴 音,5,10,0.156,0.04,0.34,40.0,B
3357,福 島 陽 子,4,3,0.197,0.13,0.27,0.0,参考
4884,勝 浦 真 帆,4,6,0.138,0.08,0.22,16.67,C
3232,山 川 美由紀,6,3,0.157,0.12,0.22,33.33,参考
5218,山 田 理 央,2,8,0.159,0.07,0.23,0.0,C
4884,勝 浦 真 帆,3,7,0.103,0.03,0.22,71.43,C
5281,井 上 遥 妃,4,3,0.17,0.08,0.27,33.33,参考
4464,山 下 友 貴,6,5,0.23,0.17,0.3,0.0,C
3232,山 川 美由紀,1,10,0.102,0.06,0.22,70.0,B
5189,藤 原 早 菜,2,4,0.253,0.12,0.32,0.0,参考
5129,山 口 真喜子,3,3,0.17,0.11,0.24,0.0,参考
5218,山 田 理 央,4,5,0.158,0.06,0.28,60.0,C
3845,中 谷 朋 子,5,3,0.153,0.03,0.25,0.0,参考
4464,山 下 友 貴,2,5,0.116,0.01,0.22,40.0,C
3232,山 川 美由紀,4,9,0.179,0.05,0.34,33.33,C
4884,勝 浦 真 帆,5,6,0.155,0.04,0.47,16.67,C
3845,中 谷 朋 子,1,6,0.185,0.13,0.24,16.67,C
5163,清 水 愛 海,6,6,0.253,0.13,0.41,0.0,C
5203,神 里 琴 音,2,14,0.18,0.08,0.29,7.14,B
5163,清 水 愛 海,3,3,0.1,0.02,0.2,0.0,参考
5189,藤 原 早 菜,4,4,0.268,0.21,0.33,0.0,参考
4884,勝 浦 真 帆,1,4,0.147,0.11,0.21,25.0,参考
5163,清 水 愛 海,4,4,0.143,0.07,0.21,25.0,参考
3232,山 川 美由紀,5,4,0.118,0.04,0.27,50.0,参考
5203,神 里 琴 音,6,7,0.13,0.06,0.23,57.14,C
5129,山 口 真喜子,2,3,0.17,0.11,0.23,0.0,参考
4464,山 下 友 貴,5,5,0.164,0.11,0.25,40.0,C
5218,山 田 理 央,3,8,0.106,0.01,0.21,12.5,C
4464,山 下 友 貴,1,5,0.152,0.07,0.19,40.0,C
3845,中 谷 朋 子,3,5,0.226,0.13,0.31,0.0,C
3188,日 高 逸 子,6,3,0.187,0.08,0.26,33.33,参考
4443,津 田 裕 絵,4,3,0.187,0.13,0.22,0.0,参考
5218,山 田 理 央,1,4,0.115,0.03,0.18,75.0,参考
5286,坂 井 滉 哉,5,6,0.132,0.02,0.21,33.33,C
4724,吉 田 祐 貴,2,5,0.122,0.08,0.16,0.0,C
4939,宮之原 輝 紀,1,5,0.15,0.08,0.26,40.0,C
4473,藤 堂 里 香,2,5,0.102,0.03,0.17,40.0,C
4243,西 村 歩,5,8,0.134,0.05,0.27,25.0,C
3736,岡 本 猛,2,4,0.198,0.11,0.25,0.0,参考
5182,宮 崎 安 奈,4,4,0.128,0.06,0.18,25.0,参考
4243,西 村 歩,2,8,0.128,0.07,0.19,50.0,C
4816,村 松 修 二,1,3,0.183,0.1,0.26,0.0,参考
3606,川 北 浩 貴,5,5,0.14,0.05,0.26,20.0,C
3736,岡 本 猛,1,5,0.164,0.02,0.23,20.0,C
4724,吉 田 祐 貴,3,6,0.187,0.14,0.23,0.0,C
4702,三 浦 敬 太,3,4,0.117,0.05,0.18,25.0,参考
5182,宮 崎 安 奈,2,7,0.173,0.08,0.35,0.0,C
3852,澤 大 介,4,3,0.123,0.11,0.13,33.33,参考
4724,吉 田 祐 貴,5,6,0.148,0.09,0.19,0.0,C
3736,岡 本 猛,4,7,0.189,0.08,0.33,28.57,C
5182,宮 崎 安 奈,6,4,0.18,0.03,0.35,25.0,参考
4243,西 村 歩,3,5,0.126,0.07,0.16,40.0,C
4715,村 上 遼,4,3,0.153,0.05,0.24,0.0,参考
3736,岡 本 猛,6,3,0.177,0.13,0.24,0.0,参考
4939,宮之原 輝 紀,5,3,0.123,0.09,0.15,33.33,参考
3852,澤 大 介,3,3,0.14,0.09,0.18,0.0,参考
4724,吉 田 祐 貴,1,3,0.153,0.11,0.2,0.0,参考
4243,西 村 歩,4,5,0.204,0.14,0.34,0.0,C
5182,宮 崎 安 奈,5,4,0.03,0.01,0.08,100.0,参考
4724,吉 田 祐 貴,4,4,0.155,0.11,0.23,25.0,参考
3852,澤 大 介,6,4,0.088,0.04,0.17,50.0,参考
5286,坂 井 滉 哉,4,8,0.133,0.03,0.26,25.0,C
4816,村 松 修 二,3,3,0.193,0.08,0.38,33.33,参考
5016,宮 田 龍 馬,1,6,0.167,0.05,0.29,50.0,C
5303,土 井 歩 夢,5,5,0.116,0.07,0.19,0.0,C
5136,濱 野 斗 馬,1,4,0.08,0.04,0.15,25.0,参考
5017,澤 田 尚 也,3,3,0.127,0.07,0.19,33.33,参考
5074,大 澤 誠 也,3,4,0.143,0.06,0.26,0.0,参考
5308,藤 森 拓 海,6,23,0.237,0.0,0.47,4.35,A
5147,田 中 勇 輔,2,4,0.11,0.0,0.17,50.0,参考
5216,長谷川 晴 哉,5,3,0.203,0.14,0.25,33.33,参考
5051,松 本 純 平,4,4,0.22,0.15,0.3,0.0,参考
5246,楠 将太郎,3,4,0.173,0.11,0.27,0.0,参考
4976,金 山 立 樹,4,8,0.121,0.05,0.24,37.5,C
5095,小 原 聡 将,6,3,0.12,0.09,0.15,33.33,参考
5127,沼 田 大 都,3,3,0.163,0.12,0.19,0.0,参考
5136,濱 野 斗 馬,2,4,0.11,0.08,0.19,25.0,参考
5039,倉 田 茂 将,2,4,0.147,0.11,0.22,0.0,参考
5183,中 野 孝 二,3,3,0.133,0.05,0.27,33.33,参考
5016,宮 田 龍 馬,4,4,0.135,0.11,0.16,0.0,参考
5308,藤 森 拓 海,5,5,0.162,0.11,0.29,0.0,C
4976,金 山 立 樹,1,3,0.11,0.09,0.15,33.33,参考
5216,長谷川 晴 哉,3,3,0.167,0.08,0.23,0.0,参考
5089,前 田 翔,6,5,0.17,0.1,0.23,0.0,C
5179,藤 本 元 輝,2,4,0.185,0.09,0.26,50.0,参考
5084,末 永 和 也,3,5,0.174,0.07,0.24,20.0,C
5017,澤 田 尚 也,1,3,0.097,0.04,0.13,33.33,参考
5081,篠 原 飛 翔,6,4,0.22,0.09,0.39,0.0,参考
5147,田 中 勇 輔,4,4,0.085,0.02,0.17,75.0,参考
5005,石 田 貴 洋,1,4,0.155,0.12,0.23,25.0,参考
5095,小 原 聡 将,1,4,0.147,0.09,0.22,75.0,参考
5016,宮 田 龍 馬,5,4,0.155,0.12,0.19,50.0,参考
5136,濱 野 斗 馬,3,4,0.092,0.07,0.12,75.0,参考
5127,沼 田 大 都,5,4,0.223,0.14,0.31,0.0,参考
4976,金 山 立 樹,6,5,0.254,0.11,0.44,20.0,C
5089,前 田 翔,1,5,0.14,0.04,0.27,40.0,C
5005,石 田 貴 洋,2,3,0.113,0.08,0.13,0.0,参考
5308,藤 森 拓 海,4,3,0.263,0.16,0.42,0.0,参考
5216,長谷川 晴 哉,2,4,0.175,0.06,0.39,25.0,参考
5074,大 澤 誠 也,4,5,0.156,0.08,0.28,20.0,C
5147,田 中 勇 輔,5,3,0.113,0.0,0.31,66.67,参考
5127,沼 田 大 都,2,3,0.123,0.09,0.18,0.0,参考
5089,前 田 翔,4,4,0.177,0.12,0.24,0.0,参考
5179,藤 本 元 輝,5,3,0.127,0.01,0.3,66.67,参考
5028,原 田 才一郎,5,4,0.242,0.1,0.37,25.0,参考
5051,松 本 純 平,1,7,0.124,0.05,0.22,14.29,C
5074,大 澤 誠 也,2,6,0.18,0.1,0.31,0.0,C
5095,小 原 聡 将,3,4,0.113,0.08,0.15,25.0,参考
5150,坂 本 雄 紀,5,3,0.08,0.05,0.11,66.67,参考
5136,濱 野 斗 馬,6,3,0.153,0.14,0.17,0.0,参考
5216,長谷川 晴 哉,6,5,0.148,0.07,0.22,40.0,C
5166,仲 道 大 輔,4,4,0.14,0.08,0.21,0.0,参考
5179,藤 本 元 輝,3,3,0.157,0.03,0.27,33.33,参考
5127,沼 田 大 都,6,3,0.223,0.11,0.39,0.0,参考
4976,金 山 立 樹,2,6,0.133,0.06,0.23,16.67,C
5051,松 本 純 平,5,4,0.175,0.1,0.22,0.0,参考
5307,富 永 夏哉人,4,3,0.117,0.11,0.13,0.0,参考
5089,前 田 翔,3,4,0.102,0.01,0.21,0.0,参考
4976,金 山 立 樹,5,5,0.138,0.03,0.2,0.0,C
5074,大 澤 誠 也,6,3,0.177,0.03,0.26,33.33,参考
5246,楠 将太郎,2,3,0.167,0.14,0.19,0.0,参考
5051,松 本 純 平,2,4,0.102,0.06,0.15,0.0,参考
5089,前 田 翔,5,3,0.163,0.14,0.2,0.0,参考
5147,田 中 勇 輔,6,3,0.123,0.11,0.15,33.33,参考
4976,金 山 立 樹,3,6,0.173,0.07,0.27,0.0,C
5308,藤 森 拓 海,3,3,0.167,0.11,0.23,0.0,参考
5074,大 澤 誠 也,5,3,0.19,0.17,0.21,0.0,参考
5016,宮 田 龍 馬,6,3,0.16,0.08,0.24,0.0,参考
5095,小 原 聡 将,2,3,0.14,0.07,0.22,33.33,参考
5095,小 原 聡 将,4,3,0.1,0.07,0.13,66.67,参考
5207,高 山 敬 悟,5,7,0.144,0.1,0.21,0.0,C
5136,濱 野 斗 馬,4,3,0.153,0.07,0.31,66.67,参考
4398,船 岡 洋一郎,2,7,0.184,0.11,0.27,0.0,C
3556,田 中 信一郎,6,5,0.142,0.07,0.27,0.0,C
4370,山 口 達 也,3,4,0.145,0.07,0.25,25.0,参考
4832,権 藤 俊 光,1,3,0.193,0.14,0.27,0.0,参考
3422,服 部 幸 男,5,5,0.164,0.09,0.32,20.0,C
4856,豊 田 健士郎,2,3,0.183,0.09,0.29,0.0,参考
3556,田 中 信一郎,2,4,0.118,0.05,0.16,25.0,参考
4013,中 島 孝 平,6,4,0.185,0.14,0.22,0.0,参考
3422,服 部 幸 男,2,4,0.103,0.05,0.13,0.0,参考
4013,中 島 孝 平,3,4,0.13,0.09,0.15,25.0,参考
4095,福 来 剛,5,5,0.136,0.04,0.19,40.0,C
4832,権 藤 俊 光,3,3,0.103,0.05,0.17,33.33,参考
4398,船 岡 洋一郎,6,4,0.152,0.05,0.21,50.0,参考
4682,大 上 卓 人,6,3,0.157,0.09,0.19,0.0,参考
4074,柳 沢 一,3,6,0.102,0.03,0.17,33.33,C
3554,仲 口 博 崇,5,3,0.18,0.16,0.19,0.0,参考
4013,中 島 孝 平,1,4,0.115,0.03,0.19,50.0,参考
4398,船 岡 洋一郎,4,7,0.103,0.05,0.15,14.29,C
3940,飯 山 泰,6,4,0.083,0.07,0.1,50.0,参考
3556,田 中 信一郎,1,6,0.148,0.0,0.21,16.67,C
3554,仲 口 博 崇,2,3,0.197,0.11,0.29,0.0,参考
3422,服 部 幸 男,4,3,0.127,0.07,0.19,0.0,参考
4398,船 岡 洋一郎,1,12,0.128,0.06,0.24,66.67,B
3556,田 中 信一郎,5,4,0.14,0.09,0.22,0.0,参考
4013,中 島 孝 平,4,3,0.07,0.06,0.09,66.67,参考
3556,田 中 信一郎,4,6,0.135,0.08,0.21,16.67,C
4398,船 岡 洋一郎,3,3,0.063,0.0,0.11,66.67,参考
4832,権 藤 俊 光,2,3,0.163,0.09,0.26,33.33,参考
4074,柳 沢 一,1,5,0.076,0.01,0.18,60.0,C
3422,服 部 幸 男,1,4,0.168,0.08,0.24,25.0,参考
4398,船 岡 洋一郎,5,6,0.158,0.08,0.28,0.0,C
3556,田 中 信一郎,3,4,0.12,0.06,0.19,0.0,参考
3557,太 田 和 美,4,3,0.133,0.09,0.16,0.0,参考
4074,柳 沢 一,4,4,0.155,0.09,0.23,50.0,参考
3949,今 出 晋 二,3,5,0.126,0.03,0.31,20.0,C
5057,上 田 紗 奈,2,3,0.163,0.09,0.21,0.0,参考
5048,眞 鳥 康 太,2,6,0.223,0.09,0.39,0.0,C
4973,栗 原 直 也,6,5,0.178,0.09,0.25,0.0,C
5092,篠 原 晟 弥,6,7,0.163,0.02,0.41,42.86,C
5057,上 田 紗 奈,3,4,0.17,0.07,0.21,0.0,参考
5092,篠 原 晟 弥,5,6,0.122,0.06,0.18,33.33,C
5048,眞 鳥 康 太,5,5,0.192,0.04,0.37,20.0,C
3949,今 出 晋 二,6,4,0.17,0.03,0.33,25.0,参考
4973,栗 原 直 也,1,5,0.164,0.08,0.27,40.0,C
5057,上 田 紗 奈,5,4,0.175,0.08,0.31,0.0,参考
5048,眞 鳥 康 太,3,6,0.165,0.09,0.28,0.0,C
3949,今 出 晋 二,2,4,0.163,0.15,0.19,25.0,参考
3620,信 濃 由 行,4,3,0.103,0.08,0.12,33.33,参考
4973,栗 原 直 也,5,4,0.12,0.1,0.15,0.0,参考
5185,加 藤 優 弥,3,3,0.137,0.11,0.16,0.0,参考
3620,信 濃 由 行,3,3,0.153,0.13,0.18,0.0,参考
5048,眞 鳥 康 太,4,3,0.14,0.11,0.18,0.0,参考
4973,栗 原 直 也,3,5,0.192,0.11,0.29,40.0,C
3949,今 出 晋 二,4,5,0.08,0.01,0.22,80.0,C
5048,眞 鳥 康 太,6,5,0.192,0.08,0.27,0.0,C
3949,今 出 晋 二,1,3,0.11,0.07,0.14,33.33,参考
5261,岡 暢 祐,4,3,0.113,0.07,0.15,33.33,参考
3949,今 出 晋 二,5,6,0.167,0.09,0.21,16.67,C
4973,栗 原 直 也,2,5,0.214,0.09,0.33,40.0,C
3703,鳥 飼 眞,4,12,0.144,0.03,0.25,8.33,B
3703,鳥 飼 眞,5,8,0.175,0.13,0.23,0.0,C
5207,高 山 敬 悟,4,11,0.18,0.11,0.46,27.27,B
5268,山 本 幸 也,4,5,0.168,0.06,0.28,0.0,C
3703,鳥 飼 眞,6,5,0.136,0.12,0.16,20.0,C
3703,鳥 飼 眞,3,12,0.152,0.07,0.31,50.0,B
4005,瀬 川 公 則,6,3,0.257,0.19,0.33,0.0,参考
5034,若 林 義 人,5,3,0.123,0.07,0.16,0.0,参考
3921,川 村 正 輝,5,5,0.194,0.17,0.24,0.0,C
3975,小野寺 智 洋,6,5,0.14,0.09,0.19,20.0,C
3442,宮 武 英 司,2,4,0.15,0.11,0.19,0.0,参考
4509,平 見 真 彦,6,5,0.188,0.02,0.31,0.0,C
3921,川 村 正 輝,2,6,0.1,0.04,0.18,0.0,C
5114,小 林 孝 彰,4,3,0.133,0.05,0.19,33.33,参考
3975,小野寺 智 洋,4,4,0.115,0.04,0.18,0.0,参考
3233,小 畑 実 成,6,6,0.165,0.11,0.21,50.0,C
3442,宮 武 英 司,1,8,0.147,0.05,0.27,37.5,C
4509,平 見 真 彦,2,3,0.167,0.12,0.21,0.0,参考
3921,川 村 正 輝,3,3,0.137,0.13,0.14,0.0,参考
3442,宮 武 英 司,4,5,0.116,0.07,0.19,40.0,C
4509,平 見 真 彦,4,5,0.156,0.05,0.22,20.0,C
3921,川 村 正 輝,4,5,0.2,0.16,0.28,40.0,C
4509,平 見 真 彦,5,3,0.207,0.18,0.23,0.0,参考
3975,小野寺 智 洋,1,7,0.11,0.02,0.26,42.86,C
3708,岡 部 貴 司,6,5,0.128,0.09,0.16,40.0,C
3442,宮 武 英 司,5,6,0.175,0.1,0.25,0.0,C
3921,川 村 正 輝,6,4,0.225,0.16,0.29,0.0,参考
3975,小野寺 智 洋,5,7,0.156,0.13,0.19,0.0,C
3233,小 畑 実 成,3,5,0.178,0.13,0.23,20.0,C
3921,川 村 正 輝,1,3,0.127,0.06,0.17,33.33,参考
3826,村 田 修 次,1,7,0.163,0.09,0.27,28.57,C
4200,早 川 尚 人,2,5,0.198,0.15,0.27,20.0,C
4899,占 部 一 真,4,3,0.197,0.14,0.27,0.0,参考
3558,山 本 浩 次,5,3,0.16,0.09,0.26,33.33,参考
5312,川 辺 郭 人,6,14,0.207,0.04,0.37,0.0,B
4200,早 川 尚 人,4,5,0.234,0.19,0.26,20.0,C
4237,大 峯 豊,6,3,0.25,0.13,0.35,0.0,参考
3826,村 田 修 次,4,5,0.11,0.07,0.16,40.0,C
4899,占 部 一 真,2,5,0.192,0.13,0.3,0.0,C
3558,山 本 浩 次,1,3,0.127,0.06,0.2,33.33,参考
3966,作 間 章,1,3,0.147,0.08,0.2,33.33,参考
4200,早 川 尚 人,5,6,0.172,0.04,0.36,50.0,C
3826,村 田 修 次,6,4,0.113,0.09,0.14,25.0,参考
3826,村 田 修 次,5,6,0.102,0.04,0.19,33.33,C
3286,坂 東 満,3,3,0.16,0.15,0.17,0.0,参考
3966,作 間 章,3,4,0.185,0.04,0.26,0.0,参考
4200,早 川 尚 人,3,6,0.105,0.03,0.18,16.67,C
4899,占 部 一 真,5,5,0.29,0.16,0.44,0.0,C
3286,坂 東 満,2,4,0.103,0.05,0.17,50.0,参考
3286,坂 東 満,4,3,0.17,0.03,0.27,33.33,参考
4497,桑 原 悠,4,3,0.127,0.11,0.16,0.0,参考
4174,赤 坂 俊 輔,5,3,0.137,0.08,0.21,33.33,参考
4174,赤 坂 俊 輔,3,6,0.13,0.07,0.23,16.67,C
3777,樋 口 亮,6,5,0.164,0.08,0.24,0.0,C
5121,定 松 勇 樹,6,4,0.163,0.1,0.23,0.0,参考
4174,赤 坂 俊 輔,1,5,0.12,0.07,0.15,40.0,C
4174,赤 坂 俊 輔,4,3,0.143,0.12,0.16,33.33,参考
5289,佃 來 紀,6,5,0.23,0.19,0.29,20.0,C
4134,杉 山 貴 博,1,3,0.093,0.06,0.14,66.67,参考
4016,西 川 新太郎,4,7,0.181,0.06,0.26,28.57,C
5289,佃 來 紀,5,4,0.19,0.12,0.25,50.0,参考
4154,森 安 弘 雅,2,3,0.22,0.19,0.24,0.0,参考
4518,大須賀 友,5,3,0.173,0.11,0.24,0.0,参考
4016,西 川 新太郎,1,5,0.126,0.09,0.2,40.0,C
4491,田 中 堅,1,3,0.18,0.15,0.21,33.33,参考
4518,大須賀 友,1,4,0.172,0.15,0.2,0.0,参考
4134,杉 山 貴 博,2,3,0.14,0.08,0.18,0.0,参考
4016,西 川 新太郎,6,6,0.167,0.01,0.35,33.33,C
4254,川 島 圭 司,4,4,0.092,0.06,0.15,75.0,参考
4016,西 川 新太郎,5,4,0.11,0.07,0.15,0.0,参考
4016,西 川 新太郎,2,4,0.143,0.02,0.27,25.0,参考
4518,大須賀 友,2,3,0.16,0.12,0.18,0.0,参考
5209,小 野 京 平,6,5,0.21,0.02,0.37,40.0,C
5209,小 野 京 平,3,3,0.1,0.06,0.13,33.33,参考
3784,中 島 友 和,5,4,0.238,0.06,0.46,50.0,参考
5249,三 木 晴 斗,6,4,0.14,0.01,0.23,50.0,参考
5182,宮 崎 安 奈,3,3,0.18,0.12,0.23,0.0,参考
5209,小 野 京 平,2,3,0.127,0.09,0.15,33.33,参考
4618,乃 村 康 友,4,3,0.137,0.08,0.22,33.33,参考
4618,乃 村 康 友,2,3,0.127,0.06,0.25,33.33,参考
5276,大 島 隆乃介,4,6,0.162,0.06,0.21,0.0,C
4980,佐々木 完 太,4,5,0.148,0.09,0.19,20.0,C
5060,数 原 魁,4,5,0.148,0.08,0.26,40.0,C
4977,馬 野 耀,5,3,0.1,0.08,0.13,66.67,参考
5265,大 廣 咲 季,6,12,0.212,0.11,0.33,0.0,B
4315,山 崎 昂 介,5,5,0.124,0.08,0.2,20.0,C
4980,佐々木 完 太,6,4,0.182,0.16,0.22,0.0,参考
5265,大 廣 咲 季,5,10,0.188,0.04,0.29,0.0,B
4977,馬 野 耀,6,4,0.18,0.15,0.21,0.0,参考
5060,数 原 魁,2,3,0.177,0.11,0.25,66.67,参考
4274,長 畑 友 輔,2,3,0.167,0.13,0.21,0.0,参考
4980,佐々木 完 太,1,6,0.117,0.05,0.18,66.67,C
4892,柴 田 直 哉,1,3,0.157,0.06,0.27,0.0,参考
4977,馬 野 耀,3,5,0.152,0.13,0.18,40.0,C
3771,折 下 寛 法,5,4,0.1,0.02,0.17,25.0,参考
4980,佐々木 完 太,5,3,0.14,0.09,0.23,0.0,参考
5060,数 原 魁,6,4,0.198,0.04,0.28,25.0,参考
4456,鎌 倉 涼,6,3,0.243,0.19,0.27,0.0,参考
4977,馬 野 耀,2,3,0.137,0.07,0.21,0.0,参考
5060,数 原 魁,3,3,0.13,0.08,0.2,0.0,参考
5265,大 廣 咲 季,4,8,0.133,0.03,0.21,25.0,C
4977,馬 野 耀,1,6,0.128,0.08,0.18,16.67,C
4980,佐々木 完 太,3,8,0.152,0.11,0.22,0.0,C
4980,佐々木 完 太,2,4,0.122,0.02,0.21,0.0,参考
4718,北 川 太 一,1,5,0.214,0.11,0.42,0.0,C
4813,宮 内 直 哉,2,4,0.168,0.12,0.21,25.0,参考
5211,高 井 駿 弥,5,3,0.083,0.04,0.16,33.33,参考
5330,安河内 鈴之介,6,30,0.175,0.02,0.38,13.33,A
4248,岡 本 大,5,3,0.327,0.24,0.39,0.0,参考
4813,宮 内 直 哉,3,5,0.15,0.11,0.21,0.0,C
5211,高 井 駿 弥,4,3,0.093,0.07,0.12,33.33,参考
4826,井 上 一 輝,5,4,0.092,0.04,0.15,50.0,参考
3681,山 谷 央,6,3,0.11,0.05,0.17,0.0,参考
4826,井 上 一 輝,6,3,0.147,0.11,0.18,0.0,参考
4813,宮 内 直 哉,5,5,0.164,0.12,0.23,20.0,C
3681,山 谷 央,1,6,0.122,0.06,0.2,33.33,C
4439,近 藤 友 宝,2,3,0.157,0.14,0.17,33.33,参考
3340,池 田 雷 太,4,3,0.203,0.18,0.25,0.0,参考
4826,井 上 一 輝,1,7,0.136,0.09,0.18,42.86,C
5211,高 井 駿 弥,3,4,0.188,0.14,0.31,0.0,参考
4439,近 藤 友 宝,5,3,0.157,0.04,0.22,33.33,参考
5211,高 井 駿 弥,6,5,0.222,0.11,0.39,20.0,C
3681,山 谷 央,5,3,0.18,0.06,0.27,33.33,参考
4813,宮 内 直 哉,4,3,0.18,0.14,0.22,0.0,参考
5211,高 井 駿 弥,2,6,0.193,0.06,0.29,0.0,C
4826,井 上 一 輝,4,4,0.225,0.11,0.36,25.0,参考
3681,山 谷 央,3,5,0.12,0.08,0.16,60.0,C
5223,森 清 友 翔,2,6,0.172,0.04,0.31,0.0,C
5223,森 清 友 翔,6,3,0.297,0.18,0.46,0.0,参考
5223,森 清 友 翔,5,7,0.163,0.05,0.25,0.0,C
4796,春 園 功 太,3,4,0.203,0.09,0.34,25.0,参考
5223,森 清 友 翔,3,4,0.223,0.12,0.39,0.0,参考
5223,森 清 友 翔,4,3,0.213,0.09,0.31,33.33,参考
4257,古 川 健,6,7,0.151,0.09,0.2,28.57,C
4633,森 智 也,4,3,0.157,0.08,0.23,0.0,参考
3596,河 上 年 昭,2,6,0.167,0.11,0.21,16.67,C
4690,高 石 梨 菜,5,5,0.168,0.05,0.29,0.0,C
4257,古 川 健,3,5,0.17,0.11,0.22,40.0,C
3736,岡 本 猛,3,4,0.16,0.12,0.19,0.0,参考
3596,河 上 年 昭,4,5,0.188,0.06,0.28,20.0,C
4910,中 村 泰 平,6,3,0.177,0.13,0.22,0.0,参考
4764,小 池 礼 乃,2,6,0.155,0.07,0.2,33.33,C
3596,河 上 年 昭,6,5,0.154,0.04,0.19,20.0,C
4910,中 村 泰 平,5,4,0.242,0.13,0.34,0.0,参考
4257,古 川 健,2,4,0.15,0.13,0.19,0.0,参考
4690,高 石 梨 菜,2,4,0.182,0.15,0.22,0.0,参考
3596,河 上 年 昭,3,8,0.14,0.06,0.19,50.0,C
4764,小 池 礼 乃,3,7,0.21,0.06,0.41,42.86,C
4910,中 村 泰 平,1,5,0.124,0.1,0.16,20.0,C
4257,古 川 健,5,3,0.16,0.13,0.21,33.33,参考
3596,河 上 年 昭,1,4,0.185,0.17,0.19,0.0,参考
4910,中 村 泰 平,2,4,0.145,0.1,0.19,25.0,参考
4690,高 石 梨 菜,4,3,0.26,0.18,0.31,0.0,参考
3596,河 上 年 昭,5,6,0.165,0.08,0.25,16.67,C
3736,岡 本 猛,5,3,0.187,0.12,0.23,0.0,参考
4257,古 川 健,4,3,0.053,0.01,0.12,66.67,参考
3508,久 富 政 弘,3,4,0.105,0.03,0.15,0.0,参考
5083,柳 瀬 幹 太,2,6,0.16,0.09,0.26,0.0,C
3769,佐 竹 恒 彦,5,4,0.135,0.09,0.18,50.0,参考
5006,久保原 秀 人,4,3,0.11,0.06,0.17,33.33,参考
5271,杉 山 太 陽,4,5,0.16,0.11,0.2,0.0,C
5083,柳 瀬 幹 太,4,7,0.146,0.08,0.27,57.14,C
5271,杉 山 太 陽,5,5,0.19,0.06,0.39,40.0,C
5083,柳 瀬 幹 太,3,6,0.155,0.08,0.25,33.33,C
3769,佐 竹 恒 彦,2,5,0.176,0.13,0.25,0.0,C
3508,久 富 政 弘,4,3,0.183,0.15,0.24,0.0,参考
3955,眞 田 英 二,4,6,0.177,0.11,0.3,0.0,C
4118,宇佐見 淳,6,4,0.165,0.11,0.23,25.0,参考
3955,眞 田 英 二,2,3,0.22,0.18,0.24,0.0,参考
4076,杉 田 篤 光,5,4,0.223,0.15,0.27,0.0,参考
5083,柳 瀬 幹 太,6,4,0.12,0.01,0.29,25.0,参考
4097,貫地谷 直 人,3,5,0.21,0.13,0.28,0.0,C
5336,瀬 川 大 地,6,20,0.231,0.06,0.41,0.0,A
4097,貫地谷 直 人,5,5,0.218,0.14,0.26,0.0,C
4803,飯 田 庄 吾,4,4,0.147,0.09,0.18,0.0,参考
5101,表 健 太,5,3,0.2,0.18,0.22,0.0,参考
4131,原 豊 土,5,4,0.113,0.05,0.27,25.0,参考
4097,貫地谷 直 人,2,4,0.212,0.14,0.29,0.0,参考
4803,飯 田 庄 吾,2,4,0.138,0.11,0.17,25.0,参考
5263,花 田 凱 成,4,4,0.117,0.06,0.21,25.0,参考
4639,雑 賀 勇 貴,1,3,0.127,0.08,0.15,0.0,参考
4016,西 川 新太郎,3,5,0.162,0.11,0.21,20.0,C
4215,吉 島 祥 之,1,6,0.177,0.07,0.29,33.33,C
4097,貫地谷 直 人,4,5,0.25,0.19,0.36,0.0,C
4097,貫地谷 直 人,6,3,0.177,0.13,0.21,0.0,参考
4991,宗 行 治 哉,6,3,0.227,0.13,0.36,0.0,参考
4895,門 間 雄 大,6,3,0.18,0.15,0.22,33.33,参考
5337,出 畑 孝 成,6,27,0.177,0.02,0.41,11.11,A
4446,和 田 兼 輔,5,4,0.198,0.08,0.29,0.0,参考
4991,宗 行 治 哉,2,3,0.157,0.15,0.17,0.0,参考
4446,和 田 兼 輔,1,5,0.138,0.09,0.19,60.0,C
4873,蒲 原 健 太,3,3,0.213,0.19,0.23,33.33,参考
4873,蒲 原 健 太,2,3,0.137,0.09,0.21,66.67,参考
4991,宗 行 治 哉,1,6,0.167,0.09,0.25,0.0,C
5226,藤 田 俊 祐,3,4,0.115,0.06,0.18,50.0,参考
4446,和 田 兼 輔,3,3,0.16,0.03,0.29,0.0,参考
5226,藤 田 俊 祐,5,3,0.197,0.11,0.33,0.0,参考
4564,山 本 景士郎,2,3,0.147,0.14,0.16,33.33,参考
4873,蒲 原 健 太,1,3,0.167,0.07,0.27,33.33,参考
3621,天 野 晶 夫,5,4,0.173,0.09,0.26,25.0,参考
4991,宗 行 治 哉,4,6,0.123,0.05,0.24,0.0,C
4873,蒲 原 健 太,4,3,0.147,0.06,0.25,0.0,参考
4991,宗 行 治 哉,5,4,0.12,0.05,0.19,50.0,参考
4390,松 本 弓 雄,1,3,0.207,0.15,0.24,0.0,参考
5041,荒 牧 凪 沙,2,3,0.177,0.06,0.28,0.0,参考
5041,荒 牧 凪 沙,5,4,0.107,0.02,0.19,0.0,参考
5041,荒 牧 凪 沙,4,3,0.237,0.14,0.42,0.0,参考
5208,屋 良 龍 紀,3,7,0.129,0.09,0.16,0.0,C
5330,安河内 鈴之介,5,13,0.128,0.06,0.24,30.77,B
5041,荒 牧 凪 沙,3,3,0.223,0.18,0.27,0.0,参考
4389,伊 藤 喜 智,2,4,0.193,0.13,0.23,0.0,参考
5324,畑 田 希 咲,6,4,0.263,0.19,0.34,0.0,参考
5106,山 崎 祥,4,3,0.22,0.18,0.25,0.0,参考
4389,伊 藤 喜 智,4,5,0.16,0.09,0.23,40.0,C
4243,西 村 歩,1,5,0.19,0.11,0.23,0.0,C
5106,山 崎 祥,2,5,0.174,0.11,0.27,0.0,C
4389,伊 藤 喜 智,5,5,0.128,0.08,0.17,60.0,C
4278,藤 岡 俊 介,5,5,0.106,0.07,0.16,40.0,C
5106,山 崎 祥,6,3,0.277,0.22,0.39,0.0,参考
4389,伊 藤 喜 智,3,5,0.188,0.15,0.23,0.0,C
4389,伊 藤 喜 智,6,3,0.163,0.14,0.19,0.0,参考
5257,西 丸 侑太朗,3,3,0.217,0.19,0.24,33.33,参考
4896,花 本 剛,4,4,0.242,0.14,0.36,0.0,参考
5257,西 丸 侑太朗,6,3,0.123,0.04,0.17,33.33,参考
5092,篠 原 晟 弥,3,4,0.133,0.06,0.21,25.0,参考
5092,篠 原 晟 弥,2,3,0.17,0.09,0.26,0.0,参考
3826,村 田 修 次,3,4,0.128,0.02,0.29,25.0,参考
5257,西 丸 侑太朗,4,5,0.118,0.06,0.22,60.0,C
5257,西 丸 侑太朗,5,4,0.155,0.07,0.22,0.0,参考
3619,長谷川 充,4,5,0.19,0.12,0.23,0.0,C
3619,長谷川 充,2,3,0.22,0.11,0.36,33.33,参考
3412,鈴 木 博,6,3,0.137,0.08,0.21,33.33,参考
3562,山 下 和 彦,6,3,0.177,0.11,0.25,0.0,参考
3226,浦 田 信 義,1,3,0.257,0.22,0.31,0.0,参考
3439,大 平 誉史明,5,5,0.162,0.1,0.31,40.0,C
3484,芝 田 浩 治,6,4,0.21,0.15,0.34,0.0,参考
3796,長 野 道 臣,3,7,0.151,0.11,0.21,28.57,C
3439,大 平 誉史明,6,3,0.147,0.08,0.23,33.33,参考
3319,山 崎 義 明,2,3,0.15,0.08,0.21,0.0,参考
3613,角 谷 健 吾,5,3,0.117,0.09,0.14,33.33,参考
3619,長谷川 充,5,3,0.173,0.17,0.18,0.0,参考
3619,長谷川 充,3,3,0.213,0.08,0.28,0.0,参考
3619,長谷川 充,1,4,0.152,0.13,0.17,25.0,参考
4104,木 下 陽 介,2,4,0.113,0.04,0.25,0.0,参考
5210,藤 井 公 人,3,5,0.164,0.15,0.19,40.0,C
4843,深 尾 巴 恵,5,3,0.153,0.11,0.19,0.0,参考
5358,増 本 杏 珠,6,20,0.282,0.12,0.54,0.0,A
3600,玄 馬 徹,5,7,0.214,0.11,0.3,0.0,C
5218,山 田 理 央,5,6,0.152,0.06,0.21,16.67,C
4519,清 水 沙 樹,4,5,0.176,0.09,0.32,20.0,C
4430,永 田 秀 二,1,6,0.138,0.01,0.21,50.0,C
4843,深 尾 巴 恵,1,4,0.203,0.07,0.39,25.0,参考
3600,玄 馬 徹,2,5,0.18,0.11,0.27,20.0,C
4430,永 田 秀 二,6,4,0.172,0.14,0.21,0.0,参考
4519,清 水 沙 樹,1,5,0.156,0.11,0.21,20.0,C
3600,玄 馬 徹,4,3,0.19,0.14,0.22,0.0,参考
4104,木 下 陽 介,6,3,0.157,0.08,0.28,33.33,参考
4843,深 尾 巴 恵,3,3,0.173,0.12,0.27,0.0,参考
4624,高 田 明,6,7,0.139,0.04,0.25,14.29,C
3600,玄 馬 徹,3,8,0.196,0.14,0.27,12.5,C
3863,海老澤 泰 行,3,6,0.178,0.14,0.24,0.0,C
4519,清 水 沙 樹,3,7,0.199,0.08,0.3,0.0,C
5210,藤 井 公 人,2,3,0.167,0.08,0.26,0.0,参考
4104,木 下 陽 介,3,4,0.212,0.13,0.36,50.0,参考
3442,宮 武 英 司,3,6,0.122,0.04,0.18,33.33,C
4519,清 水 沙 樹,6,4,0.135,0.08,0.18,50.0,参考
4430,永 田 秀 二,5,3,0.153,0.06,0.21,33.33,参考
4843,深 尾 巴 恵,2,3,0.2,0.14,0.24,33.33,参考
4843,深 尾 巴 恵,4,4,0.135,0.09,0.21,50.0,参考
4104,木 下 陽 介,5,3,0.077,0.04,0.12,100.0,参考
4704,河 野 大,1,3,0.117,0.05,0.15,100.0,参考
5175,島 崎 丈一朗,2,6,0.168,0.06,0.22,0.0,C
3812,山 崎 聖 司,5,4,0.145,0.05,0.21,25.0,参考
4563,齋 藤 真 之,5,4,0.172,0.08,0.29,0.0,参考
5095,小 原 聡 将,5,3,0.117,0.08,0.15,0.0,参考
3812,山 崎 聖 司,2,5,0.176,0.1,0.23,0.0,C
5175,島 崎 丈一朗,5,4,0.185,0.14,0.26,0.0,参考
4563,齋 藤 真 之,4,4,0.13,0.09,0.19,0.0,参考
4842,山 下 昂 大,6,3,0.217,0.17,0.27,0.0,参考
4563,齋 藤 真 之,2,4,0.138,0.08,0.19,0.0,参考
3812,山 崎 聖 司,3,5,0.138,0.01,0.25,40.0,C
5175,島 崎 丈一朗,6,4,0.182,0.11,0.28,25.0,参考
4563,齋 藤 真 之,3,3,0.13,0.11,0.15,0.0,参考
4175,川 尻 泰 輔,4,4,0.133,0.03,0.23,0.0,参考
3812,山 崎 聖 司,4,7,0.196,0.15,0.27,0.0,C
3922,菅 沼 佳 昭,5,3,0.087,0.04,0.11,66.67,参考
5175,島 崎 丈一朗,3,3,0.193,0.15,0.22,0.0,参考
5170,佐 藤 太 亮,6,6,0.182,0.09,0.27,16.67,C
4035,杉 江 浩 明,2,6,0.192,0.09,0.27,16.67,C
5356,長谷川 暖,6,15,0.134,0.05,0.24,20.0,B
5238,笹 木 香 吾,6,5,0.19,0.09,0.38,0.0,C
4035,杉 江 浩 明,5,5,0.11,0.05,0.19,0.0,C
4792,杉 村 賢 也,5,4,0.168,0.14,0.19,0.0,参考
4035,杉 江 浩 明,3,4,0.172,0.16,0.19,0.0,参考
5238,笹 木 香 吾,5,3,0.13,0.04,0.19,33.33,参考
4035,杉 江 浩 明,4,7,0.16,0.09,0.28,0.0,C
3668,市 川 猛,4,3,0.22,0.17,0.31,0.0,参考
4792,杉 村 賢 也,3,3,0.177,0.1,0.27,0.0,参考
4918,川 島 拓 郎,5,3,0.147,0.11,0.18,0.0,参考
4509,平 見 真 彦,1,4,0.172,0.13,0.2,0.0,参考
4812,西 野 雄 貴,4,4,0.212,0.1,0.4,0.0,参考
4989,石 原 翼,5,4,0.152,0.08,0.27,50.0,参考
5270,小 玉 啓 太,3,6,0.128,0.04,0.27,66.67,C
5334,樫 葉 新 心,6,8,0.176,0.09,0.31,25.0,C
4812,西 野 雄 貴,1,4,0.125,0.05,0.21,0.0,参考
5291,三 嶌 こころ,5,5,0.222,0.04,0.36,0.0,C
4989,石 原 翼,4,5,0.16,0.11,0.23,0.0,C
4918,川 島 拓 郎,2,3,0.15,0.08,0.24,0.0,参考
4989,石 原 翼,3,5,0.19,0.09,0.36,0.0,C
5334,樫 葉 新 心,5,5,0.274,0.15,0.53,0.0,C
5270,小 玉 啓 太,5,3,0.24,0.12,0.38,0.0,参考
4989,石 原 翼,1,6,0.115,0.03,0.18,33.33,C
5270,小 玉 啓 太,4,4,0.115,0.08,0.15,25.0,参考
4989,石 原 翼,6,7,0.179,0.08,0.34,42.86,C
4918,川 島 拓 郎,3,5,0.098,0.05,0.13,20.0,C
5270,小 玉 啓 太,2,4,0.17,0.07,0.22,0.0,参考
4757,山 田 祐 也,1,4,0.177,0.13,0.21,25.0,参考
4828,松 山 将 吾,4,3,0.14,0.07,0.24,66.67,参考
4685,島 村 隆 幸,6,3,0.08,0.04,0.14,66.67,参考
4719,上 條 暢 嵩,3,3,0.137,0.09,0.17,0.0,参考
4847,佐 藤 隆太郎,2,3,0.133,0.06,0.2,33.33,参考
4719,上 條 暢 嵩,6,3,0.113,0.09,0.13,33.33,参考
4828,松 山 将 吾,3,3,0.107,0.02,0.18,66.67,参考
4847,佐 藤 隆太郎,5,3,0.12,0.06,0.18,0.0,参考
4719,上 條 暢 嵩,1,5,0.118,0.06,0.17,0.0,C
4391,松 田 祐 季,5,3,0.17,0.11,0.26,0.0,参考
4847,佐 藤 隆太郎,1,5,0.096,0.03,0.13,80.0,C
4719,上 條 暢 嵩,5,5,0.106,0.08,0.13,0.0,C
4828,松 山 将 吾,5,3,0.147,0.12,0.17,0.0,参考
4828,松 山 将 吾,1,5,0.11,0.09,0.14,60.0,C
4719,上 條 暢 嵩,2,3,0.217,0.15,0.31,0.0,参考
4828,松 山 将 吾,6,5,0.208,0.17,0.24,0.0,C
5328,井 上 慧 人,6,14,0.15,0.02,0.31,14.29,B
5351,齊 藤 廉,6,21,0.158,0.04,0.31,23.81,A
5271,杉 山 太 陽,3,4,0.133,0.04,0.19,25.0,参考
5263,花 田 凱 成,2,5,0.15,0.11,0.19,20.0,C
5330,安河内 鈴之介,4,7,0.183,0.07,0.29,57.14,C
5328,井 上 慧 人,4,7,0.156,0.08,0.21,14.29,C
5271,杉 山 太 陽,2,5,0.13,0.07,0.22,20.0,C
5328,井 上 慧 人,5,6,0.125,0.01,0.23,50.0,C
5263,花 田 凱 成,3,3,0.143,0.08,0.24,0.0,参考
4879,山 崎 鉄 平,2,3,0.153,0.08,0.26,33.33,参考
5343,小 林 礼 央,6,7,0.211,0.05,0.59,0.0,C
5276,大 島 隆乃介,2,3,0.14,0.05,0.32,66.67,参考
3499,市 川 哲 也,5,3,0.237,0.15,0.35,33.33,参考
4467,渡 邉 俊 介,6,3,0.217,0.15,0.29,0.0,参考
4467,渡 邉 俊 介,5,3,0.153,0.14,0.17,0.0,参考
4467,渡 邉 俊 介,2,4,0.083,0.04,0.14,25.0,参考
4467,渡 邉 俊 介,3,3,0.133,0.11,0.15,0.0,参考
4467,渡 邉 俊 介,4,3,0.067,0.04,0.08,66.67,参考
4389,伊 藤 喜 智,1,3,0.233,0.17,0.28,0.0,参考
4050,田 口 節 子,1,3,0.1,0.05,0.15,33.33,参考
4938,小 芦 るり華,5,3,0.2,0.16,0.25,33.33,参考
3655,本 橋 克 洋,3,4,0.147,0.08,0.19,0.0,参考
4938,小 芦 るり華,4,5,0.214,0.15,0.31,0.0,C
4672,守 屋 大 地,4,3,0.17,0.16,0.18,0.0,参考
3895,堀 本 裕 也,4,3,0.127,0.11,0.15,33.33,参考
4938,小 芦 るり華,3,4,0.115,0.05,0.2,0.0,参考
4430,永 田 秀 二,2,3,0.163,0.11,0.21,33.33,参考
4773,中 川 り な,1,6,0.158,0.11,0.19,33.33,C
5019,柴 田 百 恵,2,3,0.233,0.17,0.3,0.0,参考
5296,永 田 楽,6,3,0.29,0.15,0.45,33.33,参考
5317,長 尾 萌 加,4,3,0.267,0.25,0.29,0.0,参考
4733,赤 井 睦,2,3,0.15,0.08,0.24,0.0,参考
5296,永 田 楽,5,3,0.197,0.14,0.24,0.0,参考
5317,長 尾 萌 加,6,3,0.253,0.14,0.41,0.0,参考
5230,石 原 凪 紗,3,3,0.19,0.16,0.25,0.0,参考
4773,中 川 り な,5,3,0.357,0.28,0.48,0.0,参考
4519,清 水 沙 樹,2,4,0.128,0.07,0.29,25.0,参考
5296,永 田 楽,4,3,0.197,0.16,0.26,0.0,参考
5250,嶋 田 有 里,3,3,0.187,0.08,0.35,0.0,参考
4733,赤 井 睦,5,5,0.118,0.05,0.18,40.0,C
5317,長 尾 萌 加,5,3,0.237,0.2,0.29,0.0,参考
4781,西 舘 果 里,3,3,0.263,0.16,0.42,0.0,参考
4519,清 水 沙 樹,5,3,0.193,0.08,0.32,33.33,参考
4733,赤 井 睦,3,3,0.207,0.17,0.26,0.0,参考
4773,中 川 り な,3,5,0.188,0.12,0.23,0.0,C
5116,金 子 七 海,6,3,0.203,0.11,0.28,33.33,参考
4733,赤 井 睦,4,3,0.17,0.12,0.23,0.0,参考
4375,照 屋 厚 仁,3,3,0.203,0.19,0.21,33.33,参考
4319,三 宅 潤,5,4,0.163,0.08,0.29,0.0,参考
4303,牧 原 崇,2,4,0.205,0.11,0.31,0.0,参考
4161,黒 柳 浩 孝,5,3,0.177,0.16,0.2,0.0,参考
4319,三 宅 潤,1,3,0.143,0.06,0.23,0.0,参考
4303,牧 原 崇,4,4,0.13,0.1,0.16,25.0,参考
5330,安河内 鈴之介,3,8,0.111,0.02,0.25,37.5,C
4319,三 宅 潤,3,3,0.17,0.15,0.19,33.33,参考
4903,吉 田 凌太朗,2,3,0.207,0.14,0.29,0.0,参考
4303,牧 原 崇,6,3,0.107,0.09,0.14,0.0,参考
5330,安河内 鈴之介,2,7,0.146,0.08,0.28,28.57,C
4906,鈴 木 雅 希,5,4,0.168,0.14,0.19,25.0,参考
5236,小 宮 涼 雅,6,5,0.12,0.04,0.17,40.0,C
4906,鈴 木 雅 希,3,4,0.13,0.05,0.29,0.0,参考
4960,黒 野 元 基,5,4,0.138,0.03,0.23,0.0,参考
4906,鈴 木 雅 希,2,3,0.12,0.05,0.16,0.0,参考
5010,宇留田 翔 平,6,4,0.225,0.15,0.29,0.0,参考
5326,三 嶌 さらら,6,5,0.218,0.15,0.35,0.0,C
5010,宇留田 翔 平,3,3,0.17,0.14,0.21,0.0,参考
5329,金 子 龍 斗,6,4,0.145,0.06,0.2,50.0,参考
5010,宇留田 翔 平,1,4,0.15,0.07,0.23,25.0,参考
5332,村 松 遥 輝,6,3,0.2,0.12,0.31,33.33,参考
5338,香 月 大 輝,6,12,0.182,0.09,0.25,8.33,B
5286,坂 井 滉 哉,2,3,0.173,0.13,0.25,33.33,参考
4269,杉 山 裕 也,1,4,0.152,0.06,0.23,25.0,参考
4837,酒 井 陽 祐,2,3,0.157,0.14,0.19,0.0,参考
5286,坂 井 滉 哉,3,3,0.1,0.02,0.16,33.33,参考
3327,野長瀬 正 孝,2,3,0.19,0.12,0.25,0.0,参考
4925,森 悠 稀,5,3,0.113,0.07,0.16,100.0,参考
4410,井 上 大 輔,1,3,0.17,0.13,0.19,66.67,参考
5310,土 屋 蘭,6,4,0.213,0.09,0.46,0.0,参考
5137,川 原 涼,2,4,0.2,0.15,0.28,0.0,参考
5137,川 原 涼,4,3,0.187,0.18,0.19,0.0,参考
4888,金 児 隆 太,2,3,0.11,0.09,0.12,0.0,参考
5015,高 橋 竜 矢,1,3,0.09,0.07,0.1,33.33,参考
5137,川 原 涼,5,4,0.117,0.03,0.21,0.0,参考
4983,前 田 篤 哉,1,3,0.143,0.1,0.18,0.0,参考
5180,藤 本 紗弥香,2,3,0.137,0.11,0.16,0.0,参考
5015,高 橋 竜 矢,3,3,0.08,0.05,0.11,0.0,参考
4983,前 田 篤 哉,3,3,0.13,0.11,0.14,0.0,参考
5137,川 原 涼,3,3,0.14,0.07,0.2,33.33,参考
4410,井 上 大 輔,5,5,0.196,0.09,0.29,20.0,C
4410,井 上 大 輔,2,5,0.16,0.11,0.21,0.0,C
4410,井 上 大 輔,6,3,0.16,0.11,0.2,0.0,参考
5382,山 下 心 一,6,17,0.214,0.08,0.32,11.76,B
4239,竹 田 辰 也,1,3,0.15,0.15,0.15,66.67,参考
5352,西 岡 蒼 志,6,17,0.221,0.07,0.35,11.76,B
3458,東 健 介,4,3,0.157,0.07,0.28,33.33,参考
4931,木 谷 賢 太,1,3,0.11,0.06,0.2,33.33,参考
5307,富 永 夏哉人,2,3,0.183,0.15,0.24,0.0,参考
5259,野 田 昇 吾,4,4,0.217,0.15,0.29,0.0,参考
5339,石 井 伸 長,6,6,0.28,0.11,0.44,0.0,C
5259,野 田 昇 吾,3,3,0.203,0.15,0.29,0.0,参考
5267,石 本 裕 武,1,3,0.177,0.03,0.28,100.0,参考
5125,高 井 雄 基,6,3,0.123,0.07,0.17,33.33,参考
5294,豊 田 祥 生,4,3,0.167,0.11,0.23,0.0,参考
5337,出 畑 孝 成,5,3,0.15,0.11,0.17,0.0,参考
5125,高 井 雄 基,1,3,0.113,0.09,0.14,0.0,参考
4931,木 谷 賢 太,3,4,0.15,0.1,0.18,0.0,参考
5336,瀬 川 大 地,5,5,0.266,0.17,0.45,0.0,C
5259,野 田 昇 吾,5,3,0.137,0.02,0.33,33.33,参考
5228,若 林 樹 蘭,1,3,0.193,0.11,0.28,0.0,参考
5339,石 井 伸 長,5,3,0.11,0.05,0.21,33.33,参考
5289,佃 來 紀,2,3,0.25,0.17,0.31,0.0,参考
5267,石 本 裕 武,6,3,0.11,0.09,0.13,66.67,参考
5294,豊 田 祥 生,2,3,0.24,0.21,0.29,0.0,参考
5259,野 田 昇 吾,2,5,0.182,0.15,0.21,20.0,C
5292,佐 藤 右 京,4,3,0.14,0.12,0.17,0.0,参考
5063,大 塚 雅 治,2,3,0.127,0.05,0.18,0.0,参考
5259,野 田 昇 吾,6,3,0.193,0.12,0.27,0.0,参考
3965,北 中 元 樹,3,3,0.157,0.06,0.29,0.0,参考
5013,山 下 夏 鈴,5,4,0.138,0.11,0.17,0.0,参考
5143,常 盤 海 心,6,3,0.153,0.11,0.18,0.0,参考
5013,山 下 夏 鈴,3,3,0.253,0.19,0.36,0.0,参考
5143,常 盤 海 心,4,3,0.207,0.07,0.35,0.0,参考
3841,佐々木 和 伸,1,5,0.156,0.09,0.22,0.0,C
5013,山 下 夏 鈴,2,4,0.14,0.12,0.16,25.0,参考
5143,常 盤 海 心,2,4,0.205,0.17,0.24,0.0,参考
5013,山 下 夏 鈴,6,3,0.163,0.09,0.26,0.0,参考
3442,宮 武 英 司,6,3,0.16,0.13,0.19,33.33,参考
3841,佐々木 和 伸,2,5,0.162,0.09,0.24,0.0,C
5143,常 盤 海 心,3,5,0.17,0.09,0.24,20.0,C
4056,小 西 英 輝,6,3,0.117,0.07,0.21,66.67,参考
4776,竹 田 和 哉,1,3,0.1,0.03,0.17,66.67,参考
4319,三 宅 潤,4,3,0.103,0.08,0.13,0.0,参考
4411,沢 田 昭 宏,4,3,0.163,0.13,0.22,0.0,参考
4776,竹 田 和 哉,2,3,0.173,0.14,0.21,0.0,参考
5389,恵 良 琴 美,6,10,0.177,0.11,0.22,0.0,B
5193,米 丸 乃 絵,1,3,0.107,0.04,0.14,66.67,参考
5340,樋江井 舞,6,6,0.17,0.1,0.26,16.67,C
5340,樋江井 舞,5,3,0.27,0.24,0.31,0.0,参考
4990,田 中 博 子,3,3,0.223,0.13,0.29,0.0,参考
5273,山 下 拓 巳,5,3,0.18,0.07,0.24,0.0,参考
5284,嘉手苅 徹 哉,5,3,0.15,0.11,0.19,0.0,参考
5284,嘉手苅 徹 哉,4,3,0.13,0.09,0.19,33.33,参考
5273,山 下 拓 巳,2,3,0.15,0.12,0.2,0.0,参考
4991,宗 行 治 哉,3,4,0.22,0.16,0.25,0.0,参考
4518,大須賀 友,4,4,0.18,0.1,0.28,0.0,参考
5086,本 村 大,4,5,0.196,0.08,0.26,20.0,C
5206,梅 原 祥 平,3,3,0.173,0.13,0.25,0.0,参考
4143,浦 田 晃 嗣,6,3,0.16,0.11,0.21,0.0,参考
5255,藤 原 仙 二,2,3,0.183,0.11,0.23,0.0,参考
5299,西 丸 敦 基,3,3,0.117,0.06,0.15,33.33,参考
5369,岡 崎 凪 汰,6,6,0.21,0.07,0.32,16.67,C
5338,香 月 大 輝,5,3,0.17,0.08,0.24,0.0,参考
5321,一 色 颯 輝,5,3,0.093,0.05,0.12,66.67,参考
4044,湯 川 浩 司,4,3,0.123,0.04,0.18,0.0,参考
5314,中 曽 瑠 華,6,5,0.138,0.04,0.24,20.0,C
5367,赤 松 咲 香,6,9,0.158,0.02,0.34,22.22,C
3543,福 田 雅 一,1,3,0.14,0.12,0.17,33.33,参考
5370,日 隈 茜,6,18,0.177,0.03,0.31,16.67,B
4054,福 嶋 智 之,5,3,0.163,0.11,0.27,0.0,参考
5248,本 田 愛,2,3,0.107,0.05,0.15,33.33,参考
5347,井 澤 聖 奈,6,5,0.174,0.11,0.27,0.0,C
5319,近 藤 颯 斗,5,3,0.157,0.1,0.19,0.0,参考
5281,井 上 遥 妃,2,3,0.157,0.08,0.24,33.33,参考
5347,井 澤 聖 奈,5,3,0.27,0.11,0.51,0.0,参考
5335,森 陽 多,6,3,0.213,0.19,0.24,0.0,参考
5320,岩 崎 麗 子,5,3,0.14,0.12,0.18,33.33,参考
5388,佐 野 優 都,6,9,0.137,0.0,0.33,44.44,C
5335,森 陽 多,5,3,0.077,0.04,0.13,33.33,参考
5320,岩 崎 麗 子,6,3,0.19,0.07,0.34,33.33,参考
5335,森 陽 多,4,3,0.16,0.11,0.25,33.33,参考
5320,岩 崎 麗 子,4,3,0.147,0.05,0.27,33.33,参考
5384,八 戸 琉 楓,6,6,0.192,0.13,0.26,0.0,C
5325,澁 川 夏,5,3,0.09,0.03,0.14,33.33,参考
4798,浜 先 真 範,1,3,0.1,0.08,0.13,100.0,参考
5280,廣 瀬 凜,4,4,0.253,0.1,0.46,25.0,参考
5010,宇留田 翔 平,4,3,0.093,0.0,0.14,66.67,参考
4648,木 村 亮 太,5,4,0.087,0.03,0.18,50.0,参考
3827,今 泉 徹,3,3,0.18,0.13,0.22,33.33,参考
